 --invoking executable--
/home/asmola/.local/bin/xjoda


   *************************************************************************
         <<<     CCCCCC     CCCCCC   |||     CCCCCC     CCCCCC   >>>
       <<<      CCC        CCC       |||    CCC        CCC         >>>
      <<<      CCC        CCC        |||   CCC        CCC            >>>
    <<<        CCC        CCC        |||   CCC        CCC              >>>
      <<<      CCC        CCC        |||   CCC        CCC            >>>
       <<<      CCC        CCC       |||    CCC        CCC         >>>
         <<<     CCCCCC     CCCCCC   |||     CCCCCC     CCCCCC   >>>
   *************************************************************************

     ****************************************************************
     * CFOUR Coupled-Cluster techniques for Computational Chemistry *
     ****************************************************************
 

   Department of Chemistry                Institut fuer Physikalische Chemie
   University of Florida                  Universitaet Mainz
   Gainesville, FL 32611, USA             D-55099 Mainz, Germany

   Department of Chemistry                Fakultaet fuer Chemie und Biowiss.
   Johns Hopkins University               Karlsruher Institut fuer Technologie
   Baltimore, MD 21218, USA               D-76131 Karlsruhe, Germany

   Department of Chemistry                Department of Physical Chemistry
   Southern Methodist University          Eotvos Lorand University
   Dallas, TX 75275, USA                  H-1053 Budapest, Hungary

 
                       Version 2.1
 
                     vincent.theory.phys.ucl.ac.uk                     
                     Fri 25 Jul 09:55:21 BST 2025                      
                     integer*8 version is running
 
********************************************************************************
*                          Input from ZMAT file                                *
********************************************************************************
Methanol DBOC calculation                                                       
C                                                                               
O 1 rco                                                                         
H 2 roh 1 acoh                                                                  
H 1 rch1 2 aoch1 3 ahh1                                                         
H 1 rch2 2 aoch2 3 ahh2                                                         
H 1 rch3 2 aoch3 3 ahh3                                                         
                                                                                
rco=1.42077677                                                                  
roh=0.96013932                                                                  
rch1=1.08924348                                                                 
rch2=1.08914348                                                                 
rch3=1.08934348                                                                 
acoh=108.12930637                                                               
aoch1=110.16192385                                                              
aoch2=110.10192385                                                              
aoch3=110.12192385                                                              
ahh1=107.14045208                                                               
ahh2=156.42277396                                                               
ahh3=276.42577396                                                               
                                                                                
                                                                                
*CFOUR(CALC=CCSD,BASIS=AUG-PCVTZ,SCF_CONV=9                                     
CC_CONV=12,DBOC=ON,MEMORY=5000000000)                                           
********************************************************************************
  @GTFLGS-I, Hessian will be transformed to curvilinear coordinates.
    -------------------------------------------------------------------
                    CFOUR Control Parameters 
    -------------------------------------------------------------------
        External           Internal           Value            Units
          Name               Name
    -------------------------------------------------------------------
       ABCDTYPE             IABCDT         STANDARD    [  0]    ***   
       ANHARMONIC           IANHAR         OFF         [  0]    ***   
       ANH_ALGORIT          IANALG         STANDARD    [  0]    ***   
       ANH_DERIVAT          IANDER         SECOND      [  1]    ***   
       ANH_MODE             ANHMOD         VIBRATION   [  0]    ***   
       ANH_STEPSIZ          ICUBST             50000          x 10-6  
       ANH_SYMMETR          IANHSM         ABELIAN     [  0]    ***   
       AO_LADDERS           IAOLAD         SINGLEPASS  [  1]    ***   
       AV_SCF               IAVSCF         OFF         [  0]    ***   
       BASIS                IBASIS         AUG-PCVTZ   [ 51]    ***   
       BOTHVECTORS          BOTHVC         OFF         [  0]    ***   
       BOX_POTENT           IPIAB          OFF         [  0]    ***   
       BREIT                IBREIT         OFF         [  0]    ***   
       BRUCK_CONV           IBRTOL          10D-  4             ***   
       BRUECKNER            IBRKNR         OFF         [  0]    ***   
       BUFFERSIZE           IBUFFS              4096            ***   
       CACHE_RECS           ICHREC             10               ***   
       CALCLEVEL            ICLLVL         CCSD        [ 10]    ***   
       CCORBOPT             ICCORB         OFF         [  0]  x 0.01  
       CC_CONV              ICCCNV          10D- 12             ***   
       CC_EXPORDER          ICCEOR              5               ***   
       CC_EXTRAPOL          ICCEXT         DIIS        [  1]    ***   
       CC_GUESS             ICCGES         MP2         [  0]    ***   
       CC_MAXCYC            ICCCYC            100              cycles 
       CC_PROGRAM           ICCPRO         VCC         [  0]    ***   
       CHARGE               ICHRGE              0               ***   
       CHOLESKY             ICHOLE         OFF         [  0]    ***   
       CIS_CONV             ICISTL              5               ***   
       COMM_SIZE            IPSIZE            ***               ***   
       CONSTANT             ICONST         OLD         [  1]    ***   
       CONTINUUM            ICONTU         NONE        [  0]    ***   
       CONTRACTION          ICNTYP         GENERAL     [  1]    ***   
       COORDINATES          ICOORD         INTERNAL    [  0]    ***   
       CPHF_CONVER          ICPHFT          10D- 16             ***   
       CPHF_MAXCYC          ICPHFC             64              cycles 
       CUBIC                ICUBIC         OFF         [  0]    ***   
       CURVILINEAR          ICURVY         ON          [  1]    ***   
       DBOC                 IDBOC          ON          [  1]    ***   
       DCT                  IDCT           OFF         [  0]    ***   
       DERIV_LEV            IDRLVL         SECOND      [  2]    ***   
       DEVMEM_SIZE          IDVMEM          50000000           MByte  
       DIAG_MRCC            IEOMST          10D-  0             ***   
       DIFF_TYPE            IDIFTY         RELAXED     [  0]    ***   
       DIRECT               IDIRCT         OFF         [  0]    ***   
       DROPMO               IDRPMO      NONE         
       ECP                  IECP           OFF         [  0]    ***   
       EIGENVECTOR          IVEC                1               ***   
       EL_ANHARM            IELANH         OFF         [  0]    ***   
       EOMFOLLOW            IEOMSR         ENERGY      [  0]    ***   
       EOMIP                IEOMIP         OFF         [  0]    ***   
       EOMLEVEL             HBARFM         SAME        [  0]    ***   
       EOM_MRCC             IMRCCE         NEW         [  1]    ***   
       EOM_NONIT            EOMNON         OFF         [  0]    ***   
       EOM_NSING            IEOMSI          10D-  0             ***   
       EOM_NSTATES          IMRCCD         DAVIDSON    [  0]    ***   
       EOM_NTRIP            IEOMTR          10D-  0             ***   
       EOM_ORDER            IEXORD         ENERGY      [  0]    ***   
       EOM_PROPSTA          IEOMST              0               ***   
       ESTATE_CONV          IEXTOL          10D-  5             ***   
       ESTATE_DIAG          IEXDIG         ITERATIVE   [  0]    ***   
       ESTATE_LOCK          IESLOC         ON          [  1]    ***   
       ESTATE_MAXC          IEXMXC             40               ***   
       ESTATE_PROP          IEXPRP         OFF         [  0]    ***   
       EVAL_HESS            IRECAL              0            # of cyc.
       EXCITATION           IEXCIT              0               ***   
       EXCITE               IEXCIT         NONE        [  0]    ***   
       EXTERN_POT           IEXPOT         OFF         [  0]    ***   
       FCGRADNEW            IFCGNW         OFF         [  0]    ***   
       FC_FIELD             IFINFC              0             x 10-6  
       FD_CALTYPE           IFDCAL         GRADONLY    [  0]    ***   
       FD_PROJECT           IFDPRJ         OFF         [  1]    ***   
       FD_STEPSIZE          IDISFD              0            10-4 bohr
       FD_USEGROUP          IFDGRP         FULL        [  0]    ***   
       FILE_RECSIZ          IFLREC              4096           words  
       FINITE_PERT          IFIPER              0             x 10-6  
       FIXGEOM              IFIXGM         OFF         [  0]    ***   
       FOCK                 IFOCK          AO          [  1]    ***   
       FREQ_ALGORI          IVIALG         STANDARD    [  0]    ***   
       FROZEN_CORE          IFROCO         OFF         [  0]    ***   
       GAMMA_ABCD           IGABCD         STORE       [  0]    ***   
       GAMMA_ABCI           IGABCI         STORE       [  0]    ***   
       GENBAS_1             IGNBS1              0               ***   
       GENBAS_2             IGNBS2              0               ***   
       GENBAS_3             IGNBS3              0               ***   
       GENBAS_4             IGNBS4              0               ***   
       GEO_CONV             ICONTL              5              H/bohr 
       GEO_MAXCYC           IOPTCY             50               ***   
       GEO_MAXSTEP          IMXSTP            300            millibohr
       GEO_METHOD           INR            SINGLE_POINT[  5]    ***   
       GIAO                 IGIAO          OFF         [  1]    ***   
       GIMIC                IGIMIC         OFF         [  0]    ***   
       GRID                 IGRID          OFF         [  0]    ***   
       GRID_ALGO            IGALGO         SERIAL      [  0]    ***   
       GUESS                IGUESS         MOREAD      [  0]    ***   
       HBAR                 IHBAR          OFF         [  0]    ***   
       HESS_TYPE            IHESTP         SCF         [  0]    ***   
       HF2_FILE             IHF2Fl         USE         [  1]    ***   
       HFSTABILITY          ISTABL         OFF         [  0]    ***   
       INCORE               INCORE         OFF         [  0]    ***   
       INPUT_MRCC           IMRCC          ON          [  1]    ***   
       INTEGRALS            INTTYP         VMOL        [  1]    ***   
       JODA_PRINT           IJPRNT              0               ***   
       KEYWORD_OUT          IDMPKW         NO          [  0]    ***   
       LINDEP_TOL           ILINDP              8               ***   
       LINEQ_CONV           IZTACN          10D-  7           cycles  
       LINEQ_EXPOR          ILMAXD              5               ***   
       LINEQ_MAXCY          ILMAXC            100               ***   
       LINEQ_TYPE           ILTYPE         DIIS        [  1]    ***   
       LOCK_ORBOCC          ILOCOC         OFF         [  0]    ***   
       MEMORY_SIZE          IMEMSZ         *********           words  
       MEM_UNIT             IMEMU          INTEGERWORDS[  0]    ***   
       MRCC                 IMRCCC         OFF         [  0]    ***   
       MULTIPLICTY          IMULTP              1               ***   
       NACOUPLING           IVCOUP         OFF         [  0]    ***   
       NEGEVAL              IDIE           ABORT       [  0]    ***   
       NEWNORM              INEWNO         OFF         [  0]    ***   
       NON-HF               INONHF         OFF         [  0]    ***   
       NTOP_TAMP            ITOPT2             15               ***   
       NUC_MODEL            INUCMO         POINT       [  0]    ***   
       OCCUPATION           IOCCU   ESTIMATED BY SCF 
       OPEN-SHELL           IOPEN          SPIN-ORBITAL[  0]    ***   
       OPTVIB               IOPTVB         OFF         [  0]    ***   
       ORBITALS             IORBTP         STANDARD    [  0]    ***   
       PARALLEL             IPARAL         ON          [  1]    ***   
       PARA_INT             IPINTS         ON          [  1]    ***   
       PARA_PRINT           IPPRIN              0               ***   
       PERT_ORB             IPTORB         STANDARD    [  0]    ***   
       POINTS               IGRDFD              0               ***   
       PRINT                IPRNT               0               ***   
       PROPS                IPROPS         OFF         [  0]    ***   
       PROP_INTEGR          IINTYP         INTERNAL    [  0]    ***   
       PSI                  IPSI           OFF         [  0]    ***   
       QC_ALG               IQCALG         FLM         [  0]    ***   
       QC_LINALG            IQCLIN         TRIDIAG     [  2]    ***   
       QC_MAXCYC            IQCMAX          10D-100           cycles  
       QC_MAXSCFCY          IQCMSC          10D- 15           cycles  
       QC_RTRUST            IQCRTR          10D-  0           x 10-3  
       QC_SKIPSCF           IQCSKI         OFF         [  0]    ***   
       QC_START             IQCSTA          10D-  1             ***   
       QRHFGUESS            IQGUES         OFF         [  0]    ***   
       QUARTIC              IQUART         OFF         [  0]    ***   
       RAMAN_INT            IRAMIN         OFF         [  0]    ***   
       RAMAN_ORB            IRAMRE         UNRELAXED   [  0]    ***   
       RDO                  IRDOFM         ON          [  1]    ***   
       REDUCE_REPR          REDREP         Ir          [  0]    ***   
       REFERENCE            IREFNC         RHF         [  0]    ***   
       RELATIVIST           IRELAT         OFF         [  0]    ***   
       RELAX_DENS           IRDENS         ON          [  1]    ***   
       RESET_FLAGS          IRESET         OFF         [  0]    ***   
       RESTART_CC           ICCRES         OFF         [  0]    ***   
       ROT_EVEC             ROTVEC              0               ***   
       SAVE_INTS            ISVINT         OFF         [  0]    ***   
       SCALE_ON             ISTCRT              0               ***   
       SCF_CONV             ISCFCV          10D-  9             ***   
       SCF_DAMPING          IDAMP               0             x 10-3  
       SCF_EXPORDE          IRPPOR              6               ***   
       SCF_EXPSTAR          IRPPLS              8               ***   
       SCF_EXTRAPO          IRPP           ON          [  1]    ***   
       SCF_MAXCYC           ISCFCY            150              cycles 
       SCF_NOSTOP           ISCFST         OFF         [  0]    ***   
       SCF_PRINT            ISCFPR              0               ***   
       SCF_PROG             ISCFPR         SCF         [  0]    ***   
       SD_FIELD             IFINSD              0             x 10-6  
       SOPERT               IPERSO         OFF         [  0]    ***   
       SPHERICAL            IDFGHI         ON          [  1]    ***   
       SPINORBIT            ISOCAL         OFF         [  0]    ***   
       SPINROTATIO          ISRCON         OFF         [  0]    ***   
       SPIN_FLIP            ISPFLP         OFF         [  0]    ***   
       SPIN_ORBIT           ISPORB         OFF         [  0]    ***   
       SPIN_SCAL            ISCSMP         OFF         [  0]    ***   
       STEEPSCALE           ISTPSC              1000          x 10-3  
       SUBGROUP             ISUBGP         DEFAULT     [  0]    ***   
       SUBGRPAXIS           ISBXYZ         X           [  0]    ***   
       SYMMETRY             ISYM           ON          [  0]    ***   
       SYM_CHECK            ISYMCK         OVERRIDE    [  1]    ***   
       T3_EXTRAPOL          IT3EXT         OFF         [  0]    ***   
       T4_EXTRAPOL          IT4EXP         OFF         [  0]    ***   
       TAMP_SUM             IEVERY              5               ***   
       TESTSUITE            ITESTS         OFF         [  0]    ***   
       THERMOCH             ITHERM         OFF         [  0]    ***   
       TOL_CHOLESK          ITOLCH          10D-  4             ***   
       TRANGRAD             IRESRM         OFF         [  0]    ***   
       TRANS_INV            ITRAIN         IGNORE      [  1]    ***   
       TREAT_PERT           ITREAT         SIMULTANEOUS[  0]    ***   
       TRIP_ALGORI          ITRALG         NORMAL      [  0]    ***   
       UIJ_THRESHO          IUIJTH              1               ***   
       UNITS                IUNITS         ANGSTROM    [  0]    ***   
       UNOS                 IUNOS          OFF         [  0]    ***   
       UPDATE_HESS          IHUPDT         ON          [  1]    ***   
       VIBPHASE             ISETPH         STANDARD    [  0]    ***   
       VIBRATION            IVIB           ANALYTIC    [  1]    ***   
       VIB_ALGORIT          IGEALG         STANDARD    [  0]    ***   
       VNATORB              IVNORB         OFF         [  0]    ***   
       VTRAN                IVTRAN         FULL/PARTIAL[  0]    ***   
       XFIELD               IXEFLD              0             x 10-6  
       XFORM_TOL            IXFTOL          10D- 11             ***   
       YFIELD               IYEFLD              0             x 10-6  
       ZFIELD               IZEFLD              0             x 10-6  
       ZSCALE_EXP           IZEXPS         OFF         [  0]    ***   
    -------------------------------------------------------------------
   6 entries found in Z-matrix 
   Job Title : Methanol DBOC calculation                                                       
   There are 12 unique internal coordinates.
   Of these,  0 will be optimized.
   User supplied Z-matrix: 
--------------------------------------------------------------------------------
       SYMBOL    BOND      LENGTH    ANGLE     ANGLE     DIHED     ANGLE
                  TO      (ANGST)    WRT      (DEG)      WRT      (DEG)
--------------------------------------------------------------------------------
        C    
        O          1         rco  
        H          2         roh        1        acoh 
        H          1         rch1       2        aoch1      3        ahh1 
        H          1         rch2       2        aoch2      3        ahh2 
        H          1         rch3       2        aoch3      3        ahh3 
                  *Initial values for internal coordinates* 
                      Name             Value
                        rco             1.4207767700
                        roh             0.9601393200
                        acoh          108.1293063700
                        rch1            1.0892434800
                        aoch1         110.1619238500
                        ahh1          107.1404520800
                        rch2            1.0891434800
                        aoch2         110.1019238500
                        ahh2          156.4227739600
                        rch3            1.0893434800
                        aoch3         110.1219238500
                        ahh3          276.4257739600
--------------------------------------------------------------------------------
   Rotational constants (in cm-1): 
          0.7788538215             0.8408443609             4.5462675329
   Rotational constants (in MHz): 
      23349.4534294144         25207.8833063437        136293.6909350835
********************************************************************************
   The full molecular point group is C1  .
   The largest Abelian subgroup of the full molecular point group is C1  .
   The computational point group is C1  .
********************************************************************************
--------------------------------------------------------------------------------
   Analysis of internal coordinates specified by Z-matrix 
--------------------------------------------------------------------------------
   *The nuclear repulsion energy is   40.593055518116124 a.u.
   *There are  12 degrees of freedom within the tot. symm. molecular subspace.
   *Z-matrix requests optimization of   0 coordinates.
   *The optimization is constrained.
   *The following  12 parameters can have non-zero 
    derivatives within the totally symmetric subspace:
             ahh3 [12]  aoch2[ 8]  aoch1[ 5]  aoch3[11]  acoh [ 3]  ahh2 [ 9]
             ahh1 [ 6]  rch3 [10]  rch1 [ 4]  rch2 [ 7]  roh  [ 2]  rco  [ 1]
   *The following   0 parameters are to be optimized:

   *The following coordinates must be varied in an  unconstrained optimization.
             ahh3 [12]  aoch2[ 8]  aoch1[ 5]  aoch3[11]  acoh [ 3]  ahh2 [ 9]
             ahh1 [ 6]  rch3 [10]  rch1 [ 4]  rch2 [ 7]  roh  [ 2]  rco  [ 1]
--------------------------------------------------------------------------------


 ----------------------------------------------------------------
         Coordinates used in calculation (QCOMP) 
 ----------------------------------------------------------------
 Z-matrix   Atomic            Coordinates (in bohr)
  Symbol    Number           X              Y              Z
 ----------------------------------------------------------------
     C         6        -1.36239558    -0.15665753     0.11906748
     O         8         1.29976132     0.09985287    -0.11694361
     H         1         2.07726050    -0.79781464     1.25482099
     H         1        -2.19359717     1.61947507     0.74464993
     H         1        -2.31082287     1.39383551    -0.84663205
     H         1        -1.97918509    -1.93493909    -0.71457504
 ----------------------------------------------------------------
 
   Interatomic distance matrix (Angstroms) 
 
                 C             O             H             H             H    
                [ 1]        [ 2]        [ 3]        [ 4]        [ 5]
  C    [ 1]     0.00000
  O    [ 2]     1.42078     0.00000
  H    [ 3]     1.94664     0.96014     0.00000
  H    [ 4]     1.08924     2.06685     2.61093     0.00000
  H    [ 5]     1.08914     2.06604     2.82378     0.85275     0.00000
  H    [ 6]     1.08934     2.06644     2.46089     2.03642     1.77161
 
                 H    
                [ 6]
  H    [ 6]     0.00000
 rotcon2
   Rotational constants (in cm-1): 
          4.5462675329             0.8408443609             0.7788538215
   Rotational constants (in MHz): 
     136293.6909350835         25207.8833063437         23349.4534294144
  ECPDATA file not present.   Using default ECPDATA. 
  @GTFLGS-I, Hessian will be transformed to curvilinear coordinates.
  There are  210 basis functions.
 @CHECKOUT-I, Total execution time (CPU/WALL):        0.18/       0.26 seconds.
--executable xjoda finished with status     0 in        0.30 seconds (walltime).
 --invoking executable--
/home/asmola/.local/bin/xvmol
 SERIAL VERSION OF MOLECULE STARTED
********************************************************************************
                    INPUT FROM MOL FILE
********************************************************************************
INTGRL        1    0    1    0    0    0    0    0    0                         
         *** CFOUR Program System (Release V0.1) ***                            
Methanol DBOC calculation                                                       
    6    0            0.10E-08              0    0                              
   9999.00      3.00                                                            
          6.00000000    1    4    1    1    1    1                              
C #1  -1.362395576393638  -0.156657525046478   0.119067481990664                
   13    7                                                                      
   8236.00000000000       5.310000000000000E-004 -1.130000000000000E-004        
  0.000000000000000E+000  0.000000000000000E+000  0.000000000000000E+000        
  0.000000000000000E+000  0.000000000000000E+000                                
   1235.00000000000       4.108000000000000E-003 -8.780000000000000E-004        
  0.000000000000000E+000  0.000000000000000E+000  0.000000000000000E+000        
  0.000000000000000E+000  0.000000000000000E+000                                
   280.800000000000       2.108700000000000E-002 -4.540000000000000E-003        
  0.000000000000000E+000  0.000000000000000E+000  0.000000000000000E+000        
  0.000000000000000E+000  0.000000000000000E+000                                
   79.2700000000000       8.185300000000000E-002 -1.813300000000000E-002        
  0.000000000000000E+000  0.000000000000000E+000  0.000000000000000E+000        
  0.000000000000000E+000  0.000000000000000E+000                                
   25.5900000000000       0.234817000000000      -5.576000000000000E-002        
  0.000000000000000E+000  0.000000000000000E+000  0.000000000000000E+000        
  0.000000000000000E+000  0.000000000000000E+000                                
   8.99700000000000       0.434401000000000      -0.126895000000000             
  0.000000000000000E+000  0.000000000000000E+000  0.000000000000000E+000        
  0.000000000000000E+000  0.000000000000000E+000                                
   3.31900000000000       0.346129000000000      -0.170352000000000             
  0.000000000000000E+000  0.000000000000000E+000  0.000000000000000E+000        
  0.000000000000000E+000  0.000000000000000E+000                                
  0.905900000000000       3.937800000000000E-002  0.140382000000000             
   1.00000000000000       0.000000000000000E+000  0.000000000000000E+000        
  0.000000000000000E+000  0.000000000000000E+000                                
  0.364300000000000      -8.983000000000000E-003  0.598684000000000             
  0.000000000000000E+000  0.000000000000000E+000  0.000000000000000E+000        
  0.000000000000000E+000  0.000000000000000E+000                                
  0.128500000000000       2.385000000000000E-003  0.395389000000000             
  0.000000000000000E+000   1.00000000000000       0.000000000000000E+000        
  0.000000000000000E+000  0.000000000000000E+000                                
   4.29200000000000       0.000000000000000E+000  0.000000000000000E+000        
  0.000000000000000E+000  0.000000000000000E+000   1.00000000000000             
  0.000000000000000E+000  0.000000000000000E+000                                
   11.8760000000000       0.000000000000000E+000  0.000000000000000E+000        
  0.000000000000000E+000  0.000000000000000E+000  0.000000000000000E+000        
   1.00000000000000       0.000000000000000E+000                                
  4.402000000000000E-002  0.000000000000000E+000  0.000000000000000E+000        
  0.000000000000000E+000  0.000000000000000E+000  0.000000000000000E+000        
  0.000000000000000E+000   1.00000000000000                                     
    8    6                                                                      
   18.7100000000000       1.403100000000000E-002  0.000000000000000E+000        
  0.000000000000000E+000  0.000000000000000E+000  0.000000000000000E+000        
  0.000000000000000E+000                                                        
   4.13300000000000       8.686600000000000E-002  0.000000000000000E+000        
  0.000000000000000E+000  0.000000000000000E+000  0.000000000000000E+000        
  0.000000000000000E+000                                                        
   1.20000000000000       0.290216000000000       0.000000000000000E+000        
  0.000000000000000E+000  0.000000000000000E+000  0.000000000000000E+000        
  0.000000000000000E+000                                                        
  0.382700000000000       0.501008000000000        1.00000000000000             
  0.000000000000000E+000  0.000000000000000E+000  0.000000000000000E+000        
  0.000000000000000E+000                                                        
  0.120900000000000       0.343406000000000       0.000000000000000E+000        
   1.00000000000000       0.000000000000000E+000  0.000000000000000E+000        
  0.000000000000000E+000                                                        
   8.77800000000000       0.000000000000000E+000  0.000000000000000E+000        
  0.000000000000000E+000   1.00000000000000       0.000000000000000E+000        
  0.000000000000000E+000                                                        
   33.1900000000000       0.000000000000000E+000  0.000000000000000E+000        
  0.000000000000000E+000  0.000000000000000E+000   1.00000000000000             
  0.000000000000000E+000                                                        
  3.569000000000000E-002  0.000000000000000E+000  0.000000000000000E+000        
  0.000000000000000E+000  0.000000000000000E+000  0.000000000000000E+000        
   1.00000000000000                                                             
    4    4                                                                      
   1.09700000000000        1.00000000000000       0.000000000000000E+000        
  0.000000000000000E+000  0.000000000000000E+000                                
  0.318000000000000       0.000000000000000E+000   1.00000000000000             
  0.000000000000000E+000  0.000000000000000E+000                                
   14.8390000000000       0.000000000000000E+000  0.000000000000000E+000        
   1.00000000000000       0.000000000000000E+000                                
  0.100000000000000       0.000000000000000E+000  0.000000000000000E+000        
  0.000000000000000E+000   1.00000000000000                                     
    2    2                                                                      
  0.761000000000000        1.00000000000000       0.000000000000000E+000        
  0.268000000000000       0.000000000000000E+000   1.00000000000000             
          8.00000000    1    4    1    1    1    1                              
O #2   1.299761319874858   0.099852866495298  -0.116943608637271                
   13    7                                                                      
   15330.0000000000       5.080000000000000E-004 -1.150000000000000E-004        
  0.000000000000000E+000  0.000000000000000E+000  0.000000000000000E+000        
  0.000000000000000E+000  0.000000000000000E+000                                
   2299.00000000000       3.929000000000000E-003 -8.950000000000000E-004        
  0.000000000000000E+000  0.000000000000000E+000  0.000000000000000E+000        
  0.000000000000000E+000  0.000000000000000E+000                                
   522.400000000000       2.024300000000000E-002 -4.636000000000000E-003        
  0.000000000000000E+000  0.000000000000000E+000  0.000000000000000E+000        
  0.000000000000000E+000  0.000000000000000E+000                                
   147.300000000000       7.918100000000000E-002 -1.872400000000000E-002        
  0.000000000000000E+000  0.000000000000000E+000  0.000000000000000E+000        
  0.000000000000000E+000  0.000000000000000E+000                                
   47.5500000000000       0.230687000000000      -5.846300000000000E-002        
  0.000000000000000E+000  0.000000000000000E+000  0.000000000000000E+000        
  0.000000000000000E+000  0.000000000000000E+000                                
   16.7600000000000       0.433118000000000      -0.136463000000000             
  0.000000000000000E+000  0.000000000000000E+000  0.000000000000000E+000        
  0.000000000000000E+000  0.000000000000000E+000                                
   6.20700000000000       0.350260000000000      -0.175740000000000             
  0.000000000000000E+000  0.000000000000000E+000  0.000000000000000E+000        
  0.000000000000000E+000  0.000000000000000E+000                                
   1.75200000000000       4.272800000000000E-002  0.160934000000000             
   1.00000000000000       0.000000000000000E+000  0.000000000000000E+000        
  0.000000000000000E+000  0.000000000000000E+000                                
  0.688200000000000      -8.154000000000000E-003  0.603418000000000             
  0.000000000000000E+000  0.000000000000000E+000  0.000000000000000E+000        
  0.000000000000000E+000  0.000000000000000E+000                                
  0.238400000000000       2.381000000000000E-003  0.378765000000000             
  0.000000000000000E+000   1.00000000000000       0.000000000000000E+000        
  0.000000000000000E+000  0.000000000000000E+000                                
   7.84500000000000       0.000000000000000E+000  0.000000000000000E+000        
  0.000000000000000E+000  0.000000000000000E+000   1.00000000000000             
  0.000000000000000E+000  0.000000000000000E+000                                
   21.0320000000000       0.000000000000000E+000  0.000000000000000E+000        
  0.000000000000000E+000  0.000000000000000E+000  0.000000000000000E+000        
   1.00000000000000       0.000000000000000E+000                                
  7.376000000000001E-002  0.000000000000000E+000  0.000000000000000E+000        
  0.000000000000000E+000  0.000000000000000E+000  0.000000000000000E+000        
  0.000000000000000E+000   1.00000000000000                                     
    8    6                                                                      
   34.4600000000000       1.592800000000000E-002  0.000000000000000E+000        
  0.000000000000000E+000  0.000000000000000E+000  0.000000000000000E+000        
  0.000000000000000E+000                                                        
   7.74900000000000       9.974000000000000E-002  0.000000000000000E+000        
  0.000000000000000E+000  0.000000000000000E+000  0.000000000000000E+000        
  0.000000000000000E+000                                                        
   2.28000000000000       0.310492000000000       0.000000000000000E+000        
  0.000000000000000E+000  0.000000000000000E+000  0.000000000000000E+000        
  0.000000000000000E+000                                                        
  0.715600000000000       0.491026000000000        1.00000000000000             
  0.000000000000000E+000  0.000000000000000E+000  0.000000000000000E+000        
  0.000000000000000E+000                                                        
  0.214000000000000       0.336337000000000       0.000000000000000E+000        
   1.00000000000000       0.000000000000000E+000  0.000000000000000E+000        
  0.000000000000000E+000                                                        
   15.1590000000000       0.000000000000000E+000  0.000000000000000E+000        
  0.000000000000000E+000   1.00000000000000       0.000000000000000E+000        
  0.000000000000000E+000                                                        
   57.4370000000000       0.000000000000000E+000  0.000000000000000E+000        
  0.000000000000000E+000  0.000000000000000E+000   1.00000000000000             
  0.000000000000000E+000                                                        
  5.974000000000000E-002  0.000000000000000E+000  0.000000000000000E+000        
  0.000000000000000E+000  0.000000000000000E+000  0.000000000000000E+000        
   1.00000000000000                                                             
    4    4                                                                      
   2.31400000000000        1.00000000000000       0.000000000000000E+000        
  0.000000000000000E+000  0.000000000000000E+000                                
  0.645000000000000       0.000000000000000E+000   1.00000000000000             
  0.000000000000000E+000  0.000000000000000E+000                                
   15.8580000000000       0.000000000000000E+000  0.000000000000000E+000        
   1.00000000000000       0.000000000000000E+000                                
  0.214000000000000       0.000000000000000E+000  0.000000000000000E+000        
  0.000000000000000E+000   1.00000000000000                                     
    2    2                                                                      
   1.42800000000000        1.00000000000000       0.000000000000000E+000        
  0.500000000000000       0.000000000000000E+000   1.00000000000000             
          1.00000000    1    3    1    1    1                                   
H #3   2.077260499883403  -0.797814637784412   1.254820988369983                
    6    4                                                                      
   33.8700000000000       6.068000000000000E-003  0.000000000000000E+000        
  0.000000000000000E+000  0.000000000000000E+000                                
   5.09500000000000       4.530800000000000E-002  0.000000000000000E+000        
  0.000000000000000E+000  0.000000000000000E+000                                
   1.15900000000000       0.202822000000000       0.000000000000000E+000        
  0.000000000000000E+000  0.000000000000000E+000                                
  0.325800000000000       0.503903000000000        1.00000000000000             
  0.000000000000000E+000  0.000000000000000E+000                                
  0.102700000000000       0.383421000000000       0.000000000000000E+000        
   1.00000000000000       0.000000000000000E+000                                
  2.526000000000000E-002  0.000000000000000E+000  0.000000000000000E+000        
  0.000000000000000E+000   1.00000000000000                                     
    3    3                                                                      
   1.40700000000000        1.00000000000000       0.000000000000000E+000        
  0.000000000000000E+000                                                        
  0.388000000000000       0.000000000000000E+000   1.00000000000000             
  0.000000000000000E+000                                                        
  0.102000000000000       0.000000000000000E+000  0.000000000000000E+000        
   1.00000000000000                                                             
    2    2                                                                      
   1.05700000000000        1.00000000000000       0.000000000000000E+000        
  0.247000000000000       0.000000000000000E+000   1.00000000000000             
          1.00000000    1    3    1    1    1                                   
H #4  -2.193597172009851   1.619475070823962   0.744649930786917                
    6    4                                                                      
   33.8700000000000       6.068000000000000E-003  0.000000000000000E+000        
  0.000000000000000E+000  0.000000000000000E+000                                
   5.09500000000000       4.530800000000000E-002  0.000000000000000E+000        
  0.000000000000000E+000  0.000000000000000E+000                                
   1.15900000000000       0.202822000000000       0.000000000000000E+000        
  0.000000000000000E+000  0.000000000000000E+000                                
  0.325800000000000       0.503903000000000        1.00000000000000             
  0.000000000000000E+000  0.000000000000000E+000                                
  0.102700000000000       0.383421000000000       0.000000000000000E+000        
   1.00000000000000       0.000000000000000E+000                                
  2.526000000000000E-002  0.000000000000000E+000  0.000000000000000E+000        
  0.000000000000000E+000   1.00000000000000                                     
    3    3                                                                      
   1.40700000000000        1.00000000000000       0.000000000000000E+000        
  0.000000000000000E+000                                                        
  0.388000000000000       0.000000000000000E+000   1.00000000000000             
  0.000000000000000E+000                                                        
  0.102000000000000       0.000000000000000E+000  0.000000000000000E+000        
   1.00000000000000                                                             
    2    2                                                                      
   1.05700000000000        1.00000000000000       0.000000000000000E+000        
  0.247000000000000       0.000000000000000E+000   1.00000000000000             
          1.00000000    1    3    1    1    1                                   
H #5  -2.310822869233874   1.393835511249701  -0.846632051545521                
    6    4                                                                      
   33.8700000000000       6.068000000000000E-003  0.000000000000000E+000        
  0.000000000000000E+000  0.000000000000000E+000                                
   5.09500000000000       4.530800000000000E-002  0.000000000000000E+000        
  0.000000000000000E+000  0.000000000000000E+000                                
   1.15900000000000       0.202822000000000       0.000000000000000E+000        
  0.000000000000000E+000  0.000000000000000E+000                                
  0.325800000000000       0.503903000000000        1.00000000000000             
  0.000000000000000E+000  0.000000000000000E+000                                
  0.102700000000000       0.383421000000000       0.000000000000000E+000        
   1.00000000000000       0.000000000000000E+000                                
  2.526000000000000E-002  0.000000000000000E+000  0.000000000000000E+000        
  0.000000000000000E+000   1.00000000000000                                     
    3    3                                                                      
   1.40700000000000        1.00000000000000       0.000000000000000E+000        
  0.000000000000000E+000                                                        
  0.388000000000000       0.000000000000000E+000   1.00000000000000             
  0.000000000000000E+000                                                        
  0.102000000000000       0.000000000000000E+000  0.000000000000000E+000        
   1.00000000000000                                                             
    2    2                                                                      
   1.05700000000000        1.00000000000000       0.000000000000000E+000        
  0.247000000000000       0.000000000000000E+000   1.00000000000000             
          1.00000000    1    3    1    1    1                                   
H #6  -1.979185091714627  -1.934939086119272  -0.714575044576549                
    6    4                                                                      
   33.8700000000000       6.068000000000000E-003  0.000000000000000E+000        
  0.000000000000000E+000  0.000000000000000E+000                                
   5.09500000000000       4.530800000000000E-002  0.000000000000000E+000        
  0.000000000000000E+000  0.000000000000000E+000                                
   1.15900000000000       0.202822000000000       0.000000000000000E+000        
  0.000000000000000E+000  0.000000000000000E+000                                
  0.325800000000000       0.503903000000000        1.00000000000000             
  0.000000000000000E+000  0.000000000000000E+000                                
  0.102700000000000       0.383421000000000       0.000000000000000E+000        
   1.00000000000000       0.000000000000000E+000                                
  2.526000000000000E-002  0.000000000000000E+000  0.000000000000000E+000        
  0.000000000000000E+000   1.00000000000000                                     
    3    3                                                                      
   1.40700000000000        1.00000000000000       0.000000000000000E+000        
  0.000000000000000E+000                                                        
  0.388000000000000       0.000000000000000E+000   1.00000000000000             
  0.000000000000000E+000                                                        
  0.102000000000000       0.000000000000000E+000  0.000000000000000E+000        
   1.00000000000000                                                             
    2    2                                                                      
   1.05700000000000        1.00000000000000       0.000000000000000E+000        
  0.247000000000000       0.000000000000000E+000   1.00000000000000             
FINISH                                                                          
 
********************************************************************************
 ONE- AND TWO-ELECTRON INTEGRALS OVER SYMMETRY-ADAPTED AOS ARE CALCULATED.

  SPHERICAL HARMONICS ARE USED.
  
  INTEGRALS LESS THAN  0.10E-13 ARE NEGLECTED.

  NUCLEAR REPULSION ENERGY :   40.5930555181 A.U.
  @MOLECU-I, ONE ELECTRON INTEGRALS (CPU/WALL):        0.08/       0.08 SECONDS.
  @TWOEL-I,  238819713 INTEGRALS OF SYMMETRY TYPE  I I I I
  @TWOEL-I, TOTAL NUMBER OF 2-E INTEGRALS  238819713.
  @MOLECU-I, TWO ELECTRON INTEGRALS (CPU/WALL):      224.21/      34.39 SECONDS.
 @CHECKOUT-I, Total execution time (CPU/WALL):      224.30/      34.50 seconds.

Running with 12 threads/proc

--executable xvmol finished with status     0 in       34.65 seconds (walltime).
 --invoking executable--
/home/asmola/.local/bin/xvmol2ja
 @GETMEM-I,  Allocated   38146 MB of main memory.
 @CHECKOUT-I, Total execution time (CPU/WALL):        0.27/       0.05 seconds.
--executable xvmol2ja finished with status     0 in        0.10 seconds (walltime).
 --invoking executable--
/home/asmola/.local/bin/xvscf
  There are  210 functions in the AO basis.

  There are 1 irreducible representations.

       Irrep        # of functions
         1                210


  Parameters for SCF calculation: 
        SCF reference function:  RHF  
  Maximum number of iterations:  150
     Full symmetry point group: C1  
     Computational point group: C1  
        Initial density matrix: MOREAD                 
     SCF convergence tolerance: 10**(- 9)
  DIIS convergence acceleration:  ON
          Latest start for DIIS:   8
                     DIIS order:   6

  Memory information:    2270285 words required.
  Fock matrices are constructed from AO integral file.
 @GETMEM-I,  Allocated      17 MB of main memory.
  Initialization and symmetry analysis required      0.001 seconds.

  @INITGES-I, Occupancies from core Hamiltonian:

          Alpha population by irrep:   9
           Beta population by irrep:   9


 total no. of electrons in initial guess :  0.000000000000000E+000
  --------------------------------------------------------------------
  Iteration         Total Energy            Largest Density Difference
  --------------------------------------------------------------------
       0            40.593055518116110              0.0000000000D+00
       1           -88.188017958907295              0.1381783251D+02
       2           -88.554466516132010              0.2242462273D+03
       3           -97.847342171889863              0.2242460182D+03
       4           -92.524774709304296              0.9263965395D+01
       5           -91.564864935306872              0.9162171041D+01
       6           -90.903662258708209              0.8182715178D+01
       7           -87.763352555071378              0.7659056237D+01
       8           -89.235920848018878              0.7659066360D+01
       9          -105.505570887289963              0.6164494380D+01
      10          -109.018572257988495              0.1041862266D+01
      11          -113.313150807139834              0.1771722594D+01
      12          -114.782918497956956              0.1363223462D+01
      13          -114.915776348999799              0.4211597348D+00
      14          -114.942434851706508              0.9219079464D-01
      15          -114.949165099658444              0.7061701378D-01
      16          -114.949381784279353              0.1348158534D-01
      17          -114.949425005541627              0.7895866898D-02
      18          -114.949428977901590              0.1852244752D-02
      19          -114.949429204720758              0.4078645852D-03
      20          -114.949429221807605              0.1227279492D-03
      21          -114.949429223641744              0.3803139486D-04
      22          -114.949429223839644              0.1579635596D-04
      23          -114.949429223848426              0.2991569658D-05
      24          -114.949429223849762              0.1584796662D-05
      25          -114.949429223850416              0.2318384358D-06
      26          -114.949429223852633              0.9421709146D-07
      27          -114.949429223852263              0.8203003626D-07
      28          -114.949429223851439              0.2318445952D-07
      29          -114.949429223852690              0.7430351723D-08
      30          -114.949429223850274              0.2353211070D-08
      31          -114.949429223849705              0.1466677755D-08

  SCF has converged.

 Density matrix saved to file den.dat
 total electron number:   17.9999999999998     
     E(SCF)=      -114.949429223849194              0.9213354801D-09

  Eigenvector printing suppressed.

 @PUTMOS-I, Writing converged MOs to NEWMOS. 
 @PUTMOS-I, Symmetry   1 Full Blocks 52 Partial Blocksize   2
 @PUTFOCK-I, Writing converged Fock matrix to NEWFOCK. 
 @PUTFOCK-I, Symmetry   1 Full Blocks 52 Partial Blocksize   2


 
  ORBITAL EIGENVALUES (ALPHA)  (1H = 27.2113834 eV)

       MO #        E(hartree)               E(eV)           FULLSYM    COMPSYM
       ----   --------------------   --------------------   -------   ---------
    1     1         -20.5571101568        -559.3874060724       A         A (1)
    2     2         -11.2658481092        -306.5593122263       A         A (1)
    3     3          -1.3551655382         -36.8759290300       A         A (1)
    4     4          -0.9994641130         -27.1968011727       A         A (1)
    5     5          -0.7098825965         -19.3168875020       A         A (1)
    6     6          -0.6659685874         -18.1219265641       A         A (1)
    7     7          -0.5829545393         -15.8629994737       A         A (1)
    8     8          -0.4819684873         -13.1150292954       A         A (1)
    9     9          -0.3619039255          -9.8479064694       A         A (1)
  +++++++++++++++++++++++++++++++++++++++++++++++++++++++++++++++++++++++++++++
   10    10           0.0284658846           0.7745960989       A         A (1)
   11    11           0.0403027609           1.0966938779       A         A (1)
   12    12           0.0443622642           1.2071585791       A         A (1)
   13    13           0.0605856186           1.6486184952       A         A (1)
   14    14           0.0918840062           2.5002909211       A         A (1)
   15    15           0.1125130791           3.0616365329       A         A (1)
   16    16           0.1315109030           3.5785936034       A         A (1)
   17    17           0.1414035508           3.8477862343       A         A (1)
   18    18           0.1633289328           4.4444062112       A         A (1)
   19    19           0.1708311533           4.6485520090       A         A (1)
   20    20           0.1848002848           5.0286714026       A         A (1)
   21    21           0.2005294348           5.4566833322       A         A (1)
   22    22           0.2123731815           5.7789680652       A         A (1)
   23    23           0.2468859926           6.7181094020       A         A (1)
   24    24           0.2770429174           7.5387210441       A         A (1)
   25    25           0.2873616922           7.8195091815       A         A (1)
   26    26           0.3050592885           8.3010852582       A         A (1)
   27    27           0.3121468359           8.4939472281       A         A (1)
   28    28           0.3190007392           8.6804514203       A         A (1)
   29    29           0.3313468378           9.0164058411       A         A (1)
   30    30           0.3391448391           9.2286002460       A         A (1)
   31    31           0.3607766451           9.8172316108       A         A (1)
   32    32           0.3725472779          10.1375268134       A         A (1)
   33    33           0.3905349132          10.6269952546       A         A (1)
   34    34           0.4062411278          11.0543830825       A         A (1)
   35    35           0.4126659820          11.2292122523       A         A (1)
   36    36           0.4231023056          11.5131990559       A         A (1)
   37    37           0.4344130854          11.8209810217       A         A (1)
   38    38           0.4591376837          12.4937715453       A         A (1)
   39    39           0.4649104895          12.6508575751       A         A (1)
   40    40           0.4905399133          13.3482696548       A         A (1)
   41    41           0.5003595384          13.6154752359       A         A (1)
   42    42           0.5058949777          13.7661021996       A         A (1)
   43    43           0.5232873108          14.2393716413       A         A (1)
   44    44           0.6384798851          17.3739209454       A         A (1)
   45    45           0.6922888151          18.8381363705       A         A (1)
   46    46           0.7066893201          19.2299940327       A         A (1)
   47    47           0.7213550890          19.6290698951       A         A (1)
   48    48           0.7349241592          19.9983030656       A         A (1)
   49    49           0.7592687579          20.6607532742       A         A (1)
   50    50           0.7809666127          21.2511819203       A         A (1)
   51    51           0.7908411039          21.5198804855       A         A (1)
   52    52           0.8432553048          22.9461434017       A         A (1)
   53    53           0.8453864606          23.0041351017       A         A (1)
   54    54           0.8859481908          24.1078758924       A         A (1)
   55    55           0.8934855384          24.3129775466       A         A (1)
   56    56           0.9030810305          24.5740841613       A         A (1)
   57    57           0.9212119917          25.0674526992       A         A (1)
   58    58           0.9431323649          25.6639363782       A         A (1)
   59    59           0.9478637040          25.7926826606       A         A (1)
   60    60           0.9537636672          25.9532288217       A         A (1)
   61    61           0.9760508714          26.5596944787       A         A (1)
   62    62           0.9877513902          26.8780817837       A         A (1)
   63    63           1.0017045548          27.2577666932       A         A (1)
   64    64           1.0434084124          28.3925863522       A         A (1)
   65    65           1.0506247842          28.5889538118       A         A (1)
   66    66           1.0657435992          29.0003576827       A         A (1)
   67    67           1.0789655467          29.3601451655       A         A (1)
   68    68           1.0959991730          29.8236537029       A         A (1)
   69    69           1.1062749837          30.1032727280       A         A (1)
   70    70           1.1318096723          30.7981069293       A         A (1)
   71    71           1.1522708703          31.3548844316       A         A (1)
   72    72           1.1586537014          31.5285700978       A         A (1)
   73    73           1.2093991278          32.9094233506       A         A (1)
   74    74           1.2393703573          33.7249819682       A         A (1)
   75    75           1.3092050438          35.6252803956       A         A (1)
   76    76           1.3402368303          36.4696982355       A         A (1)
   77    77           1.3620211678          37.0624801946       A         A (1)
   78    78           1.3857363074          37.7078019510       A         A (1)
   79    79           1.4170475634          38.5598245426       A         A (1)
   80    80           1.4356060352          39.0648262357       A         A (1)
   81    81           1.4654382897          39.8766031492       A         A (1)
   82    82           1.5305521032          41.6484400941       A         A (1)
   83    83           1.5468863088          42.0929164242       A         A (1)
   84    84           1.5547376004          42.3065609296       A         A (1)
   85    85           1.6065933225          43.7176268660       A         A (1)
   86    86           1.6204138374          44.0937021950       A         A (1)
   87    87           1.6429548258          44.7070736740       A         A (1)
   88    88           1.6801381540          45.7188834739       A         A (1)
   89    89           1.6874025180          45.9165568667       A         A (1)
   90    90           1.7295132138          47.0624471570       A         A (1)
   91    91           1.7337659137          47.1781690026       A         A (1)
   92    92           1.8391839125          50.0467385871       A         A (1)
   93    93           1.8753926398          51.0320281472       A         A (1)
   94    94           1.9152718570          52.1171968167       A         A (1)
   95    95           1.9596790124          53.3255769484       A         A (1)
   96    96           1.9786773188          53.8425471464       A         A (1)
   97    97           1.9946835852          54.2780997992       A         A (1)
   98    98           2.0446021834          55.6364539129       A         A (1)
   99    99           2.0534314985          55.8767117926       A         A (1)
  100   100           2.0935545009          56.9685141931       A         A (1)
  101   101           2.1790277639          59.2943599227       A         A (1)
  102   102           2.2120145979          60.1919773110       A         A (1)
  103   103           2.2726882299          61.8429907729       A         A (1)
  104   104           2.3439094697          63.7810192336       A         A (1)
  105   105           2.4170804640          65.7721032142       A         A (1)
  106   106           2.4342878532          66.2403400781       A         A (1)
  107   107           2.5015916134          68.0717685020       A         A (1)
  108   108           2.5198977258          68.5699031442       A         A (1)
  109   109           2.6280209601          71.5120859276       A         A (1)
  110   110           2.6850606454          73.0642146748       A         A (1)
  111   111           2.7814731636          75.6877326716       A         A (1)
  112   112           2.8084995835          76.4231589464       A         A (1)
  113   113           2.8560765677          77.7177945030       A         A (1)
  114   114           2.9137688657          79.2876817430       A         A (1)
  115   115           2.9670089494          80.7364180720       A         A (1)
  116   116           3.0060213610          81.7979997617       A         A (1)
  117   117           3.0773227325          83.7382087198       A         A (1)
  118   118           3.1574936828          85.9197711868       A         A (1)
  119   119           3.2287856455          87.8597241153       A         A (1)
  120   120           3.4752726331          94.5669760387       A         A (1)
  121   121           3.4833375861          94.7864345668       A         A (1)
  122   122           3.5142840183          95.6285297979       A         A (1)
  123   123           3.5631902633          96.9593363822       A         A (1)
  124   124           3.6383617010          99.0048551928       A         A (1)
  125   125           3.6862248122         100.3072766628       A         A (1)
  126   126           3.7797963422         102.8534874415       A         A (1)
  127   127           3.7960475399         103.2957050137       A         A (1)
  128   128           3.8256039654         104.0999762403       A         A (1)
  129   129           3.8642359869         105.1512069872       A         A (1)
  130   130           3.9215656361         106.7112260523       A         A (1)
  131   131           4.0001989033         108.8509460344       A         A (1)
  132   132           4.0359765168         109.8245043907       A         A (1)
  133   133           4.0502719699         110.2135034480       A         A (1)
  134   134           4.1307483990         112.4033784139       A         A (1)
  135   135           4.1641382770         113.3119631851       A         A (1)
  136   136           4.1979995295         114.2333747098       A         A (1)
  137   137           4.2230569171         114.9152208920       A         A (1)
  138   138           4.2522686531         115.7101126388       A         A (1)
  139   139           4.3332559657         117.9138894534       A         A (1)
  140   140           4.4381472070         120.7681252342       A         A (1)
  141   141           4.4635863163         121.4603585920       A         A (1)
  142   142           4.5255984544         123.1477946572       A         A (1)
  143   143           4.5391631807         123.5169096263       A         A (1)
  144   144           4.6033861965         125.2645067312       A         A (1)
  145   145           4.7346336688         128.8359320192       A         A (1)
  146   146           4.7649568669         129.6610681905       A         A (1)
  147   147           4.7996222964         130.6043624836       A         A (1)
  148   148           4.8257392611         131.3150412219       A         A (1)
  149   149           4.8483960608         131.9315640861       A         A (1)
  150   150           4.8995472427         133.3234585063       A         A (1)
  151   151           4.9967400603         135.9682095314       A         A (1)
  152   152           5.0718160053         138.0111298540       A         A (1)
  153   153           5.0931959163         138.5929068097       A         A (1)
  154   154           5.1553915053         140.2853348279       A         A (1)
  155   155           5.2091957298         141.7494222106       A         A (1)
  156   156           5.3054183655         144.3677732400       A         A (1)
  157   157           5.3555805271         145.7327550534       A         A (1)
  158   158           5.3774138212         146.3268691896       A         A (1)
  159   159           5.4822504984         149.1796202064       A         A (1)
  160   160           5.5106633649         149.9527736103       A         A (1)
  161   161           5.6194839156         152.9139313364       A         A (1)
  162   162           5.6353306683         153.3451434022       A         A (1)
  163   163           5.8659401646         159.6203468191       A         A (1)
  164   164           5.9286247035         161.3260798418       A         A (1)
  165   165           6.2718759466         170.6664210203       A         A (1)
  166   166           6.2980743524         171.3793158848       A         A (1)
  167   167           6.3961741154         174.0487461468       A         A (1)
  168   168           6.4933704917         176.6935940088       A         A (1)
  169   169           6.5424724317         178.0297257235       A         A (1)
  170   170           6.6962772276         182.2149669925       A         A (1)
  171   171           6.7973364982         184.9649295523       A         A (1)
  172   172           6.8508273542         186.4204897431       A         A (1)
  173   173           6.9396821982         188.8383529692       A         A (1)
  174   174           7.1624425578         194.8999705217       A         A (1)
  175   175           7.2656792408         197.7091834840       A         A (1)
  176   176           7.3092962860         198.8960636217       A         A (1)
  177   177           7.3425323938         199.8004640945       A         A (1)
  178   178           7.4067928104         201.5490789289       A         A (1)
  179   179           7.4870232068         203.7322590039       A         A (1)
  180   180           7.6278262394         207.5637043100       A         A (1)
  181   181           7.7756711016         211.5867675372       A         A (1)
  182   182           8.0858828383         220.0280580394       A         A (1)
  183   183           8.1647156777         222.1732086575       A         A (1)
  184   184           8.9780746306         244.3058309683       A         A (1)
  185   185          16.2784218326         442.9583776333       A         A (1)
  186   186          16.6514812920         453.1098416152       A         A (1)
  187   187          17.0330296062         463.4922990792       A         A (1)
  188   188          17.8384086719         485.4077776177       A         A (1)
  189   189          26.5389940349         722.1627417341       A         A (1)
  190   190          27.1211385561         738.0036994946       A         A (1)
  191   191          27.7416612584         754.8889806548       A         A (1)
  192   192          29.6503866274         806.8280384755       A         A (1)
  193   193          41.5788696444        1131.4185632323       A         A (1)
  194   194          41.6484672963        1133.3124116225       A         A (1)
  195   195          41.7174195658        1135.1886982625       A         A (1)
  196   196          41.8282381602        1138.2042255229       A         A (1)
  197   197          41.8681649527        1139.2906887814       A         A (1)
  198   198          44.0470005088        1198.5798184637       A         A (1)
  199   199          44.0934633436        1199.8441364761       A         A (1)
  200   200          44.1624963770        1201.7226208161       A         A (1)
  201   201          44.2787230997        1204.8853107285       A         A (1)
  202   202          44.3900112572        1207.9136154491       A         A (1)
  203   203          81.7070931127        2223.3630371895       A         A (1)
  204   204          81.9778182146        2230.7298417342       A         A (1)
  205   205          82.2660340314        2238.5725928261       A         A (1)
  206   206          87.8754597811        2391.2128275558       A         A (1)
  207   207         138.5950920544        3771.3641872514       A         A (1)
  208   208         139.0624688773        3784.0821571702       A         A (1)
  209   209         139.4881263811        3795.6648867043       A         A (1)
  210   210         150.6831292318        4100.2964014385       A         A (1)


  VSCF finished.

 @CHECKOUT-I, Total execution time (CPU/WALL):      131.50/      82.83 seconds.
--executable xvscf finished with status     0 in       82.88 seconds (walltime).
 --invoking executable--
/home/asmola/.local/bin/xvtran
 @GETMEM-I,  Allocated   38146 MB of main memory.
  Full RHF integral transformation
  Transformation of IIII integrals :
  1 pass through the AO integral file was required.
   238819713 AO integrals were read.
   245433090 MO integrals were written to HF2.
  Summary of active molecular orbitals: 
------------------------------------------------------------------------
 
  Index      Eigenvalue    Symmetry    Index      Eigenvalue    Symmetry
------------------------------------------------------------------------
     1       -20.5571102        1       106         2.4342879        1
     2       -11.2658481        1       107         2.5015916        1
     3        -1.3551655        1       108         2.5198977        1
     4        -0.9994641        1       109         2.6280210        1
     5        -0.7098826        1       110         2.6850606        1
     6        -0.6659686        1       111         2.7814732        1
     7        -0.5829545        1       112         2.8084996        1
     8        -0.4819685        1       113         2.8560766        1
     9        -0.3619039        1       114         2.9137689        1
    10         0.0284659        1       115         2.9670089        1
    11         0.0403028        1       116         3.0060214        1
    12         0.0443623        1       117         3.0773227        1
    13         0.0605856        1       118         3.1574937        1
    14         0.0918840        1       119         3.2287856        1
    15         0.1125131        1       120         3.4752726        1
    16         0.1315109        1       121         3.4833376        1
    17         0.1414036        1       122         3.5142840        1
    18         0.1633289        1       123         3.5631903        1
    19         0.1708312        1       124         3.6383617        1
    20         0.1848003        1       125         3.6862248        1
    21         0.2005294        1       126         3.7797963        1
    22         0.2123732        1       127         3.7960475        1
    23         0.2468860        1       128         3.8256040        1
    24         0.2770429        1       129         3.8642360        1
    25         0.2873617        1       130         3.9215656        1
    26         0.3050593        1       131         4.0001989        1
    27         0.3121468        1       132         4.0359765        1
    28         0.3190007        1       133         4.0502720        1
    29         0.3313468        1       134         4.1307484        1
    30         0.3391448        1       135         4.1641383        1
    31         0.3607766        1       136         4.1979995        1
    32         0.3725473        1       137         4.2230569        1
    33         0.3905349        1       138         4.2522687        1
    34         0.4062411        1       139         4.3332560        1
    35         0.4126660        1       140         4.4381472        1
    36         0.4231023        1       141         4.4635863        1
    37         0.4344131        1       142         4.5255985        1
    38         0.4591377        1       143         4.5391632        1
    39         0.4649105        1       144         4.6033862        1
    40         0.4905399        1       145         4.7346337        1
    41         0.5003595        1       146         4.7649569        1
    42         0.5058950        1       147         4.7996223        1
    43         0.5232873        1       148         4.8257393        1
    44         0.6384799        1       149         4.8483961        1
    45         0.6922888        1       150         4.8995472        1
    46         0.7066893        1       151         4.9967401        1
    47         0.7213551        1       152         5.0718160        1
    48         0.7349242        1       153         5.0931959        1
    49         0.7592688        1       154         5.1553915        1
    50         0.7809666        1       155         5.2091957        1
    51         0.7908411        1       156         5.3054184        1
    52         0.8432553        1       157         5.3555805        1
    53         0.8453865        1       158         5.3774138        1
    54         0.8859482        1       159         5.4822505        1
    55         0.8934855        1       160         5.5106634        1
    56         0.9030810        1       161         5.6194839        1
    57         0.9212120        1       162         5.6353307        1
    58         0.9431324        1       163         5.8659402        1
    59         0.9478637        1       164         5.9286247        1
    60         0.9537637        1       165         6.2718759        1
    61         0.9760509        1       166         6.2980744        1
    62         0.9877514        1       167         6.3961741        1
    63         1.0017046        1       168         6.4933705        1
    64         1.0434084        1       169         6.5424724        1
    65         1.0506248        1       170         6.6962772        1
    66         1.0657436        1       171         6.7973365        1
    67         1.0789655        1       172         6.8508274        1
    68         1.0959992        1       173         6.9396822        1
    69         1.1062750        1       174         7.1624426        1
    70         1.1318097        1       175         7.2656792        1
    71         1.1522709        1       176         7.3092963        1
    72         1.1586537        1       177         7.3425324        1
    73         1.2093991        1       178         7.4067928        1
    74         1.2393704        1       179         7.4870232        1
    75         1.3092050        1       180         7.6278262        1
    76         1.3402368        1       181         7.7756711        1
    77         1.3620212        1       182         8.0858828        1
    78         1.3857363        1       183         8.1647157        1
    79         1.4170476        1       184         8.9780746        1
    80         1.4356060        1       185        16.2784218        1
    81         1.4654383        1       186        16.6514813        1
    82         1.5305521        1       187        17.0330296        1
    83         1.5468863        1       188        17.8384087        1
    84         1.5547376        1       189        26.5389940        1
    85         1.6065933        1       190        27.1211386        1
    86         1.6204138        1       191        27.7416613        1
    87         1.6429548        1       192        29.6503866        1
    88         1.6801382        1       193        41.5788696        1
    89         1.6874025        1       194        41.6484673        1
    90         1.7295132        1       195        41.7174196        1
    91         1.7337659        1       196        41.8282382        1
    92         1.8391839        1       197        41.8681650        1
    93         1.8753926        1       198        44.0470005        1
    94         1.9152719        1       199        44.0934633        1
    95         1.9596790        1       200        44.1624964        1
    96         1.9786773        1       201        44.2787231        1
    97         1.9946836        1       202        44.3900113        1
    98         2.0446022        1       203        81.7070931        1
    99         2.0534315        1       204        81.9778182        1
   100         2.0935545        1       205        82.2660340        1
   101         2.1790278        1       206        87.8754598        1
   102         2.2120146        1       207       138.5950921        1
   103         2.2726882        1       208       139.0624689        1
   104         2.3439095        1       209       139.4881264        1
   105         2.4170805        1       210       150.6831292        1
------------------------------------------------------------------------
  -20.5571101567901       -11.2658481092250       -1.35516553818507     
 -0.999464112973259      -0.709882596485726      -0.665968587401668     
 -0.582954539302147      -0.481968487329108      -0.361903925452310     
  2.846588457078321E-002  4.030276086234424E-002  4.436226418204561E-002
  6.058561856174984E-002  9.188400620322699E-002  0.112513079099741     
  0.131510903020565       0.141403550776731       0.163328932816591     
  0.170831153296389       0.184800284817853       0.200529434760280     
  0.212373181483391       0.246885992648038       0.277042917417452     
  0.287361692220925       0.305059288467380       0.312146835873778     
  0.319000739240003       0.331346837774244       0.339144839141684     
  0.360776645072054       0.372547277892219       0.390534913215745     
  0.406241127838699       0.412665981997519       0.423102305630768     
  0.434413085431739       0.459137683727255       0.464910489451284     
  0.490539913336547       0.500359538351132       0.505894977748015     
  0.523287310753174       0.638479885053035       0.692288815074459     
  0.706689320053402       0.721355089026869       0.734924159188297     
  0.759268757876620       0.780966612681045       0.790841103856852     
  0.843255304753546       0.845386460642218       0.885948190798678     
  0.893485538356248       0.903081030465682       0.921211991712437     
  0.943132364899219       0.947863704005239       0.953763667218858     
  0.976050871369816       0.987751390240571        1.00170455476534     
   1.04340841238643        1.05062478417680        1.06574359915524     
   1.07896554665805        1.09599917301064        1.10627498372647     
   1.13180967231936        1.15227087027133        1.15865370144189     
   1.20939912781667        1.23937035734122        1.30920504378178     
   1.34023683027872        1.36202116775275        1.38573630736474     
   1.41704756336004        1.43560603521849        1.46543828966686     
   1.53055210320955        1.54688630877335        1.55473760035402     
   1.60659332248321        1.62041383735606        1.64295482581173     
   1.68013815401587        1.68740251797205        1.72951321383504     
   1.73376591366563        1.83918391253427        1.87539263980402     
   1.91527185702250        1.95967901243774        1.97867731878539     
   1.99468358522207        2.04460218339833        2.05343149854742     
   2.09355450091329        2.17902776389930        2.21201459794270     
   2.27268822991571        2.34390946965191        2.41708046398703     
   2.43428785315432        2.50159161338171        2.51989772575232     
   2.62802096006612        2.68506064542251        2.78147316360242     
   2.80849958353825        2.85607656768397        2.91376886567891     
   2.96700894935199        3.00602136096183        3.07732273250768     
   3.15749368283968        3.22878564546876        3.47527263309736     
   3.48333758609112        3.51428401828054        3.56319026331359     
   3.63836170096504        3.68622481217782        3.77979634219869     
   3.79604753992994        3.82560396544396        3.86423598688390     
   3.92156563610472        4.00019890331484        4.03597651675146     
   4.05027196992816        4.13074839899081        4.16413827696364     
   4.19799952948469        4.22305691712861        4.25226865308263     
   4.33325596571337        4.43814720695954        4.46358631630440     
   4.52559845440219        4.53916318073925        4.60338619649846     
   4.73463366875931        4.76495686693172        4.79962229643959     
   4.82573926108899        4.84839606082203        4.89954724265550     
   4.99674006031442        5.07181600528181        5.09319591629656     
   5.15539150530144        5.20919572984891        5.30541836546307     
   5.35558052713491        5.37741382121686        5.48225049838478     
   5.51066336488911        5.61948391555771        5.63533066834869     
   5.86594016455299        5.92862470350478        6.27187594660550     
   6.29807435239672        6.39617411538060        6.49337049173170     
   6.54247243172114        6.69627722758333        6.79733649823651     
   6.85082735422926        6.93968219819223        7.16244255783364     
   7.26567924084283        7.30929628596907        7.34253239379429     
   7.40679281042592        7.48702320676385        7.62782623943887     
   7.77567110157188        8.08588283826258        8.16471567768502     
   8.97807463064665        16.2784218325807        16.6514812920229     
   17.0330296062499        17.8384086719270        26.5389940349032     
   27.1211385560997        27.7416612583825        29.6503866273661     
   41.5788696443955        41.6484672963203        41.7174195657575     
   41.8282381601716        41.8681649526642        44.0470005087523     
   44.0934633435847        44.1624963770178        44.2787230997038     
   44.3900112571662        81.7070931127121        81.9778182146454     
   82.2660340314080        87.8754597811373        138.595092054430     
   139.062468877279        139.488126381120        150.683129231807     
 @CHECKOUT-I, Total execution time (CPU/WALL):      448.16/     348.12 seconds.
--executable xvtran finished with status     0 in      348.24 seconds (walltime).
 --invoking executable--
/home/asmola/.local/bin/xintprc
 @GETMEM-I,  Allocated   38146 MB of main memory.
  Processing integrals for CCSD calculation.
  @GMOIAA-I, Processing MO integrals for spin case AA.
  @GMOIAA-I, Generation of integral list completed.
                      TYPE                NUMBER
                      ----               --------
                      PPPP             206075451
                      PPPH              36724509
                      PPHH               1637145
                      PHPH                913545
                      PHHH                 81405
                      HHHH                  1035

                     TOTAL             245433090

  @FORMT2-I, Second-order MP correlation energies:
            ------------------------------------------------
            E(SCF)                  =   -114.949429223849 a.u.
            E2(AA)                  =     -0.058756908584 a.u.
            E2(AB)                  =     -0.434853206232 a.u.
            E2(TOT)                 =     -0.552367023400 a.u.
            Total MP2 energy        =   -115.501796247249 a.u.
            ------------------------------------------------
   Largest T2 amplitudes for spin case AB:
       _       _                 _       _                 _       _
   i   j   a   b             i   j   a   b             i   j   a   b
-----------------------------------------------------------------------------
[  9   9  22  22]-0.01647 [  5   5  43  43]-0.00968 [  9   9  37  37]-0.00940
[  5   5  37  37]-0.00828 [  9   9  37  22] 0.00817 [  9   9  22  37] 0.00817
[  9   9  21  21]-0.00814 [  9   9  22  35]-0.00793 [  9   9  35  22]-0.00793
[  7   7  41  41]-0.00788 [  9   9  35  35]-0.00781 [  6   6  43  43]-0.00762
[  9   9  34  22]-0.00754 [  9   9  22  34]-0.00754 [  8   8  41  41]-0.00744
-----------------------------------------------------------------------------
   Norm of T2AB vector (  3272481 symmetry allowed elements):  0.3048660228.
-----------------------------------------------------------------------------
 @CHECKOUT-I, Total execution time (CPU/WALL):       30.44/     103.50 seconds.
--executable xintprc finished with status     0 in      103.70 seconds (walltime).
  calling xvcc 
 --invoking executable--
/home/asmola/.local/bin/xvcc
 @GETMEM-I,  Allocated   38146 MB of main memory.
   CCSD energy will be calculated.
   The total correlation energy is -0.552367023400 a.u.
   The total correlation energy is -0.557987855931 a.u.
  Convergence information after     1 iterations: 
  Largest element of residual vector :  0.81118876E-02.
  Largest element of DIIS residual   :  0.81118876E-02.
   The total correlation energy is -0.568732680322 a.u.
  Convergence information after     2 iterations: 
  Largest element of residual vector : -0.14489308E-02.
  Largest element of DIIS residual   : -0.14403605E-02.
   The total correlation energy is -0.569181902909 a.u.
  Convergence information after     3 iterations: 
  Largest element of residual vector :  0.17268804E-02.
  Largest element of DIIS residual   :  0.11702523E-02.
   The total correlation energy is -0.570199744375 a.u.
  Convergence information after     4 iterations: 
  Largest element of residual vector :  0.28695324E-03.
  Largest element of DIIS residual   :  0.27562442E-03.
   The total correlation energy is -0.570313463151 a.u.
  Convergence information after     5 iterations: 
  Largest element of residual vector :  0.22512741E-03.
  Largest element of DIIS residual   :  0.14399833E-03.
   The total correlation energy is -0.570316409315 a.u.
  Convergence information after     6 iterations: 
  Largest element of residual vector :  0.84845556E-04.
  Largest element of DIIS residual   :  0.61127572E-04.
   The total correlation energy is -0.570316930174 a.u.
  Convergence information after     7 iterations: 
  Largest element of residual vector :  0.37785285E-04.
  Largest element of DIIS residual   :  0.26619821E-04.
   The total correlation energy is -0.570317635696 a.u.
  Convergence information after     8 iterations: 
  Largest element of residual vector :  0.19251142E-04.
  Largest element of DIIS residual   : -0.10727531E-04.
   The total correlation energy is -0.570316496247 a.u.
  Convergence information after     9 iterations: 
  Largest element of residual vector : -0.63535923E-05.
  Largest element of DIIS residual   : -0.46279088E-05.
   The total correlation energy is -0.570317007859 a.u.
  Convergence information after    10 iterations: 
  Largest element of residual vector : -0.34249392E-05.
  Largest element of DIIS residual   : -0.22095328E-05.
   The total correlation energy is -0.570317156485 a.u.
  Convergence information after    11 iterations: 
  Largest element of residual vector : -0.13036560E-05.
  Largest element of DIIS residual   :  0.87576811E-06.
   The total correlation energy is -0.570317236612 a.u.
  Convergence information after    12 iterations: 
  Largest element of residual vector :  0.56115414E-06.
  Largest element of DIIS residual   :  0.37053943E-06.
   The total correlation energy is -0.570317289714 a.u.
  Convergence information after    13 iterations: 
  Largest element of residual vector :  0.25549009E-06.
  Largest element of DIIS residual   :  0.15573244E-06.
   The total correlation energy is -0.570317306486 a.u.
  Convergence information after    14 iterations: 
  Largest element of residual vector :  0.82045967E-07.
  Largest element of DIIS residual   :  0.60974500E-07.
   The total correlation energy is -0.570317307589 a.u.
  Convergence information after    15 iterations: 
  Largest element of residual vector :  0.45949172E-07.
  Largest element of DIIS residual   :  0.33615665E-07.
   The total correlation energy is -0.570317308284 a.u.
  Convergence information after    16 iterations: 
  Largest element of residual vector :  0.19001755E-07.
  Largest element of DIIS residual   :  0.14575432E-07.
   The total correlation energy is -0.570317307675 a.u.
  Convergence information after    17 iterations: 
  Largest element of residual vector :  0.86615304E-08.
  Largest element of DIIS residual   : -0.64860166E-08.
   The total correlation energy is -0.570317307347 a.u.
  Convergence information after    18 iterations: 
  Largest element of residual vector : -0.50127899E-08.
  Largest element of DIIS residual   : -0.42738533E-08.
   The total correlation energy is -0.570317307287 a.u.
  Convergence information after    19 iterations: 
  Largest element of residual vector : -0.25577985E-08.
  Largest element of DIIS residual   : -0.19076049E-08.
   The total correlation energy is -0.570317307324 a.u.
  Convergence information after    20 iterations: 
  Largest element of residual vector : -0.12684499E-08.
  Largest element of DIIS residual   :  0.97451893E-09.
   The total correlation energy is -0.570317307374 a.u.
  Convergence information after    21 iterations: 
  Largest element of residual vector : -0.57585443E-09.
  Largest element of DIIS residual   :  0.46221267E-09.
   The total correlation energy is -0.570317307409 a.u.
  Convergence information after    22 iterations: 
  Largest element of residual vector :  0.27267195E-09.
  Largest element of DIIS residual   :  0.23103963E-09.
   The total correlation energy is -0.570317307417 a.u.
  Convergence information after    23 iterations: 
  Largest element of residual vector :  0.15627840E-09.
  Largest element of DIIS residual   :  0.11659688E-09.
   The total correlation energy is -0.570317307418 a.u.
  Convergence information after    24 iterations: 
  Largest element of residual vector :  0.63436177E-10.
  Largest element of DIIS residual   :  0.38165028E-10.
   The total correlation energy is -0.570317307418 a.u.
  Convergence information after    25 iterations: 
  Largest element of residual vector :  0.29099434E-10.
  Largest element of DIIS residual   : -0.17600689E-10.
   The total correlation energy is -0.570317307417 a.u.
  Convergence information after    26 iterations: 
  Largest element of residual vector : -0.13454850E-10.
  Largest element of DIIS residual   : -0.11394727E-10.
   The total correlation energy is -0.570317307417 a.u.
  Convergence information after    27 iterations: 
  Largest element of residual vector : -0.70231908E-11.
  Largest element of DIIS residual   : -0.51266217E-11.
   The total correlation energy is -0.570317307417 a.u.
  Convergence information after    28 iterations: 
  Largest element of residual vector : -0.35278889E-11.
  Largest element of DIIS residual   :  0.26546994E-11.
   The total correlation energy is -0.570317307417 a.u.
  Convergence information after    29 iterations: 
  Largest element of residual vector : -0.16511809E-11.
  Largest element of DIIS residual   :  0.13860466E-11.
   The total correlation energy is -0.570317307417 a.u.
  Convergence information after    30 iterations: 
  Largest element of residual vector :  0.89834336E-12.
  Largest element of DIIS residual   :  0.82758741E-12.
  Amplitude equations converged in    30iterations.
   The total correlation energy is -0.570317307417 a.u.
   The CC iterations have converged.

   Largest T1 amplitudes for spin case AA:
   i       a                 i       a                 i       a    
-----------------------------------------------------------------------------
[  8      20    ] 0.00966 [  9      21    ] 0.00649 [  8      41    ]-0.00603
[  8      17    ]-0.00594 [  8      21    ]-0.00566 [  7      41    ] 0.00563
[  7      18    ]-0.00549 [  8      43    ] 0.00421 [  6      41    ] 0.00402
[  8      42    ]-0.00395 [  6      23    ] 0.00393 [  7      37    ] 0.00370
[  5      43    ] 0.00369 [  7      30    ]-0.00362 [  8      33    ] 0.00361
-----------------------------------------------------------------------------
   Norm of T1AA vector (     1809 symmetry allowed elements):  0.0377363885.
-----------------------------------------------------------------------------
   Largest T2 amplitudes for spin case AB:
       _       _                 _       _                 _       _
   i   j   a   b             i   j   a   b             i   j   a   b
-----------------------------------------------------------------------------
[  9   9  22  22]-0.01989 [  9   9  37  37]-0.01184 [  5   5  43  43]-0.01079
[  9   9  35  22]-0.01043 [  9   9  22  35]-0.01043 [  9   9  37  22] 0.01028
[  9   9  22  37] 0.01028 [  9   9  34  22]-0.00980 [  9   9  22  34]-0.00980
[  9   9  35  35]-0.00953 [  9   9  21  21]-0.00952 [  5   5  37  37]-0.00901
[  7   7  41  41]-0.00872 [  6   6  43  43]-0.00838 [  8   8  43  43]-0.00806
-----------------------------------------------------------------------------
   Norm of T2AB vector (  3272481 symmetry allowed elements):  0.3355706118.
-----------------------------------------------------------------------------
       Summary of iterative solution of CC equations 
      -----------------------------------------------------------
                       Correlation           Total
       Iteration         Energy              Energy
      -----------------------------------------------------------
            0        -0.552367023400    -115.501796247249  DIIS 
            1        -0.557987855931    -115.507417079781  DIIS 
            2        -0.568732680322    -115.518161904171  DIIS 
            3        -0.569181902909    -115.518611126758  DIIS 
            4        -0.570199744375    -115.519628968224  DIIS 
            5        -0.570313463151    -115.519742687000  DIIS 
            6        -0.570316409315    -115.519745633164  DIIS 
            7        -0.570316930174    -115.519746154023  DIIS 
            8        -0.570317635696    -115.519746859545  DIIS 
            9        -0.570316496247    -115.519745720097  DIIS 
           10        -0.570317007859    -115.519746231708  DIIS 
           11        -0.570317156485    -115.519746380334  DIIS 
           12        -0.570317236612    -115.519746460461  DIIS 
           13        -0.570317289714    -115.519746513563  DIIS 
           14        -0.570317306486    -115.519746530336  DIIS 
           15        -0.570317307589    -115.519746531438  DIIS 
           16        -0.570317308284    -115.519746532133  DIIS 
           17        -0.570317307675    -115.519746531524  DIIS 
           18        -0.570317307347    -115.519746531196  DIIS 
           19        -0.570317307287    -115.519746531137  DIIS 
           20        -0.570317307324    -115.519746531173  DIIS 
           21        -0.570317307374    -115.519746531223  DIIS 
           22        -0.570317307409    -115.519746531258  DIIS 
           23        -0.570317307417    -115.519746531266  DIIS 
           24        -0.570317307418    -115.519746531268  DIIS 
           25        -0.570317307418    -115.519746531267  DIIS 
           26        -0.570317307417    -115.519746531266  DIIS 
           27        -0.570317307417    -115.519746531266  DIIS 
           28        -0.570317307417    -115.519746531266  DIIS 
           29        -0.570317307417    -115.519746531266  DIIS 
           30        -0.570317307417    -115.519746531266  DIIS 
      -----------------------------------------------------------
      A miracle has come to pass. The CC iterations have converged.
      The reference energy is      -114.94942922384919 a.u.
      The correlation energy is      -0.57031730741724 a.u.
      The total energy is          -115.51974653126643 a.u.
 @CHECKOUT-I, Total execution time (CPU/WALL):     1022.69/     256.98 seconds.
--executable xvcc finished with status     0 in      257.14 seconds (walltime).
 --invoking executable--
/home/asmola/.local/bin/xlambda
 @GETMEM-I,  Allocated   38146 MB of main memory.
 The Lambda equations are solved for CCSD.
  Initial lambda amplitudes: 
  Convergence information after     1 iterations: 
  Largest element of residual vector : -0.26648360E-02.
  Largest element of DIIS residual   : -0.26648360E-02.
  Convergence information after     2 iterations: 
  Largest element of residual vector :  0.20889663E-03.
  Largest element of DIIS residual   :  0.20994912E-03.
  Convergence information after     3 iterations: 
  Largest element of residual vector : -0.38648380E-03.
  Largest element of DIIS residual   : -0.28031128E-03.
  Convergence information after     4 iterations: 
  Largest element of residual vector : -0.12359477E-03.
  Largest element of DIIS residual   :  0.49441292E-04.
  Convergence information after     5 iterations: 
  Largest element of residual vector :  0.37079896E-04.
  Largest element of DIIS residual   :  0.23420387E-04.
  Convergence information after     6 iterations: 
  Largest element of residual vector :  0.13472439E-04.
  Largest element of DIIS residual   : -0.84173434E-05.
  Convergence information after     7 iterations: 
  Largest element of residual vector : -0.60550071E-05.
  Largest element of DIIS residual   : -0.40103345E-05.
  Convergence information after     8 iterations: 
  Largest element of residual vector : -0.30640736E-05.
  Largest element of DIIS residual   : -0.18772937E-05.
  Convergence information after     9 iterations: 
  Largest element of residual vector : -0.12704046E-05.
  Largest element of DIIS residual   :  0.74365353E-06.
  Convergence information after    10 iterations: 
  Largest element of residual vector : -0.53342261E-06.
  Largest element of DIIS residual   :  0.26782744E-06.
  Convergence information after    11 iterations: 
  Largest element of residual vector :  0.17468670E-06.
  Largest element of DIIS residual   : -0.96358746E-07.
  Amplitude equations converged in    11 iterations.
 
  Full Fbar is constructed for CCSD second derivatives
 
      The lambda equations have converged.
 @CHECKOUT-I, Total execution time (CPU/WALL):      387.11/      90.22 seconds.
--executable xlambda finished with status     0 in       90.42 seconds (walltime).
 --invoking executable--
/home/asmola/.local/bin/xdens
 @GETMEM-I,  Allocated   38146 MB of main memory.
  CCSD density and intermediates are calculated.
  Unrelaxed density for DBOC is calculated
  sort for dboc
  ----------------------------------------------------------------------
                 Natural orbital occupation numbers
  ----------------------------------------------------------------------
  1.99892  1.99818  1.98071  1.97106  1.96550  1.96225  1.95832  1.95308
  1.94566  0.03497  0.02979  0.02527  0.02239  0.02081  0.01536  0.01321
  0.01077  0.00925  0.00830  0.00808  0.00764  0.00638  0.00636  0.00483
  0.00368  0.00342  0.00289  0.00234  0.00203  0.00179  0.00165  0.00140
  0.00124  0.00116  0.00112  0.00105  0.00096  0.00091  0.00086  0.00085
  0.00079  0.00071  0.00070  0.00068  0.00060  0.00058  0.00056  0.00054
  0.00052  0.00052  0.00052  0.00048  0.00046  0.00043  0.00041  0.00037
  0.00036  0.00032  0.00031  0.00028  0.00024  0.00023  0.00021  0.00020
  0.00018  0.00018  0.00017  0.00017  0.00016  0.00016  0.00015  0.00015
  0.00014  0.00013  0.00013  0.00012  0.00012  0.00011  0.00010  0.00010
  0.00009  0.00009  0.00008  0.00008  0.00008  0.00008  0.00007  0.00007
  0.00007  0.00007  0.00006  0.00006  0.00006  0.00006  0.00006  0.00005
  0.00005  0.00005  0.00005  0.00005  0.00004  0.00004  0.00004  0.00004
  0.00003  0.00003  0.00003  0.00003  0.00003  0.00003  0.00003  0.00002
  0.00002  0.00002  0.00002  0.00002  0.00002  0.00002  0.00002  0.00002
  0.00002  0.00001  0.00001  0.00001  0.00001  0.00001  0.00001  0.00001
  0.00001  0.00001  0.00001  0.00001  0.00001  0.00001  0.00001  0.00001
  0.00001  0.00001  0.00001  0.00001  0.00001  0.00001  0.00001  0.00001
  0.00001  0.00001  0.00001  0.00001  0.00001  0.00001  0.00001  0.00001
  0.00001  0.00001  0.00001  0.00001  0.00001  0.00001  0.00001  0.00000
  0.00000  0.00000  0.00000  0.00000  0.00000  0.00000  0.00000  0.00000
  0.00000  0.00000  0.00000  0.00000  0.00000  0.00000  0.00000  0.00000
  0.00000  0.00000  0.00000  0.00000  0.00000  0.00000  0.00000  0.00000
  0.00000  0.00000  0.00000  0.00000  0.00000  0.00000  0.00000  0.00000
  0.00000  0.00000  0.00000  0.00000  0.00000  0.00000  0.00000  0.00000
  0.00000  0.00000  0.00000  0.00000  0.00000  0.00000  0.00000  0.00000
  0.00000  0.00000
  Trace of density matrix :  18.0000000000.
  ----------------------------------------------------------------------
  Density calculation successfully completed.
 @CHECKOUT-I, Total execution time (CPU/WALL):       49.68/      59.77 seconds.
--executable xdens finished with status     0 in       59.95 seconds (walltime).
 --invoking executable--
/home/asmola/.local/bin/xvdint
 @GETMEM-I,  Allocated   38146 MB of main memory.
 One- and two-electron integral derivatives are calculated
 for RHF-CC/MBPT hessians and dipole derivatives.
 Spherical gaussians are used.
  magnet F F
  Integrals for DBOC will be evaluated
 
   First contribution to E(DBOC):       78.16592 cm-1
   Second contribution to E(DBOC):    -1224.15805 cm-1
 Evaluation of 1e integral derivatives required    7.34 seconds.
 Evaluation of 2el integral derivatives
 Evaluation of 2e integral derivatives required 1085.07 seconds.
 @CHECKOUT-I, Total execution time (CPU/WALL):     1092.41/     148.83 seconds.
--executable xvdint finished with status     0 in      148.86 seconds (walltime).
 --invoking executable--
/home/asmola/.local/bin/xcphf
 @GETMEM-I,  Allocated   38146 MB of main memory.
 Coupled-perturbed HF (CPHF) equations 
 are solved for RHF-CC/MBPT hessian and dipole derivatives.
  irreducible representation Nr.                      1
  # geometric perturbations                         18
 There are 21 perturbations within irrep 1.
 CPHF converged after  30 iterations.

                     SCF static dipole polarizability
                     --------------------------------

                         Ex          Ey          Ez

            Ex      23.200563   -1.705351    0.937847
            Ey      -1.705351   21.304349   -0.786192
            Ez       0.937847   -0.786192   21.843314



                  SCF static dipole hyperpolarizability
                  -------------------------------------

                         Ex          Ey          Ez

            xx      50.825836   -2.615713  -16.233170
            xy      -2.615713   28.644342   -6.025322
            xz     -16.233170   -6.025322   60.700021
            yy      28.644342   -2.779864   -8.433974
            yz      -6.025322   -8.433974  -27.502213
            zz      60.700021  -27.502213  -20.088484



                   Diagonal Born-Oppenheimer Correction
                   ------------------------------------

  HF-SCF 1-el contribution to DBOC is   :        62.714513 cm-1
  Correlated 1-el contribtion to DBOC is:      4605.628886 cm-1
  HF-SCF 2-el contribution to DBOC is   :       -77.171896 cm-1
  Correlated 2-el contribtion to DBOC is:        12.564550 cm-1
 
 @CHECKOUT-I, Total execution time (CPU/WALL):      720.38/     353.94 seconds.
--executable xcphf finished with status     0 in      354.03 seconds (walltime).
 --invoking executable--
/home/asmola/.local/bin/xsdcc
 @GETMEM-I,  Allocated   38146 MB of main memory.
 Vibrational frequencies and infrared intensities are calculated
 at the CCSD level within the harmonic approximation.
 CPHF coefficients for occ-occ block: U^x(i,j) = -1/2 S^x(i,j)
 CPHF coefficients for vrt-vrt block: U^x(a,b) = -1/2 S^x(a,b)
 Transformation of derivative integrals from AO to MO basis:
 RHF transformation
 Transformation of DIIII integral derivatives.
 1 pass through the AO integral derivative file was needed.
 174110583 AO integral derivatives were read from file DIIII.
 Transformation of first index required  580.9 seconds.
 Transformation of remaining indices required  331.0 seconds.
1715296743 MO integral derivatives were written to file DERINT.
        MO basis integral derivatives are being calculated
             (Symmetry block 1, perturbation   1)
 First derivative of the wavefunction is calculated (Symmetry block 1, perturbation   1)
 Resorts of perturbed amplitudes and integrals required   0.1 seconds.
 Construction of <Phi|(dH_N/dx exp(T))c|0> required  29.4 seconds.
 Starting iterative solution of the perturbed CC equations.
 The DIIS procedure is used to accelerate convergence.
 Convergence criterion is 10**(-7).
 Maximum number of iterations is 100.
 Convergence information after     1 iterations: 
 Largest element of residual vector : -0.58799292E-01.
 Largest element of DIIS residual   : -0.58799292E-01.
 Convergence information after     2 iterations: 
 Largest element of residual vector :  0.83018131E-02.
 Largest element of DIIS residual   :  0.80437092E-02.
 Convergence information after     3 iterations: 
 Largest element of residual vector : -0.56047889E-02.
 Largest element of DIIS residual   : -0.42080971E-02.
 Convergence information after     4 iterations: 
 Largest element of residual vector : -0.16371739E-02.
 Largest element of DIIS residual   :  0.10813111E-02.
 Convergence information after     5 iterations: 
 Largest element of residual vector : -0.89163938E-03.
 Largest element of DIIS residual   : -0.61268971E-03.
 Convergence information after     6 iterations: 
 Largest element of residual vector :  0.23585644E-03.
 Largest element of DIIS residual   :  0.21017667E-03.
 Convergence information after     7 iterations: 
 Largest element of residual vector : -0.14000356E-03.
 Largest element of DIIS residual   : -0.64190283E-04.
 Convergence information after     8 iterations: 
 Largest element of residual vector : -0.40416407E-04.
 Largest element of DIIS residual   : -0.29624072E-04.
 Convergence information after     9 iterations: 
 Largest element of residual vector : -0.21932336E-04.
 Largest element of DIIS residual   :  0.14521097E-04.
 Convergence information after    10 iterations: 
 Largest element of residual vector :  0.96485128E-05.
 Largest element of DIIS residual   :  0.64860229E-05.
 Convergence information after    11 iterations: 
 Largest element of residual vector :  0.48946684E-05.
 Largest element of DIIS residual   :  0.28248489E-05.
 Convergence information after    12 iterations: 
 Largest element of residual vector :  0.18665905E-05.
 Largest element of DIIS residual   :  0.99666667E-06.
 Convergence information after    13 iterations: 
 Largest element of residual vector :  0.61841969E-06.
 Largest element of DIIS residual   :  0.56899290E-06.
 Convergence information after    14 iterations: 
 Largest element of residual vector :  0.24674643E-06.
 Largest element of DIIS residual   :  0.15709670E-06.
 Convergence information after    15 iterations: 
 Largest element of residual vector :  0.11010534E-06.
 Largest element of DIIS residual   :  0.65498814E-07.
 Perturbed amplitude equations converged in    15 iterations.
  Dominant contributions to perturbed wavefunction:
    8    0  167    0   0.0535207096 AA  
    8    8  167   41   0.0504415824 ABAB
    8    8   41  167   0.0504415824 ABAB
    8    0   90    0   0.0453826954 AA  
    4    4  167   41   0.0441366816 ABAB
    4    4   41  167   0.0441366816 ABAB
    7    7   96   41   0.0425846455 ABAB
    7    7   41   96   0.0425846455 ABAB
    8    8   90   43  -0.0425516420 ABAB
    8    8   43   90  -0.0425516420 ABAB
    5    5   90   43  -0.0414029990 ABAB
    5    5   43   90  -0.0414029990 ABAB
    5    0  167    0   0.0411017597 AA  
    8    6  167   43  -0.0393432918 ABAB
    6    8   43  167  -0.0393432918 ABAB
    5    5  167   45   0.0392975619 ABAB
    5    5   45  167   0.0392975619 ABAB
    8    5   90   90   0.0391170223 ABAB
    5    8   90   90   0.0391170223 ABAB
    9    9  120   22   0.0388300020 ABAB
  Total CCSD gradient is    0.006886695416588.
  norm of converged amps    2.79514507938790     
 Starting iterative solution of the perturbed Lambda equations.
 The DIIS procedure is used to accelerate convergence.
 Convergence criterion is 10**(-7).
 Maximum number of iterations is 100.
 Convergence information after     1 iterations: 
 Largest element of residual vector : -0.48418469E-01.
 Largest element of DIIS residual   : -0.48418469E-01.
 Convergence information after     2 iterations: 
 Largest element of residual vector :  0.70248782E-02.
 Largest element of DIIS residual   :  0.64717010E-02.
 Convergence information after     3 iterations: 
 Largest element of residual vector : -0.45371108E-02.
 Largest element of DIIS residual   : -0.36569386E-02.
 Convergence information after     4 iterations: 
 Largest element of residual vector : -0.12937261E-02.
 Largest element of DIIS residual   : -0.89901763E-03.
 Convergence information after     5 iterations: 
 Largest element of residual vector : -0.72651689E-03.
 Largest element of DIIS residual   : -0.51985068E-03.
 Convergence information after     6 iterations: 
 Largest element of residual vector :  0.18834082E-03.
 Largest element of DIIS residual   :  0.17252735E-03.
 Convergence information after     7 iterations: 
 Largest element of residual vector : -0.11854890E-03.
 Largest element of DIIS residual   : -0.54324770E-04.
 Convergence information after     8 iterations: 
 Largest element of residual vector : -0.34603734E-04.
 Largest element of DIIS residual   : -0.24797351E-04.
 Convergence information after     9 iterations: 
 Largest element of residual vector : -0.18757594E-04.
 Largest element of DIIS residual   : -0.12475129E-04.
 Convergence information after    10 iterations: 
 Largest element of residual vector :  0.81295033E-05.
 Largest element of DIIS residual   :  0.55417577E-05.
 Convergence information after    11 iterations: 
 Largest element of residual vector :  0.42002036E-05.
 Largest element of DIIS residual   :  0.23058706E-05.
 Convergence information after    12 iterations: 
 Largest element of residual vector :  0.16398500E-05.
 Largest element of DIIS residual   :  0.86995927E-06.
 Convergence information after    13 iterations: 
 Largest element of residual vector :  0.54664797E-06.
 Largest element of DIIS residual   :  0.48863115E-06.
 Convergence information after    14 iterations: 
 Largest element of residual vector :  0.21512629E-06.
 Largest element of DIIS residual   :  0.12927480E-06.
 Convergence information after    15 iterations: 
 Largest element of residual vector :  0.95451646E-07.
 Largest element of DIIS residual   :  0.55940265E-07.
 Perturbed Lambda equations converged in    15 iterations.
  Dominant contributions to perturbed wavefunction:
    8    8  167   41   0.0488496915 ABAB
    8    8   41  167   0.0488496915 ABAB
    4    4  167   41   0.0430802699 ABAB
    4    4   41  167   0.0430802699 ABAB
    8    8   90   43  -0.0408239595 ABAB
    8    8   43   90  -0.0408239595 ABAB
    7    7   96   41   0.0407673373 ABAB
    7    7   41   96   0.0407673373 ABAB
    5    5   90   43  -0.0399559162 ABAB
    5    5   43   90  -0.0399559162 ABAB
    5    5  167   45   0.0382257496 ABAB
    5    5   45  167   0.0382257496 ABAB
    8    5   90   90   0.0380513000 ABAB
    5    8   90   90   0.0380513000 ABAB
    8    6  167   43  -0.0379237340 ABAB
    6    8   43  167  -0.0379237340 ABAB
    5    5  167   37  -0.0374038292 ABAB
    5    5   37  167  -0.0374038292 ABAB
    9    9  120   22   0.0372044521 ABAB
    9    9   22  120   0.0372044521 ABAB
  Total CCSD gradient is    0.005198665106278.
        The DBOC first-order density matrix is being calculated 
             (Symmetry block 1, perturbation   1)
 term   9.35525313385194     
 final tnorm1 -3.397612205872955E-003
  <0|L dT/dx|0> -3.397612205872955E-003
  norm contr. I: |<0|L dT/dx|0>|^2   1.154376870149689E-005
  norm contr. II: <0|[nabla(1+L)e-T][nabla e^T]|0>   9.35525313385194     
  total norm contribution   9.35526467762064     
 oo  3.283184959978478E-003
 vv  -93.8553919377513     
 vo  5.439532603780726E-002
  Correlated perturbed 1-el contribution to DBOC  -93.7977134267535       cm**-1
  SUM_I |dc_I/dx|^2 contribution to DBOC   46.9448768211924       cm**-1
 
  current total DBOC   5702.87535513106       cm**-1
 First-order density matrix is being calculated  (Symmetry block 1, perturbation   1)
 Calculation of the contributions of <pq||rs> to dI(i,j)/dx required   5.5 seconds.
 Calculation of the contributions of <pq||rs> to dI(a,b)/dx required  50.6 seconds.
 Calculation of the contributions of <pq||rs> to dI(i,a)/dx required  15.0 seconds.
 First-order Z-vector equations are solved for 1 perturbation.
 Convergence reached after  26 iterations.
        U*G(pq,rs) contribution is being calculated
             (Symmetry block 1, perturbation   1)

 CCSD contribution to force constants 

       32.2642015865       -7.2863786044        5.5361089222
       -0.8473991549       -1.4441891357        0.9098679281
        0.1633066756        0.7635848430       -0.7900012429
      -11.5739502372        4.0095526010       -1.7896910543
       -9.4740050545        2.2813303461       -1.2516746118
      -10.5321538155        1.6760999499       -2.6146099414
        0.0000000000        0.0000000000        0.0000000000
        0.0000000000        0.0000000000        0.0000000000
        0.0000000000        0.0000000000        0.0000000000
        0.0000000000        0.0000000000        0.0000000000
        0.0000000000        0.0000000000        0.0000000000
        0.0000000000        0.0000000000        0.0000000000
        0.0000000000        0.0000000000        0.0000000000
        0.0000000000        0.0000000000        0.0000000000
        0.0000000000        0.0000000000        0.0000000000
        0.0000000000        0.0000000000        0.0000000000
        0.0000000000        0.0000000000        0.0000000000
        0.0000000000        0.0000000000        0.0000000000
        0.0000000000        0.0000000000        0.0000000000
        0.0000000000        0.0000000000        0.0000000000
        0.0000000000        0.0000000000        0.0000000000
        0.0000000000        0.0000000000        0.0000000000
        0.0000000000        0.0000000000        0.0000000000
        0.0000000000        0.0000000000        0.0000000000
        0.0000000000        0.0000000000        0.0000000000
        0.0000000000        0.0000000000        0.0000000000
        0.0000000000        0.0000000000        0.0000000000
        0.0000000000        0.0000000000        0.0000000000
        0.0000000000        0.0000000000        0.0000000000
        0.0000000000        0.0000000000        0.0000000000
        0.0000000000        0.0000000000        0.0000000000
        0.0000000000        0.0000000000        0.0000000000
        0.0000000000        0.0000000000        0.0000000000
        0.0000000000        0.0000000000        0.0000000000
        0.0000000000        0.0000000000        0.0000000000
        0.0000000000        0.0000000000        0.0000000000
        0.0000000000        0.0000000000        0.0000000000
        0.0000000000        0.0000000000        0.0000000000
        0.0000000000        0.0000000000        0.0000000000
        0.0000000000        0.0000000000        0.0000000000
        0.0000000000        0.0000000000        0.0000000000
        0.0000000000        0.0000000000        0.0000000000
        0.0000000000        0.0000000000        0.0000000000
        0.0000000000        0.0000000000        0.0000000000
        0.0000000000        0.0000000000        0.0000000000
        0.0000000000        0.0000000000        0.0000000000
        0.0000000000        0.0000000000        0.0000000000
        0.0000000000        0.0000000000        0.0000000000
        0.0000000000        0.0000000000        0.0000000000
        0.0000000000        0.0000000000        0.0000000000
        0.0000000000        0.0000000000        0.0000000000
        0.0000000000        0.0000000000        0.0000000000
        0.0000000000        0.0000000000        0.0000000000
        0.0000000000        0.0000000000        0.0000000000
        0.0000000000        0.0000000000        0.0000000000
        0.0000000000        0.0000000000        0.0000000000
        0.0000000000        0.0000000000        0.0000000000
        0.0000000000        0.0000000000        0.0000000000
        0.0000000000        0.0000000000        0.0000000000
        0.0000000000        0.0000000000        0.0000000000
        0.0000000000        0.0000000000        0.0000000000
        0.0000000000        0.0000000000        0.0000000000
        0.0000000000        0.0000000000        0.0000000000
        0.0000000000        0.0000000000        0.0000000000
        0.0000000000        0.0000000000        0.0000000000
        0.0000000000        0.0000000000        0.0000000000
        0.0000000000        0.0000000000        0.0000000000
        0.0000000000        0.0000000000        0.0000000000
        0.0000000000        0.0000000000        0.0000000000
        0.0000000000        0.0000000000        0.0000000000
        0.0000000000        0.0000000000        0.0000000000
        0.0000000000        0.0000000000        0.0000000000
        0.0000000000        0.0000000000        0.0000000000
        0.0000000000        0.0000000000        0.0000000000
        0.0000000000        0.0000000000        0.0000000000
        0.0000000000        0.0000000000        0.0000000000
        0.0000000000        0.0000000000        0.0000000000
        0.0000000000        0.0000000000        0.0000000000
        0.0000000000        0.0000000000        0.0000000000
        0.0000000000        0.0000000000        0.0000000000
        0.0000000000        0.0000000000        0.0000000000
        0.0000000000        0.0000000000        0.0000000000
        0.0000000000        0.0000000000        0.0000000000
        0.0000000000        0.0000000000        0.0000000000
        0.0000000000        0.0000000000        0.0000000000
        0.0000000000        0.0000000000        0.0000000000
        0.0000000000        0.0000000000        0.0000000000
        0.0000000000        0.0000000000        0.0000000000
        0.0000000000        0.0000000000        0.0000000000
        0.0000000000        0.0000000000        0.0000000000
        0.0000000000        0.0000000000        0.0000000000
        0.0000000000        0.0000000000        0.0000000000
        0.0000000000        0.0000000000        0.0000000000
        0.0000000000        0.0000000000        0.0000000000
        0.0000000000        0.0000000000        0.0000000000
        0.0000000000        0.0000000000        0.0000000000
        0.0000000000        0.0000000000        0.0000000000
        0.0000000000        0.0000000000        0.0000000000
        0.0000000000        0.0000000000        0.0000000000
        0.0000000000        0.0000000000        0.0000000000
        0.0000000000        0.0000000000        0.0000000000
        0.0000000000        0.0000000000        0.0000000000
        0.0000000000        0.0000000000        0.0000000000
        0.0000000000        0.0000000000        0.0000000000
        0.0000000000        0.0000000000        0.0000000000
        0.0000000000        0.0000000000        0.0000000000
        0.0000000000        0.0000000000        0.0000000000
        0.0000000000        0.0000000000        0.0000000000

 CCSD contribution to dipole derivatives 

       -0.1397051335        0.0000000000        0.0000000000
        0.0000000000        0.0000000000        0.0000000000
        0.0000000000        0.0000000000        0.0000000000
        0.0000000000        0.0000000000        0.0000000000
        0.0000000000        0.0000000000        0.0000000000
        0.0000000000        0.0000000000        0.0000000000
       -0.0078707788        0.0000000000        0.0000000000
        0.0000000000        0.0000000000        0.0000000000
        0.0000000000        0.0000000000        0.0000000000
        0.0000000000        0.0000000000        0.0000000000
        0.0000000000        0.0000000000        0.0000000000
        0.0000000000        0.0000000000        0.0000000000
        0.0207466380        0.0000000000        0.0000000000
        0.0000000000        0.0000000000        0.0000000000
        0.0000000000        0.0000000000        0.0000000000
        0.0000000000        0.0000000000        0.0000000000
        0.0000000000        0.0000000000        0.0000000000
        0.0000000000        0.0000000000        0.0000000000
 @CHECKOUT-I, Total execution time (CPU/WALL):     4384.21/    1535.53 seconds.
--executable xsdcc finished with status     0 in     1535.63 seconds (walltime).
 --invoking executable--
/home/asmola/.local/bin/xanti
 @GETMEM-I,  Allocated   38146 MB of main memory.
 CCSD MO derivative gammas will be sorted to Mulliken order.
 @CHECKOUT-I, Total execution time (CPU/WALL):       36.93/     122.54 seconds.
--executable xanti finished with status     0 in      122.61 seconds (walltime).
 --invoking executable--
/home/asmola/.local/bin/xbcktrn
 @GETMEM-I,  Allocated   38146 MB of main memory.
 CCSD MO derivative gammas will be transformed to the AO basis.
 @CHECKOUT-I, Total execution time (CPU/WALL):      180.83/      28.43 seconds.
--executable xbcktrn finished with status     0 in       28.48 seconds (walltime).
 --invoking executable--
/home/asmola/.local/bin/xvdint
 @GETMEM-I,  Allocated   38146 MB of main memory.
 One- and two-electron integral derivatives are calculated
 for RHF-CC/MBPT hessians and dipole derivatives.
 Spherical gaussians are used.
  magnet F F
 Evaluation of 2el integral derivatives

                      Two-electron integral gradient
                      ------------------------------

 C #1       1.2698882089           -0.0119970936            0.0099849747
 O #2      -0.5549672346           -0.0665769194            0.1201927886
 H #3      -0.0112490990            0.0304162764           -0.0577441233
 H #4      -0.2498817915           -0.0004801621           -0.0574709357
 H #5      -0.2141577928            0.0469158779           -0.0090939981
 H #6      -0.2396322910            0.0017220207           -0.0058687062


 Evaluation of 2e integral derivatives required  700.52 seconds.
  contribution to Hessian
        1.2698882089       -0.0119970936        0.0099849747
       -0.5549672346       -0.0665769194        0.1201927886
       -0.0112490990        0.0304162764       -0.0577441233
       -0.2498817915       -0.0004801621       -0.0574709357
       -0.2141577928        0.0469158779       -0.0090939981
       -0.2396322910        0.0017220207       -0.0058687062
 @CHECKOUT-I, Total execution time (CPU/WALL):      700.50/     107.63 seconds.
--executable xvdint finished with status     0 in      107.67 seconds (walltime).
 --invoking executable--
/home/asmola/.local/bin/xsdcc
 @GETMEM-I,  Allocated   38146 MB of main memory.
 Vibrational frequencies and infrared intensities are calculated
 at the CCSD level within the harmonic approximation.
 CPHF coefficients for occ-occ block: U^x(i,j) = -1/2 S^x(i,j)
 CPHF coefficients for vrt-vrt block: U^x(a,b) = -1/2 S^x(a,b)
 Transformation of derivative integrals from AO to MO basis:
 RHF transformation
 Transformation of DIIII integral derivatives.
 1 pass through the AO integral derivative file was needed.
 174009008 AO integral derivatives were read from file DIIII.
 Transformation of first index required  581.0 seconds.
 Transformation of remaining indices required  330.6 seconds.
1715296743 MO integral derivatives were written to file DERINT.
        MO basis integral derivatives are being calculated
             (Symmetry block 1, perturbation   2)
 First derivative of the wavefunction is calculated (Symmetry block 1, perturbation   2)
 Resorts of perturbed amplitudes and integrals required   0.6 seconds.
 Construction of <Phi|(dH_N/dx exp(T))c|0> required  26.5 seconds.
 Starting iterative solution of the perturbed CC equations.
 The DIIS procedure is used to accelerate convergence.
 Convergence criterion is 10**(-7).
 Maximum number of iterations is 100.
 Convergence information after     1 iterations: 
 Largest element of residual vector : -0.37237888E-01.
 Largest element of DIIS residual   : -0.37237888E-01.
 Convergence information after     2 iterations: 
 Largest element of residual vector : -0.51610156E-02.
 Largest element of DIIS residual   : -0.86851402E-02.
 Convergence information after     3 iterations: 
 Largest element of residual vector : -0.37126473E-02.
 Largest element of DIIS residual   : -0.32409795E-02.
 Convergence information after     4 iterations: 
 Largest element of residual vector : -0.13779506E-02.
 Largest element of DIIS residual   :  0.12438147E-02.
 Convergence information after     5 iterations: 
 Largest element of residual vector : -0.61728922E-03.
 Largest element of DIIS residual   : -0.37583808E-03.
 Convergence information after     6 iterations: 
 Largest element of residual vector :  0.23729426E-03.
 Largest element of DIIS residual   :  0.31455005E-03.
 Convergence information after     7 iterations: 
 Largest element of residual vector : -0.13805183E-03.
 Largest element of DIIS residual   : -0.11070500E-03.
 Convergence information after     8 iterations: 
 Largest element of residual vector : -0.57688776E-04.
 Largest element of DIIS residual   :  0.26980720E-04.
 Convergence information after     9 iterations: 
 Largest element of residual vector : -0.22117878E-04.
 Largest element of DIIS residual   :  0.10465682E-04.
 Convergence information after    10 iterations: 
 Largest element of residual vector :  0.70792852E-05.
 Largest element of DIIS residual   :  0.45677986E-05.
 Convergence information after    11 iterations: 
 Largest element of residual vector :  0.31175695E-05.
 Largest element of DIIS residual   :  0.16156156E-05.
 Convergence information after    12 iterations: 
 Largest element of residual vector :  0.12565933E-05.
 Largest element of DIIS residual   : -0.95513361E-06.
 Convergence information after    13 iterations: 
 Largest element of residual vector :  0.48826828E-06.
 Largest element of DIIS residual   : -0.37711103E-06.
 Convergence information after    14 iterations: 
 Largest element of residual vector : -0.15959670E-06.
 Largest element of DIIS residual   :  0.14974481E-06.
 Convergence information after    15 iterations: 
 Largest element of residual vector :  0.82996650E-07.
 Largest element of DIIS residual   : -0.63135540E-07.
 Perturbed amplitude equations converged in    15 iterations.
  Dominant contributions to perturbed wavefunction:
    9    9  167   21  -0.1003971232 ABAB
    9    9   21  167  -0.1003971232 ABAB
    9    9  120   22  -0.0999736245 ABAB
    9    9   22  120  -0.0999736245 ABAB
    9    9  167   35   0.0829504466 ABAB
    9    9   35  167   0.0829504466 ABAB
    4    4  167   33   0.0821245410 ABAB
    4    4   33  167   0.0821245410 ABAB
    9    4   22  167  -0.0797958422 ABAB
    4    9  167   22  -0.0797958422 ABAB
    9    9  167   33   0.0780084968 ABAB
    9    9   33  167   0.0780084968 ABAB
    9    9  167   22   0.0701777445 ABAB
    9    9   22  167   0.0701777445 ABAB
    4    4  167   37   0.0648375947 ABAB
    4    4   37  167   0.0648375947 ABAB
    5    5  167   21  -0.0637028105 ABAB
    5    5   21  167  -0.0637028105 ABAB
    9    9  127   22   0.0632907762 ABAB
    9    9   22  127   0.0632907762 ABAB
  Total CCSD gradient is    0.004947767751720.
  norm of converged amps    3.08816476484711     
 Starting iterative solution of the perturbed Lambda equations.
 The DIIS procedure is used to accelerate convergence.
 Convergence criterion is 10**(-7).
 Maximum number of iterations is 100.
 Convergence information after     1 iterations: 
 Largest element of residual vector : -0.31818770E-01.
 Largest element of DIIS residual   : -0.31818770E-01.
 Convergence information after     2 iterations: 
 Largest element of residual vector : -0.46666587E-02.
 Largest element of DIIS residual   : -0.77815026E-02.
 Convergence information after     3 iterations: 
 Largest element of residual vector : -0.31181743E-02.
 Largest element of DIIS residual   : -0.28520814E-02.
 Convergence information after     4 iterations: 
 Largest element of residual vector : -0.11337594E-02.
 Largest element of DIIS residual   :  0.10255376E-02.
 Convergence information after     5 iterations: 
 Largest element of residual vector : -0.52103366E-03.
 Largest element of DIIS residual   : -0.32672557E-03.
 Convergence information after     6 iterations: 
 Largest element of residual vector :  0.19651598E-03.
 Largest element of DIIS residual   :  0.26274752E-03.
 Convergence information after     7 iterations: 
 Largest element of residual vector : -0.11857125E-03.
 Largest element of DIIS residual   : -0.96515105E-04.
 Convergence information after     8 iterations: 
 Largest element of residual vector : -0.50404168E-04.
 Largest element of DIIS residual   :  0.23550080E-04.
 Convergence information after     9 iterations: 
 Largest element of residual vector : -0.19287731E-04.
 Largest element of DIIS residual   :  0.92832707E-05.
 Convergence information after    10 iterations: 
 Largest element of residual vector :  0.62693644E-05.
 Largest element of DIIS residual   :  0.40167773E-05.
 Convergence information after    11 iterations: 
 Largest element of residual vector :  0.27998747E-05.
 Largest element of DIIS residual   :  0.14788501E-05.
 Convergence information after    12 iterations: 
 Largest element of residual vector :  0.11166960E-05.
 Largest element of DIIS residual   : -0.82038524E-06.
 Convergence information after    13 iterations: 
 Largest element of residual vector :  0.43283824E-06.
 Largest element of DIIS residual   : -0.33732597E-06.
 Convergence information after    14 iterations: 
 Largest element of residual vector : -0.15009504E-06.
 Largest element of DIIS residual   :  0.13617949E-06.
 Convergence information after    15 iterations: 
 Largest element of residual vector :  0.78428737E-07.
 Largest element of DIIS residual   : -0.55813622E-07.
 Perturbed Lambda equations converged in    15 iterations.
  Dominant contributions to perturbed wavefunction:
    9    9  167   21  -0.0964678323 ABAB
    9    9   21  167  -0.0964678323 ABAB
    9    9  120   22  -0.0960828173 ABAB
    9    9   22  120  -0.0960828173 ABAB
    4    4  167   33   0.0811003849 ABAB
    4    4   33  167   0.0811003849 ABAB
    9    9  167   35   0.0794825266 ABAB
    9    9   35  167   0.0794825266 ABAB
    9    4   22  167  -0.0774998157 ABAB
    4    9  167   22  -0.0774998157 ABAB
    9    9  167   33   0.0745166201 ABAB
    9    9   33  167   0.0745166201 ABAB
    9    9  167   22   0.0669568583 ABAB
    9    9   22  167   0.0669568583 ABAB
    4    4  167   37   0.0636308590 ABAB
    4    4   37  167   0.0636308590 ABAB
    5    5  167   21  -0.0619159487 ABAB
    5    5   21  167  -0.0619159487 ABAB
    9    9  127   22   0.0606796515 ABAB
    9    9   22  127   0.0606796515 ABAB
  Total CCSD gradient is    0.003195911093049.
        The DBOC first-order density matrix is being calculated 
             (Symmetry block 1, perturbation   2)
 term   10.9732789648006     
 final tnorm1 -6.602334241503468E-003
  <0|L dT/dx|0> -6.602334241503468E-003
  norm contr. I: |<0|L dT/dx|0>|^2   4.359081743652917E-005
  norm contr. II: <0|[nabla(1+L)e-T][nabla e^T]|0>   10.9732789648006     
  total norm contribution   10.9733225556180     
 oo  4.887219619551069E-003
 vv  -110.118131182000     
 vo -0.278558137218470     
  Correlated perturbed 1-el contribution to DBOC  -110.391802099599       cm**-1
  SUM_I |dc_I/dx|^2 contribution to DBOC   55.0643186958680       cm**-1
 
  current total DBOC   5647.54787172733       cm**-1
 First-order density matrix is being calculated  (Symmetry block 1, perturbation   2)
 Calculation of the contributions of <pq||rs> to dI(i,j)/dx required   7.5 seconds.
 Calculation of the contributions of <pq||rs> to dI(a,b)/dx required  50.2 seconds.
 Calculation of the contributions of <pq||rs> to dI(i,a)/dx required  15.9 seconds.
 First-order Z-vector equations are solved for 1 perturbation.
 Convergence reached after  27 iterations.
        U*G(pq,rs) contribution is being calculated
             (Symmetry block 1, perturbation   2)

 CCSD contribution to force constants 

        0.0000000000        0.0000000000        0.0000000000
        0.0000000000        0.0000000000        0.0000000000
        0.0000000000        0.0000000000        0.0000000000
        0.0000000000        0.0000000000        0.0000000000
        0.0000000000        0.0000000000        0.0000000000
        0.0000000000        0.0000000000        0.0000000000
       -8.0913403018       59.5835940409       12.0031369319
       -0.1539669329        2.2142749754       -0.0804076363
        0.3526010752        1.1480730227        0.6770674417
        1.9818904726      -29.5400305314      -12.1137320736
        3.5054116196       -9.4743567597        7.8486854492
        2.4054040673      -23.9315547479       -8.3347501128
        0.0000000000        0.0000000000        0.0000000000
        0.0000000000        0.0000000000        0.0000000000
        0.0000000000        0.0000000000        0.0000000000
        0.0000000000        0.0000000000        0.0000000000
        0.0000000000        0.0000000000        0.0000000000
        0.0000000000        0.0000000000        0.0000000000
        0.0000000000        0.0000000000        0.0000000000
        0.0000000000        0.0000000000        0.0000000000
        0.0000000000        0.0000000000        0.0000000000
        0.0000000000        0.0000000000        0.0000000000
        0.0000000000        0.0000000000        0.0000000000
        0.0000000000        0.0000000000        0.0000000000
        0.0000000000        0.0000000000        0.0000000000
        0.0000000000        0.0000000000        0.0000000000
        0.0000000000        0.0000000000        0.0000000000
        0.0000000000        0.0000000000        0.0000000000
        0.0000000000        0.0000000000        0.0000000000
        0.0000000000        0.0000000000        0.0000000000
        0.0000000000        0.0000000000        0.0000000000
        0.0000000000        0.0000000000        0.0000000000
        0.0000000000        0.0000000000        0.0000000000
        0.0000000000        0.0000000000        0.0000000000
        0.0000000000        0.0000000000        0.0000000000
        0.0000000000        0.0000000000        0.0000000000
        0.0000000000        0.0000000000        0.0000000000
        0.0000000000        0.0000000000        0.0000000000
        0.0000000000        0.0000000000        0.0000000000
        0.0000000000        0.0000000000        0.0000000000
        0.0000000000        0.0000000000        0.0000000000
        0.0000000000        0.0000000000        0.0000000000
        0.0000000000        0.0000000000        0.0000000000
        0.0000000000        0.0000000000        0.0000000000
        0.0000000000        0.0000000000        0.0000000000
        0.0000000000        0.0000000000        0.0000000000
        0.0000000000        0.0000000000        0.0000000000
        0.0000000000        0.0000000000        0.0000000000
        0.0000000000        0.0000000000        0.0000000000
        0.0000000000        0.0000000000        0.0000000000
        0.0000000000        0.0000000000        0.0000000000
        0.0000000000        0.0000000000        0.0000000000
        0.0000000000        0.0000000000        0.0000000000
        0.0000000000        0.0000000000        0.0000000000
        0.0000000000        0.0000000000        0.0000000000
        0.0000000000        0.0000000000        0.0000000000
        0.0000000000        0.0000000000        0.0000000000
        0.0000000000        0.0000000000        0.0000000000
        0.0000000000        0.0000000000        0.0000000000
        0.0000000000        0.0000000000        0.0000000000
        0.0000000000        0.0000000000        0.0000000000
        0.0000000000        0.0000000000        0.0000000000
        0.0000000000        0.0000000000        0.0000000000
        0.0000000000        0.0000000000        0.0000000000
        0.0000000000        0.0000000000        0.0000000000
        0.0000000000        0.0000000000        0.0000000000
        0.0000000000        0.0000000000        0.0000000000
        0.0000000000        0.0000000000        0.0000000000
        0.0000000000        0.0000000000        0.0000000000
        0.0000000000        0.0000000000        0.0000000000
        0.0000000000        0.0000000000        0.0000000000
        0.0000000000        0.0000000000        0.0000000000
        0.0000000000        0.0000000000        0.0000000000
        0.0000000000        0.0000000000        0.0000000000
        0.0000000000        0.0000000000        0.0000000000
        0.0000000000        0.0000000000        0.0000000000
        0.0000000000        0.0000000000        0.0000000000
        0.0000000000        0.0000000000        0.0000000000
        0.0000000000        0.0000000000        0.0000000000
        0.0000000000        0.0000000000        0.0000000000
        0.0000000000        0.0000000000        0.0000000000
        0.0000000000        0.0000000000        0.0000000000
        0.0000000000        0.0000000000        0.0000000000
        0.0000000000        0.0000000000        0.0000000000
        0.0000000000        0.0000000000        0.0000000000
        0.0000000000        0.0000000000        0.0000000000
        0.0000000000        0.0000000000        0.0000000000
        0.0000000000        0.0000000000        0.0000000000
        0.0000000000        0.0000000000        0.0000000000
        0.0000000000        0.0000000000        0.0000000000
        0.0000000000        0.0000000000        0.0000000000
        0.0000000000        0.0000000000        0.0000000000
        0.0000000000        0.0000000000        0.0000000000
        0.0000000000        0.0000000000        0.0000000000
        0.0000000000        0.0000000000        0.0000000000
        0.0000000000        0.0000000000        0.0000000000
        0.0000000000        0.0000000000        0.0000000000
        0.0000000000        0.0000000000        0.0000000000
        0.0000000000        0.0000000000        0.0000000000
        0.0000000000        0.0000000000        0.0000000000
        0.0000000000        0.0000000000        0.0000000000
        0.0000000000        0.0000000000        0.0000000000
        0.0000000000        0.0000000000        0.0000000000
        0.0000000000        0.0000000000        0.0000000000
        0.0000000000        0.0000000000        0.0000000000
        0.0000000000        0.0000000000        0.0000000000
        0.0000000000        0.0000000000        0.0000000000
        0.0000000000        0.0000000000        0.0000000000

 CCSD contribution to dipole derivatives 

        0.0000000000        0.0088579424        0.0000000000
        0.0000000000        0.0000000000        0.0000000000
        0.0000000000        0.0000000000        0.0000000000
        0.0000000000        0.0000000000        0.0000000000
        0.0000000000        0.0000000000        0.0000000000
        0.0000000000        0.0000000000        0.0000000000
        0.0000000000       -0.0590144471        0.0000000000
        0.0000000000        0.0000000000        0.0000000000
        0.0000000000        0.0000000000        0.0000000000
        0.0000000000        0.0000000000        0.0000000000
        0.0000000000        0.0000000000        0.0000000000
        0.0000000000        0.0000000000        0.0000000000
        0.0000000000       -0.0425079419        0.0000000000
        0.0000000000        0.0000000000        0.0000000000
        0.0000000000        0.0000000000        0.0000000000
        0.0000000000        0.0000000000        0.0000000000
        0.0000000000        0.0000000000        0.0000000000
        0.0000000000        0.0000000000        0.0000000000
 @CHECKOUT-I, Total execution time (CPU/WALL):     4450.46/    1545.70 seconds.
--executable xsdcc finished with status     0 in     1545.81 seconds (walltime).
 --invoking executable--
/home/asmola/.local/bin/xanti
 @GETMEM-I,  Allocated   38146 MB of main memory.
 CCSD MO derivative gammas will be sorted to Mulliken order.
 @CHECKOUT-I, Total execution time (CPU/WALL):       37.77/     109.37 seconds.
--executable xanti finished with status     0 in      109.46 seconds (walltime).
 --invoking executable--
/home/asmola/.local/bin/xbcktrn
 @GETMEM-I,  Allocated   38146 MB of main memory.
 CCSD MO derivative gammas will be transformed to the AO basis.
 @CHECKOUT-I, Total execution time (CPU/WALL):      109.61/      17.32 seconds.
--executable xbcktrn finished with status     0 in       17.38 seconds (walltime).
 --invoking executable--
/home/asmola/.local/bin/xvdint
 @GETMEM-I,  Allocated   38146 MB of main memory.
 One- and two-electron integral derivatives are calculated
 for RHF-CC/MBPT hessians and dipole derivatives.
 Spherical gaussians are used.
  magnet F F
 Evaluation of 2el integral derivatives

                      Two-electron integral gradient
                      ------------------------------

 C #1      -0.0286011823            1.1604868964           -0.0878336769
 O #2      -0.0152563378           -0.2937156436            0.0414330921
 H #3       0.0003445167            0.0230269063           -0.0282930941
 H #4       0.0791642586           -0.3324063276            0.1404346354
 H #5       0.0381191334           -0.2674350584           -0.0833515365
 H #6      -0.0737703885           -0.2899567732            0.0176105801


 Evaluation of 2e integral derivatives required  693.00 seconds.
  contribution to Hessian
       -0.0286011823        1.1604868964       -0.0878336769
       -0.0152563378       -0.2937156436        0.0414330921
        0.0003445167        0.0230269063       -0.0282930941
        0.0791642586       -0.3324063276        0.1404346354
        0.0381191334       -0.2674350584       -0.0833515365
       -0.0737703885       -0.2899567732        0.0176105801
 @CHECKOUT-I, Total execution time (CPU/WALL):      692.99/     108.15 seconds.
--executable xvdint finished with status     0 in      108.18 seconds (walltime).
 --invoking executable--
/home/asmola/.local/bin/xsdcc
 @GETMEM-I,  Allocated   38146 MB of main memory.
 Vibrational frequencies and infrared intensities are calculated
 at the CCSD level within the harmonic approximation.
 CPHF coefficients for occ-occ block: U^x(i,j) = -1/2 S^x(i,j)
 CPHF coefficients for vrt-vrt block: U^x(a,b) = -1/2 S^x(a,b)
 Transformation of derivative integrals from AO to MO basis:
 RHF transformation
 Transformation of DIIII integral derivatives.
 1 pass through the AO integral derivative file was needed.
 174019563 AO integral derivatives were read from file DIIII.
 Transformation of first index required  581.7 seconds.
 Transformation of remaining indices required  340.6 seconds.
1715296743 MO integral derivatives were written to file DERINT.
        MO basis integral derivatives are being calculated
             (Symmetry block 1, perturbation   3)
 First derivative of the wavefunction is calculated (Symmetry block 1, perturbation   3)
 Resorts of perturbed amplitudes and integrals required   0.6 seconds.
 Construction of <Phi|(dH_N/dx exp(T))c|0> required  26.1 seconds.
 Starting iterative solution of the perturbed CC equations.
 The DIIS procedure is used to accelerate convergence.
 Convergence criterion is 10**(-7).
 Maximum number of iterations is 100.
 Convergence information after     1 iterations: 
 Largest element of residual vector : -0.40469220E-01.
 Largest element of DIIS residual   : -0.40469220E-01.
 Convergence information after     2 iterations: 
 Largest element of residual vector :  0.70179911E-02.
 Largest element of DIIS residual   : -0.53380855E-02.
 Convergence information after     3 iterations: 
 Largest element of residual vector :  0.40740756E-02.
 Largest element of DIIS residual   : -0.25100710E-02.
 Convergence information after     4 iterations: 
 Largest element of residual vector :  0.19750111E-02.
 Largest element of DIIS residual   :  0.16701840E-02.
 Convergence information after     5 iterations: 
 Largest element of residual vector : -0.10815954E-02.
 Largest element of DIIS residual   :  0.10449317E-02.
 Convergence information after     6 iterations: 
 Largest element of residual vector :  0.55468995E-03.
 Largest element of DIIS residual   : -0.45757953E-03.
 Convergence information after     7 iterations: 
 Largest element of residual vector :  0.25269644E-03.
 Largest element of DIIS residual   :  0.11709048E-03.
 Convergence information after     8 iterations: 
 Largest element of residual vector : -0.78380265E-04.
 Largest element of DIIS residual   : -0.54009127E-04.
 Convergence information after     9 iterations: 
 Largest element of residual vector : -0.31104553E-04.
 Largest element of DIIS residual   : -0.17259089E-04.
 Convergence information after    10 iterations: 
 Largest element of residual vector : -0.12347080E-04.
 Largest element of DIIS residual   : -0.45632328E-05.
 Convergence information after    11 iterations: 
 Largest element of residual vector : -0.38871493E-05.
 Largest element of DIIS residual   : -0.18545267E-05.
 Convergence information after    12 iterations: 
 Largest element of residual vector :  0.11958900E-05.
 Largest element of DIIS residual   : -0.94421708E-06.
 Convergence information after    13 iterations: 
 Largest element of residual vector :  0.63275498E-06.
 Largest element of DIIS residual   :  0.52111637E-06.
 Convergence information after    14 iterations: 
 Largest element of residual vector :  0.30171299E-06.
 Largest element of DIIS residual   :  0.20148079E-06.
 Convergence information after    15 iterations: 
 Largest element of residual vector :  0.14891374E-06.
 Largest element of DIIS residual   : -0.86419030E-07.
 Perturbed amplitude equations converged in    15 iterations.
  Dominant contributions to perturbed wavefunction:
    9    9  167   22   0.1227304854 ABAB
    9    9   22  167   0.1227304854 ABAB
    9    9  124   22   0.0948309124 ABAB
    9    9   22  124   0.0948309124 ABAB
    9    9   85   22  -0.0946034336 ABAB
    9    9   22   85  -0.0946034336 ABAB
    9    9  119   22   0.0872428180 ABAB
    9    9   22  119   0.0872428180 ABAB
    9    9  167   37  -0.0836122457 ABAB
    9    9   37  167  -0.0836122457 ABAB
    9    9   88   22  -0.0786886386 ABAB
    9    9   22   88  -0.0786886386 ABAB
    9    9   84   22  -0.0771552102 ABAB
    9    9   22   84  -0.0771552102 ABAB
    9    9   49   22  -0.0690469751 ABAB
    9    9   22   49  -0.0690469751 ABAB
    9    9  167   35   0.0661121444 ABAB
    9    9   35  167   0.0661121444 ABAB
    9    9   38   22  -0.0658355674 ABAB
    9    9   22   38  -0.0658355674 ABAB
  Total CCSD gradient is   -0.005856335760389.
  norm of converged amps    2.34779289650422     
 Starting iterative solution of the perturbed Lambda equations.
 The DIIS procedure is used to accelerate convergence.
 Convergence criterion is 10**(-7).
 Maximum number of iterations is 100.
 Convergence information after     1 iterations: 
 Largest element of residual vector : -0.34865394E-01.
 Largest element of DIIS residual   : -0.34865394E-01.
 Convergence information after     2 iterations: 
 Largest element of residual vector :  0.63161690E-02.
 Largest element of DIIS residual   : -0.47560598E-02.
 Convergence information after     3 iterations: 
 Largest element of residual vector :  0.36340785E-02.
 Largest element of DIIS residual   : -0.23495647E-02.
 Convergence information after     4 iterations: 
 Largest element of residual vector :  0.17910090E-02.
 Largest element of DIIS residual   :  0.15263633E-02.
 Convergence information after     5 iterations: 
 Largest element of residual vector : -0.10001302E-02.
 Largest element of DIIS residual   :  0.95792944E-03.
 Convergence information after     6 iterations: 
 Largest element of residual vector :  0.50301435E-03.
 Largest element of DIIS residual   : -0.40972604E-03.
 Convergence information after     7 iterations: 
 Largest element of residual vector :  0.22790436E-03.
 Largest element of DIIS residual   :  0.10853309E-03.
 Convergence information after     8 iterations: 
 Largest element of residual vector : -0.72601367E-04.
 Largest element of DIIS residual   : -0.50007313E-04.
 Convergence information after     9 iterations: 
 Largest element of residual vector : -0.28895724E-04.
 Largest element of DIIS residual   : -0.15716949E-04.
 Convergence information after    10 iterations: 
 Largest element of residual vector : -0.11468432E-04.
 Largest element of DIIS residual   : -0.42244691E-05.
 Convergence information after    11 iterations: 
 Largest element of residual vector : -0.35975384E-05.
 Largest element of DIIS residual   : -0.16745066E-05.
 Convergence information after    12 iterations: 
 Largest element of residual vector :  0.11084484E-05.
 Largest element of DIIS residual   : -0.85751503E-06.
 Convergence information after    13 iterations: 
 Largest element of residual vector :  0.59076905E-06.
 Largest element of DIIS residual   :  0.48821483E-06.
 Convergence information after    14 iterations: 
 Largest element of residual vector :  0.28802889E-06.
 Largest element of DIIS residual   :  0.19960566E-06.
 Convergence information after    15 iterations: 
 Largest element of residual vector :  0.13965441E-06.
 Largest element of DIIS residual   : -0.88583486E-07.
 Perturbed Lambda equations converged in    15 iterations.
  Dominant contributions to perturbed wavefunction:
    9    9  167   22   0.1177239386 ABAB
    9    9   22  167   0.1177239386 ABAB
    9    9  124   22   0.0911644176 ABAB
    9    9   22  124   0.0911644176 ABAB
    9    9   85   22  -0.0909554469 ABAB
    9    9   22   85  -0.0909554469 ABAB
    9    9  119   22   0.0837840855 ABAB
    9    9   22  119   0.0837840855 ABAB
    9    9  167   37  -0.0805560840 ABAB
    9    9   37  167  -0.0805560840 ABAB
    9    9   88   22  -0.0756037645 ABAB
    9    9   22   88  -0.0756037645 ABAB
    9    9   84   22  -0.0741933124 ABAB
    9    9   22   84  -0.0741933124 ABAB
    9    9   49   22  -0.0664056640 ABAB
    9    9   22   49  -0.0664056640 ABAB
    9    9  167   35   0.0632308265 ABAB
    9    9   35  167   0.0632308265 ABAB
    9    9   38   22  -0.0632126229 ABAB
    9    9   22   38  -0.0632126229 ABAB
  Total CCSD gradient is   -0.004348631929143.
        The DBOC first-order density matrix is being calculated 
             (Symmetry block 1, perturbation   3)
 term   6.53740866195227     
 final tnorm1  5.912114258385679E-003
  <0|L dT/dx|0>  5.912114258385679E-003
  norm contr. I: |<0|L dT/dx|0>|^2   3.495309500420724E-005
  norm contr. II: <0|[nabla(1+L)e-T][nabla e^T]|0>   6.53740866195227     
  total norm contribution   6.53744361504728     
 oo -6.810350567458225E-003
 vv  -65.4267506452256     
 vo -0.116736524930960     
  Correlated perturbed 1-el contribution to DBOC  -65.5502975207241       cm**-1
  SUM_I |dc_I/dx|^2 contribution to DBOC   32.8050029378688       cm**-1
 
  current total DBOC   5614.80257714447       cm**-1
 First-order density matrix is being calculated  (Symmetry block 1, perturbation   3)
 Calculation of the contributions of <pq||rs> to dI(i,j)/dx required   7.5 seconds.
 Calculation of the contributions of <pq||rs> to dI(a,b)/dx required  41.6 seconds.
 Calculation of the contributions of <pq||rs> to dI(i,a)/dx required  13.9 seconds.
 First-order Z-vector equations are solved for 1 perturbation.
 Convergence reached after  25 iterations.
        U*G(pq,rs) contribution is being calculated
             (Symmetry block 1, perturbation   3)

 CCSD contribution to force constants 

        0.0000000000        0.0000000000        0.0000000000
        0.0000000000        0.0000000000        0.0000000000
        0.0000000000        0.0000000000        0.0000000000
        0.0000000000        0.0000000000        0.0000000000
        0.0000000000        0.0000000000        0.0000000000
        0.0000000000        0.0000000000        0.0000000000
        0.0000000000        0.0000000000        0.0000000000
        0.0000000000        0.0000000000        0.0000000000
        0.0000000000        0.0000000000        0.0000000000
        0.0000000000        0.0000000000        0.0000000000
        0.0000000000        0.0000000000        0.0000000000
        0.0000000000        0.0000000000        0.0000000000
        2.7700839419       12.5072341449       12.5223052443
       -0.1624399843        0.1993992480        2.6187066448
       -0.3282452858        0.4185136752        0.7910116296
       -1.5343094852      -10.9463754367       -1.5621294050
        0.2583108461        5.0287462265       -6.7562663651
       -1.0034000326       -7.2075178579       -7.6136277485
        0.0000000000        0.0000000000        0.0000000000
        0.0000000000        0.0000000000        0.0000000000
        0.0000000000        0.0000000000        0.0000000000
        0.0000000000        0.0000000000        0.0000000000
        0.0000000000        0.0000000000        0.0000000000
        0.0000000000        0.0000000000        0.0000000000
        0.0000000000        0.0000000000        0.0000000000
        0.0000000000        0.0000000000        0.0000000000
        0.0000000000        0.0000000000        0.0000000000
        0.0000000000        0.0000000000        0.0000000000
        0.0000000000        0.0000000000        0.0000000000
        0.0000000000        0.0000000000        0.0000000000
        0.0000000000        0.0000000000        0.0000000000
        0.0000000000        0.0000000000        0.0000000000
        0.0000000000        0.0000000000        0.0000000000
        0.0000000000        0.0000000000        0.0000000000
        0.0000000000        0.0000000000        0.0000000000
        0.0000000000        0.0000000000        0.0000000000
        0.0000000000        0.0000000000        0.0000000000
        0.0000000000        0.0000000000        0.0000000000
        0.0000000000        0.0000000000        0.0000000000
        0.0000000000        0.0000000000        0.0000000000
        0.0000000000        0.0000000000        0.0000000000
        0.0000000000        0.0000000000        0.0000000000
        0.0000000000        0.0000000000        0.0000000000
        0.0000000000        0.0000000000        0.0000000000
        0.0000000000        0.0000000000        0.0000000000
        0.0000000000        0.0000000000        0.0000000000
        0.0000000000        0.0000000000        0.0000000000
        0.0000000000        0.0000000000        0.0000000000
        0.0000000000        0.0000000000        0.0000000000
        0.0000000000        0.0000000000        0.0000000000
        0.0000000000        0.0000000000        0.0000000000
        0.0000000000        0.0000000000        0.0000000000
        0.0000000000        0.0000000000        0.0000000000
        0.0000000000        0.0000000000        0.0000000000
        0.0000000000        0.0000000000        0.0000000000
        0.0000000000        0.0000000000        0.0000000000
        0.0000000000        0.0000000000        0.0000000000
        0.0000000000        0.0000000000        0.0000000000
        0.0000000000        0.0000000000        0.0000000000
        0.0000000000        0.0000000000        0.0000000000
        0.0000000000        0.0000000000        0.0000000000
        0.0000000000        0.0000000000        0.0000000000
        0.0000000000        0.0000000000        0.0000000000
        0.0000000000        0.0000000000        0.0000000000
        0.0000000000        0.0000000000        0.0000000000
        0.0000000000        0.0000000000        0.0000000000
        0.0000000000        0.0000000000        0.0000000000
        0.0000000000        0.0000000000        0.0000000000
        0.0000000000        0.0000000000        0.0000000000
        0.0000000000        0.0000000000        0.0000000000
        0.0000000000        0.0000000000        0.0000000000
        0.0000000000        0.0000000000        0.0000000000
        0.0000000000        0.0000000000        0.0000000000
        0.0000000000        0.0000000000        0.0000000000
        0.0000000000        0.0000000000        0.0000000000
        0.0000000000        0.0000000000        0.0000000000
        0.0000000000        0.0000000000        0.0000000000
        0.0000000000        0.0000000000        0.0000000000
        0.0000000000        0.0000000000        0.0000000000
        0.0000000000        0.0000000000        0.0000000000
        0.0000000000        0.0000000000        0.0000000000
        0.0000000000        0.0000000000        0.0000000000
        0.0000000000        0.0000000000        0.0000000000
        0.0000000000        0.0000000000        0.0000000000
        0.0000000000        0.0000000000        0.0000000000
        0.0000000000        0.0000000000        0.0000000000
        0.0000000000        0.0000000000        0.0000000000
        0.0000000000        0.0000000000        0.0000000000
        0.0000000000        0.0000000000        0.0000000000
        0.0000000000        0.0000000000        0.0000000000
        0.0000000000        0.0000000000        0.0000000000
        0.0000000000        0.0000000000        0.0000000000
        0.0000000000        0.0000000000        0.0000000000
        0.0000000000        0.0000000000        0.0000000000
        0.0000000000        0.0000000000        0.0000000000
        0.0000000000        0.0000000000        0.0000000000
        0.0000000000        0.0000000000        0.0000000000
        0.0000000000        0.0000000000        0.0000000000
        0.0000000000        0.0000000000        0.0000000000
        0.0000000000        0.0000000000        0.0000000000
        0.0000000000        0.0000000000        0.0000000000
        0.0000000000        0.0000000000        0.0000000000
        0.0000000000        0.0000000000        0.0000000000
        0.0000000000        0.0000000000        0.0000000000
        0.0000000000        0.0000000000        0.0000000000
        0.0000000000        0.0000000000        0.0000000000
        0.0000000000        0.0000000000        0.0000000000
        0.0000000000        0.0000000000        0.0000000000

 CCSD contribution to dipole derivatives 

        0.0000000000        0.0000000000        0.0141703052
        0.0000000000        0.0000000000        0.0000000000
        0.0000000000        0.0000000000        0.0000000000
        0.0000000000        0.0000000000        0.0000000000
        0.0000000000        0.0000000000        0.0000000000
        0.0000000000        0.0000000000        0.0000000000
        0.0000000000        0.0000000000       -0.0398968686
        0.0000000000        0.0000000000        0.0000000000
        0.0000000000        0.0000000000        0.0000000000
        0.0000000000        0.0000000000        0.0000000000
        0.0000000000        0.0000000000        0.0000000000
        0.0000000000        0.0000000000        0.0000000000
        0.0000000000        0.0000000000        0.0186961567
        0.0000000000        0.0000000000        0.0000000000
        0.0000000000        0.0000000000        0.0000000000
        0.0000000000        0.0000000000        0.0000000000
        0.0000000000        0.0000000000        0.0000000000
        0.0000000000        0.0000000000        0.0000000000
 @CHECKOUT-I, Total execution time (CPU/WALL):     4244.65/    1518.22 seconds.
--executable xsdcc finished with status     0 in     1518.33 seconds (walltime).
 --invoking executable--
/home/asmola/.local/bin/xanti
 @GETMEM-I,  Allocated   38146 MB of main memory.
 CCSD MO derivative gammas will be sorted to Mulliken order.
 @CHECKOUT-I, Total execution time (CPU/WALL):       37.59/     146.98 seconds.
--executable xanti finished with status     0 in      147.13 seconds (walltime).
 --invoking executable--
/home/asmola/.local/bin/xbcktrn
 @GETMEM-I,  Allocated   38146 MB of main memory.
 CCSD MO derivative gammas will be transformed to the AO basis.
 @CHECKOUT-I, Total execution time (CPU/WALL):      156.77/      24.83 seconds.
--executable xbcktrn finished with status     0 in       24.86 seconds (walltime).
 --invoking executable--
/home/asmola/.local/bin/xvdint
 @GETMEM-I,  Allocated   38146 MB of main memory.
 One- and two-electron integral derivatives are calculated
 for RHF-CC/MBPT hessians and dipole derivatives.
 Spherical gaussians are used.
  magnet F F
 Evaluation of 2el integral derivatives

                      Two-electron integral gradient
                      ------------------------------

 C #1       0.0352305962           -0.0658153759            1.5054134911
 O #2       0.0068074005            0.0331307565           -0.2931375753
 H #3       0.0286842528           -0.0323043253            0.0333096724
 H #4      -0.0006158741            0.0355318856           -0.4872891123
 H #5      -0.0502864668            0.0100576831           -0.3397873782
 H #6      -0.0198199087            0.0193993760           -0.4185090977


 Evaluation of 2e integral derivatives required  950.63 seconds.
  contribution to Hessian
        0.0352305962       -0.0658153759        1.5054134911
        0.0068074005        0.0331307565       -0.2931375753
        0.0286842528       -0.0323043253        0.0333096724
       -0.0006158741        0.0355318856       -0.4872891123
       -0.0502864668        0.0100576831       -0.3397873782
       -0.0198199087        0.0193993760       -0.4185090977
 @CHECKOUT-I, Total execution time (CPU/WALL):      950.61/     144.40 seconds.
--executable xvdint finished with status     0 in      144.44 seconds (walltime).
 --invoking executable--
/home/asmola/.local/bin/xsdcc
 @GETMEM-I,  Allocated   38146 MB of main memory.
 Vibrational frequencies and infrared intensities are calculated
 at the CCSD level within the harmonic approximation.
 CPHF coefficients for occ-occ block: U^x(i,j) = -1/2 S^x(i,j)
 CPHF coefficients for vrt-vrt block: U^x(a,b) = -1/2 S^x(a,b)
 Transformation of derivative integrals from AO to MO basis:
 RHF transformation
 Transformation of DIIII integral derivatives.
 1 pass through the AO integral derivative file was needed.
 174088402 AO integral derivatives were read from file DIIII.
 Transformation of first index required  698.2 seconds.
 Transformation of remaining indices required  389.8 seconds.
1715296743 MO integral derivatives were written to file DERINT.
        MO basis integral derivatives are being calculated
             (Symmetry block 1, perturbation   4)
 First derivative of the wavefunction is calculated (Symmetry block 1, perturbation   4)
 Resorts of perturbed amplitudes and integrals required   0.1 seconds.
 Construction of <Phi|(dH_N/dx exp(T))c|0> required  34.4 seconds.
 Starting iterative solution of the perturbed CC equations.
 The DIIS procedure is used to accelerate convergence.
 Convergence criterion is 10**(-7).
 Maximum number of iterations is 100.
 Convergence information after     1 iterations: 
 Largest element of residual vector : -0.20136529E-01.
 Largest element of DIIS residual   : -0.20136529E-01.
 Convergence information after     2 iterations: 
 Largest element of residual vector :  0.32279143E-02.
 Largest element of DIIS residual   :  0.32237920E-02.
 Convergence information after     3 iterations: 
 Largest element of residual vector :  0.21754018E-02.
 Largest element of DIIS residual   :  0.19780412E-02.
 Convergence information after     4 iterations: 
 Largest element of residual vector :  0.88458510E-03.
 Largest element of DIIS residual   :  0.71985605E-03.
 Convergence information after     5 iterations: 
 Largest element of residual vector :  0.39912948E-03.
 Largest element of DIIS residual   :  0.24751964E-03.
 Convergence information after     6 iterations: 
 Largest element of residual vector :  0.13367751E-03.
 Largest element of DIIS residual   : -0.74167464E-04.
 Convergence information after     7 iterations: 
 Largest element of residual vector :  0.56868458E-04.
 Largest element of DIIS residual   :  0.31944160E-04.
 Convergence information after     8 iterations: 
 Largest element of residual vector :  0.17716461E-04.
 Largest element of DIIS residual   :  0.12187498E-04.
 Convergence information after     9 iterations: 
 Largest element of residual vector :  0.88051237E-05.
 Largest element of DIIS residual   :  0.49319978E-05.
 Convergence information after    10 iterations: 
 Largest element of residual vector :  0.35243224E-05.
 Largest element of DIIS residual   :  0.23973890E-05.
 Convergence information after    11 iterations: 
 Largest element of residual vector : -0.14103732E-05.
 Largest element of DIIS residual   : -0.11632647E-05.
 Convergence information after    12 iterations: 
 Largest element of residual vector :  0.55162293E-06.
 Largest element of DIIS residual   :  0.30073664E-06.
 Convergence information after    13 iterations: 
 Largest element of residual vector : -0.24171053E-06.
 Largest element of DIIS residual   : -0.13720382E-06.
 Convergence information after    14 iterations: 
 Largest element of residual vector : -0.72754372E-07.
 Largest element of DIIS residual   : -0.42841906E-07.
 Perturbed amplitude equations converged in    14 iterations.
  Dominant contributions to perturbed wavefunction:
    7    7  180   41   0.0266461038 ABAB
    7    7   41  180   0.0266461038 ABAB
    7    7  180   43   0.0231389680 ABAB
    7    7   43  180   0.0231389680 ABAB
    5    5  180   43   0.0226874776 ABAB
    5    5   43  180   0.0226874776 ABAB
    6    6  111   39  -0.0212016328 ABAB
    6    6   39  111  -0.0212016328 ABAB
    7    7  115   41   0.0197843138 ABAB
    7    7   41  115   0.0197843138 ABAB
    5    5  115   43   0.0188987561 ABAB
    5    5   43  115   0.0188987561 ABAB
    7    7  168   43   0.0184089297 ABAB
    7    7   43  168   0.0184089297 ABAB
    7    7  115   43   0.0181233471 ABAB
    7    7   43  115   0.0181233471 ABAB
    5    5  181   43   0.0179493090 ABAB
    5    5   43  181   0.0179493090 ABAB
    7    7  168   41   0.0178369374 ABAB
    7    7   41  168   0.0178369374 ABAB
  Total CCSD gradient is   -0.004301980389053.
  norm of converged amps    1.24398318262344     
 Starting iterative solution of the perturbed Lambda equations.
 The DIIS procedure is used to accelerate convergence.
 Convergence criterion is 10**(-7).
 Maximum number of iterations is 100.
 Convergence information after     1 iterations: 
 Largest element of residual vector : -0.16786889E-01.
 Largest element of DIIS residual   : -0.16786889E-01.
 Convergence information after     2 iterations: 
 Largest element of residual vector :  0.26798646E-02.
 Largest element of DIIS residual   :  0.26605293E-02.
 Convergence information after     3 iterations: 
 Largest element of residual vector :  0.17863548E-02.
 Largest element of DIIS residual   :  0.17157880E-02.
 Convergence information after     4 iterations: 
 Largest element of residual vector :  0.76005101E-03.
 Largest element of DIIS residual   :  0.62187038E-03.
 Convergence information after     5 iterations: 
 Largest element of residual vector :  0.35229126E-03.
 Largest element of DIIS residual   :  0.21209111E-03.
 Convergence information after     6 iterations: 
 Largest element of residual vector :  0.11419486E-03.
 Largest element of DIIS residual   :  0.67517555E-04.
 Convergence information after     7 iterations: 
 Largest element of residual vector :  0.49406959E-04.
 Largest element of DIIS residual   :  0.28158077E-04.
 Convergence information after     8 iterations: 
 Largest element of residual vector : -0.15768248E-04.
 Largest element of DIIS residual   :  0.10652333E-04.
 Convergence information after     9 iterations: 
 Largest element of residual vector :  0.77144964E-05.
 Largest element of DIIS residual   :  0.42958260E-05.
 Convergence information after    10 iterations: 
 Largest element of residual vector :  0.30589019E-05.
 Largest element of DIIS residual   :  0.20981786E-05.
 Convergence information after    11 iterations: 
 Largest element of residual vector : -0.12140106E-05.
 Largest element of DIIS residual   : -0.10079708E-05.
 Convergence information after    12 iterations: 
 Largest element of residual vector :  0.46089624E-06.
 Largest element of DIIS residual   :  0.25776749E-06.
 Convergence information after    13 iterations: 
 Largest element of residual vector : -0.19608181E-06.
 Largest element of DIIS residual   :  0.11174487E-06.
 Convergence information after    14 iterations: 
 Largest element of residual vector : -0.54749273E-07.
 Largest element of DIIS residual   : -0.35216015E-07.
 Perturbed Lambda equations converged in    14 iterations.
  Dominant contributions to perturbed wavefunction:
    7    7  180   41   0.0255027965 ABAB
    7    7   41  180   0.0255027965 ABAB
    7    7  180   43   0.0220601260 ABAB
    7    7   43  180   0.0220601260 ABAB
    5    5  180   43   0.0218302294 ABAB
    5    5   43  180   0.0218302294 ABAB
    6    6  111   39  -0.0206912722 ABAB
    6    6   39  111  -0.0206912722 ABAB
    7    7  115   41   0.0189076094 ABAB
    7    7   41  115   0.0189076094 ABAB
    5    5  115   43   0.0181891369 ABAB
    5    5   43  115   0.0181891369 ABAB
    7    7  168   43   0.0175111270 ABAB
    7    7   43  168   0.0175111270 ABAB
    5    5  181   43   0.0172903681 ABAB
    5    5   43  181   0.0172903681 ABAB
    7    7  115   43   0.0172682554 ABAB
    7    7   43  115   0.0172682554 ABAB
    6    5   39  111  -0.0169723997 ABAB
    5    6  111   39  -0.0169723997 ABAB
  Total CCSD gradient is   -0.001867590382627.
        The DBOC first-order density matrix is being calculated 
             (Symmetry block 1, perturbation   4)
 term   1.89135346387384     
 final tnorm1  6.678247559599713E-003
  <0|L dT/dx|0>  6.678247559599713E-003
  norm contr. I: |<0|L dT/dx|0>|^2   4.459899046729952E-005
  norm contr. II: <0|[nabla(1+L)e-T][nabla e^T]|0>   1.89135346387384     
  total norm contribution   1.89139806286431     
 oo  2.640066900794628E-003
 vv  -14.1552927879355     
 vo -0.105818759153577     
  Correlated perturbed 1-el contribution to DBOC  -14.2584714801883       cm**-1
  SUM_I |dc_I/dx|^2 contribution to DBOC   7.12056445870947       cm**-1
 
  current total DBOC   5607.66467012299       cm**-1
 First-order density matrix is being calculated  (Symmetry block 1, perturbation   4)
 Calculation of the contributions of <pq||rs> to dI(i,j)/dx required   5.6 seconds.
 Calculation of the contributions of <pq||rs> to dI(a,b)/dx required  51.4 seconds.
 Calculation of the contributions of <pq||rs> to dI(i,a)/dx required  21.6 seconds.
 First-order Z-vector equations are solved for 1 perturbation.
 Convergence reached after  26 iterations.
        U*G(pq,rs) contribution is being calculated
             (Symmetry block 1, perturbation   4)

 CCSD contribution to force constants 

        0.0000000000        0.0000000000        0.0000000000
        0.0000000000        0.0000000000        0.0000000000
        0.0000000000        0.0000000000        0.0000000000
        0.0000000000        0.0000000000        0.0000000000
        0.0000000000        0.0000000000        0.0000000000
        0.0000000000        0.0000000000        0.0000000000
        0.0000000000        0.0000000000        0.0000000000
        0.0000000000        0.0000000000        0.0000000000
        0.0000000000        0.0000000000        0.0000000000
        0.0000000000        0.0000000000        0.0000000000
        0.0000000000        0.0000000000        0.0000000000
        0.0000000000        0.0000000000        0.0000000000
        0.0000000000        0.0000000000        0.0000000000
        0.0000000000        0.0000000000        0.0000000000
        0.0000000000        0.0000000000        0.0000000000
        0.0000000000        0.0000000000        0.0000000000
        0.0000000000        0.0000000000        0.0000000000
        0.0000000000        0.0000000000        0.0000000000
       -2.2794876260       -1.2702285120        1.1021305538
        2.1282456734       -2.9238627304        4.8068712704
        0.5439005948        3.4541527988       -5.5289210740
       -0.0610953802       -0.4239971321       -0.3045374936
       -0.6487201226        0.5276898595       -0.3960081880
        0.3171568606        0.6362457163        0.3204649313
        0.0000000000        0.0000000000        0.0000000000
        0.0000000000        0.0000000000        0.0000000000
        0.0000000000        0.0000000000        0.0000000000
        0.0000000000        0.0000000000        0.0000000000
        0.0000000000        0.0000000000        0.0000000000
        0.0000000000        0.0000000000        0.0000000000
        0.0000000000        0.0000000000        0.0000000000
        0.0000000000        0.0000000000        0.0000000000
        0.0000000000        0.0000000000        0.0000000000
        0.0000000000        0.0000000000        0.0000000000
        0.0000000000        0.0000000000        0.0000000000
        0.0000000000        0.0000000000        0.0000000000
        0.0000000000        0.0000000000        0.0000000000
        0.0000000000        0.0000000000        0.0000000000
        0.0000000000        0.0000000000        0.0000000000
        0.0000000000        0.0000000000        0.0000000000
        0.0000000000        0.0000000000        0.0000000000
        0.0000000000        0.0000000000        0.0000000000
        0.0000000000        0.0000000000        0.0000000000
        0.0000000000        0.0000000000        0.0000000000
        0.0000000000        0.0000000000        0.0000000000
        0.0000000000        0.0000000000        0.0000000000
        0.0000000000        0.0000000000        0.0000000000
        0.0000000000        0.0000000000        0.0000000000
        0.0000000000        0.0000000000        0.0000000000
        0.0000000000        0.0000000000        0.0000000000
        0.0000000000        0.0000000000        0.0000000000
        0.0000000000        0.0000000000        0.0000000000
        0.0000000000        0.0000000000        0.0000000000
        0.0000000000        0.0000000000        0.0000000000
        0.0000000000        0.0000000000        0.0000000000
        0.0000000000        0.0000000000        0.0000000000
        0.0000000000        0.0000000000        0.0000000000
        0.0000000000        0.0000000000        0.0000000000
        0.0000000000        0.0000000000        0.0000000000
        0.0000000000        0.0000000000        0.0000000000
        0.0000000000        0.0000000000        0.0000000000
        0.0000000000        0.0000000000        0.0000000000
        0.0000000000        0.0000000000        0.0000000000
        0.0000000000        0.0000000000        0.0000000000
        0.0000000000        0.0000000000        0.0000000000
        0.0000000000        0.0000000000        0.0000000000
        0.0000000000        0.0000000000        0.0000000000
        0.0000000000        0.0000000000        0.0000000000
        0.0000000000        0.0000000000        0.0000000000
        0.0000000000        0.0000000000        0.0000000000
        0.0000000000        0.0000000000        0.0000000000
        0.0000000000        0.0000000000        0.0000000000
        0.0000000000        0.0000000000        0.0000000000
        0.0000000000        0.0000000000        0.0000000000
        0.0000000000        0.0000000000        0.0000000000
        0.0000000000        0.0000000000        0.0000000000
        0.0000000000        0.0000000000        0.0000000000
        0.0000000000        0.0000000000        0.0000000000
        0.0000000000        0.0000000000        0.0000000000
        0.0000000000        0.0000000000        0.0000000000
        0.0000000000        0.0000000000        0.0000000000
        0.0000000000        0.0000000000        0.0000000000
        0.0000000000        0.0000000000        0.0000000000
        0.0000000000        0.0000000000        0.0000000000
        0.0000000000        0.0000000000        0.0000000000
        0.0000000000        0.0000000000        0.0000000000
        0.0000000000        0.0000000000        0.0000000000
        0.0000000000        0.0000000000        0.0000000000
        0.0000000000        0.0000000000        0.0000000000
        0.0000000000        0.0000000000        0.0000000000
        0.0000000000        0.0000000000        0.0000000000
        0.0000000000        0.0000000000        0.0000000000
        0.0000000000        0.0000000000        0.0000000000
        0.0000000000        0.0000000000        0.0000000000
        0.0000000000        0.0000000000        0.0000000000
        0.0000000000        0.0000000000        0.0000000000
        0.0000000000        0.0000000000        0.0000000000
        0.0000000000        0.0000000000        0.0000000000
        0.0000000000        0.0000000000        0.0000000000
        0.0000000000        0.0000000000        0.0000000000
        0.0000000000        0.0000000000        0.0000000000
        0.0000000000        0.0000000000        0.0000000000
        0.0000000000        0.0000000000        0.0000000000
        0.0000000000        0.0000000000        0.0000000000
        0.0000000000        0.0000000000        0.0000000000
        0.0000000000        0.0000000000        0.0000000000
        0.0000000000        0.0000000000        0.0000000000
        0.0000000000        0.0000000000        0.0000000000

 CCSD contribution to dipole derivatives 

        0.0000000000        0.0000000000        0.0000000000
        0.0944673585        0.0000000000        0.0000000000
        0.0000000000        0.0000000000        0.0000000000
        0.0000000000        0.0000000000        0.0000000000
        0.0000000000        0.0000000000        0.0000000000
        0.0000000000        0.0000000000        0.0000000000
        0.0000000000        0.0000000000        0.0000000000
        0.0055723187        0.0000000000        0.0000000000
        0.0000000000        0.0000000000        0.0000000000
        0.0000000000        0.0000000000        0.0000000000
        0.0000000000        0.0000000000        0.0000000000
        0.0000000000        0.0000000000        0.0000000000
        0.0000000000        0.0000000000        0.0000000000
       -0.0131894525        0.0000000000        0.0000000000
        0.0000000000        0.0000000000        0.0000000000
        0.0000000000        0.0000000000        0.0000000000
        0.0000000000        0.0000000000        0.0000000000
        0.0000000000        0.0000000000        0.0000000000
 @CHECKOUT-I, Total execution time (CPU/WALL):     4559.60/    1754.68 seconds.
--executable xsdcc finished with status     0 in     1754.80 seconds (walltime).
 --invoking executable--
/home/asmola/.local/bin/xanti
 @GETMEM-I,  Allocated   38146 MB of main memory.
 CCSD MO derivative gammas will be sorted to Mulliken order.
 @CHECKOUT-I, Total execution time (CPU/WALL):       39.00/     104.01 seconds.
--executable xanti finished with status     0 in      104.08 seconds (walltime).
 --invoking executable--
/home/asmola/.local/bin/xbcktrn
 @GETMEM-I,  Allocated   38146 MB of main memory.
 CCSD MO derivative gammas will be transformed to the AO basis.
 @CHECKOUT-I, Total execution time (CPU/WALL):      129.55/      36.91 seconds.
--executable xbcktrn finished with status     0 in       36.96 seconds (walltime).
 --invoking executable--
/home/asmola/.local/bin/xvdint
 @GETMEM-I,  Allocated   38146 MB of main memory.
 One- and two-electron integral derivatives are calculated
 for RHF-CC/MBPT hessians and dipole derivatives.
 Spherical gaussians are used.
  magnet F F
 Evaluation of 2el integral derivatives

                      Two-electron integral gradient
                      ------------------------------

 C #1      -0.5578759824           -0.0217700121            0.0189655212
 O #2       0.8456690274            0.0209245827           -0.0215205642
 H #3      -0.2734348165            0.0253966956           -0.0341903648
 H #4      -0.0106589269           -0.0061764452            0.0090209202
 H #5       0.0167734807           -0.0288943459            0.0134772621
 H #6      -0.0204727823            0.0105195250            0.0142472255


 Evaluation of 2e integral derivatives required  934.37 seconds.
  contribution to Hessian
       -0.5578759824       -0.0217700121        0.0189655212
        0.8456690274        0.0209245827       -0.0215205642
       -0.2734348165        0.0253966956       -0.0341903648
       -0.0106589269       -0.0061764452        0.0090209202
        0.0167734807       -0.0288943459        0.0134772621
       -0.0204727823        0.0105195250        0.0142472255
 @CHECKOUT-I, Total execution time (CPU/WALL):      934.36/     145.29 seconds.
--executable xvdint finished with status     0 in      145.32 seconds (walltime).
 --invoking executable--
/home/asmola/.local/bin/xsdcc
 @GETMEM-I,  Allocated   38146 MB of main memory.
 Vibrational frequencies and infrared intensities are calculated
 at the CCSD level within the harmonic approximation.
 CPHF coefficients for occ-occ block: U^x(i,j) = -1/2 S^x(i,j)
 CPHF coefficients for vrt-vrt block: U^x(a,b) = -1/2 S^x(a,b)
 Transformation of derivative integrals from AO to MO basis:
 RHF transformation
 Transformation of DIIII integral derivatives.
 1 pass through the AO integral derivative file was needed.
 173942806 AO integral derivatives were read from file DIIII.
 Transformation of first index required  693.6 seconds.
 Transformation of remaining indices required  376.8 seconds.
1715296743 MO integral derivatives were written to file DERINT.
        MO basis integral derivatives are being calculated
             (Symmetry block 1, perturbation   5)
 First derivative of the wavefunction is calculated (Symmetry block 1, perturbation   5)
 Resorts of perturbed amplitudes and integrals required   0.6 seconds.
 Construction of <Phi|(dH_N/dx exp(T))c|0> required  34.7 seconds.
 Starting iterative solution of the perturbed CC equations.
 The DIIS procedure is used to accelerate convergence.
 Convergence criterion is 10**(-7).
 Maximum number of iterations is 100.
 Convergence information after     1 iterations: 
 Largest element of residual vector : -0.53895615E-01.
 Largest element of DIIS residual   : -0.53895615E-01.
 Convergence information after     2 iterations: 
 Largest element of residual vector : -0.65087829E-02.
 Largest element of DIIS residual   :  0.46599347E-02.
 Convergence information after     3 iterations: 
 Largest element of residual vector :  0.66160086E-02.
 Largest element of DIIS residual   :  0.42957249E-02.
 Convergence information after     4 iterations: 
 Largest element of residual vector :  0.18256866E-02.
 Largest element of DIIS residual   :  0.13129311E-02.
 Convergence information after     5 iterations: 
 Largest element of residual vector :  0.71913007E-03.
 Largest element of DIIS residual   :  0.62507842E-03.
 Convergence information after     6 iterations: 
 Largest element of residual vector :  0.42940477E-03.
 Largest element of DIIS residual   :  0.30364033E-03.
 Convergence information after     7 iterations: 
 Largest element of residual vector :  0.20373028E-03.
 Largest element of DIIS residual   : -0.12563620E-03.
 Convergence information after     8 iterations: 
 Largest element of residual vector :  0.54701584E-04.
 Largest element of DIIS residual   : -0.25301964E-04.
 Convergence information after     9 iterations: 
 Largest element of residual vector : -0.26455037E-04.
 Largest element of DIIS residual   : -0.13943608E-04.
 Convergence information after    10 iterations: 
 Largest element of residual vector : -0.67880053E-05.
 Largest element of DIIS residual   :  0.44205515E-05.
 Convergence information after    11 iterations: 
 Largest element of residual vector : -0.29051364E-05.
 Largest element of DIIS residual   : -0.34215124E-05.
 Convergence information after    12 iterations: 
 Largest element of residual vector : -0.12451326E-05.
 Largest element of DIIS residual   : -0.75734463E-06.
 Convergence information after    13 iterations: 
 Largest element of residual vector : -0.56501124E-06.
 Largest element of DIIS residual   : -0.55428151E-06.
 Convergence information after    14 iterations: 
 Largest element of residual vector : -0.22831176E-06.
 Largest element of DIIS residual   : -0.13780504E-06.
 Convergence information after    15 iterations: 
 Largest element of residual vector : -0.96417246E-07.
 Largest element of DIIS residual   : -0.57480953E-07.
 Perturbed amplitude equations converged in    15 iterations.
  Dominant contributions to perturbed wavefunction:
    6    6  111   39   0.0331161086 ABAB
    6    6   39  111   0.0331161086 ABAB
    6    6  111   44   0.0303319567 ABAB
    6    6   44  111   0.0303319567 ABAB
    8    6  111   39  -0.0292949194 ABAB
    6    8   39  111  -0.0292949194 ABAB
    8    0  109    0  -0.0283787951 AA  
    8    8   92   41   0.0283064279 ABAB
    8    8   41   92   0.0283064279 ABAB
    6    6   39   39  -0.0276276532 ABAB
    8    0   92    0   0.0275675488 AA  
    6    6  168   44   0.0270979233 ABAB
    6    6   44  168   0.0270979233 ABAB
    8    0  111    0   0.0267199702 AA  
    8    8   92   20  -0.0266886439 ABAB
    8    8   20   92  -0.0266886439 ABAB
    6    6  168   39   0.0261306481 ABAB
    6    6   39  168   0.0261306481 ABAB
    8    0   65    0  -0.0243413593 AA  
    8    8  111   41   0.0242450932 ABAB
  Total CCSD gradient is   -0.011400796209931.
  norm of converged amps    1.33102662916442     
 Starting iterative solution of the perturbed Lambda equations.
 The DIIS procedure is used to accelerate convergence.
 Convergence criterion is 10**(-7).
 Maximum number of iterations is 100.
 Convergence information after     1 iterations: 
 Largest element of residual vector : -0.44716859E-01.
 Largest element of DIIS residual   : -0.44716859E-01.
 Convergence information after     2 iterations: 
 Largest element of residual vector : -0.60458818E-02.
 Largest element of DIIS residual   :  0.39550287E-02.
 Convergence information after     3 iterations: 
 Largest element of residual vector :  0.52866252E-02.
 Largest element of DIIS residual   :  0.37499103E-02.
 Convergence information after     4 iterations: 
 Largest element of residual vector : -0.14263770E-02.
 Largest element of DIIS residual   :  0.11216109E-02.
 Convergence information after     5 iterations: 
 Largest element of residual vector :  0.63988238E-03.
 Largest element of DIIS residual   :  0.54452019E-03.
 Convergence information after     6 iterations: 
 Largest element of residual vector :  0.37738103E-03.
 Largest element of DIIS residual   :  0.27481117E-03.
 Convergence information after     7 iterations: 
 Largest element of residual vector :  0.18163591E-03.
 Largest element of DIIS residual   : -0.10972665E-03.
 Convergence information after     8 iterations: 
 Largest element of residual vector :  0.48669814E-04.
 Largest element of DIIS residual   :  0.22095410E-04.
 Convergence information after     9 iterations: 
 Largest element of residual vector : -0.22052899E-04.
 Largest element of DIIS residual   : -0.11835731E-04.
 Convergence information after    10 iterations: 
 Largest element of residual vector : -0.55160010E-05.
 Largest element of DIIS residual   :  0.36348355E-05.
 Convergence information after    11 iterations: 
 Largest element of residual vector : -0.25502078E-05.
 Largest element of DIIS residual   : -0.29168146E-05.
 Convergence information after    12 iterations: 
 Largest element of residual vector : -0.11060162E-05.
 Largest element of DIIS residual   : -0.66274551E-06.
 Convergence information after    13 iterations: 
 Largest element of residual vector : -0.47452295E-06.
 Largest element of DIIS residual   : -0.47554425E-06.
 Convergence information after    14 iterations: 
 Largest element of residual vector : -0.20205051E-06.
 Largest element of DIIS residual   : -0.12077002E-06.
 Convergence information after    15 iterations: 
 Largest element of residual vector : -0.84537891E-07.
 Largest element of DIIS residual   : -0.50151754E-07.
 Perturbed Lambda equations converged in    15 iterations.
  Dominant contributions to perturbed wavefunction:
    6    6  111   39   0.0322853578 ABAB
    6    6   39  111   0.0322853578 ABAB
    6    6  111   44   0.0294441195 ABAB
    6    6   44  111   0.0294441195 ABAB
    8    6  111   39  -0.0284885877 ABAB
    6    8   39  111  -0.0284885877 ABAB
    8    8   92   41   0.0276121627 ABAB
    8    8   41   92   0.0276121627 ABAB
    6    6   39   39  -0.0268825137 ABAB
    6    6  168   44   0.0262931368 ABAB
    6    6   44  168   0.0262931368 ABAB
    8    8   92   20  -0.0257589970 ABAB
    8    8   20   92  -0.0257589970 ABAB
    6    6  168   39   0.0254389373 ABAB
    6    6   39  168   0.0254389373 ABAB
    8    8  111   41   0.0237231560 ABAB
    8    8   41  111   0.0237231560 ABAB
    8    6   92   39  -0.0235770239 ABAB
    6    8   39   92  -0.0235770239 ABAB
    6    6  111   43   0.0234134703 ABAB
  Total CCSD gradient is   -0.009758807753763.
        The DBOC first-order density matrix is being calculated 
             (Symmetry block 1, perturbation   5)
 term   2.22325711196066     
 final tnorm1  6.278173176103083E-003
  <0|L dT/dx|0>  6.278173176103083E-003
  norm contr. I: |<0|L dT/dx|0>|^2   3.941545842914028E-005
  norm contr. II: <0|[nabla(1+L)e-T][nabla e^T]|0>   2.22325711196066     
  total norm contribution   2.22329652741909     
 oo -2.604734213436629E-003
 vv  -16.6620143430466     
 vo -3.536680206906850E-002
  Correlated perturbed 1-el contribution to DBOC  -16.6999858793291       cm**-1
  SUM_I |dc_I/dx|^2 contribution to DBOC   8.37006579690479       cm**-1
 
  current total DBOC   5599.33475004057       cm**-1
 First-order density matrix is being calculated  (Symmetry block 1, perturbation   5)
 Calculation of the contributions of <pq||rs> to dI(i,j)/dx required   5.9 seconds.
 Calculation of the contributions of <pq||rs> to dI(a,b)/dx required  57.1 seconds.
 Calculation of the contributions of <pq||rs> to dI(i,a)/dx required  20.1 seconds.
 First-order Z-vector equations are solved for 1 perturbation.
 Convergence reached after  27 iterations.
        U*G(pq,rs) contribution is being calculated
             (Symmetry block 1, perturbation   5)

 CCSD contribution to force constants 

        0.0000000000        0.0000000000        0.0000000000
        0.0000000000        0.0000000000        0.0000000000
        0.0000000000        0.0000000000        0.0000000000
        0.0000000000        0.0000000000        0.0000000000
        0.0000000000        0.0000000000        0.0000000000
        0.0000000000        0.0000000000        0.0000000000
        0.0000000000        0.0000000000        0.0000000000
        0.0000000000        0.0000000000        0.0000000000
        0.0000000000        0.0000000000        0.0000000000
        0.0000000000        0.0000000000        0.0000000000
        0.0000000000        0.0000000000        0.0000000000
        0.0000000000        0.0000000000        0.0000000000
        0.0000000000        0.0000000000        0.0000000000
        0.0000000000        0.0000000000        0.0000000000
        0.0000000000        0.0000000000        0.0000000000
        0.0000000000        0.0000000000        0.0000000000
        0.0000000000        0.0000000000        0.0000000000
        0.0000000000        0.0000000000        0.0000000000
        0.0000000000        0.0000000000        0.0000000000
        0.0000000000        0.0000000000        0.0000000000
        0.0000000000        0.0000000000        0.0000000000
        0.0000000000        0.0000000000        0.0000000000
        0.0000000000        0.0000000000        0.0000000000
        0.0000000000        0.0000000000        0.0000000000
       -0.3150900638       -0.5478150397        0.6315762209
       -2.5734060616       -1.0838858621       -6.6375992405
        2.5827569219        1.1494785847        5.9384126267
       -0.1374582408       -0.6460277207        0.2141066559
        0.1843130897        1.2550687732       -0.1883710428
        0.2588843547       -0.1268187355        0.0418747798
        0.0000000000        0.0000000000        0.0000000000
        0.0000000000        0.0000000000        0.0000000000
        0.0000000000        0.0000000000        0.0000000000
        0.0000000000        0.0000000000        0.0000000000
        0.0000000000        0.0000000000        0.0000000000
        0.0000000000        0.0000000000        0.0000000000
        0.0000000000        0.0000000000        0.0000000000
        0.0000000000        0.0000000000        0.0000000000
        0.0000000000        0.0000000000        0.0000000000
        0.0000000000        0.0000000000        0.0000000000
        0.0000000000        0.0000000000        0.0000000000
        0.0000000000        0.0000000000        0.0000000000
        0.0000000000        0.0000000000        0.0000000000
        0.0000000000        0.0000000000        0.0000000000
        0.0000000000        0.0000000000        0.0000000000
        0.0000000000        0.0000000000        0.0000000000
        0.0000000000        0.0000000000        0.0000000000
        0.0000000000        0.0000000000        0.0000000000
        0.0000000000        0.0000000000        0.0000000000
        0.0000000000        0.0000000000        0.0000000000
        0.0000000000        0.0000000000        0.0000000000
        0.0000000000        0.0000000000        0.0000000000
        0.0000000000        0.0000000000        0.0000000000
        0.0000000000        0.0000000000        0.0000000000
        0.0000000000        0.0000000000        0.0000000000
        0.0000000000        0.0000000000        0.0000000000
        0.0000000000        0.0000000000        0.0000000000
        0.0000000000        0.0000000000        0.0000000000
        0.0000000000        0.0000000000        0.0000000000
        0.0000000000        0.0000000000        0.0000000000
        0.0000000000        0.0000000000        0.0000000000
        0.0000000000        0.0000000000        0.0000000000
        0.0000000000        0.0000000000        0.0000000000
        0.0000000000        0.0000000000        0.0000000000
        0.0000000000        0.0000000000        0.0000000000
        0.0000000000        0.0000000000        0.0000000000
        0.0000000000        0.0000000000        0.0000000000
        0.0000000000        0.0000000000        0.0000000000
        0.0000000000        0.0000000000        0.0000000000
        0.0000000000        0.0000000000        0.0000000000
        0.0000000000        0.0000000000        0.0000000000
        0.0000000000        0.0000000000        0.0000000000
        0.0000000000        0.0000000000        0.0000000000
        0.0000000000        0.0000000000        0.0000000000
        0.0000000000        0.0000000000        0.0000000000
        0.0000000000        0.0000000000        0.0000000000
        0.0000000000        0.0000000000        0.0000000000
        0.0000000000        0.0000000000        0.0000000000
        0.0000000000        0.0000000000        0.0000000000
        0.0000000000        0.0000000000        0.0000000000
        0.0000000000        0.0000000000        0.0000000000
        0.0000000000        0.0000000000        0.0000000000
        0.0000000000        0.0000000000        0.0000000000
        0.0000000000        0.0000000000        0.0000000000
        0.0000000000        0.0000000000        0.0000000000
        0.0000000000        0.0000000000        0.0000000000
        0.0000000000        0.0000000000        0.0000000000
        0.0000000000        0.0000000000        0.0000000000
        0.0000000000        0.0000000000        0.0000000000
        0.0000000000        0.0000000000        0.0000000000
        0.0000000000        0.0000000000        0.0000000000
        0.0000000000        0.0000000000        0.0000000000
        0.0000000000        0.0000000000        0.0000000000
        0.0000000000        0.0000000000        0.0000000000
        0.0000000000        0.0000000000        0.0000000000
        0.0000000000        0.0000000000        0.0000000000
        0.0000000000        0.0000000000        0.0000000000
        0.0000000000        0.0000000000        0.0000000000
        0.0000000000        0.0000000000        0.0000000000
        0.0000000000        0.0000000000        0.0000000000
        0.0000000000        0.0000000000        0.0000000000
        0.0000000000        0.0000000000        0.0000000000
        0.0000000000        0.0000000000        0.0000000000
        0.0000000000        0.0000000000        0.0000000000
        0.0000000000        0.0000000000        0.0000000000
        0.0000000000        0.0000000000        0.0000000000
        0.0000000000        0.0000000000        0.0000000000
        0.0000000000        0.0000000000        0.0000000000

 CCSD contribution to dipole derivatives 

        0.0000000000        0.0000000000        0.0000000000
        0.0000000000        0.0217993591        0.0000000000
        0.0000000000        0.0000000000        0.0000000000
        0.0000000000        0.0000000000        0.0000000000
        0.0000000000        0.0000000000        0.0000000000
        0.0000000000        0.0000000000        0.0000000000
        0.0000000000        0.0000000000        0.0000000000
        0.0000000000        0.0135021330        0.0000000000
        0.0000000000        0.0000000000        0.0000000000
        0.0000000000        0.0000000000        0.0000000000
        0.0000000000        0.0000000000        0.0000000000
        0.0000000000        0.0000000000        0.0000000000
        0.0000000000        0.0000000000        0.0000000000
        0.0000000000        0.0163136638        0.0000000000
        0.0000000000        0.0000000000        0.0000000000
        0.0000000000        0.0000000000        0.0000000000
        0.0000000000        0.0000000000        0.0000000000
        0.0000000000        0.0000000000        0.0000000000
 @CHECKOUT-I, Total execution time (CPU/WALL):     4590.47/    1762.27 seconds.
--executable xsdcc finished with status     0 in     1762.35 seconds (walltime).
 --invoking executable--
/home/asmola/.local/bin/xanti
 @GETMEM-I,  Allocated   38146 MB of main memory.
 CCSD MO derivative gammas will be sorted to Mulliken order.
 @CHECKOUT-I, Total execution time (CPU/WALL):       39.03/     104.94 seconds.
--executable xanti finished with status     0 in      105.02 seconds (walltime).
 --invoking executable--
/home/asmola/.local/bin/xbcktrn
 @GETMEM-I,  Allocated   38146 MB of main memory.
 CCSD MO derivative gammas will be transformed to the AO basis.
 @CHECKOUT-I, Total execution time (CPU/WALL):      136.60/      29.68 seconds.
--executable xbcktrn finished with status     0 in       29.73 seconds (walltime).
 --invoking executable--
/home/asmola/.local/bin/xvdint
 @GETMEM-I,  Allocated   38146 MB of main memory.
 One- and two-electron integral derivatives are calculated
 for RHF-CC/MBPT hessians and dipole derivatives.
 Spherical gaussians are used.
  magnet F F
 Evaluation of 2el integral derivatives

                      Two-electron integral gradient
                      ------------------------------

 C #1      -0.0686119119           -0.2905709028            0.0390678330
 O #2       0.0136909056            0.6777269046           -0.1620019597
 H #3       0.0565381283           -0.3939741377            0.1418029239
 H #4       0.0195903978           -0.0037726850           -0.0045185715
 H #5      -0.0157711685            0.0238847673           -0.0118883862
 H #6      -0.0054363513           -0.0132939464           -0.0024618395


 Evaluation of 2e integral derivatives required  977.13 seconds.
  contribution to Hessian
       -0.0686119119       -0.2905709028        0.0390678330
        0.0136909056        0.6777269046       -0.1620019597
        0.0565381283       -0.3939741377        0.1418029239
        0.0195903978       -0.0037726850       -0.0045185715
       -0.0157711685        0.0238847673       -0.0118883862
       -0.0054363513       -0.0132939464       -0.0024618395
 @CHECKOUT-I, Total execution time (CPU/WALL):      977.11/     149.80 seconds.
--executable xvdint finished with status     0 in      149.83 seconds (walltime).
 --invoking executable--
/home/asmola/.local/bin/xsdcc
 @GETMEM-I,  Allocated   38146 MB of main memory.
 Vibrational frequencies and infrared intensities are calculated
 at the CCSD level within the harmonic approximation.
 CPHF coefficients for occ-occ block: U^x(i,j) = -1/2 S^x(i,j)
 CPHF coefficients for vrt-vrt block: U^x(a,b) = -1/2 S^x(a,b)
 Transformation of derivative integrals from AO to MO basis:
 RHF transformation
 Transformation of DIIII integral derivatives.
 1 pass through the AO integral derivative file was needed.
 173851169 AO integral derivatives were read from file DIIII.
 Transformation of first index required  698.1 seconds.
 Transformation of remaining indices required  367.4 seconds.
1715296743 MO integral derivatives were written to file DERINT.
        MO basis integral derivatives are being calculated
             (Symmetry block 1, perturbation   6)
 First derivative of the wavefunction is calculated (Symmetry block 1, perturbation   6)
 Resorts of perturbed amplitudes and integrals required   0.1 seconds.
 Construction of <Phi|(dH_N/dx exp(T))c|0> required  33.8 seconds.
 Starting iterative solution of the perturbed CC equations.
 The DIIS procedure is used to accelerate convergence.
 Convergence criterion is 10**(-7).
 Maximum number of iterations is 100.
 Convergence information after     1 iterations: 
 Largest element of residual vector :  0.42855476E-01.
 Largest element of DIIS residual   :  0.42855476E-01.
 Convergence information after     2 iterations: 
 Largest element of residual vector : -0.46137689E-02.
 Largest element of DIIS residual   : -0.40274493E-02.
 Convergence information after     3 iterations: 
 Largest element of residual vector : -0.42376224E-02.
 Largest element of DIIS residual   : -0.23515773E-02.
 Convergence information after     4 iterations: 
 Largest element of residual vector :  0.10991543E-02.
 Largest element of DIIS residual   : -0.84808558E-03.
 Convergence information after     5 iterations: 
 Largest element of residual vector : -0.49327440E-03.
 Largest element of DIIS residual   : -0.36329249E-03.
 Convergence information after     6 iterations: 
 Largest element of residual vector : -0.23124389E-03.
 Largest element of DIIS residual   : -0.15530620E-03.
 Convergence information after     7 iterations: 
 Largest element of residual vector : -0.10114873E-03.
 Largest element of DIIS residual   :  0.59739360E-04.
 Convergence information after     8 iterations: 
 Largest element of residual vector :  0.35739405E-04.
 Largest element of DIIS residual   :  0.19621737E-04.
 Convergence information after     9 iterations: 
 Largest element of residual vector :  0.15330466E-04.
 Largest element of DIIS residual   : -0.90904215E-05.
 Convergence information after    10 iterations: 
 Largest element of residual vector : -0.56281050E-05.
 Largest element of DIIS residual   : -0.37421127E-05.
 Convergence information after    11 iterations: 
 Largest element of residual vector : -0.26349435E-05.
 Largest element of DIIS residual   : -0.19166655E-05.
 Convergence information after    12 iterations: 
 Largest element of residual vector : -0.11059423E-05.
 Largest element of DIIS residual   : -0.72860689E-06.
 Convergence information after    13 iterations: 
 Largest element of residual vector : -0.48979206E-06.
 Largest element of DIIS residual   : -0.42424479E-06.
 Convergence information after    14 iterations: 
 Largest element of residual vector : -0.20544924E-06.
 Largest element of DIIS residual   : -0.14110527E-06.
 Convergence information after    15 iterations: 
 Largest element of residual vector : -0.92978671E-07.
 Largest element of DIIS residual   : -0.56550039E-07.
 Perturbed amplitude equations converged in    15 iterations.
  Dominant contributions to perturbed wavefunction:
    6    6  111   39  -0.0365049366 ABAB
    6    6   39  111  -0.0365049366 ABAB
    6    6  111   44  -0.0337255336 ABAB
    6    6   44  111  -0.0337255336 ABAB
    6    6  168   39  -0.0329852599 ABAB
    6    6   39  168  -0.0329852599 ABAB
    6    6  168   44  -0.0313265505 ABAB
    6    6   44  168  -0.0313265505 ABAB
    6    6   39   39   0.0308541927 ABAB
    6    6  184   39   0.0305949359 ABAB
    6    6   39  184   0.0305949359 ABAB
    6    6  184   44   0.0281297807 ABAB
    6    6   44  184   0.0281297807 ABAB
    6    6  111   24   0.0268063306 ABAB
    6    6   24  111   0.0268063306 ABAB
    6    6  111   43  -0.0263769476 ABAB
    6    6   43  111  -0.0263769476 ABAB
    6    6  168   24   0.0247473779 ABAB
    6    6   24  168   0.0247473779 ABAB
    8    6   50  111  -0.0246489774 ABAB
  Total CCSD gradient is    0.017794311512454.
  norm of converged amps    1.43886372124771     
 Starting iterative solution of the perturbed Lambda equations.
 The DIIS procedure is used to accelerate convergence.
 Convergence criterion is 10**(-7).
 Maximum number of iterations is 100.
 Convergence information after     1 iterations: 
 Largest element of residual vector :  0.35506996E-01.
 Largest element of DIIS residual   :  0.35506996E-01.
 Convergence information after     2 iterations: 
 Largest element of residual vector : -0.39729920E-02.
 Largest element of DIIS residual   : -0.33150116E-02.
 Convergence information after     3 iterations: 
 Largest element of residual vector : -0.34592799E-02.
 Largest element of DIIS residual   : -0.20889895E-02.
 Convergence information after     4 iterations: 
 Largest element of residual vector :  0.92089416E-03.
 Largest element of DIIS residual   : -0.73085259E-03.
 Convergence information after     5 iterations: 
 Largest element of residual vector : -0.42341921E-03.
 Largest element of DIIS residual   : -0.31752895E-03.
 Convergence information after     6 iterations: 
 Largest element of residual vector : -0.20430190E-03.
 Largest element of DIIS residual   : -0.14115961E-03.
 Convergence information after     7 iterations: 
 Largest element of residual vector : -0.90175388E-04.
 Largest element of DIIS residual   :  0.52628979E-04.
 Convergence information after     8 iterations: 
 Largest element of residual vector :  0.31940314E-04.
 Largest element of DIIS residual   :  0.17861468E-04.
 Convergence information after     9 iterations: 
 Largest element of residual vector :  0.13808418E-04.
 Largest element of DIIS residual   : -0.78711455E-05.
 Convergence information after    10 iterations: 
 Largest element of residual vector : -0.48447534E-05.
 Largest element of DIIS residual   : -0.32817533E-05.
 Convergence information after    11 iterations: 
 Largest element of residual vector : -0.23253304E-05.
 Largest element of DIIS residual   : -0.16055317E-05.
 Convergence information after    12 iterations: 
 Largest element of residual vector : -0.98507793E-06.
 Largest element of DIIS residual   : -0.64788350E-06.
 Convergence information after    13 iterations: 
 Largest element of residual vector : -0.43337096E-06.
 Largest element of DIIS residual   : -0.36045602E-06.
 Convergence information after    14 iterations: 
 Largest element of residual vector : -0.18682257E-06.
 Largest element of DIIS residual   : -0.12825879E-06.
 Convergence information after    15 iterations: 
 Largest element of residual vector : -0.84799492E-07.
 Largest element of DIIS residual   : -0.51027499E-07.
 Perturbed Lambda equations converged in    15 iterations.
  Dominant contributions to perturbed wavefunction:
    6    6  111   39  -0.0355983446 ABAB
    6    6   39  111  -0.0355983446 ABAB
    6    6  111   44  -0.0326938882 ABAB
    6    6   44  111  -0.0326938882 ABAB
    6    6  168   39  -0.0321271286 ABAB
    6    6   39  168  -0.0321271286 ABAB
    6    6  168   44  -0.0303634554 ABAB
    6    6   44  168  -0.0303634554 ABAB
    6    6   39   39   0.0299915094 ABAB
    6    6  184   39   0.0298679566 ABAB
    6    6   39  184   0.0298679566 ABAB
    6    6  184   44   0.0272905253 ABAB
    6    6   44  184   0.0272905253 ABAB
    6    6  111   24   0.0259510728 ABAB
    6    6   24  111   0.0259510728 ABAB
    6    6  111   43  -0.0257002021 ABAB
    6    6   43  111  -0.0257002021 ABAB
    7    6  111   39   0.0240229010 ABAB
    6    7   39  111   0.0240229010 ABAB
    6    6  168   24   0.0239800905 ABAB
  Total CCSD gradient is    0.015251344267696.
        The DBOC first-order density matrix is being calculated 
             (Symmetry block 1, perturbation   6)
 term   2.51707472836076     
 final tnorm1 -9.591180121849804E-003
  <0|L dT/dx|0> -9.591180121849804E-003
  norm contr. I: |<0|L dT/dx|0>|^2   9.199073612976682E-005
  norm contr. II: <0|[nabla(1+L)e-T][nabla e^T]|0>   2.51707472836076     
  total norm contribution   2.51716671909689     
 oo  2.304122950205066E-003
 vv  -18.8783424634768     
 vo -7.087730426573713E-002
  Correlated perturbed 1-el contribution to DBOC  -18.9469156447923       cm**-1
  SUM_I |dc_I/dx|^2 contribution to DBOC   9.47640173084682       cm**-1
 
  current total DBOC   5589.86423612662       cm**-1
 First-order density matrix is being calculated  (Symmetry block 1, perturbation   6)
 Calculation of the contributions of <pq||rs> to dI(i,j)/dx required   6.9 seconds.
 Calculation of the contributions of <pq||rs> to dI(a,b)/dx required  62.9 seconds.
 Calculation of the contributions of <pq||rs> to dI(i,a)/dx required  17.7 seconds.
 First-order Z-vector equations are solved for 1 perturbation.
 Convergence reached after  26 iterations.
        U*G(pq,rs) contribution is being calculated
             (Symmetry block 1, perturbation   6)

 CCSD contribution to force constants 

        0.0000000000        0.0000000000        0.0000000000
        0.0000000000        0.0000000000        0.0000000000
        0.0000000000        0.0000000000        0.0000000000
        0.0000000000        0.0000000000        0.0000000000
        0.0000000000        0.0000000000        0.0000000000
        0.0000000000        0.0000000000        0.0000000000
        0.0000000000        0.0000000000        0.0000000000
        0.0000000000        0.0000000000        0.0000000000
        0.0000000000        0.0000000000        0.0000000000
        0.0000000000        0.0000000000        0.0000000000
        0.0000000000        0.0000000000        0.0000000000
        0.0000000000        0.0000000000        0.0000000000
        0.0000000000        0.0000000000        0.0000000000
        0.0000000000        0.0000000000        0.0000000000
        0.0000000000        0.0000000000        0.0000000000
        0.0000000000        0.0000000000        0.0000000000
        0.0000000000        0.0000000000        0.0000000000
        0.0000000000        0.0000000000        0.0000000000
        0.0000000000        0.0000000000        0.0000000000
        0.0000000000        0.0000000000        0.0000000000
        0.0000000000        0.0000000000        0.0000000000
        0.0000000000        0.0000000000        0.0000000000
        0.0000000000        0.0000000000        0.0000000000
        0.0000000000        0.0000000000        0.0000000000
        0.0000000000        0.0000000000        0.0000000000
        0.0000000000        0.0000000000        0.0000000000
        0.0000000000        0.0000000000        0.0000000000
        0.0000000000        0.0000000000        0.0000000000
        0.0000000000        0.0000000000        0.0000000000
        0.0000000000        0.0000000000        0.0000000000
        0.4252155161        0.8811880988       -0.0332833018
        4.3961228710       -6.8753559307        3.7700588171
       -4.5593543073        6.0261105177       -4.0971486922
       -0.2813408141        0.1693710898       -0.3965394750
        0.0420864628       -0.2360354230        1.3046139117
       -0.0227297285        0.0347216474       -0.5477012597
        0.0000000000        0.0000000000        0.0000000000
        0.0000000000        0.0000000000        0.0000000000
        0.0000000000        0.0000000000        0.0000000000
        0.0000000000        0.0000000000        0.0000000000
        0.0000000000        0.0000000000        0.0000000000
        0.0000000000        0.0000000000        0.0000000000
        0.0000000000        0.0000000000        0.0000000000
        0.0000000000        0.0000000000        0.0000000000
        0.0000000000        0.0000000000        0.0000000000
        0.0000000000        0.0000000000        0.0000000000
        0.0000000000        0.0000000000        0.0000000000
        0.0000000000        0.0000000000        0.0000000000
        0.0000000000        0.0000000000        0.0000000000
        0.0000000000        0.0000000000        0.0000000000
        0.0000000000        0.0000000000        0.0000000000
        0.0000000000        0.0000000000        0.0000000000
        0.0000000000        0.0000000000        0.0000000000
        0.0000000000        0.0000000000        0.0000000000
        0.0000000000        0.0000000000        0.0000000000
        0.0000000000        0.0000000000        0.0000000000
        0.0000000000        0.0000000000        0.0000000000
        0.0000000000        0.0000000000        0.0000000000
        0.0000000000        0.0000000000        0.0000000000
        0.0000000000        0.0000000000        0.0000000000
        0.0000000000        0.0000000000        0.0000000000
        0.0000000000        0.0000000000        0.0000000000
        0.0000000000        0.0000000000        0.0000000000
        0.0000000000        0.0000000000        0.0000000000
        0.0000000000        0.0000000000        0.0000000000
        0.0000000000        0.0000000000        0.0000000000
        0.0000000000        0.0000000000        0.0000000000
        0.0000000000        0.0000000000        0.0000000000
        0.0000000000        0.0000000000        0.0000000000
        0.0000000000        0.0000000000        0.0000000000
        0.0000000000        0.0000000000        0.0000000000
        0.0000000000        0.0000000000        0.0000000000
        0.0000000000        0.0000000000        0.0000000000
        0.0000000000        0.0000000000        0.0000000000
        0.0000000000        0.0000000000        0.0000000000
        0.0000000000        0.0000000000        0.0000000000
        0.0000000000        0.0000000000        0.0000000000
        0.0000000000        0.0000000000        0.0000000000
        0.0000000000        0.0000000000        0.0000000000
        0.0000000000        0.0000000000        0.0000000000
        0.0000000000        0.0000000000        0.0000000000
        0.0000000000        0.0000000000        0.0000000000
        0.0000000000        0.0000000000        0.0000000000
        0.0000000000        0.0000000000        0.0000000000
        0.0000000000        0.0000000000        0.0000000000
        0.0000000000        0.0000000000        0.0000000000
        0.0000000000        0.0000000000        0.0000000000
        0.0000000000        0.0000000000        0.0000000000
        0.0000000000        0.0000000000        0.0000000000
        0.0000000000        0.0000000000        0.0000000000
        0.0000000000        0.0000000000        0.0000000000
        0.0000000000        0.0000000000        0.0000000000
        0.0000000000        0.0000000000        0.0000000000
        0.0000000000        0.0000000000        0.0000000000
        0.0000000000        0.0000000000        0.0000000000
        0.0000000000        0.0000000000        0.0000000000
        0.0000000000        0.0000000000        0.0000000000
        0.0000000000        0.0000000000        0.0000000000
        0.0000000000        0.0000000000        0.0000000000
        0.0000000000        0.0000000000        0.0000000000
        0.0000000000        0.0000000000        0.0000000000
        0.0000000000        0.0000000000        0.0000000000
        0.0000000000        0.0000000000        0.0000000000
        0.0000000000        0.0000000000        0.0000000000
        0.0000000000        0.0000000000        0.0000000000
        0.0000000000        0.0000000000        0.0000000000
        0.0000000000        0.0000000000        0.0000000000
        0.0000000000        0.0000000000        0.0000000000

 CCSD contribution to dipole derivatives 

        0.0000000000        0.0000000000        0.0000000000
        0.0000000000        0.0000000000       -0.0429026059
        0.0000000000        0.0000000000        0.0000000000
        0.0000000000        0.0000000000        0.0000000000
        0.0000000000        0.0000000000        0.0000000000
        0.0000000000        0.0000000000        0.0000000000
        0.0000000000        0.0000000000        0.0000000000
        0.0000000000        0.0000000000        0.0140696722
        0.0000000000        0.0000000000        0.0000000000
        0.0000000000        0.0000000000        0.0000000000
        0.0000000000        0.0000000000        0.0000000000
        0.0000000000        0.0000000000        0.0000000000
        0.0000000000        0.0000000000        0.0000000000
        0.0000000000        0.0000000000       -0.0093469432
        0.0000000000        0.0000000000        0.0000000000
        0.0000000000        0.0000000000        0.0000000000
        0.0000000000        0.0000000000        0.0000000000
        0.0000000000        0.0000000000        0.0000000000
 @CHECKOUT-I, Total execution time (CPU/WALL):     4632.62/    1783.05 seconds.
--executable xsdcc finished with status     0 in     1783.16 seconds (walltime).
 --invoking executable--
/home/asmola/.local/bin/xanti
 @GETMEM-I,  Allocated   38146 MB of main memory.
 CCSD MO derivative gammas will be sorted to Mulliken order.
 @CHECKOUT-I, Total execution time (CPU/WALL):       41.28/     106.25 seconds.
--executable xanti finished with status     0 in      106.33 seconds (walltime).
 --invoking executable--
/home/asmola/.local/bin/xbcktrn
 @GETMEM-I,  Allocated   38146 MB of main memory.
 CCSD MO derivative gammas will be transformed to the AO basis.
 @CHECKOUT-I, Total execution time (CPU/WALL):      132.95/      39.23 seconds.
--executable xbcktrn finished with status     0 in       39.27 seconds (walltime).
 --invoking executable--
/home/asmola/.local/bin/xvdint
 @GETMEM-I,  Allocated   38146 MB of main memory.
 One- and two-electron integral derivatives are calculated
 for RHF-CC/MBPT hessians and dipole derivatives.
 Spherical gaussians are used.
  magnet F F
 Evaluation of 2el integral derivatives

                      Two-electron integral gradient
                      ------------------------------

 C #1       0.1146936426            0.0444023116           -0.2904059025
 O #2      -0.0058122708           -0.1674108023            0.7979666487
 H #3      -0.0907982465            0.1415886270           -0.5452063540
 H #4       0.0085215318           -0.0222904128           -0.0066776469
 H #5      -0.0142346210            0.0069765999            0.0282203622
 H #6      -0.0123700361           -0.0032663233            0.0161028925


 Evaluation of 2e integral derivatives required  903.90 seconds.
  contribution to Hessian
        0.1146936426        0.0444023116       -0.2904059025
       -0.0058122708       -0.1674108023        0.7979666487
       -0.0907982465        0.1415886270       -0.5452063540
        0.0085215318       -0.0222904128       -0.0066776469
       -0.0142346210        0.0069765999        0.0282203622
       -0.0123700361       -0.0032663233        0.0161028925
 @CHECKOUT-I, Total execution time (CPU/WALL):      903.88/     142.16 seconds.
--executable xvdint finished with status     0 in      142.19 seconds (walltime).
 --invoking executable--
/home/asmola/.local/bin/xsdcc
 @GETMEM-I,  Allocated   38146 MB of main memory.
 Vibrational frequencies and infrared intensities are calculated
 at the CCSD level within the harmonic approximation.
 CPHF coefficients for occ-occ block: U^x(i,j) = -1/2 S^x(i,j)
 CPHF coefficients for vrt-vrt block: U^x(a,b) = -1/2 S^x(a,b)
 Transformation of derivative integrals from AO to MO basis:
 RHF transformation
 Transformation of DIIII integral derivatives.
 1 pass through the AO integral derivative file was needed.
  89976071 AO integral derivatives were read from file DIIII.
 Transformation of first index required  350.2 seconds.
 Transformation of remaining indices required  391.2 seconds.
1715296743 MO integral derivatives were written to file DERINT.
        MO basis integral derivatives are being calculated
             (Symmetry block 1, perturbation   7)
 First derivative of the wavefunction is calculated (Symmetry block 1, perturbation   7)
 Resorts of perturbed amplitudes and integrals required   0.1 seconds.
 Construction of <Phi|(dH_N/dx exp(T))c|0> required  34.8 seconds.
 Starting iterative solution of the perturbed CC equations.
 The DIIS procedure is used to accelerate convergence.
 Convergence criterion is 10**(-7).
 Maximum number of iterations is 100.
 Convergence information after     1 iterations: 
 Largest element of residual vector :  0.15589052E-01.
 Largest element of DIIS residual   :  0.15589052E-01.
 Convergence information after     2 iterations: 
 Largest element of residual vector : -0.23691963E-02.
 Largest element of DIIS residual   : -0.23053641E-02.
 Convergence information after     3 iterations: 
 Largest element of residual vector : -0.13778743E-02.
 Largest element of DIIS residual   : -0.12289292E-02.
 Convergence information after     4 iterations: 
 Largest element of residual vector :  0.49809182E-03.
 Largest element of DIIS residual   : -0.34875732E-03.
 Convergence information after     5 iterations: 
 Largest element of residual vector :  0.32006440E-03.
 Largest element of DIIS residual   :  0.23047071E-03.
 Convergence information after     6 iterations: 
 Largest element of residual vector :  0.13693120E-03.
 Largest element of DIIS residual   : -0.85382124E-04.
 Convergence information after     7 iterations: 
 Largest element of residual vector :  0.51244736E-04.
 Largest element of DIIS residual   :  0.25062658E-04.
 Convergence information after     8 iterations: 
 Largest element of residual vector :  0.18051705E-04.
 Largest element of DIIS residual   :  0.10881315E-04.
 Convergence information after     9 iterations: 
 Largest element of residual vector :  0.79039282E-05.
 Largest element of DIIS residual   :  0.40717970E-05.
 Convergence information after    10 iterations: 
 Largest element of residual vector :  0.27687826E-05.
 Largest element of DIIS residual   :  0.16228751E-05.
 Convergence information after    11 iterations: 
 Largest element of residual vector :  0.84542786E-06.
 Largest element of DIIS residual   :  0.50647842E-06.
 Convergence information after    12 iterations: 
 Largest element of residual vector :  0.34501864E-06.
 Largest element of DIIS residual   :  0.27521514E-06.
 Convergence information after    13 iterations: 
 Largest element of residual vector : -0.18248876E-06.
 Largest element of DIIS residual   : -0.14114714E-06.
 Convergence information after    14 iterations: 
 Largest element of residual vector : -0.94468180E-07.
 Largest element of DIIS residual   : -0.68490592E-07.
 Perturbed amplitude equations converged in    14 iterations.
  Dominant contributions to perturbed wavefunction:
    6    6  111   39   0.0195587747 ABAB
    6    6   39  111   0.0195587747 ABAB
    6    6  168   39   0.0176968878 ABAB
    6    6   39  168   0.0176968878 ABAB
    6    5   39  111   0.0172664879 ABAB
    5    6  111   39   0.0172664879 ABAB
    6    6  168   19  -0.0161304681 ABAB
    6    6   19  168  -0.0161304681 ABAB
    6    6  111   19  -0.0159659593 ABAB
    6    6   19  111  -0.0159659593 ABAB
    6    6  184   39  -0.0156456984 ABAB
    6    6   39  184  -0.0156456984 ABAB
    5    5  111   46   0.0154898245 ABAB
    5    5   46  111   0.0154898245 ABAB
    6    5   39  168   0.0149244412 ABAB
    5    6  168   39   0.0149244412 ABAB
    5    5  168   46   0.0142902748 ABAB
    5    5   46  168   0.0142902748 ABAB
    6    6  109   39  -0.0142152924 ABAB
    6    6   39  109  -0.0142152924 ABAB
  Total CCSD gradient is   -0.006216509871732.
  norm of converged amps   0.954949723434324     
 Starting iterative solution of the perturbed Lambda equations.
 The DIIS procedure is used to accelerate convergence.
 Convergence criterion is 10**(-7).
 Maximum number of iterations is 100.
 Convergence information after     1 iterations: 
 Largest element of residual vector :  0.13024102E-01.
 Largest element of DIIS residual   :  0.13024102E-01.
 Convergence information after     2 iterations: 
 Largest element of residual vector : -0.20883429E-02.
 Largest element of DIIS residual   : -0.19840608E-02.
 Convergence information after     3 iterations: 
 Largest element of residual vector :  0.10841806E-02.
 Largest element of DIIS residual   : -0.10342411E-02.
 Convergence information after     4 iterations: 
 Largest element of residual vector :  0.42185541E-03.
 Largest element of DIIS residual   : -0.29720254E-03.
 Convergence information after     5 iterations: 
 Largest element of residual vector :  0.27694606E-03.
 Largest element of DIIS residual   :  0.20065869E-03.
 Convergence information after     6 iterations: 
 Largest element of residual vector :  0.11887295E-03.
 Largest element of DIIS residual   :  0.74169989E-04.
 Convergence information after     7 iterations: 
 Largest element of residual vector :  0.45844864E-04.
 Largest element of DIIS residual   :  0.22217241E-04.
 Convergence information after     8 iterations: 
 Largest element of residual vector :  0.16052134E-04.
 Largest element of DIIS residual   :  0.96296932E-05.
 Convergence information after     9 iterations: 
 Largest element of residual vector :  0.70222869E-05.
 Largest element of DIIS residual   :  0.35999279E-05.
 Convergence information after    10 iterations: 
 Largest element of residual vector :  0.24608098E-05.
 Largest element of DIIS residual   :  0.15455942E-05.
 Convergence information after    11 iterations: 
 Largest element of residual vector :  0.75424266E-06.
 Largest element of DIIS residual   :  0.43254000E-06.
 Convergence information after    12 iterations: 
 Largest element of residual vector :  0.29323720E-06.
 Largest element of DIIS residual   :  0.23790981E-06.
 Convergence information after    13 iterations: 
 Largest element of residual vector : -0.15674232E-06.
 Largest element of DIIS residual   : -0.12741607E-06.
 Convergence information after    14 iterations: 
 Largest element of residual vector : -0.85555492E-07.
 Largest element of DIIS residual   : -0.63163709E-07.
 Perturbed Lambda equations converged in    14 iterations.
  Dominant contributions to perturbed wavefunction:
    6    6  111   39   0.0190689372 ABAB
    6    6   39  111   0.0190689372 ABAB
    6    6  168   39   0.0172604895 ABAB
    6    6   39  168   0.0172604895 ABAB
    6    5   39  111   0.0167824297 ABAB
    5    6  111   39   0.0167824297 ABAB
    6    6  168   19  -0.0156130640 ABAB
    6    6   19  168  -0.0156130640 ABAB
    6    6  111   19  -0.0154368308 ABAB
    6    6   19  111  -0.0154368308 ABAB
    6    6  184   39  -0.0152801561 ABAB
    6    6   39  184  -0.0152801561 ABAB
    5    5  111   46   0.0150997779 ABAB
    5    5   46  111   0.0150997779 ABAB
    6    5   39  168   0.0145129185 ABAB
    5    6  168   39   0.0145129185 ABAB
    5    5  168   46   0.0139222228 ABAB
    5    5   46  168   0.0139222228 ABAB
    6    6  109   39  -0.0138609462 ABAB
    6    6   39  109  -0.0138609462 ABAB
  Total CCSD gradient is   -0.005350124967915.
        The DBOC first-order density matrix is being calculated 
             (Symmetry block 1, perturbation   7)
 term   1.15161964158236     
 final tnorm1  4.266190007353767E-003
  <0|L dT/dx|0>  4.266190007353767E-003
  norm contr. I: |<0|L dT/dx|0>|^2   1.820037717884514E-005
  norm contr. II: <0|[nabla(1+L)e-T][nabla e^T]|0>   1.15161964158236     
  total norm contribution   1.15163784195953     
 oo  4.959027608944619E-003
 vv  -137.380173703669     
 vo  0.299943637593975     
  Correlated perturbed 1-el contribution to DBOC  -137.075271038466       cm**-1
  SUM_I |dc_I/dx|^2 contribution to DBOC   68.8274178070153       cm**-1
 
  current total DBOC   5521.61638289517       cm**-1
 First-order density matrix is being calculated  (Symmetry block 1, perturbation   7)
 Calculation of the contributions of <pq||rs> to dI(i,j)/dx required   7.0 seconds.
 Calculation of the contributions of <pq||rs> to dI(a,b)/dx required  69.3 seconds.
 Calculation of the contributions of <pq||rs> to dI(i,a)/dx required  19.4 seconds.
 First-order Z-vector equations are solved for 1 perturbation.
 Convergence reached after  25 iterations.
        U*G(pq,rs) contribution is being calculated
             (Symmetry block 1, perturbation   7)

 CCSD contribution to force constants 

        0.0000000000        0.0000000000        0.0000000000
        0.0000000000        0.0000000000        0.0000000000
        0.0000000000        0.0000000000        0.0000000000
        0.0000000000        0.0000000000        0.0000000000
        0.0000000000        0.0000000000        0.0000000000
        0.0000000000        0.0000000000        0.0000000000
        0.0000000000        0.0000000000        0.0000000000
        0.0000000000        0.0000000000        0.0000000000
        0.0000000000        0.0000000000        0.0000000000
        0.0000000000        0.0000000000        0.0000000000
        0.0000000000        0.0000000000        0.0000000000
        0.0000000000        0.0000000000        0.0000000000
        0.0000000000        0.0000000000        0.0000000000
        0.0000000000        0.0000000000        0.0000000000
        0.0000000000        0.0000000000        0.0000000000
        0.0000000000        0.0000000000        0.0000000000
        0.0000000000        0.0000000000        0.0000000000
        0.0000000000        0.0000000000        0.0000000000
        0.0000000000        0.0000000000        0.0000000000
        0.0000000000        0.0000000000        0.0000000000
        0.0000000000        0.0000000000        0.0000000000
        0.0000000000        0.0000000000        0.0000000000
        0.0000000000        0.0000000000        0.0000000000
        0.0000000000        0.0000000000        0.0000000000
        0.0000000000        0.0000000000        0.0000000000
        0.0000000000        0.0000000000        0.0000000000
        0.0000000000        0.0000000000        0.0000000000
        0.0000000000        0.0000000000        0.0000000000
        0.0000000000        0.0000000000        0.0000000000
        0.0000000000        0.0000000000        0.0000000000
        0.0000000000        0.0000000000        0.0000000000
        0.0000000000        0.0000000000        0.0000000000
        0.0000000000        0.0000000000        0.0000000000
        0.0000000000        0.0000000000        0.0000000000
        0.0000000000        0.0000000000        0.0000000000
        0.0000000000        0.0000000000        0.0000000000
        1.2241110997        0.8746449825       -0.9116405438
       -0.7329639934        3.6683710013       -5.6152750327
       -0.8833069789       -3.7171735205        5.7383811442
       -0.1864463168        0.9396708064        0.2100335375
        0.7602017966       -1.0655821993        1.0413012168
       -0.1815956072       -0.6999310704       -0.4628003220
        0.0000000000        0.0000000000        0.0000000000
        0.0000000000        0.0000000000        0.0000000000
        0.0000000000        0.0000000000        0.0000000000
        0.0000000000        0.0000000000        0.0000000000
        0.0000000000        0.0000000000        0.0000000000
        0.0000000000        0.0000000000        0.0000000000
        0.0000000000        0.0000000000        0.0000000000
        0.0000000000        0.0000000000        0.0000000000
        0.0000000000        0.0000000000        0.0000000000
        0.0000000000        0.0000000000        0.0000000000
        0.0000000000        0.0000000000        0.0000000000
        0.0000000000        0.0000000000        0.0000000000
        0.0000000000        0.0000000000        0.0000000000
        0.0000000000        0.0000000000        0.0000000000
        0.0000000000        0.0000000000        0.0000000000
        0.0000000000        0.0000000000        0.0000000000
        0.0000000000        0.0000000000        0.0000000000
        0.0000000000        0.0000000000        0.0000000000
        0.0000000000        0.0000000000        0.0000000000
        0.0000000000        0.0000000000        0.0000000000
        0.0000000000        0.0000000000        0.0000000000
        0.0000000000        0.0000000000        0.0000000000
        0.0000000000        0.0000000000        0.0000000000
        0.0000000000        0.0000000000        0.0000000000
        0.0000000000        0.0000000000        0.0000000000
        0.0000000000        0.0000000000        0.0000000000
        0.0000000000        0.0000000000        0.0000000000
        0.0000000000        0.0000000000        0.0000000000
        0.0000000000        0.0000000000        0.0000000000
        0.0000000000        0.0000000000        0.0000000000
        0.0000000000        0.0000000000        0.0000000000
        0.0000000000        0.0000000000        0.0000000000
        0.0000000000        0.0000000000        0.0000000000
        0.0000000000        0.0000000000        0.0000000000
        0.0000000000        0.0000000000        0.0000000000
        0.0000000000        0.0000000000        0.0000000000
        0.0000000000        0.0000000000        0.0000000000
        0.0000000000        0.0000000000        0.0000000000
        0.0000000000        0.0000000000        0.0000000000
        0.0000000000        0.0000000000        0.0000000000
        0.0000000000        0.0000000000        0.0000000000
        0.0000000000        0.0000000000        0.0000000000
        0.0000000000        0.0000000000        0.0000000000
        0.0000000000        0.0000000000        0.0000000000
        0.0000000000        0.0000000000        0.0000000000
        0.0000000000        0.0000000000        0.0000000000
        0.0000000000        0.0000000000        0.0000000000
        0.0000000000        0.0000000000        0.0000000000
        0.0000000000        0.0000000000        0.0000000000
        0.0000000000        0.0000000000        0.0000000000
        0.0000000000        0.0000000000        0.0000000000
        0.0000000000        0.0000000000        0.0000000000
        0.0000000000        0.0000000000        0.0000000000
        0.0000000000        0.0000000000        0.0000000000
        0.0000000000        0.0000000000        0.0000000000
        0.0000000000        0.0000000000        0.0000000000
        0.0000000000        0.0000000000        0.0000000000
        0.0000000000        0.0000000000        0.0000000000
        0.0000000000        0.0000000000        0.0000000000
        0.0000000000        0.0000000000        0.0000000000
        0.0000000000        0.0000000000        0.0000000000
        0.0000000000        0.0000000000        0.0000000000
        0.0000000000        0.0000000000        0.0000000000
        0.0000000000        0.0000000000        0.0000000000
        0.0000000000        0.0000000000        0.0000000000
        0.0000000000        0.0000000000        0.0000000000

 CCSD contribution to dipole derivatives 

        0.0000000000        0.0000000000        0.0000000000
        0.0000000000        0.0000000000        0.0000000000
       -0.0075785605        0.0000000000        0.0000000000
        0.0000000000        0.0000000000        0.0000000000
        0.0000000000        0.0000000000        0.0000000000
        0.0000000000        0.0000000000        0.0000000000
        0.0000000000        0.0000000000        0.0000000000
        0.0000000000        0.0000000000        0.0000000000
       -0.0003224809        0.0000000000        0.0000000000
        0.0000000000        0.0000000000        0.0000000000
        0.0000000000        0.0000000000        0.0000000000
        0.0000000000        0.0000000000        0.0000000000
        0.0000000000        0.0000000000        0.0000000000
        0.0000000000        0.0000000000        0.0000000000
       -0.0070105220        0.0000000000        0.0000000000
        0.0000000000        0.0000000000        0.0000000000
        0.0000000000        0.0000000000        0.0000000000
        0.0000000000        0.0000000000        0.0000000000
 @CHECKOUT-I, Total execution time (CPU/WALL):     4238.44/    1404.16 seconds.
--executable xsdcc finished with status     0 in     1404.27 seconds (walltime).
 --invoking executable--
/home/asmola/.local/bin/xanti
 @GETMEM-I,  Allocated   38146 MB of main memory.
 CCSD MO derivative gammas will be sorted to Mulliken order.
 @CHECKOUT-I, Total execution time (CPU/WALL):       44.12/     108.47 seconds.
--executable xanti finished with status     0 in      108.54 seconds (walltime).
 --invoking executable--
/home/asmola/.local/bin/xbcktrn
 @GETMEM-I,  Allocated   38146 MB of main memory.
 CCSD MO derivative gammas will be transformed to the AO basis.
 @CHECKOUT-I, Total execution time (CPU/WALL):      135.70/      38.41 seconds.
--executable xbcktrn finished with status     0 in       38.45 seconds (walltime).
 --invoking executable--
/home/asmola/.local/bin/xvdint
 @GETMEM-I,  Allocated   38146 MB of main memory.
 One- and two-electron integral derivatives are calculated
 for RHF-CC/MBPT hessians and dipole derivatives.
 Spherical gaussians are used.
  magnet F F
 Evaluation of 2el integral derivatives

                      Two-electron integral gradient
                      ------------------------------

 C #1      -0.0224419958            0.0036722802            0.0175863357
 O #2      -0.2643612116            0.0509835153           -0.0744522366
 H #3       0.2879181905           -0.0494778165            0.0715477370
 H #4       0.0089168048           -0.0113491006            0.0030587670
 H #5      -0.0094704159            0.0032962263           -0.0217077837
 H #6      -0.0005613720            0.0028748952            0.0039671805


 Evaluation of 2e integral derivatives required  921.19 seconds.
  contribution to Hessian
       -0.0224419958        0.0036722802        0.0175863357
       -0.2643612116        0.0509835153       -0.0744522366
        0.2879181905       -0.0494778165        0.0715477370
        0.0089168048       -0.0113491006        0.0030587670
       -0.0094704159        0.0032962263       -0.0217077837
       -0.0005613720        0.0028748952        0.0039671805
 @CHECKOUT-I, Total execution time (CPU/WALL):      921.18/     144.96 seconds.
--executable xvdint finished with status     0 in      144.99 seconds (walltime).
 --invoking executable--
/home/asmola/.local/bin/xsdcc
 @GETMEM-I,  Allocated   38146 MB of main memory.
 Vibrational frequencies and infrared intensities are calculated
 at the CCSD level within the harmonic approximation.
 CPHF coefficients for occ-occ block: U^x(i,j) = -1/2 S^x(i,j)
 CPHF coefficients for vrt-vrt block: U^x(a,b) = -1/2 S^x(a,b)
 Transformation of derivative integrals from AO to MO basis:
 RHF transformation
 Transformation of DIIII integral derivatives.
 1 pass through the AO integral derivative file was needed.
  89928834 AO integral derivatives were read from file DIIII.
 Transformation of first index required  343.8 seconds.
 Transformation of remaining indices required  413.1 seconds.
1715296743 MO integral derivatives were written to file DERINT.
        MO basis integral derivatives are being calculated
             (Symmetry block 1, perturbation   8)
 First derivative of the wavefunction is calculated (Symmetry block 1, perturbation   8)
 Resorts of perturbed amplitudes and integrals required   0.1 seconds.
 Construction of <Phi|(dH_N/dx exp(T))c|0> required  30.7 seconds.
 Starting iterative solution of the perturbed CC equations.
 The DIIS procedure is used to accelerate convergence.
 Convergence criterion is 10**(-7).
 Maximum number of iterations is 100.
 Convergence information after     1 iterations: 
 Largest element of residual vector :  0.42327780E-01.
 Largest element of DIIS residual   :  0.42327780E-01.
 Convergence information after     2 iterations: 
 Largest element of residual vector : -0.66884351E-02.
 Largest element of DIIS residual   :  0.53986987E-02.
 Convergence information after     3 iterations: 
 Largest element of residual vector : -0.45710955E-02.
 Largest element of DIIS residual   : -0.31860034E-02.
 Convergence information after     4 iterations: 
 Largest element of residual vector :  0.11876633E-02.
 Largest element of DIIS residual   :  0.78724444E-03.
 Convergence information after     5 iterations: 
 Largest element of residual vector :  0.41297961E-03.
 Largest element of DIIS residual   : -0.27615202E-03.
 Convergence information after     6 iterations: 
 Largest element of residual vector : -0.17684457E-03.
 Largest element of DIIS residual   : -0.17621257E-03.
 Convergence information after     7 iterations: 
 Largest element of residual vector : -0.11246927E-03.
 Largest element of DIIS residual   : -0.81702561E-04.
 Convergence information after     8 iterations: 
 Largest element of residual vector : -0.43735058E-04.
 Largest element of DIIS residual   :  0.20574783E-04.
 Convergence information after     9 iterations: 
 Largest element of residual vector : -0.16088120E-04.
 Largest element of DIIS residual   :  0.90934641E-05.
 Convergence information after    10 iterations: 
 Largest element of residual vector :  0.42656278E-05.
 Largest element of DIIS residual   : -0.32414192E-05.
 Convergence information after    11 iterations: 
 Largest element of residual vector :  0.13602863E-05.
 Largest element of DIIS residual   :  0.11410978E-05.
 Convergence information after    12 iterations: 
 Largest element of residual vector :  0.55648451E-06.
 Largest element of DIIS residual   :  0.43683874E-06.
 Convergence information after    13 iterations: 
 Largest element of residual vector :  0.28209682E-06.
 Largest element of DIIS residual   :  0.22812033E-06.
 Convergence information after    14 iterations: 
 Largest element of residual vector :  0.11565255E-06.
 Largest element of DIIS residual   :  0.69058410E-07.
 Perturbed amplitude equations converged in    14 iterations.
  Dominant contributions to perturbed wavefunction:
    8    0   77    0   0.0338181376 AA  
    6    6  111   39  -0.0320729900 ABAB
    6    6   39  111  -0.0320729900 ABAB
    8    6  111   39   0.0300220376 ABAB
    6    8   39  111   0.0300220376 ABAB
    6    6  168   39  -0.0288802241 ABAB
    6    6   39  168  -0.0288802241 ABAB
    8    0  111    0  -0.0275413428 AA  
    8    8  111   41  -0.0271712642 ABAB
    8    8   41  111  -0.0271712642 ABAB
    8    8  111   20   0.0268440452 ABAB
    8    8   20  111   0.0268440452 ABAB
    8    6  168   39   0.0259268826 ABAB
    6    8   39  168   0.0259268826 ABAB
    6    6  111   44  -0.0257385044 ABAB
    6    6   44  111  -0.0257385044 ABAB
    8    8   77   41   0.0253803738 ABAB
    8    8   41   77   0.0253803738 ABAB
    6    6  168   44  -0.0252834110 ABAB
    6    6   44  168  -0.0252834110 ABAB
  Total CCSD gradient is    0.009843430588410.
  norm of converged amps    1.13714790712275     
 Starting iterative solution of the perturbed Lambda equations.
 The DIIS procedure is used to accelerate convergence.
 Convergence criterion is 10**(-7).
 Maximum number of iterations is 100.
 Convergence information after     1 iterations: 
 Largest element of residual vector :  0.35171849E-01.
 Largest element of DIIS residual   :  0.35171849E-01.
 Convergence information after     2 iterations: 
 Largest element of residual vector : -0.59198042E-02.
 Largest element of DIIS residual   :  0.48824015E-02.
 Convergence information after     3 iterations: 
 Largest element of residual vector : -0.36597177E-02.
 Largest element of DIIS residual   : -0.27828470E-02.
 Convergence information after     4 iterations: 
 Largest element of residual vector :  0.10082435E-02.
 Largest element of DIIS residual   :  0.73278688E-03.
 Convergence information after     5 iterations: 
 Largest element of residual vector :  0.38382045E-03.
 Largest element of DIIS residual   : -0.25739601E-03.
 Convergence information after     6 iterations: 
 Largest element of residual vector : -0.16986937E-03.
 Largest element of DIIS residual   : -0.16624653E-03.
 Convergence information after     7 iterations: 
 Largest element of residual vector : -0.10486382E-03.
 Largest element of DIIS residual   : -0.73333949E-04.
 Convergence information after     8 iterations: 
 Largest element of residual vector : -0.39700581E-04.
 Largest element of DIIS residual   :  0.18108048E-04.
 Convergence information after     9 iterations: 
 Largest element of residual vector : -0.14140117E-04.
 Largest element of DIIS residual   :  0.78138322E-05.
 Convergence information after    10 iterations: 
 Largest element of residual vector : -0.35946855E-05.
 Largest element of DIIS residual   : -0.28049999E-05.
 Convergence information after    11 iterations: 
 Largest element of residual vector :  0.12094384E-05.
 Largest element of DIIS residual   :  0.97258017E-06.
 Convergence information after    12 iterations: 
 Largest element of residual vector :  0.52134560E-06.
 Largest element of DIIS residual   :  0.39892744E-06.
 Convergence information after    13 iterations: 
 Largest element of residual vector :  0.25101275E-06.
 Largest element of DIIS residual   :  0.19012323E-06.
 Convergence information after    14 iterations: 
 Largest element of residual vector :  0.10525601E-06.
 Largest element of DIIS residual   :  0.62137657E-07.
 Perturbed Lambda equations converged in    14 iterations.
  Dominant contributions to perturbed wavefunction:
    6    6  111   39  -0.0312943214 ABAB
    6    6   39  111  -0.0312943214 ABAB
    8    6  111   39   0.0292295443 ABAB
    6    8   39  111   0.0292295443 ABAB
    6    6  168   39  -0.0281519943 ABAB
    6    6   39  168  -0.0281519943 ABAB
    8    8  111   41  -0.0265930785 ABAB
    8    8   41  111  -0.0265930785 ABAB
    8    8  111   20   0.0259710313 ABAB
    8    8   20  111   0.0259710313 ABAB
    8    6  168   39   0.0252193770 ABAB
    6    8   39  168   0.0252193770 ABAB
    6    6  111   44  -0.0249733326 ABAB
    6    6   44  111  -0.0249733326 ABAB
    8    8   77   41   0.0247230935 ABAB
    8    8   41   77   0.0247230935 ABAB
    6    6  168   44  -0.0245566273 ABAB
    6    6   44  168  -0.0245566273 ABAB
    8    6   41  111   0.0244013235 ABAB
    6    8  111   41   0.0244013235 ABAB
  Total CCSD gradient is    0.008507320610201.
        The DBOC first-order density matrix is being calculated 
             (Symmetry block 1, perturbation   8)
 term   1.60708488920433     
 final tnorm1 -5.451938390283805E-003
  <0|L dT/dx|0> -5.451938390283805E-003
  norm contr. I: |<0|L dT/dx|0>|^2   2.972363221145037E-005
  norm contr. II: <0|[nabla(1+L)e-T][nabla e^T]|0>   1.60708488920433     
  total norm contribution   1.60711461283654     
 oo  3.291244102660737E-002
 vv  -191.661013844173     
 vo  6.003475623130978E-002
  Correlated perturbed 1-el contribution to DBOC  -191.568066646915       cm**-1
  SUM_I |dc_I/dx|^2 contribution to DBOC   96.0489008708231       cm**-1
 
  current total DBOC   5426.09721711908       cm**-1
 First-order density matrix is being calculated  (Symmetry block 1, perturbation   8)
 Calculation of the contributions of <pq||rs> to dI(i,j)/dx required   5.4 seconds.
 Calculation of the contributions of <pq||rs> to dI(a,b)/dx required  65.2 seconds.
 Calculation of the contributions of <pq||rs> to dI(i,a)/dx required  21.1 seconds.
 First-order Z-vector equations are solved for 1 perturbation.
 Convergence reached after  27 iterations.
        U*G(pq,rs) contribution is being calculated
             (Symmetry block 1, perturbation   8)

 CCSD contribution to force constants 

        0.0000000000        0.0000000000        0.0000000000
        0.0000000000        0.0000000000        0.0000000000
        0.0000000000        0.0000000000        0.0000000000
        0.0000000000        0.0000000000        0.0000000000
        0.0000000000        0.0000000000        0.0000000000
        0.0000000000        0.0000000000        0.0000000000
        0.0000000000        0.0000000000        0.0000000000
        0.0000000000        0.0000000000        0.0000000000
        0.0000000000        0.0000000000        0.0000000000
        0.0000000000        0.0000000000        0.0000000000
        0.0000000000        0.0000000000        0.0000000000
        0.0000000000        0.0000000000        0.0000000000
        0.0000000000        0.0000000000        0.0000000000
        0.0000000000        0.0000000000        0.0000000000
        0.0000000000        0.0000000000        0.0000000000
        0.0000000000        0.0000000000        0.0000000000
        0.0000000000        0.0000000000        0.0000000000
        0.0000000000        0.0000000000        0.0000000000
        0.0000000000        0.0000000000        0.0000000000
        0.0000000000        0.0000000000        0.0000000000
        0.0000000000        0.0000000000        0.0000000000
        0.0000000000        0.0000000000        0.0000000000
        0.0000000000        0.0000000000        0.0000000000
        0.0000000000        0.0000000000        0.0000000000
        0.0000000000        0.0000000000        0.0000000000
        0.0000000000        0.0000000000        0.0000000000
        0.0000000000        0.0000000000        0.0000000000
        0.0000000000        0.0000000000        0.0000000000
        0.0000000000        0.0000000000        0.0000000000
        0.0000000000        0.0000000000        0.0000000000
        0.0000000000        0.0000000000        0.0000000000
        0.0000000000        0.0000000000        0.0000000000
        0.0000000000        0.0000000000        0.0000000000
        0.0000000000        0.0000000000        0.0000000000
        0.0000000000        0.0000000000        0.0000000000
        0.0000000000        0.0000000000        0.0000000000
        0.0000000000        0.0000000000        0.0000000000
        0.0000000000        0.0000000000        0.0000000000
        0.0000000000        0.0000000000        0.0000000000
        0.0000000000        0.0000000000        0.0000000000
        0.0000000000        0.0000000000        0.0000000000
        0.0000000000        0.0000000000        0.0000000000
        0.3652916837        2.3969743436       -0.0077850261
        2.5252718732        0.2207617559        6.2543414612
       -2.6479008285       -1.8161324337       -6.0435080683
        0.5622096154        0.7398311303       -0.3233928023
       -0.5452072141       -1.5931790218        0.0797050690
       -0.2596651297        0.0517442257        0.0406393665
        0.0000000000        0.0000000000        0.0000000000
        0.0000000000        0.0000000000        0.0000000000
        0.0000000000        0.0000000000        0.0000000000
        0.0000000000        0.0000000000        0.0000000000
        0.0000000000        0.0000000000        0.0000000000
        0.0000000000        0.0000000000        0.0000000000
        0.0000000000        0.0000000000        0.0000000000
        0.0000000000        0.0000000000        0.0000000000
        0.0000000000        0.0000000000        0.0000000000
        0.0000000000        0.0000000000        0.0000000000
        0.0000000000        0.0000000000        0.0000000000
        0.0000000000        0.0000000000        0.0000000000
        0.0000000000        0.0000000000        0.0000000000
        0.0000000000        0.0000000000        0.0000000000
        0.0000000000        0.0000000000        0.0000000000
        0.0000000000        0.0000000000        0.0000000000
        0.0000000000        0.0000000000        0.0000000000
        0.0000000000        0.0000000000        0.0000000000
        0.0000000000        0.0000000000        0.0000000000
        0.0000000000        0.0000000000        0.0000000000
        0.0000000000        0.0000000000        0.0000000000
        0.0000000000        0.0000000000        0.0000000000
        0.0000000000        0.0000000000        0.0000000000
        0.0000000000        0.0000000000        0.0000000000
        0.0000000000        0.0000000000        0.0000000000
        0.0000000000        0.0000000000        0.0000000000
        0.0000000000        0.0000000000        0.0000000000
        0.0000000000        0.0000000000        0.0000000000
        0.0000000000        0.0000000000        0.0000000000
        0.0000000000        0.0000000000        0.0000000000
        0.0000000000        0.0000000000        0.0000000000
        0.0000000000        0.0000000000        0.0000000000
        0.0000000000        0.0000000000        0.0000000000
        0.0000000000        0.0000000000        0.0000000000
        0.0000000000        0.0000000000        0.0000000000
        0.0000000000        0.0000000000        0.0000000000
        0.0000000000        0.0000000000        0.0000000000
        0.0000000000        0.0000000000        0.0000000000
        0.0000000000        0.0000000000        0.0000000000
        0.0000000000        0.0000000000        0.0000000000
        0.0000000000        0.0000000000        0.0000000000
        0.0000000000        0.0000000000        0.0000000000
        0.0000000000        0.0000000000        0.0000000000
        0.0000000000        0.0000000000        0.0000000000
        0.0000000000        0.0000000000        0.0000000000
        0.0000000000        0.0000000000        0.0000000000
        0.0000000000        0.0000000000        0.0000000000
        0.0000000000        0.0000000000        0.0000000000
        0.0000000000        0.0000000000        0.0000000000
        0.0000000000        0.0000000000        0.0000000000
        0.0000000000        0.0000000000        0.0000000000
        0.0000000000        0.0000000000        0.0000000000
        0.0000000000        0.0000000000        0.0000000000
        0.0000000000        0.0000000000        0.0000000000
        0.0000000000        0.0000000000        0.0000000000
        0.0000000000        0.0000000000        0.0000000000
        0.0000000000        0.0000000000        0.0000000000
        0.0000000000        0.0000000000        0.0000000000
        0.0000000000        0.0000000000        0.0000000000
        0.0000000000        0.0000000000        0.0000000000

 CCSD contribution to dipole derivatives 

        0.0000000000        0.0000000000        0.0000000000
        0.0000000000        0.0000000000        0.0000000000
        0.0000000000       -0.0079323864        0.0000000000
        0.0000000000        0.0000000000        0.0000000000
        0.0000000000        0.0000000000        0.0000000000
        0.0000000000        0.0000000000        0.0000000000
        0.0000000000        0.0000000000        0.0000000000
        0.0000000000        0.0000000000        0.0000000000
        0.0000000000       -0.0097890360        0.0000000000
        0.0000000000        0.0000000000        0.0000000000
        0.0000000000        0.0000000000        0.0000000000
        0.0000000000        0.0000000000        0.0000000000
        0.0000000000        0.0000000000        0.0000000000
        0.0000000000        0.0000000000        0.0000000000
        0.0000000000       -0.0015065190        0.0000000000
        0.0000000000        0.0000000000        0.0000000000
        0.0000000000        0.0000000000        0.0000000000
        0.0000000000        0.0000000000        0.0000000000
 @CHECKOUT-I, Total execution time (CPU/WALL):     3882.15/    1405.83 seconds.
--executable xsdcc finished with status     0 in     1405.95 seconds (walltime).
 --invoking executable--
/home/asmola/.local/bin/xanti
 @GETMEM-I,  Allocated   38146 MB of main memory.
 CCSD MO derivative gammas will be sorted to Mulliken order.
 @CHECKOUT-I, Total execution time (CPU/WALL):       40.60/     104.50 seconds.
--executable xanti finished with status     0 in      104.59 seconds (walltime).
 --invoking executable--
/home/asmola/.local/bin/xbcktrn
 @GETMEM-I,  Allocated   38146 MB of main memory.
 CCSD MO derivative gammas will be transformed to the AO basis.
 @CHECKOUT-I, Total execution time (CPU/WALL):      139.76/      36.22 seconds.
--executable xbcktrn finished with status     0 in       36.27 seconds (walltime).
 --invoking executable--
/home/asmola/.local/bin/xvdint
 @GETMEM-I,  Allocated   38146 MB of main memory.
 One- and two-electron integral derivatives are calculated
 for RHF-CC/MBPT hessians and dipole derivatives.
 Spherical gaussians are used.
  magnet F F
 Evaluation of 2el integral derivatives

                      Two-electron integral gradient
                      ------------------------------

 C #1       0.0303901074            0.0255831226           -0.0324707719
 O #2       0.0307509525           -0.3961368964            0.1407493280
 H #3      -0.0506180569            0.3755359055           -0.1158377510
 H #4      -0.0196933097           -0.0032348396            0.0056792031
 H #5       0.0122315922           -0.0055903373            0.0079764981
 H #6      -0.0030612855            0.0038430453           -0.0060965063


 Evaluation of 2e integral derivatives required  928.20 seconds.
  contribution to Hessian
        0.0303901074        0.0255831226       -0.0324707719
        0.0307509525       -0.3961368964        0.1407493280
       -0.0506180569        0.3755359055       -0.1158377510
       -0.0196933097       -0.0032348396        0.0056792031
        0.0122315922       -0.0055903373        0.0079764981
       -0.0030612855        0.0038430453       -0.0060965063
 @CHECKOUT-I, Total execution time (CPU/WALL):      928.17/     141.08 seconds.
--executable xvdint finished with status     0 in      141.12 seconds (walltime).
 --invoking executable--
/home/asmola/.local/bin/xsdcc
 @GETMEM-I,  Allocated   38146 MB of main memory.
 Vibrational frequencies and infrared intensities are calculated
 at the CCSD level within the harmonic approximation.
 CPHF coefficients for occ-occ block: U^x(i,j) = -1/2 S^x(i,j)
 CPHF coefficients for vrt-vrt block: U^x(a,b) = -1/2 S^x(a,b)
 Transformation of derivative integrals from AO to MO basis:
 RHF transformation
 Transformation of DIIII integral derivatives.
 1 pass through the AO integral derivative file was needed.
  89937515 AO integral derivatives were read from file DIIII.
 Transformation of first index required  346.8 seconds.
 Transformation of remaining indices required  396.9 seconds.
1715296743 MO integral derivatives were written to file DERINT.
        MO basis integral derivatives are being calculated
             (Symmetry block 1, perturbation   9)
 First derivative of the wavefunction is calculated (Symmetry block 1, perturbation   9)
 Resorts of perturbed amplitudes and integrals required   0.1 seconds.
 Construction of <Phi|(dH_N/dx exp(T))c|0> required  34.0 seconds.
 Starting iterative solution of the perturbed CC equations.
 The DIIS procedure is used to accelerate convergence.
 Convergence criterion is 10**(-7).
 Maximum number of iterations is 100.
 Convergence information after     1 iterations: 
 Largest element of residual vector : -0.32311918E-01.
 Largest element of DIIS residual   : -0.32311918E-01.
 Convergence information after     2 iterations: 
 Largest element of residual vector :  0.47850479E-02.
 Largest element of DIIS residual   :  0.38955626E-02.
 Convergence information after     3 iterations: 
 Largest element of residual vector : -0.29606296E-02.
 Largest element of DIIS residual   :  0.18531981E-02.
 Convergence information after     4 iterations: 
 Largest element of residual vector : -0.82557456E-03.
 Largest element of DIIS residual   :  0.79343548E-03.
 Convergence information after     5 iterations: 
 Largest element of residual vector :  0.39935309E-03.
 Largest element of DIIS residual   :  0.33759599E-03.
 Convergence information after     6 iterations: 
 Largest element of residual vector :  0.24530005E-03.
 Largest element of DIIS residual   :  0.19947078E-03.
 Convergence information after     7 iterations: 
 Largest element of residual vector :  0.12905646E-03.
 Largest element of DIIS residual   :  0.67439729E-04.
 Convergence information after     8 iterations: 
 Largest element of residual vector :  0.37442155E-04.
 Largest element of DIIS residual   : -0.19163197E-04.
 Convergence information after     9 iterations: 
 Largest element of residual vector : -0.14521488E-04.
 Largest element of DIIS residual   : -0.80465795E-05.
 Convergence information after    10 iterations: 
 Largest element of residual vector : -0.40768327E-05.
 Largest element of DIIS residual   : -0.35107119E-05.
 Convergence information after    11 iterations: 
 Largest element of residual vector : -0.19134910E-05.
 Largest element of DIIS residual   :  0.10504855E-05.
 Convergence information after    12 iterations: 
 Largest element of residual vector : -0.70991138E-06.
 Largest element of DIIS residual   : -0.56522289E-06.
 Convergence information after    13 iterations: 
 Largest element of residual vector : -0.35190758E-06.
 Largest element of DIIS residual   : -0.23938970E-06.
 Convergence information after    14 iterations: 
 Largest element of residual vector : -0.15808001E-06.
 Largest element of DIIS residual   : -0.94377288E-07.
 Perturbed amplitude equations converged in    14 iterations.
  Dominant contributions to perturbed wavefunction:
    6    6  168   39   0.0347581392 ABAB
    6    6   39  168   0.0347581392 ABAB
    6    6  111   39   0.0344202745 ABAB
    6    6   39  111   0.0344202745 ABAB
    6    6  168   44   0.0305404567 ABAB
    6    6   44  168   0.0305404567 ABAB
    6    6  184   39  -0.0299857067 ABAB
    6    6   39  184  -0.0299857067 ABAB
    6    6  111   44   0.0288878338 ABAB
    6    6   44  111   0.0288878338 ABAB
    6    6  184   44  -0.0275669249 ABAB
    6    6   44  184  -0.0275669249 ABAB
    6    6  168   24  -0.0250503877 ABAB
    6    6   24  168  -0.0250503877 ABAB
    7    6  111   39  -0.0245657015 ABAB
    6    7   39  111  -0.0245657015 ABAB
    7    0   77    0  -0.0243716342 AA  
    7    7   77   77  -0.0243574727 ABAB
    6    6   77   39  -0.0243269632 ABAB
    6    6   39   77  -0.0243269632 ABAB
  Total CCSD gradient is   -0.015403877559391.
  norm of converged amps    1.29226114899182     
 Starting iterative solution of the perturbed Lambda equations.
 The DIIS procedure is used to accelerate convergence.
 Convergence criterion is 10**(-7).
 Maximum number of iterations is 100.
 Convergence information after     1 iterations: 
 Largest element of residual vector : -0.26781703E-01.
 Largest element of DIIS residual   : -0.26781703E-01.
 Convergence information after     2 iterations: 
 Largest element of residual vector :  0.41573767E-02.
 Largest element of DIIS residual   : -0.32430118E-02.
 Convergence information after     3 iterations: 
 Largest element of residual vector : -0.25121542E-02.
 Largest element of DIIS residual   :  0.16345407E-02.
 Convergence information after     4 iterations: 
 Largest element of residual vector : -0.69918117E-03.
 Largest element of DIIS residual   :  0.69618386E-03.
 Convergence information after     5 iterations: 
 Largest element of residual vector :  0.35297083E-03.
 Largest element of DIIS residual   :  0.30555791E-03.
 Convergence information after     6 iterations: 
 Largest element of residual vector :  0.22345000E-03.
 Largest element of DIIS residual   :  0.18223777E-03.
 Convergence information after     7 iterations: 
 Largest element of residual vector :  0.11693815E-03.
 Largest element of DIIS residual   :  0.59190217E-04.
 Convergence information after     8 iterations: 
 Largest element of residual vector :  0.32963090E-04.
 Largest element of DIIS residual   : -0.16776089E-04.
 Convergence information after     9 iterations: 
 Largest element of residual vector : -0.12356403E-04.
 Largest element of DIIS residual   : -0.68172765E-05.
 Convergence information after    10 iterations: 
 Largest element of residual vector : -0.36153844E-05.
 Largest element of DIIS residual   : -0.30887723E-05.
 Convergence information after    11 iterations: 
 Largest element of residual vector : -0.17760773E-05.
 Largest element of DIIS residual   : -0.97184621E-06.
 Convergence information after    12 iterations: 
 Largest element of residual vector : -0.65574221E-06.
 Largest element of DIIS residual   : -0.49176929E-06.
 Convergence information after    13 iterations: 
 Largest element of residual vector : -0.30686131E-06.
 Largest element of DIIS residual   : -0.23023052E-06.
 Convergence information after    14 iterations: 
 Largest element of residual vector : -0.14140660E-06.
 Largest element of DIIS residual   : -0.87419742E-07.
 Perturbed Lambda equations converged in    14 iterations.
  Dominant contributions to perturbed wavefunction:
    6    6  168   39   0.0338907076 ABAB
    6    6   39  168   0.0338907076 ABAB
    6    6  111   39   0.0335794941 ABAB
    6    6   39  111   0.0335794941 ABAB
    6    6  168   44   0.0296051420 ABAB
    6    6   44  168   0.0296051420 ABAB
    6    6  184   39  -0.0292737675 ABAB
    6    6   39  184  -0.0292737675 ABAB
    6    6  111   44   0.0279774278 ABAB
    6    6   44  111   0.0279774278 ABAB
    6    6  184   44  -0.0267428143 ABAB
    6    6   44  184  -0.0267428143 ABAB
    6    6  168   24  -0.0242816942 ABAB
    6    6   24  168  -0.0242816942 ABAB
    7    6  111   39  -0.0239945023 ABAB
    6    7   39  111  -0.0239945023 ABAB
    7    7   77   77  -0.0238452932 ABAB
    6    6   77   39  -0.0236584031 ABAB
    6    6   39   77  -0.0236584031 ABAB
    6    6  111   43   0.0235922486 ABAB
  Total CCSD gradient is   -0.013346703922814.
        The DBOC first-order density matrix is being calculated 
             (Symmetry block 1, perturbation   9)
 term   1.99209197153544     
 final tnorm1  8.300694800756500E-003
  <0|L dT/dx|0>  8.300694800756500E-003
  norm contr. I: |<0|L dT/dx|0>|^2   6.890153417530599E-005
  norm contr. II: <0|[nabla(1+L)e-T][nabla e^T]|0>   1.99209197153544     
  total norm contribution   1.99216087306962     
 oo  8.221684443665856E-003
 vv  -237.629273619826     
 vo  0.119014448383236     
  Correlated perturbed 1-el contribution to DBOC  -237.502037486999       cm**-1
  SUM_I |dc_I/dx|^2 contribution to DBOC   119.061117787035       cm**-1
 
  current total DBOC   5307.65629741912       cm**-1
 First-order density matrix is being calculated  (Symmetry block 1, perturbation   9)
 Calculation of the contributions of <pq||rs> to dI(i,j)/dx required   7.7 seconds.
 Calculation of the contributions of <pq||rs> to dI(a,b)/dx required  51.1 seconds.
 Calculation of the contributions of <pq||rs> to dI(i,a)/dx required  18.6 seconds.
 First-order Z-vector equations are solved for 1 perturbation.
 Convergence reached after  27 iterations.
        U*G(pq,rs) contribution is being calculated
             (Symmetry block 1, perturbation   9)

 CCSD contribution to force constants 

        0.0000000000        0.0000000000        0.0000000000
        0.0000000000        0.0000000000        0.0000000000
        0.0000000000        0.0000000000        0.0000000000
        0.0000000000        0.0000000000        0.0000000000
        0.0000000000        0.0000000000        0.0000000000
        0.0000000000        0.0000000000        0.0000000000
        0.0000000000        0.0000000000        0.0000000000
        0.0000000000        0.0000000000        0.0000000000
        0.0000000000        0.0000000000        0.0000000000
        0.0000000000        0.0000000000        0.0000000000
        0.0000000000        0.0000000000        0.0000000000
        0.0000000000        0.0000000000        0.0000000000
        0.0000000000        0.0000000000        0.0000000000
        0.0000000000        0.0000000000        0.0000000000
        0.0000000000        0.0000000000        0.0000000000
        0.0000000000        0.0000000000        0.0000000000
        0.0000000000        0.0000000000        0.0000000000
        0.0000000000        0.0000000000        0.0000000000
        0.0000000000        0.0000000000        0.0000000000
        0.0000000000        0.0000000000        0.0000000000
        0.0000000000        0.0000000000        0.0000000000
        0.0000000000        0.0000000000        0.0000000000
        0.0000000000        0.0000000000        0.0000000000
        0.0000000000        0.0000000000        0.0000000000
        0.0000000000        0.0000000000        0.0000000000
        0.0000000000        0.0000000000        0.0000000000
        0.0000000000        0.0000000000        0.0000000000
        0.0000000000        0.0000000000        0.0000000000
        0.0000000000        0.0000000000        0.0000000000
        0.0000000000        0.0000000000        0.0000000000
        0.0000000000        0.0000000000        0.0000000000
        0.0000000000        0.0000000000        0.0000000000
        0.0000000000        0.0000000000        0.0000000000
        0.0000000000        0.0000000000        0.0000000000
        0.0000000000        0.0000000000        0.0000000000
        0.0000000000        0.0000000000        0.0000000000
        0.0000000000        0.0000000000        0.0000000000
        0.0000000000        0.0000000000        0.0000000000
        0.0000000000        0.0000000000        0.0000000000
        0.0000000000        0.0000000000        0.0000000000
        0.0000000000        0.0000000000        0.0000000000
        0.0000000000        0.0000000000        0.0000000000
        0.0000000000        0.0000000000        0.0000000000
        0.0000000000        0.0000000000        0.0000000000
        0.0000000000        0.0000000000        0.0000000000
        0.0000000000        0.0000000000        0.0000000000
        0.0000000000        0.0000000000        0.0000000000
        0.0000000000        0.0000000000        0.0000000000
       -0.6424492315        0.0405272047        2.0588087627
       -4.4075412247        6.3588692942       -5.0809572979
        4.5798964292       -6.0915822173        3.3383355127
        0.1547905382       -0.0497987334        1.0336304591
        0.4026750834       -0.0125941915       -1.9470932692
       -0.0873715945       -0.2454213566        0.5972758326
        0.0000000000        0.0000000000        0.0000000000
        0.0000000000        0.0000000000        0.0000000000
        0.0000000000        0.0000000000        0.0000000000
        0.0000000000        0.0000000000        0.0000000000
        0.0000000000        0.0000000000        0.0000000000
        0.0000000000        0.0000000000        0.0000000000
        0.0000000000        0.0000000000        0.0000000000
        0.0000000000        0.0000000000        0.0000000000
        0.0000000000        0.0000000000        0.0000000000
        0.0000000000        0.0000000000        0.0000000000
        0.0000000000        0.0000000000        0.0000000000
        0.0000000000        0.0000000000        0.0000000000
        0.0000000000        0.0000000000        0.0000000000
        0.0000000000        0.0000000000        0.0000000000
        0.0000000000        0.0000000000        0.0000000000
        0.0000000000        0.0000000000        0.0000000000
        0.0000000000        0.0000000000        0.0000000000
        0.0000000000        0.0000000000        0.0000000000
        0.0000000000        0.0000000000        0.0000000000
        0.0000000000        0.0000000000        0.0000000000
        0.0000000000        0.0000000000        0.0000000000
        0.0000000000        0.0000000000        0.0000000000
        0.0000000000        0.0000000000        0.0000000000
        0.0000000000        0.0000000000        0.0000000000
        0.0000000000        0.0000000000        0.0000000000
        0.0000000000        0.0000000000        0.0000000000
        0.0000000000        0.0000000000        0.0000000000
        0.0000000000        0.0000000000        0.0000000000
        0.0000000000        0.0000000000        0.0000000000
        0.0000000000        0.0000000000        0.0000000000
        0.0000000000        0.0000000000        0.0000000000
        0.0000000000        0.0000000000        0.0000000000
        0.0000000000        0.0000000000        0.0000000000
        0.0000000000        0.0000000000        0.0000000000
        0.0000000000        0.0000000000        0.0000000000
        0.0000000000        0.0000000000        0.0000000000
        0.0000000000        0.0000000000        0.0000000000
        0.0000000000        0.0000000000        0.0000000000
        0.0000000000        0.0000000000        0.0000000000
        0.0000000000        0.0000000000        0.0000000000
        0.0000000000        0.0000000000        0.0000000000
        0.0000000000        0.0000000000        0.0000000000
        0.0000000000        0.0000000000        0.0000000000
        0.0000000000        0.0000000000        0.0000000000
        0.0000000000        0.0000000000        0.0000000000
        0.0000000000        0.0000000000        0.0000000000
        0.0000000000        0.0000000000        0.0000000000
        0.0000000000        0.0000000000        0.0000000000
        0.0000000000        0.0000000000        0.0000000000
        0.0000000000        0.0000000000        0.0000000000
        0.0000000000        0.0000000000        0.0000000000
        0.0000000000        0.0000000000        0.0000000000
        0.0000000000        0.0000000000        0.0000000000
        0.0000000000        0.0000000000        0.0000000000

 CCSD contribution to dipole derivatives 

        0.0000000000        0.0000000000        0.0000000000
        0.0000000000        0.0000000000        0.0000000000
        0.0000000000        0.0000000000        0.0216323638
        0.0000000000        0.0000000000        0.0000000000
        0.0000000000        0.0000000000        0.0000000000
        0.0000000000        0.0000000000        0.0000000000
        0.0000000000        0.0000000000        0.0000000000
        0.0000000000        0.0000000000        0.0000000000
        0.0000000000        0.0000000000       -0.0051771568
        0.0000000000        0.0000000000        0.0000000000
        0.0000000000        0.0000000000        0.0000000000
        0.0000000000        0.0000000000        0.0000000000
        0.0000000000        0.0000000000        0.0000000000
        0.0000000000        0.0000000000        0.0000000000
        0.0000000000        0.0000000000       -0.0074278722
        0.0000000000        0.0000000000        0.0000000000
        0.0000000000        0.0000000000        0.0000000000
        0.0000000000        0.0000000000        0.0000000000
 @CHECKOUT-I, Total execution time (CPU/WALL):     4024.35/    1401.34 seconds.
--executable xsdcc finished with status     0 in     1401.48 seconds (walltime).
 --invoking executable--
/home/asmola/.local/bin/xanti
 @GETMEM-I,  Allocated   38146 MB of main memory.
 CCSD MO derivative gammas will be sorted to Mulliken order.
 @CHECKOUT-I, Total execution time (CPU/WALL):       39.35/     106.84 seconds.
--executable xanti finished with status     0 in      106.89 seconds (walltime).
 --invoking executable--
/home/asmola/.local/bin/xbcktrn
 @GETMEM-I,  Allocated   38146 MB of main memory.
 CCSD MO derivative gammas will be transformed to the AO basis.
 @CHECKOUT-I, Total execution time (CPU/WALL):      137.57/      35.07 seconds.
--executable xbcktrn finished with status     0 in       35.12 seconds (walltime).
 --invoking executable--
/home/asmola/.local/bin/xvdint
 @GETMEM-I,  Allocated   38146 MB of main memory.
 One- and two-electron integral derivatives are calculated
 for RHF-CC/MBPT hessians and dipole derivatives.
 Spherical gaussians are used.
  magnet F F
 Evaluation of 2el integral derivatives

                      Two-electron integral gradient
                      ------------------------------

 C #1      -0.0573997307           -0.0318706669            0.0385053666
 O #2      -0.0431737325            0.1489402704           -0.5457895078
 H #3       0.0807559392           -0.1191685199            0.5058844573
 H #4       0.0125940299           -0.0097411503            0.0139749138
 H #5      -0.0027901032            0.0146215161           -0.0073379444
 H #6       0.0100135973           -0.0027814494           -0.0052372855


 Evaluation of 2e integral derivatives required  918.63 seconds.
  contribution to Hessian
       -0.0573997307       -0.0318706669        0.0385053666
       -0.0431737325        0.1489402704       -0.5457895078
        0.0807559392       -0.1191685199        0.5058844573
        0.0125940299       -0.0097411503        0.0139749138
       -0.0027901032        0.0146215161       -0.0073379444
        0.0100135973       -0.0027814494       -0.0052372855
 @CHECKOUT-I, Total execution time (CPU/WALL):      918.61/     139.68 seconds.
--executable xvdint finished with status     0 in      139.72 seconds (walltime).
 --invoking executable--
/home/asmola/.local/bin/xsdcc
 @GETMEM-I,  Allocated   38146 MB of main memory.
 Vibrational frequencies and infrared intensities are calculated
 at the CCSD level within the harmonic approximation.
 CPHF coefficients for occ-occ block: U^x(i,j) = -1/2 S^x(i,j)
 CPHF coefficients for vrt-vrt block: U^x(a,b) = -1/2 S^x(a,b)
 Transformation of derivative integrals from AO to MO basis:
 RHF transformation
 Transformation of DIIII integral derivatives.
 1 pass through the AO integral derivative file was needed.
  89957422 AO integral derivatives were read from file DIIII.
 Transformation of first index required  347.5 seconds.
 Transformation of remaining indices required  390.2 seconds.
1715296743 MO integral derivatives were written to file DERINT.
        MO basis integral derivatives are being calculated
             (Symmetry block 1, perturbation  10)
 First derivative of the wavefunction is calculated (Symmetry block 1, perturbation  10)
 Resorts of perturbed amplitudes and integrals required   0.1 seconds.
 Construction of <Phi|(dH_N/dx exp(T))c|0> required  34.2 seconds.
 Starting iterative solution of the perturbed CC equations.
 The DIIS procedure is used to accelerate convergence.
 Convergence criterion is 10**(-7).
 Maximum number of iterations is 100.
 Convergence information after     1 iterations: 
 Largest element of residual vector : -0.64125204E-01.
 Largest element of DIIS residual   : -0.64125204E-01.
 Convergence information after     2 iterations: 
 Largest element of residual vector : -0.47789579E-02.
 Largest element of DIIS residual   : -0.47879054E-02.
 Convergence information after     3 iterations: 
 Largest element of residual vector : -0.54552333E-02.
 Largest element of DIIS residual   :  0.36020052E-02.
 Convergence information after     4 iterations: 
 Largest element of residual vector : -0.14339007E-02.
 Largest element of DIIS residual   : -0.78351544E-03.
 Convergence information after     5 iterations: 
 Largest element of residual vector : -0.48309645E-03.
 Largest element of DIIS residual   : -0.34330416E-03.
 Convergence information after     6 iterations: 
 Largest element of residual vector :  0.17499505E-03.
 Largest element of DIIS residual   :  0.13923692E-03.
 Convergence information after     7 iterations: 
 Largest element of residual vector : -0.10020886E-03.
 Largest element of DIIS residual   : -0.61502808E-04.
 Convergence information after     8 iterations: 
 Largest element of residual vector : -0.42855142E-04.
 Largest element of DIIS residual   : -0.24607903E-04.
 Convergence information after     9 iterations: 
 Largest element of residual vector : -0.17021122E-04.
 Largest element of DIIS residual   : -0.84483884E-05.
 Convergence information after    10 iterations: 
 Largest element of residual vector : -0.54775181E-05.
 Largest element of DIIS residual   : -0.29951626E-05.
 Convergence information after    11 iterations: 
 Largest element of residual vector : -0.20073255E-05.
 Largest element of DIIS residual   : -0.20375274E-05.
 Convergence information after    12 iterations: 
 Largest element of residual vector :  0.89813461E-06.
 Largest element of DIIS residual   :  0.79787716E-06.
 Convergence information after    13 iterations: 
 Largest element of residual vector : -0.49635585E-06.
 Largest element of DIIS residual   : -0.42962578E-06.
 Convergence information after    14 iterations: 
 Largest element of residual vector :  0.20540534E-06.
 Largest element of DIIS residual   :  0.11761837E-06.
 Convergence information after    15 iterations: 
 Largest element of residual vector : -0.84097712E-07.
 Largest element of DIIS residual   :  0.48817582E-07.
 Perturbed amplitude equations converged in    15 iterations.
  Dominant contributions to perturbed wavefunction:
    4    4  102   41  -0.0867191903 ABAB
    4    4   41  102  -0.0867191903 ABAB
    9    9  102   41  -0.0698999709 ABAB
    9    9   41  102  -0.0698999709 ABAB
    7    7  102   41  -0.0683256047 ABAB
    7    7   41  102  -0.0683256047 ABAB
    4    4  102   23  -0.0646995566 ABAB
    4    4   23  102  -0.0646995566 ABAB
    4    4  120   41   0.0579874771 ABAB
    4    4   41  120   0.0579874771 ABAB
    4    4  118   41  -0.0576110211 ABAB
    4    4   41  118  -0.0576110211 ABAB
    6    6   43   43  -0.0569576933 ABAB
    7    0  102    0   0.0563303586 AA  
    9    9  102   23  -0.0545719194 ABAB
    9    9   23  102  -0.0545719194 ABAB
    4    4  149   41  -0.0540976669 ABAB
    4    4   41  149  -0.0540976669 ABAB
    4    4  167   41  -0.0536977752 ABAB
    4    4   41  167  -0.0536977752 ABAB
  Total CCSD gradient is    0.000909602152226.
  norm of converged amps    2.93479071043613     
 Starting iterative solution of the perturbed Lambda equations.
 The DIIS procedure is used to accelerate convergence.
 Convergence criterion is 10**(-7).
 Maximum number of iterations is 100.
 Convergence information after     1 iterations: 
 Largest element of residual vector : -0.53216084E-01.
 Largest element of DIIS residual   : -0.53216084E-01.
 Convergence information after     2 iterations: 
 Largest element of residual vector : -0.43189860E-02.
 Largest element of DIIS residual   : -0.38795909E-02.
 Convergence information after     3 iterations: 
 Largest element of residual vector : -0.44562756E-02.
 Largest element of DIIS residual   :  0.31852312E-02.
 Convergence information after     4 iterations: 
 Largest element of residual vector : -0.11476845E-02.
 Largest element of DIIS residual   : -0.69707476E-03.
 Convergence information after     5 iterations: 
 Largest element of residual vector : -0.39931834E-03.
 Largest element of DIIS residual   : -0.30622942E-03.
 Convergence information after     6 iterations: 
 Largest element of residual vector : -0.14352157E-03.
 Largest element of DIIS residual   : -0.12266139E-03.
 Convergence information after     7 iterations: 
 Largest element of residual vector : -0.89379194E-04.
 Largest element of DIIS residual   : -0.54797332E-04.
 Convergence information after     8 iterations: 
 Largest element of residual vector : -0.38093790E-04.
 Largest element of DIIS residual   : -0.22047210E-04.
 Convergence information after     9 iterations: 
 Largest element of residual vector : -0.15295998E-04.
 Largest element of DIIS residual   : -0.74121219E-05.
 Convergence information after    10 iterations: 
 Largest element of residual vector : -0.47440982E-05.
 Largest element of DIIS residual   :  0.25583048E-05.
 Convergence information after    11 iterations: 
 Largest element of residual vector : -0.16662806E-05.
 Largest element of DIIS residual   : -0.17047310E-05.
 Convergence information after    12 iterations: 
 Largest element of residual vector :  0.73308062E-06.
 Largest element of DIIS residual   :  0.64907359E-06.
 Convergence information after    13 iterations: 
 Largest element of residual vector : -0.40696249E-06.
 Largest element of DIIS residual   : -0.35766948E-06.
 Convergence information after    14 iterations: 
 Largest element of residual vector :  0.17003447E-06.
 Largest element of DIIS residual   :  0.97747714E-07.
 Perturbed Lambda equations converged in    14 iterations.
  Dominant contributions to perturbed wavefunction:
    4    4  102   41  -0.0846755601 ABAB
    4    4   41  102  -0.0846755601 ABAB
    9    9  102   41  -0.0668156160 ABAB
    9    9   41  102  -0.0668156160 ABAB
    7    7  102   41  -0.0654000893 ABAB
    7    7   41  102  -0.0654000893 ABAB
    4    4  102   23  -0.0633902450 ABAB
    4    4   23  102  -0.0633902450 ABAB
    4    4  120   41   0.0566289327 ABAB
    4    4   41  120   0.0566289327 ABAB
    4    4  118   41  -0.0562823150 ABAB
    4    4   41  118  -0.0562823150 ABAB
    6    6   43   43  -0.0546776994 ABAB
    4    4  149   41  -0.0528206502 ABAB
    4    4   41  149  -0.0528206502 ABAB
    4    4  167   41  -0.0523944248 ABAB
    4    4   41  167  -0.0523944248 ABAB
    9    9  102   23  -0.0523539171 ABAB
    9    9   23  102  -0.0523539171 ABAB
    6    6  102   41  -0.0510495359 ABAB
  Total CCSD gradient is    0.000373449454148.
        The DBOC first-order density matrix is being calculated 
             (Symmetry block 1, perturbation  10)
 term   10.2859767376945     
 final tnorm1 -2.404116230895897E-003
  <0|L dT/dx|0> -2.404116230895897E-003
  norm contr. I: |<0|L dT/dx|0>|^2   5.779774851657092E-006
  norm contr. II: <0|[nabla(1+L)e-T][nabla e^T]|0>   10.2859767376945     
  total norm contribution   10.2859825174694     
 oo  7.234509958176329E-003
 vv  -1229.01769414302     
 vo -1.536784220467111E-003
  Correlated perturbed 1-el contribution to DBOC  -1229.01199641728       cm**-1
  SUM_I |dc_I/dx|^2 contribution to DBOC   614.739799693378       cm**-1
 
  current total DBOC   4693.38410069521       cm**-1
 First-order density matrix is being calculated  (Symmetry block 1, perturbation  10)
 Calculation of the contributions of <pq||rs> to dI(i,j)/dx required   6.4 seconds.
 Calculation of the contributions of <pq||rs> to dI(a,b)/dx required  57.1 seconds.
 Calculation of the contributions of <pq||rs> to dI(i,a)/dx required  16.5 seconds.
 First-order Z-vector equations are solved for 1 perturbation.
 Convergence reached after  26 iterations.
        U*G(pq,rs) contribution is being calculated
             (Symmetry block 1, perturbation  10)

 CCSD contribution to force constants 

        0.0000000000        0.0000000000        0.0000000000
        0.0000000000        0.0000000000        0.0000000000
        0.0000000000        0.0000000000        0.0000000000
        0.0000000000        0.0000000000        0.0000000000
        0.0000000000        0.0000000000        0.0000000000
        0.0000000000        0.0000000000        0.0000000000
        0.0000000000        0.0000000000        0.0000000000
        0.0000000000        0.0000000000        0.0000000000
        0.0000000000        0.0000000000        0.0000000000
        0.0000000000        0.0000000000        0.0000000000
        0.0000000000        0.0000000000        0.0000000000
        0.0000000000        0.0000000000        0.0000000000
        0.0000000000        0.0000000000        0.0000000000
        0.0000000000        0.0000000000        0.0000000000
        0.0000000000        0.0000000000        0.0000000000
        0.0000000000        0.0000000000        0.0000000000
        0.0000000000        0.0000000000        0.0000000000
        0.0000000000        0.0000000000        0.0000000000
        0.0000000000        0.0000000000        0.0000000000
        0.0000000000        0.0000000000        0.0000000000
        0.0000000000        0.0000000000        0.0000000000
        0.0000000000        0.0000000000        0.0000000000
        0.0000000000        0.0000000000        0.0000000000
        0.0000000000        0.0000000000        0.0000000000
        0.0000000000        0.0000000000        0.0000000000
        0.0000000000        0.0000000000        0.0000000000
        0.0000000000        0.0000000000        0.0000000000
        0.0000000000        0.0000000000        0.0000000000
        0.0000000000        0.0000000000        0.0000000000
        0.0000000000        0.0000000000        0.0000000000
        0.0000000000        0.0000000000        0.0000000000
        0.0000000000        0.0000000000        0.0000000000
        0.0000000000        0.0000000000        0.0000000000
        0.0000000000        0.0000000000        0.0000000000
        0.0000000000        0.0000000000        0.0000000000
        0.0000000000        0.0000000000        0.0000000000
        0.0000000000        0.0000000000        0.0000000000
        0.0000000000        0.0000000000        0.0000000000
        0.0000000000        0.0000000000        0.0000000000
        0.0000000000        0.0000000000        0.0000000000
        0.0000000000        0.0000000000        0.0000000000
        0.0000000000        0.0000000000        0.0000000000
        0.0000000000        0.0000000000        0.0000000000
        0.0000000000        0.0000000000        0.0000000000
        0.0000000000        0.0000000000        0.0000000000
        0.0000000000        0.0000000000        0.0000000000
        0.0000000000        0.0000000000        0.0000000000
        0.0000000000        0.0000000000        0.0000000000
        0.0000000000        0.0000000000        0.0000000000
        0.0000000000        0.0000000000        0.0000000000
        0.0000000000        0.0000000000        0.0000000000
        0.0000000000        0.0000000000        0.0000000000
        0.0000000000        0.0000000000        0.0000000000
        0.0000000000        0.0000000000        0.0000000000
      -10.9894517083        4.6210136663        3.8690164982
        1.6465417190       -2.1520009405        1.5587099419
       -1.0677835559        2.6439779213       -2.0781141190
       30.9817297471       -8.8586809549        2.9307017405
      -19.6295200288        4.0516044131       -6.3497788505
       -0.9415161731       -0.3059141053        0.0694647889
        0.0000000000        0.0000000000        0.0000000000
        0.0000000000        0.0000000000        0.0000000000
        0.0000000000        0.0000000000        0.0000000000
        0.0000000000        0.0000000000        0.0000000000
        0.0000000000        0.0000000000        0.0000000000
        0.0000000000        0.0000000000        0.0000000000
        0.0000000000        0.0000000000        0.0000000000
        0.0000000000        0.0000000000        0.0000000000
        0.0000000000        0.0000000000        0.0000000000
        0.0000000000        0.0000000000        0.0000000000
        0.0000000000        0.0000000000        0.0000000000
        0.0000000000        0.0000000000        0.0000000000
        0.0000000000        0.0000000000        0.0000000000
        0.0000000000        0.0000000000        0.0000000000
        0.0000000000        0.0000000000        0.0000000000
        0.0000000000        0.0000000000        0.0000000000
        0.0000000000        0.0000000000        0.0000000000
        0.0000000000        0.0000000000        0.0000000000
        0.0000000000        0.0000000000        0.0000000000
        0.0000000000        0.0000000000        0.0000000000
        0.0000000000        0.0000000000        0.0000000000
        0.0000000000        0.0000000000        0.0000000000
        0.0000000000        0.0000000000        0.0000000000
        0.0000000000        0.0000000000        0.0000000000
        0.0000000000        0.0000000000        0.0000000000
        0.0000000000        0.0000000000        0.0000000000
        0.0000000000        0.0000000000        0.0000000000
        0.0000000000        0.0000000000        0.0000000000
        0.0000000000        0.0000000000        0.0000000000
        0.0000000000        0.0000000000        0.0000000000
        0.0000000000        0.0000000000        0.0000000000
        0.0000000000        0.0000000000        0.0000000000
        0.0000000000        0.0000000000        0.0000000000
        0.0000000000        0.0000000000        0.0000000000
        0.0000000000        0.0000000000        0.0000000000
        0.0000000000        0.0000000000        0.0000000000
        0.0000000000        0.0000000000        0.0000000000
        0.0000000000        0.0000000000        0.0000000000
        0.0000000000        0.0000000000        0.0000000000
        0.0000000000        0.0000000000        0.0000000000
        0.0000000000        0.0000000000        0.0000000000
        0.0000000000        0.0000000000        0.0000000000
        0.0000000000        0.0000000000        0.0000000000
        0.0000000000        0.0000000000        0.0000000000
        0.0000000000        0.0000000000        0.0000000000
        0.0000000000        0.0000000000        0.0000000000
        0.0000000000        0.0000000000        0.0000000000
        0.0000000000        0.0000000000        0.0000000000

 CCSD contribution to dipole derivatives 

        0.0000000000        0.0000000000        0.0000000000
        0.0000000000        0.0000000000        0.0000000000
        0.0000000000        0.0000000000        0.0000000000
        0.0307313930        0.0000000000        0.0000000000
        0.0000000000        0.0000000000        0.0000000000
        0.0000000000        0.0000000000        0.0000000000
        0.0000000000        0.0000000000        0.0000000000
        0.0000000000        0.0000000000        0.0000000000
        0.0000000000        0.0000000000        0.0000000000
        0.0143664325        0.0000000000        0.0000000000
        0.0000000000        0.0000000000        0.0000000000
        0.0000000000        0.0000000000        0.0000000000
        0.0000000000        0.0000000000        0.0000000000
        0.0000000000        0.0000000000        0.0000000000
        0.0000000000        0.0000000000        0.0000000000
       -0.0076512572        0.0000000000        0.0000000000
        0.0000000000        0.0000000000        0.0000000000
        0.0000000000        0.0000000000        0.0000000000
 @CHECKOUT-I, Total execution time (CPU/WALL):     4209.77/    1399.86 seconds.
--executable xsdcc finished with status     0 in     1399.95 seconds (walltime).
 --invoking executable--
/home/asmola/.local/bin/xanti
 @GETMEM-I,  Allocated   38146 MB of main memory.
 CCSD MO derivative gammas will be sorted to Mulliken order.
 @CHECKOUT-I, Total execution time (CPU/WALL):       43.62/     107.19 seconds.
--executable xanti finished with status     0 in      107.27 seconds (walltime).
 --invoking executable--
/home/asmola/.local/bin/xbcktrn
 @GETMEM-I,  Allocated   38146 MB of main memory.
 CCSD MO derivative gammas will be transformed to the AO basis.
 @CHECKOUT-I, Total execution time (CPU/WALL):      183.41/      49.65 seconds.
--executable xbcktrn finished with status     0 in       49.70 seconds (walltime).
 --invoking executable--
/home/asmola/.local/bin/xvdint
 @GETMEM-I,  Allocated   38146 MB of main memory.
 One- and two-electron integral derivatives are calculated
 for RHF-CC/MBPT hessians and dipole derivatives.
 Spherical gaussians are used.
  magnet F F
 Evaluation of 2el integral derivatives

                      Two-electron integral gradient
                      ------------------------------

 C #1      -0.2454088894            0.0751362755           -0.0187256573
 O #2      -0.0103953496            0.0175132099            0.0089228384
 H #3       0.0095170677           -0.0195748523            0.0124149824
 H #4       0.4444601766           -0.0896509441            0.0280065449
 H #5      -0.1803246010            0.0457107600           -0.0209331312
 H #6      -0.0178484043           -0.0291344490           -0.0096855772


 Evaluation of 2e integral derivatives required  956.26 seconds.
  contribution to Hessian
       -0.2454088894        0.0751362755       -0.0187256573
       -0.0103953496        0.0175132099        0.0089228384
        0.0095170677       -0.0195748523        0.0124149824
        0.4444601766       -0.0896509441        0.0280065449
       -0.1803246010        0.0457107600       -0.0209331312
       -0.0178484043       -0.0291344490       -0.0096855772
 @CHECKOUT-I, Total execution time (CPU/WALL):      956.24/     147.38 seconds.
--executable xvdint finished with status     0 in      147.42 seconds (walltime).
 --invoking executable--
/home/asmola/.local/bin/xsdcc
 @GETMEM-I,  Allocated   38146 MB of main memory.
 Vibrational frequencies and infrared intensities are calculated
 at the CCSD level within the harmonic approximation.
 CPHF coefficients for occ-occ block: U^x(i,j) = -1/2 S^x(i,j)
 CPHF coefficients for vrt-vrt block: U^x(a,b) = -1/2 S^x(a,b)
 Transformation of derivative integrals from AO to MO basis:
 RHF transformation
 Transformation of DIIII integral derivatives.
 1 pass through the AO integral derivative file was needed.
  89925434 AO integral derivatives were read from file DIIII.
 Transformation of first index required  351.5 seconds.
 Transformation of remaining indices required  390.1 seconds.
1715296743 MO integral derivatives were written to file DERINT.
        MO basis integral derivatives are being calculated
             (Symmetry block 1, perturbation  11)
 First derivative of the wavefunction is calculated (Symmetry block 1, perturbation  11)
 Resorts of perturbed amplitudes and integrals required   0.1 seconds.
 Construction of <Phi|(dH_N/dx exp(T))c|0> required  35.1 seconds.
 Starting iterative solution of the perturbed CC equations.
 The DIIS procedure is used to accelerate convergence.
 Convergence criterion is 10**(-7).
 Maximum number of iterations is 100.
 Convergence information after     1 iterations: 
 Largest element of residual vector : -0.37779099E-01.
 Largest element of DIIS residual   : -0.37779099E-01.
 Convergence information after     2 iterations: 
 Largest element of residual vector :  0.34917738E-02.
 Largest element of DIIS residual   :  0.48354210E-02.
 Convergence information after     3 iterations: 
 Largest element of residual vector :  0.22227021E-02.
 Largest element of DIIS residual   :  0.24710674E-02.
 Convergence information after     4 iterations: 
 Largest element of residual vector : -0.76952253E-03.
 Largest element of DIIS residual   : -0.61085580E-03.
 Convergence information after     5 iterations: 
 Largest element of residual vector : -0.54468733E-03.
 Largest element of DIIS residual   : -0.43830127E-03.
 Convergence information after     6 iterations: 
 Largest element of residual vector : -0.31898167E-03.
 Largest element of DIIS residual   : -0.18267695E-03.
 Convergence information after     7 iterations: 
 Largest element of residual vector :  0.14409317E-03.
 Largest element of DIIS residual   :  0.65483465E-04.
 Convergence information after     8 iterations: 
 Largest element of residual vector :  0.45027600E-04.
 Largest element of DIIS residual   :  0.23030541E-04.
 Convergence information after     9 iterations: 
 Largest element of residual vector :  0.15060449E-04.
 Largest element of DIIS residual   :  0.94539752E-05.
 Convergence information after    10 iterations: 
 Largest element of residual vector :  0.69397303E-05.
 Largest element of DIIS residual   :  0.38297375E-05.
 Convergence information after    11 iterations: 
 Largest element of residual vector :  0.24518044E-05.
 Largest element of DIIS residual   : -0.13817227E-05.
 Convergence information after    12 iterations: 
 Largest element of residual vector :  0.90012333E-06.
 Largest element of DIIS residual   : -0.60919261E-06.
 Convergence information after    13 iterations: 
 Largest element of residual vector : -0.32368093E-06.
 Largest element of DIIS residual   : -0.20952301E-06.
 Convergence information after    14 iterations: 
 Largest element of residual vector : -0.14529728E-06.
 Largest element of DIIS residual   : -0.92030780E-07.
 Perturbed amplitude equations converged in    14 iterations.
  Dominant contributions to perturbed wavefunction:
    9    9  102   21   0.0918544966 ABAB
    9    9   21  102   0.0918544966 ABAB
    4    4  102   33  -0.0904709422 ABAB
    4    4   33  102  -0.0904709422 ABAB
    9    5   22  102  -0.0870418659 ABAB
    5    9  102   22  -0.0870418659 ABAB
    9    4   22  102   0.0795265535 ABAB
    4    9  102   22   0.0795265535 ABAB
    5    5  102   21   0.0735510930 ABAB
    5    5   21  102   0.0735510930 ABAB
    9    9  102   35  -0.0733871439 ABAB
    9    9   35  102  -0.0733871439 ABAB
    4    4  102   37  -0.0709240987 ABAB
    4    4   37  102  -0.0709240987 ABAB
    9    9  102   33  -0.0702120128 ABAB
    9    9   33  102  -0.0702120128 ABAB
    9    9  120   21  -0.0699069397 ABAB
    9    9   21  120  -0.0699069397 ABAB
    4    4  102   21   0.0687743020 ABAB
    4    4   21  102   0.0687743020 ABAB
  Total CCSD gradient is   -0.006201706495105.
  norm of converged amps    2.88796063912784     
 Starting iterative solution of the perturbed Lambda equations.
 The DIIS procedure is used to accelerate convergence.
 Convergence criterion is 10**(-7).
 Maximum number of iterations is 100.
 Convergence information after     1 iterations: 
 Largest element of residual vector : -0.32101132E-01.
 Largest element of DIIS residual   : -0.32101132E-01.
 Convergence information after     2 iterations: 
 Largest element of residual vector :  0.31009955E-02.
 Largest element of DIIS residual   :  0.42149243E-02.
 Convergence information after     3 iterations: 
 Largest element of residual vector :  0.18346415E-02.
 Largest element of DIIS residual   :  0.21264636E-02.
 Convergence information after     4 iterations: 
 Largest element of residual vector : -0.66021097E-03.
 Largest element of DIIS residual   : -0.54424480E-03.
 Convergence information after     5 iterations: 
 Largest element of residual vector : -0.47782302E-03.
 Largest element of DIIS residual   : -0.39037791E-03.
 Convergence information after     6 iterations: 
 Largest element of residual vector : -0.28127548E-03.
 Largest element of DIIS residual   : -0.16585270E-03.
 Convergence information after     7 iterations: 
 Largest element of residual vector :  0.12873253E-03.
 Largest element of DIIS residual   :  0.59605607E-04.
 Convergence information after     8 iterations: 
 Largest element of residual vector :  0.40639395E-04.
 Largest element of DIIS residual   :  0.20837960E-04.
 Convergence information after     9 iterations: 
 Largest element of residual vector :  0.13942789E-04.
 Largest element of DIIS residual   :  0.81746406E-05.
 Convergence information after    10 iterations: 
 Largest element of residual vector :  0.59721404E-05.
 Largest element of DIIS residual   :  0.33950511E-05.
 Convergence information after    11 iterations: 
 Largest element of residual vector :  0.20433518E-05.
 Largest element of DIIS residual   : -0.12278268E-05.
 Convergence information after    12 iterations: 
 Largest element of residual vector :  0.78801692E-06.
 Largest element of DIIS residual   : -0.53881624E-06.
 Convergence information after    13 iterations: 
 Largest element of residual vector : -0.29242748E-06.
 Largest element of DIIS residual   : -0.19989038E-06.
 Convergence information after    14 iterations: 
 Largest element of residual vector : -0.13401474E-06.
 Largest element of DIIS residual   : -0.85405042E-07.
 Perturbed Lambda equations converged in    14 iterations.
  Dominant contributions to perturbed wavefunction:
    4    4  102   33  -0.0891131030 ABAB
    4    4   33  102  -0.0891131030 ABAB
    9    9  102   21   0.0883531958 ABAB
    9    9   21  102   0.0883531958 ABAB
    9    5   22  102  -0.0835021266 ABAB
    5    9  102   22  -0.0835021266 ABAB
    9    4   22  102   0.0772826190 ABAB
    4    9  102   22   0.0772826190 ABAB
    5    5  102   21   0.0714479535 ABAB
    5    5   21  102   0.0714479535 ABAB
    9    9  102   35  -0.0703930264 ABAB
    9    9   35  102  -0.0703930264 ABAB
    4    4  102   37  -0.0696241941 ABAB
    4    4   37  102  -0.0696241941 ABAB
    4    4  102   21   0.0676329586 ABAB
    4    4   21  102   0.0676329586 ABAB
    9    9  120   21  -0.0672400064 ABAB
    9    9   21  120  -0.0672400064 ABAB
    9    9  102   33  -0.0671129676 ABAB
    9    9   33  102  -0.0671129676 ABAB
  Total CCSD gradient is   -0.004610923989827.
        The DBOC first-order density matrix is being calculated 
             (Symmetry block 1, perturbation  11)
 term   9.72077414632190     
 final tnorm1  7.154780770888915E-003
  <0|L dT/dx|0>  7.154780770888915E-003
  norm contr. I: |<0|L dT/dx|0>|^2   5.119088787948177E-005
  norm contr. II: <0|[nabla(1+L)e-T][nabla e^T]|0>   9.72077414632190     
  total norm contribution   9.72082533720978     
 oo  1.595789637342044E-004
 vv  -1161.45963220903     
 vo -2.742303008933580E-002
  Correlated perturbed 1-el contribution to DBOC  -1161.48689566015       cm**-1
  SUM_I |dc_I/dx|^2 contribution to DBOC   580.963287707479       cm**-1
 
  current total DBOC   4112.86049274254       cm**-1
 First-order density matrix is being calculated  (Symmetry block 1, perturbation  11)
 Calculation of the contributions of <pq||rs> to dI(i,j)/dx required   7.4 seconds.
 Calculation of the contributions of <pq||rs> to dI(a,b)/dx required  48.3 seconds.
 Calculation of the contributions of <pq||rs> to dI(i,a)/dx required  20.2 seconds.
 First-order Z-vector equations are solved for 1 perturbation.
 Convergence reached after  26 iterations.
        U*G(pq,rs) contribution is being calculated
             (Symmetry block 1, perturbation  11)

 CCSD contribution to force constants 

        0.0000000000        0.0000000000        0.0000000000
        0.0000000000        0.0000000000        0.0000000000
        0.0000000000        0.0000000000        0.0000000000
        0.0000000000        0.0000000000        0.0000000000
        0.0000000000        0.0000000000        0.0000000000
        0.0000000000        0.0000000000        0.0000000000
        0.0000000000        0.0000000000        0.0000000000
        0.0000000000        0.0000000000        0.0000000000
        0.0000000000        0.0000000000        0.0000000000
        0.0000000000        0.0000000000        0.0000000000
        0.0000000000        0.0000000000        0.0000000000
        0.0000000000        0.0000000000        0.0000000000
        0.0000000000        0.0000000000        0.0000000000
        0.0000000000        0.0000000000        0.0000000000
        0.0000000000        0.0000000000        0.0000000000
        0.0000000000        0.0000000000        0.0000000000
        0.0000000000        0.0000000000        0.0000000000
        0.0000000000        0.0000000000        0.0000000000
        0.0000000000        0.0000000000        0.0000000000
        0.0000000000        0.0000000000        0.0000000000
        0.0000000000        0.0000000000        0.0000000000
        0.0000000000        0.0000000000        0.0000000000
        0.0000000000        0.0000000000        0.0000000000
        0.0000000000        0.0000000000        0.0000000000
        0.0000000000        0.0000000000        0.0000000000
        0.0000000000        0.0000000000        0.0000000000
        0.0000000000        0.0000000000        0.0000000000
        0.0000000000        0.0000000000        0.0000000000
        0.0000000000        0.0000000000        0.0000000000
        0.0000000000        0.0000000000        0.0000000000
        0.0000000000        0.0000000000        0.0000000000
        0.0000000000        0.0000000000        0.0000000000
        0.0000000000        0.0000000000        0.0000000000
        0.0000000000        0.0000000000        0.0000000000
        0.0000000000        0.0000000000        0.0000000000
        0.0000000000        0.0000000000        0.0000000000
        0.0000000000        0.0000000000        0.0000000000
        0.0000000000        0.0000000000        0.0000000000
        0.0000000000        0.0000000000        0.0000000000
        0.0000000000        0.0000000000        0.0000000000
        0.0000000000        0.0000000000        0.0000000000
        0.0000000000        0.0000000000        0.0000000000
        0.0000000000        0.0000000000        0.0000000000
        0.0000000000        0.0000000000        0.0000000000
        0.0000000000        0.0000000000        0.0000000000
        0.0000000000        0.0000000000        0.0000000000
        0.0000000000        0.0000000000        0.0000000000
        0.0000000000        0.0000000000        0.0000000000
        0.0000000000        0.0000000000        0.0000000000
        0.0000000000        0.0000000000        0.0000000000
        0.0000000000        0.0000000000        0.0000000000
        0.0000000000        0.0000000000        0.0000000000
        0.0000000000        0.0000000000        0.0000000000
        0.0000000000        0.0000000000        0.0000000000
        0.0000000000        0.0000000000        0.0000000000
        0.0000000000        0.0000000000        0.0000000000
        0.0000000000        0.0000000000        0.0000000000
        0.0000000000        0.0000000000        0.0000000000
        0.0000000000        0.0000000000        0.0000000000
        0.0000000000        0.0000000000        0.0000000000
        2.0393991148      -30.9531255396      -14.2314424468
       -1.2210156748        0.0034869638       -0.7152887609
        1.1713427791        0.4958548600        1.0210763771
       -4.3205673170       52.0168157706       24.5882468054
        2.1886898861      -22.6959110050       -9.8541696347
        0.1421512118        1.1328789502       -0.8084223401
        0.0000000000        0.0000000000        0.0000000000
        0.0000000000        0.0000000000        0.0000000000
        0.0000000000        0.0000000000        0.0000000000
        0.0000000000        0.0000000000        0.0000000000
        0.0000000000        0.0000000000        0.0000000000
        0.0000000000        0.0000000000        0.0000000000
        0.0000000000        0.0000000000        0.0000000000
        0.0000000000        0.0000000000        0.0000000000
        0.0000000000        0.0000000000        0.0000000000
        0.0000000000        0.0000000000        0.0000000000
        0.0000000000        0.0000000000        0.0000000000
        0.0000000000        0.0000000000        0.0000000000
        0.0000000000        0.0000000000        0.0000000000
        0.0000000000        0.0000000000        0.0000000000
        0.0000000000        0.0000000000        0.0000000000
        0.0000000000        0.0000000000        0.0000000000
        0.0000000000        0.0000000000        0.0000000000
        0.0000000000        0.0000000000        0.0000000000
        0.0000000000        0.0000000000        0.0000000000
        0.0000000000        0.0000000000        0.0000000000
        0.0000000000        0.0000000000        0.0000000000
        0.0000000000        0.0000000000        0.0000000000
        0.0000000000        0.0000000000        0.0000000000
        0.0000000000        0.0000000000        0.0000000000
        0.0000000000        0.0000000000        0.0000000000
        0.0000000000        0.0000000000        0.0000000000
        0.0000000000        0.0000000000        0.0000000000
        0.0000000000        0.0000000000        0.0000000000
        0.0000000000        0.0000000000        0.0000000000
        0.0000000000        0.0000000000        0.0000000000
        0.0000000000        0.0000000000        0.0000000000
        0.0000000000        0.0000000000        0.0000000000
        0.0000000000        0.0000000000        0.0000000000
        0.0000000000        0.0000000000        0.0000000000
        0.0000000000        0.0000000000        0.0000000000
        0.0000000000        0.0000000000        0.0000000000
        0.0000000000        0.0000000000        0.0000000000
        0.0000000000        0.0000000000        0.0000000000
        0.0000000000        0.0000000000        0.0000000000
        0.0000000000        0.0000000000        0.0000000000
        0.0000000000        0.0000000000        0.0000000000
        0.0000000000        0.0000000000        0.0000000000

 CCSD contribution to dipole derivatives 

        0.0000000000        0.0000000000        0.0000000000
        0.0000000000        0.0000000000        0.0000000000
        0.0000000000        0.0000000000        0.0000000000
        0.0000000000       -0.0146132712        0.0000000000
        0.0000000000        0.0000000000        0.0000000000
        0.0000000000        0.0000000000        0.0000000000
        0.0000000000        0.0000000000        0.0000000000
        0.0000000000        0.0000000000        0.0000000000
        0.0000000000        0.0000000000        0.0000000000
        0.0000000000        0.0094362177        0.0000000000
        0.0000000000        0.0000000000        0.0000000000
        0.0000000000        0.0000000000        0.0000000000
        0.0000000000        0.0000000000        0.0000000000
        0.0000000000        0.0000000000        0.0000000000
        0.0000000000        0.0000000000        0.0000000000
        0.0000000000        0.0216165931        0.0000000000
        0.0000000000        0.0000000000        0.0000000000
        0.0000000000        0.0000000000        0.0000000000
 @CHECKOUT-I, Total execution time (CPU/WALL):     4189.56/    1422.09 seconds.
--executable xsdcc finished with status     0 in     1422.19 seconds (walltime).
 --invoking executable--
/home/asmola/.local/bin/xanti
 @GETMEM-I,  Allocated   38146 MB of main memory.
 CCSD MO derivative gammas will be sorted to Mulliken order.
 @CHECKOUT-I, Total execution time (CPU/WALL):       38.46/      94.34 seconds.
--executable xanti finished with status     0 in       94.40 seconds (walltime).
 --invoking executable--
/home/asmola/.local/bin/xbcktrn
 @GETMEM-I,  Allocated   38146 MB of main memory.
 CCSD MO derivative gammas will be transformed to the AO basis.
 @CHECKOUT-I, Total execution time (CPU/WALL):      192.52/      30.99 seconds.
--executable xbcktrn finished with status     0 in       31.05 seconds (walltime).
 --invoking executable--
/home/asmola/.local/bin/xvdint
 @GETMEM-I,  Allocated   38146 MB of main memory.
 One- and two-electron integral derivatives are calculated
 for RHF-CC/MBPT hessians and dipole derivatives.
 Spherical gaussians are used.
  magnet F F
 Evaluation of 2el integral derivatives

                      Two-electron integral gradient
                      ------------------------------

 C #1       0.0194623959           -0.3210052997            0.0737721562
 O #2      -0.0139874629           -0.0004503319           -0.0214221373
 H #3      -0.0118307389           -0.0046647896           -0.0088552279
 H #4      -0.1020624952            0.7251427254           -0.0843963932
 H #5       0.0736968943           -0.3779470271            0.1147815928
 H #6       0.0347214068           -0.0210752772           -0.0738799907


 Evaluation of 2e integral derivatives required  966.11 seconds.
  contribution to Hessian
        0.0194623959       -0.3210052997        0.0737721562
       -0.0139874629       -0.0004503319       -0.0214221373
       -0.0118307389       -0.0046647896       -0.0088552279
       -0.1020624952        0.7251427254       -0.0843963932
        0.0736968943       -0.3779470271        0.1147815928
        0.0347214068       -0.0210752772       -0.0738799907
 @CHECKOUT-I, Total execution time (CPU/WALL):      966.09/     147.88 seconds.
--executable xvdint finished with status     0 in      147.92 seconds (walltime).
 --invoking executable--
/home/asmola/.local/bin/xsdcc
 @GETMEM-I,  Allocated   38146 MB of main memory.
 Vibrational frequencies and infrared intensities are calculated
 at the CCSD level within the harmonic approximation.
 CPHF coefficients for occ-occ block: U^x(i,j) = -1/2 S^x(i,j)
 CPHF coefficients for vrt-vrt block: U^x(a,b) = -1/2 S^x(a,b)
 Transformation of derivative integrals from AO to MO basis:
 RHF transformation
 Transformation of DIIII integral derivatives.
 1 pass through the AO integral derivative file was needed.
  89893508 AO integral derivatives were read from file DIIII.
 Transformation of first index required  343.6 seconds.
 Transformation of remaining indices required  408.8 seconds.
1715296743 MO integral derivatives were written to file DERINT.
        MO basis integral derivatives are being calculated
             (Symmetry block 1, perturbation  12)
 First derivative of the wavefunction is calculated (Symmetry block 1, perturbation  12)
 Resorts of perturbed amplitudes and integrals required   0.1 seconds.
 Construction of <Phi|(dH_N/dx exp(T))c|0> required  37.9 seconds.
 Starting iterative solution of the perturbed CC equations.
 The DIIS procedure is used to accelerate convergence.
 Convergence criterion is 10**(-7).
 Maximum number of iterations is 100.
 Convergence information after     1 iterations: 
 Largest element of residual vector :  0.10223099E+00.
 Largest element of DIIS residual   :  0.10223099E+00.
 Convergence information after     2 iterations: 
 Largest element of residual vector :  0.14091200E-01.
 Largest element of DIIS residual   :  0.11621677E-01.
 Convergence information after     3 iterations: 
 Largest element of residual vector :  0.66437995E-02.
 Largest element of DIIS residual   : -0.28135198E-02.
 Convergence information after     4 iterations: 
 Largest element of residual vector :  0.15184308E-02.
 Largest element of DIIS residual   :  0.88522689E-03.
 Convergence information after     5 iterations: 
 Largest element of residual vector : -0.50808995E-03.
 Largest element of DIIS residual   :  0.49268723E-03.
 Convergence information after     6 iterations: 
 Largest element of residual vector :  0.30955071E-03.
 Largest element of DIIS residual   :  0.19195740E-03.
 Convergence information after     7 iterations: 
 Largest element of residual vector :  0.16453148E-03.
 Largest element of DIIS residual   : -0.85790431E-04.
 Convergence information after     8 iterations: 
 Largest element of residual vector : -0.62295031E-04.
 Largest element of DIIS residual   : -0.36646011E-04.
 Convergence information after     9 iterations: 
 Largest element of residual vector : -0.24438987E-04.
 Largest element of DIIS residual   : -0.12956337E-04.
 Convergence information after    10 iterations: 
 Largest element of residual vector :  0.98557923E-05.
 Largest element of DIIS residual   :  0.66635523E-05.
 Convergence information after    11 iterations: 
 Largest element of residual vector :  0.36115661E-05.
 Largest element of DIIS residual   :  0.21647494E-05.
 Convergence information after    12 iterations: 
 Largest element of residual vector :  0.17620695E-05.
 Largest element of DIIS residual   :  0.10775072E-05.
 Convergence information after    13 iterations: 
 Largest element of residual vector :  0.66788926E-06.
 Largest element of DIIS residual   :  0.37263248E-06.
 Convergence information after    14 iterations: 
 Largest element of residual vector :  0.20988959E-06.
 Largest element of DIIS residual   :  0.14042147E-06.
 Convergence information after    15 iterations: 
 Largest element of residual vector :  0.90925793E-07.
 Largest element of DIIS residual   : -0.46405046E-07.
 Perturbed amplitude equations converged in    15 iterations.
  Dominant contributions to perturbed wavefunction:
    9    9  102   22  -0.1760905233 ABAB
    9    9   22  102  -0.1760905233 ABAB
    9    9   38   22   0.1504364365 ABAB
    9    9   22   38   0.1504364365 ABAB
    9    9   70   22   0.1491249099 ABAB
    9    9   22   70   0.1491249099 ABAB
    9    9   68   22  -0.1358768983 ABAB
    9    9   22   68  -0.1358768983 ABAB
    9    9  118   22  -0.1335082796 ABAB
    9    9   22  118  -0.1335082796 ABAB
    9    9   52   22  -0.1283207826 ABAB
    9    9   22   52  -0.1283207826 ABAB
    9    9   22   22   0.1271219338 ABAB
    9    9  120   22   0.1221255627 ABAB
    9    9   22  120   0.1221255627 ABAB
    9    9  101   22  -0.1216867108 ABAB
    9    9   22  101  -0.1216867108 ABAB
    9    9  149   22  -0.1212602277 ABAB
    9    9   22  149  -0.1212602277 ABAB
    9    9  102   37   0.1104908808 ABAB
  Total CCSD gradient is   -0.002477691174900.
  norm of converged amps    3.02276965312771     
 Starting iterative solution of the perturbed Lambda equations.
 The DIIS procedure is used to accelerate convergence.
 Convergence criterion is 10**(-7).
 Maximum number of iterations is 100.
 Convergence information after     1 iterations: 
 Largest element of residual vector :  0.87539818E-01.
 Largest element of DIIS residual   :  0.87539818E-01.
 Convergence information after     2 iterations: 
 Largest element of residual vector :  0.12287395E-01.
 Largest element of DIIS residual   :  0.99075368E-02.
 Convergence information after     3 iterations: 
 Largest element of residual vector :  0.56414480E-02.
 Largest element of DIIS residual   : -0.25719109E-02.
 Convergence information after     4 iterations: 
 Largest element of residual vector : -0.13578783E-02.
 Largest element of DIIS residual   : -0.82896148E-03.
 Convergence information after     5 iterations: 
 Largest element of residual vector :  0.49625528E-03.
 Largest element of DIIS residual   :  0.47779301E-03.
 Convergence information after     6 iterations: 
 Largest element of residual vector :  0.30085847E-03.
 Largest element of DIIS residual   :  0.18221823E-03.
 Convergence information after     7 iterations: 
 Largest element of residual vector :  0.15469294E-03.
 Largest element of DIIS residual   : -0.80461992E-04.
 Convergence information after     8 iterations: 
 Largest element of residual vector : -0.57523707E-04.
 Largest element of DIIS residual   : -0.33287330E-04.
 Convergence information after     9 iterations: 
 Largest element of residual vector : -0.22085762E-04.
 Largest element of DIIS residual   : -0.11833929E-04.
 Convergence information after    10 iterations: 
 Largest element of residual vector :  0.92034599E-05.
 Largest element of DIIS residual   :  0.62567750E-05.
 Convergence information after    11 iterations: 
 Largest element of residual vector :  0.34732552E-05.
 Largest element of DIIS residual   :  0.20949974E-05.
 Convergence information after    12 iterations: 
 Largest element of residual vector :  0.16155696E-05.
 Largest element of DIIS residual   :  0.95630293E-06.
 Convergence information after    13 iterations: 
 Largest element of residual vector :  0.59529121E-06.
 Largest element of DIIS residual   :  0.34908205E-06.
 Convergence information after    14 iterations: 
 Largest element of residual vector :  0.18063898E-06.
 Largest element of DIIS residual   :  0.12444986E-06.
 Convergence information after    15 iterations: 
 Largest element of residual vector :  0.81985047E-07.
 Largest element of DIIS residual   : -0.43675597E-07.
 Perturbed Lambda equations converged in    15 iterations.
  Dominant contributions to perturbed wavefunction:
    9    9  102   22  -0.1691580849 ABAB
    9    9   22  102  -0.1691580849 ABAB
    9    9   38   22   0.1446730359 ABAB
    9    9   22   38   0.1446730359 ABAB
    9    9   70   22   0.1435085952 ABAB
    9    9   22   70   0.1435085952 ABAB
    9    9   68   22  -0.1307792952 ABAB
    9    9   22   68  -0.1307792952 ABAB
    9    9  118   22  -0.1282414169 ABAB
    9    9   22  118  -0.1282414169 ABAB
    9    9   52   22  -0.1236834370 ABAB
    9    9   22   52  -0.1236834370 ABAB
    9    9   22   22   0.1224476001 ABAB
    9    9  120   22   0.1173815455 ABAB
    9    9   22  120   0.1173815455 ABAB
    9    9  101   22  -0.1169424242 ABAB
    9    9   22  101  -0.1169424242 ABAB
    9    9  149   22  -0.1164920829 ABAB
    9    9   22  149  -0.1164920829 ABAB
    9    9  102   37   0.1062285285 ABAB
  Total CCSD gradient is   -0.001973150236513.
        The DBOC first-order density matrix is being calculated 
             (Symmetry block 1, perturbation  12)
 term   10.3612736101043     
 final tnorm1  2.766125394087389E-003
  <0|L dT/dx|0>  2.766125394087389E-003
  norm contr. I: |<0|L dT/dx|0>|^2   7.651449695815110E-006
  norm contr. II: <0|[nabla(1+L)e-T][nabla e^T]|0>   10.3612736101043     
  total norm contribution   10.3612812615540     
 oo  2.685872929876632E-002
 vv  -1237.42899714085     
 vo -0.700587499392657     
  Correlated perturbed 1-el contribution to DBOC  -1238.10272591094       cm**-1
  SUM_I |dc_I/dx|^2 contribution to DBOC   619.240014891796       cm**-1
 
  current total DBOC   3493.99778172340       cm**-1
 First-order density matrix is being calculated  (Symmetry block 1, perturbation  12)
 Calculation of the contributions of <pq||rs> to dI(i,j)/dx required   6.0 seconds.
 Calculation of the contributions of <pq||rs> to dI(a,b)/dx required  55.5 seconds.
 Calculation of the contributions of <pq||rs> to dI(i,a)/dx required  18.5 seconds.
 First-order Z-vector equations are solved for 1 perturbation.
 Convergence reached after  26 iterations.
        U*G(pq,rs) contribution is being calculated
             (Symmetry block 1, perturbation  12)

 CCSD contribution to force constants 

        0.0000000000        0.0000000000        0.0000000000
        0.0000000000        0.0000000000        0.0000000000
        0.0000000000        0.0000000000        0.0000000000
        0.0000000000        0.0000000000        0.0000000000
        0.0000000000        0.0000000000        0.0000000000
        0.0000000000        0.0000000000        0.0000000000
        0.0000000000        0.0000000000        0.0000000000
        0.0000000000        0.0000000000        0.0000000000
        0.0000000000        0.0000000000        0.0000000000
        0.0000000000        0.0000000000        0.0000000000
        0.0000000000        0.0000000000        0.0000000000
        0.0000000000        0.0000000000        0.0000000000
        0.0000000000        0.0000000000        0.0000000000
        0.0000000000        0.0000000000        0.0000000000
        0.0000000000        0.0000000000        0.0000000000
        0.0000000000        0.0000000000        0.0000000000
        0.0000000000        0.0000000000        0.0000000000
        0.0000000000        0.0000000000        0.0000000000
        0.0000000000        0.0000000000        0.0000000000
        0.0000000000        0.0000000000        0.0000000000
        0.0000000000        0.0000000000        0.0000000000
        0.0000000000        0.0000000000        0.0000000000
        0.0000000000        0.0000000000        0.0000000000
        0.0000000000        0.0000000000        0.0000000000
        0.0000000000        0.0000000000        0.0000000000
        0.0000000000        0.0000000000        0.0000000000
        0.0000000000        0.0000000000        0.0000000000
        0.0000000000        0.0000000000        0.0000000000
        0.0000000000        0.0000000000        0.0000000000
        0.0000000000        0.0000000000        0.0000000000
        0.0000000000        0.0000000000        0.0000000000
        0.0000000000        0.0000000000        0.0000000000
        0.0000000000        0.0000000000        0.0000000000
        0.0000000000        0.0000000000        0.0000000000
        0.0000000000        0.0000000000        0.0000000000
        0.0000000000        0.0000000000        0.0000000000
        0.0000000000        0.0000000000        0.0000000000
        0.0000000000        0.0000000000        0.0000000000
        0.0000000000        0.0000000000        0.0000000000
        0.0000000000        0.0000000000        0.0000000000
        0.0000000000        0.0000000000        0.0000000000
        0.0000000000        0.0000000000        0.0000000000
        0.0000000000        0.0000000000        0.0000000000
        0.0000000000        0.0000000000        0.0000000000
        0.0000000000        0.0000000000        0.0000000000
        0.0000000000        0.0000000000        0.0000000000
        0.0000000000        0.0000000000        0.0000000000
        0.0000000000        0.0000000000        0.0000000000
        0.0000000000        0.0000000000        0.0000000000
        0.0000000000        0.0000000000        0.0000000000
        0.0000000000        0.0000000000        0.0000000000
        0.0000000000        0.0000000000        0.0000000000
        0.0000000000        0.0000000000        0.0000000000
        0.0000000000        0.0000000000        0.0000000000
        0.0000000000        0.0000000000        0.0000000000
        0.0000000000        0.0000000000        0.0000000000
        0.0000000000        0.0000000000        0.0000000000
        0.0000000000        0.0000000000        0.0000000000
        0.0000000000        0.0000000000        0.0000000000
        0.0000000000        0.0000000000        0.0000000000
        0.0000000000        0.0000000000        0.0000000000
        0.0000000000        0.0000000000        0.0000000000
        0.0000000000        0.0000000000        0.0000000000
        0.0000000000        0.0000000000        0.0000000000
        0.0000000000        0.0000000000        0.0000000000
        0.0000000000        0.0000000000        0.0000000000
        5.8054208222      -19.3357820910       -3.3270866338
        0.7478542830       -0.0250500041       -0.4979877760
       -1.3124370304       -0.1238930224        1.1575848301
       -0.0367066979       23.4016186572      -18.0376504218
       -5.2735473510       -3.8224544909       19.8136027989
        0.0694159740       -0.0944390488        0.8915372026
        0.0000000000        0.0000000000        0.0000000000
        0.0000000000        0.0000000000        0.0000000000
        0.0000000000        0.0000000000        0.0000000000
        0.0000000000        0.0000000000        0.0000000000
        0.0000000000        0.0000000000        0.0000000000
        0.0000000000        0.0000000000        0.0000000000
        0.0000000000        0.0000000000        0.0000000000
        0.0000000000        0.0000000000        0.0000000000
        0.0000000000        0.0000000000        0.0000000000
        0.0000000000        0.0000000000        0.0000000000
        0.0000000000        0.0000000000        0.0000000000
        0.0000000000        0.0000000000        0.0000000000
        0.0000000000        0.0000000000        0.0000000000
        0.0000000000        0.0000000000        0.0000000000
        0.0000000000        0.0000000000        0.0000000000
        0.0000000000        0.0000000000        0.0000000000
        0.0000000000        0.0000000000        0.0000000000
        0.0000000000        0.0000000000        0.0000000000
        0.0000000000        0.0000000000        0.0000000000
        0.0000000000        0.0000000000        0.0000000000
        0.0000000000        0.0000000000        0.0000000000
        0.0000000000        0.0000000000        0.0000000000
        0.0000000000        0.0000000000        0.0000000000
        0.0000000000        0.0000000000        0.0000000000
        0.0000000000        0.0000000000        0.0000000000
        0.0000000000        0.0000000000        0.0000000000
        0.0000000000        0.0000000000        0.0000000000
        0.0000000000        0.0000000000        0.0000000000
        0.0000000000        0.0000000000        0.0000000000
        0.0000000000        0.0000000000        0.0000000000
        0.0000000000        0.0000000000        0.0000000000
        0.0000000000        0.0000000000        0.0000000000
        0.0000000000        0.0000000000        0.0000000000
        0.0000000000        0.0000000000        0.0000000000
        0.0000000000        0.0000000000        0.0000000000
        0.0000000000        0.0000000000        0.0000000000

 CCSD contribution to dipole derivatives 

        0.0000000000        0.0000000000        0.0000000000
        0.0000000000        0.0000000000        0.0000000000
        0.0000000000        0.0000000000        0.0000000000
        0.0000000000        0.0000000000       -0.1071487986
        0.0000000000        0.0000000000        0.0000000000
        0.0000000000        0.0000000000        0.0000000000
        0.0000000000        0.0000000000        0.0000000000
        0.0000000000        0.0000000000        0.0000000000
        0.0000000000        0.0000000000        0.0000000000
        0.0000000000        0.0000000000        0.0696943188
        0.0000000000        0.0000000000        0.0000000000
        0.0000000000        0.0000000000        0.0000000000
        0.0000000000        0.0000000000        0.0000000000
        0.0000000000        0.0000000000        0.0000000000
        0.0000000000        0.0000000000        0.0000000000
        0.0000000000        0.0000000000       -0.0022331689
        0.0000000000        0.0000000000        0.0000000000
        0.0000000000        0.0000000000        0.0000000000
 @CHECKOUT-I, Total execution time (CPU/WALL):     4278.39/    1410.55 seconds.
--executable xsdcc finished with status     0 in     1410.66 seconds (walltime).
 --invoking executable--
/home/asmola/.local/bin/xanti
 @GETMEM-I,  Allocated   38146 MB of main memory.
 CCSD MO derivative gammas will be sorted to Mulliken order.
 @CHECKOUT-I, Total execution time (CPU/WALL):       42.70/     108.36 seconds.
--executable xanti finished with status     0 in      108.42 seconds (walltime).
 --invoking executable--
/home/asmola/.local/bin/xbcktrn
 @GETMEM-I,  Allocated   38146 MB of main memory.
 CCSD MO derivative gammas will be transformed to the AO basis.
 @CHECKOUT-I, Total execution time (CPU/WALL):      136.36/      23.94 seconds.
--executable xbcktrn finished with status     0 in       23.98 seconds (walltime).
 --invoking executable--
/home/asmola/.local/bin/xvdint
 @GETMEM-I,  Allocated   38146 MB of main memory.
 One- and two-electron integral derivatives are calculated
 for RHF-CC/MBPT hessians and dipole derivatives.
 Spherical gaussians are used.
  magnet F F
 Evaluation of 2el integral derivatives

                      Two-electron integral gradient
                      ------------------------------

 C #1      -0.0259872384            0.1126196553           -0.4912176912
 O #2       0.0100938071           -0.0000760004           -0.0008771285
 H #3       0.0029605399            0.0026085896            0.0122757685
 H #4      -0.0034651726           -0.0481800522            1.1992454653
 H #5       0.0302520499            0.0315740669           -0.7773201580
 H #6      -0.0138539858           -0.0985462592            0.0578937439


 Evaluation of 2e integral derivatives required  902.69 seconds.
  contribution to Hessian
       -0.0259872384        0.1126196553       -0.4912176912
        0.0100938071       -0.0000760004       -0.0008771285
        0.0029605399        0.0026085896        0.0122757685
       -0.0034651726       -0.0481800522        1.1992454653
        0.0302520499        0.0315740669       -0.7773201580
       -0.0138539858       -0.0985462592        0.0578937439
 @CHECKOUT-I, Total execution time (CPU/WALL):      902.68/     138.18 seconds.
--executable xvdint finished with status     0 in      138.21 seconds (walltime).
 --invoking executable--
/home/asmola/.local/bin/xsdcc
 @GETMEM-I,  Allocated   38146 MB of main memory.
 Vibrational frequencies and infrared intensities are calculated
 at the CCSD level within the harmonic approximation.
 CPHF coefficients for occ-occ block: U^x(i,j) = -1/2 S^x(i,j)
 CPHF coefficients for vrt-vrt block: U^x(a,b) = -1/2 S^x(a,b)
 Transformation of derivative integrals from AO to MO basis:
 RHF transformation
 Transformation of DIIII integral derivatives.
 1 pass through the AO integral derivative file was needed.
  89947479 AO integral derivatives were read from file DIIII.
 Transformation of first index required  341.4 seconds.
 Transformation of remaining indices required  415.9 seconds.
1715296743 MO integral derivatives were written to file DERINT.
        MO basis integral derivatives are being calculated
             (Symmetry block 1, perturbation  13)
 First derivative of the wavefunction is calculated (Symmetry block 1, perturbation  13)
 Resorts of perturbed amplitudes and integrals required   0.1 seconds.
 Construction of <Phi|(dH_N/dx exp(T))c|0> required  38.6 seconds.
 Starting iterative solution of the perturbed CC equations.
 The DIIS procedure is used to accelerate convergence.
 Convergence criterion is 10**(-7).
 Maximum number of iterations is 100.
 Convergence information after     1 iterations: 
 Largest element of residual vector : -0.70061429E-01.
 Largest element of DIIS residual   : -0.70061429E-01.
 Convergence information after     2 iterations: 
 Largest element of residual vector : -0.44079264E-02.
 Largest element of DIIS residual   : -0.49763618E-02.
 Convergence information after     3 iterations: 
 Largest element of residual vector : -0.47346523E-02.
 Largest element of DIIS residual   : -0.28446783E-02.
 Convergence information after     4 iterations: 
 Largest element of residual vector :  0.10138502E-02.
 Largest element of DIIS residual   : -0.65039591E-03.
 Convergence information after     5 iterations: 
 Largest element of residual vector :  0.37312072E-03.
 Largest element of DIIS residual   :  0.23606450E-03.
 Convergence information after     6 iterations: 
 Largest element of residual vector :  0.12225776E-03.
 Largest element of DIIS residual   :  0.10247237E-03.
 Convergence information after     7 iterations: 
 Largest element of residual vector :  0.73867254E-04.
 Largest element of DIIS residual   :  0.53421038E-04.
 Convergence information after     8 iterations: 
 Largest element of residual vector :  0.39005776E-04.
 Largest element of DIIS residual   :  0.25711324E-04.
 Convergence information after     9 iterations: 
 Largest element of residual vector :  0.18487275E-04.
 Largest element of DIIS residual   :  0.85695538E-05.
 Convergence information after    10 iterations: 
 Largest element of residual vector :  0.61006813E-05.
 Largest element of DIIS residual   :  0.26037842E-05.
 Convergence information after    11 iterations: 
 Largest element of residual vector :  0.17472800E-05.
 Largest element of DIIS residual   : -0.83711056E-06.
 Convergence information after    12 iterations: 
 Largest element of residual vector :  0.58328866E-06.
 Largest element of DIIS residual   :  0.42732694E-06.
 Convergence information after    13 iterations: 
 Largest element of residual vector : -0.32319030E-06.
 Largest element of DIIS residual   : -0.22778941E-06.
 Convergence information after    14 iterations: 
 Largest element of residual vector : -0.15006275E-06.
 Largest element of DIIS residual   : -0.94527782E-07.
 Perturbed amplitude equations converged in    14 iterations.
  Dominant contributions to perturbed wavefunction:
    4    4  102   41   0.0729812175 ABAB
    4    4   41  102   0.0729812175 ABAB
    6    6   43   43   0.0647989104 ABAB
    4    4  120   41  -0.0603207499 ABAB
    4    4   41  120  -0.0603207499 ABAB
    4    4  102   23   0.0584044795 ABAB
    4    4   23  102   0.0584044795 ABAB
    4    4  169   41  -0.0531365753 ABAB
    4    4   41  169  -0.0531365753 ABAB
    9    9   43   43   0.0522749686 ABAB
    4    4  120   23  -0.0512086311 ABAB
    4    4   23  120  -0.0512086311 ABAB
    4    4  103   41  -0.0500141872 ABAB
    4    4   41  103  -0.0500141872 ABAB
    7    7  102   41   0.0495700135 ABAB
    7    7   41  102   0.0495700135 ABAB
    4    4  149   41   0.0486596450 ABAB
    4    4   41  149   0.0486596450 ABAB
    9    9  102   23   0.0479107360 ABAB
    9    9   23  102   0.0479107360 ABAB
  Total CCSD gradient is    0.002410332572600.
  norm of converged amps    2.84875030364401     
 Starting iterative solution of the perturbed Lambda equations.
 The DIIS procedure is used to accelerate convergence.
 Convergence criterion is 10**(-7).
 Maximum number of iterations is 100.
 Convergence information after     1 iterations: 
 Largest element of residual vector : -0.58173576E-01.
 Largest element of DIIS residual   : -0.58173576E-01.
 Convergence information after     2 iterations: 
 Largest element of residual vector : -0.41250680E-02.
 Largest element of DIIS residual   : -0.40960268E-02.
 Convergence information after     3 iterations: 
 Largest element of residual vector : -0.39292569E-02.
 Largest element of DIIS residual   : -0.25068468E-02.
 Convergence information after     4 iterations: 
 Largest element of residual vector : -0.80754211E-03.
 Largest element of DIIS residual   : -0.53176419E-03.
 Convergence information after     5 iterations: 
 Largest element of residual vector :  0.31008092E-03.
 Largest element of DIIS residual   :  0.21186534E-03.
 Convergence information after     6 iterations: 
 Largest element of residual vector :  0.11173907E-03.
 Largest element of DIIS residual   :  0.94887862E-04.
 Convergence information after     7 iterations: 
 Largest element of residual vector :  0.69845959E-04.
 Largest element of DIIS residual   :  0.50020769E-04.
 Convergence information after     8 iterations: 
 Largest element of residual vector :  0.36446943E-04.
 Largest element of DIIS residual   :  0.23489818E-04.
 Convergence information after     9 iterations: 
 Largest element of residual vector :  0.16853828E-04.
 Largest element of DIIS residual   :  0.73780344E-05.
 Convergence information after    10 iterations: 
 Largest element of residual vector :  0.52366009E-05.
 Largest element of DIIS residual   :  0.22234949E-05.
 Convergence information after    11 iterations: 
 Largest element of residual vector :  0.14908338E-05.
 Largest element of DIIS residual   : -0.71457850E-06.
 Convergence information after    12 iterations: 
 Largest element of residual vector :  0.47752302E-06.
 Largest element of DIIS residual   :  0.37053338E-06.
 Convergence information after    13 iterations: 
 Largest element of residual vector : -0.27950500E-06.
 Largest element of DIIS residual   : -0.19982736E-06.
 Convergence information after    14 iterations: 
 Largest element of residual vector : -0.13335511E-06.
 Largest element of DIIS residual   : -0.84939446E-07.
 Perturbed Lambda equations converged in    14 iterations.
  Dominant contributions to perturbed wavefunction:
    4    4  102   41   0.0712504252 ABAB
    4    4   41  102   0.0712504252 ABAB
    6    6   43   43   0.0622764387 ABAB
    4    4  120   41  -0.0588698424 ABAB
    4    4   41  120  -0.0588698424 ABAB
    4    4  102   23   0.0572213294 ABAB
    4    4   23  102   0.0572213294 ABAB
    4    4  169   41  -0.0518249724 ABAB
    4    4   41  169  -0.0518249724 ABAB
    4    4  120   23  -0.0501638661 ABAB
    4    4   23  120  -0.0501638661 ABAB
    9    9   43   43   0.0495750331 ABAB
    4    4  103   41  -0.0488184943 ABAB
    4    4   41  103  -0.0488184943 ABAB
    4    4  149   41   0.0475033877 ABAB
    4    4   41  149   0.0475033877 ABAB
    7    7  102   41   0.0474005058 ABAB
    7    7   41  102   0.0474005058 ABAB
    9    9  102   23   0.0460083720 ABAB
    9    9   23  102   0.0460083720 ABAB
  Total CCSD gradient is    0.001555927553287.
        The DBOC first-order density matrix is being calculated 
             (Symmetry block 1, perturbation  13)
 term   9.63799669185055     
 final tnorm1 -3.787326565417971E-003
  <0|L dT/dx|0> -3.787326565417971E-003
  norm contr. I: |<0|L dT/dx|0>|^2   1.434384251312068E-005
  norm contr. II: <0|[nabla(1+L)e-T][nabla e^T]|0>   9.63799669185055     
  total norm contribution   9.63801103569306     
 oo  3.976827767819512E-003
 vv  -1151.63077228792     
 vo -3.524060458792556E-002
  Correlated perturbed 1-el contribution to DBOC  -1151.66203606474       cm**-1
  SUM_I |dc_I/dx|^2 contribution to DBOC   576.013906640608       cm**-1
 
  current total DBOC   2918.34965229927       cm**-1
 First-order density matrix is being calculated  (Symmetry block 1, perturbation  13)
 Calculation of the contributions of <pq||rs> to dI(i,j)/dx required   7.5 seconds.
 Calculation of the contributions of <pq||rs> to dI(a,b)/dx required  52.3 seconds.
 Calculation of the contributions of <pq||rs> to dI(i,a)/dx required  19.7 seconds.
 First-order Z-vector equations are solved for 1 perturbation.
 Convergence reached after  25 iterations.
        U*G(pq,rs) contribution is being calculated
             (Symmetry block 1, perturbation  13)

 CCSD contribution to force constants 

        0.0000000000        0.0000000000        0.0000000000
        0.0000000000        0.0000000000        0.0000000000
        0.0000000000        0.0000000000        0.0000000000
        0.0000000000        0.0000000000        0.0000000000
        0.0000000000        0.0000000000        0.0000000000
        0.0000000000        0.0000000000        0.0000000000
        0.0000000000        0.0000000000        0.0000000000
        0.0000000000        0.0000000000        0.0000000000
        0.0000000000        0.0000000000        0.0000000000
        0.0000000000        0.0000000000        0.0000000000
        0.0000000000        0.0000000000        0.0000000000
        0.0000000000        0.0000000000        0.0000000000
        0.0000000000        0.0000000000        0.0000000000
        0.0000000000        0.0000000000        0.0000000000
        0.0000000000        0.0000000000        0.0000000000
        0.0000000000        0.0000000000        0.0000000000
        0.0000000000        0.0000000000        0.0000000000
        0.0000000000        0.0000000000        0.0000000000
        0.0000000000        0.0000000000        0.0000000000
        0.0000000000        0.0000000000        0.0000000000
        0.0000000000        0.0000000000        0.0000000000
        0.0000000000        0.0000000000        0.0000000000
        0.0000000000        0.0000000000        0.0000000000
        0.0000000000        0.0000000000        0.0000000000
        0.0000000000        0.0000000000        0.0000000000
        0.0000000000        0.0000000000        0.0000000000
        0.0000000000        0.0000000000        0.0000000000
        0.0000000000        0.0000000000        0.0000000000
        0.0000000000        0.0000000000        0.0000000000
        0.0000000000        0.0000000000        0.0000000000
        0.0000000000        0.0000000000        0.0000000000
        0.0000000000        0.0000000000        0.0000000000
        0.0000000000        0.0000000000        0.0000000000
        0.0000000000        0.0000000000        0.0000000000
        0.0000000000        0.0000000000        0.0000000000
        0.0000000000        0.0000000000        0.0000000000
        0.0000000000        0.0000000000        0.0000000000
        0.0000000000        0.0000000000        0.0000000000
        0.0000000000        0.0000000000        0.0000000000
        0.0000000000        0.0000000000        0.0000000000
        0.0000000000        0.0000000000        0.0000000000
        0.0000000000        0.0000000000        0.0000000000
        0.0000000000        0.0000000000        0.0000000000
        0.0000000000        0.0000000000        0.0000000000
        0.0000000000        0.0000000000        0.0000000000
        0.0000000000        0.0000000000        0.0000000000
        0.0000000000        0.0000000000        0.0000000000
        0.0000000000        0.0000000000        0.0000000000
        0.0000000000        0.0000000000        0.0000000000
        0.0000000000        0.0000000000        0.0000000000
        0.0000000000        0.0000000000        0.0000000000
        0.0000000000        0.0000000000        0.0000000000
        0.0000000000        0.0000000000        0.0000000000
        0.0000000000        0.0000000000        0.0000000000
        0.0000000000        0.0000000000        0.0000000000
        0.0000000000        0.0000000000        0.0000000000
        0.0000000000        0.0000000000        0.0000000000
        0.0000000000        0.0000000000        0.0000000000
        0.0000000000        0.0000000000        0.0000000000
        0.0000000000        0.0000000000        0.0000000000
        0.0000000000        0.0000000000        0.0000000000
        0.0000000000        0.0000000000        0.0000000000
        0.0000000000        0.0000000000        0.0000000000
        0.0000000000        0.0000000000        0.0000000000
        0.0000000000        0.0000000000        0.0000000000
        0.0000000000        0.0000000000        0.0000000000
        0.0000000000        0.0000000000        0.0000000000
        0.0000000000        0.0000000000        0.0000000000
        0.0000000000        0.0000000000        0.0000000000
        0.0000000000        0.0000000000        0.0000000000
        0.0000000000        0.0000000000        0.0000000000
        0.0000000000        0.0000000000        0.0000000000
       -9.6198124343        3.7205694690       -7.6259782475
       -3.2605581184        3.1531395923       -2.7057004585
        1.7250549313       -3.5633337377        3.9000966767
      -18.0881449356        4.0003961697       -0.6421170396
       29.2888899324       -6.7167738667        7.1629073621
       -0.0454293753       -0.5939976266       -0.0892082931
        0.0000000000        0.0000000000        0.0000000000
        0.0000000000        0.0000000000        0.0000000000
        0.0000000000        0.0000000000        0.0000000000
        0.0000000000        0.0000000000        0.0000000000
        0.0000000000        0.0000000000        0.0000000000
        0.0000000000        0.0000000000        0.0000000000
        0.0000000000        0.0000000000        0.0000000000
        0.0000000000        0.0000000000        0.0000000000
        0.0000000000        0.0000000000        0.0000000000
        0.0000000000        0.0000000000        0.0000000000
        0.0000000000        0.0000000000        0.0000000000
        0.0000000000        0.0000000000        0.0000000000
        0.0000000000        0.0000000000        0.0000000000
        0.0000000000        0.0000000000        0.0000000000
        0.0000000000        0.0000000000        0.0000000000
        0.0000000000        0.0000000000        0.0000000000
        0.0000000000        0.0000000000        0.0000000000
        0.0000000000        0.0000000000        0.0000000000
        0.0000000000        0.0000000000        0.0000000000
        0.0000000000        0.0000000000        0.0000000000
        0.0000000000        0.0000000000        0.0000000000
        0.0000000000        0.0000000000        0.0000000000
        0.0000000000        0.0000000000        0.0000000000
        0.0000000000        0.0000000000        0.0000000000
        0.0000000000        0.0000000000        0.0000000000
        0.0000000000        0.0000000000        0.0000000000
        0.0000000000        0.0000000000        0.0000000000
        0.0000000000        0.0000000000        0.0000000000
        0.0000000000        0.0000000000        0.0000000000
        0.0000000000        0.0000000000        0.0000000000

 CCSD contribution to dipole derivatives 

        0.0000000000        0.0000000000        0.0000000000
        0.0000000000        0.0000000000        0.0000000000
        0.0000000000        0.0000000000        0.0000000000
        0.0000000000        0.0000000000        0.0000000000
       -0.0008515071        0.0000000000        0.0000000000
        0.0000000000        0.0000000000        0.0000000000
        0.0000000000        0.0000000000        0.0000000000
        0.0000000000        0.0000000000        0.0000000000
        0.0000000000        0.0000000000        0.0000000000
        0.0000000000        0.0000000000        0.0000000000
       -0.0218561815        0.0000000000        0.0000000000
        0.0000000000        0.0000000000        0.0000000000
        0.0000000000        0.0000000000        0.0000000000
        0.0000000000        0.0000000000        0.0000000000
        0.0000000000        0.0000000000        0.0000000000
        0.0000000000        0.0000000000        0.0000000000
        0.0084342937        0.0000000000        0.0000000000
        0.0000000000        0.0000000000        0.0000000000
 @CHECKOUT-I, Total execution time (CPU/WALL):     4192.59/    1408.37 seconds.
--executable xsdcc finished with status     0 in     1408.45 seconds (walltime).
 --invoking executable--
/home/asmola/.local/bin/xanti
 @GETMEM-I,  Allocated   38146 MB of main memory.
 CCSD MO derivative gammas will be sorted to Mulliken order.
 @CHECKOUT-I, Total execution time (CPU/WALL):       40.66/      95.07 seconds.
--executable xanti finished with status     0 in       95.13 seconds (walltime).
 --invoking executable--
/home/asmola/.local/bin/xbcktrn
 @GETMEM-I,  Allocated   38146 MB of main memory.
 CCSD MO derivative gammas will be transformed to the AO basis.
 @CHECKOUT-I, Total execution time (CPU/WALL):      138.14/      30.46 seconds.
--executable xbcktrn finished with status     0 in       30.51 seconds (walltime).
 --invoking executable--
/home/asmola/.local/bin/xvdint
 @GETMEM-I,  Allocated   38146 MB of main memory.
 One- and two-electron integral derivatives are calculated
 for RHF-CC/MBPT hessians and dipole derivatives.
 Spherical gaussians are used.
  magnet F F
 Evaluation of 2el integral derivatives

                      Two-electron integral gradient
                      ------------------------------

 C #1      -0.2052151603            0.0174026740           -0.0155512863
 O #2       0.0080379133           -0.0087074594           -0.0147657686
 H #3      -0.0112614345            0.0141238759           -0.0043348072
 H #4      -0.1764639697            0.0669648369            0.0226258718
 H #5       0.3908313642           -0.0690115482            0.0236049049
 H #6      -0.0059287131           -0.0207723793           -0.0115789146


 Evaluation of 2e integral derivatives required  908.71 seconds.
  contribution to Hessian
       -0.2052151603        0.0174026740       -0.0155512863
        0.0080379133       -0.0087074594       -0.0147657686
       -0.0112614345        0.0141238759       -0.0043348072
       -0.1764639697        0.0669648369        0.0226258718
        0.3908313642       -0.0690115482        0.0236049049
       -0.0059287131       -0.0207723793       -0.0115789146
 @CHECKOUT-I, Total execution time (CPU/WALL):      908.70/     139.24 seconds.
--executable xvdint finished with status     0 in      139.27 seconds (walltime).
 --invoking executable--
/home/asmola/.local/bin/xsdcc
 @GETMEM-I,  Allocated   38146 MB of main memory.
 Vibrational frequencies and infrared intensities are calculated
 at the CCSD level within the harmonic approximation.
 CPHF coefficients for occ-occ block: U^x(i,j) = -1/2 S^x(i,j)
 CPHF coefficients for vrt-vrt block: U^x(a,b) = -1/2 S^x(a,b)
 Transformation of derivative integrals from AO to MO basis:
 RHF transformation
 Transformation of DIIII integral derivatives.
 1 pass through the AO integral derivative file was needed.
  89889354 AO integral derivatives were read from file DIIII.
 Transformation of first index required  354.8 seconds.
 Transformation of remaining indices required  394.3 seconds.
1715296743 MO integral derivatives were written to file DERINT.
        MO basis integral derivatives are being calculated
             (Symmetry block 1, perturbation  14)
 First derivative of the wavefunction is calculated (Symmetry block 1, perturbation  14)
 Resorts of perturbed amplitudes and integrals required   0.1 seconds.
 Construction of <Phi|(dH_N/dx exp(T))c|0> required  33.6 seconds.
 Starting iterative solution of the perturbed CC equations.
 The DIIS procedure is used to accelerate convergence.
 Convergence criterion is 10**(-7).
 Maximum number of iterations is 100.
 Convergence information after     1 iterations: 
 Largest element of residual vector :  0.45397819E-01.
 Largest element of DIIS residual   :  0.45397819E-01.
 Convergence information after     2 iterations: 
 Largest element of residual vector :  0.48542270E-02.
 Largest element of DIIS residual   :  0.48240478E-02.
 Convergence information after     3 iterations: 
 Largest element of residual vector : -0.18153766E-02.
 Largest element of DIIS residual   : -0.21064271E-02.
 Convergence information after     4 iterations: 
 Largest element of residual vector : -0.54057780E-03.
 Largest element of DIIS residual   :  0.46036312E-03.
 Convergence information after     5 iterations: 
 Largest element of residual vector : -0.41608339E-03.
 Largest element of DIIS residual   : -0.34067710E-03.
 Convergence information after     6 iterations: 
 Largest element of residual vector : -0.23325608E-03.
 Largest element of DIIS residual   : -0.15600501E-03.
 Convergence information after     7 iterations: 
 Largest element of residual vector : -0.12982584E-03.
 Largest element of DIIS residual   : -0.67411782E-04.
 Convergence information after     8 iterations: 
 Largest element of residual vector : -0.43264263E-04.
 Largest element of DIIS residual   :  0.19766207E-04.
 Convergence information after     9 iterations: 
 Largest element of residual vector : -0.15077300E-04.
 Largest element of DIIS residual   : -0.63876994E-05.
 Convergence information after    10 iterations: 
 Largest element of residual vector :  0.42557916E-05.
 Largest element of DIIS residual   : -0.20749681E-05.
 Convergence information after    11 iterations: 
 Largest element of residual vector : -0.14051369E-05.
 Largest element of DIIS residual   : -0.99043130E-06.
 Convergence information after    12 iterations: 
 Largest element of residual vector :  0.62980033E-06.
 Largest element of DIIS residual   :  0.52544328E-06.
 Convergence information after    13 iterations: 
 Largest element of residual vector : -0.29126636E-06.
 Largest element of DIIS residual   : -0.15448065E-06.
 Convergence information after    14 iterations: 
 Largest element of residual vector :  0.13033264E-06.
 Largest element of DIIS residual   :  0.94467813E-07.
 Perturbed amplitude equations converged in    14 iterations.
  Dominant contributions to perturbed wavefunction:
    9    5   22  102   0.0724107573 ABAB
    5    9  102   22   0.0724107573 ABAB
    4    4  102   33   0.0699939464 ABAB
    4    4   33  102   0.0699939464 ABAB
    4    4  102   37   0.0648779566 ABAB
    4    4   37  102   0.0648779566 ABAB
    9    4   22  102  -0.0629656927 ABAB
    4    9  102   22  -0.0629656927 ABAB
    9    9  120   37  -0.0622289583 ABAB
    9    9   37  120  -0.0622289583 ABAB
    9    9  102   37   0.0619982314 ABAB
    9    9   37  102   0.0619982314 ABAB
    9    5   22   52   0.0613486603 ABAB
    5    9   52   22   0.0613486603 ABAB
    5    5  102   37   0.0604521256 ABAB
    5    5   37  102   0.0604521256 ABAB
    9    5   22  120  -0.0596132648 ABAB
    5    9  120   22  -0.0596132648 ABAB
    4    4  120   37  -0.0590490108 ABAB
    4    4   37  120  -0.0590490108 ABAB
  Total CCSD gradient is   -0.002268373593197.
  norm of converged amps    2.59334917415023     
 Starting iterative solution of the perturbed Lambda equations.
 The DIIS procedure is used to accelerate convergence.
 Convergence criterion is 10**(-7).
 Maximum number of iterations is 100.
 Convergence information after     1 iterations: 
 Largest element of residual vector :  0.38638519E-01.
 Largest element of DIIS residual   :  0.38638519E-01.
 Convergence information after     2 iterations: 
 Largest element of residual vector :  0.42127754E-02.
 Largest element of DIIS residual   :  0.41260503E-02.
 Convergence information after     3 iterations: 
 Largest element of residual vector : -0.15011335E-02.
 Largest element of DIIS residual   : -0.18457214E-02.
 Convergence information after     4 iterations: 
 Largest element of residual vector :  0.47622334E-03.
 Largest element of DIIS residual   :  0.42211868E-03.
 Convergence information after     5 iterations: 
 Largest element of residual vector : -0.36880040E-03.
 Largest element of DIIS residual   : -0.30667801E-03.
 Convergence information after     6 iterations: 
 Largest element of residual vector : -0.20907210E-03.
 Largest element of DIIS residual   : -0.14047805E-03.
 Convergence information after     7 iterations: 
 Largest element of residual vector : -0.11678888E-03.
 Largest element of DIIS residual   : -0.61370361E-04.
 Convergence information after     8 iterations: 
 Largest element of residual vector : -0.39517289E-04.
 Largest element of DIIS residual   :  0.17970300E-04.
 Convergence information after     9 iterations: 
 Largest element of residual vector : -0.13917057E-04.
 Largest element of DIIS residual   : -0.59276357E-05.
 Convergence information after    10 iterations: 
 Largest element of residual vector :  0.38165368E-05.
 Largest element of DIIS residual   : -0.17292498E-05.
 Convergence information after    11 iterations: 
 Largest element of residual vector : -0.12761558E-05.
 Largest element of DIIS residual   : -0.91017781E-06.
 Convergence information after    12 iterations: 
 Largest element of residual vector :  0.56181390E-06.
 Largest element of DIIS residual   :  0.46775775E-06.
 Convergence information after    13 iterations: 
 Largest element of residual vector : -0.25565882E-06.
 Largest element of DIIS residual   : -0.14014967E-06.
 Convergence information after    14 iterations: 
 Largest element of residual vector :  0.11658321E-06.
 Largest element of DIIS residual   :  0.83738306E-07.
 Perturbed Lambda equations converged in    14 iterations.
  Dominant contributions to perturbed wavefunction:
    9    5   22  102   0.0694526215 ABAB
    5    9  102   22   0.0694526215 ABAB
    4    4  102   33   0.0690100553 ABAB
    4    4   33  102   0.0690100553 ABAB
    4    4  102   37   0.0636999415 ABAB
    4    4   37  102   0.0636999415 ABAB
    9    4   22  102  -0.0612186732 ABAB
    4    9  102   22  -0.0612186732 ABAB
    9    9  120   37  -0.0602250059 ABAB
    9    9   37  120  -0.0602250059 ABAB
    9    9  102   37   0.0600179451 ABAB
    9    9   37  102   0.0600179451 ABAB
    9    5   22   52   0.0590716350 ABAB
    5    9   52   22   0.0590716350 ABAB
    5    5  102   37   0.0588732208 ABAB
    5    5   37  102   0.0588732208 ABAB
    4    4  120   37  -0.0579663831 ABAB
    4    4   37  120  -0.0579663831 ABAB
    9    5   22  120  -0.0571971357 ABAB
    5    9  120   22  -0.0571971357 ABAB
  Total CCSD gradient is   -0.001196508589997.
        The DBOC first-order density matrix is being calculated 
             (Symmetry block 1, perturbation  14)
 term   7.95164759616721     
 final tnorm1  4.880452173794920E-003
  <0|L dT/dx|0>  4.880452173794920E-003
  norm contr. I: |<0|L dT/dx|0>|^2   2.381881342069956E-005
  norm contr. II: <0|[nabla(1+L)e-T][nabla e^T]|0>   7.95164759616721     
  total norm contribution   7.95167141498063     
 oo  2.957932890656758E-003
 vv  -949.936827113778     
 vo -0.736476049683019     
  Correlated perturbed 1-el contribution to DBOC  -950.670345230570       cm**-1
  SUM_I |dc_I/dx|^2 contribution to DBOC   475.230138158488       cm**-1
 
  current total DBOC   2442.90944522718       cm**-1
 First-order density matrix is being calculated  (Symmetry block 1, perturbation  14)
 Calculation of the contributions of <pq||rs> to dI(i,j)/dx required   5.6 seconds.
 Calculation of the contributions of <pq||rs> to dI(a,b)/dx required  53.6 seconds.
 Calculation of the contributions of <pq||rs> to dI(i,a)/dx required  19.8 seconds.
 First-order Z-vector equations are solved for 1 perturbation.
 Convergence reached after  26 iterations.
        U*G(pq,rs) contribution is being calculated
             (Symmetry block 1, perturbation  14)

 CCSD contribution to force constants 

        0.0000000000        0.0000000000        0.0000000000
        0.0000000000        0.0000000000        0.0000000000
        0.0000000000        0.0000000000        0.0000000000
        0.0000000000        0.0000000000        0.0000000000
        0.0000000000        0.0000000000        0.0000000000
        0.0000000000        0.0000000000        0.0000000000
        0.0000000000        0.0000000000        0.0000000000
        0.0000000000        0.0000000000        0.0000000000
        0.0000000000        0.0000000000        0.0000000000
        0.0000000000        0.0000000000        0.0000000000
        0.0000000000        0.0000000000        0.0000000000
        0.0000000000        0.0000000000        0.0000000000
        0.0000000000        0.0000000000        0.0000000000
        0.0000000000        0.0000000000        0.0000000000
        0.0000000000        0.0000000000        0.0000000000
        0.0000000000        0.0000000000        0.0000000000
        0.0000000000        0.0000000000        0.0000000000
        0.0000000000        0.0000000000        0.0000000000
        0.0000000000        0.0000000000        0.0000000000
        0.0000000000        0.0000000000        0.0000000000
        0.0000000000        0.0000000000        0.0000000000
        0.0000000000        0.0000000000        0.0000000000
        0.0000000000        0.0000000000        0.0000000000
        0.0000000000        0.0000000000        0.0000000000
        0.0000000000        0.0000000000        0.0000000000
        0.0000000000        0.0000000000        0.0000000000
        0.0000000000        0.0000000000        0.0000000000
        0.0000000000        0.0000000000        0.0000000000
        0.0000000000        0.0000000000        0.0000000000
        0.0000000000        0.0000000000        0.0000000000
        0.0000000000        0.0000000000        0.0000000000
        0.0000000000        0.0000000000        0.0000000000
        0.0000000000        0.0000000000        0.0000000000
        0.0000000000        0.0000000000        0.0000000000
        0.0000000000        0.0000000000        0.0000000000
        0.0000000000        0.0000000000        0.0000000000
        0.0000000000        0.0000000000        0.0000000000
        0.0000000000        0.0000000000        0.0000000000
        0.0000000000        0.0000000000        0.0000000000
        0.0000000000        0.0000000000        0.0000000000
        0.0000000000        0.0000000000        0.0000000000
        0.0000000000        0.0000000000        0.0000000000
        0.0000000000        0.0000000000        0.0000000000
        0.0000000000        0.0000000000        0.0000000000
        0.0000000000        0.0000000000        0.0000000000
        0.0000000000        0.0000000000        0.0000000000
        0.0000000000        0.0000000000        0.0000000000
        0.0000000000        0.0000000000        0.0000000000
        0.0000000000        0.0000000000        0.0000000000
        0.0000000000        0.0000000000        0.0000000000
        0.0000000000        0.0000000000        0.0000000000
        0.0000000000        0.0000000000        0.0000000000
        0.0000000000        0.0000000000        0.0000000000
        0.0000000000        0.0000000000        0.0000000000
        0.0000000000        0.0000000000        0.0000000000
        0.0000000000        0.0000000000        0.0000000000
        0.0000000000        0.0000000000        0.0000000000
        0.0000000000        0.0000000000        0.0000000000
        0.0000000000        0.0000000000        0.0000000000
        0.0000000000        0.0000000000        0.0000000000
        0.0000000000        0.0000000000        0.0000000000
        0.0000000000        0.0000000000        0.0000000000
        0.0000000000        0.0000000000        0.0000000000
        0.0000000000        0.0000000000        0.0000000000
        0.0000000000        0.0000000000        0.0000000000
        0.0000000000        0.0000000000        0.0000000000
        0.0000000000        0.0000000000        0.0000000000
        0.0000000000        0.0000000000        0.0000000000
        0.0000000000        0.0000000000        0.0000000000
        0.0000000000        0.0000000000        0.0000000000
        0.0000000000        0.0000000000        0.0000000000
        0.0000000000        0.0000000000        0.0000000000
        0.0000000000        0.0000000000        0.0000000000
        0.0000000000        0.0000000000        0.0000000000
        0.0000000000        0.0000000000        0.0000000000
        0.0000000000        0.0000000000        0.0000000000
        0.0000000000        0.0000000000        0.0000000000
        0.0000000000        0.0000000000        0.0000000000
        4.4751248214       -5.8197773452       11.6172266578
        1.0525859008       -0.6568971531        1.0712681425
       -1.4797330577       -1.4898033248       -1.2277784524
        1.6171602292      -22.8857830455      -12.6301394584
       -5.1206061548       28.9867707656        2.5951604146
       -0.5445317388        1.8654901030       -1.4257373042
        0.0000000000        0.0000000000        0.0000000000
        0.0000000000        0.0000000000        0.0000000000
        0.0000000000        0.0000000000        0.0000000000
        0.0000000000        0.0000000000        0.0000000000
        0.0000000000        0.0000000000        0.0000000000
        0.0000000000        0.0000000000        0.0000000000
        0.0000000000        0.0000000000        0.0000000000
        0.0000000000        0.0000000000        0.0000000000
        0.0000000000        0.0000000000        0.0000000000
        0.0000000000        0.0000000000        0.0000000000
        0.0000000000        0.0000000000        0.0000000000
        0.0000000000        0.0000000000        0.0000000000
        0.0000000000        0.0000000000        0.0000000000
        0.0000000000        0.0000000000        0.0000000000
        0.0000000000        0.0000000000        0.0000000000
        0.0000000000        0.0000000000        0.0000000000
        0.0000000000        0.0000000000        0.0000000000
        0.0000000000        0.0000000000        0.0000000000
        0.0000000000        0.0000000000        0.0000000000
        0.0000000000        0.0000000000        0.0000000000
        0.0000000000        0.0000000000        0.0000000000
        0.0000000000        0.0000000000        0.0000000000
        0.0000000000        0.0000000000        0.0000000000
        0.0000000000        0.0000000000        0.0000000000

 CCSD contribution to dipole derivatives 

        0.0000000000        0.0000000000        0.0000000000
        0.0000000000        0.0000000000        0.0000000000
        0.0000000000        0.0000000000        0.0000000000
        0.0000000000        0.0000000000        0.0000000000
        0.0000000000       -0.0467844237        0.0000000000
        0.0000000000        0.0000000000        0.0000000000
        0.0000000000        0.0000000000        0.0000000000
        0.0000000000        0.0000000000        0.0000000000
        0.0000000000        0.0000000000        0.0000000000
        0.0000000000        0.0000000000        0.0000000000
        0.0000000000       -0.0016120746        0.0000000000
        0.0000000000        0.0000000000        0.0000000000
        0.0000000000        0.0000000000        0.0000000000
        0.0000000000        0.0000000000        0.0000000000
        0.0000000000        0.0000000000        0.0000000000
        0.0000000000        0.0000000000        0.0000000000
        0.0000000000       -0.0146748121        0.0000000000
        0.0000000000        0.0000000000        0.0000000000
 @CHECKOUT-I, Total execution time (CPU/WALL):     3997.70/    1404.22 seconds.
--executable xsdcc finished with status     0 in     1404.32 seconds (walltime).
 --invoking executable--
/home/asmola/.local/bin/xanti
 @GETMEM-I,  Allocated   38146 MB of main memory.
 CCSD MO derivative gammas will be sorted to Mulliken order.
 @CHECKOUT-I, Total execution time (CPU/WALL):       42.62/      93.75 seconds.
--executable xanti finished with status     0 in       93.82 seconds (walltime).
 --invoking executable--
/home/asmola/.local/bin/xbcktrn
 @GETMEM-I,  Allocated   38146 MB of main memory.
 CCSD MO derivative gammas will be transformed to the AO basis.
 @CHECKOUT-I, Total execution time (CPU/WALL):      140.55/      31.61 seconds.
--executable xbcktrn finished with status     0 in       31.66 seconds (walltime).
 --invoking executable--
/home/asmola/.local/bin/xvdint
 @GETMEM-I,  Allocated   38146 MB of main memory.
 One- and two-electron integral derivatives are calculated
 for RHF-CC/MBPT hessians and dipole derivatives.
 Spherical gaussians are used.
  magnet F F
 Evaluation of 2el integral derivatives

                      Two-electron integral gradient
                      ------------------------------

 C #1       0.0685742177           -0.2844235886           -0.0206903939
 O #2      -0.0329318571            0.0213849298            0.0075296431
 H #3       0.0048831497           -0.0026784297            0.0154977006
 H #4       0.0497345920           -0.3737884959            0.0428985367
 H #5      -0.0917267152            0.6631275832           -0.1063346702
 H #6       0.0014666130           -0.0236219989            0.0610991837


 Evaluation of 2e integral derivatives required  904.10 seconds.
  contribution to Hessian
        0.0685742177       -0.2844235886       -0.0206903939
       -0.0329318571        0.0213849298        0.0075296431
        0.0048831497       -0.0026784297        0.0154977006
        0.0497345920       -0.3737884959        0.0428985367
       -0.0917267152        0.6631275832       -0.1063346702
        0.0014666130       -0.0236219989        0.0610991837
 @CHECKOUT-I, Total execution time (CPU/WALL):      904.09/     139.41 seconds.
--executable xvdint finished with status     0 in      139.43 seconds (walltime).
 --invoking executable--
/home/asmola/.local/bin/xsdcc
 @GETMEM-I,  Allocated   38146 MB of main memory.
 Vibrational frequencies and infrared intensities are calculated
 at the CCSD level within the harmonic approximation.
 CPHF coefficients for occ-occ block: U^x(i,j) = -1/2 S^x(i,j)
 CPHF coefficients for vrt-vrt block: U^x(a,b) = -1/2 S^x(a,b)
 Transformation of derivative integrals from AO to MO basis:
 RHF transformation
 Transformation of DIIII integral derivatives.
 1 pass through the AO integral derivative file was needed.
  89865227 AO integral derivatives were read from file DIIII.
 Transformation of first index required  361.0 seconds.
 Transformation of remaining indices required  397.9 seconds.
1715296743 MO integral derivatives were written to file DERINT.
        MO basis integral derivatives are being calculated
             (Symmetry block 1, perturbation  15)
 First derivative of the wavefunction is calculated (Symmetry block 1, perturbation  15)
 Resorts of perturbed amplitudes and integrals required   0.6 seconds.
 Construction of <Phi|(dH_N/dx exp(T))c|0> required  33.9 seconds.
 Starting iterative solution of the perturbed CC equations.
 The DIIS procedure is used to accelerate convergence.
 Convergence criterion is 10**(-7).
 Maximum number of iterations is 100.
 Convergence information after     1 iterations: 
 Largest element of residual vector :  0.10570474E+00.
 Largest element of DIIS residual   :  0.10570474E+00.
 Convergence information after     2 iterations: 
 Largest element of residual vector :  0.14220880E-01.
 Largest element of DIIS residual   : -0.13836071E-01.
 Convergence information after     3 iterations: 
 Largest element of residual vector :  0.61815445E-02.
 Largest element of DIIS residual   :  0.31030057E-02.
 Convergence information after     4 iterations: 
 Largest element of residual vector : -0.17012208E-02.
 Largest element of DIIS residual   : -0.11358201E-02.
 Convergence information after     5 iterations: 
 Largest element of residual vector : -0.59338722E-03.
 Largest element of DIIS residual   : -0.41653615E-03.
 Convergence information after     6 iterations: 
 Largest element of residual vector : -0.30953843E-03.
 Largest element of DIIS residual   : -0.22111050E-03.
 Convergence information after     7 iterations: 
 Largest element of residual vector : -0.15831317E-03.
 Largest element of DIIS residual   :  0.91389303E-04.
 Convergence information after     8 iterations: 
 Largest element of residual vector : -0.66359950E-04.
 Largest element of DIIS residual   :  0.27944095E-04.
 Convergence information after     9 iterations: 
 Largest element of residual vector :  0.21885738E-04.
 Largest element of DIIS residual   :  0.10327558E-04.
 Convergence information after    10 iterations: 
 Largest element of residual vector :  0.71169133E-05.
 Largest element of DIIS residual   :  0.29339644E-05.
 Convergence information after    11 iterations: 
 Largest element of residual vector :  0.18698515E-05.
 Largest element of DIIS residual   : -0.14953626E-05.
 Convergence information after    12 iterations: 
 Largest element of residual vector : -0.10147027E-05.
 Largest element of DIIS residual   : -0.81476822E-06.
 Convergence information after    13 iterations: 
 Largest element of residual vector : -0.53742985E-06.
 Largest element of DIIS residual   : -0.34777142E-06.
 Convergence information after    14 iterations: 
 Largest element of residual vector : -0.24091436E-06.
 Largest element of DIIS residual   : -0.13280650E-06.
 Convergence information after    15 iterations: 
 Largest element of residual vector : -0.86489984E-07.
 Largest element of DIIS residual   : -0.55111401E-07.
 Perturbed amplitude equations converged in    15 iterations.
  Dominant contributions to perturbed wavefunction:
    9    9   52   22   0.1835674829 ABAB
    9    9   22   52   0.1835674829 ABAB
    9    9  102   22   0.1591539759 ABAB
    9    9   22  102   0.1591539759 ABAB
    9    9   22   22  -0.1477068849 ABAB
    9    9   70   22  -0.1381521499 ABAB
    9    9   22   70  -0.1381521499 ABAB
    9    9  120   22  -0.1330989949 ABAB
    9    9   22  120  -0.1330989949 ABAB
    9    9   52   48  -0.1241451932 ABAB
    9    9   48   52  -0.1241451932 ABAB
    9    9   52   52  -0.1223888749 ABAB
    9    9   40   22   0.1185102646 ABAB
    9    9   22   40   0.1185102646 ABAB
    9    9   48   22   0.1162580381 ABAB
    9    9   22   48   0.1162580381 ABAB
    9    9  118   22   0.1144696677 ABAB
    9    9   22  118   0.1144696677 ABAB
    9    9  149   22   0.1135998795 ABAB
    9    9   22  149   0.1135998795 ABAB
  Total CCSD gradient is    0.002546293386593.
  norm of converged amps    3.09241968947495     
 Starting iterative solution of the perturbed Lambda equations.
 The DIIS procedure is used to accelerate convergence.
 Convergence criterion is 10**(-7).
 Maximum number of iterations is 100.
 Convergence information after     1 iterations: 
 Largest element of residual vector :  0.90782408E-01.
 Largest element of DIIS residual   :  0.90782408E-01.
 Convergence information after     2 iterations: 
 Largest element of residual vector :  0.12497641E-01.
 Largest element of DIIS residual   : -0.11802905E-01.
 Convergence information after     3 iterations: 
 Largest element of residual vector :  0.52926672E-02.
 Largest element of DIIS residual   :  0.27834913E-02.
 Convergence information after     4 iterations: 
 Largest element of residual vector : -0.15320031E-02.
 Largest element of DIIS residual   : -0.10421018E-02.
 Convergence information after     5 iterations: 
 Largest element of residual vector : -0.54493068E-03.
 Largest element of DIIS residual   : -0.37088809E-03.
 Convergence information after     6 iterations: 
 Largest element of residual vector : -0.27466176E-03.
 Largest element of DIIS residual   : -0.19496915E-03.
 Convergence information after     7 iterations: 
 Largest element of residual vector : -0.14005494E-03.
 Largest element of DIIS residual   :  0.82084430E-04.
 Convergence information after     8 iterations: 
 Largest element of residual vector : -0.59395511E-04.
 Largest element of DIIS residual   :  0.24974250E-04.
 Convergence information after     9 iterations: 
 Largest element of residual vector :  0.19422183E-04.
 Largest element of DIIS residual   :  0.96152318E-05.
 Convergence information after    10 iterations: 
 Largest element of residual vector :  0.65602654E-05.
 Largest element of DIIS residual   :  0.28246914E-05.
 Convergence information after    11 iterations: 
 Largest element of residual vector :  0.18073074E-05.
 Largest element of DIIS residual   : -0.14693535E-05.
 Convergence information after    12 iterations: 
 Largest element of residual vector : -0.98511454E-06.
 Largest element of DIIS residual   : -0.75580486E-06.
 Convergence information after    13 iterations: 
 Largest element of residual vector : -0.49974654E-06.
 Largest element of DIIS residual   : -0.31563020E-06.
 Convergence information after    14 iterations: 
 Largest element of residual vector : -0.21868831E-06.
 Largest element of DIIS residual   : -0.12128587E-06.
 Convergence information after    15 iterations: 
 Largest element of residual vector : -0.79779538E-07.
 Largest element of DIIS residual   : -0.47147975E-07.
 Perturbed Lambda equations converged in    15 iterations.
  Dominant contributions to perturbed wavefunction:
    9    9   52   22   0.1769605651 ABAB
    9    9   22   52   0.1769605651 ABAB
    9    9  102   22   0.1529247624 ABAB
    9    9   22  102   0.1529247624 ABAB
    9    9   22   22  -0.1422997001 ABAB
    9    9   70   22  -0.1329552905 ABAB
    9    9   22   70  -0.1329552905 ABAB
    9    9  120   22  -0.1279429307 ABAB
    9    9   22  120  -0.1279429307 ABAB
    9    9   52   48  -0.1202094471 ABAB
    9    9   48   52  -0.1202094471 ABAB
    9    9   52   52  -0.1185159965 ABAB
    9    9   40   22   0.1139739194 ABAB
    9    9   22   40   0.1139739194 ABAB
    9    9   48   22   0.1122072865 ABAB
    9    9   22   48   0.1122072865 ABAB
    9    9  118   22   0.1099385040 ABAB
    9    9   22  118   0.1099385040 ABAB
    9    9  149   22   0.1091249523 ABAB
    9    9   22  149   0.1091249523 ABAB
  Total CCSD gradient is    0.001774239044925.
        The DBOC first-order density matrix is being calculated 
             (Symmetry block 1, perturbation  15)
 term   10.8555078108000     
 final tnorm1 -3.889810914690752E-003
  <0|L dT/dx|0> -3.889810914690752E-003
  norm contr. I: |<0|L dT/dx|0>|^2   1.513062895204730E-005
  norm contr. II: <0|[nabla(1+L)e-T][nabla e^T]|0>   10.8555078108000     
  total norm contribution   10.8555229414289     
 oo  1.567885563544752E-002
 vv  -1296.53484842881     
 vo -0.442866578482212     
  Correlated perturbed 1-el contribution to DBOC  -1296.96203615166       cm**-1
  SUM_I |dc_I/dx|^2 contribution to DBOC   648.778275409971       cm**-1
 
  current total DBOC   1794.72568448549       cm**-1
 First-order density matrix is being calculated  (Symmetry block 1, perturbation  15)
 Calculation of the contributions of <pq||rs> to dI(i,j)/dx required   5.5 seconds.
 Calculation of the contributions of <pq||rs> to dI(a,b)/dx required  54.7 seconds.
 Calculation of the contributions of <pq||rs> to dI(i,a)/dx required  16.2 seconds.
 First-order Z-vector equations are solved for 1 perturbation.
 Convergence reached after  26 iterations.
        U*G(pq,rs) contribution is being calculated
             (Symmetry block 1, perturbation  15)

 CCSD contribution to force constants 

        0.0000000000        0.0000000000        0.0000000000
        0.0000000000        0.0000000000        0.0000000000
        0.0000000000        0.0000000000        0.0000000000
        0.0000000000        0.0000000000        0.0000000000
        0.0000000000        0.0000000000        0.0000000000
        0.0000000000        0.0000000000        0.0000000000
        0.0000000000        0.0000000000        0.0000000000
        0.0000000000        0.0000000000        0.0000000000
        0.0000000000        0.0000000000        0.0000000000
        0.0000000000        0.0000000000        0.0000000000
        0.0000000000        0.0000000000        0.0000000000
        0.0000000000        0.0000000000        0.0000000000
        0.0000000000        0.0000000000        0.0000000000
        0.0000000000        0.0000000000        0.0000000000
        0.0000000000        0.0000000000        0.0000000000
        0.0000000000        0.0000000000        0.0000000000
        0.0000000000        0.0000000000        0.0000000000
        0.0000000000        0.0000000000        0.0000000000
        0.0000000000        0.0000000000        0.0000000000
        0.0000000000        0.0000000000        0.0000000000
        0.0000000000        0.0000000000        0.0000000000
        0.0000000000        0.0000000000        0.0000000000
        0.0000000000        0.0000000000        0.0000000000
        0.0000000000        0.0000000000        0.0000000000
        0.0000000000        0.0000000000        0.0000000000
        0.0000000000        0.0000000000        0.0000000000
        0.0000000000        0.0000000000        0.0000000000
        0.0000000000        0.0000000000        0.0000000000
        0.0000000000        0.0000000000        0.0000000000
        0.0000000000        0.0000000000        0.0000000000
        0.0000000000        0.0000000000        0.0000000000
        0.0000000000        0.0000000000        0.0000000000
        0.0000000000        0.0000000000        0.0000000000
        0.0000000000        0.0000000000        0.0000000000
        0.0000000000        0.0000000000        0.0000000000
        0.0000000000        0.0000000000        0.0000000000
        0.0000000000        0.0000000000        0.0000000000
        0.0000000000        0.0000000000        0.0000000000
        0.0000000000        0.0000000000        0.0000000000
        0.0000000000        0.0000000000        0.0000000000
        0.0000000000        0.0000000000        0.0000000000
        0.0000000000        0.0000000000        0.0000000000
        0.0000000000        0.0000000000        0.0000000000
        0.0000000000        0.0000000000        0.0000000000
        0.0000000000        0.0000000000        0.0000000000
        0.0000000000        0.0000000000        0.0000000000
        0.0000000000        0.0000000000        0.0000000000
        0.0000000000        0.0000000000        0.0000000000
        0.0000000000        0.0000000000        0.0000000000
        0.0000000000        0.0000000000        0.0000000000
        0.0000000000        0.0000000000        0.0000000000
        0.0000000000        0.0000000000        0.0000000000
        0.0000000000        0.0000000000        0.0000000000
        0.0000000000        0.0000000000        0.0000000000
        0.0000000000        0.0000000000        0.0000000000
        0.0000000000        0.0000000000        0.0000000000
        0.0000000000        0.0000000000        0.0000000000
        0.0000000000        0.0000000000        0.0000000000
        0.0000000000        0.0000000000        0.0000000000
        0.0000000000        0.0000000000        0.0000000000
        0.0000000000        0.0000000000        0.0000000000
        0.0000000000        0.0000000000        0.0000000000
        0.0000000000        0.0000000000        0.0000000000
        0.0000000000        0.0000000000        0.0000000000
        0.0000000000        0.0000000000        0.0000000000
        0.0000000000        0.0000000000        0.0000000000
        0.0000000000        0.0000000000        0.0000000000
        0.0000000000        0.0000000000        0.0000000000
        0.0000000000        0.0000000000        0.0000000000
        0.0000000000        0.0000000000        0.0000000000
        0.0000000000        0.0000000000        0.0000000000
        0.0000000000        0.0000000000        0.0000000000
        0.0000000000        0.0000000000        0.0000000000
        0.0000000000        0.0000000000        0.0000000000
        0.0000000000        0.0000000000        0.0000000000
        0.0000000000        0.0000000000        0.0000000000
        0.0000000000        0.0000000000        0.0000000000
        0.0000000000        0.0000000000        0.0000000000
        0.0000000000        0.0000000000        0.0000000000
        0.0000000000        0.0000000000        0.0000000000
        0.0000000000        0.0000000000        0.0000000000
        0.0000000000        0.0000000000        0.0000000000
        0.0000000000        0.0000000000        0.0000000000
        0.0000000000        0.0000000000        0.0000000000
       -8.3735978714       13.8207554851       -1.9552621333
       -1.1717424929        0.7195713391       -0.6552864050
        2.1140624674       -0.6419467215       -1.4928685224
        2.2141840234      -12.4350419546       16.4129934008
        4.8397370936       -0.1906741380      -13.0639514608
        0.3773567800       -1.2726640101        0.7543751206
        0.0000000000        0.0000000000        0.0000000000
        0.0000000000        0.0000000000        0.0000000000
        0.0000000000        0.0000000000        0.0000000000
        0.0000000000        0.0000000000        0.0000000000
        0.0000000000        0.0000000000        0.0000000000
        0.0000000000        0.0000000000        0.0000000000
        0.0000000000        0.0000000000        0.0000000000
        0.0000000000        0.0000000000        0.0000000000
        0.0000000000        0.0000000000        0.0000000000
        0.0000000000        0.0000000000        0.0000000000
        0.0000000000        0.0000000000        0.0000000000
        0.0000000000        0.0000000000        0.0000000000
        0.0000000000        0.0000000000        0.0000000000
        0.0000000000        0.0000000000        0.0000000000
        0.0000000000        0.0000000000        0.0000000000
        0.0000000000        0.0000000000        0.0000000000
        0.0000000000        0.0000000000        0.0000000000
        0.0000000000        0.0000000000        0.0000000000

 CCSD contribution to dipole derivatives 

        0.0000000000        0.0000000000        0.0000000000
        0.0000000000        0.0000000000        0.0000000000
        0.0000000000        0.0000000000        0.0000000000
        0.0000000000        0.0000000000        0.0000000000
        0.0000000000        0.0000000000        0.1042154807
        0.0000000000        0.0000000000        0.0000000000
        0.0000000000        0.0000000000        0.0000000000
        0.0000000000        0.0000000000        0.0000000000
        0.0000000000        0.0000000000        0.0000000000
        0.0000000000        0.0000000000        0.0000000000
        0.0000000000        0.0000000000       -0.0758166518
        0.0000000000        0.0000000000        0.0000000000
        0.0000000000        0.0000000000        0.0000000000
        0.0000000000        0.0000000000        0.0000000000
        0.0000000000        0.0000000000        0.0000000000
        0.0000000000        0.0000000000        0.0000000000
        0.0000000000        0.0000000000       -0.0017805126
        0.0000000000        0.0000000000        0.0000000000
 @CHECKOUT-I, Total execution time (CPU/WALL):     4347.16/    1464.58 seconds.
--executable xsdcc finished with status     0 in     1464.68 seconds (walltime).
 --invoking executable--
/home/asmola/.local/bin/xanti
 @GETMEM-I,  Allocated   38146 MB of main memory.
 CCSD MO derivative gammas will be sorted to Mulliken order.
 @CHECKOUT-I, Total execution time (CPU/WALL):       39.97/      93.51 seconds.
--executable xanti finished with status     0 in       93.57 seconds (walltime).
 --invoking executable--
/home/asmola/.local/bin/xbcktrn
 @GETMEM-I,  Allocated   38146 MB of main memory.
 CCSD MO derivative gammas will be transformed to the AO basis.
 @CHECKOUT-I, Total execution time (CPU/WALL):      125.26/      36.38 seconds.
--executable xbcktrn finished with status     0 in       36.43 seconds (walltime).
 --invoking executable--
/home/asmola/.local/bin/xvdint
 @GETMEM-I,  Allocated   38146 MB of main memory.
 One- and two-electron integral derivatives are calculated
 for RHF-CC/MBPT hessians and dipole derivatives.
 Spherical gaussians are used.
  magnet F F
 Evaluation of 2el integral derivatives

                      Two-electron integral gradient
                      ------------------------------

 C #1      -0.0427190634           -0.0534886591           -0.3489734953
 O #2       0.0131766176           -0.0132369548            0.0270450896
 H #3      -0.0226519917            0.0110063829           -0.0026784888
 H #4      -0.0103650772            0.1182555116           -0.7723702305
 H #5       0.0457472283           -0.1330973903            1.1674546340
 H #6       0.0168122864            0.0705611097           -0.0704775091


 Evaluation of 2e integral derivatives required  868.82 seconds.
  contribution to Hessian
       -0.0427190634       -0.0534886591       -0.3489734953
        0.0131766176       -0.0132369548        0.0270450896
       -0.0226519917        0.0110063829       -0.0026784888
       -0.0103650772        0.1182555116       -0.7723702305
        0.0457472283       -0.1330973903        1.1674546340
        0.0168122864        0.0705611097       -0.0704775091
 @CHECKOUT-I, Total execution time (CPU/WALL):      868.81/     134.48 seconds.
--executable xvdint finished with status     0 in      134.51 seconds (walltime).
 --invoking executable--
/home/asmola/.local/bin/xsdcc
 @GETMEM-I,  Allocated   38146 MB of main memory.
 Vibrational frequencies and infrared intensities are calculated
 at the CCSD level within the harmonic approximation.
 CPHF coefficients for occ-occ block: U^x(i,j) = -1/2 S^x(i,j)
 CPHF coefficients for vrt-vrt block: U^x(a,b) = -1/2 S^x(a,b)
 Transformation of derivative integrals from AO to MO basis:
 RHF transformation
 Transformation of DIIII integral derivatives.
 1 pass through the AO integral derivative file was needed.
  89937837 AO integral derivatives were read from file DIIII.
 Transformation of first index required  348.5 seconds.
 Transformation of remaining indices required  365.8 seconds.
1715296743 MO integral derivatives were written to file DERINT.
        MO basis integral derivatives are being calculated
             (Symmetry block 1, perturbation  16)
 First derivative of the wavefunction is calculated (Symmetry block 1, perturbation  16)
 Resorts of perturbed amplitudes and integrals required   0.1 seconds.
 Construction of <Phi|(dH_N/dx exp(T))c|0> required  35.3 seconds.
 Starting iterative solution of the perturbed CC equations.
 The DIIS procedure is used to accelerate convergence.
 Convergence criterion is 10**(-7).
 Maximum number of iterations is 100.
 Convergence information after     1 iterations: 
 Largest element of residual vector :  0.56146803E-01.
 Largest element of DIIS residual   :  0.56146803E-01.
 Convergence information after     2 iterations: 
 Largest element of residual vector : -0.62306398E-02.
 Largest element of DIIS residual   : -0.59742055E-02.
 Convergence information after     3 iterations: 
 Largest element of residual vector :  0.48929242E-02.
 Largest element of DIIS residual   :  0.27901637E-02.
 Convergence information after     4 iterations: 
 Largest element of residual vector :  0.11870491E-02.
 Largest element of DIIS residual   :  0.70510473E-03.
 Convergence information after     5 iterations: 
 Largest element of residual vector :  0.44248336E-03.
 Largest element of DIIS residual   :  0.27528139E-03.
 Convergence information after     6 iterations: 
 Largest element of residual vector : -0.12385548E-03.
 Largest element of DIIS residual   : -0.88919985E-04.
 Convergence information after     7 iterations: 
 Largest element of residual vector :  0.68932204E-04.
 Largest element of DIIS residual   :  0.40215605E-04.
 Convergence information after     8 iterations: 
 Largest element of residual vector : -0.24767154E-04.
 Largest element of DIIS residual   : -0.15459553E-04.
 Convergence information after     9 iterations: 
 Largest element of residual vector : -0.10556238E-04.
 Largest element of DIIS residual   : -0.47724545E-05.
 Convergence information after    10 iterations: 
 Largest element of residual vector : -0.34301691E-05.
 Largest element of DIIS residual   :  0.25186595E-05.
 Convergence information after    11 iterations: 
 Largest element of residual vector :  0.14754347E-05.
 Largest element of DIIS residual   : -0.10749948E-05.
 Convergence information after    12 iterations: 
 Largest element of residual vector :  0.72264715E-06.
 Largest element of DIIS residual   :  0.49945460E-06.
 Convergence information after    13 iterations: 
 Largest element of residual vector :  0.31045315E-06.
 Largest element of DIIS residual   : -0.19135133E-06.
 Convergence information after    14 iterations: 
 Largest element of residual vector :  0.10698394E-06.
 Largest element of DIIS residual   : -0.59490968E-07.
 Perturbed amplitude equations converged in    14 iterations.
  Dominant contributions to perturbed wavefunction:
    5    5  167   43   0.0527054384 ABAB
    5    5   43  167   0.0527054384 ABAB
    8    8   90   43   0.0479249176 ABAB
    8    8   43   90   0.0479249176 ABAB
    8    8  167   43   0.0457104800 ABAB
    8    8   43  167   0.0457104800 ABAB
    5    5   90   43   0.0452311106 ABAB
    5    5   43   90   0.0452311106 ABAB
    8    0   90    0  -0.0447379728 AA  
    8    5   90   90  -0.0398038788 ABAB
    5    8   90   90  -0.0398038788 ABAB
    5    5   56   43  -0.0369336659 ABAB
    5    5   43   56  -0.0369336659 ABAB
    8    8   56   43  -0.0353837970 ABAB
    8    8   43   56  -0.0353837970 ABAB
    8    0  167    0  -0.0348472223 AA  
    6    6  167   43   0.0343604218 ABAB
    6    6   43  167   0.0343604218 ABAB
    8    0   56    0   0.0340455040 AA  
    8    6  167   43   0.0329374560 ABAB
  Total CCSD gradient is    0.000311856922684.
  norm of converged amps    1.80972262240205     
 Starting iterative solution of the perturbed Lambda equations.
 The DIIS procedure is used to accelerate convergence.
 Convergence criterion is 10**(-7).
 Maximum number of iterations is 100.
 Convergence information after     1 iterations: 
 Largest element of residual vector :  0.46582746E-01.
 Largest element of DIIS residual   :  0.46582746E-01.
 Convergence information after     2 iterations: 
 Largest element of residual vector : -0.54066803E-02.
 Largest element of DIIS residual   : -0.48517394E-02.
 Convergence information after     3 iterations: 
 Largest element of residual vector :  0.40021041E-02.
 Largest element of DIIS residual   :  0.25099625E-02.
 Convergence information after     4 iterations: 
 Largest element of residual vector :  0.93744384E-03.
 Largest element of DIIS residual   :  0.62180796E-03.
 Convergence information after     5 iterations: 
 Largest element of residual vector :  0.37477002E-03.
 Largest element of DIIS residual   :  0.24111562E-03.
 Convergence information after     6 iterations: 
 Largest element of residual vector : -0.99502773E-04.
 Largest element of DIIS residual   : -0.76358232E-04.
 Convergence information after     7 iterations: 
 Largest element of residual vector :  0.58533309E-04.
 Largest element of DIIS residual   :  0.34425567E-04.
 Convergence information after     8 iterations: 
 Largest element of residual vector : -0.21380291E-04.
 Largest element of DIIS residual   : -0.13411925E-04.
 Convergence information after     9 iterations: 
 Largest element of residual vector : -0.91769712E-05.
 Largest element of DIIS residual   : -0.40943004E-05.
 Convergence information after    10 iterations: 
 Largest element of residual vector : -0.29544547E-05.
 Largest element of DIIS residual   :  0.20862253E-05.
 Convergence information after    11 iterations: 
 Largest element of residual vector :  0.12839286E-05.
 Largest element of DIIS residual   : -0.91995520E-06.
 Convergence information after    12 iterations: 
 Largest element of residual vector :  0.60967587E-06.
 Largest element of DIIS residual   :  0.42056382E-06.
 Convergence information after    13 iterations: 
 Largest element of residual vector :  0.25810281E-06.
 Largest element of DIIS residual   : -0.16582112E-06.
 Convergence information after    14 iterations: 
 Largest element of residual vector :  0.91204530E-07.
 Largest element of DIIS residual   : -0.48384371E-07.
 Perturbed Lambda equations converged in    14 iterations.
  Dominant contributions to perturbed wavefunction:
    5    5  167   43   0.0508665058 ABAB
    5    5   43  167   0.0508665058 ABAB
    8    8   90   43   0.0460178666 ABAB
    8    8   43   90   0.0460178666 ABAB
    8    8  167   43   0.0438808446 ABAB
    8    8   43  167   0.0438808446 ABAB
    5    5   90   43   0.0436244200 ABAB
    5    5   43   90   0.0436244200 ABAB
    8    5   90   90  -0.0387395669 ABAB
    5    8   90   90  -0.0387395669 ABAB
    5    5   56   43  -0.0356787003 ABAB
    5    5   43   56  -0.0356787003 ABAB
    8    8   56   43  -0.0338900180 ABAB
    8    8   43   56  -0.0338900180 ABAB
    6    6  167   43   0.0331412865 ABAB
    6    6   43  167   0.0331412865 ABAB
    8    6  167   43   0.0317235485 ABAB
    6    8   43  167   0.0317235485 ABAB
    5    5  171   43  -0.0315746230 ABAB
    5    5   43  171  -0.0315746230 ABAB
  Total CCSD gradient is    0.000089674079290.
        The DBOC first-order density matrix is being calculated 
             (Symmetry block 1, perturbation  16)
 term   3.91515431377581     
 final tnorm1 -1.355368875316207E-003
  <0|L dT/dx|0> -1.355368875316207E-003
  norm contr. I: |<0|L dT/dx|0>|^2   1.837024788175920E-006
  norm contr. II: <0|[nabla(1+L)e-T][nabla e^T]|0>   3.91515431377581     
  total norm contribution   3.91515615080059     
 oo  4.944079732192654E-003
 vv  -467.616712269624     
 vo -7.304292455926269E-002
  Correlated perturbed 1-el contribution to DBOC  -467.684811114451       cm**-1
  SUM_I |dc_I/dx|^2 contribution to DBOC   233.988566850451       cm**-1
 
  current total DBOC   1561.02944022149       cm**-1
 First-order density matrix is being calculated  (Symmetry block 1, perturbation  16)
 Calculation of the contributions of <pq||rs> to dI(i,j)/dx required   8.1 seconds.
 Calculation of the contributions of <pq||rs> to dI(a,b)/dx required  55.6 seconds.
 Calculation of the contributions of <pq||rs> to dI(i,a)/dx required  19.5 seconds.
 First-order Z-vector equations are solved for 1 perturbation.
 Convergence reached after  26 iterations.
        U*G(pq,rs) contribution is being calculated
             (Symmetry block 1, perturbation  16)

 CCSD contribution to force constants 

        0.0000000000        0.0000000000        0.0000000000
        0.0000000000        0.0000000000        0.0000000000
        0.0000000000        0.0000000000        0.0000000000
        0.0000000000        0.0000000000        0.0000000000
        0.0000000000        0.0000000000        0.0000000000
        0.0000000000        0.0000000000        0.0000000000
        0.0000000000        0.0000000000        0.0000000000
        0.0000000000        0.0000000000        0.0000000000
        0.0000000000        0.0000000000        0.0000000000
        0.0000000000        0.0000000000        0.0000000000
        0.0000000000        0.0000000000        0.0000000000
        0.0000000000        0.0000000000        0.0000000000
        0.0000000000        0.0000000000        0.0000000000
        0.0000000000        0.0000000000        0.0000000000
        0.0000000000        0.0000000000        0.0000000000
        0.0000000000        0.0000000000        0.0000000000
        0.0000000000        0.0000000000        0.0000000000
        0.0000000000        0.0000000000        0.0000000000
        0.0000000000        0.0000000000        0.0000000000
        0.0000000000        0.0000000000        0.0000000000
        0.0000000000        0.0000000000        0.0000000000
        0.0000000000        0.0000000000        0.0000000000
        0.0000000000        0.0000000000        0.0000000000
        0.0000000000        0.0000000000        0.0000000000
        0.0000000000        0.0000000000        0.0000000000
        0.0000000000        0.0000000000        0.0000000000
        0.0000000000        0.0000000000        0.0000000000
        0.0000000000        0.0000000000        0.0000000000
        0.0000000000        0.0000000000        0.0000000000
        0.0000000000        0.0000000000        0.0000000000
        0.0000000000        0.0000000000        0.0000000000
        0.0000000000        0.0000000000        0.0000000000
        0.0000000000        0.0000000000        0.0000000000
        0.0000000000        0.0000000000        0.0000000000
        0.0000000000        0.0000000000        0.0000000000
        0.0000000000        0.0000000000        0.0000000000
        0.0000000000        0.0000000000        0.0000000000
        0.0000000000        0.0000000000        0.0000000000
        0.0000000000        0.0000000000        0.0000000000
        0.0000000000        0.0000000000        0.0000000000
        0.0000000000        0.0000000000        0.0000000000
        0.0000000000        0.0000000000        0.0000000000
        0.0000000000        0.0000000000        0.0000000000
        0.0000000000        0.0000000000        0.0000000000
        0.0000000000        0.0000000000        0.0000000000
        0.0000000000        0.0000000000        0.0000000000
        0.0000000000        0.0000000000        0.0000000000
        0.0000000000        0.0000000000        0.0000000000
        0.0000000000        0.0000000000        0.0000000000
        0.0000000000        0.0000000000        0.0000000000
        0.0000000000        0.0000000000        0.0000000000
        0.0000000000        0.0000000000        0.0000000000
        0.0000000000        0.0000000000        0.0000000000
        0.0000000000        0.0000000000        0.0000000000
        0.0000000000        0.0000000000        0.0000000000
        0.0000000000        0.0000000000        0.0000000000
        0.0000000000        0.0000000000        0.0000000000
        0.0000000000        0.0000000000        0.0000000000
        0.0000000000        0.0000000000        0.0000000000
        0.0000000000        0.0000000000        0.0000000000
        0.0000000000        0.0000000000        0.0000000000
        0.0000000000        0.0000000000        0.0000000000
        0.0000000000        0.0000000000        0.0000000000
        0.0000000000        0.0000000000        0.0000000000
        0.0000000000        0.0000000000        0.0000000000
        0.0000000000        0.0000000000        0.0000000000
        0.0000000000        0.0000000000        0.0000000000
        0.0000000000        0.0000000000        0.0000000000
        0.0000000000        0.0000000000        0.0000000000
        0.0000000000        0.0000000000        0.0000000000
        0.0000000000        0.0000000000        0.0000000000
        0.0000000000        0.0000000000        0.0000000000
        0.0000000000        0.0000000000        0.0000000000
        0.0000000000        0.0000000000        0.0000000000
        0.0000000000        0.0000000000        0.0000000000
        0.0000000000        0.0000000000        0.0000000000
        0.0000000000        0.0000000000        0.0000000000
        0.0000000000        0.0000000000        0.0000000000
        0.0000000000        0.0000000000        0.0000000000
        0.0000000000        0.0000000000        0.0000000000
        0.0000000000        0.0000000000        0.0000000000
        0.0000000000        0.0000000000        0.0000000000
        0.0000000000        0.0000000000        0.0000000000
        0.0000000000        0.0000000000        0.0000000000
        0.0000000000        0.0000000000        0.0000000000
        0.0000000000        0.0000000000        0.0000000000
        0.0000000000        0.0000000000        0.0000000000
        0.0000000000        0.0000000000        0.0000000000
        0.0000000000        0.0000000000        0.0000000000
        0.0000000000        0.0000000000        0.0000000000
      -10.5995611035       -0.6596209406       -1.9696372455
        1.0661340209       -0.3014576414        1.0455260155
       -0.4811716575        0.4187914774       -1.2414410466
       -1.0720926330        0.3330586644       -0.4043896027
       -0.2968469951        0.9217314159       -0.2067469197
       11.3835383683       -0.7125029757        2.7766887990
        0.0000000000        0.0000000000        0.0000000000
        0.0000000000        0.0000000000        0.0000000000
        0.0000000000        0.0000000000        0.0000000000
        0.0000000000        0.0000000000        0.0000000000
        0.0000000000        0.0000000000        0.0000000000
        0.0000000000        0.0000000000        0.0000000000
        0.0000000000        0.0000000000        0.0000000000
        0.0000000000        0.0000000000        0.0000000000
        0.0000000000        0.0000000000        0.0000000000
        0.0000000000        0.0000000000        0.0000000000
        0.0000000000        0.0000000000        0.0000000000
        0.0000000000        0.0000000000        0.0000000000

 CCSD contribution to dipole derivatives 

        0.0000000000        0.0000000000        0.0000000000
        0.0000000000        0.0000000000        0.0000000000
        0.0000000000        0.0000000000        0.0000000000
        0.0000000000        0.0000000000        0.0000000000
        0.0000000000        0.0000000000        0.0000000000
        0.0229363801        0.0000000000        0.0000000000
        0.0000000000        0.0000000000        0.0000000000
        0.0000000000        0.0000000000        0.0000000000
        0.0000000000        0.0000000000        0.0000000000
        0.0000000000        0.0000000000        0.0000000000
        0.0000000000        0.0000000000        0.0000000000
        0.0101106972        0.0000000000        0.0000000000
        0.0000000000        0.0000000000        0.0000000000
        0.0000000000        0.0000000000        0.0000000000
        0.0000000000        0.0000000000        0.0000000000
        0.0000000000        0.0000000000        0.0000000000
        0.0000000000        0.0000000000        0.0000000000
       -0.0013300313        0.0000000000        0.0000000000
 @CHECKOUT-I, Total execution time (CPU/WALL):     4192.58/    1411.68 seconds.
--executable xsdcc finished with status     0 in     1411.77 seconds (walltime).
 --invoking executable--
/home/asmola/.local/bin/xanti
 @GETMEM-I,  Allocated   38146 MB of main memory.
 CCSD MO derivative gammas will be sorted to Mulliken order.
 @CHECKOUT-I, Total execution time (CPU/WALL):       41.38/      96.59 seconds.
--executable xanti finished with status     0 in       96.66 seconds (walltime).
 --invoking executable--
/home/asmola/.local/bin/xbcktrn
 @GETMEM-I,  Allocated   38146 MB of main memory.
 CCSD MO derivative gammas will be transformed to the AO basis.
 @CHECKOUT-I, Total execution time (CPU/WALL):      134.63/      37.75 seconds.
--executable xbcktrn finished with status     0 in       37.81 seconds (walltime).
 --invoking executable--
/home/asmola/.local/bin/xvdint
 @GETMEM-I,  Allocated   38146 MB of main memory.
 One- and two-electron integral derivatives are calculated
 for RHF-CC/MBPT hessians and dipole derivatives.
 Spherical gaussians are used.
  magnet F F
 Evaluation of 2el integral derivatives

                      Two-electron integral gradient
                      ------------------------------

 C #1      -0.2389447761           -0.0624443412           -0.0122597274
 O #2      -0.0239837142           -0.0141371139           -0.0183766594
 H #3      -0.0014898567           -0.0008839294            0.0123061730
 H #4      -0.0163720358            0.0406915904           -0.0052412163
 H #5      -0.0036525112            0.0019832772            0.0146526081
 H #6       0.2844428940            0.0347905169            0.0089188219


 Evaluation of 2e integral derivatives required  901.38 seconds.
  contribution to Hessian
       -0.2389447761       -0.0624443412       -0.0122597274
       -0.0239837142       -0.0141371139       -0.0183766594
       -0.0014898567       -0.0008839294        0.0123061730
       -0.0163720358        0.0406915904       -0.0052412163
       -0.0036525112        0.0019832772        0.0146526081
        0.2844428940        0.0347905169        0.0089188219
 @CHECKOUT-I, Total execution time (CPU/WALL):      901.37/     142.61 seconds.
--executable xvdint finished with status     0 in      142.63 seconds (walltime).
 --invoking executable--
/home/asmola/.local/bin/xsdcc
 @GETMEM-I,  Allocated   38146 MB of main memory.
 Vibrational frequencies and infrared intensities are calculated
 at the CCSD level within the harmonic approximation.
 CPHF coefficients for occ-occ block: U^x(i,j) = -1/2 S^x(i,j)
 CPHF coefficients for vrt-vrt block: U^x(a,b) = -1/2 S^x(a,b)
 Transformation of derivative integrals from AO to MO basis:
 RHF transformation
 Transformation of DIIII integral derivatives.
 1 pass through the AO integral derivative file was needed.
  89925871 AO integral derivatives were read from file DIIII.
 Transformation of first index required  350.6 seconds.
 Transformation of remaining indices required  376.5 seconds.
1715296743 MO integral derivatives were written to file DERINT.
        MO basis integral derivatives are being calculated
             (Symmetry block 1, perturbation  17)
 First derivative of the wavefunction is calculated (Symmetry block 1, perturbation  17)
 Resorts of perturbed amplitudes and integrals required   0.1 seconds.
 Construction of <Phi|(dH_N/dx exp(T))c|0> required  36.9 seconds.
 Starting iterative solution of the perturbed CC equations.
 The DIIS procedure is used to accelerate convergence.
 Convergence criterion is 10**(-7).
 Maximum number of iterations is 100.
 Convergence information after     1 iterations: 
 Largest element of residual vector :  0.29151761E-01.
 Largest element of DIIS residual   :  0.29151761E-01.
 Convergence information after     2 iterations: 
 Largest element of residual vector : -0.31295775E-02.
 Largest element of DIIS residual   : -0.36981325E-02.
 Convergence information after     3 iterations: 
 Largest element of residual vector : -0.17501602E-02.
 Largest element of DIIS residual   : -0.20290538E-02.
 Convergence information after     4 iterations: 
 Largest element of residual vector :  0.46434211E-03.
 Largest element of DIIS residual   :  0.37945823E-03.
 Convergence information after     5 iterations: 
 Largest element of residual vector : -0.37744418E-03.
 Largest element of DIIS residual   : -0.27422982E-03.
 Convergence information after     6 iterations: 
 Largest element of residual vector : -0.14484805E-03.
 Largest element of DIIS residual   :  0.60466857E-04.
 Convergence information after     7 iterations: 
 Largest element of residual vector : -0.60644040E-04.
 Largest element of DIIS residual   : -0.25397308E-04.
 Convergence information after     8 iterations: 
 Largest element of residual vector : -0.17101135E-04.
 Largest element of DIIS residual   : -0.90341467E-05.
 Convergence information after     9 iterations: 
 Largest element of residual vector : -0.57188325E-05.
 Largest element of DIIS residual   :  0.31404740E-05.
 Convergence information after    10 iterations: 
 Largest element of residual vector : -0.22752432E-05.
 Largest element of DIIS residual   : -0.15126611E-05.
 Convergence information after    11 iterations: 
 Largest element of residual vector :  0.88066255E-06.
 Largest element of DIIS residual   :  0.52933508E-06.
 Convergence information after    12 iterations: 
 Largest element of residual vector : -0.40182884E-06.
 Largest element of DIIS residual   : -0.32688682E-06.
 Convergence information after    13 iterations: 
 Largest element of residual vector : -0.14997482E-06.
 Largest element of DIIS residual   :  0.71266628E-07.
 Perturbed amplitude equations converged in    13 iterations.
  Dominant contributions to perturbed wavefunction:
    9    9  167   21   0.0412963108 ABAB
    9    9   21  167   0.0412963108 ABAB
    9    9   90   21   0.0409900373 ABAB
    9    9   21   90   0.0409900373 ABAB
    5    5  167   47   0.0409219589 ABAB
    5    5   47  167   0.0409219589 ABAB
    5    5  167   33  -0.0405066209 ABAB
    5    5   33  167  -0.0405066209 ABAB
    5    5   33   33   0.0394167954 ABAB
    6    6   33   33   0.0380854218 ABAB
    6    6  167   33  -0.0374523474 ABAB
    6    6   33  167  -0.0374523474 ABAB
    5    5   90   33  -0.0368793740 ABAB
    5    5   33   90  -0.0368793740 ABAB
    6    6   90   33  -0.0355748134 ABAB
    6    6   33   90  -0.0355748134 ABAB
    6    5   33   90   0.0347333092 ABAB
    5    6   90   33   0.0347333092 ABAB
    9    9   90   35  -0.0344343349 ABAB
    9    9   35   90  -0.0344343349 ABAB
  Total CCSD gradient is    0.005079678230545.
  norm of converged amps    1.97454907242221     
 Starting iterative solution of the perturbed Lambda equations.
 The DIIS procedure is used to accelerate convergence.
 Convergence criterion is 10**(-7).
 Maximum number of iterations is 100.
 Convergence information after     1 iterations: 
 Largest element of residual vector :  0.24986369E-01.
 Largest element of DIIS residual   :  0.24986369E-01.
 Convergence information after     2 iterations: 
 Largest element of residual vector : -0.28157278E-02.
 Largest element of DIIS residual   : -0.32284426E-02.
 Convergence information after     3 iterations: 
 Largest element of residual vector : -0.14764215E-02.
 Largest element of DIIS residual   : -0.17760199E-02.
 Convergence information after     4 iterations: 
 Largest element of residual vector :  0.39844288E-03.
 Largest element of DIIS residual   :  0.34417896E-03.
 Convergence information after     5 iterations: 
 Largest element of residual vector : -0.31906350E-03.
 Largest element of DIIS residual   : -0.24833287E-03.
 Convergence information after     6 iterations: 
 Largest element of residual vector : -0.12189828E-03.
 Largest element of DIIS residual   : -0.54683339E-04.
 Convergence information after     7 iterations: 
 Largest element of residual vector : -0.51926086E-04.
 Largest element of DIIS residual   : -0.21317938E-04.
 Convergence information after     8 iterations: 
 Largest element of residual vector : -0.14285600E-04.
 Largest element of DIIS residual   : -0.79506338E-05.
 Convergence information after     9 iterations: 
 Largest element of residual vector : -0.49059637E-05.
 Largest element of DIIS residual   :  0.26436840E-05.
 Convergence information after    10 iterations: 
 Largest element of residual vector : -0.18549422E-05.
 Largest element of DIIS residual   : -0.12962883E-05.
 Convergence information after    11 iterations: 
 Largest element of residual vector :  0.75230297E-06.
 Largest element of DIIS residual   :  0.48439097E-06.
 Convergence information after    12 iterations: 
 Largest element of residual vector : -0.34155667E-06.
 Largest element of DIIS residual   : -0.28021239E-06.
 Convergence information after    13 iterations: 
 Largest element of residual vector : -0.11969968E-06.
 Largest element of DIIS residual   :  0.62112062E-07.
 Perturbed Lambda equations converged in    13 iterations.
  Dominant contributions to perturbed wavefunction:
    5    5  167   47   0.0399871166 ABAB
    5    5   47  167   0.0399871166 ABAB
    9    9  167   21   0.0396445480 ABAB
    9    9   21  167   0.0396445480 ABAB
    5    5  167   33  -0.0395324957 ABAB
    5    5   33  167  -0.0395324957 ABAB
    9    9   90   21   0.0393890777 ABAB
    9    9   21   90   0.0393890777 ABAB
    5    5   33   33   0.0385022912 ABAB
    6    6   33   33   0.0371304169 ABAB
    6    6  167   33  -0.0365072171 ABAB
    6    6   33  167  -0.0365072171 ABAB
    5    5   90   33  -0.0360951354 ABAB
    5    5   33   90  -0.0360951354 ABAB
    6    6   90   33  -0.0347491395 ABAB
    6    6   33   90  -0.0347491395 ABAB
    6    5   33   90   0.0339874572 ABAB
    5    6   90   33   0.0339874572 ABAB
    9    9   90   35  -0.0330289090 ABAB
    9    9   35   90  -0.0330289090 ABAB
  Total CCSD gradient is    0.003863007758883.
        The DBOC first-order density matrix is being calculated 
             (Symmetry block 1, perturbation  17)
 term   4.38004552629588     
 final tnorm1 -6.259137337480278E-003
  <0|L dT/dx|0> -6.259137337480278E-003
  norm contr. I: |<0|L dT/dx|0>|^2   3.917680020943970E-005
  norm contr. II: <0|[nabla(1+L)e-T][nabla e^T]|0>   4.38004552629588     
  total norm contribution   4.38008470309609     
 oo -8.754277469790686E-004
 vv  -523.067059334620     
 vo -0.272280091440355     
  Correlated perturbed 1-el contribution to DBOC  -523.340214853807       cm**-1
  SUM_I |dc_I/dx|^2 contribution to DBOC   261.774933843051       cm**-1
 
  current total DBOC   1299.46415921073       cm**-1
 First-order density matrix is being calculated  (Symmetry block 1, perturbation  17)
 Calculation of the contributions of <pq||rs> to dI(i,j)/dx required   6.2 seconds.
 Calculation of the contributions of <pq||rs> to dI(a,b)/dx required  43.6 seconds.
 Calculation of the contributions of <pq||rs> to dI(i,a)/dx required  18.6 seconds.
 First-order Z-vector equations are solved for 1 perturbation.
 Convergence reached after  27 iterations.
        U*G(pq,rs) contribution is being calculated
             (Symmetry block 1, perturbation  17)

 CCSD contribution to force constants 

        0.0000000000        0.0000000000        0.0000000000
        0.0000000000        0.0000000000        0.0000000000
        0.0000000000        0.0000000000        0.0000000000
        0.0000000000        0.0000000000        0.0000000000
        0.0000000000        0.0000000000        0.0000000000
        0.0000000000        0.0000000000        0.0000000000
        0.0000000000        0.0000000000        0.0000000000
        0.0000000000        0.0000000000        0.0000000000
        0.0000000000        0.0000000000        0.0000000000
        0.0000000000        0.0000000000        0.0000000000
        0.0000000000        0.0000000000        0.0000000000
        0.0000000000        0.0000000000        0.0000000000
        0.0000000000        0.0000000000        0.0000000000
        0.0000000000        0.0000000000        0.0000000000
        0.0000000000        0.0000000000        0.0000000000
        0.0000000000        0.0000000000        0.0000000000
        0.0000000000        0.0000000000        0.0000000000
        0.0000000000        0.0000000000        0.0000000000
        0.0000000000        0.0000000000        0.0000000000
        0.0000000000        0.0000000000        0.0000000000
        0.0000000000        0.0000000000        0.0000000000
        0.0000000000        0.0000000000        0.0000000000
        0.0000000000        0.0000000000        0.0000000000
        0.0000000000        0.0000000000        0.0000000000
        0.0000000000        0.0000000000        0.0000000000
        0.0000000000        0.0000000000        0.0000000000
        0.0000000000        0.0000000000        0.0000000000
        0.0000000000        0.0000000000        0.0000000000
        0.0000000000        0.0000000000        0.0000000000
        0.0000000000        0.0000000000        0.0000000000
        0.0000000000        0.0000000000        0.0000000000
        0.0000000000        0.0000000000        0.0000000000
        0.0000000000        0.0000000000        0.0000000000
        0.0000000000        0.0000000000        0.0000000000
        0.0000000000        0.0000000000        0.0000000000
        0.0000000000        0.0000000000        0.0000000000
        0.0000000000        0.0000000000        0.0000000000
        0.0000000000        0.0000000000        0.0000000000
        0.0000000000        0.0000000000        0.0000000000
        0.0000000000        0.0000000000        0.0000000000
        0.0000000000        0.0000000000        0.0000000000
        0.0000000000        0.0000000000        0.0000000000
        0.0000000000        0.0000000000        0.0000000000
        0.0000000000        0.0000000000        0.0000000000
        0.0000000000        0.0000000000        0.0000000000
        0.0000000000        0.0000000000        0.0000000000
        0.0000000000        0.0000000000        0.0000000000
        0.0000000000        0.0000000000        0.0000000000
        0.0000000000        0.0000000000        0.0000000000
        0.0000000000        0.0000000000        0.0000000000
        0.0000000000        0.0000000000        0.0000000000
        0.0000000000        0.0000000000        0.0000000000
        0.0000000000        0.0000000000        0.0000000000
        0.0000000000        0.0000000000        0.0000000000
        0.0000000000        0.0000000000        0.0000000000
        0.0000000000        0.0000000000        0.0000000000
        0.0000000000        0.0000000000        0.0000000000
        0.0000000000        0.0000000000        0.0000000000
        0.0000000000        0.0000000000        0.0000000000
        0.0000000000        0.0000000000        0.0000000000
        0.0000000000        0.0000000000        0.0000000000
        0.0000000000        0.0000000000        0.0000000000
        0.0000000000        0.0000000000        0.0000000000
        0.0000000000        0.0000000000        0.0000000000
        0.0000000000        0.0000000000        0.0000000000
        0.0000000000        0.0000000000        0.0000000000
        0.0000000000        0.0000000000        0.0000000000
        0.0000000000        0.0000000000        0.0000000000
        0.0000000000        0.0000000000        0.0000000000
        0.0000000000        0.0000000000        0.0000000000
        0.0000000000        0.0000000000        0.0000000000
        0.0000000000        0.0000000000        0.0000000000
        0.0000000000        0.0000000000        0.0000000000
        0.0000000000        0.0000000000        0.0000000000
        0.0000000000        0.0000000000        0.0000000000
        0.0000000000        0.0000000000        0.0000000000
        0.0000000000        0.0000000000        0.0000000000
        0.0000000000        0.0000000000        0.0000000000
        0.0000000000        0.0000000000        0.0000000000
        0.0000000000        0.0000000000        0.0000000000
        0.0000000000        0.0000000000        0.0000000000
        0.0000000000        0.0000000000        0.0000000000
        0.0000000000        0.0000000000        0.0000000000
        0.0000000000        0.0000000000        0.0000000000
        0.0000000000        0.0000000000        0.0000000000
        0.0000000000        0.0000000000        0.0000000000
        0.0000000000        0.0000000000        0.0000000000
        0.0000000000        0.0000000000        0.0000000000
        0.0000000000        0.0000000000        0.0000000000
        0.0000000000        0.0000000000        0.0000000000
        0.0000000000        0.0000000000        0.0000000000
        0.0000000000        0.0000000000        0.0000000000
        0.0000000000        0.0000000000        0.0000000000
        0.0000000000        0.0000000000        0.0000000000
        0.0000000000        0.0000000000        0.0000000000
        0.0000000000        0.0000000000        0.0000000000
        1.5266147985      -24.6598492783      -10.0127119606
        0.3705308797       -0.6977408962        0.1076858554
        0.0209332888        0.5125294941       -0.3652698225
        0.2967647925        0.3151935819        0.2649104147
       -0.2126005055        3.5216079498       -0.4810100032
       -2.0022432540       21.0082591487       10.4863955161
        0.0000000000        0.0000000000        0.0000000000
        0.0000000000        0.0000000000        0.0000000000
        0.0000000000        0.0000000000        0.0000000000
        0.0000000000        0.0000000000        0.0000000000
        0.0000000000        0.0000000000        0.0000000000
        0.0000000000        0.0000000000        0.0000000000

 CCSD contribution to dipole derivatives 

        0.0000000000        0.0000000000        0.0000000000
        0.0000000000        0.0000000000        0.0000000000
        0.0000000000        0.0000000000        0.0000000000
        0.0000000000        0.0000000000        0.0000000000
        0.0000000000        0.0000000000        0.0000000000
        0.0000000000        0.0386725278        0.0000000000
        0.0000000000        0.0000000000        0.0000000000
        0.0000000000        0.0000000000        0.0000000000
        0.0000000000        0.0000000000        0.0000000000
        0.0000000000        0.0000000000        0.0000000000
        0.0000000000        0.0000000000        0.0000000000
        0.0000000000        0.0474770700        0.0000000000
        0.0000000000        0.0000000000        0.0000000000
        0.0000000000        0.0000000000        0.0000000000
        0.0000000000        0.0000000000        0.0000000000
        0.0000000000        0.0000000000        0.0000000000
        0.0000000000        0.0000000000        0.0000000000
        0.0000000000        0.0207589607        0.0000000000
 @CHECKOUT-I, Total execution time (CPU/WALL):     4093.12/    1430.87 seconds.
--executable xsdcc finished with status     0 in     1430.97 seconds (walltime).
 --invoking executable--
/home/asmola/.local/bin/xanti
 @GETMEM-I,  Allocated   38146 MB of main memory.
 CCSD MO derivative gammas will be sorted to Mulliken order.
 @CHECKOUT-I, Total execution time (CPU/WALL):       42.22/      93.86 seconds.
--executable xanti finished with status     0 in       93.92 seconds (walltime).
 --invoking executable--
/home/asmola/.local/bin/xbcktrn
 @GETMEM-I,  Allocated   38146 MB of main memory.
 CCSD MO derivative gammas will be transformed to the AO basis.
 @CHECKOUT-I, Total execution time (CPU/WALL):      135.37/      27.71 seconds.
--executable xbcktrn finished with status     0 in       27.75 seconds (walltime).
 --invoking executable--
/home/asmola/.local/bin/xvdint
 @GETMEM-I,  Allocated   38146 MB of main memory.
 One- and two-electron integral derivatives are calculated
 for RHF-CC/MBPT hessians and dipole derivatives.
 Spherical gaussians are used.
  magnet F F
 Evaluation of 2el integral derivatives

                      Two-electron integral gradient
                      ------------------------------

 C #1      -0.0212140005           -0.2900692890            0.0281546232
 O #2       0.0177336711           -0.0088084444           -0.0062880928
 H #3       0.0006829917            0.0027539169           -0.0043143574
 H #4      -0.0267331403           -0.0119404827           -0.1000973912
 H #5      -0.0165500330           -0.0360410876            0.0788164822
 H #6       0.0460805111            0.3441053868            0.0037287359


 Evaluation of 2e integral derivatives required  896.14 seconds.
  contribution to Hessian
       -0.0212140005       -0.2900692890        0.0281546232
        0.0177336711       -0.0088084444       -0.0062880928
        0.0006829917        0.0027539169       -0.0043143574
       -0.0267331403       -0.0119404827       -0.1000973912
       -0.0165500330       -0.0360410876        0.0788164822
        0.0460805111        0.3441053868        0.0037287359
 @CHECKOUT-I, Total execution time (CPU/WALL):      896.12/     138.11 seconds.
--executable xvdint finished with status     0 in      138.15 seconds (walltime).
 --invoking executable--
/home/asmola/.local/bin/xsdcc
 @GETMEM-I,  Allocated   38146 MB of main memory.
 Vibrational frequencies and infrared intensities are calculated
 at the CCSD level within the harmonic approximation.
 CPHF coefficients for occ-occ block: U^x(i,j) = -1/2 S^x(i,j)
 CPHF coefficients for vrt-vrt block: U^x(a,b) = -1/2 S^x(a,b)
 Transformation of derivative integrals from AO to MO basis:
 RHF transformation
 Transformation of DIIII integral derivatives.
 1 pass through the AO integral derivative file was needed.
  89833998 AO integral derivatives were read from file DIIII.
 Transformation of first index required  342.2 seconds.
 Transformation of remaining indices required  373.7 seconds.
1715296743 MO integral derivatives were written to file DERINT.
        MO basis integral derivatives are being calculated
             (Symmetry block 1, perturbation  18)
 First derivative of the wavefunction is calculated (Symmetry block 1, perturbation  18)
 Resorts of perturbed amplitudes and integrals required   0.1 seconds.
 Construction of <Phi|(dH_N/dx exp(T))c|0> required  34.2 seconds.
 Starting iterative solution of the perturbed CC equations.
 The DIIS procedure is used to accelerate convergence.
 Convergence criterion is 10**(-7).
 Maximum number of iterations is 100.
 Convergence information after     1 iterations: 
 Largest element of residual vector : -0.34500396E-01.
 Largest element of DIIS residual   : -0.34500396E-01.
 Convergence information after     2 iterations: 
 Largest element of residual vector : -0.41893593E-02.
 Largest element of DIIS residual   :  0.32057786E-02.
 Convergence information after     3 iterations: 
 Largest element of residual vector : -0.21322443E-02.
 Largest element of DIIS residual   :  0.10269794E-02.
 Convergence information after     4 iterations: 
 Largest element of residual vector : -0.81128540E-03.
 Largest element of DIIS residual   : -0.72531247E-03.
 Convergence information after     5 iterations: 
 Largest element of residual vector : -0.27740023E-03.
 Largest element of DIIS residual   :  0.25652221E-03.
 Convergence information after     6 iterations: 
 Largest element of residual vector : -0.11010984E-03.
 Largest element of DIIS residual   :  0.95479160E-04.
 Convergence information after     7 iterations: 
 Largest element of residual vector :  0.68695514E-04.
 Largest element of DIIS residual   :  0.37691548E-04.
 Convergence information after     8 iterations: 
 Largest element of residual vector :  0.24033542E-04.
 Largest element of DIIS residual   :  0.15650029E-04.
 Convergence information after     9 iterations: 
 Largest element of residual vector :  0.10925983E-04.
 Largest element of DIIS residual   :  0.74890826E-05.
 Convergence information after    10 iterations: 
 Largest element of residual vector :  0.50133210E-05.
 Largest element of DIIS residual   : -0.28036806E-05.
 Convergence information after    11 iterations: 
 Largest element of residual vector :  0.20602574E-05.
 Largest element of DIIS residual   :  0.10762888E-05.
 Convergence information after    12 iterations: 
 Largest element of residual vector : -0.75881376E-06.
 Largest element of DIIS residual   :  0.41874186E-06.
 Convergence information after    13 iterations: 
 Largest element of residual vector :  0.27781696E-06.
 Largest element of DIIS residual   :  0.14452542E-06.
 Convergence information after    14 iterations: 
 Largest element of residual vector :  0.98250951E-07.
 Largest element of DIIS residual   :  0.55794349E-07.
 Perturbed amplitude equations converged in    14 iterations.
  Dominant contributions to perturbed wavefunction:
    9    9  167   22  -0.0496387594 ABAB
    9    9   22  167  -0.0496387594 ABAB
    9    9  167   37   0.0376080776 ABAB
    9    9   37  167   0.0376080776 ABAB
    9    9   90   28   0.0368312668 ABAB
    9    9   28   90   0.0368312668 ABAB
    9    9  171   22   0.0362832381 ABAB
    9    9   22  171   0.0362832381 ABAB
    9    9   95   22  -0.0343911817 ABAB
    9    9   22   95  -0.0343911817 ABAB
    9    9   97   22   0.0338469229 ABAB
    9    9   22   97   0.0338469229 ABAB
    9    9   90   51   0.0337107145 ABAB
    9    9   51   90   0.0337107145 ABAB
    9    9   56   28  -0.0332851824 ABAB
    9    9   28   56  -0.0332851824 ABAB
    9    9  125   22  -0.0318526812 ABAB
    9    9   22  125  -0.0318526812 ABAB
    9    9   56   51  -0.0314029065 ABAB
    9    9   51   56  -0.0314029065 ABAB
  Total CCSD gradient is    0.003397295820390.
  norm of converged amps    1.53425695230189     
 Starting iterative solution of the perturbed Lambda equations.
 The DIIS procedure is used to accelerate convergence.
 Convergence criterion is 10**(-7).
 Maximum number of iterations is 100.
 Convergence information after     1 iterations: 
 Largest element of residual vector : -0.29540414E-01.
 Largest element of DIIS residual   : -0.29540414E-01.
 Convergence information after     2 iterations: 
 Largest element of residual vector : -0.36494130E-02.
 Largest element of DIIS residual   :  0.27392409E-02.
 Convergence information after     3 iterations: 
 Largest element of residual vector : -0.18338411E-02.
 Largest element of DIIS residual   :  0.96139144E-03.
 Convergence information after     4 iterations: 
 Largest element of residual vector : -0.73072986E-03.
 Largest element of DIIS residual   : -0.65868866E-03.
 Convergence information after     5 iterations: 
 Largest element of residual vector : -0.25763400E-03.
 Largest element of DIIS residual   :  0.23375999E-03.
 Convergence information after     6 iterations: 
 Largest element of residual vector :  0.10358800E-03.
 Largest element of DIIS residual   :  0.85790025E-04.
 Convergence information after     7 iterations: 
 Largest element of residual vector :  0.62000304E-04.
 Largest element of DIIS residual   :  0.34322589E-04.
 Convergence information after     8 iterations: 
 Largest element of residual vector :  0.21988099E-04.
 Largest element of DIIS residual   :  0.14364598E-04.
 Convergence information after     9 iterations: 
 Largest element of residual vector :  0.10008532E-04.
 Largest element of DIIS residual   :  0.68092711E-05.
 Convergence information after    10 iterations: 
 Largest element of residual vector :  0.45786102E-05.
 Largest element of DIIS residual   : -0.25835641E-05.
 Convergence information after    11 iterations: 
 Largest element of residual vector :  0.19019466E-05.
 Largest element of DIIS residual   :  0.97330482E-06.
 Convergence information after    12 iterations: 
 Largest element of residual vector : -0.68637376E-06.
 Largest element of DIIS residual   :  0.38108044E-06.
 Convergence information after    13 iterations: 
 Largest element of residual vector :  0.24743256E-06.
 Largest element of DIIS residual   :  0.13009803E-06.
 Convergence information after    14 iterations: 
 Largest element of residual vector :  0.88987489E-07.
 Largest element of DIIS residual   :  0.50555497E-07.
 Perturbed Lambda equations converged in    14 iterations.
  Dominant contributions to perturbed wavefunction:
    9    9  167   22  -0.0475068085 ABAB
    9    9   22  167  -0.0475068085 ABAB
    9    9  167   37   0.0362861353 ABAB
    9    9   37  167   0.0362861353 ABAB
    9    9   90   28   0.0354870120 ABAB
    9    9   28   90   0.0354870120 ABAB
    9    9  171   22   0.0347643262 ABAB
    9    9   22  171   0.0347643262 ABAB
    9    9   95   22  -0.0329018229 ABAB
    9    9   22   95  -0.0329018229 ABAB
    9    9   90   51   0.0324917030 ABAB
    9    9   51   90   0.0324917030 ABAB
    9    9   97   22   0.0323922517 ABAB
    9    9   22   97   0.0323922517 ABAB
    9    9   56   28  -0.0320887930 ABAB
    9    9   28   56  -0.0320887930 ABAB
    5    5  167   22  -0.0305835744 ABAB
    5    5   22  167  -0.0305835744 ABAB
    9    9  125   22  -0.0304775664 ABAB
    9    9   22  125  -0.0304775664 ABAB
  Total CCSD gradient is    0.002642902401596.
        The DBOC first-order density matrix is being calculated 
             (Symmetry block 1, perturbation  18)
 term   2.86756336261309     
 final tnorm1 -3.497933063165813E-003
  <0|L dT/dx|0> -3.497933063165813E-003
  norm contr. I: |<0|L dT/dx|0>|^2   1.223553571438857E-005
  norm contr. II: <0|[nabla(1+L)e-T][nabla e^T]|0>   2.86756336261309     
  total norm contribution   2.86757559814881     
 oo  1.148463919565782E-002
 vv  -342.381475301109     
 vo -0.158416967533282     
  Correlated perturbed 1-el contribution to DBOC  -342.528407629447       cm**-1
  SUM_I |dc_I/dx|^2 contribution to DBOC   171.380113257797       cm**-1
 
 
  The total diagonal Born-Oppenheimer correction (DBOC) is:      0.0051409854 a.u.
  The total diagonal Born-Oppenheimer correction (DBOC) is:       1128.315865 cm-1
 
 Total CC energy including DBOC  -115.514605545915     
 First-order density matrix is being calculated  (Symmetry block 1, perturbation  18)
 Calculation of the contributions of <pq||rs> to dI(i,j)/dx required   7.5 seconds.
 Calculation of the contributions of <pq||rs> to dI(a,b)/dx required  56.5 seconds.
 Calculation of the contributions of <pq||rs> to dI(i,a)/dx required  19.3 seconds.
 First-order Z-vector equations are solved for 1 perturbation.
 Convergence reached after  26 iterations.
        U*G(pq,rs) contribution is being calculated
             (Symmetry block 1, perturbation  18)

 CCSD contribution to force constants 

        0.0000000000        0.0000000000        0.0000000000
        0.0000000000        0.0000000000        0.0000000000
        0.0000000000        0.0000000000        0.0000000000
        0.0000000000        0.0000000000        0.0000000000
        0.0000000000        0.0000000000        0.0000000000
        0.0000000000        0.0000000000        0.0000000000
        0.0000000000        0.0000000000        0.0000000000
        0.0000000000        0.0000000000        0.0000000000
        0.0000000000        0.0000000000        0.0000000000
        0.0000000000        0.0000000000        0.0000000000
        0.0000000000        0.0000000000        0.0000000000
        0.0000000000        0.0000000000        0.0000000000
        0.0000000000        0.0000000000        0.0000000000
        0.0000000000        0.0000000000        0.0000000000
        0.0000000000        0.0000000000        0.0000000000
        0.0000000000        0.0000000000        0.0000000000
        0.0000000000        0.0000000000        0.0000000000
        0.0000000000        0.0000000000        0.0000000000
        0.0000000000        0.0000000000        0.0000000000
        0.0000000000        0.0000000000        0.0000000000
        0.0000000000        0.0000000000        0.0000000000
        0.0000000000        0.0000000000        0.0000000000
        0.0000000000        0.0000000000        0.0000000000
        0.0000000000        0.0000000000        0.0000000000
        0.0000000000        0.0000000000        0.0000000000
        0.0000000000        0.0000000000        0.0000000000
        0.0000000000        0.0000000000        0.0000000000
        0.0000000000        0.0000000000        0.0000000000
        0.0000000000        0.0000000000        0.0000000000
        0.0000000000        0.0000000000        0.0000000000
        0.0000000000        0.0000000000        0.0000000000
        0.0000000000        0.0000000000        0.0000000000
        0.0000000000        0.0000000000        0.0000000000
        0.0000000000        0.0000000000        0.0000000000
        0.0000000000        0.0000000000        0.0000000000
        0.0000000000        0.0000000000        0.0000000000
        0.0000000000        0.0000000000        0.0000000000
        0.0000000000        0.0000000000        0.0000000000
        0.0000000000        0.0000000000        0.0000000000
        0.0000000000        0.0000000000        0.0000000000
        0.0000000000        0.0000000000        0.0000000000
        0.0000000000        0.0000000000        0.0000000000
        0.0000000000        0.0000000000        0.0000000000
        0.0000000000        0.0000000000        0.0000000000
        0.0000000000        0.0000000000        0.0000000000
        0.0000000000        0.0000000000        0.0000000000
        0.0000000000        0.0000000000        0.0000000000
        0.0000000000        0.0000000000        0.0000000000
        0.0000000000        0.0000000000        0.0000000000
        0.0000000000        0.0000000000        0.0000000000
        0.0000000000        0.0000000000        0.0000000000
        0.0000000000        0.0000000000        0.0000000000
        0.0000000000        0.0000000000        0.0000000000
        0.0000000000        0.0000000000        0.0000000000
        0.0000000000        0.0000000000        0.0000000000
        0.0000000000        0.0000000000        0.0000000000
        0.0000000000        0.0000000000        0.0000000000
        0.0000000000        0.0000000000        0.0000000000
        0.0000000000        0.0000000000        0.0000000000
        0.0000000000        0.0000000000        0.0000000000
        0.0000000000        0.0000000000        0.0000000000
        0.0000000000        0.0000000000        0.0000000000
        0.0000000000        0.0000000000        0.0000000000
        0.0000000000        0.0000000000        0.0000000000
        0.0000000000        0.0000000000        0.0000000000
        0.0000000000        0.0000000000        0.0000000000
        0.0000000000        0.0000000000        0.0000000000
        0.0000000000        0.0000000000        0.0000000000
        0.0000000000        0.0000000000        0.0000000000
        0.0000000000        0.0000000000        0.0000000000
        0.0000000000        0.0000000000        0.0000000000
        0.0000000000        0.0000000000        0.0000000000
        0.0000000000        0.0000000000        0.0000000000
        0.0000000000        0.0000000000        0.0000000000
        0.0000000000        0.0000000000        0.0000000000
        0.0000000000        0.0000000000        0.0000000000
        0.0000000000        0.0000000000        0.0000000000
        0.0000000000        0.0000000000        0.0000000000
        0.0000000000        0.0000000000        0.0000000000
        0.0000000000        0.0000000000        0.0000000000
        0.0000000000        0.0000000000        0.0000000000
        0.0000000000        0.0000000000        0.0000000000
        0.0000000000        0.0000000000        0.0000000000
        0.0000000000        0.0000000000        0.0000000000
        0.0000000000        0.0000000000        0.0000000000
        0.0000000000        0.0000000000        0.0000000000
        0.0000000000        0.0000000000        0.0000000000
        0.0000000000        0.0000000000        0.0000000000
        0.0000000000        0.0000000000        0.0000000000
        0.0000000000        0.0000000000        0.0000000000
        0.0000000000        0.0000000000        0.0000000000
        0.0000000000        0.0000000000        0.0000000000
        0.0000000000        0.0000000000        0.0000000000
        0.0000000000        0.0000000000        0.0000000000
        0.0000000000        0.0000000000        0.0000000000
        0.0000000000        0.0000000000        0.0000000000
        0.0000000000        0.0000000000        0.0000000000
        0.0000000000        0.0000000000        0.0000000000
        0.0000000000        0.0000000000        0.0000000000
        0.0000000000        0.0000000000        0.0000000000
        0.0000000000        0.0000000000        0.0000000000
        0.0000000000        0.0000000000        0.0000000000
        0.0153269951       -7.9139223869       -9.2654818266
        0.5977465043       -0.3774340260       -0.1545340072
       -0.4939223568        0.4127977951        0.3030853966
       -0.5166174389       -0.1397736186        2.5496949886
       -0.2692623210       -0.7669879053        0.6490946538
        0.6667286172        8.7853201417        5.9181407947

 CCSD contribution to dipole derivatives 

        0.0000000000        0.0000000000        0.0000000000
        0.0000000000        0.0000000000        0.0000000000
        0.0000000000        0.0000000000        0.0000000000
        0.0000000000        0.0000000000        0.0000000000
        0.0000000000        0.0000000000        0.0000000000
        0.0000000000        0.0000000000        0.0100334097
        0.0000000000        0.0000000000        0.0000000000
        0.0000000000        0.0000000000        0.0000000000
        0.0000000000        0.0000000000        0.0000000000
        0.0000000000        0.0000000000        0.0000000000
        0.0000000000        0.0000000000        0.0000000000
        0.0000000000        0.0000000000        0.0371265781
        0.0000000000        0.0000000000        0.0000000000
        0.0000000000        0.0000000000        0.0000000000
        0.0000000000        0.0000000000        0.0000000000
        0.0000000000        0.0000000000        0.0000000000
        0.0000000000        0.0000000000        0.0000000000
        0.0000000000        0.0000000000        0.0020920526
 @CHECKOUT-I, Total execution time (CPU/WALL):     4041.57/    1397.54 seconds.
--executable xsdcc finished with status     0 in     1397.64 seconds (walltime).
 --invoking executable--
/home/asmola/.local/bin/xanti
 @GETMEM-I,  Allocated   38146 MB of main memory.
 CCSD MO derivative gammas will be sorted to Mulliken order.
 @CHECKOUT-I, Total execution time (CPU/WALL):       40.52/     107.01 seconds.
--executable xanti finished with status     0 in      107.09 seconds (walltime).
 --invoking executable--
/home/asmola/.local/bin/xbcktrn
 @GETMEM-I,  Allocated   38146 MB of main memory.
 CCSD MO derivative gammas will be transformed to the AO basis.
 @CHECKOUT-I, Total execution time (CPU/WALL):      127.34/      27.77 seconds.
--executable xbcktrn finished with status     0 in       27.83 seconds (walltime).
 --invoking executable--
/home/asmola/.local/bin/xvdint
 @GETMEM-I,  Allocated   38146 MB of main memory.
 One- and two-electron integral derivatives are calculated
 for RHF-CC/MBPT hessians and dipole derivatives.
 Spherical gaussians are used.
  magnet F F
 Evaluation of 2el integral derivatives

                      Two-electron integral gradient
                      ------------------------------

 C #1      -0.0238184003           -0.0058467264           -0.4133205215
 O #2       0.0189085826           -0.0013476067            0.0147933204
 H #3       0.0010492186           -0.0037303805           -0.0035860936
 H #4      -0.0066695019           -0.0735762762            0.0531157698
 H #5      -0.0086878581            0.0698675711           -0.0712286859
 H #6       0.0192179589            0.0146334187            0.4202262108


 Evaluation of 2e integral derivatives required  785.68 seconds.
  contribution to Hessian
       -0.0238184003       -0.0058467264       -0.4133205215
        0.0189085826       -0.0013476067        0.0147933204
        0.0010492186       -0.0037303805       -0.0035860936
       -0.0066695019       -0.0735762762        0.0531157698
       -0.0086878581        0.0698675711       -0.0712286859
        0.0192179589        0.0146334187        0.4202262108
 @CHECKOUT-I, Total execution time (CPU/WALL):      785.66/     123.39 seconds.
--executable xvdint finished with status     0 in      123.44 seconds (walltime).
 --invoking executable--
/home/asmola/.local/bin/xanti
 @GETMEM-I,  Allocated   38146 MB of main memory.
 CCSD MO gammas will be sorted to Mulliken order.
 @CHECKOUT-I, Total execution time (CPU/WALL):       43.73/      91.54 seconds.
--executable xanti finished with status     0 in       91.61 seconds (walltime).
 --invoking executable--
/home/asmola/.local/bin/xbcktrn
 @GETMEM-I,  Allocated   38146 MB of main memory.
 CCSD MO gammas will be transformed to the AO basis.
 @CHECKOUT-I, Total execution time (CPU/WALL):      133.40/      22.46 seconds.
--executable xbcktrn finished with status     0 in       22.50 seconds (walltime).
 --invoking executable--
/home/asmola/.local/bin/xvdint
 @GETMEM-I,  Allocated   38146 MB of main memory.
 One- and two-electron integral derivatives are calculated
 for RHF-CC/MBPT hessians and dipole derivatives.
 Spherical gaussians are used.
  magnet F F

                     Kinetic energy integral gradient
                     --------------------------------

 C #1      -0.0267962359            0.3047190861           -0.1903390683
 O #2      -0.0931187501           -0.3250103839            0.4486084343
 H #3      -0.3932591167            0.3357321604           -0.4774335279
 H #4       0.1640769181           -0.4049979922           -0.1679599978
 H #5       0.2257255223           -0.3191591139            0.2053214720
 H #6       0.1233716622            0.4087162435            0.1818026876



                   Nuclear attraction integral gradient
                   ------------------------------------

 C #1      -8.6762595940           -4.1930538177            2.7160421450
 O #2      12.5175399489            3.7403387373           -4.8837161530
 H #3       4.4952456243           -3.3236131882            4.8207985350
 H #4      -2.7732326672            5.0491144731            1.8278897315
 H #5      -3.3932195414            4.0486505103           -2.1768131382
 H #6      -2.1700737706           -5.3214367147           -2.3042011203



                      Reorthonormalization gradient
                      -----------------------------

 C #1       0.0000000000            0.0000000000            0.0000000000
 O #2       0.0000000000            0.0000000000            0.0000000000
 H #3       0.0000000000            0.0000000000            0.0000000000
 H #4       0.0000000000            0.0000000000            0.0000000000
 H #5       0.0000000000            0.0000000000            0.0000000000
 H #6       0.0000000000            0.0000000000            0.0000000000



                     Kinetic energy integral Hessian
                     -------------------------------

           C #1 x      C #1 y      C #1 z      O #2 x      O #2 y      O #2 z

 C #1 x   -0.092161
 C #1 y   -0.319490    0.200032
 C #1 z    0.147063    0.195940   -1.088656

 O #2 x   -0.441864   -0.028522    0.022589    0.044852
 O #2 y   -0.028522    0.405314    0.007753   -0.269130   -0.815713
 O #2 z    0.022589    0.007753    0.393526    0.420313   -0.464580   -0.443037

 H #3 x    0.004604    0.004540   -0.009164    0.378044    0.297890   -0.441090
 H #3 y    0.004540    0.007253    0.002764    0.297890    0.398995    0.451683
 H #3 z   -0.009164    0.002764    0.003713   -0.441090    0.451683    0.053213

 H #4 x    0.172657    0.248258    0.050289    0.006131   -0.010327   -0.005232
 H #4 y    0.248258   -0.262161   -0.128398   -0.010327    0.007372    0.003355
 H #4 z    0.050289   -0.128398    0.272862   -0.005232    0.003355    0.000639

 H #5 x    0.131819    0.265245   -0.124599    0.006019    0.000346    0.001482
 H #5 y    0.265245   -0.096159    0.177966    0.000346   -0.003123   -0.000010
 H #5 z   -0.124599    0.177966    0.238661    0.001482   -0.000010   -0.003192

 H #6 x    0.224945   -0.170032   -0.086177    0.006818    0.009743    0.001938
 H #6 y   -0.170032   -0.254279   -0.256026    0.009743    0.007155    0.001799
 H #6 z   -0.086177   -0.256026    0.179895    0.001938    0.001799   -0.001149


           H #3 x      H #3 y      H #3 z      H #4 x      H #4 y      H #4 z

 H #3 x   -0.381951
 H #3 y   -0.301817   -0.406898
 H #3 z    0.451331   -0.454579   -0.056773

 H #4 x    0.000599   -0.000764   -0.000215   -0.223171
 H #4 y   -0.000764    0.000730    0.000037   -0.235746    0.220601
 H #4 z   -0.000215    0.000037    0.000016   -0.023465    0.163087   -0.103998

 H #5 x   -0.000201    0.000397   -0.000121    0.044435   -0.001818   -0.021512
 H #5 y    0.000397   -0.000553    0.000220   -0.001818    0.039018   -0.036268
 H #5 z   -0.000121    0.000220   -0.000303   -0.021512   -0.036268   -0.168075

 H #6 x   -0.001095   -0.000246   -0.000741   -0.000651    0.000397    0.000136
 H #6 y   -0.000246    0.000473   -0.000124    0.000397   -0.005559   -0.001813
 H #6 z   -0.000741   -0.000124    0.000134    0.000136   -0.001813   -0.001444


           H #5 x      H #5 y      H #5 z      H #6 x      H #6 y      H #6 z

 H #5 x   -0.183100
 H #5 y   -0.264814    0.067420
 H #5 z    0.144594   -0.141972   -0.068598

 H #6 x    0.001029    0.000644    0.000157   -0.231047
 H #6 y    0.000644   -0.006604    0.000064    0.159494    0.258814
 H #6 z    0.000157    0.000064    0.001508    0.084687    0.256100   -0.178944




                   Nuclear attraction integral Hessian
                   -----------------------------------

           C #1 x      C #1 y      C #1 z      O #2 x      O #2 y      O #2 z

 C #1 x   -0.314954
 C #1 y    1.691282    5.751219
 C #1 z   -0.345922   -1.587454   15.616235

 O #2 x    7.166870    1.229921   -1.177974   -3.806202
 O #2 y    1.146708   -7.627378   -0.036719    1.157849   12.232823
 O #2 z   -1.102303   -0.049573   -7.308585   -2.120752    3.288416    9.576429

 H #3 x    0.140402   -0.146503    0.337315   -4.189140   -2.158309    3.116665
 H #3 y   -0.154620   -0.224797   -0.102842   -2.134558   -4.252236   -3.233269
 H #3 z    0.296826   -0.086363   -0.069317    3.153797   -3.260338   -1.804217

 H #4 x   -2.326555   -2.155887   -0.379439    0.285527   -0.007045   -0.057020
 H #4 y   -2.032048    1.311101    0.897351   -0.163336   -0.216339    0.040016
 H #4 z   -0.433075    1.090065   -3.137619   -0.064359    0.005257   -0.173547

 H #5 x   -1.896501   -2.062020    0.843426    0.351960   -0.255154    0.137200
 H #5 y   -1.970125   -0.235195   -1.198147   -0.340263   -0.058840   -0.089270
 H #5 z    0.926125   -1.368588   -2.768758    0.114090   -0.042210   -0.137572

 H #6 x   -2.769262    1.443207    0.722594    0.190984    0.115951    0.026211
 H #6 y    1.318803    1.025051    2.027811    0.250386   -0.078030    0.043680
 H #6 z    0.658349    2.001914   -2.331956    0.095198    0.045594   -0.152507


           H #3 x      H #3 y      H #3 z      H #4 x      H #4 y      H #4 z

 H #3 x    3.941775
 H #3 y    2.326937    4.503395
 H #3 z   -3.551671    3.366287    1.872171

 H #4 x   -0.009828    0.013927    0.004808    2.287461
 H #4 y    0.009629   -0.011264   -0.000323    2.169383   -0.927932
 H #4 z    0.009725   -0.006415    0.004189    0.337743   -1.255909    2.361438

 H #5 x    0.064527   -0.054202    0.049339   -0.248941    0.023521    0.152232
 H #5 y   -0.067941    0.013999   -0.038089   -0.016496   -0.263128    0.131661
 H #5 z    0.044952   -0.026562    0.002999    0.095309    0.283624    0.929975

 H #6 x    0.052264    0.002516    0.046900    0.012336   -0.007149   -0.002267
 H #6 y    0.036187   -0.029096    0.018826   -0.003882    0.107562    0.035341
 H #6 z    0.043014    0.002801   -0.005825   -0.001402    0.035241    0.015564


           H #5 x      H #5 y      H #5 z      H #6 x      H #6 y      H #6 z

 H #5 x    1.795793
 H #5 y    2.401078    0.374375
 H #5 z   -1.176574    1.178987    2.049948

 H #6 x   -0.066838   -0.006254   -0.003902    2.580517
 H #6 y   -0.053224    0.168788   -0.025251   -1.548271   -1.194274
 H #6 z   -0.005623    0.014858   -0.076592   -0.789536   -2.100407    2.551317




                Highest order reorthonormalization Hessian
                ------------------------------------------

           C #1 x      C #1 y      C #1 z      O #2 x      O #2 y      O #2 z


           H #3 x      H #3 y      H #3 z      H #4 x      H #4 y      H #4 z


           H #5 x      H #5 y      H #5 z      H #6 x      H #6 y      H #6 z




                Electronic contributions to dipole moment
                -----------------------------------------

                               au             Debye

                    x      1.76991401      4.49867347
                    y     -0.14779414     -0.37565531
                    z     -0.02797085     -0.07109482

  Conversion factor used: 1 a.u. =   2.54174691 Debye 



   Electronic contributions to static part of dipole moment derivatives
   --------------------------------------------------------------------


                     Total dipole moment derivatives
                     -------------------------------

                              Ex             Ey             Ez

               C #1 x    -7.30697245     0.15388897    -0.01584033
               C #1 y     0.49291006    -7.65270317    -0.22095926
               C #1 z    -0.23151650    -0.26864700    -6.69000069

               O #2 x    -8.81159371     0.10319097    -0.13869295
               O #2 y     0.15103940    -8.53326754     0.18276364
               O #2 z    -0.16646696     0.15464570    -8.72048913

               H #3 x    -0.41208972    -0.10211345     0.12970117
               H #3 y    -0.17338513    -0.65564666    -0.15499019
               H #3 z     0.18255147    -0.13756152    -0.52125643

               H #4 x    -0.50349710    -0.20767912    -0.17944298
               H #4 y    -0.76327497    -0.38276534     0.26019169
               H #4 z    -0.16319041     0.05083185    -0.72651799

               H #5 x    -0.41618315    -0.12313043     0.17137664
               H #5 y    -0.41687255    -0.55852022    -0.24282767
               H #5 z     0.08021913    -0.02502533    -0.72142646

               H #6 x    -0.54966387     0.17584307     0.03289846
               H #6 y     0.70958319    -0.21709708     0.17582180
               H #6 z     0.29840327     0.22575631    -0.62030931



 Evaluation of 1e integral derivatives required    4.17 seconds.
 Evaluation of 2el integral derivatives

                      Two-electron integral gradient
                      ------------------------------

 C #1       3.3585311021            2.1093314238           -1.1610151623
 O #2      -5.4038620171           -1.5407036896            1.8838729068
 H #3      -2.3503090347            1.5348773277           -2.1185906531
 H #4       1.4796413471           -2.8397645480           -0.6785279570
 H #5       1.8156780812           -2.2438728750            0.7694934755
 H #6       1.1003205214            2.9801323611            1.3047673900


 Evaluation of 2e integral derivatives required 2913.74 seconds.

                            Molecular gradient
                            ------------------

 C #1       0.0236724829           -0.1542447305            0.1086976576
 O #2       0.0646106134            0.1407846855           -0.1913448489
 H #3       0.1909893306           -0.1502015088            0.2129647099
 H #4      -0.0773139109            0.2419498433            0.0337095176
 H #5      -0.1480512914            0.1954487558           -0.0417298535
 H #6      -0.0539072246           -0.2737370453           -0.1222971827


  Molecular gradient norm 0.649E+00

                            Molecular hessian
                            -----------------

           C #1 x      C #1 y      C #1 z      O #2 x      O #2 y      O #2 z

 C #1 x   33.249213
 C #1 y   -8.070975   60.567180
 C #1 z    2.793949   12.542689   13.452730

 O #2 x   -2.587968   -1.283914    1.112150    2.933524
 O #2 y   -0.307818   -0.914479    0.646416   -2.601969   -0.262587
 O #2 z    0.417710    0.890187   -0.381256    4.442314   -6.977402    4.670450

 H #3 x    1.177803    0.898690   -0.947047   -1.148750    3.673418   -5.619566
 H #3 y    0.355751    2.392009   -0.013062    2.567846   -0.233600    6.346258
 H #3 z   -0.637033    0.033923    2.058165   -4.467610    6.458103   -5.633655

 H #4 x  -11.211931    4.588931    3.848790    1.615596   -2.123484    1.588031
 H #4 y    2.045556  -31.151378  -14.224304   -1.213078    0.002912   -0.710556
 H #4 z    5.840792  -19.435097   -3.461978    0.757380   -0.021460   -0.502849

 H #5 x   -9.801736    3.689580   -7.581490   -3.281358    3.172951   -2.745262
 H #5 y    4.473648   -6.031750   11.593900    1.040823   -0.654154    1.068041
 H #5 z   -8.420294   13.927673   -2.207216   -1.165264    0.706526   -0.652092

 H #6 x  -10.825380   -0.643878   -1.967131    1.033958   -0.342812    1.031582
 H #6 y    1.503838  -24.861578  -10.019523    0.367517   -0.697037    0.104872
 H #6 z    0.004877   -7.959375   -9.460445    0.597759   -0.374068   -0.149856


           H #3 x      H #3 y      H #3 z      H #4 x      H #4 y      H #4 z

 H #3 x   -0.416208
 H #3 y   -2.676873   -1.352533
 H #3 z    4.626298   -6.179821    3.892217

 H #4 x   -1.072026    2.647260   -2.078674   31.200206
 H #4 y    1.175957    0.493248    1.021163   -4.298405   52.171667
 H #4 z   -1.316510   -0.120276    1.158301   -0.075247   23.441259  -17.893452

 H #5 x    1.724521   -3.566016    3.908026  -18.059025    3.952784   -0.650112
 H #5 y   -1.484894   -1.488027   -1.232348    1.583635  -22.841595  -12.586864
 H #5 z    2.118426   -0.646016   -1.488841    2.234949  -12.449828   16.434878

 H #6 x   -0.483519    0.418318   -1.239992   -1.056684    0.339038   -0.397692
 H #6 y    0.019133    0.509481   -0.364948    0.302424    0.330882    0.283877
 H #6 z   -0.495670    0.413845    0.302413   -0.525264   -0.136592    2.522820


           H #5 x      H #5 y      H #5 z      H #6 x      H #6 y      H #6 z

 H #5 x   29.468546
 H #5 y   -5.072915   29.158145
 H #5 z    4.848692   -0.251202  -12.850170

 H #6 x   -0.300090    0.926483   -0.202772   11.631715
 H #6 y   -0.217311    3.501080   -0.487244   -1.975601   21.217171
 H #6 z   -0.258045   -0.736606    0.657409    0.676343    8.792795    6.127659




                           Total dipole moment
                           -------------------

                               au             Debye

                    x     -0.41271352     -1.04901332
                    y     -0.00835950     -0.02124774
                    z      0.18914900      0.48076888

  Conversion factor used: 1 a.u. =   2.54174691 Debye 



                     Total dipole moment derivatives
                     -------------------------------

                              Ex             Ey             Ez

               C #1 x     0.65045187    -0.03177912     0.05845266
               C #1 y    -0.00308043    -0.09199863     0.16755881
               C #1 z     0.04375224     0.12289015    -0.39004555

               O #2 x    -0.91099046     0.04679763    -0.02893713
               O #2 y    -0.06294668    -0.45743369    -0.12803072
               O #2 z     0.07197511    -0.11648420    -0.26426572

               H #3 x     0.26894054    -0.00737018     0.00660962
               H #3 y    -0.01102079     0.27824197     0.07272601
               H #3 z     0.00274336     0.06807781     0.21100522

               H #4 x    -0.01887751    -0.04514282     0.03787110
               H #4 y     0.05842182     0.12884268    -0.20350307
               H #4 z     0.04689103    -0.23420589     0.32136942

               H #5 x     0.04542931     0.01863880    -0.06613945
               H #5 y     0.08248562     0.02600664     0.15179830
               H #5 z    -0.11434513     0.28984137    -0.08327808

               H #6 x    -0.03495383     0.01885569    -0.00785712
               H #6 y    -0.06385980     0.11634088    -0.06054939
               H #6 z    -0.05101645    -0.13011934     0.20521442



  Molecular gradient does not satisfy rotational invariance condition.
   rotational invariance in yz-plane :        -.4003E-01
   rotational invariance in xz-plane :        -.3109E-01
   rotational invariance in xy-plane :        -.1740E-01
 @CHECKOUT-I, Total execution time (CPU/WALL):     2917.89/     407.01 seconds.
--executable xvdint finished with status     0 in      407.03 seconds (walltime).
 --invoking executable--
/home/asmola/.local/bin/xjoda
  @GTFLGS-I, Hessian will be transformed to curvilinear coordinates.
  @GTFLGS-I, Hessian will be transformed to curvilinear coordinates.
  igrd and ihes are                      0                     1
  gradient from JOBARC 
   0.023672482907026  -0.154244730532823   0.108697657579049
   0.064610613428863   0.140784685469872  -0.191344848902574
   0.190989330553567  -0.150201508797126   0.212964709851056
  -0.077313910854382   0.241949843337749   0.033709517585685
  -0.148051291393321   0.195448755837395  -0.041729853458316
  -0.053907224641729  -0.273737045315078  -0.122297182654941
 
  @PROJFCM-I, Projecting force constant matrix onto totally symmetric subspace.
  Largest difference between matrix elements of symmetrized
  and unsymmetrized FCM :    -0.8796360498E+01.
 
  Summary of diagonal Born-Oppenheimer correction at the correlated level
  The total diagonal Born-Oppenheimer correction (DBOC) is:      0.0051409854 a.u.
  The total diagonal Born-Oppenheimer correction (DBOC) is:       1128.315865 cm-1
  The total diagonal Born-Oppenheimer correction (DBOC) is:            13.498 kJ/mole
  hellooooooo 
  readis is  F
 
 @CHECKOUT-I, Total execution time (CPU/WALL):        0.01/       0.02 seconds.
--executable xjoda finished with status     0 in        0.05 seconds (walltime).
  The final electronic energy is      -115.514605545915231 a.u. 
  This computation required                        33826.81 seconds (walltime).
