 --invoking executable--
/home/asmola/.local/bin/xjoda


   *************************************************************************
         <<<     CCCCCC     CCCCCC   |||     CCCCCC     CCCCCC   >>>
       <<<      CCC        CCC       |||    CCC        CCC         >>>
      <<<      CCC        CCC        |||   CCC        CCC            >>>
    <<<        CCC        CCC        |||   CCC        CCC              >>>
      <<<      CCC        CCC        |||   CCC        CCC            >>>
       <<<      CCC        CCC       |||    CCC        CCC         >>>
         <<<     CCCCCC     CCCCCC   |||     CCCCCC     CCCCCC   >>>
   *************************************************************************

     ****************************************************************
     * CFOUR Coupled-Cluster techniques for Computational Chemistry *
     ****************************************************************
 

   Department of Chemistry                Institut fuer Physikalische Chemie
   University of Florida                  Universitaet Mainz
   Gainesville, FL 32611, USA             D-55099 Mainz, Germany

   Department of Chemistry                Fakultaet fuer Chemie und Biowiss.
   Johns Hopkins University               Karlsruher Institut fuer Technologie
   Baltimore, MD 21218, USA               D-76131 Karlsruhe, Germany

   Department of Chemistry                Department of Physical Chemistry
   Southern Methodist University          Eotvos Lorand University
   Dallas, TX 75275, USA                  H-1053 Budapest, Hungary

 
                       Version 2.1
 
                     vincent.theory.phys.ucl.ac.uk                     
                     Wed  4 Jun 11:57:37 BST 2025                      
                     integer*8 version is running
 
********************************************************************************
*                          Input from ZMAT file                                *
********************************************************************************
Methanol CCSDT/aug-cc-pVTZ                                                      
C                                                                               
O 1 rco                                                                         
H 2 roh 1 acoh                                                                  
H 1 rch1 2 aoch1 3 ahh1                                                         
H 1 rch2 2 aoch2 3 ahh2                                                         
H 1 rch3 2 aoch3 3 ahh3                                                         
                                                                                
rco=1.4296                                                                      
roh=0.95887                                                                     
rch1=1.192294                                                                   
rch2=1.092294                                                                   
rch3=1.092294                                                                   
acoh=107.9812                                                                   
aoch1=110.6646                                                                  
aoch2=110.6646                                                                  
aoch3=110.6646                                                                  
ahh1=60.00                                                                      
ahh2=180.00                                                                     
ahh3=300.00                                                                     
                                                                                
                                                                                
*CFOUR(CALC=CCSDT,BASIS=AUG-PVTZ,SCF_CONV=10                                    
CC_CONV=10,FROZEN_CORE=ON,MEMORY=5000000000)                                    
********************************************************************************
    -------------------------------------------------------------------
                    CFOUR Control Parameters 
    -------------------------------------------------------------------
        External           Internal           Value            Units
          Name               Name
    -------------------------------------------------------------------
       ABCDTYPE             IABCDT         STANDARD    [  0]    ***   
       ANHARMONIC           IANHAR         OFF         [  0]    ***   
       ANH_ALGORIT          IANALG         STANDARD    [  0]    ***   
       ANH_DERIVAT          IANDER         SECOND      [  1]    ***   
       ANH_MODE             ANHMOD         VIBRATION   [  0]    ***   
       ANH_STEPSIZ          ICUBST             50000          x 10-6  
       ANH_SYMMETR          IANHSM         ABELIAN     [  0]    ***   
       AO_LADDERS           IAOLAD         SINGLEPASS  [  1]    ***   
       AV_SCF               IAVSCF         OFF         [  0]    ***   
       BASIS                IBASIS         AUG-PVTZ    [ 34]    ***   
       BOTHVECTORS          BOTHVC         OFF         [  0]    ***   
       BOX_POTENT           IPIAB          OFF         [  0]    ***   
       BREIT                IBREIT         OFF         [  0]    ***   
       BRUCK_CONV           IBRTOL          10D-  4             ***   
       BRUECKNER            IBRKNR         OFF         [  0]    ***   
       BUFFERSIZE           IBUFFS              4096            ***   
       CACHE_RECS           ICHREC             10               ***   
       CALCLEVEL            ICLLVL         CCSDT       [ 18]    ***   
       CCORBOPT             ICCORB         OFF         [  0]  x 0.01  
       CC_CONV              ICCCNV          10D- 10             ***   
       CC_EXPORDER          ICCEOR              5               ***   
       CC_EXTRAPOL          ICCEXT         DIIS        [  1]    ***   
       CC_GUESS             ICCGES         MP2         [  0]    ***   
       CC_MAXCYC            ICCCYC            100              cycles 
       CC_PROGRAM           ICCPRO         VCC         [  0]    ***   
       CHARGE               ICHRGE              0               ***   
       CHOLESKY             ICHOLE         OFF         [  0]    ***   
       CIS_CONV             ICISTL              5               ***   
       COMM_SIZE            IPSIZE            ***               ***   
       CONSTANT             ICONST         OLD         [  1]    ***   
       CONTINUUM            ICONTU         NONE        [  0]    ***   
       CONTRACTION          ICNTYP         GENERAL     [  1]    ***   
       COORDINATES          ICOORD         INTERNAL    [  0]    ***   
       CPHF_CONVER          ICPHFT          10D- 16             ***   
       CPHF_MAXCYC          ICPHFC             64              cycles 
       CUBIC                ICUBIC         OFF         [  0]    ***   
       CURVILINEAR          ICURVY         OFF         [  0]    ***   
       DBOC                 IDBOC          OFF         [  0]    ***   
       DCT                  IDCT           OFF         [  0]    ***   
       DERIV_LEV            IDRLVL         ZERO        [  0]    ***   
       DEVMEM_SIZE          IDVMEM          50000000           MByte  
       DIAG_MRCC            IEOMST          10D-  0             ***   
       DIFF_TYPE            IDIFTY         RELAXED     [  0]    ***   
       DIRECT               IDIRCT         OFF         [  0]    ***   
       DROPMO               IDRPMO      NONE         
       ECP                  IECP           OFF         [  0]    ***   
       EIGENVECTOR          IVEC                1               ***   
       EL_ANHARM            IELANH         OFF         [  0]    ***   
       EOMFOLLOW            IEOMSR         ENERGY      [  0]    ***   
       EOMIP                IEOMIP         OFF         [  0]    ***   
       EOMLEVEL             HBARFM         SAME        [  0]    ***   
       EOM_MRCC             IMRCCE         NEW         [  1]    ***   
       EOM_NONIT            EOMNON         OFF         [  0]    ***   
       EOM_NSING            IEOMSI          10D-  0             ***   
       EOM_NSTATES          IMRCCD         DAVIDSON    [  0]    ***   
       EOM_NTRIP            IEOMTR          10D-  0             ***   
       EOM_ORDER            IEXORD         ENERGY      [  0]    ***   
       EOM_PROPSTA          IEOMST              0               ***   
       ESTATE_CONV          IEXTOL          10D-  5             ***   
       ESTATE_DIAG          IEXDIG         ITERATIVE   [  0]    ***   
       ESTATE_LOCK          IESLOC         ON          [  1]    ***   
       ESTATE_MAXC          IEXMXC             40               ***   
       ESTATE_PROP          IEXPRP         OFF         [  0]    ***   
       EVAL_HESS            IRECAL              0            # of cyc.
       EXCITATION           IEXCIT              0               ***   
       EXCITE               IEXCIT         NONE        [  0]    ***   
       EXTERN_POT           IEXPOT         OFF         [  0]    ***   
       FCGRADNEW            IFCGNW         OFF         [  0]    ***   
       FC_FIELD             IFINFC              0             x 10-6  
       FD_CALTYPE           IFDCAL         GRADONLY    [  0]    ***   
       FD_PROJECT           IFDPRJ         OFF         [  1]    ***   
       FD_STEPSIZE          IDISFD              0            10-4 bohr
       FD_USEGROUP          IFDGRP         FULL        [  0]    ***   
       FILE_RECSIZ          IFLREC              4096           words  
       FINITE_PERT          IFIPER              0             x 10-6  
       FIXGEOM              IFIXGM         OFF         [  0]    ***   
       FOCK                 IFOCK          AO          [  1]    ***   
       FREQ_ALGORI          IVIALG         STANDARD    [  0]    ***   
       FROZEN_CORE          IFROCO         ON          [  1]    ***   
       GAMMA_ABCD           IGABCD         STORE       [  0]    ***   
       GAMMA_ABCI           IGABCI         STORE       [  0]    ***   
       GENBAS_1             IGNBS1              0               ***   
       GENBAS_2             IGNBS2              0               ***   
       GENBAS_3             IGNBS3              0               ***   
       GENBAS_4             IGNBS4              0               ***   
       GEO_CONV             ICONTL              5              H/bohr 
       GEO_MAXCYC           IOPTCY             50               ***   
       GEO_MAXSTEP          IMXSTP            300            millibohr
       GEO_METHOD           INR            SINGLE_POINT[  5]    ***   
       GIAO                 IGIAO          OFF         [  1]    ***   
       GIMIC                IGIMIC         OFF         [  0]    ***   
       GRID                 IGRID          OFF         [  0]    ***   
       GRID_ALGO            IGALGO         SERIAL      [  0]    ***   
       GUESS                IGUESS         MOREAD      [  0]    ***   
       HBAR                 IHBAR          OFF         [  0]    ***   
       HESS_TYPE            IHESTP         SCF         [  0]    ***   
       HF2_FILE             IHF2Fl         USE         [  1]    ***   
       HFSTABILITY          ISTABL         OFF         [  0]    ***   
       INCORE               INCORE         OFF         [  0]    ***   
       INPUT_MRCC           IMRCC          ON          [  1]    ***   
       INTEGRALS            INTTYP         VMOL        [  1]    ***   
       JODA_PRINT           IJPRNT              0               ***   
       KEYWORD_OUT          IDMPKW         NO          [  0]    ***   
       LINDEP_TOL           ILINDP              8               ***   
       LINEQ_CONV           IZTACN          10D-  7           cycles  
       LINEQ_EXPOR          ILMAXD              5               ***   
       LINEQ_MAXCY          ILMAXC            100               ***   
       LINEQ_TYPE           ILTYPE         DIIS        [  1]    ***   
       LOCK_ORBOCC          ILOCOC         OFF         [  0]    ***   
       MEMORY_SIZE          IMEMSZ         *********           words  
       MEM_UNIT             IMEMU          INTEGERWORDS[  0]    ***   
       MRCC                 IMRCCC         OFF         [  0]    ***   
       MULTIPLICTY          IMULTP              1               ***   
       NACOUPLING           IVCOUP         OFF         [  0]    ***   
       NEGEVAL              IDIE           ABORT       [  0]    ***   
       NEWNORM              INEWNO         OFF         [  0]    ***   
       NON-HF               INONHF         OFF         [  0]    ***   
       NTOP_TAMP            ITOPT2             15               ***   
       NUC_MODEL            INUCMO         POINT       [  0]    ***   
       OCCUPATION           IOCCU   ESTIMATED BY SCF 
       OPEN-SHELL           IOPEN          SPIN-ORBITAL[  0]    ***   
       OPTVIB               IOPTVB         OFF         [  0]    ***   
       ORBITALS             IORBTP         STANDARD    [  0]    ***   
       PARALLEL             IPARAL         ON          [  1]    ***   
       PARA_INT             IPINTS         ON          [  1]    ***   
       PARA_PRINT           IPPRIN              0               ***   
       PERT_ORB             IPTORB         STANDARD    [  0]    ***   
       POINTS               IGRDFD              0               ***   
       PRINT                IPRNT               0               ***   
       PROPS                IPROPS         OFF         [  0]    ***   
       PROP_INTEGR          IINTYP         INTERNAL    [  0]    ***   
       PSI                  IPSI           OFF         [  0]    ***   
       QC_ALG               IQCALG         FLM         [  0]    ***   
       QC_LINALG            IQCLIN         TRIDIAG     [  2]    ***   
       QC_MAXCYC            IQCMAX          10D-100           cycles  
       QC_MAXSCFCY          IQCMSC          10D- 15           cycles  
       QC_RTRUST            IQCRTR          10D-  0           x 10-3  
       QC_SKIPSCF           IQCSKI         OFF         [  0]    ***   
       QC_START             IQCSTA          10D-  1             ***   
       QRHFGUESS            IQGUES         OFF         [  0]    ***   
       QUARTIC              IQUART         OFF         [  0]    ***   
       RAMAN_INT            IRAMIN         OFF         [  0]    ***   
       RAMAN_ORB            IRAMRE         UNRELAXED   [  0]    ***   
       RDO                  IRDOFM         OFF         [  0]    ***   
       REDUCE_REPR          REDREP         Ir          [  0]    ***   
       REFERENCE            IREFNC         RHF         [  0]    ***   
       RELATIVIST           IRELAT         OFF         [  0]    ***   
       RELAX_DENS           IRDENS         OFF         [  0]    ***   
       RESET_FLAGS          IRESET         OFF         [  0]    ***   
       RESTART_CC           ICCRES         OFF         [  0]    ***   
       ROT_EVEC             ROTVEC              0               ***   
       SAVE_INTS            ISVINT         OFF         [  0]    ***   
       SCALE_ON             ISTCRT              0               ***   
       SCF_CONV             ISCFCV          10D- 10             ***   
       SCF_DAMPING          IDAMP               0             x 10-3  
       SCF_EXPORDE          IRPPOR              6               ***   
       SCF_EXPSTAR          IRPPLS              8               ***   
       SCF_EXTRAPO          IRPP           ON          [  1]    ***   
       SCF_MAXCYC           ISCFCY            150              cycles 
       SCF_NOSTOP           ISCFST         OFF         [  0]    ***   
       SCF_PRINT            ISCFPR              0               ***   
       SCF_PROG             ISCFPR         SCF         [  0]    ***   
       SD_FIELD             IFINSD              0             x 10-6  
       SOPERT               IPERSO         OFF         [  0]    ***   
       SPHERICAL            IDFGHI         ON          [  1]    ***   
       SPINORBIT            ISOCAL         OFF         [  0]    ***   
       SPINROTATIO          ISRCON         OFF         [  0]    ***   
       SPIN_FLIP            ISPFLP         OFF         [  0]    ***   
       SPIN_ORBIT           ISPORB         OFF         [  0]    ***   
       SPIN_SCAL            ISCSMP         OFF         [  0]    ***   
       STEEPSCALE           ISTPSC              1000          x 10-3  
       SUBGROUP             ISUBGP         DEFAULT     [  0]    ***   
       SUBGRPAXIS           ISBXYZ         X           [  0]    ***   
       SYMMETRY             ISYM           ON          [  0]    ***   
       SYM_CHECK            ISYMCK         OVERRIDE    [  1]    ***   
       T3_EXTRAPOL          IT3EXT         OFF         [  0]    ***   
       T4_EXTRAPOL          IT4EXP         OFF         [  0]    ***   
       TAMP_SUM             IEVERY              5               ***   
       TESTSUITE            ITESTS         OFF         [  0]    ***   
       THERMOCH             ITHERM         OFF         [  0]    ***   
       TOL_CHOLESK          ITOLCH          10D-  4             ***   
       TRANGRAD             IRESRM         OFF         [  0]    ***   
       TRANS_INV            ITRAIN         USE         [  0]    ***   
       TREAT_PERT           ITREAT         SIMULTANEOUS[  0]    ***   
       TRIP_ALGORI          ITRALG         NORMAL      [  0]    ***   
       UIJ_THRESHO          IUIJTH              1               ***   
       UNITS                IUNITS         ANGSTROM    [  0]    ***   
       UNOS                 IUNOS          OFF         [  0]    ***   
       UPDATE_HESS          IHUPDT         ON          [  1]    ***   
       VIBPHASE             ISETPH         STANDARD    [  0]    ***   
       VIBRATION            IVIB           NO          [  0]    ***   
       VIB_ALGORIT          IGEALG         STANDARD    [  0]    ***   
       VNATORB              IVNORB         OFF         [  0]    ***   
       VTRAN                IVTRAN         FULL/PARTIAL[  0]    ***   
       XFIELD               IXEFLD              0             x 10-6  
       XFORM_TOL            IXFTOL          10D- 11             ***   
       YFIELD               IYEFLD              0             x 10-6  
       ZFIELD               IZEFLD              0             x 10-6  
       ZSCALE_EXP           IZEXPS         OFF         [  0]    ***   
    -------------------------------------------------------------------
   6 entries found in Z-matrix 
   Job Title : Methanol CCSDT/aug-cc-pVTZ                                                      
   There are 12 unique internal coordinates.
   Of these,  0 will be optimized.
   User supplied Z-matrix: 
--------------------------------------------------------------------------------
       SYMBOL    BOND      LENGTH    ANGLE     ANGLE     DIHED     ANGLE
                  TO      (ANGST)    WRT      (DEG)      WRT      (DEG)
--------------------------------------------------------------------------------
        C    
        O          1         rco  
        H          2         roh        1        acoh 
        H          1         rch1       2        aoch1      3        ahh1 
        H          1         rch2       2        aoch2      3        ahh2 
        H          1         rch3       2        aoch3      3        ahh3 
                  *Initial values for internal coordinates* 
                      Name             Value
                        rco             1.4296000000
                        roh             0.9588700000
                        acoh          107.9812000000
                        rch1            1.1922940000
                        aoch1         110.6646000000
                        ahh1           60.0000000000
                        rch2            1.0922940000
                        aoch2         110.6646000000
                        ahh2          180.0000000000
                        rch3            1.0922940000
                        aoch3         110.6646000000
                        ahh3          300.0000000000
--------------------------------------------------------------------------------
   Rotational constants (in cm-1): 
          0.7834716268             0.8094796297             4.0864590964
   Rotational constants (in MHz): 
      23487.8917678308         24267.5921881334        122508.9788655851
********************************************************************************
   The full molecular point group is C1  .
   The largest Abelian subgroup of the full molecular point group is C1  .
   The computational point group is C1  .
********************************************************************************
--------------------------------------------------------------------------------
   Analysis of internal coordinates specified by Z-matrix 
--------------------------------------------------------------------------------
   *The nuclear repulsion energy is   39.815080105535820 a.u.
   *There are  12 degrees of freedom within the tot. symm. molecular subspace.
   *Z-matrix requests optimization of   0 coordinates.
   *The optimization is constrained.
   *The following  12 parameters can have non-zero 
    derivatives within the totally symmetric subspace:
             ahh2 [ 9]  ahh3 [12]  ahh1 [ 6]  aoch2[ 8]  aoch1[ 5]  aoch3[11]
             acoh [ 3]  rch1 [ 4]  rch3 [10]  rch2 [ 7]  roh  [ 2]  rco  [ 1]
   *The following   0 parameters are to be optimized:

   *The following coordinates must be varied in an  unconstrained optimization.
             ahh2 [ 9]  ahh3 [12]  ahh1 [ 6]  aoch2[ 8]  aoch1[ 5]  aoch3[11]
             acoh [ 3]  rch1 [ 4]  rch3 [10]  rch2 [ 7]  roh  [ 2]  rco  [ 1]
--------------------------------------------------------------------------------


 ----------------------------------------------------------------
         Coordinates used in calculation (QCOMP) 
 ----------------------------------------------------------------
 Z-matrix   Atomic            Coordinates (in bohr)
  Symbol    Number           X              Y              Z
 ----------------------------------------------------------------
     C         6        -1.38204392     0.01063450     0.01600322
     O         8         1.31600921    -0.12183908    -0.02072324
     H         1         1.96153391     1.55685855     0.19978442
     H         1        -2.13571742     1.33565174    -1.64315573
     H         1        -2.20687923    -1.86551343    -0.22971401
     H         1        -2.04919817     0.78005463     1.81143052
 ----------------------------------------------------------------
 
   Interatomic distance matrix (Angstroms) 
 
                 C             O             H             H             H    
                [ 1]        [ 2]        [ 3]        [ 4]        [ 5]
  C    [ 1]     0.00000
  O    [ 2]     1.42960     0.00000
  H    [ 3]     1.95180     0.95887     0.00000
  H    [ 4]     1.19229     2.16064     2.38029     0.00000
  H    [ 5]     1.09229     2.08302     2.86308     1.85215     0.00000
  H    [ 6]     1.09229     2.08302     2.32397     1.85215     1.77019
 
                 H    
                [ 6]
  H    [ 6]     0.00000
 rotcon2
   Rotational constants (in cm-1): 
          4.0864590964             0.8094796297             0.7834716268
   Rotational constants (in MHz): 
     122508.9788655851         24267.5921881334         23487.8917678307
  ECPDATA file not present.   Using default ECPDATA. 
  There are   2 frozen-core orbitals.
  There are  184 basis functions.
 @GEOPT-W, Archive file not created for single-point calculation.
 @CHECKOUT-I, Total execution time (CPU/WALL):        0.14/       0.18 seconds.
--executable xjoda finished with status     0 in        0.21 seconds (walltime).
 --invoking executable--
/home/asmola/.local/bin/xvmol
 SERIAL VERSION OF MOLECULE STARTED
********************************************************************************
                    INPUT FROM MOL FILE
********************************************************************************
INTGRL        1    0    1    0    0    0    0    0    0                         
         *** CFOUR Program System (Release V0.1) ***                            
Methanol CCSDT/aug-cc-pVTZ                                                      
    6    0            0.10E-08              0    0                              
   9999.00      3.00                                                            
          6.00000000    1    4    1    1    1    1                              
C #1  -1.382043924480103   0.010634501613278   0.016003223074670                
   11    5                                                                      
   8236.00000000000       5.310000000000000E-004 -1.130000000000000E-004        
  0.000000000000000E+000  0.000000000000000E+000  0.000000000000000E+000        
   1235.00000000000       4.108000000000000E-003 -8.780000000000000E-004        
  0.000000000000000E+000  0.000000000000000E+000  0.000000000000000E+000        
   280.800000000000       2.108700000000000E-002 -4.540000000000000E-003        
  0.000000000000000E+000  0.000000000000000E+000  0.000000000000000E+000        
   79.2700000000000       8.185300000000000E-002 -1.813300000000000E-002        
  0.000000000000000E+000  0.000000000000000E+000  0.000000000000000E+000        
   25.5900000000000       0.234817000000000      -5.576000000000000E-002        
  0.000000000000000E+000  0.000000000000000E+000  0.000000000000000E+000        
   8.99700000000000       0.434401000000000      -0.126895000000000             
  0.000000000000000E+000  0.000000000000000E+000  0.000000000000000E+000        
   3.31900000000000       0.346129000000000      -0.170352000000000             
  0.000000000000000E+000  0.000000000000000E+000  0.000000000000000E+000        
  0.905900000000000       3.937800000000000E-002  0.140382000000000             
   1.00000000000000       0.000000000000000E+000  0.000000000000000E+000        
  0.364300000000000      -8.983000000000000E-003  0.598684000000000             
  0.000000000000000E+000  0.000000000000000E+000  0.000000000000000E+000        
  0.128500000000000       2.385000000000000E-003  0.395389000000000             
  0.000000000000000E+000   1.00000000000000       0.000000000000000E+000        
  4.402000000000000E-002  0.000000000000000E+000  0.000000000000000E+000        
  0.000000000000000E+000  0.000000000000000E+000   1.00000000000000             
    6    4                                                                      
   18.7100000000000       1.403100000000000E-002  0.000000000000000E+000        
  0.000000000000000E+000  0.000000000000000E+000                                
   4.13300000000000       8.686600000000000E-002  0.000000000000000E+000        
  0.000000000000000E+000  0.000000000000000E+000                                
   1.20000000000000       0.290216000000000       0.000000000000000E+000        
  0.000000000000000E+000  0.000000000000000E+000                                
  0.382700000000000       0.501008000000000        1.00000000000000             
  0.000000000000000E+000  0.000000000000000E+000                                
  0.120900000000000       0.343406000000000       0.000000000000000E+000        
   1.00000000000000       0.000000000000000E+000                                
  3.569000000000000E-002  0.000000000000000E+000  0.000000000000000E+000        
  0.000000000000000E+000   1.00000000000000                                     
    3    3                                                                      
   1.09700000000000        1.00000000000000       0.000000000000000E+000        
  0.000000000000000E+000                                                        
  0.318000000000000       0.000000000000000E+000   1.00000000000000             
  0.000000000000000E+000                                                        
  0.100000000000000       0.000000000000000E+000  0.000000000000000E+000        
   1.00000000000000                                                             
    2    2                                                                      
  0.761000000000000        1.00000000000000       0.000000000000000E+000        
  0.268000000000000       0.000000000000000E+000   1.00000000000000             
          8.00000000    1    4    1    1    1    1                              
O #2   1.316009209061944  -0.121839083770769  -0.020723238569108                
   11    5                                                                      
   15330.0000000000       5.080000000000000E-004 -1.150000000000000E-004        
  0.000000000000000E+000  0.000000000000000E+000  0.000000000000000E+000        
   2299.00000000000       3.929000000000000E-003 -8.950000000000000E-004        
  0.000000000000000E+000  0.000000000000000E+000  0.000000000000000E+000        
   522.400000000000       2.024300000000000E-002 -4.636000000000000E-003        
  0.000000000000000E+000  0.000000000000000E+000  0.000000000000000E+000        
   147.300000000000       7.918100000000000E-002 -1.872400000000000E-002        
  0.000000000000000E+000  0.000000000000000E+000  0.000000000000000E+000        
   47.5500000000000       0.230687000000000      -5.846300000000000E-002        
  0.000000000000000E+000  0.000000000000000E+000  0.000000000000000E+000        
   16.7600000000000       0.433118000000000      -0.136463000000000             
  0.000000000000000E+000  0.000000000000000E+000  0.000000000000000E+000        
   6.20700000000000       0.350260000000000      -0.175740000000000             
  0.000000000000000E+000  0.000000000000000E+000  0.000000000000000E+000        
   1.75200000000000       4.272800000000000E-002  0.160934000000000             
   1.00000000000000       0.000000000000000E+000  0.000000000000000E+000        
  0.688200000000000      -8.154000000000000E-003  0.603418000000000             
  0.000000000000000E+000  0.000000000000000E+000  0.000000000000000E+000        
  0.238400000000000       2.381000000000000E-003  0.378765000000000             
  0.000000000000000E+000   1.00000000000000       0.000000000000000E+000        
  7.376000000000001E-002  0.000000000000000E+000  0.000000000000000E+000        
  0.000000000000000E+000  0.000000000000000E+000   1.00000000000000             
    6    4                                                                      
   34.4600000000000       1.592800000000000E-002  0.000000000000000E+000        
  0.000000000000000E+000  0.000000000000000E+000                                
   7.74900000000000       9.974000000000000E-002  0.000000000000000E+000        
  0.000000000000000E+000  0.000000000000000E+000                                
   2.28000000000000       0.310492000000000       0.000000000000000E+000        
  0.000000000000000E+000  0.000000000000000E+000                                
  0.715600000000000       0.491026000000000        1.00000000000000             
  0.000000000000000E+000  0.000000000000000E+000                                
  0.214000000000000       0.336337000000000       0.000000000000000E+000        
   1.00000000000000       0.000000000000000E+000                                
  5.974000000000000E-002  0.000000000000000E+000  0.000000000000000E+000        
  0.000000000000000E+000   1.00000000000000                                     
    3    3                                                                      
   2.31400000000000        1.00000000000000       0.000000000000000E+000        
  0.000000000000000E+000                                                        
  0.645000000000000       0.000000000000000E+000   1.00000000000000             
  0.000000000000000E+000                                                        
  0.214000000000000       0.000000000000000E+000  0.000000000000000E+000        
   1.00000000000000                                                             
    2    2                                                                      
   1.42800000000000        1.00000000000000       0.000000000000000E+000        
  0.500000000000000       0.000000000000000E+000   1.00000000000000             
          1.00000000    1    3    1    1    1                                   
H #3   1.961533908622408   1.556858546485556   0.199784416689699                
    6    4                                                                      
   33.8700000000000       6.068000000000000E-003  0.000000000000000E+000        
  0.000000000000000E+000  0.000000000000000E+000                                
   5.09500000000000       4.530800000000000E-002  0.000000000000000E+000        
  0.000000000000000E+000  0.000000000000000E+000                                
   1.15900000000000       0.202822000000000       0.000000000000000E+000        
  0.000000000000000E+000  0.000000000000000E+000                                
  0.325800000000000       0.503903000000000        1.00000000000000             
  0.000000000000000E+000  0.000000000000000E+000                                
  0.102700000000000       0.383421000000000       0.000000000000000E+000        
   1.00000000000000       0.000000000000000E+000                                
  2.526000000000000E-002  0.000000000000000E+000  0.000000000000000E+000        
  0.000000000000000E+000   1.00000000000000                                     
    3    3                                                                      
   1.40700000000000        1.00000000000000       0.000000000000000E+000        
  0.000000000000000E+000                                                        
  0.388000000000000       0.000000000000000E+000   1.00000000000000             
  0.000000000000000E+000                                                        
  0.102000000000000       0.000000000000000E+000  0.000000000000000E+000        
   1.00000000000000                                                             
    2    2                                                                      
   1.05700000000000        1.00000000000000       0.000000000000000E+000        
  0.247000000000000       0.000000000000000E+000   1.00000000000000             
          1.00000000    1    3    1    1    1                                   
H #4  -2.135717419430551   1.335651736554575  -1.643155727939277                
    6    4                                                                      
   33.8700000000000       6.068000000000000E-003  0.000000000000000E+000        
  0.000000000000000E+000  0.000000000000000E+000                                
   5.09500000000000       4.530800000000000E-002  0.000000000000000E+000        
  0.000000000000000E+000  0.000000000000000E+000                                
   1.15900000000000       0.202822000000000       0.000000000000000E+000        
  0.000000000000000E+000  0.000000000000000E+000                                
  0.325800000000000       0.503903000000000        1.00000000000000             
  0.000000000000000E+000  0.000000000000000E+000                                
  0.102700000000000       0.383421000000000       0.000000000000000E+000        
   1.00000000000000       0.000000000000000E+000                                
  2.526000000000000E-002  0.000000000000000E+000  0.000000000000000E+000        
  0.000000000000000E+000   1.00000000000000                                     
    3    3                                                                      
   1.40700000000000        1.00000000000000       0.000000000000000E+000        
  0.000000000000000E+000                                                        
  0.388000000000000       0.000000000000000E+000   1.00000000000000             
  0.000000000000000E+000                                                        
  0.102000000000000       0.000000000000000E+000  0.000000000000000E+000        
   1.00000000000000                                                             
    2    2                                                                      
   1.05700000000000        1.00000000000000       0.000000000000000E+000        
  0.247000000000000       0.000000000000000E+000   1.00000000000000             
          1.00000000    1    3    1    1    1                                   
H #5  -2.206879234558969  -1.865513429212074  -0.229714014141917                
    6    4                                                                      
   33.8700000000000       6.068000000000000E-003  0.000000000000000E+000        
  0.000000000000000E+000  0.000000000000000E+000                                
   5.09500000000000       4.530800000000000E-002  0.000000000000000E+000        
  0.000000000000000E+000  0.000000000000000E+000                                
   1.15900000000000       0.202822000000000       0.000000000000000E+000        
  0.000000000000000E+000  0.000000000000000E+000                                
  0.325800000000000       0.503903000000000        1.00000000000000             
  0.000000000000000E+000  0.000000000000000E+000                                
  0.102700000000000       0.383421000000000       0.000000000000000E+000        
   1.00000000000000       0.000000000000000E+000                                
  2.526000000000000E-002  0.000000000000000E+000  0.000000000000000E+000        
  0.000000000000000E+000   1.00000000000000                                     
    3    3                                                                      
   1.40700000000000        1.00000000000000       0.000000000000000E+000        
  0.000000000000000E+000                                                        
  0.388000000000000       0.000000000000000E+000   1.00000000000000             
  0.000000000000000E+000                                                        
  0.102000000000000       0.000000000000000E+000  0.000000000000000E+000        
   1.00000000000000                                                             
    2    2                                                                      
   1.05700000000000        1.00000000000000       0.000000000000000E+000        
  0.247000000000000       0.000000000000000E+000   1.00000000000000             
          1.00000000    1    3    1    1    1                                   
H #6  -2.049198165425200   0.780054629221818   1.811430524242370                
    6    4                                                                      
   33.8700000000000       6.068000000000000E-003  0.000000000000000E+000        
  0.000000000000000E+000  0.000000000000000E+000                                
   5.09500000000000       4.530800000000000E-002  0.000000000000000E+000        
  0.000000000000000E+000  0.000000000000000E+000                                
   1.15900000000000       0.202822000000000       0.000000000000000E+000        
  0.000000000000000E+000  0.000000000000000E+000                                
  0.325800000000000       0.503903000000000        1.00000000000000             
  0.000000000000000E+000  0.000000000000000E+000                                
  0.102700000000000       0.383421000000000       0.000000000000000E+000        
   1.00000000000000       0.000000000000000E+000                                
  2.526000000000000E-002  0.000000000000000E+000  0.000000000000000E+000        
  0.000000000000000E+000   1.00000000000000                                     
    3    3                                                                      
   1.40700000000000        1.00000000000000       0.000000000000000E+000        
  0.000000000000000E+000                                                        
  0.388000000000000       0.000000000000000E+000   1.00000000000000             
  0.000000000000000E+000                                                        
  0.102000000000000       0.000000000000000E+000  0.000000000000000E+000        
   1.00000000000000                                                             
    2    2                                                                      
   1.05700000000000        1.00000000000000       0.000000000000000E+000        
  0.247000000000000       0.000000000000000E+000   1.00000000000000             
FINISH                                                                          
 
********************************************************************************
 ONE- AND TWO-ELECTRON INTEGRALS OVER SYMMETRY-ADAPTED AOS ARE CALCULATED.

  SPHERICAL HARMONICS ARE USED.
  
  INTEGRALS LESS THAN  0.10E-13 ARE NEGLECTED.

  NUCLEAR REPULSION ENERGY :   39.8150801055 A.U.
  @MOLECU-I, ONE ELECTRON INTEGRALS (CPU/WALL):        0.07/       0.07 SECONDS.
  @TWOEL-I,  143667076 INTEGRALS OF SYMMETRY TYPE  I I I I
  @TWOEL-I, TOTAL NUMBER OF 2-E INTEGRALS  143667076.
  @MOLECU-I, TWO ELECTRON INTEGRALS (CPU/WALL):      162.81/      26.57 SECONDS.
 @CHECKOUT-I, Total execution time (CPU/WALL):      162.89/      26.66 seconds.

Running with 8 threads/proc

--executable xvmol finished with status     0 in       26.69 seconds (walltime).
 --invoking executable--
/home/asmola/.local/bin/xvmol2ja
 @GETMEM-I,  Allocated   38146 MB of main memory.
 @CHECKOUT-I, Total execution time (CPU/WALL):        0.09/       0.02 seconds.
--executable xvmol2ja finished with status     0 in        0.04 seconds (walltime).
 --invoking executable--
/home/asmola/.local/bin/xvscf
  There are  184 functions in the AO basis.

  There are 1 irreducible representations.

       Irrep        # of functions
         1                184


  Parameters for SCF calculation: 
        SCF reference function:  RHF  
  Maximum number of iterations:  150
     Full symmetry point group: C1  
     Computational point group: C1  
        Initial density matrix: MOREAD                 
     SCF convergence tolerance: 10**(-10)
  DIIS convergence acceleration:  ON
          Latest start for DIIS:   8
                     DIIS order:   6

  Memory information:    1770953 words required.
  Fock matrices are constructed from AO integral file.
 @GETMEM-I,  Allocated      13 MB of main memory.
  Initialization and symmetry analysis required      0.001 seconds.

  @INITGES-I, Occupancies from core Hamiltonian:

          Alpha population by irrep:   9
           Beta population by irrep:   9


 total no. of electrons in initial guess :  0.000000000000000E+000
  --------------------------------------------------------------------
  Iteration         Total Energy            Largest Density Difference
  --------------------------------------------------------------------
       0            39.815080105535820              0.0000000000D+00
       1           -89.502916064567671              0.1652223672D+02
       2           -89.348608601999700              0.8749216790D+02
       3           -97.562647063473435              0.8749361860D+02
       4           -92.880956364406160              0.7510364599D+01
       5           -92.201144628532148              0.8087353693D+01
       6           -91.772521584829860              0.8086828278D+01
       7           -88.153491858045072              0.7637898282D+01
       8           -89.890092916089174              0.7637881898D+01
       9          -104.040291023217378              0.5944746374D+01
      10          -107.587306525700711              0.9461949212D+00
      11          -112.018349043146742              0.1776844779D+01
      12          -114.926326646635175              0.1037917390D+01
      13          -115.065378650903966              0.3844004527D+00
      14          -115.082601881297904              0.1415137431D+00
      15          -115.085171151187353              0.4991235970D-01
      16          -115.085256207012492              0.6952543309D-02
      17          -115.085263377258599              0.2975075367D-02
      18          -115.085263743422672              0.6763048618D-03
      19          -115.085263759541959              0.1257365095D-03
      20          -115.085263760620563              0.3145949849D-04
      21          -115.085263760735785              0.9591023734D-05
      22          -115.085263760744510              0.3392675343D-05
      23          -115.085263760745590              0.8286845052D-06
      24          -115.085263760749569              0.2367794590D-06
      25          -115.085263760745676              0.8174594401D-07
      26          -115.085263760745647              0.2512259600D-07
      27          -115.085263760748802              0.4517799690D-08
      28          -115.085263760748688              0.1539143257D-08
      29          -115.085263760749882              0.6086100790D-09
      30          -115.085263760749541              0.9641617504D-09
      31          -115.085263760748347              0.7579144742D-09
      32          -115.085263760746130              0.4256272140D-09
      33          -115.085263760747466              0.4700291267D-09
      34          -115.085263760747353              0.1769377977D-09
      35          -115.085263760747722              0.1218422030D-09

  SCF has converged.

 Density matrix saved to file den.dat
 total electron number:   18.0000000000003     
     E(SCF)=      -115.085263760747296              0.5559352978D-10

  Eigenvector printing suppressed.

 @PUTMOS-I, Writing converged MOs to NEWMOS. 
 @PUTMOS-I, Symmetry   1 Full Blocks 46 Partial Blocksize   0
 @PUTFOCK-I, Writing converged Fock matrix to NEWFOCK. 
 @PUTFOCK-I, Symmetry   1 Full Blocks 46 Partial Blocksize   0


 
  ORBITAL EIGENVALUES (ALPHA)  (1H = 27.2113834 eV)

       MO #        E(hartree)               E(eV)           FULLSYM    COMPSYM
       ----   --------------------   --------------------   -------   ---------
    1     1         -20.5615349838        -559.5078117373       A         A (1)
    2     2         -11.2857037312        -307.0996111696       A         A (1)
    3     3          -1.3566384990         -36.9160103314       A         A (1)
    4     4          -0.9177051440         -24.9720265207       A         A (1)
    5     5          -0.6865609204         -18.6822724336       A         A (1)
    6     6          -0.6093858941         -16.5822332042       A         A (1)
    7     7          -0.5976415548         -16.2626534830       A         A (1)
    8     8          -0.5018514029         -13.6560709352       A         A (1)
    9     9          -0.4466458502         -12.1538514726       A         A (1)
  +++++++++++++++++++++++++++++++++++++++++++++++++++++++++++++++++++++++++++++
   10    10           0.0285707379           0.7774493041       A         A (1)
   11    11           0.0424918247           1.1562613320       A         A (1)
   12    12           0.0471869950           1.2840234121       A         A (1)
   13    13           0.0531517572           1.4463328428       A         A (1)
   14    14           0.0982409222           2.6732714002       A         A (1)
   15    15           0.1180275957           3.2116941586       A         A (1)
   16    16           0.1277462220           3.4761514247       A         A (1)
   17    17           0.1398379411           3.8051838284       A         A (1)
   18    18           0.1658563834           4.5131816383       A         A (1)
   19    19           0.1731346982           4.7112346523       A         A (1)
   20    20           0.1812250777           4.9313850722       A         A (1)
   21    21           0.2107022163           5.7334987912       A         A (1)
   22    22           0.2134515038           5.8083107062       A         A (1)
   23    23           0.2633223808           7.1653662611       A         A (1)
   24    24           0.2675519400           7.2804584176       A         A (1)
   25    25           0.2928513180           7.9688894921       A         A (1)
   26    26           0.2986444585           8.1265288593       A         A (1)
   27    27           0.3194784953           8.6934518238       A         A (1)
   28    28           0.3220361177           8.7630482686       A         A (1)
   29    29           0.3327454265           9.0544633747       A         A (1)
   30    30           0.3410785895           9.2812202684       A         A (1)
   31    31           0.3503712837           9.5340873328       A         A (1)
   32    32           0.3714400609          10.1073979079       A         A (1)
   33    33           0.3900457018          10.6136831352       A         A (1)
   34    34           0.4071279820          11.0785156101       A         A (1)
   35    35           0.4279645858          11.6455084253       A         A (1)
   36    36           0.4349076545          11.8344389310       A         A (1)
   37    37           0.4387740612          11.9396492048       A         A (1)
   38    38           0.4544534886          12.3663081145       A         A (1)
   39    39           0.4560984208          12.4110689952       A         A (1)
   40    40           0.4838526210          13.1662991778       A         A (1)
   41    41           0.5041798833          13.7194321064       A         A (1)
   42    42           0.5132755040          13.9669365295       A         A (1)
   43    43           0.5184546315          14.1078677540       A         A (1)
   44    44           0.6560113656          17.8509767830       A         A (1)
   45    45           0.6651051868          18.0984322407       A         A (1)
   46    46           0.6764769247          18.4078729589       A         A (1)
   47    47           0.7472352056          20.3333036692       A         A (1)
   48    48           0.7682331944          20.9046879922       A         A (1)
   49    49           0.7771913575          21.1484520029       A         A (1)
   50    50           0.7899341849          21.4952019662       A         A (1)
   51    51           0.8036145899          21.8674647120       A         A (1)
   52    52           0.8426725413          22.9302856033       A         A (1)
   53    53           0.8502256034          23.1358148718       A         A (1)
   54    54           0.8839845948          24.0544437281       A         A (1)
   55    55           0.9002600188          24.4973205305       A         A (1)
   56    56           0.9261350521          25.2014159841       A         A (1)
   57    57           0.9328300045          25.3835948990       A         A (1)
   58    58           0.9446838880          25.7061554685       A         A (1)
   59    59           0.9500153154          25.8512309835       A         A (1)
   60    60           0.9653143521          26.2675389363       A         A (1)
   61    61           0.9733286447          26.4856189260       A         A (1)
   62    62           0.9843777402          26.7862800981       A         A (1)
   63    63           1.0166888484          27.6655100529       A         A (1)
   64    64           1.0399002403          28.2971241363       A         A (1)
   65    65           1.0602902906          28.8519656115       A         A (1)
   66    66           1.0677149265          29.0540002270       A         A (1)
   67    67           1.0948196386          29.7915569405       A         A (1)
   68    68           1.1071220451          30.1263224385       A         A (1)
   69    69           1.1144558868          30.3258864168       A         A (1)
   70    70           1.1322865528          30.8110835079       A         A (1)
   71    71           1.1400490731          31.0223124229       A         A (1)
   72    72           1.1669682926          31.7548216262       A         A (1)
   73    73           1.1903579950          32.3912877863       A         A (1)
   74    74           1.2003851807          32.6641413789       A         A (1)
   75    75           1.2385273686          33.7020430788       A         A (1)
   76    76           1.2909745774          35.1292041860       A         A (1)
   77    77           1.3125118251          35.7152624904       A         A (1)
   78    78           1.3703701664          37.2896679982       A         A (1)
   79    79           1.4101359181          38.3717491135       A         A (1)
   80    80           1.4465170846          39.3617309833       A         A (1)
   81    81           1.5228871889          41.4398671724       A         A (1)
   82    82           1.5473013747          42.1042109426       A         A (1)
   83    83           1.5555997683          42.3300217113       A         A (1)
   84    84           1.5897268207          43.2586660205       A         A (1)
   85    85           1.5968445254          43.4523486110       A         A (1)
   86    86           1.6063296311          43.7104514592       A         A (1)
   87    87           1.6331613940          44.4405808462       A         A (1)
   88    88           1.6390931242          44.6019914320       A         A (1)
   89    89           1.6562059926          45.0676562537       A         A (1)
   90    90           1.6933616317          46.0787125945       A         A (1)
   91    91           1.7313443351          47.1122744991       A         A (1)
   92    92           1.7414219280          47.3864997436       A         A (1)
   93    93           1.8619098186          50.6651419290       A         A (1)
   94    94           1.8924349699          51.4957735265       A         A (1)
   95    95           1.9395741455          52.7784957063       A         A (1)
   96    96           1.9568526224          53.2486669661       A         A (1)
   97    97           2.0240207582          55.0764048614       A         A (1)
   98    98           2.0330648171          55.3225062156       A         A (1)
   99    99           2.0677630061          56.2666919385       A         A (1)
  100   100           2.0900165891          56.8722427194       A         A (1)
  101   101           2.1324170639          58.0260182949       A         A (1)
  102   102           2.1723888911          59.1137070099       A         A (1)
  103   103           2.3744237350          64.6113546064       A         A (1)
  104   104           2.4656620175          67.0940744941       A         A (1)
  105   105           2.4755241028          67.3624354783       A         A (1)
  106   106           2.5073116010          68.2274172793       A         A (1)
  107   107           2.5386948424          69.0813986919       A         A (1)
  108   108           2.5807407758          70.2255267055       A         A (1)
  109   109           2.7178568323          73.9566442897       A         A (1)
  110   110           2.7442627837          74.6751867587       A         A (1)
  111   111           2.7826646625          75.7201550052       A         A (1)
  112   112           2.8285416021          76.9685299967       A         A (1)
  113   113           2.8873637863          78.5691630045       A         A (1)
  114   114           2.9429257149          80.0810799469       A         A (1)
  115   115           2.9971309798          81.5560801900       A         A (1)
  116   116           3.0736753685          83.6389588983       A         A (1)
  117   117           3.1532182481          85.8034306933       A         A (1)
  118   118           3.3139448901          90.1770249697       A         A (1)
  119   119           3.3613466077          91.4668912811       A         A (1)
  120   120           3.5004438220          95.2519189093       A         A (1)
  121   121           3.5396082157          96.3176362421       A         A (1)
  122   122           3.5628108764          96.9490127389       A         A (1)
  123   123           3.6135082637          98.3285587830       A         A (1)
  124   124           3.6406454211          99.0669983768       A         A (1)
  125   125           3.6901283241         100.4134966234       A         A (1)
  126   126           3.7731210269         102.6718428781       A         A (1)
  127   127           3.7887713562         103.0977099891       A         A (1)
  128   128           3.8671346536         105.2300837189       A         A (1)
  129   129           3.9095000204         106.3829039566       A         A (1)
  130   130           3.9382255786         107.1645661360       A         A (1)
  131   131           3.9758492116         108.1883572385       A         A (1)
  132   132           4.0119664585         109.1711574914       A         A (1)
  133   133           4.0530047095         110.2878650722       A         A (1)
  134   134           4.0921840685         111.3539896302       A         A (1)
  135   135           4.1355267019         112.5334026466       A         A (1)
  136   136           4.1628585941         113.2771412444       A         A (1)
  137   137           4.2113483028         114.5966132975       A         A (1)
  138   138           4.2196964458         114.8237778194       A         A (1)
  139   139           4.2401307231         115.3798227730       A         A (1)
  140   140           4.4354029838         120.6934511268       A         A (1)
  141   141           4.4643910505         121.4822565231       A         A (1)
  142   142           4.4735951370         121.7327124498       A         A (1)
  143   143           4.4968983363         122.3668247410       A         A (1)
  144   144           4.5963875275         125.0740632654       A         A (1)
  145   145           4.6109904536         125.4714290863       A         A (1)
  146   146           4.6819773001         127.4030793818       A         A (1)
  147   147           4.7290763223         128.6847089342       A         A (1)
  148   148           4.7428745858         129.0601787732       A         A (1)
  149   149           4.8542960609         132.0921112503       A         A (1)
  150   150           4.9149958793         133.7438372798       A         A (1)
  151   151           4.9294824847         134.1380378551       A         A (1)
  152   152           5.0011453656         136.0880839827       A         A (1)
  153   153           5.0460578191         137.3102139749       A         A (1)
  154   154           5.0842575773         138.3496822403       A         A (1)
  155   155           5.1678423442         140.6241393795       A         A (1)
  156   156           5.2080852192         141.7192036782       A         A (1)
  157   157           5.3240363903         144.8743954516       A         A (1)
  158   158           5.4210209325         147.5134790138       A         A (1)
  159   159           5.4484604077         148.2601450932       A         A (1)
  160   160           5.4672523386         148.7714995312       A         A (1)
  161   161           5.5314318030         150.5179115417       A         A (1)
  162   162           5.5654652496         151.4440087059       A         A (1)
  163   163           5.6892413637         154.8121280027       A         A (1)
  164   164           5.9277319639         161.3017871632       A         A (1)
  165   165           6.0059005577         163.4288627376       A         A (1)
  166   166           6.0856482993         165.5989091093       A         A (1)
  167   167           6.1474615650         167.2809335821       A         A (1)
  168   168           6.5391396987         177.9390374472       A         A (1)
  169   169           6.5673436462         178.7065058762       A         A (1)
  170   170           6.6104301435         179.8789490733       A         A (1)
  171   171           6.8703526559         186.9518002134       A         A (1)
  172   172           6.8919558064         187.5396518244       A         A (1)
  173   173           7.0354254221         191.4436585436       A         A (1)
  174   174           7.2403101851         197.0188563830       A         A (1)
  175   175           7.3080844594         198.8630881438       A         A (1)
  176   176           7.3569091793         200.1916763169       A         A (1)
  177   177           7.4582619209         202.9496246282       A         A (1)
  178   178           7.5111638548         204.3891594321       A         A (1)
  179   179           7.7157761895         209.9569441201       A         A (1)
  180   180           7.8315719404         213.1079066948       A         A (1)
  181   181           8.1008151475         220.4343868322       A         A (1)
  182   182           8.4922595167         231.0861296399       A         A (1)
  183   183          15.4484807058         420.3745314336       A         A (1)
  184   184          17.0103877904         462.8761839460       A         A (1)


  VSCF finished.

 @CHECKOUT-I, Total execution time (CPU/WALL):      106.92/      55.57 seconds.
--executable xvscf finished with status     0 in       55.58 seconds (walltime).
 --invoking executable--
/home/asmola/.local/bin/xvtran
 @GETMEM-I,  Allocated   38146 MB of main memory.
  Full RHF integral transformation
  The following   2 MOs will be dropped:
    1  2
  There are 182 active molecular orbitals.
  Transformation of IIII integrals :
  1 pass through the AO integral file was required.
   143667076 AO integrals were read.
   138669531 MO integrals were written to HF2.
  Summary of active molecular orbitals: 
------------------------------------------------------------------------
 
  Index      Eigenvalue    Symmetry    Index      Eigenvalue    Symmetry
------------------------------------------------------------------------
     1        -1.3566385        1        92         1.8924350        1
     2        -0.9177051        1        93         1.9395741        1
     3        -0.6865609        1        94         1.9568526        1
     4        -0.6093859        1        95         2.0240208        1
     5        -0.5976416        1        96         2.0330648        1
     6        -0.5018514        1        97         2.0677630        1
     7        -0.4466459        1        98         2.0900166        1
     8         0.0285707        1        99         2.1324171        1
     9         0.0424918        1       100         2.1723889        1
    10         0.0471870        1       101         2.3744237        1
    11         0.0531518        1       102         2.4656620        1
    12         0.0982409        1       103         2.4755241        1
    13         0.1180276        1       104         2.5073116        1
    14         0.1277462        1       105         2.5386948        1
    15         0.1398379        1       106         2.5807408        1
    16         0.1658564        1       107         2.7178568        1
    17         0.1731347        1       108         2.7442628        1
    18         0.1812251        1       109         2.7826647        1
    19         0.2107022        1       110         2.8285416        1
    20         0.2134515        1       111         2.8873638        1
    21         0.2633224        1       112         2.9429257        1
    22         0.2675519        1       113         2.9971310        1
    23         0.2928513        1       114         3.0736754        1
    24         0.2986445        1       115         3.1532182        1
    25         0.3194785        1       116         3.3139449        1
    26         0.3220361        1       117         3.3613466        1
    27         0.3327454        1       118         3.5004438        1
    28         0.3410786        1       119         3.5396082        1
    29         0.3503713        1       120         3.5628109        1
    30         0.3714401        1       121         3.6135083        1
    31         0.3900457        1       122         3.6406454        1
    32         0.4071280        1       123         3.6901283        1
    33         0.4279646        1       124         3.7731210        1
    34         0.4349077        1       125         3.7887714        1
    35         0.4387741        1       126         3.8671347        1
    36         0.4544535        1       127         3.9095000        1
    37         0.4560984        1       128         3.9382256        1
    38         0.4838526        1       129         3.9758492        1
    39         0.5041799        1       130         4.0119665        1
    40         0.5132755        1       131         4.0530047        1
    41         0.5184546        1       132         4.0921841        1
    42         0.6560114        1       133         4.1355267        1
    43         0.6651052        1       134         4.1628586        1
    44         0.6764769        1       135         4.2113483        1
    45         0.7472352        1       136         4.2196964        1
    46         0.7682332        1       137         4.2401307        1
    47         0.7771914        1       138         4.4354030        1
    48         0.7899342        1       139         4.4643911        1
    49         0.8036146        1       140         4.4735951        1
    50         0.8426725        1       141         4.4968983        1
    51         0.8502256        1       142         4.5963875        1
    52         0.8839846        1       143         4.6109905        1
    53         0.9002600        1       144         4.6819773        1
    54         0.9261351        1       145         4.7290763        1
    55         0.9328300        1       146         4.7428746        1
    56         0.9446839        1       147         4.8542961        1
    57         0.9500153        1       148         4.9149959        1
    58         0.9653144        1       149         4.9294825        1
    59         0.9733286        1       150         5.0011454        1
    60         0.9843777        1       151         5.0460578        1
    61         1.0166888        1       152         5.0842576        1
    62         1.0399002        1       153         5.1678423        1
    63         1.0602903        1       154         5.2080852        1
    64         1.0677149        1       155         5.3240364        1
    65         1.0948196        1       156         5.4210209        1
    66         1.1071220        1       157         5.4484604        1
    67         1.1144559        1       158         5.4672523        1
    68         1.1322866        1       159         5.5314318        1
    69         1.1400491        1       160         5.5654652        1
    70         1.1669683        1       161         5.6892414        1
    71         1.1903580        1       162         5.9277320        1
    72         1.2003852        1       163         6.0059006        1
    73         1.2385274        1       164         6.0856483        1
    74         1.2909746        1       165         6.1474616        1
    75         1.3125118        1       166         6.5391397        1
    76         1.3703702        1       167         6.5673436        1
    77         1.4101359        1       168         6.6104301        1
    78         1.4465171        1       169         6.8703527        1
    79         1.5228872        1       170         6.8919558        1
    80         1.5473014        1       171         7.0354254        1
    81         1.5555998        1       172         7.2403102        1
    82         1.5897268        1       173         7.3080845        1
    83         1.5968445        1       174         7.3569092        1
    84         1.6063296        1       175         7.4582619        1
    85         1.6331614        1       176         7.5111639        1
    86         1.6390931        1       177         7.7157762        1
    87         1.6562060        1       178         7.8315719        1
    88         1.6933616        1       179         8.1008151        1
    89         1.7313443        1       180         8.4922595        1
    90         1.7414219        1       181        15.4484807        1
    91         1.8619098        1       182        17.0103878        1
------------------------------------------------------------------------
  -1.35663849899677      -0.917705143969015      -0.686560920442754     
 -0.609385894148374      -0.597641554784894      -0.501851402939920     
 -0.446645850156760       2.857073794096354E-002  4.249182465211311E-002
  4.718699498837783E-002  5.315175717356819E-002  9.824092222409410E-002
  0.118027595708627       0.127746221998273       0.139837941071644     
  0.165856383411528       0.173134698191207       0.181225077743724     
  0.210702216307467       0.213451503764587       0.263322380775937     
  0.267551939956176       0.292851317954463       0.298644458455115     
  0.319478495304707       0.322036117745833       0.332745426487151     
  0.341078589501129       0.350371283688258       0.371440060921908     
  0.390045701798822       0.407127981963407       0.427964585780631     
  0.434907654529241       0.438774061181340       0.454453488552640     
  0.456098420751340       0.483852620952914       0.504179883277949     
  0.513275504011129       0.518454631528301       0.656011365557909     
  0.665105186848378       0.676476924687470       0.747235205587878     
  0.768233194353656       0.777191357456455       0.789934184903685     
  0.803614589915161       0.842672541349035       0.850225603443312     
  0.883984594775516       0.900260018772485       0.926135052145516     
  0.932830004481754       0.944683888011276       0.950015315409016     
  0.965314352090814       0.973328644732238       0.984377740167878     
   1.01668884841992        1.03990024028880        1.06029029055232     
   1.06771492650308        1.09481963862418        1.10712204505325     
   1.11445588675087        1.13228655283809        1.14004907309809     
   1.16696829262396        1.19035799504036        1.20038518067146     
   1.23852736861585        1.29097457742713        1.31251182512135     
   1.37037016641432        1.41013591809719        1.44651708458665     
   1.52288718891248        1.54730137470968        1.55559976826929     
   1.58972682074214        1.59684452540459        1.60632963111967     
   1.63316139400043        1.63909312424164        1.65620599258958     
   1.69336163168121        1.73134433507234        1.74142192798544     
   1.86190981855752        1.89243496993713        1.93957414551374     
   1.95685262242514        2.02402075821616        2.03306481711551     
   2.06776300607100        2.09001658913960        2.13241706391590     
   2.17238889110872        2.37442373497377        2.46566201754146     
   2.47552410284081        2.50731160104398        2.53869484239140     
   2.58074077577127        2.71785683228873        2.74426278374151     
   2.78266466251155        2.82854160206606        2.88736378630963     
   2.94292571493993        2.99713097975131        3.07367536846040     
   3.15321824811411        3.31394489005118        3.36134660765061     
   3.50044382195311        3.53960821565867        3.56281087638066     
   3.61350826371563        3.64064542109248        3.69012832414029     
   3.77312102692076        3.78877135622266        3.86713465361506     
   3.90950002037081        3.93822557863711        3.97584921163931     
   4.01196645854469        4.05300470949995        4.09218406845952     
   4.13552670190930        4.16285859411147        4.21134830276445     
   4.21969644584082        4.24013072312053        4.43540298384060     
   4.46439105051556        4.47359513702008        4.49689833634146     
   4.59638752748726        4.61099045358855        4.68197730005189     
   4.72907632230997        4.74287458583106        4.85429606090014     
   4.91499587925564        4.92948248471116        5.00114536560947     
   5.04605781912850        5.08425757730278        5.16784234422470     
   5.20808521915256        5.32403639028470        5.42102093250285     
   5.44846040768217        5.46725233863768        5.53143180297370     
   5.56546524958913        5.68924136369638        5.92773196393920     
   6.00590055769259        6.08564829928141        6.14746156500494     
   6.53913969868898        6.56734364619522        6.61043014348706     
   6.87035265591734        6.89195580642136        7.03542542212514     
   7.24031018514704        7.30808445938066        7.35690917930035     
   7.45826192093488        7.51116385475847        7.71577618946288     
   7.83157194039432        8.10081514753892        8.49225951665230     
   15.4484807058222        17.0103877903522     
 @CHECKOUT-I, Total execution time (CPU/WALL):      267.38/     216.34 seconds.
--executable xvtran finished with status     0 in      216.37 seconds (walltime).
 --invoking executable--
/home/asmola/.local/bin/xintprc
 @GETMEM-I,  Allocated   38146 MB of main memory.
  @GMOIAA-I, Processing MO integrals for spin case AA.
  @GMOIAA-I, Generation of integral list completed.
                      TYPE                NUMBER
                      ----               --------
                      PPPP             118587700
                      PPPH              18865000
                      PPHH                750925
                      PHPH                431200
                      PHHH                 34300
                      HHHH                   406

                     TOTAL             138669531

  @FORMT2-I, Second-order MP correlation energies:
            ------------------------------------------------
            E(SCF)                  =   -115.085263760747 a.u.
            E2(AA)                  =     -0.050019617990 a.u.
            E2(AB)                  =     -0.337914814998 a.u.
            E2(TOT)                 =     -0.437954050977 a.u.
            Total MP2 energy        =   -115.523217811725 a.u.
            ------------------------------------------------
   Largest T2 amplitudes for spin case AB:
       _       _                 _       _                 _       _
   i   j   a   b             i   j   a   b             i   j   a   b
-----------------------------------------------------------------------------
[  5   5  39  39]-0.01438 [  3   3  39  39]-0.01080 [  6   6  39  39]-0.00934
[  4   4  35  35]-0.00912 [  7   7  40  40]-0.00818 [  6   6  45  45]-0.00811
[  2   2  39  39]-0.00793 [  7   7  43  43]-0.00773 [  5   5  41  39] 0.00740
[  5   5  39  41] 0.00740 [  4   4  43  43]-0.00740 [  4   4  35  20] 0.00718
[  4   4  20  35] 0.00718 [  5   5  41  41]-0.00693 [  4   4  20  20]-0.00691
-----------------------------------------------------------------------------
   Norm of T2AB vector (  1500625 symmetry allowed elements):  0.2980583710.
-----------------------------------------------------------------------------
 @CHECKOUT-I, Total execution time (CPU/WALL):       16.11/      23.36 seconds.
--executable xintprc finished with status     0 in       23.39 seconds (walltime).
  calling xvcc 
 --invoking executable--
/home/asmola/.local/bin/xvcc
 @GETMEM-I,  Allocated   38146 MB of main memory.
   CCSDT   energy will be calculated.
   The total correlation energy is -0.437954050977 a.u.
   The total correlation energy is -0.459188309821 a.u.
  Convergence information after     1 iterations: 
  Largest element of residual vector :  0.70813850E-02.
  Largest element of DIIS residual   :  0.70813850E-02.
   The total correlation energy is -0.468694946824 a.u.
  Convergence information after     2 iterations: 
  Largest element of residual vector :  0.12160507E-02.
  Largest element of DIIS residual   : -0.11041219E-02.
   The total correlation energy is -0.471214530670 a.u.
  Convergence information after     3 iterations: 
  Largest element of residual vector :  0.13048269E-02.
  Largest element of DIIS residual   :  0.93104554E-03.
   The total correlation energy is -0.472073741046 a.u.
  Convergence information after     4 iterations: 
  Largest element of residual vector :  0.21608572E-03.
  Largest element of DIIS residual   : -0.12648886E-03.
   The total correlation energy is -0.472173339743 a.u.
  Convergence information after     5 iterations: 
  Largest element of residual vector :  0.11717846E-03.
  Largest element of DIIS residual   :  0.59252561E-04.
   The total correlation energy is -0.472188108389 a.u.
  Convergence information after     6 iterations: 
  Largest element of residual vector : -0.26657615E-04.
  Largest element of DIIS residual   : -0.25368708E-04.
   The total correlation energy is -0.472190623943 a.u.
  Convergence information after     7 iterations: 
  Largest element of residual vector : -0.10813910E-04.
  Largest element of DIIS residual   : -0.81880308E-05.
   The total correlation energy is -0.472191207150 a.u.
  Convergence information after     8 iterations: 
  Largest element of residual vector :  0.49932433E-05.
  Largest element of DIIS residual   :  0.36505982E-05.
   The total correlation energy is -0.472191649793 a.u.
  Convergence information after     9 iterations: 
  Largest element of residual vector : -0.23879257E-05.
  Largest element of DIIS residual   : -0.16681591E-05.
   The total correlation energy is -0.472191919659 a.u.
  Convergence information after    10 iterations: 
  Largest element of residual vector :  0.82668522E-06.
  Largest element of DIIS residual   :  0.41000427E-06.
   The total correlation energy is -0.472192097744 a.u.
  Convergence information after    11 iterations: 
  Largest element of residual vector : -0.34577658E-06.
  Largest element of DIIS residual   : -0.16980547E-06.
   The total correlation energy is -0.472192134576 a.u.
  Convergence information after    12 iterations: 
  Largest element of residual vector :  0.12157729E-06.
  Largest element of DIIS residual   : -0.89856949E-07.
   The total correlation energy is -0.472192174124 a.u.
  Convergence information after    13 iterations: 
  Largest element of residual vector : -0.77451401E-07.
  Largest element of DIIS residual   :  0.70614485E-07.
   The total correlation energy is -0.472192178985 a.u.
  Convergence information after    14 iterations: 
  Largest element of residual vector :  0.61922392E-07.
  Largest element of DIIS residual   :  0.22471231E-07.
   The total correlation energy is -0.472192185547 a.u.
  Convergence information after    15 iterations: 
  Largest element of residual vector : -0.44236134E-07.
  Largest element of DIIS residual   :  0.10117115E-07.
   The total correlation energy is -0.472192184265 a.u.
  Convergence information after    16 iterations: 
  Largest element of residual vector :  0.38009894E-07.
  Largest element of DIIS residual   :  0.84998693E-08.
   The total correlation energy is -0.472192186577 a.u.
  Convergence information after    17 iterations: 
  Largest element of residual vector : -0.29233126E-07.
  Largest element of DIIS residual   :  0.47684024E-08.
   The total correlation energy is -0.472192185441 a.u.
  Convergence information after    18 iterations: 
  Largest element of residual vector :  0.26753133E-07.
  Largest element of DIIS residual   : -0.23712687E-08.
   The total correlation energy is -0.472192186386 a.u.
  Convergence information after    19 iterations: 
  Largest element of residual vector : -0.20923659E-07.
  Largest element of DIIS residual   :  0.13585746E-08.
   The total correlation energy is -0.472192185549 a.u.
  Convergence information after    20 iterations: 
  Largest element of residual vector :  0.19335793E-07.
  Largest element of DIIS residual   :  0.10753626E-08.
   The total correlation energy is -0.472192186078 a.u.
  Convergence information after    21 iterations: 
  Largest element of residual vector : -0.15575358E-07.
  Largest element of DIIS residual   :  0.54109869E-09.
   The total correlation energy is -0.472192185555 a.u.
  Convergence information after    22 iterations: 
  Largest element of residual vector :  0.14443572E-07.
  Largest element of DIIS residual   : -0.36851627E-09.
   The total correlation energy is -0.472192185916 a.u.
  Convergence information after    23 iterations: 
  Largest element of residual vector : -0.12236085E-07.
  Largest element of DIIS residual   :  0.16132956E-09.
   The total correlation energy is -0.472192185602 a.u.
  Convergence information after    24 iterations: 
  Largest element of residual vector :  0.11055479E-07.
  Largest element of DIIS residual   : -0.13093587E-09.
   The total correlation energy is -0.472192185839 a.u.
  Convergence information after    25 iterations: 
  Largest element of residual vector : -0.10000344E-07.
  Largest element of DIIS residual   :  0.96373829E-10.
   The total correlation energy is -0.472192185642 a.u.
  Convergence information after    26 iterations: 
  Largest element of residual vector :  0.86853086E-08.
  Largest element of DIIS residual   : -0.58346308E-10.
   The total correlation energy is -0.472192185798 a.u.
  Convergence information after    27 iterations: 
  Largest element of residual vector : -0.84180465E-08.
  Largest element of DIIS residual   :  0.88092604E-10.
   The total correlation energy is -0.472192185670 a.u.
  Convergence information after    28 iterations: 
  Largest element of residual vector :  0.70030379E-08.
  Largest element of DIIS residual   :  0.47297576E-10.
   The total correlation energy is -0.472192185776 a.u.
  Convergence information after    29 iterations: 
  Largest element of residual vector : -0.72232216E-08.
  Largest element of DIIS residual   :  0.87757305E-10.
   The total correlation energy is -0.472192185688 a.u.
  Convergence information after    30 iterations: 
  Largest element of residual vector :  0.58281026E-08.
  Largest element of DIIS residual   :  0.32494887E-10.
   The total correlation energy is -0.472192185764 a.u.
  Convergence information after    31 iterations: 
  Largest element of residual vector : -0.59623810E-08.
  Largest element of DIIS residual   : -0.61666713E-10.
   The total correlation energy is -0.472192185698 a.u.
  Convergence information after    32 iterations: 
  Largest element of residual vector :  0.51382700E-08.
  Largest element of DIIS residual   :  0.32393423E-10.
   The total correlation energy is -0.472192185752 a.u.
  Convergence information after    33 iterations: 
  Largest element of residual vector : -0.48079499E-08.
  Largest element of DIIS residual   : -0.73697995E-10.
   The total correlation energy is -0.472192185702 a.u.
  Convergence information after    34 iterations: 
  Largest element of residual vector :  0.45035652E-08.
  Largest element of DIIS residual   : -0.37498498E-10.
   The total correlation energy is -0.472192185744 a.u.
  Convergence information after    35 iterations: 
  Largest element of residual vector : -0.41335269E-08.
  Largest element of DIIS residual   : -0.63272587E-10.
   The total correlation energy is -0.472192185707 a.u.
  Convergence information after    36 iterations: 
  Largest element of residual vector :  0.37749682E-08.
  Largest element of DIIS residual   : -0.52281301E-10.
   The total correlation energy is -0.472192185739 a.u.
  Convergence information after    37 iterations: 
  Largest element of residual vector : -0.37043815E-08.
  Largest element of DIIS residual   : -0.28389314E-10.
   The total correlation energy is -0.472192185716 a.u.
  Convergence information after    38 iterations: 
  Largest element of residual vector :  0.29605734E-08.
  Largest element of DIIS residual   : -0.25217303E-10.
   The total correlation energy is -0.472192185740 a.u.
  Convergence information after    39 iterations: 
  Largest element of residual vector : -0.36768572E-08.
  Largest element of DIIS residual   : -0.13667674E-10.
   The total correlation energy is -0.472192185720 a.u.
  Convergence information after    40 iterations: 
  Largest element of residual vector :  0.23472291E-08.
  Largest element of DIIS residual   : -0.12908107E-10.
   The total correlation energy is -0.472192185739 a.u.
  Convergence information after    41 iterations: 
  Largest element of residual vector : -0.34605060E-08.
  Largest element of DIIS residual   :  0.10319596E-10.
   The total correlation energy is -0.472192185722 a.u.
  Convergence information after    42 iterations: 
  Largest element of residual vector :  0.20325378E-08.
  Largest element of DIIS residual   :  0.97283614E-11.
   The total correlation energy is -0.472192185737 a.u.
  Convergence information after    43 iterations: 
  Largest element of residual vector : -0.31686894E-08.
  Largest element of DIIS residual   : -0.48331299E-11.
   The total correlation energy is -0.472192185724 a.u.
  Convergence information after    44 iterations: 
  Largest element of residual vector :  0.17713841E-08.
  Largest element of DIIS residual   :  0.54772243E-11.
   The total correlation energy is -0.472192185735 a.u.
  Convergence information after    45 iterations: 
  Largest element of residual vector : -0.29375928E-08.
  Largest element of DIIS residual   : -0.28680872E-11.
   The total correlation energy is -0.472192185725 a.u.
  Convergence information after    46 iterations: 
  Largest element of residual vector :  0.15123872E-08.
  Largest element of DIIS residual   : -0.95692000E-11.
   The total correlation energy is -0.472192185734 a.u.
  Convergence information after    47 iterations: 
  Largest element of residual vector : -0.26955298E-08.
  Largest element of DIIS residual   :  0.22895194E-11.
   The total correlation energy is -0.472192185726 a.u.
  Convergence information after    48 iterations: 
  Largest element of residual vector :  0.13613880E-08.
  Largest element of DIIS residual   : -0.40953224E-11.
   The total correlation energy is -0.472192185733 a.u.
  Convergence information after    49 iterations: 
  Largest element of residual vector : -0.24850630E-08.
  Largest element of DIIS residual   :  0.13138992E-11.
   The total correlation energy is -0.472192185726 a.u.
  Convergence information after    50 iterations: 
  Largest element of residual vector :  0.12051023E-08.
  Largest element of DIIS residual   :  0.59913411E-11.
   The total correlation energy is -0.472192185732 a.u.
  Convergence information after    51 iterations: 
  Largest element of residual vector : -0.22793452E-08.
  Largest element of DIIS residual   : -0.28487852E-11.
   The total correlation energy is -0.472192185727 a.u.
  Convergence information after    52 iterations: 
  Largest element of residual vector :  0.10979143E-08.
  Largest element of DIIS residual   : -0.35646742E-11.
   The total correlation energy is -0.472192185732 a.u.
  Convergence information after    53 iterations: 
  Largest element of residual vector : -0.21189578E-08.
  Largest element of DIIS residual   :  0.13280144E-11.
   The total correlation energy is -0.472192185727 a.u.
  Convergence information after    54 iterations: 
  Largest element of residual vector :  0.96760160E-09.
  Largest element of DIIS residual   :  0.22674979E-11.
   The total correlation energy is -0.472192185731 a.u.
  Convergence information after    55 iterations: 
  Largest element of residual vector : -0.19824345E-08.
  Largest element of DIIS residual   :  0.40828267E-12.
   The total correlation energy is -0.472192185727 a.u.
  Convergence information after    56 iterations: 
  Largest element of residual vector :  0.85691958E-09.
  Largest element of DIIS residual   : -0.96356309E-12.
   The total correlation energy is -0.472192185731 a.u.
  Convergence information after    57 iterations: 
  Largest element of residual vector : -0.18614839E-08.
  Largest element of DIIS residual   : -0.88266739E-12.
   The total correlation energy is -0.472192185728 a.u.
  Convergence information after    58 iterations: 
  Largest element of residual vector :  0.75031717E-09.
  Largest element of DIIS residual   :  0.70931068E-12.
   The total correlation energy is -0.472192185731 a.u.
  Convergence information after    59 iterations: 
  Largest element of residual vector : -0.17548969E-08.
  Largest element of DIIS residual   :  0.41395017E-12.
   The total correlation energy is -0.472192185728 a.u.
  Convergence information after    60 iterations: 
  Largest element of residual vector :  0.64746328E-09.
  Largest element of DIIS residual   : -0.38105636E-12.
   The total correlation energy is -0.472192185731 a.u.
  Convergence information after    61 iterations: 
  Largest element of residual vector : -0.16642008E-08.
  Largest element of DIIS residual   : -0.41759930E-12.
   The total correlation energy is -0.472192185728 a.u.
  Convergence information after    62 iterations: 
  Largest element of residual vector :  0.55393266E-09.
  Largest element of DIIS residual   :  0.10373683E-11.
   The total correlation energy is -0.472192185731 a.u.
  Convergence information after    63 iterations: 
  Largest element of residual vector : -0.15505101E-08.
  Largest element of DIIS residual   : -0.32571443E-12.
   The total correlation energy is -0.472192185728 a.u.
  Convergence information after    64 iterations: 
  Largest element of residual vector :  0.48295077E-09.
  Largest element of DIIS residual   :  0.40690634E-12.
   The total correlation energy is -0.472192185730 a.u.
  Convergence information after    65 iterations: 
  Largest element of residual vector : -0.14806070E-08.
  Largest element of DIIS residual   :  0.27378103E-12.
   The total correlation energy is -0.472192185728 a.u.
  Convergence information after    66 iterations: 
  Largest element of residual vector :  0.41038989E-09.
  Largest element of DIIS residual   :  0.14268908E-11.
   The total correlation energy is -0.472192185730 a.u.
  Convergence information after    67 iterations: 
  Largest element of residual vector : -0.14083129E-08.
  Largest element of DIIS residual   :  0.66111660E-12.
   The total correlation energy is -0.472192185728 a.u.
  Convergence information after    68 iterations: 
  Largest element of residual vector :  0.33657894E-09.
  Largest element of DIIS residual   : -0.68352189E-12.
   The total correlation energy is -0.472192185730 a.u.
  Convergence information after    69 iterations: 
  Largest element of residual vector : -0.13356581E-08.
  Largest element of DIIS residual   :  0.12312016E-12.
   The total correlation energy is -0.472192185728 a.u.
  Convergence information after    70 iterations: 
  Largest element of residual vector :  0.27837671E-09.
  Largest element of DIIS residual   :  0.71952994E-12.
   The total correlation energy is -0.472192185730 a.u.
  Convergence information after    71 iterations: 
  Largest element of residual vector : -0.12713565E-08.
  Largest element of DIIS residual   :  0.43480172E-12.
   The total correlation energy is -0.472192185729 a.u.
  Convergence information after    72 iterations: 
  Largest element of residual vector :  0.22390191E-09.
  Largest element of DIIS residual   : -0.11207391E-11.
   The total correlation energy is -0.472192185730 a.u.
  Convergence information after    73 iterations: 
  Largest element of residual vector : -0.12076901E-08.
  Largest element of DIIS residual   :  0.47189590E-12.
   The total correlation energy is -0.472192185729 a.u.
  Convergence information after    74 iterations: 
  Largest element of residual vector :  0.17341172E-09.
  Largest element of DIIS residual   :  0.39784873E-12.
   The total correlation energy is -0.472192185730 a.u.
  Convergence information after    75 iterations: 
  Largest element of residual vector : -0.11574378E-08.
  Largest element of DIIS residual   :  0.86071698E-13.
   The total correlation energy is -0.472192185729 a.u.
  Convergence information after    76 iterations: 
  Largest element of residual vector :  0.12377688E-09.
  Largest element of DIIS residual   : -0.83482137E-12.
   The total correlation energy is -0.472192185730 a.u.
  Convergence information after    77 iterations: 
  Largest element of residual vector : -0.11015269E-08.
  Largest element of DIIS residual   : -0.23851029E-12.
   The total correlation energy is -0.472192185729 a.u.
  Convergence information after    78 iterations: 
  Largest element of residual vector :  0.80855019E-10.
  Largest element of DIIS residual   : -0.63800714E-12.
  Amplitude equations converged in    78iterations.
   The total correlation energy is -0.472192185729 a.u.
   The CC iterations have converged.

   Largest T1 amplitudes for spin case AA:
   i       a                 i       a                 i       a    
-----------------------------------------------------------------------------
[  7      18    ] 0.01082 [  7      40    ] 0.00642 [  4      40    ]-0.00638
[  4      18    ]-0.00586 [  4      35    ]-0.00572 [  4      20    ] 0.00570
[  4      43    ]-0.00567 [  6      16    ]-0.00517 [  5      22    ]-0.00505
[  5      39    ] 0.00499 [  4      28    ]-0.00494 [  5      19    ]-0.00423
[  4      23    ]-0.00422 [  7      37    ]-0.00394 [  7      23    ] 0.00387
-----------------------------------------------------------------------------
   Norm of T1AA vector (     1225 symmetry allowed elements):  0.0361693142.
-----------------------------------------------------------------------------
   Largest T2 amplitudes for spin case AB:
       _       _                 _       _                 _       _
   i   j   a   b             i   j   a   b             i   j   a   b
-----------------------------------------------------------------------------
[  5   5  39  39]-0.01749 [  3   3  39  39]-0.01280 [  6   6  39  39]-0.01140
[  4   4  35  35]-0.01136 [  6   6  45  45]-0.00986 [  7   7  43  43]-0.00960
[  2   2  39  39]-0.00944 [  5   5  41  39] 0.00932 [  5   5  39  41] 0.00932
[  7   7  40  40]-0.00915 [  4   4  35  20] 0.00887 [  4   4  20  35] 0.00887
[  4   4  43  43]-0.00863 [  5   5  39  22] 0.00856 [  5   5  22  39] 0.00856
-----------------------------------------------------------------------------
   Norm of T2AB vector (  1500625 symmetry allowed elements):  0.3467279037.
-----------------------------------------------------------------------------
       Summary of iterative solution of CC equations 
      -----------------------------------------------------------
                       Correlation           Total
       Iteration         Energy              Energy
      -----------------------------------------------------------
            0        -0.437954050977    -115.523217811725  DIIS 
            1        -0.459188309821    -115.544452070568  DIIS 
            2        -0.468694946824    -115.553958707571  DIIS 
            3        -0.471214530670    -115.556478291417  DIIS 
            4        -0.472073741046    -115.557337501793  DIIS 
            5        -0.472173339743    -115.557437100491  DIIS 
            6        -0.472188108389    -115.557451869136  DIIS 
            7        -0.472190623943    -115.557454384691  DIIS 
            8        -0.472191207150    -115.557454967898  DIIS 
            9        -0.472191649793    -115.557455410540  DIIS 
           10        -0.472191919659    -115.557455680406  DIIS 
           11        -0.472192097744    -115.557455858491  DIIS 
           12        -0.472192134576    -115.557455895323  DIIS 
           13        -0.472192174124    -115.557455934872  DIIS 
           14        -0.472192178985    -115.557455939733  DIIS 
           15        -0.472192185547    -115.557455946294  DIIS 
           16        -0.472192184265    -115.557455945013  DIIS 
           17        -0.472192186577    -115.557455947324  DIIS 
           18        -0.472192185441    -115.557455946188  DIIS 
           19        -0.472192186386    -115.557455947134  DIIS 
           20        -0.472192185549    -115.557455946296  DIIS 
           21        -0.472192186078    -115.557455946825  DIIS 
           22        -0.472192185555    -115.557455946302  DIIS 
           23        -0.472192185916    -115.557455946663  DIIS 
           24        -0.472192185602    -115.557455946349  DIIS 
           25        -0.472192185839    -115.557455946586  DIIS 
           26        -0.472192185642    -115.557455946389  DIIS 
           27        -0.472192185798    -115.557455946546  DIIS 
           28        -0.472192185670    -115.557455946418  DIIS 
           29        -0.472192185776    -115.557455946524  DIIS 
           30        -0.472192185688    -115.557455946436  DIIS 
           31        -0.472192185764    -115.557455946511  DIIS 
           32        -0.472192185698    -115.557455946445  DIIS 
           33        -0.472192185752    -115.557455946499  DIIS 
           34        -0.472192185702    -115.557455946450  DIIS 
           35        -0.472192185744    -115.557455946491  DIIS 
           36        -0.472192185707    -115.557455946454  DIIS 
           37        -0.472192185739    -115.557455946486  DIIS 
           38        -0.472192185716    -115.557455946463  DIIS 
           39        -0.472192185740    -115.557455946487  DIIS 
           40        -0.472192185720    -115.557455946467  DIIS 
           41        -0.472192185739    -115.557455946486  DIIS 
           42        -0.472192185722    -115.557455946470  DIIS 
           43        -0.472192185737    -115.557455946484  DIIS 
           44        -0.472192185724    -115.557455946471  DIIS 
           45        -0.472192185735    -115.557455946483  DIIS 
           46        -0.472192185725    -115.557455946473  DIIS 
           47        -0.472192185734    -115.557455946481  DIIS 
           48        -0.472192185726    -115.557455946473  DIIS 
           49        -0.472192185733    -115.557455946481  DIIS 
           50        -0.472192185726    -115.557455946474  DIIS 
           51        -0.472192185732    -115.557455946480  DIIS 
           52        -0.472192185727    -115.557455946474  DIIS 
           53        -0.472192185732    -115.557455946479  DIIS 
           54        -0.472192185727    -115.557455946474  DIIS 
           55        -0.472192185731    -115.557455946479  DIIS 
           56        -0.472192185727    -115.557455946475  DIIS 
           57        -0.472192185731    -115.557455946478  DIIS 
           58        -0.472192185728    -115.557455946475  DIIS 
           59        -0.472192185731    -115.557455946478  DIIS 
           60        -0.472192185728    -115.557455946475  DIIS 
           61        -0.472192185731    -115.557455946478  DIIS 
           62        -0.472192185728    -115.557455946475  DIIS 
           63        -0.472192185731    -115.557455946478  DIIS 
           64        -0.472192185728    -115.557455946475  DIIS 
           65        -0.472192185730    -115.557455946478  DIIS 
           66        -0.472192185728    -115.557455946476  DIIS 
           67        -0.472192185730    -115.557455946478  DIIS 
           68        -0.472192185728    -115.557455946476  DIIS 
           69        -0.472192185730    -115.557455946477  DIIS 
           70        -0.472192185728    -115.557455946476  DIIS 
           71        -0.472192185730    -115.557455946477  DIIS 
           72        -0.472192185729    -115.557455946476  DIIS 
           73        -0.472192185730    -115.557455946477  DIIS 
           74        -0.472192185729    -115.557455946476  DIIS 
           75        -0.472192185730    -115.557455946477  DIIS 
           76        -0.472192185729    -115.557455946476  DIIS 
           77        -0.472192185730    -115.557455946477  DIIS 
           78        -0.472192185729    -115.557455946476  DIIS 
      -----------------------------------------------------------
      A miracle has come to pass. The CC iterations have converged.
      The reference energy is      -115.08526376074730 a.u.
      The correlation energy is      -0.47219218572874 a.u.
      The total energy is          -115.55745594647603 a.u.
 @CHECKOUT-I, Total execution time (CPU/WALL):   363191.91/  104474.65 seconds.
--executable xvcc finished with status     0 in   104474.69 seconds (walltime).
  The final electronic energy is      -115.557455946476026 a.u. 
  This computation required                       104797.86 seconds (walltime).
