                   210                     0
   2.00340520237129     
 -3.967729050991671E-003
   1.24542718395376     
  2.540014783880482E-003
 -2.211123763190401E-002
  4.056619576631520E-004
 -9.729089813349990E-003
 -0.180108395648209     
  3.168594346825699E-003
  7.313457431616027E-002
 -1.528905079756062E-003
 -9.977649303934940E-003
  1.485082600035259E-004
  6.319329279579265E-003
  1.409492118116267E-003
  5.086878655546433E-003
 -0.114235842274247     
  2.316435399224944E-003
 -0.134501402154340     
 -9.277443536241639E-003
  0.631351876807530     
  7.925080675563113E-004
 -2.191549603874863E-002
 -1.268294356188095E-003
 -1.794612158991503E-002
 -1.165921547988160E-002
  3.135945214098180E-002
  0.914245518408402     
 -1.415284110297966E-003
  2.930210906971844E-002
  1.179382258738785E-003
  1.685401488412407E-002
 -5.091481701073868E-004
 -1.381202400688691E-002
  4.182078598038998E-002
  0.881408185716294     
 -7.021165380617882E-003
  2.833264126534172E-003
 -1.040714937489909E-004
  1.060746231983070E-002
  1.152013268728855E-003
 -4.015451778536438E-002
  1.143410619016451E-003
  1.307434938568698E-003
  2.916114883187763E-003
 -1.476416069841887E-003
  4.659913888092037E-004
  2.119466260704516E-005
  8.807128738215273E-004
  3.501158328175498E-004
 -2.958737043519237E-003
 -2.233536421421958E-002
 -3.400061514630019E-003
  1.289117179014052E-004
  5.652001972274108E-004
  2.243691212857037E-003
 -3.406471155909328E-003
  3.454640784923234E-005
 -2.542471294699150E-004
  3.759853234151379E-005
  2.119604146287612E-003
 -3.570189537418611E-003
 -1.873084248240132E-002
 -1.532832857384622E-004
  1.276269133595220E-004
  4.258136692633910E-004
 -6.128183284292193E-003
 -2.474298416822096E-002
  3.460017980182501E-004
  3.008929387452170E-002
  2.304812050297781E-003
 -9.816088797211264E-002
  1.301931053657649E-002
  5.824130416318817E-003
  6.869383214932559E-003
  3.198932310660051E-005
 -3.701401178844378E-004
  1.768227911255785E-002
 -1.517464352716226E-003
  5.876643380488327E-003
 -5.668835709677023E-005
 -3.520906319843383E-003
 -2.833032264463694E-003
 -1.751371043756295E-002
  2.471303307566467E-002
 -1.683144263720411E-004
 -2.971325605345223E-004
 -5.960379341677577E-004
 -1.785290482769172E-004
  1.206335146184178E-003
  9.055093545167437E-003
  1.385594406394399E-003
 -9.733495495950935E-003
  2.849601420340769E-004
  4.815815707674349E-003
 -2.698071024195036E-004
 -4.199286124661880E-004
  3.745832634967847E-004
  1.424267172962530E-002
 -7.043455930706352E-005
 -2.124266315720128E-004
  1.869615895252136E-004
  1.187341259507080E-003
 -2.901385958045430E-003
  3.429245798239801E-002
 -4.983836406637622E-004
 -4.018505889147449E-003
  6.450983366533189E-005
  1.319591022228057E-004
  2.432974630505776E-004
  4.640092877919614E-003
 -1.362303986691013E-003
 -3.107759519635078E-004
 -1.460516036558915E-004
  2.601974061438341E-005
  3.114600851864671E-005
 -4.692037270119244E-004
 -8.919816720300261E-004
  9.134405995641021E-006
  1.121938271348070E-004
  1.110553748939605E-004
 -1.507958055806072E-003
  1.108978230475046E-005
 -1.116520000002541E-003
 -8.953940103350395E-004
 -1.462545777865210E-003
  2.205622954680248E-002
 -6.302740598173543E-004
 -1.793183121725410E-004
 -5.452134566390262E-004
 -6.431487011071873E-005
  2.747909061575849E-004
  2.523430886146224E-003
 -5.438406234057434E-004
 -2.160973817084950E-004
  9.939076798831836E-004
 -8.653795757722825E-005
 -9.186818354104127E-004
  8.056458396972201E-005
  1.104502128448416E-003
 -7.544831628641793E-005
 -7.711167418229282E-005
 -3.148143649779681E-004
  2.395241554202145E-002
 -2.073308612237017E-005
 -8.674764572710761E-005
 -4.230735243067613E-004
  2.427270385691572E-004
 -4.485173700651773E-004
  6.026560298603436E-003
 -9.115196834716735E-006
 -1.199533795094456E-004
  1.588036186691157E-003
 -8.612325818800211E-005
 -1.681466565501787E-003
  3.385265493906088E-005
 -3.405685419050682E-003
 -2.037539050300837E-004
  1.397982570961733E-002
 -9.368868103915963E-004
 -9.277809217269977E-004
 -9.118336662730642E-004
 -1.819071990783701E-005
  6.258129654473114E-005
 -2.287455053516922E-003
 -3.985686580247577E-004
 -5.867877886947797E-005
  1.013934940031354E-004
 -7.448546796233994E-005
 -2.319947353867181E-005
  3.304452613391887E-004
  1.453009956586212E-004
  1.950316471290490E-003
 -2.619067941223846E-005
  1.486605451346376E-003
  7.015525206804930E-004
 -1.956499235489721E-003
 -1.616294805923777E-002
 -9.197303450080062E-004
  3.284129169283349E-004
  4.118537943505479E-004
  6.578340518934864E-005
  2.737212252254777E-004
 -1.766731606049646E-003
  3.167359048885883E-004
  1.362471289235600E-004
 -7.139961003604227E-004
  3.872010124739367E-005
 -1.789346392992071E-005
  5.322446417640752E-004
 -9.050596580794455E-005
 -9.960620045281453E-004
 -1.902118597778634E-005
 -3.186834105714467E-004
  8.950694048826547E-005
 -1.000602379505697E-004
 -9.317501811593808E-004
 -1.408071355548090E-002
  3.151950598493461E-005
  8.051272789903555E-005
  2.500984827598745E-004
 -8.302245701682639E-005
  2.331167550714246E-004
 -3.869894574624768E-003
  1.310089587014103E-005
  4.514210377462447E-005
 -9.862715625935580E-004
  1.002093765258756E-005
 -3.010376938305222E-006
  6.178855996845860E-004
  9.043370584389647E-005
  1.249732060892289E-003
 -1.764386689253699E-005
  1.879418361793450E-003
  2.639375192300640E-004
 -7.473548922305666E-003
 -8.982531554675800E-003
 -4.179244120930367E-003
  4.737056929773457E-004
  2.538566388513642E-004
  9.151071618932080E-005
  1.033663086764165E-003
 -1.397923943742043E-004
 -1.792524345351226E-004
 -2.768203008992241E-005
 -2.063390245154826E-004
 -1.238765909753827E-004
 -1.564231093190011E-004
  1.956551574750263E-004
  8.733346351115189E-005
  1.939115047832949E-004
  2.136774275826022E-004
  1.866352920239933E-003
  1.835231242199880E-005
  4.912572257373557E-004
  9.246340701571456E-005
 -7.182779830085334E-004
 -6.513586560954430E-003
  1.887447070056087E-002
  3.546581930548260E-005
  1.043279344731301E-004
 -3.712958006839403E-004
  4.290104403410061E-005
 -3.279284417124234E-004
  1.047660972687890E-003
  6.426490420598052E-006
 -2.214229176336856E-004
  6.463734522433943E-004
 -1.652109176672950E-005
  1.321032026146008E-004
 -3.794761459438877E-004
 -1.788594617150164E-005
  4.823717315530271E-004
 -4.310447655894373E-006
  4.317345046094989E-004
 -1.620878804652390E-005
  1.526267057257232E-003
 -6.018361419998023E-005
 -6.506276787311666E-003
  9.919418365067396E-003
  5.107025042657365E-003
  4.381279732957184E-004
 -2.356659189435272E-004
 -1.540920127340519E-004
  1.253791966752757E-003
  5.383610523989620E-004
  2.379312134046006E-004
 -7.371146391321303E-005
  2.808244924778226E-004
  1.470760645140545E-004
 -1.740221520201876E-004
 -1.777616935451056E-004
 -9.735440116373945E-005
 -3.748839546429378E-005
  3.440703793823114E-005
  2.115105474844814E-004
 -1.303227375870269E-003
 -5.608201744617233E-003
  1.005423020632931E-004
 -6.110369009270291E-003
 -2.323405959357337E-004
  2.854132033592952E-002
 -1.586918386949999E-003
 -1.729812824725647E-003
 -1.749517811405603E-003
 -4.314290763374445E-005
  1.282901800657012E-004
 -4.448465515315916E-003
 -1.275436810355848E-003
  3.913995141631335E-005
  2.550999056395346E-004
 -2.489259283888776E-004
 -2.196329616333854E-005
  6.637315603506582E-004
  3.673436723559891E-005
  8.950484481568254E-006
 -3.126115504121332E-004
 -2.764608837842495E-005
 -3.511200099385251E-004
  1.371889113374257E-003
  5.756119025847276E-004
  5.410067651516325E-003
 -7.443841510544003E-005
  4.045010572652233E-003
  1.842185140821111E-003
 -6.066571005857396E-003
 -4.121249650080107E-002
 -8.529655226979984E-004
  9.252910177281272E-004
  1.052051429833009E-003
  1.326924591747631E-004
  8.817951869129145E-004
 -4.585005718969253E-003
  8.118098457010859E-004
  3.490571564027757E-004
 -1.847891718895205E-003
  1.340121603236530E-004
 -6.752780242932899E-005
  1.379021626511249E-003
 -2.811724098175297E-005
  5.048128477220256E-004
  3.704030451930163E-004
 -4.372850452926966E-004
  5.386728990109692E-005
  3.578674261212046E-003
 -4.201925032108092E-004
 -1.279482469671176E-003
 -7.946688646343726E-005
 -8.851562166399261E-004
  2.346355672413971E-004
 -1.241914313851465E-003
 -1.606569581338726E-003
 -3.817224010416462E-002
  1.464328877097277E-004
  1.988472002881602E-004
  6.733904798420027E-004
 -9.590178607630378E-005
  6.524513260795660E-004
 -1.021924534993609E-002
  2.464340729789683E-005
  1.377701610779755E-004
 -2.630997864973546E-003
  6.923516337895740E-006
 -1.551702815799047E-005
  1.644357015626084E-003
  2.373282276070179E-004
 -1.028573620932403E-003
 -2.442517439449137E-004
 -1.810631229732048E-005
 -9.269305246224107E-005
  4.381104205595850E-003
  4.878681254143856E-004
  5.726306244936843E-003
 -8.309240773458759E-005
  2.853860898120452E-003
  4.410828772536513E-004
 -1.419004152633012E-002
 -2.231753543040091E-002
 -1.031663643488628E-002
  8.151504497941337E-004
  6.124736662795895E-004
  2.306417900949796E-004
  1.672028360330434E-003
 -1.244100461479324E-004
 -6.156130935940345E-004
 -7.623186984218664E-005
 -4.525399377123331E-004
 -3.282155844855968E-004
 -2.847999194024588E-004
  4.202526096830642E-004
  2.237778643020921E-004
  4.245794781642026E-004
 -4.730068162095446E-005
 -1.397795587617439E-004
 -5.944643751053089E-004
  1.075536968614438E-003
  6.033482426202764E-004
  9.692170182748372E-004
  8.593430507196845E-004
  3.278725093292777E-003
  8.481576046291254E-005
  1.403387174866904E-003
  2.351121258956360E-004
 -4.898621117223622E-004
 -1.773350707533873E-002
  5.052139943222131E-002
  4.825057366325430E-006
  2.750726216543123E-004
 -9.695105252153148E-004
 -3.246706459274212E-005
 -1.035460629782472E-003
  3.961130283418226E-003
  3.228201030072958E-005
 -6.216030304101916E-004
  1.923030346396341E-003
 -1.672279933489847E-005
  3.664714161414019E-004
 -1.138345350821380E-003
 -6.392261375520313E-005
  1.317311032754267E-003
  8.064541309010159E-005
 -9.505493933397219E-006
  1.020632622794654E-003
 -3.080524530398849E-003
 -1.659326770155284E-004
  3.640244473876771E-003
  8.153592504558833E-004
 -1.181045003196088E-004
 -1.744989432870546E-005
  3.256508111149839E-003
 -2.087422813179176E-004
 -1.435127880959939E-002
  2.390445381735091E-002
  1.204644925961193E-002
  9.343673616114693E-004
 -5.693307586458451E-004
 -3.589319701606808E-004
  2.776437154985483E-003
  1.399846856503780E-003
  5.764731421777212E-004
 -1.788680357973479E-004
  7.014658661012108E-004
  3.501788806489353E-004
 -3.789316409481995E-004
 -4.569869769186631E-004
 -2.327283487836604E-004
 -1.119679277520695E-004
  7.494676999937941E-005
  4.908995687002690E-004
 -7.774247382689479E-004
 -1.129404258515535E-003
 -5.852419303229559E-004
 -3.747526431695283E-004
  1.754381709489257E-004
  1.152177381438476E-003
 -7.510046224345064E-004
 -6.655717787311657E-003
  1.149564389978243E-004
 -2.412327049246407E-005
  1.402971606788461E-004
  5.967940592159309E-003
 -1.108190799549321E-003
 -2.800259780922371E-004
 -2.773795495110707E-004
  1.450598784594687E-005
  3.575412379495509E-005
 -6.658433665765514E-004
 -6.240135954421934E-004
 -1.419697506605912E-004
  1.008157977751264E-004
 -1.406079888594275E-004
 -2.976334586193236E-005
  1.315184360901170E-004
  7.301022442954670E-005
  2.833837089756276E-005
 -4.999331009068481E-005
 -3.697617588666854E-006
 -8.152512599943224E-005
  3.028062449015894E-004
  1.813517996156980E-004
  5.990265697533158E-005
 -1.157902003177671E-004
  4.684066162640035E-006
 -1.870160445838224E-004
  1.091940173056343E-004
  1.437256194000741E-004
 -2.722951766749839E-003
  1.203094803442117E-004
  2.195385796114691E-003
  7.248992936256333E-004
 -5.035370693907824E-003
 -4.316098716240606E-002
  3.515740337600723E-004
  2.208890124057083E-004
  1.071485985624370E-003
  1.262003218173417E-004
  1.044823093263295E-004
 -1.370451983286795E-003
  6.408085188235703E-004
  7.255151003732958E-005
 -1.111267010927312E-003
  1.747167088498384E-004
 -1.398647976922398E-005
  8.160267441557413E-004
 -5.081315089298249E-005
  4.436622206738865E-004
  3.704079766284703E-004
 -4.296757409046625E-004
 -2.940713247214812E-005
  2.098179471016887E-003
 -1.712976454471474E-004
  1.057054143031482E-003
  1.018470166166492E-003
 -1.027647010559334E-003
  5.208288960108673E-005
  2.139779205143079E-003
 -3.837787985437812E-005
 -1.176259495080363E-004
 -1.022955656764330E-004
 -9.884053003246988E-004
 -2.052570498188398E-005
 -9.277971291303447E-004
  1.412325684100111E-003
 -4.908906050056895E-002
  3.310272886703629E-005
  1.077623003854766E-004
  1.017984430613844E-003
 -6.294917932932782E-005
  2.557323405150407E-004
 -1.230409555627529E-003
 -9.748158855885279E-006
  1.475137532581269E-004
 -1.412859833350996E-003
  1.313815486585214E-005
 -2.262981069131044E-005
  8.283390933869787E-004
  2.161082367071209E-004
 -1.089893556240835E-003
 -2.292463915729730E-004
  1.019184579613175E-005
 -1.375555373383190E-004
  2.250573195197605E-003
  5.287976928982510E-004
 -2.939356822591796E-003
 -5.389895386943827E-004
 -1.223939391499428E-005
 -1.933810627560257E-004
  2.762724099706032E-003
  5.843685723713820E-004
  4.531719451689804E-003
 -9.205328206172354E-005
 -2.647104053999783E-004
  4.217524860441049E-004
  1.121143423773769E-003
 -9.511934743095186E-003
 -7.471778378560940E-003
  7.316212019581973E-005
  2.584589183589059E-004
  1.626233493070857E-004
 -3.295595950048352E-004
 -1.119005838006946E-003
 -1.521420650717973E-003
  1.035709398467989E-004
 -4.304406138674386E-004
 -4.304972103348846E-004
  4.037374476741142E-005
  3.281160685586940E-004
  2.756546626821109E-004
  1.315554976644490E-004
 -1.034018742404411E-004
 -1.719292424318604E-004
  1.233777803813997E-004
  8.367564533962562E-004
  7.302405249492886E-004
  3.118176925742380E-004
 -3.203818747400382E-004
 -4.351954729556376E-004
  6.352348212321351E-005
  4.020886056698722E-004
  3.884791591287403E-004
  3.559286387734016E-004
  4.485179528670374E-004
  4.184209154252221E-004
  7.239832615205313E-005
  1.803361506145158E-003
  3.174195629640585E-004
  2.355123855902182E-003
 -5.842473476815086E-003
  2.850712077829827E-002
  1.204224016666385E-005
  1.390839064423192E-005
 -4.364109470639955E-004
  9.395225601732499E-005
 -2.204481490432612E-003
  1.045506082740077E-002
  1.204931430902372E-004
 -6.178959379347822E-004
  2.430422039183581E-003
  2.804577904676025E-005
  3.789920665899845E-004
 -1.516236179246881E-003
 -1.167526219071011E-004
  8.976763950317541E-004
  8.870684286034082E-005
  1.663498929829155E-004
  1.019595051931681E-003
 -4.038237839586198E-003
 -3.558820031222704E-004
  2.750489962396583E-003
  1.895321101393548E-004
  3.457561275098110E-005
  5.361096903172317E-004
 -1.759542102196749E-003
 -4.279040418296724E-004
  4.083298655996533E-003
  1.666360500631244E-004
  2.123998335621853E-003
 -2.290315693610077E-005
  2.888336758924423E-004
 -5.620496467229510E-004
 -7.089084015933078E-003
  1.062012554264451E-002
  7.751804356653177E-003
  2.042174293152509E-004
 -2.729649062048528E-004
 -1.983774731020408E-004
  9.954029615813866E-004
  1.743019433449139E-003
  1.663390401378564E-003
 -2.043867376219252E-004
  5.710486027268660E-004
  4.602605561968169E-004
 -1.718921808575285E-004
 -4.011262929882407E-004
 -3.039930335796737E-004
 -8.156218757376418E-005
  1.070994918291079E-004
  2.534543684312927E-004
 -4.261840252829891E-004
 -1.018108253011954E-003
 -7.901431819246202E-004
 -1.960274922564709E-004
  3.156978085773982E-004
  6.222115175394600E-004
 -1.727174994288479E-004
 -4.541714952709590E-004
 -3.762397652137460E-004
 -4.194521208966152E-004
  3.933284290786913E-004
  5.921696203254630E-004
  3.000991934630343E-004
  2.679040301672549E-003
 -4.739406760464041E-005
 -7.731864891762076E-004
 -4.572213423108050E-005
  1.109678848986394E-003
 -1.955943080884497E-005
 -5.563442915535233E-005
 -8.462215236503483E-005
 -3.385754149742885E-006
 -1.078506244456675E-006
 -2.833508969795337E-004
 -1.864702946996334E-005
 -3.127976353881170E-005
  1.978822072019960E-007
 -7.566812188225310E-006
 -5.955075869702960E-006
  2.958819152091734E-005
  3.173182861937833E-008
 -6.325807960496034E-007
 -1.410059281716859E-005
  9.095640318933361E-007
 -1.548759870374875E-005
  5.367339130678245E-005
 -9.010564336297016E-007
 -2.100158078485321E-007
 -1.857715139304955E-005
  8.884749167366050E-007
 -3.509623991373290E-005
 -2.624124100848540E-006
 -1.158898037951898E-005
  3.662389844862102E-006
  1.259543230245775E-005
  1.935093016049539E-007
 -9.971308201609206E-006
  9.289313260774958E-006
 -1.120311703772636E-004
 -6.146719216802029E-004
  5.208803289893052E-006
  4.592346497259001E-004
  1.429272103411891E-004
 -1.870482822305180E-004
  1.192849979384823E-004
  6.748783497637847E-005
  8.850781558895095E-005
  1.058577211672506E-006
  5.037737140385088E-007
  1.473480514215131E-004
 -3.746041721606069E-004
  1.054881127212972E-004
  3.505640742151039E-005
 -8.669140294217549E-005
  1.467270136809679E-005
 -6.411509535730890E-006
  6.470986563374161E-005
 -7.496672872514670E-006
  6.538706299476008E-006
  5.500433627340083E-006
 -1.271967637451176E-007
  1.089291122436865E-005
  1.706729445571911E-004
 -1.909562880331645E-005
 -3.517235125092402E-006
  1.869317699866034E-005
 -7.375676099276246E-006
  2.115662741036963E-005
  1.142571980527259E-005
 -7.227986170135297E-006
  3.856334774840242E-005
  8.215187278182426E-005
 -5.971997515877205E-005
 -2.221492899963577E-006
  1.905815942040499E-005
 -6.737914416234571E-005
 -9.330204756044242E-005
 -1.580120615878893E-006
 -4.812455696267973E-005
  1.938091392575707E-005
 -3.567350863134620E-005
  4.886828017543500E-005
 -9.803330052900194E-005
  1.110167652821765E-005
  4.773295194413836E-006
 -1.318129662061336E-005
 -8.257411804839197E-006
  7.727151266294713E-005
 -1.101835551079555E-003
  1.981891265878111E-006
  1.493877563670763E-005
 -1.851030447026810E-004
 -2.458094175327240E-007
 -8.600692623802403E-006
  1.200234697109691E-004
  4.696495840982103E-006
 -2.670884921456566E-005
 -4.450686423449378E-006
 -3.582186630046377E-006
 -2.125614581690602E-005
  3.162254706027854E-004
  1.486749390470120E-005
 -1.085141348417763E-004
 -1.128530727465483E-005
  6.923953792123252E-006
 -2.087844904473988E-005
  1.927514366295864E-005
  4.644003352152063E-005
 -3.249485751835133E-004
 -5.336398731364388E-005
 -1.771489303814613E-007
 -2.254068606278642E-006
  3.575581209824905E-005
 -5.852503022043397E-004
 -3.904780970550482E-003
  6.820012983085053E-005
  1.053563578464082E-003
  3.624062529634232E-005
 -1.438784279897697E-003
  1.236885440052380E-003
  5.151090820675754E-004
  1.099239666943397E-004
 -2.653943539981396E-005
 -1.098848321796412E-005
  4.016824573977737E-004
  9.008960326710333E-005
  5.089383319027394E-005
 -4.466372126298888E-006
  4.750650126863122E-005
  1.888682667736149E-005
 -4.184256468746157E-005
 -2.796645405657681E-005
 -6.678635112194176E-006
  5.061363769901735E-006
 -2.027142892600152E-006
  3.678120091755983E-005
 -7.701453476139481E-005
 -7.007927912083616E-005
 -1.940739375664367E-005
 -8.841259115800328E-006
 -3.285636887527024E-006
  8.585579387719514E-005
  1.523816321426084E-006
 -4.198253920496848E-005
 -2.487295799235367E-005
 -3.770824652745802E-005
 -1.085663004420145E-008
  3.618443020603194E-005
 -1.331197608967910E-005
  1.658737231075888E-006
  2.265988242344168E-007
  2.104827372992276E-005
 -1.869949930243259E-004
  4.776799528153128E-004
 -1.604494014874427E-005
 -1.264845814872475E-004
 -2.493120359164559E-005
 -1.990687491954253E-004
  1.230698220201825E-003
 -2.513550311672852E-003
  1.036216136000518E-005
 -2.217598518508735E-005
  4.656451087939155E-005
  2.220959808696614E-005
  7.458354375291176E-005
 -9.470518920898311E-005
 -6.796116166583520E-006
  4.136929717370970E-005
 -7.920906728364295E-005
 -4.624342752045821E-006
 -2.467814006680115E-005
  4.468433827922993E-005
  1.978490664779291E-006
 -6.557476533985014E-005
  2.645852087266531E-006
 -1.186742975141034E-005
 -6.707876385463213E-005
  1.230654802198013E-004
  5.439188632177432E-006
 -1.789511023822298E-004
  6.428241119232905E-006
 -7.014734702532103E-006
 -6.709829724023792E-005
  1.476798628251634E-004
  8.279236062841180E-006
 -1.111548269012174E-004
 -1.264501360309077E-006
  8.893259426622813E-007
 -1.508272660540445E-006
  1.876258847162567E-006
 -6.967924571268280E-007
  9.699774552883247E-006
 -3.150472781847634E-004
 -4.132339934467163E-003
  7.398207298307067E-005
  1.265995889064541E-003
  1.009257773968992E-004
 -1.890252267061485E-003
 -1.178207147625845E-003
 -3.482057946015185E-004
  1.439424904007648E-004
  3.669669784904261E-005
  1.422400195133414E-005
  4.483702335408274E-004
 -3.414851485721331E-005
  4.294545742616115E-005
  3.872725504692900E-006
 -2.480606470395529E-005
 -1.021599068252604E-006
 -4.692200987529045E-005
  2.787125857071868E-005
  8.576377500342986E-006
  3.724041468160403E-005
 -7.015492030798561E-007
  9.681595193686432E-006
 -8.400563915895254E-005
  7.278244842172527E-005
  2.003744118018926E-005
  6.457271329494896E-005
  6.202121373172097E-007
  1.943292586400356E-005
  6.348555981119537E-006
  7.674948034352543E-005
  1.388578845776736E-005
 -7.805037991522062E-008
 -5.696712747706602E-007
 -6.270505601204317E-006
 -1.455596369264578E-005
  5.005741468814842E-006
  3.048479669099672E-007
  1.888765453911453E-005
 -1.971185370860016E-006
  2.478023653882281E-005
 -2.176222274873050E-004
 -1.445598281800477E-003
  2.695787641065188E-005
  8.753775339929835E-005
 -2.142095251281226E-005
  3.597267976922514E-004
 -4.852502305796790E-005
  5.529548285045384E-006
 -3.385323218656041E-005
 -2.464264529031317E-007
  3.299220183973901E-006
 -2.961349464988523E-005
  7.096087194316119E-005
 -1.368146543506791E-005
 -1.439975401117146E-006
  1.957241265158013E-005
 -8.698205518444815E-007
  7.451916116058475E-006
 -1.662409610612237E-005
  2.259539777896650E-006
 -4.828550898880908E-006
 -2.062035645621525E-006
 -2.623365217177567E-006
  1.270795727033394E-005
 -4.444661618478881E-005
  3.726604732483573E-006
 -9.624939040057833E-006
 -3.966697050350575E-006
 -3.083018230276109E-006
  5.395866020880955E-006
  2.147843869219294E-006
 -2.110754480288113E-006
 -1.389307360788380E-005
 -1.678794808048945E-005
  8.497207587002841E-006
 -2.579490713373079E-006
 -3.580561119923766E-006
  7.035731974454558E-007
  4.137208408490874E-006
 -5.494632253740460E-007
  3.601263731628362E-006
  2.748790232324254E-006
 -2.891282216672383E-004
 -2.004435760143805E-003
  3.710375968822533E-005
  2.723542659265648E-004
  1.347870543124732E-005
  4.190985926124047E-004
 -1.241649133086674E-004
  3.780576263651838E-004
 -1.906664850957472E-005
  2.732750322169400E-009
  1.061615124359521E-006
  8.262178790304108E-006
 -4.910382624786712E-005
  2.922880617293447E-004
  8.816689643071008E-006
 -8.600197093291890E-006
  5.810977376891555E-005
  7.694238733386925E-006
  2.589897429746379E-006
 -3.421119849710670E-005
 -6.018812735444973E-006
  1.347694281889109E-005
 -1.675425997941953E-006
  2.080813433037492E-005
  6.109002416485664E-006
 -9.330692257276341E-005
 -1.875124555029789E-005
  4.850192668761936E-005
 -2.056888780077023E-006
  1.199095930110292E-005
  1.630331403994216E-005
 -2.833153629627113E-005
 -1.877512053466260E-005
  9.578019495331343E-005
  6.784161233559678E-006
 -3.935862625238411E-006
  1.956081306466095E-006
 -8.658748390344983E-006
  5.763035283050192E-006
 -2.725688718989284E-006
  6.044552592665043E-006
  2.231919298147638E-006
  5.761392200886200E-006
  7.648978528391787E-004
  4.951466767081634E-003
 -8.608243252184869E-005
 -7.218479099237951E-004
 -7.866435280275234E-005
 -8.921321108462364E-004
  2.629007123542138E-005
 -8.407647983151462E-005
  1.305188097073027E-005
 -3.192978529631103E-007
 -1.040143426596021E-005
 -5.850756747185743E-005
  1.617215563311234E-004
 -6.444371641609349E-005
 -3.073648121815895E-005
  2.797416498743510E-005
 -1.206323971256334E-005
 -1.594423881244453E-005
 -1.483757731537450E-005
  7.180535388247193E-007
  7.946946397166714E-006
  6.856733095244927E-007
  7.997292415277820E-006
 -4.901678303537047E-005
 -3.733309600282464E-005
  7.915814605865731E-006
  3.239205224526590E-005
 -6.793085847608611E-006
  1.662473079010457E-005
 -3.734422547301249E-005
 -1.786925141293047E-005
  1.356024961099964E-005
  3.115873075248965E-006
 -3.178802854035593E-005
  3.422835239776353E-005
  9.959965040082812E-006
 -8.316476060633695E-006
  1.433490139422740E-007
 -1.407036245654851E-005
  3.156662336662583E-006
 -1.580953266369993E-005
 -4.665809577048995E-006
 -8.651839200909009E-006
  2.231390479178068E-005
  1.188357886098613E-004
  6.992459359014160E-004
 -1.184121302411548E-005
 -7.474323632129504E-005
 -1.095320645233480E-005
 -1.278083613270195E-004
  2.509887771107747E-005
 -9.334144194539395E-005
  2.654990660452357E-006
 -1.592009314912002E-006
  4.039893832084612E-006
 -1.588995154970405E-009
 -9.389228805026671E-006
  2.698491631167368E-004
 -3.599526969649706E-006
 -2.112859514471913E-006
  4.233109031125515E-005
 -2.482809771951401E-006
  2.003598398018675E-006
 -2.860409040462080E-005
  4.407722981542902E-007
  4.410635465224856E-006
  2.042037473797110E-006
 -5.741982566776180E-006
  5.049047800140120E-006
 -7.430618267667399E-005
  1.294583881865564E-006
  2.000406938471897E-005
  4.447398684910616E-006
 -6.304971031075391E-006
  1.525045001599244E-006
  3.018797544437499E-006
 -9.221637662286013E-006
  7.638946007673328E-005
  1.552660869336140E-005
  1.371003851873291E-006
  9.932909993751570E-008
 -9.032354569301356E-006
 -1.996544702428203E-006
  2.831432906089053E-007
 -2.116466853191670E-006
 -9.784974985310313E-007
  9.657853964862614E-007
  2.836163395655578E-006
  2.688856390938365E-006
 -6.275719669483736E-004
 -4.817319869705244E-005
  8.439251127404517E-007
 -9.414210228320515E-005
  2.530688557617204E-005
  7.661506480326830E-004
 -6.175133147424963E-004
  1.471036965177621E-004
 -3.282931858211936E-005
  1.284279693540951E-005
  4.625605114448736E-007
 -1.116628919654360E-004
 -1.192649359215780E-004
  1.363261223200837E-005
  1.413885258641895E-005
 -3.708302947379029E-005
  6.527802961019483E-006
  1.757919498782632E-005
  2.322899742610833E-005
 -3.065245693956359E-006
 -2.457707219663219E-006
  8.971885719478625E-006
 -1.512148776816311E-005
  4.111305561904156E-005
  5.924079858206129E-005
 -9.879575962777527E-006
 -4.166300753653116E-006
  2.636500231591171E-005
 -3.694675486538844E-005
  1.250029579681339E-005
  2.726789689382112E-005
 -1.369218149860834E-005
  1.633433939933574E-005
  2.815341282611889E-005
 -2.883463519614914E-005
  1.378777490720912E-006
  3.599075580464752E-006
 -2.946740327841631E-007
 -2.876320478541663E-006
 -1.871692714379159E-006
 -1.260011993621072E-006
 -4.015955980748394E-007
  8.322990150153237E-007
 -2.394288786240234E-006
 -1.792083274103869E-007
  2.503260004925862E-006
  2.922144056571216E-004
 -2.312966286706405E-004
  4.568501319059317E-006
  4.428719865257205E-004
  1.072914661722145E-004
 -9.966514125864115E-004
 -1.731054327204007E-003
  2.272767879053034E-004
  9.459053201793660E-005
  4.690752906824920E-005
 -8.580112660712618E-007
  1.801509976235652E-004
 -2.098100437846389E-004
  3.116635983809426E-005
  1.417960047470800E-005
 -8.424750454049906E-005
  1.064694989188654E-005
 -1.900295018941353E-005
  6.551018542808966E-005
 -3.061642601317132E-006
  2.876338072339491E-005
  2.107598522303669E-005
 -9.760430533981379E-006
 -2.791425595146046E-005
  1.720261841915396E-004
 -8.369629911226455E-006
  5.576252179998981E-005
  5.614747009966678E-005
 -2.784826584852934E-005
  5.453483550627762E-006
  9.780531883140262E-005
 -1.882209452054696E-005
  3.406716191489088E-005
  4.942104735901752E-005
 -3.952064546551864E-005
 -2.568420859321075E-006
  9.520914641124465E-006
 -3.636103445315714E-007
  4.480591777013678E-007
 -3.650804350020939E-006
  7.257203400261857E-006
 -2.049941957148117E-006
  7.045125672514872E-007
 -3.371088769680114E-006
 -1.136340742399719E-007
  1.873979816466066E-006
  9.668577255938377E-006
  1.618157016727292E-005
 -1.886372882343410E-004
 -5.599898621288917E-006
 -7.957193879959862E-005
  1.532470059569957E-005
 -2.213042703901481E-005
  1.582377857469850E-004
 -3.228849840907236E-003
  8.152515876478890E-006
  9.112810103030602E-006
  5.712424229789416E-005
 -1.190091803342813E-005
  5.643930897938542E-005
 -8.182925175896776E-004
  2.362654072847631E-006
  1.782722535622387E-005
 -2.153242632563085E-004
  1.651691799620890E-006
 -6.192482568014968E-006
  1.341046748978812E-004
  1.635191118547787E-005
 -8.844272172572366E-005
 -1.800360298509876E-005
  1.104511132441936E-006
 -2.048097451113001E-005
  3.575389626038868E-004
  4.188974200309585E-005
 -2.627073433588757E-004
 -4.299425313553779E-005
  5.422782969110760E-006
 -2.805659606791520E-005
  1.906796215655990E-004
  5.705230941001820E-005
 -3.299820133650443E-004
 -6.247509237912896E-005
 -6.649467568878260E-008
 -1.409875719056955E-006
  2.528810736031546E-005
 -1.175843899238057E-006
  1.071417719523944E-005
  1.375327926304405E-006
  3.635629841724812E-007
 -7.437289997353561E-006
  3.191867665395112E-007
 -5.950272454320634E-006
 -9.416422384982086E-007
 -1.316389096709665E-006
  2.931027249214677E-005
  1.033004766876046E-003
 -2.370850830806875E-004
  2.510491625081231E-006
 -8.892483192982015E-005
 -1.887166998879706E-004
 -7.470854964509799E-004
  5.852831613714000E-003
  1.213085483226946E-003
 -3.820479761945768E-006
 -1.479616172953828E-004
 -4.102525379800398E-005
  1.658869500208151E-004
  5.103017097894506E-004
  2.460925772626453E-004
 -4.808372683095222E-005
  2.234457377426155E-004
  6.479341114784801E-005
 -2.835017058534684E-005
 -1.611479345521223E-004
 -4.812255169770714E-005
 -5.641728432281698E-005
 -1.909767889257597E-005
  8.476745490816383E-005
 -7.532562811912000E-005
 -4.131290234814774E-004
 -1.224504420278092E-004
 -1.331607237011807E-004
 -4.712403042587329E-005
  2.084863518203007E-004
 -3.595877362465922E-005
 -2.770478279765396E-004
 -4.226925067196751E-005
 -1.235312596869188E-004
  6.806290362615197E-006
  1.594900333115780E-004
 -2.400639381717945E-006
 -1.516599604702285E-005
 -7.829023731986837E-006
  1.296552693625163E-005
  6.070224535235472E-006
 -5.763608791097797E-006
  3.057220826974390E-006
  8.586328541428865E-007
  5.994333566099682E-006
  2.323463625947983E-006
 -8.815303074999138E-006
 -1.760025092699042E-005
 -8.262465123805609E-006
  5.797938605389977E-005
 -1.946728964738098E-004
 -4.030255703271992E-004
 -1.249847061715262E-005
 -3.698637368819956E-004
 -8.433822624274640E-005
  1.218615696415979E-005
  3.440898172957130E-003
 -5.767857572761567E-003
 -1.642482818111355E-005
 -6.112098965017950E-005
  8.843800543878175E-005
 -2.106999375102810E-005
  4.172476629256837E-004
 -1.734244726282284E-003
 -2.007342163401889E-005
  1.625719013752076E-004
 -4.322690159809939E-004
 -1.195635574553988E-006
 -1.059992266608550E-004
  2.657395518643020E-004
 -2.537190100120254E-006
 -1.914608699718960E-004
  3.732825674674242E-006
 -1.834914105170537E-005
 -2.818349315796702E-004
  7.102362263346370E-004
  5.455072352198371E-006
 -5.692802517678434E-004
  1.289406869950700E-005
 -4.635325684450372E-006
 -2.117937014064759E-004
  3.583733449389635E-004
  5.518876003820077E-005
 -7.233844095708114E-004
 -5.055343435375040E-005
 -2.242545739954609E-007
 -1.300063646139106E-005
  5.368750004872637E-005
  3.139293429902472E-006
  2.489701841380366E-005
 -2.466529707916090E-006
  2.953376408834928E-006
 -1.608040292829956E-005
  4.140507234886281E-006
 -1.253569904014227E-005
 -6.071501831337425E-006
 -1.362977895455181E-005
  5.904395506945773E-005
  1.295391887514888E-005
  1.361738793180579E-004
  8.497111339690748E-004
  3.816046791718448E-004
 -5.042266963302586E-006
  3.713511387794356E-004
  1.127960431594545E-004
 -1.551366447647069E-003
 -4.000291669486511E-003
 -1.654396572780232E-003
  1.023084355083038E-004
  1.094332264891543E-004
  3.963757226366935E-005
  1.691017258754929E-004
 -1.525069020247166E-004
 -2.869904139586704E-004
  5.667169071695350E-006
 -1.121966493212446E-004
 -8.437682003090647E-005
 -2.438741437813213E-005
  9.146094227379727E-005
  5.731828877957622E-005
  6.379040598180664E-005
 -7.817978265859907E-006
 -3.940299160367451E-005
 -4.801353873800467E-005
  2.354066277352935E-004
  1.520891699161418E-004
  1.456596259621401E-004
 -3.197097652186184E-005
 -9.764608722413538E-005
 -1.542113765780962E-006
  1.952441372950763E-004
  8.334579516779254E-005
  7.452824148891158E-005
 -9.126652884097187E-005
 -7.298612772313062E-005
 -1.735693090444789E-006
  4.368769305628598E-006
  8.713045830339325E-006
 -4.336565500626644E-006
 -4.551463920979943E-007
  9.543644771961012E-006
 -1.852434032749872E-006
 -3.355529899188858E-006
  1.188532792621020E-006
 -1.785838643716822E-006
  1.305523060221552E-006
  1.197831147759222E-005
  1.108739183930023E-005
 -3.153347682890236E-005
  5.260586618863400E-006
  2.761690764823770E-005
  3.426073085001494E-004
 -5.511330856968303E-004
  9.365392878789547E-006
 -4.622247785161105E-004
 -7.172755810320311E-005
  1.573348524242773E-003
  7.631578687276745E-004
 -5.663763903849947E-004
 -1.221765679698707E-004
 -2.273525470496080E-005
  1.593034540020015E-005
 -2.609847502395289E-004
  8.494480117264925E-005
  5.345570493040437E-005
  4.222680461553239E-007
  3.852542971608159E-005
 -4.270115613529596E-006
  3.774348398407367E-005
 -3.640824214409024E-005
  2.124677423278659E-007
 -2.634130736349089E-005
 -1.876466787016598E-005
 -1.140217662058277E-005
  6.981852643436651E-005
 -9.743413432388439E-005
 -5.519805157544778E-007
 -5.033229398205917E-005
 -4.527695182561440E-005
 -1.948623245230734E-005
  8.686428909299087E-006
 -4.212959920646424E-005
  3.098933256605569E-005
 -1.910688470523040E-005
 -1.573944514009497E-005
  1.042045579593132E-005
  2.941064105567583E-006
 -5.752508655175497E-006
 -2.309537070349149E-006
 -2.799922487582915E-006
  2.186803803723869E-006
 -6.023269829119836E-006
  2.284457024898294E-006
  1.423713601400997E-006
 -1.100862419519383E-006
  2.952744896493840E-007
 -4.406190969173954E-010
 -6.265400421092757E-006
  4.423667975646020E-007
  7.441646485469281E-006
  5.783351060186182E-006
 -7.440324628178529E-006
  7.542946163533690E-006
  5.318977084000668E-004
 -6.603650428672109E-004
  1.952929074740701E-005
 -3.872250013665438E-004
 -5.423342357894778E-005
  1.725974996955214E-003
 -8.871267111202130E-005
  2.739936964000111E-003
 -1.295540425487766E-004
 -1.179198194966593E-005
 -4.813701662248397E-005
 -2.785140285281658E-004
  1.165487671521115E-005
  2.454426022972996E-004
  5.470694260045166E-006
  1.852903268942236E-006
  1.098208830965361E-004
  4.159628632261866E-005
 -1.668686619523827E-005
 -6.681169734887725E-005
 -3.576244211743051E-005
  6.326415167356617E-005
 -5.833844205188145E-006
  7.988543850130322E-005
 -4.131118371918219E-005
 -1.825034681481290E-004
 -7.389902899027865E-005
  1.798277871746084E-004
 -5.986409511024585E-006
  1.288874685893964E-005
  1.176660243824798E-005
 -1.597416299280944E-004
 -3.998287999103462E-005
  1.439632569669228E-004
  2.709413313209498E-005
  2.928709745539593E-006
 -3.927847477540642E-006
 -7.133004031159820E-006
 -2.596162737144937E-006
 -9.240515771264451E-006
 -6.189966499473842E-006
  2.311132820037863E-006
  4.557358249202351E-006
 -3.005550982572948E-006
  8.585485939858230E-007
  1.784124934918740E-006
 -2.893162960277387E-006
 -1.505982855736058E-005
  4.945267109361677E-006
 -2.731179289160590E-005
 -1.029764191411790E-005
  5.369418426906542E-006
  1.761795715978402E-005
 -1.320036331157570E-003
  1.884695885761131E-003
 -3.266467995542796E-005
  9.438023490226109E-004
  1.078912081373948E-004
 -3.723394160141908E-003
 -5.584192789790166E-004
  1.471852383249681E-003
  2.719391718916756E-004
  2.129823504663321E-005
 -4.693302493452917E-005
  6.028032530950217E-004
 -4.502435973330882E-005
 -1.915334746293074E-004
 -1.544640461317397E-005
 -3.132878460774570E-005
  2.163396948702248E-006
 -9.422750176280747E-005
  4.371454100418108E-005
  2.424239374333534E-006
  5.026054136707776E-005
  3.521801838746127E-005
  4.396696039572971E-005
 -1.815413233516391E-004
  1.202762187801135E-004
  1.002557145848989E-005
  9.523436014618772E-005
  7.968338537717641E-005
  8.630696320545136E-005
 -3.151277027852502E-005
  2.858347878799010E-005
 -7.414590317762010E-005
  2.325349220080034E-005
 -2.202711938732613E-006
  8.259278077724684E-006
 -6.254771457381675E-006
  7.736611324402024E-006
  7.292221555579017E-006
  7.951708285047375E-006
 -2.909607061150669E-006
  1.081260608709765E-005
 -4.803429117546762E-006
 -4.975653371454478E-006
  6.673676028238264E-006
 -7.721893947081800E-007
 -1.872657959175314E-006
  9.127624007339896E-006
 -1.071129598414107E-008
 -4.724688529417427E-006
 -3.720274226006743E-006
  1.034266240694337E-005
 -1.636343806950831E-005
 -1.321509232044224E-005
  3.996269020118505E-005
 -1.826930928557799E-004
  2.830007770338506E-004
 -4.643130708706033E-006
  1.555989800553808E-004
  1.296957432774940E-005
 -5.679481899720665E-004
 -2.317503821165455E-005
  1.629709589690415E-004
  4.046717555743258E-005
  8.930572822117753E-007
 -2.995741891803397E-006
  9.680498218719798E-005
 -2.269806189819886E-005
  1.909499717641260E-004
 -2.611116110964266E-006
 -6.560042875055368E-006
  3.516779338659078E-005
 -1.441599270741318E-005
  7.626449587751079E-006
 -2.243099251633466E-005
  6.470176977317548E-006
  8.392856684052492E-006
  7.945815730095635E-006
 -2.699664987791506E-005
  2.059738607677073E-005
 -5.834516481858593E-005
  1.066976232906093E-005
  2.762651872808910E-005
  1.632688754885412E-005
 -6.103843276016802E-006
  5.429997876555743E-006
 -1.031266387916823E-005
 -5.689809806327861E-006
  6.200625213270717E-005
  1.179365308234466E-005
 -9.540716899502702E-007
  1.779241065532532E-006
 -6.051701109718547E-006
  1.257335545460998E-006
 -4.912204746583293E-007
  1.604879524389812E-006
 -8.915652680701147E-007
  9.599772493837356E-007
  8.954547386778121E-007
  1.697241286778270E-006
 -2.808275654735102E-007
  1.403184018995684E-006
 -4.750147978262063E-006
  1.105732671481311E-006
 -1.057738739261727E-005
 -2.632499750607801E-007
 -1.937261741490381E-006
 -8.527095341411470E-007
  4.408601205475460E-006
  1.867619170801070E-006
  7.576470956111231E-004
 -1.217939132593115E-003
 -6.200988871288581E-004
 -1.571494216497624E-002
  3.489204688831856E-004
 -4.129596801037693E-003
  5.573932258309550E-004
  2.687518203304578E-004
  4.417450619880320E-003
 -1.656672058136403E-004
 -3.861332965032675E-004
  3.453223776989277E-003
  1.742636422769273E-003
 -3.224995302805206E-004
  1.423012724848851E-004
  1.641695891067271E-004
  2.185554253199189E-005
  1.298449966730437E-004
 -1.670201428384052E-004
 -2.536496874668131E-005
 -7.629376221165125E-005
 -1.692362053163035E-005
 -5.355123446139242E-005
  2.849903882013832E-003
 -4.422033591902350E-004
 -1.727354423666825E-004
 -1.575441037783832E-003
 -2.315252986062698E-004
 -1.274462844230001E-003
  5.178288413506880E-004
  6.651305368244462E-004
  9.413974637342612E-005
 -4.834177170574539E-004
 -2.224428374489749E-004
 -3.441112429323410E-005
  1.591430325387275E-004
 -9.268306661689049E-005
 -8.149533629565577E-006
 -2.471061216776824E-004
 -9.669602504404424E-006
 -2.303229759385000E-004
  5.126355935675438E-005
  3.572747817445161E-005
 -6.110761145337264E-005
 -9.192648181628676E-006
  2.166628053019129E-004
  6.358665650864164E-005
 -2.377272772200779E-005
 -2.755578762597470E-004
 -1.276636658986638E-006
 -3.744305396459918E-004
  3.813189233839138E-004
  5.011790897986551E-004
 -1.207543426660383E-003
 -1.591354540255491E-004
   1.99488476123100     
 -4.575377012214988E-003
  4.609776267496449E-002
 -1.420151352636696E-003
 -0.168448566420811     
 -1.655153247694345E-002
  0.222771283520034     
 -3.423807861468755E-003
 -2.434833897377780E-003
 -2.409892312769569E-002
  8.111723167961119E-004
  5.762741660181428E-004
 -5.916478323135604E-002
  2.751294930239900E-002
  1.679722823929144E-003
 -1.611767595755172E-003
  4.200806803491245E-003
  4.672500033502732E-004
  1.009072964724747E-002
 -6.034874969727483E-003
 -1.010775331302204E-003
 -5.520193900784872E-003
 -2.573017998530949E-004
 -4.570535746462603E-003
  1.624930304643243E-002
 -1.529310424037651E-002
 -2.345072139326001E-003
 -9.538058431432392E-003
 -1.011503097394235E-003
 -6.711244615000040E-003
  3.868637306053153E-004
  5.368372158141130E-003
  1.012349377848329E-003
 -5.531797764322281E-003
 -3.940000292359786E-003
  5.144934033716965E-003
  1.464226937733132E-003
 -1.798399882224658E-003
 -2.877736759069984E-004
 -2.065367954158871E-003
  5.470211113887907E-006
 -2.327312859040526E-003
  3.935062660843860E-004
  5.357144129937826E-006
  6.178810839714997E-004
  9.413884392568686E-005
 -1.445376834858041E-004
 -8.140396228004822E-004
 -2.257854000241833E-004
  7.704235199575577E-004
  2.330363214783475E-004
 -3.368104695001455E-004
  2.080997207566479E-003
  2.444612539219178E-003
 -5.428951999898953E-003
 -7.396090463983316E-004
 -1.842806301882758E-002
   1.68977944949260     
  2.065411140767953E-004
 -4.700076058610505E-003
  8.819545144240435E-005
  2.832655733512162E-003
  1.065595760392051E-004
 -6.826131091497889E-003
  4.997677680161826E-004
  2.229982659417617E-004
  4.592533894155683E-004
 -4.545064160500314E-007
 -1.481616699691301E-005
  1.343063441703915E-003
  3.098499671685304E-004
  9.175689239800594E-005
 -4.752735456851883E-005
  8.821098706713256E-005
  1.883413309965110E-005
 -1.878014214500008E-004
 -2.204042823913152E-005
 -8.545989066781823E-007
  8.689642115628784E-005
 -2.577296922923226E-006
  1.009050002937129E-004
 -3.615677066713042E-004
 -5.321029833943555E-005
 -1.640631465639433E-006
  1.487839281214518E-004
 -9.680781249641681E-006
  2.127837785498524E-004
 -4.802856702670952E-005
 -1.545432314544437E-005
 -4.309910638397916E-006
 -4.809411370735276E-005
 -2.865411037793184E-005
  9.612268073406229E-005
 -3.103457248186949E-005
 -2.320541507191968E-007
  7.512870857960504E-008
  4.556725299226510E-005
  1.046263961088508E-006
  4.753646445334337E-005
  4.108371092253226E-006
  5.047177735411025E-006
 -1.209305912604048E-005
 -1.707435481330210E-006
 -9.626387753182023E-006
  6.357754279079457E-006
 -1.328845126491912E-007
  2.281576345098123E-005
  6.412555670292195E-006
  6.063399808564832E-006
 -1.953915541852820E-005
 -2.351893345264466E-005
  5.225971197650514E-005
  7.883939321764616E-006
  3.198694051694779E-003
 -1.167905703732810E-002
  1.698614705441412E-004
  1.110343754122963E-002
 -5.202087372883892E-002
  1.316296678865855E-003
  4.878836073024587E-004
 -8.037811047583375E-003
 -4.426266401975704E-002
  2.635556687987744E-003
  1.779562105623952E-003
 -1.938722201018274E-003
 -1.878384284776301E-004
 -2.748563077211954E-005
  3.157465859614409E-003
  2.606155863472596E-002
  3.176036098408725E-003
 -2.534269132207344E-003
  6.285791853678671E-003
  8.205439154843249E-004
 -1.008867021069612E-003
 -4.435187436508008E-003
 -5.140253507519047E-004
  1.020960978436297E-004
 -1.852061479032063E-004
  9.067709232259826E-004
 -3.423881426942366E-003
 -1.162063059253968E-002
 -1.414821410870915E-003
  8.507677497862748E-004
 -4.472545734135640E-004
  2.573113677156091E-003
 -1.568496378263960E-003
 -5.183115856954096E-004
  9.846407604874574E-005
 -3.614737104268610E-003
 -2.918348577777285E-003
  5.183233482532570E-003
 -2.097111385406386E-004
 -1.179745355430425E-003
 -1.362104698716324E-004
  4.134146905343110E-004
  6.536147306277127E-005
  2.157187250876049E-004
  3.170734897223213E-004
  6.830053461934331E-005
  2.285248862634609E-004
  2.263664508409638E-005
 -3.232130400708289E-004
 -5.346201557626361E-004
 -1.183189809703042E-004
  1.274180865694263E-003
  4.629440728834573E-004
 -3.045417454817769E-004
  2.726991891764052E-004
  1.887804721241145E-004
 -2.834774117665796E-004
 -2.348716371793678E-005
 -4.772658480425391E-004
  7.249308319614951E-002
  1.281507713500694E-003
  8.947639105685880E-002
  6.191892537631922E-003
 -1.332628307618318E-004
  1.034823343854923E-004
 -3.581360968626030E-003
 -5.016080961728667E-003
 -4.899671932062426E-002
  3.369969201161932E-002
  6.700367937438101E-003
  2.193298732951777E-004
 -7.352963223199874E-004
 -3.455938599917717E-004
  4.543596950411523E-003
  1.672764573551627E-002
  2.585452760422412E-003
 -1.765816238949021E-003
  4.316245975942569E-003
  6.606420463076946E-004
 -8.898955144794510E-004
 -3.041558657464942E-003
 -5.074664036618014E-004
 -1.280144245190683E-004
 -1.978918045169293E-004
  1.017909938998519E-003
 -2.754998642466550E-003
 -7.835805567523901E-003
 -1.246337547219937E-003
 -2.106551025858410E-005
 -6.104177814306646E-004
  2.776064152725135E-003
 -1.281004844752084E-003
 -1.350393682836431E-003
  2.421537102370802E-005
 -2.556080013214814E-003
 -1.677216714937914E-003
  3.837084857966899E-003
 -6.015475768517912E-005
 -6.867919612178619E-004
 -1.122119382527220E-004
  1.830005327344546E-004
  8.871447774101804E-005
 -2.536259678917207E-006
  1.376376712635709E-004
 -1.483407968052738E-005
  2.738789474271492E-004
  4.234867264441646E-005
 -2.417383040964344E-004
 -3.241397473083586E-004
 -9.978270847750941E-005
  9.650501009786002E-004
  3.075720050831340E-004
 -2.398351886892971E-004
  1.735296215412992E-004
  1.215859814980868E-004
 -1.964491173155388E-004
 -7.267757673525798E-006
 -2.326114248875291E-003
  0.110626580124000     
  4.140148244734054E-004
  5.158044417501551E-002
  3.631313777562972E-002
  5.612884782846808E-003
 -0.374464236455398     
  6.002809891931090E-003
  0.202058911156017     
  1.163309561556923E-002
 -0.692156086428755     
  2.664128728879960E-002
  1.968877556327980E-002
  4.378296585385778E-002
  2.373946286539720E-003
 -1.587858315001342E-003
  0.120584028287866     
  2.673312599288538E-002
  3.703089760542931E-003
 -4.511990186410656E-003
  4.493155222824169E-003
  6.355055445720083E-004
 -1.435307085040794E-002
 -6.350956827262566E-004
  2.158905600928736E-004
  6.865890604447981E-003
 -1.071483042730037E-004
  7.487180245959965E-003
 -2.944486875566633E-002
 -3.429647583677916E-004
  1.375830728367119E-003
  1.143122656744665E-002
 -1.544564919704834E-003
  1.801364218821968E-002
 -4.590356161877627E-003
  6.441421519159126E-003
  9.084378331339486E-004
 -5.240121870249074E-003
 -4.393314448608099E-003
  9.830478032126701E-003
 -2.149941201819038E-003
  1.225237754180491E-004
  6.673331616291025E-005
  2.995015973092159E-003
  8.645106266836123E-005
  3.454807632364955E-003
  2.384022121992540E-004
  3.073065904323521E-004
 -8.377304120158110E-004
 -1.246799688650875E-004
 -1.012857962240808E-003
  1.098336624746654E-003
  5.393915470266412E-005
  1.537003080499917E-003
  3.801597142896845E-004
  1.501570806222507E-003
 -1.184842756650315E-003
 -1.233644322045599E-003
  2.456191645204292E-003
  3.932350557809784E-004
 -3.419299078560625E-003
  0.161436307449216     
  7.410478149538643E-003
  9.085158376505750E-002
  9.104814398384059E-002
   1.08863381485575     
 -2.522101476648024E-005
  3.443289698322564E-002
 -2.134786297920109E-003
  5.131688182880904E-002
  3.423241816816775E-002
  5.787305327642830E-002
 -1.438851906304247E-002
 -7.948776394992987E-003
  1.497648482819697E-002
  1.223360696324606E-003
  6.376057635136035E-004
  1.167720097582944E-002
 -0.100770221773416     
  1.914470147753722E-002
  9.455009289585899E-003
 -2.447393397643341E-002
  1.917419592924513E-003
  1.516091133788912E-003
  1.761920279656826E-002
 -1.065334844002694E-003
  7.309053145975191E-004
  1.263903666869512E-003
 -2.246996448386431E-003
  8.683164749299036E-003
  4.633379542946926E-002
 -2.537877475267984E-003
 -1.872428700105325E-003
  4.127148904710744E-003
 -6.810736049193712E-003
  5.710455965561381E-003
  4.484331150428672E-003
 -5.110431993488231E-004
  1.177942525241605E-002
  1.950606754240529E-002
 -1.748988121797743E-002
  2.210013377512837E-004
  4.785092001015219E-003
 -4.250051533644843E-004
 -7.893274618631937E-004
 -3.373804743772026E-004
  1.263234486093426E-004
 -1.108748822237474E-003
  1.862664176720991E-004
 -1.458845534302796E-003
  7.957957856412836E-005
  1.093373864813403E-003
  2.362881664148371E-003
 -1.867231339418760E-004
 -4.553494512829898E-003
 -3.205833121982581E-003
  1.273372918389689E-003
 -1.178887669824207E-003
 -7.181990516004445E-004
  1.173781345324248E-003
  3.016407285141068E-004
  8.646872560827269E-004
 -0.248427229637603     
 -3.328800072059037E-003
 -0.327977561963052     
 -0.183702991162976     
 -0.127946197468534     
   1.27944756962121     
 -1.942396385213608E-004
 -3.792935394742922E-003
 -5.893414452058830E-004
 -1.813723562674031E-002
  4.814004924813927E-003
  1.697625063873573E-002
 -1.068507481430417E-002
 -3.277836658783229E-003
  1.086872644862048E-003
  1.460378728273554E-003
 -3.133225038059790E-003
 -6.406261366947771E-003
  1.306893900692424E-002
 -0.239731896003854     
  8.251038912987280E-004
  1.949223711808847E-003
 -3.981619958985436E-002
  6.206027791763734E-004
 -1.095758313157899E-003
  2.584293744620578E-002
  8.457785923497590E-004
 -5.213888242746129E-003
 -1.466381371526132E-003
  6.562138595333094E-004
 -2.599463539477098E-003
  6.804011456427761E-002
  2.945388989874073E-003
 -2.198440891781244E-002
 -3.601602849407382E-003
  1.823252009511041E-003
 -3.475183297505519E-003
  3.051629876056717E-003
  1.058598726080932E-002
 -6.952852503938800E-002
 -1.240923927032036E-002
  6.967444942468354E-005
 -3.918857301953423E-004
  7.780730518154314E-003
 -1.366944506865193E-004
  3.116995575107686E-004
 -7.232889758753127E-005
  1.178661840488224E-004
 -1.888547180796528E-003
  3.828717804887493E-005
 -1.964061112452595E-003
  7.194687007053540E-006
 -8.305417580419119E-006
  5.431814263751259E-003
 -1.975913916688075E-003
  1.140517763866290E-002
  1.954329855666915E-003
 -4.883653497248672E-004
 -1.421854056754987E-003
  1.473401466755021E-003
 -1.336653402332091E-003
  8.534180072803144E-005
 -3.528380112615633E-002
 -5.778805922272102E-004
 -4.084017468540448E-002
 -3.072022398316771E-002
 -1.655987516931708E-002
 -5.491392669266976E-002
   1.69685872653038     
 -4.078538149796409E-004
 -1.013698054016021E-003
  3.023526884641157E-005
  1.176157104496103E-003
 -7.801632525697909E-005
 -3.020859347905868E-003
 -1.091851652434453E-004
  2.828318691180827E-004
  1.579293856608701E-004
 -5.808185773310447E-006
 -1.232630836360166E-005
  5.449361285417989E-004
  4.563271713720577E-004
  1.018652527857430E-004
 -5.418442358523450E-005
  1.214671833781119E-004
  2.874154612744277E-005
 -1.042663598019174E-004
 -6.225585803978573E-005
 -1.307629819128524E-005
  4.656310049573873E-005
  4.899754464200896E-006
  5.770325930617863E-005
 -2.079003107863190E-004
 -1.664984526691754E-004
 -3.805062713806823E-005
  9.547184695910785E-005
  1.611725495083801E-005
  1.124284638272112E-004
 -4.536031607908826E-005
 -4.050422296730483E-005
 -1.689871068184254E-005
 -5.104431286913806E-005
 -2.656599888638916E-005
  9.640462894822631E-005
 -1.476477331835095E-005
 -1.670513143500531E-005
 -2.568838317187111E-006
  2.351660637373825E-005
  1.012105577381083E-006
  2.077771358131460E-005
  4.476364345506509E-006
  1.223214154132647E-006
  3.276038398485785E-006
  4.485413876848214E-007
 -6.253595313836073E-006
 -6.686258181174308E-006
 -3.103583211884561E-006
  2.451010297209435E-005
  5.870767700121348E-006
 -5.749317030586125E-006
 -8.440120510558310E-006
 -1.191468628321422E-005
  3.200661971284924E-005
  5.006089831699593E-006
  6.023585934229918E-003
 -1.070889934368427E-002
  1.273013149473914E-004
  1.695972703736548E-003
  4.822395082078527E-004
  1.114141965703371E-003
 -6.369323397968835E-003
 -1.031708115065434E-003
  1.398729497487322E-004
  5.754418730165860E-004
  1.059411920844299E-003
  1.283481918252440E-005
 -3.241719112101097E-003
 -8.181944081427648E-004
  5.130864865349346E-003
 -9.452154179658841E-005
 -6.743446329307085E-005
 -7.528499676472931E-004
 -3.001078896565399E-005
  1.721079678619898E-005
 -1.406745859900862E-003
  1.803245872285627E-003
  2.461720476194224E-004
 -1.524521653460121E-004
  4.349668070424467E-004
  6.310673031126782E-005
  1.405310024418234E-004
 -3.537045765965005E-004
 -5.200869358956180E-005
 -9.957819200733496E-005
 -1.203023964852463E-005
 -4.095281043448838E-005
  1.493841053822545E-004
 -9.354783488985102E-004
 -1.455368256143440E-004
 -1.135037160482331E-004
 -1.795245347372598E-005
 -3.588038933402144E-005
 -7.086560356867499E-005
 -6.285816141507762E-005
  5.169192118911458E-006
 -2.465157043800205E-004
 -1.805849370777786E-004
  3.173813079486954E-004
  1.797248912384984E-005
 -9.883273816459566E-005
 -1.411116247502124E-005
 -1.657527355259539E-005
  4.190592739460809E-006
 -3.734219381895412E-005
  2.216205867967757E-005
  9.355532188934109E-007
  3.234656212556295E-005
  4.391869752042610E-006
 -1.501476917878916E-005
 -5.523069733057780E-005
 -1.177301354876768E-005
  8.292087543303067E-005
  2.865002116740945E-005
 -3.787656789666317E-005
  4.504585884873151E-005
  4.195704584006938E-005
 -7.990687921561674E-005
 -1.006134409710057E-005
 -6.173129306980319E-003
  1.633676115868941E-002
 -8.007088297514992E-005
  6.023685718791578E-003
  3.640734904222147E-003
 -3.058307630062069E-003
 -2.399180546825982E-002
 -3.362170181745643E-003
  1.154965550019980E-005
  6.014640329192783E-004
  1.167809731057104E-004
  4.107208132649310E-005
  6.524184080034497E-006
 -4.030208741919412E-004
 -1.068811090408616E-004
  6.546925223138643E-004
 -2.073526311326143E-004
  1.470880943446375E-003
 -9.991765433881576E-005
 -2.298740064892659E-006
 -3.044116112104856E-005
 -1.841986410398942E-004
  2.573753515089496E-004
 -1.196666204149629E-004
 -2.090325288822578E-005
  5.559856814567194E-005
  1.990987169925285E-005
  1.807102850287605E-005
 -4.768650086798456E-005
 -1.146536911964888E-005
 -1.753061841737221E-005
  2.810682072112921E-005
 -5.404100855038473E-007
  1.739847377136990E-005
 -1.235264482682805E-004
 -3.355099476474605E-005
 -2.469895867432628E-005
  7.134881742506968E-005
  7.300484902956384E-006
 -8.435414434895017E-006
  2.667707797615291E-006
 -8.057898093735344E-005
 -3.764275498495084E-005
 -2.785773291384605E-005
  4.607816941984586E-005
  2.069650159015477E-006
 -1.402612751936697E-005
  3.678178495908197E-006
 -1.320614056220702E-006
 -3.843888248172805E-006
 -4.888336420825728E-006
  3.390360158494759E-006
 -3.785791597027303E-007
  3.855047043882690E-006
 -1.099866445401822E-006
 -1.773564590715513E-006
 -6.746153270774840E-006
 -3.086999769885989E-006
  1.070900470267820E-005
  1.853306051235300E-006
 -5.388310930531662E-006
  4.789188329634312E-006
  9.539530620871330E-006
 -7.621411718128096E-006
 -2.150843616995114E-006
 -8.716302484590131E-004
  2.335332986014105E-003
 -1.072942076473006E-005
  8.302994027720207E-004
  5.006525464480013E-004
 -2.681974039097625E-004
 -3.428504179443356E-003
  7.960874570044725E-004
  1.067247260994977E-006
  8.177430769675143E-005
  1.465434079744712E-005
 -6.226985293707711E-003
  3.639948868149802E-002
 -5.995629859927067E-004
 -9.732822987369296E-003
 -1.733715653208194E-003
  4.213179496532651E-003
  2.742611209874076E-003
  5.723341059517528E-004
 -1.058657640084558E-003
 -1.325721654918457E-004
 -8.144421993776725E-005
 -2.675245291677958E-003
  3.472038188547576E-003
  5.632406721576455E-004
 -3.966914108781614E-004
  8.365503149284644E-004
  1.461793775258236E-004
  1.177018833697988E-004
 -6.286233682019470E-004
 -1.584730052696725E-004
 -1.357717464093639E-004
  7.511564298984811E-006
  1.806986303956513E-005
 -2.118142718942217E-005
 -1.656762670321450E-003
 -3.947062762187752E-004
 -6.012966123447032E-005
  1.091944937174081E-005
  8.131108842389248E-005
 -3.304254709316189E-004
 -3.981676996495453E-004
  1.736609355015169E-005
 -3.527244210676775E-004
 -2.232688068186693E-004
  6.831498919992964E-004
  9.500693546970683E-005
 -1.891491334721801E-004
 -3.922841009058932E-005
 -1.158159405765847E-004
  2.723369257414233E-005
 -1.692048658325358E-004
 -1.016462699089280E-006
 -5.081450082823581E-005
  1.921985215694479E-004
  3.001430363960838E-005
 -2.809087932228313E-005
 -1.115079063074337E-004
 -3.300535767167911E-005
  1.654935198128425E-004
  3.902045654051653E-005
 -8.122088184599309E-005
  5.613198441590961E-005
  4.090150983237033E-005
 -5.688804694029515E-005
 -2.632050720230407E-006
  1.454095949102819E-003
  1.709691340577520E-002
 -1.511168303025385E-004
  9.489840211216285E-003
  6.143733557501046E-003
 -1.718457820790093E-002
 -4.272779198914764E-002
 -9.033027153511826E-003
  1.349134782887243E-004
  9.923088916174278E-004
  1.273574344098362E-004
  2.816276919322716E-003
  2.121673060751036E-003
  1.710132183157804E-003
  2.149487304649286E-004
 -6.214065043092348E-003
 -2.856338788305844E-003
  9.898924274516564E-003
 -3.429693191594988E-002
 -2.091201046423619E-003
 -2.367632739100897E-003
  6.418223758431268E-004
  2.074654971207807E-004
 -3.911948743974353E-003
  6.946269026273059E-003
  2.736576456641212E-003
 -6.702975202612875E-004
  1.195502619572707E-003
  5.632376702127953E-004
  1.563817959402711E-004
 -8.904310722252313E-004
 -3.401722528900561E-004
  1.427334049083950E-004
  2.190853500216163E-004
 -2.991152008486661E-004
 -1.307794773735111E-004
 -2.443328297086349E-003
 -9.848060940114548E-004
  7.693393879328180E-004
  7.311984516650241E-004
 -6.385599105593069E-004
 -3.672630493837744E-004
  1.077609083484942E-003
 -6.926972088216240E-005
 -7.181909394357910E-004
 -8.490568443786785E-005
  1.085453988819565E-003
  6.874734363541699E-006
 -4.147186889344087E-004
 -1.097030705660955E-004
 -1.034963949362829E-005
 -2.537646527008432E-005
 -1.027456359699681E-005
  9.631585292246782E-005
  2.392916706878959E-005
  1.257711301670052E-004
  2.859130116576865E-005
 -4.811043607337072E-005
 -1.694051810557190E-004
 -8.845554190935003E-005
  1.812295240888279E-004
 -6.395585958212397E-005
 -3.689821586871577E-005
  9.652525701065663E-005
  9.950014029148726E-005
 -1.201705899762509E-004
 -3.681532794045740E-006
 -3.297332905490169E-003
 -3.319866925500480E-003
  2.641581941440393E-004
  2.768067308104761E-002
  1.224049022072789E-002
 -1.946122121584862E-002
 -0.109605284671302     
 -2.616214723861521E-002
  7.151362744986325E-004
  2.153967277427595E-003
  2.855603902457587E-004
  4.075743251263537E-003
  1.250658959205899E-002
  4.444596283677151E-004
 -3.639301239110760E-004
 -4.752554884160375E-005
 -2.789706823574093E-003
 -4.232621543588855E-004
  1.713394906644349E-003
 -2.334105817829578E-003
 -2.963171939052412E-002
 -3.729644771608533E-004
  1.667310614314007E-004
  4.721065042320884E-004
 -9.988011806322976E-004
  2.452654158364322E-003
 -1.227046991615829E-002
 -1.195140866342681E-004
  5.549950649376707E-004
 -2.737276057641959E-003
  5.618019906308807E-005
 -3.409464277437201E-004
  1.723494684036767E-003
  1.619027310138314E-004
 -8.997070773027977E-004
 -2.180829300769195E-004
 -2.308974398189796E-005
 -9.411552110945339E-004
  4.566444833487033E-003
  5.227390313361912E-004
 -2.800820259684177E-003
 -4.996492873542932E-004
 -4.416364536138071E-006
 -2.630556255929137E-004
  1.796141313757613E-003
  5.570923833593744E-004
 -4.619821889784550E-003
 -5.526760188232364E-004
  5.728031231549543E-006
 -1.118314434847728E-004
  3.818575630424028E-004
 -1.604725560303512E-005
  1.047302409521907E-004
 -1.136838091613514E-006
  2.513935584569912E-005
 -1.077420223707091E-004
  3.641337594767543E-005
 -9.137184689056458E-005
 -2.250927510489667E-005
 -5.471525321371465E-005
  3.703346321214410E-004
 -5.549181129972347E-005
  7.943492914765445E-004
  1.230196366144135E-004
  1.805441517711680E-005
 -1.460844694560214E-004
  5.520076823642591E-007
 -7.475005422180654E-005
 -4.152502446802978E-004
  1.007012064908884E-004
  2.449953148847013E-005
  3.986698750849800E-003
  1.430545770884640E-003
 -2.491482809596041E-003
 -2.646294168709860E-002
  8.200365926808226E-002
  7.762287122957709E-005
  2.939156771898581E-004
  5.268326779839676E-005
  4.145888117139842E-004
  1.045362614509349E-003
  5.418164923241513E-003
 -1.816426414587607E-003
 -2.902747615673703E-003
  2.034023373523047E-005
  2.275659902234715E-003
  3.011726648897947E-004
 -9.199668486034335E-003
  2.829350758321449E-003
  3.771174298468350E-004
  6.812466477982755E-004
 -1.116198114164811E-005
 -4.094634222255901E-005
  1.636008820259398E-003
 -7.436031060523122E-005
 -2.444939224948814E-004
 -1.874227021490276E-005
 -2.099466449502740E-005
 -4.828777363245943E-005
 -1.683289899073374E-004
  4.293725419280810E-005
  3.292729908034701E-005
  6.379065991436378E-005
 -1.881306450818948E-005
  1.045383299929737E-004
 -3.276351905206921E-004
  1.397780292037353E-004
  1.071498609279587E-004
  7.138075333931154E-005
 -8.401402841592543E-005
  2.562544371813805E-004
 -3.974123014155563E-005
  1.616936894809477E-005
  2.494349167712166E-005
 -2.071138393756826E-005
 -8.656661344603316E-005
  6.045261407912389E-005
 -1.981959082198020E-005
  2.605788472437744E-005
  1.053949460538622E-005
  2.735421445922293E-005
  4.193828536928242E-006
  3.210455800671768E-005
 -4.917305208834399E-006
 -1.274230697321138E-006
 -1.130596909787424E-005
 -3.088421302688362E-006
 -9.469835651537624E-006
  2.386763195279981E-005
  8.268933303790532E-006
  6.487403528757327E-006
  1.388084633553227E-005
  2.192210342585554E-005
 -1.727692544509743E-005
 -1.781725103448301E-005
  2.796314438249248E-005
  3.182772576897493E-006
  4.848529950280682E-004
  7.746543979613177E-003
  3.224133256286047E-005
 -7.753537821497725E-004
  5.938773466388246E-004
  1.550326098442849E-002
  5.828157615826698E-003
  2.162916160663366E-003
 -7.365654339350582E-005
 -1.508430180048551E-004
 -1.760443157647133E-005
 -4.159731141635551E-004
 -1.208919857376414E-003
 -8.351926810297585E-005
  3.141323995051437E-004
  2.783745280255960E-005
  2.880161915605541E-004
 -2.415108342755710E-005
  8.307127275767787E-004
  9.612446851723688E-004
  5.253924751197902E-003
 -8.904133555775726E-003
  7.510827460371471E-005
  1.339633705083891E-004
  2.201464743297575E-004
  5.908787650561547E-005
 -4.044326987993259E-004
 -3.109640877585336E-003
  1.286134243309647E-003
  2.953121683741113E-004
 -8.864493695849578E-004
  2.021369792838288E-004
  1.343923773729938E-004
  6.202393110976451E-004
 -1.146863524032280E-004
  5.290362046023348E-005
  1.250139582424270E-004
 -1.872959978332273E-004
  4.252130178417603E-004
  1.612707855365276E-003
 -3.106353304778281E-004
  5.671449971620797E-005
  3.929021081764650E-004
 -4.819275175579683E-004
  1.973635693949974E-004
  5.113405941726559E-004
 -8.670500163023275E-005
  3.765087282058188E-004
  8.437971493651342E-004
 -5.738722976008162E-004
  1.221459056407501E-005
  1.280791596387888E-004
 -3.692531562464934E-005
 -4.031307324598314E-005
 -2.544474510687687E-005
  3.669301553758122E-006
 -2.730922514557599E-005
  1.549446736527519E-005
 -4.615148420206081E-005
  7.143616086458050E-006
  4.046785886511487E-005
  7.403030953443290E-005
 -2.675444569317546E-005
 -1.762325765416058E-004
 -1.605652760810617E-004
  5.482899994626123E-005
 -2.846722840010792E-005
 -1.205724210145012E-006
  1.137137566589087E-005
  9.320056634440158E-006
 -1.238397866780447E-004
 -5.868919297172976E-003
 -1.311433211304662E-004
 -9.004386543493755E-003
 -5.519909299580877E-003
 -8.232921296336758E-003
  3.508982434091480E-002
 -6.670849867911804E-003
 -1.810749694604442E-004
 -6.050306820107841E-004
 -8.789157433221258E-005
 -1.125580018624479E-003
 -2.457747320825368E-003
 -9.636160255586758E-004
  5.800816894046518E-005
  1.084879409044943E-003
  1.648908088307165E-004
 -6.032880718647973E-005
 -5.057466618493127E-005
 -1.375071382204173E-003
  1.106776266904283E-004
  8.352419046790071E-004
  3.377558040695092E-004
 -1.172766829091383E-002
 -9.616195845058585E-006
  7.789639727349596E-005
  8.881299230554813E-005
 -4.177855098720462E-004
  9.749746330956317E-004
 -1.176022066216283E-002
  1.100521353437609E-005
  2.085533847381461E-004
 -2.235458352659177E-003
  3.563332919673508E-005
 -1.172259935496269E-004
  1.428438915407089E-003
  8.067294407472562E-005
 -5.128896626477023E-004
 -1.163062732714607E-004
  2.353343774955631E-005
 -3.134219730846503E-004
  3.776502805041486E-003
  2.528494246692465E-004
 -1.761784937675589E-003
 -2.763828624188028E-004
  6.890699635095387E-005
 -2.516399728312157E-004
  8.000908231637297E-004
  5.596320234803584E-004
 -3.783050680990741E-003
 -6.285390198313123E-004
  4.829887452510474E-006
 -3.439736157176300E-005
  3.761460328155127E-004
 -1.124413369098813E-005
  5.134787971773610E-005
 -3.245528666543286E-006
  8.119821192507509E-006
 -9.747925400812373E-005
  1.003789799424047E-005
 -9.288892626912966E-005
 -5.895391333593674E-006
 -1.332890988758067E-005
  3.042351134340125E-004
 -8.837550529163673E-005
  6.385967321280331E-004
  1.060616792924178E-004
 -1.145000449053284E-005
 -1.027723908070727E-004
  4.767892335917918E-005
 -6.715424087564658E-005
 -4.325036146184732E-005
 -9.113865112788678E-004
 -2.241505529935852E-005
 -1.011835263911543E-003
 -9.579896660918027E-004
 -8.597254166847305E-004
 -6.421788045279860E-003
  8.165541760865115E-002
 -3.465481355436316E-005
 -8.697929515548105E-005
  2.889856819920607E-005
 -2.885782327442495E-004
 -9.442988200065502E-004
  4.406153514336804E-003
  8.304686203626600E-005
 -4.408880370535361E-004
  4.095441385533414E-003
  6.880062526372113E-005
  3.695959264193820E-003
 -5.721899938337617E-005
 -1.730295329561435E-003
 -1.889637262850243E-004
  4.331219016083468E-003
 -2.287096881034781E-004
 -1.250747749559187E-004
 -3.361453727056100E-004
 -1.646712563339983E-005
  7.787375294985378E-006
 -8.731988921832403E-004
  1.141253311742260E-004
  3.760257848269759E-007
 -1.700917640889074E-006
  3.543540973287177E-005
  3.067665639570921E-006
  9.278498634081997E-005
 -4.314087330006599E-005
 -8.648312498759462E-006
 -4.766783805247482E-005
  5.257402636666979E-007
 -4.511714828834514E-005
  1.705785451151341E-004
 -1.217177915033934E-004
 -2.714013925414299E-005
 -6.707038946586678E-005
  8.478758453778992E-006
 -1.035081556492674E-004
  6.840228988842574E-006
 -4.929367605468631E-005
 -2.695173556461848E-006
  1.250613740117682E-006
 -1.993366979851204E-006
 -8.090842728960256E-006
  1.703202219518242E-005
 -1.528466089843591E-005
 -2.349520996952636E-006
 -2.273409054969987E-005
  7.802216115384626E-007
 -2.836197603584740E-005
  7.622483080205791E-008
 -3.984752613691102E-006
  1.505598640602973E-005
  2.111424536881246E-006
  3.484521987885033E-006
 -1.408643314077459E-005
 -1.970483168495820E-006
  2.777671134197731E-006
  1.825298722074387E-006
 -1.323123709785283E-005
  1.161488075196678E-005
  1.100748582450484E-005
 -2.075820911512575E-005
 -3.012334218669672E-006
 -7.498172073776020E-006
  6.264061727202255E-004
 -5.047201024432050E-005
  2.978920428046877E-004
 -2.391138118222846E-005
 -7.028526171987437E-003
 -2.713323412076648E-003
 -3.781972361863517E-004
  3.267806499967891E-006
  9.633090034618424E-005
  1.203079783034304E-005
  2.783120909152815E-004
  4.354249163194773E-004
  5.970209215312474E-005
 -1.163495996403401E-004
 -4.141217704101086E-005
 -6.436191400751511E-006
  5.744008403668925E-005
  4.849897191271190E-005
 -2.702160440023788E-003
  4.561611115123612E-005
  1.425302257171132E-003
  1.935298811089859E-004
 -4.737311966058868E-003
 -3.905809344854280E-003
 -4.717837747783800E-005
  3.140677338324381E-004
  1.217961121749419E-004
  4.552199860924134E-006
  7.633132392973228E-004
 -8.969079907708265E-005
 -7.851002560887596E-005
 -7.247316485534583E-006
 -1.125334728931151E-004
 -1.338072019815363E-005
 -8.112751187429456E-005
  9.650828509574767E-005
  1.786969720687179E-005
  8.344580801921157E-005
  2.748560453777038E-005
 -2.318296144917012E-006
 -1.625080551620553E-004
  2.590534055023483E-004
  5.020063847844218E-005
  1.642105386357965E-004
  6.184487248860458E-005
 -1.702483473741194E-006
 -1.317393879976885E-005
  2.571930922933965E-004
  1.785838977405483E-006
  2.709328019634896E-005
 -1.208448245644573E-005
 -1.391934139658011E-005
 -1.319951821072652E-005
  8.202206676593415E-006
  3.787284657144845E-006
  1.186657743031689E-005
 -5.527113349940612E-006
  2.773197720186267E-005
  3.757846035603005E-007
  2.358645553714351E-006
 -9.329560487274317E-006
 -2.048643403619732E-006
 -2.468831421221265E-006
  1.995074174980951E-005
  2.299134900701528E-006
 -2.500648754694596E-005
 -1.226908898012566E-005
  3.241298181060975E-005
 -1.159503653800658E-005
 -6.985154904646076E-006
  1.483436786421024E-005
  1.562006667981516E-006
  8.520248892929180E-005
  3.468462235366151E-003
  2.585300152533729E-005
  1.003886324571257E-005
  2.697351017033414E-004
  7.978857636705592E-003
  1.604816340247158E-003
  8.218880023023632E-004
 -2.413868575642432E-005
 -5.268700703697259E-005
 -4.546739907182101E-006
 -2.201559801071709E-004
 -2.675827946780916E-004
 -1.731228678572083E-005
  1.308103284951402E-004
  4.516586295903408E-005
  2.761660241454117E-005
 -5.709305889442398E-005
  8.702843064320302E-005
  1.144356647861317E-005
 -4.835686416620519E-004
  1.266695017390702E-006
  2.050422229578073E-004
  2.169508022321003E-005
 -7.047246361876336E-004
 -1.146824077583262E-004
 -3.674818707188691E-003
  4.733744194100462E-005
  1.390029680112337E-005
  8.513380857552683E-005
  1.266213234303285E-004
 -6.026649853220647E-005
  5.629869377630207E-004
 -3.537127729425992E-007
 -1.162200382478156E-005
  2.116709867197313E-006
 -1.144697929954931E-005
  1.582494070283425E-005
 -6.874120676541737E-006
  2.267220419256399E-005
 -6.549660773721708E-005
 -1.122522489301469E-005
 -1.992019455388167E-005
  3.597447244444515E-005
 -1.228510668827442E-005
  4.590788599301995E-005
 -1.560819632216817E-004
 -2.598769143913827E-005
 -5.176894664384488E-006
  1.777615373136207E-005
  1.993472897333921E-004
  5.059481486578538E-006
  6.270458737159333E-005
  1.174131778059508E-007
 -1.945585340425389E-006
  3.553823111310311E-006
 -1.951292474339712E-005
  6.768416063000084E-007
  9.683147192026480E-006
  5.159914414976158E-006
 -7.166670908600556E-007
  3.611338131668584E-006
 -1.403821838730145E-006
  5.300528870576177E-006
 -1.137028462799591E-006
  1.650127507666987E-006
 -2.773004780148139E-007
 -1.008705213957141E-006
 -6.138945660390125E-006
  4.419790602355914E-006
  1.874292439088462E-006
 -9.364165826169018E-006
 -7.273004824932372E-006
  3.213822101394611E-006
  9.484907551984891E-006
  4.236163986366167E-004
  4.786762306868492E-006
  3.476074539952915E-006
  5.726718496385848E-005
  1.145409173052864E-003
  7.940020816033914E-004
 -4.338301270930838E-003
 -3.187233688580183E-006
 -7.100545342863462E-006
 -1.027276942269962E-005
 -2.243228741522333E-005
 -1.792480392769344E-005
 -1.026343361721024E-004
  1.574177426281058E-005
  2.821653185516940E-005
 -1.624924557459611E-004
 -8.099606069833476E-006
  8.766299918100563E-006
  2.828258499927968E-005
 -5.098037319153406E-005
 -1.993025592938721E-003
  2.173815500111591E-005
  1.168347907527988E-003
  2.740794391358239E-004
 -2.355463136649668E-003
 -1.061302310409301E-004
 -6.668705379469467E-005
  2.683404722419821E-004
  2.261932593970139E-005
  1.036484356823431E-006
  5.594206352401971E-004
 -5.417855666014111E-004
  1.014982662570426E-004
  4.512089017939633E-005
 -1.431836674512530E-004
  6.507589954999953E-006
 -4.223752950600260E-005
  1.115777056426705E-004
 -2.754538808185732E-008
  3.110378391639368E-005
  5.092091129048987E-006
  1.113374558960893E-005
 -5.190736243801701E-005
  2.992114015757117E-004
  4.745457083321987E-006
  3.046477820923455E-005
  1.223951730299230E-005
  2.144258422878246E-005
  2.285456847293407E-005
  6.900105789461411E-005
  5.962061297810784E-006
  5.355576377545232E-005
  9.288742207327200E-005
 -7.641033224838639E-005
 -7.965016532871628E-006
  3.136872289795417E-005
 -1.189082952115114E-006
  7.726680572809605E-006
 -2.023069416065110E-006
  1.616836902580528E-005
 -5.296423987918026E-006
  3.238083646937463E-006
 -1.547945093420010E-005
 -6.830002316074496E-007
  2.972474886297363E-006
  2.025035719004834E-005
  2.308037776513031E-007
 -2.451444343850485E-005
 -1.716350903312794E-005
  1.559701877961276E-005
 -1.118340532262646E-005
 -8.300759671340257E-006
  1.329985877783104E-005
  2.689985297896318E-006
  1.080832270412217E-005
  3.906010747619130E-004
  2.309572351784722E-006
 -1.730643501644714E-003
 -7.600575147621216E-004
  4.156858320319260E-003
  7.800244295321865E-003
 -1.251945605457654E-004
 -4.630698540485094E-005
 -1.620230771338810E-004
 -2.221101920541260E-005
 -3.675759295506280E-004
 -8.232732902485381E-004
 -1.687595705627287E-004
  1.139513830173436E-004
  1.947871152206292E-004
 -3.020971831404501E-005
 -4.996460987608122E-005
  5.016057558320726E-005
  1.032591416479801E-005
  7.161454775869895E-005
 -1.199435398182044E-005
 -1.096263465536530E-004
 -4.531222251122107E-006
  4.712932340747460E-005
  9.982232722981396E-005
 -5.993209496685226E-005
 -1.844056939040317E-004
  4.111407801055448E-004
  5.058065326137627E-005
  1.368241469021136E-005
 -2.439011710515931E-005
  2.803398970268293E-005
 -1.288057014611510E-004
 -1.197014380823623E-003
  2.189881092446629E-005
 -4.288234370645409E-005
 -1.906190835372272E-004
  3.997390579598688E-006
  3.154471265127114E-005
  1.249600881862297E-004
  5.918120373804797E-006
 -1.417603034330159E-005
 -9.915510953403485E-006
  1.485698100194956E-005
  8.612663129718355E-005
  3.295752997238659E-004
  1.013382227967987E-005
 -7.901914034438401E-005
 -2.499080328162942E-005
  1.985470225385318E-005
  5.097387120487985E-006
 -8.930628327054378E-006
  7.283573416125345E-005
 -3.086855085223190E-004
 -9.269043641510663E-005
  4.671904939885911E-007
  7.662460550547823E-006
  3.943115872416091E-005
 -1.900464010053181E-006
 -5.094492237634851E-007
  4.988925280874080E-007
 -1.483861494275159E-006
 -9.047211766941410E-006
 -3.210876067722346E-006
 -1.012798231907317E-005
  1.978379402170140E-006
  5.740923622654674E-006
  2.615893452060417E-005
 -1.936616156585658E-005
  4.927984012295149E-005
  1.343102335934616E-005
 -5.024407892818110E-006
 -6.897380962397283E-006
  9.332300055799658E-006
 -6.420517852735630E-006
  3.945802747913660E-006
  3.494860614336955E-004
 -1.302432962736023E-005
 -8.497909828678187E-004
 -4.542496269306387E-004
  3.529740041132118E-004
  2.347716163017106E-003
  8.694094574956270E-003
 -2.506795350531801E-005
 -6.326951183503195E-005
 -1.518601629853221E-006
 -1.422170274082720E-004
 -3.903395986117167E-004
  3.525834805217429E-004
  3.753766603033822E-005
  3.666697095757804E-005
  4.044404560106111E-004
 -1.171283972443326E-005
  1.501841428025151E-005
 -2.176755377524723E-005
  1.934983763618695E-005
  5.121027029730463E-005
 -1.782025207218708E-005
 -1.702933671255100E-003
  3.548084438226026E-005
  5.619474220334467E-004
 -8.511571285079956E-005
 -1.975755879433801E-003
  3.348399191444082E-004
  1.917618287506134E-004
  6.780490046362791E-005
 -6.152200306301559E-006
 -8.823859651808809E-006
  3.137782569430432E-004
  4.276602354271851E-004
 -1.018742920418695E-004
 -4.341997253850725E-005
  1.077482577183812E-004
 -9.575255594570874E-006
 -5.054745683481736E-005
 -6.843683234260447E-005
  8.675857886841319E-006
  1.656405413608115E-005
 -5.617831392715685E-006
  3.398340269873621E-005
 -1.186711826771171E-004
 -1.774936100723182E-004
  2.239468217082100E-005
  3.660561125663222E-005
 -2.071827575677129E-005
  8.206557142048491E-005
 -2.969479746177664E-005
 -1.970738183992779E-005
 -3.266887741348936E-006
 -5.480637751557000E-005
 -9.089405509342079E-005
  8.450117497734664E-005
 -9.067005662310796E-006
 -1.608406199951827E-005
  3.538603949067750E-006
  1.500740997689027E-005
  1.242847804526647E-006
  1.219360701004212E-005
  5.220199157115967E-006
  7.466689667536400E-007
  4.234645281703651E-007
 -1.428424305273797E-006
 -6.456996874182396E-006
 -6.163924049273749E-006
  1.739679390844517E-006
  2.173677230430712E-005
  1.533821031105355E-005
 -2.365781681759930E-006
 -4.314754293403213E-007
 -2.706726153164580E-006
  7.458350337294713E-006
  3.223489207733542E-007
 -3.310150630346149E-006
 -1.017007247482139E-003
  4.816243789253578E-005
  1.432751458840026E-003
  7.839688959443500E-004
  2.871667851668176E-003
 -5.086920883245217E-003
  5.033917967321171E-004
  4.303917890488305E-005
  6.569217678769675E-005
  1.018022137506957E-005
  8.926383863534654E-005
  3.878483739290608E-004
  1.090574784096039E-004
  2.398216622996547E-006
 -1.533749381796184E-004
  3.664590971479652E-005
 -7.475474160608022E-006
  6.932483311216711E-006
 -2.226308094964537E-006
 -2.164993788261772E-005
 -7.636997911753695E-006
  2.912541204322574E-005
 -6.075457748712433E-004
  1.110975042123673E-002
 -1.731624026098501E-004
 -6.083702590350608E-003
 -6.280521035983893E-004
  1.587478263359777E-002
 -7.429128802325588E-004
 -4.930347793378754E-004
 -1.207815817764630E-003
 -5.395197427603004E-005
  3.283340873057169E-005
 -3.127026833046671E-003
  3.034110745848624E-004
 -1.181332900724327E-005
  1.128688940469699E-005
  9.887885093321584E-005
  6.019682379875117E-006
  3.532811820546011E-004
 -1.415440361831891E-004
 -2.615247730994410E-005
 -1.808222788588718E-004
 -1.428390936271117E-006
 -1.724589031957293E-004
  6.559586169948120E-004
 -3.997380399269374E-004
 -8.462308824555348E-005
 -2.693615963292060E-004
  2.148173008837601E-005
 -3.865970206656060E-004
  4.440699990171992E-005
 -1.492903756644870E-004
 -6.585400107836594E-006
  3.860662843677465E-006
 -5.273959815554728E-006
 -4.826766274539738E-005
  5.903503229367783E-005
 -4.918757974250169E-005
 -7.381646024383791E-006
 -7.922999957332997E-005
  1.688555611794931E-006
 -9.787509730770351E-005
  1.816068209198083E-006
 -1.086758411209824E-005
  4.373937511490743E-005
  6.083076712160678E-006
  1.366170083636211E-005
 -4.712192051174871E-005
 -6.021464733135623E-006
  4.263483273652608E-006
  5.677349146257191E-006
 -4.524858578273894E-005
  4.431522448963650E-005
  4.365082972184347E-005
 -8.582375295716079E-005
 -1.254312166290262E-005
 -8.628825491131653E-004
  6.140685854427376E-003
 -2.053407888291228E-004
  7.648690044776241E-004
 -9.259454928584054E-005
 -2.359117457553639E-002
 -8.091903800414640E-003
 -1.045257214039637E-003
 -2.786562414191057E-005
  3.384565238570122E-004
  4.282348072946496E-005
  8.867875340076098E-004
  1.315848163699994E-003
  1.868175197624622E-004
 -3.681909035034832E-004
 -1.057908120036383E-004
 -1.367595353945381E-005
  1.907896657906831E-004
 -1.823100037724516E-004
 -2.613247786048619E-005
 -1.568339005141332E-004
 -3.354395429694892E-005
 -3.395576527654985E-005
  6.483362924188584E-004
 -2.934265050162308E-005
 -6.564001775763943E-003
  1.383585777755774E-004
  2.889843664493758E-003
  9.103237054765637E-005
 -1.255688209671733E-002
 -1.356114513675042E-002
  1.110941425058634E-004
  5.765165207776766E-004
  3.837193983695959E-004
  1.542500278596823E-005
  1.665032095816431E-003
  9.153064397486271E-004
 -1.636180562191494E-004
 -1.322033844714029E-004
 -7.438759732519604E-005
 -2.883333213932235E-006
 -2.138824852175623E-004
  9.176168035965912E-005
  2.724377481209114E-005
  2.339381863753545E-004
  9.432927413488546E-005
 -2.005570115779222E-005
 -5.019116507596826E-004
  2.489348215921356E-004
  7.256842052806213E-005
  5.222127181882739E-004
  2.240050411754949E-004
 -2.030106742859131E-005
 -1.029421970014818E-004
  7.776670378480456E-004
 -1.575905338480445E-005
 -5.111267997194714E-005
 -1.595576807764750E-004
  1.540548769734290E-004
 -3.415910774378425E-005
 -4.000899547120550E-005
  5.589728387047134E-006
  3.218651207807377E-005
 -1.602794316796547E-005
  7.029081115327901E-005
  1.443999408940406E-005
  5.655969009884033E-006
 -3.310986797006671E-006
 -3.748565798977056E-006
 -1.696300464583316E-005
  2.739139355039565E-005
 -1.277348339483992E-008
 -2.864030024258380E-005
 -2.067960092471916E-005
  7.952931418008329E-005
 -1.683648867374954E-005
 -5.167428409433180E-006
  2.311807247085298E-005
  1.726733964276007E-006
 -5.195184392751674E-004
  1.216752946769103E-002
  9.798432110821490E-005
  4.142031541629176E-003
  2.865930260202161E-003
  2.111175266734317E-002
 -1.189181277907466E-002
  8.521522026931217E-004
  1.619749042563021E-005
  1.794422268130502E-004
  3.291957652870082E-005
  2.586484984747238E-006
  8.872871257922081E-004
  1.952562946105270E-004
  2.363321716473946E-004
 -2.790183144387818E-004
  5.100073758817613E-005
 -1.043729357195033E-004
  2.114762630045545E-004
  1.579994682959829E-005
  2.677847877012879E-005
 -8.380369327965788E-007
  7.759445694937455E-005
 -3.393583493890614E-004
  7.313371795721034E-004
 -7.419054059704463E-006
 -8.473507892616848E-004
 -5.739759950077140E-006
  4.589312894008702E-004
  7.252946220696666E-008
 -2.165014081562069E-003
 -1.088109971529541E-004
 -1.207706846127226E-002
  1.146038218454527E-004
  3.443070132152638E-005
  2.815497725517587E-004
  3.480433939034189E-004
 -6.515220440836085E-005
  2.124099533193027E-003
 -1.690729218784140E-005
  5.331436918583284E-007
  5.383718944109574E-005
 -3.693008081509483E-005
  2.353734209496685E-005
 -5.460451497545248E-005
  6.828182866844059E-005
 -2.119931132982171E-004
 -3.135174785334576E-005
 -7.206893906242064E-005
  4.255507117000700E-005
 -1.246649686557816E-004
  1.434707181057753E-004
 -4.951263277244923E-004
 -7.140177904335464E-005
 -2.977258461691399E-005
  3.728838298385751E-005
  6.534075354606133E-004
 -1.193561399493796E-005
  2.662217270478447E-004
  4.170819861185194E-005
 -4.784838961528293E-006
  4.654103560098654E-006
 -7.356570268297018E-005
  1.059176632038419E-006
  3.259024260671432E-005
  1.329534025254646E-005
 -1.681084783488432E-006
  1.283561258120901E-005
  3.891507903666427E-007
  2.024336336725372E-005
 -5.118856587953047E-006
  6.451050954185566E-007
 -7.580933568582122E-006
  7.018290189174598E-006
 -2.915611204968134E-005
  8.338279574684543E-006
  8.704326566072752E-006
 -2.825496278837200E-005
 -2.675808479363681E-005
  1.194529878565138E-005
 -6.034663709875484E-005
  1.312439730741091E-003
  1.869669699811867E-005
  4.983899563174264E-004
  4.535494881685569E-004
  3.183598201128210E-003
  7.728135586770337E-004
 -1.636620037961676E-002
  2.614230482819935E-006
  1.761259561122514E-005
 -2.982922330560362E-005
  3.002126639346114E-005
  1.542877849163749E-004
 -3.999645351530316E-004
  2.843583798096189E-005
  4.866545570885955E-005
 -6.288601513739478E-004
 -1.639014367753999E-005
  1.748204283079432E-005
  9.645914020372956E-005
  1.819894589753245E-005
 -8.704820098559100E-005
 -1.808802219992462E-006
 -5.514376511715389E-005
  4.822988715920342E-005
  3.350236925634497E-004
  5.352153362085750E-004
 -6.476115360767446E-003
  8.638470295827048E-005
  3.747118873691543E-003
  6.631910600531705E-004
 -8.732696764919168E-003
 -8.998037638617235E-004
 -5.752591458810968E-005
  8.091227001465287E-004
  7.765328091748369E-005
 -1.459684797336530E-006
  1.852139496843288E-003
 -1.054273281953281E-003
  2.935056253565394E-004
  7.495234686702817E-005
 -3.008405813103725E-004
  2.764966972536974E-005
 -1.727189849043448E-004
  2.512047881744011E-004
 -3.634276597394782E-006
  1.142209510185412E-004
  1.766247704295295E-005
  5.849803388580360E-005
 -2.764575662629578E-004
  6.775907733000699E-004
  3.017940374798398E-006
  1.513735934064888E-004
  4.121809428656603E-005
  1.250839728564690E-004
  2.588773326454998E-005
  2.115595959290020E-004
  1.253826168706171E-005
  9.606457229842150E-005
  1.998937122909711E-004
 -1.219523055629715E-004
 -3.009226843597496E-005
  6.837987637899753E-005
 -3.828774710360268E-006
  3.384367915978603E-005
 -5.243578870306323E-006
  5.643312614813886E-005
 -9.934606555351054E-006
  9.426143873473210E-006
 -3.857605671294436E-005
 -1.865789721037648E-006
  1.556356204239687E-006
  5.060391186581139E-005
 -5.335283891113175E-007
 -4.857392307066115E-005
 -4.028761594545529E-005
  4.390485445794209E-005
 -3.223109722473993E-005
 -2.571188421327183E-005
  4.608937980840840E-005
  8.748470867461048E-006
 -3.397423000153289E-005
 -3.693653792692952E-004
  5.778342898596482E-005
 -3.205452671361060E-003
 -1.271178336085188E-003
  1.416241217192191E-002
  1.593581650307359E-002
 -7.280676130303473E-004
 -7.782688560794657E-005
 -3.723017832375411E-004
 -5.043908482255323E-005
 -8.883418240825270E-004
 -1.776199563754434E-003
 -3.845491342020500E-004
  3.053526958462633E-004
  3.809850118955122E-004
 -8.783682284420275E-005
 -1.418517186793526E-004
  1.456443784819782E-004
  2.818546565686596E-005
  1.710271605522558E-004
  3.976175438731073E-005
 -2.917544187290319E-005
 -4.581752634725388E-004
  1.637707884017706E-004
  5.697124654455760E-005
  4.331260915188493E-004
  1.293032393957689E-004
 -6.190987589955368E-004
 -2.338137100063497E-006
  9.083501615790769E-005
  1.983425929172682E-004
 -2.399215192329461E-004
 -8.070270385101849E-004
  5.030179052462995E-004
  9.914695167583268E-005
  4.161925213144416E-005
 -4.570149282771730E-005
  5.416780413472124E-005
 -1.866671411015928E-004
 -2.807270083367158E-003
  4.065453012429782E-005
 -7.859472172627479E-005
 -4.565208141410106E-004
  8.434148170884708E-006
  5.865653085223960E-005
  2.990389457061964E-004
  1.851491953118792E-005
 -4.153450709308914E-005
 -2.694906770207263E-005
  2.546883709133673E-005
  1.605060314190424E-004
  7.883901702561538E-004
  3.916135531283067E-005
 -2.071112176520790E-004
 -6.463019240416740E-005
  4.094262039327155E-005
  2.664912456967036E-005
  3.997067029201196E-006
  1.608404451463358E-004
 -7.527025361400681E-004
 -2.017830655396074E-004
  2.163197989373437E-007
  1.204917276009561E-005
  9.210805493232654E-005
 -3.344119834337049E-006
 -1.621187630948407E-007
  2.695160437525018E-006
 -1.753686863690512E-006
 -2.090987824276911E-005
 -6.788112169024075E-006
 -2.373272556318581E-005
  3.296646181008482E-006
  1.128669500880926E-005
  6.255025792411393E-005
 -4.227763512155499E-005
  1.197999895950301E-004
  3.238769657852954E-005
 -1.007782850117339E-005
 -1.618369309024028E-005
  1.894679049471090E-005
 -1.545552161129122E-005
 -2.509614202012925E-004
  1.366933989676534E-003
 -2.686498599610466E-005
 -1.560548062629546E-003
 -8.306606067394728E-004
  1.193137100194159E-003
  3.917474534214731E-003
  2.026091666529962E-002
 -5.297020288963957E-005
 -1.164012412169624E-004
  2.329514929453155E-007
 -2.906337741658035E-004
 -7.668975965095067E-004
  8.654420646011521E-004
  8.261575557909603E-005
  4.616701501604210E-005
  9.525187652650300E-004
 -2.551236723043833E-005
  3.679994602409280E-005
 -4.929662169672062E-005
  3.699376971951781E-005
  1.162341466177954E-004
 -1.148140248907948E-005
 -7.244594593267286E-005
  2.347540417692837E-005
 -1.962653604658544E-004
  7.749237661163520E-005
  2.661002515266108E-004
  7.233043866266824E-005
 -4.633635060469279E-003
  8.677769965157965E-005
  2.336583716659065E-003
 -3.513895645478122E-005
 -7.142085868678597E-003
  1.642716644094282E-003
  5.505606939259851E-004
  3.986931176181012E-004
 -2.370130664145366E-005
 -3.137372393323516E-005
  1.274887336203383E-003
  7.508622073684184E-004
 -2.816922963492962E-004
 -8.623923627172515E-005
  2.019617303771566E-004
 -3.366935210524486E-005
 -1.805621971502563E-004
 -1.096607519912120E-004
  2.978675390733888E-005
  6.660132784033063E-005
 -1.623408610668183E-005
  1.139608693099257E-004
 -3.795010507318542E-004
 -2.778527333731324E-004
  8.160514787075507E-005
  1.179880029227173E-004
 -6.269982437494204E-005
  2.615130478091369E-004
 -7.029473316626990E-005
 -6.226922026451502E-005
 -5.952861579225119E-006
 -9.992523514209896E-005
 -1.946197524754164E-004
  1.702199683083689E-004
 -2.894276385770287E-005
 -1.919229663649585E-005
  1.121042073474406E-005
  4.538632041354395E-005
  3.555023258511391E-006
  4.144197115956466E-005
  8.118538346152971E-006
  1.441440238625034E-006
 -5.163318401963064E-006
 -4.217286991123031E-006
 -1.521805704060180E-005
 -3.481991354062700E-006
  6.554993122246937E-006
  4.431043979700855E-005
  3.461026679919810E-005
  1.343731324796851E-006
 -1.208412726489657E-005
 -1.793894550857165E-005
  3.973437314875240E-005
  3.794650795441570E-006
  8.968567791146982E-004
 -5.771320475158081E-003
  1.475573598431579E-004
  2.440583666883436E-003
  1.363772885371028E-003
  9.428762403614477E-003
 -7.843912702658946E-003
  1.773324827069984E-003
  1.056925097498571E-004
  3.384525938052887E-005
  7.615604093088269E-006
  1.554290074917119E-006
  4.603514000544397E-004
  1.977316144395877E-004
  6.283820765721995E-005
 -2.751941998918739E-004
  1.015127763836566E-004
 -4.893794711133046E-005
  3.666562529047345E-005
 -2.052987796379776E-006
 -1.419326003812258E-005
 -6.217800090361812E-006
  6.313120714945304E-005
 -1.901610289463195E-004
  1.755875609872908E-004
 -1.827481427403711E-006
  2.504917195368959E-005
 -5.046430678962334E-006
  1.651118569926299E-004
  2.534899178709680E-006
  4.153234832901527E-003
 -6.538487941520153E-005
 -2.743109611879667E-003
 -1.793878436785882E-004
  1.037711180035661E-002
  1.135927046539679E-003
 -3.187670684863352E-005
 -6.441170928250198E-004
 -7.428689065964888E-005
  1.540924939067843E-005
 -1.718834631252109E-003
 -3.516895328461300E-004
 -1.286422335729295E-004
  6.830933714673880E-005
 -2.426550793713504E-005
 -1.730483407820017E-005
  2.070682053596398E-004
 -2.075875672424437E-005
  2.606500066475911E-006
 -1.157113592950443E-004
 -8.288795848187908E-006
 -9.135684606459546E-005
  4.292079562899173E-004
 -7.271143568219849E-005
 -6.024925355844625E-006
 -2.076886261825320E-004
 -4.508597281457720E-006
 -2.215193301073853E-004
  7.280004016593616E-005
 -1.715231309271043E-004
 -2.337116753552077E-005
  6.030842092940684E-005
  3.655627658370905E-005
 -1.331084610953430E-004
  2.799519237031686E-005
 -1.229825033568908E-006
  2.143277262062853E-006
 -3.654484106160085E-005
 -2.499047003743131E-007
 -4.744073604934973E-005
 -1.958291481577444E-006
 -3.195124805681526E-006
  7.104699478301240E-006
  3.506158478728912E-007
  1.401035695498401E-005
 -1.915551333806286E-005
  9.075271768334267E-007
 -1.261383592862076E-005
  3.623304053392814E-006
 -2.941723493633126E-005
  1.803436213608845E-005
  1.756584389453418E-005
 -3.494757307020250E-005
 -6.157790357122537E-006
 -2.459427801387009E-005
 -3.814538491002806E-003
 -9.468849889072817E-005
 -1.262350550788638E-003
 -1.349562413152338E-003
 -1.598595851824561E-002
  1.604482245386533E-003
  8.506540292151704E-004
 -5.247202682864262E-006
  3.848800114279854E-005
  3.573617327531661E-006
  2.193448493220391E-004
  2.659687644126329E-004
  6.299959006270493E-005
 -2.328119604725885E-004
  9.936009075034517E-005
  4.084868300133961E-005
  1.013655580697811E-004
 -1.264446811328061E-004
 -1.987290492163273E-005
 -6.348914726740755E-005
 -3.573179764033055E-006
 -3.787641080237359E-005
  3.380757173630656E-004
 -3.377685575298846E-004
 -5.697774858410779E-005
 -2.124750841441518E-004
 -1.412631271621319E-005
 -1.256006332189137E-004
  2.403220485909388E-004
 -1.187434569183142E-003
 -1.828194905187125E-004
  2.863610773251526E-005
  3.213883219205526E-004
 -4.828926503065807E-004
 -7.522112135810583E-003
 -3.172842687179780E-003
  6.088370869842738E-004
  1.227163000704927E-004
  9.033266537127201E-005
 -2.731595479298612E-005
  7.152214523370451E-004
  1.902885907083245E-003
 -1.246147974673403E-004
 -2.110343116806450E-004
  3.685245322624958E-004
  1.400105377563358E-005
 -1.457563207296715E-004
 -2.428741912751698E-004
 -6.830790380139017E-006
  7.982443268224058E-005
  2.044945127340704E-005
  6.593188804743095E-005
 -4.063939791602182E-004
 -6.296337415987045E-004
 -1.436697415504120E-005
  2.219783324018129E-004
  3.236352623584926E-005
  1.844156467584053E-004
 -1.549182924106294E-004
  1.562644180544253E-004
 -1.059081770004088E-005
 -2.164334276635607E-004
 -2.858203406787331E-004
  3.713517200741901E-004
 -1.376686056403761E-005
 -8.438741502307488E-005
  8.281783862311027E-007
  2.232729589029576E-005
  1.872108259679162E-006
  1.897328580181706E-005
  1.750242298144237E-005
 -3.932449775175074E-006
  3.188014607874778E-005
  1.034757129647990E-006
 -2.533762875313090E-005
 -2.500395442226714E-005
 -3.479687883274660E-006
  7.001801117009597E-005
  3.208168957104152E-005
  5.994875089296725E-006
  7.253403453898989E-006
  4.555792344736852E-006
  3.243744060570174E-006
 -3.587014871540639E-007
 -2.417514017104203E-004
  8.242847312324789E-003
  9.258550720379494E-005
  6.359919133911703E-003
  3.996711087107678E-003
  1.121988998578874E-002
 -2.301755867453313E-002
 -5.756128785774843E-004
  1.013695342912979E-004
  4.077365290552408E-004
  5.986166807460933E-005
  6.978154804174429E-004
  1.833890017107740E-003
  3.567748481335336E-004
  3.445337418750130E-005
 -6.375054972475912E-004
  2.890011210455819E-005
 -5.778876986433592E-006
  5.784476598287874E-005
 -1.447833990591274E-006
 -9.880599335494635E-005
 -4.231603431569705E-005
  1.045848703413800E-004
 -3.451148229766075E-005
  4.466290674640319E-004
  2.374638357481201E-005
 -1.556934941663549E-004
 -6.793774988857692E-005
  1.902049764640156E-004
 -1.725591361894346E-004
  5.184755241145163E-004
 -1.837021454174817E-004
 -1.165557607158008E-005
  1.115969778356267E-006
  4.597110017423487E-004
 -5.487161300474330E-005
 -1.644452005411846E-003
  5.063649717397560E-004
 -2.730001771072963E-003
  7.112066664482713E-005
 -1.408445807935847E-005
  9.299944923531078E-005
  2.973607222107665E-004
 -7.630600249153809E-005
  3.007312686896662E-003
 -2.372465662353195E-005
  1.423349003756901E-006
  4.301871771222686E-004
 -3.636495300827675E-005
  5.355922091277322E-006
 -2.842713523789203E-004
  1.303622348836765E-005
  2.791067566329845E-006
  2.332872951990911E-005
 -6.931619900951690E-005
  8.831685888675849E-006
 -7.420375412778236E-004
  1.232879887926472E-005
  1.059052744895906E-004
  5.698740013025218E-005
 -3.761213610394935E-005
  3.088044254344045E-005
  1.224786862166614E-004
 -1.253093409498739E-004
  7.787404426635462E-004
  1.629214770538233E-004
 -3.494487520423399E-006
  3.793839443561312E-006
 -9.866471063174990E-005
  4.585239493527932E-006
  5.360996318596719E-006
  5.898223067742266E-006
 -1.771148496767356E-006
  2.209714271368705E-005
  1.519606046740756E-006
  2.552252263935428E-005
 -3.107070773842029E-006
  5.064389377967590E-008
 -5.867833639061385E-005
  2.799676158362408E-005
 -1.237933303629526E-004
 -1.867554926209800E-005
  5.756200016494006E-006
  6.197644006381790E-006
 -1.731924394326169E-005
  1.749356412807735E-005
 -5.958651180027771E-005
  7.102128787344174E-004
  2.035630960621182E-005
  7.296017111918440E-004
  5.990863153641307E-004
  2.104624489303006E-003
  2.221403156501766E-004
 -2.165051771049948E-002
  1.603815694485501E-005
  4.159764460926382E-005
 -1.496133360206042E-005
  1.125160155458864E-004
  3.099333975320327E-004
 -9.501745454815896E-004
 -1.474316885700128E-007
  5.675164481640527E-005
 -1.003258998921651E-003
 -5.982733501905211E-006
  1.187677264759262E-006
  6.890907914944488E-005
  6.990415170285480E-006
 -1.122003578863587E-004
 -1.007681668380268E-006
 -2.401666883029736E-005
  2.135648592564983E-005
  2.532327318132444E-004
  2.950713817852282E-005
 -2.593995694778808E-004
 -5.490469348225463E-006
 -3.939286009066596E-005
  3.055048839679082E-005
  2.892457542011982E-004
  3.305897152287760E-004
 -3.549086440285531E-003
  6.852351816650945E-005
  1.915740868145559E-003
 -5.067958730273011E-006
 -7.599716313963644E-003
 -2.118957488373329E-003
 -1.149759513839342E-004
  3.875737492720073E-004
  7.745071378147597E-005
  1.996058274197250E-007
  1.173741140820454E-003
  6.209661433630943E-004
  3.535801873990795E-004
 -8.640479244155314E-005
  8.897015883250711E-005
  5.931045597533387E-005
 -1.561105159308456E-004
 -3.550771989907897E-005
 -3.054779918377514E-005
  9.340761325956483E-005
  1.498627647434456E-005
  6.270290267128078E-005
 -3.441462274232079E-004
 -8.409940684795827E-005
 -7.485715890980282E-005
  1.884416893415050E-004
  3.786771653087953E-005
  1.557045380817028E-004
 -7.472057996514143E-005
  1.665333000837354E-004
  1.660978500851974E-005
 -9.264641539754376E-005
 -3.524093397005647E-006
  1.673669953626852E-004
 -2.261638071078183E-005
 -1.901297104381177E-005
 -1.075489040448946E-005
  3.021587929624482E-005
 -6.095228945870339E-007
  3.763326283610069E-005
  6.598887216036504E-006
  5.075462953728190E-006
 -7.836906042977465E-007
  1.893142483587092E-006
 -1.367280128666009E-005
  5.819678289581077E-006
 -7.352308628331652E-006
  2.282817312889305E-005
 -9.291220472476843E-006
  1.819023073108723E-005
 -8.803257841095011E-006
 -8.497034164127294E-006
  2.059009523370396E-005
  5.283114264152982E-006
  2.481860083919679E-006
  2.416061525695278E-003
  9.193989062785994E-005
  2.392906743410633E-003
  1.672558007763732E-003
  1.158083422082388E-002
 -6.681011581305792E-003
 -2.778121816672028E-003
  4.353666795335628E-005
  7.510055715121859E-005
  1.036376827208209E-005
  2.361395642309580E-005
  4.148234088016610E-004
 -3.511342447938015E-005
  1.201818178225295E-004
 -2.009044042997976E-004
 -1.169443643323052E-004
 -5.835646192146058E-005
  8.274079760382149E-005
  1.685231153428786E-005
  8.714162967753060E-006
 -2.109247086512389E-005
  4.964229895370752E-005
 -2.022812426992412E-004
  2.994225904871722E-004
  6.050587209003226E-005
  7.851434147508908E-005
 -3.766498201832381E-005
  1.237669012241521E-004
 -1.741639355690486E-004
  2.230565602444651E-004
  5.677684357746828E-005
  1.573270279871992E-004
  1.933976594786169E-004
 -8.986787673709148E-004
  1.742892610042040E-005
  1.327082107406570E-004
 -4.542381173851365E-005
 -1.132028751218737E-003
 -9.758635396766219E-004
 -7.172865660010365E-004
  2.476554898732383E-005
  3.262609990290108E-005
  3.965234481542479E-007
  1.066149473451387E-004
  3.705232589372316E-004
 -1.203044040467843E-003
 -2.827600532150096E-005
  6.610010270279371E-005
 -2.129805493557726E-004
 -2.289335200577981E-005
 -4.026787189982750E-005
  1.391322489176378E-004
  2.586042785880196E-005
 -3.714455886847084E-005
 -2.967075853022148E-006
 -6.564653949257697E-005
 -1.055637464979230E-004
  3.662141294219844E-004
  6.979949709818397E-005
 -1.408235745832734E-004
 -4.152957605607007E-006
 -1.267069855285632E-005
  2.342177763989349E-005
  5.469575988173011E-005
  2.417879789028519E-005
 -4.114038675583222E-004
 -1.150809933742887E-005
 -4.235464709202571E-006
 -1.579301910343503E-005
  3.850302290758276E-005
  5.565180433349373E-006
  3.211574715381229E-006
  7.141213694258337E-006
  4.454778662507324E-006
 -8.929662728498928E-006
  2.428683115913059E-006
 -9.857786726361277E-006
 -4.172194324058297E-006
 -3.720519361868257E-006
  2.898168281587757E-005
 -6.866624171417392E-007
  6.543400681212999E-005
  1.320324538931663E-005
 -1.276457351063869E-006
 -8.996976567876038E-006
  7.549891415059865E-006
 -6.661568749333844E-006
 -1.419695007656244E-007
  2.589621705819181E-004
  2.176359837552866E-005
  9.171092889745552E-004
  4.647463948212129E-004
  1.801930175378201E-003
 -4.250532101791073E-003
  8.235805535246920E-003
  1.965827003906538E-005
  4.770022901060537E-005
  1.216810254450330E-005
  4.712361326497979E-005
  2.226770357802145E-004
  4.933400121041409E-004
  8.573419072731042E-006
 -1.390036488505599E-004
  4.158360092765419E-004
 -3.851569446991313E-006
  1.370887187139228E-005
 -1.843901386038865E-005
 -1.822043124762825E-005
  3.441590756914522E-005
  2.207200069461956E-005
 -1.608206737131347E-005
  8.143750164743490E-005
 -6.622599079531093E-005
 -3.001070148861480E-005
  8.613501556604708E-005
  4.609276885992827E-005
 -2.383561814180187E-005
  8.331497586953469E-005
 -9.926022117931603E-005
  2.559357799819102E-005
  5.635497486180900E-005
 -3.331246144074857E-004
 -6.041483926159959E-004
 -3.138638751307924E-006
  8.273687437341081E-004
  1.844558024088613E-004
 -2.777395486392969E-003
  9.830304418336502E-004
  1.468526582325677E-004
  2.565433435530125E-004
 -3.163823121827091E-006
 -1.560885521809815E-005
  5.450934904316548E-004
 -2.692766105169643E-004
 -2.249379538261500E-004
  1.809545529481435E-005
 -6.470465089537206E-005
 -4.200562189713370E-005
 -5.095768942879416E-005
  5.626647662332334E-005
  2.794129911729922E-005
  2.230374603547950E-005
 -6.697480626156653E-006
  2.865394339331466E-005
 -8.506172886670938E-005
  1.568108425301568E-004
  8.088208426564744E-005
  1.924693684102689E-005
 -3.335911924942181E-005
  6.581479202568250E-005
  1.920539799205249E-006
  4.989830843369008E-006
  6.761382527001030E-006
  3.233799446813691E-005
 -3.303218318670340E-005
 -3.425853426734216E-005
 -5.378811659535027E-006
  2.024279607738067E-005
  8.611613142426613E-006
  6.328961765356028E-006
  8.594275949613471E-007
  9.807473213249052E-006
 -4.640595734459060E-006
 -1.880338148046663E-006
 -6.321008874003494E-006
 -2.243758331459983E-006
 -3.375556683239127E-007
  1.333583504848178E-005
  6.444781451498226E-006
 -1.021433720027229E-005
  5.667916419084030E-006
  1.122700420524403E-005
 -9.231104294993442E-006
 -9.068809730406888E-006
  1.435747783649855E-005
  8.746760929695542E-007
  2.211241792995041E-005
  1.398476965307528E-003
  2.748608262868222E-006
 -1.130556192621995E-003
 -3.229955946113942E-004
  4.405124297421729E-003
  5.076529335919260E-003
  1.927467787456858E-003
 -3.828946527049202E-005
 -1.135885582940171E-004
 -1.393738559961375E-005
 -2.429588057451349E-004
 -6.807921732142939E-004
 -2.788616558332477E-005
  1.126301426500590E-004
  1.015443135494524E-004
  7.609568133096564E-005
 -4.300909614832055E-005
  4.370388352898458E-005
  3.020593387344874E-006
  5.477498429965449E-005
  2.466565062915694E-005
 -1.176588815133393E-005
 -1.357944746638244E-004
  3.834596704271251E-005
 -3.528123505924470E-006
  1.339607426690627E-004
  5.179129473453700E-005
  1.833731994761653E-006
 -6.615811302189021E-005
 -5.049742405503055E-005
 -1.738398348680233E-005
  1.683690758184936E-005
 -1.757959856389152E-006
  4.932120544004085E-005
  4.071175631486461E-005
 -7.649648081202495E-004
  1.343607893414698E-005
  4.557106932044988E-004
  1.786303554213596E-005
 -1.322651656969442E-003
  1.772118198277152E-004
  6.156408635317495E-005
  8.487647113261231E-005
 -3.576215199769123E-007
 -3.780154944202386E-006
  2.439145312702244E-004
  6.342904145489112E-005
  1.002968335569939E-005
 -9.715015483660809E-006
  1.642991067674437E-005
  2.434207890176733E-006
 -3.204078475896445E-005
 -5.378706215173774E-006
 -6.388896678876442E-008
  1.385136993060381E-005
 -7.792782938883900E-007
  1.818941482836064E-005
 -6.418131445694823E-005
 -1.222162747522901E-005
  7.991607517451139E-007
  2.307826545572919E-005
 -3.719890526538173E-006
  4.110304900121905E-005
 -9.765883581175029E-006
 -5.652291639429511E-007
 -1.873879567912465E-007
 -1.115962449470868E-005
 -8.478112243699447E-006
  2.092550807588371E-005
 -4.964029343038570E-006
 -1.518480450592432E-007
  1.353848537636661E-007
  7.302092592561298E-006
  3.169571172577834E-007
  7.589995436554411E-006
  6.096881490028053E-007
  6.655488446477273E-007
 -1.677216401949173E-006
 -2.669778994704645E-007
 -2.057324055039406E-006
  1.336995229118419E-006
  3.646037484099215E-008
  4.605322890635694E-006
  1.478136177203914E-006
  1.566649274482524E-006
 -2.942576325732691E-006
 -3.456782111671820E-006
  7.490733748079653E-006
  1.140107245610276E-006
  2.180309499405092E-005
 -9.390058999476945E-004
  2.293909030605779E-005
  2.251878200047417E-004
  1.411667504897265E-004
  1.754239597579882E-003
 -5.080752164236668E-004
 -6.071182963614962E-005
  1.262861265563988E-005
 -8.450450298304202E-006
 -9.718129575750374E-007
 -2.735043099417986E-005
  8.524814193937116E-006
  1.006130448889751E-006
  1.790263618161377E-005
 -2.328523557258666E-005
 -2.361022438077167E-006
 -1.134616038617818E-005
  9.539773073807533E-006
  1.403581446779642E-006
  3.741083744854214E-006
 -9.939117877972469E-007
  7.605076641323969E-006
 -4.149348292484134E-005
  2.865580528730967E-005
  4.489538632646674E-006
  1.801957130284618E-005
 -1.571867162735565E-006
  2.347391162199516E-005
 -2.426133114142728E-005
  2.052927530847644E-005
  3.865402508015089E-006
  1.990896440852674E-005
  3.923000344037820E-006
  4.352366732900549E-006
  3.895135636448710E-006
 -2.778501810920896E-005
 -1.047432728337253E-004
 -2.398604559285585E-006
  1.318911108795247E-004
  1.573960771597690E-005
 -3.597882505792686E-004
  1.473998397404736E-003
  5.118601358516454E-005
  4.295516797871470E-005
 -3.356714917737545E-005
 -5.650231293279828E-006
  1.071221769087708E-004
 -2.911323979172888E-005
  5.189289990803355E-005
  2.303335711356753E-006
  1.756187931829129E-005
  6.433717677132422E-006
 -1.007050779376629E-005
 -1.120321278349793E-005
 -5.637012674849666E-006
 -9.105608764412634E-006
 -9.084538735684576E-006
  1.917611655817892E-005
 -1.542066853367845E-005
 -2.666074244474721E-005
 -1.259984934246028E-005
 -2.922651257791819E-005
 -2.396548143940979E-005
  4.464718111159664E-005
 -9.650874822268858E-007
 -6.198273615918993E-005
  3.319696406068172E-006
 -9.384216540128050E-006
  1.343756557263595E-005
  1.034930402235493E-005
 -9.982274248270931E-007
  4.287166964434820E-006
 -1.349558809595783E-006
  2.922531854008930E-006
  1.841321068535384E-006
  7.215042047234899E-008
 -1.036262473573615E-006
  1.901565589693213E-007
 -1.178379543713976E-006
  3.864674168754871E-007
 -7.189082869685267E-007
 -1.580953831045261E-007
 -5.688024211021915E-007
  6.809213523774880E-006
  1.600233596802950E-006
 -4.652488662869300E-006
 -5.890034185722675E-007
 -1.614367872213669E-006
  1.925105638821329E-006
  7.277234311052868E-007
 -1.376548229784716E-005
 -2.125447108658739E-004
  2.989822909233754E-006
 -2.123630745441148E-004
 -4.283007009888780E-005
  5.607133301892764E-004
  9.714885133494277E-004
 -3.178533659240960E-004
 -3.969507693645374E-006
 -2.209657856288701E-005
 -3.607527649294031E-006
 -3.685653655887231E-005
 -1.524411353433115E-004
 -3.806236828092097E-005
  1.774764435050107E-005
  1.064134490131504E-005
 -1.675507945665745E-005
 -6.504748759345400E-006
 -6.962752473602046E-007
  1.829702206136617E-006
  8.543004653583387E-006
  5.222102311992138E-007
 -2.038255894237987E-006
 -2.139123961288096E-005
 -2.015719212214857E-005
  4.982100187948000E-006
  1.972899158611396E-005
 -4.948319741029499E-007
  1.662248026766999E-006
 -6.147808178901048E-006
 -1.746036184559009E-005
  5.490148489576860E-006
 -1.860304076756406E-006
 -5.228683421608444E-006
  8.008112255657454E-006
  9.398699537061128E-007
  3.560017533916842E-006
 -4.324619132870932E-006
  4.877060662816070E-006
  1.597012081814385E-006
 -1.244532655225023E-005
  3.812147857283337E-006
  3.511779354410395E-006
  2.390499781871473E-005
  1.389256934302305E-003
  1.754903895028469E-006
 -2.150036774067490E-006
 -3.555435646200705E-005
 -4.743698768609426E-006
  3.883269141518110E-005
 -4.365520429085550E-004
 -1.952823128923059E-007
  5.733953466893566E-006
 -3.813659759678913E-005
 -3.386463954043306E-007
 -5.771692874955282E-006
  2.710618212379948E-005
 -4.959848026988691E-006
  1.991165539723683E-005
  5.298494422393022E-006
 -2.437781310069700E-006
 -1.218081958492966E-005
  6.954515195365754E-005
 -1.010070333043244E-005
  3.793034373683474E-005
  1.253848464050214E-005
  2.376820525908723E-006
 -5.318982564002841E-006
 -7.187585767394269E-005
  6.668802457343071E-006
 -9.001745579732281E-005
 -9.045622983251794E-006
 -3.347290704374547E-008
 -1.340991489506005E-006
  1.472218012920444E-005
  7.033718469583776E-007
 -3.382831696492586E-006
 -6.029531258271412E-007
  4.340021259118530E-007
 -2.973770225976428E-006
  3.898511177044582E-008
 -3.916136634409337E-006
  9.960740014519661E-008
  5.291912306025090E-008
  5.255330651683010E-006
 -1.324369931223592E-006
  1.296791528478506E-005
  1.025547730788002E-006
 -1.636277830500836E-006
  1.789251327219219E-006
  4.855914368442256E-006
 -2.348193992967410E-006
 -3.947809743955394E-006
 -1.514924817977285E-006
 -3.725438188370580E-007
 -2.535790600379181E-005
 -1.992969581909044E-005
  3.667076729863655E-005
 -3.045379064756686E-004
  3.234524188640935E-003
 -8.105688012368771E-007
 -2.819016716604270E-006
  4.382828580522942E-006
 -1.093250071305239E-005
 -3.696212483838539E-005
  1.130767887475811E-004
  4.152180050904598E-006
 -1.749720399535473E-005
  1.378487311152588E-004
 -6.507086110071623E-007
  1.558151833607927E-006
 -1.416620828354550E-005
 -1.361460145323406E-006
  1.689786375774026E-005
  2.012168756330568E-006
 -1.903940858833064E-006
  4.395860874293144E-006
 -5.034303286662900E-005
 -3.466461628325192E-006
  3.891075715686344E-005
  5.370402487158256E-006
  1.025247865181095E-006
  3.463083617064032E-006
 -4.558185019764054E-005
 -4.259050364870594E-006
  1.521866947607636E-005
  3.233802499689498E-006
  5.996729005665544E-008
 -6.993712395469711E-007
  8.404596459568559E-006
 -1.728937217311382E-005
  7.461247506759536E-004
 -1.492665420851091E-005
 -4.788626074538859E-004
  8.182655861739989E-006
  1.333395816684851E-003
 -3.233173190643527E-004
  9.315865850968839E-006
 -7.567444677107084E-005
  6.156483713419949E-006
  3.275870435561558E-006
 -2.442456134646142E-004
 -1.378618053797697E-004
  1.955818412259139E-005
  1.655772092934870E-005
 -3.982418614894698E-005
  3.398938573608335E-006
  3.741821285672290E-005
  2.045452967866273E-005
 -3.657009051194770E-006
 -1.451794743801688E-005
  4.715284819450231E-006
 -2.290026541870602E-005
  7.708062099911703E-005
  5.273770030487135E-005
 -9.998618589732753E-006
 -2.678834742222416E-005
  1.455108196288567E-005
 -5.029227357689286E-005
  1.435649822481254E-005
  1.854720001890224E-005
 -3.949678852562570E-006
  1.731721436423675E-005
  2.890154980008875E-005
 -3.167371258904930E-005
  5.776957178924075E-006
  3.518893550704833E-006
 -1.016929737498385E-006
 -9.097779701643129E-006
 -1.047584768951412E-006
 -8.233091835129095E-006
 -1.350868614062319E-006
 -3.084877494223098E-007
  5.337122914821250E-007
  4.418058289735651E-007
  2.816737851886183E-006
  1.027389987616088E-006
 -8.678319369865035E-007
 -8.814192702911192E-006
 -5.788521236945647E-006
  3.639791472526412E-007
  2.961308013956878E-006
  4.696693483038290E-006
 -9.911314029486721E-006
 -1.276287182017262E-006
 -5.443812757760187E-007
  2.173953035388665E-003
 -3.385613156672164E-005
 -4.675001493438614E-004
 -2.079866916324280E-004
 -1.397803366869555E-003
  1.560650126140745E-003
 -7.458274750948916E-005
 -2.766400414392456E-005
 -3.104993696093854E-006
 -4.939444663054570E-007
 -6.760633721349345E-006
 -1.234734258755409E-004
 -3.320666658159142E-005
 -8.242099228589353E-007
  5.285818556541517E-005
 -8.530799338869602E-006
  6.906454136457555E-006
 -1.809893625211972E-006
 -6.947006652143330E-008
  5.870958075138011E-006
  3.626725328779214E-006
 -1.277741221159557E-005
  3.098023503099837E-005
 -2.153678736614620E-005
 -2.205557575974830E-006
  2.582628469972625E-006
  6.724037516836187E-006
 -3.356286350097100E-005
  1.726881686773634E-005
 -3.272266530198127E-005
 -2.095681200061778E-006
 -2.051416990597079E-005
 -7.583858572557788E-006
  3.245353038234450E-006
 -4.663998081143388E-006
 -1.636845609650379E-007
 -3.224843257945454E-007
  7.701326830874569E-006
  2.109929609491522E-005
 -2.294418561786673E-004
  1.071818874568173E-006
  5.671340984920948E-005
  1.734903001248520E-005
 -3.250202392554839E-004
  6.838826686723177E-006
 -5.947007131036639E-004
  2.514195961608302E-005
  5.307160311126154E-006
  7.716397292192534E-006
  5.014108265455584E-005
  1.862943443236534E-005
 -3.264694983260581E-004
  2.662709656400701E-007
  2.074525586160027E-006
 -6.921019009509578E-005
 -4.577348148998792E-006
  7.141478955505090E-007
  4.411630259666392E-005
  6.671830727605116E-006
 -2.002212800161844E-005
 -2.094482578606323E-006
 -1.012252438357292E-005
  2.206508239894806E-006
  1.175799917694475E-004
  1.437899659472192E-005
 -6.514288645438005E-005
 -4.256472211149003E-006
  1.162385167477155E-006
 -3.902010034240404E-007
  3.839045820396977E-005
  1.718881725482906E-005
 -1.127671434168745E-004
 -1.835120242230622E-005
 -7.590074883285977E-007
  1.692640515895863E-007
  1.045001308361106E-005
  6.336701379616129E-007
  2.165528669322866E-006
  1.643352327024180E-006
  1.286882927240559E-007
 -2.595519228300924E-006
 -5.553289297617539E-007
 -2.618164618436712E-006
 -5.246987389289077E-007
  7.898124017797485E-007
  9.481984286453113E-006
 -3.174543048493431E-006
  1.902908264935152E-005
  4.748639265280154E-006
 -7.287105317347148E-007
 -4.113403456815913E-006
  1.396319193424396E-006
 -1.789526943212400E-006
  1.663717392421284E-005
  4.120274602766025E-004
  7.727447424023933E-009
 -5.901610396624510E-005
 -4.060767933143794E-006
  6.434699103811978E-004
  8.860267798360032E-005
  2.262403893633381E-003
 -4.967384800336513E-006
 -8.000047040990553E-006
 -3.337473920293585E-007
 -2.860289264034822E-005
 -7.365273363773751E-005
  1.232452680793730E-004
  1.556700418579389E-005
 -7.781108571654157E-006
  1.160831999447597E-004
 -5.217179841599423E-006
  7.108511233347662E-006
 -2.364267755479989E-006
  4.331060152061259E-006
  1.230580032645670E-005
  8.861196895381639E-007
 -1.595141229975468E-005
  1.370280455580471E-005
 -1.140908069157711E-005
  1.132283060538481E-005
  2.897183177182661E-005
  4.628581694369865E-006
 -9.169362747005837E-006
  2.246757844440547E-006
 -2.584226508959853E-005
  2.392310319445908E-006
  1.175588261886222E-005
  6.777052427559928E-006
  6.098333083031810E-007
  1.144991773205923E-007
  3.373205384696792E-006
 -7.778223671939348E-008
  3.980121995818561E-006
 -1.048458967714800E-004
  1.548769673684795E-003
 -2.538158259393004E-005
 -8.882694721596104E-004
 -6.177176248814786E-005
  2.634559154223474E-003
 -2.083181404187929E-004
 -1.940081249104937E-004
 -1.789549666267661E-004
 -5.083619153489212E-006
  8.064594397045599E-006
 -4.874979803460590E-004
 -5.242531898490362E-005
 -4.964723418968955E-005
  1.258732552163373E-005
 -9.465545881286120E-006
 -1.070156224413853E-005
  5.870414142017045E-005
 -4.318411033141414E-006
  3.848675951561063E-006
 -2.703616235379455E-005
 -2.377449937785060E-006
 -3.166797906637590E-005
  1.154633223717277E-004
 -1.607281787918432E-005
  7.601136334497411E-006
 -4.244644894496341E-005
 -3.391410383271150E-006
 -7.301687342676428E-005
  1.494115251871254E-005
 -1.685151252707338E-005
  4.511842722936310E-006
  1.616165911988929E-005
 -3.467213068990406E-006
 -3.110281163860184E-005
  9.115130850191634E-006
 -3.063349415527103E-006
  6.107751762073872E-007
 -1.280849807604077E-005
  9.671341717806147E-008
 -1.453689447453414E-005
 -4.781958329460968E-007
 -1.688158784520872E-006
  4.497936914365394E-006
  3.591278694378282E-007
  3.355234313232035E-006
 -5.038375674971345E-006
  7.584508124635272E-007
 -5.001775968995892E-006
  1.354112705333905E-006
 -5.063926970700214E-006
  5.866420963241195E-006
  5.673652851977170E-006
 -1.256088721475224E-005
 -2.144034554813566E-006
 -6.486490370637673E-005
  6.430646644544181E-004
 -3.496113935145172E-005
 -2.080633106703639E-004
 -2.155135598367514E-004
 -3.864915425870092E-003
 -3.642447686974403E-005
  2.567182364179380E-004
 -1.022183382299507E-005
  2.845634459100646E-005
  3.409383339030569E-006
  8.881192670388893E-005
  9.789898329372954E-005
  3.018827523492216E-005
 -5.288369862198238E-005
  1.699752115234480E-005
  1.561386665310110E-005
  2.713202702207699E-005
 -2.680942559621063E-005
 -4.141274273817492E-006
 -1.709420930970065E-005
 -6.449899653874735E-007
 -1.003781771237634E-005
  9.350021374352566E-005
 -6.443062849578281E-005
 -1.126305832196519E-005
 -5.664134237851118E-005
 -2.008436028629492E-006
 -3.685887136501448E-005
  5.551517655654553E-005
 -2.886516062344805E-005
 -9.500526323983488E-006
 -3.921272331960943E-005
 -4.185142459555673E-006
 -1.630245323693610E-005
 -7.021408828202743E-006
 -2.655925300153300E-006
  1.425824556245791E-007
  6.290667412555597E-006
 -1.751717688190150E-006
  1.477355907205263E-005
  2.178897809929522E-005
  4.797421454910752E-005
 -7.590653147118580E-007
 -3.588145084707099E-005
  1.462801487246019E-005
  1.956115513713662E-004
 -4.033498029217293E-004
 -1.768063620336803E-005
 -7.618183807228121E-006
  9.724266677943304E-006
  2.546089823403303E-006
 -3.456305810166708E-005
 -5.672571176048675E-005
  3.227940516619028E-005
  5.457045725745288E-006
 -2.067082644295418E-005
  5.174307130977578E-006
  6.134822061192645E-006
  1.372732711029691E-005
 -2.984876263151877E-006
  1.448662601370795E-006
  3.962706221983141E-006
 -7.583484662563439E-006
  1.409641353597145E-005
  3.541945728532470E-005
 -8.246564288052244E-006
  3.721569392325740E-006
  1.208896527857293E-005
 -1.781798292829719E-005
  4.144839799506652E-006
  2.123520026071924E-005
 -1.565811095290455E-006
  7.818214999545411E-006
  1.836808449321021E-005
 -1.196305479905206E-005
  7.267478163143786E-007
  1.757878937484092E-006
 -1.051580707130713E-006
 -1.746422336827947E-006
 -7.797628481105369E-007
 -4.338211121151882E-007
 -3.848826466391603E-007
  3.604413001489671E-007
 -6.032309975666111E-007
  2.303798023272485E-007
  9.141445931069759E-007
  1.453814688808364E-006
 -7.709198512103047E-007
 -4.479445086490774E-006
 -4.119915814992211E-006
  1.737011307169846E-006
 -8.174292032445363E-008
  7.261183094187521E-007
 -1.208585927835003E-006
  1.493384726385089E-008
  9.943225276622395E-006
  2.653094189736364E-004
 -5.598356437630716E-006
 -1.444004106808354E-004
 -8.572151999434007E-005
 -2.099117210324593E-004
  5.612946658721798E-004
 -1.909238927866423E-004
 -5.470246982357869E-006
 -6.259832744719640E-006
 -9.447086184686651E-007
 -1.443244202468643E-005
 -3.042283514089090E-005
 -1.893969787375473E-005
  4.183532142442936E-007
  2.067524164234048E-005
 -1.121459016934643E-005
  1.442026041843651E-007
  1.849796074160827E-006
  7.141264523743772E-007
  3.072031371260615E-006
  3.422005689528860E-007
 -3.216233975444980E-006
  1.931384634019078E-006
 -3.161755538398046E-007
  1.643646020501420E-006
  5.425207808959914E-006
  3.235409375553346E-007
 -7.356592442978992E-006
  1.957494280352698E-006
 -9.209660419561387E-006
  1.747294414796636E-006
 -3.242235625996587E-006
 -2.562276540033786E-006
  1.284741345643889E-006
 -8.114465215495076E-007
 -3.051081254901750E-007
 -4.575228255230682E-007
  1.605377540552828E-006
 -1.951492458118427E-007
  8.289620240956947E-007
  5.499065835361189E-007
  1.877212550370129E-005
  1.112872034199413E-005
 -2.695574060586959E-006
 -4.664729450156646E-005
  2.269308505016958E-005
  1.476336984162961E-004
 -6.575344996144062E-005
 -3.723936538375125E-004
  1.811617098613874E-006
  4.631597085257648E-006
  4.693861421327292E-006
 -2.317061925087152E-005
 -4.083977267702275E-005
 -2.803324945873320E-004
  6.778382942696438E-006
 -1.214631733113633E-005
 -5.612334730194930E-005
  5.364005805140807E-006
  8.758939633470480E-006
  3.577916010142529E-005
  1.659961203789665E-006
 -1.309033490339392E-005
 -7.023967008930472E-006
  1.245902121588239E-005
  2.280293886531068E-005
  9.482606621043858E-005
  4.112601399402366E-006
 -4.419107234677049E-005
 -1.657162261528475E-005
  6.226437693123881E-006
  9.599615783020251E-007
  2.362291685540927E-005
  2.187852135590676E-005
 -8.354731219968405E-005
 -2.810495904903064E-005
  6.787582692285434E-007
  1.973311544294598E-006
  9.005294661726823E-006
 -1.509466643943398E-006
  1.147174318341234E-006
 -5.268081637422320E-007
 -4.254803600459047E-007
 -2.275537169201972E-006
 -6.968704641568841E-007
 -2.243252497508283E-006
  6.337965288478934E-007
  1.153373387647046E-006
  7.639533831884536E-006
 -5.671002544304696E-006
  1.398160714079638E-005
  3.769612957761016E-006
 -4.798889822979989E-007
 -2.535503704233521E-006
  2.862935592469505E-007
 -1.701343375883672E-006
  8.337987813433957E-006
  2.591065410541965E-004
 -6.199246636917648E-006
 -2.349898373370312E-004
 -1.270385826417771E-004
 -9.582193601803239E-005
  6.654583366886276E-004
  1.988933372783653E-003
 -8.192468434057520E-006
 -1.432233662033109E-005
 -1.123128374587934E-006
 -3.291638187357930E-005
 -9.752736938208879E-005
  9.405730443607547E-005
  7.559012125421643E-006
  1.262062793171802E-005
  9.829843431755592E-005
 -1.714798819905791E-006
  2.814002703811540E-006
 -3.109873555468194E-006
  4.696836234609191E-006
  1.177558908178947E-005
 -2.982037414703400E-006
 -3.723009886785851E-006
 -3.324715324738146E-006
 -1.390091258150986E-005
  8.545248563032521E-006
  2.682118266484338E-005
 -4.822238676246670E-006
  1.444898200443576E-006
 -1.324136398363787E-005
 -2.454614666858343E-005
 -7.036584909177095E-006
  7.569512430783503E-006
  5.591686708733518E-006
 -7.214417961032321E-007
  8.230859493108623E-008
  3.110841090658744E-006
  1.510284639117680E-006
  3.098499492027667E-006
  6.540407491920159E-007
  2.163050722244979E-007
  3.019415741979600E-006
 -3.758191618867669E-005
 -3.917937081359730E-005
  4.675800503421159E-006
 -2.424675833831177E-005
 -5.962365233335746E-005
 -2.270464035348301E-004
 -2.639489886395478E-004
  1.855895024939567E-006
 -2.010061655703034E-005
  4.394349143545545E-006
 -1.988038176930080E-006
 -3.433002603769572E-006
  1.992903750731891E-004
 -1.487311154066044E-004
 -1.867447288859262E-005
  4.445060001057123E-005
 -2.195663907006516E-005
 -8.333958389811640E-006
 -2.997876854739280E-005
  1.459164146430530E-005
  4.759620960300249E-006
 -2.803579930264846E-006
  3.574337429511393E-006
 -2.686857207423590E-005
 -7.959762941122688E-005
  3.733954220661701E-005
  1.806180440094097E-005
 -1.230141439630900E-005
  8.806767673294928E-006
 -1.146943191629307E-005
 -1.722864622967806E-006
  1.377736879803192E-006
 -1.407042845850818E-005
 -6.854181905226657E-005
  2.553986037480125E-005
 -1.182016024116043E-006
 -9.560803776887096E-006
  4.504300930987921E-006
  2.316735156474913E-006
  4.979674757962271E-007
  1.229312915873216E-006
  2.190910413491095E-006
 -1.271480459416223E-006
  2.988072536413809E-006
 -1.077606823857233E-006
 -2.023525492352400E-006
 -4.203348683320566E-006
  2.881561974733106E-006
  6.629121735697439E-006
  1.075951384817368E-005
 -5.585452586402376E-007
  8.342321795456285E-007
 -5.639870560425874E-007
  1.700652144683681E-006
 -7.725249728968395E-007
 -1.606419353202003E-005
 -5.833835460550353E-004
  1.380524640365839E-005
  6.455643065866212E-004
  2.999946300819080E-004
  6.902183290810146E-005
 -2.655372510965967E-003
  8.906250442840231E-004
  2.038024864071898E-005
  4.087607679704594E-005
  6.441653504700027E-006
  8.015386263293162E-005
  2.437096407659842E-004
  9.488146190218515E-005
 -1.900270399323395E-005
 -7.266706982833647E-005
  5.039884996469674E-005
  6.072140946792304E-006
 -4.853112975122275E-006
 -3.972081563259748E-006
 -1.775909876736523E-005
 -1.548811938057872E-006
  1.168695782057293E-005
  1.559708571082373E-005
  2.110571878366798E-005
 -9.913038249452260E-006
 -3.600461501299370E-005
 -4.757908385630539E-007
  2.040752930216997E-005
  2.753253378429533E-007
  4.508934310427425E-005
 -1.073203173396677E-005
  1.158701095474617E-005
  1.291551304170980E-005
 -1.186233629258912E-005
  1.494469610942410E-006
 -2.644693157446317E-006
  2.071939716116176E-006
 -4.652448060693446E-006
  4.709485601149358E-007
  1.690392278662163E-007
 -1.344611625118182E-006
 -7.312238116045800E-007
  6.678528032800863E-006
 -4.815835456943453E-006
 -5.335260334936732E-006
  3.661873262575247E-007
  1.969754035127223E-005
 -8.835077635817638E-006
 -5.038182592356884E-005
  1.394948404757529E-005
 -3.389544268215975E-004
 -1.188840331214115E-006
 -8.271867703967193E-007
  1.028683168022659E-005
  9.304772673160315E-006
  6.690270872805487E-007
  2.389615124986290E-004
 -2.194366876601378E-006
  2.137454621414254E-006
  3.141998163291281E-005
 -1.675119803245492E-006
 -9.957489195050660E-007
 -2.096178074174159E-005
  1.099962274399675E-006
 -2.273773497947640E-006
  5.751575288458165E-007
 -3.340413301937562E-006
 -3.540706426793674E-006
 -5.479040605469870E-005
  1.996033977010024E-006
  2.086909536645252E-006
  1.344379324927539E-006
 -2.867752739677534E-006
  1.453006995233605E-006
  1.608431360617781E-005
 -9.515774604416609E-006
  5.785492266566895E-005
  1.238352734409414E-005
 -2.150951207282660E-007
 -2.107733515961978E-007
 -7.909158263643754E-006
  2.686982656616735E-007
  7.452191260504506E-007
  3.765870965231244E-007
 -2.840588621982771E-009
  1.749769131726134E-006
  2.192951174621461E-007
  2.053129710639207E-006
 -2.444679763310300E-007
 -4.020975035690991E-007
 -4.298288161189182E-006
  2.331790825176096E-006
 -8.983174141860478E-006
 -1.598386896183006E-006
  7.053889375996115E-007
  2.487507923381003E-007
 -1.714069309229735E-006
  1.349845789617027E-006
 -1.463392689826187E-006
 -8.586387207873975E-005
  2.190596818584902E-006
  8.678258111360766E-005
  4.898942615362251E-005
  1.971705623979861E-005
 -1.203068100709863E-004
 -1.741152520474863E-003
  3.001012411764799E-006
  5.713784445645121E-006
 -1.086566735311669E-006
  1.461629419554390E-005
  4.482983140682472E-005
 -6.904469772788553E-005
 -3.903730725442080E-006
  1.625525354545571E-006
 -7.871572181093823E-005
  7.885024769709844E-007
 -1.457384845806489E-006
  5.758693946337898E-006
 -1.111792029761928E-006
 -9.557817613176580E-006
  3.232895527909440E-007
  1.875650248539638E-006
 -3.570485165183327E-007
  2.141464848271295E-005
 -1.692928978235776E-006
 -2.191064660723561E-005
 -1.827212703038619E-007
 -8.233820218748905E-007
  3.259426788857946E-006
  2.337599895540799E-005
  3.765211758015896E-006
 -7.596060635619956E-006
 -2.941829736141005E-006
  2.204915020155256E-007
  2.056875482052950E-007
 -3.838479183409101E-006
 -3.959334377743784E-007
 -2.157234958908153E-006
 -2.655410682721983E-007
  8.040591776619009E-008
 -2.043418944212781E-006
 -4.469053015038652E-007
  1.960632709207294E-006
  2.574690157174342E-004
 -7.232060768603270E-004
  1.034518312004232E-005
  5.984728613574093E-004
  5.883911545054800E-005
 -1.741244907600374E-003
  3.535772194233794E-004
  6.545833721599109E-005
  1.310173973715388E-004
 -1.613477387705694E-006
 -5.476760805812736E-006
  3.333781116818690E-004
 -1.978918960952959E-005
 -5.910177765094023E-007
 -3.560935577415341E-006
 -2.784172092796095E-006
 -1.003699265233910E-006
 -4.035738748396965E-005
  1.036027561186608E-005
  2.169985378275483E-006
  1.786647188861720E-005
 -1.359202043949435E-006
  2.249091559535245E-005
 -7.567089418752350E-005
  3.043525169311313E-005
  7.974338623127323E-006
  2.588452825101037E-005
 -6.804907779076825E-006
  4.978636593651313E-005
 -8.076142707589644E-006
 -6.407456117242606E-007
  1.384866072656638E-006
 -1.373861444627069E-006
 -1.068954761452125E-006
  9.450004152216713E-006
 -5.532045152798518E-006
  4.930003132098501E-006
  7.312154908813439E-007
  7.736947786108108E-006
  4.150865900808256E-007
  8.859187672287447E-006
 -7.479436815589258E-007
  3.424599566481878E-007
 -2.686172087421724E-006
 -3.578918158431773E-007
 -1.742230930436101E-006
  4.285244830882132E-006
  6.332678904501672E-007
  1.613291857627621E-006
  4.347786219199562E-007
  3.613400933680682E-006
 -4.939454027036098E-006
 -5.316135612996831E-006
  1.053311725022616E-005
  1.560955907515554E-006
  1.747752376829683E-004
 -1.053267891528937E-003
  2.334547450333349E-005
 -8.388918407982577E-005
  8.508351409924699E-006
  2.285192823998250E-003
  7.924726598907009E-004
  9.065048462665743E-005
  6.198429013950024E-006
 -3.696490386385180E-005
 -4.842967172853575E-006
 -7.878206498531110E-005
 -1.344194185468166E-004
 -1.867264624432029E-005
  3.511754490699032E-005
  6.661602485321852E-006
  1.176213321444105E-006
 -1.839081086391420E-005
  1.560455476701511E-005
  2.422362349956686E-006
  1.464077555388537E-005
  2.912168448049339E-006
  3.750035310028823E-006
 -6.431766378883249E-005
  2.639191394176489E-005
  5.351063247007498E-006
  4.348016535574471E-005
  5.954262606834148E-006
  2.083749843308778E-005
 -3.229930498419541E-005
  2.370381082752510E-006
  2.792627620123229E-006
  1.907437247757643E-005
  1.266197225734906E-006
  1.322493250661898E-005
  4.382329491019239E-006
  2.599373468962481E-006
  1.658314596870612E-007
 -3.774226673136179E-006
  1.424476157087567E-006
 -9.372761799921537E-006
 -4.264389622082568E-007
  2.102191744118461E-007
 -1.320056582337711E-006
 -1.253502113663024E-007
  6.747740482831981E-006
 -3.583722641097766E-004
  1.985215342668227E-003
 -3.563365621220108E-005
 -9.946750128468980E-004
 -5.893906821101768E-005
  2.928343838415110E-003
  5.947423435720829E-004
 -1.822948062361085E-004
 -1.843480585226511E-004
 -2.524458583188315E-005
  6.440352525241988E-006
 -5.187135329861685E-004
 -1.077393963406823E-004
  5.051793077994378E-005
  1.791102974130699E-005
 -8.369984320767725E-006
  4.412991473060563E-006
  6.440809357162943E-005
 -6.529042028944217E-006
 -7.569257498957081E-006
 -3.758000413121358E-005
 -5.465953171979087E-006
 -2.682808944041586E-005
  1.305311815040908E-004
 -2.118936106800522E-005
 -2.136619450851506E-005
 -6.845550245511694E-005
 -8.456831086478300E-006
 -6.207567904897386E-005
  1.723596270858799E-005
 -5.352232168175946E-005
  5.324238916629182E-006
  1.387175072545410E-005
  3.117013308859294E-005
 -3.110771343404209E-005
  1.074219052610837E-005
  5.458111653832970E-008
 -2.648849235095419E-006
 -1.433370878928659E-005
  1.031849458016821E-006
 -1.789286278903852E-005
 -1.675084481181570E-006
 -1.517698283355618E-006
  4.970672327006381E-006
  1.388849172817012E-006
  3.924862758108822E-006
 -5.550833431305416E-006
 -1.293755339234754E-006
 -2.719729908874917E-006
 -2.071707123119476E-006
 -9.054858365451549E-006
  6.438795884505671E-006
  6.076479002568481E-006
 -1.376555422221160E-005
 -1.594241221111242E-006
 -7.476895634307873E-005
  6.647299636363071E-004
 -4.176596523381987E-005
 -4.494999013755387E-004
 -3.159679789365212E-004
 -4.355224147224432E-003
  8.657114736098288E-004
 -4.318253760332118E-004
 -1.630782206538972E-005
  1.660787244460490E-005
  9.344592744217772E-007
  8.297381897490390E-005
  8.063679332044166E-006
 -1.958378380808592E-005
 -5.178524925348766E-005
  3.754632611241578E-005
 -1.891533454312892E-005
  2.852241255864358E-005
 -3.240189872336915E-005
 -2.412766266891887E-006
 -1.360819806300910E-005
 -2.596549269870810E-006
 -1.491421449563448E-005
  9.913196925867706E-005
 -9.213457810207678E-005
 -5.433130019796838E-006
 -5.266295290986438E-005
 -8.105766191043938E-006
 -4.646901634881267E-005
  6.314266762541944E-005
 -4.982868966768177E-005
 -1.226920922714457E-006
 -4.908346341451489E-005
 -1.187792975539424E-005
 -1.405920421090455E-005
 -8.086652473091503E-006
 -7.790351908931427E-007
 -1.312533225576137E-006
  8.031161073482431E-006
 -2.743062743929516E-006
  1.622879634579208E-005
  1.035923158482974E-006
  3.745070255971914E-007
 -2.328734284555778E-006
  3.126753999929818E-007
 -9.655549933034998E-006
  1.958943742839890E-005
 -6.178340979792852E-005
  1.712008502339525E-004
 -2.470440925420650E-006
 -2.015008622992928E-004
 -8.483581450967848E-006
  5.507874867992736E-004
 -1.123463081088613E-004
  5.736988690268684E-004
 -3.669057109461336E-005
  1.678573917243957E-006
 -1.848484562356346E-005
 -1.099338481505089E-004
  4.418224495767520E-005
 -5.630141234366548E-004
  2.268837216710817E-006
  6.913627310826233E-006
 -7.839918292772748E-005
  1.253156718500848E-005
 -7.588588397892310E-006
  5.153191866619272E-005
 -6.001497006799194E-006
  7.741745310721606E-007
 -6.530070178209288E-006
  2.207942986107094E-005
 -1.925513380043176E-005
  1.341101098226964E-004
 -7.243238781045859E-006
 -1.606263616898135E-005
 -1.483619108002508E-005
  6.395033639638613E-006
 -8.030787309346773E-006
 -2.673116413002838E-005
  1.970681943291048E-005
 -1.474439957893827E-004
 -2.610185307254910E-005
  1.597604731785037E-006
 -2.705991991243742E-006
  1.831751828407846E-005
 -1.990701013598550E-006
 -1.107641636094484E-006
 -2.802113181756561E-006
  6.562638360242249E-007
 -4.277037602281537E-006
  7.372004831710673E-007
 -4.680160227265643E-006
  5.682387758449064E-007
 -1.314808469534293E-006
  1.058555037069701E-005
 -4.050347960877930E-006
  2.337525284474206E-005
  2.345631633343210E-006
 -3.202791361041059E-008
  6.990496249177204E-008
  1.410892210365525E-006
 -3.551818444396259E-006
 -9.725397308641478E-006
  1.483380589068286E-004
 -7.051411835686221E-006
 -4.225949905512675E-005
 -6.175643525569814E-005
 -7.100996191717278E-004
 -4.836925628610571E-004
  4.022638164623644E-003
 -2.711003513372937E-006
  4.283799161360254E-006
  4.539718053960272E-006
  4.221449221914506E-006
 -1.189375616035703E-005
  1.834500208558510E-004
 -6.323610893967356E-006
 -2.069472980342503E-005
  1.869314156452075E-004
  4.710061026562772E-006
 -3.077300410464863E-006
 -1.367588044193418E-005
 -5.500205672952003E-006
  1.987807372636767E-005
  7.901446463892305E-007
  1.676424655098127E-005
 -5.265407992221445E-006
 -4.903273053595024E-005
 -1.628148891860833E-005
  4.639320483268064E-005
 -4.827576323729396E-007
  1.182845150622306E-005
 -6.008809224824362E-008
 -5.440989173208828E-005
 -1.191358230864438E-005
  1.918334738723772E-005
  8.513080242131373E-008
 -1.307170023716499E-006
 -1.608514684458586E-006
  8.637050685166878E-006
  6.712526750877743E-007
  4.524887786174998E-006
  3.250257396061722E-006
 -4.031725145313453E-007
  4.344103091351974E-006
  2.818032228052621E-006
 -4.327051258839618E-006
 -1.781982960273624E-006
  1.588250738041727E-006
  1.055680829199476E-005
 -6.150372586849400E-004
  1.316489764935142E-003
 -1.666849650500791E-005
 -9.635411491806854E-004
 -1.249770974480891E-004
  2.294358074457782E-003
 -1.369283402525301E-003
 -2.043716230754564E-004
 -2.069317172183777E-004
  2.302301138580619E-005
  1.181989829440191E-005
 -5.065741225443086E-004
  1.493620880541275E-004
  2.851529052777431E-005
 -8.658216548593670E-006
  1.653408114018149E-005
  6.088989202203473E-006
  5.629698630306052E-005
 -2.361952769973330E-005
 -5.939962046658504E-006
 -1.760353944072205E-005
  6.182039243693232E-006
 -3.869344686233847E-005
  9.577065352604812E-005
 -6.774443792051518E-005
 -1.930760610326208E-005
 -1.150259636045668E-005
  2.149944098160928E-005
 -8.426805716559145E-005
  2.056485366302573E-006
  3.858012368748355E-005
  2.152313338149924E-006
 -7.348684653284551E-006
 -7.042079057789666E-006
  5.292199286981977E-006
  8.359573175091620E-006
 -1.407861198276013E-005
 -2.444849095258338E-006
 -1.227310972246061E-005
 -9.563474985749837E-007
 -1.280560980281425E-005
  2.318033757087417E-006
 -7.023976595146483E-007
  7.124510711497880E-006
  1.049082251590996E-006
  1.445303514598785E-006
 -7.799641571697037E-006
 -1.861689725010074E-006
 -1.205388398706871E-006
 -1.707093620734193E-006
 -3.130522145089485E-006
  8.175752315405689E-006
  8.801481332265409E-006
 -1.672761537452003E-005
 -2.313263869085112E-006
 -4.799567223863418E-004
  2.307417587176569E-003
 -3.272476445462707E-005
  5.831528941647847E-004
  2.495174040710627E-004
 -3.018870622651970E-003
 -2.894836040280024E-003
 -4.622411730940803E-004
 -3.357977251695914E-006
  9.044007894383143E-005
  1.201065903631476E-005
  1.820348400578585E-004
  3.755875466342841E-004
  4.758122963052583E-005
 -5.767837011399675E-005
 -4.914001367383337E-005
 -1.200701163747409E-005
  3.038011840207964E-005
 -1.961085992012475E-005
 -2.857066465677937E-006
 -3.109830128777958E-005
 -9.146944530539580E-006
  7.181828856999395E-007
  1.050573160670888E-004
 -4.520183219071148E-006
 -2.827266056129002E-006
 -8.234509300154631E-005
 -1.753008610861808E-005
 -2.271222306554249E-005
  4.052122963383319E-005
  3.452288078202160E-005
  1.199150355990556E-006
 -1.426326558512018E-005
  3.008691392215599E-006
 -2.625796404871301E-005
 -5.931578262755184E-006
 -6.357363239026076E-006
 -7.614358515463762E-007
  4.161224739246189E-006
 -2.508579800364766E-006
  1.363351004901936E-005
  3.333278443797243E-007
 -1.517463241036141E-006
  5.357379705886903E-006
  7.596330308608392E-007
 -1.124417993708815E-005
  1.230427441850366E-005
  2.269921290513180E-006
  2.201789722106997E-005
 -1.123326598532632E-004
  1.851807044128678E-004
 -2.823809343127723E-006
 -2.676116839683832E-005
 -2.020608690009596E-005
 -3.836836800346217E-004
 -3.533413093485995E-004
 -3.131251163678947E-004
  6.601380186299362E-006
  1.101144165842514E-005
  3.720175262653152E-006
  2.285195482839116E-005
  1.009268019501170E-004
 -1.789051483742481E-004
 -1.029848007014033E-005
  1.584168996760360E-005
 -3.607184994843843E-005
 -6.708483311216063E-006
 -9.319418007248644E-006
  2.292232657146661E-005
  8.076818492546858E-006
 -8.332745430654599E-006
 -1.368335181330796E-006
 -2.011927414858218E-005
 -2.467405001814956E-005
  6.101563552402713E-005
  2.229535727963062E-005
 -2.917648626651881E-005
 -2.176083131048436E-006
 -7.303002960217346E-006
  1.255186804315687E-005
  2.012469574912964E-005
  1.850501338556561E-006
 -7.213172907520176E-005
  5.452501621660785E-006
 -2.087018138813250E-007
 -4.645340308242210E-006
  5.430479347644242E-006
  1.337136684305593E-008
  1.133737106573114E-006
  6.127340748009190E-007
  7.331141176482382E-007
 -1.945712224331431E-006
  2.445997955297496E-006
 -1.161589041104270E-006
 -1.209780115829155E-006
 -1.088988951636015E-006
  4.757431834964528E-006
  5.684189860169528E-007
  1.101518630023440E-005
  3.060921361470512E-006
 -3.151198910935488E-008
 -1.962223977373667E-006
  1.183524918964080E-006
 -9.317359525302870E-007
 -1.151864644637919E-004
  3.718234117131577E-004
  3.296395582654832E-006
  2.812583187802796E-004
  1.692175148156044E-004
  4.685991712935538E-004
 -1.184518383564047E-003
  1.145056788855379E-003
  4.029778759411228E-006
  1.856025240896180E-005
  3.058991243578919E-006
  3.417132208185745E-005
  8.231476525869032E-005
  8.639671416885499E-005
  1.833387015324791E-006
 -3.500007998183365E-005
  6.225830303173055E-005
  1.952522645220816E-007
  3.631569368941199E-006
 -1.732000568802181E-006
 -5.407081952239923E-006
  3.708073784219936E-006
  5.211829687717841E-006
 -1.432644300747853E-007
  2.411513141932679E-005
 -5.621768158880896E-006
 -9.387325526160193E-006
  1.037246093442478E-005
  9.530589956234979E-006
 -7.422794104676499E-006
  2.590417966117693E-005
 -1.246551173796262E-005
  9.040324699562667E-006
  1.017250227033302E-005
 -1.617530594886168E-006
  8.117724403793055E-007
 -1.406464236721007E-006
  1.869425409548217E-006
 -1.551745289197392E-006
  1.849536501655537E-006
 -8.835720319405240E-007
 -5.129531302349491E-007
  8.555137567735427E-007
  2.945323627425854E-006
 -9.083130554405865E-007
 -4.552367752804473E-008
 -2.485961030350073E-006
  2.607147044484868E-006
  1.998489268687545E-006
  2.311146126611787E-006
 -1.573697884673625E-004
  8.531284656458390E-004
 -1.436705285511905E-005
 -8.318774348915424E-004
 -5.154024890355491E-005
  2.929376648343341E-003
  3.085517442551626E-004
  7.996611427483089E-006
 -1.861204748962388E-004
 -1.818257922268911E-005
  4.610384123036298E-006
 -4.935602125012984E-004
 -8.999451922553870E-005
 -2.674223719824611E-005
  1.934102328083969E-005
 -8.181564861793202E-006
 -3.077891406501742E-006
  6.477517614884843E-005
 -7.461299135864937E-006
 -5.699940881679444E-007
 -3.599587622512955E-005
 -2.104433111844927E-006
 -2.877929992371888E-005
  1.312420290365224E-004
 -2.356131715882421E-005
 -4.615409766119889E-006
 -6.615098839257445E-005
 -1.084717644378801E-006
 -6.509104064394794E-005
  2.217194275646636E-005
 -3.665788685231077E-005
 -6.306911556119838E-006
  1.147026898716576E-005
  1.024894334214604E-005
 -3.364221174363212E-005
  8.236562283303936E-006
 -7.113974135353711E-007
  2.512026226143070E-007
 -1.093773363586372E-005
 -2.889122716674931E-007
 -1.377195321404809E-005
 -7.420271241063989E-008
 -3.249822104299151E-007
  9.340055507672907E-007
  2.459319593853606E-008
  3.781389276709517E-006
 -5.056092920949359E-006
 -3.811394634042729E-008
 -3.634487174175991E-006
  4.027577549743238E-007
 -7.709680655952560E-006
  6.642609765702607E-006
  7.146925506725081E-006
 -1.487173637615846E-005
 -2.369603853461551E-006
 -4.436899066256324E-005
  8.523860874102424E-004
 -3.731165905537339E-005
 -3.314853419253074E-004
 -2.750424583008368E-004
 -3.836707849342780E-003
  5.174180606079209E-004
  1.902897192141080E-004
 -1.523730979015416E-005
  2.045463264772395E-005
  2.518242482245961E-006
  5.431135489807476E-005
  2.767070900616559E-005
  8.436709102435043E-006
 -4.767426460697422E-005
  2.915520621786781E-005
  8.478371673141776E-006
  2.479231418966295E-005
 -2.720280438092058E-005
 -4.410020584192123E-006
 -1.282402537387654E-005
  4.104391863915638E-007
 -1.196828881578641E-005
  8.789567529940868E-005
 -7.465555860622352E-005
 -1.322592368489350E-005
 -4.809540306568782E-005
 -3.327017118843672E-007
 -3.980027223372085E-005
  5.637668531875305E-005
 -4.163402403027912E-005
 -9.577033216360243E-006
 -4.295985184760912E-005
 -6.807283069420316E-006
 -1.341683347114393E-005
 -7.215410210302531E-006
 -1.440757167861367E-006
  2.639414724851926E-007
  7.161455280162346E-006
 -1.764848670897936E-006
  1.448477535074525E-005
  9.459890422450462E-007
  8.868057178006033E-007
 -1.397209958873771E-006
 -3.835823967619319E-007
 -8.999041511407789E-006
  1.666237538060134E-005
  3.076027590307691E-006
  1.171464259019449E-005
 -1.861918236103411E-006
  1.528248194402888E-005
  1.006693469216720E-004
 -6.600078836893422E-004
  1.134646850135962E-005
  3.908610279065343E-004
  3.220522093832498E-005
 -1.157397171820326E-003
 -2.483673944729795E-004
  4.301619347549084E-005
  7.753134181416832E-005
  1.067933537315163E-005
 -1.803864714659608E-006
  2.066030352415527E-004
  1.242190197448631E-005
  4.287677417162388E-006
 -4.751789744779296E-006
 -4.442004487635602E-006
  1.247556227105071E-006
 -2.505917648345475E-005
  8.195742581668389E-006
  8.975615286527027E-007
  1.525763041142743E-005
  2.552593048298796E-006
  9.801546072027321E-006
 -4.948987439739271E-005
  2.313237134707512E-005
  3.213713779361096E-006
  2.720757553526081E-005
  5.076906386147452E-006
  2.228229886213190E-005
 -5.912437280172519E-006
  2.319302155627365E-005
 -8.198395999676669E-007
 -2.281486734648998E-006
 -1.732803222566689E-006
  8.193924014821517E-006
 -3.920299568019627E-006
  1.361994702419351E-006
  2.637270730443614E-007
  5.029416668388665E-006
 -4.092618255969009E-007
  6.731482035670216E-006
  1.934505718354076E-007
  6.173705329146615E-007
 -1.942346417925574E-006
 -2.936992019863410E-007
 -1.243261796423861E-006
  2.889256786257786E-006
  9.092754493837763E-008
 -2.216836054643776E-007
 -9.536719161344873E-007
  3.951468994735959E-006
 -2.871545781921342E-006
 -2.620212727111661E-006
  5.725380559506239E-006
  8.430950607244280E-007
 -5.529590062396511E-005
 -2.575384787533974E-004
  1.459565107591034E-005
  7.922337071743872E-005
  7.664085241928445E-005
  1.676384040434287E-003
  4.863319565076609E-005
  1.279356258135774E-005
  3.786591713027800E-006
 -1.274295538342719E-005
 -1.413460725387201E-006
 -4.138368132152157E-005
 -3.492684706870397E-005
 -6.217329327299489E-006
  2.245348025641445E-005
 -3.768839997281187E-006
 -8.646611760667599E-007
 -1.184529719932803E-005
  1.331635062292373E-005
  1.674048920882267E-006
  7.718375884251265E-006
  1.039870452282719E-006
  4.126921315076763E-006
 -4.070857444039813E-005
  3.311188037191195E-005
  4.178316661699142E-006
  2.546691583353612E-005
  2.776529116816820E-006
  1.524165860686201E-005
 -2.463915443680973E-005
  1.322683768627434E-005
  2.494454348768892E-006
  1.758107461969629E-005
  2.695993998853966E-006
  7.058079817113441E-006
  2.963881666702028E-006
  6.163860537379929E-007
  1.142578434152118E-007
 -2.550814045477401E-006
  9.541276875132694E-007
 -6.340830954628685E-006
 -2.064482473340054E-007
 -8.293251407023370E-008
  2.958688264023320E-009
 -1.044177644832603E-008
  3.972412640486451E-006
 -7.301821963184852E-006
 -1.116150374447689E-006
 -5.513398890063967E-006
  5.862342364235034E-007
 -6.403839031395388E-006
  2.862369775595122E-006
  3.308890079372723E-005
 -2.507749900614093E-004
  3.139800410499957E-006
  2.135249616128311E-004
  2.486025654571875E-005
 -6.762024542644811E-004
 -7.091241190678997E-005
 -2.327441879383706E-004
  4.926361779845380E-005
  5.457853816423015E-006
  3.877060945419611E-006
  1.211489911877615E-004
 -1.265770866185596E-005
 -1.226500818527821E-006
 -1.103569741748120E-006
 -6.083595088908781E-006
 -6.610284260738862E-006
 -1.432452328954997E-005
  7.764938341456199E-006
  4.591936790425780E-006
  9.596445327076306E-006
 -4.374003789760371E-006
  4.728077962473663E-006
 -2.735034382671900E-005
  2.107814927996756E-005
  1.325016548409298E-005
  1.701149940267159E-005
 -1.291726882152970E-005
  1.033884442404741E-005
 -2.927196677898462E-006
  1.004231569107104E-005
  1.430098936185331E-005
  3.234813910906882E-006
 -6.441833149209225E-006
 -3.076172330084199E-007
 -1.928326972800335E-006
  1.837173929290414E-006
  1.717764977945177E-007
  2.290265109445786E-006
  6.196261299823783E-007
  3.494715808955218E-006
 -3.126388727984809E-007
  3.306866257857791E-008
 -8.992573108949712E-007
 -6.828172012436521E-008
 -5.943137200330949E-007
  1.988711945673716E-006
  1.035820160045304E-006
 -1.016343754051898E-006
  8.573779319489727E-007
  2.799284914151183E-006
 -1.776613471683192E-006
 -2.616868264252159E-006
  3.341128469375861E-006
  5.270160347356184E-007
 -8.837287896587109E-005
 -1.620257628154481E-004
  6.933197786711083E-006
 -3.675750120162930E-005
  5.558013859616732E-006
  9.270597219312379E-004
  3.347609810521779E-004
  1.462877595134835E-005
  4.762116298799858E-008
 -1.269118885167509E-005
 -2.031744447466521E-006
 -3.025854543449570E-005
 -5.039526973497240E-005
 -4.325610840725532E-007
  1.489784310080370E-005
  5.040935313277968E-006
  2.501918164995472E-006
 -7.268057655467631E-006
  7.723794123211085E-006
  2.178949601803365E-006
  6.272029626252917E-006
  1.151887451206587E-006
  9.960280292147137E-007
 -2.469682284867733E-005
  1.502601231924216E-005
  6.016977593640158E-006
  1.818153899064072E-005
  2.595271723651593E-006
  6.515283858036611E-006
 -1.379591822746577E-005
  2.046466236465454E-006
  2.157754271828434E-006
  8.305527680974538E-006
  7.025625410839065E-007
  5.490390546491229E-006
  1.530170983519318E-006
  7.202493960875422E-007
 -3.769436005479249E-007
 -1.038092634096076E-006
  7.824293605984861E-007
 -3.552420316461877E-006
 -1.529507170075388E-008
  2.489087736207743E-007
 -6.743641809852805E-007
  4.267827564238354E-008
  2.459306180892230E-006
 -3.781465433925086E-006
 -8.897609341976673E-007
 -3.839345526069347E-006
  1.719866140411278E-007
 -3.538573016607343E-006
  1.597446919102614E-006
  1.064855580569304E-006
  5.636422334476069E-005
 -5.191691600199986E-006
  1.594250708122200E-006
 -1.779080708727050E-004
 -3.767659460395723E-005
  5.438476770458680E-004
  1.503598398468556E-004
  5.324622580963598E-005
 -4.824596691985392E-005
 -6.793420287571747E-006
 -1.028758381263165E-006
 -1.010955727384896E-004
  7.047369041722338E-005
 -6.338096303143095E-005
 -3.655660506969101E-006
  2.169599778367453E-005
 -8.155660154375776E-006
  1.076943587873482E-005
 -1.805818571606095E-005
  4.876572912998974E-006
 -8.192887103068711E-006
 -2.191825972917302E-006
 -2.576548775666105E-006
  1.793844168808733E-005
 -4.820775297322015E-005
  1.172505317043177E-005
 -1.316722415066550E-005
 -6.773888071964057E-006
 -4.771217537421829E-006
  5.013491319295672E-007
 -1.605674298706149E-005
 -2.864720116726181E-006
 -7.027290521507111E-006
 -2.597172342089288E-005
  6.525941389577544E-006
  1.018708177950511E-006
 -4.140565223796384E-006
  1.857668015962334E-006
 -7.545412158794079E-007
  1.959360187738815E-007
 -2.301583317972126E-006
  1.094732765675347E-006
 -3.344133153883668E-007
  8.563669267703418E-007
 -5.077515668579892E-007
 -1.950773688372402E-007
 -3.116936927467943E-006
  1.020972704419622E-006
  3.384780725268050E-006
  4.932722871522938E-006
 -2.799548618756330E-006
  2.175841461258354E-006
  1.784159178766504E-006
 -3.410587456307120E-006
 -9.350439610620418E-007
  2.406566582149741E-004
  1.078854726238852E-004
 -2.020987993911157E-006
  2.118297892232226E-004
  8.604542167866783E-005
 -6.739279740784293E-004
 -1.011611060562127E-003
  3.934446882891385E-004
  4.948046926306322E-006
  2.162099370567666E-005
  3.305922901739824E-006
  4.117722498966080E-005
  9.671686187406773E-005
  3.823577178998438E-005
 -1.557519151575570E-005
 -2.623980612057222E-005
  2.150931807132920E-005
  7.013479039340500E-006
 -7.547153145402037E-006
 -2.609380495754915E-006
 -9.546929589744686E-006
 -5.230620869773458E-007
  2.533450550404186E-006
  2.299375406251734E-005
 -7.201063013659064E-006
 -7.101819965300589E-006
 -2.373779459074398E-005
 -2.238211594065225E-007
  7.440405282266492E-007
  1.077479568500976E-005
  1.014817660885876E-005
 -6.256442123592220E-006
 -3.659760444573990E-006
  3.789947758832339E-006
 -7.115035240435768E-006
 -8.049925270145823E-007
 -1.070122970320836E-006
  9.697596953305015E-007
 -3.787189370502298E-007
 -1.193203186102925E-007
  2.793696518093977E-006
 -4.165784164809575E-007
 -1.257094833864903E-007
  2.319858219763708E-006
 -2.813500706480037E-007
 -2.261687988424358E-006
  2.316028461155653E-006
  1.760200385301340E-006
  4.235922251688244E-006
  7.272583210795621E-007
  2.549141713584828E-006
 -1.285287363600516E-006
 -1.010875323382756E-006
  1.539833629645894E-006
  9.564836334733762E-006
  2.652471327581893E-005
 -2.231198283597687E-007
 -4.008033104512797E-006
 -5.458891698250300E-006
  4.180498915506917E-005
  6.108624000521709E-005
 -1.136515603628326E-004
 -4.191015567946815E-006
 -2.378809244555657E-006
  4.869261559381284E-006
 -3.738381012417534E-006
 -1.050817876527308E-005
  1.880802080850609E-004
 -3.884224916542324E-007
 -2.766774073058171E-007
  2.833648906282211E-005
  5.976520348471623E-007
 -5.878331452129627E-008
 -1.870795181887283E-005
 -1.198316106759037E-006
  1.199943086229404E-006
  6.006640719118750E-007
  1.756971321882688E-006
 -6.076718265119325E-007
 -4.912009176892980E-005
 -3.256086873875245E-006
  9.659968330170348E-006
  1.499115551992557E-006
 -1.155945653913383E-006
 -6.705094605747557E-007
  4.143391589391692E-006
 -7.647211114605787E-006
  5.129527631286397E-005
  8.803156768519172E-006
  1.102407470050993E-007
  2.896060206511093E-007
 -6.163098260624327E-006
 -9.985469861574537E-008
  1.626718353707018E-007
 -2.308675423995525E-007
 -1.145416544085813E-007
  1.414656313234319E-006
  5.401894257463465E-008
  1.582813982463336E-006
  8.691648062729463E-009
 -2.246344920464744E-007
 -3.873790176914103E-006
  1.688897238309942E-006
 -8.077543592230345E-006
 -1.714972182498131E-006
  6.028804617645343E-007
  8.489877672534621E-007
 -1.584006893247129E-006
  1.008267469886880E-006
  3.269942542483752E-005
  4.562567969539828E-006
  3.940468299171251E-008
  2.633900008558535E-005
  1.873280713202713E-005
 -7.232003425317001E-005
  4.964386060295972E-005
 -1.345755646858331E-003
  8.877941167949794E-007
  2.802463230104947E-006
 -8.359912021645838E-007
  8.679032070860398E-006
  2.076300863177648E-005
 -6.100581992392615E-005
 -2.858077402278782E-006
  5.217931496715686E-006
 -6.314444460340097E-005
  8.526655429682864E-007
 -1.548831237582074E-006
  3.832310280043603E-006
 -2.572746511003050E-007
 -7.009987059191420E-006
 -5.953908918679814E-007
  2.644192099232020E-006
 -3.253534775673573E-006
  1.433858431410336E-005
 -6.333500240107964E-007
 -1.632949218544408E-005
 -2.010842075221224E-006
  6.558222404142337E-007
 -6.621260480724036E-007
  1.741737915341995E-005
  1.202684875889947E-006
 -6.628636642773875E-006
 -1.858507116304181E-006
 -7.433365326760642E-008
  2.960884294570145E-007
 -2.753369028206317E-006
  1.222799863361006E-007
 -1.769105715591161E-006
  1.007209734667187E-007
  1.394891954106997E-007
 -1.531003954990917E-006
 -7.145560156891137E-007
  1.428124327732411E-006
 -2.257744068728688E-007
  7.310715652944530E-007
 -3.222349119265698E-006
  5.231414118520558E-007
 -9.263778861753319E-007
  1.541818087665506E-007
 -1.604321815516417E-007
 -5.836488212387902E-008
 -2.497750206395279E-007
  1.093571333796526E-006
  1.126233564752117E-003
 -9.053810947856072E-002
 -2.549555161569769E-004
  6.294412775719756E-002
  3.099476110967952E-002
 -0.135658863059860     
 -5.066079951804592E-002
 -8.627343432992072E-003
  2.213529837131007E-002
  3.619742372264409E-003
  7.934158422051357E-005
  3.472754342350568E-002
 -7.154732063026555E-002
 -9.451778665684338E-003
  6.467429110101265E-003
 -1.997584316539001E-002
 -2.768172425833813E-003
 -4.666894839485559E-004
  1.438242086849789E-002
  1.990813416051986E-003
  1.940625085757937E-003
  5.999771209400052E-004
 -1.473935601809381E-003
  2.453032753683417E-003
  3.850099043527559E-002
  5.881387036628348E-003
  8.718507634138407E-004
  7.266085866594418E-004
 -3.324883517097258E-003
  3.821137615666160E-003
  1.017758502469928E-002
  8.635137772292816E-004
  8.580082205324628E-003
  6.465324325670220E-003
 -1.240121982099079E-002
 -8.719788297014141E-005
  3.722880730393092E-003
  4.682264958931662E-004
 -3.952756978682996E-004
 -2.769984063992494E-004
  6.568693467787238E-004
 -7.712803254941811E-004
  5.778883953869605E-005
 -1.409039753910549E-003
 -1.753384451439541E-004
  5.856970666125916E-004
  2.375270369950329E-003
  4.354517374104862E-004
 -3.825019684271824E-003
 -1.460815790968282E-003
  2.067928484434049E-003
 -8.913035324789413E-004
 -4.529647493225446E-004
  2.986402274864955E-004
  5.837670637352809E-006
 -5.388873664049444E-003
  0.430842813290712     
 -4.431828560521679E-003
 -0.243976887086278     
 -9.872841578343619E-002
  0.355956076688924     
   1.02515443466384     
  0.135338705151106     
 -9.303125910148813E-003
 -1.769718514861180E-002
 -2.310815708979575E-003
 -4.064803574197771E-002
 -0.110226174861069     
 -1.493248497463812E-002
  1.416541131383764E-002
  2.641717418673599E-002
  3.351110542388918E-003
 -4.987926408909760E-003
  6.057485066338804E-003
  8.243101256547637E-004
  8.849278027950018E-003
  3.454614752932653E-003
 -3.861351619040257E-003
 -1.436393382214580E-002
  2.351383172124917E-003
  5.160891054636055E-004
  1.982157227873113E-002
  6.990661310149766E-003
 -5.457638456585330E-003
 -5.999791033540609E-003
 -1.367841044999432E-002
 -1.340097077089718E-003
 -1.013832400047641E-003
 -2.055266634391626E-003
  7.013623433588249E-003
 -1.389127468845340E-004
  9.170035021321023E-004
  1.138400262617165E-004
  1.666151306178458E-003
  7.500360803921195E-004
 -1.249413065524856E-003
  5.227512046235274E-004
  9.072301388865893E-004
 -2.485257116002685E-003
 -3.403567217161019E-004
  1.223327795205007E-003
 -7.277073636561973E-004
 -1.777377284292901E-004
 -2.973388230602561E-003
 -6.109570963965244E-004
 -6.965951550124595E-004
  6.113329334156159E-004
  6.120843095864725E-004
 -1.106291436590650E-003
 -1.447821937190608E-004
   1.24487023426273     
 -2.621508854980695E-003
  2.111008627404765E-002
 -1.727184589025010E-004
  3.419854209816666E-003
 -1.215860655498080E-003
  1.565968190103077E-002
  1.356023735020194E-002
  2.116121431957881E-003
 -9.274006199112135E-004
 -7.032940932328132E-004
 -8.776533302264994E-005
 -1.392631752082522E-003
  1.628978599417907E-003
  2.231155518323357E-004
 -1.495276368196869E-004
  1.092076117029655E-003
  1.384471068942656E-004
 -4.158197845903947E-004
 -5.912796298205934E-004
 -7.389979275045962E-005
  2.899188222006531E-005
 -5.462864761064159E-005
  3.868279023703294E-004
 -6.511512781036280E-004
 -1.698520913800478E-003
 -2.934742208520086E-004
  1.752077138260607E-004
 -1.223653590326508E-005
  4.759435642775672E-004
 -1.610240485077132E-004
 -2.058200394674689E-003
 -2.662675592266648E-004
  4.847393138037087E-005
  5.046082546774836E-005
  1.125501171273423E-004
 -4.557528823502208E-005
 -9.384449058081106E-005
 -3.014633265092034E-006
  1.180219676173232E-004
  2.812103768570606E-005
  1.870389708774306E-005
  1.508050307549074E-006
 -2.533128241307590E-005
  8.932033965816384E-005
  9.448638559389312E-006
  7.479477203197457E-006
 -1.559570954886512E-004
 -1.208388741799945E-005
  2.033505807707348E-004
  1.026718896002128E-004
 -2.257890123803272E-004
 -9.175600633058220E-005
 -1.638609053375490E-004
  4.312251144803978E-004
  5.864826425184948E-005
  2.932271767728735E-003
 -0.208730694671449     
  1.190329431295878E-003
  6.471815310496805E-003
 -7.383226304388910E-003
 -8.768959794042362E-002
 -4.411375169302605E-002
 -4.755976319198716E-003
  1.710193724627366E-003
 -2.451132483023143E-004
 -5.732958907045295E-005
  2.079945259918321E-003
  8.716758052364526E-003
  1.143421600786376E-003
 -2.419227864297383E-003
 -1.092116072000494E-003
 -8.565248407144425E-005
  5.956088382418099E-004
 -1.171470157222876E-003
 -1.611277590833678E-004
 -8.599286883483895E-004
 -2.973995777968446E-004
  2.643198501065796E-004
  1.415111533719330E-003
 -2.445674302772872E-003
 -3.341461136854289E-004
 -2.014470336860580E-003
 -6.938441494966773E-004
  5.993588031412505E-004
  1.503840572305351E-003
 -3.365297340905850E-004
 -7.157876431451291E-005
 -6.840848791796745E-004
  3.797393658293916E-005
 -8.197556931256762E-004
  3.273334844815783E-005
 -5.128019395661501E-005
 -5.169808486487716E-006
 -2.848436147783639E-004
 -1.228942879365621E-004
  1.866435694338903E-004
 -6.086744939194373E-005
 -8.836508312390435E-005
  2.338825421324462E-004
  3.117829720346402E-005
 -7.430738429591835E-005
  1.774404671471021E-004
  2.956781133868609E-005
  9.459733042793824E-005
 -1.575138261588451E-005
  1.283248224598168E-004
 -9.215586974971271E-005
 -6.812655388344328E-005
  9.902714210203604E-005
  1.285291418158573E-005
 -0.149337382716562     
  3.577863287806230E-002
  4.858068999923023E-004
  5.745229226123715E-002
 -4.058697925873649E-004
 -1.673366886892719E-002
 -7.001325968429753E-003
  5.974746843437895E-002
 -1.821679015683763E-002
 -3.266488414150923E-003
 -6.544863745360611E-003
 -4.121022303029761E-004
  1.788995369450554E-004
 -1.261313266914325E-002
  1.346619483582777E-002
  1.180289658879630E-003
 -1.209048303989328E-003
  3.728494749991641E-003
  4.220848657529383E-004
  2.443042737656685E-004
 -2.580991447939485E-003
 -2.915720021933229E-004
 -1.697449685931879E-004
  1.754332239614605E-005
 -7.455930517248069E-005
 -3.438968302163644E-005
 -7.139988923963260E-003
 -1.019722244352213E-003
  6.393075376939569E-004
  3.508789233046673E-004
 -6.049178546723205E-004
 -7.296902450521889E-004
 -2.129111333753589E-003
 -2.179572351071048E-004
 -9.670594289247019E-004
 -1.139275658071614E-003
  1.696749673976891E-003
  7.089433766391792E-005
 -8.179463775118090E-004
 -7.986988931331493E-005
 -7.194395445219443E-006
  4.024978324664427E-005
 -2.054886175465343E-004
  1.346700985969760E-004
 -5.914856194310904E-005
  4.139360817208810E-004
  4.633948375214132E-005
 -5.182082387095129E-005
 -5.579020279642389E-004
 -7.513199120632956E-005
  6.094525128037933E-004
  2.672773273909119E-004
 -4.539900411909394E-004
  1.020827068077710E-004
 -2.581087604786736E-005
  2.516539075409259E-004
  3.364762241806564E-005
  9.399290084431795E-004
 -0.261251892644913     
  1.544350426352822E-003
  4.935437026761755E-002
  8.690380027755330E-003
 -0.181185202759552     
 -0.231307462624489     
 -2.533149431561464E-002
  3.174560127818784E-003
  3.358407788426717E-003
  4.161741254865159E-004
  1.032377789277907E-002
  3.070960247916009E-002
  4.376857471449147E-003
 -5.401972817903191E-003
 -5.427011019024323E-003
 -4.571963499123139E-004
  1.729409525276007E-003
 -2.262986872918554E-003
 -3.211421538199157E-004
 -2.580553721154464E-003
 -9.051901845197924E-004
  8.511441958784569E-004
  4.848477627991784E-003
 -2.647179672899857E-003
 -4.582200100316339E-004
 -5.998566854146426E-003
 -1.899709048681325E-003
  1.150089226154643E-003
  2.916415139727779E-003
  2.148408685477784E-003
  7.540733529364936E-005
 -6.872910728599130E-004
  4.306731808431374E-004
 -2.229124066867866E-003
 -1.632462891972064E-005
 -3.023774862110002E-004
 -2.811504389527302E-005
 -4.959236080503923E-004
 -2.621903288735110E-004
  5.448974948095541E-004
 -1.285665532227842E-004
 -2.372666638616901E-004
  6.880771458793530E-004
  8.846056925232104E-005
 -3.939824438210157E-004
  4.193700225463845E-004
  9.450667857378660E-005
  8.219856605511569E-004
  1.112508602474830E-004
  3.599616709118902E-004
 -2.442501911891071E-004
 -2.031681995272501E-004
  3.133805510209369E-004
  3.622050698448783E-005
 -0.375740445611944     
  6.107709822483731E-002
  0.130716403316112     
  6.051805686380887E-004
  4.378029933074269E-003
 -6.183690812916450E-005
 -9.270658469326447E-004
 -1.594039270747359E-004
  1.971663324326705E-003
 -9.824271640728995E-004
  2.350864125077324E-004
 -1.847646675362349E-004
  8.751492944463370E-009
 -4.095401601919512E-006
 -4.767866369032532E-004
  1.864385615355180E-004
  4.090031491892928E-005
 -2.206256271513625E-005
  4.364091621264371E-005
  1.979959009724723E-005
  2.004209462927136E-005
 -3.046620073352001E-005
 -1.602612114665290E-005
 -5.179410177850535E-006
  1.588055424512761E-005
 -1.486268445142082E-005
  2.874605727490443E-005
 -8.934037491933262E-005
 -4.682286925135910E-005
  2.031884359584693E-005
  4.890427057556855E-005
 -4.906490087075136E-005
 -2.003901350521873E-005
 -3.492955870721538E-005
 -2.462877111342648E-005
  5.794187332736977E-006
  1.483734256296053E-005
  1.424482617248175E-005
  9.880242725684960E-006
 -1.600722142565845E-005
 -3.078892497343624E-006
 -1.297881238905017E-005
 -8.521099414183409E-008
 -1.666191578800471E-005
 -1.199374036731998E-006
 -5.457381021848847E-006
  1.960534353585445E-005
  2.845424506397491E-006
  1.030163283648529E-006
 -1.140701100890793E-005
 -3.890983168421470E-006
  5.463046233435908E-006
 -2.604011781017704E-006
 -8.553536084381496E-006
  9.939861398766219E-007
 -2.352907108835270E-008
  8.425052589278066E-006
  1.304837413169941E-006
 -1.463661331578500E-004
 -6.377594959624941E-003
  1.428253508983234E-005
  6.368463366801410E-004
 -8.359433362622981E-005
 -6.337519761214483E-003
 -3.960594941417139E-003
 -7.288536057125216E-004
  6.400799233608440E-005
  6.236617805757183E-005
  7.555083355336440E-006
  2.919222500403096E-004
  6.571089282587798E-004
  6.532211240759808E-005
 -1.456989722643066E-004
 -7.835563320362448E-005
 -2.493456059304500E-005
  5.336211226995326E-005
 -6.366191352970303E-005
 -9.946584152708682E-006
 -6.148793829117592E-005
 -1.977061576656193E-005
  8.125826021222648E-006
  1.549509719495917E-004
 -1.027363256577706E-004
 -1.835520202086811E-005
 -1.532658956948004E-004
 -4.369831908145420E-005
 -1.685076254791329E-006
  9.524416649535845E-005
  1.703288610330983E-005
 -3.718340373879082E-007
 -4.125300687149749E-005
  1.982209519348105E-006
 -5.399115962386095E-005
 -4.479392280407512E-006
 -7.726767935725212E-006
 -7.036807077136131E-007
 -6.763851434951590E-006
 -7.551440419617288E-006
  2.020202827617412E-005
 -1.901041392426170E-006
 -4.971055202873609E-006
  1.342989211300372E-005
  1.891578636862407E-006
 -1.260866390945963E-005
  1.912350073925449E-005
  2.894983281603454E-006
  2.308819548648111E-005
  1.319991444889325E-006
  1.473779624189777E-005
 -8.709195896895869E-006
 -6.002526853467728E-006
  7.004086951433116E-006
  1.035847857288092E-006
 -8.347373951309994E-003
  1.512641479461276E-003
  3.154426759562011E-003
  8.661906528945454E-005
  2.944023493047819E-004
 -3.126656174358219E-003
  7.514104147367724E-005
  1.713262464532863E-003
 -2.378510784081244E-004
 -6.845717265765138E-003
 -6.115432178933448E-004
  9.211316329785473E-005
  2.531796785508941E-004
  2.058466354080512E-005
 -1.069518192779992E-005
  1.015091425155831E-003
  1.207541059560756E-003
  1.655812456898203E-004
 -1.373650632994659E-004
  2.758978209131476E-004
  3.933008857697569E-005
 -1.723786867814940E-004
 -1.644724401071870E-004
 -1.874150513129120E-005
  7.779043459747616E-005
 -1.443827213682394E-006
  9.458825218401789E-005
 -3.972895376327614E-004
 -4.280310368803045E-004
 -4.902073329115797E-005
  1.748641372919196E-004
 -7.206985737320503E-006
  2.224254003408418E-004
 -1.056502017796189E-004
  1.701376785252672E-005
  7.615782968677588E-006
 -1.545543436209246E-004
 -1.314757191579077E-004
  2.602045454005435E-004
 -2.518529153657074E-005
 -4.673890915517133E-005
 -5.364886845581826E-006
  3.961450670999819E-005
  3.165824496999177E-006
  3.594136789971404E-005
  1.258757623129786E-005
  2.714272948974745E-006
  8.976180461277742E-006
  8.835379655356936E-007
 -1.899599404148889E-005
 -1.437442336699547E-005
 -4.598269039056688E-006
  5.813197067518817E-005
  1.871001821637171E-005
 -1.143988550721491E-006
 -5.058136740657420E-006
 -1.081332051951402E-005
  2.954883358896773E-005
  5.137196519523567E-006
  3.315307085390679E-005
 -4.491287276435448E-003
  1.523426260296280E-004
  4.254629016937288E-003
  2.290062993849819E-003
  8.408454333561537E-003
 -1.483224481686870E-002
 -1.960058935367090E-003
  1.405983785979830E-004
  1.869973499012076E-004
  2.589856820579990E-005
  3.161318713980366E-004
  1.269175998829298E-003
  1.747468344722656E-004
 -6.146848111879738E-006
 -4.279434424464918E-004
 -5.293371926589677E-005
 -1.950674430122727E-005
  2.249392573400030E-005
  3.933396106685834E-006
 -6.562161372651564E-005
 -4.102279867606651E-005
  8.512835802774291E-005
 -9.899426043624666E-005
  2.428641061082316E-004
  3.431226001116378E-005
 -8.640141909314146E-005
 -7.676420342810194E-005
  1.853956795293881E-004
 -1.156118492711746E-004
  3.171325189207842E-004
  4.283783940483496E-005
  1.563827904567212E-004
  5.036394287182050E-005
 -4.077094118554665E-005
  2.320530677124963E-005
 -7.662510577666753E-006
 -1.432403859262200E-006
 -3.923348986876383E-005
 -2.132677920749616E-006
 -3.038243044498507E-005
 -8.818567013381246E-006
 -1.300355305505077E-005
  3.411821161781049E-005
  4.811985638104323E-006
  1.161619446256287E-005
 -4.453919502779138E-005
 -6.359047186887448E-006
  3.619296157104269E-006
  1.422579849168134E-005
 -3.846787954479289E-005
  1.286361186774466E-005
  3.495207446836089E-006
  5.948359424557409E-006
  9.546132466837863E-007
 -1.210788340792258E-002
  9.695456638184726E-004
  2.885234200526568E-003
  3.780409051522315E-005
  2.638262881686870E-004
  9.590734293539056E-005
  3.626539385820093E-003
 -1.594924342205933E-005
 -1.406588457614104E-003
 -6.293594126289577E-004
  4.807877256219030E-003
 -1.345355929345310E-005
 -2.698085579102552E-005
 -5.533005377000004E-004
 -6.918331698008632E-005
  1.297775542384423E-005
 -9.993930778927379E-004
  1.228339576802084E-003
  5.424446105055248E-004
 -1.107082147956776E-004
  3.587073268590262E-004
  1.127323245105780E-004
  2.440772745751165E-005
 -2.549748376550655E-004
 -7.587843692502073E-005
 -3.578644775609804E-005
  2.290719917892925E-006
  1.137872029858639E-005
 -1.281777617719234E-006
 -6.956894895786723E-004
 -2.191229303902396E-004
 -5.640343998868655E-007
  4.448259140491838E-005
  1.845812017606100E-006
 -6.596353517522609E-005
 -2.201178908239577E-004
 -2.811870760679874E-005
 -1.370466021428378E-004
  1.098699426600071E-005
  2.030101373180639E-004
  4.686136628589643E-006
 -7.091066124525500E-005
 -2.092848867133281E-005
  3.278558556024192E-006
  4.038434549469405E-006
 -1.733696844179312E-005
  1.307755689684342E-005
 -1.473820115981735E-008
  3.167799055472474E-005
  6.981075624164209E-006
 -6.726885707035171E-006
 -4.977984189796734E-005
 -1.663364428330349E-005
  6.763581133693969E-005
  7.614329133840528E-006
 -4.745515421583417E-005
  1.400302085568641E-005
  5.058142422665214E-006
  7.770779330908123E-006
  3.858500620212761E-006
 -3.949316615485594E-005
 -1.808629641749875E-002
  1.176895624495077E-004
  4.503240736870940E-003
  1.174343264493700E-003
 -1.329936892954777E-002
 -2.000211801088529E-002
 -5.244299314054172E-003
  2.465835629782406E-004
  3.181338709556878E-004
  3.811008270838002E-005
  8.778530336176130E-004
  2.535177032210231E-003
  2.091518795678137E-004
 -4.163076286401478E-004
 -4.787816642845460E-004
 -1.879925791298718E-004
  1.362137888459835E-004
 -1.791959330274553E-004
 -1.762621718032539E-005
 -2.093825528678761E-004
 -9.028255759024476E-005
  7.316876402189255E-005
  3.861940404177333E-004
 -1.909649478183039E-004
 -5.037125586577618E-006
 -4.834095691568517E-004
 -1.916607342166613E-004
  9.721552873911838E-005
  2.159666795633376E-004
  2.062267476749405E-004
  4.886775441485075E-005
 -3.562089360915756E-005
  2.293613419829082E-005
 -1.803457859541800E-004
 -5.001629157349071E-007
 -2.218562089418170E-005
 -7.747041477231718E-006
 -3.935921150712036E-005
 -2.434816084684326E-005
  4.085970025432508E-005
 -1.077606039795549E-005
 -2.315331923812926E-005
  5.451380208804818E-005
  1.030012023845366E-005
 -3.181502212715008E-005
  3.203794850235792E-005
  1.235823004562023E-007
  6.815470108250134E-005
  7.851832334668859E-006
  2.729036529894889E-005
 -1.910802008559405E-005
 -1.635040318839076E-005
  2.528611175442424E-005
  5.408940295978186E-006
 -3.043080954909516E-002
  4.591581878622666E-003
  1.017153354345592E-002
  2.405207490084536E-004
  2.461739803298170E-004
  8.058109193043912E-004
  9.279009684923240E-006
  3.735920571260274E-004
 -5.802998060610858E-006
 -4.800343933848332E-004
 -7.893856518719157E-005
  7.402510137960030E-004
 -1.047732758999876E-004
 -8.775009373771653E-005
 -8.302373267731614E-005
  6.453115318084938E-006
 -3.517180248197218E-005
 -2.251358893577612E-004
  4.732310722697085E-004
 -2.797713698108272E-003
 -1.950049289632206E-005
  1.084419179194568E-004
 -4.611469672721463E-004
  8.212654020736381E-006
 -7.390915686677787E-005
  2.985751421735041E-004
  4.430340274399043E-006
 -6.466603334962393E-005
 -1.264299429513542E-005
 -5.901568309550285E-006
 -1.944147480270634E-004
  7.832242671137212E-004
  3.832219998241065E-005
 -2.642737275176204E-004
 -3.242063167286037E-005
  4.027526798645769E-006
 -7.716167916439038E-005
  3.648033128655497E-005
  8.939999985277103E-005
 -8.540220769992279E-004
 -9.342752665141680E-005
  1.093556371433215E-006
 -2.140873309817790E-005
  9.003695002077127E-005
  2.042074908373221E-008
  4.916719291462748E-006
 -3.301089863383378E-006
  4.840973747713063E-006
 -2.267397592836863E-005
  6.885811855038707E-006
 -2.245432469746755E-005
 -2.518067632550609E-006
 -1.033143335352295E-005
  6.262750619905490E-005
 -7.470086300259998E-006
  1.414145551944398E-004
  1.502428919791182E-005
 -2.065756651782889E-006
 -1.522893323633691E-005
  1.652870330887162E-005
 -1.579952432090600E-005
 -5.780529666739200E-006
 -2.397199709237718E-003
  1.376972026872711E-005
  6.189540646538977E-004
  7.710840063761822E-005
 -1.737313305420056E-003
 -5.269096840066761E-003
  1.948625309539722E-002
  3.001430612466368E-005
  3.936525254554578E-005
  1.967609881786316E-005
  7.476999192225736E-005
  1.935873708581947E-004
  1.041433024091557E-003
 -3.801321161887600E-005
 -1.965691109746708E-004
  9.528103251617709E-004
  1.759961676014708E-005
 -1.624686923496802E-005
 -5.466205088146043E-005
 -4.108444054584120E-005
  8.739884283876206E-005
  2.348482378569413E-005
  5.084704468683816E-005
  3.637016269592498E-006
 -1.948077280964535E-004
 -9.681339049696529E-005
  2.085873977228110E-004
  4.596634581012713E-005
  3.582778961921187E-005
  5.613569962501808E-005
 -2.500569109749006E-004
 -2.709319433821016E-005
  1.071869939424078E-004
 -8.734595281001709E-006
  8.901126914712245E-009
 -8.183180196715962E-006
  3.765977231165972E-005
 -8.480131277319285E-006
  2.349496331209454E-005
  8.453427896575149E-006
 -4.549381397786362E-006
  1.949648756635685E-005
  2.183132439007505E-005
 -1.905208662600552E-005
 -4.332011796089336E-006
 -2.260851282445710E-006
  4.835220245109762E-005
  7.982719094960087E-006
  1.645464260307683E-005
  5.013316293307921E-006
 -2.428465288674735E-006
 -2.474978176699610E-006
  9.546247148469916E-006
 -1.529240809146600E-005
 -3.984449951987721E-003
  6.137049094554139E-004
  1.393547264273883E-003
  2.903040894005580E-005
  3.222146434349885E-005
  7.468967698370099E-005
  2.486936414256343E-004
  2.493783094352905E-003
 -1.470408609560823E-002
  3.093329851944392E-004
  5.012399432671980E-003
 -5.916289856568045E-004
 -2.011617416666621E-002
 -4.746672488316899E-003
  2.205584363168449E-004
  7.239790348708227E-004
  1.574407901741543E-004
 -8.721406754500504E-006
  2.958406136490268E-003
  3.400339249558872E-003
  4.915337881427073E-004
 -3.774328604290951E-004
  6.952372672509848E-004
  1.154190464119511E-004
 -4.418263173669971E-004
 -4.240998768750944E-004
 -4.933115201537910E-005
  2.264495008617818E-004
  1.371298439935707E-005
  2.153768165052153E-004
 -1.051442765284335E-003
 -1.094501074143372E-003
 -1.287829799805165E-004
  5.031727840719283E-004
  2.345281894553596E-005
  5.482699812124068E-004
 -2.706539188191010E-004
  3.109264232366816E-004
  2.303472970482964E-005
 -4.622948196285365E-004
 -3.796077879391737E-004
  7.329487384476374E-004
 -7.580450366071430E-005
 -1.326450427003750E-004
 -1.539447932612602E-005
  1.128878384775340E-004
  1.836118315623170E-006
  1.145256725046089E-004
  4.259385155052275E-005
  1.669215752813593E-005
  4.863488048806710E-006
 -4.325594006699717E-007
 -5.494439133330100E-005
 -2.833259147414825E-005
 -1.352605256867382E-005
  1.457977719717098E-004
  4.040298199773487E-005
  1.903540202819323E-005
 -3.205238324765049E-006
 -1.066403252259739E-005
  3.794830644844340E-005
  8.063361697090406E-006
  4.099358047919291E-004
  4.849734981872620E-003
  3.519826038711231E-004
  1.232765421558696E-002
  7.365012757126260E-003
  3.200614063106382E-002
 -4.099056146179421E-002
 -5.308918138227082E-003
  2.743453937668469E-004
  5.966804417725253E-004
  8.583176646357421E-005
  6.864729499767024E-004
  3.181323112687345E-003
  4.366553721762733E-004
  1.652183281170716E-004
 -1.169458710636039E-003
 -1.487278907528727E-004
 -1.074257791673273E-004
  1.709678849963473E-004
  2.362366273733124E-005
 -1.257699728998928E-004
 -9.720392341812971E-005
  2.331957520672201E-004
 -4.056846827382541E-004
  9.556336747204446E-004
  1.232807151017800E-004
 -9.331215617838095E-005
 -1.681709957390116E-004
  4.989968389166351E-004
 -4.637666833229187E-004
  9.743236251125519E-004
  1.274006917350536E-004
  5.246775478708529E-004
  1.508639065243594E-004
 -6.091086454793433E-005
  6.542719225868749E-005
 -2.255706220858271E-005
 -3.176627662611615E-006
 -9.182159821028454E-005
  3.785010063848430E-006
 -1.044599785657780E-004
 -2.020791811247272E-005
 -3.119660058907734E-005
  8.318081654600089E-005
  1.145774275056299E-005
  3.816355238701796E-005
 -1.486950483216048E-004
 -1.999976446652459E-005
  7.870955907040376E-006
  4.347845351075785E-005
 -1.223616130680943E-004
  4.595777958919814E-005
  1.529149996116421E-005
  1.082170955401040E-005
  1.569421501786791E-006
 -2.381650405955555E-002
 -1.836720717231256E-004
  3.527511455570562E-003
 -1.908161835663360E-005
  7.055193266125622E-004
  3.534000698381284E-004
  4.751633769959657E-005
  2.144374221746520E-003
  1.154606401493267E-004
  7.302632975844788E-003
 -1.905449946600409E-005
 -6.475635294128364E-003
 -1.923167236444533E-003
  1.282594337143417E-002
 -4.314859018587890E-003
 -5.541903614708374E-004
 -1.742907130302553E-003
 -2.844976483281031E-005
  6.264084117510510E-005
 -3.286066731297329E-003
  4.013602699433349E-003
  1.476257796380690E-003
 -3.579161607464788E-004
  9.705433070764622E-004
  3.014714346356705E-004
  2.294182149607845E-004
 -7.502357305913736E-004
 -2.116359325872217E-004
 -1.438515928936236E-004
  2.099042680094709E-005
 -8.556662206716090E-005
  2.144767981782179E-004
 -2.018282269491916E-003
 -5.959113436916588E-004
 -6.086656461854434E-005
  1.383423342817161E-004
 -1.536102335596735E-004
 -1.889937570807038E-004
 -1.606525802734835E-004
 -2.390486363659259E-005
 -4.997591341334387E-004
 -9.683225318680050E-005
  6.887528912141426E-004
  3.413356655505788E-005
 -2.314380819295804E-004
 -6.167676727594529E-005
 -2.889652672694277E-005
  6.237227895477917E-006
 -7.350417293823087E-005
  4.707895216626335E-005
  3.698328830149122E-006
  9.020122543079029E-005
  1.932614614859872E-005
 -2.657841904450941E-005
 -1.335287011195663E-004
 -4.813494652194143E-005
  1.793920799057993E-004
  1.474822925648710E-005
 -9.965682277227110E-005
  8.021895577061787E-005
  6.946804853308045E-005
 -1.071281661922873E-004
 -7.111034003713008E-006
 -1.300030602982441E-003
  9.932302545403381E-004
  4.081549549048680E-005
  1.432832554688434E-002
  6.627205565293072E-003
 -2.112331647940066E-002
 -5.933057333149304E-002
 -1.461222912360080E-002
  3.498570325217272E-004
  1.245395472641407E-003
  1.607074309175572E-004
  2.568189380077874E-003
  6.454083220664878E-003
  5.432643744310089E-004
 -7.491946074297696E-004
 -1.418238858331643E-003
 -5.155034606358304E-004
  3.117749787965550E-004
 -2.831456381847910E-004
 -2.226875340508699E-005
 -4.944230796362168E-004
 -2.197979495088427E-004
  1.826481008396618E-004
  9.747135290867189E-004
  7.817101901095948E-005
  5.486296378982944E-005
 -1.135922218552959E-003
 -4.436128931064545E-004
  1.612086894662399E-004
  3.168918934464550E-004
  8.627941961674241E-004
  1.616875371980199E-004
  7.888349621360833E-005
  8.572702387326986E-005
 -3.957753896600633E-004
 -1.356286187684560E-005
 -6.555508900970785E-005
 -2.049983116343519E-005
 -5.179839269542884E-005
 -4.608121018594648E-005
  9.248697832596562E-005
 -2.026263225343750E-005
 -5.294290615508618E-005
  1.263429857700203E-004
  2.448091243950712E-005
 -9.406565811502542E-005
  6.243146340224615E-005
 -1.186832759976904E-006
  2.210740079998723E-004
  3.597116901684360E-005
  6.112296634520400E-005
 -4.143778622153825E-005
 -3.858904878189862E-005
  6.188189526236858E-005
  1.325862718062518E-005
 -6.349779048274665E-002
  5.337215128072564E-003
  1.767393283226140E-002
  3.975590354256027E-004
  5.829681945349080E-004
  1.473640425510780E-003
  1.127339511267169E-004
  1.328358371241387E-003
  3.675385212678806E-003
 -1.061135782143005E-005
  6.151342630193756E-004
 -9.816197623812940E-006
 -1.614748846972759E-003
 -2.376564757536041E-004
  2.089334600255481E-003
 -8.941639481511278E-004
  2.622875938933233E-004
 -2.603773509512315E-004
  3.655144950943870E-005
 -9.920342213798762E-005
 -6.891248278029753E-004
  1.320972013920335E-003
 -7.298233518136335E-003
 -5.743894550085260E-005
  2.812986721321183E-004
 -1.189692841081653E-003
  4.561527477932906E-005
 -2.009729228565996E-004
  7.702469951359457E-004
  1.867961101141470E-006
 -1.545011525714605E-004
 -4.748323588047053E-005
  1.915279581437445E-005
 -5.252691578030044E-004
  2.020963017349186E-003
  8.477548287495428E-005
 -6.539364547461361E-004
 -1.039282786893287E-004
  1.073616479022857E-005
 -1.429299556648306E-004
  7.008758664013342E-005
  2.132271593795056E-004
 -2.228152151320841E-003
 -2.239633241697342E-004
  5.757748927621576E-006
 -6.124079055952194E-005
  2.344794365839746E-004
 -4.782967006522012E-006
  1.044178479657159E-005
 -1.249027977634272E-005
  1.434787747641457E-005
 -5.832788239611158E-005
  1.819715813027824E-005
 -5.871718472928767E-005
 -7.290155787887000E-006
 -2.694270387045669E-005
  1.611105792929991E-004
 -1.986168658155114E-005
  3.647299835270134E-004
  4.173215394521214E-005
  1.206612428173057E-008
 -3.045207762632305E-005
  2.690650549761150E-005
 -4.355283388889203E-005
 -1.789969101098857E-004
  6.500318160206780E-005
 -4.056272451419827E-007
  1.898040129834676E-003
  6.313006716323756E-004
 -2.864067299610884E-003
 -1.449709014808052E-002
  5.084950591478650E-002
  3.847210010271329E-005
  1.542752813636555E-004
  6.002001301800847E-005
  2.230967647269060E-004
  4.696270872125332E-004
  2.701140309299848E-003
 -5.545637956918641E-005
 -5.285704114148072E-004
  2.480888345930366E-003
  4.026285822872478E-005
 -1.823179345288539E-005
 -1.421776140882008E-004
 -9.958744010785820E-005
  2.314165542898159E-004
  5.932458187913341E-005
  1.290296178100883E-004
  8.298572981505337E-005
 -5.086123790028438E-004
 -2.350040862021727E-004
  5.542231034219408E-004
  1.059744683920844E-004
  6.292498799891414E-005
  1.850011310903699E-004
 -6.517331282138098E-004
 -5.037363859932215E-005
  2.825794145603299E-004
 -1.255134939959198E-005
 -1.835488735062668E-006
 -2.241178912799070E-005
  9.932237743479357E-005
 -1.499116522990195E-005
  6.335699272574305E-005
  2.049763143508995E-005
 -1.071139375457703E-005
  5.189844472158779E-005
  5.454597039172178E-005
 -5.040694071879379E-005
 -1.289785778856449E-005
 -8.347505151818358E-006
  1.266772641542110E-004
  2.638755365643399E-005
  4.463481184118006E-005
  1.230601970925947E-005
 -5.341300007200004E-006
 -6.122813654041102E-006
  2.437140517341837E-005
 -4.018481683338997E-005
 -8.168133032367464E-003
  7.243036841385265E-004
  2.443756748631547E-003
  4.524737261239133E-005
  7.302102310987582E-005
  1.096455027986639E-004
  6.389395091175060E-004
  1.687143092602569E-004
  2.639834987584420E-004
  1.666697301621354E-003
  3.999122547678915E-004
 -1.223875068214937E-002
  2.135622523184168E-004
  4.126023899226549E-003
 -4.332337637011786E-005
 -1.564801362119594E-002
  1.801575728145670E-004
  5.811637690303611E-004
  8.031071190986967E-004
  6.190098478985612E-005
 -2.716248359275944E-005
  2.570238281741554E-003
  1.507420285650634E-003
  3.424026806205630E-004
 -1.792843280529742E-004
  3.050584122187613E-004
  7.055743790124185E-005
 -3.022834847356288E-004
 -1.746950036121296E-004
 -3.033886237671115E-005
  1.326287455907881E-004
 -2.601640907220134E-006
  1.696547391448408E-004
 -6.775284684274376E-004
 -4.268018749082051E-004
 -6.564625233757190E-005
  2.353603400311862E-004
 -2.727708676323342E-005
  4.421681283962514E-004
 -1.368677121896689E-004
  1.864809823913216E-004
  1.609133519517691E-005
 -2.668231633893255E-004
 -1.616411937584053E-004
  4.036908755789945E-004
 -5.311500769495993E-005
 -4.111339974115455E-005
 -8.211832414540505E-006
  7.738156470008012E-005
  1.652689157629525E-006
  8.196345838479966E-005
  1.992251113886663E-005
  1.421049188503852E-005
 -1.865413367544533E-005
 -1.999553156832672E-006
 -3.283728553933143E-005
  5.681887376431387E-006
 -6.881616647331346E-006
  7.592655094257374E-005
  1.542036539494041E-005
  2.258530567542055E-005
 -7.337377458322324E-006
 -7.400195195050116E-006
  1.633024499853559E-005
  4.760603947460488E-006
  7.345717323892631E-004
  1.371449206008979E-002
  1.620487527577215E-004
  5.286974499031325E-003
  4.162725801332826E-003
  2.871236105837221E-002
 -1.428246993595885E-002
 -2.722248523635726E-003
  3.308884704337844E-005
  1.927062302189510E-004
  3.031058755526471E-005
 -7.689762987418443E-005
  4.403204963014454E-004
  2.008561113275365E-005
  3.626823445939529E-004
 -4.842591434882743E-004
 -1.021003224617154E-004
 -1.522406943296534E-004
  2.025462751045027E-004
  3.041320842051588E-005
  4.508736773089719E-005
 -2.127435445036309E-005
  1.071533265987562E-004
 -4.973423683029078E-004
  6.793793872802413E-004
  1.012279896982779E-004
  2.293483317679633E-004
 -2.487628300260448E-005
  2.679940365349445E-004
 -4.247101667032092E-004
  4.907761265273955E-004
  8.418798357557751E-005
  3.550947358862251E-004
  6.787211498973825E-005
  6.961543081698401E-005
  4.338078495978456E-005
  4.461222541851453E-006
 -1.488503045355020E-006
 -3.694026022927219E-005
  1.360916727527960E-005
 -9.320209465008147E-005
 -7.711450311085388E-006
 -9.396404926887835E-006
  1.867312839140471E-005
  3.628302657414285E-006
  4.490242930729720E-005
 -1.125665659628674E-004
 -1.888595261298975E-005
 -4.043043062349890E-005
  2.011031958836973E-005
 -9.427685729839272E-005
  4.024384972171621E-005
  1.930588902827429E-005
 -8.164983202281187E-006
 -1.399788050948465E-007
  2.520532350046240E-003
 -2.786128712335657E-003
 -3.834300535218464E-003
 -1.597339591079551E-004
  3.075643166176992E-004
 -2.466707557975579E-004
 -4.219877004704313E-005
  1.158890072838804E-003
 -2.665255031964917E-005
 -3.318385301746603E-005
  8.982930635984904E-004
 -7.771595722482414E-004
 -1.927040388406971E-003
  2.045559519815980E-005
 -5.144680866587869E-005
 -1.109667118978198E-004
 -2.809243718659484E-003
  4.842680095866164E-003
  2.700808825095493E-003
  1.161524706267917E-004
 -9.948412738720575E-005
 -6.409641622562628E-005
  4.321328085027873E-004
  4.163792526699594E-004
  9.370828361694227E-004
 -4.843488497687180E-005
  1.464808112820834E-004
  2.125247453517318E-004
 -1.905660986258861E-005
 -1.201938850342709E-004
 -1.417258486819604E-004
 -5.898762618161406E-005
  3.495579728976708E-005
  7.804423604420267E-005
 -6.980180729269296E-005
 -2.918443385691392E-004
 -3.626445820449760E-004
 -1.545280602586717E-004
  1.086247228809143E-004
  2.243298675513646E-004
 -3.740819934990195E-005
 -1.043352702773107E-004
 -1.202848900209288E-004
 -1.789078550092333E-004
  2.434321552549468E-004
  2.163160543591353E-004
 -1.831444515738169E-006
 -8.546503158943383E-006
 -2.980000364415529E-005
  9.213225197610659E-006
 -1.186175175928689E-006
 -3.718891650396154E-006
  3.236795959132194E-006
  9.054529481886363E-006
 -1.163884718453201E-006
  6.915158054089641E-006
 -9.903857343014267E-006
 -5.381097421267752E-006
 -2.877585530966276E-005
  5.225165486471112E-005
 -3.665563169791713E-005
 -2.254008283566832E-005
  1.285697911786968E-005
  2.401531335541649E-005
 -3.318983993234129E-005
  1.586847318082090E-006
 -4.590659142193864E-004
  1.622446071557021E-002
 -5.242279619134614E-005
  1.117476376092537E-003
  1.751123251730842E-003
  9.192658477793891E-003
 -1.774731375790151E-003
 -6.494558435282965E-003
 -9.185395432818710E-005
  1.137459503290306E-004
  1.595098060333638E-005
  4.765970057491001E-005
 -3.605534646055239E-004
 -4.213046630600434E-004
  1.927821166929773E-004
 -9.730186069971912E-005
 -3.364340453626370E-004
 -4.613147918745497E-005
  6.619385543851363E-005
  1.735658243393278E-005
  3.992842974164255E-005
 -2.232663260678798E-005
  6.203049445812417E-006
 -1.182132431486752E-004
  1.756520593818722E-004
  5.932483301033569E-005
  1.088884932226394E-004
 -4.917405008248608E-005
  9.324749926035796E-006
 -1.424244482465170E-004
  1.192904834489658E-004
  9.262196882516417E-005
  9.510450092156607E-005
 -2.500680826478519E-005
  4.731994732495092E-005
  4.535913191245323E-006
  1.159803636257657E-005
 -7.533441647858360E-006
  1.006199773539487E-005
 -1.194143860506585E-006
 -2.366973730913084E-005
  6.737180137495234E-008
 -5.988508301412373E-006
 -1.180015176670143E-005
  4.507316649756911E-006
  8.813879457915843E-006
 -1.941343658477398E-005
 -1.721510423357203E-005
 -8.605363094687570E-006
 -1.008282503658146E-006
 -1.783627527905996E-005
  8.251600165497135E-006
  4.350070997574209E-006
 -5.341363911717424E-006
  4.288344411999273E-006
  6.639272854049486E-003
 -2.448063121580143E-003
 -3.860654660068835E-003
 -1.071016513936194E-004
  7.734398109033113E-006
 -2.576732365768475E-004
 -1.079929696060949E-004
  2.210568514172922E-004
 -1.691075920128188E-004
 -2.156482352975717E-004
  3.216331672572931E-004
  2.634410608707407E-004
 -1.908664939382980E-004
 -4.990569599811291E-004
 -2.629425770258136E-005
 -8.320131080858372E-004
 -1.602391194133685E-005
 -2.596766670962576E-004
  1.313457604235119E-003
 -9.415344599167420E-003
  3.439187623297113E-007
  2.566413837238285E-005
  1.102837328064017E-004
 -1.486864136866153E-004
  7.746055316040681E-004
 -6.215235150325915E-003
 -1.867562656343046E-005
  1.916063752652893E-004
 -1.260740821338125E-003
  1.019564918405084E-005
 -1.156459126773628E-004
  7.989094770730425E-004
  4.796683331626192E-005
 -3.513959753035086E-004
 -5.816248250031276E-005
 -1.936454263859827E-005
 -3.086364265118172E-004
  2.118181337171453E-003
  1.497318917996883E-004
 -1.147432245731938E-003
 -1.303673491610901E-004
  1.962790461693451E-005
 -1.845520299696587E-004
  6.115848966514836E-004
  2.759624972116602E-004
 -2.133327689601208E-003
 -2.955904018285947E-004
  1.444852418641312E-006
 -2.774605206229777E-005
  1.971241828398855E-004
 -3.651456676580065E-006
  3.891495295084812E-005
 -6.831005793438728E-007
  6.532099621485180E-006
 -5.261376041663742E-005
  8.149753197842227E-006
 -4.817014080774937E-005
 -7.702699440448934E-006
 -1.354563200738330E-005
  1.714590796337570E-004
 -3.264380920085825E-005
  3.660039093151358E-004
  5.575190752220505E-005
 -2.298565309730246E-007
 -6.222131457301865E-005
  1.423520160030238E-005
 -3.641258835357945E-005
 -6.263839889767263E-005
  2.044216052119966E-003
 -1.028622236852829E-005
  1.963571750756911E-004
  6.413113726324411E-005
  1.305505452646199E-003
 -5.865432377575564E-003
  4.262243955538376E-002
 -1.954024055292041E-005
  8.054131492193735E-006
  1.694916305458702E-005
 -7.724809307705486E-005
 -3.827644494499041E-004
  2.449252484856591E-003
  6.552023387555389E-005
 -3.170953503238916E-004
  2.190355256606868E-003
 -6.971849681316108E-006
  2.082663288363557E-005
 -7.012196140782458E-005
 -2.261359490390357E-005
  2.061772699213741E-004
  2.958544458521968E-005
 -1.615797425816269E-005
  6.800198240764921E-005
 -2.773241555247005E-004
 -5.519708301742142E-005
  4.905056095597431E-004
  7.135505727558411E-005
 -4.729362532007005E-006
  7.026672764769739E-005
 -5.088827540751895E-004
 -3.490938797603822E-005
  2.278278123718177E-004
  3.963875050804523E-005
  7.872091874036441E-007
 -8.005869205380911E-006
  6.713666910468361E-005
 -6.803830049122820E-006
  6.399983627857694E-005
  4.442202486911888E-006
 -7.227184834395882E-006
  5.170077964717552E-005
  2.968742370856856E-005
 -3.961248291728637E-005
  1.300086850749759E-006
 -1.452306228348803E-005
  9.518723621936736E-005
 -3.822591914680338E-006
  3.621821473955430E-005
 -7.766863756893950E-008
  8.166479187139242E-007
  2.582332887565600E-006
  1.207311852734625E-005
 -3.258985636897765E-005
  9.890276688286606E-004
 -3.097913867011663E-004
 -4.007197260765934E-004
 -2.387551235227124E-005
  1.106092974266136E-006
 -1.029476447504087E-004
  5.008693333151935E-004
  2.765808110357107E-005
 -2.022759128050759E-004
  1.311892193885627E-003
  1.997375146552967E-005
 -1.461429748705371E-004
  1.194238079320659E-003
 -1.272740128770118E-004
  1.319513965203927E-003
 -2.002851200334020E-005
 -5.927998463729064E-004
 -7.605412097632252E-005
  1.603830659134051E-003
  1.979350630621095E-004
  1.191543021746756E-005
 -1.226721467642512E-004
 -1.424541937746603E-005
  6.960276907758932E-007
 -3.095312491682926E-004
  5.903400547475622E-005
  1.080183155272236E-006
 -1.889211914488441E-006
  2.391704061759823E-005
  2.577166722125572E-006
  3.073543128226038E-005
 -2.280888328555641E-005
 -4.075344369597594E-006
 -1.914072466004890E-005
 -9.715342320719101E-007
 -1.159470662221148E-005
  5.694828252584730E-005
 -6.316016129104227E-005
 -1.261643487487238E-005
 -2.896712296439018E-005
  4.145025116544375E-007
 -2.798115956145712E-005
  1.540676349058384E-006
 -3.645988887748662E-005
 -3.823645819982928E-006
 -2.967296066997364E-006
 -1.887901238065793E-006
  1.426619717938980E-006
  5.634629145379527E-006
 -6.013474389972868E-006
 -8.003703978766934E-007
 -6.912021058131310E-006
  5.853652312147722E-007
 -9.991866378007271E-006
  1.858304799129153E-007
 -1.406338994231728E-006
  5.455982950234122E-006
  7.355697973694739E-007
  1.106944320672635E-006
 -6.182898907909927E-006
 -8.297614088904369E-007
  3.495826589968312E-006
  1.876592702819926E-006
 -6.816659551986218E-006
  3.958113175454005E-006
  3.347852557517195E-006
 -5.691440618452088E-006
 -8.393637162089192E-007
  6.800753955547994E-005
 -6.490603867991165E-004
 -1.211596440368536E-005
  1.553196803927278E-004
 -2.055995314616127E-005
 -2.815882808684638E-003
 -1.227890432171802E-003
 -1.529783455330269E-004
  9.013534120910142E-006
  3.412776106187021E-005
  4.192065659753488E-006
  1.087896277779103E-004
  1.886180111599431E-004
  2.564285839566336E-005
 -5.064827946491053E-005
 -2.351233279938575E-005
 -2.692495333005516E-006
  2.268662736816640E-005
 -2.598040832044849E-005
 -3.747455141079973E-006
 -2.165867105274049E-005
 -5.554434132752726E-006
 -1.027956315425915E-006
  7.301796820119995E-005
 -4.931338582472076E-005
 -7.744010111374041E-006
 -5.944794092071252E-005
 -1.233108784217553E-005
 -1.357002728048744E-005
  4.206856364464327E-005
 -2.693603858433786E-006
 -2.409322304860891E-006
 -2.341318881994043E-005
 -1.167789926648002E-006
 -1.865537482470283E-005
 -3.750417682728779E-006
 -2.211508942911864E-006
 -1.676573341861124E-007
  1.022506287579293E-006
 -2.378782281689722E-006
  1.022874676060704E-005
 -3.411486499301716E-007
 -1.053028968351373E-006
  3.234954892702379E-006
  4.068954341791617E-007
 -6.739380574093818E-006
  1.081065621436849E-005
  1.808851989220660E-006
  1.092124673176798E-005
 -2.854820635498810E-008
  9.296894990513470E-006
 -4.602485218755038E-006
 -2.891450823038383E-006
  2.996799441896628E-006
  3.608662779392411E-007
 -2.461660990201800E-003
  3.664679978880934E-004
  8.748788163902873E-004
  2.495459713971934E-005
 -1.870351876500748E-006
  6.848281083050094E-005
  9.072604829310612E-006
 -3.665554120127220E-005
  1.347160396372626E-004
  1.790780188395796E-005
 -6.389107863249413E-005
 -2.509573833644008E-005
 -3.474316997216307E-006
  9.616068546487670E-006
 -3.404873903038679E-004
  1.270862816719358E-003
 -3.219065994141455E-005
 -3.851554912153388E-004
  1.643729911638612E-004
  1.966725837252338E-003
 -3.294365980936434E-004
 -7.295338542116093E-005
 -2.649437845913093E-005
  1.034485463843108E-005
  3.616827008208059E-006
 -2.605998392154648E-004
 -6.053167262472023E-004
 -1.383064466112166E-004
  6.320438648870568E-005
 -1.523365580663189E-004
 -2.959846861756098E-005
  5.217627652513311E-005
  1.005788456667244E-004
  1.789808536410962E-005
 -1.429381034100800E-005
  4.105960461186115E-006
 -3.788246618412511E-005
  1.322438527296199E-004
  2.630919469272123E-004
  4.793852797684479E-005
 -3.912850141722384E-005
  8.627110661445867E-006
 -9.311535131239608E-005
  4.420883396079099E-005
  2.764533390892770E-005
 -1.380995120179337E-006
  8.577779450711630E-005
  4.983218157743116E-005
 -1.299866284679073E-004
  8.284716328215363E-006
  2.533609499376283E-005
  4.865771569395763E-006
 -1.476758165045032E-005
 -2.013656718152306E-006
 -1.008656733419576E-005
 -6.710833278422859E-006
 -1.787197720786905E-006
 -5.203595158494251E-006
 -1.026191282869619E-006
  8.440762375901978E-006
  1.119415328270851E-005
  3.879532609522998E-006
 -3.247641835211423E-005
 -8.791191819972517E-006
  7.154131224408296E-006
 -2.531082400105683E-006
  1.245424648445187E-007
 -3.600906082391461E-006
 -1.334691691455839E-006
 -3.210643931108093E-004
  8.804362249202222E-004
 -5.483296145120077E-005
 -2.094592062785633E-003
 -1.142004970149484E-003
 -2.634456588517495E-003
  7.540933625547698E-003
  1.396988058396960E-003
 -5.989465360363280E-005
 -1.158873036533519E-004
 -1.551499381159037E-005
 -2.001367660375280E-004
 -6.533203385192786E-004
 -7.103883262459116E-005
  2.035516208034943E-005
  2.131645427301875E-004
  4.530343582033012E-005
 -1.955491011576549E-006
  1.482403990067911E-006
 -1.288231513547938E-006
  3.962489487824107E-005
  2.313542165218718E-005
 -3.766940386666453E-005
  6.225844245845286E-006
 -8.950781099304481E-005
 -1.644703620490345E-005
  6.760938447097922E-005
  4.469524620525628E-005
 -7.383522871682451E-005
  3.473688769107457E-005
 -1.466942695742427E-004
 -2.390276158021454E-005
 -6.131745886201950E-005
 -2.021157652035497E-005
  2.658057117094492E-005
 -8.099978398528644E-006
  3.886573041948122E-006
  1.458538272600240E-006
  1.567161036710939E-005
  2.274058681666255E-006
  8.628324828476540E-006
  4.095444451364037E-006
  6.680460663171079E-006
 -1.617290639604023E-005
 -2.712999645257106E-006
 -1.309549782622361E-006
  1.431365282406503E-005
  2.861989806354173E-006
 -8.014966452277532E-006
 -6.119491850136402E-006
  1.194361580014461E-005
 -3.311563454425056E-006
  3.107502078856779E-008
 -4.378962460789867E-006
 -9.643549423809135E-007
  6.370368518929393E-003
 -4.419621712816563E-004
 -1.494331368562955E-003
 -2.210588943496500E-005
 -1.152214617321414E-004
 -1.301332750530987E-004
 -1.229143611766555E-005
 -3.080431265096462E-004
 -3.311922930960619E-004
 -2.949156403081689E-005
 -1.234044938943300E-004
 -9.562619999928936E-006
  8.876486787101619E-006
 -3.155593846564230E-006
  5.384624864211758E-005
 -4.564445653564289E-005
  1.643181018458394E-004
 -4.934696079860834E-006
 -2.394861480995409E-005
  1.971705821246110E-005
  2.603981387050483E-004
  5.292047320719731E-005
 -7.146352228108277E-004
 -3.127806222083088E-006
 -1.040355281907241E-006
  2.096470668402234E-005
 -2.398151868874775E-005
 -1.232145631466603E-004
  4.045907103833868E-004
  9.103503599084848E-006
 -2.592641074719189E-005
  4.849639241814072E-005
  6.787364360759794E-006
  1.799316708217355E-005
 -3.294818750843187E-005
 -9.895728133769298E-007
 -5.921017333264543E-006
 -5.797791547382865E-006
  1.953430257399631E-005
  4.550766676756405E-005
 -8.558174116506449E-005
 -5.309285600756286E-006
 -1.624553294133231E-006
 -1.422501697324002E-005
  3.942012929347807E-006
  5.111985174084573E-006
  3.417709033169150E-005
 -5.346439175956377E-008
  1.119465687903756E-004
 -3.888548537588244E-006
  1.080849795042647E-006
  5.096279025528901E-006
 -1.332674819431353E-005
 -2.172848485043204E-006
  1.292100183415691E-006
 -1.069700900084736E-006
 -1.369347942447877E-006
  2.860753756576548E-006
 -9.882351981852708E-007
  3.488664812578992E-006
  1.160162181279775E-006
  1.621048894459660E-006
 -6.638559616269984E-006
 -2.038237650922658E-006
 -1.724681182234123E-005
 -1.442248892916667E-006
  8.236863947128492E-007
  1.642190354380390E-007
 -4.092108078598207E-006
  2.158113526943982E-006
 -4.312569837068939E-005
  1.146604671073039E-004
 -7.083896184759028E-006
 -2.798147794600352E-004
 -1.396383910208092E-004
 -3.699129167557261E-004
  1.390395768107375E-003
 -2.870704231153117E-003
 -7.694238338997897E-006
 -1.471108957302986E-005
 -5.480454830807092E-006
 -1.978642709847345E-005
 -6.653888690192112E-005
 -1.387461528255378E-004
  1.080605985883722E-008
  4.695644980070291E-005
 -1.324107167397784E-004
 -5.709512787027856E-008
 -1.455535898123088E-006
  1.074403428130491E-005
  7.219365702190238E-006
 -1.237420785696622E-005
 -7.162270574319959E-006
  1.359149292587310E-006
 -1.807073891881121E-005
  3.710690693172466E-005
  1.364002467724222E-005
 -3.009157698858907E-005
 -1.499917396982953E-005
  3.743163929700346E-006
 -2.455189431728973E-005
  3.799543599183515E-005
 -4.905321127486713E-006
 -1.796469649501261E-005
  1.162157197786367E-006
 -1.113718185263335E-006
  1.443192655932472E-006
 -6.802509433415091E-006
  2.508795062917612E-006
 -3.263775151034837E-006
  8.323594928723910E-007
  9.740415432432657E-007
 -2.243118178833963E-006
 -4.365317285662269E-006
  3.015209204083018E-006
 -1.789637673839041E-007
  3.119130393654023E-006
 -7.422557967831979E-006
 -8.739337001298757E-007
 -2.924797986091674E-006
  1.410825002281588E-006
 -5.286799024633480E-007
  2.265173513838586E-007
 -1.533090686263979E-006
  2.398680205482707E-006
  8.253031373544805E-004
 -5.793106500455250E-005
 -2.007781416717210E-004
 -2.719773638019635E-006
 -1.524855205304774E-005
 -1.206296307871651E-005
 -3.768899682972239E-005
 -4.150785103966800E-005
 -3.083631002111910E-005
 -9.870195557273745E-005
 -1.542099771936117E-005
  8.244482921903563E-006
 -6.884993677730451E-005
 -3.748683295980941E-007
  6.345168317095493E-006
  6.890969751797974E-006
  9.445023252986536E-005
 -1.615030711869997E-003
  1.928574777694478E-005
  8.991638790905913E-004
  1.767946136363829E-004
 -2.347414231968869E-003
 -1.422805015914323E-004
  1.448667180454008E-006
  2.150702913905088E-004
  2.113747324069312E-005
 -4.882637246702348E-006
  4.784971496918183E-004
 -2.538874020908856E-004
 -1.805103953420541E-004
  1.939889610498283E-005
 -7.572639098482253E-005
 -3.541506952232562E-005
 -4.238882282330818E-005
  6.277742341252653E-005
  2.616081397029388E-005
  2.861080775310005E-005
 -1.326926359063614E-006
  1.377801507020813E-005
 -6.949121610048361E-005
  1.709023239283738E-004
  7.302272790505273E-005
  3.793697366650861E-005
 -1.469631753590055E-005
  3.155424243397500E-005
  7.756339874905197E-006
  5.324680025664225E-005
  7.219010220050964E-006
  3.343668780659852E-005
 -2.392453178868067E-005
 -4.119302768150372E-005
 -7.108081064306405E-006
  1.734159122105823E-005
  7.253122504075636E-006
  7.734319907741533E-006
 -8.886054430979099E-007
  1.358992328517768E-005
 -2.588080108274117E-006
  2.598208287115913E-007
 -9.577350896235876E-006
 -2.504314444262409E-006
  1.481770121743483E-007
  1.337303732852555E-005
  5.603189125601941E-006
 -1.426449345718971E-005
  1.786503790492381E-006
  1.381996242066667E-005
 -8.241741940423210E-006
 -7.308126116026839E-006
  1.135218849274408E-005
  5.683123301416326E-007
 -1.949142278745169E-004
  1.051719007179852E-003
  7.175079575258527E-006
 -8.880146929634294E-004
 -2.979481093658317E-004
  4.096322114022119E-003
  4.204093126581679E-003
  1.627003192813780E-003
 -3.081959689716287E-005
 -9.587005821232964E-005
 -1.154224009964949E-005
 -2.412362946055329E-004
 -5.325190066241019E-004
 -1.834572119619401E-005
  9.437902099464497E-005
  9.294278574931134E-005
  6.410111283889977E-005
 -3.968646527489157E-005
  4.375073225149697E-005
  3.380743045230610E-006
  4.791872142805992E-005
  2.085188386491615E-005
 -8.232256153168353E-006
 -1.252784787913065E-004
  5.429827573648003E-005
 -1.092592466051397E-006
  1.200008799316350E-004
  4.468416732545984E-005
  5.277598859671457E-006
 -6.174987652340270E-005
 -3.763275167169119E-005
 -1.473184456730767E-005
  2.081820764683381E-005
  7.158822084416697E-007
  4.093166887656888E-005
  4.383788270857856E-006
  5.248924249017748E-006
  2.598626227419786E-006
  2.080457896400601E-006
  5.940175013209463E-006
 -1.523182270897417E-005
  1.418466488797959E-006
  4.718750380487150E-006
 -9.504323715411626E-006
 -2.439125535968979E-006
  1.163814729076479E-005
 -1.472319359144069E-005
 -8.332725088774016E-008
 -2.209913964618277E-005
 -1.068593582399169E-006
 -1.281530222611159E-005
  6.969810015316930E-006
  5.022479114611421E-006
 -6.186236454510102E-006
 -1.646383954574560E-006
  5.989895562030714E-003
 -7.151750332955694E-004
 -1.893110921988829E-003
 -4.801541900654085E-005
 -2.911172864087123E-005
 -1.538427738439463E-004
 -7.452631583793869E-006
 -2.841454432963092E-005
 -3.335928382407141E-004
 -1.011299473144710E-005
  7.132130271962170E-005
  3.583430788912305E-005
  3.281936890769238E-005
 -1.724254753807946E-005
  2.093271135550169E-005
  7.337776896278740E-007
  3.612651953363807E-005
  2.031707533050844E-005
 -4.457230395814776E-004
  5.828405699590397E-006
  4.472571206905135E-004
  7.256263498551628E-005
 -8.991497190416694E-004
  4.566895445246662E-005
 -8.624926461047551E-005
  8.827296451202362E-005
  7.263960149585487E-007
  1.571115235989349E-005
  2.164774004338796E-004
 -2.509669842299896E-004
  1.121413456748370E-003
  1.171515884561538E-005
 -5.930303482825189E-005
  1.806012258436128E-004
 -1.709298219966823E-005
  4.435808695702848E-005
 -1.162816522710677E-004
  6.925077138868454E-006
  2.373075447262857E-005
  1.016790506079977E-005
 -2.060009170181696E-005
  1.173942658654997E-004
 -3.040355442226623E-004
 -2.387584911174639E-006
  9.917203111773834E-005
  2.298767661299160E-005
 -1.201660725615023E-006
  3.785521406986915E-005
 -6.985204777768163E-006
 -2.779228970351883E-005
  3.459912129407481E-004
  2.899395042913385E-005
 -2.488118579391282E-006
  1.280735996047718E-005
 -3.577162354653492E-005
  2.418956754864844E-006
 -1.756534608928249E-006
  5.045398983309001E-006
 -2.707532275581781E-006
  9.290057900311398E-006
 -4.684763133731838E-006
  8.827188548741172E-006
  9.925149975052665E-007
  7.060999343800881E-006
 -2.430861278960535E-005
  3.147011403993924E-007
 -5.729359418116385E-005
 -3.292246132915192E-006
 -1.653372867656438E-006
  3.261176929178077E-006
 -2.100880740831567E-006
  7.015811953475758E-006
 -8.579854949182878E-005
  3.960679731842482E-004
  1.468554698719237E-006
 -4.447257708675067E-004
 -1.296058458198654E-004
  1.457442035802430E-003
  3.044588856319056E-003
 -7.749747743690763E-003
 -1.305747818874651E-005
 -4.132224556376107E-005
 -1.153998064652261E-005
 -8.231037559268684E-005
 -1.767887900135911E-004
 -4.299874530595065E-004
  3.031383142113494E-005
  9.976910708545797E-005
 -3.803851076479482E-004
 -1.516458010358281E-005
  1.340900756559604E-005
  2.362290494644749E-005
  2.571577388753789E-005
 -3.259204651383728E-005
 -1.055119378395508E-005
 -4.801458395144501E-005
  3.618907327506619E-006
  8.174179929249078E-005
  6.275936236087023E-005
 -7.887263068543247E-005
 -1.474477840942523E-005
 -2.531798121778341E-005
 -3.309310510302997E-005
  1.010187233282586E-004
  1.462160889272024E-005
 -4.412704713245634E-005
  1.069637232506317E-005
  1.348875089271419E-006
  4.518403110875650E-006
 -1.530248105866130E-005
  2.747133774583040E-006
 -8.708201021975672E-006
 -6.793759042397297E-006
  1.982734254581988E-006
 -7.291680045264015E-006
 -1.046660587462162E-005
  7.531387034641772E-006
  4.555428649339990E-006
 -2.279613080859955E-006
 -2.022287566483066E-005
 -8.587153967914242E-006
 -7.085128928600737E-006
 -5.079131980105729E-006
  2.487714102465265E-006
  2.110401146630111E-006
 -5.183529226535841E-006
  6.037491506066848E-006
  2.549056431181023E-003
 -2.902871391557184E-004
 -8.068270873242569E-004
 -1.804387814933574E-005
 -1.586278528553957E-005
 -5.101858431005332E-005
 -1.031720014261001E-004
 -2.509728969088030E-005
 -1.087317103726477E-004
 -2.663556193474081E-004
  2.567519151720886E-005
  4.392535504520212E-005
 -2.006660349612627E-004
 -6.735470814534975E-006
  8.266806407426776E-006
  1.574463838520584E-005
  9.379549138931013E-006
  4.429079678999873E-005
  3.282378034714650E-005
  2.955167466660701E-004
  7.427642263954167E-007
 -3.063640327176847E-004
 -1.007404926600604E-004
  7.435835728348174E-004
 -5.565456147067721E-005
 -1.336409739792157E-005
 -9.239814462625758E-005
 -6.892053863227092E-006
  4.186609555926455E-006
 -1.689659005235257E-004
  1.948533966161294E-004
  1.794302121867818E-004
 -1.750968419049439E-005
  5.180935036722429E-005
  3.283790280020005E-005
  1.165339154104780E-005
 -3.996854012697011E-005
 -2.208546960069628E-005
 -9.470083093051150E-006
  2.298460591135524E-006
 -2.183308447996645E-006
  1.254293357463630E-005
 -1.077421626373315E-004
 -6.040629303018035E-005
 -8.969850702118429E-006
  1.428181502424612E-005
 -3.573082872517870E-006
 -9.297016223963580E-006
 -1.678691137915562E-005
 -3.395364400068036E-006
 -3.046939173960116E-005
  2.581243302674647E-005
  3.976640796356474E-005
  1.473451918926878E-006
 -1.132811683108536E-005
 -6.452752106198943E-006
 -8.222988496102236E-007
  3.032402118831377E-007
 -3.598056907170411E-006
  2.402249628361202E-006
  1.146518165520137E-006
  4.121367946001753E-006
  1.768744646892935E-006
 -1.255121332846984E-006
 -7.190138420615627E-006
 -4.773427716711504E-006
  1.076866686722140E-005
 -3.663096493312307E-006
 -7.003302868680450E-006
  4.283628764969207E-006
  3.960273558509644E-006
 -5.660747874291993E-006
  2.710513860672867E-007
  1.269066883190370E-004
 -4.026586203807359E-004
  4.940884828426830E-006
  7.326950125707015E-004
  3.185080625119930E-004
 -1.280439305337481E-003
 -2.976202694409877E-003
 -1.474024847280753E-003
  2.180606277625272E-005
  6.174229715045944E-005
  7.350174439896001E-006
  1.324466668276226E-004
  3.439009954641589E-004
 -7.297137199469343E-006
 -4.373074152973445E-005
 -6.943045294992558E-005
 -6.140861750589424E-005
  1.699983790672517E-005
 -1.777032393104848E-005
  3.667120958493634E-007
 -2.626005037531944E-005
 -1.529744973216342E-005
  9.260212468594269E-006
  5.226051059010656E-005
 -4.984889911759271E-006
  8.836602577425438E-006
 -6.055293901092253E-005
 -3.235307948328430E-005
  8.292428420815980E-006
  1.968131287875942E-005
  4.032635553012497E-005
  1.714116687216856E-005
  2.594981173106627E-006
  4.519077182063318E-007
 -2.227629405186605E-005
 -6.333705881290774E-007
 -3.037415306105884E-006
 -2.430968893233673E-006
 -3.102964183979894E-006
 -3.561392731519742E-006
  5.003075948367126E-006
 -1.077317838867788E-006
 -3.665721412135777E-006
  6.269368822709246E-006
  2.032230101789817E-006
 -4.898766716670972E-006
  3.912537377072200E-006
 -1.725524738332920E-006
  1.117789291441479E-005
  1.097141788754157E-006
  3.518407235598124E-006
 -2.367324796561892E-006
 -2.131028291573036E-006
  3.189437012613475E-006
  1.285517676635319E-006
 -3.528234571828915E-003
  3.487070354074760E-004
  1.018232105598542E-003
  2.306082186682151E-005
  3.098208051737198E-005
  8.535996301344535E-005
 -1.619973245516742E-006
  6.507008553090312E-005
  1.988767986034515E-004
 -7.794807152510865E-006
 -7.430224087127581E-006
 -1.073856955268297E-005
 -2.934505191047607E-005
  7.626478991591785E-006
 -1.777711750893747E-005
 -3.589093600297799E-007
 -1.888397199555861E-005
 -2.644078324396037E-006
  1.125749300396683E-005
 -2.616912519703312E-004
  2.822651122209009E-003
 -4.988486841740822E-005
 -1.219514206315055E-003
 -8.752398157385386E-005
  3.273523503463596E-003
  1.033094289624724E-003
  6.139262126295445E-007
 -2.131017793644271E-004
 -3.852932083863642E-005
 -3.923009549857874E-007
 -5.988571669012380E-004
 -6.963574432249626E-005
 -2.509573185676919E-005
  1.461455842024113E-005
  8.656440362472053E-006
 -3.686845776979243E-006
  7.012995403484794E-005
 -1.985872514264494E-005
 -3.793775949924583E-006
 -4.579722987902883E-005
 -6.170891162059494E-006
 -2.433272415581911E-005
  1.392449698061906E-004
 -5.601966422207553E-005
 -1.118701547351867E-005
 -8.267752438585495E-005
 -1.289255453530703E-005
 -5.656744542033562E-005
  1.422268771055397E-005
 -8.398701680006472E-005
 -2.513551399536368E-006
  1.233387005289715E-005
  1.075561021265787E-005
 -2.655655776345112E-005
  1.315181776653010E-005
 -2.030409184690865E-006
 -4.686541990649889E-007
 -1.691491722386108E-005
  1.591100733794523E-006
 -2.254053607572922E-005
 -2.172762743445147E-006
 -3.309116653396099E-006
  8.548697415026307E-006
  1.259256950820362E-006
  3.786723144476247E-006
 -8.017344775988890E-006
 -3.759861910978627E-007
  6.058800331490781E-007
  2.426899512624650E-006
 -1.196604946657782E-005
  7.212821035543787E-006
  6.503212477615226E-006
 -1.362111833064247E-005
 -2.042408762172455E-006
 -3.081225198593090E-004
  4.336054800905678E-004
 -4.605426459562952E-005
 -4.200723768188686E-004
 -3.051989964190453E-004
 -5.193573288393189E-003
  4.609155249557773E-004
  4.567427682178934E-005
 -1.443509947362137E-005
  2.623082615175459E-005
  2.651554293793198E-006
  1.255791785937080E-004
  4.209474252224532E-005
  7.725195601061093E-006
 -6.465663896483757E-005
  2.344903429950508E-005
  3.949672887673152E-006
  3.561902600750874E-005
 -4.171896686644340E-005
 -5.622217815738094E-006
 -2.055407182427025E-005
 -1.598792270358233E-006
 -1.506495418323849E-005
  1.214263468359500E-004
 -1.122479006243928E-004
 -1.490071117207835E-005
 -7.190868075756005E-005
 -5.881945185107504E-006
 -4.951766607838995E-005
  7.607393583532881E-005
 -5.060397901675641E-005
 -8.709161063373292E-006
 -5.767022281995255E-005
 -1.022977356802119E-005
 -1.840371301537627E-005
 -9.163508892189148E-006
 -8.893351566683381E-007
 -9.712003514272334E-008
  8.173398227601649E-006
 -2.868869609774942E-006
  1.931712844896579E-005
  6.744977608987992E-007
  5.609099904773969E-007
 -1.134158126028060E-006
 -1.545966517782245E-007
 -1.143532899150108E-005
  2.305079733097667E-005
  3.404692337391225E-006
  1.490579871579377E-005
 -2.187923153083968E-006
  1.940018825870949E-005
 -8.782332013609841E-006
 -4.668974224853779E-006
  3.296198709852854E-006
  4.214272958208511E-007
 -1.464876899316484E-003
  2.968914090211848E-004
  6.776822153741944E-004
  2.727253916439292E-005
 -4.562275731242991E-005
  5.158440356877276E-005
  6.572597205631430E-006
 -1.642401164389567E-004
  9.735954746791822E-005
  1.265262795340376E-005
 -1.337633918940318E-004
 -2.663818489231078E-005
 -3.316175741725239E-006
  1.389720987918859E-005
  1.367208788623663E-005
  2.004148315622073E-006
 -1.959706722353875E-005
 -6.739666559787473E-006
  5.699857344350160E-006
  2.807210896142545E-005
 -2.865865664846128E-004
  3.191709000292747E-003
 -5.468151870927809E-005
 -1.560858161471620E-003
 -6.918914544941983E-005
  5.326661257815091E-003
  3.298335981201166E-004
 -2.465953090181421E-004
 -3.190998497012164E-004
 -2.971417045606871E-005
  1.062368573523155E-005
 -9.105537294291179E-004
 -2.619924868375579E-004
 -1.105915367891875E-004
  4.049261138135214E-005
 -3.945636255582382E-005
 -2.249396477545662E-005
  1.096295180219375E-004
  9.079064451331747E-006
  8.696113361795211E-006
 -5.586522753468465E-005
 -6.351892154389694E-006
 -5.376429048725289E-005
  2.293121934859189E-004
  1.438002855903132E-005
  1.790570875637710E-005
 -9.802456422244880E-005
 -1.052533462937258E-005
 -1.312876292634701E-004
  3.799069879502492E-005
 -7.495057911658217E-005
  1.365174608381512E-006
  4.994591405055268E-005
  1.463816173533597E-005
 -8.793661284557760E-005
  1.719737189967302E-005
  2.623777223379733E-006
  2.210844875938511E-006
 -2.368113804900162E-005
  4.458315832866869E-007
 -2.791097765001746E-005
 -3.029248941830260E-006
 -3.542355401403758E-006
  6.463969602111048E-006
  4.438368418217489E-007
  8.295964776186088E-006
 -7.733133799262521E-006
  2.045186944436466E-006
 -1.286501925150816E-005
  1.840598311188202E-006
 -1.202287507705010E-005
  8.205012427615371E-006
  7.517333117681334E-006
 -1.688190348358359E-005
 -3.187506687372600E-006
  2.100199416020493E-004
 -1.587198535330151E-003
 -5.913513596017333E-005
 -9.813100579119966E-004
 -8.408188067503837E-004
 -8.546509693393333E-003
  1.955811086790557E-003
  7.338610286924018E-004
 -1.255276604744809E-005
  2.003529505012577E-006
 -8.721783589899906E-007
  1.059968630607524E-004
  3.531433189996484E-005
  3.299691930037295E-005
 -1.130934040111129E-004
  8.233893933650975E-005
  3.498013370773967E-005
  5.242470963658159E-005
 -6.302296735489249E-005
 -9.570215720462691E-006
 -2.658050003525700E-005
  2.192179184514868E-006
 -2.584420960132458E-005
  1.761673884216046E-004
 -1.817104304421474E-004
 -2.884824718704846E-005
 -9.896719019718922E-005
  7.328479173270183E-007
 -7.720019822441535E-005
  1.261988402427569E-004
 -1.064302104033249E-004
 -2.365253657161375E-005
 -9.736967370089948E-005
 -1.465119454703898E-005
 -2.882916654185741E-005
 -1.386794794369750E-005
 -2.791208238811849E-006
  5.552095843602949E-007
  1.166401924614462E-005
 -4.006714558989778E-006
  2.993982458494789E-005
  1.703373552629200E-006
  1.993355493205332E-006
 -2.318912419075751E-006
 -8.495216925218758E-007
 -1.677547637375916E-005
  3.474874863450899E-005
  6.510922561300248E-006
  2.010750256881165E-005
 -4.208885561388661E-006
  3.021892655246583E-005
 -1.312868790865477E-005
 -6.918881547817673E-006
  4.637315091455318E-006
  1.359863288391421E-007
 -1.991195039628140E-003
  6.701460384342448E-004
  1.231570049595189E-003
  4.627767871474890E-005
 -7.728065541425529E-005
  8.731415323151660E-005
  1.706995647497680E-005
 -2.859352375827976E-004
  1.103033510355982E-004
  3.004358973249346E-005
 -2.363388615669813E-004
 -7.365840934269367E-005
  3.731894141277909E-006
  2.113191718135897E-005
  2.652412268930031E-005
  2.952404127771690E-006
 -2.820744659312294E-005
 -1.195954518330473E-005
  7.075529411763977E-006
  4.149670144366560E-005
  6.853380751511373E-005
 -5.895809562269888E-006
  5.613407747862171E-004
 -1.065102075443809E-005
 -1.723652544426772E-004
 -1.472541770454270E-005
  6.160271714907537E-004
  2.168638204284122E-004
 -1.021611470293102E-003
 -3.761609829133961E-005
 -8.273924286705272E-006
  3.034655242307556E-005
 -9.571765531767901E-005
 -9.187069303015168E-005
  6.372299485885181E-004
  4.898208141734204E-006
 -1.218243746723131E-005
  8.018082050855041E-005
  1.244663839003280E-005
  7.276813187978336E-006
 -5.487823046970076E-005
 -5.794582244060570E-006
 -8.805101647269575E-006
 -6.652056145972229E-006
  2.903451896041152E-005
  1.573762842419629E-005
 -1.433528332255092E-004
 -1.263634130663175E-005
 -6.985839508714215E-007
 -1.639817765377977E-005
  2.913898462326690E-007
 -8.583272462284124E-006
  4.824187292594475E-005
 -1.242921701893983E-005
  1.658972512701214E-004
  1.213782717270716E-005
  2.413853610253752E-006
  2.715303415799690E-006
 -2.125522660436002E-005
 -3.627412689979605E-006
  2.323206281304349E-006
 -3.614148140781650E-006
 -1.275887748935353E-006
  4.069932384747133E-006
  1.112359831006367E-006
  5.728431406537628E-006
  9.912638157985340E-007
 -8.669083783488905E-007
 -1.110531383054034E-005
  2.410892844727534E-006
 -2.494558672300639E-005
 -5.384684292123136E-006
  2.698807194597251E-006
  1.328798745934188E-006
 -7.229513205442864E-006
  3.258838361535383E-006
  2.883389401422190E-005
 -1.812801852445048E-004
 -7.267778696099475E-006
 -1.147334450605120E-004
 -7.350059678300989E-005
 -1.101932030875565E-003
  7.877192373483524E-004
 -4.616773106598943E-003
 -9.483069924510795E-007
  2.321066837512094E-006
 -5.096921913361495E-006
  3.023112566573483E-005
  3.867968568766379E-005
 -1.971786101589919E-004
 -1.825951592640072E-005
  3.700261205849187E-005
 -2.098547757611091E-004
  7.221379014484321E-006
 -1.067793548615863E-005
  1.518915126319105E-005
 -7.783782755970669E-007
 -2.359359112483454E-005
 -6.443000738887254E-006
  2.377287430591984E-005
 -3.220192301734006E-005
  5.568335247333677E-005
 -6.272383801433138E-006
 -5.560256256132055E-005
 -1.750049050448670E-005
  1.435738630789828E-005
 -1.974752095090526E-005
  6.028718629996504E-005
 -7.010551450349156E-006
 -2.534691724613703E-005
 -7.346834857549122E-006
 -1.798042332903575E-006
  1.088851420917868E-006
 -1.055451500989184E-005
  2.090663487373444E-006
 -6.066557832426156E-006
  3.303463511337282E-006
  8.375166876501885E-007
 -4.644450142642821E-006
 -3.601401483868434E-006
  5.066321717511552E-006
 -2.130001521292086E-006
  6.288421217757690E-006
 -1.113786693652905E-005
  2.931374920250287E-006
 -3.726364000931817E-006
  3.458629643625972E-006
 -1.809200988916623E-006
 -5.603723886844551E-007
 -8.608182510078205E-007
  3.899413108404501E-006
 -3.267587022869821E-004
  8.728531856404582E-005
  1.610748931727695E-004
  6.693651701022316E-006
 -9.049965760416694E-006
  1.984045649363072E-005
 -5.321884811922460E-005
 -3.582935904919764E-005
  3.664474749254039E-005
 -1.416904750077284E-004
 -2.802124441200378E-005
  5.977871465489775E-006
 -1.081238213845608E-004
  2.847760810277294E-006
  1.805168288376488E-006
  9.565912240519185E-006
 -6.935010631791395E-006
  2.092760841200348E-005
  4.087249821514101E-006
  5.683384503370340E-006
  7.707919287138675E-006
  1.524020109673625E-005
  1.484997288759720E-004
 -2.030630574915254E-003
  3.558181416296833E-005
  1.040628313610827E-003
  7.480354654634210E-005
 -3.072559805406920E-003
 -9.821841672177779E-004
 -1.011600606740580E-004
  1.979989903032771E-004
  3.683062402362018E-005
 -1.522831210652177E-006
  5.382857781974868E-004
  9.331612386525448E-005
 -1.750123226332552E-004
 -1.620285213579584E-005
 -2.475872796902836E-006
 -3.164308944507539E-005
 -6.670068979675729E-005
  1.573427612243069E-005
  2.543750276901627E-005
  4.477495430247850E-005
 -1.068952769758489E-007
  2.192573549427880E-005
 -1.340641505073372E-004
  4.473668758481938E-005
  6.860099419189717E-005
  8.459826768132068E-005
 -1.066587356500739E-005
  4.946588282601650E-005
 -1.580417008722265E-005
  7.074357358878387E-005
  1.065632388608222E-005
 -1.212315502616249E-006
 -7.090707622144198E-005
  1.701648558983890E-005
 -1.111539036676324E-005
  5.172370483015347E-007
  6.625928487412694E-006
  1.414826274704182E-005
 -6.126894421961657E-007
  1.919790835324790E-005
  1.608582746477608E-006
  5.642906248996109E-007
 -5.342985287734357E-006
 -2.396739704104102E-006
 -3.634106386679801E-006
  6.775582533159909E-006
  4.988876706286573E-006
 -1.639469115394242E-006
  7.875141821982359E-006
  1.254178827543365E-005
 -7.361268612932720E-006
 -8.107206201079700E-006
  1.530822330563825E-005
  1.039443164931043E-006
  4.279296140284887E-004
 -8.117456546470006E-004
  4.342927628703389E-005
  3.884175888292175E-004
  2.657235563002289E-004
  4.499073108264145E-003
 -7.027367482864530E-004
  1.299068105667786E-003
  1.688317895287598E-005
 -2.471858294759066E-005
 -1.782202241337423E-006
 -9.805062522462709E-005
 -2.729477930774452E-005
  6.712021684971712E-005
  5.511194208932811E-005
 -3.337229019967387E-005
  6.317424579665139E-005
 -3.030988783884779E-005
  3.589396201888625E-005
  1.648389165341973E-006
  1.549017543640784E-005
  7.394631264872168E-006
  1.481971240243996E-005
 -1.052377033382199E-004
  9.923957588468323E-005
  1.358380670252046E-006
  5.756487983700119E-005
  1.931104948256504E-005
  4.767282350121870E-005
 -6.562862040015817E-005
  4.887972171326619E-005
 -8.862970809645581E-006
  4.950822922273627E-005
  1.638068274584863E-005
  1.612039117742190E-005
  8.278631414790785E-006
  2.650739056743996E-007
  2.501561525872462E-006
 -8.120783797363276E-006
  4.184400343344766E-006
 -1.671511044700908E-005
 -9.409692048481010E-007
  8.464574850351922E-007
  2.557833708869903E-006
 -1.116006336969218E-006
  1.015908354239070E-005
 -2.068798565543062E-005
  1.367673699446025E-007
 -1.308863265935536E-005
  3.196374320480110E-006
 -1.738861796781675E-005
  7.709755594623680E-006
  4.103363268328575E-006
 -2.441281128440421E-006
 -1.413376879424392E-006
  1.005124985005484E-003
 -1.928517066188411E-004
 -4.723406774659878E-004
 -2.049880963814319E-005
  4.342188528227541E-005
 -3.882932230448307E-005
  1.140031229330215E-005
  1.470867107626773E-004
 -8.095382567802196E-005
  3.201493811017891E-005
  1.131525506575499E-004
  1.356425684903630E-005
  3.795992962612687E-005
 -1.159365387924064E-005
 -1.289440236562222E-005
 -4.269996269490539E-006
  1.686503345434807E-005
 -1.016686043517129E-006
 -5.271379575107429E-006
 -2.437566798902052E-005
 -3.553273064233208E-005
 -8.499028404547736E-006
  2.262144437251691E-005
  2.219436779243022E-005
 -2.604524179849401E-004
  8.297297555883281E-006
  4.229311592464399E-004
  1.662317060850495E-005
 -8.898996369185796E-004
 -2.068329608618760E-004
  3.469482383822238E-004
  5.928803967511696E-005
  1.287855501062228E-007
  1.279849231203260E-005
  1.928949396620761E-004
 -1.507862531805950E-004
  1.557244270571920E-003
 -2.060696433505692E-006
 -3.592140962906834E-005
  2.656908266642822E-004
 -2.131320457954051E-005
  2.724910316600191E-005
 -1.706051208861097E-004
  5.745217423807491E-006
  4.355035715692394E-005
  1.556798715573302E-005
 -3.401391293001227E-005
  7.123090302271809E-005
 -4.488211808710167E-004
 -1.196508796951074E-006
  1.672902055217641E-004
  3.521042172696335E-005
 -1.231810717145846E-005
  4.535177702229267E-005
 -3.774285039524330E-005
 -6.160334222318048E-005
  4.693044059463027E-004
  7.392144939463895E-005
 -2.840018502785573E-006
  6.889042278919962E-006
 -5.003158260684188E-005
  3.581361974517817E-006
 -3.473826253909840E-006
  4.938693533838902E-006
 -1.568272415763799E-006
  1.260692618089129E-005
 -2.184225031628564E-006
  1.247488547531686E-005
  5.230118397235832E-008
  3.977938911183643E-006
 -3.603362221108841E-005
  8.918216658867984E-006
 -7.847513070668461E-005
 -9.075120210785059E-006
 -1.827465110534136E-007
  7.484296375843458E-006
 -3.429699378023403E-006
  9.516441945081649E-006
  1.433852144494523E-004
 -3.344975270415066E-004
  1.249485450108878E-005
  7.443842047105695E-005
  1.050680862406295E-004
  1.079681983000099E-003
  1.299719624047084E-003
 -1.090815644214679E-002
  6.715689265713330E-006
 -6.034652604836839E-006
 -8.253862785582825E-006
  2.507185115876552E-006
  7.290444389910558E-005
 -5.583501416374899E-004
  3.659640286930265E-006
  6.631964357785289E-005
 -5.327049721739813E-004
 -7.062653171376280E-006
  4.452900280038136E-006
  2.812770203410280E-005
  1.105284735083021E-005
 -5.334581503023383E-005
 -3.990194179453931E-006
 -2.581946154638389E-005
  7.833795621549667E-006
  1.038637512000229E-004
  3.207597634136927E-005
 -1.253978459325138E-004
 -6.256514794985378E-006
 -2.000812327498374E-005
 -3.817130863295172E-006
  1.395762516701764E-004
  2.448013943228786E-005
 -5.420608876050330E-005
 -4.472016157304114E-006
  2.061445793570400E-006
  2.970256650888223E-006
 -2.040142894648873E-005
 -3.139672163492486E-007
 -1.409615044429348E-005
 -5.870370164361951E-006
  1.487200102348040E-006
 -1.250720630705012E-005
 -7.431856957932344E-006
  1.096954508451295E-005
  2.664589228872154E-006
 -1.523188094214427E-006
 -2.666647421400471E-005
 -2.800628510691394E-006
 -7.870818909409214E-006
 -5.193139175925067E-006
  1.864488682524545E-006
  1.116582825857177E-006
 -4.070277953359207E-006
  8.516630462715845E-006
  1.818029236047003E-004
 -3.245400798039434E-005
 -1.182748494832239E-004
 -2.405162718133771E-006
  1.131801339166904E-005
  9.860519217261054E-006
 -1.298909429786493E-004
  3.501244365755882E-005
  2.612232862668017E-005
 -3.394318916017108E-004
  3.166735954821544E-005
  4.393067684601024E-005
 -2.805969382144268E-004
 -2.724497665744117E-006
 -5.972911941238010E-006
  1.876146204009946E-005
 -3.200143517623790E-006
  5.331729632230528E-005
  5.924641183367908E-006
 -5.750573911826917E-006
 -1.168287205327663E-005
  2.865029323726102E-005
 -3.654453398477873E-006
  7.227457489216094E-005
  1.131915230943592E-004
 -7.920205472937557E-004
  1.430305425443989E-005
  1.788858927042273E-004
  1.272043502751176E-005
 -2.009636980566762E-004
 -5.091012240694637E-005
  1.005461344614285E-004
  1.510278906114995E-005
  1.698696815016239E-006
  1.915132165637964E-006
  6.057138870375128E-005
 -2.368037954275822E-005
  2.001080544900243E-004
  1.588293715554704E-006
 -6.180567565569217E-006
  3.532993522205463E-005
 -3.429264238090641E-006
  4.124449020214252E-006
 -2.164372681909169E-005
  1.022275576550326E-006
  6.277786439035343E-006
  2.406988661540315E-006
 -5.180819298853404E-006
  1.128297663725615E-005
 -5.741397871837849E-005
 -1.920743295465719E-006
  2.355842810031442E-005
  7.101562594319123E-006
  1.581482376668685E-006
  1.324344321128086E-005
 -8.142772486545848E-006
 -1.112155455028090E-005
  6.015146600878411E-005
  9.540072173612213E-006
 -2.036427399766859E-006
  1.513172136389331E-006
 -6.157274288347705E-006
  2.766654476819258E-006
 -9.784112915983570E-007
  3.342627722481320E-006
  5.641799969675398E-007
  2.744826028496488E-006
 -3.205712127291950E-006
  1.137482753283739E-006
 -1.526167577964458E-007
  1.241762242828982E-006
 -4.612890515188710E-006
  1.033589082245164E-006
 -1.030204133460701E-005
 -5.757388088558269E-007
  1.484475773889337E-007
  1.603993723464473E-006
 -1.687104974995783E-006
  1.002965597241412E-006
 -1.198070941691797E-004
  3.781401745564327E-004
  2.624988308595633E-006
  3.165478798965105E-005
  3.947544011881646E-005
  6.945001801290440E-004
  2.418212233306756E-004
 -1.344742382489576E-003
 -2.448079479254608E-006
 -1.512243204163926E-006
 -8.693520524557760E-007
 -2.752855336908090E-005
 -1.479996321450080E-005
 -7.484541245077821E-005
  9.544696875509461E-006
  9.923255900168795E-006
 -6.712391868432454E-005
 -5.309138168660947E-006
  5.825004847557152E-006
  3.973828650396121E-006
  5.063896387862414E-006
 -5.795838994513935E-006
  2.452417807985335E-007
 -1.618864349773009E-005
  1.300832473970953E-005
  1.354233050182631E-005
  1.434380092055884E-005
 -1.342910429745754E-005
  1.844842577171253E-006
 -1.044531543517065E-005
  1.724257303490227E-006
  1.757213187301887E-005
  8.161993597216275E-006
 -6.150909177827435E-006
  2.283321837954372E-006
  8.848774773983630E-007
  6.242612509939383E-007
 -2.404441490729739E-006
 -5.261443023837145E-008
 -1.315530733569824E-006
 -2.602018001956718E-006
  2.664714439493018E-007
 -1.407367475512589E-006
 -1.423675582841844E-006
  1.270602988747443E-006
  1.276245449110381E-006
 -2.362811675546042E-006
 -3.541459707335828E-006
 -1.817166056438412E-006
 -1.008451167396142E-006
 -2.011570290892731E-006
  1.072576418986158E-006
  5.656109565252037E-007
 -8.549175814124329E-007
  9.919495836035414E-007
  4.597519143109998E-004
 -1.040397024023438E-004
 -2.053415379082066E-004
 -6.773729526249736E-006
  2.200872030154501E-006
 -1.275508126428968E-005
 -1.797290949893358E-005
  1.715340567627936E-005
 -1.640572178989626E-005
 -4.466756606358267E-005
  2.061084123648191E-005
  1.307392804327448E-005
 -3.464375388440163E-005
 -2.303555999947954E-006
 -7.776855206144071E-007
  2.265847953868466E-006
  2.732033769190683E-006
  7.756352603304602E-006
 -4.284777692427299E-007
 -3.696440972404937E-006
 -5.963970801333524E-006
  2.815643901177395E-006
  1.754223616503605E-006
  9.405027310304790E-006
  1.942217355901331E-006
 -3.209247870693552E-003
  0.481658290999611     
 -1.107484503873352E-002
 -5.040875849677917E-002
 -9.279376656876871E-003
 -0.248339481836847     
  0.532450799263154     
 -0.673771432400550     
  1.471777366732638E-002
 -1.021786569147785E-002
  1.049252938743805E-002
  2.891805314631771E-002
  3.279054306180927E-002
 -4.048963791528848E-002
 -4.433447660721341E-003
  1.644735761287180E-002
 -2.417684393738725E-002
 -5.687091963016169E-003
 -9.434167757154445E-003
  1.319889412092401E-002
  9.114497171827480E-004
 -1.916521412406080E-002
  4.775642245833421E-003
 -1.281633933487700E-002
 -2.477371550047786E-002
  3.705296504374775E-002
  1.936085382441582E-003
 -5.354792727086210E-002
  1.088025395243542E-002
 -5.450460131686102E-003
 -2.779387574064050E-002
  4.149538581235301E-002
  1.586136297251348E-003
 -3.599871364855001E-002
  3.864323834434754E-003
  6.495964816054126E-004
 -5.052561278901177E-004
  9.040002233346044E-004
 -5.633450062232242E-004
  3.146832816899903E-003
 -1.385444438593013E-003
 -6.397647046899485E-004
 -1.518262619068046E-003
  2.424550241959963E-003
  2.047541319111474E-004
 -8.900903688697077E-004
 -1.173829834848064E-003
  3.226449986755598E-003
  3.055532139742832E-003
  8.108993092499728E-003
 -3.852610331337092E-004
  1.885606231214595E-004
 -3.271071584476176E-003
  6.081479654836858E-004
  1.487386590685923E-005
  2.403136086820230E-004
 -4.697915420123114E-002
  9.838088154983942E-004
  1.426042721037339E-002
  4.361062029467795E-002
  0.121003649517429     
 -0.101364770686529     
  0.163506562489930     
  7.076868526917919E-004
 -2.128276124366687E-004
 -1.243513151564482E-003
  1.569827424562501E-002
 -1.878843634921655E-002
  3.188584361733281E-002
  3.667963019242459E-003
 -1.061353171314693E-002
  1.812024960040213E-002
 -8.736454397642346E-005
 -1.761516540499907E-003
  2.501496866519319E-003
 -4.307704016894329E-004
  2.551865684651947E-004
  5.181349456658563E-004
 -1.243134302417964E-003
 -5.753915647689333E-003
  8.529449375636083E-003
 -9.052809597480385E-004
  7.238666160240470E-004
  2.148415262166003E-003
 -1.528593284448907E-003
  1.670558427177550E-003
  9.459606273967492E-004
  3.523355030243045E-004
  1.145924126603901E-003
  1.176257781424602E-003
  2.841047293872751E-004
  9.008172417017284E-004
 -7.667311657908464E-004
 -5.256806365207475E-004
  7.453312969231955E-004
 -3.266335516410778E-004
 -3.539647057817825E-004
  3.689907479986886E-004
  1.610768756436190E-004
  1.325801392640526E-004
  4.949208581207811E-004
  1.094739270955707E-004
 -2.374646220411122E-004
 -9.057092827132859E-004
  4.369177015480951E-004
 -5.790532916490575E-004
 -2.176159816062638E-005
  2.772759881219928E-004
 -4.418913261369160E-005
 -1.327045536029354E-005
 -6.222722242162471E-002
  1.104398307939329E-002
  2.701106060932432E-003
  2.979469844353533E-004
  1.630054403065481E-003
  3.494168344266560E-004
  2.186402230112705E-003
  7.451634141969407E-004
 -1.847344366827730E-003
  4.779692045706781E-003
  1.442623322517891E-003
  7.217887380568441E-004
  1.311976020075393E-002
  9.333170066472558E-005
 -7.429976717631277E-004
  2.002836800042631E-004
  4.900692187240525E-005
 -7.224574975892573E-004
 -1.423386225371308E-004
  5.106187859495394E-004
 -3.945751137249530E-004
  4.378040432919230E-004
 -1.471292584348966E-005
 -1.377018820247975E-003
 -4.959058601060498E-004
   1.19070469795637     
  4.660907408303191E-003
 -8.815075336944740E-002
  1.965855858348067E-003
  6.754211431774159E-003
  1.128051493582437E-003
  4.748557070585718E-002
 -8.032053219304487E-002
  0.104499148591664     
 -2.975563380839857E-003
  1.498464410806858E-003
 -1.552651900485855E-003
 -5.675408196534382E-003
 -4.804326321947197E-003
  8.324848288680790E-003
  7.178033121732400E-004
 -2.409094695232799E-003
  4.094918786167454E-003
  1.111918647316488E-003
  1.293285963068840E-003
 -2.265090730324840E-003
 -3.021353392444244E-004
  2.979363995317314E-003
 -8.097833080720637E-004
  2.430566385471639E-003
  3.389723051856733E-003
 -6.341373699197872E-003
 -6.438691123861330E-004
  8.415911243184941E-003
 -1.786697273085506E-003
  9.375602123342276E-004
  4.276995674883530E-003
 -6.473894600990128E-003
 -4.760581051636530E-004
  6.080777918887926E-003
 -4.615021071705746E-004
 -1.046206843820763E-004
  5.418333320151394E-005
 -2.054626385213871E-004
  9.913886956855277E-005
 -4.954322288048225E-004
  2.147231835776763E-004
  1.230944923380474E-004
  2.743743175442988E-004
 -4.234668102156561E-004
 -2.297055967430390E-005
  1.391198842151940E-004
  1.575910534939451E-004
 -5.461301147622494E-004
 -4.281776887217063E-004
 -1.332034329884694E-003
  1.081803607612416E-005
  2.054498220376317E-005
  5.695167570656734E-004
 -2.192260001052346E-004
 -7.795547434474653E-006
  3.639581338296715E-003
  2.502422813013762E-002
 -2.512946496196875E-004
 -2.543028513406187E-005
 -5.326570818353410E-003
 -1.962175620157161E-002
  9.952588056873050E-003
 -3.939661500550105E-002
 -1.834762724970281E-004
  3.126588737166910E-004
  2.228944006697450E-004
 -2.400901669895262E-003
  3.477246013616075E-003
 -5.533042702756744E-003
 -5.945687097628565E-004
  1.566209824041897E-003
 -3.470078208705750E-003
  3.529470979195185E-005
  2.667802053114511E-004
 -3.542525570066788E-004
  4.278989280929115E-005
 -1.160302320082967E-004
 -7.808460260124300E-005
  3.191764031016175E-004
  9.524384273475817E-004
 -1.195090276703635E-003
  7.134984559395928E-005
 -2.787248330479717E-004
 -3.905262486955768E-004
  2.512012764340320E-004
 -1.847845923573728E-004
  2.218061064369393E-005
 -2.887042950937987E-005
 -2.332709859873643E-004
 -2.223308469246521E-004
 -5.480748093718362E-005
 -1.420419464335698E-004
  9.357794077188180E-005
  1.010481349100995E-004
 -1.319698731326161E-004
  6.337430790145140E-005
  5.774675553935983E-005
 -7.251270892129157E-005
 -3.119832018450969E-005
 -7.021743950196748E-006
 -9.747177902358749E-005
 -2.022600574798039E-006
  9.805736348897498E-006
  1.784764577985249E-004
 -7.686443148530792E-005
  1.139388792722376E-004
 -4.010599852242778E-006
 -4.998235579265740E-005
  1.405440013152637E-005
  1.339220648125330E-005
  8.484731095631215E-003
 -3.417684745531251E-003
 -1.800809770968921E-003
 -1.097179814093767E-004
 -2.625866948450461E-004
 -9.551279082244382E-005
 -5.016587751127781E-004
  5.823378100384445E-005
  6.516668496916627E-004
 -1.103099088924251E-003
 -5.714131905314390E-005
  9.113772727802457E-005
 -2.350416234343695E-003
 -1.255740513366165E-005
  9.088973077601762E-005
 -1.027795123149746E-005
 -3.237852168619177E-005
  1.656347351964428E-004
  4.493592681985342E-005
 -7.348754301625556E-005
  5.410880061058595E-005
 -3.345254314297792E-005
 -2.318364948934536E-005
  2.910044456259231E-004
  9.667119250560092E-005
 -0.192722415782015     
  3.167456149807334E-002
  1.031825603071824E-003
 -0.178004566264145     
  4.111240411758463E-003
  2.161830913419335E-002
  3.979698924064072E-003
  8.917312053532954E-002
 -0.198424029746601     
  0.256186786825686     
 -4.998333562072138E-003
  3.751682891139173E-003
 -3.769844854963918E-003
 -9.543742218723726E-003
 -1.559242924088976E-002
  3.398957600398309E-002
  1.795856369627183E-003
 -6.907278322996506E-003
  1.223848020259688E-002
  2.071509452123734E-003
  4.045177299540135E-003
 -7.003532240250094E-003
 -3.859275099124139E-004
  7.686138222551857E-003
 -1.685581942211320E-003
  4.847550094624393E-003
  1.062382385842922E-002
 -1.928688462112597E-002
 -1.009012660930065E-003
  2.203000245764199E-002
 -3.838537433694328E-003
  2.005093737688744E-003
  1.085652667892574E-002
 -1.597322063512317E-002
 -1.176742852282249E-003
  1.935603400928082E-002
 -8.283508854064953E-004
 -2.418737038525120E-004
  3.359867955133573E-004
 -9.440315562752412E-004
  2.005630536538318E-004
 -1.219158465998901E-003
  5.250580579037041E-004
  2.009959682978757E-004
  7.155235728329058E-004
 -9.389747004069842E-004
  7.616932781411180E-005
  3.544683429845654E-004
  5.066648791569683E-004
 -1.641385664371340E-003
 -1.094781604510221E-003
 -4.010395370199277E-003
  3.137657555652530E-005
 -6.418411004358824E-005
  1.329848747248081E-003
 -3.141125490262036E-004
  1.038456390410860E-004
  2.375649234862291E-003
  2.534971370599777E-002
 -4.398735611397718E-004
 -1.007786912702837E-002
 -1.754680301576889E-002
 -3.945351749916918E-002
  7.413857115705730E-002
 -0.192207213647614     
 -4.098806477470761E-004
 -2.365350778562312E-004
  3.302940439515176E-004
 -6.253147830862943E-003
  5.896518057615397E-003
 -1.903450475912898E-002
 -1.224308737804348E-003
  5.327696521932867E-003
 -1.323267077028769E-002
 -4.952976043964179E-005
  7.117060008531868E-004
 -5.906406568610918E-004
  4.078057007327145E-004
 -6.879365780564001E-004
 -3.582759402930727E-004
  2.197946233785322E-004
  1.978236833192505E-003
 -1.948264381934992E-003
  9.062568493487317E-004
 -1.690551268362924E-003
 -1.126051472727264E-003
  4.214064471536224E-004
 -1.066462227335129E-003
  1.308108453298405E-003
 -1.113717603299622E-005
 -1.161122879454724E-003
 -4.102692711206262E-004
 -1.101747490852316E-004
 -2.838899855776087E-004
  3.875298363469118E-005
  2.497513281655932E-004
 -4.446715374938766E-004
  8.077291909010153E-005
  1.622416175054024E-004
 -2.722407664633812E-004
 -2.028348669385986E-004
  7.782926094289667E-005
 -1.620895537621599E-004
 -7.833372471370737E-006
 -2.317255376664417E-004
  2.904657824793313E-004
 -2.778698648853877E-004
  1.958028788071485E-004
  1.739356033572399E-005
 -9.191999460935959E-005
 -4.434730853580124E-005
  1.078818440919337E-004
  4.556081760148935E-002
 -6.823523011543564E-003
 -8.114560410663930E-003
 -2.360491311005207E-004
 -8.348104490858159E-004
 -4.697885388598544E-004
 -2.470424155870715E-003
 -7.536923416086845E-004
  7.372429763785940E-005
 -6.067950967049990E-003
 -4.521031784886004E-004
  3.508835207041822E-004
 -8.331900870548477E-003
 -7.716924012789758E-005
  3.636626707266871E-004
  1.763504740216682E-004
  2.755091088252348E-006
  9.536877584650241E-004
  7.441414903964523E-005
 -2.099644014349308E-004
  8.015794205690292E-005
  1.968420458115178E-004
 -9.003945203566331E-005
  1.387440547313935E-003
  3.000038534705941E-004
 -0.461719375256633     
  7.560880310085058E-002
  0.189888584750634     
 -2.622688202129473E-004
 -1.035842987058387E-003
  5.180175850349591E-005
  1.055602193856722E-003
  3.276143493730437E-004
  9.545474492196713E-005
 -8.451279832602488E-003
  1.231874262960623E-002
  8.764668538155816E-005
  1.706013981837279E-004
 -1.974096012997945E-004
  8.781837071502098E-005
 -1.120943481617671E-003
  2.582717899062236E-003
  7.842954939521822E-005
 -4.297752774006919E-004
  7.356471916071998E-004
  1.728356098134709E-005
  2.836839248092436E-004
 -4.420089185225938E-004
  1.737332254632959E-005
  3.936661375778669E-004
 -3.465688352767668E-005
  8.029948265236786E-005
  7.544459391161329E-004
 -1.187167143726587E-003
  8.117538245291765E-006
  1.138087049170478E-003
 -8.841702089765962E-005
  4.496466868965193E-005
  5.180022362668494E-004
 -7.572180991873204E-004
 -3.671283917376074E-005
  1.258586181611815E-003
 -8.251829515891197E-006
 -1.880450753455633E-006
  3.935286153564430E-005
 -7.728239709326388E-005
 -6.272046724814507E-006
 -5.498572337085389E-005
  1.191339898518140E-005
 -6.306123171967241E-006
  2.886507869631851E-005
 -2.043449201974258E-005
  1.613910613231512E-005
  1.641884862041095E-005
  3.871912680810624E-005
 -1.000946032563913E-004
 -5.640390243630559E-005
 -2.473735208965320E-004
  7.147356575072743E-006
 -1.662527794187808E-005
  5.293946409177070E-005
  1.115670701752801E-005
  1.571837972154021E-005
  1.200254306889470E-005
  1.375722994920004E-003
 -3.374006201241933E-005
 -1.995364597689766E-003
 -1.185450572844964E-003
  4.531973120396462E-004
  1.018954605608447E-002
 -1.606783567599512E-002
 -5.321704365057719E-005
 -1.341312288759431E-004
 -7.245944245789761E-006
 -3.081482161704820E-004
 -3.399326677272606E-004
 -1.373925864272036E-003
  2.875716434765399E-005
  4.166264855224026E-004
 -9.787809251922228E-004
 -2.508819421267034E-005
  5.692149240070817E-005
 -4.022549217149469E-006
  6.890512584981121E-005
 -5.257536337847606E-005
 -4.381693163714087E-005
 -7.013068410137026E-005
  7.399472972761627E-005
 -1.263624781980974E-005
  1.568342018785287E-004
 -1.361056174522735E-004
 -8.670351777715843E-005
 -2.639880578996673E-005
 -1.182719798681008E-004
  1.585701289512549E-004
  6.038449576513853E-006
 -1.079282781407749E-004
  2.036035621345288E-005
 -4.176956612481813E-006
 -3.214828401341166E-006
 -1.225531227965247E-005
  1.869223937455474E-005
 -2.748586679419520E-005
 -6.161369537109306E-006
  1.030315365162606E-005
 -1.735386043854238E-005
 -2.769463255353703E-005
  9.869724239398284E-006
  3.028063093022686E-006
 -1.230469243182846E-006
 -3.171674454967771E-005
 -7.223964254149871E-006
 -2.045449089962685E-005
 -1.860225024918186E-006
  4.570121324943102E-006
  3.157797535153062E-007
 -1.247989473164646E-005
  1.046698826538747E-005
  8.366627316161163E-003
 -8.547713460380948E-004
 -2.109509473028045E-003
 -3.254104917478806E-005
 -9.282550972343838E-005
 -1.549888092569439E-004
 -2.272756083265235E-004
 -1.839418364169640E-004
 -3.219059783075386E-004
 -5.731404493330856E-004
 -2.728234045543146E-005
  7.269428345878180E-005
 -5.841315472713479E-004
 -1.448728936944889E-005
  4.812148018036860E-005
  2.642434940937744E-005
  2.599109006761724E-005
  9.591491987128082E-005
 -1.150380069816835E-005
 -1.261058634212884E-005
 -9.151439297128341E-006
  3.016435498988028E-005
 -5.831149854721057E-006
  1.181326174666600E-004
  1.844173619684990E-005
 -1.817460397743735E-002
  2.931526168025363E-003
  8.360022288780416E-003
  4.964911571122816E-004
 -1.622443197795666E-004
  3.160581012824821E-003
 -7.425379483182995E-005
 -8.352174098230058E-004
 -7.757594088677206E-005
  8.855372411135594E-004
  4.217748661717433E-003
 -5.004082484260141E-003
 -4.410064989526123E-005
 -9.329584575389200E-005
  9.130783202982111E-005
 -1.722475034040763E-004
  2.884335811296305E-005
  1.430259848212557E-004
 -3.572042765585320E-006
  8.697657039519446E-005
 -1.059655632813728E-004
  1.642221039988805E-005
 -5.772198880937178E-005
  4.988487663913230E-005
 -2.647695447490057E-005
 -1.343864369576914E-004
  1.005474407501252E-005
  3.304233220053040E-005
 -1.559472005148131E-004
  1.444839481314024E-004
 -5.569199085126994E-005
 -3.551578646104019E-004
  2.264965865073953E-005
 -1.181982172259684E-005
 -2.245926808452709E-004
  2.949625240633921E-004
  1.084808336837690E-005
 -1.103583099383720E-004
  9.717383542199359E-007
  9.472434107523983E-006
  1.895525857362555E-006
 -7.607055505288694E-006
 -1.045074988259664E-005
  2.161405293313662E-005
 -1.796655243997531E-005
 -4.766370481414494E-006
 -5.948407484916529E-006
  1.240358558688093E-005
  4.518487663401741E-006
 -2.055399140144181E-006
 -1.047829056882050E-005
  1.391141358508462E-005
  1.845373619108798E-005
  3.657311990026993E-005
 -1.228753877065544E-005
  7.283931883146559E-006
 -1.560575591239894E-005
 -1.137350508061918E-005
  5.647807757714369E-007
 -2.456041708858783E-005
 -4.654822081416399E-005
 -2.213160029208050E-005
 -3.991745474887862E-004
 -6.419011329736709E-005
 -2.292719601313997E-003
  1.074821479785891E-003
 -1.768693780079772E-003
 -1.026356879429453E-005
 -4.096872928161351E-006
 -1.213798691152657E-005
  1.016014152782762E-004
 -1.746349642273808E-004
  6.766438292339003E-005
 -1.205620167023598E-005
 -4.923444776656467E-006
 -1.390118699790197E-005
  1.589249225004889E-005
 -3.504996982740877E-005
  2.367183481859840E-005
 -4.872695944877670E-006
 -1.126968595226023E-005
 -1.101979630517121E-005
  5.176991370338911E-005
 -1.175919660936596E-004
  8.254721866180263E-005
 -2.635379107832170E-005
 -2.771015114538456E-005
 -2.541612262506741E-005
  3.561510115281962E-005
 -4.736222494825451E-005
  3.813524182057912E-005
 -3.415800636840524E-005
 -1.600261551491660E-005
 -1.457094784414383E-006
 -3.873445139437894E-006
  7.005793973454914E-006
 -1.165004850655051E-005
  3.171486635915455E-006
  4.651967741697528E-008
  8.448848782398227E-006
 -9.438028000468093E-007
  4.934573575612980E-007
 -4.174385573314487E-006
  3.718863716329737E-006
 -2.933124692059995E-006
  1.532461817901364E-005
 -7.019787382868544E-006
  2.093522250735159E-007
 -1.915603554583188E-006
  8.590021851106471E-006
 -5.182709416113595E-006
 -5.444977122699399E-007
  2.235100693271491E-007
  2.521428365046161E-006
 -2.929350031877549E-004
  1.702140193828948E-004
  1.420073434207816E-004
  9.510891912664132E-006
 -2.969131449411392E-005
  1.591322400306095E-005
 -2.019023149528820E-005
 -1.209071098974393E-004
  2.207259992095025E-006
 -6.148463233757684E-005
 -7.281500878189020E-005
 -1.005978592689982E-006
  1.338239544712316E-005
  6.886588574437911E-006
  8.710156179764593E-006
  9.182583763900417E-006
 -8.517581392888019E-006
  7.657426859595088E-006
  1.630992818450109E-006
  1.868114196622054E-005
  2.181659211065460E-005
  1.502341239443108E-005
 -1.662319754211091E-005
  6.704546789127636E-006
 -2.057944424109629E-006
  7.417264712232453E-003
 -1.157939530250743E-003
 -2.641702960841068E-003
 -9.561098001534024E-005
  6.366914615988105E-005
  2.855760654675125E-004
 -6.497850799813841E-003
  1.405252983073775E-004
  4.366313133385509E-004
  2.913795972743431E-005
  3.635108129149802E-003
 -2.065517948954916E-003
  9.025120416224231E-003
 -2.161460717130345E-004
  1.346136214619645E-005
 -1.582956652913778E-004
 -3.667632994172724E-004
 -2.036482792436653E-004
  3.040049445166230E-004
  4.491666172209515E-005
 -7.493374617518464E-005
  2.775543391273543E-004
  7.486136736313989E-005
  1.981732394628830E-005
 -1.539156428971054E-004
 -6.307432871731906E-005
  2.097245894466473E-004
 -1.178703864582082E-005
  1.644273493881436E-004
  5.854884806201557E-005
 -4.313806751723707E-004
 -1.464832016523126E-004
  5.819901725792706E-004
 -1.794414773583101E-005
  6.431483573722258E-005
  1.249656302823430E-004
 -5.317710915425718E-004
 -7.231000208292109E-005
  3.619443044795531E-004
  7.995166345698515E-006
 -8.145562602300068E-006
  2.583078444222104E-006
 -4.389535343960605E-006
  1.372570205179256E-005
 -3.409479744166124E-005
  1.071098575510765E-005
  9.309098057118179E-006
  1.750193331880203E-005
 -3.051037261557664E-005
 -4.370799324947141E-006
  7.604466718838681E-006
  3.689998742359843E-006
 -3.640006918024537E-005
 -6.659193355118935E-006
 -7.483595619687667E-005
 -1.615420680139711E-005
  3.032837051046020E-006
  4.260648150109113E-005
 -1.278850989549790E-005
 -2.068804106948585E-006
 -2.984007624325357E-005
  1.060326502359396E-003
 -1.173553620528587E-005
  6.232865950624468E-005
 -2.660351010486002E-004
 -1.568127525882377E-003
  1.144629200318012E-004
 -6.495745422484172E-004
 -7.904030365331185E-006
  2.344589601434773E-005
  1.927069345155058E-005
 -1.602745154281812E-004
  1.349018471915025E-004
 -3.338875286227471E-004
 -3.834358528138957E-005
  5.698941815889275E-005
 -1.573784652558431E-004
  3.449229125104127E-006
  3.286491313499781E-007
 -3.798229420600369E-005
 -2.370986490147402E-006
  1.397075991509282E-006
 -1.078242634956725E-006
  2.437484315711971E-005
  1.066541369076507E-005
 -1.277143088016210E-004
 -1.001173627548572E-005
  9.193637591922921E-007
 -1.436310688163399E-005
  2.862724575796356E-005
 -2.175367169721733E-005
 -2.945744393662575E-005
 -1.508366934023807E-005
 -9.687083128260044E-006
 -1.354357641772550E-005
 -2.967682968354111E-006
 -5.159124181063951E-006
  1.325436326806231E-005
  4.500423404800548E-006
 -7.842380438669835E-006
  4.402625500261785E-006
  1.938020105623648E-006
 -3.890788483970073E-006
 -6.549361358069918E-007
 -3.121191594697412E-006
 -5.881202549045134E-006
  1.695540755730944E-006
  6.662360797915743E-006
  7.572766328071208E-006
 -5.696688056967613E-006
  1.007084131906419E-005
 -1.494597708817017E-006
 -4.523400141432155E-006
  2.788252370720106E-006
 -7.129868854945296E-007
 -1.927554388899138E-004
 -5.988944057934666E-005
  2.782126909015313E-005
 -6.523712160770780E-006
 -1.676201783207174E-005
  6.988168714409939E-006
 -7.557591820680037E-006
 -1.142302746739601E-005
  4.270143824408726E-005
 -9.470427064214182E-006
 -1.199291214735359E-005
  1.310632860994890E-005
 -1.217769500328115E-004
  1.192020177415944E-006
  3.608041967368307E-006
 -5.933197535340560E-006
 -4.169697353713978E-006
  3.097681577876089E-008
  2.977677176298034E-006
 -3.494027160473010E-007
  7.550043276134864E-006
 -9.106602925465351E-006
 -4.471861664260463E-006
  5.825186371029807E-006
  4.821264380307763E-006
 -1.259123628763914E-002
  2.068612570541333E-003
  4.780739846732159E-003
  1.698573920658762E-004
 -7.663379948018158E-005
  1.544075080121462E-004
 -3.719374347240251E-004
  8.261697687935598E-003
 -1.797607382698854E-004
 -6.368042680649821E-004
 -1.381372991404490E-004
 -4.360926939032337E-003
  9.158919928235355E-003
 -6.317155963079120E-003
  2.737210184478510E-004
 -1.911698318584532E-004
  7.459141797758691E-005
  5.610754836046501E-004
  4.596900160791987E-004
 -2.245468279807684E-004
 -7.128206148646642E-005
  2.521909658361619E-004
 -2.088215888521358E-004
 -1.041985152597273E-004
 -1.485407652282517E-004
  1.023220954974792E-004
 -7.051300419025964E-006
 -2.058867962460423E-004
  1.112498156787533E-004
 -2.264113927470823E-004
 -3.815953768691971E-004
  3.020723448668440E-004
 -2.784163380158293E-005
 -5.763886531405271E-004
  2.542530265486653E-004
 -9.261885896373871E-005
 -4.554350461170753E-004
  4.135305918041739E-004
 -2.304010112010647E-005
 -3.244487236668068E-004
  1.156589600838452E-004
  1.013555408018556E-005
 -3.942333498259893E-006
  2.653790370714409E-006
 -6.179457622979507E-006
  3.791028060126456E-005
 -2.422720461757718E-005
 -1.167941249293598E-005
 -2.033746502664157E-005
  3.898057097706782E-005
  5.894558218642387E-006
 -1.335835397165113E-005
 -1.653731550153744E-005
  2.758665733142621E-005
  5.778273585552290E-005
  8.400905950543060E-005
 -1.770767394056951E-005
 -7.064579491591428E-007
 -3.842041383821683E-005
  1.865668934901487E-005
  3.611252168930206E-006
  4.158757778634682E-005
 -1.210070800621668E-003
  1.933403301792663E-005
  8.440478204810518E-005
  6.809223136812792E-004
  2.167606807558760E-003
 -7.701547713185064E-004
  1.319808452799661E-004
  1.301460718210631E-005
 -1.858039403617768E-005
 -1.654608930122367E-005
  2.483268358746315E-004
 -3.625342201988222E-004
  2.255095983949891E-004
  6.487431423705219E-005
 -1.436785487997662E-004
  1.101883489583061E-004
 -4.276785042249639E-006
 -2.967723829621950E-005
  2.831180543699316E-005
 -1.797944518273126E-006
 -4.955065687575387E-006
  6.074729560522765E-006
 -3.103966790496204E-005
 -1.048382453130375E-004
  1.001348304654289E-004
 -2.200929409011814E-006
 -1.308876352525934E-005
  3.324059731397386E-005
 -2.713118824993774E-005
  1.691577980958349E-005
  3.338787807506993E-005
  5.783747927941982E-006
  1.544041186286150E-008
  2.134744032199576E-005
  5.216724589402020E-006
  1.661068904421484E-005
 -1.008819622390963E-005
 -8.145778559271319E-006
  5.777188721977227E-006
 -7.504395208934742E-006
 -5.440694116448239E-006
  1.470033531592325E-006
 -2.886066948701222E-007
  2.872720897439101E-006
  9.472691043893649E-006
  1.496310013242979E-006
 -7.230588823345766E-006
 -1.823346350343847E-005
  3.051290835491102E-006
 -1.018460962824248E-005
  1.089687116321930E-007
  3.667303293719958E-006
 -1.823216148139558E-006
  1.187761843208603E-006
 -6.476452321433019E-004
  2.040672852956668E-004
 -6.121458266961065E-005
  5.258082679332107E-006
  2.257355191553492E-005
  2.058801758128414E-006
  3.491241488877219E-006
 -3.598091917729980E-006
 -5.439632350909105E-005
 -5.120516343386970E-006
  2.244193713830323E-005
  3.400769243218589E-005
  9.837087278385334E-005
  8.799094245180336E-007
 -1.030257153052504E-005
  4.530101275899006E-006
  1.431016543463750E-006
  1.213529641942127E-006
 -2.310925967981784E-006
  8.208249259159547E-006
 -8.394973113379564E-006
  8.980015730765945E-006
 -2.618199619806620E-006
 -3.619575243174533E-006
 -5.590049639352926E-006
  1.587879946552394E-002
 -2.584942835296393E-003
 -5.968545733141652E-003
 -2.041711758148592E-004
  9.929931407966675E-005
 -1.597403659639762E-004
  2.305621251798434E-004
  1.502902261655460E-005
  1.275825189734162E-003
 -3.009140967325519E-005
 -2.310780683285097E-003
 -2.449402730646411E-004
  7.214945492097978E-003
  3.718804423564890E-003
 -2.960981165627650E-003
 -4.952331336924812E-004
 -1.080831508186462E-004
  6.151723113027506E-005
 -1.219026281186731E-003
  1.503648907263549E-004
 -4.696491291066282E-004
  2.118643444918137E-005
  1.233127983920042E-004
 -1.496275268654988E-004
  1.595842485712414E-004
 -1.188139665981849E-004
  8.162569438239198E-005
 -1.066221204530942E-004
 -1.048684338658283E-004
 -5.296212811814723E-005
  3.090251580453873E-004
 -3.222577462651345E-004
  2.131905112216628E-004
 -1.987268422469656E-004
 -2.828898073101677E-004
 -1.102983157984217E-004
  4.185837868182125E-005
 -2.447706636684122E-004
  1.698478946617088E-004
  6.599683478966819E-007
 -2.384366257258526E-004
 -4.251834702971793E-005
  1.942518356213756E-005
 -1.478051263197937E-005
  1.219715586738786E-005
 -2.211380252840290E-005
  1.338706404563150E-005
 -3.616174815800978E-005
  3.366337253243566E-006
 -4.662194933339215E-006
  4.681500872248672E-006
 -2.511653644682883E-006
  3.694917192545328E-006
 -2.483521758046732E-005
  1.939202876953371E-005
  1.600382020875884E-005
  5.616229138908037E-005
 -2.708857178639483E-005
  2.473135508284658E-005
  9.421798418865019E-006
 -4.935884766807241E-005
 -9.604609062799576E-006
  1.377329343715268E-003
  3.803355997628837E-003
 -8.483715845124438E-005
  3.065831012808579E-005
 -7.787060597626411E-005
 -8.539883162984430E-003
 -2.153436878643841E-003
  2.772062310946654E-003
 -2.669080307523830E-005
  1.093140681879073E-004
  1.049827189097325E-005
  2.252541952105703E-004
  1.818304024926960E-004
  2.891371325123149E-004
 -1.093168525673601E-004
 -5.935467424479799E-005
  1.853341149261752E-004
  6.360973490865859E-005
 -7.679241685775669E-005
 -4.965180956724110E-006
 -4.851114223332044E-005
  4.984382939557134E-006
 -1.509859267533816E-005
  2.255813780666204E-004
 -1.827027736993756E-004
 -1.118030883476270E-005
 -1.541812787595226E-004
  1.303391316951142E-005
 -7.140009930709786E-005
  1.306746777415645E-004
 -5.125566939154005E-005
 -3.999499045428999E-005
 -9.311116224557282E-005
  4.769944648738618E-006
 -3.756351549599165E-005
 -1.598221247443109E-005
 -1.497269808191609E-006
  7.783393861903653E-007
  1.333355049807988E-005
  1.120599675874493E-006
  3.461308692521338E-005
 -4.766457378711156E-007
  4.416165042089704E-006
  2.927207021804955E-006
 -1.731501476093356E-006
 -2.252766730319290E-005
  3.916822771364147E-005
  1.139025481634107E-005
  3.100781607625707E-005
 -5.450418001770763E-008
  3.657518583332165E-005
 -1.626287568641706E-005
 -8.696161735231259E-006
  9.620399345609709E-006
 -8.980310270366047E-007
 -3.741705156083170E-003
  2.813274567638673E-004
  1.113279453031768E-003
  3.291080800952027E-005
 -6.257722872110563E-005
  9.135889350743376E-005
  4.834377030015179E-005
 -2.052710972359618E-004
  2.535023917286557E-004
  1.269963388064637E-004
 -1.787403506970125E-004
 -2.739629139308543E-005
  1.096292936413212E-004
  2.449473094677994E-005
  1.097808357479829E-005
 -1.100862520450201E-006
 -3.764659705177655E-005
 -2.876640507534097E-005
  1.315186610499661E-005
  4.744868269035943E-005
  6.767877054769936E-005
  4.243654315375383E-006
 -4.032350352351870E-005
 -3.182545416868812E-005
 -7.125179166840737E-006
  3.043200439678370E-003
 -3.891123319333225E-004
 -1.453508532744264E-003
 -1.211581548104189E-004
  4.615208032785677E-005
 -1.264840051105443E-005
  2.692612165538305E-005
  1.222876219472079E-004
 -9.515181086898663E-006
 -6.710226254838198E-003
  1.208572309393381E-004
  1.929892608656454E-004
 -1.022044713964809E-004
  3.885890441456989E-003
  9.143793461894511E-003
  8.941561664803758E-003
 -1.891328654365629E-004
 -2.548923380428065E-004
 -1.996512463552076E-004
 -2.002321283319839E-004
  1.550597624097510E-004
 -3.829426390188462E-004
  2.808938600674308E-005
  2.066094225350538E-004
  1.444576356890005E-004
  6.066016729343402E-005
 -1.834225136651692E-004
 -8.249187299133278E-005
 -1.661489679127465E-004
  1.019580138160816E-004
  1.054888006193125E-004
  1.369385199486164E-004
 -4.601378687990438E-004
 -2.318918973470835E-004
 -4.008914142277287E-004
  2.666307098039593E-004
  2.639528942791123E-004
  5.326387939065597E-005
 -4.179941602675511E-004
 -4.723621009813365E-004
 -1.557401368869444E-004
  7.081024954729313E-005
  1.024762574962884E-004
 -8.569815197284587E-006
  2.412078397587895E-006
  1.840718068104273E-005
  2.890277803755348E-005
 -1.617708359570646E-005
 -3.193332445699721E-006
  9.022221569519521E-006
  1.016638664994407E-005
 -2.947874310614646E-005
 -9.524522443662266E-006
 -3.675085141182768E-007
 -1.794534283738834E-005
 -1.684431513655754E-005
  5.978906743247460E-005
  4.247244566716120E-006
 -5.868654189011977E-005
  1.082761195708170E-005
  3.479919097596043E-005
 -1.453749303385676E-005
 -5.984958613134297E-006
 -3.532005221361081E-004
  6.687906339186439E-004
 -4.381455033664403E-006
  2.710793491156573E-005
  8.286857813673646E-005
 -1.166799309894027E-003
 -3.991293128590554E-004
  4.029154792714419E-003
 -1.005158346950732E-005
  1.422291610705564E-005
  1.817393956385082E-005
 -1.459293332730875E-004
 -3.439098560525756E-004
 -1.067849982603963E-004
  2.429564620657455E-006
 -7.782479259636797E-005
  8.660094001889309E-005
 -7.778561531418792E-007
 -4.535275345304027E-005
 -4.924020899447005E-005
 -4.909355076547217E-006
  2.299771994094173E-005
  5.687211229689096E-006
  1.030032079141986E-005
 -1.514754266230425E-004
 -1.670225301487805E-004
 -2.417247690653546E-005
  4.711036743332394E-005
  1.387215611511560E-005
  4.323696868327380E-005
 -5.839655094186827E-005
 -8.231328301209284E-005
 -4.676719571864182E-005
  2.893020431950366E-006
  3.530227035368017E-006
 -5.273984990579162E-007
  1.203654842373897E-005
  2.180601514151979E-005
 -5.378264324412850E-007
 -9.786640942949911E-007
  2.120021929615033E-006
 -3.742065034467018E-006
  9.892397567602879E-007
 -8.103533203379202E-007
 -7.598418299426692E-006
 -9.993733042283493E-007
  7.207446834023421E-006
  1.621676866343128E-005
 -1.061277622725126E-005
 -6.327858406088765E-006
  1.361089613993631E-005
 -4.301433555802484E-006
 -5.081188832316495E-006
  5.696853833384030E-006
 -3.711859943704928E-006
 -6.351969788772916E-004
  1.279390359541223E-004
 -2.001421519483398E-004
 -1.952572634649805E-005
 -2.547102982684368E-005
 -2.920424257750348E-006
  4.738498682004845E-005
 -7.578214913229897E-005
 -4.408550104269564E-005
  1.250869779492654E-004
 -1.485224794131610E-005
  5.126393804766740E-005
  2.205296208103287E-005
  3.210407676417892E-006
  1.902008271525216E-006
 -1.319623979867066E-005
 -1.715243947356190E-006
 -2.163206858502560E-005
 -1.495163729061702E-006
  1.189028637543471E-005
  1.275079971167508E-005
 -1.901016395994665E-005
 -1.211949232595242E-005
 -2.780983248115336E-005
  2.292059505177155E-007
 -4.997650257186533E-003
  8.733156574355879E-004
  1.569564987302780E-003
  9.939086959620295E-006
 -2.639425396234525E-005
  1.195616938659553E-004
 -4.031014943585751E-005
  4.104514869880890E-005
  2.363964601171101E-004
  2.600195161784215E-004
  7.805287449842372E-003
 -1.504336551823782E-004
  1.123128356170757E-004
 -7.248506948591641E-005
 -5.747639864296033E-003
  9.778288556960359E-003
  5.741458308344568E-003
  3.944912461562538E-004
 -2.343438806772616E-004
 -1.754791969660256E-004
  8.995276913553419E-004
  3.053509188172754E-004
  4.915730238986731E-004
 -6.858449700621030E-005
  2.057006099866871E-004
  2.024867314868089E-004
 -1.413486603775083E-004
 -1.298852248543064E-004
 -1.429514930658269E-004
 -5.222624184914323E-005
  6.398730315172602E-005
  1.935749022266515E-004
 -2.890454855112435E-004
 -3.091570412478683E-004
 -3.570090457768001E-004
 -1.582718820823090E-004
  1.612823250640425E-004
  4.473173675935526E-004
 -9.760536816136658E-005
 -4.224125032317624E-004
 -2.618995913085029E-004
 -1.365070277026851E-004
  2.293917564143798E-004
  2.341123958640517E-004
  5.349681484850691E-006
  6.322835284961603E-006
 -1.487551373597268E-005
  5.660620621416184E-006
  2.388111162723641E-006
 -2.170966507596826E-005
 -1.311202249929501E-005
 -1.022582724050035E-005
  3.301323221292343E-005
  8.367113658824343E-006
 -1.150866974390990E-005
 -7.100246351816610E-006
 -2.755950779436942E-005
  7.353956792618851E-005
 -2.242830192074566E-005
 -3.901355869445883E-005
 -1.131445042272326E-005
 -1.162551697942722E-006
  4.104359761998638E-005
  9.574019830770713E-006
  4.431476960803086E-004
 -1.171549548180520E-003
  3.217920267236759E-005
 -1.972763084903157E-004
  6.930053763285738E-004
  4.380545402426339E-003
  1.216682456679997E-003
 -3.431371150103709E-003
  1.014796245575991E-005
 -6.066989419034775E-005
 -4.542745986652307E-006
  1.597872523631212E-004
 -5.692674506109459E-004
 -3.940255055617002E-004
  1.059462065687791E-004
 -8.359568277978028E-005
 -2.259496660882533E-004
 -2.385805196239046E-005
 -1.324966414902263E-005
 -9.512024126511205E-006
  1.950871082996232E-005
 -1.184962721158444E-005
  4.349341132428149E-006
 -9.627716066346724E-005
 -8.398788060198717E-005
 -2.446541394963591E-005
  5.456757849691601E-005
 -3.729788143980100E-005
  4.170958216655122E-005
 -5.769020602949354E-005
  7.324400821225492E-006
  4.369883690261154E-005
  2.079827587611106E-005
 -3.006685107472430E-005
  3.689193015338247E-005
  8.665090794756895E-006
  2.070015743476773E-005
  1.951700010906661E-006
 -7.704906691987437E-006
 -5.402624337399528E-006
 -1.829036569228324E-005
 -4.683437750481753E-006
 -6.565550654585153E-006
 -6.649844183322467E-006
  1.537950214559497E-006
  1.604887004323742E-005
 -7.250570986108812E-006
 -9.661047106308821E-006
 -3.122391522174223E-005
 -4.772190776790743E-006
 -1.692269490797003E-005
  4.036873990068318E-006
  2.823280419504246E-006
 -4.860050984096140E-006
  2.279255562268192E-006
  1.496065962399544E-003
 -2.308194521430524E-005
 -8.375503986208352E-004
 -1.018737793788618E-005
  1.774086605919322E-005
 -5.039627547371607E-005
 -4.945462633046959E-005
  2.108874069671419E-006
 -1.786494919609951E-004
 -1.341676080222130E-004
  6.848531715453054E-005
  9.948665798525496E-005
 -1.229729008068188E-004
 -6.449269427232281E-006
 -6.092391474934844E-006
  2.213985570701205E-006
  1.371306669749629E-005
  2.372938338528478E-005
 -7.263797270264007E-006
 -1.476340142660136E-006
 -2.666762788139209E-005
  3.445573507588343E-006
  1.086019586429639E-006
  2.728021289313789E-005
  3.903205562304962E-007
  6.310985463314640E-003
 -1.078765308148145E-003
 -1.995661253567148E-003
  1.516515771053238E-005
  3.144211854215927E-005
 -3.664038383845617E-005
  1.450814471621191E-004
 -3.857188985615050E-005
  7.198004033384088E-005
  2.394098260870678E-004
 -6.372659093906044E-004
 -5.211967194844055E-003
  1.014212401482319E-004
  1.105391625434668E-003
  2.936808686181523E-004
  3.185332180365990E-003
 -4.001536943617242E-003
  1.709292646141292E-003
 -5.686423893472691E-005
  7.319363412364559E-005
  4.237323237022935E-005
 -1.432309689019980E-004
 -1.274607595006013E-003
  3.488767819084703E-003
  1.136953886674151E-004
 -3.439460938450272E-004
  6.193547512399776E-004
  6.707312160709518E-005
  2.271310517516474E-004
 -3.848896125910960E-004
 -6.182636470863321E-006
  1.470168433515217E-004
 -6.089048513623185E-005
  2.057814593419111E-004
  5.850814626356246E-004
 -1.028062231987995E-003
 -5.349425147078938E-005
  5.241080857648201E-004
 -1.522872078711217E-004
  8.265500956444892E-005
  2.752651686493834E-004
 -1.748269435766702E-004
 -2.585474631110706E-005
  1.218268713008878E-003
 -5.680026325334187E-005
 -6.688527158164219E-006
  4.871095646940938E-005
 -1.092917131384721E-004
  2.349352826076164E-006
 -2.180501149408163E-005
  1.771622864841649E-005
 -3.367481153438200E-006
  3.905953599136042E-005
 -3.860851300909478E-005
  2.341072571570389E-005
  1.651668157851105E-005
  2.599866395443595E-005
 -8.301611595447292E-005
 -4.013457775167828E-005
 -2.107307376643370E-004
 -9.415466983854869E-006
 -8.927914381597951E-007
  2.843722695298176E-005
 -2.332028963995657E-005
  1.819296300049705E-005
  7.446222885347246E-004
 -2.440462177685692E-003
 -2.094034640284381E-005
 -2.276538901570578E-003
 -1.607498872196014E-003
 -2.673031423855756E-003
  1.194118979293808E-002
 -2.335894199870149E-002
 -3.511584954214972E-005
 -1.557964021054181E-004
 -3.504981583585406E-005
 -3.950314573303319E-004
 -3.704941250949826E-004
 -1.388770058602058E-003
 -2.923832509062252E-005
  4.573400178808154E-004
 -1.188980754560927E-003
 -1.330338695676094E-005
  7.275014310875820E-006
  5.580781525487465E-005
  6.503754662599549E-005
 -9.668357478849814E-005
 -5.173415966923456E-005
 -3.197379561546617E-005
 -8.849688068864360E-005
  1.929792591568479E-004
  1.358712873023935E-004
 -2.373323116040216E-004
 -1.038974916869274E-004
  2.991272207140207E-005
 -2.105919096301937E-004
  2.791733302193909E-004
 -3.085068428561133E-005
 -1.465542490486849E-004
  9.379622142092600E-007
 -6.057123120710001E-006
  4.616509041926122E-006
 -4.332275560841670E-005
  1.655628666286557E-005
 -3.238739573290409E-005
  1.615082699264432E-006
  9.631815496601178E-006
 -2.164089329669686E-005
 -3.351195553172965E-005
  2.165454963503785E-005
  4.117526108719618E-008
  1.435453926254390E-005
 -5.519237668255668E-005
 -9.369357662634894E-006
 -2.748561475705043E-005
  9.245831879373306E-006
 -7.793947497704332E-007
  4.971550341859680E-007
 -1.201635501323260E-005
  1.823174054945690E-005
  6.360309359665584E-003
 -1.778617612429083E-004
 -1.238923588550711E-003
 -2.149868062801922E-005
 -1.089433901269942E-004
 -7.297803111724292E-005
 -3.048723450051603E-004
 -2.855965896522646E-004
 -2.558877326964106E-004
 -8.017352014797575E-004
 -1.161281147165049E-004
  3.623846972384057E-005
 -6.587143380540939E-004
 -6.699100888735707E-006
  4.872925114108587E-005
  4.916079156722726E-005
  8.943972091032519E-006
  1.279367398188076E-004
 -2.244871202296813E-006
  9.934163642544929E-007
  1.693357020110273E-005
  6.656303670015129E-005
 -2.372034569820958E-005
  1.584776035445717E-004
  2.272692933395509E-005
 -1.030754192349037E-002
  1.809108967387970E-003
  5.916268798917661E-003
  3.776229173809277E-004
 -8.028469970665207E-006
  8.355072250792930E-005
 -1.198179035689840E-004
 -5.651445716948102E-005
 -3.568011164360405E-005
 -3.317493724331686E-005
  4.802744326690521E-004
  1.272750386538840E-004
  5.795066711090792E-003
 -1.684098225550843E-004
 -7.368611252376071E-004
 -4.566070532985137E-004
 -8.821660136910868E-003
  1.327937457473385E-002
 -2.119699624310608E-002
  3.709460785526977E-004
 -2.269980735425801E-004
  3.265596496513914E-004
  1.044096827172384E-003
  2.048224555980705E-003
 -3.399249516659090E-003
 -2.015666886160692E-004
  6.994770840153851E-004
 -1.097810376308305E-003
 -1.903229036400201E-004
 -4.290068186838178E-004
  6.484814326381455E-004
  6.314931960455752E-005
 -6.393546880792998E-004
  1.271735840354626E-004
 -4.780695351278160E-004
 -1.127353720787894E-003
  1.766853489772753E-003
  1.644227633663244E-004
 -1.847562700091152E-003
  3.136467717614916E-004
 -1.706469659719226E-004
 -7.280984430572839E-004
  1.319192138796993E-003
  1.482921646340704E-005
 -1.888542186324309E-003
  1.558177495085155E-004
 -1.496123278640296E-006
 -6.284304706146988E-005
  9.824902574859764E-005
  1.329654466933392E-005
  9.597182686013076E-005
 -8.808174833413032E-006
  2.222996459577324E-006
 -5.077414274416929E-005
  5.617405768273791E-005
 -1.582496100147612E-005
 -3.790715459887018E-005
 -4.913480592063954E-005
  1.485161792839380E-004
  1.049435376877419E-004
  3.694997275539045E-004
  8.777926108868610E-006
  1.375116439907654E-005
 -1.015678306792786E-004
  7.881312723409915E-006
 -1.564944953488649E-005
 -1.665670341040868E-004
  3.263744862361114E-003
  8.518194062088431E-005
  3.830384084621272E-003
  3.078323118763256E-003
  1.001463306655605E-002
 -1.647170746975191E-002
  1.997011985068351E-002
  6.577992531232693E-005
  2.014876279318079E-004
  3.802472720114839E-006
  5.495531567623434E-004
  2.911068567027992E-004
  1.940578824177989E-003
  1.346323052468378E-004
 -7.119957920207359E-004
  1.312018977439616E-003
 -1.951557853849802E-005
 -5.764295443241879E-006
  4.044549818111903E-005
 -6.367136322768184E-005
  6.250947334381023E-005
  8.318694176617986E-005
 -8.818006252811287E-005
  1.041178671513256E-004
  1.344765238404877E-004
 -1.047297495181209E-004
  1.698360826153458E-004
  1.929098120462338E-004
 -1.309613089930364E-004
  3.158235253149029E-004
 -1.521787110220229E-004
  1.127973127215236E-004
  1.597038291700431E-004
  1.816399627151276E-005
  2.014443378307857E-005
  1.222454359763404E-005
  6.447227727150076E-006
 -3.523577098896595E-005
  4.517555665054395E-005
 -2.519753036026977E-005
 -1.674316878636443E-005
  2.245479701076271E-005
  3.800496276145927E-005
 -9.634008245970929E-006
  1.595082884627692E-005
 -3.303539206883702E-005
  2.913371535410784E-005
 -1.195732031400520E-005
  3.625738777240170E-005
 -3.589516622482557E-005
  7.865062705760682E-006
  9.492881425057420E-006
  9.440203951554980E-006
 -1.287553225972176E-005
 -8.099579935843374E-003
 -3.894047042617562E-006
  8.990304573342285E-004
 -9.348923836518792E-006
  2.091297371090291E-004
  7.073972886977423E-005
  2.728757692764734E-004
  5.607855093848337E-004
  2.949653619602161E-004
  7.087427879615749E-004
  3.244584742027302E-004
  2.479753817158993E-005
  8.289166568289257E-004
 -3.989169448860280E-006
 -9.393108212352004E-005
 -3.316711413028629E-005
 -1.579387470914962E-006
 -1.099422206931530E-004
  5.568556919775241E-006
 -2.217894301140656E-005
 -6.938885183992329E-005
 -4.037495397140740E-005
  4.367129826477125E-005
 -1.430020316143461E-004
 -2.149235525336469E-005
  3.439216744985641E-002
 -5.545521495230779E-003
 -1.481515206273630E-002
 -7.543579901205040E-004
  1.631057180183624E-004
 -3.499394380915382E-004
  4.163882568045892E-004
  1.008968277695614E-004
 -1.107616746163663E-004
  7.620451362488510E-005
 -5.917098879679420E-004
  1.333293122396488E-003
 -2.577340474024848E-004
 -9.780855703703958E-003
  2.651913092259524E-004
  2.404901564089543E-003
  3.095958001558064E-004
  1.484999685055046E-003
 -2.020235652557676E-002
  2.162154651569017E-002
 -1.225441006089496E-004
  4.055166701889726E-004
 -2.882809087933431E-004
 -7.473383636050779E-005
 -1.300531185986102E-003
  6.235972744890642E-003
  8.138306672078363E-005
 -6.591719906440560E-004
  1.594021813446638E-003
  5.735068433012927E-005
  4.168257244161810E-004
 -9.567734790498813E-004
  4.787890289457068E-005
  7.546645554553760E-004
 -1.052295872247000E-004
  1.583925750112546E-004
  1.096730279943637E-003
 -2.579620163937005E-003
  8.155346254929498E-005
  2.238230369043848E-003
 -2.399460375605496E-004
  6.966351056490901E-005
  1.165721436487598E-003
 -1.379323211928996E-003
 -2.285911304720907E-004
  2.599333852891813E-003
  1.589276199071817E-004
 -1.984061402422372E-005
  2.698563931799649E-005
 -1.906911491067759E-004
  1.100422493584378E-005
 -1.078023475811693E-004
  4.851761713682738E-005
  8.980837047858790E-006
  7.731200404763497E-005
 -5.392815046157286E-005
  3.779304835304698E-005
  2.410917826143463E-005
  5.442844399196458E-005
 -2.165929460072152E-004
 -7.550634011733000E-005
 -5.111521447257734E-004
  3.178805333026105E-006
 -1.214143318175737E-005
  1.201703072255820E-004
 -1.800414444669246E-005
  3.214087959387773E-005
  6.625475043830455E-004
  4.550490912876496E-003
 -6.305076745253459E-006
  2.742610003652584E-004
 -3.885690070801235E-004
  2.357246481418941E-003
  5.505776046747921E-003
 -4.049355228693377E-002
 -1.386896134692037E-005
  3.020300126267173E-005
  1.777611520050096E-005
 -2.722046875093649E-004
  9.511306446999493E-004
 -2.762449521995497E-003
 -5.485262238128757E-005
  4.988791363360710E-004
 -2.282542833709329E-003
 -2.312838667836696E-005
  1.037480582426292E-004
  1.808116201374095E-005
  4.881852685384174E-005
 -1.810879748998345E-004
 -2.569014017547477E-005
 -5.649850926424735E-005
  3.290257475106868E-004
  8.950481486151870E-005
  1.405804603414528E-004
 -4.263566755774579E-004
 -8.408195107720545E-005
 -7.131436418482798E-005
  2.685700526196269E-005
  4.328317005511647E-004
  1.127110632453084E-004
 -2.012775346905114E-004
 -4.139669906048039E-005
 -1.207434357361861E-006
 -2.266113752272853E-005
 -4.279562544598814E-005
  1.743071774346842E-005
 -6.650293407898866E-005
 -1.380841467138283E-005
  1.650243675754176E-005
 -5.201121630032005E-005
 -2.684617274989674E-005
  3.160228058210273E-005
 -5.275377710660173E-006
 -1.601465247890270E-005
 -8.027916735251555E-005
  2.557201518724291E-005
 -3.293550073730877E-005
 -9.745882055262390E-006
  1.003407806848091E-005
 -2.836522470345746E-006
 -1.408758172654002E-005
  2.770522994095376E-005
  3.491420499500224E-003
 -1.063549418557537E-003
 -1.077888289432124E-003
 -2.220137359408516E-005
  9.631000588024770E-006
 -2.711000261454774E-005
 -4.930107666513298E-004
  1.959494585770368E-004
  1.658128097650270E-004
 -1.240950729802342E-003
  1.407360817925686E-004
  1.599489474796118E-004
 -1.303679048278639E-003
 -1.628124342426012E-005
 -3.693468590479475E-006
  5.325959120125102E-005
 -5.868412012584154E-006
  1.965293911081699E-004
  2.214965543684427E-005
 -4.228690868627536E-005
 -4.765065924124818E-005
  7.691702299468939E-005
 -2.258156396878319E-006
  2.786455744973974E-004
  4.454506508315368E-005
 -3.932718432547147E-002
  6.544718615887735E-003
  1.805876924823475E-002
  9.559280299651633E-004
 -2.107442188790084E-004
  3.669710383557467E-004
 -4.731055175490745E-004
 -2.271565730568927E-004
 -1.385406172892951E-005
 -8.065502689008066E-005
  7.882542583235478E-004
 -1.463852790980990E-003
  2.130383731026619E-003
  1.244639618876376E-004
 -3.124123856354955E-004
  8.055210695024875E-006
 -1.658975967630527E-004
 -1.071233608865850E-005
  9.424067227692980E-004
 -3.617946957542855E-004
  4.636763354191689E-004
 -6.264140228066516E-005
  3.938292969393893E-006
 -5.230763648041462E-006
 -1.492597596552690E-004
 -3.096898818348830E-005
  1.644131414527150E-005
  7.138994939061225E-006
 -1.085492852035953E-005
  1.533788483169850E-005
  2.111793134030758E-005
  2.498479797554190E-006
 -8.606853480961554E-006
 -9.665234227409664E-006
  1.276546647753052E-005
 -1.145269711289792E-005
  4.285997136344541E-005
  5.417207190144503E-006
 -2.539656985056420E-005
 -1.741245734277865E-005
  3.697351115231766E-005
 -2.544751402066675E-005
  9.670448336008298E-006
  1.333954938748674E-005
 -3.042426199547511E-005
 -5.574106089878627E-008
  2.376767939431794E-005
 -9.614707275109512E-006
  1.299404197996180E-006
 -6.324808207547658E-007
 -3.922238805135182E-007
 -1.918363039942287E-006
 -2.395259592274653E-006
 -1.979849554046254E-006
  8.417523057290766E-007
  1.216477377834531E-006
 -1.892776096432464E-006
 -2.747511657736710E-007
  1.417952390752646E-006
 -7.085715643863814E-007
 -2.139692966770726E-006
 -2.670886145395291E-006
 -5.074520703718473E-006
 -1.582971026862648E-006
  1.906504737824653E-006
  4.471928333543505E-006
 -5.010942649087579E-006
 -7.774117889242597E-007
  2.661694597714236E-005
  3.472529362273803E-004
 -9.405481900540257E-006
 -2.935021887704845E-005
 -6.912740599429279E-005
 -9.899121994570233E-004
 -2.525883321112966E-005
 -3.213966783575669E-005
 -3.499393853956925E-006
  9.775005158996423E-006
  2.190081188519551E-006
  4.377160074472700E-006
  4.089425956772284E-005
 -1.414830935518512E-005
 -1.544074937125652E-005
  9.395425560380296E-006
 -8.264922101595523E-006
  6.376245748314378E-006
 -5.169048413249091E-006
 -2.968194465057129E-006
 -3.991838360552458E-006
 -3.042731511807259E-007
 -2.384407387761919E-006
  2.336403582473876E-005
 -1.064968993285431E-005
 -9.508791043662004E-006
 -1.334994540878788E-005
 -7.537921010221361E-007
 -1.001409041595088E-005
  1.446310860121552E-005
 -7.542942197730291E-006
 -3.490752344905875E-006
 -9.392117885460727E-006
 -1.478077248320195E-006
 -5.070990715754796E-006
 -1.899427308500344E-006
 -1.283461952772346E-006
  6.932923056088953E-007
  1.936668063740366E-006
 -9.055374258261455E-007
  3.761613861760666E-006
  4.310097548609195E-007
 -9.805255954945489E-008
 -9.567311810412191E-009
 -1.984132486864801E-007
 -2.727842631241276E-006
  3.703180288676216E-006
  1.077437454760438E-006
  4.065589606211570E-006
 -5.664421678014898E-007
  4.117938287512258E-006
 -1.522789743891395E-006
 -1.121421910993558E-006
  8.651889429979700E-007
  1.466148541103989E-008
 -2.731317000060101E-004
  2.064291766608889E-005
  1.127162058162683E-004
  3.464370725380534E-006
 -8.183572147792537E-006
  8.878820792226878E-006
  7.884079856970609E-007
 -2.216933180280793E-005
  2.607727323580251E-005
  2.957425260601398E-006
 -2.051251982713218E-005
 -4.482932472563898E-006
 -7.553615781904787E-006
  2.282221705815468E-006
  2.174063995668116E-006
 -7.894715769815662E-008
 -3.718643702633028E-006
 -1.345144398085566E-006
  1.436421996817561E-006
  4.032162425111708E-006
  7.146348324481542E-006
  2.798446875589909E-007
 -3.947892029724987E-006
 -6.981127580990013E-007
 -8.427039538672064E-008
 -1.080173551224977E-003
  1.830959960638104E-004
  4.020764712078137E-004
  1.112726147954713E-005
 -4.011533710709516E-006
  1.257717466424572E-005
 -1.567295560267932E-005
  7.371308905646983E-006
  7.407193089535648E-006
 -1.105943836825624E-005
  8.252199192622595E-006
 -3.203045043255743E-005
  2.674283412296153E-005
  1.919599149085516E-006
  2.262145089873614E-004
 -6.744066406378236E-004
  1.701713220917504E-005
  2.328873719273556E-004
  2.476996829398558E-005
 -3.149943639075226E-004
 -7.937339695429985E-004
  1.876942417022286E-003
  2.134043183636026E-005
  1.585191727613127E-005
 -3.707010176960620E-005
  6.573491535451955E-005
 -2.085091249078233E-005
 -2.942762834156072E-005
  1.518292994317852E-006
 -2.198650707170683E-005
  4.216025484889413E-005
 -6.693874332907998E-006
  1.404174146615394E-005
 -2.199047717824496E-005
  2.678633333963112E-006
  4.537539120008951E-005
  4.015240998944886E-006
 -1.249535797684486E-005
  3.963362798417935E-005
 -6.140480660217668E-005
  2.929695137207602E-006
  1.198130403712839E-004
  9.565662839637259E-006
  2.447330947468003E-006
  4.695430530026957E-005
 -1.073296558189103E-004
 -7.280599674790676E-006
  4.781360554559011E-005
  4.833268727322674E-006
 -2.304152077587664E-006
  6.871929954168035E-007
  1.987345247862717E-006
  2.982135977937430E-006
 -6.853420628932845E-006
  3.930320254825562E-006
  7.616101965544350E-007
  1.483063560831205E-006
 -2.972023585080109E-006
 -1.156802936231307E-006
  5.135452863118894E-007
  3.057904745549017E-006
 -5.558192281069307E-006
 -3.158356943549555E-006
 -1.268414778272864E-005
  1.617721084613887E-006
 -2.510324615278504E-006
  5.368014322008653E-006
  4.473069100286493E-006
  6.339265302021849E-008
 -5.401534948032049E-005
 -6.037451655413680E-006
  5.255866906072815E-006
  2.806292230224870E-005
 -2.329426387105466E-006
  6.726604218235596E-004
  1.880427600231365E-005
  4.764072363308957E-004
  8.277952699084926E-007
 -4.948690832154611E-006
  3.213785496004431E-006
 -3.372333130164360E-005
  3.283178201203240E-006
 -4.221665251222809E-005
  7.242325989914481E-006
  6.248515082068035E-006
 -3.582085660867262E-006
 -5.338342705472152E-006
  8.993209602003580E-006
 -8.333888118175513E-006
  3.411152882163787E-006
  3.959766822293248E-006
  1.927189823308365E-006
 -1.746919199621585E-005
  2.543467094793299E-005
 -2.902718877808199E-005
  1.149328565443809E-005
  8.832716918623248E-006
  5.975906341777762E-006
 -1.000494666212802E-005
  7.296343888174329E-006
 -1.167090780035265E-005
  7.442681306355171E-006
  2.645519879515415E-006
  2.562265355772845E-006
  1.077977824112152E-006
 -1.047537039830471E-006
  3.919132627447581E-006
 -5.726929090109307E-007
 -2.564783544582298E-007
 -2.661240563325526E-006
  2.332639234730136E-007
 -1.765892161592284E-007
  3.477452694114299E-007
 -1.247514470429451E-006
  1.309573812016795E-006
 -4.007377090568760E-006
  2.054380210975048E-006
 -1.559012731203955E-006
  1.319384395404406E-009
 -2.369708704846430E-006
  1.439873752852003E-006
  1.437932383020651E-007
 -3.122441679872503E-007
 -7.327244830923710E-007
  3.557082457974911E-004
 -6.114200843770711E-005
 -1.218631902065184E-004
 -3.855033590934842E-006
  4.397548348475944E-006
 -1.073451724254026E-005
  4.078515445482046E-006
  2.192571331552517E-005
 -1.918524515203344E-005
  1.310490061790337E-005
  1.780487211025332E-005
  3.901504396165919E-006
 -9.446490278898057E-006
 -2.231602408743419E-006
 -6.408640515102153E-007
 -2.563998192463768E-006
  3.594762203763736E-006
 -1.306996059221504E-006
 -1.363159795020318E-006
 -4.697685196885935E-006
 -5.908832686745796E-006
 -4.459117554013864E-006
  4.087892839310523E-006
 -1.413439865196998E-006
  6.097923575754111E-007
 -2.132578690087382E-003
  3.301325056654303E-004
  7.732516959667459E-004
  3.219385015198234E-005
 -1.806760267163099E-005
  2.395950110439177E-005
 -2.582899120961662E-005
 -1.411918507443764E-005
  1.425259887743285E-005
  3.323687408674758E-007
  3.249603543076709E-006
 -5.334485366862348E-005
  6.172265283763291E-005
  1.064443776997165E-006
  5.673604836924482E-006
 -2.732691520556570E-004
  8.263899872960083E-004
 -2.185555958981161E-005
 -2.611486827491855E-004
 -3.046711115196658E-005
  3.520100249160056E-004
  1.955458312220713E-003
 -1.539446265572535E-003
 -1.439871246204733E-005
 -4.460323811336900E-005
  2.616989577540077E-005
 -4.736283465801770E-005
  2.271050034223644E-005
  3.419409708261111E-005
 -9.733968275219960E-007
  4.199903865126551E-005
 -3.520228989630631E-005
  5.651531958871268E-006
 -2.920883445862538E-005
  1.634361275519055E-005
 -1.507055882715256E-005
 -4.703017072598866E-005
  9.419026868281292E-006
  1.219121867421184E-005
 -7.730489998537143E-005
  4.754061398686020E-005
 -3.444812925957529E-005
 -1.248199293719094E-004
  2.225691058536345E-005
 -2.995565106238707E-006
 -1.001239558729081E-004
  9.328582173882060E-005
 -2.900475957890095E-006
 -4.153551744236374E-005
  5.896041064128801E-006
  2.701169364556425E-006
  8.448073453062376E-007
 -1.945020546708570E-006
 -2.038291806673956E-006
  7.570071441038036E-006
 -6.065216286995318E-006
 -1.334529513569415E-006
 -1.750861781092875E-006
  3.158781195402006E-006
  1.231960775933815E-006
 -9.104983471390905E-007
 -4.477844939818176E-006
  4.745450576669674E-006
  9.458453178513456E-006
  1.437851417646527E-005
 -6.726958137096186E-006
  2.893555495445284E-006
 -4.878870933646257E-006
 -4.202821546517678E-006
  4.447345232552779E-008
  7.547727128639170E-005
 -8.205906221034134E-006
 -6.523593961961175E-006
 -1.317166869917572E-004
 -6.421081210384942E-006
 -7.011967156988714E-004
  3.568467084765613E-004
 -4.740053119208065E-004
 -3.342744527962771E-006
 -2.225973918532861E-006
 -3.993885388596840E-006
  2.899799353971644E-005
 -8.273458692511520E-005
  2.305278176338039E-005
 -1.486346424253708E-006
 -6.840058867175087E-006
 -9.611672071757106E-008
  4.549300664219636E-006
 -1.353489270839344E-005
  7.134573025569172E-006
 -1.292782791863181E-006
 -3.129693051299511E-006
 -3.256517872356455E-006
  1.514272766566617E-005
 -4.639638227755085E-005
  2.488560635970926E-005
 -8.305997892744930E-006
 -8.040550241319013E-006
 -6.836729772921241E-006
  1.213168227403608E-005
 -1.792855943552830E-005
  1.109884975565522E-005
 -1.254612766446732E-005
 -5.362337917410164E-006
  4.144453904312350E-007
 -1.106146426957010E-006
  3.214172403056494E-006
 -3.468383547308322E-006
  8.158358112124865E-007
  1.443536133547260E-007
  2.502603469658544E-006
 -5.630906551784770E-007
  2.357350264734176E-007
 -1.524900437521063E-006
  1.077549506944968E-006
 -6.942928838797335E-007
  5.194529469946276E-006
 -2.059644575440951E-006
 -9.383369766293847E-007
 -8.521230873294344E-007
  3.021215628268585E-006
 -1.799297023986026E-006
 -2.294721017537898E-007
  2.033616020118033E-007
  7.630388923982469E-007
 -8.705949183396205E-005
  5.890576703190053E-005
  1.959703391194328E-005
  1.656474178822752E-006
 -1.032640418714721E-005
  3.902478326651133E-006
 -5.549496753789615E-006
 -4.225670121040714E-005
 -4.817282966940309E-006
 -1.759932292301425E-005
 -2.265143402360362E-005
  2.873794107314568E-006
  7.174377042497595E-006
  2.207306880309973E-006
  2.777424517223350E-006
  2.799920872013428E-006
 -2.530910429102878E-006
  2.107914037521011E-006
  3.236035487929049E-007
  6.464611474209374E-006
  7.126843195594006E-006
  4.606576784394183E-006
 -5.786430409444434E-006
  1.410383583968918E-006
 -6.781810647649403E-007
  2.623834543482610E-003
 -4.067709193433345E-004
 -9.454221964049327E-004
 -3.611901034100049E-005
  2.247615748784853E-005
 -2.449023472059316E-005
  3.621437065411547E-005
  1.744724177408779E-005
 -7.355549338781916E-007
  1.522337414841422E-005
 -5.275333379873340E-006
  5.956445928101325E-005
 -8.051013725676650E-005
 -1.426420695786701E-006
 -6.142684129265213E-006
  8.327665023400965E-006
 -1.387766090711640E-005
 -4.949719039872371E-006
  1.736944579500400E-007
  7.229723901356307E-005
  1.742472595068619E-005
 -2.835439273496594E-004
 -9.088533296495974E-004
 -6.937727741517335E-004
  1.579478787908196E-005
  2.498463900190358E-005
  1.665073271241775E-005
  2.719752362810761E-005
 -2.082697206131759E-005
 -7.658788676356353E-006
  1.428100036919468E-007
 -2.088570820097073E-005
 -1.713214684744324E-005
 -4.260483154616483E-006
  1.757114818967873E-005
  1.123913341033406E-005
  1.478764683351938E-005
 -7.617464135711146E-006
 -1.052716367890290E-005
 -8.793600114473538E-006
  4.420469373335790E-005
  2.999443770152713E-005
  3.452523088018618E-005
 -2.055911015912951E-005
 -2.573163076571265E-005
 -7.590449873521706E-007
  4.313021460730834E-005
  3.570816686679084E-005
  1.435540598782094E-005
 -1.536232401978345E-005
 -1.359636100046877E-005
 -5.216512602181131E-007
  1.747640910787088E-007
 -3.335467821039657E-008
 -8.053224724301023E-007
  7.616598016707962E-007
  2.370276253084442E-006
 -1.021781817404192E-007
 -2.328904703963793E-007
  1.317704541425488E-007
  8.874838286892529E-008
  1.994963673529180E-007
  2.018796495268377E-006
  2.229990103044979E-006
 -6.316307306667359E-006
  8.283055183296446E-007
  5.717818204608605E-006
 -1.000253396368062E-006
 -2.695892915987848E-006
  9.819636938358076E-007
  1.553009376476230E-007
 -1.331604336584948E-005
 -9.270473026746972E-005
  2.254836532603200E-006
  2.096222275571853E-006
 -2.374020985407178E-005
  2.718557093996727E-004
  5.531479458727233E-005
 -1.009877285136478E-005
  8.139914965635338E-007
 -3.140407888609319E-006
 -1.342353493006365E-006
 -8.377810301880225E-006
  2.432123959716761E-005
  2.169692120501420E-005
  1.503504382865987E-006
  7.828026089530569E-006
  7.156153491077690E-006
 -1.861270965634604E-006
  6.001832020001805E-006
  3.255696953491744E-006
  1.653925422817004E-006
 -4.579324260406154E-008
  2.073455428176008E-007
 -6.647207299809380E-006
  1.797099499524359E-005
  1.027176245180203E-005
  5.763952172901685E-006
  5.771866555745157E-007
  8.832551269076946E-007
 -5.689651043125032E-006
  4.740931832285470E-006
  2.451415521441088E-006
  5.245587642585756E-006
  1.717467800122014E-006
  4.440634005392757E-007
  3.615597129453695E-007
 -1.221563695884915E-006
 -1.101200446299247E-006
 -2.175364542492630E-007
  5.797310006581757E-007
 -8.671426845868456E-007
  3.388236412640380E-007
  2.963271588126639E-007
  2.050927720928009E-007
  2.682910958288609E-007
  4.321277829886690E-007
 -1.730036766830283E-006
 -6.209629422455372E-007
  2.772821965816572E-007
  6.629036569504063E-007
 -1.573665545547664E-006
  7.340703284791494E-007
  5.611188042598412E-007
 -4.721742186071658E-007
  1.994804599523198E-008
  1.707136314107475E-004
 -2.589464727802348E-005
 -2.216915056683257E-005
 -5.403707643710472E-007
  2.854311956773268E-006
 -3.311917082964219E-006
 -5.973581327454499E-007
  1.171063741454881E-005
 -4.233031612119714E-006
 -1.379121390593619E-006
  6.129017357913961E-006
 -5.201505937560962E-006
  5.339315060731453E-006
 -1.015077767999703E-006
 -1.659967458276326E-007
  4.556293039212104E-007
  1.430065240356639E-006
  6.433984042641434E-007
 -4.149874723569355E-007
 -2.492447400216630E-006
 -2.498962437626839E-006
  3.378108452629647E-007
  2.372043577766422E-006
  4.749913401858755E-007
  1.204038224502081E-007
  7.967424721480197E-005
 -1.788615224857410E-005
 -2.928204321714354E-005
 -5.707243250930224E-007
 -7.058482151020202E-007
 -6.060271484214856E-006
 -2.462368303187690E-006
 -4.597606929451024E-006
 -1.675303732562165E-005
 -1.131682379572605E-005
  2.104295613690015E-006
  5.906525477111396E-006
  3.339508798988846E-006
 -3.984568699707929E-007
 -4.889326766730029E-007
 -8.655475219787649E-007
  1.503037443529796E-006
  4.473007230370498E-004
 -1.506280780910748E-003
  3.686413441774647E-005
 -5.830343059018140E-005
  9.564623390122135E-006
  1.640464433682463E-003
 -1.574956455262564E-003
  2.751537177943012E-003
 -1.050988116323794E-004
  2.467513860363102E-005
 -4.412266492080106E-005
 -2.319137792094227E-004
 -1.121111244298273E-004
  1.157299025451058E-004
  1.839201999498127E-005
 -5.055238189697220E-005
  9.009070070237598E-005
  3.687249475057229E-005
  2.360451527389017E-005
 -5.009212195091675E-005
 -1.676867111866897E-005
  7.263858874469872E-005
 -2.010382363190333E-005
  7.773012527017423E-005
  6.202485789092119E-005
 -1.411389913917726E-004
 -3.341251866020693E-005
  2.025903362543228E-004
 -4.431760660996730E-005
  2.372793408895410E-005
  7.882472474318044E-005
 -1.674009924616074E-004
 -9.450641761562452E-006
  1.294891715628806E-004
 -1.427729232739165E-005
 -8.026066660023184E-008
  5.973624536816281E-007
 -2.357701974550389E-006
 -4.671123499092191E-007
 -1.190063773627917E-005
  7.078943497099147E-007
  2.453649825130084E-006
  5.160737987725399E-006
 -7.958311929071879E-006
 -9.343453377250036E-007
  3.674078834017416E-006
  2.151296549312043E-006
 -1.213449534654235E-005
 -8.977993089048855E-006
 -2.844768069806651E-005
 -2.044243413003392E-006
  1.445575005518325E-006
  1.487145910846865E-005
 -6.488021565867019E-006
 -9.123212539754305E-007
  1.112314042294529E-005
  6.147741983523757E-004
 -1.339154503096675E-005
 -7.002950396629033E-005
 -1.710555610751152E-004
 -1.334464050062383E-003
  2.338791277424879E-004
 -3.585107168580419E-004
 -6.568440568716403E-006
  1.149017556894871E-005
  6.523931746123152E-006
 -3.486628881670249E-005
  8.029050924683398E-005
 -1.104193004040000E-004
 -2.439674521884753E-005
  3.564947070764130E-005
 -5.741061421050884E-005
  6.893473829334553E-006
 -1.266723248449862E-006
 -1.198098150394393E-005
 -3.002513462183666E-006
 -1.515455525481144E-007
 -3.890960367150888E-006
  2.779893372421805E-005
  2.036234850878639E-006
 -4.002507599621187E-005
 -1.168304791494521E-005
 -1.042061692026329E-006
 -1.611588580927284E-005
  1.916547146839212E-005
 -1.243010075967185E-005
 -8.923239261593213E-006
 -1.135505508956220E-005
 -4.657420670535154E-006
 -7.810416378829925E-006
 -2.766902817266289E-006
 -3.410612701127535E-006
  3.721126996039706E-006
  3.565872034823482E-006
 -3.049571391827049E-006
  4.734836416975385E-006
  1.312942287352283E-006
 -1.123317876997891E-006
 -5.282141609293146E-007
 -8.659363730139385E-007
 -4.082022226678733E-006
  3.647121700351826E-006
  2.306462408126045E-006
  6.289149756960790E-006
 -1.898879849348795E-006
  5.956916923075409E-006
 -1.579997444740130E-006
 -2.045813336395702E-006
  1.092870633868564E-006
 -8.688302391011435E-008
 -7.510520398185343E-005
 -2.148582680268795E-005
  7.982422551427472E-005
  2.423668616521347E-006
 -1.370112655782488E-005
  6.252693864647769E-006
 -3.980140479326979E-006
 -2.677014030859698E-005
  2.912716256487772E-005
 -6.384695891989390E-006
 -2.454440087621989E-005
 -3.428603249624494E-006
 -4.446409444384451E-005
  2.123731902003998E-006
  4.414416803158756E-006
 -1.150749642125569E-006
 -3.799855497635792E-006
  2.266088184989389E-008
  1.676123595631795E-006
  3.187157862647720E-006
  8.429033701704767E-006
 -1.667873728471947E-006
 -4.372027433228571E-006
  2.312398400597200E-006
  1.184869570580850E-006
 -4.488707299314505E-003
  7.341892156101995E-004
  1.715056642886306E-003
  6.364868398054521E-005
 -2.557580120690250E-005
  5.047808909166826E-005
 -5.940663820279589E-005
 -7.920947450561798E-007
  2.751790984674233E-005
 -2.275949176538470E-005
  3.388121516965801E-005
 -1.311408084028886E-004
  1.363869957226741E-004
  5.040575748135935E-006
  7.630764293143646E-006
 -8.875648009015275E-006
 -1.194921793621089E-006
  1.825946245112945E-005
 -1.105863009805212E-004
  3.173621046753679E-004
 -8.228905152974915E-006
  9.360035774948959E-005
 -6.712389862027696E-006
 -6.588627954196385E-004
  1.270648025403883E-003
  2.300964387325646E-004
  4.684661440158320E-005
 -2.892293197129747E-005
 -1.141996906437628E-005
  1.220622360271614E-004
  5.179596024480589E-005
 -8.782525468915150E-006
 -7.281804942753171E-006
  3.174063672133026E-005
  1.794262015744735E-006
 -1.685744818569110E-005
 -2.006962798723292E-005
 -2.632279929372510E-006
 -5.122412606109719E-006
 -5.148002341819379E-006
  2.197986079180082E-005
 -3.406637124897187E-005
 -4.962190092350240E-005
 -4.597867850962938E-006
 -1.711277353740753E-005
 -1.641440099318814E-005
  5.117914478637940E-005
 -8.911403348656128E-006
 -5.646976399479508E-005
 -5.283904871315731E-006
 -1.429966492692216E-005
 -8.405355374534486E-006
  2.321106827557828E-005
 -7.777529377780672E-007
  4.577167296760569E-007
  4.255785587239147E-007
  2.723685512372389E-006
  1.633599790603857E-006
 -3.904266990381877E-007
 -7.395741239886574E-007
 -9.835869074381520E-007
  1.761005642289915E-006
  1.860027829047457E-007
 -1.617448758105564E-006
 -1.310224930881996E-006
 -9.029713627425338E-008
  8.987193452062650E-006
  4.246215185388828E-006
 -4.134847177745957E-006
 -9.062513414565916E-007
 -1.776035417555657E-006
  4.028978955251771E-006
  6.221108512766367E-007
 -1.330090261129288E-005
 -2.545482059599106E-004
  7.150645367937056E-006
  2.725399660147660E-005
  9.286761584836458E-005
  7.180564900573506E-004
 -3.005596137614267E-005
  4.223844068712148E-005
  2.685402357393391E-006
 -6.634597270387104E-006
 -8.477276955131862E-007
  4.000650227407525E-006
 -6.521549916489046E-005
 -7.548611849829085E-006
  1.393724498839053E-005
 -1.722345164991087E-005
  1.108768610517834E-006
 -4.514974782679773E-006
 -8.327836067527146E-007
 -2.875024884346156E-007
  2.337912937735454E-006
  3.500663937847875E-007
  2.177061844944318E-006
 -1.671682852492938E-005
 -7.321305062389276E-006
 -7.629714081400251E-007
  7.585993235886199E-006
  1.766054454476204E-007
  9.130835289043185E-006
 -8.773457558090491E-006
  2.802010365444820E-006
  1.039336823464787E-006
  4.146530242874970E-006
 -2.393905518018191E-007
  4.626927315215520E-006
  1.537867595554974E-006
  2.505025648657261E-006
  4.079081406903516E-007
 -1.719131609491103E-006
  3.258064251679697E-007
 -2.894471177173820E-006
 -7.698333961249575E-007
 -1.982745992632091E-007
 -1.955254602823887E-007
 -6.987784714238085E-008
  2.295714848252607E-006
 -1.973143521845933E-006
 -4.564745125149012E-007
 -4.342871802793228E-006
 -9.646148914891637E-008
 -2.544272741964594E-006
  7.887194154122457E-007
  5.603031067337169E-007
 -3.930147243908041E-007
 -3.460953140627187E-008
  1.024180685952625E-004
  5.251729611934585E-006
 -9.054705524943574E-005
 -2.923999961009486E-006
  5.329260191019269E-006
 -5.566903709262658E-006
 -1.910498529516110E-007
  1.045869438825912E-005
 -2.184424162368279E-005
 -1.578303870007780E-006
  1.438350246921822E-005
  9.684438410124860E-006
  2.214300721173335E-006
 -1.267143937815764E-006
 -2.008067249840484E-006
 -3.766821462230537E-007
  2.288578462276390E-006
  7.017459938214222E-007
 -1.021434524460625E-006
 -1.539715024895078E-006
 -4.647385886854702E-006
 -6.176555328219556E-007
  1.575848451958565E-006
  2.231214179131258E-007
 -3.613342706348741E-008
  1.000499304010175E-003
 -1.652098438152363E-004
 -3.727944279906702E-004
 -1.055653715445411E-005
  4.717381925811537E-006
 -6.516903180030861E-006
  1.813532390586701E-005
 -2.773701976195959E-006
  9.345844236086004E-006
  2.237626216398229E-005
 -1.035649480631261E-005
  2.612392495544604E-005
 -3.008234292195038E-005
 -1.521142279114723E-006
 -5.755111003241616E-007
  2.291968217765465E-006
 -1.104580573559003E-006
 -3.845653954514846E-006
  2.625722852673726E-006
  5.953987631104942E-006
  1.097943770075216E-004
 -4.908458395937956E-006
 -1.771501525948622E-004
 -4.403325557539048E-005
 -7.585529503014514E-005
  7.254493198534787E-004
 -8.521210719813990E-004
 -1.368072950280080E-005
 -1.362048676768685E-005
  1.049399254800324E-005
 -1.918552548093431E-005
  1.589361009267675E-004
 -3.508635925849920E-004
 -1.177060307558316E-005
  4.886998781810351E-005
 -7.913263090624336E-005
  3.883162314216321E-007
 -3.418995699836490E-005
  4.822094624765573E-005
 -3.550446678194380E-006
 -3.266093479596529E-005
  3.162130446772748E-006
 -7.590910374573076E-006
 -8.943926353065805E-005
  1.291131452462859E-004
 -3.115792364192648E-006
 -9.984350644460545E-005
  1.070670273876572E-005
 -6.147746966575174E-006
 -4.236024457740576E-005
  5.652049614132215E-005
 -9.181581541334733E-007
 -1.481815898294591E-004
  7.065905120708648E-006
  6.632919087993859E-007
 -6.198391284478523E-006
  1.071980908491715E-005
  2.402328190428397E-008
  4.472089089951764E-006
 -2.013899008302442E-006
  1.152436490797183E-006
 -3.519282058972024E-006
  2.741081812086975E-006
 -2.400175675315040E-006
 -2.030038150334710E-006
 -4.221433488474742E-006
  1.066853027810054E-005
  6.234335617296984E-006
  2.717840203445087E-005
 -1.442211662928533E-007
  2.350871684579498E-006
 -3.294214719378260E-006
 -2.831181565263754E-006
 -2.458105186240759E-006
  2.567527565921894E-004
  9.955944437455490E-004
 -1.315608738435651E-006
  3.169301627665529E-004
  2.342767648960947E-004
  3.452781655790688E-004
 -1.491349102607312E-003
  2.272512228112325E-003
  7.301708875279163E-007
  2.557243861494765E-005
  3.683251612195655E-006
  4.418267852358987E-005
  4.275674504316074E-005
  1.626132205750993E-004
  5.368765472281134E-006
 -5.597292311975704E-005
  1.260366828636813E-004
  1.634746670379402E-006
 -9.834585305141121E-007
 -2.529285600316805E-006
 -7.321561077165587E-006
  8.775733448468279E-006
  5.686814406786184E-006
  6.267102191203575E-006
  1.023369876763998E-005
 -9.054989036483590E-006
 -1.599422848700055E-005
  2.237508491347600E-005
  9.727126295796971E-006
 -3.905069690705953E-006
  2.513584586894140E-005
 -2.485437842976690E-005
  4.289504778737906E-006
  1.539427748940561E-005
 -3.844350880319531E-007
  3.340296045724470E-007
 -2.012998229453270E-007
  3.190339543321670E-006
 -1.136642353876064E-006
  3.796489587184867E-006
  1.345535401587227E-007
 -1.053878026681933E-006
  2.384177783953509E-006
  3.362933902991127E-006
 -1.858172442425060E-006
 -5.279996953747682E-007
 -1.028583997236272E-006
  5.063731557854851E-006
  1.909042818691560E-006
  3.018003235888980E-006
 -3.250437325672562E-007
 -1.687046830721242E-007
 -6.673147705296696E-008
  1.534698046452645E-006
 -1.665666693600628E-006
 -6.316685785128716E-004
 -6.030861821896362E-005
  4.214077998608528E-005
 -1.407177007882503E-006
  1.091618263098462E-005
  2.891081145415091E-006
  2.967087276464614E-005
  3.618057080558097E-005
  3.419487660500679E-005
  8.023491523737526E-005
  2.033600037822437E-005
  3.297049912640986E-006
  7.403662699632638E-005
  5.498236782294540E-007
 -5.894999146109527E-006
 -4.418398892161188E-006
 -1.166369683074202E-006
 -1.277459460215800E-005
  6.165460048447483E-007
  4.434071853488886E-008
 -2.385080554361216E-006
 -5.873315484162369E-006
  1.979778884583442E-006
 -1.619408420199524E-005
 -2.024119603118331E-006
  1.560681804642340E-003
 -2.475644630335283E-004
 -7.914404206595509E-004
 -5.064790241742578E-005
  5.363520882312910E-006
 -1.317524089454597E-005
  1.677977328880133E-005
  1.219934275592916E-005
  2.853435736326079E-006
 -1.249131613000345E-006
 -5.064158976464438E-005
  8.061465734274503E-005
 -9.752659964496281E-005
 -9.240234188542554E-007
 -1.973189111091848E-006
  2.252569061000756E-006
 -1.066086700586816E-007
 -5.181650117518333E-006
  1.030632088912937E-006
  6.556436021678908E-006
  1.737847691556090E-004
  2.461161512846740E-003
 -4.951858599182767E-005
 -1.989324286436046E-004
  1.881346194667754E-005
 -4.960773515392878E-004
  1.440140650122370E-003
 -5.378718002422836E-004
  5.503857315917909E-005
 -3.237149102438188E-005
  7.647875839347335E-006
  6.222370949715720E-005
 -1.393256800360202E-004
  4.677829309490279E-004
  2.367612205829657E-006
 -1.232733826019700E-005
  5.974524974603665E-005
 -1.012656717958990E-005
  1.189320542317827E-005
 -4.458282782654822E-005
 -5.820990276668326E-006
 -8.869852824333765E-006
  1.594755745625823E-005
 -1.433546203940099E-005
  3.318152317688598E-005
 -1.112378029823709E-004
 -2.009164685527849E-005
 -1.187691671015454E-005
  3.442710889467948E-005
 -1.159369452634984E-005
 -5.769546266187891E-005
  3.341779307643581E-005
 -2.579199057846611E-006
  1.362301428162128E-004
  1.417289358419645E-005
  4.946211008387528E-006
  8.307552470565739E-006
 -1.579122360269384E-005
 -6.434359467741510E-006
  3.784870878309844E-006
 -8.404273557421074E-006
 -5.296452975311026E-006
 -6.553906440585292E-007
  7.581806455367341E-006
  5.482204748917457E-006
  7.947935401614625E-008
  1.462487521974496E-006
 -8.459072868661514E-006
  4.701913637085907E-006
 -1.841658535332868E-005
 -4.940351699134346E-006
 -1.168294341811572E-006
 -2.650902690847166E-006
  2.042395503460219E-006
  3.703325186502893E-006
 -1.484569192284594E-004
  3.958482803471747E-005
 -1.187342616652072E-005
 -5.742502442827559E-004
 -1.610045184480978E-004
 -2.942363521750948E-004
  2.431107448779455E-003
 -3.400923007835750E-003
 -1.376231586421271E-005
 -3.509649107535211E-005
 -9.049533790763104E-006
  1.122744688138288E-005
 -2.171049260515263E-004
 -1.902904626171087E-004
  1.519736357501415E-005
  5.819071171696688E-005
 -1.601040387467708E-004
 -8.658022706864069E-007
 -5.450678476848424E-006
  1.215025860283553E-005
  1.294928382570935E-005
 -1.292251371438545E-005
 -1.208348155502294E-005
 -3.566342340081211E-006
 -4.572199801214466E-005
  4.223315557554431E-005
  2.436461718762390E-005
 -3.372686894749824E-005
 -2.079827484754269E-005
  1.890896262503537E-006
 -3.994431058985822E-005
  4.627624162910089E-005
 -1.070528818349399E-005
 -2.557982103780119E-005
  8.814391920990455E-006
 -1.288029040340724E-006
  4.899527991446416E-006
 -7.770220031055349E-006
  3.565441458553684E-006
 -3.757819027438396E-006
  2.986456624684888E-007
  7.737022573314194E-007
 -2.403055357838093E-006
 -7.220634763440674E-006
  3.391091796297813E-006
  1.535814786668351E-006
  5.237381662861778E-006
 -9.301733710477107E-006
 -5.313958831017391E-006
 -4.017121196583704E-006
  7.065144710123378E-007
 -7.956783142502692E-007
  6.685164830844977E-007
 -2.850346720110970E-006
  2.877739075797537E-006
  1.656257473123750E-003
 -9.045694600826263E-005
 -4.339181302302038E-004
 -3.090279593647886E-006
 -2.713816479309501E-005
 -3.005250032157406E-005
 -4.795435798113348E-005
 -8.531087919817379E-005
 -8.606843587789003E-005
 -1.267770126560380E-004
 -2.834943995219252E-005
  1.884093703100773E-005
 -8.345846725025273E-005
 -6.679310704173897E-007
  1.211084830279312E-005
  8.880358115049155E-006
  3.669024074160016E-006
  2.069663024230414E-005
 -3.001093003742626E-006
  5.427889374643449E-006
  4.341574217333818E-006
  1.197981952398945E-005
 -7.098195640172737E-006
  2.281521097738481E-005
  1.670306265529288E-006
  1.989642727626111E-003
 -3.153470910838214E-004
 -4.178583737825048E-004
  2.471830876352954E-005
  2.154466579207030E-005
 -2.354287441894678E-005
  3.707781991971595E-005
 -2.953561011622866E-006
 -1.518642647331289E-005
  3.984377236905445E-005
  4.595119606551253E-005
 -1.193746265861313E-005
  1.924004186618442E-005
 -2.150065444805425E-006
 -4.636950133333413E-006
  7.293220845387225E-006
 -7.073939510931175E-007
 -7.490946146474050E-006
  2.857459395898542E-006
 -4.726373326833904E-006
  1.897885195238177E-005
 -2.593620214901344E-004
 -2.661592249446182E-003
  4.847672675014299E-005
  4.274652834235411E-004
  2.976020087139746E-005
 -1.133486109040560E-004
 -8.664772471835550E-005
  1.515529374515669E-003
  1.799883125174876E-005
  3.550223658180439E-006
 -4.125258658251714E-005
  9.185989377714701E-005
  1.093200138562102E-004
 -1.008361971599491E-003
  3.875442277193837E-006
  2.316100913742272E-005
 -1.291655208563670E-004
 -5.881636942442191E-006
 -1.732877806724995E-005
  9.033614188667623E-005
 -3.116615672147279E-007
  7.932747861610846E-006
  6.193298509656919E-006
 -1.176018161155422E-005
 -4.214324291918217E-005
  2.329619319976928E-004
 -3.683958864869853E-006
 -1.098155145953518E-005
  1.544414047642407E-005
  1.540461804207686E-005
 -3.404751828313191E-006
 -7.469793500115001E-005
  1.719687365485245E-005
 -2.640490920227447E-004
 -3.260149169692931E-005
 -6.795149252590314E-006
 -2.931205279840017E-006
  3.422666349533775E-005
  1.056047154493402E-005
 -4.082517146421110E-006
  9.824976212836926E-006
  4.197935878906061E-006
 -3.412451676102828E-006
 -9.662602356878166E-006
 -1.027140393974497E-005
 -4.568318444769025E-007
  2.253562539683868E-007
  1.836727845719142E-005
 -3.794200365697739E-006
  4.160377725709517E-005
  5.164695899128446E-006
 -2.648007837059793E-006
 -8.776416041629298E-007
  7.718667257210993E-006
 -5.829878951009496E-006
  2.263915281846839E-004
 -7.256735155151730E-004
  1.757578734419444E-005
  1.633509218840789E-004
 -1.237616532055568E-005
  1.134617856579574E-003
 -1.164599270823132E-003
  7.416295831887311E-003
  8.203319331036763E-006
 -8.623634695751548E-006
  7.287399938084692E-006
 -9.473116845171847E-005
 -4.298905557137145E-005
  3.215042503624219E-004
  1.396753546410813E-005
 -5.295182016992517E-005
  3.379683401878770E-004
 -1.022457867580149E-005
  1.005161899715332E-005
 -2.474988882814409E-005
 -7.506561508322046E-007
  3.705970385234917E-005
  1.097523482663370E-005
 -3.324567944199617E-005
  3.080506109671093E-005
 -9.093298538966912E-005
  4.025534912376999E-006
  8.730863341336749E-005
  2.922014452961916E-005
 -1.036036346237368E-005
  1.659779230900320E-005
 -9.862011623078998E-005
  3.218325585537553E-006
  3.999137058282371E-005
  7.142037876836128E-006
  2.749137804649264E-006
 -1.757276231784226E-006
  1.674881994598600E-005
 -4.273106108346009E-006
  9.212663889342168E-006
 -3.974307305601784E-006
 -1.463198887503441E-006
  7.339460202420214E-006
  6.146872894294549E-006
 -8.029426716135404E-006
  2.604932543207194E-006
 -8.776047653577850E-006
  1.819318632480023E-005
 -4.762733878343523E-006
  4.955289557140368E-006
 -3.052063751278060E-006
  2.183403845830888E-006
  3.226279197577237E-007
  2.225836116085185E-006
 -6.171938081519320E-006
 -9.624630540106606E-006
  2.504961393133219E-005
 -2.183914020248629E-005
 -8.351821872227928E-006
  1.348542114222457E-005
 -1.332163175512813E-005
  8.776990717207481E-005
  4.633094734191939E-005
 -4.475944575488243E-005
  2.292435644490662E-004
  2.879409188468618E-005
 -2.253771944583852E-005
  1.726062139605102E-004
 -3.217058650619072E-006
 -3.214768257552044E-006
 -1.524908115725794E-005
  8.414583829793590E-006
 -3.469267151540712E-005
 -5.197525179174518E-006
 -8.119160525314593E-006
 -7.553671262266534E-006
 -2.393040294772674E-005
  1.226519879990406E-005
 -4.652373822549418E-005
 -4.146038274589471E-006
 -1.445972491670779E-003
  1.862966644698864E-004
 -5.137047088722832E-005
 -5.140222928505291E-005
 -2.545745136969265E-005
  2.582576063565728E-005
 -2.742825454480878E-005
  3.554906345195733E-007
  4.487007979760783E-005
 -2.108301638027268E-005
 -9.517437455754220E-005
  4.809617466821950E-005
 -1.179281258891594E-004
  8.959163018731988E-007
  7.160719214522851E-006
 -7.342705191534592E-006
 -1.000911907412996E-006
  5.782337593843258E-006
  1.049956055397971E-007
  8.754472148094526E-006
 -2.287568051422534E-005
  4.191770627370937E-005
 -2.576122302212392E-005
  7.014199152643368E-004
 -1.125386744318573E-005
 -1.137492605129620E-004
  1.564353915691839E-005
  2.729491699067310E-004
 -1.230324996073000E-003
 -7.461049477864968E-004
 -1.741870286578270E-005
  2.971488284559677E-005
  2.073659647446606E-005
 -7.943857797195234E-005
 -8.682368845863280E-005
  1.246384256459330E-004
  5.554300722841874E-006
 -4.017318473763409E-005
  4.063317451282273E-006
  7.411584881219208E-006
  2.965079265194902E-005
 -3.109706076002066E-006
  1.231143281471165E-005
 -2.268021889780049E-006
 -1.972301769593086E-005
  1.643866499552071E-005
  7.419538427743832E-005
 -8.297101768619640E-006
  3.240389538452190E-005
 -7.970964125337719E-007
 -4.884256038004261E-005
  2.134801877180491E-006
  5.297761833784209E-005
  3.414256107564876E-005
  2.128984598431071E-005
  3.390810540045223E-005
 -2.342464786149120E-005
  2.040356819152323E-006
  1.479434865749365E-006
 -4.569651178231350E-006
 -4.924055685721650E-006
  2.540515666316427E-007
 -1.197014771735318E-006
 -1.110181881549007E-006
  4.315260402662975E-008
  1.851110778897657E-006
  1.508832858068240E-006
  1.556110471828092E-006
  2.209705409489416E-006
 -8.796292829072074E-007
 -9.790926482038618E-006
 -7.765703130560336E-006
  5.122595066554343E-006
 -5.878990504827792E-007
 -1.513113079372672E-006
 -4.460082580410789E-007
  7.975807874266265E-007
 -1.486314676198869E-004
 -4.232878142220125E-004
 -5.518524627399757E-006
 -1.632719662194560E-004
 -1.561466717663052E-004
 -8.509740390912008E-004
  5.685234319543216E-004
 -9.537515617694954E-004
 -9.277978874759404E-007
 -5.509815489255855E-006
 -2.566626566817240E-006
  8.856150509364034E-006
  3.998430331466494E-005
 -2.717119263268018E-005
 -1.447756810625623E-005
  3.143202825108659E-005
 -3.909006628510426E-005
  4.978428377753202E-006
 -9.894111481755431E-007
  4.853756258066824E-006
 -5.281562860111409E-007
 -4.638872489494241E-006
 -4.450272091742062E-006
  1.574801587412111E-005
 -2.993030245282983E-006
  1.688811188768110E-005
 -3.832201394139043E-006
 -1.086058623822802E-005
 -1.191581447998207E-005
  9.640339813008945E-006
 -1.065834063392614E-005
  1.262600367731477E-005
 -5.781095898705163E-006
 -5.540026763328342E-006
 -3.859243914303781E-006
 -1.487034616570299E-006
 -1.773014193219217E-006
 -3.076185752722893E-006
  1.583902253117801E-006
 -1.323431372377882E-006
  2.877201596593096E-006
  8.950599063421667E-007
 -5.480147047931933E-007
 -9.121655258072831E-007
  1.208066819172029E-006
 -1.681357567535199E-006
  2.936775042723833E-006
 -2.314526565604839E-006
  3.113012945469764E-006
 -5.493445471121640E-007
  1.931059757135832E-006
 -8.341419370032858E-007
 -2.042191444733651E-007
 -4.343492317139759E-007
  8.395819033594015E-007
 -5.802375852878724E-006
  6.431043823979990E-005
  1.401017168792813E-004
  6.652360025079505E-006
 -7.642180983413642E-006
  9.015183232617973E-006
 -1.095547983705080E-005
 -2.756823735747027E-005
  1.087267642017242E-005
 -3.058803556795041E-005
 -2.649231011722589E-005
 -1.387373537557398E-005
 -2.162769138700023E-005
  1.628029946187779E-006
  3.757224400088893E-006
  2.797837294257468E-006
 -2.538096707795388E-006
  4.302939440297652E-006
  9.100667616076086E-007
  2.680655360918148E-006
  6.145543542802236E-006
  4.247142052088335E-006
 -2.755635356432155E-006
  5.959157806538233E-006
  7.497999551400657E-008
 -1.488785571836354E-004
  1.812793605452549E-005
  1.331232516487952E-004
  1.251227920178254E-005
  2.340646025523878E-006
 -5.903636764163925E-006
 -4.868047663547360E-006
 -2.990504512851479E-007
 -2.329033909325760E-005
 -1.395250865291444E-005
  2.053025939778077E-005
 -2.056411182288957E-005
  2.775969173179228E-005
  4.662519246029816E-007
 -1.349525125003973E-006
 -2.230660044332656E-007
  1.604377477198460E-006
  1.645617121182586E-007
 -2.070629401801442E-006
 -2.353625917682271E-006
  2.363397670338285E-006
 -7.203305914424242E-006
  3.713359987575171E-006
  1.979639909016855E-004
  4.192750053552311E-003
 -8.419290853456594E-005
 -9.063867473328372E-004
 -8.567114624311260E-005
  3.055157714817965E-004
  2.689261908448028E-003
 -2.429790799441512E-003
 -3.187814959459637E-005
 -6.115930928101516E-005
  3.827070210231746E-005
 -1.596934675169844E-004
  7.438666579443455E-005
  1.501939116420279E-004
 -1.453203656728273E-005
  6.169569016914491E-005
 -3.889673737935074E-005
  8.976069066590717E-006
 -4.213415134048125E-005
  1.117875344993458E-005
 -2.012987654159418E-005
 -6.627174569934560E-005
  1.115380747500347E-005
  1.012985939770901E-005
 -1.110967044032771E-004
  3.960676198746743E-005
 -3.684789150001229E-005
 -1.759142916350355E-004
  2.671803210230328E-005
 -2.259449332742056E-005
 -1.429234882717011E-004
  1.487984741641986E-004
 -1.536897752397423E-006
 -3.566199498143592E-005
  2.413139107981798E-005
  1.113955473071255E-005
 -2.079824169803768E-006
 -7.359816439991833E-006
 -1.363719929666565E-005
  1.261686499125297E-005
 -1.978146489547201E-005
 -5.090032496873558E-006
 -6.549498832282050E-006
  1.734992166042444E-005
  4.636438424091294E-006
 -1.985071785919191E-006
 -7.721653904071950E-006
  4.343595247684953E-006
  1.502718871695189E-005
  1.579599831868647E-005
 -9.071973359194321E-006
  4.710129652034491E-006
 -7.053133966770918E-006
 -6.408735052031524E-006
  9.031795730286549E-007
 -9.115738962568533E-007
  1.194774944888587E-003
 -2.660625904167080E-005
 -1.803423483707827E-004
  1.109893616714799E-004
 -1.723438112121831E-003
  2.356534773246275E-004
 -1.629105043513785E-003
 -1.240231167900770E-005
  1.579964752856332E-005
 -4.439912509556787E-006
  1.495356453352298E-004
 -7.957142731014754E-005
  2.179824830491418E-006
 -6.682494626357438E-006
 -1.541239313236130E-005
 -4.051093681633013E-005
  1.621433999307220E-005
 -2.386150520677449E-005
  1.284723466901251E-005
 -7.549568613597296E-006
 -9.846113217128032E-006
 -8.664771379474909E-006
  5.304137042555677E-005
 -7.128847064413383E-005
  4.746548766578050E-005
 -2.926543595770010E-005
 -2.402187791569313E-005
 -2.377593446785667E-005
  2.337656906264702E-005
 -1.630753165550142E-005
  2.908814866736220E-005
 -2.141520554224443E-005
 -1.297536607109234E-005
 -1.961363520402593E-006
 -3.793672866404908E-006
  4.140987675096741E-006
 -7.141345578249460E-006
  3.970154719166301E-006
 -1.114404116997351E-006
  7.410863880048425E-006
 -5.057472800003698E-007
 -5.634482164290145E-007
 -2.623745835095632E-006
  2.568264598226158E-006
 -3.415653914167014E-006
  1.239415278978275E-005
 -4.808942017137037E-006
  3.830260359610254E-006
 -8.328381636160968E-007
  6.416701382890788E-006
 -4.215682251344766E-006
 -9.523137629675106E-007
  2.528939642515452E-007
  1.920418593368183E-006
 -3.190145645315272E-004
  1.264610499501733E-005
  5.748211084867646E-005
  1.004857192362586E-005
 -2.068928259601193E-005
  9.262480595403157E-006
 -1.827202551416708E-005
 -7.996230391082813E-005
  2.958015602488353E-005
 -4.909964599516093E-005
 -4.812441923522701E-005
  1.227330004095732E-005
 -8.885506002959768E-006
  6.052621795657220E-006
  5.238400804627911E-006
  5.999814631825032E-006
 -8.279598968893977E-006
  5.991507760588509E-006
  2.226977173236757E-006
  1.581903873388545E-005
  1.568325363657263E-005
  1.049771622392252E-005
 -1.389987895981633E-005
  6.889110441489122E-006
 -1.919159774069121E-006
  5.027441621822054E-003
 -7.917100281082921E-004
 -1.755048965160108E-003
 -5.017510456046027E-005
  4.184861881861936E-005
 -5.276230383037157E-005
  7.283353696115603E-005
  2.946538576540388E-005
 -2.262714123256114E-005
  3.949169467000624E-005
 -1.176845314415547E-005
  1.003897871339691E-004
 -1.211379983237219E-004
 -2.725511934840645E-006
 -1.117473442741329E-005
  1.439660365587096E-005
 -1.014468713346348E-006
 -1.661586522181529E-005
  3.739980648186994E-006
  3.375344687207789E-006
  1.799075183088354E-005
 -2.178145833380774E-005
  1.813315166585488E-006
  3.296795250363528E-005
  1.980723539101898E-005
 -8.112142922718584E-004
  1.616232583912369E-005
  2.908994131078242E-004
  2.838971641847209E-005
 -1.970938748765859E-004
  5.048756762195216E-004
  1.598226019767896E-003
  3.109943236858350E-005
 -1.609439607790992E-005
 -3.123058902246931E-005
  9.862410345288665E-005
 -7.211241246813468E-005
  2.262251669390590E-004
  6.216302352741284E-006
 -8.696803080469422E-006
  7.506931345496109E-005
 -7.799901112640841E-006
  4.539164346415873E-006
 -4.511124017165367E-005
 -8.760986136517269E-006
  3.492895668574534E-005
  1.656088724915811E-005
 -8.847754620947640E-006
  1.524387925321972E-005
 -1.208160434776663E-004
 -2.928810302032925E-005
  1.006406028571392E-004
  3.813585764127689E-005
  4.012945089394683E-006
 -1.061737376043633E-005
 -9.066305721697090E-005
 -2.037168783017723E-005
  1.142734844290069E-004
  1.635874274078255E-005
 -2.703648727951709E-006
  4.718956418729158E-006
 -6.150157906685795E-006
  4.900032403817367E-006
 -4.726140656583406E-006
  3.210913780037760E-006
 -4.225460924817535E-008
  3.476129454945394E-006
 -4.592192590984632E-006
  8.913428172468000E-007
  4.739276785066182E-007
  2.011728078985325E-006
 -9.788900995193328E-006
  3.556590864741635E-006
 -1.941269890389054E-005
 -4.978373900261489E-006
 -1.762972634096719E-006
  4.807327798750932E-006
  3.277189823304833E-006
  1.660524398814132E-006
 -1.081212889723026E-004
 -5.723066295235366E-004
  6.834133365835408E-006
 -1.536581965470969E-004
 -7.813009312978951E-005
  5.056958735121320E-004
  9.228256706529908E-004
 -1.318760666342829E-003
  1.976269999480241E-007
 -2.006262312569179E-005
 -1.116625045378415E-006
 -5.303882903295391E-005
 -8.274104835782568E-005
 -1.354420279424192E-004
  9.108802633975093E-006
  2.454089486867044E-005
 -8.694661657857703E-005
 -6.613175048132605E-006
  1.972869678689655E-006
 -2.324470657750019E-006
  7.849717363176728E-006
 -4.136860958974037E-006
 -1.236542315044123E-006
 -2.201511806532468E-005
 -7.240668522356998E-006
 -7.833122851197515E-006
  1.982642988113959E-005
 -1.151449867524798E-005
  2.188688184185093E-006
 -5.735270122302991E-006
 -1.447750523501526E-005
  1.222837475245213E-005
  1.491591119967257E-006
 -9.854250726077274E-006
  4.243679002335734E-006
  1.153005011997852E-006
  1.974314016164544E-006
 -1.141537905987765E-007
 -4.472598992417372E-007
 -2.473058214806986E-006
 -3.011755136751819E-006
  1.588181203397666E-007
 -1.836163079160316E-006
 -2.450768377183844E-006
  6.501056232530308E-007
  2.209357262909966E-006
 -1.908191045487561E-006
 -2.749204992250013E-006
 -5.022055764161325E-006
 -2.468658688776816E-006
 -1.606016024568575E-006
  1.002846620075410E-006
  2.709506215263322E-007
 -1.100348814738669E-006
  8.260847902412267E-007
  6.374709543657503E-004
 -4.001820020836278E-006
 -1.822424968653666E-004
 -5.245183017197002E-006
 -3.274001647570978E-006
 -1.190626437803306E-005
 -1.871539292759533E-005
 -8.612333448110698E-006
 -4.506755302517921E-005
 -4.964687966942485E-005
  6.156309739001515E-006
  1.057668546293300E-005
 -5.240893560932615E-005
 -2.177853624417233E-006
  2.137774746020634E-006
  1.620561597903720E-006
  3.704466390869590E-006
  8.471655161860352E-006
 -1.526612766452357E-006
 -2.724996079453037E-006
 -3.760462988441020E-006
  1.626173432074035E-006
  7.758564718487126E-007
  1.023492639545701E-005
  1.949139607604324E-006
 -1.411803247458704E-003
  2.294365269790029E-004
  6.583171690107558E-004
  3.813562321564324E-005
 -7.704166907836787E-006
  1.907887765870989E-005
 -1.191172562525397E-005
 -1.190029230464401E-005
  2.043690335693152E-005
  1.520164026591479E-005
  3.011133036686361E-005
 -6.005054551985547E-005
  6.976690791317053E-005
  4.577714942512738E-007
  3.322714236095821E-006
 -2.029503056567491E-006
 -1.497768807139779E-006
  5.017088405400074E-006
  1.039997312888505E-006
 -4.202810103996636E-006
  2.362975656495620E-006
 -1.551166233670285E-006
 -1.359734069892900E-006
 -5.188659853793277E-006
  5.562544173889537E-006
 -5.653418252536034E-003
  0.595149207377508     
 -9.408421289629255E-003
  1.803741270829203E-003
  1.447782179589797E-002
 -0.338312990585422     
 -0.929780182104736     
 -0.137581405087443     
  1.828755452307124E-002
  2.399012640830200E-002
  3.620113493099577E-003
  1.858629456340340E-002
 -2.359217053060643E-002
 -7.384262077416366E-003
 -1.391742830189959E-003
 -2.385939126389015E-002
 -3.457883893400684E-003
 -5.486918792041572E-003
  1.929734602370416E-002
  2.587560578688389E-003
  1.317963024368553E-002
  5.120280539913030E-003
 -7.692711451643955E-003
 -1.192784535190015E-002
  4.977140776364435E-002
  7.117067418606880E-003
  3.165453443818161E-002
  1.264788225345374E-002
 -1.972668908628146E-002
 -3.659514435834301E-003
  4.370519038552291E-002
  5.264893800666977E-003
  1.302156782101159E-002
  2.196304485217166E-003
 -9.362053385177290E-003
  6.992260289603253E-004
  1.308935576837844E-004
  8.715844502165749E-008
 -2.382412861188845E-003
 -6.283744278839748E-004
  2.847347743078686E-004
 -8.160397404816321E-004
 -9.562632217346430E-004
  2.317225663761112E-003
  3.187253544298738E-004
  3.477265817469558E-004
  2.211610093664483E-003
  2.424995695295605E-004
 -6.146067797874776E-003
 -2.967864234927325E-003
  5.102888052633908E-003
 -1.704926458881853E-003
 -1.378255823626728E-003
  2.903169282981076E-003
  3.785854180323892E-004
 -1.305686099643449E-003
 -0.113469565461996     
  1.807368438564217E-004
 -3.667177205293247E-002
 -3.163104342191144E-002
  8.781186394182353E-002
  0.120717131858697     
  1.835368765364332E-002
  4.586242690563453E-004
 -3.942315130341203E-003
 -5.622268590196785E-004
  6.794682224833920E-003
  2.073872089144904E-002
  3.917844773210265E-003
  2.125205914039638E-004
  9.774817965388285E-003
  1.239769421090895E-003
 -2.513003013273847E-004
  4.792324392712742E-003
  6.888817281523718E-004
  9.315152649788350E-004
  4.141575939764182E-004
 -6.802149636514504E-004
 -1.922493011225073E-003
  1.461269641045861E-002
  2.065090756903620E-003
  3.191573315856448E-003
  1.139933764419314E-003
 -1.269080304631375E-003
 -3.484160626098177E-003
  3.970661906824001E-003
  2.841079556034841E-004
  3.116755257725835E-003
  8.675775290081718E-004
  3.674053683723416E-004
  1.165450226994727E-005
 -1.268640271741960E-003
 -1.901280264648185E-004
  1.858899247060812E-004
  1.382899062175335E-004
 -2.208534315159231E-004
  3.820578366253066E-004
  1.352443312255048E-004
  1.224667618660405E-004
  1.829456507977122E-005
  1.470533203650246E-004
 -8.802657065508734E-004
 -1.164988613604428E-004
  6.871812308884553E-004
  5.320153048293796E-004
 -1.128341191983529E-003
  4.500719061531957E-004
  3.075190927934344E-004
 -4.699500119087135E-004
 -6.367341047766386E-005
  0.155618316965800     
 -1.250848613112244E-002
  4.424857754847557E-004
  1.692507457684259E-003
  8.499714329209228E-004
 -2.045873619376385E-003
 -2.339851375689297E-004
  3.076917207151611E-003
 -3.342530629048034E-003
 -4.265642641609817E-004
 -3.736206463116795E-004
 -5.203929135410608E-003
 -2.085644225270147E-004
 -4.083419128571668E-004
  7.215611677520980E-004
  8.746025447782027E-005
  8.114598993698629E-004
  3.218406613980164E-004
 -4.031179865126961E-004
 -1.151838681064394E-003
 -9.620874724342699E-004
 -8.504898808307944E-005
  1.365894443779046E-003
  4.066376856599874E-004
 -2.140557627146513E-004
 -0.136370418943564     
  8.580061581547881E-003
  5.371300355339818E-002
  6.941676284747073E-003
 -2.465989247616627E-003
 -3.409348472572563E-003
 -2.940969244083480E-003
 -5.955897936662507E-003
 -1.461911911965856E-002
 -4.593058741500313E-003
  9.857240312770425E-004
 -5.461648787247013E-003
  1.228673247754739E-002
 -2.359008346156679E-004
  3.927458697065826E-004
 -1.498629024656991E-003
  1.107066088418390E-003
 -1.175752950001867E-004
 -8.711652538027225E-004
 -6.432641112017826E-004
  7.205353649258928E-005
 -1.193843610584110E-003
  1.535651113472586E-003
 -7.020007732007428E-004
 -8.923870022708037E-004
   1.33910594056256     
  2.453039015615022E-003
 -0.141725096543729     
  2.254619223762793E-003
  5.475158644329400E-004
 -3.010851757784567E-003
  7.402939984442201E-002
  0.196289748531245     
  2.487246525054530E-002
 -4.033637715472821E-003
 -5.040588550349088E-003
 -6.346472294985812E-004
 -3.989848796564890E-003
  5.044091492850455E-003
  1.741475248711459E-003
  3.391915983015773E-004
  5.061832125322954E-003
  6.581689021937138E-004
  1.263094158459882E-003
 -4.122715437961787E-003
 -4.914597021486365E-004
 -2.821947382501217E-003
 -1.184284993428289E-003
  1.558853224041335E-003
  2.730443680023889E-003
 -1.063782828118514E-002
 -1.365783962368551E-003
 -6.792582649249158E-003
 -2.927300133819608E-003
  4.062138969225268E-003
  8.649076729790903E-004
 -9.112357411474760E-003
 -8.884401180421343E-004
 -2.820633136762324E-003
 -5.853154527844932E-004
  1.955725463783234E-003
 -1.694493056987136E-004
 -2.943032261778300E-005
 -4.044864215399402E-006
  5.322519072129666E-004
  1.366608189721752E-004
 -2.390399011682569E-005
  1.929195097362408E-004
  2.270473899400105E-004
 -5.493282065909394E-004
 -7.433417524153703E-005
 -7.450977831666177E-005
 -4.662975914630942E-004
 -3.888586931085147E-005
  1.297329510819306E-003
  6.502189172162157E-004
 -1.073800175869320E-003
  3.873153720468575E-004
  3.106933128926110E-004
 -6.956485246774783E-004
 -9.060248119391984E-005
  4.873065190391566E-003
  4.033228578995596E-002
 -8.293819611802010E-005
  8.698990975315863E-003
  7.599224233565114E-003
 -1.049454598362610E-002
 -2.623621746373438E-002
 -4.732327646433077E-003
 -1.893594649124140E-004
  9.210974916712074E-004
  1.264706554611551E-004
 -1.834584251015606E-003
 -4.661347069135524E-003
 -7.691554925390585E-004
  1.073003439450522E-004
 -2.074329174774572E-003
 -2.540271826195499E-004
 -4.652205984258210E-006
 -9.240999086347893E-004
 -1.144711445006867E-004
 -1.449482827456640E-004
 -8.142034551095130E-005
  1.496004887299222E-004
  2.692573920117498E-004
 -2.862543356329260E-003
 -3.486654574524371E-004
 -5.390738271038426E-004
 -2.171736193686506E-004
  2.698164350920928E-004
  6.177989588045664E-004
 -7.783023242262260E-004
 -3.144595267501500E-005
 -5.782243637543640E-004
 -1.725717318526091E-004
 -3.957459505020244E-005
 -2.379144567758608E-007
  2.694986120358925E-004
  3.274548876819158E-005
 -2.626358075380075E-005
 -1.872513526213395E-005
  2.697732412412833E-005
 -7.770448745184594E-005
 -2.385642900176295E-005
 -3.638514968035472E-005
 -2.963019922142874E-006
 -2.669060045935846E-005
  1.615289383860852E-004
  1.819475062889636E-005
 -1.496411614958950E-004
 -1.115031203610749E-004
  2.297129628739704E-004
 -8.635196094131258E-005
 -6.025993570335660E-005
  9.752694443785251E-005
  1.402172835815342E-005
 -2.477156185970589E-002
  7.495856690223041E-006
 -4.212147979288762E-003
 -4.972606249311072E-004
 -1.973670338752533E-004
  1.420964156064929E-004
  2.754894505273069E-006
 -4.287246877610167E-004
  4.773230857236977E-004
  3.626186892435185E-005
  3.991595872598874E-004
  1.289205447169953E-003
  9.187092332845268E-005
  5.551030444323658E-005
 -1.512097874332292E-004
 -1.379370780753167E-005
 -1.256487535140500E-004
 -4.779269197764683E-005
  7.013844907081340E-005
  2.021577542011096E-004
  1.357726060947275E-004
  1.406996117866574E-005
 -2.626489497587422E-004
 -7.990019227882504E-005
  6.049119555763264E-005
  2.503652490258713E-002
 -8.761140353943002E-004
 -9.784887782809389E-003
 -1.466774105733670E-003
  4.992805717810360E-004
  7.719713295937813E-004
  5.323892720173600E-004
  1.275242448481775E-003
  3.134123335470494E-003
  8.453764497232089E-004
 -1.489617611640867E-004
  1.184641671814920E-003
 -2.488410325274185E-003
  5.363393956297636E-005
 -8.127092235134425E-005
  3.117703822180834E-004
 -2.309611015013609E-004
  3.689366066552646E-005
  1.773271619383845E-004
  1.460007655171687E-004
 -3.924664724423765E-005
  2.703177093903146E-004
 -3.346805191554946E-004
  1.151662442183225E-004
  1.886797536383259E-004
 -0.290351649750854     
  6.332537508418118E-002
 -3.258605552019391E-003
 -0.230680374126448     
  3.552362482862401E-003
 -1.145910082921774E-003
 -7.607757160010785E-003
  0.115334151194880     
  0.443901795957620     
  7.525360375347376E-002
 -6.434830652065807E-003
 -1.133726768962464E-002
 -2.160654034901688E-003
 -3.858516684558448E-003
  1.512721528903446E-002
  4.090179004411516E-003
 -2.660476904544418E-005
  1.204043646723637E-002
  1.977999331094916E-003
  1.675179245744762E-003
 -9.492622644645954E-003
 -1.498225937566911E-003
 -5.876695099384918E-003
 -2.192293327022293E-003
  4.201515853640156E-003
  3.533204947694448E-003
 -2.440270042255640E-002
 -3.982275947401600E-003
 -1.416541962183454E-002
 -5.506952749548501E-003
  1.063221467414009E-002
  9.686082816534720E-004
 -2.073768105432433E-002
 -2.848125211620173E-003
 -6.580541498022620E-003
 -1.095315606669170E-003
  5.611933216369149E-003
 -3.002946796780424E-004
 -1.911366638481647E-004
 -3.368984635387392E-005
  1.094066942107995E-003
  3.195634042326759E-004
 -1.931829030738674E-004
  3.400377248181107E-004
  3.634200331893250E-004
 -8.289765106061673E-004
 -1.099100622784837E-004
 -2.430536575483080E-004
 -1.058284944200809E-003
 -1.726122011493351E-004
  3.112265722280592E-003
  1.377674000259734E-003
 -2.383104749635667E-003
  7.351253488743165E-004
  5.888918220678982E-004
 -1.147091102422141E-003
 -1.387598736395210E-004
  6.131734439376240E-003
  6.601251119038232E-002
  1.547809680402656E-004
  2.656939772462875E-002
  2.389242864576744E-002
 -3.269767329901416E-003
 -8.996913975579605E-002
 -1.759569769814036E-002
 -1.799606969931106E-005
  2.263631693819827E-003
  3.298027867041108E-004
 -1.024758877371020E-003
 -8.249768165845276E-003
 -2.094903489356008E-003
  3.991938536612095E-004
 -5.812276497175833E-003
 -1.019215132435515E-003
  2.259629005781257E-005
 -2.068429209060450E-003
 -3.195509914396177E-004
 -5.151372558937986E-004
 -2.817931878827508E-004
  4.925409658359860E-004
  4.769615105386411E-004
 -5.999897583878937E-003
 -8.901234932881249E-004
 -1.501266453676202E-003
 -7.132578676574287E-004
  1.024304943137561E-003
  1.023097929962076E-003
 -8.032122907916940E-004
  6.428025182173995E-005
 -9.215433264473111E-004
 -3.259677949934483E-004
 -1.015546035147654E-004
  5.782284392608029E-005
  6.093150968351564E-004
  9.297639792614707E-005
 -1.600689242329762E-004
 -6.493826502094839E-005
 -1.339960754526468E-005
 -2.029449787083857E-004
 -9.805250089962189E-005
 -4.801607099993267E-007
  1.692034324491603E-006
 -5.641738441236919E-006
  2.846840367210739E-004
  2.116296294882478E-005
 -3.516146892401566E-004
 -2.006648055290735E-004
  3.685399045638673E-004
 -1.644970343436272E-004
 -1.210772688818296E-004
  2.088070663098076E-004
  3.330476864433494E-005
 -8.555064150402966E-002
  4.200722342540371E-003
 -4.134048000738318E-004
 -7.749066006466384E-004
  2.148905285471731E-004
  1.008729967147457E-003
  6.130075680583824E-005
  2.998903804203492E-004
  2.291099541021735E-003
  1.411899529786642E-004
  1.285790559726059E-003
  2.903720126945893E-003
 -3.389974520863460E-005
  1.531502464308746E-004
 -5.887002333780590E-004
 -7.328094619096850E-005
 -3.702024683772310E-004
 -1.308476895918638E-004
  2.170522219463564E-004
  4.264556966239412E-004
  1.475109060603464E-004
  1.475171396653976E-005
 -5.194464035962719E-004
 -1.184309914144724E-004
  9.299070697233061E-005
  9.632087894524897E-002
 -9.640194388327576E-003
 -3.697526311582457E-002
 -3.396864842263265E-003
  1.187334220937687E-003
  1.222499670557434E-003
  1.978580398963183E-003
  2.461039882527968E-003
  6.560199038183007E-003
  2.922388306143553E-003
 -1.038493705372576E-003
  3.569711581279417E-003
 -6.060749148273240E-003
  4.403923486873858E-005
 -1.805971704705884E-004
  7.094314648583877E-004
 -5.195083345593664E-004
 -8.974477346495796E-005
  4.754690996906278E-004
  3.439414781957315E-004
  5.392945262433806E-005
  4.738709911027921E-004
 -7.481526892319831E-004
  4.709571994375826E-004
  4.042112110362515E-004
 -0.601769789583367     
  0.130115504299173     
  0.275467663291673     
  4.811321117016069E-005
 -1.712514057384099E-003
  2.566611047499056E-005
 -9.396017483098930E-004
 -7.158488095444090E-004
  4.793214364484333E-004
  1.820692285247911E-002
  2.772323157023255E-003
 -2.253091604584142E-004
 -4.687783381408059E-004
 -1.063099392154595E-004
  4.460854969633856E-005
  1.817428993174518E-003
  3.623337769172400E-004
 -1.523735482643194E-004
  7.638946845731452E-004
  1.158500788647158E-004
 -3.132715462469081E-005
 -5.612433263731357E-004
 -9.550778873570456E-005
 -2.028197850295185E-004
 -9.372890796752000E-005
  2.341469396542094E-004
 -1.293402954785494E-004
 -1.450042202605959E-003
 -2.434185315189249E-004
 -4.528874583544325E-004
 -2.441840644591350E-004
  5.822277538329819E-004
 -9.548668736234883E-005
 -9.057874467340622E-004
 -7.902027240314728E-005
 -3.895138271530236E-004
 -1.502745191968672E-004
  4.850005145153724E-004
 -4.922461165872086E-006
 -6.235082460062576E-005
 -1.221153742514795E-005
  3.851803370398486E-005
  2.210953579660878E-005
 -2.375065020636860E-005
  1.533754029997320E-005
  2.077967588337272E-006
  1.633820370070615E-005
  3.377856612270226E-006
 -2.591514673196634E-005
 -6.710221491960006E-005
 -1.426619489575267E-005
  1.841378095231985E-004
  7.192927352318786E-005
 -1.063923693272995E-004
  3.223034242580404E-005
  1.841320616843579E-005
 -2.958881235781207E-005
 -1.382337090894371E-006
  1.617038441917186E-004
  2.340596415434052E-003
  6.183241048923563E-005
  4.679150186927793E-003
  3.170506167269823E-003
  1.496183331018383E-003
 -1.790671861252933E-002
 -3.570708082838869E-003
  9.674836398577249E-005
  3.362935434348975E-004
  4.421880739500060E-005
  6.503899787719413E-004
  9.506697828785407E-004
  6.459857160339802E-005
 -4.945654188781628E-005
 -6.390367375579758E-004
 -1.272436300620247E-004
  3.796510330819576E-005
 -1.090811661385558E-004
 -1.160831936059509E-005
 -1.143397216997105E-004
 -5.756370799575971E-005
  7.637461839151476E-005
  1.119140970913263E-004
 -1.234603012039951E-004
 -1.977365868311020E-006
 -2.487724449587762E-004
 -1.210262874872242E-004
  1.368583478674499E-004
  1.299153768197102E-005
  2.474505511012967E-004
  5.143577620828046E-005
  4.856402674358623E-005
  1.768070550633376E-005
 -6.155556442555725E-005
  1.026436746401627E-005
  1.568989063647899E-005
 -2.716639173811154E-007
 -2.849584497775194E-005
 -8.642714553894302E-006
 -2.297257414296856E-006
 -1.531912692488235E-005
 -1.637338607769191E-005
  3.026749013816807E-005
  5.548349998357677E-006
 -5.476948360946490E-006
  2.534970398260450E-006
 -3.532156986299782E-006
  1.524801825504947E-005
  5.336210967768891E-006
  1.182826827790000E-006
 -6.516753933412291E-006
 -7.307410853132016E-006
  1.701529140197642E-005
  3.613189279810599E-006
 -1.629416721381065E-002
  1.093148375654175E-003
  3.236969455795020E-003
  4.483301839113853E-005
  1.979990916054578E-004
  3.147678815902045E-004
  2.683488960677832E-005
  4.739618106266032E-004
  7.995162940095124E-004
  6.443017671639842E-005
  1.855107776241435E-004
  1.242326007617040E-004
 -1.873102230100742E-005
  2.366039892109949E-005
 -1.149611959471908E-004
 -1.281446627466902E-005
 -6.934527854166671E-005
 -2.443205431964107E-005
  4.568487962056721E-005
  1.621160288187727E-005
 -1.631782522589415E-005
  3.073552936412396E-006
 -1.515317288165713E-005
  4.491818359997259E-006
 -1.058430000220136E-006
  9.412265208900804E-003
 -1.295014728600152E-003
 -3.697329122205833E-003
 -2.430874617126790E-004
  6.043998541939002E-005
 -1.346413899293387E-005
  1.662232030969705E-004
  9.598908061654877E-005
  2.014431794867839E-004
  1.829908890365020E-004
 -1.755680812103590E-004
  3.784579712643092E-004
 -3.223442884917281E-004
 -4.444256224394968E-006
 -1.301297097618431E-005
  3.107197323769706E-005
 -2.026710177047564E-005
 -2.470278264446999E-005
  2.471135799487061E-005
  2.673642378005613E-005
 -9.759598398434912E-007
  1.554774229539465E-006
 -3.087461283341334E-005
  4.513047852538498E-005
  4.138189053357208E-006
 -2.086821108443852E-002
  4.407957967316273E-003
  1.035714237331375E-002
  6.215897813820682E-004
 -2.938841227796520E-004
  5.111489154902927E-003
 -7.391888275167150E-005
 -7.766631728962257E-004
  3.245386123611011E-005
 -4.633422758966716E-005
 -9.471081601630717E-003
 -1.387667624309038E-003
 -6.588213050272719E-005
  2.300689420438879E-004
  4.754988815429944E-005
 -3.726253801095641E-004
 -1.498611207009003E-004
 -4.861143701419678E-005
 -6.027523556139688E-006
 -2.084215884192485E-004
 -2.617459638956993E-005
  1.885308954615707E-005
  1.546479642127747E-004
  2.008184116679680E-005
  9.261191816362579E-005
  5.009271901332797E-005
 -1.114650077097829E-004
  2.094356603934908E-005
  3.912967320334499E-004
  4.942742540146107E-005
  2.496787270064670E-004
  1.323365863216135E-004
 -2.706222930458161E-004
 -1.415331369961479E-005
  4.197627843681656E-004
  4.334065114655873E-005
  1.134459453093805E-004
  1.965408767249807E-005
 -9.929263160976569E-005
  1.220157146280729E-005
 -8.877356134546029E-006
 -1.407446825155382E-006
 -2.996703553029031E-005
 -7.542229858603666E-006
 -6.637678858131562E-006
 -3.827387621942003E-006
 -6.758558140653022E-006
  2.035951900037204E-005
  2.722001655269468E-006
  5.903112085333034E-006
  1.278352199670700E-005
  9.522970195222073E-007
 -5.860866823982881E-005
 -2.815121478880210E-005
  4.089933198382971E-005
 -6.391468112021982E-006
 -2.355159863277827E-006
  6.390882339358943E-006
  4.676209479185400E-007
 -9.629370527133822E-006
  5.153364849411772E-004
 -2.810539889001115E-005
  4.535381429086431E-005
 -2.355997522180033E-004
 -2.633310993805047E-003
 -9.578684310271098E-004
 -5.650568911477424E-005
  1.505769710082846E-006
  3.575104460038480E-005
  4.558776402561146E-006
  1.716840037004713E-004
  4.971560673506234E-004
  7.750074386304251E-005
 -6.117105694273280E-005
  6.346920444078411E-005
  7.030744340233925E-006
  2.625267796041992E-005
  2.040617204757894E-005
  2.415379408386776E-006
 -1.857866581945550E-005
 -2.966609091356937E-006
 -7.674012140964413E-006
  8.270720050639478E-005
  1.063637647481180E-004
  1.073458234782767E-005
 -4.590130702385725E-005
 -2.547791595142923E-006
 -3.680589348253753E-005
  1.786235006893658E-005
  4.494052452159111E-005
 -1.339873407187249E-006
  4.489434732151759E-006
  9.057161135353858E-006
 -2.235178480108834E-005
 -6.070307570904631E-006
 -1.706822596911261E-005
 -2.039216903886763E-006
  6.096812090038127E-006
 -1.207882917182837E-006
  1.211411062267576E-005
  3.992425520839252E-006
  3.194325600773578E-007
  5.090949406594860E-006
  5.732614479364684E-007
 -9.702499991594849E-006
  5.187679704862665E-006
  1.817644993840575E-006
  2.563230835364510E-005
  5.334501630424605E-006
  3.475191621139451E-006
 -1.761455430321029E-006
 -1.250670973408877E-006
  9.668658610042108E-008
 -1.889913401438994E-007
 -1.217437457847387E-003
  4.866518415371694E-005
  8.021721106115921E-004
  3.573251630621025E-005
  1.317071688392566E-006
  4.671807444117528E-005
  6.995653826337601E-006
  5.489728275224863E-006
  1.578345845946907E-004
  2.253079435637138E-005
 -5.992472394478372E-005
 -6.435382885779001E-005
 -4.509256842590145E-006
  6.956258611804105E-006
  2.837730474752689E-006
  2.370402987724325E-007
 -1.322307482381197E-005
 -5.628902423773304E-006
  6.266816212007864E-006
  4.751250279626111E-006
  1.511690308719637E-005
  1.968408030279043E-006
 -1.486355119210572E-006
 -3.323723353971980E-007
 -3.264895160415539E-006
 -2.903993527435021E-003
  3.884766346279624E-004
  1.055898816077817E-003
  5.880579319694112E-005
 -2.397021854840024E-005
 -1.189945933181072E-005
 -5.712600893293764E-005
 -1.856010418773935E-005
 -1.274652406421280E-004
 -8.355573203224379E-005
  1.273148446368536E-005
 -8.406210324764418E-005
  1.421181026790578E-004
  3.066453516324442E-006
  2.569171750526230E-006
 -1.463355835113338E-005
  9.741458015463049E-006
  8.439639521551602E-006
 -1.280791153178749E-005
 -4.942843903443850E-006
 -6.850822254053124E-006
 -1.167653534798296E-005
  1.637657899810657E-005
 -7.290148105738465E-006
 -1.143373509466272E-005
  1.160182707053330E-002
 -2.508806979875992E-003
 -5.356731103499248E-003
 -1.772949617928232E-004
  1.208846060041868E-004
 -7.047735721852735E-004
  1.363072794735468E-002
 -2.251564359146052E-004
 -2.311393547488877E-005
  2.196441046945138E-004
 -8.312580557067267E-003
 -1.567568411667617E-002
 -3.122880193440849E-003
  4.482526542562858E-004
  4.144750885106364E-004
  6.274511722446193E-005
  5.908122028889137E-004
 -2.251302737708811E-004
 -1.694200627990882E-004
 -5.885928935036721E-005
 -3.741664445265852E-004
 -8.599093685081743E-005
 -1.475759399219879E-004
  3.194511323017489E-004
  5.601509730596648E-005
  2.540693042665267E-004
  7.115434418066143E-005
 -1.064933643445388E-004
 -3.239539189115711E-004
  8.262833245798787E-004
  1.608783431495436E-004
  6.069747751965708E-004
  1.624979490827625E-004
 -2.830208562849997E-004
 -1.053927939475570E-004
  7.347135600000764E-004
  1.452312002485319E-004
  2.220646987794321E-004
 -1.631574061596265E-005
 -1.166719048318751E-004
  1.460337340638450E-005
 -2.924863355956112E-006
  1.870926670336671E-008
 -4.466652672544325E-005
 -5.324200844937997E-006
  8.564065062897314E-007
 -1.781317563501833E-005
 -2.328832416743810E-005
  5.636439026101109E-005
  7.756538300244913E-006
  1.896646199078540E-006
  3.751965376097485E-005
  7.075261178653401E-006
 -9.778759486305804E-005
 -4.186818747474380E-005
  9.209765626582242E-005
 -3.404792317919676E-005
 -3.350101340396966E-005
  6.462411577661542E-005
  8.808584075105421E-006
  2.814684509472566E-005
 -2.276684926150753E-003
  1.762761350498276E-005
 -3.099740613765186E-004
 -1.911737101988312E-004
  3.125975236718939E-003
  8.106566910452624E-004
  2.073531147343245E-004
  2.079820675861877E-005
 -6.085359063091000E-005
 -1.037872408217752E-005
  2.339505868060724E-004
  4.068457152117507E-004
  1.090070100624649E-004
  2.565092655701235E-005
  1.142448656385010E-004
  3.208896679959935E-005
 -7.917486180104348E-006
  8.896694030520997E-005
  1.637735526735205E-005
  1.249457764290806E-005
  4.056751740012299E-006
 -4.577091462803714E-006
 -5.330997744302184E-005
  2.827186366480848E-004
  5.358624341438302E-005
  5.476660385025715E-005
  1.353797682249540E-005
 -1.456626407235309E-006
 -8.703164912852993E-005
  1.130666953774310E-004
  1.466580992854219E-005
  7.649653799110778E-005
  2.018519643318897E-005
  1.053511113742216E-005
  3.352960442450817E-006
 -2.090339573848471E-005
 -4.575680044223787E-006
 -1.040985091137365E-006
  3.399002978507205E-006
 -9.017896236215086E-006
  5.323118732549264E-006
  1.509589298504429E-006
  4.934039540836919E-006
  1.022030248573119E-006
  6.113888772051065E-006
 -2.056739786626653E-005
 -3.901679684627303E-006
  9.403245240812724E-006
  1.212138971478951E-005
 -2.774491155696592E-005
  9.887069043772697E-006
  6.915277627964615E-006
 -9.093809265051560E-006
 -1.004532647779104E-006
  2.022637009064275E-003
 -1.867928432982332E-004
  1.214613403493864E-004
  3.512767547054238E-005
  4.325897479514734E-005
 -2.633918624880353E-005
 -2.116269352272778E-006
  1.203738641104896E-004
 -3.287407928108704E-005
 -3.540349040712363E-006
  3.128394107615871E-005
 -8.128302979334591E-005
  9.819543970841303E-006
 -8.194231496661568E-006
  1.957315610150632E-006
  6.931623586335070E-007
  1.434100775065624E-005
  5.397542863396690E-006
 -6.146776253994676E-006
 -2.404192827150738E-005
 -2.866229570584495E-005
 -1.542956064927457E-006
  2.925911707560042E-005
  8.347864886436686E-006
 -5.217188804093044E-006
  7.773787365622230E-004
 -3.940413583805794E-004
 -2.548712308724578E-004
  9.104406359328961E-005
 -3.105034367132274E-005
 -9.785146613178930E-005
 -2.707280376305584E-006
 -1.173296748743222E-004
 -2.854388098971729E-004
 -4.123017501685754E-005
 -2.039175859625763E-005
 -5.822252887318646E-006
  1.460578819756019E-004
 -8.785869001413364E-006
  3.713952462432780E-006
 -2.250970184715335E-005
  2.017607677083838E-005
 -1.544855393006902E-005
 -1.139020776942502E-005
 -7.964399136464735E-006
  8.345903422250324E-006
 -2.759623722918679E-005
  2.678464156791390E-005
  1.070268923271909E-006
 -1.882024243144917E-005
  2.518728621726947E-002
 -5.491727008153284E-003
 -1.106436130933543E-002
 -3.413174841618472E-004
  2.094015910148391E-004
  4.895808879044351E-004
 -9.997110168246141E-005
  1.829709018152131E-003
 -1.557714130758092E-005
  1.610726868078641E-004
  3.964984612578479E-005
 -1.119471705064080E-003
 -2.805946996137085E-003
  6.054946605445742E-003
  6.145284675831545E-005
  5.435442032984068E-005
 -1.239499780512352E-004
  9.790128650304233E-005
 -7.697069315150538E-005
  1.847989980121047E-004
 -6.679843705815504E-006
 -8.239744938465517E-005
  1.830007929833265E-004
 -2.288537007808425E-005
  5.534737301767094E-005
 -1.063490238225373E-004
  1.132298114900601E-005
  1.584352902907870E-004
  1.156238892907825E-005
 -4.782367151272713E-005
  1.535145543916465E-004
 -2.876947106661709E-004
  2.505256192948205E-005
  4.246190965266042E-004
  2.277110958324509E-005
 -1.297782207948108E-005
  1.509935860467451E-004
 -3.471118836318751E-004
 -1.892443342427101E-005
  2.462036270257494E-004
  3.190225550375209E-005
  1.282201043794235E-006
  5.985016789557079E-007
 -4.023895214193460E-006
 -3.138287361040821E-006
 -2.098978112679063E-005
 -7.083157703418847E-007
 -2.107564841999418E-006
  1.048184314543026E-006
  5.724192847042547E-006
  9.919036332168113E-007
  2.268810424138313E-006
  8.715231983102516E-006
 -2.537578961306317E-005
 -1.034325330459604E-005
 -5.710208870330057E-005
  3.536822032181100E-006
 -9.120741407640020E-006
  1.686870526704580E-005
  1.864699223981754E-005
  2.835694782005791E-006
  6.840476899236959E-006
 -2.872153052447681E-004
  2.996426931393317E-006
 -3.970626593887883E-005
 -2.459269318586136E-005
  4.747387378137212E-004
  1.970839299138349E-004
 -6.875507824282093E-004
  4.514659834733991E-006
 -8.344216893540129E-006
  9.241857300588535E-006
  2.703219292643274E-005
  8.086316389837391E-005
 -2.379471704081293E-004
  1.530895145489048E-006
  3.238660701341276E-005
 -1.170903586041523E-004
 -1.679509842259326E-006
  1.540341130893304E-005
 -2.306880531887332E-005
  1.928529049947983E-006
  4.012335390442315E-007
 -2.490192076886577E-007
 -9.316059730086818E-006
  5.159421480166211E-005
 -7.553181559291665E-005
  9.129444919413759E-006
 -1.542514714783890E-006
  1.866148106730593E-007
 -1.229493010085852E-005
  2.028807617600919E-005
 -1.013461114189547E-005
  1.166583273315363E-005
 -5.307860562606037E-006
  6.290973677048940E-007
  5.860006509594786E-007
 -3.914353841897720E-006
  8.284699887419979E-006
  5.654012689038459E-007
 -4.900854335839480E-006
 -2.323403221782282E-006
  1.188439775609432E-006
 -3.224508141255211E-006
  3.490345150694236E-007
 -1.686730582054923E-006
  7.485885950948668E-007
 -4.353995013429076E-006
  2.216224830218704E-006
  1.421416208510982E-006
 -9.692822102691348E-007
 -3.667181993795582E-006
  1.831393813962613E-006
 -7.726294497736183E-007
 -1.140186428458762E-006
 -4.811984601483621E-007
  2.858351228006962E-004
 -2.800717535718308E-005
  3.499261077489134E-006
  7.076657332263879E-006
  6.076343905429122E-006
 -3.042328784698743E-006
 -9.255044726379418E-006
  2.098001178621216E-005
 -1.494593238609498E-006
 -1.949513104565741E-005
  7.685597346284370E-006
  6.106090737919274E-006
 -8.795713526360042E-005
 -1.221312635259903E-006
  2.610330204554637E-007
 -3.939345099418675E-006
  1.637035076200647E-006
  3.410325049401677E-006
 -4.157224409407442E-007
 -4.277503095734186E-006
 -5.804138915712055E-006
 -6.031938187756663E-006
  3.491360474956081E-006
  8.427327431909524E-006
  7.861426207781052E-007
 -5.690895442496303E-003
  8.528688062309908E-004
  2.219669796483602E-003
  1.206233603975081E-004
 -4.554815423231835E-005
  5.814191786364205E-005
 -5.982295594387633E-005
 -4.207653728727768E-005
  1.788609280266584E-005
  2.509422574220281E-005
  2.656383165854872E-005
 -1.849078422749401E-004
  2.216468598207757E-004
  2.900579022459978E-006
  1.515908494484562E-005
 -1.647521828796128E-005
 -1.453988314494400E-006
  2.081120218730759E-005
 -1.446590707965577E-006
 -9.285502758684353E-006
 -3.405312604730921E-006
  4.910970719035456E-006
 -1.899726269499283E-007
 -2.087069172279483E-005
  9.475475385634281E-006
  3.236541178310020E-003
 -7.338419694109435E-004
 -1.362395448610488E-003
 -4.526853754195426E-005
  2.745557476027628E-005
  5.614815888212181E-005
  5.529180306460438E-005
 -5.829806260352391E-004
 -2.211755316369090E-003
  3.651617026029834E-005
 -1.027125924126130E-003
  1.505491680950363E-004
  7.077090466721126E-003
 -3.216748384539533E-003
 -5.373392418216018E-004
 -3.500937095156513E-004
  6.382269567103970E-005
  4.490614529752501E-005
 -1.024487738635493E-003
 -8.520615530483698E-004
  5.506734170420606E-005
  1.130529430954947E-004
 -2.399911175211806E-004
 -1.369180382998835E-006
  1.707972578041228E-004
  1.384506686738513E-004
  5.370795241937281E-006
 -4.545095495033751E-005
  1.780592247585525E-005
 -1.253463028537852E-004
  3.805461224977753E-004
  3.500621477274854E-004
  1.722527755206542E-006
 -8.937391964012698E-005
  6.690717937377958E-005
 -2.911722028576483E-004
  1.089853433619755E-004
  1.494189217219255E-004
 -6.873279710974109E-006
  1.105252150821739E-004
  1.350348016711365E-004
 -2.195105584441494E-004
  1.173116895689924E-005
  2.504547920383948E-005
 -1.243979601088764E-006
 -2.267494847911000E-005
 -8.695097580499628E-006
 -1.251855839158771E-005
 -6.506627742554298E-007
  7.659396622830386E-006
 -2.309349088107319E-005
 -2.138472340580540E-006
  1.702049349775914E-005
  9.977251349352921E-006
 -1.424929088134422E-008
 -5.760594403894234E-005
 -2.751903405029953E-005
  6.544463545664910E-006
  9.486433885229373E-006
  1.690064583962392E-005
 -3.843655300504104E-005
 -5.628798849580859E-006
  1.605416180018600E-003
  2.975656674990574E-003
 -9.974068816345637E-005
 -2.326571120511592E-003
 -1.612910241120275E-003
 -7.280057593302266E-003
  8.089307477931910E-003
  3.045969316394738E-004
 -7.785930718701137E-005
 -7.977010594263684E-005
 -1.124385400085709E-005
 -2.465265598278783E-004
 -4.580376640625671E-004
 -1.078821725646651E-004
 -5.303856979482657E-005
  2.916486251117667E-004
 -8.671467942438635E-006
  2.477694265979468E-005
 -1.542263518794337E-005
 -1.292940428959185E-006
  2.705709670394991E-005
  1.741959930719298E-005
 -5.183403936374460E-005
  1.094511870462330E-004
 -1.252630704474253E-004
 -1.657305524391896E-005
  1.879962096231077E-005
  3.246035037953539E-005
 -1.282508080085437E-004
  1.011982373852183E-004
 -1.940140870766898E-004
 -2.179266202577550E-005
 -1.036082836550761E-004
 -3.011957333754327E-005
  2.410046269857799E-006
 -1.764333054231624E-005
 -3.544779771737538E-006
 -1.273708776527016E-006
  2.641438711124625E-005
 -1.223109759553573E-006
  2.651560451570245E-005
  7.207011404789847E-006
  6.781743546039967E-006
 -1.807625444263200E-005
 -1.836011589837650E-006
 -1.469299756623239E-005
  3.140287454008289E-005
  4.089048947882891E-006
  1.208467549022822E-005
 -9.204817565044866E-006
  3.199431720846894E-005
 -1.019764251384501E-005
 -4.521285532992798E-006
 -8.099469985478590E-007
  1.440788617033022E-007
  5.816977685705214E-003
 -4.687509665729946E-004
 -1.167676741832246E-003
 -1.470221631171657E-005
 -1.612330871744008E-004
 -1.038898938767131E-004
 -2.263034947693083E-005
 -4.160902267252627E-004
 -2.289212364795526E-004
 -5.089246265604988E-005
 -2.148990048126792E-004
 -3.586182513005829E-005
 -2.669867848834555E-005
  5.689327211721549E-006
  6.740405226342665E-005
  1.023619659434978E-005
  5.977246172760389E-006
  8.177727086358516E-006
 -1.166657338448194E-005
  2.938617795358591E-005
  5.954920707651722E-005
  8.299973557277382E-006
 -2.990032555957960E-005
 -3.426652645762011E-006
  5.141476059936932E-007
 -5.596787469006405E-003
  9.523255176226062E-004
  2.247975777465058E-003
  9.186047832800532E-005
 -3.588187401920251E-006
  5.229476949004143E-005
 -9.326810375511408E-005
  5.213970507404688E-005
  1.015352828335752E-005
 -9.990265217010369E-005
  1.171924513926910E-004
 -2.336599257213861E-004
  1.280085558379294E-004
  1.149495284851786E-005
  3.596313023092661E-007
 -2.291494069070579E-006
  8.886607684370212E-007
  2.585818694764393E-005
 -1.238361361695488E-005
 -1.042479380146249E-005
  6.640979600758348E-007
 -3.879143216177439E-006
  9.287636281431675E-006
 -8.813592907833654E-006
  1.137157520030813E-006
  2.663589470904058E-005
  6.056470993402294E-005
 -7.212678274313433E-004
 -1.699102893800778E-004
  2.472697965656910E-005
 -3.772859809470834E-005
 -3.206408612683920E-006
  1.417818348451519E-004
 -1.759691288392459E-003
  3.063530539529900E-003
 -7.816735255601406E-005
  1.105798274434311E-003
  7.894619128566866E-006
 -7.467888442006839E-003
  6.454326899426252E-003
 -1.965092457367850E-003
  4.951862342049626E-004
 -1.224133208123333E-004
 -8.182516129827866E-006
  1.217253904526216E-003
  4.243062118613874E-004
 -1.429435847544957E-004
 -7.145231998003926E-005
  1.872246033680207E-004
 -8.630259877115407E-005
 -1.724083392229830E-004
 -9.648657438770276E-005
  4.240831579996068E-005
  3.385209078467709E-005
 -9.402099386164112E-005
  1.385562484383059E-004
 -3.535834970088426E-004
 -2.364901626869333E-004
  1.354532790480305E-004
  3.612659937190518E-005
 -2.775593275123286E-004
  3.174568976369375E-004
 -8.844627416795074E-005
 -2.732554116386762E-004
  1.625597458363873E-004
 -5.628798962023201E-005
 -1.823121269334225E-004
  1.447342637881827E-004
 -8.970011823009899E-006
  1.477395651222872E-006
  3.978962930497304E-006
  1.903498603949073E-005
  1.994929407169680E-005
  7.875049429538963E-006
 -6.619409770822311E-006
 -1.066944266398740E-005
  1.838083366124406E-005
  2.230159911163366E-006
 -1.394825315751725E-005
 -2.594780326032738E-006
  1.239312431601392E-005
  4.842479853207066E-005
  4.656959633659000E-005
 -6.580039059518927E-006
 -1.214580374053521E-005
 -3.039282996313095E-005
  3.903219154763835E-005
  5.999901882372345E-006
  4.074152778865275E-004
 -2.005825532310634E-003
  7.424938523444950E-005
  4.608110790085349E-004
  8.510856491564325E-004
  8.024800525583832E-003
 -7.993238546047751E-004
  3.786976735745060E-004
  2.996356675702954E-005
 -5.876508487277042E-005
 -1.280483532906800E-005
  3.067630627044383E-005
 -3.932535890509629E-004
  7.590773127998376E-005
  1.336743594183637E-004
 -1.351139396960581E-004
  5.745404244790342E-005
 -4.841157565355948E-005
  2.539286256389168E-005
  1.580585059727360E-005
  2.543426408237466E-005
  1.724175172996997E-006
  2.297731157118482E-005
 -1.780095755828326E-004
  4.291896947255978E-005
  5.235838018129229E-005
  8.922707692627903E-005
  3.049087931780419E-006
  8.878249865655353E-005
 -1.119627641293703E-004
  6.800415892752975E-005
  2.332093174407498E-005
  7.021416810583885E-005
  9.975919783296687E-006
  4.174859602353146E-005
  1.561692489892182E-005
  1.519277872171963E-005
 -2.503174110686255E-006
 -1.662480125117746E-005
  6.390582631383336E-006
 -3.022597344558802E-005
 -5.298705916160540E-006
 -3.080098251226553E-007
  7.033390267619904E-007
  9.370613119363033E-007
  2.201996543929762E-005
 -2.702700290622119E-005
 -7.211045982547703E-006
 -3.470259699691763E-005
  3.751688648139239E-006
 -3.135729932097523E-005
  1.082944306850052E-005
  7.855212151630831E-006
 -5.461326299280388E-006
 -2.147220563610425E-007
  1.416285885020360E-003
 -1.443386253314886E-004
 -8.926010456945246E-004
 -2.897289311498473E-005
  6.989079966359448E-005
 -6.315733777142985E-005
 -2.371544688191850E-006
  1.806692735153689E-004
 -1.845037156015633E-004
 -1.231186449529527E-005
  1.744922046701745E-004
  6.490719656674878E-005
  5.686239867626928E-005
 -1.622813992203447E-005
 -2.275946852391318E-005
 -1.490340743983383E-006
  2.608380715781723E-005
  7.989790277681373E-006
 -9.855667235782767E-006
 -2.714503030394530E-005
 -5.653148038394502E-005
 -3.942289247195133E-006
  2.708597301698241E-005
  3.406936700904163E-006
  5.905728696289165E-008
  9.778265810128983E-003
 -1.630435537900388E-003
 -3.662365549042124E-003
 -1.074748068208129E-004
  3.997784681346124E-005
 -9.551680236535170E-005
  1.534012086037832E-004
 -4.604650465849559E-005
 -1.101406489285935E-005
  1.383436830530805E-004
 -9.119876299141017E-005
  2.859852553460122E-004
 -2.625841941167653E-004
 -1.597709842299396E-005
 -8.607721501072260E-006
  1.637860338077361E-005
 -1.582038527925765E-006
 -4.232780298798913E-005
  1.755913695091973E-005
  1.033114932054641E-005
  2.092024761109543E-005
 -4.762736356341712E-006
 -1.006893980987195E-005
  2.982600157463137E-005
 -2.622095106744642E-007
 -1.732732220121515E-003
  3.272779586348734E-004
  1.448434970946688E-003
  1.216570081662700E-004
 -5.975320012056468E-005
  1.052265881981529E-005
 -2.251625555557375E-005
 -1.099265842287048E-004
  1.511786380226024E-004
 -7.775824190719140E-005
  6.043313934734030E-005
  3.331514585724691E-005
  6.522215289501406E-004
  4.494896719991784E-005
 -1.082603652172112E-003
 -1.828298980300775E-003
  1.537757851259475E-002
  7.295052101855198E-005
  4.515154490252893E-006
 -3.157503253907468E-004
  2.170909207599666E-004
 -1.011306192476471E-004
  5.837529860682736E-004
 -3.603377068316806E-006
 -8.013033359486329E-005
  4.766122203626145E-004
 -3.077867650985757E-005
  3.720222096242537E-005
 -2.793354056397366E-004
 -4.060140749221001E-005
  3.571496266094355E-004
  7.138008400206757E-005
 -5.719645779505890E-005
  1.224514720917628E-004
 -7.564836384043210E-004
 -1.089848961082710E-004
  9.668963340547454E-004
  1.661813539033299E-004
 -6.502659359220062E-006
  1.407937740610183E-004
 -8.695797674685900E-004
 -1.194931914961473E-004
  6.135805946942197E-004
  1.259958508553673E-004
 -3.784926679415414E-006
  3.433261524214666E-006
 -1.237448789703988E-005
  9.449907897979677E-006
 -4.812642188281886E-005
  1.904872140266566E-006
  6.173649817546406E-008
  1.015023444542995E-005
 -3.618471018741058E-006
  7.414178172033107E-007
  3.688244291251947E-006
  1.097360090376926E-005
 -6.442956903364636E-005
  7.316615054629937E-006
 -1.271020147471573E-004
 -1.838134792838578E-005
 -1.344346591277211E-005
  4.831834454664995E-005
  2.935679683454708E-005
  5.370408162332138E-006
  3.251805735623606E-005
 -2.870928007347517E-004
  1.306861499493277E-005
  6.130429451501129E-005
  7.510927780325597E-005
  1.370202444063585E-003
  2.858574475397312E-004
 -2.348909040022292E-003
  8.538801378687749E-006
 -1.071800298503712E-005
  2.347357966782326E-005
 -2.381215074832019E-005
  4.369689304803287E-005
 -6.352368861971957E-004
  1.185462694545851E-005
  3.923637894522140E-005
 -3.200315385582470E-004
 -9.593154697687827E-006
  1.732593095086864E-005
 -5.696225347687122E-005
  6.046483438948747E-006
 -3.017860325984466E-006
  3.546671258739080E-006
 -3.431675628680347E-005
  5.531625277278749E-005
 -1.863269138476470E-004
  2.262665209516358E-005
 -1.413668532126130E-005
  1.169010419163990E-005
 -2.038050984352259E-005
  2.315422624045715E-005
 -1.801493774931823E-005
  1.741317611344365E-005
 -2.037631227906888E-005
  2.967333730078941E-006
  2.595620486267789E-006
 -1.939832627741669E-006
  1.989381364550915E-005
 -3.491494158231214E-007
 -1.290913378325102E-005
 -7.437712042980244E-006
  9.857105320908225E-007
 -9.000905455634034E-006
 -1.017298968530798E-006
 -3.630969396625039E-006
  2.910916767417355E-006
 -8.860499770078134E-006
  4.025827921537795E-006
 -3.688787155613621E-006
 -6.026613269957019E-006
 -5.043963146638445E-006
  3.301175041279051E-006
 -2.793535668320093E-006
 -1.043025353759020E-006
 -4.107640844059008E-007
  3.955113840272786E-004
 -5.250099700429275E-005
 -1.731167871348257E-004
  1.186333329835339E-006
  1.147130621980209E-005
 -9.261344767963331E-006
 -3.048355484647334E-005
  4.530723143020846E-005
 -1.829598445263717E-005
 -6.907976758260771E-005
  3.660674118519869E-005
  4.780217494778224E-005
 -2.276108927847673E-004
 -3.390260244260336E-006
 -2.976452271616829E-006
 -8.814059356531247E-006
  3.621700848892327E-006
  1.121398039180556E-005
 -2.314406046319911E-007
 -8.569056133427563E-006
 -1.438193892006464E-005
 -1.321522510085776E-005
  4.058640384439885E-006
  2.304925007905599E-005
  4.510415748987679E-006
 -1.351866923884905E-002
  2.104011758814787E-003
  5.319956076115425E-003
  2.654853729676746E-004
 -9.983942974480377E-005
  1.641460635875542E-004
 -1.358387591609003E-004
 -7.670280603158680E-005
  1.248005826165874E-004
  8.185767020381566E-005
  7.508376088189850E-005
 -4.332157313652251E-004
  4.961444752186177E-004
  8.149164933570454E-006
  3.533579689055308E-005
 -3.264790501510041E-005
 -9.264481147862156E-006
  5.200846833830878E-005
  1.115316214291702E-006
 -2.044014051532494E-005
 -8.796933883017659E-006
  1.810066266079432E-005
 -8.987100391443967E-006
 -5.055465869404662E-005
  2.942724090676890E-005
  2.925729068100714E-004
 -1.278087594359631E-004
  6.154677029855790E-005
 -2.570907155793850E-006
 -9.834950629127712E-007
 -8.025972041230541E-006
  1.156515709213251E-004
 -6.065301693597690E-006
 -4.526914898648297E-005
  2.799573213708977E-004
 -1.371530231925342E-003
 -9.353767200440693E-003
  1.424588045490543E-004
  1.176650176234891E-003
 -1.085846592843043E-004
 -7.492569378229983E-004
  1.300861385741675E-002
  3.299865010182417E-003
  9.660578395350740E-005
 -3.116361233215967E-004
 -9.134563724292767E-005
  6.275788728382443E-004
  4.726267471227418E-004
  3.322803986486736E-004
 -1.543829642489934E-005
  3.387640025422756E-004
  1.159475059214672E-004
 -2.654422633083945E-005
 -2.581060343854424E-004
 -7.592330975055665E-005
 -1.384784499277579E-004
 -3.802329381491600E-005
  1.650226762585973E-004
 -4.545891775548894E-005
 -6.513026675428813E-004
 -1.962493040392989E-004
 -3.705212437107049E-004
 -9.424873532772138E-005
  4.159801614661939E-004
  1.033869378366548E-005
 -5.338464745943322E-004
 -1.338253256652107E-004
 -2.298727725888211E-004
  3.889743683412006E-005
  2.195340788051556E-004
 -2.089603581011676E-005
  1.262665417676148E-006
 -6.197436805324423E-006
  4.834933402055179E-005
  6.050247614694573E-006
  1.433877340979848E-005
  1.066948158058793E-005
  1.522245490177150E-005
 -3.327111015943993E-005
 -3.008339365482359E-006
 -1.122304984522139E-005
 -2.020034135755699E-005
 -1.211129684656415E-005
  9.472880397533946E-005
  2.404297104575049E-005
 -6.105965443967528E-005
  1.484270985537130E-005
  1.617072961827134E-005
 -2.432778820855690E-005
 -1.353144257235730E-006
  1.762187423017461E-003
  5.567261799730894E-003
  3.099200362703402E-005
  9.356960468439540E-004
  1.176836779932224E-003
  7.328163663061797E-003
 -1.548815679896299E-003
 -1.727092352519500E-003
 -1.766786684007194E-005
  2.681725729023431E-005
  6.167815138146302E-006
 -1.912641088878124E-004
 -5.653258771320280E-004
 -2.055481061463629E-004
  1.406877795705947E-004
 -1.652727706240903E-004
 -1.076067848906823E-004
 -5.093796513994414E-005
  2.838196134733375E-006
 -1.110783232174189E-006
  2.830658229717660E-005
 -5.184678454886431E-006
  2.263138284276754E-005
 -1.501821832634146E-004
 -3.139118727894345E-005
 -5.489657143547204E-006
  8.103032665016499E-005
 -1.381850407484625E-005
  6.915185661324967E-005
 -8.232015644706281E-005
  2.582369123329556E-005
  2.643677400360350E-005
  4.473023338521910E-005
 -9.985561765715358E-006
  3.758992306184370E-005
  1.101659748221503E-005
  2.295463819959677E-005
  2.180717249428638E-006
 -7.283931845401373E-006
  1.424745978794704E-006
 -2.576586060124371E-005
 -5.677613150555932E-006
 -3.328989899627934E-006
 -5.921798747928974E-006
  3.827575500664320E-007
  1.476196392087635E-005
 -1.832240822402113E-005
 -6.303863288251098E-006
 -3.165843630488325E-005
 -5.249665823557030E-006
 -1.262745545774580E-005
  6.137143109514209E-006
  2.679436207610694E-006
 -8.902110452149412E-008
  1.208142360213468E-006
  2.479554813237666E-003
 -9.157418676494210E-004
 -2.115160774959580E-003
 -8.437069629157134E-005
  2.881873047768326E-005
 -1.266381539106265E-004
 -3.476037211806200E-005
  1.615406770155553E-004
 -1.763570333724973E-004
 -6.953672211599973E-005
  2.326847001320714E-004
  1.783028138550436E-004
 -3.372572238921148E-005
 -1.785193086234671E-005
 -2.041702193568691E-005
 -1.116581508644959E-006
  2.544361998237976E-005
  1.642466383383213E-005
 -7.591689120033045E-006
 -2.152556063555722E-005
 -5.307610836406112E-005
 -4.545479036358706E-006
  1.216658796850523E-005
  1.216265650908846E-005
  9.358972667051988E-006
  2.283456423617899E-003
 -1.729792798611824E-004
 -6.836683987600172E-004
 -5.013591577616746E-005
  1.515406871230693E-005
  3.972439573497721E-005
  5.803963560938152E-005
  1.304481390315189E-005
  1.919852761795816E-004
  1.196834759813506E-004
 -1.263199366652044E-005
  1.073953085152474E-004
 -8.939522134410661E-005
 -4.112422851944500E-006
  1.216137045267216E-006
  1.489641753689796E-005
 -1.404889365621517E-005
 -6.296813352976735E-006
  1.816131650815967E-005
  9.208493450127387E-006
  4.345098444966648E-006
  1.660525113464819E-005
 -2.761714328501726E-005
  1.347270040342733E-006
  1.840864983488988E-005
 -1.711852867606744E-002
  3.787958230588539E-003
  8.057466814271002E-003
  2.860832925639809E-004
 -1.758161553027913E-004
 -3.086900217481082E-004
 -2.940739084655740E-005
 -4.731693071602908E-005
  8.789191280351316E-005
  3.009526460889586E-005
  2.983760661109275E-004
 -1.694907523829229E-003
 -1.276999740685746E-002
  1.684671496367450E-004
 -5.171984495335871E-004
 -8.746727241941896E-004
  5.138343810910649E-003
  4.631564205918288E-002
  8.542565976995526E-003
 -3.062186412335275E-004
 -1.163842854183535E-003
 -2.883816659422856E-004
  2.750646737760385E-004
  2.071939083963075E-003
 -1.948949645685515E-005
 -1.019394824912279E-004
  1.331766255904466E-003
  1.482957462810216E-004
  2.758510834003519E-005
 -1.009949404216330E-003
 -1.308298011118005E-004
 -5.399051855622992E-004
 -2.140336776753843E-004
  5.123200772222640E-004
  3.700888048677089E-005
 -2.585297742271195E-003
 -3.287998179041527E-004
 -1.304861271285745E-003
 -5.757472188306730E-004
  1.267852390798974E-003
 -2.118367512982789E-005
 -2.176971142927062E-003
 -2.993554679816035E-004
 -6.817086270890194E-004
 -2.695836017727093E-004
  7.028923022188473E-004
 -2.007832917713442E-005
 -3.569229973283069E-005
  7.703883689040263E-006
  9.804283076750209E-005
  4.031154639091394E-005
 -3.780784323609882E-005
  2.322668081987975E-005
  1.464288044400442E-005
 -3.398774272680854E-005
 -7.448921377681560E-006
 -3.535294000470702E-005
 -1.100196184485907E-004
 -1.250772980549625E-005
  3.408839703454672E-004
  1.637290871182619E-004
 -2.348251503313461E-004
  5.983169376184981E-005
  4.036210964622358E-005
 -6.947546283695871E-005
 -9.284793280242443E-006
  1.134151834181667E-003
  5.636466500214211E-003
  4.962191710774975E-005
  3.511557811142694E-003
  3.369858560463202E-003
  3.216804763796104E-003
 -1.293819475060358E-002
  4.089797983899334E-004
  3.499402133484833E-005
  2.506305839159607E-004
  3.837326522756743E-005
  2.569233898569922E-004
 -7.138015271001627E-004
 -7.032291820757356E-005
  9.229894648314056E-005
 -7.540946647873830E-004
  8.601477675549297E-006
 -6.723265301682434E-007
 -1.998589726827346E-004
 -4.004124896280865E-005
 -6.866251215739710E-005
 -2.393324805302846E-005
  6.933483868756534E-005
  1.419820813173816E-005
 -5.414062714420436E-004
 -1.081725381813770E-004
 -1.722603172829552E-004
 -6.037331424233233E-005
  1.580621091512170E-004
  4.375982987512022E-005
  4.006037725669765E-005
 -8.722711898296391E-006
 -4.402304031802931E-005
 -9.980696053192717E-006
  2.632104429090949E-007
  1.322699066950366E-005
  6.387279313177407E-005
  1.531811652729553E-005
 -2.717924989016583E-005
 -3.092514723419440E-006
 -1.250172211834514E-005
 -2.449248552501601E-005
 -1.067914934294993E-005
  9.604663443273959E-006
 -1.546322394781866E-006
  7.702608667582427E-006
  1.684510525865869E-005
  5.386757709869748E-006
 -4.080171121748617E-005
 -1.157618509867647E-005
  1.769388521473889E-005
 -1.226089355074713E-005
 -9.459578559698788E-006
  1.993757539358270E-005
  1.357606949943014E-006
 -1.091782489081115E-002
  6.046938929098636E-004
  4.522940784264130E-004
 -5.376319202810616E-005
  9.438592052397741E-005
  1.364432202363645E-004
  4.256513271528563E-005
  1.868459698402437E-004
  3.097284654186722E-004
  1.058081303625205E-004
  2.078567549166356E-004
  3.105099298606025E-004
  6.475688314241765E-005
  1.535042981180357E-005
 -8.632020765714505E-005
 -1.628400967661613E-005
 -3.918304129220848E-005
 -2.736823617650553E-005
  2.383261148040491E-005
  3.726351166357463E-005
 -1.060386937024171E-005
 -7.907187238100107E-006
 -3.967529956654709E-005
 -2.432439893973097E-005
  2.411787902972452E-006
  1.685607979608426E-002
 -2.262424295893731E-003
 -6.619185000992188E-003
 -4.115075702907840E-004
  1.373671466399785E-004
  4.060915592880381E-005
  3.199907866521890E-004
  2.109826953090567E-004
  6.065509918685057E-004
  4.214318957600371E-004
 -2.433709321953413E-004
  5.695927677145714E-004
 -7.987857616060172E-004
 -6.777441726165689E-006
 -2.087973893392403E-005
  7.672695766921170E-005
 -5.243209746160994E-005
 -3.824768957420140E-005
  5.920953918777563E-005
  4.438410188667145E-005
  2.022581799805528E-005
  4.210279378392085E-005
 -7.828107729926676E-005
  7.860418853796820E-005
  3.389697541259532E-005
 -5.548616174927199E-002
  1.187514552790369E-002
  2.620183018391117E-002
  1.111931073561589E-003
 -5.184951710175962E-004
 -9.743231472688617E-004
 -1.173798407125747E-004
 -1.800730451528520E-004
  2.516513959364445E-004
  1.714073521379513E-005
  7.794944037746727E-004
  2.639469089557824E-003
  3.651509925782986E-005
 -1.597132770425092E-003
  1.776567699592352E-005
  3.798318077154317E-004
 -1.074447527933434E-004
  4.744959690040037E-004
  7.524017636970611E-003
 -2.922975615876421E-003
 -4.333800973108237E-006
 -1.961952504256255E-004
  1.038142894238423E-004
  2.170419367229266E-004
 -2.471773542253582E-004
  4.405568518736001E-003
 -4.551765774755873E-007
  1.004225149503108E-004
  6.452654224111039E-004
 -5.761601913534824E-006
 -7.719139664173190E-005
 -4.314332728876148E-004
 -7.614724922229410E-005
 -2.736162941509155E-005
  8.190885113582893E-005
  1.506329285046813E-005
 -2.041387151866631E-004
 -1.126287764252608E-003
 -2.135487505602410E-004
  7.587256695917096E-005
  1.984854577097729E-004
 -2.067850383372575E-005
 -2.807314941352586E-004
  1.363716088521632E-004
 -2.262813209288986E-004
  1.163121985179311E-003
  2.469598247626243E-004
 -3.438322193970901E-006
  1.787508277300478E-005
 -1.430103152291066E-004
  1.308727388971315E-005
  1.238987590110756E-005
 -2.772307307800447E-006
 -2.980421310582259E-006
  3.507932671094041E-005
 -8.933818841257999E-006
  3.597699617272206E-005
 -3.245178796759835E-006
 -1.036611537271930E-005
 -8.673883268580005E-005
  7.080086117212896E-005
 -1.659097839740419E-004
 -6.106532478184946E-005
  1.619883699087701E-005
  1.518791403164967E-005
 -3.823039559991175E-005
  2.385030621805013E-005
  8.091349571718230E-005
  1.030585410200692E-004
  1.071750795514911E-005
  1.694806706202416E-004
  4.357755327314333E-004
  3.402859050126927E-004
  3.390175011996444E-003
 -3.136697580679386E-002
  5.411921577887315E-006
  1.474836297195476E-005
 -2.834945941974689E-005
  6.380193737042695E-005
 -1.314333013995348E-006
 -1.466877475151586E-003
 -7.533421675723460E-006
  1.194267895783687E-004
 -1.466989916775717E-003
 -2.158915857317198E-006
 -4.277055655452707E-005
  9.424396117093451E-005
  1.803955861058553E-005
 -1.582640041645707E-004
 -1.588064275326833E-005
 -7.183206776576346E-006
 -1.481286940246007E-004
  3.463660743908754E-004
  4.086932665474797E-005
 -3.728863571937213E-004
 -3.368611987817163E-005
 -3.504629035283304E-006
 -6.528121593757605E-005
  4.120908716386688E-004
  2.213435328963138E-005
 -1.644018049555712E-004
 -1.862972425434807E-005
  1.736546213197608E-006
  1.956500969788229E-005
 -6.502356344725698E-005
  1.293595555017593E-006
 -3.905247240854362E-005
 -6.503234194610416E-006
  1.374579381415534E-006
 -3.440413443933224E-005
 -2.368874784212890E-005
  3.314256596219641E-005
  2.694263473389162E-006
  1.404364521951304E-005
 -7.792463798658161E-005
 -8.234137365832025E-006
 -2.545103232953422E-005
  1.513469456645379E-007
 -2.037355242734927E-006
  6.806239430877620E-007
 -7.931579491308259E-006
  2.574800468116462E-005
 -8.628464498298064E-004
  9.797169989718327E-005
 -1.460464721692925E-004
 -6.979411823980725E-006
  3.058700408055021E-006
  5.647607595968916E-005
 -3.689952367010141E-004
 -1.287634851911565E-005
  1.175863092231837E-004
 -9.710858504942648E-004
  2.867431080762469E-005
  1.457772968371857E-004
 -7.489511031565890E-004
  1.200974256635301E-006
 -1.424167103173862E-005
  5.846344636576416E-005
 -2.213360553538575E-005
  1.491849051502556E-004
  2.093263127875045E-005
  6.586199528883207E-006
 -7.492580989284332E-006
  9.159423823777772E-005
 -3.177573898334042E-005
  2.000519623622488E-004
  2.518953945445722E-005
  3.014498229952400E-003
 -1.841622655316358E-004
  1.338266589868027E-003
  2.014365314619494E-004
  8.445003746084341E-005
 -2.953646880225091E-005
  8.345889333420578E-005
 -1.244720252961628E-005
 -2.427043074753089E-005
  1.131004073117976E-004
  4.207502118963428E-004
 -2.219325907191589E-004
  5.211263281100483E-004
 -3.427596744115573E-006
 -2.154559215356190E-005
  3.031621251747167E-005
 -4.664472498212111E-006
 -1.372972472622786E-005
  8.092069242327683E-006
 -3.576304817033693E-005
  7.803012864412084E-005
 -1.419546676624082E-004
  1.068183447488520E-005
  5.676750829802785E-005
  2.508121369545173E-005
 -7.990429193103754E-003
  1.735166765591272E-003
  3.800553326505600E-003
  1.715949477890863E-004
 -7.886495244576318E-005
 -1.372776009225030E-004
 -3.487217117936268E-005
 -9.073397244929990E-006
  4.525215198202122E-005
 -2.876419758312794E-005
  1.328396546711185E-004
  3.304989397048106E-004
  6.575951080166424E-004
  1.324716231382518E-004
 -4.795898635679360E-004
  9.242591483902144E-006
 -1.873662176607859E-004
 -1.512547821164513E-005
  1.060483109687737E-003
  7.239367285156876E-005
  4.615228301103601E-005
 -6.789798088823700E-005
 -5.574082114314588E-006
  2.806231519441249E-006
 -1.567038470620350E-004
 -2.477230986547869E-005
  6.674243747250093E-006
  7.986399490986100E-006
 -7.820143658894937E-007
  2.789125990629643E-006
  2.357847093315339E-005
 -4.842232458989715E-006
 -1.628253814873619E-006
 -1.328655008466765E-005
 -4.566831557889258E-008
 -1.029192084848574E-005
  4.821061694682692E-005
 -1.408614955091193E-005
 -6.267881749650182E-006
 -2.619279966951730E-005
  2.703497770634180E-006
 -2.201781727730961E-005
  1.100133094252012E-005
 -7.657945002629092E-006
 -5.581580769159031E-006
 -9.492382536537103E-007
  6.422888787219548E-006
 -1.005209268886641E-005
  1.267265428018934E-006
 -4.162657381651788E-007
 -1.908371771352373E-007
 -1.496442409051345E-006
 -6.403447485623477E-007
 -2.305353875005457E-006
  9.742391514991349E-007
  1.199932108194741E-006
 -2.506451716332226E-006
 -3.363649770198346E-007
  1.177937315288695E-006
 -1.662815218133309E-006
 -3.673756761445901E-007
 -6.918513851821494E-007
 -4.286378319002103E-007
 -2.841960560683936E-006
  2.863820752965270E-006
  3.451778970654708E-006
 -6.928647040762500E-006
 -1.028134431503373E-006
  4.855832132330248E-005
  4.831942233736099E-004
 -1.053930743142437E-005
 -4.287259797643916E-005
 -6.370732990303817E-005
 -1.008007149286393E-003
  3.143170958291055E-005
 -2.414497439656612E-006
 -5.085827830643311E-006
  9.829886881608797E-006
  1.408371424280640E-006
  3.940141401531088E-007
  1.812166380386487E-005
 -3.610030518693283E-007
 -1.377444010590991E-005
  7.000474950712240E-006
 -9.154305467753750E-007
  6.215028582596644E-006
 -6.837270475822997E-006
 -1.248252152906833E-006
 -3.510040446650711E-006
 -2.248037876502148E-007
 -2.704988135945934E-006
  2.352413325515750E-005
 -1.763370096891386E-005
 -3.958941018520701E-006
 -1.296180031941957E-005
 -5.552284868620073E-007
 -1.056233293573792E-005
  1.540305836475717E-005
 -1.089837977377233E-005
 -2.468780694318675E-006
 -1.100969650051609E-005
 -1.677957273767977E-006
 -4.393361864241075E-006
 -1.995193143338802E-006
 -5.697593157445218E-007
  7.523316696311356E-008
  2.090808499248182E-006
 -5.275403644706519E-007
  3.894770930768224E-006
  3.067519051788655E-007
  1.718370791752570E-007
 -3.504963997920745E-007
 -8.235674871279020E-008
 -2.706690176771041E-006
  4.248618458432040E-006
  8.458699981608761E-007
  3.558613421744986E-006
 -6.642638902481257E-007
  4.561457108568136E-006
 -1.724335283060367E-006
 -1.073296916709793E-006
  9.243873907490615E-007
  7.580897284963889E-008
 -1.959592498480089E-004
  5.857399456938742E-006
  6.891298872986555E-005
  1.800820172708503E-006
 -1.017620058662371E-005
  6.142000382729478E-006
  7.225257896978108E-007
 -2.721456105248166E-005
  2.073541127241416E-005
  2.754255096937745E-006
 -2.071839401600614E-005
 -2.437596831986982E-006
 -1.509675405506084E-006
  2.253845512380349E-006
  2.663602564324959E-006
  3.365491300404526E-007
 -3.461457246989369E-006
 -1.270813916312922E-006
  1.207611734609020E-006
  4.610003013031076E-006
  7.609123762974313E-006
  8.190744005721123E-007
 -4.533236062808264E-006
 -1.214588687506405E-006
 -7.676695022281217E-008
 -5.702976169126036E-004
  1.082965321636487E-004
  2.090776753514915E-004
  1.420826583703274E-006
  2.871570394595460E-007
  8.272307182649124E-006
 -9.529616080612879E-006
  1.147120558955493E-005
  8.751968063534921E-006
 -1.056300806267529E-005
  6.354593479620332E-006
 -1.688633099565182E-005
  7.202888965068277E-006
  1.665939660788341E-006
 -1.938574958776140E-007
  2.480170503946181E-007
 -5.372955297835666E-007
  3.295542113242072E-006
 -1.128644131004774E-006
 -1.261891862803851E-007
 -1.416952530925523E-006
  4.252847864633381E-007
  1.539230512644262E-007
 -5.614311546283601E-007
 -2.773386498404104E-008
 -7.261527833389965E-004
  1.625125343910202E-004
  2.618446525290679E-004
  2.406130895016470E-006
 -1.506045865188416E-006
 -1.741391932439330E-005
 -1.791882001871187E-006
  1.186903046367419E-005
 -1.309669736485561E-005
 -4.725243298140391E-007
  1.963739511880951E-006
  1.342888284699856E-005
  1.463016855039049E-006
  1.876570830175790E-006
 -3.430017415806131E-004
  1.554260680494582E-003
 -2.228240877596856E-005
 -2.847287500181118E-004
  1.339546742924011E-005
  1.810856167600121E-004
 -3.321729496004679E-003
 -5.518102609994658E-004
 -3.289276963296583E-005
  8.067554310614329E-005
  1.890267644892892E-005
 -1.536959504566689E-004
 -6.671094873480577E-005
 -8.182178615644191E-006
  6.829308353350725E-007
 -7.577681537953974E-005
 -9.276435308524670E-006
  1.153185902186119E-005
  5.502735583970999E-005
  7.226060629677449E-006
  3.028634180541316E-005
  1.615320784925218E-005
 -4.181820082727436E-005
  1.819736584911590E-005
  1.389775490973521E-004
  1.750269738620649E-005
  8.257789503255846E-005
  4.346436449901295E-005
 -1.007752608816744E-004
 -1.592372916202907E-006
  1.480817419776575E-004
  1.807876716513743E-005
  4.020127209402321E-005
  9.112955423501114E-006
 -3.860889917782030E-005
  4.228205961850200E-006
 -2.669755801988874E-006
 -7.452349090375785E-007
 -1.046033091852126E-005
 -2.651235134945070E-006
 -2.224286967029336E-006
 -1.065157784160072E-006
 -1.836812674564063E-006
  5.865229154469089E-006
  8.606825278672139E-007
  2.449438152837809E-006
  4.449623409181181E-006
  3.807552763987129E-007
 -2.134723765309824E-005
 -1.007102193137062E-005
  1.399892319458481E-005
 -1.665390580482218E-006
 -2.951768815176868E-007
  5.465483322654726E-007
 -2.852613162700873E-008
  8.525241100632490E-005
  3.892395412863387E-004
 -1.221701797105074E-005
 -1.636397389316190E-005
 -1.038399746043704E-004
 -1.014988885599834E-003
 -2.026227308302660E-004
 -6.690921460914895E-005
 -1.645306529940639E-006
  1.228085636543257E-005
  1.436947745372880E-006
  5.258827137423513E-005
  1.634822145719754E-004
  2.430375317877896E-005
 -2.132460283799585E-005
  2.714254431140418E-005
  5.209575399475978E-007
  9.307410057671487E-006
  7.145348848697378E-006
  1.251178883344416E-006
 -5.714271915955429E-006
 -9.493217166837103E-007
 -3.593138141716058E-006
  3.052687958937232E-005
  3.560798849217644E-005
  4.818512231948330E-006
 -1.513906830613265E-005
 -7.612899773237798E-007
 -1.538781128323968E-005
  7.640041153818668E-006
  1.239586050967480E-005
 -2.231626763285729E-008
 -1.371153773922704E-008
  2.425898941516534E-006
 -7.626329616079441E-006
 -2.473911276088473E-006
 -5.962203268356523E-006
 -9.179269411865077E-007
  2.754700172795223E-006
 -4.193234401211695E-007
  4.667033655470197E-006
  1.540704929261454E-006
  2.267816405551924E-007
  1.340088480572161E-006
  2.303817668771051E-007
 -3.733660206223586E-006
  2.378632002647903E-006
  5.667792046752184E-007
  9.290261675672452E-006
  1.653917151368144E-006
  1.910718942998305E-006
 -8.068013162136596E-007
 -5.216433178213362E-007
  4.177194599307631E-008
 -1.504529561796072E-008
 -2.730242976028033E-004
 -1.200302920725760E-005
  2.281938632921109E-004
  1.093484382797442E-005
 -2.832989143268306E-006
  1.249759369358151E-005
  1.182930046204030E-006
 -4.563799339335681E-006
  5.039433376109765E-005
  5.294252884766789E-006
 -2.256189038216268E-005
 -2.119479469998945E-005
 -2.453242463229846E-006
  2.373752701221533E-006
  2.222964489091286E-006
  4.111691068791806E-007
 -4.327853511648157E-006
 -1.505476293262808E-006
  1.954100810426624E-006
  2.033174476481254E-006
  6.051963470008457E-006
  9.831620625807334E-007
 -1.062106968981411E-006
  9.101228642032798E-008
 -9.710675074998438E-007
 -1.143318343823796E-003
  1.613938003769633E-004
  4.240583039950042E-004
  2.191279780074897E-005
 -8.293327334099489E-006
 -2.625387127523470E-006
 -2.235564621997248E-005
 -4.742366145025496E-006
 -4.333627851038050E-005
 -3.235620088692058E-005
  7.865886725377707E-006
 -3.339707177794907E-005
  5.292876604960073E-005
  1.344770937265167E-006
  7.957081406908013E-007
 -5.025123067228277E-006
  3.399666781634198E-006
  3.495737696629546E-006
 -4.744437718899364E-006
 -1.829800973220777E-006
 -2.578979595445279E-006
 -4.106621504430584E-006
  5.776736735774480E-006
 -2.913546613550186E-006
 -3.946935762553704E-006
  3.902750430404280E-003
 -8.392107136102681E-004
 -1.821338643454155E-003
 -6.385215658547668E-005
  4.161807936345438E-005
  6.934302271651843E-005
  8.706508881660468E-006
  1.219190459840858E-005
 -2.324308779303976E-005
 -1.490472676483916E-006
 -5.973668525561863E-005
 -1.799253416557602E-004
 -2.595734875585913E-005
 -1.572719473767358E-007
  1.448891872636878E-005
 -4.455852999587209E-005
  1.965893540105389E-004
 -7.682561054951944E-007
 -1.448535495588879E-005
  3.189674524969360E-006
  1.669278946922482E-005
 -5.207609650036895E-004
  8.670867063613481E-004
 -3.687451241771413E-006
  1.017717925774439E-005
 -1.729595887318778E-005
 -1.682041870608512E-005
 -1.062182737322057E-005
 -8.226852929174729E-006
  1.164924955011219E-007
 -1.329022805305521E-005
  2.082692987265541E-005
  8.963768713894679E-007
  8.167023727061484E-006
 -1.157477531780418E-005
  7.140646609729723E-007
  2.274984061802357E-005
 -1.610441532362440E-006
  1.222502150597072E-006
  2.222669324495907E-005
 -3.203621168618768E-005
  2.888886738471315E-006
  6.028056532796867E-005
 -4.111388889068387E-006
  4.435521770890286E-008
  2.557588180472239E-005
 -5.027832189426216E-005
 -6.445751229822788E-007
  2.594245010345914E-005
  6.002199052733759E-007
  4.269703734736006E-007
 -3.616273615021660E-007
  5.278542918026548E-007
 -8.880947432518390E-007
 -3.207995471964105E-006
 -3.928163771689629E-007
 -5.442941214987677E-008
  7.245597469628142E-008
  5.249155979517963E-007
 -2.001034221663121E-007
  5.674912166184228E-007
  1.044448719580810E-006
 -2.922834191547114E-006
 -2.469840700895164E-006
 -6.889438603536074E-006
  7.673670510398959E-007
 -9.365138785611993E-007
  2.827786306246871E-006
  1.765092916102788E-006
  3.168262843341440E-008
  1.164666032948859E-005
  4.412376212712668E-005
 -1.353274853766522E-006
  2.362692717799892E-008
 -1.308670336512765E-005
 -1.138408941038440E-004
 -5.190424536707632E-005
  1.494496435739941E-004
  1.061119795659903E-007
  1.482289857438594E-006
  1.910204842497014E-006
  5.588754529541252E-006
  2.293927458535921E-005
 -2.028840512520177E-005
 -2.716054410169030E-006
  3.975046126804857E-006
 -4.830780456307643E-006
  1.052450330090830E-006
  1.512859835837681E-006
 -4.178027680826787E-006
 -8.741669448448925E-007
  1.134165652826626E-006
 -1.782833852459381E-007
  3.410787031509675E-006
  6.932840639187577E-006
 -1.387496952953973E-005
 -2.074451648982939E-006
  2.423996584245974E-006
 -1.336335382526737E-006
  8.880388433307057E-007
  2.809847796616812E-006
 -5.064708273635732E-006
 -6.712198019326927E-009
  5.190898114698223E-007
 -8.813266453113788E-007
 -2.738560556246782E-007
 -9.784800225460324E-007
  1.675079504688916E-006
  3.798033285413999E-007
 -4.820164376809048E-007
  4.417648383326346E-007
  2.166337235470037E-007
 -1.809862024073661E-007
  3.285788519050212E-007
 -4.980311007605168E-007
 -4.666013484371358E-007
 -4.505469305763343E-008
  1.090602761352539E-006
  1.163415170414429E-006
  3.912775859556959E-008
  2.363888748969783E-007
 -1.715843844410370E-008
 -3.111785836159254E-007
  9.653000838994454E-008
 -2.598080592455379E-007
 -3.697292690472091E-005
 -9.389188919605144E-007
  2.908308072229925E-005
  1.712402376254366E-006
 -1.813144284920542E-007
  1.353759511982982E-006
  1.968228466631334E-006
  4.551314029207668E-007
  5.855032235527912E-006
  6.041974628853834E-006
 -2.325056726026451E-006
 -1.191029222872758E-006
 -6.554373360446664E-006
  2.769790766914433E-007
  2.900340895037003E-007
 -1.008079286844025E-006
 -4.236828498661831E-007
 -1.056527622303090E-006
  1.467037731747398E-007
  7.186438438088915E-008
  5.042527112753364E-007
 -1.449981697273780E-006
  4.785645718761289E-008
 -6.258930836664203E-007
 -1.197208415685020E-007
 -9.515055575452951E-004
  1.444000608722156E-004
  3.469664143120749E-004
  1.571928567632976E-005
 -7.329926692365756E-006
  9.832942737666200E-006
 -1.131799480507178E-005
 -4.005337267163651E-006
  3.261756999554104E-006
 -1.252791368762598E-007
  1.329829575278545E-006
 -2.729745362780369E-005
  2.950031743282105E-005
  7.446729072087544E-007
  2.295403979643204E-006
 -2.661435679371419E-006
 -1.746745849022126E-007
  3.670167720545433E-006
 -5.699983223065417E-007
 -1.036809132601952E-006
 -1.551777575364697E-006
  1.895134069074794E-006
  1.866351064269314E-008
 -3.663282787389161E-006
  1.018145621959259E-006
  4.739998301661825E-004
 -1.061373175180894E-004
 -2.133460348922178E-004
 -8.074794240359998E-006
  5.158624335244527E-006
  7.449397706148042E-006
  7.906924343666511E-006
  1.573059652729248E-006
 -6.226268475101529E-006
  1.634361896191354E-005
 -6.023067869747406E-006
 -2.038901204913064E-005
 -1.053939118779048E-005
  4.589039675594934E-008
  1.728561631292349E-006
  1.240694281507484E-006
 -2.794404828185929E-004
  1.311280837285610E-003
 -2.363203297246010E-005
  1.646950752863632E-004
  3.220740871694347E-005
 -1.466607908398111E-003
 -1.122269863722768E-003
 -5.126504231130806E-004
  9.084697711656267E-005
  3.375477709463684E-005
  7.184942191216598E-006
  1.760509015388054E-004
 -4.289377518565541E-006
 -2.758159442653859E-005
 -9.628235512903670E-006
 -2.674457137182544E-005
 -1.647329174030813E-005
 -2.994454604725704E-005
  2.771998264534687E-005
  1.015581676907729E-005
  2.988234473257186E-005
 -9.190021982207230E-007
  6.220131468517884E-008
 -6.203030222954802E-005
  7.267667456798970E-005
  2.971005694389312E-005
  6.622163919582561E-005
 -6.979679116447390E-006
 -4.191336966277583E-006
 -1.572201266896073E-005
  5.587636298396389E-005
  2.923970145989039E-005
  1.950862783852306E-005
 -1.543935008399241E-005
 -3.786615169562333E-006
 -1.344419245020218E-007
  6.885751779421871E-007
  4.266660176317908E-007
 -1.842137034579145E-006
  9.334422415208366E-007
  2.245462808085210E-006
 -2.134545144461260E-006
 -2.721895180945535E-006
  5.715060255441592E-006
  7.650763877712479E-007
 -7.812397452765142E-007
  4.132080928892841E-006
  1.925604723874735E-006
 -6.918456634303881E-006
 -6.420051338635920E-007
  9.262175870133424E-006
 -4.770743024342262E-006
 -6.227413800705870E-006
  1.018014814413394E-005
  1.433936358943711E-006
 -3.173226442097227E-005
 -6.147587424100635E-004
  1.002282549673048E-005
 -2.249133555464062E-005
  1.794198655191673E-005
  1.065326874435735E-003
  1.705288515213581E-004
  7.007418716849432E-005
  5.134807126700151E-006
 -1.556324387103913E-005
 -2.738398743016862E-006
  1.000059583677314E-005
 -1.157841086972042E-006
  1.632506802005170E-005
  1.435720161785692E-005
  5.200637510004487E-006
  8.560423066326295E-006
 -6.244657887766179E-006
  1.208363405274888E-005
  3.211132905331584E-006
  4.777326326554720E-006
  9.029161425054998E-007
  1.467331561211460E-006
 -2.489641805648483E-005
  3.280472818691038E-005
  1.013399403561401E-005
  1.669496360207391E-005
  2.355380077542761E-006
  8.201454454410921E-006
 -1.897706240912485E-005
  1.426640072294750E-005
  3.217280948301847E-006
  1.385827631140961E-005
  2.827925060389650E-006
  5.118786097715240E-006
  1.893318598175153E-006
 -8.128093229108205E-007
 -7.065361060198400E-007
 -1.743738916052270E-006
  9.481822398283439E-007
 -3.936216878473187E-006
  1.449260671300076E-007
  2.016195378400426E-007
  3.780311215207975E-007
  1.683055227265991E-007
  2.832518659587182E-006
 -4.930072163988194E-006
 -1.079782686974775E-006
 -2.738261411539221E-006
  1.389509420705736E-006
 -5.759294567222325E-006
  2.152460800498336E-006
  1.502261071744127E-006
 -1.527310237506815E-006
 -1.408261282564507E-007
  4.226646542894694E-004
 -2.139166019175132E-005
 -7.547447436110095E-005
  2.295541673655756E-007
  1.004246760733001E-005
 -9.356939975482705E-006
 -6.317367887298429E-007
  2.682931226117422E-005
 -2.719738027452640E-005
 -2.552222693875810E-006
  1.820499079499558E-005
 -4.610565539415681E-006
  5.607046247322258E-006
 -2.647036115346350E-006
 -1.280174473710055E-006
  2.133538951218715E-008
  4.483137909362268E-006
  1.556490844209794E-006
 -1.836101794015918E-006
 -5.569585857338618E-006
 -8.204008504402516E-006
 -5.852519804303438E-007
  5.905214714065021E-006
  1.278253308299378E-006
 -3.356288567264033E-007
  7.404637039728467E-004
 -1.517400526866899E-004
 -2.727385378322009E-004
  1.734836378563572E-006
 -7.812702378454562E-007
 -1.639989404664342E-005
  9.883714164521005E-006
 -1.709172976925755E-005
 -2.917093199855153E-005
  4.676478761242165E-006
 -6.785970137986714E-006
  1.941880581402275E-005
 -3.729932926641862E-006
 -2.184640446589028E-006
 -1.342638851854038E-007
 -1.223167803207757E-006
  2.026801864115901E-006
 -4.724341736479390E-006
  1.578385824731275E-007
 -2.614547192651394E-007
  2.070487415068548E-006
 -2.491280348352126E-006
  1.903704017572580E-006
  1.201722331750381E-006
 -1.642249298307440E-006
  2.362528580941629E-003
 -5.173400123403462E-004
 -9.969773701606227E-004
 -2.778737565969183E-005
  1.555090168043669E-005
  4.877041990973413E-005
  3.485787297312258E-006
 -1.173918744660478E-005
  1.270147952187757E-005
 -4.759783689631782E-006
 -2.339432924148710E-005
 -8.044786469270024E-005
 -1.025568051758268E-005
 -2.811319898218586E-006
  4.905232701180262E-006
  1.980390532967959E-007
  5.882221194988126E-006
 -9.355062792952642E-005
  4.303150898992841E-004
 -1.447204141126398E-006
  1.226806254990593E-004
  2.014536541367785E-005
 -4.714712611721873E-004
 -9.908719897951783E-004
  2.358691657406968E-003
  2.916963591803006E-005
  1.905017536572649E-005
 -4.823336922698945E-005
  5.734437281516559E-005
 -3.348035102613988E-005
  6.970599442578359E-005
 -1.613108316934243E-006
 -3.079340656927230E-005
  7.065650573774350E-005
 -1.009875358429632E-005
  2.073584883009240E-005
 -4.072744899288116E-005
  4.034253746911765E-006
  6.061319850718946E-005
  6.064499837384558E-006
 -2.006879945116592E-005
  5.780836405495063E-005
 -1.103250139707870E-004
  7.461523779816034E-006
  1.625168981201450E-004
  1.260727567134989E-005
 -3.800017693492239E-006
  5.537945999165662E-005
 -1.349743031242122E-004
 -8.533938892376268E-006
  9.457722781759076E-005
  1.233395658586851E-005
 -2.603297420855816E-007
  7.471879850392148E-007
 -1.367992112397328E-006
 -2.864230261236198E-008
 -8.145213798798329E-006
  8.096315288691069E-007
 -5.937334191477955E-007
  7.972794291678158E-007
  1.034012272404172E-006
  1.902375610765039E-007
  8.367119373855334E-007
  3.524927099169182E-006
 -9.701958145699921E-006
 -3.634056943138757E-006
 -2.170898231497359E-005
  1.123921130982157E-006
 -3.629564268061575E-006
  6.413911321177571E-006
  7.363765705015545E-006
  1.096015608174117E-006
 -1.868478122537358E-006
 -1.794595591563341E-004
  2.916207428776647E-006
 -2.239013690781455E-005
 -1.490538493998324E-005
  3.404721947009302E-004
  1.487405645757713E-004
 -2.313205610323913E-004
  1.940304636555816E-006
 -5.923494409570520E-006
  3.264116675975947E-006
 -1.337749736308971E-006
  1.807703914685795E-005
 -9.287729737358787E-005
  3.022682295906926E-006
  1.326775424338402E-005
 -4.407816456028861E-005
 -2.222460273479260E-006
  6.814576314114733E-006
 -8.871892825624586E-006
  1.991034849289284E-006
  5.416475898978869E-007
  2.314254241899765E-007
 -8.663021549851445E-006
  2.060681681746178E-005
 -2.938402308370606E-005
  6.985900241037220E-006
  2.370456698828006E-007
  1.677121308814225E-006
 -6.601683645854509E-006
  6.786264050577656E-006
 -4.238190631053714E-006
  5.413911606625008E-006
 -1.935544066976846E-006
  1.187772039229501E-006
  5.424511384743540E-007
 -1.236462577104269E-006
  3.290133913229230E-006
 -4.978107957462594E-008
 -1.762018024119599E-006
 -1.577572335848436E-006
  4.162539507100180E-007
 -1.190668897007211E-006
 -1.229927502578568E-008
 -6.998216720740060E-007
  7.476696528874492E-007
 -2.363014480223970E-006
  8.190323335942256E-007
 -3.679501880311961E-007
 -4.717878777535892E-007
 -1.875058770631151E-006
  9.700632857327449E-007
 -1.530379786940696E-007
 -5.471753769742641E-007
 -2.219981183000520E-007
  2.112083679484158E-004
 -1.733344992899230E-005
 -3.483703373167578E-005
  1.151381957805899E-006
  2.748658771676829E-006
 -3.901672561927834E-006
 -3.640617825219857E-006
  1.025624694900566E-005
 -8.585855888981243E-006
 -7.790896078250092E-006
  6.424180280332356E-006
  3.279693025527309E-006
 -3.334119044579991E-005
 -1.017270842582247E-006
  1.033924872544264E-007
 -1.572785536472877E-006
  1.572632592173657E-006
  1.547377197960936E-006
 -5.553617495914101E-007
 -2.535182326790213E-006
 -3.381580279343119E-006
 -2.585522180821423E-006
  2.048478675324113E-006
  3.238005956672374E-006
  4.867036514660999E-007
 -2.248151506882067E-003
  3.385257408708453E-004
  8.754949432266794E-004
  4.659433306838729E-005
 -1.809060387490676E-005
  2.355154541667429E-005
 -2.380666192040834E-005
 -1.717777579497678E-005
  9.231571433696482E-006
  9.645706580997840E-006
  1.106501407858026E-005
 -7.166365898259803E-005
  8.561942228034442E-005
  1.053522213791084E-006
  6.020365839562742E-006
 -6.416397992603566E-006
 -6.319055755468223E-007
  8.104537438263271E-006
 -4.216166382442613E-007
 -3.610390143702730E-006
 -1.618905439075961E-006
  2.664370373060159E-006
 -3.871879947856245E-007
 -8.899164064293254E-006
  3.997578138488354E-006
  1.062972071908105E-003
 -2.408536528167778E-004
 -4.462865528138049E-004
 -1.658513467828587E-005
  8.374942201571556E-006
  1.790141004606469E-005
  2.092639385282057E-005
 -1.303861472182137E-006
 -7.955545220299312E-006
  4.494067489260715E-005
 -7.877541556933535E-006
 -3.898022344204901E-005
 -1.297565757656952E-005
 -6.969170312479920E-007
  2.625235656832929E-006
  2.976322857202455E-006
  1.107279332647104E-006
  8.003102107944090E-006
  1.469688596803412E-004
 -8.316909737176736E-004
  1.438944148855795E-005
  2.267114237442269E-005
 -1.708193050529834E-005
  4.061247987103739E-004
  1.049876190871199E-003
  4.664981401020446E-004
 -2.294899622832567E-005
 -2.818069498032225E-005
 -9.991173710657847E-006
 -1.934705447677038E-005
  2.906168738404423E-005
  2.090735067928850E-005
  1.641836021917571E-006
  2.752658573771493E-005
  1.368416574967848E-005
  6.366075114103646E-006
 -2.287775018635715E-005
 -8.527562954203675E-006
 -1.659579464790421E-005
  9.646705137996155E-007
  1.022971953380056E-005
  1.381968528272111E-005
 -5.859052501707777E-005
 -2.344217519424294E-005
 -4.002883952630830E-005
  4.276181345813209E-006
  2.620915424358720E-005
  4.720681726440606E-006
 -4.821841798133480E-005
 -2.365812069073136E-005
 -1.855938958486935E-005
  9.016461296772861E-006
  1.383870785842874E-005
 -1.132823503516912E-006
 -2.723094397770080E-007
 -2.358288404965536E-007
  3.338579443630490E-006
 -2.930974929584889E-007
  5.989106692024640E-008
  1.160305992962125E-006
  1.521963072750793E-006
 -3.208608539109367E-006
 -4.287114107514133E-007
 -3.966975700121808E-007
 -2.469265710759532E-006
 -1.558229047730145E-006
  7.610308019486030E-006
  1.070642965763802E-006
 -6.420215309449488E-006
  1.906922271376992E-006
  2.775634830051163E-006
 -3.251501103371444E-006
 -4.058019274403391E-007
 -1.682605690233021E-005
  1.315645190364537E-004
  5.164819346938888E-007
  6.536393353107978E-005
  4.576534335112145E-005
 -5.731972514934155E-005
 -2.019605611042687E-004
 -6.765968972883771E-005
 -4.897929605683874E-008
  5.733356989430331E-006
  1.330027318736223E-006
 -1.039460997692625E-005
 -1.696382271689283E-005
 -1.596406496818237E-005
 -5.827615119470169E-007
 -1.220111246071673E-005
 -7.644992519550920E-006
  2.962930516953428E-008
 -5.246363576925888E-006
 -1.962880752424751E-006
 -1.267285879904008E-006
 -6.781123548552850E-007
  1.237656574734474E-006
  1.372284801327340E-006
 -1.517102721799652E-005
 -6.175053017093309E-006
 -3.733163282654340E-006
 -1.800151590680753E-006
  2.360878481327000E-006
  3.574004044367684E-006
 -3.368020949175174E-006
 -7.485002539831722E-007
 -2.848579810893519E-006
 -1.149967786621673E-006
 -7.254242334741651E-007
  1.018745451636495E-007
  1.382568638655342E-006
  6.313029390567264E-007
 -3.470695831959124E-007
 -4.206418753576922E-007
  4.144594770496382E-008
 -4.516779723088731E-007
 -3.734566170152997E-007
 -2.753472172872305E-008
 -8.594877401380891E-008
 -1.258284828161408E-007
  6.814537055561537E-007
  2.339126888138991E-007
 -8.203520102057659E-007
 -7.252455304576107E-007
  1.197837458654188E-006
 -4.281255174379692E-007
 -4.289641550343345E-007
  6.029228467577538E-007
  6.501715540681182E-008
 -2.267054044414605E-004
  1.553426073481258E-005
  6.561485631235407E-006
 -2.030374340074079E-006
  1.337329792936913E-007
  3.214939592753227E-006
 -9.078900096796782E-008
  3.852487913074416E-007
  6.461969002112238E-006
 -2.020324030619349E-007
  2.513403221010555E-006
  7.048162371402662E-006
 -4.097370841816175E-006
  3.931906029660004E-007
 -1.383428090614905E-006
 -3.578845195526398E-007
 -1.021680662372899E-006
 -2.856769278968729E-007
  6.284900594068984E-007
  9.595828443075417E-007
  5.948847414282032E-007
 -2.338224201417686E-007
 -1.371978651256757E-006
 -6.366462079297309E-008
  4.123958069492154E-007
 -1.701660870602431E-004
  4.344352052304118E-005
  6.366086248070943E-005
 -3.155662962266846E-006
  4.941131983859102E-007
  8.127586863994296E-006
 -3.540980839081249E-007
  5.620524179702618E-006
  2.041896393501661E-005
  5.886529301433122E-006
  4.313766583663820E-007
 -2.532474818370929E-006
 -3.472956038426415E-006
  5.187007858006879E-007
  3.281213810630178E-007
  9.751507528131392E-007
 -1.489506334332334E-006
  1.428799623237318E-006
  9.708055485316467E-007
  3.876439055455245E-007
 -6.535348841430250E-007
  2.065995561888788E-006
 -2.057627068837006E-006
 -6.402911771220207E-007
  1.669983163291481E-006
 -1.636375797602633E-003
  3.548274779493260E-004
  7.351327176315548E-004
  2.538124476467535E-005
 -1.404485581524828E-005
 -3.135650058534083E-005
 -1.693905295441070E-006
 -1.298430170694097E-007
  3.952178429780465E-007
  5.232308019445821E-006
  2.143058972960615E-005
  6.701898184570168E-005
  8.792663662543630E-006
  9.347490680427953E-007
 -4.747960753803526E-006
 -2.439294500527452E-007
 -3.070901296769541E-006
 -4.103623013991122E-007
  2.136152228726746E-006
  1.911681620650886E-004
 -1.117504087639082E-004
  1.511048157827037E-007
  2.403919669334502E-004
  8.131316052270919E-005
 -5.209822421686008E-004
 -8.645677312616815E-004
 -1.853164504543123E-006
  6.247853656710476E-005
  2.545635132009426E-005
  2.227561475643236E-006
  1.050304160125417E-004
 -1.808352000160330E-004
  3.140895170804531E-005
  1.409283310775638E-005
 -6.173741359536161E-005
  4.101654026887664E-006
 -7.517662382255890E-006
  4.653988045457890E-005
 -9.642476609277794E-007
  1.497493867958623E-005
  9.089505325227935E-006
 -7.457276297330339E-006
 -6.176329792680676E-006
  1.226186437177443E-004
 -1.957492910692507E-006
  2.613637698922402E-005
  2.435272670546246E-005
 -1.996004719654334E-005
  6.952372017667859E-006
  5.573416911797999E-005
 -2.931114354124637E-006
  2.562637978152301E-005
  3.616721262982554E-005
 -3.257875179919087E-005
 -8.886764598466357E-007
  8.496595877048755E-006
 -6.221693769981377E-007
 -8.314809134205148E-007
 -1.758291626296550E-006
  3.497510292960422E-006
 -1.899757247008782E-006
  4.632720820995648E-007
 -2.797324136022407E-006
  5.296576496619096E-008
  1.647592589248624E-006
  6.914095707081771E-006
 -4.679648040525838E-007
 -1.246327104745573E-005
 -8.769573465215991E-006
  7.520493279709861E-006
 -3.589508094956086E-006
 -1.779766075630767E-006
  3.854428577786486E-006
  7.492436265611170E-007
  2.927512050926369E-004
  3.373003244498218E-005
 -2.356921011630606E-006
 -5.250149993507734E-004
 -2.704171827391315E-004
  7.236760549423207E-004
  2.245118720405456E-003
 -6.352142399231498E-005
 -1.228745711676913E-005
 -4.517131137409501E-005
 -6.032429891677820E-006
 -9.151662907684939E-005
 -1.926211753730391E-004
 -4.826236589254580E-005
  2.370347885936232E-005
  6.521399611309346E-005
 -1.123267021082661E-005
 -1.077881788912704E-005
  1.444207252966649E-005
  2.414170062112083E-006
  1.837501757041590E-005
  5.238565210650656E-006
 -7.596199681288860E-006
 -3.380954116748457E-005
  1.152479469848999E-005
  3.690009077312283E-006
  4.290725399131212E-005
  1.002364077333212E-005
 -9.097712823827553E-006
 -1.299686038439287E-005
 -2.835525300405767E-005
  1.218065293438603E-006
  1.190973651679488E-007
 -5.198097548189787E-006
  1.287776301922492E-005
  2.166965854922200E-007
  8.789863943114336E-007
 -4.105427059411818E-007
  2.475384549192756E-006
  8.607402879361912E-007
 -3.125474305669416E-006
  1.296261649763969E-006
  1.326729263596143E-006
 -4.767771343603340E-006
 -3.053955192183203E-007
  3.002985169654949E-006
 -2.632950547698509E-006
 -1.263775206788339E-006
 -6.431555037137684E-006
 -1.365913163724658E-006
 -2.577400471827163E-006
  1.736615568068628E-006
  1.463439545659701E-006
 -2.576896156507376E-006
 -6.655477962378730E-008
  2.376532455780875E-003
 -2.161861682410161E-004
 -6.303266766838842E-004
 -1.311022369395861E-005
 -2.081945718611200E-005
 -5.312676297082413E-005
 -1.122103905665248E-005
 -4.354042794226641E-005
 -1.261112190026914E-004
 -2.731919343879808E-005
  9.028958214421752E-007
  3.411782885149918E-006
 -9.722282691833551E-006
 -5.059290756973521E-006
  1.231270218853251E-005
  2.134041464610645E-006
  1.183057999003345E-005
  6.776352177087141E-006
 -6.771289233059927E-006
 -4.531767810962148E-006
 -4.423955463667344E-006
  1.125964469079207E-007
  3.448953952500703E-006
  3.220913077604788E-006
  1.082813858461444E-006
 -5.570074884735942E-004
  7.536257038670492E-005
  2.791547354229752E-004
  2.756080893545300E-005
 -3.971001541779484E-006
  5.618911042467051E-007
 -7.679406247626311E-006
 -1.423974866255774E-005
 -1.061912994731914E-005
 -2.110119135446842E-006
  2.202216773553441E-005
 -3.306385614778515E-005
  3.096282575297682E-005
 -5.436781663214644E-007
  1.418399279594971E-006
 -1.808846514880215E-006
  1.159198663527507E-006
  7.938207784741051E-007
 -6.155204972060430E-007
 -2.866635521250009E-006
  3.078338953756198E-006
 -1.209756518308783E-006
  1.352933486241226E-006
 -3.081965743464275E-006
  1.513702035008783E-006
  1.217815425359028E-003
 -2.489009528665585E-004
 -5.980521529838121E-004
 -4.900790684576416E-005
  5.289613402068866E-006
  1.997758826430237E-005
  3.773665987281629E-006
  1.207376123638385E-005
 -4.720166109431761E-007
  3.938416635307116E-006
 -8.111600117185055E-006
 -6.478405227237935E-005
 -1.624173751706446E-006
 -8.629203535372095E-007
  2.025254165700284E-006
  3.526101883299572E-007
  2.319233599279065E-006
  1.601666002000056E-006
 -1.456313245741855E-006
  5.737680155739890E-006
 -7.140347406037941E-004
 -4.501761119566784E-003
  6.981477248925933E-005
  1.022857568132790E-003
  1.952743355170607E-004
  7.106784012809097E-004
  1.677634569495642E-003
  9.403298530242388E-005
  8.011181764620631E-005
 -3.779458083210084E-005
  2.829247291113977E-006
  2.049057962903193E-004
 -4.796057138332965E-004
 -1.423274503505632E-005
  6.062503084930406E-005
 -7.347283015606052E-005
 -7.499517419084106E-006
  4.051298303740636E-006
  5.183451102425274E-005
  1.063725241287727E-005
 -1.341392118150749E-005
 -1.214085654425373E-005
  9.362622877766856E-006
  4.859472731503624E-005
  1.368510101254239E-004
  2.492515899983642E-005
 -6.329675866384768E-005
 -2.708780021746419E-005
  1.470203134881144E-005
  5.187433114146609E-005
 -5.825705068124969E-005
 -8.582114282304757E-006
  3.334754122256704E-005
  4.955314413784071E-005
 -8.522187236403313E-005
 -1.029204988121118E-005
  2.676040465625227E-005
  3.332297285299453E-006
  1.510916788443804E-005
 -1.394765001015352E-006
  1.576698175919548E-005
 -2.050821171960807E-007
  7.163956855216610E-006
 -2.614515830466403E-005
 -3.498751380172021E-006
  4.909912791412479E-006
  9.273640563854950E-006
  2.923625055219933E-006
 -1.234503298657899E-005
 -1.920886679454426E-006
 -2.384705387658447E-006
 -4.709835500338506E-006
 -4.117267005522064E-006
  4.855865937160565E-006
  3.978806501007102E-007
  8.317367529205539E-005
 -3.500007781039519E-003
  1.493407833042170E-005
 -1.468807882273692E-003
 -9.766495254855609E-004
  3.024132253160421E-004
  6.100085340246921E-003
  7.751677090112078E-004
 -1.328499917822322E-005
 -1.371303742998432E-004
 -1.857434040023700E-005
 -3.489020678601413E-004
 -5.837560159263422E-004
 -8.324856144323794E-005
  3.049961984111990E-005
  1.516842666174788E-004
  1.759797351868629E-005
 -2.569176913626140E-005
  4.072171022334457E-006
  1.165567889298674E-006
  4.162197578188131E-005
  1.556755075423545E-005
 -1.593020664561992E-005
 -8.119739603429637E-005
 -7.661860876559550E-005
 -7.926284233087360E-006
  9.195167489255032E-005
  2.879135813680288E-005
 -1.075427885825396E-005
  4.294582500990115E-006
 -1.256076445455905E-004
 -1.261872760817850E-005
 -3.003147184482766E-005
 -1.445280307701631E-005
  2.573688934383754E-005
  1.400157188772927E-006
  7.504348439477757E-006
  7.514546442641192E-007
  1.571488657553270E-006
  1.761363817047998E-006
 -5.771960223872050E-006
  1.308005728503019E-006
  3.715867185357579E-006
 -1.142836562498681E-005
 -1.489107276540566E-006
  7.583647487282258E-006
 -1.938220541787666E-006
 -5.754447795738785E-007
 -2.286320726011351E-005
 -6.809847353309993E-006
  1.122647982667348E-007
  2.010353020188840E-006
  2.217805273980739E-006
 -4.092838518778852E-006
 -5.474534981356201E-007
  4.434591508682496E-003
  2.633139889591533E-005
 -9.561104004174180E-004
 -2.730210914760058E-005
 -5.659540546827509E-005
 -8.288613379687555E-005
 -1.121204023141663E-005
 -1.639370829777753E-004
 -3.138358786272439E-004
 -4.077718182979926E-005
 -4.782655414460442E-005
 -1.824910675936691E-005
 -2.880172703501443E-006
 -8.627153065775257E-006
  3.030346445208483E-005
  4.119243350269114E-006
  2.361106535072435E-005
  1.039837122866731E-005
 -1.498391228494909E-005
 -5.342590893611962E-006
  2.898171487892660E-006
 -3.577149842352350E-007
  2.831104604930403E-006
  4.206971168714292E-007
  2.511486288681559E-006
 -1.330249716671620E-003
  2.030037100277512E-004
  5.721474143181516E-004
  2.709336951186436E-005
 -3.656773369417701E-007
  2.170072486284303E-005
 -1.822934114381289E-005
 -8.894215428225436E-006
  4.368640093145572E-005
 -6.895537185636611E-006
  5.867776643370019E-005
 -7.395178049510658E-005
 -5.708660973460189E-008
  3.186059105544341E-007
  1.525504623797280E-006
  1.872503309358217E-006
 -1.488010225198877E-006
  3.723161591496234E-006
  1.169404314644443E-006
 -6.201317126941351E-006
  2.535873015808250E-006
  9.696777789341532E-006
 -2.133976831963917E-006
 -1.221067983962768E-005
  8.335293958905268E-006
 -3.276250839799281E-003
  7.241810407390906E-004
  1.184436125232813E-003
 -4.847202072855989E-005
 -4.092121389056288E-005
 -7.454504577106782E-005
 -1.008095766210215E-005
  3.903894577237029E-005
 -3.130096036608511E-006
 -6.918832849700603E-007
  4.262239646377080E-005
  6.687349164077029E-005
  1.640247765186900E-005
  1.773940456289635E-006
 -1.301331711612528E-005
 -1.676664486055694E-006
 -5.732906358229815E-006
 -2.268697359427663E-006
  3.958965901940180E-006
  8.892074489134552E-006
  5.330430856255736E-005
 -5.869114096081124E-005
 -6.242552635427658E-004
  1.187687409628740E-005
  1.222657349478652E-004
  2.778519610632469E-005
  2.360539758207325E-004
  1.768979631316909E-004
  1.174832591512687E-003
  3.259129092626598E-006
 -6.798814097232839E-006
 -2.571358569392497E-005
  6.676368553678900E-006
 -6.116376218378056E-005
 -1.507587426693866E-004
  9.502899512105963E-006
 -1.177859550315111E-005
  3.043722148450377E-006
  3.091491281648601E-006
  6.055669395568966E-006
  8.856365777059851E-007
 -7.509347477058498E-006
  2.036205649220349E-005
  4.417856195409897E-006
  1.144148043278625E-005
  1.789795127201580E-005
  7.729405616313401E-008
 -2.098051702826784E-005
  5.003591979780730E-005
  9.539036595481592E-006
  9.457461508849230E-006
 -6.130813443159342E-006
 -6.474539080963268E-005
  3.046249387217191E-006
 -3.075315684297490E-006
 -1.250371089606642E-005
 -1.221041262709222E-006
  3.296187999751595E-006
  5.753176452770871E-006
  2.256897368686075E-006
 -3.512778379802332E-006
  1.406226419441592E-006
  2.004075452146779E-007
  2.990782892771426E-007
 -3.897410635395629E-006
 -2.017418247349338E-006
  1.083981610059551E-006
  1.477153384566216E-006
 -1.210550138177205E-007
 -2.171593235513854E-006
 -2.927219525341240E-007
 -1.080351594664798E-006
 -1.424463319173313E-006
  2.529834636604071E-006
  2.796236572953723E-006
 -8.029265409287834E-007
 -4.576864259697028E-006
 -4.620324969383336E-004
  5.049303002331503E-007
 -2.275913964341318E-004
 -1.571448471278101E-004
 -1.048443452998827E-004
  7.637780705094545E-004
  1.292474533929750E-003
 -2.613075744569994E-006
 -1.932981348997372E-005
  2.442337203317759E-007
 -5.211216904417033E-005
 -9.098325698964866E-005
  7.891798612839255E-006
  3.392044042128551E-006
  1.749524761537574E-005
  4.411922464340558E-005
 -2.856314259514113E-006
  3.571214883870310E-007
 -7.931730542184286E-006
  4.751711354713344E-006
  8.673497114235372E-006
 -1.895397095199232E-006
 -8.582691317999095E-006
 -1.077834153124629E-005
 -2.909590461697494E-005
  9.632043216546444E-006
  1.865702708885665E-005
 -1.049351898547348E-006
  3.413700963695917E-006
 -1.758833925754797E-005
 -2.092840491822194E-005
 -7.524649183645553E-006
  2.802600791006684E-006
  4.110948219949636E-006
 -7.024307900154263E-008
  5.842662176650526E-007
  4.214222421452743E-006
  4.532075477426916E-007
  9.458497900931739E-007
 -2.424783107380637E-007
  9.712751985095942E-008
  1.420359110402961E-006
 -8.756487772179308E-007
 -1.878193843951901E-006
  7.287760800037747E-007
 -2.474358325384557E-007
  3.645021789467220E-006
 -2.970277518668522E-006
 -5.706408428743060E-007
  7.839492786571982E-007
  1.068215121038575E-007
 -1.532174901687592E-007
 -7.302870377311685E-008
 -1.163934766432820E-006
  6.289412136559574E-004
  8.192391319607235E-006
 -1.275799441707264E-004
 -3.210245094315267E-006
 -1.000294242868900E-005
 -1.314392886913399E-005
  1.230811822940203E-005
 -2.861028655210031E-005
 -4.855826546931192E-005
  3.127626740382906E-005
 -1.094572367816374E-005
 -4.766697787403725E-006
  1.674874518102311E-005
 -8.892886622151125E-007
  5.270027453350584E-006
 -2.380085679691658E-006
  3.709645873967814E-006
 -4.407220101538493E-006
 -2.820357211752701E-006
 -1.004767049206935E-007
  1.716907593227441E-006
 -4.537403937985632E-006
  5.991106495709145E-007
 -7.310033557449904E-006
 -4.986339446502210E-007
 -1.091090881596256E-003
  1.611200076628712E-004
  3.302508772727195E-004
  9.607037608097434E-006
 -8.315366135900330E-006
  1.572951095763094E-005
 -1.303932346060600E-005
 -1.938788883759711E-006
  2.063041350021931E-005
  1.619412268569467E-006
 -5.033036194759100E-006
 -2.769812680059794E-005
  3.209578879801620E-006
  9.113270103196063E-007
  3.071965604243309E-006
 -2.300924874286138E-006
 -1.094037812975660E-006
  4.519223113835044E-006
  1.827108026560532E-007
 -4.692700388767419E-007
 -3.138068205356559E-006
  8.573463397422576E-006
 -1.760744409226402E-006
 -6.364102383055755E-006
  2.230014448103144E-006
 -6.000375690156577E-004
  1.256929906730248E-004
  2.299637909655577E-004
 -6.938322084779175E-006
 -6.421502424990567E-006
 -1.454731553870367E-005
  6.232148640237227E-006
  6.648699379367061E-006
 -5.377231933321078E-006
  1.867798080281606E-005
  7.376895063230528E-006
  1.699249402837682E-005
 -2.438605611585757E-005
  5.514962186455561E-007
 -2.149272884499410E-006
  1.091987508514584E-006
 -1.658859189780575E-006
  2.660945153271181E-006
  1.107362971135019E-006
  1.082036959981228E-006
  7.825749260327690E-006
  3.559591982931041E-006
 -3.721702056804760E-004
 -2.741761758545971E-003
  4.645391258640150E-005
  3.891663928200024E-004
 -2.153753292134156E-005
  6.520818999993894E-005
  1.680533985221921E-003
 -1.169785366929193E-004
 -9.520472478873114E-007
 -4.070637957898182E-005
  1.712925364473094E-006
  1.027693123937744E-004
  1.184740239766306E-004
 -4.587018476721212E-005
 -2.283752246671445E-006
  6.398530614373889E-005
 -1.205775678521186E-005
 -5.254645330341582E-006
 -4.656597529101438E-005
  9.132154691944089E-006
 -1.527811765208528E-005
 -2.060458626151845E-005
  2.053276298242686E-005
 -9.055983116925095E-006
 -1.210412689372083E-004
  2.269640259955696E-005
 -4.230462533856249E-005
 -5.441444828199618E-005
  5.136060845548759E-005
  6.467829404962133E-006
 -7.732189403630495E-005
  1.135226879373822E-005
 -3.235007462349019E-005
 -4.615561099009155E-005
  2.588224521852806E-005
 -6.752591063766223E-006
 -2.173167452392081E-006
  2.339645840398671E-006
  1.232394707797721E-005
  2.006259190439733E-006
  7.933826113321466E-006
  3.871412845946246E-006
  3.455492072178134E-006
 -9.441071085446655E-006
 -1.931712637525602E-006
 -1.983835887086805E-006
 -4.371778654588445E-006
  2.516052610442376E-006
  1.418045788602369E-005
  1.301412703322112E-005
 -8.228950224763276E-006
  2.478400174965483E-006
 -1.376090598252688E-007
 -3.063421870308005E-006
 -7.928145168723692E-007
 -1.353430984879524E-004
 -5.502401394191939E-004
  1.905102779087152E-005
  3.839785445481608E-004
  1.861378436443929E-004
  1.013799268303897E-003
 -1.187949509539346E-003
  3.822266618523930E-004
  1.164476127445453E-005
  1.210060599489398E-005
  1.641411078451257E-006
 -4.213972870523572E-005
  2.922661427303402E-005
  4.100064290564651E-005
  5.299875082940690E-006
 -4.839019207543675E-005
  2.458316457978012E-005
 -6.883912868198470E-006
 -2.997687523201017E-006
 -2.041246400397916E-007
 -2.761767616699027E-006
 -7.062149520923098E-007
  9.645680484897497E-006
 -2.265707902471534E-005
 -1.618680931096039E-006
 -5.069111980763159E-007
 -8.474196148901087E-007
 -2.583212586532593E-007
  2.350449863960544E-005
 -8.456197477925063E-006
  1.383936677704738E-005
 -3.035562007603023E-006
  9.658618761901974E-006
  5.823271844826623E-006
 -1.202421283976913E-006
  2.955685427779157E-006
  2.050499289181550E-006
  7.246202047674864E-007
 -4.637819545181824E-006
  8.555901430344506E-007
 -4.229236738155646E-006
 -1.503953664368471E-006
 -4.225085683201761E-007
  2.461361703923863E-006
 -1.007038788157701E-007
  2.088805339437876E-006
 -4.693372216563386E-006
  4.351376962276545E-007
 -3.784945503690264E-006
  2.763660270835724E-007
 -2.481470514623366E-006
  1.195056071897804E-006
  3.190246999272713E-007
  1.108204000869975E-006
 -2.513874653849752E-007
 -9.373917675835329E-004
  9.324808628733420E-005
  1.372104639656851E-004
 -5.775534952160219E-006
  2.142938301543597E-005
  1.527091279204774E-005
  8.397602896569903E-006
  6.020255787101594E-005
  2.531820674784515E-005
  1.981402619949586E-005
  3.624991940570231E-005
  7.297464341554884E-006
  1.789936552458375E-005
 -1.395735479010624E-006
 -1.044051392911709E-005
 -2.044030920557687E-006
 -2.985940154260573E-007
 -3.228692869019447E-006
  1.694329494436681E-006
 -5.245016653411024E-006
 -8.096988320316647E-006
 -2.309921560810983E-006
  4.258205351823884E-006
 -2.925755210019685E-006
  9.868113015871400E-007
  2.088034223912341E-004
 -6.206936461718928E-006
 -1.430626257154584E-004
 -2.770083149534013E-005
  1.321047026285013E-007
  7.527994004642776E-006
  1.624240504861315E-006
  4.156409399895577E-006
  2.958920435517187E-005
 -6.285691412568826E-007
 -1.122270673740820E-005
  3.375505928557685E-005
 -3.341674231881868E-005
 -3.450453553753601E-007
 -1.772905680782775E-007
  1.539813965031092E-006
 -1.470668755372283E-006
 -8.903590505082964E-007
  1.815714110747643E-006
  2.616353339103073E-006
 -5.444723362716779E-006
  8.142261721836116E-006
 -4.158326467244422E-006
 -4.863427021659819E-006
  1.541973128141349E-006
 -2.921012425835919E-003
  6.451839585348543E-004
  1.310140834669884E-003
  5.034813986089014E-005
 -2.692280301271510E-005
 -5.505358969125502E-005
 -9.889994597063325E-006
 -1.049890541704751E-005
  8.370797146685083E-006
 -6.240207381898241E-006
  4.201451032326757E-005
  1.178769838575000E-004
  7.970732363891272E-006
  7.356185490398460E-007
 -9.122585672297633E-006
 -1.423395561281705E-006
 -4.346596592020442E-006
 -3.081247543072050E-006
  3.610978042980596E-006
 -3.339991407176792E-006
  8.557421276407147E-006
  1.172611121584647E-006
  1.032451500695872E-005
 -1.118519704624193E-004
 -1.866866778187503E-003
  3.763151410014466E-005
  4.592370214539405E-004
  2.448621834031004E-005
 -1.784076254025912E-004
  2.095703865571014E-005
  1.915117948777254E-003
  2.242848340343980E-005
 -6.582861945481593E-006
 -3.094334672592983E-005
  1.184393555718226E-004
 -6.332790037931616E-005
  4.901502285340350E-004
  5.481729622617880E-006
 -1.266727585559249E-005
  1.278606876226651E-004
 -7.439007143418299E-006
  5.859037872425628E-006
 -7.683057447346726E-005
 -7.495007527891051E-006
  4.992750009260259E-005
  1.493401467130935E-005
 -7.969584645983228E-006
  1.811310527240179E-005
 -2.064714619431697E-004
 -2.785986721086212E-005
  1.506662689633905E-004
  3.582945185684535E-005
  5.931079284155346E-006
  1.969574042455671E-005
 -1.143781452973321E-004
 -3.824466026946661E-005
  1.955374289428610E-004
  3.231358098531126E-005
 -5.171530620956453E-006
  3.641480562833652E-006
 -1.433764015144925E-005
  8.194079202201321E-006
 -7.066308428484967E-006
  7.320512660668037E-006
  1.577181771940314E-006
  7.396832367206614E-006
 -8.373025878654592E-006
  2.313602594747547E-006
  5.066956921765577E-007
  2.372384459483962E-006
 -1.680971138664301E-005
  4.748340654244936E-006
 -3.438657711078228E-005
 -6.268427730774609E-006
 -9.223561672880334E-007
  8.418811873684542E-006
  3.946840423801385E-007
  2.796966504319488E-006
 -1.528782852993684E-005
 -3.834376567381560E-004
  1.237424893266272E-005
  6.967187701823315E-005
  1.892684867016792E-005
  9.309482757672799E-004
  4.339123936293822E-004
 -3.114034805140573E-003
  4.676719703689030E-006
 -7.427443984819040E-006
  1.328169231468855E-007
 -5.802816396546972E-005
  5.491392090957851E-006
 -2.235734266600733E-004
  6.516112803534965E-006
  2.223614571117814E-005
 -1.771357250481922E-004
 -8.413651902050730E-006
  5.486942793528936E-006
  1.064554189714351E-006
  6.795308225273328E-006
 -1.400614850540012E-005
  1.618343676777402E-006
 -2.742080332873453E-005
  1.149211320505437E-005
  5.482558446886067E-006
  2.075337392856789E-005
 -3.353447810972094E-005
  6.667429400166640E-006
 -1.225363478927880E-005
 -1.595380145357966E-006
  3.411735302707095E-005
  1.184727507406104E-005
 -1.590826970065270E-005
  4.063597152177604E-007
  2.003479803928639E-006
  1.184348503895236E-006
 -2.919128950007004E-006
 -1.364000615612159E-006
 -4.946797240750352E-006
 -4.646438796173758E-006
  3.358355710105404E-007
 -4.349956306397124E-006
 -2.191855216926857E-006
  2.423028418801376E-006
  2.249782912423727E-006
 -3.998997515520391E-006
 -6.738461885507452E-006
 -3.747421746224087E-006
 -3.269728165283741E-006
 -3.001926991047095E-006
  1.731365938798795E-006
  3.007548925904417E-007
 -1.195100300875994E-006
  2.145902330972337E-006
  2.233120552060937E-004
 -1.983558583175439E-005
 -1.225030645427033E-004
 -6.539477115404508E-006
  7.812896633652119E-006
 -2.829886255758960E-006
 -3.803671608092135E-005
  2.994098664604437E-005
 -1.053064156626049E-005
 -9.852508017022549E-005
  2.699339971946973E-005
  1.932428456111159E-005
 -9.989694442299697E-005
 -2.881500676124242E-006
 -3.307390068282938E-006
  3.685476743882919E-006
  1.931403190427590E-006
  1.597388336272789E-005
  9.500974856966521E-007
 -6.123013260047336E-006
 -8.684759339194056E-006
  5.206218754858438E-006
  2.049629727837322E-006
  2.194881053502320E-005
  4.073383532210014E-006
 -2.542890412696119E-003
  4.331125801475262E-004
  1.207976575615097E-003
  6.233366451289709E-005
 -1.351194494228647E-005
  3.013377079947326E-005
 -2.670031728088894E-005
 -1.854532306771979E-005
  2.022420514245208E-005
  8.446749268371980E-006
  5.782216647743706E-005
 -9.585817418539202E-005
  1.404619513183953E-004
  1.145949860467092E-006
  4.614492825686744E-006
 -4.145147698940209E-006
 -1.247834113642951E-006
  8.594296718265875E-006
  1.018842531758601E-007
 -6.846315399090719E-006
  1.865225298601632E-006
 -6.091544278993480E-006
 -7.945581409057482E-007
 -9.685602490802995E-006
  7.640873539996466E-006
 -9.784289076298013E-004
  2.212972898574056E-004
  4.285726199063278E-004
  7.125087276057085E-006
 -1.038905562674642E-005
 -2.298379393350029E-005
  1.270365355746096E-005
  1.172892587349097E-006
 -7.241285662875501E-006
  3.916561471562130E-005
  2.325007449934744E-005
  2.626956816934122E-005
  5.319815722082596E-005
  3.297793946526774E-007
 -3.378641194384679E-006
  1.372007700378933E-006
 -2.427409444630772E-006
  5.373225126693820E-006
  2.097630049978094E-006
  1.323210292984997E-006
  7.855990985211051E-006
  1.421807842536682E-006
  2.926652217069151E-006
  1.319145554359621E-005
  1.810020436153874E-004
  2.853512167309880E-003
 -4.660501740218421E-005
 -6.295583597534525E-004
 -5.977562760136763E-005
  4.557740521686619E-004
 -8.159662539602396E-004
  1.188317011974624E-004
 -6.152648931921745E-005
  1.525002825888755E-005
 -3.940486840116329E-006
 -2.077997284063161E-004
  6.236117603940246E-005
  1.446123305916682E-005
 -1.180908086108493E-005
 -2.247892548377283E-006
  7.956102758324195E-006
  1.277230771259747E-005
  2.609483643546849E-008
 -8.167907031016310E-006
  3.031789724990467E-007
  1.151508093629052E-005
 -1.307548668509652E-005
  1.523231290960577E-005
 -1.577374780535986E-006
 -2.073890968886446E-005
  1.616824834933848E-005
  3.006172157653372E-005
 -3.140056125894425E-005
 -1.342020142262999E-005
  2.158772491832497E-005
 -8.421154439613578E-006
  6.723694841967182E-006
  9.988398360266011E-006
  6.696506580662807E-006
  7.641267523612860E-006
 -6.323428424656673E-006
 -1.717476463400533E-006
 -1.149246616455669E-005
 -2.479675641431828E-007
 -1.143133640628189E-005
 -1.971655598937463E-006
 -3.918764154277700E-006
  1.223839522146906E-005
  1.878746872559411E-006
  3.362432978381813E-007
 -2.542317052493325E-006
 -2.048087806389793E-006
 -1.717186838567959E-006
 -4.244553568005122E-006
  7.084569450534150E-007
  1.111107919990602E-006
  1.917375135456036E-006
 -7.910067074784812E-007
  4.357089031125225E-008
 -1.574081066046844E-004
  5.165101069742117E-004
 -1.669410677924091E-005
  1.410364548026126E-004
  8.427933909473860E-005
 -1.737475323246218E-003
 -1.057169210866110E-003
 -3.187052378600781E-004
  6.426958423145978E-007
  3.307070537920103E-005
  4.391018813226564E-006
  1.336563577820851E-004
  1.633945611000051E-004
  7.261722986899295E-006
 -2.900335394230301E-005
 -1.682380403765670E-005
 -1.335049436895351E-005
  1.766273075732551E-005
 -1.144438500646547E-005
 -2.210045422072291E-006
 -1.561324995371687E-005
 -4.532350258558346E-006
 -2.049480803608638E-006
  5.646662019219991E-005
 -9.906113767393948E-006
 -3.183097879235967E-006
 -4.205983437642201E-005
 -9.765319514678862E-006
 -1.440678581577789E-005
  2.145305786231793E-005
  1.451588622701029E-005
  1.817496714164420E-006
 -9.777716127069924E-006
 -6.251742966368357E-007
 -1.167534173524800E-005
 -3.172382013271377E-006
 -2.929485683492983E-006
 -3.140774988263046E-007
  2.162434995989068E-006
 -1.716330430970642E-006
  7.354711043825062E-006
  2.076920146045020E-007
 -9.042206952759665E-007
  2.306409639679477E-006
  4.060993980340904E-007
 -5.091790509092826E-006
  7.326322764261895E-006
  8.286375105606850E-007
  1.021650054082795E-005
  1.089547136641085E-006
  5.058870986450529E-006
 -2.931671639966432E-006
 -1.782464245586973E-006
  1.468692155637401E-006
  3.179422450087625E-007
 -1.439140688197342E-003
  1.229380819536819E-004
  4.931162127181991E-004
  1.888575864611883E-005
 -6.099258293239821E-007
  3.785585017877638E-005
  2.823436160082575E-006
 -1.666212992874953E-005
  1.007930122548463E-004
  7.505167239302221E-006
 -3.715281522714449E-005
 -1.070924722670480E-005
 -8.177082832750204E-006
  6.455026235984144E-006
 -1.872188259415419E-006
 -9.001054405295731E-008
 -1.153198597460739E-005
 -3.547659308067693E-006
  5.076959738623246E-006
  9.776784464373173E-006
  1.252094378398399E-005
  2.197325113903063E-006
 -7.707159304324587E-006
 -2.951578675851021E-007
 -2.069625160048584E-006
  3.482040660823601E-004
 -6.915563392498600E-005
 -1.360921097075169E-004
  1.400225598871337E-007
  3.838896839150983E-006
 -8.089885108889481E-006
  6.055165742764995E-006
  1.008333926266216E-005
 -1.897007440785274E-005
  2.738688276703724E-006
 -1.079946099812621E-005
 -6.912031377917049E-007
  2.453916565841864E-006
  8.887235216968243E-007
 -1.241108711516693E-006
  2.690325498491235E-007
  3.114700918447760E-007
  9.653827203419130E-008
 -1.200193613541600E-006
  2.502821821469358E-007
  2.366384408960580E-006
 -6.932505203527334E-006
  2.805392981003196E-006
  7.945392765124094E-006
 -3.055675163150132E-006
  1.703197000476891E-003
 -3.962830056682957E-004
 -7.120886816860718E-004
 -1.340233015125981E-006
  2.163318961064623E-005
  3.507600142695265E-005
  6.116328609781695E-006
 -1.574855819336343E-006
 -7.898780535741907E-006
  2.301790746591125E-006
 -3.390291020608252E-005
 -5.309293158512071E-005
 -6.346558612184827E-006
  1.273018044973638E-007
  7.097331506597349E-006
  1.070785372951748E-006
  2.027362992741376E-006
  1.479581541071995E-006
 -2.154664797238740E-006
 -2.397688748563099E-006
 -1.744949576554170E-005
 -2.254648081565875E-006
 -6.984523599781932E-006
 -4.249862510054148E-006
  9.382212348345031E-006
 -5.708597518328615E-003
  0.577338410729347     
 -9.284121948320248E-003
 -1.741100184957180E-002
 -7.581137670685819E-003
 -0.279000090591636     
  0.390300732343054     
  0.878071527002666     
  1.676519254163209E-002
 -1.119535654267235E-002
 -2.125869191252715E-002
  3.615643650269881E-002
  2.054068960872664E-002
  3.286783370612827E-002
 -4.576035332196728E-003
  8.801993604356025E-003
  2.629757998667241E-002
 -7.110383532718105E-003
 -6.352904875587834E-003
 -1.673834957117401E-002
 -4.522003681277361E-003
  1.693832802571907E-002
  1.163238721399547E-002
 -1.525323358835821E-002
 -1.426555528406580E-002
 -4.387780530499170E-002
 -1.162182664644475E-002
  4.475472048183098E-002
  2.687506023480296E-002
 -5.995800332435124E-003
 -1.621268420117203E-002
 -4.640313210377669E-002
 -1.093416516171668E-002
  3.046015978918846E-002
  1.692996549415181E-002
  6.386746198509357E-004
 -1.914080164866659E-004
 -8.522649238022039E-004
 -7.330367487544089E-005
 -1.657727401738876E-003
 -1.842720184677366E-003
 -7.204787910042495E-004
 -4.925190343031281E-004
  2.352844389499414E-003
  4.482613193684441E-004
 -4.403560478017049E-004
 -2.944110693965842E-004
 -3.625078235212459E-003
  4.035948725382957E-003
 -5.321076285396836E-003
 -2.714880581977842E-003
 -9.437527364629323E-004
  1.852671233602676E-003
  3.125669278785381E-003
  5.908023338699279E-004
  5.332474563961635E-004
 -5.315368943440994E-002
  1.082275566002343E-003
  1.170061397911214E-002
  4.657885632534870E-002
  0.129044154765308     
 -5.589146795933322E-002
 -0.180425512904727     
  1.197368287578250E-003
 -4.009247927900456E-004
  1.137912612780525E-003
  1.754273035620359E-002
 -1.258940375369901E-002
 -3.728500227629682E-002
  3.211029064661041E-003
 -5.773644027460129E-003
 -1.924372996299147E-002
 -1.109791684928196E-004
 -1.171611460849672E-003
 -3.108541508477223E-003
 -3.262314698436494E-004
 -6.367302772005033E-004
  4.372106383364689E-004
 -1.506522716418354E-003
 -3.273506591482941E-003
 -9.586807637793715E-003
 -4.081232015927792E-004
 -2.136504569331381E-003
  1.914645918011133E-003
 -1.719350067859245E-003
  2.736774310118207E-003
  3.040635202120143E-004
  7.859373726483746E-004
 -1.719841757158647E-003
  9.334126952108709E-004
  3.112129621355420E-004
  7.301661381467817E-004
  1.031246933615320E-003
 -3.346884893675345E-004
 -7.702023420405595E-004
 -5.989503970390915E-004
 -2.296447087088170E-004
 -6.487590997329299E-004
 -4.123201202033063E-005
 -1.274959446274634E-004
  4.971877709549659E-004
 -1.490584980360674E-004
 -3.962786753797080E-006
 -8.879363100592846E-004
 -3.014419790863451E-004
 -6.036270028056130E-004
  8.055056466782576E-005
 -1.242591098605639E-004
 -9.259319596740986E-005
  4.274063220478699E-005
 -6.388119222396238E-002
  1.251154889424667E-002
  1.821742361122731E-003
  1.136829668843190E-003
  1.678994474423423E-003
  9.052282998385704E-004
 -1.986030459684198E-003
  1.273693189226235E-003
 -5.017120105477594E-004
 -5.144704113198527E-003
  1.907990821679647E-003
  5.449559226442663E-003
 -1.259973314776595E-002
  1.168183407538603E-004
 -7.637020769109366E-004
 -4.502225344838454E-004
 -1.776796050278558E-004
  7.391879162672733E-004
  6.086126427399548E-005
  3.928523820171854E-004
 -8.302927140019559E-004
 -4.495588789433060E-004
 -3.362512274903929E-004
  1.492591517169077E-003
 -5.660115452679249E-005
 -0.152887498062211     
  1.736933953412140E-002
  7.543763639945053E-002
  9.163572474724838E-003
 -1.951061760550673E-003
  3.851884575393790E-003
  2.670641556539273E-003
 -3.604166679172754E-003
  7.675887902747026E-003
  1.505589781394498E-002
 -1.380438854170336E-003
 -1.076871146627444E-002
  1.174066961226069E-002
 -1.678220616401582E-004
  1.261092662330802E-003
 -4.315340608047833E-004
 -9.315898731260853E-004
  8.074655723558974E-004
  1.099411934766244E-003
 -6.251099155444648E-004
  1.524892908759954E-003
 -3.428392082623927E-004
 -9.419401679032336E-004
  5.464115268493688E-004
  1.567050083447698E-003
 -0.143535610933639     
  1.879256857935594E-002
  0.118461271259888     
  1.005033138829196E-002
 -2.974046697626089E-003
 -7.037894611913052E-004
  5.886374464016662E-003
 -5.573357223250112E-003
  4.678754584012026E-003
  1.461416497180067E-002
  5.012688454456070E-003
  2.009600440980966E-002
  2.384722127724634E-003
 -5.088313747039881E-004
 -1.275148565993219E-003
  6.821580735244161E-004
  1.174068801341679E-004
  2.223728119746898E-003
  3.914244945698201E-004
 -2.761746200983915E-004
 -1.633232913414393E-003
  6.992146836054215E-004
 -5.956076804216844E-004
  1.421905345520419E-003
  8.717823005200760E-004
   1.35793175239592     
  1.812954684641853E-003
 -0.131128112587390     
  2.117843745841046E-003
  2.467565576867120E-003
  1.227922249054848E-003
  6.382197478625669E-002
 -7.566445590677669E-002
 -0.183063954107950     
 -3.982008057176977E-003
  2.190818110459751E-003
  4.442681734287773E-003
 -8.309822345437720E-003
 -3.433038085304462E-003
 -7.376977216383621E-003
  9.358352594454674E-004
 -1.526377770678106E-003
 -5.568277610537400E-003
  1.642115284583976E-003
  1.051646862362755E-003
  3.543361828675907E-003
  7.918372562427845E-004
 -3.607708072151182E-003
 -2.433952540826761E-003
  3.458389831275888E-003
  2.264675850612595E-003
  9.280340125552910E-003
  2.103133179784662E-003
 -9.541508238494605E-003
 -5.561523011060551E-003
  1.302967771776959E-003
  3.153189328143466E-003
  9.696890553445622E-003
  2.096399818969185E-003
 -6.669578977473468E-003
 -3.399367590746144E-003
 -1.371572452467436E-004
  1.378537354362530E-006
  1.949328642655363E-004
  3.190043163481854E-005
  3.502951163839380E-004
  3.795713041054122E-004
  1.734331219666053E-004
  1.154278661095825E-004
 -5.216779032541786E-004
 -1.034535767917063E-004
  8.495394049576698E-005
  2.906876673855156E-005
  7.685886746500801E-004
 -7.815594835108350E-004
  1.176452502776183E-003
  5.266976620235341E-004
  2.389345511009489E-004
 -3.478310419418279E-004
 -7.458724200413984E-004
 -1.402525442360840E-004
  4.252415644941156E-003
  2.959126043696667E-002
 -3.042604932063067E-004
  1.538135082989494E-004
 -7.733308606581061E-003
 -2.418603218028532E-002
  2.343853471138302E-003
  4.130332800153416E-002
 -3.167534984095591E-004
  3.598808218811592E-004
 -1.953684668224389E-004
 -3.557657620313002E-003
  2.914377254101128E-003
  8.083939179139002E-003
 -6.130979892633709E-004
  9.165287125427416E-004
  4.220117439909665E-003
  2.771315872960847E-005
  2.531187657297203E-004
  6.390754194251240E-004
  3.811208742542407E-005
  1.428513882112175E-004
 -6.582524615503254E-005
  3.792644179246934E-004
  7.900306598892902E-004
  1.968861561951651E-003
  1.164085357295265E-005
  4.823192687316577E-004
 -3.909052714976461E-004
  3.278808784432406E-004
 -4.198507742096856E-004
 -1.088323334563687E-004
 -1.249242874440641E-004
  3.982614542464770E-004
 -2.029565909991765E-004
 -6.961319771755651E-005
 -1.519852718266862E-004
 -2.061825227198968E-004
  8.052591291707986E-005
  1.698496926782781E-004
  1.283136802355897E-004
  4.526928721384277E-005
  1.389059360959465E-004
  1.617741018515791E-005
  2.242552887465012E-005
 -1.164694030438750E-004
  3.074537547947282E-005
  1.373409366182052E-005
  2.109134605838990E-004
  6.965127619473356E-005
  1.384947485477258E-004
 -2.029545730604424E-005
  2.134311085966800E-005
  3.014099643865991E-005
 -1.169240150716284E-005
  1.254589712362040E-002
 -4.502454913213288E-003
 -2.198037267086869E-003
 -3.165215432256896E-004
 -3.279088456934093E-004
 -2.889702303677190E-004
  4.591599142219336E-004
 -2.675482755570352E-006
  3.496790032943465E-004
  1.256830304436715E-003
 -1.514742611098148E-004
 -9.472965885900204E-004
  2.780962192740835E-003
 -2.814002785174256E-005
  1.268651486886687E-004
  8.141180511515996E-005
  3.228033990285567E-005
 -1.826185338504400E-004
 -4.140312051113110E-006
 -8.495289059015892E-005
  1.459759634912613E-004
  7.682621230523508E-005
  6.827683246567198E-005
 -3.473938927189034E-004
  1.667605812448695E-005
  3.033524212891924E-002
 -3.034597864710029E-003
 -1.557054040926832E-002
 -2.024332000606167E-003
  3.984252112427581E-004
 -7.369286769462154E-004
 -5.980509739633346E-004
  8.499012885032049E-004
 -1.457303961673796E-003
 -3.194223703847573E-003
  1.855815834240090E-004
  2.398349327064693E-003
 -2.547595238679399E-003
  4.294634781226906E-005
 -2.622759139504787E-004
  9.301906206704207E-005
  1.864673938138818E-004
 -1.538750883947820E-004
 -2.294137416261509E-004
  1.564819668119708E-004
 -3.519574482269682E-004
  1.083420374709541E-004
  1.747492826453989E-004
 -1.249524478149051E-004
 -3.312312494573698E-004
  1.637219667364309E-002
 -7.353613281587199E-004
 -1.858618132748071E-002
 -1.863927476360477E-003
  5.310551474256697E-004
 -1.201685522601023E-004
 -1.268676840700474E-003
  1.182528163150640E-003
 -1.008228141894337E-003
 -3.071091592565705E-003
 -8.296854044181615E-004
 -3.663327556028201E-003
 -5.227212982654701E-004
  1.196356773753801E-004
  2.388558714108181E-004
 -1.457691508406014E-004
 -5.505555503189309E-005
 -4.779282296724980E-004
 -6.458012234348702E-005
  4.070978157455580E-005
  3.264176713017831E-004
 -1.442104806881046E-004
  1.583330653488465E-004
 -2.942403720431827E-004
 -1.990428469234023E-004
 -0.287376840161278     
  6.120109092926017E-002
 -2.230586506700127E-003
 -0.227700491370237     
  3.521372220038887E-003
  1.353371088913875E-003
  3.726470722938147E-003
  0.119136331988385     
 -0.182634694070513     
 -0.397802801258449     
 -7.095657862305699E-003
  5.379054946369683E-003
  9.233077447067561E-003
 -1.702862539560645E-002
 -7.675994298900875E-003
 -3.857234248360264E-002
  2.001559024865344E-003
 -3.927296061130177E-003
 -1.583846377750137E-002
  3.186774138194553E-003
  2.889719206202921E-003
  1.008694239049197E-002
  2.234865865352987E-003
 -8.109716074100050E-003
 -5.421640003547540E-003
  6.690191364989457E-003
  6.543405030990240E-003
  2.652161032090665E-002
  5.855406615586691E-003
 -2.229667529690692E-002
 -1.254559798057615E-002
  2.671485588800000E-003
  7.271256230093608E-003
  2.136188750939808E-002
  6.093689000948114E-003
 -2.062275464812141E-002
 -8.765174589748114E-003
 -2.094086666910736E-004
  2.640442799619880E-005
  1.142046466750575E-003
 -9.471262584340371E-005
  7.922259739785322E-004
  7.229386259166245E-004
  2.983511826052908E-004
 -1.751474628419356E-005
 -9.214579758120711E-004
 -3.748439068221270E-004
  1.939119530264387E-004
  1.442934080236397E-004
  2.167649912260799E-003
 -2.049321814354941E-003
  3.500595679048074E-003
  1.467585955275625E-003
  3.650022173840568E-004
 -9.900687789252947E-004
 -1.239300060175810E-003
 -3.925270444451681E-004
  4.055946288534515E-003
  4.130026531690418E-002
 -7.375508740222395E-004
 -1.015447287557586E-002
 -2.265485777443175E-002
 -5.786576415349266E-002
  2.101551067357177E-002
  0.247222905200812     
 -7.825907722742770E-004
 -6.597014097776174E-005
 -4.272870126227318E-004
 -7.871514845931783E-003
  2.732736727652921E-003
  2.483223199485514E-002
 -1.059987839541031E-003
  1.967282003973127E-003
  1.668354660591711E-002
  4.431885066669310E-005
  6.813223518310621E-004
  9.914655767273442E-004
  1.523048766186363E-004
  1.153114614183238E-003
 -1.966237272853294E-004
  6.919913695401893E-004
  1.763792454164355E-003
  2.774471842009117E-003
  1.284091325064148E-004
  2.978193794445628E-003
 -8.204005020466042E-004
  7.646973393349439E-004
 -1.141886977807878E-003
 -2.227852684018399E-003
 -5.900716057699466E-004
  1.573286613585380E-003
 -1.746257335649972E-004
 -1.628455522581276E-004
 -3.648377581027641E-004
 -1.516182771318129E-004
  1.810560023345175E-004
  5.760779130278121E-004
  3.074806544398653E-004
  9.093120616011268E-005
  4.935185921222653E-004
  9.204413962242609E-005
 -1.139667716634841E-004
 -2.230039178307270E-004
  4.375632393042887E-005
  3.934576956849000E-004
  3.850628174975383E-004
  2.618174706046086E-004
  2.839489359946428E-004
 -3.800912360734867E-005
  6.020505833279917E-005
  7.027104689161714E-005
 -1.512209180058997E-004
  5.167748230162510E-002
 -8.940654038073191E-003
 -7.102750831282796E-003
 -6.046628955506686E-004
 -1.045583402481681E-003
 -1.225174636327779E-003
  2.758674535151775E-003
 -1.240383232371185E-003
 -1.385750084365051E-003
  7.257916993458973E-003
 -1.073437019745284E-003
 -2.913173328971428E-003
  9.888177344533924E-003
 -7.139072228768785E-005
  5.267452914918977E-004
 -7.069133524376071E-005
  2.624391785397536E-004
 -1.077642745606976E-003
 -1.910484562520657E-004
 -1.458226655290950E-004
  4.364020273205056E-004
 -2.440329345858644E-004
  2.635895575142139E-004
 -1.739210376511781E-003
 -1.177668919851189E-004
  9.837988582321937E-002
 -1.401712986008567E-002
 -5.757785863428236E-002
 -5.672221981297302E-003
  7.669363867869382E-004
 -2.008638229528702E-003
 -9.751829308931883E-004
  1.867540077889958E-003
 -3.342948385394752E-003
 -6.928241457140228E-003
 -1.819595388466177E-003
  7.058390196378508E-003
 -9.406989503166515E-003
  5.696446809447489E-005
 -5.355382007359646E-004
  1.597786953881741E-004
  4.278861428767302E-004
 -4.498243729604935E-004
 -4.848506109712051E-004
  5.168443605004325E-004
 -9.517479659872923E-004
  8.032882945028852E-004
  3.480716978676322E-004
 -2.975218356150458E-004
 -8.649160583680646E-004
  8.951404537264850E-002
 -1.397903665133886E-002
 -6.411598935869312E-002
 -5.057115061739943E-003
  1.515456279108606E-003
  8.437846211737096E-004
 -2.666015998040456E-003
  2.483222298638487E-003
 -1.946366157137049E-003
 -6.836467160177232E-003
 -2.641310793028995E-003
 -9.611998256378360E-003
 -4.220357235767601E-003
  2.089901932111790E-004
  6.272375751089594E-004
 -2.873833438674441E-004
  5.697011140944378E-006
 -1.011229269653661E-003
 -2.146872043521234E-004
  1.355895016395595E-004
  6.583709231500732E-004
 -2.142312525794374E-004
  2.186316258678045E-004
 -9.992159288871206E-004
 -3.542211275073640E-004
 -0.617005535184610     
  0.130787683680694     
  0.297819448355593     
 -3.351955704547053E-004
 -2.909474629237583E-004
 -3.681579018773560E-005
 -2.740860936397996E-004
  3.337101721351982E-004
  3.476370620987103E-004
 -6.522991507624393E-003
 -1.680990067356860E-002
  7.607538755904092E-005
  2.293506401650528E-004
  3.346205094822438E-004
 -1.917250185740018E-004
 -5.298755522443693E-004
 -3.185129909631259E-003
  7.533082871652796E-005
 -2.380029256859325E-004
 -9.378543112986540E-004
  4.521629580871981E-005
  1.995199056492314E-004
  5.882534533320944E-004
  1.442538474644508E-004
 -3.721425016413782E-004
 -1.894701432731706E-004
  1.057010093077051E-004
  4.937020978277311E-004
  1.567668318592951E-003
  3.475737050338318E-004
 -1.093843887176429E-003
 -4.532747143415369E-004
  6.575957769543400E-005
  2.553677138032174E-004
  9.481286248638565E-004
  3.900330604006255E-004
 -1.269871214544325E-003
 -4.557926380960595E-004
  4.600009952095896E-006
  1.956023588260941E-005
  9.707975895067643E-005
 -2.549648360619924E-005
  4.163649128605466E-005
  1.169645374991155E-005
 -4.506233656189626E-006
 -2.913721799657509E-005
 -6.041534914040536E-006
 -2.264751365136712E-005
  6.715937601533786E-006
  2.038894397727385E-005
  1.267509574153385E-004
 -1.088943903525705E-004
  2.124482196572343E-004
  8.874657754796911E-005
 -4.888839444481961E-006
 -6.991261907087864E-005
 -5.722425643827971E-006
 -1.894611278148662E-005
  2.656216614684830E-005
  1.581283202789806E-003
 -5.176981271838807E-005
 -2.402532819089378E-003
 -1.560764167336179E-003
 -1.729138076786510E-004
  6.958801633518665E-003
  2.122248839859030E-002
 -7.771197091244428E-005
 -1.624509159596730E-004
 -3.339086788834094E-005
 -3.857438169786875E-004
 -8.007289223859290E-004
  1.440050647019615E-003
  7.102978903556677E-005
  1.681533448995659E-004
  1.210269635275591E-003
 -2.342324680678989E-005
  5.960199364064803E-005
  2.130340682531070E-005
  5.398604901051391E-005
  1.195190709377812E-004
 -3.056280220372402E-005
 -6.032507705306417E-005
  6.069638009851963E-005
  2.949480573346129E-005
  1.099204776757502E-004
  2.809333305502353E-004
 -4.959540062268600E-005
 -8.677094438392638E-006
 -1.159811238799410E-004
 -2.216833197435300E-004
 -4.624329064481256E-005
  9.927668850190680E-005
  5.492038508320520E-005
 -6.389561683723634E-006
 -7.661911262176710E-006
  1.303094458938433E-005
  1.365099968532543E-005
  4.177703109536141E-005
  5.517685365845475E-006
  4.188765517031193E-006
  3.719208563900647E-005
 -4.904385288916869E-006
 -1.674101007613027E-005
  2.860468576194857E-006
 -2.961292183726504E-006
  3.755135046595412E-005
 -1.014259632228379E-005
  1.635691455242405E-005
  1.561190593699220E-006
  2.238948083926018E-006
  7.650872657156814E-006
 -3.755552068051549E-006
 -1.506740770770364E-005
  9.828149760596837E-003
 -9.584596966680957E-004
 -2.296624936481823E-003
 -5.100041731748806E-005
 -1.169350976833939E-004
 -2.404815061971318E-004
  2.099381983840865E-004
 -2.609077078102071E-004
 -5.401309983116772E-004
  5.518807930603592E-004
 -8.184237570180299E-005
 -1.319831561173604E-004
  6.774384059210161E-004
 -1.498504302881055E-005
  6.777414965598666E-005
 -1.475727724841126E-005
  5.386174866524793E-005
 -7.566657498180359E-005
 -3.887670563643738E-005
 -6.700538940691031E-006
  1.292225201260906E-005
 -3.721491077461890E-005
  2.253202978641121E-005
 -1.350692083244603E-004
 -1.583149084572017E-005
  1.095019088590003E-002
 -1.895425966600192E-003
 -5.591428774446886E-003
 -3.161232472497000E-004
  5.059904168077787E-005
 -1.647373702393682E-004
  6.118113839883121E-005
  5.352186564238096E-005
 -1.752148671420909E-004
 -1.986780282719006E-004
 -2.376440671296596E-004
  4.840470556446389E-004
 -7.518642377068818E-004
 -7.472735147634494E-006
 -2.363770863663825E-005
  1.266873411996405E-005
  1.879403744779032E-005
 -4.556777294661788E-005
 -1.132130230015583E-005
  3.337446307354682E-005
 -2.629271959056210E-005
  5.820751695195264E-005
  1.129163707089696E-005
  1.138739177129520E-005
 -4.466610014444378E-005
  9.177475397521791E-003
 -1.837590967662829E-003
 -4.800206756196488E-003
 -3.139623606219745E-004
  7.590069450333017E-005
  1.625880879019031E-004
 -1.034590825075043E-004
  8.225398898563163E-005
  2.776307179600958E-006
 -3.037125444678419E-004
 -1.550454425235289E-004
 -5.038374963413329E-004
 -3.672924954117311E-004
 -1.340280826602020E-006
  2.839325484761482E-005
 -1.148113463498478E-005
  1.853862554359253E-005
 -4.002562534719120E-005
 -1.719834471699051E-005
  1.933319693439490E-005
  2.884393484560915E-005
 -2.989491147400208E-006
 -1.112646332406582E-005
 -7.288842589578393E-005
 -8.206733610329090E-006
 -2.127987074451111E-002
  4.427632150862292E-003
  1.179094690482392E-002
  6.698319327036050E-004
 -2.411904028249637E-004
  4.045319663774841E-003
 -6.455775962912411E-005
 -9.154749296657139E-004
 -8.186818814034438E-005
  1.544010868572225E-003
  3.491867690928897E-003
  7.350645002720764E-003
 -8.513392717034203E-005
 -1.094929819143620E-004
 -1.742894818331025E-004
 -2.838433571519436E-004
  2.301221366774172E-005
 -2.687081191543624E-004
 -1.184128230686839E-006
  5.349527172601656E-005
  1.311930183296981E-004
  2.557087306507292E-005
 -5.577837094210234E-005
 -8.278047326889357E-005
 -8.073187773791709E-005
  1.276857101956858E-004
  5.516100467284417E-005
  4.976985761299938E-005
 -1.311487846438110E-004
 -2.223608951800797E-004
 -1.788970532975604E-004
  3.276679709147329E-004
  1.291271956845611E-004
 -5.397720396238590E-006
 -1.755096968837593E-004
 -3.928651847246761E-004
 -5.279965308186267E-005
  1.247382260056714E-004
  5.819737347810126E-005
  1.180122828451620E-005
  5.239868157600220E-008
  1.048324712150466E-005
 -9.197056528759992E-006
 -1.480096325756759E-005
 -2.620662832478861E-005
 -4.266588493530853E-006
 -5.603854428299922E-006
  1.274736679901656E-005
 -1.626464231068248E-006
  1.812967767580435E-006
 -6.893453374818753E-006
 -1.828433355004415E-005
  2.185864598597611E-005
 -2.056163119418483E-005
 -2.729754928871742E-005
 -7.569673325801949E-007
  2.192223508452534E-005
  9.164355372559338E-006
 -1.212633844827066E-006
 -1.399813143409641E-005
  2.327225977508115E-004
 -3.273553831555923E-005
 -4.992962891551090E-004
 -1.277042443596435E-004
 -3.272752412387507E-003
  6.642774942500486E-004
  2.498414324037554E-003
 -1.212761917332316E-005
 -8.621115419236280E-008
  1.262591762902579E-005
  1.170918198885040E-004
 -1.803146104815715E-004
 -1.325427717723737E-004
 -2.166260391777374E-005
 -7.621396547000149E-006
  2.799185917420934E-005
  2.232819162290435E-005
 -3.667369049063602E-005
 -4.032963139109023E-005
 -1.217194875529911E-005
  1.596629934425999E-005
 -1.015624286760524E-005
  7.395420677365678E-005
 -1.133602082989555E-004
 -1.324711310099876E-004
 -4.733258874575382E-005
  2.989867238243241E-005
 -2.662161802790296E-005
  5.264593983042198E-005
 -4.164135425735012E-005
 -5.794528135051353E-005
 -5.116317726107040E-005
 -5.186773361106343E-006
 -1.482762569351574E-006
 -5.625513037431595E-006
  3.993929982638750E-006
  1.610349011850651E-005
  5.560210308334627E-006
 -3.280460433551378E-006
  1.131632880396016E-005
 -9.027354236730944E-007
  4.067872513686318E-007
 -1.285723711619467E-006
 -5.503425789958380E-006
 -5.394948527880875E-006
  1.591957666347413E-005
  1.234067328330321E-005
  2.834771807631504E-006
 -3.147514687188718E-006
  1.335007377601112E-005
 -6.228353037520470E-006
 -4.881166199126794E-006
  2.765482449087276E-006
 -2.486502361392139E-006
 -4.764238788424788E-004
  2.130046110929342E-004
  2.282052437888442E-004
  1.840864795416641E-005
 -4.073806307107136E-005
  1.580606863520915E-005
  3.013283849340550E-005
 -1.521470250060362E-004
 -3.421085951162557E-007
  7.784704220191327E-005
 -9.774780418908353E-005
  8.971605579831965E-006
 -1.354217799287250E-005
  9.682830144848662E-006
  1.352043633123353E-005
 -8.025294336031942E-006
 -9.409173726283174E-006
 -1.531774761945441E-005
 -2.736564185654869E-007
  2.343222834397483E-005
  2.871500576133697E-005
 -1.027987896733072E-005
 -1.873508729300953E-005
 -1.722944602605356E-005
 -4.697141050965291E-006
 -2.544954008113482E-003
  3.561386365293256E-004
  8.006383292470868E-004
  4.733501113417577E-005
 -1.479780828303655E-005
  5.402260138356183E-005
 -4.803656217815179E-006
  1.767980501106829E-005
  9.895215077305964E-005
  8.478370715377121E-005
 -3.735331592498888E-005
 -1.112786475203675E-004
  1.775265156919960E-005
  4.198492710902576E-006
  9.932258166390534E-006
 -2.396636350396248E-006
 -9.624517829752124E-006
  1.619019968376187E-005
  5.426025118849547E-006
 -1.723123581008734E-006
  3.285744602165076E-006
  1.343633492456348E-005
 -8.160813557557373E-006
  2.082302936332120E-006
  9.883937138566106E-006
 -3.234773067226908E-003
  5.964301226024706E-004
  1.633432269124897E-003
  6.795410488223734E-005
 -2.721416501308663E-005
 -5.732856633593757E-005
  4.140328939315371E-005
  1.770713423703551E-006
 -5.334505070911572E-006
  1.121104391576346E-004
  3.303901888729683E-005
  1.956724211082756E-004
 -4.733471314042625E-005
  2.130956035999197E-006
 -1.031985219474144E-005
  6.162819156219469E-006
 -7.727633262388185E-006
  1.551683780187273E-005
  5.596677226388988E-006
 -4.227518157536667E-006
 -2.060526659287336E-006
  1.110661788946795E-005
 -3.998186593547531E-006
  4.347468435900736E-006
  8.225704751084198E-006
  9.302283766007941E-003
 -1.941839656548923E-003
 -3.899808426036452E-003
 -1.248180377321132E-004
  9.420699985055738E-005
  2.654591178466183E-004
 -5.359922027269160E-003
  7.516531218932489E-005
 -6.716207307877874E-005
 -3.687480793231809E-005
  2.947007352204160E-003
  2.753374677957915E-003
 -8.357823366779451E-003
 -1.697356702762926E-004
 -5.244541649171952E-005
  1.851061290294923E-004
 -2.858712433410412E-004
  2.314052527716172E-005
 -1.698629484858524E-004
  2.820835808453620E-005
  8.359742036077620E-005
 -2.359245542028104E-004
  6.299991191621257E-005
 -6.226031540157120E-005
  1.408297593435629E-004
 -2.141379119983174E-005
 -2.107456872905530E-004
 -4.158612071638084E-005
  1.343894261485499E-004
 -1.786098466228394E-004
  3.753597121340405E-004
 -4.632886460519847E-005
 -5.559274306681098E-004
 -8.806056154335143E-005
  4.444516236123584E-005
 -1.526758918508334E-004
  4.668725274718085E-004
  2.744377944172230E-005
 -3.052527705056056E-004
 -7.188894180295814E-005
 -5.309917805958163E-006
  7.714726385033987E-008
  3.538285973164627E-006
  8.267129821171005E-006
  2.540495339400735E-005
  7.662623596703481E-006
  6.695763942723303E-006
  4.334475279743677E-006
 -2.016443909202025E-005
 -2.624253750969435E-006
 -7.433314089786836E-007
 -1.103353348332600E-005
  3.320589951525945E-005
  6.200909833352775E-006
  7.106323824603154E-005
 -3.970915606416724E-006
  1.582376031806221E-005
 -1.756220429038363E-005
 -3.643774747086062E-005
 -5.214565074958605E-006
 -2.248720640734923E-005
  7.812547199312731E-004
 -7.956932975871440E-006
  8.804017907436781E-005
 -9.376335919430690E-005
 -1.197705316409669E-003
 -1.956111427724233E-004
  5.549902822592290E-004
 -9.773105620547035E-006
  2.027011457496706E-005
 -1.124950326657056E-005
 -1.084453114961503E-004
 -4.475988033196612E-005
  3.089161276300907E-004
 -1.755515236100000E-005
 -2.130309516804903E-005
  1.393757981657411E-004
  3.053713728984788E-006
 -1.933188458946554E-005
  3.224957304788466E-005
 -2.629755630298827E-006
 -2.369986899956743E-006
 -4.239580986859602E-007
  2.061114278337405E-005
 -6.275537894913954E-005
  1.044700132447140E-004
 -1.380168279852736E-005
 -1.075585879925940E-006
 -6.809459984846689E-006
  2.598716201589541E-005
 -3.745778309657464E-005
  1.546828397845561E-005
 -1.939498974847482E-005
  6.093637342238536E-006
 -6.592172267420596E-006
 -1.936872875995872E-006
  3.045851084241231E-006
 -1.209884824646387E-005
  7.018043290352134E-007
  5.947756722291874E-006
  5.108814298952402E-006
 -7.632169289662904E-007
  4.228060525473557E-006
 -7.562002973423599E-007
  2.623595906996771E-006
 -3.300624870201301E-006
  6.634718165175470E-006
 -3.194526964607171E-006
  1.533880587918745E-006
  3.303672021659919E-007
  8.367994022685159E-006
 -2.983107813622528E-006
  3.706391829476396E-007
  2.314605275692113E-006
  9.412959272198439E-007
 -4.038575570636475E-004
 -7.949880551739530E-009
  6.868402417953008E-006
 -1.398857960648891E-005
 -1.366004581348694E-005
  6.257623163666910E-006
  8.255230314107299E-006
 -2.819520081358129E-005
  1.983526107573720E-005
  1.727494364044493E-005
 -1.344346667374688E-005
 -1.364314432529643E-005
  1.074239043878590E-004
  1.656964055897449E-006
  8.279487947051887E-007
  6.165883222192285E-006
 -3.431484170656491E-006
 -3.455193060629064E-006
  1.774520114759042E-006
  4.707313869425363E-006
  1.061424005703252E-005
  9.058456047787042E-006
 -5.387708003849673E-006
 -9.555463444447470E-006
  6.803941344243105E-007
  5.481017762342986E-003
 -7.619826497180019E-004
 -2.152645311339690E-003
 -1.462992748520631E-004
  5.176575677998153E-005
 -5.500734282039815E-005
  4.316705768199001E-005
  6.291552801090303E-005
 -1.493781405558028E-005
 -7.357348081741822E-005
 -7.642377067159091E-006
  1.993533864397750E-004
 -2.405939096544864E-004
 -9.566855285351161E-007
 -1.881813982603404E-005
  1.886722363508078E-005
  2.592886386043206E-006
 -1.967890847068422E-005
 -1.636200857508090E-006
  1.073213400138627E-005
 -2.587991502243344E-006
 -2.957826127657710E-006
  1.070734394681005E-006
  1.689822093936116E-005
 -1.180286839606727E-005
 -5.151978018116185E-003
  1.196735332758205E-003
  2.009159605720496E-003
  4.370384787503768E-005
 -3.630440330648175E-005
 -1.018297968306009E-004
 -7.739341024817799E-005
  2.690986294987587E-005
  1.046547732568553E-006
 -1.562216242248007E-004
  4.258022876716036E-005
  1.376261670889618E-004
  5.009260771187194E-005
  5.443034045772481E-006
 -1.058005410045327E-005
 -1.049652607102758E-005
 -9.010766045764611E-006
 -2.892029846749721E-005
  3.567731999992130E-006
 -4.740268785182135E-006
  2.233113340991353E-005
 -7.217982738404044E-006
  1.717794954316316E-005
 -1.280270050933980E-005
 -1.243768075798102E-005
 -1.022421057603689E-002
  2.214268979996499E-003
  4.509457855475293E-003
  1.446656784511837E-004
 -6.700622114316806E-005
  1.186494786412389E-004
  6.369649232300898E-004
 -1.266246946488107E-002
  2.184498091252857E-004
  4.198055518930684E-004
  1.382012499799349E-004
  6.417288738826227E-003
 -8.811321965536223E-003
 -1.354372188284650E-002
 -4.008101243784192E-004
  2.317206824350870E-004
  3.546053231132340E-004
 -8.286491244935993E-004
 -4.572058559191343E-004
 -1.742955136676191E-004
  9.663321065213564E-005
 -2.042238199242878E-004
 -3.446558873221185E-004
  1.594219157353806E-004
  1.355950439370697E-004
  2.265781002445933E-004
  6.981916334339373E-005
 -2.355875663714749E-004
 -2.292410790787743E-004
  3.405627719961037E-004
  3.113619867955100E-004
  5.837219874527993E-004
  1.856836008699914E-004
 -6.013035814891870E-004
 -5.262463728660952E-004
  1.288775944806738E-004
  3.871944818664802E-004
  6.907986879582614E-004
  1.713145364706084E-004
 -3.522967236301815E-004
 -3.001921309512822E-004
 -1.385698448878225E-005
  2.891343116298197E-006
  3.175033504423781E-006
  3.823581823586702E-006
  1.852571691650736E-005
  3.774737164276005E-005
  1.650943271142158E-005
  1.730293788431186E-005
 -5.241964125056293E-005
 -6.825990462911883E-006
  1.084585924281050E-005
  7.321126535275562E-006
  4.797992992770406E-005
 -7.858609023681267E-005
  5.646025331108260E-005
  4.604851250838117E-005
  1.943939597847338E-005
 -1.801586107526954E-005
 -6.563931447069570E-005
 -9.988022950811509E-006
 -4.930210172270566E-005
  1.676829961116821E-003
 -2.555304170856063E-005
 -3.611860964601663E-005
 -8.768997068582543E-004
 -3.039904987207777E-003
  7.283293186724088E-004
  7.098190604822689E-004
 -2.297221625070302E-005
  3.106891515721633E-005
 -1.449343175764560E-005
 -3.468238711507645E-004
  3.895918219644539E-004
  4.813907345004158E-004
 -8.196636718399532E-005
  1.328384780853116E-004
  1.916751101637036E-004
  6.343229014519896E-006
  2.304066957805345E-005
  5.192243503444706E-005
  2.214709032026111E-006
 -9.968614093309559E-007
 -8.557938046546008E-006
  4.610196761639444E-005
  7.827546015278750E-005
  1.615496607788124E-004
 -1.675291431924644E-006
  1.002937592976347E-005
 -4.442667618446980E-005
  4.058787334304623E-005
 -4.715323257729389E-005
  1.570601025430892E-005
 -1.276391519158222E-005
  1.910037961343633E-005
 -2.782395815146401E-005
 -7.113710166681783E-006
 -1.668932885957754E-005
 -1.966685216443395E-005
  8.138823516765174E-006
  8.478326689766641E-006
  1.320230698328017E-005
  5.457984899939620E-006
  7.856587827948805E-006
  3.153741597586785E-007
  3.936754778828381E-006
 -1.239211586994315E-005
  3.925133037794623E-006
 -3.271885761332659E-006
  2.271713662872085E-005
  2.853462631534329E-006
  1.445921098110860E-005
 -2.096971809287727E-006
  6.353816535216920E-007
  2.365782390068557E-006
  8.788347026036557E-007
  6.316079020083601E-004
 -2.576221578961616E-004
  1.048902861844685E-004
 -1.933568313392170E-005
 -3.027992489870624E-005
 -3.232548469248133E-007
  8.074577503553148E-006
 -6.074765689134250E-006
  7.258883971573853E-005
  2.505319812042974E-005
 -3.424137463882568E-005
 -9.164247288922871E-005
  1.348268736218344E-004
 -9.297720620420546E-007
  1.168056734110634E-005
  1.025393591309575E-005
 -2.268008050727076E-006
 -3.750246013214144E-006
  3.197780112769130E-006
 -7.631656463253818E-006
  1.713388052169104E-005
  1.193662737793681E-005
  3.203457733000896E-006
 -1.054671948942462E-005
  4.428198730252923E-006
 -1.863664668213724E-003
  4.668373653936190E-004
  5.577005189183804E-004
 -8.873251038782269E-005
  1.069838973066244E-005
 -1.986685269694225E-005
 -1.094129440351206E-004
  5.822314621942702E-005
 -1.200160403547237E-004
 -2.976129098689286E-004
  8.578405434483305E-005
  5.247351494997498E-005
 -2.601126778246481E-005
  7.743717893893454E-006
 -1.594125146211447E-005
 -9.578938224467129E-007
  1.627060832235990E-005
  3.243438446654082E-006
 -2.401432621625335E-005
  4.043916394678860E-006
 -3.291495581980428E-005
  3.728226509618657E-006
  1.821212762863512E-005
 -2.649329299218832E-005
 -2.225604402331398E-005
  2.443260361522373E-003
 -2.830119094232116E-004
 -2.204740580934020E-003
 -1.982065777602216E-004
  6.210624984600068E-005
 -3.267134070800883E-006
 -8.764724419178091E-005
  1.217684926713931E-004
 -1.259013595462485E-004
 -2.155662754577506E-004
 -9.188502615579943E-005
 -4.042471049178301E-004
 -1.672581316332295E-005
  1.226166306149506E-005
  2.659792774283122E-005
 -9.263370208901903E-006
 -6.688899709388271E-006
 -3.280706435604682E-005
 -5.572763352106788E-006
  5.423457734681122E-006
  3.151401404455082E-005
 -1.046370182123015E-005
  1.119438494698473E-005
 -1.292879615678473E-005
 -1.661784268166585E-005
 -2.418761997235957E-002
  5.137015231992945E-003
  1.067724538263253E-002
  3.177230112006260E-004
 -1.628055949688345E-004
  1.697557911010033E-004
  4.520391723191238E-004
 -7.308855463066153E-004
 -9.640332043540048E-004
  2.595012354095082E-005
 -2.042727699391187E-003
 -2.298297140493001E-004
  8.949706829139710E-003
  1.972085526063275E-003
  1.656626193320145E-003
 -5.969726163139274E-004
 -9.097943821564611E-005
 -2.646851239457389E-006
 -1.389890089847280E-003
 -1.155832831957007E-004
  1.004051835869957E-003
  4.493366505613514E-005
  3.907096379749621E-005
  2.114836706281639E-004
  1.930366585403757E-004
 -7.560179719192162E-005
 -1.392916086276156E-004
 -1.339612761704573E-004
  3.840044288036694E-005
 -5.907538236991837E-005
  3.907122637538539E-004
 -2.083849548250464E-004
 -3.815950366778949E-004
 -2.670796225888130E-004
  1.549311676712620E-004
 -1.236326411650409E-004
  6.488819677054852E-005
 -1.317824164403453E-004
 -1.211739370458919E-004
 -7.328134745693375E-005
  3.474243888427685E-004
  8.393150686385237E-006
  1.671474095818437E-005
 -8.310773602017318E-006
 -3.300279928510960E-005
 -1.816539294492072E-005
 -6.494759361789211E-006
 -3.197882992963238E-005
  5.638530536159512E-006
  1.338362407100013E-005
 -8.604818006461218E-006
  6.539725071369823E-006
  9.206795638406897E-006
 -2.039539957961451E-005
 -2.936748976656291E-005
  1.493348093728225E-005
 -4.971741316863334E-005
 -4.255386785250295E-005
  2.638374381391394E-005
  3.703745942406797E-005
 -5.875583186212731E-005
 -2.556656552501687E-006
  1.518514549848921E-003
  3.529498191547395E-003
 -8.910028022739005E-005
  1.100485254481128E-006
 -2.543352805996235E-004
 -9.979684396721231E-003
 -8.958142215660461E-004
 -6.890744809414615E-003
 -2.334248336141475E-005
  1.191325380142531E-004
  1.303992166065302E-005
  1.936036974919156E-004
  3.682392654588198E-004
 -3.450779880779532E-004
 -1.490063005269020E-004
  3.789470038953250E-005
 -3.472916210805932E-004
  7.033837041393346E-005
 -8.301126436534757E-005
 -8.951951367227402E-007
 -4.740362043498124E-005
 -4.101141006565136E-005
 -2.293474997895221E-005
  2.512401542306596E-004
 -1.942462836195143E-004
  1.186076700366426E-005
 -1.543347752411183E-004
 -9.664868538835343E-005
 -9.690537898954123E-005
  1.496591170020660E-004
 -7.592117374183013E-005
  6.287190337526362E-005
 -9.447109614038151E-005
 -4.836605967562318E-005
 -5.518802086168445E-005
 -1.812756595409803E-005
 -3.111981253745132E-006
 -1.041043624671316E-005
  1.694905454138422E-005
 -1.583914335171325E-005
  3.743364332090986E-005
  2.130095639276185E-006
 -8.202590717879274E-006
 -3.278305664083423E-006
  6.204342321530812E-006
 -2.654498092967501E-005
  4.480623674499077E-005
 -7.238193664732538E-006
  3.770379417465478E-005
 -9.755249261366683E-006
  4.193114861437024E-005
 -1.770478140819350E-005
 -1.120633733878396E-005
  8.308107479589723E-006
  6.148177001172167E-006
 -4.363274413371685E-003
  3.888575558131185E-004
  1.377614965426348E-003
  4.010901002927937E-005
 -7.025329899025278E-005
  1.281515691907353E-004
 -6.350258947381150E-005
 -2.232613541461996E-004
  3.366837426663781E-004
 -1.634908364636932E-004
 -2.014455157369630E-004
 -1.555397206850532E-006
 -1.929004048689697E-004
  2.721214913112941E-005
  1.081519318596910E-005
  1.253776232602420E-005
 -4.914656509581181E-005
  1.456652920288771E-005
  2.193441596468241E-005
  4.975614223498639E-005
  7.380428699168764E-005
  2.602242836580773E-005
 -5.162975953212727E-005
  3.170695535383446E-005
  1.873617297140875E-006
 -4.403903444916932E-003
  8.764568947981483E-004
  2.104542110996439E-003
  6.478816336895986E-005
  1.702361905904360E-005
  6.629919091885467E-005
 -5.651157313096021E-005
  9.764852015268762E-005
  6.739765915158793E-005
 -4.000202505217755E-005
  1.225537399914367E-004
 -2.070781949000189E-004
  1.917967844986792E-004
  1.401857766939335E-005
 -4.629636422469038E-006
  7.118570779104842E-006
 -6.913715048351050E-006
  2.701554320401669E-005
 -7.104862621042299E-006
 -8.917665178410796E-006
  5.753313663842810E-006
 -2.958793568312527E-005
  4.167706313352418E-006
  1.238174193501262E-005
  4.749958865058376E-006
 -6.505428491737604E-003
  1.399249748369171E-003
  2.575733705063007E-003
  8.171568602046316E-005
 -1.297608955706794E-005
 -1.445213965996968E-004
 -4.749727280406703E-006
  8.306716416651779E-005
 -1.002362346660643E-004
  2.167990214847727E-005
  2.066913540998997E-005
  1.733151356058749E-004
  1.394398321293115E-004
  1.524564319506053E-005
 -1.816383499774750E-006
  7.613841103426890E-007
 -2.369858836290170E-005
 -2.613422314847342E-006
  8.452945167841162E-006
 -1.203671605158460E-005
 -1.442292758947022E-006
 -9.090369203249063E-007
  2.018510983174977E-006
  1.279489223908766E-005
  1.001820506840963E-005
 -5.357584499315268E-004
  1.956907254329353E-004
 -5.454421934417170E-004
 -1.393362536811197E-004
  3.309101579418543E-005
  2.508889308889705E-005
  4.131444575495173E-005
  1.676862319110523E-004
  7.988746796287066E-004
 -2.116161573720241E-003
 -2.444162285543259E-006
 -4.986308439629333E-004
 -2.135692574768838E-004
  1.935068889033736E-003
  1.646685757818768E-002
 -5.055025853130266E-003
 -6.609343717865095E-005
 -3.911980582855841E-004
  6.756736601786173E-005
  4.542110496091845E-005
  3.901844768406293E-004
  5.877964669148467E-005
 -9.261979094758234E-006
  3.993233692431800E-004
 -1.393416327469823E-004
  1.752835948807367E-005
 -2.906839123792114E-004
  6.142152913624343E-005
 -1.522960268474009E-004
 -2.421713143499131E-004
  1.347676673593272E-004
  4.287473183976824E-005
 -7.529125477846853E-004
  1.812909046344573E-004
 -3.741730816745604E-004
 -6.447943995348036E-004
  3.312983498347922E-004
 -7.298373477449064E-007
 -7.900483005421862E-004
  3.435781403863439E-004
 -1.316066001409805E-004
 -2.477598280435623E-004
  1.323364374887254E-004
 -4.769916223153852E-007
  2.934986754626903E-006
 -2.839659841375439E-006
  2.005365826300708E-005
  3.767577377793267E-005
 -1.862268339606093E-005
  9.496275769330096E-007
 -8.868020867944554E-007
 -5.783869485425931E-006
  1.242153976056631E-006
 -1.088295436811693E-005
 -3.401950093041100E-005
  2.111847564510926E-005
  9.828832864182170E-005
  9.390266312758562E-005
 -6.563946553747090E-005
  2.155089638634751E-005
 -1.442066545924843E-005
 -3.063318822863153E-005
 -2.232603395286941E-006
 -1.593515909537460E-004
  7.114288726534117E-004
 -2.850704711796551E-006
 -1.716531396514052E-005
  4.912944576130165E-004
 -3.961877197077950E-004
  1.269895070736553E-004
 -1.079840078145405E-003
 -1.252147260521319E-005
  7.497059200528440E-006
 -1.282836600337753E-005
  1.055908592901394E-005
 -6.089947697022540E-004
  1.038757796066414E-004
  3.819712301252604E-005
 -1.434510760069264E-004
  3.843243181585719E-005
 -2.153812699806039E-007
 -7.511655663421397E-005
  2.390488304710423E-005
 -1.288418829285733E-006
 -1.005564464041126E-005
  1.503800099266337E-006
  4.897318796074827E-006
 -2.622016457968779E-004
  8.355504723166649E-005
 -1.951188688846322E-005
 -2.726073592290268E-005
  1.461456809238840E-005
  3.303407735783726E-005
 -7.797226998702795E-005
  3.614664877792891E-005
 -4.636206543684039E-005
 -1.940594417515197E-005
  1.332798807900313E-005
  1.055377687054740E-006
  2.636809625852828E-005
 -1.046629254963721E-005
 -3.459988453852068E-006
  2.625466516182579E-006
  2.938553926878485E-007
 -6.630017467196193E-006
  6.442074860046180E-007
 -6.478043856939701E-006
  3.274028354544198E-006
  3.759852111032935E-006
  1.538529833232585E-005
 -7.313143676770833E-006
 -2.114080891542326E-005
 -6.090750610536373E-006
  9.861252582324455E-006
 -6.094809646289579E-006
 -6.067866324493667E-007
  2.899130606542890E-006
  2.639976769740066E-006
 -7.008443506385618E-004
  1.696837474835947E-004
 -3.864875218873140E-004
 -2.292926596612745E-005
 -2.379602260829130E-005
 -2.855566513327842E-006
 -1.295654937127363E-005
 -1.113613587074382E-004
 -6.729144683369415E-005
 -4.610255583412370E-005
 -1.214567523953103E-005
  7.520324674538578E-005
  6.160612231036243E-005
  4.387121581972733E-006
 -2.299107592529016E-006
  7.812321136474743E-006
 -4.365418959533493E-006
  5.400436931104066E-006
 -2.170262243923923E-008
  2.149359497098264E-005
  1.278985308082034E-005
  1.370547660503971E-005
 -2.136782111292994E-005
 -1.161850035538632E-006
 -1.257738580526994E-007
  1.303153492453768E-002
 -1.937622127528551E-003
 -4.815298698250215E-003
 -2.217691170668970E-004
  1.087991203289339E-004
 -8.256822597963202E-005
  1.910272935538656E-004
  9.700713452346293E-005
  1.200671554340442E-004
  1.242636394942422E-004
 -5.841373353289164E-005
  3.452795507748338E-004
 -4.719803272477277E-004
 -7.519391523882170E-006
 -2.670222551591642E-005
  4.563380922161126E-005
 -1.251950621952096E-005
 -4.165141210842392E-005
  2.003889774340313E-005
  1.720467882894001E-005
  2.876433422321064E-005
 -1.339840235565216E-005
 -1.730034511759437E-005
  6.220561039812586E-005
  9.566628865435444E-008
 -1.728365118559237E-002
  3.702951110409082E-003
  8.049494491326718E-003
  3.145380329030918E-004
 -1.693325955021974E-004
 -2.950952521945530E-004
 -9.430642740871438E-005
 -3.829744058256263E-005
  1.127040997168010E-004
 -1.345075824542235E-004
  2.258091879336953E-004
  8.083012878853804E-004
  1.765744688469368E-004
  3.542349625304667E-006
 -5.834914056564512E-005
 -1.544099905953664E-005
 -2.130471579349274E-005
 -3.466995473985074E-005
  1.776236616818808E-005
 -1.586753716901686E-005
  3.589340601922600E-005
 -4.032941692757945E-006
  3.369507726232690E-005
 -8.772503508738782E-006
 -1.782754009331004E-005
  3.370837288880083E-004
  5.583367024056534E-005
 -3.956212679612188E-004
 -1.754317740285798E-005
  1.263578079349879E-005
  1.156300107400580E-004
 -4.683406877004452E-005
  4.555228305229268E-005
  3.398644395531839E-004
  1.775046729461637E-003
 -4.230410522052668E-003
  1.143379962712316E-004
 -6.055936977045070E-004
 -5.032630396774967E-005
  6.359515168242334E-003
 -5.563454553234972E-003
  9.193063192046755E-003
 -4.463964616105635E-004
  8.234937030903887E-005
 -1.427210366108443E-004
 -9.815924741939477E-004
 -2.544191902350286E-004
  5.811255725279978E-004
  4.984447648905272E-005
 -1.413029786357802E-004
  3.361964740676919E-004
  1.412577413025539E-004
  5.508430499141219E-005
 -1.914720274059526E-004
 -6.535169067839164E-005
  2.486925018363676E-004
 -7.590605062416224E-005
  2.858584581739922E-004
  1.421667245173549E-004
 -5.366803545131154E-004
 -1.195696965876426E-004
  7.011563338179273E-004
 -1.662887615863496E-004
  7.266919956719364E-005
  2.623616600151063E-004
 -5.642788028600249E-004
 -5.109725951187610E-005
  4.754621192474099E-004
 -2.157194005531754E-005
  3.132774665333354E-006
 -6.531670473106590E-006
 -1.492763773666626E-005
 -5.839151294280403E-006
 -3.995498799942894E-005
 -3.559172701719660E-006
  9.337917273700241E-006
  1.783386012770476E-005
 -2.148208134799413E-005
 -9.687407970128319E-007
  1.186328535444744E-005
  1.867569191098611E-006
 -4.579344213414199E-005
 -2.389502070665925E-005
 -1.024677184841693E-004
 -1.169483535668306E-005
  8.767858380564069E-006
  5.411365021393800E-005
 -2.817114433279082E-005
 -2.773402693265337E-006
 -5.160625817920787E-004
  2.338812576902367E-003
 -5.161256092974105E-005
  2.453351204017148E-004
 -3.565788538432216E-004
 -5.925839790629349E-003
 -1.245880178299667E-003
 -2.743158226738273E-003
 -1.337533904080654E-005
  9.137617800642518E-005
  2.793132712627594E-005
  8.311218248023239E-007
  5.307570415293718E-004
 -3.985355140217506E-004
 -1.189294613505743E-004
  7.826324477959603E-005
 -2.597882729230940E-004
  3.966260418951151E-005
 -1.910899419915147E-005
 -3.902808926383468E-005
 -3.043117943619598E-005
 -1.372275338903875E-005
 -9.231424753315519E-006
  1.465415541958268E-004
 -1.088312365351073E-006
 -1.241185795273655E-004
 -8.894171840883386E-005
 -3.193373686411966E-005
 -5.759983578699297E-005
  8.467422073082099E-005
 -1.561253981902928E-005
 -1.225784816711993E-005
 -4.060073499492695E-005
 -1.865392878805664E-005
 -4.407348573589404E-005
 -1.114338903650467E-005
 -1.414837811969809E-005
  9.761443471398140E-006
  1.160466979893564E-005
 -1.359306947169987E-005
  2.182549731057836E-005
  4.032562940883198E-006
 -6.732015001259772E-006
  2.050689297048501E-006
 -1.009809490046123E-006
 -1.885319566244272E-005
  1.780311270609331E-005
  5.751510639432878E-006
  3.194989017083349E-005
 -5.884529395623233E-006
  2.460969681649467E-005
 -7.922324146130945E-006
 -8.840281756376412E-006
  5.963859732299526E-006
  1.029590372314511E-006
 -2.735740960781424E-003
  1.375699688812741E-004
  9.876095733802961E-004
  2.666540581704363E-005
 -3.052359869636605E-005
  8.202349764771825E-005
 -2.042023836803502E-005
 -6.041821199538741E-005
  2.523185447110793E-004
 -4.078748617866032E-005
 -9.942997944996589E-005
 -1.721725739737804E-005
 -1.826994635398692E-004
  1.382223537154252E-005
  4.320225102821912E-006
 -2.932714062885637E-006
 -2.812929232134695E-005
  2.071338386576383E-008
  1.430705694980443E-005
  1.790083175058104E-005
  3.718470913028250E-005
 -7.647553297737010E-007
 -2.160665284436192E-005
  1.450608231308685E-005
  3.705821093780880E-006
 -1.523020383084773E-002
  2.510495756001950E-003
  5.872882244326742E-003
  2.123508423125420E-004
 -8.294493369413505E-005
  1.708071886514547E-004
 -2.016740876818886E-004
  9.901382698565673E-006
  8.619929521445055E-005
 -8.262972042607547E-005
  1.186297671318564E-004
 -4.465722590453788E-004
  4.867006037251155E-004
  1.845949807970433E-005
  2.417489076754773E-005
 -2.930624416650160E-005
 -4.209505810427674E-006
  6.320869925202431E-005
 -1.424999226927665E-005
 -1.768232195165764E-005
 -2.539968921327791E-005
  1.172563661273939E-005
  2.316257321143187E-006
 -5.164048543121987E-005
  1.536606463051445E-005
 -3.228716987129954E-004
  9.402468261837715E-005
 -3.137905462998903E-004
 -5.553067020729350E-005
  3.806655571929148E-005
 -4.987714607341494E-005
  7.059102526463191E-005
  8.253545546064826E-005
 -1.541031837620989E-004
  1.744294354781871E-004
 -3.438648401240439E-005
 -1.280909743959137E-004
 -2.442600527358831E-005
  1.233566914878026E-005
  1.497231600476532E-005
  1.260027557847399E-005
 -1.712569296224590E-005
  2.698747654872935E-005
  4.790023813465637E-006
 -2.163936325802438E-006
 -1.433140140196890E-006
  1.242742142690895E-005
 -3.959243414853514E-006
  2.919363995273831E-005
  6.123179740655951E-006
  2.810758124271791E-003
 -5.339048770236171E-004
 -1.701816362511799E-003
 -1.836248770357084E-004
  5.528449752831785E-005
 -6.643356402407665E-005
  1.304850951141293E-005
  1.121945915274808E-004
 -1.434557548746291E-004
  2.263453512942153E-004
 -1.156350159545418E-003
 -6.208671200275379E-003
  9.710459988792029E-005
  4.202052825869682E-004
  3.557037668101359E-004
  3.339730876514079E-003
 -6.363678434382707E-003
 -3.146607703109230E-003
 -7.141336979305172E-005
  1.803457615200589E-004
  4.596869778721510E-005
 -3.985865981551756E-004
 -5.170395013044245E-004
 -4.398035438041873E-003
  1.095916106561750E-004
 -2.286318198499567E-004
 -8.000611087106870E-004
  8.397759350217679E-005
  1.624695630010219E-004
  5.311590807393128E-004
  6.083101699860666E-005
 -1.141118088735111E-004
 -1.448086105007835E-004
  1.995154827733707E-004
  4.134192761456748E-004
  1.386592010767999E-003
  1.505645763535341E-004
 -4.361245981917974E-004
 -3.500800591269048E-004
  1.252831792716623E-004
  2.353598793837342E-004
  1.842608664315455E-004
  3.273547452674622E-004
 -1.242122706631103E-003
 -4.526379245391245E-004
 -6.849699699482838E-006
  1.781986060874302E-005
  1.441223746724433E-004
 -1.577210897442830E-006
  2.721541635074265E-007
  2.212630999589134E-005
  5.400179798535090E-006
 -2.339508671825660E-005
 -3.402040000434829E-005
 -4.024242931806223E-005
  1.299242430133557E-005
  1.956682408829123E-005
  1.100780740661014E-004
 -1.049418525812908E-004
  1.936988500425985E-004
  6.596457967728409E-005
 -1.106629763353036E-005
 -2.949730164863584E-005
  1.363206881229984E-005
 -2.686025747248853E-005
  9.047995078043387E-004
 -2.659816664523430E-003
 -2.429321809974698E-005
 -2.330838653949453E-003
 -1.989443602321992E-003
 -2.390386577581186E-003
  5.376616766839870E-003
  3.169032862898243E-002
 -4.393613477200614E-005
 -1.762266910459697E-004
 -4.128719266925225E-006
 -5.539714127178005E-004
 -7.292917434298219E-004
  1.521053228948208E-003
  1.726196662950627E-005
  1.249972425966879E-004
  1.533968524392141E-003
 -1.798745950645412E-005
  3.952735027730728E-005
 -6.696906812007180E-005
  3.434683716448401E-005
  1.736173646024516E-004
 -1.635937765802989E-005
 -4.341810740527618E-005
  1.984067082658207E-005
 -2.727406193168032E-004
  6.157390577397237E-005
  4.018087195166388E-004
 -1.815579836869619E-005
  4.251290919582274E-005
 -1.356463172977159E-004
 -4.067516267050118E-004
 -8.549594476149353E-005
  1.421468347018458E-004
  4.298303556567080E-005
 -5.888411158416131E-006
 -1.235120069860618E-005
  5.486389989245169E-005
  8.044021309225553E-006
  4.378073326321041E-005
  9.621212166022843E-006
  2.166810297647125E-006
  4.215811223131196E-005
  5.850769805664800E-006
 -3.234067070792121E-005
 -6.539548055287318E-008
 -5.248758638320856E-006
  7.344133143867066E-005
 -1.099736657513172E-005
  1.642392224347707E-005
  1.119355301679034E-005
  5.173426651547137E-007
  1.483201459989132E-006
  3.696730642856714E-006
 -2.497484429955326E-005
  7.154274484358349E-003
 -2.318408462407219E-004
 -1.202922670490719E-003
 -3.312000129289352E-005
 -1.115568703134221E-004
 -1.719367155655572E-004
  3.444016010057915E-004
 -2.787095868927604E-004
 -5.026392408839211E-004
  8.944430477187948E-004
 -1.400864834662145E-004
 -1.878399288487068E-004
  7.879977695427383E-004
 -8.865114696461490E-006
  6.517647179181665E-005
 -4.528143800986895E-005
  4.784170239488096E-005
 -1.328419046023998E-004
 -3.897658769841947E-005
 -4.179670873613320E-006
  3.001275715702997E-005
 -8.109704157617478E-005
  2.573298585545974E-005
 -1.996813532485106E-004
 -2.155331498184642E-005
 -2.303795012654751E-003
  1.352485066878966E-004
 -1.469273509260911E-003
 -2.274076130078868E-004
 -5.318096481086111E-005
  2.039132387019266E-005
 -1.002979511858691E-004
  4.598255692118173E-005
  3.205421004127383E-005
 -2.008816225409781E-004
 -3.184529485092756E-004
  2.016253971851086E-004
 -6.094205489694717E-004
  5.347913455744965E-006
  1.063025870628263E-005
 -1.821690804215674E-005
  7.211577693733304E-006
  1.004896679209273E-005
 -1.255949114947827E-005
  3.146967746620053E-005
 -7.429048102164845E-005
  1.424317553141792E-004
 -6.483859373979576E-006
 -6.021247595256395E-005
 -2.498581809222095E-005
  3.543093212649132E-003
 -6.829401427608595E-004
 -2.481973914671038E-003
 -2.742962720611882E-004
  3.833701312622487E-005
  2.753724593776648E-005
 -2.343367163684707E-005
  1.047378917185687E-004
 -7.679352803543834E-005
 -7.949023841887176E-005
 -1.002156141005795E-004
 -3.148437697685062E-004
 -6.041609529758519E-004
  5.589219291363212E-006
  1.530014762042269E-005
  2.695532059823453E-006
 -2.495895887366883E-007
 -7.528990958406261E-006
 -5.339629702626524E-006
  1.354255447814479E-005
  5.910333062075518E-005
  2.748089881732865E-005
  4.348453937401104E-006
 -5.351134753364579E-005
 -1.789100841554589E-005
 -1.265824119285011E-002
  2.684076750715397E-003
  8.649770543155674E-003
  5.244425245326866E-004
 -8.056744387042897E-006
  5.158391504939809E-005
  2.000087187681253E-004
 -1.121004243100825E-004
 -9.999452249642944E-005
 -3.589200596489339E-006
  7.168455221285342E-004
  4.389080189508487E-004
  4.135294146032834E-003
 -2.041998191030230E-005
  1.236952050397517E-003
 -3.077388282840005E-004
 -9.877966602048068E-003
  1.537535808495357E-003
  2.171230635332667E-002
  4.108287325985590E-004
 -7.685934066684409E-005
 -4.766230500269846E-004
  1.327671020478315E-003
  1.244916163003493E-003
  1.727109355866056E-003
 -1.844885231389415E-004
  2.571320755660317E-004
  8.226788070745317E-004
 -2.221383892624593E-004
 -1.835289948014894E-004
 -5.036166296672449E-004
 -2.521080214200343E-005
  4.858484400015015E-004
  2.473491914044627E-004
 -5.153704321162796E-004
 -4.294196236557679E-004
 -1.336773396992407E-003
 -7.990914068009276E-005
  1.320716743742461E-003
  5.952795727963724E-004
 -1.722539310071665E-004
  3.670858182211847E-005
 -1.185268365063739E-003
 -3.971945578240254E-004
  9.073597037415903E-004
  5.694484888311918E-004
 -1.183050220694117E-005
 -4.486748401145988E-005
 -4.965852111277550E-005
  3.102348188777858E-005
 -5.488765301699599E-005
  4.468024733044922E-006
  3.423930914404947E-006
  1.022893516617562E-005
  3.459569126824504E-005
  1.314319531553329E-005
 -1.956987248213357E-005
 -6.378267627325911E-006
 -1.123854208772497E-004
  1.043281948417074E-004
 -1.806987082673893E-004
 -4.561857739530672E-005
 -1.649133887474350E-005
  6.319999458321698E-005
  5.585228425155640E-005
  1.639514209801092E-005
 -4.671829038413503E-005
  4.427506727522268E-003
  1.002996200437717E-004
  4.236470257188925E-003
  3.210266666036748E-003
  1.206969644663209E-002
 -1.358281079598835E-002
 -1.102637516468809E-002
  8.468029213439318E-005
  2.236388205768078E-004
  6.028716116550180E-005
  5.249336715438839E-004
  9.772819546833623E-004
 -1.029418601857739E-003
  9.797062517057664E-005
 -3.921874965451749E-004
 -7.715749556322687E-004
 -3.197071862030884E-005
  5.177604648396709E-005
 -5.717835096175946E-005
 -4.182381510666735E-005
 -6.759434947054636E-005
  7.379453372697618E-005
 -1.300181081731148E-004
  3.122257745967301E-004
 -1.577873932350767E-004
 -2.965399723544224E-005
 -1.514314048914972E-004
  1.596721054085570E-004
 -1.805981314988678E-004
  3.712352049407217E-004
  1.004279258953128E-004
  1.923693127353174E-004
 -1.530918324212480E-005
 -1.177118123644963E-005
  2.258624260447465E-005
 -3.413226825156960E-008
  1.534878828695174E-005
 -2.654982132741007E-005
 -2.426385656906642E-005
 -4.120890648601389E-005
 -6.914194544496300E-006
 -2.979529715128076E-005
  2.077671590174047E-005
  4.815502954776340E-006
  1.549795333077878E-005
 -4.799460907283291E-005
 -1.543094980628171E-005
 -9.714382279530726E-007
  2.990141577952585E-006
 -4.552242176438326E-005
  1.576675213111810E-005
  2.418584298717858E-007
  6.943526794786037E-007
  5.063030458803308E-006
 -7.691839415169036E-003
 -3.239015111268519E-004
  6.708292387980804E-004
  5.266227607579293E-006
  2.392716045154373E-004
  1.026189218700954E-004
 -9.726468834472848E-005
  7.185961959956046E-004
  4.654617705429976E-004
 -2.190255210690878E-004
  4.244089654033046E-004
  2.172849727487391E-004
 -4.402721361646051E-004
 -1.077012628028992E-005
 -1.077136436823685E-004
 -1.500146167376927E-005
 -1.494018679494195E-005
  3.360296411636277E-005
  2.571031307523186E-005
 -4.697904400975972E-005
 -1.085521946642308E-004
 -1.072491375235716E-005
  3.512774972167991E-005
  7.901683450423460E-005
  1.185129428807980E-005
 -1.163319790199497E-002
  1.853739737922827E-003
  5.047365814548928E-003
  2.997376425823706E-004
 -1.245123086051238E-004
  1.588888785473814E-004
 -6.424025115584995E-005
 -1.600295883104941E-004
  1.360073228565659E-004
  2.528666794248087E-004
  1.375738510534452E-005
 -3.244808511870335E-004
  6.940248819827045E-004
 -2.095729790723925E-006
  4.513012390560423E-005
 -3.987169012028470E-005
 -1.414259439778274E-005
  4.051812177739980E-005
  1.623832418850667E-005
 -1.631044904850290E-005
 -1.263010456682630E-006
 -5.474200203431756E-006
 -2.263966939438431E-005
 -4.240731023883922E-005
  3.895011844288721E-005
  1.666156202754780E-004
 -1.367634861890328E-004
  1.322228606177069E-003
  2.746606820444280E-004
 -2.270818796418910E-005
  3.880907708989224E-005
  1.652237163393214E-004
 -1.949276168307212E-004
  7.286877289925029E-005
  3.985295201866917E-004
  1.311008371429979E-004
  2.896963046676701E-004
  9.969751793492432E-005
 -1.414200178831470E-005
 -1.324350646616084E-005
  2.020488697069264E-005
  6.420900703036980E-006
  6.340647118790041E-005
  7.721101085277721E-006
 -1.401902070844588E-005
 -8.764253159818398E-005
  6.983354457471849E-006
  5.480968978411579E-007
  6.120973306585475E-005
  1.347092381060472E-005
  2.819985874385713E-002
 -5.853948603581413E-003
 -1.361074210095524E-002
 -6.186349473170575E-004
  1.422424127151358E-004
 -2.512648375223515E-004
 -4.571832617525536E-004
 -2.898772143525381E-005
 -1.312547665678422E-004
  1.535681388607689E-004
 -4.080138134678813E-004
  8.954761746131747E-004
  1.711637024152955E-003
  1.476767046997238E-002
 -2.125307533131784E-004
  4.146191409399744E-004
 -3.239766888258447E-004
 -6.112214196124279E-003
  2.184255452584374E-002
  3.714215384176344E-002
  4.396463302364128E-004
 -6.518995146579041E-004
 -8.020449532854772E-004
  1.274141362959068E-003
  3.107241119113696E-005
  7.000829787947964E-003
 -1.103094083474895E-004
  3.347396794499792E-004
  2.033309529228639E-003
 -2.136560148285114E-004
 -2.720000002605673E-004
 -1.298760195744952E-003
 -3.100970132738183E-004
  7.898900673482663E-004
  5.237530281023298E-004
 -4.029949980970619E-004
 -6.241174857680810E-004
 -3.425544555666417E-003
 -8.119680194412272E-004
  2.300733980260157E-003
  1.214963017538289E-003
 -1.830549560343267E-004
 -8.596153476842706E-004
 -2.042030619267406E-003
 -7.108877535430781E-004
  2.953746008754868E-003
  8.939427095774048E-004
  1.251683637114322E-005
  2.778406202391382E-005
 -2.138819714183464E-004
  2.463948280559079E-005
 -7.758366769442351E-005
 -6.218999191902044E-005
 -2.590159088994479E-005
  3.964983059599498E-005
  4.992071064592056E-005
  5.807738027411716E-005
 -1.088957672913377E-005
 -1.691468913818459E-005
 -2.756312553149877E-004
  2.227798536944285E-004
 -4.782037893668204E-004
 -1.901111235070272E-004
 -1.873321681490018E-005
  1.192551141288842E-004
  7.311433958288512E-005
  5.212538039536785E-005
 -1.120128973012689E-003
 -7.031113728551086E-003
  6.217857171697652E-005
 -3.712698544727647E-005
  1.332838157697558E-003
  1.156041595893114E-003
  4.604479339852474E-003
 -4.636731669430108E-002
  6.706766811119969E-005
 -4.411381783633149E-005
  1.422850080372826E-005
  5.283164643782759E-004
 -4.049889223366409E-004
 -3.541856546240624E-003
  2.609920233900591E-005
  5.591035051600565E-005
 -2.691314603855735E-003
  5.061342175708352E-006
 -1.206096499697761E-004
 -3.502609503888660E-005
  6.863369509547531E-006
 -2.194318232648508E-004
 -1.192471168525588E-005
 -2.688650004843782E-005
 -3.854347874101098E-004
 -4.882612009321239E-005
  1.796312648824146E-005
 -5.466897518972557E-004
  8.923373560196362E-006
  1.996791450630218E-007
 -6.890150099298195E-005
  4.933478879355913E-004
  8.144016463621047E-006
 -2.862284876359673E-004
 -8.343695608684068E-006
  1.040296831371252E-005
  4.739007876538998E-005
 -3.120472898545630E-005
 -9.753286110663888E-006
 -8.695150785674508E-005
 -2.145561883047366E-005
 -4.954750045462344E-006
 -7.061322876292064E-005
 -3.252582862900295E-005
  3.393931924945898E-005
  1.677329205439354E-005
  2.002948779057307E-005
 -9.116229595601186E-005
 -4.142189863779117E-005
 -5.120010442886504E-005
 -8.897977525389466E-006
 -2.931653533274088E-006
 -8.539962053777050E-006
 -1.123452719075080E-005
  3.323408600326297E-005
 -4.660053438293163E-003
  1.337283584140001E-003
  8.835705412438463E-004
  5.852039655743782E-005
  3.611757133629183E-005
  1.748169260415720E-004
 -5.355486782107608E-004
 -9.428645887317013E-005
  1.439136674389426E-004
 -1.421747170530968E-003
 -1.814516464088341E-005
  3.232125710866817E-004
 -1.529161598090615E-003
  1.300527109704335E-005
 -3.331575064533939E-005
  5.256879800138145E-005
 -4.466132298452289E-005
  2.129362705651545E-004
  3.165605188747954E-005
  3.137592447236237E-005
 -1.083410083347954E-005
  9.284457605268916E-005
 -6.266606328288459E-005
  3.110039783183623E-004
  3.129013881052221E-005
 -1.327380715857223E-002
  2.210834140537562E-003
  8.786559345369448E-003
  7.512496269960038E-004
 -3.048744757242321E-005
  2.421733576579330E-004
  6.154275169664524E-005
 -1.627009348467743E-004
  3.577308494229085E-004
  6.686092930994840E-004
  5.708381657925363E-004
 -1.036519591155728E-003
  1.402635471427907E-003
  1.252529891208851E-006
  4.057804242443861E-005
  1.066499812311642E-006
 -4.589282235907786E-005
  5.867008326466342E-005
  4.464029246786901E-005
 -8.541881184994323E-005
  1.369727289674724E-004
 -1.689928911201873E-004
 -2.300919658658101E-005
  4.454952213074825E-005
  1.084280084365243E-004
 -1.757850582287686E-002
  3.311097052107902E-003
  9.750334235639315E-003
  5.437609108729848E-004
 -2.142219931761391E-004
 -2.735316829060398E-004
  2.296613764347428E-004
 -1.634500493857909E-004
  1.359015945789627E-004
  6.552348433203041E-004
  3.466994542772445E-004
  1.143454734811563E-003
  8.834108960106285E-004
 -9.749434811995240E-006
 -8.103289423605241E-005
  2.123071407632003E-005
 -2.210306986837213E-005
  8.829794203137189E-005
  3.185250468036737E-005
 -1.079389347995722E-005
 -6.596843620958007E-006
  1.185960591453355E-005
 -8.351684665056966E-006
  1.456466334618207E-004
  1.914557814501419E-005
  5.711829729159906E-002
 -1.212394036171070E-002
 -3.015298162392099E-002
 -1.396347864933909E-003
  3.424029260928293E-004
 -3.713715758800265E-004
 -9.432190477088663E-004
  2.153172058111903E-004
  1.537963941406414E-004
  2.294163655825892E-004
 -1.192237400094520E-003
  1.271019510976174E-003
  3.479060215216732E-003
  1.132891724427244E-004
 -4.288814753528539E-004
  8.249204640115822E-006
 -2.247871053452738E-004
 -1.646030590701330E-005
  1.175123512263849E-003
 -2.038814608869233E-004
 -4.088959208565217E-004
 -7.758481198221555E-005
  1.663189768073116E-006
  1.340652023379623E-005
 -1.843349626274194E-004
 -2.818588088549480E-005
 -3.060226856458662E-007
  8.538224695065077E-006
 -5.206241278583554E-006
 -8.945490540947797E-006
  2.640248258906915E-005
 -1.251304096194434E-006
  5.476013809011170E-006
 -9.853091468741244E-006
 -7.724710941485699E-006
 -1.654939112032790E-005
  5.348333497209486E-005
 -6.071617983391324E-006
  1.255164594838104E-005
 -1.646360365257851E-005
 -1.747893939230948E-005
 -3.701973131951635E-005
  1.175487142480940E-005
  2.165906104865741E-006
  1.835329927548320E-005
  5.366357754036997E-006
 -6.278606414371880E-006
 -1.712122917884640E-005
  1.597267744198789E-006
 -8.819494311241457E-007
 -2.041791769821806E-007
 -2.455934422875153E-006
  2.887628633799815E-007
 -2.335868809721214E-006
  1.037619747170813E-006
  1.003568366537239E-006
 -2.230909810388294E-006
 -2.664630631850194E-007
  1.370316904320095E-006
 -1.706408077012965E-006
  1.157952390627483E-006
 -2.773094675720419E-006
  1.605940092842412E-006
 -1.337856037239865E-006
  3.177526524556046E-006
  2.301673893189116E-006
 -7.826171496655172E-006
 -1.153208761272200E-006
  1.977771357663343E-005
  3.956830259714706E-004
 -1.131635366194448E-005
 -3.224280409629284E-005
 -8.070314847295649E-005
 -1.227014379804934E-003
 -5.041501296252438E-005
 -7.892104003053821E-006
 -4.314971838547243E-006
  1.217093928029096E-005
  1.008697958206568E-006
  5.987983001435695E-006
  4.374665189767407E-005
  1.720985102833507E-005
 -1.868031105880071E-005
  7.882718794042326E-006
  4.715724960915868E-006
  7.910655964957634E-006
 -7.595272088394200E-006
  3.552458364315193E-007
 -5.026197489442301E-006
 -8.019533048283228E-007
 -2.884458475515333E-006
  2.896887403999447E-005
 -1.738724824221457E-005
  1.557868087731488E-006
 -1.692597160418684E-005
 -1.508412542758200E-006
 -1.204290243580762E-005
  1.816877012656098E-005
 -1.057924195266274E-005
 -1.441067343468795E-006
 -1.199518432323836E-005
 -1.082685431736243E-006
 -6.173585803322610E-006
 -2.309925840809671E-006
 -1.190415504745153E-006
 -6.413665821285109E-007
  2.177356580068146E-006
 -4.113231297033694E-007
  4.752420942360866E-006
  3.998155034985437E-007
  2.911410537444281E-007
 -9.031005750478591E-009
  1.167418427946943E-007
 -3.303768887521931E-006
  4.890726905441861E-006
  7.182503123573110E-007
  4.801672542591223E-006
 -4.130252205265283E-007
  5.109634119974569E-006
 -1.987527642075542E-006
 -1.138204808088694E-006
  1.071856020784764E-006
  1.399848319104610E-007
 -3.702476661564426E-004
  3.254419207538067E-005
  1.462371370094690E-004
  3.860836887144481E-006
 -9.932005617009647E-006
  1.163786014032780E-005
  1.533868246510783E-006
 -2.820677016691189E-005
  3.225309963138917E-005
  4.242174324042011E-006
 -2.574129481835480E-005
 -7.411760017646827E-006
  2.556320671952686E-006
  2.882299178103156E-006
  2.487386520426448E-006
  6.410461388649506E-007
 -4.687125302550021E-006
 -1.744931375283889E-006
  1.804826124446864E-006
  5.244496906555927E-006
  9.138056731578660E-006
  1.464165395283832E-006
 -4.976861705649616E-006
 -1.519913223174238E-006
 -2.676352009063113E-007
 -3.957780276985655E-004
  8.061192969982520E-005
  1.379486852003504E-004
 -3.371573269270004E-006
  1.966201765994180E-006
  4.609355197595704E-006
 -9.221382992434186E-006
  1.352739048271657E-005
  1.985755186659850E-006
 -1.704278905133446E-005
  6.356518439436154E-006
 -1.067144879616104E-005
  1.276949756547403E-006
  1.709629202539040E-006
 -1.047011420220081E-006
  5.802559433019284E-007
  7.515992425168529E-009
  2.565060328020161E-006
 -1.717145194964208E-006
  1.002656897751539E-007
 -1.704316935171976E-006
 -4.498521508961500E-007
  1.003919471086869E-006
  1.538497530801802E-007
 -1.104185160862023E-006
 -4.276561616359038E-004
  9.931877013203196E-005
  1.095469409205748E-004
 -2.574322795105059E-006
  2.349015076703129E-006
 -1.216948910706143E-005
 -4.141870541223543E-006
  1.345937981799150E-005
 -1.526548667953845E-005
 -7.902966274290640E-006
 -4.741500631465617E-006
 -3.158600812197491E-006
  8.276831627226091E-007
  2.000471452318861E-006
  1.224088866872277E-006
 -2.217401459194814E-007
 -2.441386528426356E-006
 -1.672445884734802E-006
  4.409150761074944E-007
 -9.919361102126166E-007
  7.950821661633665E-007
 -1.288261501337557E-007
  2.977058274024589E-007
 -7.866348948699934E-007
  6.942302828101577E-007
 -1.072858779564283E-003
  2.350812656043740E-004
  4.633763499205583E-004
  7.871829830285038E-006
 -2.005767635856589E-006
  9.092347967699387E-006
  2.194440159642248E-005
  1.577418638405983E-005
  1.575966568050476E-006
  1.046676536646353E-005
  8.622411756797788E-006
 -2.649651457752644E-005
 -3.418838953503284E-005
  2.482868786296418E-006
  1.380983864912684E-004
 -6.070908328392192E-004
  6.986058347594056E-006
  1.885916291989906E-004
  1.481975928822121E-005
 -4.705403609462960E-004
  3.204366333790913E-004
 -1.383218979851190E-003
  3.529115026625010E-005
 -2.021766530689743E-006
  2.899939169760680E-005
  1.008787065697064E-004
  1.435857809911098E-006
  4.102750472624468E-005
 -5.745677040677252E-007
  7.393756477691036E-006
 -2.824700686320011E-005
 -1.010016875953826E-005
 -1.236268652439402E-006
  1.646641166731527E-005
  8.494957752220251E-006
 -3.171287454850315E-005
  1.605211007318009E-006
 -1.870547898042320E-005
 -4.424412065329317E-006
  4.576220496521486E-005
  1.485051183058577E-005
 -8.351611582151791E-005
  3.854967149837431E-006
 -1.246095134479515E-006
 -1.110624631748994E-005
  7.872207245673100E-005
  3.940895605205466E-006
 -3.075754318562323E-005
 -2.694800470725952E-006
 -2.219197836798318E-006
  1.448573851563311E-006
 -1.594353578933545E-006
  2.810591898989134E-006
  4.304999520569409E-006
  3.847001611405819E-006
  1.526662231199053E-007
  4.706525610698329E-007
 -1.906572520923027E-006
  3.745670059545706E-007
 -1.022774744745577E-006
  4.238489271333168E-007
  4.044943416326349E-006
  1.062697326849343E-006
  7.628231501984505E-006
  2.005626907387387E-006
  1.082419366149048E-007
 -5.237618628735923E-006
 -7.485747369780313E-007
  3.975584041365249E-007
 -2.378024076548693E-005
 -1.094819741686356E-004
  7.036493031476057E-006
  1.065344921966144E-005
  2.759415527750036E-005
  8.332180081443575E-004
  2.125561214330572E-004
 -4.059165436161736E-004
  4.802663510912382E-007
 -8.342689949184799E-006
 -3.772138492548878E-006
 -2.985248899501569E-005
 -4.176104250701112E-005
  2.032108820675060E-005
  1.250924105063056E-005
 -3.042000916509380E-007
 -1.665025189678677E-006
 -6.492230800551540E-006
  4.856005283988893E-006
  7.896229277464493E-006
  5.231468815672049E-006
 -1.970297623318599E-006
  1.260761984879490E-006
 -2.168366115179745E-005
  7.644800755105283E-006
  2.556073380294314E-005
  1.531995875026412E-005
 -4.030677076579152E-006
  6.363702401533335E-006
 -1.178072273090823E-005
  5.036122561828879E-007
  1.103539655931565E-005
  7.748273437569168E-006
 -4.927804794747105E-007
  4.032449293339059E-006
  1.455948737099877E-006
  1.242124058296697E-006
 -2.985321487831131E-006
 -1.233035964034032E-006
  9.421822509519576E-007
 -3.134810247265598E-006
 -1.633824329599763E-007
  1.546264143802497E-007
 -7.519767594167677E-007
  9.435650244836271E-007
  2.169997431736816E-006
 -2.967864860838355E-006
 -2.567588410078756E-006
 -3.539062784180829E-006
  1.114592765168705E-007
 -2.970929511029620E-006
  1.269281594373280E-006
  1.177055714097398E-006
 -8.399799222814864E-007
  4.635108986604524E-007
  4.190412123691789E-004
 -5.447409781966335E-005
 -1.652174584210348E-004
 -6.412744203771481E-006
  4.376307181841976E-006
 -1.178528623075923E-005
 -6.587285549884180E-006
  1.707608926785923E-005
 -2.743755904349971E-005
 -1.771933285606158E-005
  1.942647143837159E-005
  4.241896836636510E-006
  5.438469786282413E-006
 -2.495115921716729E-006
 -1.097428618975645E-006
  1.784382806045972E-006
  3.763253713870081E-006
  3.712923629638825E-006
 -1.268137792153352E-006
 -4.057005360744369E-006
 -6.157852283128643E-006
  2.010828667866069E-006
  3.217930000757342E-006
  3.026225076228440E-006
  8.390753599870277E-007
  1.216471945370423E-003
 -1.850815167696373E-004
 -4.208142702820017E-004
 -1.679655527746041E-005
  7.880297332707587E-006
 -1.487841113969448E-005
  1.341508051065875E-005
 -1.943701784221652E-006
 -1.110311468673240E-005
 -2.576924202192452E-006
  2.905891818355914E-006
  3.691999336956990E-005
 -2.870732632020519E-005
 -1.578811210734216E-006
 -2.750055732598101E-006
  2.694074177692939E-006
  9.736779705474315E-007
 -5.582994414320671E-006
  6.051332401867850E-007
  9.403198946085170E-007
  1.964384709153272E-006
 -2.902158432666730E-006
  2.962225818247639E-007
  3.043195134842828E-006
 -1.236542476433281E-006
 -1.826917914950650E-004
  5.312640744362934E-005
  8.240648138373513E-005
  1.084249278982949E-006
 -4.897295197528323E-006
 -1.604857653725529E-006
 -1.060944965283464E-005
 -4.084662079347210E-006
  1.083456306308719E-005
 -2.364776380681387E-005
  6.794773665760495E-006
  6.420617642976669E-006
  1.612789798458852E-005
 -7.252896333214410E-007
 -1.628589784277417E-006
 -1.772021853975053E-006
  9.434092806736944E-007
 -3.903505698750404E-006
 -2.181196473522534E-007
  7.172582457907660E-007
  3.167517116817257E-006
 -1.834683192813056E-006
  1.913065316964946E-006
 -1.106588095356754E-006
 -2.630323562755712E-006
 -1.244105398920841E-003
  2.612848941638422E-004
  5.134005181726817E-004
  2.061853601635386E-005
 -1.415439998199769E-005
  1.449777374389937E-005
  1.852349544154998E-005
 -8.134879016177826E-006
  1.502900252567270E-005
 -2.012325846893259E-005
 -3.816491412187330E-006
 -2.676253650270777E-005
 -4.061850181154689E-005
 -2.904696346047913E-007
  3.248885847932014E-006
  3.091949801036549E-004
 -1.343026336310398E-003
  2.229739796536725E-005
  4.231256730510423E-004
  3.681171873821696E-005
 -1.005693479806335E-003
 -1.453241327888905E-003
 -2.306003788761539E-003
  5.713596319950910E-005
  4.478421831824906E-005
  5.469608275653957E-005
  1.668111637939620E-004
  3.903070040817225E-006
  7.815140005023672E-005
 -3.049369438799536E-006
 -2.197312080821834E-005
 -4.191176124545982E-005
 -1.893172181463681E-005
  2.366609186891341E-005
  2.719008108729385E-005
  3.450279013365669E-005
 -3.736475645001326E-005
 -1.557106831901988E-005
 -3.839858702642692E-005
  5.769440693205626E-005
  7.326700799608546E-005
  7.530852905803563E-005
 -9.669077880825947E-005
 -3.690994203160870E-005
 -2.315184338438425E-006
  7.539634372202036E-005
  1.232409533146150E-004
  1.799283928961264E-005
 -4.192891227431757E-005
 -1.567765495117421E-005
 -4.939022119931720E-006
 -1.435170936026403E-007
 -3.028942526153938E-006
  4.106026637958984E-006
  4.274058627862109E-006
  1.071103972183617E-005
  1.305694668898622E-006
  1.638539300283829E-006
 -3.773566913093226E-006
  4.634677419567031E-007
 -1.124341345736208E-006
  3.556078946581712E-006
  5.860942846407807E-006
 -7.995517846174340E-006
  5.672335471290383E-006
  1.136854188338296E-005
 -1.146968076974619E-006
 -8.052592856132224E-006
 -1.151747156578550E-007
  7.305500032414723E-007
 -7.414830916197876E-005
 -1.895594392594930E-004
  1.611578192796132E-005
  2.198054607423390E-004
  8.252051059511475E-005
  1.668029007747930E-003
 -3.321852425554539E-004
 -7.415946302929117E-004
  6.122024020553392E-006
 -2.372741942028683E-006
 -4.095683557934617E-006
 -4.477243309710498E-005
  6.547110357468509E-005
  4.462620446205914E-005
  1.378221789984746E-005
 -9.923362083640783E-007
 -6.957323110664954E-006
 -1.095070547016234E-005
  1.740364389202034E-005
  1.317349446213398E-005
  5.745891836286823E-006
 -4.716687110197152E-006
  5.204813633875522E-006
 -3.735176732650473E-005
  5.318392486904538E-005
  4.296406506676626E-005
  2.271063508481009E-005
 -8.299563616047508E-006
  1.464113224169465E-005
 -2.648902965295146E-005
  2.192944676655268E-005
  1.870797250233912E-005
  2.413391130859868E-005
  3.554516513404211E-006
  2.355118344352779E-006
  2.917762057197156E-006
 -1.543105609186615E-006
 -4.940441412393225E-006
 -2.856432138418398E-006
  1.409562458961424E-006
 -5.896854033173070E-006
  2.375797816163521E-007
 -1.949224650805957E-007
  8.303662643375587E-007
  1.711787959157940E-006
  3.082869929747972E-006
 -8.040261447139801E-006
 -4.171425483005616E-006
 -2.348054441597458E-006
  1.510773310051212E-006
 -6.900555347646457E-006
  3.119183095074147E-006
  2.146995275219488E-006
 -1.317287838082641E-006
  6.748100692620427E-007
  2.652890139166560E-004
 -9.445618112417114E-005
 -1.228903526710085E-004
 -7.696670114122377E-006
  1.977468427859741E-005
 -9.375885856201398E-006
 -9.339301618124689E-006
  7.091676979090921E-005
 -7.557291619725869E-006
 -2.369019148957117E-005
  4.674676024203213E-005
 -1.470043842329176E-006
  5.600374170401942E-006
 -4.639223972851754E-006
 -6.292034795609015E-006
  2.093993459682863E-006
  5.115412750734750E-006
  5.248179395593051E-006
 -4.761887778829960E-007
 -1.092087544455209E-005
 -1.426511455848010E-005
  2.349626742407502E-006
  9.164102863025605E-006
  5.865360951368248E-006
  1.756772581526488E-006
  7.456937698291230E-004
 -1.091315054838219E-004
 -2.344134110140503E-004
 -1.254227262202765E-005
  1.724993469240837E-006
 -1.819848628447821E-005
  5.425901113864401E-007
 -1.292697161963427E-005
 -3.645634868450749E-005
 -2.659170339609239E-005
  9.761457783659623E-006
  3.804001000609573E-005
  8.073577559173530E-007
 -1.903916767513193E-006
 -2.403643065760573E-006
 -4.619839469317090E-007
  3.578714489683956E-006
 -5.592738205560550E-006
 -1.674797722170764E-006
  4.865719079067030E-007
 -1.691835236143739E-006
 -3.481463770187114E-006
  2.603457783109762E-006
 -2.509428599938871E-006
 -3.090029691016465E-006
  1.544409725376688E-003
 -2.982475871462760E-004
 -7.329771207952738E-004
 -2.725034655146388E-005
  1.133649562963300E-005
  2.856427836878933E-005
 -1.127664352233807E-005
 -5.454270827899782E-006
  4.904810865013070E-006
 -3.356447721249889E-005
 -1.312695628479536E-005
 -8.017030439651517E-005
  1.079087095757003E-005
 -1.490585485998238E-006
  4.054005934513598E-006
 -1.773965770519845E-006
  3.819669566762099E-006
 -4.179464571116605E-006
 -2.329084080763861E-006
  1.997008923283315E-006
 -4.286172980854306E-007
 -3.672828581627260E-006
  9.853138065353388E-007
 -1.079018547832397E-006
 -2.982322729818654E-006
 -2.905955308577451E-003
  6.024781311191622E-004
  1.226351124284384E-003
  4.145445960266550E-005
 -3.262886803598413E-005
  1.830499691389491E-005
  5.070549773413477E-005
 -1.868106855927553E-005
 -1.128646741906499E-005
 -1.968380325291837E-005
  3.303313560979026E-006
 -3.667195583551861E-005
 -1.136863905295155E-004
 -2.002067729901493E-007
  4.785185703864611E-006
  1.181649624066646E-005
  9.551970357515649E-005
 -5.711031883198497E-004
  1.207552408308399E-005
  1.054996377739573E-004
  2.195937472481944E-005
  1.529964682815124E-005
 -1.227589918950984E-003
 -2.101083920581241E-004
 -2.806823132724457E-006
  3.053504168222081E-005
  9.214731097399870E-006
 -7.061475630736056E-006
 -3.770795500166461E-005
 -2.014493691208288E-005
  4.117514313518457E-006
 -2.944709497634410E-005
 -6.643313683421564E-006
  2.388593726156582E-006
  2.138636127559357E-005
  6.357647493378803E-006
  1.221586546769518E-005
  4.443073177078590E-006
 -1.460445919385176E-005
  5.433249485673875E-006
  5.418760274539417E-005
  1.515370611172084E-005
  2.908048253135558E-005
  1.236411960095499E-005
 -3.451373201702945E-005
  5.013328898404221E-006
  5.937063522059141E-005
  6.224499819857879E-006
  1.311332907165881E-005
 -2.873033395795970E-006
 -1.812665797006303E-005
 -1.203206473860443E-006
  2.201096586755141E-007
  7.121829022602166E-007
  3.095884702897796E-008
 -1.476661282647773E-006
  3.578660574552352E-006
  7.238591144193257E-007
  8.788080881410773E-007
 -2.391687001933491E-006
 -5.303303301337647E-007
  8.265604401980028E-007
  2.500495802487510E-006
  8.955194183597856E-007
 -8.229523792925756E-006
 -2.557250284185264E-006
  5.749842472331747E-006
 -7.157445772636188E-007
 -9.514827702437443E-008
 -3.532620706966540E-007
 -2.667903804451371E-007
 -7.851723052272068E-006
  1.333165753321583E-005
  1.153184770781850E-006
  7.910246906628281E-006
 -5.217255625225424E-005
  1.507252332241148E-004
  4.032225778303642E-005
  1.756937840783298E-004
 -4.670900206240659E-008
 -1.196668341887717E-006
  3.395837862603762E-008
 -2.371368885854055E-005
  3.875024216339622E-005
  1.481688461721766E-005
 -1.758410028645361E-006
  1.229413287284810E-005
  8.961801793635247E-006
 -1.642124460680799E-006
  6.876244875989720E-006
  6.067113474993475E-007
  1.448562575161882E-006
  1.168587782958381E-006
  1.935618855189164E-007
 -4.793818917221747E-006
  2.154281417385602E-005
  9.969568049708949E-007
  5.038572116906172E-006
  3.443061605088718E-006
 -2.447531996844246E-007
 -3.651382963109136E-006
  3.609304496160246E-006
 -2.269575550933738E-006
  4.257376394720121E-006
  2.516692403460507E-006
 -6.059934316109846E-007
  9.167877251981044E-008
 -1.934092884701796E-006
  4.351785843454007E-008
  1.657559012722242E-007
  4.327901658258766E-007
 -4.407922188316555E-007
  5.307789500565186E-007
  3.636473612312964E-007
  3.417560345322406E-007
 -1.357217398886121E-007
 -8.831245099336056E-008
 -1.779799601546388E-006
  3.367039820832391E-007
  1.084007742696401E-006
  5.108457253390336E-007
 -8.190703897163196E-007
  6.644030867708990E-007
  2.753810614027631E-007
 -2.134096587663094E-007
 -2.040283478286674E-007
  1.799244995860410E-004
 -3.711309110929162E-005
 -2.225292373333917E-005
 -1.227951624061086E-006
  1.550665569269868E-006
 -3.576309146980603E-006
  1.557516039061636E-006
  1.191139856136961E-005
 -1.484333774028457E-006
  5.138959711142895E-006
  5.397451198222150E-006
 -6.237344467638976E-006
  3.865662733275009E-006
 -1.015635914524910E-006
  2.457279285115409E-007
 -2.613530122269281E-007
  1.359066123889607E-006
 -4.303640902692454E-007
 -3.434302093646969E-007
 -2.777980411785592E-006
 -1.939693713257920E-006
 -8.272297431487684E-007
  2.443711708185675E-006
 -6.394176896009928E-007
  3.342687035999170E-007
 -8.273263587764302E-004
  1.307219941764521E-004
  2.958891397061388E-004
  8.798296580718485E-006
 -6.554229165651423E-006
  4.409067248497838E-006
 -1.529652698270606E-005
 -4.978596763043135E-006
 -1.014864033107823E-005
 -1.802689874530474E-005
  5.695486171316175E-006
 -1.578678067041255E-005
  2.488884253039221E-005
  5.601416664987898E-007
  1.157750730660472E-006
 -2.834998143716062E-006
  1.336614455483610E-006
  2.395563272556469E-006
 -1.896756121982400E-006
 -7.055913678971817E-007
 -3.250733197721693E-006
  1.792149844562369E-006
  1.348301456844334E-006
 -5.360776586262020E-006
 -6.427100889471522E-007
  9.937619325148792E-004
 -2.010453063053441E-004
 -5.030360792180479E-004
 -2.507022633527727E-005
  1.045211133185560E-005
  1.509434695538220E-005
  1.882456036230489E-006
  5.754226123275680E-006
 -9.860535375476747E-006
 -2.077796920421742E-007
 -1.363783071586211E-005
 -5.794964756559358E-005
 -1.176046482871802E-005
  1.299975402744844E-007
  3.782595499176251E-006
  4.797451799289454E-007
  9.649747110629726E-007
  7.343260696956759E-007
 -1.094972251337457E-006
  1.314590003192625E-006
  6.403786306322515E-008
  1.095995334218705E-008
 -9.636686958038044E-007
  2.741524661810313E-007
 -3.509213073888202E-007
 -9.583338115848419E-004
  1.977402684246801E-004
  4.416958734396192E-004
  1.388916310860740E-005
 -7.569748535265407E-006
  2.321562787334857E-007
  2.015749917375660E-005
 -3.227462595703463E-006
 -2.039664606533082E-005
  7.805737965865707E-006
  1.509918445924182E-005
 -8.766363166485454E-006
 -4.662429918315459E-005
  5.402007072691825E-007
  6.041617358273651E-008
  2.907124492028756E-006
  1.982050764212005E-006
 -2.910264426698374E-004
  1.471785721232654E-003
 -1.974226472953144E-005
  1.320029440466756E-004
  1.737653441571136E-005
 -1.222297536750094E-003
 -9.714816454553269E-004
  2.691735998439665E-003
  7.228554753854219E-005
  1.991400108020899E-005
 -5.938262044802395E-005
  1.436270434429587E-004
  9.013671389266926E-007
  8.682421124254022E-005
 -1.068522406765677E-005
 -2.668520735930124E-005
  8.136458461291770E-005
 -2.649839516174403E-005
  2.104176839697169E-005
 -4.827160572765478E-005
  1.067869689454105E-005
  6.894984299836055E-005
  1.581969826720298E-005
 -5.554718353966322E-005
  6.031428038081774E-005
 -1.285232204861886E-004
  2.169914219220143E-005
  1.826796061488837E-004
  3.384804134746179E-005
 -1.581203173199065E-005
  5.594799115342046E-005
 -1.505882763383847E-004
 -1.170617488523410E-005
  1.055448451060437E-004
  2.751820661722475E-005
  4.697859159765800E-007
  1.451890496006123E-008
 -2.068088305421550E-006
 -9.927313207850932E-007
 -8.324840906919720E-006
 -4.166264271446468E-007
 -1.895897358241324E-006
 -8.212024023906309E-007
  5.673173169763911E-006
  9.630969026040604E-007
 -4.709052290636874E-008
  4.062948717996884E-006
 -1.134842252857367E-005
 -1.689370206681158E-006
 -2.437225803140345E-005
  1.830641775400264E-006
 -5.683985434312274E-006
  5.179447822583790E-006
  1.298900758493994E-005
  2.056324901996627E-006
 -1.080477623751836E-005
 -3.655646007452628E-004
  7.163647414563306E-006
  2.650782002867571E-005
  6.237165568490381E-005
  8.009266939107132E-004
 -3.367850399112855E-005
 -3.987759810869331E-004
  5.396340910737845E-006
 -7.531542810801442E-006
  3.397878396347117E-006
  2.778362633554446E-005
  2.180687521736527E-005
 -1.091579358482080E-004
  9.837663238131513E-006
  4.064009357669442E-006
 -5.544373886658279E-005
 -3.678004648815521E-006
  9.159513822498201E-006
 -9.442647794778745E-006
  2.002904486721249E-006
 -4.162106161429875E-007
  1.675100162094272E-006
 -1.601904531077398E-005
  2.919047119597019E-005
 -3.043839047753540E-005
  9.269495529852059E-006
 -2.167615134095362E-006
  6.749549780921925E-006
 -1.441488160095245E-005
  1.724732709523805E-005
 -1.502005321058854E-006
  1.146840489571118E-005
 -1.977493526265824E-006
  2.946476705241276E-006
  1.448681463520496E-006
 -9.244008476449850E-007
  3.500076538725613E-006
 -1.098022164585552E-006
 -2.014822380350166E-006
 -3.248022225975935E-006
  1.655904816912659E-007
 -1.726054032570767E-006
  4.276294025711874E-007
 -5.913408353849487E-007
  1.939226376055293E-006
 -3.987924772341197E-006
  2.615787417039946E-007
 -1.492589086182691E-006
 -1.811523176361690E-008
 -4.325090041983189E-006
  1.665666346683526E-006
  2.368706065605810E-007
 -1.009074267709380E-006
 -1.661497827548585E-007
  1.382812490919339E-004
 -7.748824918975413E-006
 -2.289660658297392E-005
  2.936935620098150E-006
  9.485693669955704E-006
 -3.105878956922885E-006
 -5.254775184287472E-006
  2.505352842549194E-005
 -8.480310687518715E-006
 -1.229325274960376E-005
  1.547827006955214E-005
  6.584854007490527E-006
 -3.964003256524780E-005
 -1.503677670426451E-006
 -2.036268130684055E-006
 -1.860393636053582E-006
  2.126727611904892E-006
  2.446655326557882E-006
 -6.230499414784411E-007
 -3.812124420436199E-006
 -6.842150307945566E-006
 -2.811642969351161E-006
  3.594780764470730E-006
  4.894887539651032E-006
  2.173436559654690E-007
 -1.832358969332765E-003
  2.562805334490486E-004
  7.341729656486413E-004
  4.959005402867812E-005
 -1.805481372699235E-005
  1.789574337486908E-005
 -1.466501644532756E-005
 -2.451456463112099E-005
  3.438148929007740E-006
  2.395134630191903E-005
  5.034942534839781E-006
 -6.447057525428603E-005
  8.587173511615323E-005
 -2.659378833420368E-008
  6.362150643260339E-006
 -6.547231439478213E-006
 -6.279011347141248E-007
  6.080623259033961E-006
  6.544949230483286E-007
 -3.735419941485951E-006
  6.104214943240913E-007
  8.224020900025789E-007
 -4.421183375700044E-007
 -6.694788785352956E-006
  4.177538279055955E-006
  1.739365022831686E-003
 -3.997952454468342E-004
 -6.738705012471237E-004
 -1.397421532135687E-005
  1.134092533109648E-005
  3.460267369651153E-005
  2.534170120622453E-005
 -1.159079701722547E-005
  1.975332799607885E-006
  5.130704223258419E-005
 -1.179242409489505E-005
 -4.667555000632474E-005
 -1.278591798642375E-005
 -2.149039077684250E-006
  3.271697039316429E-006
  3.359841495815189E-006
  3.363432005096121E-006
  9.551129563745705E-006
 -1.214392927411870E-006
  1.725046408538018E-006
 -6.883769519963898E-006
  2.161928653066282E-006
 -4.965389144836347E-006
  5.062277778242027E-006
  3.240342736298330E-006
  3.276160436874381E-003
 -7.103547644743249E-004
 -1.470028192255255E-003
 -4.928963306453205E-005
  1.926675984723308E-005
 -3.860729450990718E-005
 -5.401273275716714E-005
 -1.116389332506284E-005
 -3.898875151988915E-005
  2.024761296328699E-005
 -2.031487969404673E-005
  8.648394345810029E-005
  1.226527617375914E-004
 -3.359082670584377E-006
 -4.308455829731035E-006
 -4.901298309443062E-006
  1.284462325578924E-007
  1.281280704145599E-005
 -2.088088760178809E-004
  9.999846636727036E-004
 -2.032472872319981E-005
  1.192874675713165E-004
 -5.499068817806132E-006
 -1.190423159092000E-003
  1.431471379837907E-003
  6.190043129146458E-004
  8.039163511494001E-005
 -3.219823145029393E-005
 -2.262125133119610E-005
  1.913964382581554E-004
  6.589383588715940E-005
  2.045095959772875E-005
 -1.265573900858353E-005
  3.465333625492766E-005
  1.558880422436936E-005
 -2.879107631522573E-005
 -2.013505717939914E-005
 -1.183366130238997E-005
 -2.362773998953932E-006
  3.281637764407109E-006
  3.115385031417966E-005
 -5.891658445776874E-005
 -4.811598476200284E-005
 -2.770535206010188E-005
 -1.261687887877707E-005
  5.114819791354493E-006
  7.153346333654580E-005
 -1.676820032321362E-005
 -6.153654132545716E-005
 -2.457779909534107E-005
 -1.847968682569581E-005
  9.151639810167850E-006
  3.524788714890943E-005
 -3.940612703383454E-007
  6.618397724486318E-007
 -5.080037252780359E-007
  2.424975575846175E-006
  1.187898419267792E-006
 -1.242791764831138E-006
 -1.761478861590139E-006
 -1.882376454678316E-006
  4.622596812321785E-006
  7.967933933187840E-007
 -2.196877344518097E-006
 -7.940877254745458E-007
 -2.053471808987269E-006
  1.100261846864617E-005
  9.513101913428513E-007
 -4.411986435091882E-006
 -2.461781947292427E-006
 -2.206525616164741E-006
  8.179433567351826E-006
  1.419999141717337E-006
 -1.192599052436137E-005
 -4.090146835046865E-004
  1.016316889116263E-005
  2.433255718966456E-005
  1.328757047252107E-004
  1.076289146580819E-003
  1.009275517948796E-005
 -1.678016800752760E-004
  4.361680840609649E-006
 -1.097427093840325E-005
 -1.042656336832605E-006
  1.772570585710486E-005
 -8.249689406107029E-005
 -3.202673564555272E-005
  2.043872108744607E-005
 -2.017685166689043E-005
 -1.367752675455112E-005
 -6.268531504276836E-006
  7.190272124044801E-007
 -9.619571839308668E-007
  3.577634914280418E-006
 -3.666344781300581E-007
  2.690896589996417E-006
 -2.417505512277271E-005
 -4.155565931641441E-006
 -2.554824892702383E-006
  1.188739948728067E-005
 -1.934649062330518E-006
  1.228765563549205E-005
 -1.451738716345184E-005
  6.969937456502492E-006
  3.710642894402533E-006
  7.737807928518243E-006
 -1.434006971724264E-006
  6.779579234933595E-006
  2.218247068289860E-006
  3.124508389446949E-006
  5.978487236939709E-007
 -2.343112481340370E-006
 -2.146703612250718E-008
 -4.311628723529211E-006
 -9.305944535550624E-007
 -6.547884149757244E-007
 -3.327250287817620E-007
  1.897989709391789E-008
  3.392081338515292E-006
 -3.110927303895474E-006
 -1.054954294440550E-006
 -5.885680285287624E-006
 -9.782050481250538E-008
 -4.290563730258250E-006
  1.323124555304643E-006
  8.628237466859309E-007
 -8.584463620184547E-007
  6.404351591820647E-008
  1.903231665704016E-004
  4.568899033910947E-006
 -1.239842132761299E-004
 -2.632885263083396E-006
  8.381340047739780E-006
 -8.061550993347198E-006
 -3.091384285572419E-006
  1.629537160554228E-005
 -3.076876585736071E-005
 -9.381134035184905E-006
  2.034384362013266E-005
  1.364910448528580E-005
 -6.421983405227695E-006
 -1.866663263578246E-006
 -2.733114448937988E-006
 -3.796931266380225E-007
  3.328059178660414E-006
  2.175295465553134E-006
 -1.461395915082168E-006
 -2.466516494770335E-006
 -7.198363018320739E-006
 -6.369356521350634E-007
  2.533149997463941E-006
  2.159330912775231E-006
 -6.663350269360561E-008
  1.223104386474996E-003
 -2.113339238762773E-004
 -4.338378249064893E-004
 -5.426723311448481E-006
  4.588027399657243E-006
 -9.018422446093542E-006
  2.451790997514025E-005
 -8.548793719673432E-006
  8.162885144418384E-006
  3.506968779663920E-005
 -1.205200461075233E-005
  2.645822946657359E-005
 -2.616579228693961E-005
 -2.269770869037830E-006
 -1.107393104403904E-007
  2.254742200414133E-006
 -1.344130447908778E-006
 -4.960623600576630E-006
  3.613901316946608E-006
  6.053256781220277E-007
  4.955050132893669E-006
 -1.342297693666219E-006
 -2.352220927931203E-006
  5.206926833181841E-006
  1.746895249809175E-006
 -5.661057708789756E-004
  1.017265361733122E-004
  3.934891382974732E-004
  2.764454913038233E-005
 -1.280112640855873E-005
 -2.924857848320764E-006
  2.259414504993054E-006
 -1.921360594126718E-005
  2.512602205501520E-005
  8.110745966332815E-006
  1.837933134732773E-005
  6.110824837779107E-005
  1.093278166599541E-005
 -2.130468992593346E-006
 -5.006684366048528E-006
 -2.580050340094640E-007
  1.476411817363383E-006
  9.381198150391265E-007
  6.540571752299627E-007
 -3.226538929800082E-007
 -8.591200292265917E-007
  1.178661967915687E-007
  6.659628684013456E-007
  5.124824286889621E-007
 -3.433089754213374E-007
  2.031192591149125E-003
 -4.328215340290541E-004
 -9.050722233601775E-004
 -2.176099293889244E-005
  9.575516171121996E-006
 -9.324504246432872E-006
 -4.210190077017908E-005
 -1.254672378835636E-005
  1.882067949728035E-005
 -1.827250333232924E-005
 -2.372159621603961E-005
  3.526287774401190E-005
  8.081268871818743E-005
 -3.023069493565600E-006
  2.300534610220549E-007
 -2.706917719038606E-006
 -2.522251471481187E-006
  3.230636438026485E-006
  5.545320965046787E-006
  1.172802205531977E-004
  4.851011870793186E-004
 -5.432969303034614E-006
 -3.132002859876877E-005
 -4.073472114851373E-005
 -4.015417865262939E-004
  4.666901979462697E-004
  1.129638808556770E-003
  6.282270122545241E-006
 -1.568440831344774E-005
 -2.066961015053820E-005
  4.626299021052650E-005
  6.961646286221322E-005
  4.904833868739743E-004
 -1.315492118136624E-005
  2.211877245607262E-005
  1.088549527320001E-004
 -8.373294529034201E-006
 -1.758430301707299E-005
 -7.019766915647606E-005
 -8.799158380489914E-006
  3.098421173489385E-005
  1.717245290952411E-005
 -2.120218193658789E-005
 -4.336253258527318E-005
 -1.847999712138563E-004
 -2.151658836916934E-005
  9.705596779402153E-005
  4.271877030575723E-005
 -1.349785410933373E-005
 -9.751459872490474E-006
 -6.453517742698842E-005
 -4.380078449360266E-005
  1.586448071052587E-004
  5.729863860293639E-005
  4.816048287715181E-007
 -2.811915776909578E-006
 -1.576479653739169E-005
  6.322889563617779E-007
 -2.704669459183431E-006
 -2.077103442676332E-006
 -9.103834754983083E-008
  3.242434935723678E-006
  3.085030819559071E-006
  4.174120533889338E-006
 -1.332847458501496E-006
 -1.672152503735455E-006
 -1.494682125639841E-005
  1.161071685425811E-005
 -2.679559380556209E-005
 -7.612174478753618E-006
  1.207500541437100E-006
  6.571413273497465E-006
 -1.950349120575844E-006
  2.791802660966983E-006
  2.589066262426250E-004
  8.638364357728163E-004
  1.561607962030574E-006
  3.259648904056930E-004
  2.761391609957984E-004
  5.420288064699878E-004
 -8.008731354719990E-004
 -3.444513334121761E-003
  3.583059946017502E-006
  2.469440651791022E-005
  2.692353363272222E-006
  6.158980881937494E-005
  9.213590524545525E-005
 -1.892503401039026E-004
  2.354566912566329E-006
 -1.707136922281312E-005
 -1.769616021948233E-004
  7.983693263121219E-007
 -6.585645217456557E-007
  4.253427349674651E-006
 -3.425142257935995E-006
 -1.842413860852199E-005
  2.626772931623873E-006
  2.008910596087145E-006
  1.076205301031476E-005
  1.953766306667193E-005
 -5.018307886833625E-006
 -4.256568198132837E-005
  3.009397290746480E-006
 -9.237096339663196E-006
  2.245324591434554E-005
  4.197538393037221E-005
  1.332370801847796E-005
 -1.493684537506239E-005
 -4.086611678814768E-006
  7.521140922556065E-007
  8.928623077549720E-007
 -4.661848291245125E-006
 -5.169697034800831E-007
 -5.037783561201132E-006
 -1.739372573286736E-006
 -1.319871275916648E-007
 -4.880149693733278E-006
 -4.969009249799777E-007
  3.180665994992801E-006
  1.944488900497115E-008
 -5.585271342372201E-007
 -7.446948475173874E-006
  1.693088371620886E-006
 -1.718948024981928E-006
 -1.751423038635800E-006
  2.948475123406633E-007
 -2.798341130670188E-007
 -3.260154027847698E-007
  2.575594196080298E-006
 -6.571694591776017E-004
 -5.506654404446344E-005
  3.518238381244497E-005
  8.271772586796099E-007
  1.388345690266352E-005
  1.213566842099279E-005
 -3.800604882117939E-005
  4.374499452668753E-005
  5.645523752716038E-005
 -9.573049360605540E-005
  2.733450142961181E-005
  2.827747531839198E-005
 -9.298363462660849E-005
  2.315302804088357E-007
 -8.034051929301630E-006
  4.074668730183946E-006
 -4.390003152799528E-006
  1.443123788032433E-005
  4.158472872390692E-006
 -9.591870491799149E-007
 -5.904793253758647E-006
  7.439323447258313E-006
 -1.775960586305880E-006
  2.202679645720835E-005
  2.735147635485795E-006
 -5.777356594067131E-004
  1.216744513967132E-004
  4.727323176708862E-004
  3.811906924626017E-005
 -9.236332075431944E-007
  7.640514786046706E-006
  1.248829695800230E-006
 -8.527277423171675E-006
  2.955678616269341E-006
  2.324105034290623E-005
  3.593700185677273E-005
 -4.199000482772664E-005
  9.453836035913573E-005
 -3.121729856171538E-008
  9.681802431133662E-007
 -2.390949401539523E-007
 -1.143397168885994E-006
  2.078706198695978E-006
  1.174614467447710E-006
 -3.870750353624213E-006
  6.519321731599405E-006
 -1.358286192888448E-005
 -5.001599782871994E-008
  3.038834785387772E-006
  3.920766351452933E-006
 -3.562012789084444E-004
  7.396255034938353E-005
  2.700063396997058E-004
  2.972478789760896E-005
 -3.501714877001005E-006
 -3.523216110224273E-006
  8.573654385866171E-006
 -1.109104310035547E-005
  4.863747174459768E-006
  2.322888819080697E-005
  1.469088790381584E-005
  3.375310416636015E-005
  6.067045412654899E-005
 -5.009545207248415E-007
 -1.395297860986840E-006
  6.261726769229884E-007
 -3.616088682696827E-007
  3.170725546941706E-006
  8.625633889945242E-007
 -1.229034954948460E-006
 -7.764503646306588E-006
 -2.103726645588989E-006
 -6.278326328595381E-007
  7.778058293122122E-006
  1.856867587807999E-006
  1.980602515841038E-003
 -4.100071802923432E-004
 -1.209765926280038E-003
 -7.032879548296434E-005
  5.499669380370601E-006
 -1.314848822852930E-005
 -2.957999761528175E-005
  1.327495942065619E-005
  1.835879412342447E-006
  1.090426545437448E-005
 -7.933160196058522E-005
  6.729172753850369E-005
  1.518418185735262E-004
 -1.227649850834388E-006
 -7.905201955454327E-007
 -1.643002866397671E-006
 -1.365029150791944E-006
  4.726542651099962E-006
  2.592679001626332E-006
  9.895292424716477E-006
  1.904852310475819E-004
  2.060255789739839E-003
 -4.015200428780736E-005
 -2.151876860221864E-004
  2.078785794506995E-005
 -4.343841718840158E-004
  9.812794690294657E-004
  7.998847132630807E-004
  4.647382058903483E-005
 -2.129568361671816E-005
 -2.992867332218526E-005
  3.469156590308539E-005
 -4.094376304799446E-005
 -3.702370775076758E-004
  7.405982035112796E-007
 -1.535871186386102E-006
 -4.486486909446231E-005
 -8.206737774600658E-006
  2.667171070948173E-006
  2.661162592441551E-005
 -5.898763548549710E-006
  4.211985568660345E-006
  1.410550132315037E-005
 -1.556896174806824E-005
  1.153477545003386E-005
  7.334156669024775E-005
 -1.527362879857317E-005
 -5.046635946992582E-006
  3.084259054664141E-005
 -6.210653397829365E-006
 -4.776913294980239E-005
 -3.289334224219036E-005
  1.894932561791358E-005
 -7.593218149882352E-005
 -1.273867222008421E-005
  4.192518443475652E-006
  3.865470930997457E-006
  1.193618595050220E-005
 -5.125699403596761E-006
  3.360490822570785E-007
 -7.451855926830194E-006
 -3.578830041335991E-006
 -6.127439758718021E-006
  6.871019193010515E-006
 -1.936248730594728E-006
 -2.716124264993446E-009
  1.157929868639267E-006
  5.855381238600843E-006
 -5.195732284124876E-007
  1.342707775461427E-005
  5.277216012074680E-007
 -3.049138734907865E-006
 -2.448529960182589E-006
  7.989486336084329E-006
 -1.135617092806085E-006
 -4.638323494223155E-005
  1.367271761906039E-004
 -1.065552180941000E-005
 -4.795009727071431E-004
 -1.531731302595934E-004
 -1.555751608448051E-004
  1.354299357651988E-003
  2.657674889400620E-003
 -1.254418602552731E-005
 -3.075350150997016E-005
 -1.444861776303848E-006
 -4.070319888100107E-006
 -2.209172071046088E-004
  7.359196787643007E-005
  1.876804138182486E-005
  1.593131129965123E-005
  1.154167683413507E-004
 -1.444132977914509E-006
 -7.381886243342723E-007
 -9.313950090815526E-006
  7.777455623024869E-006
  1.713533705391760E-005
 -6.333322645110360E-006
 -4.920774433136594E-006
 -2.507591126714246E-005
 -3.495139646354395E-005
  1.318565843761428E-005
  3.698691741605834E-005
 -8.264884004477683E-006
  2.159473450151685E-006
 -2.386430958145730E-005
 -3.529149554702159E-005
 -1.419427713980841E-005
  6.167021159202597E-006
  1.203480368965673E-005
 -1.008914115551026E-006
  2.392544342190967E-006
  6.066447283917924E-006
  2.343997876208925E-006
  3.351949398174258E-006
  6.827444704441529E-007
 -8.119932775846957E-008
  3.674264253672493E-006
 -2.148946358915558E-006
 -3.246903845863472E-006
  1.356399273254424E-006
  2.014030937851227E-006
  6.229190245383690E-006
 -4.839267458865414E-006
  4.715846367919323E-007
  7.700696391021414E-007
 -4.288611396112224E-007
  2.094582307802920E-007
 -7.274475190175604E-007
 -2.146216158721328E-006
  1.500792447076105E-003
 -9.567558270634141E-005
 -3.890895653166666E-004
 -3.706684784766762E-006
 -2.311047187396061E-005
 -3.688191946212094E-005
  2.446507441069053E-005
 -6.952380495019773E-005
 -9.832869929329352E-005
  6.416749930015221E-005
 -2.376346259219975E-005
 -3.944017901224673E-007
  5.647885772939629E-005
 -8.567364307093833E-007
  1.175568981953214E-005
 -3.424961694469349E-006
  7.145585720383025E-006
 -8.890871654915467E-006
 -6.288849289673642E-006
  3.931894434310796E-006
  4.219760885251050E-006
 -6.806952177142349E-006
 -1.118169910247463E-006
 -1.606500695929801E-005
 -2.813724524063333E-006
  1.114298844335762E-003
 -2.208982975520372E-004
 -5.741149244627449E-004
 -1.481005566388169E-005
  3.377262480981054E-006
 -8.266262417075110E-006
  2.008587873467701E-005
  1.805134348779752E-006
  1.076395244771181E-005
  2.749083088767006E-005
 -3.820692451793242E-005
  2.722252831463452E-005
 -7.960908694597902E-005
 -1.153270635754145E-006
  6.218261746911605E-007
  1.627579073926544E-006
 -1.380302357817631E-006
 -3.130965071956915E-006
  2.533572993571776E-006
  2.614709901199489E-006
  2.787012715229511E-006
  7.504792467462511E-006
 -2.133759835510895E-006
  5.424330654208007E-006
 -4.809500656885943E-007
  1.328399274660668E-004
 -5.475863626932747E-005
  1.057888316195635E-005
 -6.636192177463417E-006
 -5.047897136220252E-006
  7.216666847890912E-006
  4.353998497678764E-006
 -1.457662954138905E-006
  1.467854988429869E-005
  7.638500831358533E-006
  6.147839430847351E-007
  2.294995415890389E-005
 -4.368622867674781E-005
 -1.176789640785119E-006
 -2.204821630577180E-006
  5.930228949162734E-007
  1.479671882928315E-006
  1.518157830526399E-006
 -3.028822421431956E-007
  1.847068919186352E-006
  1.823230723212822E-006
  2.876751220769641E-006
 -3.508571180862934E-006
 -5.891063464214826E-006
  1.661502261676582E-006
  1.869139211759589E-003
 -4.027241217191145E-004
 -5.254376985310468E-004
  2.182074885613316E-005
  1.999375764335611E-005
 -1.309071266125879E-005
 -4.254308621525243E-005
 -1.559963903644079E-005
  8.688555504103082E-006
 -1.502504244218558E-005
  3.531680037579969E-005
  9.927597713164718E-008
  9.800693264492397E-006
 -2.003230744758175E-006
 -1.782532393946517E-006
 -6.511432878868607E-006
 -2.111627417957502E-006
  3.388182186829871E-006
  4.114858162715677E-006
 -3.792194399651194E-006
  1.130456961634293E-005
  5.791723890587816E-004
  4.021075280182040E-003
 -7.091913834949663E-005
 -9.277900854994600E-004
 -4.539607819088237E-005
  4.718428815912792E-004
  5.140378096736293E-005
  1.347509143303118E-003
 -4.934854898095709E-005
 -1.831858312034618E-006
 -5.003042282187576E-005
 -2.497307924755360E-004
  1.160225727499814E-004
 -1.123853365272352E-003
 -9.672802699685636E-006
  1.466407493241236E-005
 -1.526873237192741E-004
  1.679218326052726E-005
 -1.343572471277476E-005
  9.513940982484200E-005
 -1.054954861487893E-005
  7.560206573255614E-006
 -6.242634645648324E-006
  1.903110812171706E-005
 -3.120917334545266E-005
  2.524682401004250E-004
 -4.708693185086863E-006
 -2.141860363805013E-005
 -1.432241493663020E-005
 -9.763907000600481E-006
 -3.107486035634888E-005
 -5.735002903426575E-005
  4.571263675792143E-005
 -2.857087880523847E-004
 -3.594872975732095E-005
  1.121353081106162E-005
 -6.804421237321957E-006
  3.537791060893079E-005
 -1.542965581527253E-005
 -6.667979500753543E-007
 -1.821093661791232E-005
 -3.258618641094203E-006
 -1.449553537756611E-005
  1.658027716060457E-005
 -6.960791743788227E-006
  1.440345400112712E-007
 -2.921917025240691E-006
  1.969459731298393E-005
 -6.017343414835989E-006
  4.448488057101746E-005
  5.585239794802175E-006
 -1.292812420635572E-006
 -9.469389414413998E-007
  6.800354287147407E-006
 -6.249219457180842E-006
 -2.361996113236265E-004
  1.484825846689270E-003
 -3.213717955137704E-005
 -2.381744323027027E-004
 -3.865049061399318E-005
 -1.828272960143314E-003
 -6.968701904613067E-004
  7.830363327202137E-003
 -1.696317625973804E-005
  1.346232684657482E-005
  9.513965631602238E-006
  1.076706290497870E-004
 -7.566171317945818E-005
  3.453213383156091E-004
 -5.295593375903658E-006
 -4.097580152007749E-005
  3.624216108034666E-004
  1.601594348657745E-005
 -8.439111915180219E-006
 -2.764766221677321E-005
 -1.200507963021406E-005
  3.977049896288059E-005
 -4.010863856363398E-006
  5.414002231461187E-005
 -1.892818578429617E-005
 -9.742952722947303E-005
 -3.920227411683545E-005
  9.167575160215187E-005
 -1.493774819777642E-005
  2.505909773481184E-005
  2.815961545371457E-006
 -1.052586544334753E-004
 -2.860659132604775E-005
  3.446529302479239E-005
  3.547493591235911E-006
 -4.527872180335206E-006
 -2.463640292982047E-006
  1.707339222349649E-005
  4.462674480474351E-006
  8.765883789685683E-006
  9.120942060531267E-006
 -5.793997834227072E-007
  8.793737982152729E-006
  4.201839643250169E-006
 -8.622376735216407E-006
 -4.568032539888885E-006
  7.401262740330250E-006
  2.077787505876009E-005
  6.594868021078899E-006
  5.658158584476317E-006
  7.109229598587757E-006
 -3.417999527019958E-006
 -1.999927633226258E-006
  2.852735840729622E-006
 -6.259315808511278E-006
  1.321341793868666E-004
 -6.533942532958018E-005
  2.071619209226907E-005
  1.034569955663573E-005
 -2.437920668606954E-005
 -1.339442886119944E-005
  9.193801613730131E-005
 -7.575194407376677E-005
 -1.076401243160026E-005
  2.442509838159815E-004
 -5.354166854592943E-005
 -2.307336679736885E-005
  1.847877172341970E-004
  5.220287122727601E-006
  1.054243515380913E-005
 -1.387625721534362E-005
 -8.311782356585365E-007
 -3.902904503353523E-005
 -4.389108887069064E-006
  1.304329962202284E-005
  1.713825152916683E-005
 -2.070397313144138E-005
 -4.394342924343830E-006
 -5.234637551909023E-005
 -8.648956697679015E-006
  1.153812562786709E-003
 -2.633860368285785E-004
 -1.034470645122228E-003
 -6.292381961102894E-005
 -4.195637941719512E-006
 -6.951025578806385E-006
  1.422667190375245E-005
  2.367288344397855E-005
  1.489198125037302E-005
  1.186640399335797E-005
 -1.256111086527300E-004
  8.054542550200818E-005
 -1.868684155367846E-004
  7.176954173335577E-007
  2.372980817616419E-006
 -1.388945010393840E-006
 -1.521703982240747E-006
 -5.910544895170633E-007
  8.040085649071891E-007
  1.078034234720581E-005
 -9.499342677201839E-006
  2.735252389360754E-005
 -3.483213212215182E-006
  4.104499967523564E-006
 -7.297129134990623E-006
  1.295167621524499E-003
 -3.219978528171567E-004
 -5.000601017790495E-004
 -8.437162493887179E-006
  1.428371855833838E-005
  2.932232746269770E-005
  9.925519243264224E-006
 -6.242541528174434E-007
  1.611660662027125E-007
  1.002947159119406E-005
 -2.978581168564937E-005
 -1.086718652873753E-005
 -1.543006702616205E-004
 -6.492151702077859E-008
  4.137314058391717E-006
  2.599288636825969E-006
  1.725898199525103E-006
  2.991482590223750E-006
 -1.660976682504325E-006
 -1.973887782544110E-006
 -1.493848154183889E-005
  5.278017233103412E-006
 -7.294897238383131E-006
 -1.837608935812565E-005
  9.268785020927241E-006
  2.063330669732846E-003
 -4.264074615366615E-004
 -5.538082587238009E-005
  7.120717784158805E-005
  3.723701040634297E-005
 -2.321443629692708E-005
 -5.101187550107317E-005
 -2.085601633030386E-005
 -1.517510262688905E-005
 -4.577825052199487E-006
  1.201752577109736E-004
 -8.090486909725659E-006
 -1.220872651814543E-004
 -5.250431632097804E-007
 -6.434116373028012E-006
 -1.225768895025395E-005
 -1.434106312264610E-006
  5.229626374064907E-006
  1.959149475474390E-006
 -1.216873712720912E-005
  1.955052855515027E-005
  5.330335455516444E-005
  1.418187776554768E-004
  1.922662512373773E-003
 -3.151339772197406E-005
 -3.855084579056001E-004
 -4.064472719064970E-006
  4.654468617050145E-004
 -5.041562671441882E-004
  1.089952637351674E-003
 -3.051982317481073E-005
  8.277016205303950E-006
 -2.778168943062756E-005
 -1.431554748355285E-004
 -3.486866400342133E-005
 -2.880147345496403E-004
  2.265297636753435E-006
 -2.130283280352497E-005
 -2.017752211547887E-005
  1.120705944637888E-005
  1.285987040958454E-005
  1.300804192569448E-005
 -3.815019818709069E-006
  2.331148190418795E-005
 -7.392039627669814E-006
  2.031710352286350E-005
  3.467873055583915E-005
  3.346946291525976E-005
 -7.475869462524735E-007
  5.182226823618581E-005
 -1.956951657661102E-005
 -6.157614969980557E-007
  1.160866215247777E-005
 -5.921146615989533E-005
  2.141987405642972E-005
 -3.825772552700315E-005
 -2.080411255943167E-005
  5.338292820899650E-006
 -3.333459993095491E-007
  9.132834274825311E-006
 -7.923756466545232E-006
 -2.980758999890281E-006
 -8.091121996153716E-006
 -2.076482785159446E-006
 -4.521932661772638E-006
  6.562794354787886E-006
 -1.536967204350891E-006
  1.508496385418926E-006
  4.821467541863371E-007
  2.239215011261920E-006
 -6.562740705263859E-006
  3.433690721730728E-006
  2.037251549007081E-006
 -1.549668154016526E-006
  1.914920618046303E-006
  4.166857707863240E-006
 -1.384711876436074E-006
 -1.722071678839226E-004
 -9.438149061339576E-005
 -1.453236904307159E-005
 -2.622756691370866E-004
 -1.614085170912463E-004
 -1.431283713468513E-003
  3.617482012676242E-004
  2.084025789720605E-003
 -5.632917169003722E-006
 -4.269849532148058E-006
  2.629410921601032E-006
  3.866109453737812E-005
 -2.226958488989370E-005
  6.090641203688823E-005
 -1.377293796906085E-005
  1.180023955924379E-005
  8.480690783323471E-005
  9.554905040463622E-006
 -6.631578535131514E-006
 -1.123939614227214E-005
 -4.436692500617935E-006
  1.141777348003955E-005
 -5.118212539845687E-006
  3.108029171366749E-005
 -1.989557005900315E-005
 -3.867231401061585E-005
 -1.704863986634603E-005
  2.518159325615534E-005
 -1.403165184732146E-005
  1.947233057790555E-005
 -1.301460028837983E-005
 -3.205188552591521E-005
 -1.816382615707179E-005
  6.152657292439812E-006
 -1.308504420833758E-006
 -2.714198280315878E-006
 -1.519143090959086E-006
  5.603065040690616E-006
  2.688095743586614E-006
  1.241111924907517E-006
  5.454499097361019E-006
  3.415922245306095E-007
  2.279344965960966E-006
  4.943664173672574E-007
 -2.627470002217194E-006
 -2.728244717592441E-006
  5.343871397775919E-006
  6.440169730820807E-006
  3.594055496816655E-006
  7.849840651338492E-007
  4.590678655960667E-006
 -2.048364392767601E-006
 -1.264594175934111E-006
  8.012217805268857E-007
 -1.725191851628899E-006
  2.077965510692564E-005
  6.986573365879348E-005
  1.354259321131549E-004
  9.637437453567884E-006
 -1.667392339996106E-005
  3.980851059023198E-006
  2.455014406667339E-005
 -5.843152226445732E-005
 -2.472429210664947E-006
  6.329363706846395E-005
 -4.518930007561754E-005
 -1.709937871660352E-005
  3.700193436552890E-005
  3.451654597828471E-006
  7.413185628514795E-006
 -3.605308244719930E-006
 -2.411996211346308E-006
 -1.074789899631734E-005
 -1.039658386482163E-006
  7.609078309300934E-006
  1.205464604958476E-005
 -5.256889182340350E-006
 -4.620389412148176E-006
 -1.385774649313884E-005
 -2.988688897152759E-006
 -4.555922692695644E-004
  3.581450501472602E-005
  2.013311671786848E-005
  8.167375390785946E-007
 -4.544069825189606E-006
  4.941701190565759E-006
 -4.489669303587603E-006
  6.240150103529632E-006
  3.849151780651000E-006
  3.829930633755873E-006
 -2.615284183875030E-005
 -1.394899067582983E-005
 -2.479637426907043E-005
  1.214726105016552E-006
  1.961329049148298E-006
 -1.866953737197295E-006
 -6.227026980399124E-007
  3.227765014810284E-006
 -5.920234069766393E-007
  8.735112132232545E-007
 -1.732473888284494E-006
  6.434234116384909E-006
  2.769953930127182E-007
  3.470731990608092E-007
 -1.150506606235973E-006
  1.034094487487733E-003
 -2.510896855013140E-004
 -4.671580312711192E-004
 -1.807007483687823E-005
  1.167209800365136E-005
  1.901137037652411E-005
  1.009302678917246E-005
  6.751565213112489E-006
 -8.990657293778186E-006
  1.620182031307314E-005
 -2.322034024832545E-005
 -3.516407756478755E-005
 -4.775939009529465E-005
  3.247199255758074E-007
  3.751904629703028E-006
  1.871903524066159E-006
  7.494075594666746E-007
  3.446440956573748E-006
 -1.074127485042482E-006
  1.243385455633732E-007
 -4.532149208224153E-006
  2.420719607989608E-006
 -5.169150038172634E-006
 -4.501374643128005E-006
  5.044811492609260E-006
  1.254150320281876E-003
 -2.771942028251643E-004
 -3.208088220275241E-004
  1.006529096332333E-005
  1.835322223929770E-005
 -1.682310462157492E-005
 -2.410558011221444E-005
 -2.945513878920346E-007
 -1.859636095697926E-005
  1.092490382179158E-005
  3.372846409040061E-005
  4.616156433557159E-006
 -4.153815889680916E-006
  1.276851861496524E-007
 -3.810523478717138E-006
 -6.166810829269262E-006
 -2.095780184916113E-007
  4.477601598658359E-006
  8.189283234195890E-008
 -3.093180888417855E-006
  6.768392620470883E-006
  1.783405151975598E-005
  7.914762681439353E-006
 -5.236853693814973E-004
 -4.212964818011757E-003
  7.680477766718704E-005
  7.923007362004094E-004
  7.454249624307549E-005
  5.846264849938417E-005
 -2.425454449081437E-003
 -1.702413603221585E-003
  8.783592953833302E-006
  6.213412111549618E-005
  5.670904286832398E-005
  1.055864506777207E-004
 -1.322248985531498E-004
  3.910235300645382E-004
  1.795221056155956E-005
 -6.125284810365679E-005
  2.665238191934957E-005
  5.350988371883158E-007
  4.601976261278256E-005
 -1.085386740793485E-005
  3.017715279835446E-005
 -1.237021925704757E-005
 -3.071225163554278E-005
  1.184196667513551E-005
  1.132931604756508E-004
 -3.343383328973623E-005
  6.082186328446764E-005
 -1.375599480214643E-005
 -7.266382995960315E-005
  2.273533788342160E-005
  1.277604357115676E-004
  7.483473683928471E-005
  1.027225614214547E-005
  8.076286938505158E-005
 -3.300759402556708E-005
 -1.017046137478629E-005
  4.030483703627589E-006
 -1.190732258203655E-005
  1.082004687705643E-005
 -1.085429799536399E-006
  1.969133724730243E-005
  4.452792388235887E-006
  9.521588929120409E-006
 -1.738886086833525E-005
  7.952445509720469E-007
  1.801331397293037E-006
  5.929996407010039E-006
 -2.834554467255270E-006
 -1.492193146920520E-005
 -1.668367898759913E-005
  9.517937277326085E-006
 -1.821497285864016E-007
 -1.907212330316930E-006
 -5.383547221250835E-006
  1.580588932524066E-006
 -1.318605020884721E-005
 -1.138860280847647E-003
  2.266911277286954E-005
  1.508663589651075E-004
 -1.330465086280703E-004
  1.212328261315956E-003
  3.277443696471689E-004
 -2.646291108136117E-003
  1.083419949005125E-005
 -1.160586674369782E-005
 -5.314631188465041E-006
 -1.322767680383275E-004
  1.156839939186073E-004
 -7.680925876514233E-005
 -3.249777399652658E-006
  4.040494208835569E-005
 -1.113575342190449E-004
 -1.269089457118033E-005
  1.746179582401951E-005
  1.510461199713736E-005
  8.648855739976438E-006
 -1.355615409555379E-005
  4.042038831203892E-006
 -4.071229743587892E-005
  5.068016027692201E-005
  4.954855592499330E-005
  2.952123465768535E-005
 -2.912478308286152E-005
  1.119106277819357E-005
 -1.797851882447375E-005
  2.845838143518186E-006
  3.780461845978228E-005
  2.137910734349876E-005
 -6.804171310476875E-006
 -3.400588519025010E-006
  2.830597906611340E-006
 -2.828515819518012E-006
 -7.636677075922675E-006
 -2.862993544616263E-006
 -2.001939799612076E-006
 -5.628800175217759E-006
  1.126744267687759E-006
 -2.490338848156603E-006
 -5.517169835452647E-007
  3.375671974693092E-006
  2.230929271569997E-006
 -8.054790687519508E-006
 -7.904544085632331E-006
 -1.720129797471510E-006
 -1.247327332623497E-006
 -4.972658017238482E-006
  3.158708234158368E-006
  1.672809509573803E-006
 -1.421334014955597E-006
  2.077244858686176E-006
  1.561393803542562E-004
  8.621362455334722E-006
  7.936484315826233E-006
 -8.860866858024882E-006
  1.703014528475724E-005
  2.952290495467144E-006
 -3.134759499457596E-005
  6.547646287609861E-005
 -8.038720499266064E-008
 -8.353551532235921E-005
  3.740997594629141E-005
 -9.506944092924479E-006
 -5.555797583786765E-005
 -4.845611986304620E-006
 -5.306605680140775E-006
  5.174643019809259E-006
  3.649495382452992E-006
  1.423117199097102E-005
  1.196116603851628E-006
 -1.314886527221304E-005
 -1.221994899348858E-005
  6.703926891277144E-006
  8.529856656616940E-006
  1.875217085047359E-005
  4.619008615596103E-006
 -2.108505356389907E-003
  3.750953078235297E-004
  9.821597756989949E-004
  3.133197520319517E-005
 -1.060435829834800E-005
  1.188518411924855E-005
 -4.042636070327445E-005
 -1.751386794539073E-005
 -2.442243960909408E-005
 -5.504006527426011E-005
  6.525433400256536E-005
 -5.331881614476998E-005
  1.127168649792678E-004
  8.713048690913536E-007
  4.603801957070249E-007
 -4.590231488148797E-006
  3.757475320187782E-006
  4.449518698547914E-006
 -4.628780189279135E-006
 -5.246308836071827E-006
 -5.511625905996174E-006
 -4.774442825484448E-006
  3.969267086049089E-006
 -1.545161536208923E-005
  1.277041750022739E-006
  8.129710841728408E-004
 -1.190376022371889E-004
 -5.727633581116157E-004
 -4.567351907534803E-005
  1.003090266268214E-005
  3.728127417797611E-006
 -7.501115363457154E-006
  1.468416247854567E-005
 -2.194536926480822E-005
 -1.732219224391502E-005
 -8.761105773906899E-006
 -1.009610559071911E-004
  4.058343950511319E-005
  8.475944545368805E-007
  4.436838679750336E-006
 -1.015277931728958E-006
  3.602667065248280E-008
 -2.223664260400187E-006
 -8.836211251893634E-007
  3.117437717907140E-006
  1.231609330526811E-005
 -2.069391293286780E-006
  4.662165951077896E-006
  8.328486153738718E-006
 -7.779603668985035E-006
 -4.130729631327689E-003
  8.633656403589725E-004
  1.500411958703832E-003
  1.323922661433891E-005
 -3.981343272609176E-005
  2.308014903749033E-005
  8.615910342715538E-005
  2.484595495264753E-006
 -2.740801398395727E-005
  1.473577239698630E-005
 -5.138721586949054E-006
 -4.016173003595717E-005
 -9.236227711383258E-005
  2.219122242425206E-006
  4.350921205584341E-006
  1.371644402772750E-005
  5.261540445246248E-006
 -5.832493700769207E-006
 -7.480662687671454E-006
  1.059356994083530E-007
 -1.507283726256279E-005
 -2.975122312451843E-005
 -1.037777715997215E-005
  2.872123211056607E-005
 -2.590989982086745E-004
 -2.407763699453091E-003
  3.694636702500867E-005
  4.168284865043688E-004
  4.479919386757870E-005
 -6.390507517872061E-005
  3.746606919791855E-005
 -2.219591445908444E-003
  2.423755305226549E-005
  7.407392108143796E-006
  4.845129958116576E-005
  9.689248462500201E-005
 -3.474779885879189E-005
 -2.024686523243340E-004
  1.088962354461281E-005
 -8.159396525476538E-007
 -8.867743061652121E-005
 -2.833764917344682E-006
  4.724432607488448E-006
  5.718962723078157E-005
  1.261417819919898E-005
 -5.429569363908179E-005
 -9.780413281854302E-006
  8.850784137243942E-007
  8.683802029434038E-006
  1.513305082985965E-004
  2.226417531542181E-005
 -1.488782360302073E-004
 -2.314925372914621E-005
  1.411361560633179E-005
 -1.857202279987298E-006
  1.237466435868838E-004
  2.238091043717293E-005
 -1.203870815782555E-004
 -3.649452604350472E-005
 -5.819897649671168E-006
  3.145261776219128E-006
  6.631962262566381E-006
  7.291467510183455E-006
  5.685428459073712E-006
  1.016822543883005E-005
  2.167521132709277E-006
  1.279497726048958E-006
 -9.647825174346958E-006
 -2.637153329538446E-006
 -1.756489269174297E-007
  1.190005749549118E-006
  1.270760624513649E-005
 -5.047976148994247E-006
  2.336190308383136E-005
  5.574922929746536E-006
  3.421676125794257E-007
 -8.486333891543767E-006
 -2.216508587287396E-006
 -1.407090784530908E-006
 -8.669945835870233E-005
 -7.694549451594205E-004
  1.297076108104102E-005
 -6.368922126860643E-005
 -1.147306439045522E-004
  8.892549069985252E-004
  4.391249342043748E-004
  1.360487544401156E-003
  2.049857222986220E-006
 -2.042455698576216E-005
 -5.321764284873254E-006
 -1.002509033567531E-004
 -6.986632035556155E-005
  1.283439280670144E-004
  1.141837105649453E-005
  5.271129663569328E-006
  9.215469436158863E-005
 -1.035327436677574E-005
  7.290143056877169E-006
  6.985968792597490E-006
  7.861834758553930E-006
  7.006365128482437E-006
  2.491439608221813E-006
 -3.308920230975464E-005
  9.133517048688394E-006
  1.913465094394391E-005
  2.206694775317966E-005
  1.738408872517303E-005
  1.102225455657498E-005
 -1.023523423824235E-005
 -9.438645625965711E-006
 -9.923498404456991E-006
  4.840118138593824E-006
  8.784188082622581E-006
  5.395116099648526E-006
  1.962084188060271E-006
  6.262807832041140E-007
 -9.412167494454915E-007
 -2.171126040106531E-006
  3.796671636293616E-006
 -3.715126524074282E-006
 -2.096050969389447E-007
  2.600804727772312E-006
  2.534507612720236E-009
 -5.531959927756068E-007
  2.708799828587469E-006
 -4.785344263538698E-006
  1.006778744353068E-006
 -5.287143868437542E-006
  9.339639598480791E-007
 -2.839255617324867E-006
  1.753516880426938E-006
  1.544428289001129E-006
 -4.752063777421158E-007
 -8.504023444513990E-007
  6.363898040706760E-004
 -1.479918961433004E-005
 -1.706083159255999E-004
 -1.046461471224749E-005
  2.790466497297544E-006
 -1.611651948001598E-005
  1.345590475450600E-005
  1.468652773776978E-005
 -5.398280831649544E-005
  3.243685653759146E-005
  1.785479864600573E-005
 -1.117809660178846E-005
  5.598170026107959E-005
 -3.683184878237307E-006
  6.208663007868356E-007
 -4.693604854640167E-007
  6.801999364145835E-006
 -3.683338884006986E-006
 -3.118814485908529E-006
 -6.649891260121020E-006
 -6.149852795826114E-006
 -2.182434264917962E-006
  6.396349998454056E-006
 -8.169049964069509E-006
  2.535412616669637E-007
  1.033327928676277E-003
 -1.574889564114392E-004
 -4.928654343887547E-004
 -3.893580678533876E-005
  5.467703032732801E-006
 -1.258221597661246E-005
  3.240839607787373E-006
  2.287127319642042E-006
 -6.804830396920340E-006
 -2.707098097666210E-005
 -9.784160018022426E-006
  5.593899550355647E-005
 -6.974198609006530E-005
 -1.183508806454837E-006
 -2.929509292261664E-006
  2.106048677351247E-006
  1.766099866925907E-006
 -5.306471213506262E-006
 -5.825910604710703E-007
  2.997239140400959E-006
 -4.786847843314911E-006
  7.148627812499573E-006
 -2.269793951839984E-007
 -3.385907984448581E-006
 -2.770259745216960E-006
 -6.778932085792884E-004
  1.771271351519305E-004
  1.971516915714134E-004
 -1.165471306073074E-005
 -8.170383126650352E-006
 -1.548815426629983E-005
 -1.866668117503863E-005
  4.339477887242982E-006
  4.126910119318419E-006
 -3.943070850388011E-005
  8.529452344509613E-006
  1.410973398427395E-006
 -1.291106403125434E-005
  1.762345951490341E-007
 -2.356606768716188E-006
 -2.498076200989147E-006
 -3.877986911969919E-007
 -6.617166503515454E-006
  2.115640960479578E-007
  1.104696409385087E-006
  1.229665285453074E-005
 -3.169929624006186E-007
  5.796982671032171E-006
 -3.276683649994117E-006
 -6.901679080417258E-006
 -3.234752836122913E-003
  6.872013831175075E-004
  1.530574748307562E-003
  6.026350451964101E-005
 -2.385289161966830E-005
  2.997159285010422E-005
  5.368557772749619E-005
 -1.298040803276415E-005
  1.676048154463682E-005
 -2.182916927616607E-005
  4.560313787018462E-005
 -7.190788397206085E-005
 -1.476880026838453E-004
  1.099964664684736E-006
  4.601043674262570E-006
  7.809813695666933E-006
  1.574607169283555E-006
 -9.204144249758321E-006
 -2.674571833968291E-006
 -6.802111536298621E-006
 -2.976198220819688E-006
 -5.665314392546863E-006
 -4.821581793021498E-006
  1.027184146056379E-005
  1.162369332932012E-005
