************************************************************************************************************************************
 ************************************************************************************************************************************
 ************************************************************************************************************************************
 ****************                                                                                                    ****************
 ****************          *  FITTING OF THE POTENTIAL PARAMETERS TO AB INITIO DATA                                  ****************
 ****************          *                                                                                         ****************
 ****************          *  2016                                                                                   ****************
 ****************          *  C2H6                                                                                   ****************

 ****************                                                                                                    ****************
 ************************************************************************************************************************************
 ************************************************************************************************************************************
 ************************************************************************************************************************************
 
        12 <= number of degrees of freedom
         5 <= number of bonds
         7 <= number of bond angles
        40 <= number of iterations in the fit
  0.000000 <= The fit is over if the stability is reached 
  0.000010 <= The fit is over if the st.dev. best is reached 
  1.000000 <= sterr parameter out 
  0.000010 <= stdev parameter out 
         1 <= watson robust on (1) or of (0) 
         8 <= number of non-linear parameters
 parameters of structure 
rCOe      =           1.422
rOHe      =           0.956
rCH       =           1.091
aHOC      =         108.102
aHCO      =         110.290
a1        =           2.170
a2        =           2.554
b1        =           1.857
Lowest energy = -115.609514    

   ------------------------------------------------------------------
   |   iter  |  points |    deviat     |     rms       |  stability  |
   ------------------------------------------------------------------
point         1.0471975512        5.2359877560        3.1415926536        0.0000000000        0.0000000000       60.0000000000
point         1.0471975512        5.1647349877        3.2128454219       -9.9999999886        0.0000000000       60.0000000000
point         1.1294731612        5.1948499511        3.1004548487       -0.0000000000       -9.9999999974       60.0000000033
point         0.5535438914        5.4828145858        3.3884194834       -0.0000000000       59.9999999983       59.9999999967
point         1.0554251122        5.2318739755        3.1374788731        0.0000000000       -0.9999999983       60.0000000000
point         1.0883353561        5.2154188535        3.1210237511        0.0000000000       -4.9999999916       60.0000000000
point         1.0471975512        4.8084711459        3.5691092637      -60.0000000053        0.0000000000       60.0000000000
point         0.9649219412        5.2771255609        3.1827304585       -0.0000000000        9.9999999974       59.9999999967
point         1.0471975512        5.5209988294        2.8565815802       40.0000000035        0.0000000000       60.0000000000
point         1.0471975512        5.2431130328        3.1344673768        0.9999999989        0.0000000000       60.0000000000
point         1.0471975512        5.2716141401        3.1059662695        4.9999999943       -0.0000000000       60.0000000000
point         1.7054024309        4.9068853161        2.8124902138       -0.0000000000      -79.9999999930       60.0000000000
point         1.0471975512        5.8060099028        2.5715705068       80.0000000071        0.0000000000       60.0000000000
point         1.0060597463        5.2565566584        3.1621615560        0.0000000000        4.9999999916       60.0000000000
point         1.0471975512        4.9509766826        3.4266037270      -40.0000000035        0.0000000000       60.0000000000
point         1.0471975512        5.2288624792        3.1487179304       -0.9999999989        0.0000000000       60.0000000000
point         0.3889926715        5.5650901958        3.4706950934        0.0000000000       79.9999999930       60.0000000000
point         1.0471975512        5.6635043661        2.7140760435       60.0000000053        0.0000000000       60.0000000000
point         1.0471975512        5.2003613719        3.1772190377       -4.9999999943        0.0000000000       60.0000000000
point         1.1089042587        5.2051344023        3.1107392999        0.0000000000       -7.5000000016       60.0000000033
point         1.0471975512        4.6659656092        3.7116148004      -80.0000000071        0.0000000000       60.0000000000
point         1.3762999910        5.0714365360        2.9770414336        0.0000000000      -40.0000000036       59.9999999967
point         1.0389699902        5.2401015365        3.1457064341        0.0000000000        0.9999999983       60.0000000000
point         1.0471975512        5.2538009481        3.1237794614        2.5000000094        0.0000000000       60.0000000000
point         1.8699536509        4.8246097061        2.7302146038       -0.0000000000     -100.0000000019       60.0000000000
point         1.0471975512        5.2894273323        3.0881530773        7.5000000037        0.0000000000       60.0000000000
point         0.7180951114        5.4005389760        3.3061438736        0.0000000000       40.0000000036       60.0000000033
point         1.0471975512        5.9485154395        2.4290649701      100.0000000089        0.0000000000       60.0000000000
point         1.0677664537        5.2257033048        3.1313082024        0.0000000000       -2.4999999958       60.0000000000
point         0.9854908437        5.2668411097        3.1724460073        0.0000000000        7.5000000016       59.9999999967
point         1.0471975512        5.2181745638        3.1594058457       -2.5000000094        0.0000000000       60.0000000000
point         1.0471975512        5.1825481797        3.1950322299       -7.5000000037        0.0000000000       60.0000000000
point         1.0266286487        5.2462722072        3.1518771048       -0.0000000000        2.4999999958       60.0000000000
point         1.0471975512        5.3072405242        3.0703398853        9.9999999886       -0.0000000000       60.0000000000
   |     1   |     34  |   0.56145E+02 |  0.23773E+03  |   0.584E+08 |
point         1.1294731612        5.1948499511        3.1004548487       -0.0000000000       -9.9999999974       60.0000000033
point         1.0883353561        5.2154188535        3.1210237511        0.0000000000       -4.9999999916       60.0000000000
point         1.0471975512        5.2359877560        3.1415926536        0.0000000000        0.0000000000       60.0000000000
point         0.5535438914        5.4828145858        3.3884194834       -0.0000000000       59.9999999983       59.9999999967
point         0.9649219412        5.2771255609        3.1827304585       -0.0000000000        9.9999999974       59.9999999967
point         1.0060597463        5.2565566584        3.1621615560        0.0000000000        4.9999999916       60.0000000000
point         1.0471975512        5.2431130328        3.1344673768        0.9999999989        0.0000000000       60.0000000000
point         1.0471975512        5.1647349877        3.2128454219       -9.9999999886        0.0000000000       60.0000000000
point         1.1089042587        5.2051344023        3.1107392999        0.0000000000       -7.5000000016       60.0000000033
point         1.3762999910        5.0714365360        2.9770414336        0.0000000000      -40.0000000036       59.9999999967
point         1.7054024309        4.9068853161        2.8124902138       -0.0000000000      -79.9999999930       60.0000000000
point         1.0471975512        4.8084711459        3.5691092637      -60.0000000053        0.0000000000       60.0000000000
point         0.9854908437        5.2668411097        3.1724460073        0.0000000000        7.5000000016       59.9999999967
point         1.0471975512        5.5209988294        2.8565815802       40.0000000035        0.0000000000       60.0000000000
point         1.0554251122        5.2318739755        3.1374788731        0.0000000000       -0.9999999983       60.0000000000
point         0.7180951114        5.4005389760        3.3061438736        0.0000000000       40.0000000036       60.0000000033
point         1.0471975512        5.2716141401        3.1059662695        4.9999999943       -0.0000000000       60.0000000000
point         1.0471975512        5.2288624792        3.1487179304       -0.9999999989        0.0000000000       60.0000000000
point         0.3889926715        5.5650901958        3.4706950934        0.0000000000       79.9999999930       60.0000000000
point         1.0471975512        4.9509766826        3.4266037270      -40.0000000035        0.0000000000       60.0000000000
point         1.0389699902        5.2401015365        3.1457064341        0.0000000000        0.9999999983       60.0000000000
point         1.0471975512        5.2003613719        3.1772190377       -4.9999999943        0.0000000000       60.0000000000
point         1.0471975512        5.8060099028        2.5715705068       80.0000000071        0.0000000000       60.0000000000
point         1.0471975512        5.6635043661        2.7140760435       60.0000000053        0.0000000000       60.0000000000
point         1.0471975512        5.2538009481        3.1237794614        2.5000000094        0.0000000000       60.0000000000
point         1.8699536509        4.8246097061        2.7302146038       -0.0000000000     -100.0000000019       60.0000000000
point         1.0471975512        5.2894273323        3.0881530773        7.5000000037        0.0000000000       60.0000000000
point         1.0677664537        5.2257033048        3.1313082024        0.0000000000       -2.4999999958       60.0000000000
point         1.0471975512        4.6659656092        3.7116148004      -80.0000000071        0.0000000000       60.0000000000
point         1.0471975512        5.2181745638        3.1594058457       -2.5000000094        0.0000000000       60.0000000000
point         1.0471975512        5.1825481797        3.1950322299       -7.5000000037        0.0000000000       60.0000000000
point         1.0266286487        5.2462722072        3.1518771048       -0.0000000000        2.4999999958       60.0000000000
point         1.0471975512        5.3072405242        3.0703398853        9.9999999886       -0.0000000000       60.0000000000
point         1.0471975512        5.9485154395        2.4290649701      100.0000000089        0.0000000000       60.0000000000
   |     2   |     34  |   0.16321E-01 |  0.40345E+01  |   0.136E+05 |
point         1.1294731612        5.1948499511        3.1004548487       -0.0000000000       -9.9999999974       60.0000000033
point         1.0471975512        5.1647349877        3.2128454219       -9.9999999886        0.0000000000       60.0000000000
point         1.0471975512        5.2716141401        3.1059662695        4.9999999943       -0.0000000000       60.0000000000
point         1.0471975512        5.2359877560        3.1415926536        0.0000000000        0.0000000000       60.0000000000
point         0.5535438914        5.4828145858        3.3884194834       -0.0000000000       59.9999999983       59.9999999967
point         0.9649219412        5.2771255609        3.1827304585       -0.0000000000        9.9999999974       59.9999999967
point         1.0471975512        5.2003613719        3.1772190377       -4.9999999943        0.0000000000       60.0000000000
point         1.0471975512        5.5209988294        2.8565815802       40.0000000035        0.0000000000       60.0000000000
point         1.0471975512        4.8084711459        3.5691092637      -60.0000000053        0.0000000000       60.0000000000
point         1.0554251122        5.2318739755        3.1374788731        0.0000000000       -0.9999999983       60.0000000000
point         1.0471975512        5.2894273323        3.0881530773        7.5000000037        0.0000000000       60.0000000000
point         1.3762999910        5.0714365360        2.9770414336        0.0000000000      -40.0000000036       59.9999999967
point         1.0471975512        5.2431130328        3.1344673768        0.9999999989        0.0000000000       60.0000000000
point         1.0471975512        4.9509766826        3.4266037270      -40.0000000035        0.0000000000       60.0000000000
point         1.7054024309        4.9068853161        2.8124902138       -0.0000000000      -79.9999999930       60.0000000000
point         1.0471975512        5.1825481797        3.1950322299       -7.5000000037        0.0000000000       60.0000000000
point         0.7180951114        5.4005389760        3.3061438736        0.0000000000       40.0000000036       60.0000000033
point         1.0883353561        5.2154188535        3.1210237511        0.0000000000       -4.9999999916       60.0000000000
point         1.0471975512        5.8060099028        2.5715705068       80.0000000071        0.0000000000       60.0000000000
point         1.0471975512        5.3072405242        3.0703398853        9.9999999886       -0.0000000000       60.0000000000
point         1.0471975512        5.2288624792        3.1487179304       -0.9999999989        0.0000000000       60.0000000000
point         0.3889926715        5.5650901958        3.4706950934        0.0000000000       79.9999999930       60.0000000000
point         1.0060597463        5.2565566584        3.1621615560        0.0000000000        4.9999999916       60.0000000000
point         1.0471975512        4.6659656092        3.7116148004      -80.0000000071        0.0000000000       60.0000000000
point         1.0471975512        5.2538009481        3.1237794614        2.5000000094        0.0000000000       60.0000000000
point         1.0471975512        5.6635043661        2.7140760435       60.0000000053        0.0000000000       60.0000000000
point         1.1089042587        5.2051344023        3.1107392999        0.0000000000       -7.5000000016       60.0000000033
point         1.8699536509        4.8246097061        2.7302146038       -0.0000000000     -100.0000000019       60.0000000000
point         1.0389699902        5.2401015365        3.1457064341        0.0000000000        0.9999999983       60.0000000000
point         1.0471975512        5.9485154395        2.4290649701      100.0000000089        0.0000000000       60.0000000000
point         0.9854908437        5.2668411097        3.1724460073        0.0000000000        7.5000000016       59.9999999967
point         1.0471975512        5.2181745638        3.1594058457       -2.5000000094        0.0000000000       60.0000000000
point         1.0677664537        5.2257033048        3.1313082024        0.0000000000       -2.4999999958       60.0000000000
point         1.0266286487        5.2462722072        3.1518771048       -0.0000000000        2.4999999958       60.0000000000
   |     3   |     34  |   0.91751E-02 |  0.41946E+01  |   0.369E+00 |
point         1.1294731612        5.1948499511        3.1004548487       -0.0000000000       -9.9999999974       60.0000000033
point         1.0471975512        5.1647349877        3.2128454219       -9.9999999886        0.0000000000       60.0000000000
point         1.0471975512        5.2716141401        3.1059662695        4.9999999943       -0.0000000000       60.0000000000
point         0.5535438914        5.4828145858        3.3884194834       -0.0000000000       59.9999999983       59.9999999967
point         1.0471975512        4.8084711459        3.5691092637      -60.0000000053        0.0000000000       60.0000000000
point         1.0471975512        5.2359877560        3.1415926536        0.0000000000        0.0000000000       60.0000000000
point         1.0471975512        5.5209988294        2.8565815802       40.0000000035        0.0000000000       60.0000000000
point         1.0471975512        5.2003613719        3.1772190377       -4.9999999943        0.0000000000       60.0000000000
point         1.0471975512        5.8060099028        2.5715705068       80.0000000071        0.0000000000       60.0000000000
point         1.0471975512        5.2894273323        3.0881530773        7.5000000037        0.0000000000       60.0000000000
point         1.0471975512        4.9509766826        3.4266037270      -40.0000000035        0.0000000000       60.0000000000
point         1.7054024309        4.9068853161        2.8124902138       -0.0000000000      -79.9999999930       60.0000000000
point         1.0471975512        5.1825481797        3.1950322299       -7.5000000037        0.0000000000       60.0000000000
point         1.0471975512        5.6635043661        2.7140760435       60.0000000053        0.0000000000       60.0000000000
point         1.0883353561        5.2154188535        3.1210237511        0.0000000000       -4.9999999916       60.0000000000
point         1.0471975512        5.2431130328        3.1344673768        0.9999999989        0.0000000000       60.0000000000
point         1.0471975512        5.3072405242        3.0703398853        9.9999999886       -0.0000000000       60.0000000000
point         1.0471975512        4.6659656092        3.7116148004      -80.0000000071        0.0000000000       60.0000000000
point         0.9649219412        5.2771255609        3.1827304585       -0.0000000000        9.9999999974       59.9999999967
point         1.0060597463        5.2565566584        3.1621615560        0.0000000000        4.9999999916       60.0000000000
point         1.0471975512        5.2288624792        3.1487179304       -0.9999999989        0.0000000000       60.0000000000
point         1.0554251122        5.2318739755        3.1374788731        0.0000000000       -0.9999999983       60.0000000000
point         1.0471975512        5.9485154395        2.4290649701      100.0000000089        0.0000000000       60.0000000000
point         1.0471975512        5.2538009481        3.1237794614        2.5000000094        0.0000000000       60.0000000000
point         1.0389699902        5.2401015365        3.1457064341        0.0000000000        0.9999999983       60.0000000000
point         0.3889926715        5.5650901958        3.4706950934        0.0000000000       79.9999999930       60.0000000000
point         1.0471975512        5.2181745638        3.1594058457       -2.5000000094        0.0000000000       60.0000000000
point         1.3762999910        5.0714365360        2.9770414336        0.0000000000      -40.0000000036       59.9999999967
point         1.1089042587        5.2051344023        3.1107392999        0.0000000000       -7.5000000016       60.0000000033
point         1.0677664537        5.2257033048        3.1313082024        0.0000000000       -2.4999999958       60.0000000000
point         1.8699536509        4.8246097061        2.7302146038       -0.0000000000     -100.0000000019       60.0000000000
point         0.9854908437        5.2668411097        3.1724460073        0.0000000000        7.5000000016       59.9999999967
point         1.0266286487        5.2462722072        3.1518771048       -0.0000000000        2.4999999958       60.0000000000
point         0.7180951114        5.4005389760        3.3061438736        0.0000000000       40.0000000036       60.0000000033
   |     4   |     34  |   0.30701E-02 |  0.59078E+01  |   0.199E+01 |
point         1.1294731612        5.1948499511        3.1004548487       -0.0000000000       -9.9999999974       60.0000000033
point         1.0471975512        5.1647349877        3.2128454219       -9.9999999886        0.0000000000       60.0000000000
point         1.0883353561        5.2154188535        3.1210237511        0.0000000000       -4.9999999916       60.0000000000
point         0.5535438914        5.4828145858        3.3884194834       -0.0000000000       59.9999999983       59.9999999967
point         1.0471975512        4.8084711459        3.5691092637      -60.0000000053        0.0000000000       60.0000000000
point         1.0471975512        5.2359877560        3.1415926536        0.0000000000        0.0000000000       60.0000000000
point         1.0471975512        5.5209988294        2.8565815802       40.0000000035        0.0000000000       60.0000000000
point         1.0554251122        5.2318739755        3.1374788731        0.0000000000       -0.9999999983       60.0000000000
point         1.0471975512        5.8060099028        2.5715705068       80.0000000071        0.0000000000       60.0000000000
point         1.0471975512        4.9509766826        3.4266037270      -40.0000000035        0.0000000000       60.0000000000
point         1.0471975512        5.2431130328        3.1344673768        0.9999999989        0.0000000000       60.0000000000
point         1.0389699902        5.2401015365        3.1457064341        0.0000000000        0.9999999983       60.0000000000
point         1.0471975512        5.6635043661        2.7140760435       60.0000000053        0.0000000000       60.0000000000
point         1.0471975512        5.2716141401        3.1059662695        4.9999999943       -0.0000000000       60.0000000000
point         1.7054024309        4.9068853161        2.8124902138       -0.0000000000      -79.9999999930       60.0000000000
point         1.0471975512        5.2288624792        3.1487179304       -0.9999999989        0.0000000000       60.0000000000
point         1.0060597463        5.2565566584        3.1621615560        0.0000000000        4.9999999916       60.0000000000
point         1.0677664537        5.2257033048        3.1313082024        0.0000000000       -2.4999999958       60.0000000000
point         0.3889926715        5.5650901958        3.4706950934        0.0000000000       79.9999999930       60.0000000000
point         1.1089042587        5.2051344023        3.1107392999        0.0000000000       -7.5000000016       60.0000000033
point         1.0471975512        5.2538009481        3.1237794614        2.5000000094        0.0000000000       60.0000000000
point         0.9854908437        5.2668411097        3.1724460073        0.0000000000        7.5000000016       59.9999999967
point         1.8699536509        4.8246097061        2.7302146038       -0.0000000000     -100.0000000019       60.0000000000
point         1.0266286487        5.2462722072        3.1518771048       -0.0000000000        2.4999999958       60.0000000000
point         1.0471975512        5.2181745638        3.1594058457       -2.5000000094        0.0000000000       60.0000000000
point         1.0471975512        5.2003613719        3.1772190377       -4.9999999943        0.0000000000       60.0000000000
point         0.9649219412        5.2771255609        3.1827304585       -0.0000000000        9.9999999974       59.9999999967
point         1.0471975512        4.6659656092        3.7116148004      -80.0000000071        0.0000000000       60.0000000000
point         1.0471975512        5.2894273323        3.0881530773        7.5000000037        0.0000000000       60.0000000000
point         1.3762999910        5.0714365360        2.9770414336        0.0000000000      -40.0000000036       59.9999999967
point         1.0471975512        5.9485154395        2.4290649701      100.0000000089        0.0000000000       60.0000000000
point         0.7180951114        5.4005389760        3.3061438736        0.0000000000       40.0000000036       60.0000000033
point         1.0471975512        5.1825481797        3.1950322299       -7.5000000037        0.0000000000       60.0000000000
point         1.0471975512        5.3072405242        3.0703398853        9.9999999886       -0.0000000000       60.0000000000
   |     5   |     34  |   0.30701E-02 |  0.59078E+01  |   0.139E-05 |
point         1.1294731612        5.1948499511        3.1004548487       -0.0000000000       -9.9999999974       60.0000000033
point         1.0471975512        5.1647349877        3.2128454219       -9.9999999886        0.0000000000       60.0000000000
point         1.0471975512        5.2716141401        3.1059662695        4.9999999943       -0.0000000000       60.0000000000
point         0.5535438914        5.4828145858        3.3884194834       -0.0000000000       59.9999999983       59.9999999967
point         1.0471975512        5.2359877560        3.1415926536        0.0000000000        0.0000000000       60.0000000000
point         1.0471975512        5.2003613719        3.1772190377       -4.9999999943        0.0000000000       60.0000000000
point         1.0471975512        5.5209988294        2.8565815802       40.0000000035        0.0000000000       60.0000000000
point         0.9649219412        5.2771255609        3.1827304585       -0.0000000000        9.9999999974       59.9999999967
point         1.0471975512        5.2894273323        3.0881530773        7.5000000037        0.0000000000       60.0000000000
point         1.7054024309        4.9068853161        2.8124902138       -0.0000000000      -79.9999999930       60.0000000000
point         1.0471975512        5.2431130328        3.1344673768        0.9999999989        0.0000000000       60.0000000000
point         1.3762999910        5.0714365360        2.9770414336        0.0000000000      -40.0000000036       59.9999999967
point         1.0471975512        5.1825481797        3.1950322299       -7.5000000037        0.0000000000       60.0000000000
point         1.0883353561        5.2154188535        3.1210237511        0.0000000000       -4.9999999916       60.0000000000
point         0.3889926715        5.5650901958        3.4706950934        0.0000000000       79.9999999930       60.0000000000
point         0.7180951114        5.4005389760        3.3061438736        0.0000000000       40.0000000036       60.0000000033
point         1.0471975512        5.2288624792        3.1487179304       -0.9999999989        0.0000000000       60.0000000000
point         1.0060597463        5.2565566584        3.1621615560        0.0000000000        4.9999999916       60.0000000000
point         1.0471975512        4.8084711459        3.5691092637      -60.0000000053        0.0000000000       60.0000000000
point         1.8699536509        4.8246097061        2.7302146038       -0.0000000000     -100.0000000019       60.0000000000
point         1.0554251122        5.2318739755        3.1374788731        0.0000000000       -0.9999999983       60.0000000000
point         1.0471975512        4.9509766826        3.4266037270      -40.0000000035        0.0000000000       60.0000000000
point         1.0471975512        5.8060099028        2.5715705068       80.0000000071        0.0000000000       60.0000000000
point         1.0471975512        5.6635043661        2.7140760435       60.0000000053        0.0000000000       60.0000000000
point         1.0389699902        5.2401015365        3.1457064341        0.0000000000        0.9999999983       60.0000000000
point         1.0677664537        5.2257033048        3.1313082024        0.0000000000       -2.4999999958       60.0000000000
point         1.1089042587        5.2051344023        3.1107392999        0.0000000000       -7.5000000016       60.0000000033
point         1.0471975512        4.6659656092        3.7116148004      -80.0000000071        0.0000000000       60.0000000000
point         1.0471975512        5.2538009481        3.1237794614        2.5000000094        0.0000000000       60.0000000000
point         0.9854908437        5.2668411097        3.1724460073        0.0000000000        7.5000000016       59.9999999967
point         1.0266286487        5.2462722072        3.1518771048       -0.0000000000        2.4999999958       60.0000000000
point         1.0471975512        5.9485154395        2.4290649701      100.0000000089        0.0000000000       60.0000000000
point         1.0471975512        5.3072405242        3.0703398853        9.9999999886       -0.0000000000       60.0000000000
point         1.0471975512        5.2181745638        3.1594058457       -2.5000000094        0.0000000000       60.0000000000
   |     6   |     34  |   0.30701E-02 |  0.59078E+01  |   0.576E-07 |
point         1.0471975512        5.1647349877        3.2128454219       -9.9999999886        0.0000000000       60.0000000000
point         0.5535438914        5.4828145858        3.3884194834       -0.0000000000       59.9999999983       59.9999999967
point         1.0471975512        4.8084711459        3.5691092637      -60.0000000053        0.0000000000       60.0000000000
point         1.0471975512        5.2716141401        3.1059662695        4.9999999943       -0.0000000000       60.0000000000
point         1.0554251122        5.2318739755        3.1374788731        0.0000000000       -0.9999999983       60.0000000000
point         1.0471975512        5.5209988294        2.8565815802       40.0000000035        0.0000000000       60.0000000000
point         1.0471975512        5.8060099028        2.5715705068       80.0000000071        0.0000000000       60.0000000000
point         1.0471975512        5.2003613719        3.1772190377       -4.9999999943        0.0000000000       60.0000000000
point         1.0471975512        4.9509766826        3.4266037270      -40.0000000035        0.0000000000       60.0000000000
point         1.7054024309        4.9068853161        2.8124902138       -0.0000000000      -79.9999999930       60.0000000000
point         1.0389699902        5.2401015365        3.1457064341        0.0000000000        0.9999999983       60.0000000000
point         1.0471975512        4.6659656092        3.7116148004      -80.0000000071        0.0000000000       60.0000000000
point         1.0471975512        5.6635043661        2.7140760435       60.0000000053        0.0000000000       60.0000000000
point         1.0471975512        5.2894273323        3.0881530773        7.5000000037        0.0000000000       60.0000000000
point         1.0677664537        5.2257033048        3.1313082024        0.0000000000       -2.4999999958       60.0000000000
point         0.3889926715        5.5650901958        3.4706950934        0.0000000000       79.9999999930       60.0000000000
point         1.0471975512        5.1825481797        3.1950322299       -7.5000000037        0.0000000000       60.0000000000
point         1.0471975512        5.9485154395        2.4290649701      100.0000000089        0.0000000000       60.0000000000
point         1.0266286487        5.2462722072        3.1518771048       -0.0000000000        2.4999999958       60.0000000000
point         1.1294731612        5.1948499511        3.1004548487       -0.0000000000       -9.9999999974       60.0000000033
point         1.8699536509        4.8246097061        2.7302146038       -0.0000000000     -100.0000000019       60.0000000000
point         1.0471975512        5.3072405242        3.0703398853        9.9999999886       -0.0000000000       60.0000000000
point         1.0883353561        5.2154188535        3.1210237511        0.0000000000       -4.9999999916       60.0000000000
point         0.9649219412        5.2771255609        3.1827304585       -0.0000000000        9.9999999974       59.9999999967
point         1.0471975512        5.2359877560        3.1415926536        0.0000000000        0.0000000000       60.0000000000
point         1.3762999910        5.0714365360        2.9770414336        0.0000000000      -40.0000000036       59.9999999967
point         1.0060597463        5.2565566584        3.1621615560        0.0000000000        4.9999999916       60.0000000000
point         0.7180951114        5.4005389760        3.3061438736        0.0000000000       40.0000000036       60.0000000033
point         1.0471975512        5.2431130328        3.1344673768        0.9999999989        0.0000000000       60.0000000000
point         1.1089042587        5.2051344023        3.1107392999        0.0000000000       -7.5000000016       60.0000000033
point         1.0471975512        5.2288624792        3.1487179304       -0.9999999989        0.0000000000       60.0000000000
point         0.9854908437        5.2668411097        3.1724460073        0.0000000000        7.5000000016       59.9999999967
point         1.0471975512        5.2538009481        3.1237794614        2.5000000094        0.0000000000       60.0000000000
point         1.0471975512        5.2181745638        3.1594058457       -2.5000000094        0.0000000000       60.0000000000
   |     7   |     34  |   0.30701E-02 |  0.59078E+01  |   0.105E-06 |
point         1.0471975512        5.1647349877        3.2128454219       -9.9999999886        0.0000000000       60.0000000000
point         1.0883353561        5.2154188535        3.1210237511        0.0000000000       -4.9999999916       60.0000000000
point         0.5535438914        5.4828145858        3.3884194834       -0.0000000000       59.9999999983       59.9999999967
point         1.0554251122        5.2318739755        3.1374788731        0.0000000000       -0.9999999983       60.0000000000
point         1.0471975512        5.5209988294        2.8565815802       40.0000000035        0.0000000000       60.0000000000
point         1.0060597463        5.2565566584        3.1621615560        0.0000000000        4.9999999916       60.0000000000
point         1.0471975512        4.9509766826        3.4266037270      -40.0000000035        0.0000000000       60.0000000000
point         1.7054024309        4.9068853161        2.8124902138       -0.0000000000      -79.9999999930       60.0000000000
point         1.0389699902        5.2401015365        3.1457064341        0.0000000000        0.9999999983       60.0000000000
point         1.0471975512        5.6635043661        2.7140760435       60.0000000053        0.0000000000       60.0000000000
point         0.3889926715        5.5650901958        3.4706950934        0.0000000000       79.9999999930       60.0000000000
point         1.0677664537        5.2257033048        3.1313082024        0.0000000000       -2.4999999958       60.0000000000
point         1.8699536509        4.8246097061        2.7302146038       -0.0000000000     -100.0000000019       60.0000000000
point         1.0266286487        5.2462722072        3.1518771048       -0.0000000000        2.4999999958       60.0000000000
point         1.1294731612        5.1948499511        3.1004548487       -0.0000000000       -9.9999999974       60.0000000033
point         1.0471975512        5.2716141401        3.1059662695        4.9999999943       -0.0000000000       60.0000000000
point         1.0471975512        4.8084711459        3.5691092637      -60.0000000053        0.0000000000       60.0000000000
point         0.9649219412        5.2771255609        3.1827304585       -0.0000000000        9.9999999974       59.9999999967
point         1.0471975512        5.2003613719        3.1772190377       -4.9999999943        0.0000000000       60.0000000000
point         1.3762999910        5.0714365360        2.9770414336        0.0000000000      -40.0000000036       59.9999999967
point         1.0471975512        5.8060099028        2.5715705068       80.0000000071        0.0000000000       60.0000000000
point         1.1089042587        5.2051344023        3.1107392999        0.0000000000       -7.5000000016       60.0000000033
point         0.7180951114        5.4005389760        3.3061438736        0.0000000000       40.0000000036       60.0000000033
point         0.9854908437        5.2668411097        3.1724460073        0.0000000000        7.5000000016       59.9999999967
point         1.0471975512        5.2359877560        3.1415926536        0.0000000000        0.0000000000       60.0000000000
point         1.0471975512        5.2431130328        3.1344673768        0.9999999989        0.0000000000       60.0000000000
point         1.0471975512        5.2894273323        3.0881530773        7.5000000037        0.0000000000       60.0000000000
point         1.0471975512        4.6659656092        3.7116148004      -80.0000000071        0.0000000000       60.0000000000
point         1.0471975512        5.2288624792        3.1487179304       -0.9999999989        0.0000000000       60.0000000000
point         1.0471975512        5.1825481797        3.1950322299       -7.5000000037        0.0000000000       60.0000000000
point         1.0471975512        5.9485154395        2.4290649701      100.0000000089        0.0000000000       60.0000000000
point         1.0471975512        5.3072405242        3.0703398853        9.9999999886       -0.0000000000       60.0000000000
point         1.0471975512        5.2538009481        3.1237794614        2.5000000094        0.0000000000       60.0000000000
point         1.0471975512        5.2181745638        3.1594058457       -2.5000000094        0.0000000000       60.0000000000
   |     8   |     34  |   0.30701E-02 |  0.59078E+01  |   0.163E-06 |
point         1.1294731612        5.1948499511        3.1004548487       -0.0000000000       -9.9999999974       60.0000000033
point         1.0471975512        4.8084711459        3.5691092637      -60.0000000053        0.0000000000       60.0000000000
point         1.0471975512        5.2716141401        3.1059662695        4.9999999943       -0.0000000000       60.0000000000
point         1.0554251122        5.2318739755        3.1374788731        0.0000000000       -0.9999999983       60.0000000000
point         0.9649219412        5.2771255609        3.1827304585       -0.0000000000        9.9999999974       59.9999999967
point         1.0471975512        5.8060099028        2.5715705068       80.0000000071        0.0000000000       60.0000000000
point         1.0471975512        5.2003613719        3.1772190377       -4.9999999943        0.0000000000       60.0000000000
point         1.0389699902        5.2401015365        3.1457064341        0.0000000000        0.9999999983       60.0000000000
point         1.0471975512        4.6659656092        3.7116148004      -80.0000000071        0.0000000000       60.0000000000
point         1.0471975512        5.2894273323        3.0881530773        7.5000000037        0.0000000000       60.0000000000
point         1.0677664537        5.2257033048        3.1313082024        0.0000000000       -2.4999999958       60.0000000000
point         1.0471975512        5.1825481797        3.1950322299       -7.5000000037        0.0000000000       60.0000000000
point         1.0266286487        5.2462722072        3.1518771048       -0.0000000000        2.4999999958       60.0000000000
point         1.0471975512        5.1647349877        3.2128454219       -9.9999999886        0.0000000000       60.0000000000
point         1.0471975512        5.3072405242        3.0703398853        9.9999999886       -0.0000000000       60.0000000000
point         0.5535438914        5.4828145858        3.3884194834       -0.0000000000       59.9999999983       59.9999999967
point         1.0883353561        5.2154188535        3.1210237511        0.0000000000       -4.9999999916       60.0000000000
point         1.0471975512        5.2359877560        3.1415926536        0.0000000000        0.0000000000       60.0000000000
point         1.7054024309        4.9068853161        2.8124902138       -0.0000000000      -79.9999999930       60.0000000000
point         1.3762999910        5.0714365360        2.9770414336        0.0000000000      -40.0000000036       59.9999999967
point         1.0060597463        5.2565566584        3.1621615560        0.0000000000        4.9999999916       60.0000000000
point         1.0471975512        5.2431130328        3.1344673768        0.9999999989        0.0000000000       60.0000000000
point         0.3889926715        5.5650901958        3.4706950934        0.0000000000       79.9999999930       60.0000000000
point         1.8699536509        4.8246097061        2.7302146038       -0.0000000000     -100.0000000019       60.0000000000
point         1.1089042587        5.2051344023        3.1107392999        0.0000000000       -7.5000000016       60.0000000033
point         1.0471975512        5.2288624792        3.1487179304       -0.9999999989        0.0000000000       60.0000000000
point         1.0471975512        5.9485154395        2.4290649701      100.0000000089        0.0000000000       60.0000000000
point         0.9854908437        5.2668411097        3.1724460073        0.0000000000        7.5000000016       59.9999999967
point         1.0471975512        5.2538009481        3.1237794614        2.5000000094        0.0000000000       60.0000000000
point         1.0471975512        5.5209988294        2.8565815802       40.0000000035        0.0000000000       60.0000000000
point         1.0471975512        4.9509766826        3.4266037270      -40.0000000035        0.0000000000       60.0000000000
point         1.0471975512        5.2181745638        3.1594058457       -2.5000000094        0.0000000000       60.0000000000
point         1.0471975512        5.6635043661        2.7140760435       60.0000000053        0.0000000000       60.0000000000
point         0.7180951114        5.4005389760        3.3061438736        0.0000000000       40.0000000036       60.0000000033
   |     9   |     34  |   0.30701E-02 |  0.59078E+01  |   0.128E-06 |
point         1.0471975512        5.1647349877        3.2128454219       -9.9999999886        0.0000000000       60.0000000000
point         1.1294731612        5.1948499511        3.1004548487       -0.0000000000       -9.9999999974       60.0000000033
point         1.0471975512        4.8084711459        3.5691092637      -60.0000000053        0.0000000000       60.0000000000
point         0.5535438914        5.4828145858        3.3884194834       -0.0000000000       59.9999999983       59.9999999967
point         1.0883353561        5.2154188535        3.1210237511        0.0000000000       -4.9999999916       60.0000000000
point         1.0554251122        5.2318739755        3.1374788731        0.0000000000       -0.9999999983       60.0000000000
point         0.9649219412        5.2771255609        3.1827304585       -0.0000000000        9.9999999974       59.9999999967
point         1.7054024309        4.9068853161        2.8124902138       -0.0000000000      -79.9999999930       60.0000000000
point         1.3762999910        5.0714365360        2.9770414336        0.0000000000      -40.0000000036       59.9999999967
point         1.0060597463        5.2565566584        3.1621615560        0.0000000000        4.9999999916       60.0000000000
point         1.0389699902        5.2401015365        3.1457064341        0.0000000000        0.9999999983       60.0000000000
point         0.7180951114        5.4005389760        3.3061438736        0.0000000000       40.0000000036       60.0000000033
point         0.3889926715        5.5650901958        3.4706950934        0.0000000000       79.9999999930       60.0000000000
point         1.1089042587        5.2051344023        3.1107392999        0.0000000000       -7.5000000016       60.0000000033
point         1.0677664537        5.2257033048        3.1313082024        0.0000000000       -2.4999999958       60.0000000000
point         1.8699536509        4.8246097061        2.7302146038       -0.0000000000     -100.0000000019       60.0000000000
point         0.9854908437        5.2668411097        3.1724460073        0.0000000000        7.5000000016       59.9999999967
point         1.0266286487        5.2462722072        3.1518771048       -0.0000000000        2.4999999958       60.0000000000
point         1.0471975512        5.5209988294        2.8565815802       40.0000000035        0.0000000000       60.0000000000
point         1.0471975512        5.2716141401        3.1059662695        4.9999999943       -0.0000000000       60.0000000000
point         1.0471975512        5.2359877560        3.1415926536        0.0000000000        0.0000000000       60.0000000000
point         1.0471975512        4.9509766826        3.4266037270      -40.0000000035        0.0000000000       60.0000000000
point         1.0471975512        5.6635043661        2.7140760435       60.0000000053        0.0000000000       60.0000000000
point         1.0471975512        5.2003613719        3.1772190377       -4.9999999943        0.0000000000       60.0000000000
point         1.0471975512        5.8060099028        2.5715705068       80.0000000071        0.0000000000       60.0000000000
point         1.0471975512        5.2431130328        3.1344673768        0.9999999989        0.0000000000       60.0000000000
point         1.0471975512        4.6659656092        3.7116148004      -80.0000000071        0.0000000000       60.0000000000
point         1.0471975512        5.2288624792        3.1487179304       -0.9999999989        0.0000000000       60.0000000000
point         1.0471975512        5.2894273323        3.0881530773        7.5000000037        0.0000000000       60.0000000000
point         1.0471975512        5.9485154395        2.4290649701      100.0000000089        0.0000000000       60.0000000000
point         1.0471975512        5.2538009481        3.1237794614        2.5000000094        0.0000000000       60.0000000000
point         1.0471975512        5.1825481797        3.1950322299       -7.5000000037        0.0000000000       60.0000000000
point         1.0471975512        5.2181745638        3.1594058457       -2.5000000094        0.0000000000       60.0000000000
point         1.0471975512        5.3072405242        3.0703398853        9.9999999886       -0.0000000000       60.0000000000
   |    10   |     34  |   0.30701E-02 |  0.59078E+01  |   0.327E-06 |
point         1.0471975512        5.1647349877        3.2128454219       -9.9999999886        0.0000000000       60.0000000000
point         1.1294731612        5.1948499511        3.1004548487       -0.0000000000       -9.9999999974       60.0000000033
point         0.5535438914        5.4828145858        3.3884194834       -0.0000000000       59.9999999983       59.9999999967
point         1.0471975512        5.2359877560        3.1415926536        0.0000000000        0.0000000000       60.0000000000
point         1.0883353561        5.2154188535        3.1210237511        0.0000000000       -4.9999999916       60.0000000000
point         1.0471975512        5.5209988294        2.8565815802       40.0000000035        0.0000000000       60.0000000000
point         0.9649219412        5.2771255609        3.1827304585       -0.0000000000        9.9999999974       59.9999999967
point         1.0471975512        5.2431130328        3.1344673768        0.9999999989        0.0000000000       60.0000000000
point         1.0471975512        4.9509766826        3.4266037270      -40.0000000035        0.0000000000       60.0000000000
point         1.3762999910        5.0714365360        2.9770414336        0.0000000000      -40.0000000036       59.9999999967
point         1.7054024309        4.9068853161        2.8124902138       -0.0000000000      -79.9999999930       60.0000000000
point         1.0060597463        5.2565566584        3.1621615560        0.0000000000        4.9999999916       60.0000000000
point         1.0471975512        5.6635043661        2.7140760435       60.0000000053        0.0000000000       60.0000000000
point         0.3889926715        5.5650901958        3.4706950934        0.0000000000       79.9999999930       60.0000000000
point         0.7180951114        5.4005389760        3.3061438736        0.0000000000       40.0000000036       60.0000000033
point         1.1089042587        5.2051344023        3.1107392999        0.0000000000       -7.5000000016       60.0000000033
point         1.8699536509        4.8246097061        2.7302146038       -0.0000000000     -100.0000000019       60.0000000000
point         0.9854908437        5.2668411097        3.1724460073        0.0000000000        7.5000000016       59.9999999967
point         1.0471975512        4.8084711459        3.5691092637      -60.0000000053        0.0000000000       60.0000000000
point         1.0554251122        5.2318739755        3.1374788731        0.0000000000       -0.9999999983       60.0000000000
point         1.0471975512        5.2288624792        3.1487179304       -0.9999999989        0.0000000000       60.0000000000
point         1.0471975512        5.8060099028        2.5715705068       80.0000000071        0.0000000000       60.0000000000
point         1.0389699902        5.2401015365        3.1457064341        0.0000000000        0.9999999983       60.0000000000
point         1.0471975512        5.2716141401        3.1059662695        4.9999999943       -0.0000000000       60.0000000000
point         1.0471975512        5.2538009481        3.1237794614        2.5000000094        0.0000000000       60.0000000000
point         1.0471975512        5.2003613719        3.1772190377       -4.9999999943        0.0000000000       60.0000000000
point         1.0677664537        5.2257033048        3.1313082024        0.0000000000       -2.4999999958       60.0000000000
point         1.0471975512        5.2181745638        3.1594058457       -2.5000000094        0.0000000000       60.0000000000
point         1.0471975512        4.6659656092        3.7116148004      -80.0000000071        0.0000000000       60.0000000000
point         1.0471975512        5.2894273323        3.0881530773        7.5000000037        0.0000000000       60.0000000000
point         1.0471975512        5.1825481797        3.1950322299       -7.5000000037        0.0000000000       60.0000000000
point         1.0266286487        5.2462722072        3.1518771048       -0.0000000000        2.4999999958       60.0000000000
point         1.0471975512        5.9485154395        2.4290649701      100.0000000089        0.0000000000       60.0000000000
point         1.0471975512        5.3072405242        3.0703398853        9.9999999886       -0.0000000000       60.0000000000
   |    11   |     34  |   0.30701E-02 |  0.59078E+01  |   0.171E-06 |
point         1.0471975512        5.1647349877        3.2128454219       -9.9999999886        0.0000000000       60.0000000000
point         1.0471975512        5.2716141401        3.1059662695        4.9999999943       -0.0000000000       60.0000000000
point         1.0471975512        5.2359877560        3.1415926536        0.0000000000        0.0000000000       60.0000000000
point         1.0883353561        5.2154188535        3.1210237511        0.0000000000       -4.9999999916       60.0000000000
point         1.1294731612        5.1948499511        3.1004548487       -0.0000000000       -9.9999999974       60.0000000033
point         1.0471975512        4.8084711459        3.5691092637      -60.0000000053        0.0000000000       60.0000000000
point         1.0471975512        5.5209988294        2.8565815802       40.0000000035        0.0000000000       60.0000000000
point         1.0471975512        5.2003613719        3.1772190377       -4.9999999943        0.0000000000       60.0000000000
point         1.0471975512        5.2431130328        3.1344673768        0.9999999989        0.0000000000       60.0000000000
point         1.0471975512        4.9509766826        3.4266037270      -40.0000000035        0.0000000000       60.0000000000
point         1.0471975512        5.2894273323        3.0881530773        7.5000000037        0.0000000000       60.0000000000
point         1.0060597463        5.2565566584        3.1621615560        0.0000000000        4.9999999916       60.0000000000
point         0.9649219412        5.2771255609        3.1827304585       -0.0000000000        9.9999999974       59.9999999967
point         1.0471975512        5.8060099028        2.5715705068       80.0000000071        0.0000000000       60.0000000000
point         1.0471975512        5.6635043661        2.7140760435       60.0000000053        0.0000000000       60.0000000000
point         1.0471975512        5.1825481797        3.1950322299       -7.5000000037        0.0000000000       60.0000000000
point         1.0471975512        5.2288624792        3.1487179304       -0.9999999989        0.0000000000       60.0000000000
point         1.3762999910        5.0714365360        2.9770414336        0.0000000000      -40.0000000036       59.9999999967
point         1.0471975512        4.6659656092        3.7116148004      -80.0000000071        0.0000000000       60.0000000000
point         1.1089042587        5.2051344023        3.1107392999        0.0000000000       -7.5000000016       60.0000000033
point         1.0471975512        5.3072405242        3.0703398853        9.9999999886       -0.0000000000       60.0000000000
point         1.0471975512        5.9485154395        2.4290649701      100.0000000089        0.0000000000       60.0000000000
point         1.0471975512        5.2538009481        3.1237794614        2.5000000094        0.0000000000       60.0000000000
point         0.7180951114        5.4005389760        3.3061438736        0.0000000000       40.0000000036       60.0000000033
point         0.9854908437        5.2668411097        3.1724460073        0.0000000000        7.5000000016       59.9999999967
point         1.0471975512        5.2181745638        3.1594058457       -2.5000000094        0.0000000000       60.0000000000
point         0.5535438914        5.4828145858        3.3884194834       -0.0000000000       59.9999999983       59.9999999967
point         1.0554251122        5.2318739755        3.1374788731        0.0000000000       -0.9999999983       60.0000000000
point         1.7054024309        4.9068853161        2.8124902138       -0.0000000000      -79.9999999930       60.0000000000
point         1.0389699902        5.2401015365        3.1457064341        0.0000000000        0.9999999983       60.0000000000
point         0.3889926715        5.5650901958        3.4706950934        0.0000000000       79.9999999930       60.0000000000
point         1.0677664537        5.2257033048        3.1313082024        0.0000000000       -2.4999999958       60.0000000000
point         1.8699536509        4.8246097061        2.7302146038       -0.0000000000     -100.0000000019       60.0000000000
point         1.0266286487        5.2462722072        3.1518771048       -0.0000000000        2.4999999958       60.0000000000
   |    12   |     34  |   0.30701E-02 |  0.59078E+01  |   0.276E-06 |
point         1.0471975512        5.2716141401        3.1059662695        4.9999999943       -0.0000000000       60.0000000000
point         1.1294731612        5.1948499511        3.1004548487       -0.0000000000       -9.9999999974       60.0000000033
point         0.5535438914        5.4828145858        3.3884194834       -0.0000000000       59.9999999983       59.9999999967
point         1.0471975512        5.2003613719        3.1772190377       -4.9999999943        0.0000000000       60.0000000000
point         1.0471975512        5.2894273323        3.0881530773        7.5000000037        0.0000000000       60.0000000000
point         0.9649219412        5.2771255609        3.1827304585       -0.0000000000        9.9999999974       59.9999999967
point         1.7054024309        4.9068853161        2.8124902138       -0.0000000000      -79.9999999930       60.0000000000
point         1.0471975512        5.1825481797        3.1950322299       -7.5000000037        0.0000000000       60.0000000000
point         1.3762999910        5.0714365360        2.9770414336        0.0000000000      -40.0000000036       59.9999999967
point         0.3889926715        5.5650901958        3.4706950934        0.0000000000       79.9999999930       60.0000000000
point         1.0471975512        5.3072405242        3.0703398853        9.9999999886       -0.0000000000       60.0000000000
point         0.7180951114        5.4005389760        3.3061438736        0.0000000000       40.0000000036       60.0000000033
point         1.8699536509        4.8246097061        2.7302146038       -0.0000000000     -100.0000000019       60.0000000000
point         1.0471975512        5.1647349877        3.2128454219       -9.9999999886        0.0000000000       60.0000000000
point         1.0471975512        5.2359877560        3.1415926536        0.0000000000        0.0000000000       60.0000000000
point         1.0471975512        5.5209988294        2.8565815802       40.0000000035        0.0000000000       60.0000000000
point         1.0554251122        5.2318739755        3.1374788731        0.0000000000       -0.9999999983       60.0000000000
point         1.0471975512        4.8084711459        3.5691092637      -60.0000000053        0.0000000000       60.0000000000
point         1.0471975512        4.9509766826        3.4266037270      -40.0000000035        0.0000000000       60.0000000000
point         1.0471975512        5.2431130328        3.1344673768        0.9999999989        0.0000000000       60.0000000000
point         1.0471975512        5.6635043661        2.7140760435       60.0000000053        0.0000000000       60.0000000000
point         1.0471975512        5.8060099028        2.5715705068       80.0000000071        0.0000000000       60.0000000000
point         1.0471975512        5.2288624792        3.1487179304       -0.9999999989        0.0000000000       60.0000000000
point         1.0389699902        5.2401015365        3.1457064341        0.0000000000        0.9999999983       60.0000000000
point         1.0471975512        5.2538009481        3.1237794614        2.5000000094        0.0000000000       60.0000000000
point         1.0471975512        4.6659656092        3.7116148004      -80.0000000071        0.0000000000       60.0000000000
point         1.0677664537        5.2257033048        3.1313082024        0.0000000000       -2.4999999958       60.0000000000
point         1.0471975512        5.9485154395        2.4290649701      100.0000000089        0.0000000000       60.0000000000
point         1.0883353561        5.2154188535        3.1210237511        0.0000000000       -4.9999999916       60.0000000000
point         1.0266286487        5.2462722072        3.1518771048       -0.0000000000        2.4999999958       60.0000000000
point         1.0060597463        5.2565566584        3.1621615560        0.0000000000        4.9999999916       60.0000000000
point         1.1089042587        5.2051344023        3.1107392999        0.0000000000       -7.5000000016       60.0000000033
point         0.9854908437        5.2668411097        3.1724460073        0.0000000000        7.5000000016       59.9999999967
point         1.0471975512        5.2181745638        3.1594058457       -2.5000000094        0.0000000000       60.0000000000
   |    13   |     34  |   0.30701E-02 |  0.59078E+01  |   0.328E-07 |
point         1.0471975512        5.1647349877        3.2128454219       -9.9999999886        0.0000000000       60.0000000000
point         1.0471975512        5.2716141401        3.1059662695        4.9999999943       -0.0000000000       60.0000000000
point         1.0554251122        5.2318739755        3.1374788731        0.0000000000       -0.9999999983       60.0000000000
point         1.1294731612        5.1948499511        3.1004548487       -0.0000000000       -9.9999999974       60.0000000033
point         0.5535438914        5.4828145858        3.3884194834       -0.0000000000       59.9999999983       59.9999999967
point         1.0471975512        4.8084711459        3.5691092637      -60.0000000053        0.0000000000       60.0000000000
point         1.0471975512        5.5209988294        2.8565815802       40.0000000035        0.0000000000       60.0000000000
point         1.0471975512        5.2003613719        3.1772190377       -4.9999999943        0.0000000000       60.0000000000
point         0.9649219412        5.2771255609        3.1827304585       -0.0000000000        9.9999999974       59.9999999967
point         1.0471975512        4.9509766826        3.4266037270      -40.0000000035        0.0000000000       60.0000000000
point         1.0471975512        5.2894273323        3.0881530773        7.5000000037        0.0000000000       60.0000000000
point         1.0471975512        5.8060099028        2.5715705068       80.0000000071        0.0000000000       60.0000000000
point         1.0389699902        5.2401015365        3.1457064341        0.0000000000        0.9999999983       60.0000000000
point         1.7054024309        4.9068853161        2.8124902138       -0.0000000000      -79.9999999930       60.0000000000
point         1.0471975512        5.6635043661        2.7140760435       60.0000000053        0.0000000000       60.0000000000
point         1.0471975512        5.1825481797        3.1950322299       -7.5000000037        0.0000000000       60.0000000000
point         1.3762999910        5.0714365360        2.9770414336        0.0000000000      -40.0000000036       59.9999999967
point         1.0471975512        4.6659656092        3.7116148004      -80.0000000071        0.0000000000       60.0000000000
point         1.0677664537        5.2257033048        3.1313082024        0.0000000000       -2.4999999958       60.0000000000
point         1.0471975512        5.3072405242        3.0703398853        9.9999999886       -0.0000000000       60.0000000000
point         0.3889926715        5.5650901958        3.4706950934        0.0000000000       79.9999999930       60.0000000000
point         0.7180951114        5.4005389760        3.3061438736        0.0000000000       40.0000000036       60.0000000033
point         1.0471975512        5.9485154395        2.4290649701      100.0000000089        0.0000000000       60.0000000000
point         1.0266286487        5.2462722072        3.1518771048       -0.0000000000        2.4999999958       60.0000000000
point         1.8699536509        4.8246097061        2.7302146038       -0.0000000000     -100.0000000019       60.0000000000
point         1.0471975512        5.2359877560        3.1415926536        0.0000000000        0.0000000000       60.0000000000
point         1.0883353561        5.2154188535        3.1210237511        0.0000000000       -4.9999999916       60.0000000000
point         1.0060597463        5.2565566584        3.1621615560        0.0000000000        4.9999999916       60.0000000000
point         1.0471975512        5.2431130328        3.1344673768        0.9999999989        0.0000000000       60.0000000000
point         1.1089042587        5.2051344023        3.1107392999        0.0000000000       -7.5000000016       60.0000000033
point         1.0471975512        5.2288624792        3.1487179304       -0.9999999989        0.0000000000       60.0000000000
point         0.9854908437        5.2668411097        3.1724460073        0.0000000000        7.5000000016       59.9999999967
point         1.0471975512        5.2538009481        3.1237794614        2.5000000094        0.0000000000       60.0000000000
point         1.0471975512        5.2181745638        3.1594058457       -2.5000000094        0.0000000000       60.0000000000
   |    14   |     34  |   0.30701E-02 |  0.59078E+01  |   0.955E-08 |
point         1.0471975512        5.2716141401        3.1059662695        4.9999999943       -0.0000000000       60.0000000000
point         1.0883353561        5.2154188535        3.1210237511        0.0000000000       -4.9999999916       60.0000000000
point         0.5535438914        5.4828145858        3.3884194834       -0.0000000000       59.9999999983       59.9999999967
point         1.0471975512        5.2003613719        3.1772190377       -4.9999999943        0.0000000000       60.0000000000
point         1.0060597463        5.2565566584        3.1621615560        0.0000000000        4.9999999916       60.0000000000
point         1.0471975512        5.2894273323        3.0881530773        7.5000000037        0.0000000000       60.0000000000
point         1.7054024309        4.9068853161        2.8124902138       -0.0000000000      -79.9999999930       60.0000000000
point         1.1089042587        5.2051344023        3.1107392999        0.0000000000       -7.5000000016       60.0000000033
point         1.0471975512        5.1825481797        3.1950322299       -7.5000000037        0.0000000000       60.0000000000
point         0.3889926715        5.5650901958        3.4706950934        0.0000000000       79.9999999930       60.0000000000
point         1.0471975512        5.3072405242        3.0703398853        9.9999999886       -0.0000000000       60.0000000000
point         1.8699536509        4.8246097061        2.7302146038       -0.0000000000     -100.0000000019       60.0000000000
point         1.0471975512        5.1647349877        3.2128454219       -9.9999999886        0.0000000000       60.0000000000
point         1.0471975512        5.2359877560        3.1415926536        0.0000000000        0.0000000000       60.0000000000
point         1.1294731612        5.1948499511        3.1004548487       -0.0000000000       -9.9999999974       60.0000000033
point         1.0471975512        4.8084711459        3.5691092637      -60.0000000053        0.0000000000       60.0000000000
point         1.0554251122        5.2318739755        3.1374788731        0.0000000000       -0.9999999983       60.0000000000
point         1.0471975512        5.2431130328        3.1344673768        0.9999999989        0.0000000000       60.0000000000
point         1.0471975512        5.5209988294        2.8565815802       40.0000000035        0.0000000000       60.0000000000
point         0.9649219412        5.2771255609        3.1827304585       -0.0000000000        9.9999999974       59.9999999967
point         1.0471975512        5.8060099028        2.5715705068       80.0000000071        0.0000000000       60.0000000000
point         1.0389699902        5.2401015365        3.1457064341        0.0000000000        0.9999999983       60.0000000000
point         1.0471975512        4.9509766826        3.4266037270      -40.0000000035        0.0000000000       60.0000000000
point         1.3762999910        5.0714365360        2.9770414336        0.0000000000      -40.0000000036       59.9999999967
point         1.0471975512        5.6635043661        2.7140760435       60.0000000053        0.0000000000       60.0000000000
point         0.9854908437        5.2668411097        3.1724460073        0.0000000000        7.5000000016       59.9999999967
point         1.0677664537        5.2257033048        3.1313082024        0.0000000000       -2.4999999958       60.0000000000
point         1.0471975512        4.6659656092        3.7116148004      -80.0000000071        0.0000000000       60.0000000000
point         0.7180951114        5.4005389760        3.3061438736        0.0000000000       40.0000000036       60.0000000033
point         1.0266286487        5.2462722072        3.1518771048       -0.0000000000        2.4999999958       60.0000000000
point         1.0471975512        5.9485154395        2.4290649701      100.0000000089        0.0000000000       60.0000000000
point         1.0471975512        5.2288624792        3.1487179304       -0.9999999989        0.0000000000       60.0000000000
point         1.0471975512        5.2538009481        3.1237794614        2.5000000094        0.0000000000       60.0000000000
point         1.0471975512        5.2181745638        3.1594058457       -2.5000000094        0.0000000000       60.0000000000
   |    15   |     34  |   0.30701E-02 |  0.59078E+01  |   0.360E-06 |
point         1.0471975512        5.2716141401        3.1059662695        4.9999999943       -0.0000000000       60.0000000000
point         1.0471975512        5.1647349877        3.2128454219       -9.9999999886        0.0000000000       60.0000000000
point         1.0471975512        5.2359877560        3.1415926536        0.0000000000        0.0000000000       60.0000000000
point         0.5535438914        5.4828145858        3.3884194834       -0.0000000000       59.9999999983       59.9999999967
point         1.0471975512        4.8084711459        3.5691092637      -60.0000000053        0.0000000000       60.0000000000
point         1.1294731612        5.1948499511        3.1004548487       -0.0000000000       -9.9999999974       60.0000000033
point         1.0471975512        5.2003613719        3.1772190377       -4.9999999943        0.0000000000       60.0000000000
point         1.0471975512        5.5209988294        2.8565815802       40.0000000035        0.0000000000       60.0000000000
point         1.0471975512        5.2431130328        3.1344673768        0.9999999989        0.0000000000       60.0000000000
point         1.0471975512        5.2894273323        3.0881530773        7.5000000037        0.0000000000       60.0000000000
point         1.0471975512        5.8060099028        2.5715705068       80.0000000071        0.0000000000       60.0000000000
point         1.0471975512        4.9509766826        3.4266037270      -40.0000000035        0.0000000000       60.0000000000
point         0.9649219412        5.2771255609        3.1827304585       -0.0000000000        9.9999999974       59.9999999967
point         1.7054024309        4.9068853161        2.8124902138       -0.0000000000      -79.9999999930       60.0000000000
point         1.0471975512        5.2288624792        3.1487179304       -0.9999999989        0.0000000000       60.0000000000
point         1.0471975512        5.6635043661        2.7140760435       60.0000000053        0.0000000000       60.0000000000
point         1.0471975512        5.1825481797        3.1950322299       -7.5000000037        0.0000000000       60.0000000000
point         1.3762999910        5.0714365360        2.9770414336        0.0000000000      -40.0000000036       59.9999999967
point         1.0471975512        4.6659656092        3.7116148004      -80.0000000071        0.0000000000       60.0000000000
point         1.0471975512        5.2538009481        3.1237794614        2.5000000094        0.0000000000       60.0000000000
point         0.3889926715        5.5650901958        3.4706950934        0.0000000000       79.9999999930       60.0000000000
point         1.0471975512        5.3072405242        3.0703398853        9.9999999886       -0.0000000000       60.0000000000
point         0.7180951114        5.4005389760        3.3061438736        0.0000000000       40.0000000036       60.0000000033
point         1.0471975512        5.9485154395        2.4290649701      100.0000000089        0.0000000000       60.0000000000
point         1.0883353561        5.2154188535        3.1210237511        0.0000000000       -4.9999999916       60.0000000000
point         1.0060597463        5.2565566584        3.1621615560        0.0000000000        4.9999999916       60.0000000000
point         1.1089042587        5.2051344023        3.1107392999        0.0000000000       -7.5000000016       60.0000000033
point         0.9854908437        5.2668411097        3.1724460073        0.0000000000        7.5000000016       59.9999999967
point         1.0554251122        5.2318739755        3.1374788731        0.0000000000       -0.9999999983       60.0000000000
point         1.0471975512        5.2181745638        3.1594058457       -2.5000000094        0.0000000000       60.0000000000
point         1.8699536509        4.8246097061        2.7302146038       -0.0000000000     -100.0000000019       60.0000000000
point         1.0389699902        5.2401015365        3.1457064341        0.0000000000        0.9999999983       60.0000000000
point         1.0677664537        5.2257033048        3.1313082024        0.0000000000       -2.4999999958       60.0000000000
point         1.0266286487        5.2462722072        3.1518771048       -0.0000000000        2.4999999958       60.0000000000
   |    16   |     34  |   0.30701E-02 |  0.59078E+01  |   0.294E-06 |
point         1.0471975512        5.2716141401        3.1059662695        4.9999999943       -0.0000000000       60.0000000000
point         1.0471975512        5.1647349877        3.2128454219       -9.9999999886        0.0000000000       60.0000000000
point         1.0883353561        5.2154188535        3.1210237511        0.0000000000       -4.9999999916       60.0000000000
point         1.0471975512        5.2359877560        3.1415926536        0.0000000000        0.0000000000       60.0000000000
point         0.5535438914        5.4828145858        3.3884194834       -0.0000000000       59.9999999983       59.9999999967
point         1.0471975512        4.8084711459        3.5691092637      -60.0000000053        0.0000000000       60.0000000000
point         1.0471975512        5.2003613719        3.1772190377       -4.9999999943        0.0000000000       60.0000000000
point         1.0471975512        5.5209988294        2.8565815802       40.0000000035        0.0000000000       60.0000000000
point         1.0471975512        5.2431130328        3.1344673768        0.9999999989        0.0000000000       60.0000000000
point         1.0471975512        5.2894273323        3.0881530773        7.5000000037        0.0000000000       60.0000000000
point         1.0471975512        5.8060099028        2.5715705068       80.0000000071        0.0000000000       60.0000000000
point         1.7054024309        4.9068853161        2.8124902138       -0.0000000000      -79.9999999930       60.0000000000
point         1.0471975512        4.9509766826        3.4266037270      -40.0000000035        0.0000000000       60.0000000000
point         1.0471975512        5.1825481797        3.1950322299       -7.5000000037        0.0000000000       60.0000000000
point         1.0471975512        5.2288624792        3.1487179304       -0.9999999989        0.0000000000       60.0000000000
point         1.0471975512        4.6659656092        3.7116148004      -80.0000000071        0.0000000000       60.0000000000
point         1.0471975512        5.6635043661        2.7140760435       60.0000000053        0.0000000000       60.0000000000
point         0.3889926715        5.5650901958        3.4706950934        0.0000000000       79.9999999930       60.0000000000
point         1.0471975512        5.2538009481        3.1237794614        2.5000000094        0.0000000000       60.0000000000
point         1.0471975512        5.9485154395        2.4290649701      100.0000000089        0.0000000000       60.0000000000
point         1.0471975512        5.2181745638        3.1594058457       -2.5000000094        0.0000000000       60.0000000000
point         1.8699536509        4.8246097061        2.7302146038       -0.0000000000     -100.0000000019       60.0000000000
point         1.1294731612        5.1948499511        3.1004548487       -0.0000000000       -9.9999999974       60.0000000033
point         1.0554251122        5.2318739755        3.1374788731        0.0000000000       -0.9999999983       60.0000000000
point         1.0060597463        5.2565566584        3.1621615560        0.0000000000        4.9999999916       60.0000000000
point         1.0389699902        5.2401015365        3.1457064341        0.0000000000        0.9999999983       60.0000000000
point         0.9649219412        5.2771255609        3.1827304585       -0.0000000000        9.9999999974       59.9999999967
point         1.0471975512        5.3072405242        3.0703398853        9.9999999886       -0.0000000000       60.0000000000
point         1.1089042587        5.2051344023        3.1107392999        0.0000000000       -7.5000000016       60.0000000033
point         1.0677664537        5.2257033048        3.1313082024        0.0000000000       -2.4999999958       60.0000000000
point         1.3762999910        5.0714365360        2.9770414336        0.0000000000      -40.0000000036       59.9999999967
point         0.9854908437        5.2668411097        3.1724460073        0.0000000000        7.5000000016       59.9999999967
point         1.0266286487        5.2462722072        3.1518771048       -0.0000000000        2.4999999958       60.0000000000
point         0.7180951114        5.4005389760        3.3061438736        0.0000000000       40.0000000036       60.0000000033
   |    17   |     34  |   0.30701E-02 |  0.59078E+01  |   0.284E-07 |
point         1.0471975512        5.1647349877        3.2128454219       -9.9999999886        0.0000000000       60.0000000000
point         1.0471975512        5.2716141401        3.1059662695        4.9999999943       -0.0000000000       60.0000000000
point         1.0471975512        5.2359877560        3.1415926536        0.0000000000        0.0000000000       60.0000000000
point         1.0883353561        5.2154188535        3.1210237511        0.0000000000       -4.9999999916       60.0000000000
point         0.5535438914        5.4828145858        3.3884194834       -0.0000000000       59.9999999983       59.9999999967
point         1.0471975512        5.5209988294        2.8565815802       40.0000000035        0.0000000000       60.0000000000
point         1.0471975512        5.2003613719        3.1772190377       -4.9999999943        0.0000000000       60.0000000000
point         1.0471975512        5.2431130328        3.1344673768        0.9999999989        0.0000000000       60.0000000000
point         1.0060597463        5.2565566584        3.1621615560        0.0000000000        4.9999999916       60.0000000000
point         1.0471975512        5.2894273323        3.0881530773        7.5000000037        0.0000000000       60.0000000000
point         1.7054024309        4.9068853161        2.8124902138       -0.0000000000      -79.9999999930       60.0000000000
point         1.0471975512        5.1825481797        3.1950322299       -7.5000000037        0.0000000000       60.0000000000
point         0.3889926715        5.5650901958        3.4706950934        0.0000000000       79.9999999930       60.0000000000
point         1.1089042587        5.2051344023        3.1107392999        0.0000000000       -7.5000000016       60.0000000033
point         1.0471975512        5.3072405242        3.0703398853        9.9999999886       -0.0000000000       60.0000000000
point         1.8699536509        4.8246097061        2.7302146038       -0.0000000000     -100.0000000019       60.0000000000
point         0.9854908437        5.2668411097        3.1724460073        0.0000000000        7.5000000016       59.9999999967
point         1.0471975512        4.8084711459        3.5691092637      -60.0000000053        0.0000000000       60.0000000000
point         1.1294731612        5.1948499511        3.1004548487       -0.0000000000       -9.9999999974       60.0000000033
point         1.0471975512        4.9509766826        3.4266037270      -40.0000000035        0.0000000000       60.0000000000
point         1.0471975512        5.8060099028        2.5715705068       80.0000000071        0.0000000000       60.0000000000
point         1.0471975512        5.6635043661        2.7140760435       60.0000000053        0.0000000000       60.0000000000
point         1.0471975512        5.2288624792        3.1487179304       -0.9999999989        0.0000000000       60.0000000000
point         1.0471975512        4.6659656092        3.7116148004      -80.0000000071        0.0000000000       60.0000000000
point         1.0471975512        5.2538009481        3.1237794614        2.5000000094        0.0000000000       60.0000000000
point         1.0471975512        5.9485154395        2.4290649701      100.0000000089        0.0000000000       60.0000000000
point         1.0471975512        5.2181745638        3.1594058457       -2.5000000094        0.0000000000       60.0000000000
point         1.0554251122        5.2318739755        3.1374788731        0.0000000000       -0.9999999983       60.0000000000
point         1.0389699902        5.2401015365        3.1457064341        0.0000000000        0.9999999983       60.0000000000
point         0.9649219412        5.2771255609        3.1827304585       -0.0000000000        9.9999999974       59.9999999967
point         1.0677664537        5.2257033048        3.1313082024        0.0000000000       -2.4999999958       60.0000000000
point         1.3762999910        5.0714365360        2.9770414336        0.0000000000      -40.0000000036       59.9999999967
point         1.0266286487        5.2462722072        3.1518771048       -0.0000000000        2.4999999958       60.0000000000
point         0.7180951114        5.4005389760        3.3061438736        0.0000000000       40.0000000036       60.0000000033
   |    18   |     34  |   0.30701E-02 |  0.59078E+01  |   0.120E-07 |
point         1.0471975512        5.2716141401        3.1059662695        4.9999999943       -0.0000000000       60.0000000000
point         1.0471975512        5.1647349877        3.2128454219       -9.9999999886        0.0000000000       60.0000000000
point         1.0554251122        5.2318739755        3.1374788731        0.0000000000       -0.9999999983       60.0000000000
point         1.1294731612        5.1948499511        3.1004548487       -0.0000000000       -9.9999999974       60.0000000033
point         1.0471975512        5.2359877560        3.1415926536        0.0000000000        0.0000000000       60.0000000000
point         1.0471975512        5.2003613719        3.1772190377       -4.9999999943        0.0000000000       60.0000000000
point         1.0471975512        5.5209988294        2.8565815802       40.0000000035        0.0000000000       60.0000000000
point         0.9649219412        5.2771255609        3.1827304585       -0.0000000000        9.9999999974       59.9999999967
point         1.0471975512        5.2431130328        3.1344673768        0.9999999989        0.0000000000       60.0000000000
point         1.0471975512        5.2894273323        3.0881530773        7.5000000037        0.0000000000       60.0000000000
point         1.0471975512        4.9509766826        3.4266037270      -40.0000000035        0.0000000000       60.0000000000
point         1.0389699902        5.2401015365        3.1457064341        0.0000000000        0.9999999983       60.0000000000
point         1.0471975512        5.2288624792        3.1487179304       -0.9999999989        0.0000000000       60.0000000000
point         1.3762999910        5.0714365360        2.9770414336        0.0000000000      -40.0000000036       59.9999999967
point         1.0471975512        5.2538009481        3.1237794614        2.5000000094        0.0000000000       60.0000000000
point         1.0677664537        5.2257033048        3.1313082024        0.0000000000       -2.4999999958       60.0000000000
point         0.7180951114        5.4005389760        3.3061438736        0.0000000000       40.0000000036       60.0000000033
point         1.0471975512        5.2181745638        3.1594058457       -2.5000000094        0.0000000000       60.0000000000
point         1.0266286487        5.2462722072        3.1518771048       -0.0000000000        2.4999999958       60.0000000000
point         1.0883353561        5.2154188535        3.1210237511        0.0000000000       -4.9999999916       60.0000000000
point         0.5535438914        5.4828145858        3.3884194834       -0.0000000000       59.9999999983       59.9999999967
point         1.0471975512        4.8084711459        3.5691092637      -60.0000000053        0.0000000000       60.0000000000
point         1.0471975512        5.8060099028        2.5715705068       80.0000000071        0.0000000000       60.0000000000
point         1.0060597463        5.2565566584        3.1621615560        0.0000000000        4.9999999916       60.0000000000
point         1.0471975512        5.1825481797        3.1950322299       -7.5000000037        0.0000000000       60.0000000000
point         1.7054024309        4.9068853161        2.8124902138       -0.0000000000      -79.9999999930       60.0000000000
point         1.0471975512        4.6659656092        3.7116148004      -80.0000000071        0.0000000000       60.0000000000
point         1.0471975512        5.3072405242        3.0703398853        9.9999999886       -0.0000000000       60.0000000000
point         1.1089042587        5.2051344023        3.1107392999        0.0000000000       -7.5000000016       60.0000000033
point         0.3889926715        5.5650901958        3.4706950934        0.0000000000       79.9999999930       60.0000000000
point         1.0471975512        5.9485154395        2.4290649701      100.0000000089        0.0000000000       60.0000000000
point         0.9854908437        5.2668411097        3.1724460073        0.0000000000        7.5000000016       59.9999999967
point         1.8699536509        4.8246097061        2.7302146038       -0.0000000000     -100.0000000019       60.0000000000
point         1.0471975512        5.6635043661        2.7140760435       60.0000000053        0.0000000000       60.0000000000
   |    19   |     34  |   0.30701E-02 |  0.59078E+01  |   0.183E-06 |
point         1.0471975512        5.1647349877        3.2128454219       -9.9999999886        0.0000000000       60.0000000000
point         1.0471975512        5.2359877560        3.1415926536        0.0000000000        0.0000000000       60.0000000000
point         0.5535438914        5.4828145858        3.3884194834       -0.0000000000       59.9999999983       59.9999999967
point         1.0471975512        5.5209988294        2.8565815802       40.0000000035        0.0000000000       60.0000000000
point         1.0471975512        5.2431130328        3.1344673768        0.9999999989        0.0000000000       60.0000000000
point         1.7054024309        4.9068853161        2.8124902138       -0.0000000000      -79.9999999930       60.0000000000
point         1.0471975512        4.9509766826        3.4266037270      -40.0000000035        0.0000000000       60.0000000000
point         1.0471975512        5.2288624792        3.1487179304       -0.9999999989        0.0000000000       60.0000000000
point         0.3889926715        5.5650901958        3.4706950934        0.0000000000       79.9999999930       60.0000000000
point         1.0471975512        5.6635043661        2.7140760435       60.0000000053        0.0000000000       60.0000000000
point         1.0471975512        5.2538009481        3.1237794614        2.5000000094        0.0000000000       60.0000000000
point         1.8699536509        4.8246097061        2.7302146038       -0.0000000000     -100.0000000019       60.0000000000
point         1.0471975512        5.2181745638        3.1594058457       -2.5000000094        0.0000000000       60.0000000000
point         1.0471975512        5.2716141401        3.1059662695        4.9999999943       -0.0000000000       60.0000000000
point         1.0883353561        5.2154188535        3.1210237511        0.0000000000       -4.9999999916       60.0000000000
point         1.0471975512        4.8084711459        3.5691092637      -60.0000000053        0.0000000000       60.0000000000
point         1.0471975512        5.2003613719        3.1772190377       -4.9999999943        0.0000000000       60.0000000000
point         1.0554251122        5.2318739755        3.1374788731        0.0000000000       -0.9999999983       60.0000000000
point         1.0471975512        5.2894273323        3.0881530773        7.5000000037        0.0000000000       60.0000000000
point         1.0060597463        5.2565566584        3.1621615560        0.0000000000        4.9999999916       60.0000000000
point         1.0389699902        5.2401015365        3.1457064341        0.0000000000        0.9999999983       60.0000000000
point         1.0471975512        5.1825481797        3.1950322299       -7.5000000037        0.0000000000       60.0000000000
point         1.1089042587        5.2051344023        3.1107392999        0.0000000000       -7.5000000016       60.0000000033
point         1.0471975512        5.3072405242        3.0703398853        9.9999999886       -0.0000000000       60.0000000000
point         0.9854908437        5.2668411097        3.1724460073        0.0000000000        7.5000000016       59.9999999967
point         1.1294731612        5.1948499511        3.1004548487       -0.0000000000       -9.9999999974       60.0000000033
point         1.0471975512        5.8060099028        2.5715705068       80.0000000071        0.0000000000       60.0000000000
point         0.9649219412        5.2771255609        3.1827304585       -0.0000000000        9.9999999974       59.9999999967
point         1.3762999910        5.0714365360        2.9770414336        0.0000000000      -40.0000000036       59.9999999967
point         1.0471975512        4.6659656092        3.7116148004      -80.0000000071        0.0000000000       60.0000000000
point         1.0677664537        5.2257033048        3.1313082024        0.0000000000       -2.4999999958       60.0000000000
point         0.7180951114        5.4005389760        3.3061438736        0.0000000000       40.0000000036       60.0000000033
point         1.0266286487        5.2462722072        3.1518771048       -0.0000000000        2.4999999958       60.0000000000
point         1.0471975512        5.9485154395        2.4290649701      100.0000000089        0.0000000000       60.0000000000
   |    20   |     34  |   0.30701E-02 |  0.59078E+01  |   0.536E-07 |
point         1.0471975512        5.2716141401        3.1059662695        4.9999999943       -0.0000000000       60.0000000000
point         1.0883353561        5.2154188535        3.1210237511        0.0000000000       -4.9999999916       60.0000000000
point         0.5535438914        5.4828145858        3.3884194834       -0.0000000000       59.9999999983       59.9999999967
point         1.0471975512        4.8084711459        3.5691092637      -60.0000000053        0.0000000000       60.0000000000
point         1.0554251122        5.2318739755        3.1374788731        0.0000000000       -0.9999999983       60.0000000000
point         1.0471975512        5.2003613719        3.1772190377       -4.9999999943        0.0000000000       60.0000000000
point         1.0471975512        5.8060099028        2.5715705068       80.0000000071        0.0000000000       60.0000000000
point         1.0060597463        5.2565566584        3.1621615560        0.0000000000        4.9999999916       60.0000000000
point         1.0471975512        5.2894273323        3.0881530773        7.5000000037        0.0000000000       60.0000000000
point         1.0389699902        5.2401015365        3.1457064341        0.0000000000        0.9999999983       60.0000000000
point         1.7054024309        4.9068853161        2.8124902138       -0.0000000000      -79.9999999930       60.0000000000
point         1.1089042587        5.2051344023        3.1107392999        0.0000000000       -7.5000000016       60.0000000033
point         1.0471975512        5.1825481797        3.1950322299       -7.5000000037        0.0000000000       60.0000000000
point         1.0471975512        4.6659656092        3.7116148004      -80.0000000071        0.0000000000       60.0000000000
point         1.0677664537        5.2257033048        3.1313082024        0.0000000000       -2.4999999958       60.0000000000
point         0.3889926715        5.5650901958        3.4706950934        0.0000000000       79.9999999930       60.0000000000
point         0.9854908437        5.2668411097        3.1724460073        0.0000000000        7.5000000016       59.9999999967
point         1.0471975512        5.3072405242        3.0703398853        9.9999999886       -0.0000000000       60.0000000000
point         1.0266286487        5.2462722072        3.1518771048       -0.0000000000        2.4999999958       60.0000000000
point         1.0471975512        5.9485154395        2.4290649701      100.0000000089        0.0000000000       60.0000000000
point         1.0471975512        5.1647349877        3.2128454219       -9.9999999886        0.0000000000       60.0000000000
point         1.8699536509        4.8246097061        2.7302146038       -0.0000000000     -100.0000000019       60.0000000000
point         1.0471975512        5.2359877560        3.1415926536        0.0000000000        0.0000000000       60.0000000000
point         1.0471975512        5.5209988294        2.8565815802       40.0000000035        0.0000000000       60.0000000000
point         1.1294731612        5.1948499511        3.1004548487       -0.0000000000       -9.9999999974       60.0000000033
point         1.0471975512        4.9509766826        3.4266037270      -40.0000000035        0.0000000000       60.0000000000
point         1.0471975512        5.2431130328        3.1344673768        0.9999999989        0.0000000000       60.0000000000
point         1.0471975512        5.6635043661        2.7140760435       60.0000000053        0.0000000000       60.0000000000
point         0.9649219412        5.2771255609        3.1827304585       -0.0000000000        9.9999999974       59.9999999967
point         1.0471975512        5.2288624792        3.1487179304       -0.9999999989        0.0000000000       60.0000000000
point         1.3762999910        5.0714365360        2.9770414336        0.0000000000      -40.0000000036       59.9999999967
point         1.0471975512        5.2538009481        3.1237794614        2.5000000094        0.0000000000       60.0000000000
point         0.7180951114        5.4005389760        3.3061438736        0.0000000000       40.0000000036       60.0000000033
point         1.0471975512        5.2181745638        3.1594058457       -2.5000000094        0.0000000000       60.0000000000
   |    21   |     34  |   0.30701E-02 |  0.59078E+01  |   0.210E-07 |
point         1.0471975512        5.1647349877        3.2128454219       -9.9999999886        0.0000000000       60.0000000000
point         1.1294731612        5.1948499511        3.1004548487       -0.0000000000       -9.9999999974       60.0000000033
point         1.0883353561        5.2154188535        3.1210237511        0.0000000000       -4.9999999916       60.0000000000
point         1.0471975512        5.5209988294        2.8565815802       40.0000000035        0.0000000000       60.0000000000
point         1.0060597463        5.2565566584        3.1621615560        0.0000000000        4.9999999916       60.0000000000
point         0.9649219412        5.2771255609        3.1827304585       -0.0000000000        9.9999999974       59.9999999967
point         1.0471975512        4.9509766826        3.4266037270      -40.0000000035        0.0000000000       60.0000000000
point         1.1089042587        5.2051344023        3.1107392999        0.0000000000       -7.5000000016       60.0000000033
point         1.3762999910        5.0714365360        2.9770414336        0.0000000000      -40.0000000036       59.9999999967
point         1.0471975512        5.6635043661        2.7140760435       60.0000000053        0.0000000000       60.0000000000
point         0.9854908437        5.2668411097        3.1724460073        0.0000000000        7.5000000016       59.9999999967
point         0.7180951114        5.4005389760        3.3061438736        0.0000000000       40.0000000036       60.0000000033
point         1.0471975512        5.2716141401        3.1059662695        4.9999999943       -0.0000000000       60.0000000000
point         1.0471975512        4.8084711459        3.5691092637      -60.0000000053        0.0000000000       60.0000000000
point         1.0554251122        5.2318739755        3.1374788731        0.0000000000       -0.9999999983       60.0000000000
point         1.0471975512        5.2359877560        3.1415926536        0.0000000000        0.0000000000       60.0000000000
point         0.5535438914        5.4828145858        3.3884194834       -0.0000000000       59.9999999983       59.9999999967
point         1.0471975512        5.2003613719        3.1772190377       -4.9999999943        0.0000000000       60.0000000000
point         1.0471975512        5.2894273323        3.0881530773        7.5000000037        0.0000000000       60.0000000000
point         1.7054024309        4.9068853161        2.8124902138       -0.0000000000      -79.9999999930       60.0000000000
point         1.0471975512        5.2431130328        3.1344673768        0.9999999989        0.0000000000       60.0000000000
point         1.0471975512        5.1825481797        3.1950322299       -7.5000000037        0.0000000000       60.0000000000
point         0.3889926715        5.5650901958        3.4706950934        0.0000000000       79.9999999930       60.0000000000
point         1.0471975512        5.3072405242        3.0703398853        9.9999999886       -0.0000000000       60.0000000000
point         1.0471975512        5.2288624792        3.1487179304       -0.9999999989        0.0000000000       60.0000000000
point         1.8699536509        4.8246097061        2.7302146038       -0.0000000000     -100.0000000019       60.0000000000
point         1.0471975512        5.8060099028        2.5715705068       80.0000000071        0.0000000000       60.0000000000
point         1.0471975512        5.2538009481        3.1237794614        2.5000000094        0.0000000000       60.0000000000
point         1.0471975512        4.6659656092        3.7116148004      -80.0000000071        0.0000000000       60.0000000000
point         1.0471975512        5.2181745638        3.1594058457       -2.5000000094        0.0000000000       60.0000000000
point         1.0389699902        5.2401015365        3.1457064341        0.0000000000        0.9999999983       60.0000000000
point         1.0471975512        5.9485154395        2.4290649701      100.0000000089        0.0000000000       60.0000000000
point         1.0677664537        5.2257033048        3.1313082024        0.0000000000       -2.4999999958       60.0000000000
point         1.0266286487        5.2462722072        3.1518771048       -0.0000000000        2.4999999958       60.0000000000
   |    22   |     34  |   0.30701E-02 |  0.59078E+01  |   0.396E-07 |
point         1.0471975512        5.1647349877        3.2128454219       -9.9999999886        0.0000000000       60.0000000000
point         1.0471975512        5.2716141401        3.1059662695        4.9999999943       -0.0000000000       60.0000000000
point         1.0554251122        5.2318739755        3.1374788731        0.0000000000       -0.9999999983       60.0000000000
point         1.0883353561        5.2154188535        3.1210237511        0.0000000000       -4.9999999916       60.0000000000
point         1.0471975512        5.5209988294        2.8565815802       40.0000000035        0.0000000000       60.0000000000
point         1.0471975512        5.2003613719        3.1772190377       -4.9999999943        0.0000000000       60.0000000000
point         1.0389699902        5.2401015365        3.1457064341        0.0000000000        0.9999999983       60.0000000000
point         1.0060597463        5.2565566584        3.1621615560        0.0000000000        4.9999999916       60.0000000000
point         1.0471975512        4.9509766826        3.4266037270      -40.0000000035        0.0000000000       60.0000000000
point         1.0471975512        5.2894273323        3.0881530773        7.5000000037        0.0000000000       60.0000000000
point         1.0677664537        5.2257033048        3.1313082024        0.0000000000       -2.4999999958       60.0000000000
point         1.0471975512        5.6635043661        2.7140760435       60.0000000053        0.0000000000       60.0000000000
point         1.1089042587        5.2051344023        3.1107392999        0.0000000000       -7.5000000016       60.0000000033
point         1.0471975512        5.1825481797        3.1950322299       -7.5000000037        0.0000000000       60.0000000000
point         1.0266286487        5.2462722072        3.1518771048       -0.0000000000        2.4999999958       60.0000000000
point         1.0471975512        5.3072405242        3.0703398853        9.9999999886       -0.0000000000       60.0000000000
point         1.0471975512        4.8084711459        3.5691092637      -60.0000000053        0.0000000000       60.0000000000
point         1.1294731612        5.1948499511        3.1004548487       -0.0000000000       -9.9999999974       60.0000000033
point         0.5535438914        5.4828145858        3.3884194834       -0.0000000000       59.9999999983       59.9999999967
point         1.0471975512        5.8060099028        2.5715705068       80.0000000071        0.0000000000       60.0000000000
point         1.0471975512        5.2359877560        3.1415926536        0.0000000000        0.0000000000       60.0000000000
point         0.9649219412        5.2771255609        3.1827304585       -0.0000000000        9.9999999974       59.9999999967
point         1.0471975512        4.6659656092        3.7116148004      -80.0000000071        0.0000000000       60.0000000000
point         1.0471975512        5.2431130328        3.1344673768        0.9999999989        0.0000000000       60.0000000000
point         1.7054024309        4.9068853161        2.8124902138       -0.0000000000      -79.9999999930       60.0000000000
point         1.0471975512        5.2288624792        3.1487179304       -0.9999999989        0.0000000000       60.0000000000
point         1.3762999910        5.0714365360        2.9770414336        0.0000000000      -40.0000000036       59.9999999967
point         0.3889926715        5.5650901958        3.4706950934        0.0000000000       79.9999999930       60.0000000000
point         1.0471975512        5.9485154395        2.4290649701      100.0000000089        0.0000000000       60.0000000000
point         0.9854908437        5.2668411097        3.1724460073        0.0000000000        7.5000000016       59.9999999967
point         0.7180951114        5.4005389760        3.3061438736        0.0000000000       40.0000000036       60.0000000033
point         1.0471975512        5.2538009481        3.1237794614        2.5000000094        0.0000000000       60.0000000000
point         1.8699536509        4.8246097061        2.7302146038       -0.0000000000     -100.0000000019       60.0000000000
point         1.0471975512        5.2181745638        3.1594058457       -2.5000000094        0.0000000000       60.0000000000
   |    23   |     34  |   0.30701E-02 |  0.59078E+01  |   0.159E-06 |
point         1.0471975512        5.1647349877        3.2128454219       -9.9999999886        0.0000000000       60.0000000000
point         0.5535438914        5.4828145858        3.3884194834       -0.0000000000       59.9999999983       59.9999999967
point         1.0471975512        4.8084711459        3.5691092637      -60.0000000053        0.0000000000       60.0000000000
point         1.0471975512        5.2359877560        3.1415926536        0.0000000000        0.0000000000       60.0000000000
point         1.0471975512        5.2431130328        3.1344673768        0.9999999989        0.0000000000       60.0000000000
point         1.0471975512        5.2288624792        3.1487179304       -0.9999999989        0.0000000000       60.0000000000
point         1.0471975512        5.2716141401        3.1059662695        4.9999999943       -0.0000000000       60.0000000000
point         1.1294731612        5.1948499511        3.1004548487       -0.0000000000       -9.9999999974       60.0000000033
point         1.0471975512        5.2538009481        3.1237794614        2.5000000094        0.0000000000       60.0000000000
point         1.0471975512        5.5209988294        2.8565815802       40.0000000035        0.0000000000       60.0000000000
point         1.0471975512        5.2003613719        3.1772190377       -4.9999999943        0.0000000000       60.0000000000
point         1.0471975512        5.2181745638        3.1594058457       -2.5000000094        0.0000000000       60.0000000000
point         1.7054024309        4.9068853161        2.8124902138       -0.0000000000      -79.9999999930       60.0000000000
point         0.9649219412        5.2771255609        3.1827304585       -0.0000000000        9.9999999974       59.9999999967
point         1.0471975512        5.2894273323        3.0881530773        7.5000000037        0.0000000000       60.0000000000
point         1.0471975512        5.8060099028        2.5715705068       80.0000000071        0.0000000000       60.0000000000
point         1.0471975512        5.1825481797        3.1950322299       -7.5000000037        0.0000000000       60.0000000000
point         1.3762999910        5.0714365360        2.9770414336        0.0000000000      -40.0000000036       59.9999999967
point         0.3889926715        5.5650901958        3.4706950934        0.0000000000       79.9999999930       60.0000000000
point         1.0471975512        4.6659656092        3.7116148004      -80.0000000071        0.0000000000       60.0000000000
point         1.0471975512        5.3072405242        3.0703398853        9.9999999886       -0.0000000000       60.0000000000
point         0.7180951114        5.4005389760        3.3061438736        0.0000000000       40.0000000036       60.0000000033
point         1.8699536509        4.8246097061        2.7302146038       -0.0000000000     -100.0000000019       60.0000000000
point         1.0471975512        5.9485154395        2.4290649701      100.0000000089        0.0000000000       60.0000000000
point         1.0554251122        5.2318739755        3.1374788731        0.0000000000       -0.9999999983       60.0000000000
point         1.0883353561        5.2154188535        3.1210237511        0.0000000000       -4.9999999916       60.0000000000
point         1.0471975512        4.9509766826        3.4266037270      -40.0000000035        0.0000000000       60.0000000000
point         1.0389699902        5.2401015365        3.1457064341        0.0000000000        0.9999999983       60.0000000000
point         1.0060597463        5.2565566584        3.1621615560        0.0000000000        4.9999999916       60.0000000000
point         1.0471975512        5.6635043661        2.7140760435       60.0000000053        0.0000000000       60.0000000000
point         1.0677664537        5.2257033048        3.1313082024        0.0000000000       -2.4999999958       60.0000000000
point         1.1089042587        5.2051344023        3.1107392999        0.0000000000       -7.5000000016       60.0000000033
point         1.0266286487        5.2462722072        3.1518771048       -0.0000000000        2.4999999958       60.0000000000
point         0.9854908437        5.2668411097        3.1724460073        0.0000000000        7.5000000016       59.9999999967
   |    24   |     34  |   0.30701E-02 |  0.59078E+01  |   0.129E-06 |
point         1.0471975512        5.1647349877        3.2128454219       -9.9999999886        0.0000000000       60.0000000000
point         1.0554251122        5.2318739755        3.1374788731        0.0000000000       -0.9999999983       60.0000000000
point         1.1294731612        5.1948499511        3.1004548487       -0.0000000000       -9.9999999974       60.0000000033
point         1.0883353561        5.2154188535        3.1210237511        0.0000000000       -4.9999999916       60.0000000000
point         1.0471975512        5.5209988294        2.8565815802       40.0000000035        0.0000000000       60.0000000000
point         0.9649219412        5.2771255609        3.1827304585       -0.0000000000        9.9999999974       59.9999999967
point         1.0471975512        4.9509766826        3.4266037270      -40.0000000035        0.0000000000       60.0000000000
point         1.0060597463        5.2565566584        3.1621615560        0.0000000000        4.9999999916       60.0000000000
point         1.0389699902        5.2401015365        3.1457064341        0.0000000000        0.9999999983       60.0000000000
point         1.0471975512        5.6635043661        2.7140760435       60.0000000053        0.0000000000       60.0000000000
point         1.3762999910        5.0714365360        2.9770414336        0.0000000000      -40.0000000036       59.9999999967
point         1.1089042587        5.2051344023        3.1107392999        0.0000000000       -7.5000000016       60.0000000033
point         1.0677664537        5.2257033048        3.1313082024        0.0000000000       -2.4999999958       60.0000000000
point         0.9854908437        5.2668411097        3.1724460073        0.0000000000        7.5000000016       59.9999999967
point         0.7180951114        5.4005389760        3.3061438736        0.0000000000       40.0000000036       60.0000000033
point         1.0266286487        5.2462722072        3.1518771048       -0.0000000000        2.4999999958       60.0000000000
point         1.0471975512        5.2716141401        3.1059662695        4.9999999943       -0.0000000000       60.0000000000
point         1.0471975512        5.2359877560        3.1415926536        0.0000000000        0.0000000000       60.0000000000
point         0.5535438914        5.4828145858        3.3884194834       -0.0000000000       59.9999999983       59.9999999967
point         1.0471975512        5.2003613719        3.1772190377       -4.9999999943        0.0000000000       60.0000000000
point         1.0471975512        5.2894273323        3.0881530773        7.5000000037        0.0000000000       60.0000000000
point         1.0471975512        5.2431130328        3.1344673768        0.9999999989        0.0000000000       60.0000000000
point         1.7054024309        4.9068853161        2.8124902138       -0.0000000000      -79.9999999930       60.0000000000
point         1.0471975512        5.1825481797        3.1950322299       -7.5000000037        0.0000000000       60.0000000000
point         0.3889926715        5.5650901958        3.4706950934        0.0000000000       79.9999999930       60.0000000000
point         1.0471975512        5.3072405242        3.0703398853        9.9999999886       -0.0000000000       60.0000000000
point         1.0471975512        5.2288624792        3.1487179304       -0.9999999989        0.0000000000       60.0000000000
point         1.8699536509        4.8246097061        2.7302146038       -0.0000000000     -100.0000000019       60.0000000000
point         1.0471975512        5.2538009481        3.1237794614        2.5000000094        0.0000000000       60.0000000000
point         1.0471975512        4.8084711459        3.5691092637      -60.0000000053        0.0000000000       60.0000000000
point         1.0471975512        5.2181745638        3.1594058457       -2.5000000094        0.0000000000       60.0000000000
point         1.0471975512        5.8060099028        2.5715705068       80.0000000071        0.0000000000       60.0000000000
point         1.0471975512        4.6659656092        3.7116148004      -80.0000000071        0.0000000000       60.0000000000
point         1.0471975512        5.9485154395        2.4290649701      100.0000000089        0.0000000000       60.0000000000
   |    25   |     34  |   0.30701E-02 |  0.59078E+01  |   0.870E-07 |
point         1.0471975512        5.2716141401        3.1059662695        4.9999999943       -0.0000000000       60.0000000000
point         1.0471975512        5.1647349877        3.2128454219       -9.9999999886        0.0000000000       60.0000000000
point         0.5535438914        5.4828145858        3.3884194834       -0.0000000000       59.9999999983       59.9999999967
point         1.0471975512        4.8084711459        3.5691092637      -60.0000000053        0.0000000000       60.0000000000
point         1.0883353561        5.2154188535        3.1210237511        0.0000000000       -4.9999999916       60.0000000000
point         1.0471975512        5.2003613719        3.1772190377       -4.9999999943        0.0000000000       60.0000000000
point         1.0471975512        5.5209988294        2.8565815802       40.0000000035        0.0000000000       60.0000000000
point         1.0471975512        5.8060099028        2.5715705068       80.0000000071        0.0000000000       60.0000000000
point         1.0060597463        5.2565566584        3.1621615560        0.0000000000        4.9999999916       60.0000000000
point         1.0471975512        5.2894273323        3.0881530773        7.5000000037        0.0000000000       60.0000000000
point         1.7054024309        4.9068853161        2.8124902138       -0.0000000000      -79.9999999930       60.0000000000
point         1.0471975512        4.9509766826        3.4266037270      -40.0000000035        0.0000000000       60.0000000000
point         1.1089042587        5.2051344023        3.1107392999        0.0000000000       -7.5000000016       60.0000000033
point         1.0471975512        4.6659656092        3.7116148004      -80.0000000071        0.0000000000       60.0000000000
point         1.0471975512        5.1825481797        3.1950322299       -7.5000000037        0.0000000000       60.0000000000
point         1.0471975512        5.6635043661        2.7140760435       60.0000000053        0.0000000000       60.0000000000
point         0.3889926715        5.5650901958        3.4706950934        0.0000000000       79.9999999930       60.0000000000
point         0.9854908437        5.2668411097        3.1724460073        0.0000000000        7.5000000016       59.9999999967
point         1.0471975512        5.3072405242        3.0703398853        9.9999999886       -0.0000000000       60.0000000000
point         1.0471975512        5.9485154395        2.4290649701      100.0000000089        0.0000000000       60.0000000000
point         1.8699536509        4.8246097061        2.7302146038       -0.0000000000     -100.0000000019       60.0000000000
point         1.0471975512        5.2359877560        3.1415926536        0.0000000000        0.0000000000       60.0000000000
point         1.1294731612        5.1948499511        3.1004548487       -0.0000000000       -9.9999999974       60.0000000033
point         1.0471975512        5.2431130328        3.1344673768        0.9999999989        0.0000000000       60.0000000000
point         0.9649219412        5.2771255609        3.1827304585       -0.0000000000        9.9999999974       59.9999999967
point         1.0471975512        5.2288624792        3.1487179304       -0.9999999989        0.0000000000       60.0000000000
point         1.3762999910        5.0714365360        2.9770414336        0.0000000000      -40.0000000036       59.9999999967
point         1.0471975512        5.2538009481        3.1237794614        2.5000000094        0.0000000000       60.0000000000
point         0.7180951114        5.4005389760        3.3061438736        0.0000000000       40.0000000036       60.0000000033
point         1.0471975512        5.2181745638        3.1594058457       -2.5000000094        0.0000000000       60.0000000000
point         1.0554251122        5.2318739755        3.1374788731        0.0000000000       -0.9999999983       60.0000000000
point         1.0389699902        5.2401015365        3.1457064341        0.0000000000        0.9999999983       60.0000000000
point         1.0677664537        5.2257033048        3.1313082024        0.0000000000       -2.4999999958       60.0000000000
point         1.0266286487        5.2462722072        3.1518771048       -0.0000000000        2.4999999958       60.0000000000
   |    26   |     34  |   0.30701E-02 |  0.59078E+01  |   0.623E-07 |
point         1.0471975512        5.1647349877        3.2128454219       -9.9999999886        0.0000000000       60.0000000000
point         1.0471975512        5.2716141401        3.1059662695        4.9999999943       -0.0000000000       60.0000000000
point         1.0471975512        4.8084711459        3.5691092637      -60.0000000053        0.0000000000       60.0000000000
point         1.0471975512        5.2359877560        3.1415926536        0.0000000000        0.0000000000       60.0000000000
point         1.0554251122        5.2318739755        3.1374788731        0.0000000000       -0.9999999983       60.0000000000
point         1.0471975512        5.2003613719        3.1772190377       -4.9999999943        0.0000000000       60.0000000000
point         1.0471975512        5.5209988294        2.8565815802       40.0000000035        0.0000000000       60.0000000000
point         1.0471975512        5.2431130328        3.1344673768        0.9999999989        0.0000000000       60.0000000000
point         1.0471975512        5.8060099028        2.5715705068       80.0000000071        0.0000000000       60.0000000000
point         1.0389699902        5.2401015365        3.1457064341        0.0000000000        0.9999999983       60.0000000000
point         1.0471975512        4.9509766826        3.4266037270      -40.0000000035        0.0000000000       60.0000000000
point         1.0471975512        5.2288624792        3.1487179304       -0.9999999989        0.0000000000       60.0000000000
point         1.0471975512        4.6659656092        3.7116148004      -80.0000000071        0.0000000000       60.0000000000
point         1.0471975512        5.6635043661        2.7140760435       60.0000000053        0.0000000000       60.0000000000
point         1.0677664537        5.2257033048        3.1313082024        0.0000000000       -2.4999999958       60.0000000000
point         1.0471975512        5.2538009481        3.1237794614        2.5000000094        0.0000000000       60.0000000000
point         1.0471975512        5.9485154395        2.4290649701      100.0000000089        0.0000000000       60.0000000000
point         1.0266286487        5.2462722072        3.1518771048       -0.0000000000        2.4999999958       60.0000000000
point         1.0471975512        5.2181745638        3.1594058457       -2.5000000094        0.0000000000       60.0000000000
point         0.5535438914        5.4828145858        3.3884194834       -0.0000000000       59.9999999983       59.9999999967
point         1.0883353561        5.2154188535        3.1210237511        0.0000000000       -4.9999999916       60.0000000000
point         1.1294731612        5.1948499511        3.1004548487       -0.0000000000       -9.9999999974       60.0000000033
point         1.0471975512        5.2894273323        3.0881530773        7.5000000037        0.0000000000       60.0000000000
point         1.7054024309        4.9068853161        2.8124902138       -0.0000000000      -79.9999999930       60.0000000000
point         1.0060597463        5.2565566584        3.1621615560        0.0000000000        4.9999999916       60.0000000000
point         1.0471975512        5.1825481797        3.1950322299       -7.5000000037        0.0000000000       60.0000000000
point         1.0471975512        5.3072405242        3.0703398853        9.9999999886       -0.0000000000       60.0000000000
point         0.3889926715        5.5650901958        3.4706950934        0.0000000000       79.9999999930       60.0000000000
point         1.1089042587        5.2051344023        3.1107392999        0.0000000000       -7.5000000016       60.0000000033
point         1.8699536509        4.8246097061        2.7302146038       -0.0000000000     -100.0000000019       60.0000000000
point         0.9854908437        5.2668411097        3.1724460073        0.0000000000        7.5000000016       59.9999999967
point         0.9649219412        5.2771255609        3.1827304585       -0.0000000000        9.9999999974       59.9999999967
point         1.3762999910        5.0714365360        2.9770414336        0.0000000000      -40.0000000036       59.9999999967
point         0.7180951114        5.4005389760        3.3061438736        0.0000000000       40.0000000036       60.0000000033
   |    27   |     34  |   0.30701E-02 |  0.59078E+01  |   0.800E-07 |
point         1.0471975512        5.2716141401        3.1059662695        4.9999999943       -0.0000000000       60.0000000000
point         0.5535438914        5.4828145858        3.3884194834       -0.0000000000       59.9999999983       59.9999999967
point         1.0471975512        5.2359877560        3.1415926536        0.0000000000        0.0000000000       60.0000000000
point         1.0471975512        5.2003613719        3.1772190377       -4.9999999943        0.0000000000       60.0000000000
point         1.1294731612        5.1948499511        3.1004548487       -0.0000000000       -9.9999999974       60.0000000033
point         1.0471975512        5.2431130328        3.1344673768        0.9999999989        0.0000000000       60.0000000000
point         1.7054024309        4.9068853161        2.8124902138       -0.0000000000      -79.9999999930       60.0000000000
point         1.0471975512        5.2894273323        3.0881530773        7.5000000037        0.0000000000       60.0000000000
point         1.0471975512        5.2288624792        3.1487179304       -0.9999999989        0.0000000000       60.0000000000
point         0.3889926715        5.5650901958        3.4706950934        0.0000000000       79.9999999930       60.0000000000
point         1.0471975512        5.1825481797        3.1950322299       -7.5000000037        0.0000000000       60.0000000000
point         1.0471975512        5.2538009481        3.1237794614        2.5000000094        0.0000000000       60.0000000000
point         1.8699536509        4.8246097061        2.7302146038       -0.0000000000     -100.0000000019       60.0000000000
point         1.0471975512        5.3072405242        3.0703398853        9.9999999886       -0.0000000000       60.0000000000
point         1.0471975512        5.2181745638        3.1594058457       -2.5000000094        0.0000000000       60.0000000000
point         1.0471975512        5.1647349877        3.2128454219       -9.9999999886        0.0000000000       60.0000000000
point         1.0471975512        4.8084711459        3.5691092637      -60.0000000053        0.0000000000       60.0000000000
point         1.0883353561        5.2154188535        3.1210237511        0.0000000000       -4.9999999916       60.0000000000
point         1.0471975512        5.5209988294        2.8565815802       40.0000000035        0.0000000000       60.0000000000
point         1.0554251122        5.2318739755        3.1374788731        0.0000000000       -0.9999999983       60.0000000000
point         1.0471975512        4.9509766826        3.4266037270      -40.0000000035        0.0000000000       60.0000000000
point         1.0471975512        5.8060099028        2.5715705068       80.0000000071        0.0000000000       60.0000000000
point         1.0389699902        5.2401015365        3.1457064341        0.0000000000        0.9999999983       60.0000000000
point         1.0471975512        5.6635043661        2.7140760435       60.0000000053        0.0000000000       60.0000000000
point         1.0471975512        4.6659656092        3.7116148004      -80.0000000071        0.0000000000       60.0000000000
point         1.0677664537        5.2257033048        3.1313082024        0.0000000000       -2.4999999958       60.0000000000
point         0.9649219412        5.2771255609        3.1827304585       -0.0000000000        9.9999999974       59.9999999967
point         1.0266286487        5.2462722072        3.1518771048       -0.0000000000        2.4999999958       60.0000000000
point         1.0060597463        5.2565566584        3.1621615560        0.0000000000        4.9999999916       60.0000000000
point         1.1089042587        5.2051344023        3.1107392999        0.0000000000       -7.5000000016       60.0000000033
point         0.9854908437        5.2668411097        3.1724460073        0.0000000000        7.5000000016       59.9999999967
point         1.0471975512        5.9485154395        2.4290649701      100.0000000089        0.0000000000       60.0000000000
point         1.3762999910        5.0714365360        2.9770414336        0.0000000000      -40.0000000036       59.9999999967
point         0.7180951114        5.4005389760        3.3061438736        0.0000000000       40.0000000036       60.0000000033
   |    28   |     34  |   0.30701E-02 |  0.59078E+01  |   0.672E-07 |
point         1.0471975512        5.1647349877        3.2128454219       -9.9999999886        0.0000000000       60.0000000000
point         1.0471975512        5.2716141401        3.1059662695        4.9999999943       -0.0000000000       60.0000000000
point         0.5535438914        5.4828145858        3.3884194834       -0.0000000000       59.9999999983       59.9999999967
point         1.0883353561        5.2154188535        3.1210237511        0.0000000000       -4.9999999916       60.0000000000
point         1.0554251122        5.2318739755        3.1374788731        0.0000000000       -0.9999999983       60.0000000000
point         1.0471975512        5.2003613719        3.1772190377       -4.9999999943        0.0000000000       60.0000000000
point         1.7054024309        4.9068853161        2.8124902138       -0.0000000000      -79.9999999930       60.0000000000
point         1.0060597463        5.2565566584        3.1621615560        0.0000000000        4.9999999916       60.0000000000
point         1.0471975512        5.2894273323        3.0881530773        7.5000000037        0.0000000000       60.0000000000
point         1.0389699902        5.2401015365        3.1457064341        0.0000000000        0.9999999983       60.0000000000
point         0.3889926715        5.5650901958        3.4706950934        0.0000000000       79.9999999930       60.0000000000
point         1.1089042587        5.2051344023        3.1107392999        0.0000000000       -7.5000000016       60.0000000033
point         1.0471975512        5.1825481797        3.1950322299       -7.5000000037        0.0000000000       60.0000000000
point         1.1294731612        5.1948499511        3.1004548487       -0.0000000000       -9.9999999974       60.0000000033
point         0.9854908437        5.2668411097        3.1724460073        0.0000000000        7.5000000016       59.9999999967
point         1.0471975512        5.3072405242        3.0703398853        9.9999999886       -0.0000000000       60.0000000000
point         1.0471975512        5.2359877560        3.1415926536        0.0000000000        0.0000000000       60.0000000000
point         1.0471975512        4.8084711459        3.5691092637      -60.0000000053        0.0000000000       60.0000000000
point         1.0471975512        5.5209988294        2.8565815802       40.0000000035        0.0000000000       60.0000000000
point         1.0471975512        4.9509766826        3.4266037270      -40.0000000035        0.0000000000       60.0000000000
point         0.9649219412        5.2771255609        3.1827304585       -0.0000000000        9.9999999974       59.9999999967
point         1.0471975512        5.6635043661        2.7140760435       60.0000000053        0.0000000000       60.0000000000
point         1.8699536509        4.8246097061        2.7302146038       -0.0000000000     -100.0000000019       60.0000000000
point         1.0677664537        5.2257033048        3.1313082024        0.0000000000       -2.4999999958       60.0000000000
point         1.3762999910        5.0714365360        2.9770414336        0.0000000000      -40.0000000036       59.9999999967
point         1.0266286487        5.2462722072        3.1518771048       -0.0000000000        2.4999999958       60.0000000000
point         0.7180951114        5.4005389760        3.3061438736        0.0000000000       40.0000000036       60.0000000033
point         1.0471975512        5.8060099028        2.5715705068       80.0000000071        0.0000000000       60.0000000000
point         1.0471975512        5.2431130328        3.1344673768        0.9999999989        0.0000000000       60.0000000000
point         1.0471975512        5.2288624792        3.1487179304       -0.9999999989        0.0000000000       60.0000000000
point         1.0471975512        4.6659656092        3.7116148004      -80.0000000071        0.0000000000       60.0000000000
point         1.0471975512        5.2538009481        3.1237794614        2.5000000094        0.0000000000       60.0000000000
point         1.0471975512        5.9485154395        2.4290649701      100.0000000089        0.0000000000       60.0000000000
point         1.0471975512        5.2181745638        3.1594058457       -2.5000000094        0.0000000000       60.0000000000
   |    29   |     34  |   0.30701E-02 |  0.59078E+01  |   0.164E-06 |
point         0.5535438914        5.4828145858        3.3884194834       -0.0000000000       59.9999999983       59.9999999967
point         1.0471975512        5.1647349877        3.2128454219       -9.9999999886        0.0000000000       60.0000000000
point         1.0883353561        5.2154188535        3.1210237511        0.0000000000       -4.9999999916       60.0000000000
point         1.0471975512        4.8084711459        3.5691092637      -60.0000000053        0.0000000000       60.0000000000
point         1.7054024309        4.9068853161        2.8124902138       -0.0000000000      -79.9999999930       60.0000000000
point         1.0471975512        5.5209988294        2.8565815802       40.0000000035        0.0000000000       60.0000000000
point         1.0060597463        5.2565566584        3.1621615560        0.0000000000        4.9999999916       60.0000000000
point         0.3889926715        5.5650901958        3.4706950934        0.0000000000       79.9999999930       60.0000000000
point         1.0471975512        5.8060099028        2.5715705068       80.0000000071        0.0000000000       60.0000000000
point         1.1294731612        5.1948499511        3.1004548487       -0.0000000000       -9.9999999974       60.0000000033
point         1.1089042587        5.2051344023        3.1107392999        0.0000000000       -7.5000000016       60.0000000033
point         1.8699536509        4.8246097061        2.7302146038       -0.0000000000     -100.0000000019       60.0000000000
point         1.0471975512        4.6659656092        3.7116148004      -80.0000000071        0.0000000000       60.0000000000
point         0.9854908437        5.2668411097        3.1724460073        0.0000000000        7.5000000016       59.9999999967
point         1.0471975512        5.9485154395        2.4290649701      100.0000000089        0.0000000000       60.0000000000
point         1.0471975512        5.2716141401        3.1059662695        4.9999999943       -0.0000000000       60.0000000000
point         1.0471975512        5.2359877560        3.1415926536        0.0000000000        0.0000000000       60.0000000000
point         1.0554251122        5.2318739755        3.1374788731        0.0000000000       -0.9999999983       60.0000000000
point         1.0471975512        5.2003613719        3.1772190377       -4.9999999943        0.0000000000       60.0000000000
point         1.0471975512        4.9509766826        3.4266037270      -40.0000000035        0.0000000000       60.0000000000
point         1.0471975512        5.2894273323        3.0881530773        7.5000000037        0.0000000000       60.0000000000
point         1.0471975512        5.2431130328        3.1344673768        0.9999999989        0.0000000000       60.0000000000
point         0.9649219412        5.2771255609        3.1827304585       -0.0000000000        9.9999999974       59.9999999967
point         1.0471975512        5.6635043661        2.7140760435       60.0000000053        0.0000000000       60.0000000000
point         1.0471975512        5.1825481797        3.1950322299       -7.5000000037        0.0000000000       60.0000000000
point         1.0471975512        5.2288624792        3.1487179304       -0.9999999989        0.0000000000       60.0000000000
point         1.0471975512        5.3072405242        3.0703398853        9.9999999886       -0.0000000000       60.0000000000
point         1.0471975512        5.2538009481        3.1237794614        2.5000000094        0.0000000000       60.0000000000
point         1.3762999910        5.0714365360        2.9770414336        0.0000000000      -40.0000000036       59.9999999967
point         1.0471975512        5.2181745638        3.1594058457       -2.5000000094        0.0000000000       60.0000000000
point         1.0389699902        5.2401015365        3.1457064341        0.0000000000        0.9999999983       60.0000000000
point         0.7180951114        5.4005389760        3.3061438736        0.0000000000       40.0000000036       60.0000000033
point         1.0677664537        5.2257033048        3.1313082024        0.0000000000       -2.4999999958       60.0000000000
point         1.0266286487        5.2462722072        3.1518771048       -0.0000000000        2.4999999958       60.0000000000
   |    30   |     34  |   0.30701E-02 |  0.59078E+01  |   0.150E-06 |
point         0.5535438914        5.4828145858        3.3884194834       -0.0000000000       59.9999999983       59.9999999967
point         1.0471975512        5.2716141401        3.1059662695        4.9999999943       -0.0000000000       60.0000000000
point         1.0471975512        5.2359877560        3.1415926536        0.0000000000        0.0000000000       60.0000000000
point         1.0554251122        5.2318739755        3.1374788731        0.0000000000       -0.9999999983       60.0000000000
point         1.7054024309        4.9068853161        2.8124902138       -0.0000000000      -79.9999999930       60.0000000000
point         1.0471975512        5.2003613719        3.1772190377       -4.9999999943        0.0000000000       60.0000000000
point         1.1294731612        5.1948499511        3.1004548487       -0.0000000000       -9.9999999974       60.0000000033
point         1.0471975512        5.2431130328        3.1344673768        0.9999999989        0.0000000000       60.0000000000
point         0.3889926715        5.5650901958        3.4706950934        0.0000000000       79.9999999930       60.0000000000
point         1.0471975512        5.2894273323        3.0881530773        7.5000000037        0.0000000000       60.0000000000
point         1.0389699902        5.2401015365        3.1457064341        0.0000000000        0.9999999983       60.0000000000
point         1.8699536509        4.8246097061        2.7302146038       -0.0000000000     -100.0000000019       60.0000000000
point         1.0471975512        5.1825481797        3.1950322299       -7.5000000037        0.0000000000       60.0000000000
point         1.0471975512        5.2288624792        3.1487179304       -0.9999999989        0.0000000000       60.0000000000
point         1.0677664537        5.2257033048        3.1313082024        0.0000000000       -2.4999999958       60.0000000000
point         1.0471975512        5.3072405242        3.0703398853        9.9999999886       -0.0000000000       60.0000000000
point         1.0266286487        5.2462722072        3.1518771048       -0.0000000000        2.4999999958       60.0000000000
point         1.0471975512        5.1647349877        3.2128454219       -9.9999999886        0.0000000000       60.0000000000
point         0.9649219412        5.2771255609        3.1827304585       -0.0000000000        9.9999999974       59.9999999967
point         1.0883353561        5.2154188535        3.1210237511        0.0000000000       -4.9999999916       60.0000000000
point         1.0471975512        4.8084711459        3.5691092637      -60.0000000053        0.0000000000       60.0000000000
point         1.0471975512        5.5209988294        2.8565815802       40.0000000035        0.0000000000       60.0000000000
point         1.0471975512        4.9509766826        3.4266037270      -40.0000000035        0.0000000000       60.0000000000
point         1.0060597463        5.2565566584        3.1621615560        0.0000000000        4.9999999916       60.0000000000
point         1.0471975512        5.8060099028        2.5715705068       80.0000000071        0.0000000000       60.0000000000
point         1.0471975512        5.6635043661        2.7140760435       60.0000000053        0.0000000000       60.0000000000
point         1.1089042587        5.2051344023        3.1107392999        0.0000000000       -7.5000000016       60.0000000033
point         1.3762999910        5.0714365360        2.9770414336        0.0000000000      -40.0000000036       59.9999999967
point         0.9854908437        5.2668411097        3.1724460073        0.0000000000        7.5000000016       59.9999999967
point         1.0471975512        4.6659656092        3.7116148004      -80.0000000071        0.0000000000       60.0000000000
point         1.0471975512        5.2538009481        3.1237794614        2.5000000094        0.0000000000       60.0000000000
point         1.0471975512        5.9485154395        2.4290649701      100.0000000089        0.0000000000       60.0000000000
point         1.0471975512        5.2181745638        3.1594058457       -2.5000000094        0.0000000000       60.0000000000
point         0.7180951114        5.4005389760        3.3061438736        0.0000000000       40.0000000036       60.0000000033
   |    31   |     34  |   0.30701E-02 |  0.59078E+01  |   0.311E-06 |
point         0.5535438914        5.4828145858        3.3884194834       -0.0000000000       59.9999999983       59.9999999967
point         1.0471975512        5.2716141401        3.1059662695        4.9999999943       -0.0000000000       60.0000000000
point         1.0471975512        5.2359877560        3.1415926536        0.0000000000        0.0000000000       60.0000000000
point         1.0471975512        4.8084711459        3.5691092637      -60.0000000053        0.0000000000       60.0000000000
point         1.7054024309        4.9068853161        2.8124902138       -0.0000000000      -79.9999999930       60.0000000000
point         1.0471975512        5.2003613719        3.1772190377       -4.9999999943        0.0000000000       60.0000000000
point         1.1294731612        5.1948499511        3.1004548487       -0.0000000000       -9.9999999974       60.0000000033
point         0.3889926715        5.5650901958        3.4706950934        0.0000000000       79.9999999930       60.0000000000
point         1.0471975512        5.8060099028        2.5715705068       80.0000000071        0.0000000000       60.0000000000
point         1.0471975512        5.2894273323        3.0881530773        7.5000000037        0.0000000000       60.0000000000
point         1.8699536509        4.8246097061        2.7302146038       -0.0000000000     -100.0000000019       60.0000000000
point         1.0471975512        4.6659656092        3.7116148004      -80.0000000071        0.0000000000       60.0000000000
point         1.0471975512        5.1825481797        3.1950322299       -7.5000000037        0.0000000000       60.0000000000
point         1.0471975512        5.9485154395        2.4290649701      100.0000000089        0.0000000000       60.0000000000
point         1.0471975512        5.3072405242        3.0703398853        9.9999999886       -0.0000000000       60.0000000000
point         1.0471975512        5.1647349877        3.2128454219       -9.9999999886        0.0000000000       60.0000000000
point         0.9649219412        5.2771255609        3.1827304585       -0.0000000000        9.9999999974       59.9999999967
point         1.0883353561        5.2154188535        3.1210237511        0.0000000000       -4.9999999916       60.0000000000
point         1.0554251122        5.2318739755        3.1374788731        0.0000000000       -0.9999999983       60.0000000000
point         1.0060597463        5.2565566584        3.1621615560        0.0000000000        4.9999999916       60.0000000000
point         1.3762999910        5.0714365360        2.9770414336        0.0000000000      -40.0000000036       59.9999999967
point         1.0471975512        5.2431130328        3.1344673768        0.9999999989        0.0000000000       60.0000000000
point         1.0389699902        5.2401015365        3.1457064341        0.0000000000        0.9999999983       60.0000000000
point         1.1089042587        5.2051344023        3.1107392999        0.0000000000       -7.5000000016       60.0000000033
point         1.0471975512        5.2288624792        3.1487179304       -0.9999999989        0.0000000000       60.0000000000
point         1.0677664537        5.2257033048        3.1313082024        0.0000000000       -2.4999999958       60.0000000000
point         0.9854908437        5.2668411097        3.1724460073        0.0000000000        7.5000000016       59.9999999967
point         1.0471975512        5.2538009481        3.1237794614        2.5000000094        0.0000000000       60.0000000000
point         1.0266286487        5.2462722072        3.1518771048       -0.0000000000        2.4999999958       60.0000000000
point         0.7180951114        5.4005389760        3.3061438736        0.0000000000       40.0000000036       60.0000000033
point         1.0471975512        5.2181745638        3.1594058457       -2.5000000094        0.0000000000       60.0000000000
point         1.0471975512        5.5209988294        2.8565815802       40.0000000035        0.0000000000       60.0000000000
point         1.0471975512        4.9509766826        3.4266037270      -40.0000000035        0.0000000000       60.0000000000
point         1.0471975512        5.6635043661        2.7140760435       60.0000000053        0.0000000000       60.0000000000
   |    32   |     34  |   0.30701E-02 |  0.59078E+01  |   0.220E-06 |
point         1.0471975512        5.1647349877        3.2128454219       -9.9999999886        0.0000000000       60.0000000000
point         0.5535438914        5.4828145858        3.3884194834       -0.0000000000       59.9999999983       59.9999999967
point         1.0471975512        5.2716141401        3.1059662695        4.9999999943       -0.0000000000       60.0000000000
point         1.0883353561        5.2154188535        3.1210237511        0.0000000000       -4.9999999916       60.0000000000
point         1.0554251122        5.2318739755        3.1374788731        0.0000000000       -0.9999999983       60.0000000000
point         1.0471975512        4.8084711459        3.5691092637      -60.0000000053        0.0000000000       60.0000000000
point         1.0471975512        5.5209988294        2.8565815802       40.0000000035        0.0000000000       60.0000000000
point         1.7054024309        4.9068853161        2.8124902138       -0.0000000000      -79.9999999930       60.0000000000
point         1.0471975512        5.2003613719        3.1772190377       -4.9999999943        0.0000000000       60.0000000000
point         1.0471975512        4.9509766826        3.4266037270      -40.0000000035        0.0000000000       60.0000000000
point         0.3889926715        5.5650901958        3.4706950934        0.0000000000       79.9999999930       60.0000000000
point         1.0471975512        5.8060099028        2.5715705068       80.0000000071        0.0000000000       60.0000000000
point         1.0471975512        5.2894273323        3.0881530773        7.5000000037        0.0000000000       60.0000000000
point         1.0389699902        5.2401015365        3.1457064341        0.0000000000        0.9999999983       60.0000000000
point         1.1294731612        5.1948499511        3.1004548487       -0.0000000000       -9.9999999974       60.0000000033
point         1.0471975512        4.6659656092        3.7116148004      -80.0000000071        0.0000000000       60.0000000000
point         1.0677664537        5.2257033048        3.1313082024        0.0000000000       -2.4999999958       60.0000000000
point         1.0471975512        5.9485154395        2.4290649701      100.0000000089        0.0000000000       60.0000000000
point         1.0266286487        5.2462722072        3.1518771048       -0.0000000000        2.4999999958       60.0000000000
point         0.9649219412        5.2771255609        3.1827304585       -0.0000000000        9.9999999974       59.9999999967
point         1.0471975512        5.2359877560        3.1415926536        0.0000000000        0.0000000000       60.0000000000
point         1.0471975512        5.2431130328        3.1344673768        0.9999999989        0.0000000000       60.0000000000
point         1.0060597463        5.2565566584        3.1621615560        0.0000000000        4.9999999916       60.0000000000
point         1.8699536509        4.8246097061        2.7302146038       -0.0000000000     -100.0000000019       60.0000000000
point         1.0471975512        5.6635043661        2.7140760435       60.0000000053        0.0000000000       60.0000000000
point         1.0471975512        5.2288624792        3.1487179304       -0.9999999989        0.0000000000       60.0000000000
point         1.0471975512        5.1825481797        3.1950322299       -7.5000000037        0.0000000000       60.0000000000
point         1.1089042587        5.2051344023        3.1107392999        0.0000000000       -7.5000000016       60.0000000033
point         1.3762999910        5.0714365360        2.9770414336        0.0000000000      -40.0000000036       59.9999999967
point         1.0471975512        5.2538009481        3.1237794614        2.5000000094        0.0000000000       60.0000000000
point         0.9854908437        5.2668411097        3.1724460073        0.0000000000        7.5000000016       59.9999999967
point         1.0471975512        5.2181745638        3.1594058457       -2.5000000094        0.0000000000       60.0000000000
point         0.7180951114        5.4005389760        3.3061438736        0.0000000000       40.0000000036       60.0000000033
point         1.0471975512        5.3072405242        3.0703398853        9.9999999886       -0.0000000000       60.0000000000
   |    33   |     34  |   0.30701E-02 |  0.59078E+01  |   0.544E-07 |
point         0.5535438914        5.4828145858        3.3884194834       -0.0000000000       59.9999999983       59.9999999967
point         1.0471975512        5.1647349877        3.2128454219       -9.9999999886        0.0000000000       60.0000000000
point         1.0471975512        5.2716141401        3.1059662695        4.9999999943       -0.0000000000       60.0000000000
point         1.0883353561        5.2154188535        3.1210237511        0.0000000000       -4.9999999916       60.0000000000
point         1.0554251122        5.2318739755        3.1374788731        0.0000000000       -0.9999999983       60.0000000000
point         1.0471975512        5.5209988294        2.8565815802       40.0000000035        0.0000000000       60.0000000000
point         1.0471975512        5.2003613719        3.1772190377       -4.9999999943        0.0000000000       60.0000000000
point         1.7054024309        4.9068853161        2.8124902138       -0.0000000000      -79.9999999930       60.0000000000
point         1.0060597463        5.2565566584        3.1621615560        0.0000000000        4.9999999916       60.0000000000
point         1.1294731612        5.1948499511        3.1004548487       -0.0000000000       -9.9999999974       60.0000000033
point         1.0389699902        5.2401015365        3.1457064341        0.0000000000        0.9999999983       60.0000000000
point         1.1089042587        5.2051344023        3.1107392999        0.0000000000       -7.5000000016       60.0000000033
point         1.0677664537        5.2257033048        3.1313082024        0.0000000000       -2.4999999958       60.0000000000
point         0.9854908437        5.2668411097        3.1724460073        0.0000000000        7.5000000016       59.9999999967
point         1.0266286487        5.2462722072        3.1518771048       -0.0000000000        2.4999999958       60.0000000000
point         0.9649219412        5.2771255609        3.1827304585       -0.0000000000        9.9999999974       59.9999999967
point         1.0471975512        5.2359877560        3.1415926536        0.0000000000        0.0000000000       60.0000000000
point         1.0471975512        4.8084711459        3.5691092637      -60.0000000053        0.0000000000       60.0000000000
point         1.0471975512        4.9509766826        3.4266037270      -40.0000000035        0.0000000000       60.0000000000
point         1.0471975512        5.2894273323        3.0881530773        7.5000000037        0.0000000000       60.0000000000
point         0.3889926715        5.5650901958        3.4706950934        0.0000000000       79.9999999930       60.0000000000
point         1.0471975512        5.2431130328        3.1344673768        0.9999999989        0.0000000000       60.0000000000
point         1.0471975512        5.8060099028        2.5715705068       80.0000000071        0.0000000000       60.0000000000
point         1.3762999910        5.0714365360        2.9770414336        0.0000000000      -40.0000000036       59.9999999967
point         1.0471975512        5.1825481797        3.1950322299       -7.5000000037        0.0000000000       60.0000000000
point         1.8699536509        4.8246097061        2.7302146038       -0.0000000000     -100.0000000019       60.0000000000
point         1.0471975512        5.2288624792        3.1487179304       -0.9999999989        0.0000000000       60.0000000000
point         1.0471975512        5.3072405242        3.0703398853        9.9999999886       -0.0000000000       60.0000000000
point         1.0471975512        4.6659656092        3.7116148004      -80.0000000071        0.0000000000       60.0000000000
point         1.0471975512        5.2538009481        3.1237794614        2.5000000094        0.0000000000       60.0000000000
point         0.7180951114        5.4005389760        3.3061438736        0.0000000000       40.0000000036       60.0000000033
point         1.0471975512        5.9485154395        2.4290649701      100.0000000089        0.0000000000       60.0000000000
point         1.0471975512        5.2181745638        3.1594058457       -2.5000000094        0.0000000000       60.0000000000
point         1.0471975512        5.6635043661        2.7140760435       60.0000000053        0.0000000000       60.0000000000
   |    34   |     34  |   0.30701E-02 |  0.59078E+01  |   0.525E-07 |
point         0.5535438914        5.4828145858        3.3884194834       -0.0000000000       59.9999999983       59.9999999967
point         1.0471975512        5.1647349877        3.2128454219       -9.9999999886        0.0000000000       60.0000000000
point         1.0471975512        5.2359877560        3.1415926536        0.0000000000        0.0000000000       60.0000000000
point         1.0471975512        4.8084711459        3.5691092637      -60.0000000053        0.0000000000       60.0000000000
point         1.7054024309        4.9068853161        2.8124902138       -0.0000000000      -79.9999999930       60.0000000000
point         1.0471975512        5.5209988294        2.8565815802       40.0000000035        0.0000000000       60.0000000000
point         1.0471975512        5.2431130328        3.1344673768        0.9999999989        0.0000000000       60.0000000000
point         0.3889926715        5.5650901958        3.4706950934        0.0000000000       79.9999999930       60.0000000000
point         1.0471975512        4.9509766826        3.4266037270      -40.0000000035        0.0000000000       60.0000000000
point         1.0471975512        5.8060099028        2.5715705068       80.0000000071        0.0000000000       60.0000000000
point         1.0471975512        5.2288624792        3.1487179304       -0.9999999989        0.0000000000       60.0000000000
point         1.1294731612        5.1948499511        3.1004548487       -0.0000000000       -9.9999999974       60.0000000033
point         1.0471975512        4.6659656092        3.7116148004      -80.0000000071        0.0000000000       60.0000000000
point         1.0471975512        5.2538009481        3.1237794614        2.5000000094        0.0000000000       60.0000000000
point         1.0471975512        5.9485154395        2.4290649701      100.0000000089        0.0000000000       60.0000000000
point         1.0471975512        5.2181745638        3.1594058457       -2.5000000094        0.0000000000       60.0000000000
point         1.0471975512        5.2716141401        3.1059662695        4.9999999943       -0.0000000000       60.0000000000
point         0.9649219412        5.2771255609        3.1827304585       -0.0000000000        9.9999999974       59.9999999967
point         1.0883353561        5.2154188535        3.1210237511        0.0000000000       -4.9999999916       60.0000000000
point         1.0471975512        5.2003613719        3.1772190377       -4.9999999943        0.0000000000       60.0000000000
point         1.0554251122        5.2318739755        3.1374788731        0.0000000000       -0.9999999983       60.0000000000
point         1.0471975512        5.2894273323        3.0881530773        7.5000000037        0.0000000000       60.0000000000
point         1.8699536509        4.8246097061        2.7302146038       -0.0000000000     -100.0000000019       60.0000000000
point         1.0060597463        5.2565566584        3.1621615560        0.0000000000        4.9999999916       60.0000000000
point         1.0389699902        5.2401015365        3.1457064341        0.0000000000        0.9999999983       60.0000000000
point         1.0471975512        5.1825481797        3.1950322299       -7.5000000037        0.0000000000       60.0000000000
point         1.0471975512        5.3072405242        3.0703398853        9.9999999886       -0.0000000000       60.0000000000
point         1.3762999910        5.0714365360        2.9770414336        0.0000000000      -40.0000000036       59.9999999967
point         1.0677664537        5.2257033048        3.1313082024        0.0000000000       -2.4999999958       60.0000000000
point         1.0266286487        5.2462722072        3.1518771048       -0.0000000000        2.4999999958       60.0000000000
point         0.7180951114        5.4005389760        3.3061438736        0.0000000000       40.0000000036       60.0000000033
point         1.0471975512        5.6635043661        2.7140760435       60.0000000053        0.0000000000       60.0000000000
point         1.1089042587        5.2051344023        3.1107392999        0.0000000000       -7.5000000016       60.0000000033
point         0.9854908437        5.2668411097        3.1724460073        0.0000000000        7.5000000016       59.9999999967
   |    35   |     34  |   0.30701E-02 |  0.59078E+01  |   0.213E-06 |
point         1.0471975512        5.1647349877        3.2128454219       -9.9999999886        0.0000000000       60.0000000000
point         0.5535438914        5.4828145858        3.3884194834       -0.0000000000       59.9999999983       59.9999999967
point         1.0471975512        5.2359877560        3.1415926536        0.0000000000        0.0000000000       60.0000000000
point         1.0554251122        5.2318739755        3.1374788731        0.0000000000       -0.9999999983       60.0000000000
point         1.0471975512        5.5209988294        2.8565815802       40.0000000035        0.0000000000       60.0000000000
point         1.1294731612        5.1948499511        3.1004548487       -0.0000000000       -9.9999999974       60.0000000033
point         1.0471975512        4.9509766826        3.4266037270      -40.0000000035        0.0000000000       60.0000000000
point         1.0389699902        5.2401015365        3.1457064341        0.0000000000        0.9999999983       60.0000000000
point         1.0471975512        5.6635043661        2.7140760435       60.0000000053        0.0000000000       60.0000000000
point         1.0677664537        5.2257033048        3.1313082024        0.0000000000       -2.4999999958       60.0000000000
point         1.0266286487        5.2462722072        3.1518771048       -0.0000000000        2.4999999958       60.0000000000
point         0.9649219412        5.2771255609        3.1827304585       -0.0000000000        9.9999999974       59.9999999967
point         1.0471975512        5.2716141401        3.1059662695        4.9999999943       -0.0000000000       60.0000000000
point         1.0883353561        5.2154188535        3.1210237511        0.0000000000       -4.9999999916       60.0000000000
point         1.0471975512        4.8084711459        3.5691092637      -60.0000000053        0.0000000000       60.0000000000
point         1.7054024309        4.9068853161        2.8124902138       -0.0000000000      -79.9999999930       60.0000000000
point         1.0471975512        5.2003613719        3.1772190377       -4.9999999943        0.0000000000       60.0000000000
point         1.3762999910        5.0714365360        2.9770414336        0.0000000000      -40.0000000036       59.9999999967
point         0.3889926715        5.5650901958        3.4706950934        0.0000000000       79.9999999930       60.0000000000
point         1.0471975512        5.2431130328        3.1344673768        0.9999999989        0.0000000000       60.0000000000
point         1.0471975512        5.2894273323        3.0881530773        7.5000000037        0.0000000000       60.0000000000
point         1.0060597463        5.2565566584        3.1621615560        0.0000000000        4.9999999916       60.0000000000
point         1.0471975512        5.8060099028        2.5715705068       80.0000000071        0.0000000000       60.0000000000
point         1.8699536509        4.8246097061        2.7302146038       -0.0000000000     -100.0000000019       60.0000000000
point         1.0471975512        5.1825481797        3.1950322299       -7.5000000037        0.0000000000       60.0000000000
point         1.0471975512        5.2288624792        3.1487179304       -0.9999999989        0.0000000000       60.0000000000
point         1.1089042587        5.2051344023        3.1107392999        0.0000000000       -7.5000000016       60.0000000033
point         1.0471975512        5.3072405242        3.0703398853        9.9999999886       -0.0000000000       60.0000000000
point         1.0471975512        4.6659656092        3.7116148004      -80.0000000071        0.0000000000       60.0000000000
point         1.0471975512        5.2538009481        3.1237794614        2.5000000094        0.0000000000       60.0000000000
point         0.9854908437        5.2668411097        3.1724460073        0.0000000000        7.5000000016       59.9999999967
point         0.7180951114        5.4005389760        3.3061438736        0.0000000000       40.0000000036       60.0000000033
point         1.0471975512        5.2181745638        3.1594058457       -2.5000000094        0.0000000000       60.0000000000
point         1.0471975512        5.9485154395        2.4290649701      100.0000000089        0.0000000000       60.0000000000
   |    36   |     34  |   0.30701E-02 |  0.59078E+01  |   0.237E-06 |
point         1.0471975512        5.1647349877        3.2128454219       -9.9999999886        0.0000000000       60.0000000000
point         0.5535438914        5.4828145858        3.3884194834       -0.0000000000       59.9999999983       59.9999999967
point         1.0883353561        5.2154188535        3.1210237511        0.0000000000       -4.9999999916       60.0000000000
point         1.0554251122        5.2318739755        3.1374788731        0.0000000000       -0.9999999983       60.0000000000
point         1.0471975512        5.5209988294        2.8565815802       40.0000000035        0.0000000000       60.0000000000
point         1.7054024309        4.9068853161        2.8124902138       -0.0000000000      -79.9999999930       60.0000000000
point         1.0060597463        5.2565566584        3.1621615560        0.0000000000        4.9999999916       60.0000000000
point         1.0471975512        4.9509766826        3.4266037270      -40.0000000035        0.0000000000       60.0000000000
point         0.3889926715        5.5650901958        3.4706950934        0.0000000000       79.9999999930       60.0000000000
point         1.0389699902        5.2401015365        3.1457064341        0.0000000000        0.9999999983       60.0000000000
point         1.1089042587        5.2051344023        3.1107392999        0.0000000000       -7.5000000016       60.0000000033
point         1.1294731612        5.1948499511        3.1004548487       -0.0000000000       -9.9999999974       60.0000000033
point         1.0677664537        5.2257033048        3.1313082024        0.0000000000       -2.4999999958       60.0000000000
point         0.9854908437        5.2668411097        3.1724460073        0.0000000000        7.5000000016       59.9999999967
point         1.0266286487        5.2462722072        3.1518771048       -0.0000000000        2.4999999958       60.0000000000
point         1.0471975512        5.2716141401        3.1059662695        4.9999999943       -0.0000000000       60.0000000000
point         0.9649219412        5.2771255609        3.1827304585       -0.0000000000        9.9999999974       59.9999999967
point         1.0471975512        5.2359877560        3.1415926536        0.0000000000        0.0000000000       60.0000000000
point         1.0471975512        4.8084711459        3.5691092637      -60.0000000053        0.0000000000       60.0000000000
point         1.0471975512        5.2003613719        3.1772190377       -4.9999999943        0.0000000000       60.0000000000
point         1.0471975512        5.2894273323        3.0881530773        7.5000000037        0.0000000000       60.0000000000
point         1.0471975512        5.2431130328        3.1344673768        0.9999999989        0.0000000000       60.0000000000
point         1.0471975512        5.8060099028        2.5715705068       80.0000000071        0.0000000000       60.0000000000
point         1.0471975512        5.6635043661        2.7140760435       60.0000000053        0.0000000000       60.0000000000
point         1.8699536509        4.8246097061        2.7302146038       -0.0000000000     -100.0000000019       60.0000000000
point         1.0471975512        5.2288624792        3.1487179304       -0.9999999989        0.0000000000       60.0000000000
point         1.3762999910        5.0714365360        2.9770414336        0.0000000000      -40.0000000036       59.9999999967
point         1.0471975512        5.2538009481        3.1237794614        2.5000000094        0.0000000000       60.0000000000
point         0.7180951114        5.4005389760        3.3061438736        0.0000000000       40.0000000036       60.0000000033
point         1.0471975512        5.2181745638        3.1594058457       -2.5000000094        0.0000000000       60.0000000000
point         1.0471975512        5.1825481797        3.1950322299       -7.5000000037        0.0000000000       60.0000000000
point         1.0471975512        5.3072405242        3.0703398853        9.9999999886       -0.0000000000       60.0000000000
point         1.0471975512        4.6659656092        3.7116148004      -80.0000000071        0.0000000000       60.0000000000
point         1.0471975512        5.9485154395        2.4290649701      100.0000000089        0.0000000000       60.0000000000
   |    37   |     34  |   0.30701E-02 |  0.59078E+01  |   0.649E-07 |
point         1.0471975512        5.1647349877        3.2128454219       -9.9999999886        0.0000000000       60.0000000000
point         0.5535438914        5.4828145858        3.3884194834       -0.0000000000       59.9999999983       59.9999999967
point         1.0883353561        5.2154188535        3.1210237511        0.0000000000       -4.9999999916       60.0000000000
point         1.0471975512        4.8084711459        3.5691092637      -60.0000000053        0.0000000000       60.0000000000
point         1.0471975512        5.5209988294        2.8565815802       40.0000000035        0.0000000000       60.0000000000
point         1.7054024309        4.9068853161        2.8124902138       -0.0000000000      -79.9999999930       60.0000000000
point         1.0060597463        5.2565566584        3.1621615560        0.0000000000        4.9999999916       60.0000000000
point         1.0471975512        4.9509766826        3.4266037270      -40.0000000035        0.0000000000       60.0000000000
point         0.3889926715        5.5650901958        3.4706950934        0.0000000000       79.9999999930       60.0000000000
point         1.0471975512        5.8060099028        2.5715705068       80.0000000071        0.0000000000       60.0000000000
point         1.1294731612        5.1948499511        3.1004548487       -0.0000000000       -9.9999999974       60.0000000033
point         1.0471975512        5.6635043661        2.7140760435       60.0000000053        0.0000000000       60.0000000000
point         1.1089042587        5.2051344023        3.1107392999        0.0000000000       -7.5000000016       60.0000000033
point         1.8699536509        4.8246097061        2.7302146038       -0.0000000000     -100.0000000019       60.0000000000
point         1.0471975512        4.6659656092        3.7116148004      -80.0000000071        0.0000000000       60.0000000000
point         0.9854908437        5.2668411097        3.1724460073        0.0000000000        7.5000000016       59.9999999967
point         1.0471975512        5.9485154395        2.4290649701      100.0000000089        0.0000000000       60.0000000000
point         1.0471975512        5.2716141401        3.1059662695        4.9999999943       -0.0000000000       60.0000000000
point         0.9649219412        5.2771255609        3.1827304585       -0.0000000000        9.9999999974       59.9999999967
point         1.0471975512        5.2359877560        3.1415926536        0.0000000000        0.0000000000       60.0000000000
point         1.0554251122        5.2318739755        3.1374788731        0.0000000000       -0.9999999983       60.0000000000
point         1.0471975512        5.2431130328        3.1344673768        0.9999999989        0.0000000000       60.0000000000
point         1.0389699902        5.2401015365        3.1457064341        0.0000000000        0.9999999983       60.0000000000
point         1.3762999910        5.0714365360        2.9770414336        0.0000000000      -40.0000000036       59.9999999967
point         1.0471975512        5.2288624792        3.1487179304       -0.9999999989        0.0000000000       60.0000000000
point         1.0677664537        5.2257033048        3.1313082024        0.0000000000       -2.4999999958       60.0000000000
point         1.0471975512        5.2538009481        3.1237794614        2.5000000094        0.0000000000       60.0000000000
point         1.0266286487        5.2462722072        3.1518771048       -0.0000000000        2.4999999958       60.0000000000
point         0.7180951114        5.4005389760        3.3061438736        0.0000000000       40.0000000036       60.0000000033
point         1.0471975512        5.2181745638        3.1594058457       -2.5000000094        0.0000000000       60.0000000000
point         1.0471975512        5.2003613719        3.1772190377       -4.9999999943        0.0000000000       60.0000000000
point         1.0471975512        5.2894273323        3.0881530773        7.5000000037        0.0000000000       60.0000000000
point         1.0471975512        5.1825481797        3.1950322299       -7.5000000037        0.0000000000       60.0000000000
point         1.0471975512        5.3072405242        3.0703398853        9.9999999886       -0.0000000000       60.0000000000
   |    38   |     34  |   0.30701E-02 |  0.59078E+01  |   0.206E-06 |
point         1.0471975512        5.2716141401        3.1059662695        4.9999999943       -0.0000000000       60.0000000000
point         0.5535438914        5.4828145858        3.3884194834       -0.0000000000       59.9999999983       59.9999999967
point         1.0883353561        5.2154188535        3.1210237511        0.0000000000       -4.9999999916       60.0000000000
point         1.0471975512        5.2359877560        3.1415926536        0.0000000000        0.0000000000       60.0000000000
point         1.0554251122        5.2318739755        3.1374788731        0.0000000000       -0.9999999983       60.0000000000
point         1.0471975512        5.2003613719        3.1772190377       -4.9999999943        0.0000000000       60.0000000000
point         1.7054024309        4.9068853161        2.8124902138       -0.0000000000      -79.9999999930       60.0000000000
point         1.0471975512        5.2431130328        3.1344673768        0.9999999989        0.0000000000       60.0000000000
point         1.0471975512        5.2894273323        3.0881530773        7.5000000037        0.0000000000       60.0000000000
point         0.3889926715        5.5650901958        3.4706950934        0.0000000000       79.9999999930       60.0000000000
point         1.0060597463        5.2565566584        3.1621615560        0.0000000000        4.9999999916       60.0000000000
point         1.0389699902        5.2401015365        3.1457064341        0.0000000000        0.9999999983       60.0000000000
point         1.0471975512        5.1825481797        3.1950322299       -7.5000000037        0.0000000000       60.0000000000
point         1.0471975512        5.2288624792        3.1487179304       -0.9999999989        0.0000000000       60.0000000000
point         1.1294731612        5.1948499511        3.1004548487       -0.0000000000       -9.9999999974       60.0000000033
point         1.1089042587        5.2051344023        3.1107392999        0.0000000000       -7.5000000016       60.0000000033
point         1.0471975512        5.3072405242        3.0703398853        9.9999999886       -0.0000000000       60.0000000000
point         1.0471975512        5.2538009481        3.1237794614        2.5000000094        0.0000000000       60.0000000000
point         0.9854908437        5.2668411097        3.1724460073        0.0000000000        7.5000000016       59.9999999967
point         1.0471975512        5.1647349877        3.2128454219       -9.9999999886        0.0000000000       60.0000000000
point         1.0471975512        5.2181745638        3.1594058457       -2.5000000094        0.0000000000       60.0000000000
point         1.0471975512        4.8084711459        3.5691092637      -60.0000000053        0.0000000000       60.0000000000
point         1.0471975512        5.5209988294        2.8565815802       40.0000000035        0.0000000000       60.0000000000
point         0.9649219412        5.2771255609        3.1827304585       -0.0000000000        9.9999999974       59.9999999967
point         1.0471975512        4.9509766826        3.4266037270      -40.0000000035        0.0000000000       60.0000000000
point         1.0471975512        5.8060099028        2.5715705068       80.0000000071        0.0000000000       60.0000000000
point         1.8699536509        4.8246097061        2.7302146038       -0.0000000000     -100.0000000019       60.0000000000
point         1.0471975512        5.6635043661        2.7140760435       60.0000000053        0.0000000000       60.0000000000
point         1.0677664537        5.2257033048        3.1313082024        0.0000000000       -2.4999999958       60.0000000000
point         1.3762999910        5.0714365360        2.9770414336        0.0000000000      -40.0000000036       59.9999999967
point         1.0266286487        5.2462722072        3.1518771048       -0.0000000000        2.4999999958       60.0000000000
point         0.7180951114        5.4005389760        3.3061438736        0.0000000000       40.0000000036       60.0000000033
point         1.0471975512        4.6659656092        3.7116148004      -80.0000000071        0.0000000000       60.0000000000
point         1.0471975512        5.9485154395        2.4290649701      100.0000000089        0.0000000000       60.0000000000
   |    39   |     34  |   0.30701E-02 |  0.59078E+01  |   0.148E-06 |
point         1.0471975512        5.1647349877        3.2128454219       -9.9999999886        0.0000000000       60.0000000000
point         1.0471975512        5.2716141401        3.1059662695        4.9999999943       -0.0000000000       60.0000000000
point         1.0883353561        5.2154188535        3.1210237511        0.0000000000       -4.9999999916       60.0000000000
point         1.0554251122        5.2318739755        3.1374788731        0.0000000000       -0.9999999983       60.0000000000
point         1.0471975512        4.8084711459        3.5691092637      -60.0000000053        0.0000000000       60.0000000000
point         1.0471975512        5.5209988294        2.8565815802       40.0000000035        0.0000000000       60.0000000000
point         1.0471975512        5.2003613719        3.1772190377       -4.9999999943        0.0000000000       60.0000000000
point         1.1294731612        5.1948499511        3.1004548487       -0.0000000000       -9.9999999974       60.0000000033
point         1.0060597463        5.2565566584        3.1621615560        0.0000000000        4.9999999916       60.0000000000
point         1.0471975512        4.9509766826        3.4266037270      -40.0000000035        0.0000000000       60.0000000000
point         1.0471975512        5.8060099028        2.5715705068       80.0000000071        0.0000000000       60.0000000000
point         1.0389699902        5.2401015365        3.1457064341        0.0000000000        0.9999999983       60.0000000000
point         1.0471975512        5.6635043661        2.7140760435       60.0000000053        0.0000000000       60.0000000000
point         1.1089042587        5.2051344023        3.1107392999        0.0000000000       -7.5000000016       60.0000000033
point         1.0471975512        4.6659656092        3.7116148004      -80.0000000071        0.0000000000       60.0000000000
point         1.0677664537        5.2257033048        3.1313082024        0.0000000000       -2.4999999958       60.0000000000
point         0.9854908437        5.2668411097        3.1724460073        0.0000000000        7.5000000016       59.9999999967
point         1.0471975512        5.9485154395        2.4290649701      100.0000000089        0.0000000000       60.0000000000
point         0.5535438914        5.4828145858        3.3884194834       -0.0000000000       59.9999999983       59.9999999967
point         1.0266286487        5.2462722072        3.1518771048       -0.0000000000        2.4999999958       60.0000000000
point         0.9649219412        5.2771255609        3.1827304585       -0.0000000000        9.9999999974       59.9999999967
point         1.7054024309        4.9068853161        2.8124902138       -0.0000000000      -79.9999999930       60.0000000000
point         1.0471975512        5.2359877560        3.1415926536        0.0000000000        0.0000000000       60.0000000000
point         1.0471975512        5.2894273323        3.0881530773        7.5000000037        0.0000000000       60.0000000000
point         0.3889926715        5.5650901958        3.4706950934        0.0000000000       79.9999999930       60.0000000000
point         1.0471975512        5.2431130328        3.1344673768        0.9999999989        0.0000000000       60.0000000000
point         1.0471975512        5.1825481797        3.1950322299       -7.5000000037        0.0000000000       60.0000000000
point         1.8699536509        4.8246097061        2.7302146038       -0.0000000000     -100.0000000019       60.0000000000
point         1.3762999910        5.0714365360        2.9770414336        0.0000000000      -40.0000000036       59.9999999967
point         1.0471975512        5.3072405242        3.0703398853        9.9999999886       -0.0000000000       60.0000000000
point         1.0471975512        5.2288624792        3.1487179304       -0.9999999989        0.0000000000       60.0000000000
point         1.0471975512        5.2538009481        3.1237794614        2.5000000094        0.0000000000       60.0000000000
point         0.7180951114        5.4005389760        3.3061438736        0.0000000000       40.0000000036       60.0000000033
point         1.0471975512        5.2181745638        3.1594058457       -2.5000000094        0.0000000000       60.0000000000
   |    40   |     34  |   0.30701E-02 |  0.59078E+01  |   0.806E-08 |
point         1.0471975512        5.2716141401        3.1059662695        4.9999999943       -0.0000000000       60.0000000000
point         0.5535438914        5.4828145858        3.3884194834       -0.0000000000       59.9999999983       59.9999999967
point         1.0554251122        5.2318739755        3.1374788731        0.0000000000       -0.9999999983       60.0000000000
point         1.0883353561        5.2154188535        3.1210237511        0.0000000000       -4.9999999916       60.0000000000
point         1.0471975512        5.2003613719        3.1772190377       -4.9999999943        0.0000000000       60.0000000000
point         1.7054024309        4.9068853161        2.8124902138       -0.0000000000      -79.9999999930       60.0000000000
point         1.1294731612        5.1948499511        3.1004548487       -0.0000000000       -9.9999999974       60.0000000033
point         1.0471975512        5.2894273323        3.0881530773        7.5000000037        0.0000000000       60.0000000000
point         1.0389699902        5.2401015365        3.1457064341        0.0000000000        0.9999999983       60.0000000000
point         0.3889926715        5.5650901958        3.4706950934        0.0000000000       79.9999999930       60.0000000000
point         1.0060597463        5.2565566584        3.1621615560        0.0000000000        4.9999999916       60.0000000000
point         1.0471975512        5.1825481797        3.1950322299       -7.5000000037        0.0000000000       60.0000000000
point         1.8699536509        4.8246097061        2.7302146038       -0.0000000000     -100.0000000019       60.0000000000
point         1.0677664537        5.2257033048        3.1313082024        0.0000000000       -2.4999999958       60.0000000000
point         1.1089042587        5.2051344023        3.1107392999        0.0000000000       -7.5000000016       60.0000000033
point         1.0471975512        5.3072405242        3.0703398853        9.9999999886       -0.0000000000       60.0000000000
point         1.0266286487        5.2462722072        3.1518771048       -0.0000000000        2.4999999958       60.0000000000
point         0.9854908437        5.2668411097        3.1724460073        0.0000000000        7.5000000016       59.9999999967
point         1.0471975512        5.1647349877        3.2128454219       -9.9999999886        0.0000000000       60.0000000000
point         0.9649219412        5.2771255609        3.1827304585       -0.0000000000        9.9999999974       59.9999999967
point         1.0471975512        5.5209988294        2.8565815802       40.0000000035        0.0000000000       60.0000000000
point         1.0471975512        4.8084711459        3.5691092637      -60.0000000053        0.0000000000       60.0000000000
point         1.0471975512        5.2359877560        3.1415926536        0.0000000000        0.0000000000       60.0000000000
point         1.0471975512        4.9509766826        3.4266037270      -40.0000000035        0.0000000000       60.0000000000
point         1.3762999910        5.0714365360        2.9770414336        0.0000000000      -40.0000000036       59.9999999967
point         1.0471975512        5.6635043661        2.7140760435       60.0000000053        0.0000000000       60.0000000000
point         1.0471975512        5.8060099028        2.5715705068       80.0000000071        0.0000000000       60.0000000000
point         1.0471975512        5.2431130328        3.1344673768        0.9999999989        0.0000000000       60.0000000000
point         1.0471975512        4.6659656092        3.7116148004      -80.0000000071        0.0000000000       60.0000000000
point         1.0471975512        5.2288624792        3.1487179304       -0.9999999989        0.0000000000       60.0000000000
point         0.7180951114        5.4005389760        3.3061438736        0.0000000000       40.0000000036       60.0000000033
point         1.0471975512        5.9485154395        2.4290649701      100.0000000089        0.0000000000       60.0000000000
point         1.0471975512        5.2538009481        3.1237794614        2.5000000094        0.0000000000       60.0000000000
point         1.0471975512        5.2181745638        3.1594058457       -2.5000000094        0.0000000000       60.0000000000
   |    41   |     34  |   0.30701E-02 |  0.59078E+01  |   0.282E-07 |

Watson Alpha parameter  0.1000 fitted with rms2 = 


Potential parameters rounded in accord. with their standart errors

rC  0  0  0  0  0  0  0  0  0  0  0  0   0   1.4216743    
rO  0  0  0  0  0  0  0  0  0  0  0  0   0  0.95631445    
rC  0  0  0  0  0  0  0  0  0  0  0  0   0   1.0906121    
aH  0  0  0  0  0  0  0  0  0  0  0  0   0   108.10210    
aH  0  0  0  0  0  0  0  0  0  0  0  0   0   110.28975    
a1  0  0  0  0  0  0  0  0  0  0  0  0   0   2.1702389    
a2  0  0  0  0  0  0  0  0  0  0  0  0   0   2.5539218    
b1  0  0  0  0  0  0  0  0  0  0  0  0   0   1.8574419    
 f  0  0  0  0  0  0  0  0  0  0  0  0   9   -25373352.88133    (      85)
 f  0  0  0  0  0  0  0  0  0  1  0  1   9           804.861    (      19)
 f  0  0  0  0  0  0  0  0  0  2  0  0   9          19710.54    (      17)
 f  0  0  0  0  0  0  0  0  0  2  0  1   9           -264.67    (      54)
 f  0  0  0  0  0  0  0  0  0  1  2  0   9            5978.7    (      16)
 h  0  0  0  0  0  0  0  0  0  2  1 -1   9            828.46    (      16)
 f  0  0  0  0  0  0  0  0  0  4  0  0   9              78.6    (      74)
 f  0  0  0  0  0  0  0  0  0  4  0  1   9             -177.    (      18)
 f  0  0  0  0  0  0  0  0  0  5  0  0   9            -238.0    (      44)
 f  0  0  0  0  0  0  0  0  0  4  2  0   9             -837.    (     120)
 f  0  0  0  0  0  0  0  0  0  2  4  0   9              183.    (      44)
 f  0  0  0  0  0  0  0  0  0  7  0  0   9             -32.3    (      56)
 f  0  0  0  0  0  0  0  0  0  8  0  0   9              60.9    (      91)
 f  0  0  0  0  0  0  0  0  0  8  0  1   9              -76.    (      19)
------------------------------
*  FITTING OF THE POTENTIAL PARAMETERS TO AB INITIO DATA                        
*                                                                               
*  2016                                                                         
*  C2H6                                                                         
      rCOe                        0          1.42167426
      rOHe                        0          0.95631445
       rCH                        0          1.09061209
      aHOC                        0        108.10210467
      aHCO                        0        110.28974516
        a1                        0          2.17023887
        a2                        0          2.55392176
        b1                        0          1.85744195
 f   0   0   0   0   0   0   0   0   0   0   0   0   9  -25373352.88133481
 f   0   0   0   0   0   0   0   0   0   1   0   1   9        804.86129791
 f   0   0   0   0   0   0   0   0   0   2   0   0   9      19710.54381455
 f   0   0   0   0   0   0   0   0   0   2   0   1   9       -264.66770610
 f   0   0   0   0   0   0   0   0   0   1   2   0   9       5978.73717565
 h   0   0   0   0   0   0   0   0   0   2   1  -1   9        828.46493471
 f   0   0   0   0   0   0   0   0   0   4   0   0   9         78.64139848
 f   0   0   0   0   0   0   0   0   0   4   0   1   9       -176.65417700
 f   0   0   0   0   0   0   0   0   0   5   0   0   9       -237.99073778
 f   0   0   0   0   0   0   0   0   0   4   2   0   9       -836.68243634
 f   0   0   0   0   0   0   0   0   0   2   4   0   9        183.18048382
 f   0   0   0   0   0   0   0   0   0   7   0   0   9        -32.30043529
 f   0   0   0   0   0   0   0   0   0   8   0   0   9         60.90303155
 f   0   0   0   0   0   0   0   0   0   8   0   1   9        -75.52621796

   ------------------------------------------------------------------
   |   iter  |  points |    deviat     |     rms       |  stability  |
   ------------------------------------------------------------------

Correlation coefficients larger than 0.9: 
          corr(   2,   6) =  0.9484241
          corr(   7,   8) =  0.9566854
          corr(   7,  10) =  0.9859107
          corr(   7,  13) =  0.9795924
          corr(   7,  14) =  0.9681623
          corr(   8,  10) =  0.9906106
          corr(   8,  11) =  0.9616472
          corr(   8,  13) =  0.9716771
          corr(   8,  14) =  0.9551415
          corr(  10,  11) =  0.9239435
          corr(  10,  13) =  0.9870180
          corr(  10,  14) =  0.9767147
          corr(  13,  14) =  0.9588225

               --------------------------------------------------------------------------------
               :     old parm   :     new parm   :  delta parm  :   std. err.  : sensitility
               --------------------------------------------------------------------------------
  1  f          :  -25373352.88  :  -25373352.88  :         0.000:         0.001:         0.000:!
  2  f          :        804.86  :        804.86  :        -0.000:         0.019:         0.000:!
  3  f          :      19710.54  :      19710.54  :         0.000:         0.171:         0.000:!
  4  f          :       -264.67  :       -264.67  :         0.000:         0.544:         0.001:!
  5  f          :       5978.74  :       5978.74  :        -0.000:         1.588:         0.000:!
  6  h          :        828.46  :        828.46  :         0.000:         0.163:         0.001:!
  7  f          :         78.64  :         78.64  :        -0.000:         7.440:         0.000:!
  8  f          :       -176.65  :       -176.65  :        -0.000:        17.826:         0.001:!
  9  f          :       -237.99  :       -237.99  :        -0.000:         4.422:         0.000:!
 10  f          :       -836.68  :       -836.68  :        -0.000:       119.525:         0.003:!
 11  f          :        183.18  :        183.18  :         0.000:        43.684:         0.001:!
 12  f          :        -32.30  :        -32.30  :         0.000:         5.593:         0.000:!
 13  f          :         60.90  :         60.90  :         0.000:         9.103:         0.000:!
 14  f          :        -75.53  :        -75.53  :        -0.000:        18.644:         0.000:!

   ------------------------------------------------------------------
   |   iter  |  points |    deviat     |     rms       |  stability  |
   ------------------------------------------------------------------

   -----------------------------------------------------------
   |  param  |  points |   deviat    |    rms      | stability |
   -----------------------------------------------------------
   |    14   |     34  |   0.30701E-02 |  0.11926E+04  |    0.282E-07 |

############################################################################################
