 --invoking executable--
/home/asmola/.local/bin/xjoda


   *************************************************************************
         <<<     CCCCCC     CCCCCC   |||     CCCCCC     CCCCCC   >>>
       <<<      CCC        CCC       |||    CCC        CCC         >>>
      <<<      CCC        CCC        |||   CCC        CCC            >>>
    <<<        CCC        CCC        |||   CCC        CCC              >>>
      <<<      CCC        CCC        |||   CCC        CCC            >>>
       <<<      CCC        CCC       |||    CCC        CCC         >>>
         <<<     CCCCCC     CCCCCC   |||     CCCCCC     CCCCCC   >>>
   *************************************************************************

     ****************************************************************
     * CFOUR Coupled-Cluster techniques for Computational Chemistry *
     ****************************************************************
 

   Department of Chemistry                Institut fuer Physikalische Chemie
   University of Florida                  Universitaet Mainz
   Gainesville, FL 32611, USA             D-55099 Mainz, Germany

   Department of Chemistry                Fakultaet fuer Chemie und Biowiss.
   Johns Hopkins University               Karlsruher Institut fuer Technologie
   Baltimore, MD 21218, USA               D-76131 Karlsruhe, Germany

   Department of Chemistry                Department of Physical Chemistry
   Southern Methodist University          Eotvos Lorand University
   Dallas, TX 75275, USA                  H-1053 Budapest, Hungary

 
                       Version 2.1
 
                     vincent.theory.phys.ucl.ac.uk                     
                     Thu 17 Jul 10:41:13 BST 2025                      
                     integer*8 version is running
 
********************************************************************************
*                          Input from ZMAT file                                *
********************************************************************************
Methanol DBOC calculation                                                       
C                                                                               
O 1 rco                                                                         
H 2 roh 1 acoh                                                                  
H 1 rch1 2 aoch1 3 ahh1                                                         
H 1 rch2 2 aoch2 3 ahh2                                                         
H 1 rch3 2 aoch3 3 ahh3                                                         
                                                                                
rco=1.42077677                                                                  
roh=0.96013932                                                                  
rch1=1.08924348                                                                 
rch2=1.08924348                                                                 
rch3=1.08924348                                                                 
acoh=108.12930637                                                               
aoch1=110.16192385                                                              
aoch2=110.16192385                                                              
aoch3=110.16192385                                                              
ahh1=107.14045208                                                               
ahh2=156.42977396                                                               
ahh3=276.42977396                                                               
                                                                                
                                                                                
*CFOUR(CALC=CCSD,BASIS=AUG-PCVTZ,SCF_CONV=8                                     
CC_CONV=10,DBOC=ON,MEMORY=5000000000)                                           
********************************************************************************
  @GTFLGS-I, Hessian will be transformed to curvilinear coordinates.
    -------------------------------------------------------------------
                    CFOUR Control Parameters 
    -------------------------------------------------------------------
        External           Internal           Value            Units
          Name               Name
    -------------------------------------------------------------------
       ABCDTYPE             IABCDT         STANDARD    [  0]    ***   
       ANHARMONIC           IANHAR         OFF         [  0]    ***   
       ANH_ALGORIT          IANALG         STANDARD    [  0]    ***   
       ANH_DERIVAT          IANDER         SECOND      [  1]    ***   
       ANH_MODE             ANHMOD         VIBRATION   [  0]    ***   
       ANH_STEPSIZ          ICUBST             50000          x 10-6  
       ANH_SYMMETR          IANHSM         ABELIAN     [  0]    ***   
       AO_LADDERS           IAOLAD         SINGLEPASS  [  1]    ***   
       AV_SCF               IAVSCF         OFF         [  0]    ***   
       BASIS                IBASIS         AUG-PCVTZ   [ 51]    ***   
       BOTHVECTORS          BOTHVC         OFF         [  0]    ***   
       BOX_POTENT           IPIAB          OFF         [  0]    ***   
       BREIT                IBREIT         OFF         [  0]    ***   
       BRUCK_CONV           IBRTOL          10D-  4             ***   
       BRUECKNER            IBRKNR         OFF         [  0]    ***   
       BUFFERSIZE           IBUFFS              4096            ***   
       CACHE_RECS           ICHREC             10               ***   
       CALCLEVEL            ICLLVL         CCSD        [ 10]    ***   
       CCORBOPT             ICCORB         OFF         [  0]  x 0.01  
       CC_CONV              ICCCNV          10D- 10             ***   
       CC_EXPORDER          ICCEOR              5               ***   
       CC_EXTRAPOL          ICCEXT         DIIS        [  1]    ***   
       CC_GUESS             ICCGES         MP2         [  0]    ***   
       CC_MAXCYC            ICCCYC            100              cycles 
       CC_PROGRAM           ICCPRO         VCC         [  0]    ***   
       CHARGE               ICHRGE              0               ***   
       CHOLESKY             ICHOLE         OFF         [  0]    ***   
       CIS_CONV             ICISTL              5               ***   
       COMM_SIZE            IPSIZE            ***               ***   
       CONSTANT             ICONST         OLD         [  1]    ***   
       CONTINUUM            ICONTU         NONE        [  0]    ***   
       CONTRACTION          ICNTYP         GENERAL     [  1]    ***   
       COORDINATES          ICOORD         INTERNAL    [  0]    ***   
       CPHF_CONVER          ICPHFT          10D- 16             ***   
       CPHF_MAXCYC          ICPHFC             64              cycles 
       CUBIC                ICUBIC         OFF         [  0]    ***   
       CURVILINEAR          ICURVY         ON          [  1]    ***   
       DBOC                 IDBOC          ON          [  1]    ***   
       DCT                  IDCT           OFF         [  0]    ***   
       DERIV_LEV            IDRLVL         SECOND      [  2]    ***   
       DEVMEM_SIZE          IDVMEM          50000000           MByte  
       DIAG_MRCC            IEOMST          10D-  0             ***   
       DIFF_TYPE            IDIFTY         RELAXED     [  0]    ***   
       DIRECT               IDIRCT         OFF         [  0]    ***   
       DROPMO               IDRPMO      NONE         
       ECP                  IECP           OFF         [  0]    ***   
       EIGENVECTOR          IVEC                1               ***   
       EL_ANHARM            IELANH         OFF         [  0]    ***   
       EOMFOLLOW            IEOMSR         ENERGY      [  0]    ***   
       EOMIP                IEOMIP         OFF         [  0]    ***   
       EOMLEVEL             HBARFM         SAME        [  0]    ***   
       EOM_MRCC             IMRCCE         NEW         [  1]    ***   
       EOM_NONIT            EOMNON         OFF         [  0]    ***   
       EOM_NSING            IEOMSI          10D-  0             ***   
       EOM_NSTATES          IMRCCD         DAVIDSON    [  0]    ***   
       EOM_NTRIP            IEOMTR          10D-  0             ***   
       EOM_ORDER            IEXORD         ENERGY      [  0]    ***   
       EOM_PROPSTA          IEOMST              0               ***   
       ESTATE_CONV          IEXTOL          10D-  5             ***   
       ESTATE_DIAG          IEXDIG         ITERATIVE   [  0]    ***   
       ESTATE_LOCK          IESLOC         ON          [  1]    ***   
       ESTATE_MAXC          IEXMXC             40               ***   
       ESTATE_PROP          IEXPRP         OFF         [  0]    ***   
       EVAL_HESS            IRECAL              0            # of cyc.
       EXCITATION           IEXCIT              0               ***   
       EXCITE               IEXCIT         NONE        [  0]    ***   
       EXTERN_POT           IEXPOT         OFF         [  0]    ***   
       FCGRADNEW            IFCGNW         OFF         [  0]    ***   
       FC_FIELD             IFINFC              0             x 10-6  
       FD_CALTYPE           IFDCAL         GRADONLY    [  0]    ***   
       FD_PROJECT           IFDPRJ         OFF         [  1]    ***   
       FD_STEPSIZE          IDISFD              0            10-4 bohr
       FD_USEGROUP          IFDGRP         FULL        [  0]    ***   
       FILE_RECSIZ          IFLREC              4096           words  
       FINITE_PERT          IFIPER              0             x 10-6  
       FIXGEOM              IFIXGM         OFF         [  0]    ***   
       FOCK                 IFOCK          AO          [  1]    ***   
       FREQ_ALGORI          IVIALG         STANDARD    [  0]    ***   
       FROZEN_CORE          IFROCO         OFF         [  0]    ***   
       GAMMA_ABCD           IGABCD         STORE       [  0]    ***   
       GAMMA_ABCI           IGABCI         STORE       [  0]    ***   
       GENBAS_1             IGNBS1              0               ***   
       GENBAS_2             IGNBS2              0               ***   
       GENBAS_3             IGNBS3              0               ***   
       GENBAS_4             IGNBS4              0               ***   
       GEO_CONV             ICONTL              5              H/bohr 
       GEO_MAXCYC           IOPTCY             50               ***   
       GEO_MAXSTEP          IMXSTP            300            millibohr
       GEO_METHOD           INR            SINGLE_POINT[  5]    ***   
       GIAO                 IGIAO          OFF         [  1]    ***   
       GIMIC                IGIMIC         OFF         [  0]    ***   
       GRID                 IGRID          OFF         [  0]    ***   
       GRID_ALGO            IGALGO         SERIAL      [  0]    ***   
       GUESS                IGUESS         MOREAD      [  0]    ***   
       HBAR                 IHBAR          OFF         [  0]    ***   
       HESS_TYPE            IHESTP         SCF         [  0]    ***   
       HF2_FILE             IHF2Fl         USE         [  1]    ***   
       HFSTABILITY          ISTABL         OFF         [  0]    ***   
       INCORE               INCORE         OFF         [  0]    ***   
       INPUT_MRCC           IMRCC          ON          [  1]    ***   
       INTEGRALS            INTTYP         VMOL        [  1]    ***   
       JODA_PRINT           IJPRNT              0               ***   
       KEYWORD_OUT          IDMPKW         NO          [  0]    ***   
       LINDEP_TOL           ILINDP              8               ***   
       LINEQ_CONV           IZTACN          10D-  7           cycles  
       LINEQ_EXPOR          ILMAXD              5               ***   
       LINEQ_MAXCY          ILMAXC            100               ***   
       LINEQ_TYPE           ILTYPE         DIIS        [  1]    ***   
       LOCK_ORBOCC          ILOCOC         OFF         [  0]    ***   
       MEMORY_SIZE          IMEMSZ         *********           words  
       MEM_UNIT             IMEMU          INTEGERWORDS[  0]    ***   
       MRCC                 IMRCCC         OFF         [  0]    ***   
       MULTIPLICTY          IMULTP              1               ***   
       NACOUPLING           IVCOUP         OFF         [  0]    ***   
       NEGEVAL              IDIE           ABORT       [  0]    ***   
       NEWNORM              INEWNO         OFF         [  0]    ***   
       NON-HF               INONHF         OFF         [  0]    ***   
       NTOP_TAMP            ITOPT2             15               ***   
       NUC_MODEL            INUCMO         POINT       [  0]    ***   
       OCCUPATION           IOCCU   ESTIMATED BY SCF 
       OPEN-SHELL           IOPEN          SPIN-ORBITAL[  0]    ***   
       OPTVIB               IOPTVB         OFF         [  0]    ***   
       ORBITALS             IORBTP         STANDARD    [  0]    ***   
       PARALLEL             IPARAL         ON          [  1]    ***   
       PARA_INT             IPINTS         ON          [  1]    ***   
       PARA_PRINT           IPPRIN              0               ***   
       PERT_ORB             IPTORB         STANDARD    [  0]    ***   
       POINTS               IGRDFD              0               ***   
       PRINT                IPRNT               0               ***   
       PROPS                IPROPS         OFF         [  0]    ***   
       PROP_INTEGR          IINTYP         INTERNAL    [  0]    ***   
       PSI                  IPSI           OFF         [  0]    ***   
       QC_ALG               IQCALG         FLM         [  0]    ***   
       QC_LINALG            IQCLIN         TRIDIAG     [  2]    ***   
       QC_MAXCYC            IQCMAX          10D-100           cycles  
       QC_MAXSCFCY          IQCMSC          10D- 15           cycles  
       QC_RTRUST            IQCRTR          10D-  0           x 10-3  
       QC_SKIPSCF           IQCSKI         OFF         [  0]    ***   
       QC_START             IQCSTA          10D-  1             ***   
       QRHFGUESS            IQGUES         OFF         [  0]    ***   
       QUARTIC              IQUART         OFF         [  0]    ***   
       RAMAN_INT            IRAMIN         OFF         [  0]    ***   
       RAMAN_ORB            IRAMRE         UNRELAXED   [  0]    ***   
       RDO                  IRDOFM         ON          [  1]    ***   
       REDUCE_REPR          REDREP         Ir          [  0]    ***   
       REFERENCE            IREFNC         RHF         [  0]    ***   
       RELATIVIST           IRELAT         OFF         [  0]    ***   
       RELAX_DENS           IRDENS         ON          [  1]    ***   
       RESET_FLAGS          IRESET         OFF         [  0]    ***   
       RESTART_CC           ICCRES         OFF         [  0]    ***   
       ROT_EVEC             ROTVEC              0               ***   
       SAVE_INTS            ISVINT         OFF         [  0]    ***   
       SCALE_ON             ISTCRT              0               ***   
       SCF_CONV             ISCFCV          10D-  8             ***   
       SCF_DAMPING          IDAMP               0             x 10-3  
       SCF_EXPORDE          IRPPOR              6               ***   
       SCF_EXPSTAR          IRPPLS              8               ***   
       SCF_EXTRAPO          IRPP           ON          [  1]    ***   
       SCF_MAXCYC           ISCFCY            150              cycles 
       SCF_NOSTOP           ISCFST         OFF         [  0]    ***   
       SCF_PRINT            ISCFPR              0               ***   
       SCF_PROG             ISCFPR         SCF         [  0]    ***   
       SD_FIELD             IFINSD              0             x 10-6  
       SOPERT               IPERSO         OFF         [  0]    ***   
       SPHERICAL            IDFGHI         ON          [  1]    ***   
       SPINORBIT            ISOCAL         OFF         [  0]    ***   
       SPINROTATIO          ISRCON         OFF         [  0]    ***   
       SPIN_FLIP            ISPFLP         OFF         [  0]    ***   
       SPIN_ORBIT           ISPORB         OFF         [  0]    ***   
       SPIN_SCAL            ISCSMP         OFF         [  0]    ***   
       STEEPSCALE           ISTPSC              1000          x 10-3  
       SUBGROUP             ISUBGP         DEFAULT     [  0]    ***   
       SUBGRPAXIS           ISBXYZ         X           [  0]    ***   
       SYMMETRY             ISYM           ON          [  0]    ***   
       SYM_CHECK            ISYMCK         OVERRIDE    [  1]    ***   
       T3_EXTRAPOL          IT3EXT         OFF         [  0]    ***   
       T4_EXTRAPOL          IT4EXP         OFF         [  0]    ***   
       TAMP_SUM             IEVERY              5               ***   
       TESTSUITE            ITESTS         OFF         [  0]    ***   
       THERMOCH             ITHERM         OFF         [  0]    ***   
       TOL_CHOLESK          ITOLCH          10D-  4             ***   
       TRANGRAD             IRESRM         OFF         [  0]    ***   
       TRANS_INV            ITRAIN         IGNORE      [  1]    ***   
       TREAT_PERT           ITREAT         SIMULTANEOUS[  0]    ***   
       TRIP_ALGORI          ITRALG         NORMAL      [  0]    ***   
       UIJ_THRESHO          IUIJTH              1               ***   
       UNITS                IUNITS         ANGSTROM    [  0]    ***   
       UNOS                 IUNOS          OFF         [  0]    ***   
       UPDATE_HESS          IHUPDT         ON          [  1]    ***   
       VIBPHASE             ISETPH         STANDARD    [  0]    ***   
       VIBRATION            IVIB           ANALYTIC    [  1]    ***   
       VIB_ALGORIT          IGEALG         STANDARD    [  0]    ***   
       VNATORB              IVNORB         OFF         [  0]    ***   
       VTRAN                IVTRAN         FULL/PARTIAL[  0]    ***   
       XFIELD               IXEFLD              0             x 10-6  
       XFORM_TOL            IXFTOL          10D- 11             ***   
       YFIELD               IYEFLD              0             x 10-6  
       ZFIELD               IZEFLD              0             x 10-6  
       ZSCALE_EXP           IZEXPS         OFF         [  0]    ***   
    -------------------------------------------------------------------
   6 entries found in Z-matrix 
   Job Title : Methanol DBOC calculation                                                       
   There are 12 unique internal coordinates.
   Of these,  0 will be optimized.
   User supplied Z-matrix: 
--------------------------------------------------------------------------------
       SYMBOL    BOND      LENGTH    ANGLE     ANGLE     DIHED     ANGLE
                  TO      (ANGST)    WRT      (DEG)      WRT      (DEG)
--------------------------------------------------------------------------------
        C    
        O          1         rco  
        H          2         roh        1        acoh 
        H          1         rch1       2        aoch1      3        ahh1 
        H          1         rch2       2        aoch2      3        ahh2 
        H          1         rch3       2        aoch3      3        ahh3 
                  *Initial values for internal coordinates* 
                      Name             Value
                        rco             1.4207767700
                        roh             0.9601393200
                        acoh          108.1293063700
                        rch1            1.0892434800
                        aoch1         110.1619238500
                        ahh1          107.1404520800
                        rch2            1.0892434800
                        aoch2         110.1619238500
                        ahh2          156.4297739600
                        rch3            1.0892434800
                        aoch3         110.1619238500
                        ahh3          276.4297739600
--------------------------------------------------------------------------------
   Rotational constants (in cm-1): 
          0.7787467552             0.8406893050             4.5480245171
   Rotational constants (in MHz): 
      23346.2436621750         25203.2348472025        136346.3640038743
********************************************************************************
   The full molecular point group is C1  .
   The largest Abelian subgroup of the full molecular point group is C1  .
   The computational point group is C1  .
********************************************************************************
--------------------------------------------------------------------------------
   Analysis of internal coordinates specified by Z-matrix 
--------------------------------------------------------------------------------
   *The nuclear repulsion energy is   40.591913000073625 a.u.
   *There are  12 degrees of freedom within the tot. symm. molecular subspace.
   *Z-matrix requests optimization of   0 coordinates.
   *The optimization is constrained.
   *The following  12 parameters can have non-zero 
    derivatives within the totally symmetric subspace:
             ahh3 [12]  aoch2[ 8]  aoch1[ 5]  aoch3[11]  acoh [ 3]  ahh2 [ 9]
             ahh1 [ 6]  rch3 [10]  rch1 [ 4]  rch2 [ 7]  roh  [ 2]  rco  [ 1]
   *The following   0 parameters are to be optimized:

   *The following coordinates must be varied in an  unconstrained optimization.
             ahh3 [12]  aoch2[ 8]  aoch1[ 5]  aoch3[11]  acoh [ 3]  ahh2 [ 9]
             ahh1 [ 6]  rch3 [10]  rch1 [ 4]  rch2 [ 7]  roh  [ 2]  rco  [ 1]
--------------------------------------------------------------------------------


 ----------------------------------------------------------------
         Coordinates used in calculation (QCOMP) 
 ----------------------------------------------------------------
 Z-matrix   Atomic            Coordinates (in bohr)
  Symbol    Number           X              Y              Z
 ----------------------------------------------------------------
     C         6        -1.36229234    -0.15663384     0.11905278
     O         8         1.29986452     0.09985431    -0.11698290
     H         1         2.07737139    -0.79788883     1.25472784
     H         1        -2.19346287     1.61947922     0.74473198
     H         1        -2.31271780     1.39311829    -0.84627426
     H         1        -1.98040231    -1.93445681    -0.71412308
 ----------------------------------------------------------------
 
   Interatomic distance matrix (Angstroms) 
 
                 C             O             H             H             H    
                [ 1]        [ 2]        [ 3]        [ 4]        [ 5]
  C    [ 1]     0.00000
  O    [ 2]     1.42078     0.00000
  H    [ 3]     1.94664     0.96014     0.00000
  H    [ 4]     1.08924     2.06685     2.61093     0.00000
  H    [ 5]     1.08924     2.06685     2.82442     0.85274     0.00000
  H    [ 6]     1.08924     2.06685     2.46131     2.03607     1.77102
 
                 H    
                [ 6]
  H    [ 6]     0.00000
 rotcon2
   Rotational constants (in cm-1): 
          4.5480245171             0.8406893050             0.7787467552
   Rotational constants (in MHz): 
     136346.3640038744         25203.2348472025         23346.2436621750
  ECPDATA file not present.   Using default ECPDATA. 
  @GTFLGS-I, Hessian will be transformed to curvilinear coordinates.
  There are  210 basis functions.
 @CHECKOUT-I, Total execution time (CPU/WALL):        0.18/       0.21 seconds.
--executable xjoda finished with status     0 in        0.25 seconds (walltime).
 --invoking executable--
/home/asmola/.local/bin/xvmol
 SERIAL VERSION OF MOLECULE STARTED
********************************************************************************
                    INPUT FROM MOL FILE
********************************************************************************
INTGRL        1    0    1    0    0    0    0    0    0                         
         *** CFOUR Program System (Release V0.1) ***                            
Methanol DBOC calculation                                                       
    6    0            0.10E-08              0    0                              
   9999.00      3.00                                                            
          6.00000000    1    4    1    1    1    1                              
C #1  -1.362292343776086  -0.156633835377655   0.119052778545134                
   13    7                                                                      
   8236.00000000000       5.310000000000000E-004 -1.130000000000000E-004        
  0.000000000000000E+000  0.000000000000000E+000  0.000000000000000E+000        
  0.000000000000000E+000  0.000000000000000E+000                                
   1235.00000000000       4.108000000000000E-003 -8.780000000000000E-004        
  0.000000000000000E+000  0.000000000000000E+000  0.000000000000000E+000        
  0.000000000000000E+000  0.000000000000000E+000                                
   280.800000000000       2.108700000000000E-002 -4.540000000000000E-003        
  0.000000000000000E+000  0.000000000000000E+000  0.000000000000000E+000        
  0.000000000000000E+000  0.000000000000000E+000                                
   79.2700000000000       8.185300000000000E-002 -1.813300000000000E-002        
  0.000000000000000E+000  0.000000000000000E+000  0.000000000000000E+000        
  0.000000000000000E+000  0.000000000000000E+000                                
   25.5900000000000       0.234817000000000      -5.576000000000000E-002        
  0.000000000000000E+000  0.000000000000000E+000  0.000000000000000E+000        
  0.000000000000000E+000  0.000000000000000E+000                                
   8.99700000000000       0.434401000000000      -0.126895000000000             
  0.000000000000000E+000  0.000000000000000E+000  0.000000000000000E+000        
  0.000000000000000E+000  0.000000000000000E+000                                
   3.31900000000000       0.346129000000000      -0.170352000000000             
  0.000000000000000E+000  0.000000000000000E+000  0.000000000000000E+000        
  0.000000000000000E+000  0.000000000000000E+000                                
  0.905900000000000       3.937800000000000E-002  0.140382000000000             
   1.00000000000000       0.000000000000000E+000  0.000000000000000E+000        
  0.000000000000000E+000  0.000000000000000E+000                                
  0.364300000000000      -8.983000000000000E-003  0.598684000000000             
  0.000000000000000E+000  0.000000000000000E+000  0.000000000000000E+000        
  0.000000000000000E+000  0.000000000000000E+000                                
  0.128500000000000       2.385000000000000E-003  0.395389000000000             
  0.000000000000000E+000   1.00000000000000       0.000000000000000E+000        
  0.000000000000000E+000  0.000000000000000E+000                                
   4.29200000000000       0.000000000000000E+000  0.000000000000000E+000        
  0.000000000000000E+000  0.000000000000000E+000   1.00000000000000             
  0.000000000000000E+000  0.000000000000000E+000                                
   11.8760000000000       0.000000000000000E+000  0.000000000000000E+000        
  0.000000000000000E+000  0.000000000000000E+000  0.000000000000000E+000        
   1.00000000000000       0.000000000000000E+000                                
  4.402000000000000E-002  0.000000000000000E+000  0.000000000000000E+000        
  0.000000000000000E+000  0.000000000000000E+000  0.000000000000000E+000        
  0.000000000000000E+000   1.00000000000000                                     
    8    6                                                                      
   18.7100000000000       1.403100000000000E-002  0.000000000000000E+000        
  0.000000000000000E+000  0.000000000000000E+000  0.000000000000000E+000        
  0.000000000000000E+000                                                        
   4.13300000000000       8.686600000000000E-002  0.000000000000000E+000        
  0.000000000000000E+000  0.000000000000000E+000  0.000000000000000E+000        
  0.000000000000000E+000                                                        
   1.20000000000000       0.290216000000000       0.000000000000000E+000        
  0.000000000000000E+000  0.000000000000000E+000  0.000000000000000E+000        
  0.000000000000000E+000                                                        
  0.382700000000000       0.501008000000000        1.00000000000000             
  0.000000000000000E+000  0.000000000000000E+000  0.000000000000000E+000        
  0.000000000000000E+000                                                        
  0.120900000000000       0.343406000000000       0.000000000000000E+000        
   1.00000000000000       0.000000000000000E+000  0.000000000000000E+000        
  0.000000000000000E+000                                                        
   8.77800000000000       0.000000000000000E+000  0.000000000000000E+000        
  0.000000000000000E+000   1.00000000000000       0.000000000000000E+000        
  0.000000000000000E+000                                                        
   33.1900000000000       0.000000000000000E+000  0.000000000000000E+000        
  0.000000000000000E+000  0.000000000000000E+000   1.00000000000000             
  0.000000000000000E+000                                                        
  3.569000000000000E-002  0.000000000000000E+000  0.000000000000000E+000        
  0.000000000000000E+000  0.000000000000000E+000  0.000000000000000E+000        
   1.00000000000000                                                             
    4    4                                                                      
   1.09700000000000        1.00000000000000       0.000000000000000E+000        
  0.000000000000000E+000  0.000000000000000E+000                                
  0.318000000000000       0.000000000000000E+000   1.00000000000000             
  0.000000000000000E+000  0.000000000000000E+000                                
   14.8390000000000       0.000000000000000E+000  0.000000000000000E+000        
   1.00000000000000       0.000000000000000E+000                                
  0.100000000000000       0.000000000000000E+000  0.000000000000000E+000        
  0.000000000000000E+000   1.00000000000000                                     
    2    2                                                                      
  0.761000000000000        1.00000000000000       0.000000000000000E+000        
  0.268000000000000       0.000000000000000E+000   1.00000000000000             
          8.00000000    1    4    1    1    1    1                              
O #2   1.299864515887333   0.099854310866254  -0.116982900117172                
   13    7                                                                      
   15330.0000000000       5.080000000000000E-004 -1.150000000000000E-004        
  0.000000000000000E+000  0.000000000000000E+000  0.000000000000000E+000        
  0.000000000000000E+000  0.000000000000000E+000                                
   2299.00000000000       3.929000000000000E-003 -8.950000000000000E-004        
  0.000000000000000E+000  0.000000000000000E+000  0.000000000000000E+000        
  0.000000000000000E+000  0.000000000000000E+000                                
   522.400000000000       2.024300000000000E-002 -4.636000000000000E-003        
  0.000000000000000E+000  0.000000000000000E+000  0.000000000000000E+000        
  0.000000000000000E+000  0.000000000000000E+000                                
   147.300000000000       7.918100000000000E-002 -1.872400000000000E-002        
  0.000000000000000E+000  0.000000000000000E+000  0.000000000000000E+000        
  0.000000000000000E+000  0.000000000000000E+000                                
   47.5500000000000       0.230687000000000      -5.846300000000000E-002        
  0.000000000000000E+000  0.000000000000000E+000  0.000000000000000E+000        
  0.000000000000000E+000  0.000000000000000E+000                                
   16.7600000000000       0.433118000000000      -0.136463000000000             
  0.000000000000000E+000  0.000000000000000E+000  0.000000000000000E+000        
  0.000000000000000E+000  0.000000000000000E+000                                
   6.20700000000000       0.350260000000000      -0.175740000000000             
  0.000000000000000E+000  0.000000000000000E+000  0.000000000000000E+000        
  0.000000000000000E+000  0.000000000000000E+000                                
   1.75200000000000       4.272800000000000E-002  0.160934000000000             
   1.00000000000000       0.000000000000000E+000  0.000000000000000E+000        
  0.000000000000000E+000  0.000000000000000E+000                                
  0.688200000000000      -8.154000000000000E-003  0.603418000000000             
  0.000000000000000E+000  0.000000000000000E+000  0.000000000000000E+000        
  0.000000000000000E+000  0.000000000000000E+000                                
  0.238400000000000       2.381000000000000E-003  0.378765000000000             
  0.000000000000000E+000   1.00000000000000       0.000000000000000E+000        
  0.000000000000000E+000  0.000000000000000E+000                                
   7.84500000000000       0.000000000000000E+000  0.000000000000000E+000        
  0.000000000000000E+000  0.000000000000000E+000   1.00000000000000             
  0.000000000000000E+000  0.000000000000000E+000                                
   21.0320000000000       0.000000000000000E+000  0.000000000000000E+000        
  0.000000000000000E+000  0.000000000000000E+000  0.000000000000000E+000        
   1.00000000000000       0.000000000000000E+000                                
  7.376000000000001E-002  0.000000000000000E+000  0.000000000000000E+000        
  0.000000000000000E+000  0.000000000000000E+000  0.000000000000000E+000        
  0.000000000000000E+000   1.00000000000000                                     
    8    6                                                                      
   34.4600000000000       1.592800000000000E-002  0.000000000000000E+000        
  0.000000000000000E+000  0.000000000000000E+000  0.000000000000000E+000        
  0.000000000000000E+000                                                        
   7.74900000000000       9.974000000000000E-002  0.000000000000000E+000        
  0.000000000000000E+000  0.000000000000000E+000  0.000000000000000E+000        
  0.000000000000000E+000                                                        
   2.28000000000000       0.310492000000000       0.000000000000000E+000        
  0.000000000000000E+000  0.000000000000000E+000  0.000000000000000E+000        
  0.000000000000000E+000                                                        
  0.715600000000000       0.491026000000000        1.00000000000000             
  0.000000000000000E+000  0.000000000000000E+000  0.000000000000000E+000        
  0.000000000000000E+000                                                        
  0.214000000000000       0.336337000000000       0.000000000000000E+000        
   1.00000000000000       0.000000000000000E+000  0.000000000000000E+000        
  0.000000000000000E+000                                                        
   15.1590000000000       0.000000000000000E+000  0.000000000000000E+000        
  0.000000000000000E+000   1.00000000000000       0.000000000000000E+000        
  0.000000000000000E+000                                                        
   57.4370000000000       0.000000000000000E+000  0.000000000000000E+000        
  0.000000000000000E+000  0.000000000000000E+000   1.00000000000000             
  0.000000000000000E+000                                                        
  5.974000000000000E-002  0.000000000000000E+000  0.000000000000000E+000        
  0.000000000000000E+000  0.000000000000000E+000  0.000000000000000E+000        
   1.00000000000000                                                             
    4    4                                                                      
   2.31400000000000        1.00000000000000       0.000000000000000E+000        
  0.000000000000000E+000  0.000000000000000E+000                                
  0.645000000000000       0.000000000000000E+000   1.00000000000000             
  0.000000000000000E+000  0.000000000000000E+000                                
   15.8580000000000       0.000000000000000E+000  0.000000000000000E+000        
   1.00000000000000       0.000000000000000E+000                                
  0.214000000000000       0.000000000000000E+000  0.000000000000000E+000        
  0.000000000000000E+000   1.00000000000000                                     
    2    2                                                                      
   1.42800000000000        1.00000000000000       0.000000000000000E+000        
  0.500000000000000       0.000000000000000E+000   1.00000000000000             
          1.00000000    1    3    1    1    1                                   
H #3   2.077371387241293  -0.797888825860484   1.254727841334398                
    6    4                                                                      
   33.8700000000000       6.068000000000000E-003  0.000000000000000E+000        
  0.000000000000000E+000  0.000000000000000E+000                                
   5.09500000000000       4.530800000000000E-002  0.000000000000000E+000        
  0.000000000000000E+000  0.000000000000000E+000                                
   1.15900000000000       0.202822000000000       0.000000000000000E+000        
  0.000000000000000E+000  0.000000000000000E+000                                
  0.325800000000000       0.503903000000000        1.00000000000000             
  0.000000000000000E+000  0.000000000000000E+000                                
  0.102700000000000       0.383421000000000       0.000000000000000E+000        
   1.00000000000000       0.000000000000000E+000                                
  2.526000000000000E-002  0.000000000000000E+000  0.000000000000000E+000        
  0.000000000000000E+000   1.00000000000000                                     
    3    3                                                                      
   1.40700000000000        1.00000000000000       0.000000000000000E+000        
  0.000000000000000E+000                                                        
  0.388000000000000       0.000000000000000E+000   1.00000000000000             
  0.000000000000000E+000                                                        
  0.102000000000000       0.000000000000000E+000  0.000000000000000E+000        
   1.00000000000000                                                             
    2    2                                                                      
   1.05700000000000        1.00000000000000       0.000000000000000E+000        
  0.247000000000000       0.000000000000000E+000   1.00000000000000             
          1.00000000    1    3    1    1    1                                   
H #4  -2.193462870080440   1.619479219281441   0.744731980838769                
    6    4                                                                      
   33.8700000000000       6.068000000000000E-003  0.000000000000000E+000        
  0.000000000000000E+000  0.000000000000000E+000                                
   5.09500000000000       4.530800000000000E-002  0.000000000000000E+000        
  0.000000000000000E+000  0.000000000000000E+000                                
   1.15900000000000       0.202822000000000       0.000000000000000E+000        
  0.000000000000000E+000  0.000000000000000E+000                                
  0.325800000000000       0.503903000000000        1.00000000000000             
  0.000000000000000E+000  0.000000000000000E+000                                
  0.102700000000000       0.383421000000000       0.000000000000000E+000        
   1.00000000000000       0.000000000000000E+000                                
  2.526000000000000E-002  0.000000000000000E+000  0.000000000000000E+000        
  0.000000000000000E+000   1.00000000000000                                     
    3    3                                                                      
   1.40700000000000        1.00000000000000       0.000000000000000E+000        
  0.000000000000000E+000                                                        
  0.388000000000000       0.000000000000000E+000   1.00000000000000             
  0.000000000000000E+000                                                        
  0.102000000000000       0.000000000000000E+000  0.000000000000000E+000        
   1.00000000000000                                                             
    2    2                                                                      
   1.05700000000000        1.00000000000000       0.000000000000000E+000        
  0.247000000000000       0.000000000000000E+000   1.00000000000000             
          1.00000000    1    3    1    1    1                                   
H #5  -2.312717804696362   1.393118286310368  -0.846274262135005                
    6    4                                                                      
   33.8700000000000       6.068000000000000E-003  0.000000000000000E+000        
  0.000000000000000E+000  0.000000000000000E+000                                
   5.09500000000000       4.530800000000000E-002  0.000000000000000E+000        
  0.000000000000000E+000  0.000000000000000E+000                                
   1.15900000000000       0.202822000000000       0.000000000000000E+000        
  0.000000000000000E+000  0.000000000000000E+000                                
  0.325800000000000       0.503903000000000        1.00000000000000             
  0.000000000000000E+000  0.000000000000000E+000                                
  0.102700000000000       0.383421000000000       0.000000000000000E+000        
   1.00000000000000       0.000000000000000E+000                                
  2.526000000000000E-002  0.000000000000000E+000  0.000000000000000E+000        
  0.000000000000000E+000   1.00000000000000                                     
    3    3                                                                      
   1.40700000000000        1.00000000000000       0.000000000000000E+000        
  0.000000000000000E+000                                                        
  0.388000000000000       0.000000000000000E+000   1.00000000000000             
  0.000000000000000E+000                                                        
  0.102000000000000       0.000000000000000E+000  0.000000000000000E+000        
   1.00000000000000                                                             
    2    2                                                                      
   1.05700000000000        1.00000000000000       0.000000000000000E+000        
  0.247000000000000       0.000000000000000E+000   1.00000000000000             
          1.00000000    1    3    1    1    1                                   
H #6  -1.980402314229401  -1.934456813603927  -0.714123081299110                
    6    4                                                                      
   33.8700000000000       6.068000000000000E-003  0.000000000000000E+000        
  0.000000000000000E+000  0.000000000000000E+000                                
   5.09500000000000       4.530800000000000E-002  0.000000000000000E+000        
  0.000000000000000E+000  0.000000000000000E+000                                
   1.15900000000000       0.202822000000000       0.000000000000000E+000        
  0.000000000000000E+000  0.000000000000000E+000                                
  0.325800000000000       0.503903000000000        1.00000000000000             
  0.000000000000000E+000  0.000000000000000E+000                                
  0.102700000000000       0.383421000000000       0.000000000000000E+000        
   1.00000000000000       0.000000000000000E+000                                
  2.526000000000000E-002  0.000000000000000E+000  0.000000000000000E+000        
  0.000000000000000E+000   1.00000000000000                                     
    3    3                                                                      
   1.40700000000000        1.00000000000000       0.000000000000000E+000        
  0.000000000000000E+000                                                        
  0.388000000000000       0.000000000000000E+000   1.00000000000000             
  0.000000000000000E+000                                                        
  0.102000000000000       0.000000000000000E+000  0.000000000000000E+000        
   1.00000000000000                                                             
    2    2                                                                      
   1.05700000000000        1.00000000000000       0.000000000000000E+000        
  0.247000000000000       0.000000000000000E+000   1.00000000000000             
FINISH                                                                          
 
********************************************************************************
 ONE- AND TWO-ELECTRON INTEGRALS OVER SYMMETRY-ADAPTED AOS ARE CALCULATED.

  SPHERICAL HARMONICS ARE USED.
  
  INTEGRALS LESS THAN  0.10E-13 ARE NEGLECTED.

  NUCLEAR REPULSION ENERGY :   40.5919130001 A.U.
  @MOLECU-I, ONE ELECTRON INTEGRALS (CPU/WALL):        0.08/       0.08 SECONDS.
  @TWOEL-I,  238819348 INTEGRALS OF SYMMETRY TYPE  I I I I
  @TWOEL-I, TOTAL NUMBER OF 2-E INTEGRALS  238819348.
  @MOLECU-I, TWO ELECTRON INTEGRALS (CPU/WALL):      215.38/      35.88 SECONDS.
 @CHECKOUT-I, Total execution time (CPU/WALL):      215.47/      35.98 seconds.

Running with 12 threads/proc

--executable xvmol finished with status     0 in       36.02 seconds (walltime).
 --invoking executable--
/home/asmola/.local/bin/xvmol2ja
 @GETMEM-I,  Allocated   38146 MB of main memory.
 @CHECKOUT-I, Total execution time (CPU/WALL):        0.14/       0.03 seconds.
--executable xvmol2ja finished with status     0 in        0.07 seconds (walltime).
 --invoking executable--
/home/asmola/.local/bin/xvscf
  There are  210 functions in the AO basis.

  There are 1 irreducible representations.

       Irrep        # of functions
         1                210


  Parameters for SCF calculation: 
        SCF reference function:  RHF  
  Maximum number of iterations:  150
     Full symmetry point group: C1  
     Computational point group: C1  
        Initial density matrix: MOREAD                 
     SCF convergence tolerance: 10**(- 8)
  DIIS convergence acceleration:  ON
          Latest start for DIIS:   8
                     DIIS order:   6

  Memory information:    2270285 words required.
  Fock matrices are constructed from AO integral file.
 @GETMEM-I,  Allocated      17 MB of main memory.
  Initialization and symmetry analysis required      0.001 seconds.

  @INITGES-I, Occupancies from core Hamiltonian:

          Alpha population by irrep:   9
           Beta population by irrep:   9


 total no. of electrons in initial guess :  0.000000000000000E+000
  --------------------------------------------------------------------
  Iteration         Total Energy            Largest Density Difference
  --------------------------------------------------------------------
       0            40.591913000073639              0.0000000000D+00
       1           -88.186963653708546              0.1381829554D+02
       2           -88.554112865537689              0.2240734738D+03
       3           -97.842923864208018              0.2240732693D+03
       4           -92.519939643062571              0.9220384139D+01
       5           -91.562173154794948              0.9117233304D+01
       6           -90.900971717186877              0.8182321707D+01
       7           -87.762103224757738              0.7659070308D+01
       8           -89.234101604167023              0.7659080432D+01
       9          -105.503158324147506              0.6163856298D+01
      10          -109.018458951720760              0.1041923517D+01
      11          -113.311736152224483              0.1771249618D+01
      12          -114.782390584149738              0.1364943806D+01
      13          -114.915642091447836              0.4212414919D+00
      14          -114.942400586060359              0.9209856862D-01
      15          -114.949162253835681              0.7084126200D-01
      16          -114.949379317112886              0.1350925203D-01
      17          -114.949422418232757              0.7909668067D-02
      18          -114.949426375856063              0.1858428086D-02
      19          -114.949426602064619              0.4066875291D-03
      20          -114.949426619129440              0.1223144933D-03
      21          -114.949426620954796              0.3805630253D-04
      22          -114.949426621147012              0.1580938430D-04
      23          -114.949426621158807              0.2985559153D-05
      24          -114.949426621159347              0.1587698909D-05
      25          -114.949426621163042              0.2322620314D-06
      26          -114.949426621164150              0.9369257281D-07
      27          -114.949426621161450              0.8286829545D-07
      28          -114.949426621163013              0.2212516187D-07

  SCF has converged.

 Density matrix saved to file den.dat
 total electron number:   18.0000000000004     
     E(SCF)=      -114.949426621163468              0.8662960571D-08

  Eigenvector printing suppressed.

 @PUTMOS-I, Writing converged MOs to NEWMOS. 
 @PUTMOS-I, Symmetry   1 Full Blocks 52 Partial Blocksize   2
 @PUTFOCK-I, Writing converged Fock matrix to NEWFOCK. 
 @PUTFOCK-I, Symmetry   1 Full Blocks 52 Partial Blocksize   2


 
  ORBITAL EIGENVALUES (ALPHA)  (1H = 27.2113834 eV)

       MO #        E(hartree)               E(eV)           FULLSYM    COMPSYM
       ----   --------------------   --------------------   -------   ---------
    1     1         -20.5571430480        -559.3883010883       A         A (1)
    2     2         -11.2658522768        -306.5594256328       A         A (1)
    3     3          -1.3551696286         -36.8760403372       A         A (1)
    4     4          -0.9994763560         -27.1971343221       A         A (1)
    5     5          -0.7098556580         -19.3161544684       A         A (1)
    6     6          -0.6660091348         -18.1230299161       A         A (1)
    7     7          -0.5830051715         -15.8643772468       A         A (1)
    8     8          -0.4820010550         -13.1159155060       A         A (1)
    9     9          -0.3618537380          -9.8465407996       A         A (1)
  +++++++++++++++++++++++++++++++++++++++++++++++++++++++++++++++++++++++++++++
   10    10           0.0284634542           0.7745299663       A         A (1)
   11    11           0.0403040814           1.0967298122       A         A (1)
   12    12           0.0443572192           1.2070212980       A         A (1)
   13    13           0.0605968215           1.6489233434       A         A (1)
   14    14           0.0918710411           2.4999381214       A         A (1)
   15    15           0.1125321293           3.0621549141       A         A (1)
   16    16           0.1315127736           3.5786445036       A         A (1)
   17    17           0.1413963546           3.8475904169       A         A (1)
   18    18           0.1633350992           4.4445740074       A         A (1)
   19    19           0.1708262709           4.6484191519       A         A (1)
   20    20           0.1848066543           5.0288447263       A         A (1)
   21    21           0.2005616897           5.4575610330       A         A (1)
   22    22           0.2123989277           5.7796686567       A         A (1)
   23    23           0.2468515316           6.7171716686       A         A (1)
   24    24           0.2770236886           7.5381978015       A         A (1)
   25    25           0.2873367402           7.8188302032       A         A (1)
   26    26           0.3050685077           8.3013361262       A         A (1)
   27    27           0.3120920285           8.4924558447       A         A (1)
   28    28           0.3190145674           8.6808277025       A         A (1)
   29    29           0.3313754268           9.0171837878       A         A (1)
   30    30           0.3391405064           9.2284823457       A         A (1)
   31    31           0.3607909379           9.8176205378       A         A (1)
   32    32           0.3725849913          10.1385530466       A         A (1)
   33    33           0.3905373727          10.6270621806       A         A (1)
   34    34           0.4062099000          11.0535333309       A         A (1)
   35    35           0.4126710595          11.2293504170       A         A (1)
   36    36           0.4230803194          11.5126007790       A         A (1)
   37    37           0.4344307803          11.8214625230       A         A (1)
   38    38           0.4591757026          12.4948060916       A         A (1)
   39    39           0.4649390461          12.6516346423       A         A (1)
   40    40           0.4905207292          13.3477476289       A         A (1)
   41    41           0.5003428442          13.6150209651       A         A (1)
   42    42           0.5060248882          13.7696372437       A         A (1)
   43    43           0.5232630189          14.2387106269       A         A (1)
   44    44           0.6384154509          17.3721676036       A         A (1)
   45    45           0.6922524452          18.8371466950       A         A (1)
   46    46           0.7066648614          19.2293284784       A         A (1)
   47    47           0.7213502137          19.6289372316       A         A (1)
   48    48           0.7349443819          19.9988533539       A         A (1)
   49    49           0.7593131475          20.6619611781       A         A (1)
   50    50           0.7809480376          21.2506764655       A         A (1)
   51    51           0.7908527138          21.5201964076       A         A (1)
   52    52           0.8432901381          22.9470912643       A         A (1)
   53    53           0.8454003263          23.0045124051       A         A (1)
   54    54           0.8859227267          24.1071829795       A         A (1)
   55    55           0.8934786217          24.3127893334       A         A (1)
   56    56           0.9030108788          24.5721752379       A         A (1)
   57    57           0.9212357243          25.0680984954       A         A (1)
   58    58           0.9431308850          25.6638961086       A         A (1)
   59    59           0.9479192654          25.7941945623       A         A (1)
   60    60           0.9536681383          25.9506293476       A         A (1)
   61    61           0.9760761288          26.5603817680       A         A (1)
   62    62           0.9876912418          26.8764450603       A         A (1)
   63    63           1.0016637868          27.2566573392       A         A (1)
   64    64           1.0434697374          28.3942550906       A         A (1)
   65    65           1.0505958656          28.5881668968       A         A (1)
   66    66           1.0657471403          29.0004540420       A         A (1)
   67    67           1.0790201011          29.3616296682       A         A (1)
   68    68           1.0960637283          29.8254103410       A         A (1)
   69    69           1.1062189547          30.1017481007       A         A (1)
   70    70           1.1317806150          30.7973162397       A         A (1)
   71    71           1.1522625355          31.3546576314       A         A (1)
   72    72           1.1586147476          31.5275101099       A         A (1)
   73    73           1.2093878913          32.9091175902       A         A (1)
   74    74           1.2392359923          33.7213257096       A         A (1)
   75    75           1.3092878152          35.6275327207       A         A (1)
   76    76           1.3401996378          36.4686861756       A         A (1)
   77    77           1.3619691336          37.0610642721       A         A (1)
   78    78           1.3857415721          37.7079452108       A         A (1)
   79    79           1.4170955418          38.5611301035       A         A (1)
   80    80           1.4354936320          39.0617675875       A         A (1)
   81    81           1.4653859814          39.8751797694       A         A (1)
   82    82           1.5306952084          41.6523341856       A         A (1)
   83    83           1.5467320878          42.0887198570       A         A (1)
   84    84           1.5547646994          42.3072983316       A         A (1)
   85    85           1.6066653308          43.7195863107       A         A (1)
   86    86           1.6204263224          44.0940419313       A         A (1)
   87    87           1.6429617577          44.7072623017       A         A (1)
   88    88           1.6800697536          45.7170222051       A         A (1)
   89    89           1.6873952270          45.9163584699       A         A (1)
   90    90           1.7293236925          47.0572900197       A         A (1)
   91    91           1.7337823242          47.1786155553       A         A (1)
   92    92           1.8391383908          50.0454998782       A         A (1)
   93    93           1.8753125030          51.0298475152       A         A (1)
   94    94           1.9152160231          52.1156774975       A         A (1)
   95    95           1.9596803521          53.3256134028       A         A (1)
   96    96           1.9787420382          53.8443082499       A         A (1)
   97    97           1.9948419167          54.2824082172       A         A (1)
   98    98           2.0448617475          55.6435170108       A         A (1)
   99    99           2.0534669793          55.8776772734       A         A (1)
  100   100           2.0935757256          56.9690917454       A         A (1)
  101   101           2.1791288046          59.2971093788       A         A (1)
  102   102           2.2120447763          60.1927985064       A         A (1)
  103   103           2.2727524563          61.8447384613       A         A (1)
  104   104           2.3440225396          63.7840960225       A         A (1)
  105   105           2.4172074553          65.7755588233       A         A (1)
  106   106           2.4343318770          66.2415380279       A         A (1)
  107   107           2.5015919712          68.0717782388       A         A (1)
  108   108           2.5199076066          68.5701720166       A         A (1)
  109   109           2.6279663392          71.5105996175       A         A (1)
  110   110           2.6851582300          73.0668700862       A         A (1)
  111   111           2.7814612901          75.6874095774       A         A (1)
  112   112           2.8086561092          76.4274182262       A         A (1)
  113   113           2.8559525175          77.7144189269       A         A (1)
  114   114           2.9136840897          79.2853748707       A         A (1)
  115   115           2.9670454749          80.7374119816       A         A (1)
  116   116           3.0057509382          81.7906411852       A         A (1)
  117   117           3.0774254536          83.7410039019       A         A (1)
  118   118           3.1573022408          85.9145617844       A         A (1)
  119   119           3.2287262014          87.8581065598       A         A (1)
  120   120           3.4750937220          94.5621076191       A         A (1)
  121   121           3.4834630542          94.7898487280       A         A (1)
  122   122           3.5141295495          95.6243264882       A         A (1)
  123   123           3.5631423230          96.9580318589       A         A (1)
  124   124           3.6381393429          98.9988045231       A         A (1)
  125   125           3.6861714094         100.3058235003       A         A (1)
  126   126           3.7797592136         102.8524771200       A         A (1)
  127   127           3.7959116949         103.2920084836       A         A (1)
  128   128           3.8256600859         104.1015033550       A         A (1)
  129   129           3.8642321868         105.1511035807       A         A (1)
  130   130           3.9215835268         106.7117128825       A         A (1)
  131   131           4.0005895217         108.8615753010       A         A (1)
  132   132           4.0360880273         109.8275387469       A         A (1)
  133   133           4.0503360821         110.2152480283       A         A (1)
  134   134           4.1307109158         112.4023584453       A         A (1)
  135   135           4.1636367595         113.2983162013       A         A (1)
  136   136           4.1980029015         114.2334664673       A         A (1)
  137   137           4.2230550408         114.9151698341       A         A (1)
  138   138           4.2523306859         115.7118006379       A         A (1)
  139   139           4.3332764311         117.9144463435       A         A (1)
  140   140           4.4381601143         120.7684764620       A         A (1)
  141   141           4.4635863137         121.4603585201       A         A (1)
  142   142           4.5254778127         123.1445118299       A         A (1)
  143   143           4.5392661471         123.5197114837       A         A (1)
  144   144           4.6033240778         125.2628163948       A         A (1)
  145   145           4.7346084437         128.8352456094       A         A (1)
  146   146           4.7650180426         129.6627328643       A         A (1)
  147   147           4.7996192292         130.6042790205       A         A (1)
  148   148           4.8253926194         131.3056086227       A         A (1)
  149   149           4.8483486998         131.9302753267       A         A (1)
  150   150           4.8995956800         133.3247765544       A         A (1)
  151   151           4.9969022269         135.9726223093       A         A (1)
  152   152           5.0715803529         138.0047174261       A         A (1)
  153   153           5.0935043601         138.6012999924       A         A (1)
  154   154           5.1555591350         140.2898962651       A         A (1)
  155   155           5.2092096464         141.7498008988       A         A (1)
  156   156           5.3048711253         144.3528820781       A         A (1)
  157   157           5.3557079137         145.7362214175       A         A (1)
  158   158           5.3774612928         146.3281609584       A         A (1)
  159   159           5.4819053391         149.1702279456       A         A (1)
  160   160           5.5103965222         149.9455124527       A         A (1)
  161   161           5.6195608288         152.9160242525       A         A (1)
  162   162           5.6354564430         153.3485659045       A         A (1)
  163   163           5.8655922978         159.6108808841       A         A (1)
  164   164           5.9292808694         161.3439350229       A         A (1)
  165   165           6.2722114691         170.6755510503       A         A (1)
  166   166           6.2981042692         171.3801299635       A         A (1)
  167   167           6.3957249918         174.0365248734       A         A (1)
  168   168           6.4932851435         176.6912715642       A         A (1)
  169   169           6.5426817705         178.0354221221       A         A (1)
  170   170           6.6961279675         182.2109054199       A         A (1)
  171   171           6.7970944319         184.9583425912       A         A (1)
  172   172           6.8509085223         186.4226984394       A         A (1)
  173   173           6.9396234409         188.8367541031       A         A (1)
  174   174           7.1624866968         194.9011716042       A         A (1)
  175   175           7.2656592749         197.7086401837       A         A (1)
  176   176           7.3092850160         198.8957569515       A         A (1)
  177   177           7.3424639729         199.7986022661       A         A (1)
  178   178           7.4068781263         201.5514004928       A         A (1)
  179   179           7.4868957802         203.7287915500       A         A (1)
  180   180           7.6278476100         207.5642858318       A         A (1)
  181   181           7.7756536305         211.5862921240       A         A (1)
  182   182           8.0857551608         220.0245837595       A         A (1)
  183   183           8.1645875101         222.1697210393       A         A (1)
  184   184           8.9780758757         244.3058648477       A         A (1)
  185   185          16.2779232953         442.9448117434       A         A (1)
  186   186          16.6518699936         453.1204187232       A         A (1)
  187   187          17.0328812010         463.4882607667       A         A (1)
  188   188          17.8381816856         485.4016010044       A         A (1)
  189   189          26.5388812610         722.1596730002       A         A (1)
  190   190          27.1211293249         738.0034483007       A         A (1)
  191   191          27.7417512135         754.8914284590       A         A (1)
  192   192          29.6504745122         806.8304299427       A         A (1)
  193   193          41.5788614902        1131.4183413448       A         A (1)
  194   194          41.6485889485        1133.3157219466       A         A (1)
  195   195          41.7173808228        1135.1876440131       A         A (1)
  196   196          41.8282524239        1138.2046136582       A         A (1)
  197   197          41.8681095705        1139.2891817548       A         A (1)
  198   198          44.0469602174        1198.5787220804       A         A (1)
  199   199          44.0934366682        1199.8434106009       A         A (1)
  200   200          44.1624314064        1201.7208528751       A         A (1)
  201   201          44.2786663587        1204.8837667267       A         A (1)
  202   202          44.3899335593        1207.9115011831       A         A (1)
  203   203          81.7067204635        2223.3528968897       A         A (1)
  204   204          81.9780984917        2230.7374684607       A         A (1)
  205   205          82.2659152044        2238.5693593782       A         A (1)
  206   206          87.8751231964        2391.2036686201       A         A (1)
  207   207         138.5950007307        3771.3617022050       A         A (1)
  208   208         139.0624646688        3784.0820426513       A         A (1)
  209   209         139.4881883939        3795.6665741588       A         A (1)
  210   210         150.6832083279        4100.2985537529       A         A (1)


  VSCF finished.

 @CHECKOUT-I, Total execution time (CPU/WALL):      117.38/      73.78 seconds.
--executable xvscf finished with status     0 in       73.81 seconds (walltime).
 --invoking executable--
/home/asmola/.local/bin/xvtran
 @GETMEM-I,  Allocated   38146 MB of main memory.
  Full RHF integral transformation
  Transformation of IIII integrals :
  1 pass through the AO integral file was required.
   238819348 AO integrals were read.
   245433090 MO integrals were written to HF2.
  Summary of active molecular orbitals: 
------------------------------------------------------------------------
 
  Index      Eigenvalue    Symmetry    Index      Eigenvalue    Symmetry
------------------------------------------------------------------------
     1       -20.5571430        1       106         2.4343319        1
     2       -11.2658523        1       107         2.5015920        1
     3        -1.3551696        1       108         2.5199076        1
     4        -0.9994764        1       109         2.6279663        1
     5        -0.7098557        1       110         2.6851582        1
     6        -0.6660091        1       111         2.7814613        1
     7        -0.5830052        1       112         2.8086561        1
     8        -0.4820011        1       113         2.8559525        1
     9        -0.3618537        1       114         2.9136841        1
    10         0.0284635        1       115         2.9670455        1
    11         0.0403041        1       116         3.0057509        1
    12         0.0443572        1       117         3.0774255        1
    13         0.0605968        1       118         3.1573022        1
    14         0.0918710        1       119         3.2287262        1
    15         0.1125321        1       120         3.4750937        1
    16         0.1315128        1       121         3.4834631        1
    17         0.1413964        1       122         3.5141295        1
    18         0.1633351        1       123         3.5631423        1
    19         0.1708263        1       124         3.6381393        1
    20         0.1848067        1       125         3.6861714        1
    21         0.2005617        1       126         3.7797592        1
    22         0.2123989        1       127         3.7959117        1
    23         0.2468515        1       128         3.8256601        1
    24         0.2770237        1       129         3.8642322        1
    25         0.2873367        1       130         3.9215835        1
    26         0.3050685        1       131         4.0005895        1
    27         0.3120920        1       132         4.0360880        1
    28         0.3190146        1       133         4.0503361        1
    29         0.3313754        1       134         4.1307109        1
    30         0.3391405        1       135         4.1636368        1
    31         0.3607909        1       136         4.1980029        1
    32         0.3725850        1       137         4.2230550        1
    33         0.3905374        1       138         4.2523307        1
    34         0.4062099        1       139         4.3332764        1
    35         0.4126711        1       140         4.4381601        1
    36         0.4230803        1       141         4.4635863        1
    37         0.4344308        1       142         4.5254778        1
    38         0.4591757        1       143         4.5392661        1
    39         0.4649390        1       144         4.6033241        1
    40         0.4905207        1       145         4.7346084        1
    41         0.5003428        1       146         4.7650180        1
    42         0.5060249        1       147         4.7996192        1
    43         0.5232630        1       148         4.8253926        1
    44         0.6384155        1       149         4.8483487        1
    45         0.6922524        1       150         4.8995957        1
    46         0.7066649        1       151         4.9969022        1
    47         0.7213502        1       152         5.0715804        1
    48         0.7349444        1       153         5.0935044        1
    49         0.7593131        1       154         5.1555591        1
    50         0.7809480        1       155         5.2092096        1
    51         0.7908527        1       156         5.3048711        1
    52         0.8432901        1       157         5.3557079        1
    53         0.8454003        1       158         5.3774613        1
    54         0.8859227        1       159         5.4819053        1
    55         0.8934786        1       160         5.5103965        1
    56         0.9030109        1       161         5.6195608        1
    57         0.9212357        1       162         5.6354564        1
    58         0.9431309        1       163         5.8655923        1
    59         0.9479193        1       164         5.9292809        1
    60         0.9536681        1       165         6.2722115        1
    61         0.9760761        1       166         6.2981043        1
    62         0.9876912        1       167         6.3957250        1
    63         1.0016638        1       168         6.4932851        1
    64         1.0434697        1       169         6.5426818        1
    65         1.0505959        1       170         6.6961280        1
    66         1.0657471        1       171         6.7970944        1
    67         1.0790201        1       172         6.8509085        1
    68         1.0960637        1       173         6.9396234        1
    69         1.1062190        1       174         7.1624867        1
    70         1.1317806        1       175         7.2656593        1
    71         1.1522625        1       176         7.3092850        1
    72         1.1586147        1       177         7.3424640        1
    73         1.2093879        1       178         7.4068781        1
    74         1.2392360        1       179         7.4868958        1
    75         1.3092878        1       180         7.6278476        1
    76         1.3401996        1       181         7.7756536        1
    77         1.3619691        1       182         8.0857552        1
    78         1.3857416        1       183         8.1645875        1
    79         1.4170955        1       184         8.9780759        1
    80         1.4354936        1       185        16.2779233        1
    81         1.4653860        1       186        16.6518700        1
    82         1.5306952        1       187        17.0328812        1
    83         1.5467321        1       188        17.8381817        1
    84         1.5547647        1       189        26.5388813        1
    85         1.6066653        1       190        27.1211293        1
    86         1.6204263        1       191        27.7417512        1
    87         1.6429618        1       192        29.6504745        1
    88         1.6800698        1       193        41.5788615        1
    89         1.6873952        1       194        41.6485889        1
    90         1.7293237        1       195        41.7173808        1
    91         1.7337823        1       196        41.8282524        1
    92         1.8391384        1       197        41.8681096        1
    93         1.8753125        1       198        44.0469602        1
    94         1.9152160        1       199        44.0934367        1
    95         1.9596804        1       200        44.1624314        1
    96         1.9787420        1       201        44.2786664        1
    97         1.9948419        1       202        44.3899336        1
    98         2.0448617        1       203        81.7067205        1
    99         2.0534670        1       204        81.9780985        1
   100         2.0935757        1       205        82.2659152        1
   101         2.1791288        1       206        87.8751232        1
   102         2.2120448        1       207       138.5950007        1
   103         2.2727525        1       208       139.0624647        1
   104         2.3440225        1       209       139.4881884        1
   105         2.4172075        1       210       150.6832083        1
------------------------------------------------------------------------
  -20.5571430480205       -11.2658522768390       -1.35516962864922     
 -0.999476355992357      -0.709855657997690      -0.666009134841112     
 -0.583005171533925      -0.482001054969627      -0.361853738004250     
  2.846345424249743E-002  4.030408142376656E-002  4.435721919226450E-002
  6.059682152732369E-002  9.187104105050262E-002  0.112532129259921     
  0.131512773569068       0.141396354618764       0.163335099213128     
  0.170826270886889       0.184806654347630       0.200561689673114     
  0.212398927749659       0.246851531576988       0.277023688603666     
  0.287336740226455       0.305068507697907       0.312092028540092     
  0.319014567356104       0.331375426791282       0.339140506384747     
  0.360790937876133       0.372584991271773       0.390537372701063     
  0.406209900042283       0.412671059459751       0.423080319355894     
  0.434430780282641       0.459175702605664       0.464939046144609     
  0.490520729235970       0.500342844203437       0.506024888234412     
  0.523263018920766       0.638415450924450       0.692252445166020     
  0.706664861382101       0.721350213735981       0.734944381912405     
  0.759313147528365       0.780948037560664       0.790852713780029     
  0.843290138062314       0.845400326287072       0.885922726719936     
  0.893478621651002       0.903010878820109       0.921235724287408     
  0.943130885018025       0.947919265373150       0.953668138298189     
  0.976076128786025       0.987691241756577        1.00166378675354     
   1.04346973739614        1.05059586558254        1.06574714029381     
   1.07902010113061        1.09606372827758        1.10621895469902     
   1.13178061501072        1.15226253551780        1.15861474760203     
   1.20938789132472        1.23923599230128        1.30928781521421     
   1.34019963775855        1.36196913355342        1.38574157206471     
   1.41709554184093        1.43549363195885        1.46538598142098     
   1.53069520844878        1.54673208775575        1.55476469938089     
   1.60666533075523        1.62042632243788        1.64296175774939     
   1.68006975364098        1.68739522702387        1.72932369251503     
   1.73378232417731        1.83913839081816        1.87531250304543     
   1.91521602306548        1.95968035211319        1.97874203815331     
   1.99484191668253        2.04486174748595        2.05346697931499     
   2.09357572556764        2.17912880455799        2.21204477631880     
   2.27275245628598        2.34402253957203        2.41720745529340     
   2.43433187700160        2.50159197120412        2.51990760662970     
   2.62796633917356        2.68515822999988        2.78146129010961     
   2.80865610920199        2.85595251753839        2.91368408967813     
   2.96704547485954        3.00575093823392        3.07742545356548     
   3.15730224080965        3.22872620139408        3.47509372195699     
   3.48346305421666        3.51412954948218        3.56314232296339     
   3.63813934293149        3.68617140943515        3.77975921356664     
   3.79591169494172        3.82566008587984        3.86423218676715     
   3.92158352678539        4.00058952169922        4.03608802729713     
   4.05033608207805        4.13071091583181        4.16363675950606     
   4.19800290151141        4.22305504078441        4.25233068591040     
   4.33327643105200        4.43816011434387        4.46358631366402     
   4.52547781271119        4.53926614711185        4.60332407777534     
   4.73460844366273        4.76501804256996        4.79961922922722     
   4.82539261942612        4.84834869978266        4.89959568003268     
   4.99690222693071        5.07158035288035        5.09350436010563     
   5.15555913504542        5.20920964638536        5.30487112529857     
   5.35570791367630        5.37746129284946        5.48190533913176     
   5.51039652224085        5.61956082881400        5.63545644299962     
   5.86559229781965        5.92928086937513        6.27221146905405     
   6.29810426924106        6.39572499182054        6.49328514345840     
   6.54268177053207        6.69612796752747        6.79709443185344     
   6.85090852232675        6.93962344094112        7.16248669680808     
   7.26565927492383        7.30928501604678        7.34246397285759     
   7.40687812633612        7.48689578016777        7.62784760997512     
   7.77565363045683        8.08575516081617        8.16458751006937     
   8.97807587568924        16.2779232952688        16.6518699936143     
   17.0328812009871        17.8381816855521        26.5388812610013     
   27.1211293248953        27.7417512135371        29.6504745121750     
   41.5788614901791        41.6485889484974        41.7173808228047     
   41.8282524238790        41.8681095704527        44.0469602174059     
   44.0934366681580        44.1624314063775        44.2786663586777     
   44.3899335593167        81.7067204635299        81.9780984917046     
   82.2659152043774        87.8751231964241        138.595000730650     
   139.062464668787        139.488188393935        150.683208327911     
 @CHECKOUT-I, Total execution time (CPU/WALL):      440.17/     344.86 seconds.
--executable xvtran finished with status     0 in      344.92 seconds (walltime).
 --invoking executable--
/home/asmola/.local/bin/xintprc
 @GETMEM-I,  Allocated   38146 MB of main memory.
  Processing integrals for CCSD calculation.
  @GMOIAA-I, Processing MO integrals for spin case AA.
  @GMOIAA-I, Generation of integral list completed.
                      TYPE                NUMBER
                      ----               --------
                      PPPP             206075451
                      PPPH              36724509
                      PPHH               1637145
                      PHPH                913545
                      PHHH                 81405
                      HHHH                  1035

                     TOTAL             245433090

  @FORMT2-I, Second-order MP correlation energies:
            ------------------------------------------------
            E(SCF)                  =   -114.949426621163 a.u.
            E2(AA)                  =     -0.058757006090 a.u.
            E2(AB)                  =     -0.434852194268 a.u.
            E2(TOT)                 =     -0.552366206449 a.u.
            Total MP2 energy        =   -115.501792827613 a.u.
            ------------------------------------------------
   Largest T2 amplitudes for spin case AB:
       _       _                 _       _                 _       _
   i   j   a   b             i   j   a   b             i   j   a   b
-----------------------------------------------------------------------------
[  9   9  22  22]-0.01646 [  5   5  43  43]-0.00967 [  9   9  37  37]-0.00938
[  5   5  37  37]-0.00829 [  9   9  21  21]-0.00816 [  9   9  22  37] 0.00814
[  9   9  37  22] 0.00814 [  9   9  35  22]-0.00794 [  9   9  22  35]-0.00794
[  7   7  41  41]-0.00789 [  9   9  35  35]-0.00783 [  6   6  43  43]-0.00762
[  9   9  22  34]-0.00754 [  9   9  34  22]-0.00754 [  8   8  41  41]-0.00744
-----------------------------------------------------------------------------
   Norm of T2AB vector (  3272481 symmetry allowed elements):  0.3048667147.
-----------------------------------------------------------------------------
 @CHECKOUT-I, Total execution time (CPU/WALL):       30.29/      98.24 seconds.
--executable xintprc finished with status     0 in       98.31 seconds (walltime).
  calling xvcc 
 --invoking executable--
/home/asmola/.local/bin/xvcc
 @GETMEM-I,  Allocated   38146 MB of main memory.
   CCSD energy will be calculated.
   The total correlation energy is -0.552366206449 a.u.
   The total correlation energy is -0.557987138548 a.u.
  Convergence information after     1 iterations: 
  Largest element of residual vector :  0.81116688E-02.
  Largest element of DIIS residual   :  0.81116688E-02.
   The total correlation energy is -0.568731579029 a.u.
  Convergence information after     2 iterations: 
  Largest element of residual vector : -0.14481979E-02.
  Largest element of DIIS residual   : -0.14396237E-02.
   The total correlation energy is -0.569180779741 a.u.
  Convergence information after     3 iterations: 
  Largest element of residual vector :  0.17268633E-02.
  Largest element of DIIS residual   :  0.11703099E-02.
   The total correlation energy is -0.570198550062 a.u.
  Convergence information after     4 iterations: 
  Largest element of residual vector :  0.28699107E-03.
  Largest element of DIIS residual   :  0.27566504E-03.
   The total correlation energy is -0.570312252866 a.u.
  Convergence information after     5 iterations: 
  Largest element of residual vector :  0.22520083E-03.
  Largest element of DIIS residual   :  0.14405071E-03.
   The total correlation energy is -0.570315198781 a.u.
  Convergence information after     6 iterations: 
  Largest element of residual vector :  0.84872009E-04.
  Largest element of DIIS residual   :  0.61153663E-04.
   The total correlation energy is -0.570315719642 a.u.
  Convergence information after     7 iterations: 
  Largest element of residual vector :  0.37796756E-04.
  Largest element of DIIS residual   :  0.26627301E-04.
   The total correlation energy is -0.570316424792 a.u.
  Convergence information after     8 iterations: 
  Largest element of residual vector :  0.19258752E-04.
  Largest element of DIIS residual   : -0.10729334E-04.
   The total correlation energy is -0.570315285604 a.u.
  Convergence information after     9 iterations: 
  Largest element of residual vector : -0.63556039E-05.
  Largest element of DIIS residual   : -0.46299755E-05.
   The total correlation energy is -0.570315797264 a.u.
  Convergence information after    10 iterations: 
  Largest element of residual vector : -0.34259816E-05.
  Largest element of DIIS residual   : -0.22104278E-05.
   The total correlation energy is -0.570315945901 a.u.
  Convergence information after    11 iterations: 
  Largest element of residual vector : -0.13042146E-05.
  Largest element of DIIS residual   :  0.87620915E-06.
   The total correlation energy is -0.570316026039 a.u.
  Convergence information after    12 iterations: 
  Largest element of residual vector :  0.56141505E-06.
  Largest element of DIIS residual   :  0.37065009E-06.
   The total correlation energy is -0.570316079138 a.u.
  Convergence information after    13 iterations: 
  Largest element of residual vector :  0.25556249E-06.
  Largest element of DIIS residual   :  0.15575020E-06.
   The total correlation energy is -0.570316095905 a.u.
  Convergence information after    14 iterations: 
  Largest element of residual vector :  0.82059491E-07.
  Largest element of DIIS residual   :  0.60986382E-07.
   The total correlation energy is -0.570316097005 a.u.
  Convergence information after    15 iterations: 
  Largest element of residual vector :  0.45953123E-07.
  Largest element of DIIS residual   :  0.33621531E-07.
   The total correlation energy is -0.570316097700 a.u.
  Convergence information after    16 iterations: 
  Largest element of residual vector :  0.18993425E-07.
  Largest element of DIIS residual   :  0.14574494E-07.
   The total correlation energy is -0.570316097090 a.u.
  Convergence information after    17 iterations: 
  Largest element of residual vector :  0.86597070E-08.
  Largest element of DIIS residual   : -0.64904522E-08.
   The total correlation energy is -0.570316096763 a.u.
  Convergence information after    18 iterations: 
  Largest element of residual vector : -0.50151845E-08.
  Largest element of DIIS residual   : -0.42763205E-08.
   The total correlation energy is -0.570316096704 a.u.
  Convergence information after    19 iterations: 
  Largest element of residual vector : -0.25594252E-08.
  Largest element of DIIS residual   : -0.19087395E-08.
   The total correlation energy is -0.570316096740 a.u.
  Convergence information after    20 iterations: 
  Largest element of residual vector : -0.12691707E-08.
  Largest element of DIIS residual   :  0.97493640E-09.
   The total correlation energy is -0.570316096790 a.u.
  Convergence information after    21 iterations: 
  Largest element of residual vector : -0.57607802E-09.
  Largest element of DIIS residual   :  0.46226105E-09.
   The total correlation energy is -0.570316096825 a.u.
  Convergence information after    22 iterations: 
  Largest element of residual vector :  0.27270946E-09.
  Largest element of DIIS residual   :  0.23106420E-09.
   The total correlation energy is -0.570316096833 a.u.
  Convergence information after    23 iterations: 
  Largest element of residual vector :  0.15627883E-09.
  Largest element of DIIS residual   :  0.11658130E-09.
   The total correlation energy is -0.570316096835 a.u.
  Convergence information after    24 iterations: 
  Largest element of residual vector :  0.63432600E-10.
  Largest element of DIIS residual   :  0.38170667E-10.
  Amplitude equations converged in    24iterations.
   The total correlation energy is -0.570316096835 a.u.
   The CC iterations have converged.

   Largest T1 amplitudes for spin case AA:
   i       a                 i       a                 i       a    
-----------------------------------------------------------------------------
[  8      20    ] 0.00966 [  9      21    ] 0.00649 [  8      41    ]-0.00603
[  8      17    ]-0.00595 [  8      21    ]-0.00565 [  7      41    ] 0.00563
[  7      18    ]-0.00549 [  8      43    ] 0.00420 [  6      41    ] 0.00402
[  8      42    ]-0.00394 [  6      23    ] 0.00393 [  7      37    ] 0.00371
[  5      43    ] 0.00368 [  7      30    ]-0.00362 [  8      33    ] 0.00361
-----------------------------------------------------------------------------
   Norm of T1AA vector (     1809 symmetry allowed elements):  0.0377341262.
-----------------------------------------------------------------------------
   Largest T2 amplitudes for spin case AB:
       _       _                 _       _                 _       _
   i   j   a   b             i   j   a   b             i   j   a   b
-----------------------------------------------------------------------------
[  9   9  22  22]-0.01988 [  9   9  37  37]-0.01181 [  5   5  43  43]-0.01078
[  9   9  35  22]-0.01044 [  9   9  22  35]-0.01044 [  9   9  37  22] 0.01024
[  9   9  22  37] 0.01024 [  9   9  34  22]-0.00980 [  9   9  22  34]-0.00980
[  9   9  35  35]-0.00955 [  9   9  21  21]-0.00953 [  5   5  37  37]-0.00902
[  7   7  41  41]-0.00874 [  6   6  43  43]-0.00837 [  9   9  43  43]-0.00804
-----------------------------------------------------------------------------
   Norm of T2AB vector (  3272481 symmetry allowed elements):  0.3355699561.
-----------------------------------------------------------------------------
       Summary of iterative solution of CC equations 
      -----------------------------------------------------------
                       Correlation           Total
       Iteration         Energy              Energy
      -----------------------------------------------------------
            0        -0.552366206449    -115.501792827613  DIIS 
            1        -0.557987138548    -115.507413759712  DIIS 
            2        -0.568731579029    -115.518158200193  DIIS 
            3        -0.569180779741    -115.518607400904  DIIS 
            4        -0.570198550062    -115.519625171225  DIIS 
            5        -0.570312252866    -115.519738874029  DIIS 
            6        -0.570315198781    -115.519741819944  DIIS 
            7        -0.570315719642    -115.519742340806  DIIS 
            8        -0.570316424792    -115.519743045956  DIIS 
            9        -0.570315285604    -115.519741906767  DIIS 
           10        -0.570315797264    -115.519742418428  DIIS 
           11        -0.570315945901    -115.519742567065  DIIS 
           12        -0.570316026039    -115.519742647202  DIIS 
           13        -0.570316079138    -115.519742700301  DIIS 
           14        -0.570316095905    -115.519742717068  DIIS 
           15        -0.570316097005    -115.519742718169  DIIS 
           16        -0.570316097700    -115.519742718863  DIIS 
           17        -0.570316097090    -115.519742718254  DIIS 
           18        -0.570316096763    -115.519742717927  DIIS 
           19        -0.570316096704    -115.519742717867  DIIS 
           20        -0.570316096740    -115.519742717903  DIIS 
           21        -0.570316096790    -115.519742717954  DIIS 
           22        -0.570316096825    -115.519742717989  DIIS 
           23        -0.570316096833    -115.519742717996  DIIS 
           24        -0.570316096835    -115.519742717999  DIIS 
      -----------------------------------------------------------
      A miracle has come to pass. The CC iterations have converged.
      The reference energy is      -114.94942662116347 a.u.
      The correlation energy is      -0.57031609683536 a.u.
      The total energy is          -115.51974271799882 a.u.
 @CHECKOUT-I, Total execution time (CPU/WALL):      785.14/     210.69 seconds.
--executable xvcc finished with status     0 in      210.78 seconds (walltime).
 --invoking executable--
/home/asmola/.local/bin/xlambda
 @GETMEM-I,  Allocated   38146 MB of main memory.
 The Lambda equations are solved for CCSD.
  Initial lambda amplitudes: 
  Convergence information after     1 iterations: 
  Largest element of residual vector : -0.26643497E-02.
  Largest element of DIIS residual   : -0.26643497E-02.
  Convergence information after     2 iterations: 
  Largest element of residual vector :  0.20882867E-03.
  Largest element of DIIS residual   :  0.20988574E-03.
  Convergence information after     3 iterations: 
  Largest element of residual vector : -0.38644611E-03.
  Largest element of DIIS residual   : -0.28032159E-03.
  Convergence information after     4 iterations: 
  Largest element of residual vector : -0.12359013E-03.
  Largest element of DIIS residual   :  0.49425163E-04.
  Convergence information after     5 iterations: 
  Largest element of residual vector :  0.37077279E-04.
  Largest element of DIIS residual   :  0.23396155E-04.
  Convergence information after     6 iterations: 
  Largest element of residual vector :  0.13465036E-04.
  Largest element of DIIS residual   : -0.84239374E-05.
  Convergence information after     7 iterations: 
  Largest element of residual vector : -0.60593527E-05.
  Largest element of DIIS residual   : -0.40148242E-05.
  Convergence information after     8 iterations: 
  Largest element of residual vector : -0.30668474E-05.
  Largest element of DIIS residual   : -0.18784802E-05.
  Convergence information after     9 iterations: 
  Largest element of residual vector : -0.12715451E-05.
  Largest element of DIIS residual   :  0.74368395E-06.
  Convergence information after    10 iterations: 
  Largest element of residual vector : -0.53358597E-06.
  Largest element of DIIS residual   :  0.26760687E-06.
  Convergence information after    11 iterations: 
  Largest element of residual vector :  0.17451839E-06.
  Largest element of DIIS residual   : -0.96550833E-07.
  Amplitude equations converged in    11 iterations.
 
  Full Fbar is constructed for CCSD second derivatives
 
      The lambda equations have converged.
 @CHECKOUT-I, Total execution time (CPU/WALL):      395.57/      95.81 seconds.
--executable xlambda finished with status     0 in       95.88 seconds (walltime).
 --invoking executable--
/home/asmola/.local/bin/xdens
 @GETMEM-I,  Allocated   38146 MB of main memory.
  CCSD density and intermediates are calculated.
  Unrelaxed density for DBOC is calculated
  sort for dboc
  ----------------------------------------------------------------------
                 Natural orbital occupation numbers
  ----------------------------------------------------------------------
  1.99892  1.99818  1.98071  1.97106  1.96550  1.96225  1.95832  1.95308
  1.94566  0.03496  0.02979  0.02527  0.02239  0.02081  0.01536  0.01321
  0.01077  0.00925  0.00830  0.00808  0.00764  0.00638  0.00636  0.00483
  0.00368  0.00342  0.00289  0.00234  0.00203  0.00179  0.00165  0.00140
  0.00124  0.00116  0.00112  0.00105  0.00096  0.00091  0.00086  0.00085
  0.00079  0.00071  0.00070  0.00068  0.00060  0.00058  0.00056  0.00054
  0.00052  0.00052  0.00052  0.00048  0.00046  0.00043  0.00041  0.00037
  0.00036  0.00032  0.00031  0.00028  0.00024  0.00023  0.00021  0.00020
  0.00018  0.00018  0.00017  0.00017  0.00016  0.00016  0.00015  0.00015
  0.00014  0.00013  0.00013  0.00012  0.00012  0.00011  0.00010  0.00010
  0.00009  0.00009  0.00008  0.00008  0.00008  0.00008  0.00007  0.00007
  0.00007  0.00007  0.00006  0.00006  0.00006  0.00006  0.00006  0.00005
  0.00005  0.00005  0.00005  0.00005  0.00004  0.00004  0.00004  0.00004
  0.00003  0.00003  0.00003  0.00003  0.00003  0.00003  0.00003  0.00002
  0.00002  0.00002  0.00002  0.00002  0.00002  0.00002  0.00002  0.00002
  0.00002  0.00001  0.00001  0.00001  0.00001  0.00001  0.00001  0.00001
  0.00001  0.00001  0.00001  0.00001  0.00001  0.00001  0.00001  0.00001
  0.00001  0.00001  0.00001  0.00001  0.00001  0.00001  0.00001  0.00001
  0.00001  0.00001  0.00001  0.00001  0.00001  0.00001  0.00001  0.00001
  0.00001  0.00001  0.00001  0.00001  0.00001  0.00001  0.00001  0.00000
  0.00000  0.00000  0.00000  0.00000  0.00000  0.00000  0.00000  0.00000
  0.00000  0.00000  0.00000  0.00000  0.00000  0.00000  0.00000  0.00000
  0.00000  0.00000  0.00000  0.00000  0.00000  0.00000  0.00000  0.00000
  0.00000  0.00000  0.00000  0.00000  0.00000  0.00000  0.00000  0.00000
  0.00000  0.00000  0.00000  0.00000  0.00000  0.00000  0.00000  0.00000
  0.00000  0.00000  0.00000  0.00000  0.00000  0.00000  0.00000  0.00000
  0.00000  0.00000
  Trace of density matrix :  18.0000000000.
  ----------------------------------------------------------------------
  Density calculation successfully completed.
 @CHECKOUT-I, Total execution time (CPU/WALL):       74.57/      64.32 seconds.
--executable xdens finished with status     0 in       64.40 seconds (walltime).
 --invoking executable--
/home/asmola/.local/bin/xvdint
 @GETMEM-I,  Allocated   38146 MB of main memory.
 One- and two-electron integral derivatives are calculated
 for RHF-CC/MBPT hessians and dipole derivatives.
 Spherical gaussians are used.
  magnet F F
  Integrals for DBOC will be evaluated
 
   First contribution to E(DBOC):       78.16137 cm-1
   Second contribution to E(DBOC):    -1224.15891 cm-1
 Evaluation of 1e integral derivatives required    7.44 seconds.
 Evaluation of 2el integral derivatives
 Evaluation of 2e integral derivatives required 1044.34 seconds.
 @CHECKOUT-I, Total execution time (CPU/WALL):     1051.76/     141.19 seconds.
--executable xvdint finished with status     0 in      141.24 seconds (walltime).
 --invoking executable--
/home/asmola/.local/bin/xcphf
 @GETMEM-I,  Allocated   38146 MB of main memory.
 Coupled-perturbed HF (CPHF) equations 
 are solved for RHF-CC/MBPT hessian and dipole derivatives.
  irreducible representation Nr.                      1
  # geometric perturbations                         18
 There are 21 perturbations within irrep 1.
 CPHF converged after  30 iterations.

                     SCF static dipole polarizability
                     --------------------------------

                         Ex          Ey          Ez

            Ex      23.203620   -1.706276    0.941234
            Ey      -1.706276   21.303580   -0.787151
            Ez       0.941234   -0.787151   21.846836



                  SCF static dipole hyperpolarizability
                  -------------------------------------

                         Ex          Ey          Ez

            xx      50.821253   -2.628287  -16.165973
            xy      -2.628287   28.654762   -6.065459
            xz     -16.165973   -6.065459   60.762916
            yy      28.654762   -2.769738   -8.457527
            yz      -6.065459   -8.457527  -27.516118
            zz      60.762916  -27.516118  -20.099406



                   Diagonal Born-Oppenheimer Correction
                   ------------------------------------

  HF-SCF 1-el contribution to DBOC is   :        62.713210 cm-1
  Correlated 1-el contribtion to DBOC is:      4606.419976 cm-1
  HF-SCF 2-el contribution to DBOC is   :       -77.171749 cm-1
  Correlated 2-el contribtion to DBOC is:        12.560877 cm-1
 
 @CHECKOUT-I, Total execution time (CPU/WALL):      722.29/     354.86 seconds.
--executable xcphf finished with status     0 in      354.92 seconds (walltime).
 --invoking executable--
/home/asmola/.local/bin/xsdcc
 @GETMEM-I,  Allocated   38146 MB of main memory.
 Vibrational frequencies and infrared intensities are calculated
 at the CCSD level within the harmonic approximation.
 CPHF coefficients for occ-occ block: U^x(i,j) = -1/2 S^x(i,j)
 CPHF coefficients for vrt-vrt block: U^x(a,b) = -1/2 S^x(a,b)
 Transformation of derivative integrals from AO to MO basis:
 RHF transformation
 Transformation of DIIII integral derivatives.
 1 pass through the AO integral derivative file was needed.
 174109810 AO integral derivatives were read from file DIIII.
 Transformation of first index required  582.8 seconds.
 Transformation of remaining indices required  314.3 seconds.
1715296743 MO integral derivatives were written to file DERINT.
        MO basis integral derivatives are being calculated
             (Symmetry block 1, perturbation   1)
 First derivative of the wavefunction is calculated (Symmetry block 1, perturbation   1)
 Resorts of perturbed amplitudes and integrals required   0.3 seconds.
 Construction of <Phi|(dH_N/dx exp(T))c|0> required  35.7 seconds.
 Starting iterative solution of the perturbed CC equations.
 The DIIS procedure is used to accelerate convergence.
 Convergence criterion is 10**(-7).
 Maximum number of iterations is 100.
 Convergence information after     1 iterations: 
 Largest element of residual vector : -0.58915649E-01.
 Largest element of DIIS residual   : -0.58915649E-01.
 Convergence information after     2 iterations: 
 Largest element of residual vector :  0.83004032E-02.
 Largest element of DIIS residual   :  0.80452679E-02.
 Convergence information after     3 iterations: 
 Largest element of residual vector : -0.56151862E-02.
 Largest element of DIIS residual   : -0.42031468E-02.
 Convergence information after     4 iterations: 
 Largest element of residual vector : -0.16405469E-02.
 Largest element of DIIS residual   :  0.10806056E-02.
 Convergence information after     5 iterations: 
 Largest element of residual vector : -0.89075231E-03.
 Largest element of DIIS residual   : -0.61208588E-03.
 Convergence information after     6 iterations: 
 Largest element of residual vector :  0.23578867E-03.
 Largest element of DIIS residual   :  0.21007843E-03.
 Convergence information after     7 iterations: 
 Largest element of residual vector : -0.13989940E-03.
 Largest element of DIIS residual   : -0.64045728E-04.
 Convergence information after     8 iterations: 
 Largest element of residual vector : -0.40323398E-04.
 Largest element of DIIS residual   : -0.29586471E-04.
 Convergence information after     9 iterations: 
 Largest element of residual vector : -0.21887272E-04.
 Largest element of DIIS residual   :  0.14494815E-04.
 Convergence information after    10 iterations: 
 Largest element of residual vector :  0.96299019E-05.
 Largest element of DIIS residual   :  0.64765163E-05.
 Convergence information after    11 iterations: 
 Largest element of residual vector :  0.48888741E-05.
 Largest element of DIIS residual   :  0.28172558E-05.
 Convergence information after    12 iterations: 
 Largest element of residual vector :  0.18654034E-05.
 Largest element of DIIS residual   :  0.99621730E-06.
 Convergence information after    13 iterations: 
 Largest element of residual vector :  0.61865479E-06.
 Largest element of DIIS residual   :  0.56798977E-06.
 Convergence information after    14 iterations: 
 Largest element of residual vector :  0.24658892E-06.
 Largest element of DIIS residual   :  0.15686295E-06.
 Convergence information after    15 iterations: 
 Largest element of residual vector :  0.10996320E-06.
 Largest element of DIIS residual   :  0.65411892E-07.
 Perturbed amplitude equations converged in    15 iterations.
  Dominant contributions to perturbed wavefunction:
    8    0  167    0   0.0535912504 AA  
    8    8  167   41   0.0505083033 ABAB
    8    8   41  167   0.0505083033 ABAB
    8    0   90    0   0.0455466324 AA  
    4    4  167   41   0.0442186732 ABAB
    4    4   41  167   0.0442186732 ABAB
    7    7   96   41   0.0426147922 ABAB
    7    7   41   96   0.0426147922 ABAB
    8    8   90   43  -0.0425292053 ABAB
    8    8   43   90  -0.0425292053 ABAB
    5    5   90   43  -0.0413616585 ABAB
    5    5   43   90  -0.0413616585 ABAB
    5    0  167    0   0.0411297080 AA  
    8    6  167   43  -0.0393502535 ABAB
    6    8   43  167  -0.0393502535 ABAB
    5    5  167   45   0.0393380815 ABAB
    5    5   45  167   0.0393380815 ABAB
    8    5   90   90   0.0391239330 ABAB
    5    8   90   90   0.0391239330 ABAB
    9    9  120   22   0.0387582317 ABAB
  Total CCSD gradient is    0.006869522360605.
  norm of converged amps    2.79600314338338     
 Starting iterative solution of the perturbed Lambda equations.
 The DIIS procedure is used to accelerate convergence.
 Convergence criterion is 10**(-7).
 Maximum number of iterations is 100.
 Convergence information after     1 iterations: 
 Largest element of residual vector : -0.48513275E-01.
 Largest element of DIIS residual   : -0.48513275E-01.
 Convergence information after     2 iterations: 
 Largest element of residual vector :  0.70235406E-02.
 Largest element of DIIS residual   :  0.64734575E-02.
 Convergence information after     3 iterations: 
 Largest element of residual vector : -0.45453008E-02.
 Largest element of DIIS residual   : -0.36526045E-02.
 Convergence information after     4 iterations: 
 Largest element of residual vector : -0.12963405E-02.
 Largest element of DIIS residual   : -0.90088743E-03.
 Convergence information after     5 iterations: 
 Largest element of residual vector : -0.72580415E-03.
 Largest element of DIIS residual   : -0.51934375E-03.
 Convergence information after     6 iterations: 
 Largest element of residual vector :  0.18829729E-03.
 Largest element of DIIS residual   :  0.17245502E-03.
 Convergence information after     7 iterations: 
 Largest element of residual vector : -0.11846541E-03.
 Largest element of DIIS residual   : -0.54188507E-04.
 Convergence information after     8 iterations: 
 Largest element of residual vector : -0.34514587E-04.
 Largest element of DIIS residual   : -0.24759683E-04.
 Convergence information after     9 iterations: 
 Largest element of residual vector : -0.18714820E-04.
 Largest element of DIIS residual   : -0.12453596E-04.
 Convergence information after    10 iterations: 
 Largest element of residual vector :  0.81117808E-05.
 Largest element of DIIS residual   :  0.55327126E-05.
 Convergence information after    11 iterations: 
 Largest element of residual vector :  0.41945248E-05.
 Largest element of DIIS residual   :  0.22988104E-05.
 Convergence information after    12 iterations: 
 Largest element of residual vector :  0.16387669E-05.
 Largest element of DIIS residual   :  0.86966850E-06.
 Convergence information after    13 iterations: 
 Largest element of residual vector :  0.54690051E-06.
 Largest element of DIIS residual   :  0.48766567E-06.
 Convergence information after    14 iterations: 
 Largest element of residual vector :  0.21498824E-06.
 Largest element of DIIS residual   :  0.12905099E-06.
 Convergence information after    15 iterations: 
 Largest element of residual vector :  0.95288691E-07.
 Largest element of DIIS residual   :  0.55854558E-07.
 Perturbed Lambda equations converged in    15 iterations.
  Dominant contributions to perturbed wavefunction:
    8    8  167   41   0.0489139300 ABAB
    8    8   41  167   0.0489139300 ABAB
    4    4  167   41   0.0431598661 ABAB
    4    4   41  167   0.0431598661 ABAB
    8    8   90   43  -0.0408028576 ABAB
    8    8   43   90  -0.0408028576 ABAB
    7    7   96   41   0.0407956360 ABAB
    7    7   41   96   0.0407956360 ABAB
    5    5   90   43  -0.0399161783 ABAB
    5    5   43   90  -0.0399161783 ABAB
    5    5  167   45   0.0382648916 ABAB
    5    5   45  167   0.0382648916 ABAB
    8    5   90   90   0.0380585586 ABAB
    5    8   90   90   0.0380585586 ABAB
    8    6  167   43  -0.0379305521 ABAB
    6    8   43  167  -0.0379305521 ABAB
    5    5  167   37  -0.0375143469 ABAB
    5    5   37  167  -0.0375143469 ABAB
    9    9  120   22   0.0371365500 ABAB
    9    9   22  120   0.0371365500 ABAB
  Total CCSD gradient is    0.005184982688728.
        The DBOC first-order density matrix is being calculated 
             (Symmetry block 1, perturbation   1)
 term   9.36053535381510     
 final tnorm1 -3.383723139018511E-003
  <0|L dT/dx|0> -3.383723139018511E-003
  norm contr. I: |<0|L dT/dx|0>|^2   1.144958228152929E-005
  norm contr. II: <0|[nabla(1+L)e-T][nabla e^T]|0>   9.36053535381510     
  total norm contribution   9.36054680339738     
 oo  3.286908279789875E-003
 vv  -93.9084528102412     
 vo  5.430312717305741E-002
  Correlated perturbed 1-el contribution to DBOC  -93.8508627747883       cm**-1
  SUM_I |dc_I/dx|^2 contribution to DBOC   46.9713826179270       cm**-1
 
  current total DBOC   5703.64037148909       cm**-1
 First-order density matrix is being calculated  (Symmetry block 1, perturbation   1)
 Calculation of the contributions of <pq||rs> to dI(i,j)/dx required   8.1 seconds.
 Calculation of the contributions of <pq||rs> to dI(a,b)/dx required  50.0 seconds.
 Calculation of the contributions of <pq||rs> to dI(i,a)/dx required  15.9 seconds.
 First-order Z-vector equations are solved for 1 perturbation.
 Convergence reached after  26 iterations.
        U*G(pq,rs) contribution is being calculated
             (Symmetry block 1, perturbation   1)

 CCSD contribution to force constants 

       32.3096490925       -7.2783319360        5.5439640360
       -0.8508846683       -1.4421747406        0.9106930823
        0.1613705663        0.7612532183       -0.7888583110
      -11.5646673228        4.0058236301       -1.7869608786
       -9.5055268859        2.2898627960       -1.2600917075
      -10.5499407818        1.6635670321       -2.6187462212
        0.0000000000        0.0000000000        0.0000000000
        0.0000000000        0.0000000000        0.0000000000
        0.0000000000        0.0000000000        0.0000000000
        0.0000000000        0.0000000000        0.0000000000
        0.0000000000        0.0000000000        0.0000000000
        0.0000000000        0.0000000000        0.0000000000
        0.0000000000        0.0000000000        0.0000000000
        0.0000000000        0.0000000000        0.0000000000
        0.0000000000        0.0000000000        0.0000000000
        0.0000000000        0.0000000000        0.0000000000
        0.0000000000        0.0000000000        0.0000000000
        0.0000000000        0.0000000000        0.0000000000
        0.0000000000        0.0000000000        0.0000000000
        0.0000000000        0.0000000000        0.0000000000
        0.0000000000        0.0000000000        0.0000000000
        0.0000000000        0.0000000000        0.0000000000
        0.0000000000        0.0000000000        0.0000000000
        0.0000000000        0.0000000000        0.0000000000
        0.0000000000        0.0000000000        0.0000000000
        0.0000000000        0.0000000000        0.0000000000
        0.0000000000        0.0000000000        0.0000000000
        0.0000000000        0.0000000000        0.0000000000
        0.0000000000        0.0000000000        0.0000000000
        0.0000000000        0.0000000000        0.0000000000
        0.0000000000        0.0000000000        0.0000000000
        0.0000000000        0.0000000000        0.0000000000
        0.0000000000        0.0000000000        0.0000000000
        0.0000000000        0.0000000000        0.0000000000
        0.0000000000        0.0000000000        0.0000000000
        0.0000000000        0.0000000000        0.0000000000
        0.0000000000        0.0000000000        0.0000000000
        0.0000000000        0.0000000000        0.0000000000
        0.0000000000        0.0000000000        0.0000000000
        0.0000000000        0.0000000000        0.0000000000
        0.0000000000        0.0000000000        0.0000000000
        0.0000000000        0.0000000000        0.0000000000
        0.0000000000        0.0000000000        0.0000000000
        0.0000000000        0.0000000000        0.0000000000
        0.0000000000        0.0000000000        0.0000000000
        0.0000000000        0.0000000000        0.0000000000
        0.0000000000        0.0000000000        0.0000000000
        0.0000000000        0.0000000000        0.0000000000
        0.0000000000        0.0000000000        0.0000000000
        0.0000000000        0.0000000000        0.0000000000
        0.0000000000        0.0000000000        0.0000000000
        0.0000000000        0.0000000000        0.0000000000
        0.0000000000        0.0000000000        0.0000000000
        0.0000000000        0.0000000000        0.0000000000
        0.0000000000        0.0000000000        0.0000000000
        0.0000000000        0.0000000000        0.0000000000
        0.0000000000        0.0000000000        0.0000000000
        0.0000000000        0.0000000000        0.0000000000
        0.0000000000        0.0000000000        0.0000000000
        0.0000000000        0.0000000000        0.0000000000
        0.0000000000        0.0000000000        0.0000000000
        0.0000000000        0.0000000000        0.0000000000
        0.0000000000        0.0000000000        0.0000000000
        0.0000000000        0.0000000000        0.0000000000
        0.0000000000        0.0000000000        0.0000000000
        0.0000000000        0.0000000000        0.0000000000
        0.0000000000        0.0000000000        0.0000000000
        0.0000000000        0.0000000000        0.0000000000
        0.0000000000        0.0000000000        0.0000000000
        0.0000000000        0.0000000000        0.0000000000
        0.0000000000        0.0000000000        0.0000000000
        0.0000000000        0.0000000000        0.0000000000
        0.0000000000        0.0000000000        0.0000000000
        0.0000000000        0.0000000000        0.0000000000
        0.0000000000        0.0000000000        0.0000000000
        0.0000000000        0.0000000000        0.0000000000
        0.0000000000        0.0000000000        0.0000000000
        0.0000000000        0.0000000000        0.0000000000
        0.0000000000        0.0000000000        0.0000000000
        0.0000000000        0.0000000000        0.0000000000
        0.0000000000        0.0000000000        0.0000000000
        0.0000000000        0.0000000000        0.0000000000
        0.0000000000        0.0000000000        0.0000000000
        0.0000000000        0.0000000000        0.0000000000
        0.0000000000        0.0000000000        0.0000000000
        0.0000000000        0.0000000000        0.0000000000
        0.0000000000        0.0000000000        0.0000000000
        0.0000000000        0.0000000000        0.0000000000
        0.0000000000        0.0000000000        0.0000000000
        0.0000000000        0.0000000000        0.0000000000
        0.0000000000        0.0000000000        0.0000000000
        0.0000000000        0.0000000000        0.0000000000
        0.0000000000        0.0000000000        0.0000000000
        0.0000000000        0.0000000000        0.0000000000
        0.0000000000        0.0000000000        0.0000000000
        0.0000000000        0.0000000000        0.0000000000
        0.0000000000        0.0000000000        0.0000000000
        0.0000000000        0.0000000000        0.0000000000
        0.0000000000        0.0000000000        0.0000000000
        0.0000000000        0.0000000000        0.0000000000
        0.0000000000        0.0000000000        0.0000000000
        0.0000000000        0.0000000000        0.0000000000
        0.0000000000        0.0000000000        0.0000000000
        0.0000000000        0.0000000000        0.0000000000
        0.0000000000        0.0000000000        0.0000000000
        0.0000000000        0.0000000000        0.0000000000
        0.0000000000        0.0000000000        0.0000000000
        0.0000000000        0.0000000000        0.0000000000

 CCSD contribution to dipole derivatives 

       -0.1397237059        0.0000000000        0.0000000000
        0.0000000000        0.0000000000        0.0000000000
        0.0000000000        0.0000000000        0.0000000000
        0.0000000000        0.0000000000        0.0000000000
        0.0000000000        0.0000000000        0.0000000000
        0.0000000000        0.0000000000        0.0000000000
       -0.0078721952        0.0000000000        0.0000000000
        0.0000000000        0.0000000000        0.0000000000
        0.0000000000        0.0000000000        0.0000000000
        0.0000000000        0.0000000000        0.0000000000
        0.0000000000        0.0000000000        0.0000000000
        0.0000000000        0.0000000000        0.0000000000
        0.0207793641        0.0000000000        0.0000000000
        0.0000000000        0.0000000000        0.0000000000
        0.0000000000        0.0000000000        0.0000000000
        0.0000000000        0.0000000000        0.0000000000
        0.0000000000        0.0000000000        0.0000000000
        0.0000000000        0.0000000000        0.0000000000
 @CHECKOUT-I, Total execution time (CPU/WALL):     4079.50/    1754.53 seconds.
--executable xsdcc finished with status     0 in     1754.83 seconds (walltime).
 --invoking executable--
/home/asmola/.local/bin/xanti
 @GETMEM-I,  Allocated   38146 MB of main memory.
 CCSD MO derivative gammas will be sorted to Mulliken order.
 @CHECKOUT-I, Total execution time (CPU/WALL):       36.34/     115.95 seconds.
--executable xanti finished with status     0 in      116.25 seconds (walltime).
 --invoking executable--
/home/asmola/.local/bin/xbcktrn
 @GETMEM-I,  Allocated   38146 MB of main memory.
 CCSD MO derivative gammas will be transformed to the AO basis.
 @CHECKOUT-I, Total execution time (CPU/WALL):      190.69/      28.74 seconds.
--executable xbcktrn finished with status     0 in       28.82 seconds (walltime).
 --invoking executable--
/home/asmola/.local/bin/xvdint
 @GETMEM-I,  Allocated   38146 MB of main memory.
 One- and two-electron integral derivatives are calculated
 for RHF-CC/MBPT hessians and dipole derivatives.
 Spherical gaussians are used.
  magnet F F
 Evaluation of 2el integral derivatives

                      Two-electron integral gradient
                      ------------------------------

 C #1       1.2699041283           -0.0118585936            0.0106317787
 O #2      -0.5549551370           -0.0666620425            0.1201795987
 H #3      -0.0112231572            0.0304510818           -0.0577563593
 H #4      -0.2501077346           -0.0004775190           -0.0576929824
 H #5      -0.2138873451            0.0468278977           -0.0093063495
 H #6      -0.2397307545            0.0017191755           -0.0060556862


 Evaluation of 2e integral derivatives required  692.25 seconds.
  contribution to Hessian
        1.2699041283       -0.0118585936        0.0106317787
       -0.5549551370       -0.0666620425        0.1201795987
       -0.0112231572        0.0304510818       -0.0577563593
       -0.2501077346       -0.0004775190       -0.0576929824
       -0.2138873451        0.0468278977       -0.0093063495
       -0.2397307545        0.0017191755       -0.0060556862
 @CHECKOUT-I, Total execution time (CPU/WALL):      692.23/     108.49 seconds.
--executable xvdint finished with status     0 in      108.68 seconds (walltime).
 --invoking executable--
/home/asmola/.local/bin/xsdcc
 @GETMEM-I,  Allocated   38146 MB of main memory.
 Vibrational frequencies and infrared intensities are calculated
 at the CCSD level within the harmonic approximation.
 CPHF coefficients for occ-occ block: U^x(i,j) = -1/2 S^x(i,j)
 CPHF coefficients for vrt-vrt block: U^x(a,b) = -1/2 S^x(a,b)
 Transformation of derivative integrals from AO to MO basis:
 RHF transformation
 Transformation of DIIII integral derivatives.
 1 pass through the AO integral derivative file was needed.
 174008346 AO integral derivatives were read from file DIIII.
 Transformation of first index required  583.4 seconds.
 Transformation of remaining indices required  313.0 seconds.
1715296743 MO integral derivatives were written to file DERINT.
        MO basis integral derivatives are being calculated
             (Symmetry block 1, perturbation   2)
 First derivative of the wavefunction is calculated (Symmetry block 1, perturbation   2)
 Resorts of perturbed amplitudes and integrals required   0.5 seconds.
 Construction of <Phi|(dH_N/dx exp(T))c|0> required  25.7 seconds.
 Starting iterative solution of the perturbed CC equations.
 The DIIS procedure is used to accelerate convergence.
 Convergence criterion is 10**(-7).
 Maximum number of iterations is 100.
 Convergence information after     1 iterations: 
 Largest element of residual vector : -0.37260636E-01.
 Largest element of DIIS residual   : -0.37260636E-01.
 Convergence information after     2 iterations: 
 Largest element of residual vector : -0.51572046E-02.
 Largest element of DIIS residual   : -0.86782883E-02.
 Convergence information after     3 iterations: 
 Largest element of residual vector : -0.37087788E-02.
 Largest element of DIIS residual   : -0.32448524E-02.
 Convergence information after     4 iterations: 
 Largest element of residual vector : -0.13763349E-02.
 Largest element of DIIS residual   :  0.12439967E-02.
 Convergence information after     5 iterations: 
 Largest element of residual vector : -0.61665902E-03.
 Largest element of DIIS residual   : -0.37626324E-03.
 Convergence information after     6 iterations: 
 Largest element of residual vector :  0.23731774E-03.
 Largest element of DIIS residual   :  0.31455112E-03.
 Convergence information after     7 iterations: 
 Largest element of residual vector : -0.13793243E-03.
 Largest element of DIIS residual   : -0.11061280E-03.
 Convergence information after     8 iterations: 
 Largest element of residual vector : -0.57649987E-04.
 Largest element of DIIS residual   :  0.26967989E-04.
 Convergence information after     9 iterations: 
 Largest element of residual vector : -0.22112003E-04.
 Largest element of DIIS residual   :  0.10462228E-04.
 Convergence information after    10 iterations: 
 Largest element of residual vector :  0.70782722E-05.
 Largest element of DIIS residual   :  0.45672221E-05.
 Convergence information after    11 iterations: 
 Largest element of residual vector :  0.31172899E-05.
 Largest element of DIIS residual   :  0.16158272E-05.
 Convergence information after    12 iterations: 
 Largest element of residual vector :  0.12564726E-05.
 Largest element of DIIS residual   : -0.95614957E-06.
 Convergence information after    13 iterations: 
 Largest element of residual vector :  0.48823519E-06.
 Largest element of DIIS residual   : -0.37650162E-06.
 Convergence information after    14 iterations: 
 Largest element of residual vector :  0.15932648E-06.
 Largest element of DIIS residual   :  0.14971734E-06.
 Convergence information after    15 iterations: 
 Largest element of residual vector :  0.83003129E-07.
 Largest element of DIIS residual   : -0.62973128E-07.
 Perturbed amplitude equations converged in    15 iterations.
  Dominant contributions to perturbed wavefunction:
    9    9  167   21  -0.1006183082 ABAB
    9    9   21  167  -0.1006183082 ABAB
    9    9  120   22  -0.0992251942 ABAB
    9    9   22  120  -0.0992251942 ABAB
    9    9  167   35   0.0831501260 ABAB
    9    9   35  167   0.0831501260 ABAB
    4    4  167   33   0.0821530470 ABAB
    4    4   33  167   0.0821530470 ABAB
    9    4   22  167  -0.0798793958 ABAB
    4    9  167   22  -0.0798793958 ABAB
    9    9  167   33   0.0779941421 ABAB
    9    9   33  167   0.0779941421 ABAB
    9    9  167   22   0.0702748448 ABAB
    9    9   22  167   0.0702748448 ABAB
    4    4  167   37   0.0649908635 ABAB
    4    4   37  167   0.0649908635 ABAB
    5    5  167   21  -0.0637420844 ABAB
    5    5   21  167  -0.0637420844 ABAB
    9    9  127   22   0.0631611374 ABAB
    9    9   22  127   0.0631611374 ABAB
  Total CCSD gradient is    0.004943169763661.
  norm of converged amps    3.08751695861007     
 Starting iterative solution of the perturbed Lambda equations.
 The DIIS procedure is used to accelerate convergence.
 Convergence criterion is 10**(-7).
 Maximum number of iterations is 100.
 Convergence information after     1 iterations: 
 Largest element of residual vector : -0.31838568E-01.
 Largest element of DIIS residual   : -0.31838568E-01.
 Convergence information after     2 iterations: 
 Largest element of residual vector : -0.46632279E-02.
 Largest element of DIIS residual   : -0.77754467E-02.
 Convergence information after     3 iterations: 
 Largest element of residual vector : -0.31149278E-02.
 Largest element of DIIS residual   : -0.28554594E-02.
 Convergence information after     4 iterations: 
 Largest element of residual vector : -0.11325491E-02.
 Largest element of DIIS residual   :  0.10256746E-02.
 Convergence information after     5 iterations: 
 Largest element of residual vector : -0.52051167E-03.
 Largest element of DIIS residual   : -0.32636213E-03.
 Convergence information after     6 iterations: 
 Largest element of residual vector :  0.19653160E-03.
 Largest element of DIIS residual   :  0.26274837E-03.
 Convergence information after     7 iterations: 
 Largest element of residual vector : -0.11847248E-03.
 Largest element of DIIS residual   : -0.96438857E-04.
 Convergence information after     8 iterations: 
 Largest element of residual vector : -0.50372710E-04.
 Largest element of DIIS residual   :  0.23539277E-04.
 Convergence information after     9 iterations: 
 Largest element of residual vector : -0.19283259E-04.
 Largest element of DIIS residual   :  0.92806924E-05.
 Convergence information after    10 iterations: 
 Largest element of residual vector :  0.62688625E-05.
 Largest element of DIIS residual   :  0.40166459E-05.
 Convergence information after    11 iterations: 
 Largest element of residual vector :  0.27999334E-05.
 Largest element of DIIS residual   :  0.14792100E-05.
 Convergence information after    12 iterations: 
 Largest element of residual vector :  0.11167523E-05.
 Largest element of DIIS residual   : -0.82125492E-06.
 Convergence information after    13 iterations: 
 Largest element of residual vector :  0.43287111E-06.
 Largest element of DIIS residual   : -0.33679250E-06.
 Convergence information after    14 iterations: 
 Largest element of residual vector : -0.14984457E-06.
 Largest element of DIIS residual   :  0.13617229E-06.
 Convergence information after    15 iterations: 
 Largest element of residual vector :  0.78444038E-07.
 Largest element of DIIS residual   : -0.55669638E-07.
 Perturbed Lambda equations converged in    15 iterations.
  Dominant contributions to perturbed wavefunction:
    9    9  167   21  -0.0966798595 ABAB
    9    9   21  167  -0.0966798595 ABAB
    9    9  120   22  -0.0953659209 ABAB
    9    9   22  120  -0.0953659209 ABAB
    4    4  167   33   0.0811289101 ABAB
    4    4   33  167   0.0811289101 ABAB
    9    9  167   35   0.0796738355 ABAB
    9    9   35  167   0.0796738355 ABAB
    9    4   22  167  -0.0775807110 ABAB
    4    9  167   22  -0.0775807110 ABAB
    9    9  167   33   0.0745025910 ABAB
    9    9   33  167   0.0745025910 ABAB
    9    9  167   22   0.0670501688 ABAB
    9    9   22  167   0.0670501688 ABAB
    4    4  167   37   0.0637805100 ABAB
    4    4   37  167   0.0637805100 ABAB
    5    5  167   21  -0.0619544816 ABAB
    5    5   21  167  -0.0619544816 ABAB
    9    9  127   22   0.0605549268 ABAB
    9    9   22  127   0.0605549268 ABAB
  Total CCSD gradient is    0.003191753972015.
        The DBOC first-order density matrix is being calculated 
             (Symmetry block 1, perturbation   2)
 term   10.9692060620931     
 final tnorm1 -6.600028954102040E-003
  <0|L dT/dx|0> -6.600028954102040E-003
  norm contr. I: |<0|L dT/dx|0>|^2   4.356038219498526E-005
  norm contr. II: <0|[nabla(1+L)e-T][nabla e^T]|0>   10.9692060620931     
  total norm contribution   10.9692496224753     
 oo  4.881101022601990E-003
 vv  -110.077261278983     
 vo -0.278414355089873     
  Correlated perturbed 1-el contribution to DBOC  -110.350794533051       cm**-1
  SUM_I |dc_I/dx|^2 contribution to DBOC   55.0438806482792       cm**-1
 
  current total DBOC   5648.33345760432       cm**-1
 First-order density matrix is being calculated  (Symmetry block 1, perturbation   2)
 Calculation of the contributions of <pq||rs> to dI(i,j)/dx required   5.5 seconds.
 Calculation of the contributions of <pq||rs> to dI(a,b)/dx required  45.4 seconds.
 Calculation of the contributions of <pq||rs> to dI(i,a)/dx required  13.8 seconds.
 First-order Z-vector equations are solved for 1 perturbation.
 Convergence reached after  27 iterations.
        U*G(pq,rs) contribution is being calculated
             (Symmetry block 1, perturbation   2)

 CCSD contribution to force constants 

        0.0000000000        0.0000000000        0.0000000000
        0.0000000000        0.0000000000        0.0000000000
        0.0000000000        0.0000000000        0.0000000000
        0.0000000000        0.0000000000        0.0000000000
        0.0000000000        0.0000000000        0.0000000000
        0.0000000000        0.0000000000        0.0000000000
       -8.0822741018       59.5559164301       12.0055492012
       -0.1525167259        2.2126176826       -0.0797761654
        0.3524188170        1.1475278145        0.6757883309
        1.9710599589      -29.5420687163      -12.1117397788
        3.5262694181       -9.4478992032        7.8445281899
        2.3850426337      -23.9260940078       -8.3343497777
        0.0000000000        0.0000000000        0.0000000000
        0.0000000000        0.0000000000        0.0000000000
        0.0000000000        0.0000000000        0.0000000000
        0.0000000000        0.0000000000        0.0000000000
        0.0000000000        0.0000000000        0.0000000000
        0.0000000000        0.0000000000        0.0000000000
        0.0000000000        0.0000000000        0.0000000000
        0.0000000000        0.0000000000        0.0000000000
        0.0000000000        0.0000000000        0.0000000000
        0.0000000000        0.0000000000        0.0000000000
        0.0000000000        0.0000000000        0.0000000000
        0.0000000000        0.0000000000        0.0000000000
        0.0000000000        0.0000000000        0.0000000000
        0.0000000000        0.0000000000        0.0000000000
        0.0000000000        0.0000000000        0.0000000000
        0.0000000000        0.0000000000        0.0000000000
        0.0000000000        0.0000000000        0.0000000000
        0.0000000000        0.0000000000        0.0000000000
        0.0000000000        0.0000000000        0.0000000000
        0.0000000000        0.0000000000        0.0000000000
        0.0000000000        0.0000000000        0.0000000000
        0.0000000000        0.0000000000        0.0000000000
        0.0000000000        0.0000000000        0.0000000000
        0.0000000000        0.0000000000        0.0000000000
        0.0000000000        0.0000000000        0.0000000000
        0.0000000000        0.0000000000        0.0000000000
        0.0000000000        0.0000000000        0.0000000000
        0.0000000000        0.0000000000        0.0000000000
        0.0000000000        0.0000000000        0.0000000000
        0.0000000000        0.0000000000        0.0000000000
        0.0000000000        0.0000000000        0.0000000000
        0.0000000000        0.0000000000        0.0000000000
        0.0000000000        0.0000000000        0.0000000000
        0.0000000000        0.0000000000        0.0000000000
        0.0000000000        0.0000000000        0.0000000000
        0.0000000000        0.0000000000        0.0000000000
        0.0000000000        0.0000000000        0.0000000000
        0.0000000000        0.0000000000        0.0000000000
        0.0000000000        0.0000000000        0.0000000000
        0.0000000000        0.0000000000        0.0000000000
        0.0000000000        0.0000000000        0.0000000000
        0.0000000000        0.0000000000        0.0000000000
        0.0000000000        0.0000000000        0.0000000000
        0.0000000000        0.0000000000        0.0000000000
        0.0000000000        0.0000000000        0.0000000000
        0.0000000000        0.0000000000        0.0000000000
        0.0000000000        0.0000000000        0.0000000000
        0.0000000000        0.0000000000        0.0000000000
        0.0000000000        0.0000000000        0.0000000000
        0.0000000000        0.0000000000        0.0000000000
        0.0000000000        0.0000000000        0.0000000000
        0.0000000000        0.0000000000        0.0000000000
        0.0000000000        0.0000000000        0.0000000000
        0.0000000000        0.0000000000        0.0000000000
        0.0000000000        0.0000000000        0.0000000000
        0.0000000000        0.0000000000        0.0000000000
        0.0000000000        0.0000000000        0.0000000000
        0.0000000000        0.0000000000        0.0000000000
        0.0000000000        0.0000000000        0.0000000000
        0.0000000000        0.0000000000        0.0000000000
        0.0000000000        0.0000000000        0.0000000000
        0.0000000000        0.0000000000        0.0000000000
        0.0000000000        0.0000000000        0.0000000000
        0.0000000000        0.0000000000        0.0000000000
        0.0000000000        0.0000000000        0.0000000000
        0.0000000000        0.0000000000        0.0000000000
        0.0000000000        0.0000000000        0.0000000000
        0.0000000000        0.0000000000        0.0000000000
        0.0000000000        0.0000000000        0.0000000000
        0.0000000000        0.0000000000        0.0000000000
        0.0000000000        0.0000000000        0.0000000000
        0.0000000000        0.0000000000        0.0000000000
        0.0000000000        0.0000000000        0.0000000000
        0.0000000000        0.0000000000        0.0000000000
        0.0000000000        0.0000000000        0.0000000000
        0.0000000000        0.0000000000        0.0000000000
        0.0000000000        0.0000000000        0.0000000000
        0.0000000000        0.0000000000        0.0000000000
        0.0000000000        0.0000000000        0.0000000000
        0.0000000000        0.0000000000        0.0000000000
        0.0000000000        0.0000000000        0.0000000000
        0.0000000000        0.0000000000        0.0000000000
        0.0000000000        0.0000000000        0.0000000000
        0.0000000000        0.0000000000        0.0000000000
        0.0000000000        0.0000000000        0.0000000000
        0.0000000000        0.0000000000        0.0000000000
        0.0000000000        0.0000000000        0.0000000000
        0.0000000000        0.0000000000        0.0000000000
        0.0000000000        0.0000000000        0.0000000000
        0.0000000000        0.0000000000        0.0000000000
        0.0000000000        0.0000000000        0.0000000000
        0.0000000000        0.0000000000        0.0000000000
        0.0000000000        0.0000000000        0.0000000000
        0.0000000000        0.0000000000        0.0000000000
        0.0000000000        0.0000000000        0.0000000000
        0.0000000000        0.0000000000        0.0000000000

 CCSD contribution to dipole derivatives 

        0.0000000000        0.0088620776        0.0000000000
        0.0000000000        0.0000000000        0.0000000000
        0.0000000000        0.0000000000        0.0000000000
        0.0000000000        0.0000000000        0.0000000000
        0.0000000000        0.0000000000        0.0000000000
        0.0000000000        0.0000000000        0.0000000000
        0.0000000000       -0.0589813861        0.0000000000
        0.0000000000        0.0000000000        0.0000000000
        0.0000000000        0.0000000000        0.0000000000
        0.0000000000        0.0000000000        0.0000000000
        0.0000000000        0.0000000000        0.0000000000
        0.0000000000        0.0000000000        0.0000000000
        0.0000000000       -0.0424737563        0.0000000000
        0.0000000000        0.0000000000        0.0000000000
        0.0000000000        0.0000000000        0.0000000000
        0.0000000000        0.0000000000        0.0000000000
        0.0000000000        0.0000000000        0.0000000000
        0.0000000000        0.0000000000        0.0000000000
 @CHECKOUT-I, Total execution time (CPU/WALL):     4126.74/    1526.81 seconds.
--executable xsdcc finished with status     0 in     1526.93 seconds (walltime).
 --invoking executable--
/home/asmola/.local/bin/xanti
 @GETMEM-I,  Allocated   38146 MB of main memory.
 CCSD MO derivative gammas will be sorted to Mulliken order.
 @CHECKOUT-I, Total execution time (CPU/WALL):       36.88/     111.93 seconds.
--executable xanti finished with status     0 in      112.01 seconds (walltime).
 --invoking executable--
/home/asmola/.local/bin/xbcktrn
 @GETMEM-I,  Allocated   38146 MB of main memory.
 CCSD MO derivative gammas will be transformed to the AO basis.
 @CHECKOUT-I, Total execution time (CPU/WALL):       96.65/      15.40 seconds.
--executable xbcktrn finished with status     0 in       15.45 seconds (walltime).
 --invoking executable--
/home/asmola/.local/bin/xvdint
 @GETMEM-I,  Allocated   38146 MB of main memory.
 One- and two-electron integral derivatives are calculated
 for RHF-CC/MBPT hessians and dipole derivatives.
 Spherical gaussians are used.
  magnet F F
 Evaluation of 2el integral derivatives

                      Two-electron integral gradient
                      ------------------------------

 C #1      -0.0285438642            1.1605330835           -0.0878359189
 O #2      -0.0153482614           -0.2937270448            0.0414341383
 H #3       0.0003849879            0.0230395495           -0.0282994763
 H #4       0.0792320785           -0.3324624067            0.1404728539
 H #5       0.0380018065           -0.2672487484           -0.0835849637
 H #6      -0.0737267472           -0.2901344332            0.0178133667


 Evaluation of 2e integral derivatives required  698.85 seconds.
  contribution to Hessian
       -0.0285438642        1.1605330835       -0.0878359189
       -0.0153482614       -0.2937270448        0.0414341383
        0.0003849879        0.0230395495       -0.0282994763
        0.0792320785       -0.3324624067        0.1404728539
        0.0380018065       -0.2672487484       -0.0835849637
       -0.0737267472       -0.2901344332        0.0178133667
 @CHECKOUT-I, Total execution time (CPU/WALL):      698.84/     106.75 seconds.
--executable xvdint finished with status     0 in      106.79 seconds (walltime).
 --invoking executable--
/home/asmola/.local/bin/xsdcc
 @GETMEM-I,  Allocated   38146 MB of main memory.
 Vibrational frequencies and infrared intensities are calculated
 at the CCSD level within the harmonic approximation.
 CPHF coefficients for occ-occ block: U^x(i,j) = -1/2 S^x(i,j)
 CPHF coefficients for vrt-vrt block: U^x(a,b) = -1/2 S^x(a,b)
 Transformation of derivative integrals from AO to MO basis:
 RHF transformation
 Transformation of DIIII integral derivatives.
 1 pass through the AO integral derivative file was needed.
 174018806 AO integral derivatives were read from file DIIII.
 Transformation of first index required  584.7 seconds.
 Transformation of remaining indices required  313.7 seconds.
1715296743 MO integral derivatives were written to file DERINT.
        MO basis integral derivatives are being calculated
             (Symmetry block 1, perturbation   3)
 First derivative of the wavefunction is calculated (Symmetry block 1, perturbation   3)
 Resorts of perturbed amplitudes and integrals required   0.6 seconds.
 Construction of <Phi|(dH_N/dx exp(T))c|0> required  28.8 seconds.
 Starting iterative solution of the perturbed CC equations.
 The DIIS procedure is used to accelerate convergence.
 Convergence criterion is 10**(-7).
 Maximum number of iterations is 100.
 Convergence information after     1 iterations: 
 Largest element of residual vector : -0.40489368E-01.
 Largest element of DIIS residual   : -0.40489368E-01.
 Convergence information after     2 iterations: 
 Largest element of residual vector :  0.70149196E-02.
 Largest element of DIIS residual   : -0.53361066E-02.
 Convergence information after     3 iterations: 
 Largest element of residual vector :  0.40728679E-02.
 Largest element of DIIS residual   : -0.25115321E-02.
 Convergence information after     4 iterations: 
 Largest element of residual vector :  0.19737029E-02.
 Largest element of DIIS residual   :  0.16689542E-02.
 Convergence information after     5 iterations: 
 Largest element of residual vector : -0.10815801E-02.
 Largest element of DIIS residual   :  0.10451204E-02.
 Convergence information after     6 iterations: 
 Largest element of residual vector :  0.55472314E-03.
 Largest element of DIIS residual   : -0.45753605E-03.
 Convergence information after     7 iterations: 
 Largest element of residual vector :  0.25272504E-03.
 Largest element of DIIS residual   :  0.11713085E-03.
 Convergence information after     8 iterations: 
 Largest element of residual vector : -0.78391471E-04.
 Largest element of DIIS residual   : -0.54019537E-04.
 Convergence information after     9 iterations: 
 Largest element of residual vector : -0.31111585E-04.
 Largest element of DIIS residual   : -0.17265330E-04.
 Convergence information after    10 iterations: 
 Largest element of residual vector : -0.12349701E-04.
 Largest element of DIIS residual   : -0.45683129E-05.
 Convergence information after    11 iterations: 
 Largest element of residual vector : -0.38888945E-05.
 Largest element of DIIS residual   : -0.18559891E-05.
 Convergence information after    12 iterations: 
 Largest element of residual vector :  0.11917212E-05.
 Largest element of DIIS residual   : -0.94316598E-06.
 Convergence information after    13 iterations: 
 Largest element of residual vector :  0.63082443E-06.
 Largest element of DIIS residual   :  0.52046884E-06.
 Convergence information after    14 iterations: 
 Largest element of residual vector :  0.30111568E-06.
 Largest element of DIIS residual   :  0.20096661E-06.
 Convergence information after    15 iterations: 
 Largest element of residual vector :  0.14881814E-06.
 Largest element of DIIS residual   : -0.86164837E-07.
 Perturbed amplitude equations converged in    15 iterations.
  Dominant contributions to perturbed wavefunction:
    9    9  167   22   0.1228164223 ABAB
    9    9   22  167   0.1228164223 ABAB
    9    9  124   22   0.0947900018 ABAB
    9    9   22  124   0.0947900018 ABAB
    9    9   85   22  -0.0945077339 ABAB
    9    9   22   85  -0.0945077339 ABAB
    9    9  119   22   0.0871850258 ABAB
    9    9   22  119   0.0871850258 ABAB
    9    9  167   37  -0.0834433254 ABAB
    9    9   37  167  -0.0834433254 ABAB
    9    9   88   22  -0.0784418102 ABAB
    9    9   22   88  -0.0784418102 ABAB
    9    9   84   22  -0.0774492415 ABAB
    9    9   22   84  -0.0774492415 ABAB
    9    9   49   22  -0.0690208964 ABAB
    9    9   22   49  -0.0690208964 ABAB
    9    9  167   35   0.0662905033 ABAB
    9    9   35  167   0.0662905033 ABAB
    9    9   38   22  -0.0659080926 ABAB
    9    9   22   38  -0.0659080926 ABAB
  Total CCSD gradient is   -0.005847908550264.
  norm of converged amps    2.34764736310954     
 Starting iterative solution of the perturbed Lambda equations.
 The DIIS procedure is used to accelerate convergence.
 Convergence criterion is 10**(-7).
 Maximum number of iterations is 100.
 Convergence information after     1 iterations: 
 Largest element of residual vector : -0.34882441E-01.
 Largest element of DIIS residual   : -0.34882441E-01.
 Convergence information after     2 iterations: 
 Largest element of residual vector :  0.63129930E-02.
 Largest element of DIIS residual   : -0.47542999E-02.
 Convergence information after     3 iterations: 
 Largest element of residual vector :  0.36327544E-02.
 Largest element of DIIS residual   : -0.23508621E-02.
 Convergence information after     4 iterations: 
 Largest element of residual vector :  0.17897406E-02.
 Largest element of DIIS residual   :  0.15252085E-02.
 Convergence information after     5 iterations: 
 Largest element of residual vector : -0.10000976E-02.
 Largest element of DIIS residual   :  0.95808732E-03.
 Convergence information after     6 iterations: 
 Largest element of residual vector :  0.50303681E-03.
 Largest element of DIIS residual   : -0.40969065E-03.
 Convergence information after     7 iterations: 
 Largest element of residual vector :  0.22792746E-03.
 Largest element of DIIS residual   :  0.10856815E-03.
 Convergence information after     8 iterations: 
 Largest element of residual vector : -0.72612922E-04.
 Largest element of DIIS residual   : -0.50017316E-04.
 Convergence information after     9 iterations: 
 Largest element of residual vector : -0.28901975E-04.
 Largest element of DIIS residual   : -0.15722129E-04.
 Convergence information after    10 iterations: 
 Largest element of residual vector : -0.11470700E-04.
 Largest element of DIIS residual   : -0.42288976E-05.
 Convergence information after    11 iterations: 
 Largest element of residual vector : -0.35989397E-05.
 Largest element of DIIS residual   : -0.16758106E-05.
 Convergence information after    12 iterations: 
 Largest element of residual vector :  0.11046756E-05.
 Largest element of DIIS residual   : -0.85656444E-06.
 Convergence information after    13 iterations: 
 Largest element of residual vector :  0.58904415E-06.
 Largest element of DIIS residual   :  0.48764236E-06.
 Convergence information after    14 iterations: 
 Largest element of residual vector :  0.28748437E-06.
 Largest element of DIIS residual   :  0.19913435E-06.
 Convergence information after    15 iterations: 
 Largest element of residual vector :  0.13958000E-06.
 Largest element of DIIS residual   : -0.88357629E-07.
 Perturbed Lambda equations converged in    15 iterations.
  Dominant contributions to perturbed wavefunction:
    9    9  167   22   0.1178061320 ABAB
    9    9   22  167   0.1178061320 ABAB
    9    9  124   22   0.0911246616 ABAB
    9    9   22  124   0.0911246616 ABAB
    9    9   85   22  -0.0908633064 ABAB
    9    9   22   85  -0.0908633064 ABAB
    9    9  119   22   0.0837281845 ABAB
    9    9   22  119   0.0837281845 ABAB
    9    9  167   37  -0.0803940599 ABAB
    9    9   37  167  -0.0803940599 ABAB
    9    9   88   22  -0.0753671668 ABAB
    9    9   22   88  -0.0753671668 ABAB
    9    9   84   22  -0.0744747568 ABAB
    9    9   22   84  -0.0744747568 ABAB
    9    9   49   22  -0.0663803527 ABAB
    9    9   22   49  -0.0663803527 ABAB
    9    9  167   35   0.0634017334 ABAB
    9    9   35  167   0.0634017334 ABAB
    9    9   38   22  -0.0632820676 ABAB
    9    9   22   38  -0.0632820676 ABAB
  Total CCSD gradient is   -0.004341574426926.
        The DBOC first-order density matrix is being calculated 
             (Symmetry block 1, perturbation   3)
 term   6.53673116383616     
 final tnorm1  5.907113624207127E-003
  <0|L dT/dx|0>  5.907113624207127E-003
  norm contr. I: |<0|L dT/dx|0>|^2   3.489399136929346E-005
  norm contr. II: <0|[nabla(1+L)e-T][nabla e^T]|0>   6.53673116383616     
  total norm contribution   6.53676605782753     
 oo -6.812294592400095E-003
 vv  -65.4198907568996     
 vo -0.116744429791378     
  Correlated perturbed 1-el contribution to DBOC  -65.5434474812834       cm**-1
  SUM_I |dc_I/dx|^2 contribution to DBOC   32.8016029442485       cm**-1
 
  current total DBOC   5615.59161306729       cm**-1
 First-order density matrix is being calculated  (Symmetry block 1, perturbation   3)
 Calculation of the contributions of <pq||rs> to dI(i,j)/dx required   5.4 seconds.
 Calculation of the contributions of <pq||rs> to dI(a,b)/dx required  52.4 seconds.
 Calculation of the contributions of <pq||rs> to dI(i,a)/dx required  19.7 seconds.
 First-order Z-vector equations are solved for 1 perturbation.
 Convergence reached after  25 iterations.
        U*G(pq,rs) contribution is being calculated
             (Symmetry block 1, perturbation   3)

 CCSD contribution to force constants 

        0.0000000000        0.0000000000        0.0000000000
        0.0000000000        0.0000000000        0.0000000000
        0.0000000000        0.0000000000        0.0000000000
        0.0000000000        0.0000000000        0.0000000000
        0.0000000000        0.0000000000        0.0000000000
        0.0000000000        0.0000000000        0.0000000000
        0.0000000000        0.0000000000        0.0000000000
        0.0000000000        0.0000000000        0.0000000000
        0.0000000000        0.0000000000        0.0000000000
        0.0000000000        0.0000000000        0.0000000000
        0.0000000000        0.0000000000        0.0000000000
        0.0000000000        0.0000000000        0.0000000000
        2.7859886654       12.5057070147       12.5081946944
       -0.1642278538        0.1997112718        2.6178464241
       -0.3276351309        0.4181467946        0.7900215447
       -1.5327394026      -10.9425354406       -1.5576457676
        0.2459959987        5.0275143268       -6.7526141273
       -1.0073822767       -7.2085439674       -7.6058027683
        0.0000000000        0.0000000000        0.0000000000
        0.0000000000        0.0000000000        0.0000000000
        0.0000000000        0.0000000000        0.0000000000
        0.0000000000        0.0000000000        0.0000000000
        0.0000000000        0.0000000000        0.0000000000
        0.0000000000        0.0000000000        0.0000000000
        0.0000000000        0.0000000000        0.0000000000
        0.0000000000        0.0000000000        0.0000000000
        0.0000000000        0.0000000000        0.0000000000
        0.0000000000        0.0000000000        0.0000000000
        0.0000000000        0.0000000000        0.0000000000
        0.0000000000        0.0000000000        0.0000000000
        0.0000000000        0.0000000000        0.0000000000
        0.0000000000        0.0000000000        0.0000000000
        0.0000000000        0.0000000000        0.0000000000
        0.0000000000        0.0000000000        0.0000000000
        0.0000000000        0.0000000000        0.0000000000
        0.0000000000        0.0000000000        0.0000000000
        0.0000000000        0.0000000000        0.0000000000
        0.0000000000        0.0000000000        0.0000000000
        0.0000000000        0.0000000000        0.0000000000
        0.0000000000        0.0000000000        0.0000000000
        0.0000000000        0.0000000000        0.0000000000
        0.0000000000        0.0000000000        0.0000000000
        0.0000000000        0.0000000000        0.0000000000
        0.0000000000        0.0000000000        0.0000000000
        0.0000000000        0.0000000000        0.0000000000
        0.0000000000        0.0000000000        0.0000000000
        0.0000000000        0.0000000000        0.0000000000
        0.0000000000        0.0000000000        0.0000000000
        0.0000000000        0.0000000000        0.0000000000
        0.0000000000        0.0000000000        0.0000000000
        0.0000000000        0.0000000000        0.0000000000
        0.0000000000        0.0000000000        0.0000000000
        0.0000000000        0.0000000000        0.0000000000
        0.0000000000        0.0000000000        0.0000000000
        0.0000000000        0.0000000000        0.0000000000
        0.0000000000        0.0000000000        0.0000000000
        0.0000000000        0.0000000000        0.0000000000
        0.0000000000        0.0000000000        0.0000000000
        0.0000000000        0.0000000000        0.0000000000
        0.0000000000        0.0000000000        0.0000000000
        0.0000000000        0.0000000000        0.0000000000
        0.0000000000        0.0000000000        0.0000000000
        0.0000000000        0.0000000000        0.0000000000
        0.0000000000        0.0000000000        0.0000000000
        0.0000000000        0.0000000000        0.0000000000
        0.0000000000        0.0000000000        0.0000000000
        0.0000000000        0.0000000000        0.0000000000
        0.0000000000        0.0000000000        0.0000000000
        0.0000000000        0.0000000000        0.0000000000
        0.0000000000        0.0000000000        0.0000000000
        0.0000000000        0.0000000000        0.0000000000
        0.0000000000        0.0000000000        0.0000000000
        0.0000000000        0.0000000000        0.0000000000
        0.0000000000        0.0000000000        0.0000000000
        0.0000000000        0.0000000000        0.0000000000
        0.0000000000        0.0000000000        0.0000000000
        0.0000000000        0.0000000000        0.0000000000
        0.0000000000        0.0000000000        0.0000000000
        0.0000000000        0.0000000000        0.0000000000
        0.0000000000        0.0000000000        0.0000000000
        0.0000000000        0.0000000000        0.0000000000
        0.0000000000        0.0000000000        0.0000000000
        0.0000000000        0.0000000000        0.0000000000
        0.0000000000        0.0000000000        0.0000000000
        0.0000000000        0.0000000000        0.0000000000
        0.0000000000        0.0000000000        0.0000000000
        0.0000000000        0.0000000000        0.0000000000
        0.0000000000        0.0000000000        0.0000000000
        0.0000000000        0.0000000000        0.0000000000
        0.0000000000        0.0000000000        0.0000000000
        0.0000000000        0.0000000000        0.0000000000
        0.0000000000        0.0000000000        0.0000000000
        0.0000000000        0.0000000000        0.0000000000
        0.0000000000        0.0000000000        0.0000000000
        0.0000000000        0.0000000000        0.0000000000
        0.0000000000        0.0000000000        0.0000000000
        0.0000000000        0.0000000000        0.0000000000
        0.0000000000        0.0000000000        0.0000000000
        0.0000000000        0.0000000000        0.0000000000
        0.0000000000        0.0000000000        0.0000000000
        0.0000000000        0.0000000000        0.0000000000
        0.0000000000        0.0000000000        0.0000000000
        0.0000000000        0.0000000000        0.0000000000
        0.0000000000        0.0000000000        0.0000000000
        0.0000000000        0.0000000000        0.0000000000
        0.0000000000        0.0000000000        0.0000000000
        0.0000000000        0.0000000000        0.0000000000
        0.0000000000        0.0000000000        0.0000000000

 CCSD contribution to dipole derivatives 

        0.0000000000        0.0000000000        0.0142510320
        0.0000000000        0.0000000000        0.0000000000
        0.0000000000        0.0000000000        0.0000000000
        0.0000000000        0.0000000000        0.0000000000
        0.0000000000        0.0000000000        0.0000000000
        0.0000000000        0.0000000000        0.0000000000
        0.0000000000        0.0000000000       -0.0398460540
        0.0000000000        0.0000000000        0.0000000000
        0.0000000000        0.0000000000        0.0000000000
        0.0000000000        0.0000000000        0.0000000000
        0.0000000000        0.0000000000        0.0000000000
        0.0000000000        0.0000000000        0.0000000000
        0.0000000000        0.0000000000        0.0187645939
        0.0000000000        0.0000000000        0.0000000000
        0.0000000000        0.0000000000        0.0000000000
        0.0000000000        0.0000000000        0.0000000000
        0.0000000000        0.0000000000        0.0000000000
        0.0000000000        0.0000000000        0.0000000000
 @CHECKOUT-I, Total execution time (CPU/WALL):     4269.13/    1499.94 seconds.
--executable xsdcc finished with status     0 in     1500.06 seconds (walltime).
 --invoking executable--
/home/asmola/.local/bin/xanti
 @GETMEM-I,  Allocated   38146 MB of main memory.
 CCSD MO derivative gammas will be sorted to Mulliken order.
 @CHECKOUT-I, Total execution time (CPU/WALL):       36.55/     115.69 seconds.
--executable xanti finished with status     0 in      115.77 seconds (walltime).
 --invoking executable--
/home/asmola/.local/bin/xbcktrn
 @GETMEM-I,  Allocated   38146 MB of main memory.
 CCSD MO derivative gammas will be transformed to the AO basis.
 @CHECKOUT-I, Total execution time (CPU/WALL):      116.79/      17.28 seconds.
--executable xbcktrn finished with status     0 in       17.33 seconds (walltime).
 --invoking executable--
/home/asmola/.local/bin/xvdint
 @GETMEM-I,  Allocated   38146 MB of main memory.
 One- and two-electron integral derivatives are calculated
 for RHF-CC/MBPT hessians and dipole derivatives.
 Spherical gaussians are used.
  magnet F F
 Evaluation of 2el integral derivatives

                      Two-electron integral gradient
                      ------------------------------

 C #1       0.0358451615           -0.0657498595            1.5058630388
 O #2       0.0067295731            0.0331204651           -0.2931612856
 H #3       0.0286300440           -0.0322883763            0.0333170588
 H #4      -0.0008513898            0.0354587261           -0.4873633192
 H #5      -0.0503960442            0.0100277772           -0.3397370654
 H #6      -0.0199573446            0.0194312674           -0.4189184274


 Evaluation of 2e integral derivatives required  739.40 seconds.
  contribution to Hessian
        0.0358451615       -0.0657498595        1.5058630388
        0.0067295731        0.0331204651       -0.2931612856
        0.0286300440       -0.0322883763        0.0333170588
       -0.0008513898        0.0354587261       -0.4873633192
       -0.0503960442        0.0100277772       -0.3397370654
       -0.0199573446        0.0194312674       -0.4189184274
 @CHECKOUT-I, Total execution time (CPU/WALL):      739.38/     110.79 seconds.
--executable xvdint finished with status     0 in      110.83 seconds (walltime).
 --invoking executable--
/home/asmola/.local/bin/xsdcc
 @GETMEM-I,  Allocated   38146 MB of main memory.
 Vibrational frequencies and infrared intensities are calculated
 at the CCSD level within the harmonic approximation.
 CPHF coefficients for occ-occ block: U^x(i,j) = -1/2 S^x(i,j)
 CPHF coefficients for vrt-vrt block: U^x(a,b) = -1/2 S^x(a,b)
 Transformation of derivative integrals from AO to MO basis:
 RHF transformation
 Transformation of DIIII integral derivatives.
 1 pass through the AO integral derivative file was needed.
 174087849 AO integral derivatives were read from file DIIII.
 Transformation of first index required  581.1 seconds.
 Transformation of remaining indices required  312.8 seconds.
1715296743 MO integral derivatives were written to file DERINT.
        MO basis integral derivatives are being calculated
             (Symmetry block 1, perturbation   4)
 First derivative of the wavefunction is calculated (Symmetry block 1, perturbation   4)
 Resorts of perturbed amplitudes and integrals required   0.6 seconds.
 Construction of <Phi|(dH_N/dx exp(T))c|0> required  26.3 seconds.
 Starting iterative solution of the perturbed CC equations.
 The DIIS procedure is used to accelerate convergence.
 Convergence criterion is 10**(-7).
 Maximum number of iterations is 100.
 Convergence information after     1 iterations: 
 Largest element of residual vector : -0.20184341E-01.
 Largest element of DIIS residual   : -0.20184341E-01.
 Convergence information after     2 iterations: 
 Largest element of residual vector :  0.32266824E-02.
 Largest element of DIIS residual   :  0.32226576E-02.
 Convergence information after     3 iterations: 
 Largest element of residual vector :  0.21749470E-02.
 Largest element of DIIS residual   :  0.19777067E-02.
 Convergence information after     4 iterations: 
 Largest element of residual vector :  0.88518826E-03.
 Largest element of DIIS residual   :  0.72005279E-03.
 Convergence information after     5 iterations: 
 Largest element of residual vector :  0.39938764E-03.
 Largest element of DIIS residual   :  0.24737108E-03.
 Convergence information after     6 iterations: 
 Largest element of residual vector :  0.13378937E-03.
 Largest element of DIIS residual   : -0.74183645E-04.
 Convergence information after     7 iterations: 
 Largest element of residual vector :  0.56833990E-04.
 Largest element of DIIS residual   :  0.31926406E-04.
 Convergence information after     8 iterations: 
 Largest element of residual vector :  0.17714847E-04.
 Largest element of DIIS residual   :  0.12185007E-04.
 Convergence information after     9 iterations: 
 Largest element of residual vector :  0.88018689E-05.
 Largest element of DIIS residual   :  0.49291853E-05.
 Convergence information after    10 iterations: 
 Largest element of residual vector :  0.35229012E-05.
 Largest element of DIIS residual   :  0.23994834E-05.
 Convergence information after    11 iterations: 
 Largest element of residual vector : -0.14120721E-05.
 Largest element of DIIS residual   : -0.11641912E-05.
 Convergence information after    12 iterations: 
 Largest element of residual vector :  0.55196986E-06.
 Largest element of DIIS residual   :  0.30082000E-06.
 Convergence information after    13 iterations: 
 Largest element of residual vector : -0.24177290E-06.
 Largest element of DIIS residual   : -0.13718856E-06.
 Convergence information after    14 iterations: 
 Largest element of residual vector : -0.72675549E-07.
 Largest element of DIIS residual   : -0.42757044E-07.
 Perturbed amplitude equations converged in    14 iterations.
  Dominant contributions to perturbed wavefunction:
    7    7  180   41   0.0266460530 ABAB
    7    7   41  180   0.0266460530 ABAB
    7    7  180   43   0.0230852098 ABAB
    7    7   43  180   0.0230852098 ABAB
    5    5  180   43   0.0226811837 ABAB
    5    5   43  180   0.0226811837 ABAB
    6    6  111   39  -0.0212420559 ABAB
    6    6   39  111  -0.0212420559 ABAB
    7    7  115   41   0.0197730947 ABAB
    7    7   41  115   0.0197730947 ABAB
    5    5  115   43   0.0188881142 ABAB
    5    5   43  115   0.0188881142 ABAB
    7    7  168   43   0.0183505336 ABAB
    7    7   43  168   0.0183505336 ABAB
    7    7  115   43   0.0180847895 ABAB
    7    7   43  115   0.0180847895 ABAB
    5    5  181   43   0.0179584104 ABAB
    5    5   43  181   0.0179584104 ABAB
    7    7  168   41   0.0178106000 ABAB
    7    7   41  168   0.0178106000 ABAB
  Total CCSD gradient is   -0.004307582927982.
  norm of converged amps    1.24408633862991     
 Starting iterative solution of the perturbed Lambda equations.
 The DIIS procedure is used to accelerate convergence.
 Convergence criterion is 10**(-7).
 Maximum number of iterations is 100.
 Convergence information after     1 iterations: 
 Largest element of residual vector : -0.16826930E-01.
 Largest element of DIIS residual   : -0.16826930E-01.
 Convergence information after     2 iterations: 
 Largest element of residual vector :  0.26787814E-02.
 Largest element of DIIS residual   :  0.26595834E-02.
 Convergence information after     3 iterations: 
 Largest element of residual vector :  0.17859964E-02.
 Largest element of DIIS residual   :  0.17154852E-02.
 Convergence information after     4 iterations: 
 Largest element of residual vector :  0.76054658E-03.
 Largest element of DIIS residual   :  0.62205345E-03.
 Convergence information after     5 iterations: 
 Largest element of residual vector :  0.35251125E-03.
 Largest element of DIIS residual   :  0.21197028E-03.
 Convergence information after     6 iterations: 
 Largest element of residual vector :  0.11429128E-03.
 Largest element of DIIS residual   :  0.67570366E-04.
 Convergence information after     7 iterations: 
 Largest element of residual vector :  0.49379040E-04.
 Largest element of DIIS residual   :  0.28143628E-04.
 Convergence information after     8 iterations: 
 Largest element of residual vector : -0.15782091E-04.
 Largest element of DIIS residual   :  0.10650025E-04.
 Convergence information after     9 iterations: 
 Largest element of residual vector :  0.77116689E-05.
 Largest element of DIIS residual   :  0.42928169E-05.
 Convergence information after    10 iterations: 
 Largest element of residual vector :  0.30573013E-05.
 Largest element of DIIS residual   :  0.20998509E-05.
 Convergence information after    11 iterations: 
 Largest element of residual vector : -0.12155484E-05.
 Largest element of DIIS residual   : -0.10087425E-05.
 Convergence information after    12 iterations: 
 Largest element of residual vector :  0.46104122E-06.
 Largest element of DIIS residual   :  0.25786031E-06.
 Convergence information after    13 iterations: 
 Largest element of residual vector : -0.19607459E-06.
 Largest element of DIIS residual   :  0.11188839E-06.
 Convergence information after    14 iterations: 
 Largest element of residual vector : -0.54795384E-07.
 Largest element of DIIS residual   : -0.35388705E-07.
 Perturbed Lambda equations converged in    14 iterations.
  Dominant contributions to perturbed wavefunction:
    7    7  180   41   0.0255026268 ABAB
    7    7   41  180   0.0255026268 ABAB
    7    7  180   43   0.0220085976 ABAB
    7    7   43  180   0.0220085976 ABAB
    5    5  180   43   0.0218239902 ABAB
    5    5   43  180   0.0218239902 ABAB
    6    6  111   39  -0.0207308132 ABAB
    6    6   39  111  -0.0207308132 ABAB
    7    7  115   41   0.0188964346 ABAB
    7    7   41  115   0.0188964346 ABAB
    5    5  115   43   0.0181784670 ABAB
    5    5   43  115   0.0181784670 ABAB
    7    7  168   43   0.0174553571 ABAB
    7    7   43  168   0.0174553571 ABAB
    5    5  181   43   0.0172989381 ABAB
    5    5   43  181   0.0172989381 ABAB
    7    7  115   43   0.0172312040 ABAB
    7    7   43  115   0.0172312040 ABAB
    6    5   39  111  -0.0170133281 ABAB
    5    6  111   39  -0.0170133281 ABAB
  Total CCSD gradient is   -0.001872343482406.
        The DBOC first-order density matrix is being calculated 
             (Symmetry block 1, perturbation   4)
 term   1.89162107584010     
 final tnorm1  6.681014693582274E-003
  <0|L dT/dx|0>  6.681014693582274E-003
  norm contr. I: |<0|L dT/dx|0>|^2   4.463595733586224E-005
  norm contr. II: <0|[nabla(1+L)e-T][nabla e^T]|0>   1.89162107584010     
  total norm contribution   1.89166571179744     
 oo  2.639817210735764E-003
 vv  -14.1573016090276     
 vo -0.105783528516892     
  Correlated perturbed 1-el contribution to DBOC  -14.2604453203338       cm**-1
  SUM_I |dc_I/dx|^2 contribution to DBOC   7.12157207921942       cm**-1
 
  current total DBOC   5608.45273982617       cm**-1
 First-order density matrix is being calculated  (Symmetry block 1, perturbation   4)
 Calculation of the contributions of <pq||rs> to dI(i,j)/dx required   5.6 seconds.
 Calculation of the contributions of <pq||rs> to dI(a,b)/dx required  45.9 seconds.
 Calculation of the contributions of <pq||rs> to dI(i,a)/dx required  14.2 seconds.
 First-order Z-vector equations are solved for 1 perturbation.
 Convergence reached after  26 iterations.
        U*G(pq,rs) contribution is being calculated
             (Symmetry block 1, perturbation   4)

 CCSD contribution to force constants 

        0.0000000000        0.0000000000        0.0000000000
        0.0000000000        0.0000000000        0.0000000000
        0.0000000000        0.0000000000        0.0000000000
        0.0000000000        0.0000000000        0.0000000000
        0.0000000000        0.0000000000        0.0000000000
        0.0000000000        0.0000000000        0.0000000000
        0.0000000000        0.0000000000        0.0000000000
        0.0000000000        0.0000000000        0.0000000000
        0.0000000000        0.0000000000        0.0000000000
        0.0000000000        0.0000000000        0.0000000000
        0.0000000000        0.0000000000        0.0000000000
        0.0000000000        0.0000000000        0.0000000000
        0.0000000000        0.0000000000        0.0000000000
        0.0000000000        0.0000000000        0.0000000000
        0.0000000000        0.0000000000        0.0000000000
        0.0000000000        0.0000000000        0.0000000000
        0.0000000000        0.0000000000        0.0000000000
        0.0000000000        0.0000000000        0.0000000000
       -2.2791603783       -1.2693719045        1.1020843326
        2.1334772541       -2.9242352508        4.8065928575
        0.5412968629        3.4541682339       -5.5285336324
       -0.0616956128       -0.4237864687       -0.3047177830
       -0.6511527077        0.5276430040       -0.3953394056
        0.3172345818        0.6355823861        0.3199136309
        0.0000000000        0.0000000000        0.0000000000
        0.0000000000        0.0000000000        0.0000000000
        0.0000000000        0.0000000000        0.0000000000
        0.0000000000        0.0000000000        0.0000000000
        0.0000000000        0.0000000000        0.0000000000
        0.0000000000        0.0000000000        0.0000000000
        0.0000000000        0.0000000000        0.0000000000
        0.0000000000        0.0000000000        0.0000000000
        0.0000000000        0.0000000000        0.0000000000
        0.0000000000        0.0000000000        0.0000000000
        0.0000000000        0.0000000000        0.0000000000
        0.0000000000        0.0000000000        0.0000000000
        0.0000000000        0.0000000000        0.0000000000
        0.0000000000        0.0000000000        0.0000000000
        0.0000000000        0.0000000000        0.0000000000
        0.0000000000        0.0000000000        0.0000000000
        0.0000000000        0.0000000000        0.0000000000
        0.0000000000        0.0000000000        0.0000000000
        0.0000000000        0.0000000000        0.0000000000
        0.0000000000        0.0000000000        0.0000000000
        0.0000000000        0.0000000000        0.0000000000
        0.0000000000        0.0000000000        0.0000000000
        0.0000000000        0.0000000000        0.0000000000
        0.0000000000        0.0000000000        0.0000000000
        0.0000000000        0.0000000000        0.0000000000
        0.0000000000        0.0000000000        0.0000000000
        0.0000000000        0.0000000000        0.0000000000
        0.0000000000        0.0000000000        0.0000000000
        0.0000000000        0.0000000000        0.0000000000
        0.0000000000        0.0000000000        0.0000000000
        0.0000000000        0.0000000000        0.0000000000
        0.0000000000        0.0000000000        0.0000000000
        0.0000000000        0.0000000000        0.0000000000
        0.0000000000        0.0000000000        0.0000000000
        0.0000000000        0.0000000000        0.0000000000
        0.0000000000        0.0000000000        0.0000000000
        0.0000000000        0.0000000000        0.0000000000
        0.0000000000        0.0000000000        0.0000000000
        0.0000000000        0.0000000000        0.0000000000
        0.0000000000        0.0000000000        0.0000000000
        0.0000000000        0.0000000000        0.0000000000
        0.0000000000        0.0000000000        0.0000000000
        0.0000000000        0.0000000000        0.0000000000
        0.0000000000        0.0000000000        0.0000000000
        0.0000000000        0.0000000000        0.0000000000
        0.0000000000        0.0000000000        0.0000000000
        0.0000000000        0.0000000000        0.0000000000
        0.0000000000        0.0000000000        0.0000000000
        0.0000000000        0.0000000000        0.0000000000
        0.0000000000        0.0000000000        0.0000000000
        0.0000000000        0.0000000000        0.0000000000
        0.0000000000        0.0000000000        0.0000000000
        0.0000000000        0.0000000000        0.0000000000
        0.0000000000        0.0000000000        0.0000000000
        0.0000000000        0.0000000000        0.0000000000
        0.0000000000        0.0000000000        0.0000000000
        0.0000000000        0.0000000000        0.0000000000
        0.0000000000        0.0000000000        0.0000000000
        0.0000000000        0.0000000000        0.0000000000
        0.0000000000        0.0000000000        0.0000000000
        0.0000000000        0.0000000000        0.0000000000
        0.0000000000        0.0000000000        0.0000000000
        0.0000000000        0.0000000000        0.0000000000
        0.0000000000        0.0000000000        0.0000000000
        0.0000000000        0.0000000000        0.0000000000
        0.0000000000        0.0000000000        0.0000000000
        0.0000000000        0.0000000000        0.0000000000
        0.0000000000        0.0000000000        0.0000000000
        0.0000000000        0.0000000000        0.0000000000
        0.0000000000        0.0000000000        0.0000000000
        0.0000000000        0.0000000000        0.0000000000
        0.0000000000        0.0000000000        0.0000000000
        0.0000000000        0.0000000000        0.0000000000
        0.0000000000        0.0000000000        0.0000000000
        0.0000000000        0.0000000000        0.0000000000
        0.0000000000        0.0000000000        0.0000000000
        0.0000000000        0.0000000000        0.0000000000
        0.0000000000        0.0000000000        0.0000000000
        0.0000000000        0.0000000000        0.0000000000
        0.0000000000        0.0000000000        0.0000000000
        0.0000000000        0.0000000000        0.0000000000
        0.0000000000        0.0000000000        0.0000000000
        0.0000000000        0.0000000000        0.0000000000
        0.0000000000        0.0000000000        0.0000000000

 CCSD contribution to dipole derivatives 

        0.0000000000        0.0000000000        0.0000000000
        0.0943876895        0.0000000000        0.0000000000
        0.0000000000        0.0000000000        0.0000000000
        0.0000000000        0.0000000000        0.0000000000
        0.0000000000        0.0000000000        0.0000000000
        0.0000000000        0.0000000000        0.0000000000
        0.0000000000        0.0000000000        0.0000000000
        0.0055589117        0.0000000000        0.0000000000
        0.0000000000        0.0000000000        0.0000000000
        0.0000000000        0.0000000000        0.0000000000
        0.0000000000        0.0000000000        0.0000000000
        0.0000000000        0.0000000000        0.0000000000
        0.0000000000        0.0000000000        0.0000000000
       -0.0132161244        0.0000000000        0.0000000000
        0.0000000000        0.0000000000        0.0000000000
        0.0000000000        0.0000000000        0.0000000000
        0.0000000000        0.0000000000        0.0000000000
        0.0000000000        0.0000000000        0.0000000000
 @CHECKOUT-I, Total execution time (CPU/WALL):     3808.61/    1503.90 seconds.
--executable xsdcc finished with status     0 in     1504.01 seconds (walltime).
 --invoking executable--
/home/asmola/.local/bin/xanti
 @GETMEM-I,  Allocated   38146 MB of main memory.
 CCSD MO derivative gammas will be sorted to Mulliken order.
 @CHECKOUT-I, Total execution time (CPU/WALL):       39.66/     101.40 seconds.
--executable xanti finished with status     0 in      101.48 seconds (walltime).
 --invoking executable--
/home/asmola/.local/bin/xbcktrn
 @GETMEM-I,  Allocated   38146 MB of main memory.
 CCSD MO derivative gammas will be transformed to the AO basis.
 @CHECKOUT-I, Total execution time (CPU/WALL):      127.94/      20.76 seconds.
--executable xbcktrn finished with status     0 in       20.80 seconds (walltime).
 --invoking executable--
/home/asmola/.local/bin/xvdint
 @GETMEM-I,  Allocated   38146 MB of main memory.
 One- and two-electron integral derivatives are calculated
 for RHF-CC/MBPT hessians and dipole derivatives.
 Spherical gaussians are used.
  magnet F F
 Evaluation of 2el integral derivatives

                      Two-electron integral gradient
                      ------------------------------

 C #1      -0.5577339419           -0.0218399992            0.0188796836
 O #2       0.8455284094            0.0209937717           -0.0215850396
 H #3      -0.2733970418            0.0253913854           -0.0341529625
 H #4      -0.0105338955           -0.0062459495            0.0090482506
 H #5       0.0166007159           -0.0288445591            0.0134850771
 H #6      -0.0204642460            0.0105453508            0.0143249909


 Evaluation of 2e integral derivatives required  711.82 seconds.
  contribution to Hessian
       -0.5577339419       -0.0218399992        0.0188796836
        0.8455284094        0.0209937717       -0.0215850396
       -0.2733970418        0.0253913854       -0.0341529625
       -0.0105338955       -0.0062459495        0.0090482506
        0.0166007159       -0.0288445591        0.0134850771
       -0.0204642460        0.0105453508        0.0143249909
 @CHECKOUT-I, Total execution time (CPU/WALL):      711.80/     109.64 seconds.
--executable xvdint finished with status     0 in      109.68 seconds (walltime).
 --invoking executable--
/home/asmola/.local/bin/xsdcc
 @GETMEM-I,  Allocated   38146 MB of main memory.
 Vibrational frequencies and infrared intensities are calculated
 at the CCSD level within the harmonic approximation.
 CPHF coefficients for occ-occ block: U^x(i,j) = -1/2 S^x(i,j)
 CPHF coefficients for vrt-vrt block: U^x(a,b) = -1/2 S^x(a,b)
 Transformation of derivative integrals from AO to MO basis:
 RHF transformation
 Transformation of DIIII integral derivatives.
 1 pass through the AO integral derivative file was needed.
 173941873 AO integral derivatives were read from file DIIII.
 Transformation of first index required  578.9 seconds.
 Transformation of remaining indices required  318.8 seconds.
1715296743 MO integral derivatives were written to file DERINT.
        MO basis integral derivatives are being calculated
             (Symmetry block 1, perturbation   5)
 First derivative of the wavefunction is calculated (Symmetry block 1, perturbation   5)
 Resorts of perturbed amplitudes and integrals required   0.6 seconds.
 Construction of <Phi|(dH_N/dx exp(T))c|0> required  30.7 seconds.
 Starting iterative solution of the perturbed CC equations.
 The DIIS procedure is used to accelerate convergence.
 Convergence criterion is 10**(-7).
 Maximum number of iterations is 100.
 Convergence information after     1 iterations: 
 Largest element of residual vector : -0.54036387E-01.
 Largest element of DIIS residual   : -0.54036387E-01.
 Convergence information after     2 iterations: 
 Largest element of residual vector : -0.65076572E-02.
 Largest element of DIIS residual   :  0.46586578E-02.
 Convergence information after     3 iterations: 
 Largest element of residual vector :  0.66133818E-02.
 Largest element of DIIS residual   :  0.42935891E-02.
 Convergence information after     4 iterations: 
 Largest element of residual vector :  0.18242954E-02.
 Largest element of DIIS residual   :  0.13132877E-02.
 Convergence information after     5 iterations: 
 Largest element of residual vector :  0.71944005E-03.
 Largest element of DIIS residual   :  0.62496908E-03.
 Convergence information after     6 iterations: 
 Largest element of residual vector :  0.42941576E-03.
 Largest element of DIIS residual   :  0.30356833E-03.
 Convergence information after     7 iterations: 
 Largest element of residual vector :  0.20365510E-03.
 Largest element of DIIS residual   : -0.12572086E-03.
 Convergence information after     8 iterations: 
 Largest element of residual vector :  0.54660437E-04.
 Largest element of DIIS residual   : -0.25326580E-04.
 Convergence information after     9 iterations: 
 Largest element of residual vector : -0.26468740E-04.
 Largest element of DIIS residual   : -0.13943152E-04.
 Convergence information after    10 iterations: 
 Largest element of residual vector : -0.67887398E-05.
 Largest element of DIIS residual   :  0.44235280E-05.
 Convergence information after    11 iterations: 
 Largest element of residual vector : -0.29074120E-05.
 Largest element of DIIS residual   : -0.34223459E-05.
 Convergence information after    12 iterations: 
 Largest element of residual vector : -0.12470044E-05.
 Largest element of DIIS residual   : -0.75836229E-06.
 Convergence information after    13 iterations: 
 Largest element of residual vector : -0.56458065E-06.
 Largest element of DIIS residual   : -0.55409100E-06.
 Convergence information after    14 iterations: 
 Largest element of residual vector : -0.22881041E-06.
 Largest element of DIIS residual   : -0.13806085E-06.
 Convergence information after    15 iterations: 
 Largest element of residual vector : -0.96594111E-07.
 Largest element of DIIS residual   : -0.57559758E-07.
 Perturbed amplitude equations converged in    15 iterations.
  Dominant contributions to perturbed wavefunction:
    6    6  111   39   0.0331572953 ABAB
    6    6   39  111   0.0331572953 ABAB
    6    6  111   44   0.0303278667 ABAB
    6    6   44  111   0.0303278667 ABAB
    8    6  111   39  -0.0293255597 ABAB
    6    8   39  111  -0.0293255597 ABAB
    8    0  109    0  -0.0283767788 AA  
    8    8   92   41   0.0283180114 ABAB
    8    8   41   92   0.0283180114 ABAB
    6    6   39   39  -0.0277415967 ABAB
    8    0   92    0   0.0275798574 AA  
    6    6  168   44   0.0270644276 ABAB
    6    6   44  168   0.0270644276 ABAB
    8    0  111    0   0.0267376417 AA  
    8    8   92   20  -0.0266973840 ABAB
    8    8   20   92  -0.0266973840 ABAB
    6    6  168   39   0.0261590352 ABAB
    6    6   39  168   0.0261590352 ABAB
    8    0   65    0  -0.0243684568 AA  
    8    8  111   41   0.0242161943 ABAB
  Total CCSD gradient is   -0.011400378547821.
  norm of converged amps    1.33100642578422     
 Starting iterative solution of the perturbed Lambda equations.
 The DIIS procedure is used to accelerate convergence.
 Convergence criterion is 10**(-7).
 Maximum number of iterations is 100.
 Convergence information after     1 iterations: 
 Largest element of residual vector : -0.44833533E-01.
 Largest element of DIIS residual   : -0.44833533E-01.
 Convergence information after     2 iterations: 
 Largest element of residual vector : -0.60446675E-02.
 Largest element of DIIS residual   :  0.39565945E-02.
 Convergence information after     3 iterations: 
 Largest element of residual vector :  0.52845503E-02.
 Largest element of DIIS residual   :  0.37481006E-02.
 Convergence information after     4 iterations: 
 Largest element of residual vector : -0.14294593E-02.
 Largest element of DIIS residual   :  0.11219317E-02.
 Convergence information after     5 iterations: 
 Largest element of residual vector :  0.64012847E-03.
 Largest element of DIIS residual   :  0.54442232E-03.
 Convergence information after     6 iterations: 
 Largest element of residual vector :  0.37738168E-03.
 Largest element of DIIS residual   :  0.27474183E-03.
 Convergence information after     7 iterations: 
 Largest element of residual vector :  0.18156934E-03.
 Largest element of DIIS residual   : -0.10979621E-03.
 Convergence information after     8 iterations: 
 Largest element of residual vector :  0.48632931E-04.
 Largest element of DIIS residual   :  0.22111777E-04.
 Convergence information after     9 iterations: 
 Largest element of residual vector : -0.22064048E-04.
 Largest element of DIIS residual   : -0.11834630E-04.
 Convergence information after    10 iterations: 
 Largest element of residual vector : -0.55194108E-05.
 Largest element of DIIS residual   :  0.36370560E-05.
 Convergence information after    11 iterations: 
 Largest element of residual vector : -0.25523039E-05.
 Largest element of DIIS residual   : -0.29173578E-05.
 Convergence information after    12 iterations: 
 Largest element of residual vector : -0.11076598E-05.
 Largest element of DIIS residual   : -0.66361412E-06.
 Convergence information after    13 iterations: 
 Largest element of residual vector : -0.47412455E-06.
 Largest element of DIIS residual   : -0.47537803E-06.
 Convergence information after    14 iterations: 
 Largest element of residual vector : -0.20247384E-06.
 Largest element of DIIS residual   : -0.12098121E-06.
 Convergence information after    15 iterations: 
 Largest element of residual vector : -0.84683471E-07.
 Largest element of DIIS residual   : -0.50214264E-07.
 Perturbed Lambda equations converged in    15 iterations.
  Dominant contributions to perturbed wavefunction:
    6    6  111   39   0.0323252772 ABAB
    6    6   39  111   0.0323252772 ABAB
    6    6  111   44   0.0294403609 ABAB
    6    6   44  111   0.0294403609 ABAB
    8    6  111   39  -0.0285178238 ABAB
    6    8   39  111  -0.0285178238 ABAB
    8    8   92   41   0.0276232433 ABAB
    8    8   41   92   0.0276232433 ABAB
    6    6   39   39  -0.0269934667 ABAB
    6    6  168   44   0.0262608974 ABAB
    6    6   44  168   0.0262608974 ABAB
    8    8   92   20  -0.0257674869 ABAB
    8    8   20   92  -0.0257674869 ABAB
    6    6  168   39   0.0254667470 ABAB
    6    6   39  168   0.0254667470 ABAB
    8    8  111   41   0.0236944500 ABAB
    8    8   41  111   0.0236944500 ABAB
    8    6   92   39  -0.0236404044 ABAB
    6    8   39   92  -0.0236404044 ABAB
    6    6  111   43   0.0234540497 ABAB
  Total CCSD gradient is   -0.009758411202919.
        The DBOC first-order density matrix is being calculated 
             (Symmetry block 1, perturbation   5)
 term   2.22318572088616     
 final tnorm1  6.278034344172607E-003
  <0|L dT/dx|0>  6.278034344172607E-003
  norm contr. I: |<0|L dT/dx|0>|^2   3.941371522661078E-005
  norm contr. II: <0|[nabla(1+L)e-T][nabla e^T]|0>   2.22318572088616     
  total norm contribution   2.22322513460139     
 oo -2.606544712297909E-003
 vv  -16.6614759493500     
 vo -3.537331683863527E-002
  Correlated perturbed 1-el contribution to DBOC  -16.6994558109009       cm**-1
  SUM_I |dc_I/dx|^2 contribution to DBOC   8.36979702367811       cm**-1
 
  current total DBOC   5600.12308103895       cm**-1
 First-order density matrix is being calculated  (Symmetry block 1, perturbation   5)
 Calculation of the contributions of <pq||rs> to dI(i,j)/dx required   5.5 seconds.
 Calculation of the contributions of <pq||rs> to dI(a,b)/dx required  50.0 seconds.
 Calculation of the contributions of <pq||rs> to dI(i,a)/dx required  16.9 seconds.
 First-order Z-vector equations are solved for 1 perturbation.
 Convergence reached after  27 iterations.
        U*G(pq,rs) contribution is being calculated
             (Symmetry block 1, perturbation   5)

 CCSD contribution to force constants 

        0.0000000000        0.0000000000        0.0000000000
        0.0000000000        0.0000000000        0.0000000000
        0.0000000000        0.0000000000        0.0000000000
        0.0000000000        0.0000000000        0.0000000000
        0.0000000000        0.0000000000        0.0000000000
        0.0000000000        0.0000000000        0.0000000000
        0.0000000000        0.0000000000        0.0000000000
        0.0000000000        0.0000000000        0.0000000000
        0.0000000000        0.0000000000        0.0000000000
        0.0000000000        0.0000000000        0.0000000000
        0.0000000000        0.0000000000        0.0000000000
        0.0000000000        0.0000000000        0.0000000000
        0.0000000000        0.0000000000        0.0000000000
        0.0000000000        0.0000000000        0.0000000000
        0.0000000000        0.0000000000        0.0000000000
        0.0000000000        0.0000000000        0.0000000000
        0.0000000000        0.0000000000        0.0000000000
        0.0000000000        0.0000000000        0.0000000000
        0.0000000000        0.0000000000        0.0000000000
        0.0000000000        0.0000000000        0.0000000000
        0.0000000000        0.0000000000        0.0000000000
        0.0000000000        0.0000000000        0.0000000000
        0.0000000000        0.0000000000        0.0000000000
        0.0000000000        0.0000000000        0.0000000000
       -0.3144602194       -0.5476512303        0.6313543369
       -2.5741381966       -1.0832755693       -6.6363627957
        2.5828632446        1.1497979496        5.9372781659
       -0.1378519054       -0.6462856038        0.2145131226
        0.1847709723        1.2545423457       -0.1888671373
        0.2588161046       -0.1271278919        0.0420843076
        0.0000000000        0.0000000000        0.0000000000
        0.0000000000        0.0000000000        0.0000000000
        0.0000000000        0.0000000000        0.0000000000
        0.0000000000        0.0000000000        0.0000000000
        0.0000000000        0.0000000000        0.0000000000
        0.0000000000        0.0000000000        0.0000000000
        0.0000000000        0.0000000000        0.0000000000
        0.0000000000        0.0000000000        0.0000000000
        0.0000000000        0.0000000000        0.0000000000
        0.0000000000        0.0000000000        0.0000000000
        0.0000000000        0.0000000000        0.0000000000
        0.0000000000        0.0000000000        0.0000000000
        0.0000000000        0.0000000000        0.0000000000
        0.0000000000        0.0000000000        0.0000000000
        0.0000000000        0.0000000000        0.0000000000
        0.0000000000        0.0000000000        0.0000000000
        0.0000000000        0.0000000000        0.0000000000
        0.0000000000        0.0000000000        0.0000000000
        0.0000000000        0.0000000000        0.0000000000
        0.0000000000        0.0000000000        0.0000000000
        0.0000000000        0.0000000000        0.0000000000
        0.0000000000        0.0000000000        0.0000000000
        0.0000000000        0.0000000000        0.0000000000
        0.0000000000        0.0000000000        0.0000000000
        0.0000000000        0.0000000000        0.0000000000
        0.0000000000        0.0000000000        0.0000000000
        0.0000000000        0.0000000000        0.0000000000
        0.0000000000        0.0000000000        0.0000000000
        0.0000000000        0.0000000000        0.0000000000
        0.0000000000        0.0000000000        0.0000000000
        0.0000000000        0.0000000000        0.0000000000
        0.0000000000        0.0000000000        0.0000000000
        0.0000000000        0.0000000000        0.0000000000
        0.0000000000        0.0000000000        0.0000000000
        0.0000000000        0.0000000000        0.0000000000
        0.0000000000        0.0000000000        0.0000000000
        0.0000000000        0.0000000000        0.0000000000
        0.0000000000        0.0000000000        0.0000000000
        0.0000000000        0.0000000000        0.0000000000
        0.0000000000        0.0000000000        0.0000000000
        0.0000000000        0.0000000000        0.0000000000
        0.0000000000        0.0000000000        0.0000000000
        0.0000000000        0.0000000000        0.0000000000
        0.0000000000        0.0000000000        0.0000000000
        0.0000000000        0.0000000000        0.0000000000
        0.0000000000        0.0000000000        0.0000000000
        0.0000000000        0.0000000000        0.0000000000
        0.0000000000        0.0000000000        0.0000000000
        0.0000000000        0.0000000000        0.0000000000
        0.0000000000        0.0000000000        0.0000000000
        0.0000000000        0.0000000000        0.0000000000
        0.0000000000        0.0000000000        0.0000000000
        0.0000000000        0.0000000000        0.0000000000
        0.0000000000        0.0000000000        0.0000000000
        0.0000000000        0.0000000000        0.0000000000
        0.0000000000        0.0000000000        0.0000000000
        0.0000000000        0.0000000000        0.0000000000
        0.0000000000        0.0000000000        0.0000000000
        0.0000000000        0.0000000000        0.0000000000
        0.0000000000        0.0000000000        0.0000000000
        0.0000000000        0.0000000000        0.0000000000
        0.0000000000        0.0000000000        0.0000000000
        0.0000000000        0.0000000000        0.0000000000
        0.0000000000        0.0000000000        0.0000000000
        0.0000000000        0.0000000000        0.0000000000
        0.0000000000        0.0000000000        0.0000000000
        0.0000000000        0.0000000000        0.0000000000
        0.0000000000        0.0000000000        0.0000000000
        0.0000000000        0.0000000000        0.0000000000
        0.0000000000        0.0000000000        0.0000000000
        0.0000000000        0.0000000000        0.0000000000
        0.0000000000        0.0000000000        0.0000000000
        0.0000000000        0.0000000000        0.0000000000
        0.0000000000        0.0000000000        0.0000000000
        0.0000000000        0.0000000000        0.0000000000
        0.0000000000        0.0000000000        0.0000000000
        0.0000000000        0.0000000000        0.0000000000
        0.0000000000        0.0000000000        0.0000000000

 CCSD contribution to dipole derivatives 

        0.0000000000        0.0000000000        0.0000000000
        0.0000000000        0.0217792350        0.0000000000
        0.0000000000        0.0000000000        0.0000000000
        0.0000000000        0.0000000000        0.0000000000
        0.0000000000        0.0000000000        0.0000000000
        0.0000000000        0.0000000000        0.0000000000
        0.0000000000        0.0000000000        0.0000000000
        0.0000000000        0.0134990126        0.0000000000
        0.0000000000        0.0000000000        0.0000000000
        0.0000000000        0.0000000000        0.0000000000
        0.0000000000        0.0000000000        0.0000000000
        0.0000000000        0.0000000000        0.0000000000
        0.0000000000        0.0000000000        0.0000000000
        0.0000000000        0.0163077463        0.0000000000
        0.0000000000        0.0000000000        0.0000000000
        0.0000000000        0.0000000000        0.0000000000
        0.0000000000        0.0000000000        0.0000000000
        0.0000000000        0.0000000000        0.0000000000
 @CHECKOUT-I, Total execution time (CPU/WALL):     4132.78/    1509.18 seconds.
--executable xsdcc finished with status     0 in     1509.30 seconds (walltime).
 --invoking executable--
/home/asmola/.local/bin/xanti
 @GETMEM-I,  Allocated   38146 MB of main memory.
 CCSD MO derivative gammas will be sorted to Mulliken order.
 @CHECKOUT-I, Total execution time (CPU/WALL):       36.96/     122.94 seconds.
--executable xanti finished with status     0 in      123.01 seconds (walltime).
 --invoking executable--
/home/asmola/.local/bin/xbcktrn
 @GETMEM-I,  Allocated   38146 MB of main memory.
 CCSD MO derivative gammas will be transformed to the AO basis.
 @CHECKOUT-I, Total execution time (CPU/WALL):      116.51/      20.00 seconds.
--executable xbcktrn finished with status     0 in       20.05 seconds (walltime).
 --invoking executable--
/home/asmola/.local/bin/xvdint
 @GETMEM-I,  Allocated   38146 MB of main memory.
 One- and two-electron integral derivatives are calculated
 for RHF-CC/MBPT hessians and dipole derivatives.
 Spherical gaussians are used.
  magnet F F
 Evaluation of 2el integral derivatives

                      Two-electron integral gradient
                      ------------------------------

 C #1      -0.0687016302           -0.2905914754            0.0390476153
 O #2       0.0137702380            0.6777699934           -0.1620803041
 H #3       0.0565358649           -0.3939705251            0.1418430675
 H #4       0.0196529129           -0.0037677089           -0.0044782702
 H #5      -0.0157548748            0.0238732029           -0.0118870514
 H #6      -0.0055025108           -0.0133134869           -0.0024450570


 Evaluation of 2e integral derivatives required  710.00 seconds.
  contribution to Hessian
       -0.0687016302       -0.2905914754        0.0390476153
        0.0137702380        0.6777699934       -0.1620803041
        0.0565358649       -0.3939705251        0.1418430675
        0.0196529129       -0.0037677089       -0.0044782702
       -0.0157548748        0.0238732029       -0.0118870514
       -0.0055025108       -0.0133134869       -0.0024450570
 @CHECKOUT-I, Total execution time (CPU/WALL):      709.99/     108.71 seconds.
--executable xvdint finished with status     0 in      108.74 seconds (walltime).
 --invoking executable--
/home/asmola/.local/bin/xsdcc
 @GETMEM-I,  Allocated   38146 MB of main memory.
 Vibrational frequencies and infrared intensities are calculated
 at the CCSD level within the harmonic approximation.
 CPHF coefficients for occ-occ block: U^x(i,j) = -1/2 S^x(i,j)
 CPHF coefficients for vrt-vrt block: U^x(a,b) = -1/2 S^x(a,b)
 Transformation of derivative integrals from AO to MO basis:
 RHF transformation
 Transformation of DIIII integral derivatives.
 1 pass through the AO integral derivative file was needed.
 173850038 AO integral derivatives were read from file DIIII.
 Transformation of first index required  578.6 seconds.
 Transformation of remaining indices required  321.8 seconds.
1715296743 MO integral derivatives were written to file DERINT.
        MO basis integral derivatives are being calculated
             (Symmetry block 1, perturbation   6)
 First derivative of the wavefunction is calculated (Symmetry block 1, perturbation   6)
 Resorts of perturbed amplitudes and integrals required   0.1 seconds.
 Construction of <Phi|(dH_N/dx exp(T))c|0> required  27.3 seconds.
 Starting iterative solution of the perturbed CC equations.
 The DIIS procedure is used to accelerate convergence.
 Convergence criterion is 10**(-7).
 Maximum number of iterations is 100.
 Convergence information after     1 iterations: 
 Largest element of residual vector :  0.42992420E-01.
 Largest element of DIIS residual   :  0.42992420E-01.
 Convergence information after     2 iterations: 
 Largest element of residual vector : -0.46142009E-02.
 Largest element of DIIS residual   : -0.40288047E-02.
 Convergence information after     3 iterations: 
 Largest element of residual vector : -0.42361751E-02.
 Largest element of DIIS residual   : -0.23505538E-02.
 Convergence information after     4 iterations: 
 Largest element of residual vector :  0.11017372E-02.
 Largest element of DIIS residual   : -0.84878861E-03.
 Convergence information after     5 iterations: 
 Largest element of residual vector : -0.49321836E-03.
 Largest element of DIIS residual   : -0.36353620E-03.
 Convergence information after     6 iterations: 
 Largest element of residual vector : -0.23142767E-03.
 Largest element of DIIS residual   : -0.15531784E-03.
 Convergence information after     7 iterations: 
 Largest element of residual vector : -0.10115021E-03.
 Largest element of DIIS residual   :  0.59761790E-04.
 Convergence information after     8 iterations: 
 Largest element of residual vector :  0.35733152E-04.
 Largest element of DIIS residual   :  0.19617897E-04.
 Convergence information after     9 iterations: 
 Largest element of residual vector :  0.15328830E-04.
 Largest element of DIIS residual   : -0.90890276E-05.
 Convergence information after    10 iterations: 
 Largest element of residual vector : -0.56276571E-05.
 Largest element of DIIS residual   : -0.37417019E-05.
 Convergence information after    11 iterations: 
 Largest element of residual vector : -0.26355124E-05.
 Largest element of DIIS residual   : -0.19173311E-05.
 Convergence information after    12 iterations: 
 Largest element of residual vector : -0.11063326E-05.
 Largest element of DIIS residual   : -0.72894150E-06.
 Convergence information after    13 iterations: 
 Largest element of residual vector : -0.49005796E-06.
 Largest element of DIIS residual   : -0.42412278E-06.
 Convergence information after    14 iterations: 
 Largest element of residual vector : -0.20560361E-06.
 Largest element of DIIS residual   : -0.14129360E-06.
 Convergence information after    15 iterations: 
 Largest element of residual vector : -0.93112776E-07.
 Largest element of DIIS residual   : -0.56655298E-07.
 Perturbed amplitude equations converged in    15 iterations.
  Dominant contributions to perturbed wavefunction:
    6    6  111   39  -0.0366012947 ABAB
    6    6   39  111  -0.0366012947 ABAB
    6    6  111   44  -0.0337366848 ABAB
    6    6   44  111  -0.0337366848 ABAB
    6    6  168   39  -0.0330171570 ABAB
    6    6   39  168  -0.0330171570 ABAB
    6    6  168   44  -0.0312637718 ABAB
    6    6   44  168  -0.0312637718 ABAB
    6    6   39   39   0.0309665136 ABAB
    6    6  184   39   0.0306329638 ABAB
    6    6   39  184   0.0306329638 ABAB
    6    6  184   44   0.0280802978 ABAB
    6    6   44  184   0.0280802978 ABAB
    6    6  111   24   0.0268253395 ABAB
    6    6   24  111   0.0268253395 ABAB
    6    6  111   43  -0.0264007583 ABAB
    6    6   43  111  -0.0264007583 ABAB
    6    6  168   24   0.0247100912 ABAB
    6    6   24  168   0.0247100912 ABAB
    7    6  111   39   0.0246749889 ABAB
  Total CCSD gradient is    0.017785022752213.
  norm of converged amps    1.43873833562762     
 Starting iterative solution of the perturbed Lambda equations.
 The DIIS procedure is used to accelerate convergence.
 Convergence criterion is 10**(-7).
 Maximum number of iterations is 100.
 Convergence information after     1 iterations: 
 Largest element of residual vector :  0.35620504E-01.
 Largest element of DIIS residual   :  0.35620504E-01.
 Convergence information after     2 iterations: 
 Largest element of residual vector : -0.39732284E-02.
 Largest element of DIIS residual   : -0.33162740E-02.
 Convergence information after     3 iterations: 
 Largest element of residual vector : -0.34580794E-02.
 Largest element of DIIS residual   : -0.20881106E-02.
 Convergence information after     4 iterations: 
 Largest element of residual vector :  0.92305920E-03.
 Largest element of DIIS residual   : -0.73148020E-03.
 Convergence information after     5 iterations: 
 Largest element of residual vector : -0.42338988E-03.
 Largest element of DIIS residual   : -0.31775130E-03.
 Convergence information after     6 iterations: 
 Largest element of residual vector : -0.20439807E-03.
 Largest element of DIIS residual   : -0.14116941E-03.
 Convergence information after     7 iterations: 
 Largest element of residual vector : -0.90176925E-04.
 Largest element of DIIS residual   :  0.52648631E-04.
 Convergence information after     8 iterations: 
 Largest element of residual vector :  0.31934479E-04.
 Largest element of DIIS residual   :  0.17857917E-04.
 Convergence information after     9 iterations: 
 Largest element of residual vector :  0.13806820E-04.
 Largest element of DIIS residual   : -0.78701179E-05.
 Convergence information after    10 iterations: 
 Largest element of residual vector : -0.48445369E-05.
 Largest element of DIIS residual   : -0.32815780E-05.
 Convergence information after    11 iterations: 
 Largest element of residual vector : -0.23258601E-05.
 Largest element of DIIS residual   : -0.16061642E-05.
 Convergence information after    12 iterations: 
 Largest element of residual vector : -0.98546399E-06.
 Largest element of DIIS residual   : -0.64820024E-06.
 Convergence information after    13 iterations: 
 Largest element of residual vector : -0.43362207E-06.
 Largest element of DIIS residual   : -0.36035634E-06.
 Convergence information after    14 iterations: 
 Largest element of residual vector : -0.18701402E-06.
 Largest element of DIIS residual   : -0.12841836E-06.
 Convergence information after    15 iterations: 
 Largest element of residual vector : -0.84912673E-07.
 Largest element of DIIS residual   : -0.51117721E-07.
 Perturbed Lambda equations converged in    15 iterations.
  Dominant contributions to perturbed wavefunction:
    6    6  111   39  -0.0356919308 ABAB
    6    6   39  111  -0.0356919308 ABAB
    6    6  111   44  -0.0327046849 ABAB
    6    6   44  111  -0.0327046849 ABAB
    6    6  168   39  -0.0321583472 ABAB
    6    6   39  168  -0.0321583472 ABAB
    6    6  168   44  -0.0303028331 ABAB
    6    6   44  168  -0.0303028331 ABAB
    6    6   39   39   0.0301008272 ABAB
    6    6  184   39   0.0299051482 ABAB
    6    6   39  184   0.0299051482 ABAB
    6    6  184   44   0.0272427493 ABAB
    6    6   44  184   0.0272427493 ABAB
    6    6  111   24   0.0259694565 ABAB
    6    6   24  111   0.0259694565 ABAB
    6    6  111   43  -0.0257230186 ABAB
    6    6   43  111  -0.0257230186 ABAB
    7    6  111   39   0.0240834870 ABAB
    6    7   39  111   0.0240834870 ABAB
    6    6  168   24   0.0239442168 ABAB
  Total CCSD gradient is    0.015243239714078.
        The DBOC first-order density matrix is being calculated 
             (Symmetry block 1, perturbation   6)
 term   2.51665618260512     
 final tnorm1 -9.587354681521727E-003
  <0|L dT/dx|0> -9.587354681521727E-003
  norm contr. I: |<0|L dT/dx|0>|^2   9.191736978929658E-005
  norm contr. II: <0|[nabla(1+L)e-T][nabla e^T]|0>   2.51665618260512     
  total norm contribution   2.51674809997491     
 oo  2.304977823936084E-003
 vv  -18.8751868584077     
 vo -7.085949538174510E-002
  Correlated perturbed 1-el contribution to DBOC  -18.9437413759656       cm**-1
  SUM_I |dc_I/dx|^2 contribution to DBOC   9.47482575141645       cm**-1
 
  current total DBOC   5590.65416541440       cm**-1
 First-order density matrix is being calculated  (Symmetry block 1, perturbation   6)
 Calculation of the contributions of <pq||rs> to dI(i,j)/dx required   7.5 seconds.
 Calculation of the contributions of <pq||rs> to dI(a,b)/dx required  44.2 seconds.
 Calculation of the contributions of <pq||rs> to dI(i,a)/dx required  16.5 seconds.
 First-order Z-vector equations are solved for 1 perturbation.
 Convergence reached after  26 iterations.
        U*G(pq,rs) contribution is being calculated
             (Symmetry block 1, perturbation   6)

 CCSD contribution to force constants 

        0.0000000000        0.0000000000        0.0000000000
        0.0000000000        0.0000000000        0.0000000000
        0.0000000000        0.0000000000        0.0000000000
        0.0000000000        0.0000000000        0.0000000000
        0.0000000000        0.0000000000        0.0000000000
        0.0000000000        0.0000000000        0.0000000000
        0.0000000000        0.0000000000        0.0000000000
        0.0000000000        0.0000000000        0.0000000000
        0.0000000000        0.0000000000        0.0000000000
        0.0000000000        0.0000000000        0.0000000000
        0.0000000000        0.0000000000        0.0000000000
        0.0000000000        0.0000000000        0.0000000000
        0.0000000000        0.0000000000        0.0000000000
        0.0000000000        0.0000000000        0.0000000000
        0.0000000000        0.0000000000        0.0000000000
        0.0000000000        0.0000000000        0.0000000000
        0.0000000000        0.0000000000        0.0000000000
        0.0000000000        0.0000000000        0.0000000000
        0.0000000000        0.0000000000        0.0000000000
        0.0000000000        0.0000000000        0.0000000000
        0.0000000000        0.0000000000        0.0000000000
        0.0000000000        0.0000000000        0.0000000000
        0.0000000000        0.0000000000        0.0000000000
        0.0000000000        0.0000000000        0.0000000000
        0.0000000000        0.0000000000        0.0000000000
        0.0000000000        0.0000000000        0.0000000000
        0.0000000000        0.0000000000        0.0000000000
        0.0000000000        0.0000000000        0.0000000000
        0.0000000000        0.0000000000        0.0000000000
        0.0000000000        0.0000000000        0.0000000000
        0.4238409729        0.8809507953       -0.0320317640
        4.3980977618       -6.8745742977        3.7676211679
       -4.5584961659        6.0252671909       -4.0946277024
       -0.2816261412        0.1695830258       -0.3987049883
        0.0413245629       -0.2362181070        1.3056938663
       -0.0231409905        0.0349913927       -0.5479505794
        0.0000000000        0.0000000000        0.0000000000
        0.0000000000        0.0000000000        0.0000000000
        0.0000000000        0.0000000000        0.0000000000
        0.0000000000        0.0000000000        0.0000000000
        0.0000000000        0.0000000000        0.0000000000
        0.0000000000        0.0000000000        0.0000000000
        0.0000000000        0.0000000000        0.0000000000
        0.0000000000        0.0000000000        0.0000000000
        0.0000000000        0.0000000000        0.0000000000
        0.0000000000        0.0000000000        0.0000000000
        0.0000000000        0.0000000000        0.0000000000
        0.0000000000        0.0000000000        0.0000000000
        0.0000000000        0.0000000000        0.0000000000
        0.0000000000        0.0000000000        0.0000000000
        0.0000000000        0.0000000000        0.0000000000
        0.0000000000        0.0000000000        0.0000000000
        0.0000000000        0.0000000000        0.0000000000
        0.0000000000        0.0000000000        0.0000000000
        0.0000000000        0.0000000000        0.0000000000
        0.0000000000        0.0000000000        0.0000000000
        0.0000000000        0.0000000000        0.0000000000
        0.0000000000        0.0000000000        0.0000000000
        0.0000000000        0.0000000000        0.0000000000
        0.0000000000        0.0000000000        0.0000000000
        0.0000000000        0.0000000000        0.0000000000
        0.0000000000        0.0000000000        0.0000000000
        0.0000000000        0.0000000000        0.0000000000
        0.0000000000        0.0000000000        0.0000000000
        0.0000000000        0.0000000000        0.0000000000
        0.0000000000        0.0000000000        0.0000000000
        0.0000000000        0.0000000000        0.0000000000
        0.0000000000        0.0000000000        0.0000000000
        0.0000000000        0.0000000000        0.0000000000
        0.0000000000        0.0000000000        0.0000000000
        0.0000000000        0.0000000000        0.0000000000
        0.0000000000        0.0000000000        0.0000000000
        0.0000000000        0.0000000000        0.0000000000
        0.0000000000        0.0000000000        0.0000000000
        0.0000000000        0.0000000000        0.0000000000
        0.0000000000        0.0000000000        0.0000000000
        0.0000000000        0.0000000000        0.0000000000
        0.0000000000        0.0000000000        0.0000000000
        0.0000000000        0.0000000000        0.0000000000
        0.0000000000        0.0000000000        0.0000000000
        0.0000000000        0.0000000000        0.0000000000
        0.0000000000        0.0000000000        0.0000000000
        0.0000000000        0.0000000000        0.0000000000
        0.0000000000        0.0000000000        0.0000000000
        0.0000000000        0.0000000000        0.0000000000
        0.0000000000        0.0000000000        0.0000000000
        0.0000000000        0.0000000000        0.0000000000
        0.0000000000        0.0000000000        0.0000000000
        0.0000000000        0.0000000000        0.0000000000
        0.0000000000        0.0000000000        0.0000000000
        0.0000000000        0.0000000000        0.0000000000
        0.0000000000        0.0000000000        0.0000000000
        0.0000000000        0.0000000000        0.0000000000
        0.0000000000        0.0000000000        0.0000000000
        0.0000000000        0.0000000000        0.0000000000
        0.0000000000        0.0000000000        0.0000000000
        0.0000000000        0.0000000000        0.0000000000
        0.0000000000        0.0000000000        0.0000000000
        0.0000000000        0.0000000000        0.0000000000
        0.0000000000        0.0000000000        0.0000000000
        0.0000000000        0.0000000000        0.0000000000
        0.0000000000        0.0000000000        0.0000000000
        0.0000000000        0.0000000000        0.0000000000
        0.0000000000        0.0000000000        0.0000000000
        0.0000000000        0.0000000000        0.0000000000
        0.0000000000        0.0000000000        0.0000000000
        0.0000000000        0.0000000000        0.0000000000
        0.0000000000        0.0000000000        0.0000000000

 CCSD contribution to dipole derivatives 

        0.0000000000        0.0000000000        0.0000000000
        0.0000000000        0.0000000000       -0.0429080236
        0.0000000000        0.0000000000        0.0000000000
        0.0000000000        0.0000000000        0.0000000000
        0.0000000000        0.0000000000        0.0000000000
        0.0000000000        0.0000000000        0.0000000000
        0.0000000000        0.0000000000        0.0000000000
        0.0000000000        0.0000000000        0.0140414573
        0.0000000000        0.0000000000        0.0000000000
        0.0000000000        0.0000000000        0.0000000000
        0.0000000000        0.0000000000        0.0000000000
        0.0000000000        0.0000000000        0.0000000000
        0.0000000000        0.0000000000        0.0000000000
        0.0000000000        0.0000000000       -0.0093515278
        0.0000000000        0.0000000000        0.0000000000
        0.0000000000        0.0000000000        0.0000000000
        0.0000000000        0.0000000000        0.0000000000
        0.0000000000        0.0000000000        0.0000000000
 @CHECKOUT-I, Total execution time (CPU/WALL):     4210.01/    1544.89 seconds.
--executable xsdcc finished with status     0 in     1544.99 seconds (walltime).
 --invoking executable--
/home/asmola/.local/bin/xanti
 @GETMEM-I,  Allocated   38146 MB of main memory.
 CCSD MO derivative gammas will be sorted to Mulliken order.
 @CHECKOUT-I, Total execution time (CPU/WALL):       39.02/     102.53 seconds.
--executable xanti finished with status     0 in      102.60 seconds (walltime).
 --invoking executable--
/home/asmola/.local/bin/xbcktrn
 @GETMEM-I,  Allocated   38146 MB of main memory.
 CCSD MO derivative gammas will be transformed to the AO basis.
 @CHECKOUT-I, Total execution time (CPU/WALL):      127.56/      20.54 seconds.
--executable xbcktrn finished with status     0 in       20.59 seconds (walltime).
 --invoking executable--
/home/asmola/.local/bin/xvdint
 @GETMEM-I,  Allocated   38146 MB of main memory.
 One- and two-electron integral derivatives are calculated
 for RHF-CC/MBPT hessians and dipole derivatives.
 Spherical gaussians are used.
  magnet F F
 Evaluation of 2el integral derivatives

                      Two-electron integral gradient
                      ------------------------------

 C #1       0.1146980151            0.0443918334           -0.2904479552
 O #2      -0.0058896931           -0.1674708729            0.7978935673
 H #3      -0.0907695944            0.1416088320           -0.5451106439
 H #4       0.0084370750           -0.0222372314           -0.0067994842
 H #5      -0.0141414794            0.0069433187            0.0283627392
 H #6      -0.0123343233           -0.0032358799            0.0161017768


 Evaluation of 2e integral derivatives required  694.15 seconds.
  contribution to Hessian
        0.1146980151        0.0443918334       -0.2904479552
       -0.0058896931       -0.1674708729        0.7978935673
       -0.0907695944        0.1416088320       -0.5451106439
        0.0084370750       -0.0222372314       -0.0067994842
       -0.0141414794        0.0069433187        0.0283627392
       -0.0123343233       -0.0032358799        0.0161017768
 @CHECKOUT-I, Total execution time (CPU/WALL):      694.13/     106.34 seconds.
--executable xvdint finished with status     0 in      106.38 seconds (walltime).
 --invoking executable--
/home/asmola/.local/bin/xsdcc
 @GETMEM-I,  Allocated   38146 MB of main memory.
 Vibrational frequencies and infrared intensities are calculated
 at the CCSD level within the harmonic approximation.
 CPHF coefficients for occ-occ block: U^x(i,j) = -1/2 S^x(i,j)
 CPHF coefficients for vrt-vrt block: U^x(a,b) = -1/2 S^x(a,b)
 Transformation of derivative integrals from AO to MO basis:
 RHF transformation
 Transformation of DIIII integral derivatives.
 1 pass through the AO integral derivative file was needed.
  89975608 AO integral derivatives were read from file DIIII.
 Transformation of first index required  291.9 seconds.
 Transformation of remaining indices required  324.3 seconds.
1715296743 MO integral derivatives were written to file DERINT.
        MO basis integral derivatives are being calculated
             (Symmetry block 1, perturbation   7)
 First derivative of the wavefunction is calculated (Symmetry block 1, perturbation   7)
 Resorts of perturbed amplitudes and integrals required   0.6 seconds.
 Construction of <Phi|(dH_N/dx exp(T))c|0> required  29.9 seconds.
 Starting iterative solution of the perturbed CC equations.
 The DIIS procedure is used to accelerate convergence.
 Convergence criterion is 10**(-7).
 Maximum number of iterations is 100.
 Convergence information after     1 iterations: 
 Largest element of residual vector :  0.15623257E-01.
 Largest element of DIIS residual   :  0.15623257E-01.
 Convergence information after     2 iterations: 
 Largest element of residual vector : -0.23664141E-02.
 Largest element of DIIS residual   : -0.23026742E-02.
 Convergence information after     3 iterations: 
 Largest element of residual vector : -0.13777063E-02.
 Largest element of DIIS residual   : -0.12289075E-02.
 Convergence information after     4 iterations: 
 Largest element of residual vector :  0.49790137E-03.
 Largest element of DIIS residual   : -0.34839776E-03.
 Convergence information after     5 iterations: 
 Largest element of residual vector :  0.31994726E-03.
 Largest element of DIIS residual   :  0.23040181E-03.
 Convergence information after     6 iterations: 
 Largest element of residual vector :  0.13690253E-03.
 Largest element of DIIS residual   : -0.85309244E-04.
 Convergence information after     7 iterations: 
 Largest element of residual vector :  0.51246122E-04.
 Largest element of DIIS residual   :  0.25069482E-04.
 Convergence information after     8 iterations: 
 Largest element of residual vector :  0.18057774E-04.
 Largest element of DIIS residual   :  0.10885861E-04.
 Convergence information after     9 iterations: 
 Largest element of residual vector :  0.79073870E-05.
 Largest element of DIIS residual   :  0.40741048E-05.
 Convergence information after    10 iterations: 
 Largest element of residual vector :  0.27705998E-05.
 Largest element of DIIS residual   :  0.16220072E-05.
 Convergence information after    11 iterations: 
 Largest element of residual vector :  0.84600905E-06.
 Largest element of DIIS residual   :  0.50645844E-06.
 Convergence information after    12 iterations: 
 Largest element of residual vector :  0.34501806E-06.
 Largest element of DIIS residual   :  0.27480164E-06.
 Convergence information after    13 iterations: 
 Largest element of residual vector : -0.18220007E-06.
 Largest element of DIIS residual   : -0.14102076E-06.
 Convergence information after    14 iterations: 
 Largest element of residual vector : -0.94382234E-07.
 Largest element of DIIS residual   : -0.68463309E-07.
 Perturbed amplitude equations converged in    14 iterations.
  Dominant contributions to perturbed wavefunction:
    6    6  111   39   0.0195962075 ABAB
    6    6   39  111   0.0195962075 ABAB
    6    6  168   39   0.0177111901 ABAB
    6    6   39  168   0.0177111901 ABAB
    6    5   39  111   0.0173127746 ABAB
    5    6  111   39   0.0173127746 ABAB
    6    6  168   19  -0.0161130451 ABAB
    6    6   19  168  -0.0161130451 ABAB
    6    6  111   19  -0.0159487287 ABAB
    6    6   19  111  -0.0159487287 ABAB
    6    6  184   39  -0.0156621337 ABAB
    6    6   39  184  -0.0156621337 ABAB
    5    5  111   46   0.0154921563 ABAB
    5    5   46  111   0.0154921563 ABAB
    6    5   39  168   0.0149500078 ABAB
    5    6  168   39   0.0149500078 ABAB
    5    5  168   46   0.0142922742 ABAB
    5    5   46  168   0.0142922742 ABAB
    6    6  109   39  -0.0142363757 ABAB
    6    6   39  109  -0.0142363757 ABAB
  Total CCSD gradient is   -0.006217250675603.
  norm of converged amps   0.954979056690082     
 Starting iterative solution of the perturbed Lambda equations.
 The DIIS procedure is used to accelerate convergence.
 Convergence criterion is 10**(-7).
 Maximum number of iterations is 100.
 Convergence information after     1 iterations: 
 Largest element of residual vector :  0.13053036E-01.
 Largest element of DIIS residual   :  0.13053036E-01.
 Convergence information after     2 iterations: 
 Largest element of residual vector : -0.20858639E-02.
 Largest element of DIIS residual   : -0.19817152E-02.
 Convergence information after     3 iterations: 
 Largest element of residual vector :  0.10873873E-02.
 Largest element of DIIS residual   : -0.10341929E-02.
 Convergence information after     4 iterations: 
 Largest element of residual vector :  0.42171203E-03.
 Largest element of DIIS residual   : -0.29689731E-03.
 Convergence information after     5 iterations: 
 Largest element of residual vector :  0.27685123E-03.
 Largest element of DIIS residual   :  0.20060081E-03.
 Convergence information after     6 iterations: 
 Largest element of residual vector :  0.11884982E-03.
 Largest element of DIIS residual   :  0.74283714E-04.
 Convergence information after     7 iterations: 
 Largest element of residual vector :  0.45845144E-04.
 Largest element of DIIS residual   :  0.22223982E-04.
 Convergence information after     8 iterations: 
 Largest element of residual vector :  0.16058011E-04.
 Largest element of DIIS residual   :  0.96335605E-05.
 Convergence information after     9 iterations: 
 Largest element of residual vector :  0.70252588E-05.
 Largest element of DIIS residual   :  0.36018794E-05.
 Convergence information after    10 iterations: 
 Largest element of residual vector :  0.24623267E-05.
 Largest element of DIIS residual   :  0.15447701E-05.
 Convergence information after    11 iterations: 
 Largest element of residual vector :  0.75471147E-06.
 Largest element of DIIS residual   :  0.43287260E-06.
 Convergence information after    12 iterations: 
 Largest element of residual vector :  0.29323166E-06.
 Largest element of DIIS residual   :  0.23754153E-06.
 Convergence information after    13 iterations: 
 Largest element of residual vector : -0.15648544E-06.
 Largest element of DIIS residual   : -0.12729400E-06.
 Convergence information after    14 iterations: 
 Largest element of residual vector : -0.85472060E-07.
 Largest element of DIIS residual   : -0.63131885E-07.
 Perturbed Lambda equations converged in    14 iterations.
  Dominant contributions to perturbed wavefunction:
    6    6  111   39   0.0191054804 ABAB
    6    6   39  111   0.0191054804 ABAB
    6    6  168   39   0.0172744403 ABAB
    6    6   39  168   0.0172744403 ABAB
    6    5   39  111   0.0168273441 ABAB
    5    6  111   39   0.0168273441 ABAB
    6    6  168   19  -0.0155961451 ABAB
    6    6   19  168  -0.0155961451 ABAB
    6    6  111   19  -0.0154200267 ABAB
    6    6   19  111  -0.0154200267 ABAB
    6    6  184   39  -0.0152962276 ABAB
    6    6   39  184  -0.0152962276 ABAB
    5    5  111   46   0.0151019809 ABAB
    5    5   46  111   0.0151019809 ABAB
    6    5   39  168   0.0145377706 ABAB
    5    6  168   39   0.0145377706 ABAB
    5    5  168   46   0.0139241059 ABAB
    5    5   46  168   0.0139241059 ABAB
    6    6  109   39  -0.0138815113 ABAB
    6    6   39  109  -0.0138815113 ABAB
  Total CCSD gradient is   -0.005350944103808.
        The DBOC first-order density matrix is being calculated 
             (Symmetry block 1, perturbation   7)
 term   1.15166755343317     
 final tnorm1  4.266108836342548E-003
  <0|L dT/dx|0>  4.266108836342548E-003
  norm contr. I: |<0|L dT/dx|0>|^2   1.819968460351997E-005
  norm contr. II: <0|[nabla(1+L)e-T][nabla e^T]|0>   1.15166755343317     
  total norm contribution   1.15168575311777     
 oo  4.953092380971752E-003
 vv  -137.385906793454     
 vo  0.299962048654920     
  Correlated perturbed 1-el contribution to DBOC  -137.080991652418       cm**-1
  SUM_I |dc_I/dx|^2 contribution to DBOC   68.8302812083256       cm**-1
 
  current total DBOC   5522.40345497031       cm**-1
 First-order density matrix is being calculated  (Symmetry block 1, perturbation   7)
 Calculation of the contributions of <pq||rs> to dI(i,j)/dx required   5.4 seconds.
 Calculation of the contributions of <pq||rs> to dI(a,b)/dx required  42.7 seconds.
 Calculation of the contributions of <pq||rs> to dI(i,a)/dx required  18.6 seconds.
 First-order Z-vector equations are solved for 1 perturbation.
 Convergence reached after  25 iterations.
        U*G(pq,rs) contribution is being calculated
             (Symmetry block 1, perturbation   7)

 CCSD contribution to force constants 

        0.0000000000        0.0000000000        0.0000000000
        0.0000000000        0.0000000000        0.0000000000
        0.0000000000        0.0000000000        0.0000000000
        0.0000000000        0.0000000000        0.0000000000
        0.0000000000        0.0000000000        0.0000000000
        0.0000000000        0.0000000000        0.0000000000
        0.0000000000        0.0000000000        0.0000000000
        0.0000000000        0.0000000000        0.0000000000
        0.0000000000        0.0000000000        0.0000000000
        0.0000000000        0.0000000000        0.0000000000
        0.0000000000        0.0000000000        0.0000000000
        0.0000000000        0.0000000000        0.0000000000
        0.0000000000        0.0000000000        0.0000000000
        0.0000000000        0.0000000000        0.0000000000
        0.0000000000        0.0000000000        0.0000000000
        0.0000000000        0.0000000000        0.0000000000
        0.0000000000        0.0000000000        0.0000000000
        0.0000000000        0.0000000000        0.0000000000
        0.0000000000        0.0000000000        0.0000000000
        0.0000000000        0.0000000000        0.0000000000
        0.0000000000        0.0000000000        0.0000000000
        0.0000000000        0.0000000000        0.0000000000
        0.0000000000        0.0000000000        0.0000000000
        0.0000000000        0.0000000000        0.0000000000
        0.0000000000        0.0000000000        0.0000000000
        0.0000000000        0.0000000000        0.0000000000
        0.0000000000        0.0000000000        0.0000000000
        0.0000000000        0.0000000000        0.0000000000
        0.0000000000        0.0000000000        0.0000000000
        0.0000000000        0.0000000000        0.0000000000
        0.0000000000        0.0000000000        0.0000000000
        0.0000000000        0.0000000000        0.0000000000
        0.0000000000        0.0000000000        0.0000000000
        0.0000000000        0.0000000000        0.0000000000
        0.0000000000        0.0000000000        0.0000000000
        0.0000000000        0.0000000000        0.0000000000
        1.2209645860        0.8753267166       -0.9136832143
       -0.7347143131        3.6678406736       -5.6148360986
       -0.8821471148       -3.7170118083        5.7377309992
       -0.1874636552        0.9416991488        0.2104890282
        0.7652352305       -1.0673932109        1.0431206410
       -0.1818747334       -0.7004615199       -0.4628213555
        0.0000000000        0.0000000000        0.0000000000
        0.0000000000        0.0000000000        0.0000000000
        0.0000000000        0.0000000000        0.0000000000
        0.0000000000        0.0000000000        0.0000000000
        0.0000000000        0.0000000000        0.0000000000
        0.0000000000        0.0000000000        0.0000000000
        0.0000000000        0.0000000000        0.0000000000
        0.0000000000        0.0000000000        0.0000000000
        0.0000000000        0.0000000000        0.0000000000
        0.0000000000        0.0000000000        0.0000000000
        0.0000000000        0.0000000000        0.0000000000
        0.0000000000        0.0000000000        0.0000000000
        0.0000000000        0.0000000000        0.0000000000
        0.0000000000        0.0000000000        0.0000000000
        0.0000000000        0.0000000000        0.0000000000
        0.0000000000        0.0000000000        0.0000000000
        0.0000000000        0.0000000000        0.0000000000
        0.0000000000        0.0000000000        0.0000000000
        0.0000000000        0.0000000000        0.0000000000
        0.0000000000        0.0000000000        0.0000000000
        0.0000000000        0.0000000000        0.0000000000
        0.0000000000        0.0000000000        0.0000000000
        0.0000000000        0.0000000000        0.0000000000
        0.0000000000        0.0000000000        0.0000000000
        0.0000000000        0.0000000000        0.0000000000
        0.0000000000        0.0000000000        0.0000000000
        0.0000000000        0.0000000000        0.0000000000
        0.0000000000        0.0000000000        0.0000000000
        0.0000000000        0.0000000000        0.0000000000
        0.0000000000        0.0000000000        0.0000000000
        0.0000000000        0.0000000000        0.0000000000
        0.0000000000        0.0000000000        0.0000000000
        0.0000000000        0.0000000000        0.0000000000
        0.0000000000        0.0000000000        0.0000000000
        0.0000000000        0.0000000000        0.0000000000
        0.0000000000        0.0000000000        0.0000000000
        0.0000000000        0.0000000000        0.0000000000
        0.0000000000        0.0000000000        0.0000000000
        0.0000000000        0.0000000000        0.0000000000
        0.0000000000        0.0000000000        0.0000000000
        0.0000000000        0.0000000000        0.0000000000
        0.0000000000        0.0000000000        0.0000000000
        0.0000000000        0.0000000000        0.0000000000
        0.0000000000        0.0000000000        0.0000000000
        0.0000000000        0.0000000000        0.0000000000
        0.0000000000        0.0000000000        0.0000000000
        0.0000000000        0.0000000000        0.0000000000
        0.0000000000        0.0000000000        0.0000000000
        0.0000000000        0.0000000000        0.0000000000
        0.0000000000        0.0000000000        0.0000000000
        0.0000000000        0.0000000000        0.0000000000
        0.0000000000        0.0000000000        0.0000000000
        0.0000000000        0.0000000000        0.0000000000
        0.0000000000        0.0000000000        0.0000000000
        0.0000000000        0.0000000000        0.0000000000
        0.0000000000        0.0000000000        0.0000000000
        0.0000000000        0.0000000000        0.0000000000
        0.0000000000        0.0000000000        0.0000000000
        0.0000000000        0.0000000000        0.0000000000
        0.0000000000        0.0000000000        0.0000000000
        0.0000000000        0.0000000000        0.0000000000
        0.0000000000        0.0000000000        0.0000000000
        0.0000000000        0.0000000000        0.0000000000
        0.0000000000        0.0000000000        0.0000000000
        0.0000000000        0.0000000000        0.0000000000
        0.0000000000        0.0000000000        0.0000000000

 CCSD contribution to dipole derivatives 

        0.0000000000        0.0000000000        0.0000000000
        0.0000000000        0.0000000000        0.0000000000
       -0.0075862538        0.0000000000        0.0000000000
        0.0000000000        0.0000000000        0.0000000000
        0.0000000000        0.0000000000        0.0000000000
        0.0000000000        0.0000000000        0.0000000000
        0.0000000000        0.0000000000        0.0000000000
        0.0000000000        0.0000000000        0.0000000000
       -0.0003170423        0.0000000000        0.0000000000
        0.0000000000        0.0000000000        0.0000000000
        0.0000000000        0.0000000000        0.0000000000
        0.0000000000        0.0000000000        0.0000000000
        0.0000000000        0.0000000000        0.0000000000
        0.0000000000        0.0000000000        0.0000000000
       -0.0070074578        0.0000000000        0.0000000000
        0.0000000000        0.0000000000        0.0000000000
        0.0000000000        0.0000000000        0.0000000000
        0.0000000000        0.0000000000        0.0000000000
 @CHECKOUT-I, Total execution time (CPU/WALL):     3540.40/    1203.80 seconds.
--executable xsdcc finished with status     0 in     1203.91 seconds (walltime).
 --invoking executable--
/home/asmola/.local/bin/xanti
 @GETMEM-I,  Allocated   38146 MB of main memory.
 CCSD MO derivative gammas will be sorted to Mulliken order.
 @CHECKOUT-I, Total execution time (CPU/WALL):       37.06/     104.03 seconds.
--executable xanti finished with status     0 in      104.11 seconds (walltime).
 --invoking executable--
/home/asmola/.local/bin/xbcktrn
 @GETMEM-I,  Allocated   38146 MB of main memory.
 CCSD MO derivative gammas will be transformed to the AO basis.
 @CHECKOUT-I, Total execution time (CPU/WALL):      107.02/      16.45 seconds.
--executable xbcktrn finished with status     0 in       16.51 seconds (walltime).
 --invoking executable--
/home/asmola/.local/bin/xvdint
 @GETMEM-I,  Allocated   38146 MB of main memory.
 One- and two-electron integral derivatives are calculated
 for RHF-CC/MBPT hessians and dipole derivatives.
 Spherical gaussians are used.
  magnet F F
 Evaluation of 2el integral derivatives

                      Two-electron integral gradient
                      ------------------------------

 C #1      -0.0224174671            0.0037098283            0.0175282088
 O #2      -0.2643135898            0.0509751488           -0.0744248694
 H #3       0.2878743384           -0.0494795169            0.0715329022
 H #4       0.0089174589           -0.0114090534            0.0030365924
 H #5      -0.0094934844            0.0033167851           -0.0216470027
 H #6      -0.0005672560            0.0028868081            0.0039741686


 Evaluation of 2e integral derivatives required  694.38 seconds.
  contribution to Hessian
       -0.0224174671        0.0037098283        0.0175282088
       -0.2643135898        0.0509751488       -0.0744248694
        0.2878743384       -0.0494795169        0.0715329022
        0.0089174589       -0.0114090534        0.0030365924
       -0.0094934844        0.0033167851       -0.0216470027
       -0.0005672560        0.0028868081        0.0039741686
 @CHECKOUT-I, Total execution time (CPU/WALL):      694.36/     107.23 seconds.
--executable xvdint finished with status     0 in      107.26 seconds (walltime).
 --invoking executable--
/home/asmola/.local/bin/xsdcc
 @GETMEM-I,  Allocated   38146 MB of main memory.
 Vibrational frequencies and infrared intensities are calculated
 at the CCSD level within the harmonic approximation.
 CPHF coefficients for occ-occ block: U^x(i,j) = -1/2 S^x(i,j)
 CPHF coefficients for vrt-vrt block: U^x(a,b) = -1/2 S^x(a,b)
 Transformation of derivative integrals from AO to MO basis:
 RHF transformation
 Transformation of DIIII integral derivatives.
 1 pass through the AO integral derivative file was needed.
  89928687 AO integral derivatives were read from file DIIII.
 Transformation of first index required  292.1 seconds.
 Transformation of remaining indices required  323.8 seconds.
1715296743 MO integral derivatives were written to file DERINT.
        MO basis integral derivatives are being calculated
             (Symmetry block 1, perturbation   8)
 First derivative of the wavefunction is calculated (Symmetry block 1, perturbation   8)
 Resorts of perturbed amplitudes and integrals required   0.6 seconds.
 Construction of <Phi|(dH_N/dx exp(T))c|0> required  31.8 seconds.
 Starting iterative solution of the perturbed CC equations.
 The DIIS procedure is used to accelerate convergence.
 Convergence criterion is 10**(-7).
 Maximum number of iterations is 100.
 Convergence information after     1 iterations: 
 Largest element of residual vector :  0.42475720E-01.
 Largest element of DIIS residual   :  0.42475720E-01.
 Convergence information after     2 iterations: 
 Largest element of residual vector : -0.66833647E-02.
 Largest element of DIIS residual   :  0.54064326E-02.
 Convergence information after     3 iterations: 
 Largest element of residual vector : -0.45714380E-02.
 Largest element of DIIS residual   : -0.31863699E-02.
 Convergence information after     4 iterations: 
 Largest element of residual vector :  0.11913197E-02.
 Largest element of DIIS residual   :  0.78944555E-03.
 Convergence information after     5 iterations: 
 Largest element of residual vector :  0.41405677E-03.
 Largest element of DIIS residual   : -0.27656557E-03.
 Convergence information after     6 iterations: 
 Largest element of residual vector : -0.17702478E-03.
 Largest element of DIIS residual   : -0.17630868E-03.
 Convergence information after     7 iterations: 
 Largest element of residual vector : -0.11249662E-03.
 Largest element of DIIS residual   : -0.81649354E-04.
 Convergence information after     8 iterations: 
 Largest element of residual vector : -0.43728503E-04.
 Largest element of DIIS residual   :  0.20570172E-04.
 Convergence information after     9 iterations: 
 Largest element of residual vector : -0.16077711E-04.
 Largest element of DIIS residual   :  0.90971805E-05.
 Convergence information after    10 iterations: 
 Largest element of residual vector :  0.42676818E-05.
 Largest element of DIIS residual   : -0.32438050E-05.
 Convergence information after    11 iterations: 
 Largest element of residual vector :  0.13604457E-05.
 Largest element of DIIS residual   :  0.11405813E-05.
 Convergence information after    12 iterations: 
 Largest element of residual vector :  0.55688598E-06.
 Largest element of DIIS residual   :  0.43772942E-06.
 Convergence information after    13 iterations: 
 Largest element of residual vector :  0.28231083E-06.
 Largest element of DIIS residual   :  0.22810396E-06.
 Convergence information after    14 iterations: 
 Largest element of residual vector :  0.11589574E-06.
 Largest element of DIIS residual   :  0.69191428E-07.
 Perturbed amplitude equations converged in    14 iterations.
  Dominant contributions to perturbed wavefunction:
    8    0   77    0   0.0338692563 AA  
    6    6  111   39  -0.0320992681 ABAB
    6    6   39  111  -0.0320992681 ABAB
    8    6  111   39   0.0300695779 ABAB
    6    8   39  111   0.0300695779 ABAB
    6    6  168   39  -0.0289146733 ABAB
    6    6   39  168  -0.0289146733 ABAB
    8    0  111    0  -0.0275677178 AA  
    8    8  111   41  -0.0271927658 ABAB
    8    8   41  111  -0.0271927658 ABAB
    8    8  111   20   0.0268393348 ABAB
    8    8   20  111   0.0268393348 ABAB
    8    6  168   39   0.0259652439 ABAB
    6    8   39  168   0.0259652439 ABAB
    6    6  111   44  -0.0256888506 ABAB
    6    6   44  111  -0.0256888506 ABAB
    8    8   77   41   0.0254239052 ABAB
    8    8   41   77   0.0254239052 ABAB
    6    6  168   44  -0.0252524927 ABAB
    6    6   44  168  -0.0252524927 ABAB
  Total CCSD gradient is    0.009843040565303.
  norm of converged amps    1.13714039806477     
 Starting iterative solution of the perturbed Lambda equations.
 The DIIS procedure is used to accelerate convergence.
 Convergence criterion is 10**(-7).
 Maximum number of iterations is 100.
 Convergence information after     1 iterations: 
 Largest element of residual vector :  0.35294487E-01.
 Largest element of DIIS residual   :  0.35294487E-01.
 Convergence information after     2 iterations: 
 Largest element of residual vector : -0.59150710E-02.
 Largest element of DIIS residual   :  0.48895397E-02.
 Convergence information after     3 iterations: 
 Largest element of residual vector : -0.36599982E-02.
 Largest element of DIIS residual   : -0.27831728E-02.
 Convergence information after     4 iterations: 
 Largest element of residual vector :  0.10112971E-02.
 Largest element of DIIS residual   :  0.73483160E-03.
 Convergence information after     5 iterations: 
 Largest element of residual vector :  0.38481984E-03.
 Largest element of DIIS residual   : -0.25776388E-03.
 Convergence information after     6 iterations: 
 Largest element of residual vector : -0.17000012E-03.
 Largest element of DIIS residual   : -0.16631145E-03.
 Convergence information after     7 iterations: 
 Largest element of residual vector : -0.10487737E-03.
 Largest element of DIIS residual   : -0.73279422E-04.
 Convergence information after     8 iterations: 
 Largest element of residual vector : -0.39689923E-04.
 Largest element of DIIS residual   :  0.18103029E-04.
 Convergence information after     9 iterations: 
 Largest element of residual vector : -0.14130502E-04.
 Largest element of DIIS residual   :  0.78165452E-05.
 Convergence information after    10 iterations: 
 Largest element of residual vector : -0.35971580E-05.
 Largest element of DIIS residual   : -0.28069618E-05.
 Convergence information after    11 iterations: 
 Largest element of residual vector :  0.12097656E-05.
 Largest element of DIIS residual   :  0.97199023E-06.
 Convergence information after    12 iterations: 
 Largest element of residual vector :  0.52161404E-06.
 Largest element of DIIS residual   :  0.39965529E-06.
 Convergence information after    13 iterations: 
 Largest element of residual vector :  0.25116752E-06.
 Largest element of DIIS residual   :  0.19008893E-06.
 Convergence information after    14 iterations: 
 Largest element of residual vector :  0.10545161E-06.
 Largest element of DIIS residual   :  0.62245405E-07.
 Perturbed Lambda equations converged in    14 iterations.
  Dominant contributions to perturbed wavefunction:
    6    6  111   39  -0.0313200810 ABAB
    6    6   39  111  -0.0313200810 ABAB
    8    6  111   39   0.0292757452 ABAB
    6    8   39  111   0.0292757452 ABAB
    6    6  168   39  -0.0281856972 ABAB
    6    6   39  168  -0.0281856972 ABAB
    8    8  111   41  -0.0266135823 ABAB
    8    8   41  111  -0.0266135823 ABAB
    8    8  111   20   0.0259664385 ABAB
    8    8   20  111   0.0259664385 ABAB
    8    6  168   39   0.0252567565 ABAB
    6    8   39  168   0.0252567565 ABAB
    6    6  111   44  -0.0249254659 ABAB
    6    6   44  111  -0.0249254659 ABAB
    8    8   77   41   0.0247653086 ABAB
    8    8   41   77   0.0247653086 ABAB
    6    6  168   44  -0.0245268689 ABAB
    6    6   44  168  -0.0245268689 ABAB
    8    6   41  111   0.0244310494 ABAB
    6    8  111   41   0.0244310494 ABAB
  Total CCSD gradient is    0.008507068896591.
        The DBOC first-order density matrix is being calculated 
             (Symmetry block 1, perturbation   8)
 term   1.60706071291002     
 final tnorm1 -5.451630465298611E-003
  <0|L dT/dx|0> -5.451630465298611E-003
  norm contr. I: |<0|L dT/dx|0>|^2   2.972027473017195E-005
  norm contr. II: <0|[nabla(1+L)e-T][nabla e^T]|0>   1.60706071291002     
  total norm contribution   1.60709043318475     
 oo  3.289984602156176E-002
 vv  -191.658141473655     
 vo  6.011357312672044E-002
  Correlated perturbed 1-el contribution to DBOC  -191.565128054507       cm**-1
  SUM_I |dc_I/dx|^2 contribution to DBOC   96.0474557785071       cm**-1
 
  current total DBOC   5426.88578269431       cm**-1
 First-order density matrix is being calculated  (Symmetry block 1, perturbation   8)
 Calculation of the contributions of <pq||rs> to dI(i,j)/dx required   5.5 seconds.
 Calculation of the contributions of <pq||rs> to dI(a,b)/dx required  50.1 seconds.
 Calculation of the contributions of <pq||rs> to dI(i,a)/dx required  19.8 seconds.
 First-order Z-vector equations are solved for 1 perturbation.
 Convergence reached after  27 iterations.
        U*G(pq,rs) contribution is being calculated
             (Symmetry block 1, perturbation   8)

 CCSD contribution to force constants 

        0.0000000000        0.0000000000        0.0000000000
        0.0000000000        0.0000000000        0.0000000000
        0.0000000000        0.0000000000        0.0000000000
        0.0000000000        0.0000000000        0.0000000000
        0.0000000000        0.0000000000        0.0000000000
        0.0000000000        0.0000000000        0.0000000000
        0.0000000000        0.0000000000        0.0000000000
        0.0000000000        0.0000000000        0.0000000000
        0.0000000000        0.0000000000        0.0000000000
        0.0000000000        0.0000000000        0.0000000000
        0.0000000000        0.0000000000        0.0000000000
        0.0000000000        0.0000000000        0.0000000000
        0.0000000000        0.0000000000        0.0000000000
        0.0000000000        0.0000000000        0.0000000000
        0.0000000000        0.0000000000        0.0000000000
        0.0000000000        0.0000000000        0.0000000000
        0.0000000000        0.0000000000        0.0000000000
        0.0000000000        0.0000000000        0.0000000000
        0.0000000000        0.0000000000        0.0000000000
        0.0000000000        0.0000000000        0.0000000000
        0.0000000000        0.0000000000        0.0000000000
        0.0000000000        0.0000000000        0.0000000000
        0.0000000000        0.0000000000        0.0000000000
        0.0000000000        0.0000000000        0.0000000000
        0.0000000000        0.0000000000        0.0000000000
        0.0000000000        0.0000000000        0.0000000000
        0.0000000000        0.0000000000        0.0000000000
        0.0000000000        0.0000000000        0.0000000000
        0.0000000000        0.0000000000        0.0000000000
        0.0000000000        0.0000000000        0.0000000000
        0.0000000000        0.0000000000        0.0000000000
        0.0000000000        0.0000000000        0.0000000000
        0.0000000000        0.0000000000        0.0000000000
        0.0000000000        0.0000000000        0.0000000000
        0.0000000000        0.0000000000        0.0000000000
        0.0000000000        0.0000000000        0.0000000000
        0.0000000000        0.0000000000        0.0000000000
        0.0000000000        0.0000000000        0.0000000000
        0.0000000000        0.0000000000        0.0000000000
        0.0000000000        0.0000000000        0.0000000000
        0.0000000000        0.0000000000        0.0000000000
        0.0000000000        0.0000000000        0.0000000000
        0.3647991551        2.3949038750       -0.0069655791
        2.5253308769        0.2222167957        6.2528457887
       -2.6481703856       -1.8162516102       -6.0421892447
        0.5628059916        0.7416562863       -0.3241802559
       -0.5452334424       -1.5948006759        0.0795804224
       -0.2595321957        0.0522753291        0.0409088686
        0.0000000000        0.0000000000        0.0000000000
        0.0000000000        0.0000000000        0.0000000000
        0.0000000000        0.0000000000        0.0000000000
        0.0000000000        0.0000000000        0.0000000000
        0.0000000000        0.0000000000        0.0000000000
        0.0000000000        0.0000000000        0.0000000000
        0.0000000000        0.0000000000        0.0000000000
        0.0000000000        0.0000000000        0.0000000000
        0.0000000000        0.0000000000        0.0000000000
        0.0000000000        0.0000000000        0.0000000000
        0.0000000000        0.0000000000        0.0000000000
        0.0000000000        0.0000000000        0.0000000000
        0.0000000000        0.0000000000        0.0000000000
        0.0000000000        0.0000000000        0.0000000000
        0.0000000000        0.0000000000        0.0000000000
        0.0000000000        0.0000000000        0.0000000000
        0.0000000000        0.0000000000        0.0000000000
        0.0000000000        0.0000000000        0.0000000000
        0.0000000000        0.0000000000        0.0000000000
        0.0000000000        0.0000000000        0.0000000000
        0.0000000000        0.0000000000        0.0000000000
        0.0000000000        0.0000000000        0.0000000000
        0.0000000000        0.0000000000        0.0000000000
        0.0000000000        0.0000000000        0.0000000000
        0.0000000000        0.0000000000        0.0000000000
        0.0000000000        0.0000000000        0.0000000000
        0.0000000000        0.0000000000        0.0000000000
        0.0000000000        0.0000000000        0.0000000000
        0.0000000000        0.0000000000        0.0000000000
        0.0000000000        0.0000000000        0.0000000000
        0.0000000000        0.0000000000        0.0000000000
        0.0000000000        0.0000000000        0.0000000000
        0.0000000000        0.0000000000        0.0000000000
        0.0000000000        0.0000000000        0.0000000000
        0.0000000000        0.0000000000        0.0000000000
        0.0000000000        0.0000000000        0.0000000000
        0.0000000000        0.0000000000        0.0000000000
        0.0000000000        0.0000000000        0.0000000000
        0.0000000000        0.0000000000        0.0000000000
        0.0000000000        0.0000000000        0.0000000000
        0.0000000000        0.0000000000        0.0000000000
        0.0000000000        0.0000000000        0.0000000000
        0.0000000000        0.0000000000        0.0000000000
        0.0000000000        0.0000000000        0.0000000000
        0.0000000000        0.0000000000        0.0000000000
        0.0000000000        0.0000000000        0.0000000000
        0.0000000000        0.0000000000        0.0000000000
        0.0000000000        0.0000000000        0.0000000000
        0.0000000000        0.0000000000        0.0000000000
        0.0000000000        0.0000000000        0.0000000000
        0.0000000000        0.0000000000        0.0000000000
        0.0000000000        0.0000000000        0.0000000000
        0.0000000000        0.0000000000        0.0000000000
        0.0000000000        0.0000000000        0.0000000000
        0.0000000000        0.0000000000        0.0000000000
        0.0000000000        0.0000000000        0.0000000000
        0.0000000000        0.0000000000        0.0000000000
        0.0000000000        0.0000000000        0.0000000000
        0.0000000000        0.0000000000        0.0000000000
        0.0000000000        0.0000000000        0.0000000000

 CCSD contribution to dipole derivatives 

        0.0000000000        0.0000000000        0.0000000000
        0.0000000000        0.0000000000        0.0000000000
        0.0000000000       -0.0079183074        0.0000000000
        0.0000000000        0.0000000000        0.0000000000
        0.0000000000        0.0000000000        0.0000000000
        0.0000000000        0.0000000000        0.0000000000
        0.0000000000        0.0000000000        0.0000000000
        0.0000000000        0.0000000000        0.0000000000
        0.0000000000       -0.0097969118        0.0000000000
        0.0000000000        0.0000000000        0.0000000000
        0.0000000000        0.0000000000        0.0000000000
        0.0000000000        0.0000000000        0.0000000000
        0.0000000000        0.0000000000        0.0000000000
        0.0000000000        0.0000000000        0.0000000000
        0.0000000000       -0.0015077353        0.0000000000
        0.0000000000        0.0000000000        0.0000000000
        0.0000000000        0.0000000000        0.0000000000
        0.0000000000        0.0000000000        0.0000000000
 @CHECKOUT-I, Total execution time (CPU/WALL):     3971.44/    1193.50 seconds.
--executable xsdcc finished with status     0 in     1193.60 seconds (walltime).
 --invoking executable--
/home/asmola/.local/bin/xanti
 @GETMEM-I,  Allocated   38146 MB of main memory.
 CCSD MO derivative gammas will be sorted to Mulliken order.
 @CHECKOUT-I, Total execution time (CPU/WALL):       36.67/     118.03 seconds.
--executable xanti finished with status     0 in      118.09 seconds (walltime).
 --invoking executable--
/home/asmola/.local/bin/xbcktrn
 @GETMEM-I,  Allocated   38146 MB of main memory.
 CCSD MO derivative gammas will be transformed to the AO basis.
 @CHECKOUT-I, Total execution time (CPU/WALL):      113.62/      18.86 seconds.
--executable xbcktrn finished with status     0 in       18.91 seconds (walltime).
 --invoking executable--
/home/asmola/.local/bin/xvdint
 @GETMEM-I,  Allocated   38146 MB of main memory.
 One- and two-electron integral derivatives are calculated
 for RHF-CC/MBPT hessians and dipole derivatives.
 Spherical gaussians are used.
  magnet F F
 Evaluation of 2el integral derivatives

                      Two-electron integral gradient
                      ------------------------------

 C #1       0.0304200347            0.0255951849           -0.0324510449
 O #2       0.0307418390           -0.3961296318            0.1407765741
 H #3      -0.0506191993            0.3755015509           -0.1158545934
 H #4      -0.0197318184           -0.0032286030            0.0056656145
 H #5       0.0122375572           -0.0055868477            0.0079677683
 H #6      -0.0030484132            0.0038483467           -0.0061043186


 Evaluation of 2e integral derivatives required  711.39 seconds.
  contribution to Hessian
        0.0304200347        0.0255951849       -0.0324510449
        0.0307418390       -0.3961296318        0.1407765741
       -0.0506191993        0.3755015509       -0.1158545934
       -0.0197318184       -0.0032286030        0.0056656145
        0.0122375572       -0.0055868477        0.0079677683
       -0.0030484132        0.0038483467       -0.0061043186
 @CHECKOUT-I, Total execution time (CPU/WALL):      711.38/     105.77 seconds.
--executable xvdint finished with status     0 in      105.80 seconds (walltime).
 --invoking executable--
/home/asmola/.local/bin/xsdcc
 @GETMEM-I,  Allocated   38146 MB of main memory.
 Vibrational frequencies and infrared intensities are calculated
 at the CCSD level within the harmonic approximation.
 CPHF coefficients for occ-occ block: U^x(i,j) = -1/2 S^x(i,j)
 CPHF coefficients for vrt-vrt block: U^x(a,b) = -1/2 S^x(a,b)
 Transformation of derivative integrals from AO to MO basis:
 RHF transformation
 Transformation of DIIII integral derivatives.
 1 pass through the AO integral derivative file was needed.
  89937206 AO integral derivatives were read from file DIIII.
 Transformation of first index required  292.4 seconds.
 Transformation of remaining indices required  311.0 seconds.
1715296743 MO integral derivatives were written to file DERINT.
        MO basis integral derivatives are being calculated
             (Symmetry block 1, perturbation   9)
 First derivative of the wavefunction is calculated (Symmetry block 1, perturbation   9)
 Resorts of perturbed amplitudes and integrals required   1.2 seconds.
 Construction of <Phi|(dH_N/dx exp(T))c|0> required  26.4 seconds.
 Starting iterative solution of the perturbed CC equations.
 The DIIS procedure is used to accelerate convergence.
 Convergence criterion is 10**(-7).
 Maximum number of iterations is 100.
 Convergence information after     1 iterations: 
 Largest element of residual vector : -0.32444173E-01.
 Largest element of DIIS residual   : -0.32444173E-01.
 Convergence information after     2 iterations: 
 Largest element of residual vector :  0.47831907E-02.
 Largest element of DIIS residual   :  0.38943611E-02.
 Convergence information after     3 iterations: 
 Largest element of residual vector : -0.29721183E-02.
 Largest element of DIIS residual   :  0.18535263E-02.
 Convergence information after     4 iterations: 
 Largest element of residual vector : -0.82831775E-03.
 Largest element of DIIS residual   :  0.79362403E-03.
 Convergence information after     5 iterations: 
 Largest element of residual vector :  0.39976373E-03.
 Largest element of DIIS residual   :  0.33764705E-03.
 Convergence information after     6 iterations: 
 Largest element of residual vector :  0.24540645E-03.
 Largest element of DIIS residual   :  0.19953688E-03.
 Convergence information after     7 iterations: 
 Largest element of residual vector :  0.12908162E-03.
 Largest element of DIIS residual   :  0.67416912E-04.
 Convergence information after     8 iterations: 
 Largest element of residual vector :  0.37445363E-04.
 Largest element of DIIS residual   : -0.19150346E-04.
 Convergence information after     9 iterations: 
 Largest element of residual vector : -0.14527891E-04.
 Largest element of DIIS residual   : -0.80479656E-05.
 Convergence information after    10 iterations: 
 Largest element of residual vector : -0.40772435E-05.
 Largest element of DIIS residual   : -0.35132099E-05.
 Convergence information after    11 iterations: 
 Largest element of residual vector : -0.19163558E-05.
 Largest element of DIIS residual   : -0.10521078E-05.
 Convergence information after    12 iterations: 
 Largest element of residual vector : -0.71120582E-06.
 Largest element of DIIS residual   : -0.56433726E-06.
 Convergence information after    13 iterations: 
 Largest element of residual vector : -0.35120337E-06.
 Largest element of DIIS residual   : -0.23942139E-06.
 Convergence information after    14 iterations: 
 Largest element of residual vector : -0.15798116E-06.
 Largest element of DIIS residual   : -0.94355553E-07.
 Perturbed amplitude equations converged in    14 iterations.
  Dominant contributions to perturbed wavefunction:
    6    6  168   39   0.0347922154 ABAB
    6    6   39  168   0.0347922154 ABAB
    6    6  111   39   0.0344893162 ABAB
    6    6   39  111   0.0344893162 ABAB
    6    6  168   44   0.0304861337 ABAB
    6    6   44  168   0.0304861337 ABAB
    6    6  184   39  -0.0300226216 ABAB
    6    6   39  184  -0.0300226216 ABAB
    6    6  111   44   0.0288644356 ABAB
    6    6   44  111   0.0288644356 ABAB
    6    6  184   44  -0.0275190160 ABAB
    6    6   44  184  -0.0275190160 ABAB
    6    6  168   24  -0.0250180299 ABAB
    6    6   24  168  -0.0250180299 ABAB
    7    6  111   39  -0.0246268785 ABAB
    6    7   39  111  -0.0246268785 ABAB
    7    7   77   77  -0.0244204179 ABAB
    7    0   77    0  -0.0244166800 AA  
    6    6   77   39  -0.0243951891 ABAB
    6    6   39   77  -0.0243951891 ABAB
  Total CCSD gradient is   -0.015401965944675.
  norm of converged amps    1.29218407645048     
 Starting iterative solution of the perturbed Lambda equations.
 The DIIS procedure is used to accelerate convergence.
 Convergence criterion is 10**(-7).
 Maximum number of iterations is 100.
 Convergence information after     1 iterations: 
 Largest element of residual vector : -0.26891119E-01.
 Largest element of DIIS residual   : -0.26891119E-01.
 Convergence information after     2 iterations: 
 Largest element of residual vector :  0.41556432E-02.
 Largest element of DIIS residual   : -0.32498027E-02.
 Convergence information after     3 iterations: 
 Largest element of residual vector : -0.25218255E-02.
 Largest element of DIIS residual   :  0.16348651E-02.
 Convergence information after     4 iterations: 
 Largest element of residual vector : -0.70146854E-03.
 Largest element of DIIS residual   :  0.69636044E-03.
 Convergence information after     5 iterations: 
 Largest element of residual vector :  0.35333955E-03.
 Largest element of DIIS residual   :  0.30594203E-03.
 Convergence information after     6 iterations: 
 Largest element of residual vector :  0.22353634E-03.
 Largest element of DIIS residual   :  0.18229107E-03.
 Convergence information after     7 iterations: 
 Largest element of residual vector :  0.11695915E-03.
 Largest element of DIIS residual   :  0.59169306E-04.
 Convergence information after     8 iterations: 
 Largest element of residual vector :  0.32965391E-04.
 Largest element of DIIS residual   : -0.16764849E-04.
 Convergence information after     9 iterations: 
 Largest element of residual vector : -0.12362216E-04.
 Largest element of DIIS residual   : -0.68185713E-05.
 Convergence information after    10 iterations: 
 Largest element of residual vector : -0.36213254E-05.
 Largest element of DIIS residual   : -0.30909723E-05.
 Convergence information after    11 iterations: 
 Largest element of residual vector : -0.17787369E-05.
 Largest element of DIIS residual   : -0.97351343E-06.
 Convergence information after    12 iterations: 
 Largest element of residual vector : -0.65691756E-06.
 Largest element of DIIS residual   : -0.49100997E-06.
 Convergence information after    13 iterations: 
 Largest element of residual vector : -0.30625346E-06.
 Largest element of DIIS residual   : -0.23027602E-06.
 Convergence information after    14 iterations: 
 Largest element of residual vector : -0.14132241E-06.
 Largest element of DIIS residual   : -0.87337895E-07.
 Perturbed Lambda equations converged in    14 iterations.
  Dominant contributions to perturbed wavefunction:
    6    6  168   39   0.0339240754 ABAB
    6    6   39  168   0.0339240754 ABAB
    6    6  111   39   0.0336468540 ABAB
    6    6   39  111   0.0336468540 ABAB
    6    6  168   44   0.0295526724 ABAB
    6    6   44  168   0.0295526724 ABAB
    6    6  184   39  -0.0293098645 ABAB
    6    6   39  184  -0.0293098645 ABAB
    6    6  111   44   0.0279548853 ABAB
    6    6   44  111   0.0279548853 ABAB
    6    6  184   44  -0.0266965697 ABAB
    6    6   44  184  -0.0266965697 ABAB
    6    6  168   24  -0.0242505515 ABAB
    6    6   24  168  -0.0242505515 ABAB
    7    6  111   39  -0.0240545324 ABAB
    6    7   39  111  -0.0240545324 ABAB
    7    7   77   77  -0.0239066329 ABAB
    6    6   77   39  -0.0237248266 ABAB
    6    6   39   77  -0.0237248266 ABAB
    6    6  111   43   0.0235980948 ABAB
  Total CCSD gradient is   -0.013345086827909.
        The DBOC first-order density matrix is being calculated 
             (Symmetry block 1, perturbation   9)
 term   1.99187214119120     
 final tnorm1  8.299570257921805E-003
  <0|L dT/dx|0>  8.299570257921805E-003
  norm contr. I: |<0|L dT/dx|0>|^2   6.888286646618021E-005
  norm contr. II: <0|[nabla(1+L)e-T][nabla e^T]|0>   1.99187214119120     
  total norm contribution   1.99194102405766     
 oo  8.222432409071251E-003
 vv  -237.602893510753     
 vo  0.119219192820365     
  Correlated perturbed 1-el contribution to DBOC  -237.475451885523       cm**-1
  SUM_I |dc_I/dx|^2 contribution to DBOC   119.047978552417       cm**-1
 
  current total DBOC   5308.45830936120       cm**-1
 First-order density matrix is being calculated  (Symmetry block 1, perturbation   9)
 Calculation of the contributions of <pq||rs> to dI(i,j)/dx required   5.4 seconds.
 Calculation of the contributions of <pq||rs> to dI(a,b)/dx required  36.9 seconds.
 Calculation of the contributions of <pq||rs> to dI(i,a)/dx required  13.9 seconds.
 First-order Z-vector equations are solved for 1 perturbation.
 Convergence reached after  27 iterations.
        U*G(pq,rs) contribution is being calculated
             (Symmetry block 1, perturbation   9)

 CCSD contribution to force constants 

        0.0000000000        0.0000000000        0.0000000000
        0.0000000000        0.0000000000        0.0000000000
        0.0000000000        0.0000000000        0.0000000000
        0.0000000000        0.0000000000        0.0000000000
        0.0000000000        0.0000000000        0.0000000000
        0.0000000000        0.0000000000        0.0000000000
        0.0000000000        0.0000000000        0.0000000000
        0.0000000000        0.0000000000        0.0000000000
        0.0000000000        0.0000000000        0.0000000000
        0.0000000000        0.0000000000        0.0000000000
        0.0000000000        0.0000000000        0.0000000000
        0.0000000000        0.0000000000        0.0000000000
        0.0000000000        0.0000000000        0.0000000000
        0.0000000000        0.0000000000        0.0000000000
        0.0000000000        0.0000000000        0.0000000000
        0.0000000000        0.0000000000        0.0000000000
        0.0000000000        0.0000000000        0.0000000000
        0.0000000000        0.0000000000        0.0000000000
        0.0000000000        0.0000000000        0.0000000000
        0.0000000000        0.0000000000        0.0000000000
        0.0000000000        0.0000000000        0.0000000000
        0.0000000000        0.0000000000        0.0000000000
        0.0000000000        0.0000000000        0.0000000000
        0.0000000000        0.0000000000        0.0000000000
        0.0000000000        0.0000000000        0.0000000000
        0.0000000000        0.0000000000        0.0000000000
        0.0000000000        0.0000000000        0.0000000000
        0.0000000000        0.0000000000        0.0000000000
        0.0000000000        0.0000000000        0.0000000000
        0.0000000000        0.0000000000        0.0000000000
        0.0000000000        0.0000000000        0.0000000000
        0.0000000000        0.0000000000        0.0000000000
        0.0000000000        0.0000000000        0.0000000000
        0.0000000000        0.0000000000        0.0000000000
        0.0000000000        0.0000000000        0.0000000000
        0.0000000000        0.0000000000        0.0000000000
        0.0000000000        0.0000000000        0.0000000000
        0.0000000000        0.0000000000        0.0000000000
        0.0000000000        0.0000000000        0.0000000000
        0.0000000000        0.0000000000        0.0000000000
        0.0000000000        0.0000000000        0.0000000000
        0.0000000000        0.0000000000        0.0000000000
        0.0000000000        0.0000000000        0.0000000000
        0.0000000000        0.0000000000        0.0000000000
        0.0000000000        0.0000000000        0.0000000000
        0.0000000000        0.0000000000        0.0000000000
        0.0000000000        0.0000000000        0.0000000000
        0.0000000000        0.0000000000        0.0000000000
       -0.6434255644        0.0410120546        2.0564679721
       -4.4063279582        6.3576808866       -5.0775426011
        4.5790319340       -6.0905313539        3.3357200567
        0.1547824761       -0.0496510705        1.0363035952
        0.4033611667       -0.0129958473       -1.9489898942
       -0.0874220543       -0.2455146695        0.5980408713
        0.0000000000        0.0000000000        0.0000000000
        0.0000000000        0.0000000000        0.0000000000
        0.0000000000        0.0000000000        0.0000000000
        0.0000000000        0.0000000000        0.0000000000
        0.0000000000        0.0000000000        0.0000000000
        0.0000000000        0.0000000000        0.0000000000
        0.0000000000        0.0000000000        0.0000000000
        0.0000000000        0.0000000000        0.0000000000
        0.0000000000        0.0000000000        0.0000000000
        0.0000000000        0.0000000000        0.0000000000
        0.0000000000        0.0000000000        0.0000000000
        0.0000000000        0.0000000000        0.0000000000
        0.0000000000        0.0000000000        0.0000000000
        0.0000000000        0.0000000000        0.0000000000
        0.0000000000        0.0000000000        0.0000000000
        0.0000000000        0.0000000000        0.0000000000
        0.0000000000        0.0000000000        0.0000000000
        0.0000000000        0.0000000000        0.0000000000
        0.0000000000        0.0000000000        0.0000000000
        0.0000000000        0.0000000000        0.0000000000
        0.0000000000        0.0000000000        0.0000000000
        0.0000000000        0.0000000000        0.0000000000
        0.0000000000        0.0000000000        0.0000000000
        0.0000000000        0.0000000000        0.0000000000
        0.0000000000        0.0000000000        0.0000000000
        0.0000000000        0.0000000000        0.0000000000
        0.0000000000        0.0000000000        0.0000000000
        0.0000000000        0.0000000000        0.0000000000
        0.0000000000        0.0000000000        0.0000000000
        0.0000000000        0.0000000000        0.0000000000
        0.0000000000        0.0000000000        0.0000000000
        0.0000000000        0.0000000000        0.0000000000
        0.0000000000        0.0000000000        0.0000000000
        0.0000000000        0.0000000000        0.0000000000
        0.0000000000        0.0000000000        0.0000000000
        0.0000000000        0.0000000000        0.0000000000
        0.0000000000        0.0000000000        0.0000000000
        0.0000000000        0.0000000000        0.0000000000
        0.0000000000        0.0000000000        0.0000000000
        0.0000000000        0.0000000000        0.0000000000
        0.0000000000        0.0000000000        0.0000000000
        0.0000000000        0.0000000000        0.0000000000
        0.0000000000        0.0000000000        0.0000000000
        0.0000000000        0.0000000000        0.0000000000
        0.0000000000        0.0000000000        0.0000000000
        0.0000000000        0.0000000000        0.0000000000
        0.0000000000        0.0000000000        0.0000000000
        0.0000000000        0.0000000000        0.0000000000
        0.0000000000        0.0000000000        0.0000000000
        0.0000000000        0.0000000000        0.0000000000
        0.0000000000        0.0000000000        0.0000000000
        0.0000000000        0.0000000000        0.0000000000
        0.0000000000        0.0000000000        0.0000000000
        0.0000000000        0.0000000000        0.0000000000

 CCSD contribution to dipole derivatives 

        0.0000000000        0.0000000000        0.0000000000
        0.0000000000        0.0000000000        0.0000000000
        0.0000000000        0.0000000000        0.0216218861
        0.0000000000        0.0000000000        0.0000000000
        0.0000000000        0.0000000000        0.0000000000
        0.0000000000        0.0000000000        0.0000000000
        0.0000000000        0.0000000000        0.0000000000
        0.0000000000        0.0000000000        0.0000000000
        0.0000000000        0.0000000000       -0.0051684283
        0.0000000000        0.0000000000        0.0000000000
        0.0000000000        0.0000000000        0.0000000000
        0.0000000000        0.0000000000        0.0000000000
        0.0000000000        0.0000000000        0.0000000000
        0.0000000000        0.0000000000        0.0000000000
        0.0000000000        0.0000000000       -0.0074364301
        0.0000000000        0.0000000000        0.0000000000
        0.0000000000        0.0000000000        0.0000000000
        0.0000000000        0.0000000000        0.0000000000
 @CHECKOUT-I, Total execution time (CPU/WALL):     3866.49/    1178.35 seconds.
--executable xsdcc finished with status     0 in     1178.46 seconds (walltime).
 --invoking executable--
/home/asmola/.local/bin/xanti
 @GETMEM-I,  Allocated   38146 MB of main memory.
 CCSD MO derivative gammas will be sorted to Mulliken order.
 @CHECKOUT-I, Total execution time (CPU/WALL):       36.42/     111.49 seconds.
--executable xanti finished with status     0 in      111.57 seconds (walltime).
 --invoking executable--
/home/asmola/.local/bin/xbcktrn
 @GETMEM-I,  Allocated   38146 MB of main memory.
 CCSD MO derivative gammas will be transformed to the AO basis.
 @CHECKOUT-I, Total execution time (CPU/WALL):      102.26/      17.66 seconds.
--executable xbcktrn finished with status     0 in       17.70 seconds (walltime).
 --invoking executable--
/home/asmola/.local/bin/xvdint
 @GETMEM-I,  Allocated   38146 MB of main memory.
 One- and two-electron integral derivatives are calculated
 for RHF-CC/MBPT hessians and dipole derivatives.
 Spherical gaussians are used.
  magnet F F
 Evaluation of 2el integral derivatives

                      Two-electron integral gradient
                      ------------------------------

 C #1      -0.0573887565           -0.0318696994            0.0385204411
 O #2      -0.0431309277            0.1489665855           -0.5456981111
 H #3       0.0807345668           -0.1191778194            0.5058031271
 H #4       0.0126613995           -0.0097931275            0.0139359841
 H #5      -0.0028677419            0.0146739467           -0.0073216769
 H #6       0.0099914598           -0.0027998859           -0.0052397644


 Evaluation of 2e integral derivatives required  678.69 seconds.
  contribution to Hessian
       -0.0573887565       -0.0318696994        0.0385204411
       -0.0431309277        0.1489665855       -0.5456981111
        0.0807345668       -0.1191778194        0.5058031271
        0.0126613995       -0.0097931275        0.0139359841
       -0.0028677419        0.0146739467       -0.0073216769
        0.0099914598       -0.0027998859       -0.0052397644
 @CHECKOUT-I, Total execution time (CPU/WALL):      678.68/     103.31 seconds.
--executable xvdint finished with status     0 in      103.35 seconds (walltime).
 --invoking executable--
/home/asmola/.local/bin/xsdcc
 @GETMEM-I,  Allocated   38146 MB of main memory.
 Vibrational frequencies and infrared intensities are calculated
 at the CCSD level within the harmonic approximation.
 CPHF coefficients for occ-occ block: U^x(i,j) = -1/2 S^x(i,j)
 CPHF coefficients for vrt-vrt block: U^x(a,b) = -1/2 S^x(a,b)
 Transformation of derivative integrals from AO to MO basis:
 RHF transformation
 Transformation of DIIII integral derivatives.
 1 pass through the AO integral derivative file was needed.
  89957051 AO integral derivatives were read from file DIIII.
 Transformation of first index required  289.6 seconds.
 Transformation of remaining indices required  330.2 seconds.
1715296743 MO integral derivatives were written to file DERINT.
        MO basis integral derivatives are being calculated
             (Symmetry block 1, perturbation  10)
 First derivative of the wavefunction is calculated (Symmetry block 1, perturbation  10)
 Resorts of perturbed amplitudes and integrals required   0.6 seconds.
 Construction of <Phi|(dH_N/dx exp(T))c|0> required  28.2 seconds.
 Starting iterative solution of the perturbed CC equations.
 The DIIS procedure is used to accelerate convergence.
 Convergence criterion is 10**(-7).
 Maximum number of iterations is 100.
 Convergence information after     1 iterations: 
 Largest element of residual vector : -0.64264489E-01.
 Largest element of DIIS residual   : -0.64264489E-01.
 Convergence information after     2 iterations: 
 Largest element of residual vector : -0.47749975E-02.
 Largest element of DIIS residual   : -0.47853931E-02.
 Convergence information after     3 iterations: 
 Largest element of residual vector : -0.54487706E-02.
 Largest element of DIIS residual   :  0.36029161E-02.
 Convergence information after     4 iterations: 
 Largest element of residual vector : -0.14316601E-02.
 Largest element of DIIS residual   : -0.78180269E-03.
 Convergence information after     5 iterations: 
 Largest element of residual vector : -0.48285061E-03.
 Largest element of DIIS residual   : -0.34322375E-03.
 Convergence information after     6 iterations: 
 Largest element of residual vector :  0.17522928E-03.
 Largest element of DIIS residual   :  0.13935697E-03.
 Convergence information after     7 iterations: 
 Largest element of residual vector : -0.10024943E-03.
 Largest element of DIIS residual   : -0.61514164E-04.
 Convergence information after     8 iterations: 
 Largest element of residual vector : -0.42863616E-04.
 Largest element of DIIS residual   : -0.24607300E-04.
 Convergence information after     9 iterations: 
 Largest element of residual vector : -0.17028125E-04.
 Largest element of DIIS residual   : -0.84454296E-05.
 Convergence information after    10 iterations: 
 Largest element of residual vector : -0.54838655E-05.
 Largest element of DIIS residual   : -0.29991055E-05.
 Convergence information after    11 iterations: 
 Largest element of residual vector : -0.20099184E-05.
 Largest element of DIIS residual   : -0.20354312E-05.
 Convergence information after    12 iterations: 
 Largest element of residual vector :  0.89904535E-06.
 Largest element of DIIS residual   :  0.79842872E-06.
 Convergence information after    13 iterations: 
 Largest element of residual vector : -0.49627580E-06.
 Largest element of DIIS residual   : -0.42936079E-06.
 Convergence information after    14 iterations: 
 Largest element of residual vector :  0.20544036E-06.
 Largest element of DIIS residual   :  0.11767382E-06.
 Convergence information after    15 iterations: 
 Largest element of residual vector : -0.84092274E-07.
 Largest element of DIIS residual   :  0.48885505E-07.
 Perturbed amplitude equations converged in    15 iterations.
  Dominant contributions to perturbed wavefunction:
    4    4  102   41  -0.0868851918 ABAB
    4    4   41  102  -0.0868851918 ABAB
    9    9  102   41  -0.0700673161 ABAB
    9    9   41  102  -0.0700673161 ABAB
    7    7  102   41  -0.0684025927 ABAB
    7    7   41  102  -0.0684025927 ABAB
    4    4  102   23  -0.0648770053 ABAB
    4    4   23  102  -0.0648770053 ABAB
    4    4  120   41   0.0574990529 ABAB
    4    4   41  120   0.0574990529 ABAB
    4    4  118   41  -0.0574821689 ABAB
    4    4   41  118  -0.0574821689 ABAB
    6    6   43   43  -0.0569875820 ABAB
    7    0  102    0   0.0563779530 AA  
    9    9  102   23  -0.0547407976 ABAB
    9    9   23  102  -0.0547407976 ABAB
    4    4  149   41  -0.0543157317 ABAB
    4    4   41  149  -0.0543157317 ABAB
    4    4  167   41  -0.0538012569 ABAB
    4    4   41  167  -0.0538012569 ABAB
  Total CCSD gradient is    0.000904475283681.
  norm of converged amps    2.93519390043301     
 Starting iterative solution of the perturbed Lambda equations.
 The DIIS procedure is used to accelerate convergence.
 Convergence criterion is 10**(-7).
 Maximum number of iterations is 100.
 Convergence information after     1 iterations: 
 Largest element of residual vector : -0.53331113E-01.
 Largest element of DIIS residual   : -0.53331113E-01.
 Convergence information after     2 iterations: 
 Largest element of residual vector : -0.43158470E-02.
 Largest element of DIIS residual   : -0.38779037E-02.
 Convergence information after     3 iterations: 
 Largest element of residual vector : -0.44510268E-02.
 Largest element of DIIS residual   :  0.31859176E-02.
 Convergence information after     4 iterations: 
 Largest element of residual vector : -0.11458954E-02.
 Largest element of DIIS residual   : -0.69561722E-03.
 Convergence information after     5 iterations: 
 Largest element of residual vector : -0.39911885E-03.
 Largest element of DIIS residual   : -0.30615447E-03.
 Convergence information after     6 iterations: 
 Largest element of residual vector :  0.14359437E-03.
 Largest element of DIIS residual   : -0.12269390E-03.
 Convergence information after     7 iterations: 
 Largest element of residual vector : -0.89414673E-04.
 Largest element of DIIS residual   : -0.54807661E-04.
 Convergence information after     8 iterations: 
 Largest element of residual vector : -0.38101405E-04.
 Largest element of DIIS residual   : -0.22072631E-04.
 Convergence information after     9 iterations: 
 Largest element of residual vector : -0.15302331E-04.
 Largest element of DIIS residual   : -0.74094006E-05.
 Convergence information after    10 iterations: 
 Largest element of residual vector : -0.47494125E-05.
 Largest element of DIIS residual   :  0.25615503E-05.
 Convergence information after    11 iterations: 
 Largest element of residual vector : -0.16683046E-05.
 Largest element of DIIS residual   : -0.17030642E-05.
 Convergence information after    12 iterations: 
 Largest element of residual vector :  0.73391038E-06.
 Largest element of DIIS residual   :  0.64961139E-06.
 Convergence information after    13 iterations: 
 Largest element of residual vector : -0.40693389E-06.
 Largest element of DIIS residual   : -0.35747814E-06.
 Convergence information after    14 iterations: 
 Largest element of residual vector :  0.17009402E-06.
 Largest element of DIIS residual   :  0.97815642E-07.
 Perturbed Lambda equations converged in    14 iterations.
  Dominant contributions to perturbed wavefunction:
    4    4  102   41  -0.0848374255 ABAB
    4    4   41  102  -0.0848374255 ABAB
    9    9  102   41  -0.0669749975 ABAB
    9    9   41  102  -0.0669749975 ABAB
    7    7  102   41  -0.0654732359 ABAB
    7    7   41  102  -0.0654732359 ABAB
    4    4  102   23  -0.0635645316 ABAB
    4    4   23  102  -0.0635645316 ABAB
    4    4  118   41  -0.0561561576 ABAB
    4    4   41  118  -0.0561561576 ABAB
    4    4  120   41   0.0561518386 ABAB
    4    4   41  120   0.0561518386 ABAB
    6    6   43   43  -0.0547069442 ABAB
    4    4  149   41  -0.0530332752 ABAB
    4    4   41  149  -0.0530332752 ABAB
    9    9  102   23  -0.0525155910 ABAB
    9    9   23  102  -0.0525155910 ABAB
    4    4  167   41  -0.0524951183 ABAB
    4    4   41  167  -0.0524951183 ABAB
    6    6  102   41  -0.0511733325 ABAB
  Total CCSD gradient is    0.000369172320271.
        The DBOC first-order density matrix is being calculated 
             (Symmetry block 1, perturbation  10)
 term   10.2885440144498     
 final tnorm1 -2.400584338326121E-003
  <0|L dT/dx|0> -2.400584338326121E-003
  norm contr. I: |<0|L dT/dx|0>|^2   5.762805165416660E-006
  norm contr. II: <0|[nabla(1+L)e-T][nabla e^T]|0>   10.2885440144498     
  total norm contribution   10.2885497772550     
 oo  7.241908867996830E-003
 vv  -1229.32421243261     
 vo -2.136686769617164E-003
  Correlated perturbed 1-el contribution to DBOC  -1229.31910721051       cm**-1
  SUM_I |dc_I/dx|^2 contribution to DBOC   614.893231488901       cm**-1
 
  current total DBOC   4694.03243363959       cm**-1
 First-order density matrix is being calculated  (Symmetry block 1, perturbation  10)
 Calculation of the contributions of <pq||rs> to dI(i,j)/dx required   5.4 seconds.
 Calculation of the contributions of <pq||rs> to dI(a,b)/dx required  37.2 seconds.
 Calculation of the contributions of <pq||rs> to dI(i,a)/dx required  14.1 seconds.
 First-order Z-vector equations are solved for 1 perturbation.
 Convergence reached after  26 iterations.
        U*G(pq,rs) contribution is being calculated
             (Symmetry block 1, perturbation  10)

 CCSD contribution to force constants 

        0.0000000000        0.0000000000        0.0000000000
        0.0000000000        0.0000000000        0.0000000000
        0.0000000000        0.0000000000        0.0000000000
        0.0000000000        0.0000000000        0.0000000000
        0.0000000000        0.0000000000        0.0000000000
        0.0000000000        0.0000000000        0.0000000000
        0.0000000000        0.0000000000        0.0000000000
        0.0000000000        0.0000000000        0.0000000000
        0.0000000000        0.0000000000        0.0000000000
        0.0000000000        0.0000000000        0.0000000000
        0.0000000000        0.0000000000        0.0000000000
        0.0000000000        0.0000000000        0.0000000000
        0.0000000000        0.0000000000        0.0000000000
        0.0000000000        0.0000000000        0.0000000000
        0.0000000000        0.0000000000        0.0000000000
        0.0000000000        0.0000000000        0.0000000000
        0.0000000000        0.0000000000        0.0000000000
        0.0000000000        0.0000000000        0.0000000000
        0.0000000000        0.0000000000        0.0000000000
        0.0000000000        0.0000000000        0.0000000000
        0.0000000000        0.0000000000        0.0000000000
        0.0000000000        0.0000000000        0.0000000000
        0.0000000000        0.0000000000        0.0000000000
        0.0000000000        0.0000000000        0.0000000000
        0.0000000000        0.0000000000        0.0000000000
        0.0000000000        0.0000000000        0.0000000000
        0.0000000000        0.0000000000        0.0000000000
        0.0000000000        0.0000000000        0.0000000000
        0.0000000000        0.0000000000        0.0000000000
        0.0000000000        0.0000000000        0.0000000000
        0.0000000000        0.0000000000        0.0000000000
        0.0000000000        0.0000000000        0.0000000000
        0.0000000000        0.0000000000        0.0000000000
        0.0000000000        0.0000000000        0.0000000000
        0.0000000000        0.0000000000        0.0000000000
        0.0000000000        0.0000000000        0.0000000000
        0.0000000000        0.0000000000        0.0000000000
        0.0000000000        0.0000000000        0.0000000000
        0.0000000000        0.0000000000        0.0000000000
        0.0000000000        0.0000000000        0.0000000000
        0.0000000000        0.0000000000        0.0000000000
        0.0000000000        0.0000000000        0.0000000000
        0.0000000000        0.0000000000        0.0000000000
        0.0000000000        0.0000000000        0.0000000000
        0.0000000000        0.0000000000        0.0000000000
        0.0000000000        0.0000000000        0.0000000000
        0.0000000000        0.0000000000        0.0000000000
        0.0000000000        0.0000000000        0.0000000000
        0.0000000000        0.0000000000        0.0000000000
        0.0000000000        0.0000000000        0.0000000000
        0.0000000000        0.0000000000        0.0000000000
        0.0000000000        0.0000000000        0.0000000000
        0.0000000000        0.0000000000        0.0000000000
        0.0000000000        0.0000000000        0.0000000000
      -10.9565274649        4.6063998560        3.8701349954
        1.6440510947       -2.1532180791        1.5610411453
       -1.0686077328        2.6467764647       -2.0806190098
       31.0024936133       -8.8538666371        2.9299671951
      -19.6750038985        4.0589688042       -6.3522142655
       -0.9464056119       -0.3050604087        0.0716899395
        0.0000000000        0.0000000000        0.0000000000
        0.0000000000        0.0000000000        0.0000000000
        0.0000000000        0.0000000000        0.0000000000
        0.0000000000        0.0000000000        0.0000000000
        0.0000000000        0.0000000000        0.0000000000
        0.0000000000        0.0000000000        0.0000000000
        0.0000000000        0.0000000000        0.0000000000
        0.0000000000        0.0000000000        0.0000000000
        0.0000000000        0.0000000000        0.0000000000
        0.0000000000        0.0000000000        0.0000000000
        0.0000000000        0.0000000000        0.0000000000
        0.0000000000        0.0000000000        0.0000000000
        0.0000000000        0.0000000000        0.0000000000
        0.0000000000        0.0000000000        0.0000000000
        0.0000000000        0.0000000000        0.0000000000
        0.0000000000        0.0000000000        0.0000000000
        0.0000000000        0.0000000000        0.0000000000
        0.0000000000        0.0000000000        0.0000000000
        0.0000000000        0.0000000000        0.0000000000
        0.0000000000        0.0000000000        0.0000000000
        0.0000000000        0.0000000000        0.0000000000
        0.0000000000        0.0000000000        0.0000000000
        0.0000000000        0.0000000000        0.0000000000
        0.0000000000        0.0000000000        0.0000000000
        0.0000000000        0.0000000000        0.0000000000
        0.0000000000        0.0000000000        0.0000000000
        0.0000000000        0.0000000000        0.0000000000
        0.0000000000        0.0000000000        0.0000000000
        0.0000000000        0.0000000000        0.0000000000
        0.0000000000        0.0000000000        0.0000000000
        0.0000000000        0.0000000000        0.0000000000
        0.0000000000        0.0000000000        0.0000000000
        0.0000000000        0.0000000000        0.0000000000
        0.0000000000        0.0000000000        0.0000000000
        0.0000000000        0.0000000000        0.0000000000
        0.0000000000        0.0000000000        0.0000000000
        0.0000000000        0.0000000000        0.0000000000
        0.0000000000        0.0000000000        0.0000000000
        0.0000000000        0.0000000000        0.0000000000
        0.0000000000        0.0000000000        0.0000000000
        0.0000000000        0.0000000000        0.0000000000
        0.0000000000        0.0000000000        0.0000000000
        0.0000000000        0.0000000000        0.0000000000
        0.0000000000        0.0000000000        0.0000000000
        0.0000000000        0.0000000000        0.0000000000
        0.0000000000        0.0000000000        0.0000000000
        0.0000000000        0.0000000000        0.0000000000
        0.0000000000        0.0000000000        0.0000000000

 CCSD contribution to dipole derivatives 

        0.0000000000        0.0000000000        0.0000000000
        0.0000000000        0.0000000000        0.0000000000
        0.0000000000        0.0000000000        0.0000000000
        0.0306633431        0.0000000000        0.0000000000
        0.0000000000        0.0000000000        0.0000000000
        0.0000000000        0.0000000000        0.0000000000
        0.0000000000        0.0000000000        0.0000000000
        0.0000000000        0.0000000000        0.0000000000
        0.0000000000        0.0000000000        0.0000000000
        0.0144056161        0.0000000000        0.0000000000
        0.0000000000        0.0000000000        0.0000000000
        0.0000000000        0.0000000000        0.0000000000
        0.0000000000        0.0000000000        0.0000000000
        0.0000000000        0.0000000000        0.0000000000
        0.0000000000        0.0000000000        0.0000000000
       -0.0076992166        0.0000000000        0.0000000000
        0.0000000000        0.0000000000        0.0000000000
        0.0000000000        0.0000000000        0.0000000000
 @CHECKOUT-I, Total execution time (CPU/WALL):     3835.72/    1209.21 seconds.
--executable xsdcc finished with status     0 in     1209.32 seconds (walltime).
 --invoking executable--
/home/asmola/.local/bin/xanti
 @GETMEM-I,  Allocated   38146 MB of main memory.
 CCSD MO derivative gammas will be sorted to Mulliken order.
 @CHECKOUT-I, Total execution time (CPU/WALL):       36.84/     110.96 seconds.
--executable xanti finished with status     0 in      111.03 seconds (walltime).
 --invoking executable--
/home/asmola/.local/bin/xbcktrn
 @GETMEM-I,  Allocated   38146 MB of main memory.
 CCSD MO derivative gammas will be transformed to the AO basis.
 @CHECKOUT-I, Total execution time (CPU/WALL):      110.83/      16.72 seconds.
--executable xbcktrn finished with status     0 in       16.77 seconds (walltime).
 --invoking executable--
/home/asmola/.local/bin/xvdint
 @GETMEM-I,  Allocated   38146 MB of main memory.
 One- and two-electron integral derivatives are calculated
 for RHF-CC/MBPT hessians and dipole derivatives.
 Spherical gaussians are used.
  magnet F F
 Evaluation of 2el integral derivatives

                      Two-electron integral gradient
                      ------------------------------

 C #1      -0.2456200617            0.0751554330           -0.0190197453
 O #2      -0.0102543303            0.0175950349            0.0088434441
 H #3       0.0095096661           -0.0196166335            0.0124894732
 H #4       0.4445670363           -0.0896737579            0.0285551809
 H #5      -0.1803372946            0.0457410718           -0.0212391228
 H #6      -0.0178650158           -0.0292011482           -0.0096292301


 Evaluation of 2e integral derivatives required  692.56 seconds.
  contribution to Hessian
       -0.2456200617        0.0751554330       -0.0190197453
       -0.0102543303        0.0175950349        0.0088434441
        0.0095096661       -0.0196166335        0.0124894732
        0.4445670363       -0.0896737579        0.0285551809
       -0.1803372946        0.0457410718       -0.0212391228
       -0.0178650158       -0.0292011482       -0.0096292301
 @CHECKOUT-I, Total execution time (CPU/WALL):      692.54/     106.65 seconds.
--executable xvdint finished with status     0 in      106.69 seconds (walltime).
 --invoking executable--
/home/asmola/.local/bin/xsdcc
 @GETMEM-I,  Allocated   38146 MB of main memory.
 Vibrational frequencies and infrared intensities are calculated
 at the CCSD level within the harmonic approximation.
 CPHF coefficients for occ-occ block: U^x(i,j) = -1/2 S^x(i,j)
 CPHF coefficients for vrt-vrt block: U^x(a,b) = -1/2 S^x(a,b)
 Transformation of derivative integrals from AO to MO basis:
 RHF transformation
 Transformation of DIIII integral derivatives.
 1 pass through the AO integral derivative file was needed.
  89925096 AO integral derivatives were read from file DIIII.
 Transformation of first index required  290.6 seconds.
 Transformation of remaining indices required  310.3 seconds.
1715296743 MO integral derivatives were written to file DERINT.
        MO basis integral derivatives are being calculated
             (Symmetry block 1, perturbation  11)
 First derivative of the wavefunction is calculated (Symmetry block 1, perturbation  11)
 Resorts of perturbed amplitudes and integrals required   0.6 seconds.
 Construction of <Phi|(dH_N/dx exp(T))c|0> required  26.6 seconds.
 Starting iterative solution of the perturbed CC equations.
 The DIIS procedure is used to accelerate convergence.
 Convergence criterion is 10**(-7).
 Maximum number of iterations is 100.
 Convergence information after     1 iterations: 
 Largest element of residual vector : -0.37720502E-01.
 Largest element of DIIS residual   : -0.37720502E-01.
 Convergence information after     2 iterations: 
 Largest element of residual vector :  0.34998213E-02.
 Largest element of DIIS residual   :  0.48437397E-02.
 Convergence information after     3 iterations: 
 Largest element of residual vector :  0.22226275E-02.
 Largest element of DIIS residual   :  0.24707917E-02.
 Convergence information after     4 iterations: 
 Largest element of residual vector : -0.76969065E-03.
 Largest element of DIIS residual   : -0.61106305E-03.
 Convergence information after     5 iterations: 
 Largest element of residual vector : -0.54475681E-03.
 Largest element of DIIS residual   : -0.43839437E-03.
 Convergence information after     6 iterations: 
 Largest element of residual vector : -0.31905642E-03.
 Largest element of DIIS residual   : -0.18279558E-03.
 Convergence information after     7 iterations: 
 Largest element of residual vector :  0.14419101E-03.
 Largest element of DIIS residual   :  0.65536328E-04.
 Convergence information after     8 iterations: 
 Largest element of residual vector :  0.45054349E-04.
 Largest element of DIIS residual   :  0.23041806E-04.
 Convergence information after     9 iterations: 
 Largest element of residual vector :  0.15073131E-04.
 Largest element of DIIS residual   :  0.94608665E-05.
 Convergence information after    10 iterations: 
 Largest element of residual vector :  0.69433490E-05.
 Largest element of DIIS residual   :  0.38320295E-05.
 Convergence information after    11 iterations: 
 Largest element of residual vector :  0.24526748E-05.
 Largest element of DIIS residual   : -0.13810378E-05.
 Convergence information after    12 iterations: 
 Largest element of residual vector :  0.90087414E-06.
 Largest element of DIIS residual   : -0.60896041E-06.
 Convergence information after    13 iterations: 
 Largest element of residual vector : -0.32259217E-06.
 Largest element of DIIS residual   : -0.20932542E-06.
 Convergence information after    14 iterations: 
 Largest element of residual vector : -0.14490589E-06.
 Largest element of DIIS residual   : -0.91862566E-07.
 Perturbed amplitude equations converged in    14 iterations.
  Dominant contributions to perturbed wavefunction:
    9    9  102   21   0.0920461507 ABAB
    9    9   21  102   0.0920461507 ABAB
    4    4  102   33  -0.0905109075 ABAB
    4    4   33  102  -0.0905109075 ABAB
    9    5   22  102  -0.0871801613 ABAB
    5    9  102   22  -0.0871801613 ABAB
    9    4   22  102   0.0796021192 ABAB
    4    9  102   22   0.0796021192 ABAB
    5    5  102   21   0.0736476320 ABAB
    5    5   21  102   0.0736476320 ABAB
    9    9  102   35  -0.0735238834 ABAB
    9    9   35  102  -0.0735238834 ABAB
    4    4  102   37  -0.0711531693 ABAB
    4    4   37  102  -0.0711531693 ABAB
    9    9  102   33  -0.0701689462 ABAB
    9    9   33  102  -0.0701689462 ABAB
    9    9  120   21  -0.0694500021 ABAB
    9    9   21  120  -0.0694500021 ABAB
    4    4  102   21   0.0688834232 ABAB
    4    4   21  102   0.0688834232 ABAB
  Total CCSD gradient is   -0.006200517579574.
  norm of converged amps    2.88780352536872     
 Starting iterative solution of the perturbed Lambda equations.
 The DIIS procedure is used to accelerate convergence.
 Convergence criterion is 10**(-7).
 Maximum number of iterations is 100.
 Convergence information after     1 iterations: 
 Largest element of residual vector : -0.32052591E-01.
 Largest element of DIIS residual   : -0.32052591E-01.
 Convergence information after     2 iterations: 
 Largest element of residual vector :  0.31081139E-02.
 Largest element of DIIS residual   :  0.42221541E-02.
 Convergence information after     3 iterations: 
 Largest element of residual vector :  0.18346084E-02.
 Largest element of DIIS residual   :  0.21262639E-02.
 Convergence information after     4 iterations: 
 Largest element of residual vector : -0.66039938E-03.
 Largest element of DIIS residual   : -0.54444540E-03.
 Convergence information after     5 iterations: 
 Largest element of residual vector : -0.47790528E-03.
 Largest element of DIIS residual   : -0.39046751E-03.
 Convergence information after     6 iterations: 
 Largest element of residual vector : -0.28134992E-03.
 Largest element of DIIS residual   : -0.16595387E-03.
 Convergence information after     7 iterations: 
 Largest element of residual vector :  0.12881596E-03.
 Largest element of DIIS residual   :  0.59652140E-04.
 Convergence information after     8 iterations: 
 Largest element of residual vector :  0.40662833E-04.
 Largest element of DIIS residual   :  0.20847803E-04.
 Convergence information after     9 iterations: 
 Largest element of residual vector :  0.13954040E-04.
 Largest element of DIIS residual   :  0.81808193E-05.
 Convergence information after    10 iterations: 
 Largest element of residual vector :  0.59753611E-05.
 Largest element of DIIS residual   :  0.33971789E-05.
 Convergence information after    11 iterations: 
 Largest element of residual vector :  0.20441707E-05.
 Largest element of DIIS residual   : -0.12271914E-05.
 Convergence information after    12 iterations: 
 Largest element of residual vector :  0.78871589E-06.
 Largest element of DIIS residual   : -0.53860460E-06.
 Convergence information after    13 iterations: 
 Largest element of residual vector : -0.29148921E-06.
 Largest element of DIIS residual   : -0.19972052E-06.
 Convergence information after    14 iterations: 
 Largest element of residual vector : -0.13366710E-06.
 Largest element of DIIS residual   : -0.85252277E-07.
 Perturbed Lambda equations converged in    14 iterations.
  Dominant contributions to perturbed wavefunction:
    4    4  102   33  -0.0891527057 ABAB
    4    4   33  102  -0.0891527057 ABAB
    9    9  102   21   0.0885375451 ABAB
    9    9   21  102   0.0885375451 ABAB
    9    5   22  102  -0.0836350032 ABAB
    5    9  102   22  -0.0836350032 ABAB
    9    4   22  102   0.0773557774 ABAB
    4    9  102   22   0.0773557774 ABAB
    5    5  102   21   0.0715421187 ABAB
    5    5   21  102   0.0715421187 ABAB
    9    9  102   35  -0.0705243593 ABAB
    9    9   35  102  -0.0705243593 ABAB
    4    4  102   37  -0.0698482906 ABAB
    4    4   37  102  -0.0698482906 ABAB
    4    4  102   21   0.0677405192 ABAB
    4    4   21  102   0.0677405192 ABAB
    9    9  102   33  -0.0670715659 ABAB
    9    9   33  102  -0.0670715659 ABAB
    9    9  120   21  -0.0668001097 ABAB
    9    9   21  120  -0.0668001097 ABAB
  Total CCSD gradient is   -0.004609794485525.
        The DBOC first-order density matrix is being calculated 
             (Symmetry block 1, perturbation  11)
 term   9.72019316502808     
 final tnorm1  7.154375854591221E-003
  <0|L dT/dx|0>  7.154375854591221E-003
  norm contr. I: |<0|L dT/dx|0>|^2   5.118509386875786E-005
  norm contr. II: <0|[nabla(1+L)e-T][nabla e^T]|0>   9.72019316502808     
  total norm contribution   9.72024435012194     
 oo  1.609893080097587E-004
 vv  -1161.39014692426     
 vo -2.765968145189750E-002
  Correlated perturbed 1-el contribution to DBOC  -1161.41764561640       cm**-1
  SUM_I |dc_I/dx|^2 contribution to DBOC   580.928565124061       cm**-1
 
  current total DBOC   4113.54335314725       cm**-1
 First-order density matrix is being calculated  (Symmetry block 1, perturbation  11)
 Calculation of the contributions of <pq||rs> to dI(i,j)/dx required   5.4 seconds.
 Calculation of the contributions of <pq||rs> to dI(a,b)/dx required  48.7 seconds.
 Calculation of the contributions of <pq||rs> to dI(i,a)/dx required  13.9 seconds.
 First-order Z-vector equations are solved for 1 perturbation.
 Convergence reached after  26 iterations.
        U*G(pq,rs) contribution is being calculated
             (Symmetry block 1, perturbation  11)

 CCSD contribution to force constants 

        0.0000000000        0.0000000000        0.0000000000
        0.0000000000        0.0000000000        0.0000000000
        0.0000000000        0.0000000000        0.0000000000
        0.0000000000        0.0000000000        0.0000000000
        0.0000000000        0.0000000000        0.0000000000
        0.0000000000        0.0000000000        0.0000000000
        0.0000000000        0.0000000000        0.0000000000
        0.0000000000        0.0000000000        0.0000000000
        0.0000000000        0.0000000000        0.0000000000
        0.0000000000        0.0000000000        0.0000000000
        0.0000000000        0.0000000000        0.0000000000
        0.0000000000        0.0000000000        0.0000000000
        0.0000000000        0.0000000000        0.0000000000
        0.0000000000        0.0000000000        0.0000000000
        0.0000000000        0.0000000000        0.0000000000
        0.0000000000        0.0000000000        0.0000000000
        0.0000000000        0.0000000000        0.0000000000
        0.0000000000        0.0000000000        0.0000000000
        0.0000000000        0.0000000000        0.0000000000
        0.0000000000        0.0000000000        0.0000000000
        0.0000000000        0.0000000000        0.0000000000
        0.0000000000        0.0000000000        0.0000000000
        0.0000000000        0.0000000000        0.0000000000
        0.0000000000        0.0000000000        0.0000000000
        0.0000000000        0.0000000000        0.0000000000
        0.0000000000        0.0000000000        0.0000000000
        0.0000000000        0.0000000000        0.0000000000
        0.0000000000        0.0000000000        0.0000000000
        0.0000000000        0.0000000000        0.0000000000
        0.0000000000        0.0000000000        0.0000000000
        0.0000000000        0.0000000000        0.0000000000
        0.0000000000        0.0000000000        0.0000000000
        0.0000000000        0.0000000000        0.0000000000
        0.0000000000        0.0000000000        0.0000000000
        0.0000000000        0.0000000000        0.0000000000
        0.0000000000        0.0000000000        0.0000000000
        0.0000000000        0.0000000000        0.0000000000
        0.0000000000        0.0000000000        0.0000000000
        0.0000000000        0.0000000000        0.0000000000
        0.0000000000        0.0000000000        0.0000000000
        0.0000000000        0.0000000000        0.0000000000
        0.0000000000        0.0000000000        0.0000000000
        0.0000000000        0.0000000000        0.0000000000
        0.0000000000        0.0000000000        0.0000000000
        0.0000000000        0.0000000000        0.0000000000
        0.0000000000        0.0000000000        0.0000000000
        0.0000000000        0.0000000000        0.0000000000
        0.0000000000        0.0000000000        0.0000000000
        0.0000000000        0.0000000000        0.0000000000
        0.0000000000        0.0000000000        0.0000000000
        0.0000000000        0.0000000000        0.0000000000
        0.0000000000        0.0000000000        0.0000000000
        0.0000000000        0.0000000000        0.0000000000
        0.0000000000        0.0000000000        0.0000000000
        0.0000000000        0.0000000000        0.0000000000
        0.0000000000        0.0000000000        0.0000000000
        0.0000000000        0.0000000000        0.0000000000
        0.0000000000        0.0000000000        0.0000000000
        0.0000000000        0.0000000000        0.0000000000
        0.0000000000        0.0000000000        0.0000000000
        2.0247948507      -30.9513681172      -14.2253482434
       -1.2213311930        0.0021531011       -0.7155670955
        1.1723319094        0.4973870570        1.0225106315
       -4.3154719894       51.9929552472       24.5843667832
        2.1963162062      -22.6709765566       -9.8546045340
        0.1433602162        1.1298492684       -0.8113575419
        0.0000000000        0.0000000000        0.0000000000
        0.0000000000        0.0000000000        0.0000000000
        0.0000000000        0.0000000000        0.0000000000
        0.0000000000        0.0000000000        0.0000000000
        0.0000000000        0.0000000000        0.0000000000
        0.0000000000        0.0000000000        0.0000000000
        0.0000000000        0.0000000000        0.0000000000
        0.0000000000        0.0000000000        0.0000000000
        0.0000000000        0.0000000000        0.0000000000
        0.0000000000        0.0000000000        0.0000000000
        0.0000000000        0.0000000000        0.0000000000
        0.0000000000        0.0000000000        0.0000000000
        0.0000000000        0.0000000000        0.0000000000
        0.0000000000        0.0000000000        0.0000000000
        0.0000000000        0.0000000000        0.0000000000
        0.0000000000        0.0000000000        0.0000000000
        0.0000000000        0.0000000000        0.0000000000
        0.0000000000        0.0000000000        0.0000000000
        0.0000000000        0.0000000000        0.0000000000
        0.0000000000        0.0000000000        0.0000000000
        0.0000000000        0.0000000000        0.0000000000
        0.0000000000        0.0000000000        0.0000000000
        0.0000000000        0.0000000000        0.0000000000
        0.0000000000        0.0000000000        0.0000000000
        0.0000000000        0.0000000000        0.0000000000
        0.0000000000        0.0000000000        0.0000000000
        0.0000000000        0.0000000000        0.0000000000
        0.0000000000        0.0000000000        0.0000000000
        0.0000000000        0.0000000000        0.0000000000
        0.0000000000        0.0000000000        0.0000000000
        0.0000000000        0.0000000000        0.0000000000
        0.0000000000        0.0000000000        0.0000000000
        0.0000000000        0.0000000000        0.0000000000
        0.0000000000        0.0000000000        0.0000000000
        0.0000000000        0.0000000000        0.0000000000
        0.0000000000        0.0000000000        0.0000000000
        0.0000000000        0.0000000000        0.0000000000
        0.0000000000        0.0000000000        0.0000000000
        0.0000000000        0.0000000000        0.0000000000
        0.0000000000        0.0000000000        0.0000000000
        0.0000000000        0.0000000000        0.0000000000
        0.0000000000        0.0000000000        0.0000000000

 CCSD contribution to dipole derivatives 

        0.0000000000        0.0000000000        0.0000000000
        0.0000000000        0.0000000000        0.0000000000
        0.0000000000        0.0000000000        0.0000000000
        0.0000000000       -0.0146374822        0.0000000000
        0.0000000000        0.0000000000        0.0000000000
        0.0000000000        0.0000000000        0.0000000000
        0.0000000000        0.0000000000        0.0000000000
        0.0000000000        0.0000000000        0.0000000000
        0.0000000000        0.0000000000        0.0000000000
        0.0000000000        0.0094600918        0.0000000000
        0.0000000000        0.0000000000        0.0000000000
        0.0000000000        0.0000000000        0.0000000000
        0.0000000000        0.0000000000        0.0000000000
        0.0000000000        0.0000000000        0.0000000000
        0.0000000000        0.0000000000        0.0000000000
        0.0000000000        0.0216173548        0.0000000000
        0.0000000000        0.0000000000        0.0000000000
        0.0000000000        0.0000000000        0.0000000000
 @CHECKOUT-I, Total execution time (CPU/WALL):     3296.51/    1246.15 seconds.
--executable xsdcc finished with status     0 in     1246.25 seconds (walltime).
 --invoking executable--
/home/asmola/.local/bin/xanti
 @GETMEM-I,  Allocated   38146 MB of main memory.
 CCSD MO derivative gammas will be sorted to Mulliken order.
 @CHECKOUT-I, Total execution time (CPU/WALL):       39.37/      85.85 seconds.
--executable xanti finished with status     0 in       85.94 seconds (walltime).
 --invoking executable--
/home/asmola/.local/bin/xbcktrn
 @GETMEM-I,  Allocated   38146 MB of main memory.
 CCSD MO derivative gammas will be transformed to the AO basis.
 @CHECKOUT-I, Total execution time (CPU/WALL):      133.39/      20.29 seconds.
--executable xbcktrn finished with status     0 in       20.34 seconds (walltime).
 --invoking executable--
/home/asmola/.local/bin/xvdint
 @GETMEM-I,  Allocated   38146 MB of main memory.
 One- and two-electron integral derivatives are calculated
 for RHF-CC/MBPT hessians and dipole derivatives.
 Spherical gaussians are used.
  magnet F F
 Evaluation of 2el integral derivatives

                      Two-electron integral gradient
                      ------------------------------

 C #1       0.0194735502           -0.3210180466            0.0736578538
 O #2      -0.0140544919           -0.0004555071           -0.0213618172
 H #3      -0.0118850317           -0.0046601772           -0.0089092518
 H #4      -0.1021084949            0.7254707592           -0.0842110148
 H #5       0.0738889720           -0.3781127534            0.1147096137
 H #6       0.0346854963           -0.0212242748           -0.0738853838


 Evaluation of 2e integral derivatives required  726.68 seconds.
  contribution to Hessian
        0.0194735502       -0.3210180466        0.0736578538
       -0.0140544919       -0.0004555071       -0.0213618172
       -0.0118850317       -0.0046601772       -0.0089092518
       -0.1021084949        0.7254707592       -0.0842110148
        0.0738889720       -0.3781127534        0.1147096137
        0.0346854963       -0.0212242748       -0.0738853838
 @CHECKOUT-I, Total execution time (CPU/WALL):      726.66/     111.35 seconds.
--executable xvdint finished with status     0 in      111.39 seconds (walltime).
 --invoking executable--
/home/asmola/.local/bin/xsdcc
 @GETMEM-I,  Allocated   38146 MB of main memory.
 Vibrational frequencies and infrared intensities are calculated
 at the CCSD level within the harmonic approximation.
 CPHF coefficients for occ-occ block: U^x(i,j) = -1/2 S^x(i,j)
 CPHF coefficients for vrt-vrt block: U^x(a,b) = -1/2 S^x(a,b)
 Transformation of derivative integrals from AO to MO basis:
 RHF transformation
 Transformation of DIIII integral derivatives.
 1 pass through the AO integral derivative file was needed.
  89893155 AO integral derivatives were read from file DIIII.
 Transformation of first index required  289.0 seconds.
 Transformation of remaining indices required  319.7 seconds.
1715296743 MO integral derivatives were written to file DERINT.
        MO basis integral derivatives are being calculated
             (Symmetry block 1, perturbation  12)
 First derivative of the wavefunction is calculated (Symmetry block 1, perturbation  12)
 Resorts of perturbed amplitudes and integrals required   0.1 seconds.
 Construction of <Phi|(dH_N/dx exp(T))c|0> required  27.6 seconds.
 Starting iterative solution of the perturbed CC equations.
 The DIIS procedure is used to accelerate convergence.
 Convergence criterion is 10**(-7).
 Maximum number of iterations is 100.
 Convergence information after     1 iterations: 
 Largest element of residual vector :  0.10252691E+00.
 Largest element of DIIS residual   :  0.10252691E+00.
 Convergence information after     2 iterations: 
 Largest element of residual vector :  0.14123309E-01.
 Largest element of DIIS residual   :  0.11629502E-01.
 Convergence information after     3 iterations: 
 Largest element of residual vector :  0.66623089E-02.
 Largest element of DIIS residual   : -0.28158250E-02.
 Convergence information after     4 iterations: 
 Largest element of residual vector :  0.15219067E-02.
 Largest element of DIIS residual   :  0.88641844E-03.
 Convergence information after     5 iterations: 
 Largest element of residual vector : -0.50890393E-03.
 Largest element of DIIS residual   :  0.49275890E-03.
 Convergence information after     6 iterations: 
 Largest element of residual vector :  0.30960362E-03.
 Largest element of DIIS residual   :  0.19203801E-03.
 Convergence information after     7 iterations: 
 Largest element of residual vector :  0.16460108E-03.
 Largest element of DIIS residual   : -0.85780233E-04.
 Convergence information after     8 iterations: 
 Largest element of residual vector : -0.62296352E-04.
 Largest element of DIIS residual   : -0.36643097E-04.
 Convergence information after     9 iterations: 
 Largest element of residual vector : -0.24443758E-04.
 Largest element of DIIS residual   : -0.12962782E-04.
 Convergence information after    10 iterations: 
 Largest element of residual vector :  0.98594025E-05.
 Largest element of DIIS residual   :  0.66664525E-05.
 Convergence information after    11 iterations: 
 Largest element of residual vector :  0.36142996E-05.
 Largest element of DIIS residual   :  0.21624588E-05.
 Convergence information after    12 iterations: 
 Largest element of residual vector :  0.17632902E-05.
 Largest element of DIIS residual   :  0.10785246E-05.
 Convergence information after    13 iterations: 
 Largest element of residual vector :  0.66758075E-06.
 Largest element of DIIS residual   :  0.37284286E-06.
 Convergence information after    14 iterations: 
 Largest element of residual vector :  0.21015123E-06.
 Largest element of DIIS residual   :  0.14038644E-06.
 Convergence information after    15 iterations: 
 Largest element of residual vector :  0.90929066E-07.
 Largest element of DIIS residual   : -0.46399387E-07.
 Perturbed amplitude equations converged in    15 iterations.
  Dominant contributions to perturbed wavefunction:
    9    9  102   22  -0.1765321930 ABAB
    9    9   22  102  -0.1765321930 ABAB
    9    9   38   22   0.1507019744 ABAB
    9    9   22   38   0.1507019744 ABAB
    9    9   70   22   0.1487888300 ABAB
    9    9   22   70   0.1487888300 ABAB
    9    9   68   22  -0.1358731943 ABAB
    9    9   22   68  -0.1358731943 ABAB
    9    9  118   22  -0.1330880153 ABAB
    9    9   22  118  -0.1330880153 ABAB
    9    9   52   22  -0.1286742524 ABAB
    9    9   22   52  -0.1286742524 ABAB
    9    9   22   22   0.1271271628 ABAB
    9    9  149   22  -0.1215526546 ABAB
    9    9   22  149  -0.1215526546 ABAB
    9    9  101   22  -0.1214538620 ABAB
    9    9   22  101  -0.1214538620 ABAB
    9    9  120   22   0.1211897617 ABAB
    9    9   22  120   0.1211897617 ABAB
    9    9  102   37   0.1103372677 ABAB
  Total CCSD gradient is   -0.002477397078476.
  norm of converged amps    3.02317184498413     
 Starting iterative solution of the perturbed Lambda equations.
 The DIIS procedure is used to accelerate convergence.
 Convergence criterion is 10**(-7).
 Maximum number of iterations is 100.
 Convergence information after     1 iterations: 
 Largest element of residual vector :  0.87793337E-01.
 Largest element of DIIS residual   :  0.87793337E-01.
 Convergence information after     2 iterations: 
 Largest element of residual vector :  0.12315358E-01.
 Largest element of DIIS residual   :  0.99142176E-02.
 Convergence information after     3 iterations: 
 Largest element of residual vector :  0.56571915E-02.
 Largest element of DIIS residual   : -0.25759979E-02.
 Convergence information after     4 iterations: 
 Largest element of residual vector : -0.13599764E-02.
 Largest element of DIIS residual   : -0.83027911E-03.
 Convergence information after     5 iterations: 
 Largest element of residual vector :  0.49601005E-03.
 Largest element of DIIS residual   :  0.47787983E-03.
 Convergence information after     6 iterations: 
 Largest element of residual vector :  0.30092595E-03.
 Largest element of DIIS residual   :  0.18230180E-03.
 Convergence information after     7 iterations: 
 Largest element of residual vector :  0.15476419E-03.
 Largest element of DIIS residual   : -0.80448541E-04.
 Convergence information after     8 iterations: 
 Largest element of residual vector : -0.57524036E-04.
 Largest element of DIIS residual   : -0.33285058E-04.
 Convergence information after     9 iterations: 
 Largest element of residual vector : -0.22090118E-04.
 Largest element of DIIS residual   : -0.11840117E-04.
 Convergence information after    10 iterations: 
 Largest element of residual vector :  0.92068149E-05.
 Largest element of DIIS residual   :  0.62597740E-05.
 Convergence information after    11 iterations: 
 Largest element of residual vector :  0.34757059E-05.
 Largest element of DIIS residual   :  0.20928767E-05.
 Convergence information after    12 iterations: 
 Largest element of residual vector :  0.16167881E-05.
 Largest element of DIIS residual   :  0.95728366E-06.
 Convergence information after    13 iterations: 
 Largest element of residual vector :  0.59502946E-06.
 Largest element of DIIS residual   :  0.34928523E-06.
 Convergence information after    14 iterations: 
 Largest element of residual vector :  0.18061819E-06.
 Largest element of DIIS residual   :  0.12442867E-06.
 Convergence information after    15 iterations: 
 Largest element of residual vector :  0.81990507E-07.
 Largest element of DIIS residual   : -0.43672396E-07.
 Perturbed Lambda equations converged in    15 iterations.
  Dominant contributions to perturbed wavefunction:
    9    9  102   22  -0.1695823822 ABAB
    9    9   22  102  -0.1695823822 ABAB
    9    9   38   22   0.1449278427 ABAB
    9    9   22   38   0.1449278427 ABAB
    9    9   70   22   0.1431848287 ABAB
    9    9   22   70   0.1431848287 ABAB
    9    9   68   22  -0.1307752116 ABAB
    9    9   22   68  -0.1307752116 ABAB
    9    9  118   22  -0.1278367231 ABAB
    9    9   22  118  -0.1278367231 ABAB
    9    9   52   22  -0.1240231302 ABAB
    9    9   22   52  -0.1240231302 ABAB
    9    9   22   22   0.1224518476 ABAB
    9    9  149   22  -0.1167725815 ABAB
    9    9   22  149  -0.1167725815 ABAB
    9    9  101   22  -0.1167183985 ABAB
    9    9   22  101  -0.1167183985 ABAB
    9    9  120   22   0.1164821483 ABAB
    9    9   22  120   0.1164821483 ABAB
    9    9  102   37   0.1060806390 ABAB
  Total CCSD gradient is   -0.001972782708221.
        The DBOC first-order density matrix is being calculated 
             (Symmetry block 1, perturbation  12)
 term   10.3641739093701     
 final tnorm1  2.766599746264904E-003
  <0|L dT/dx|0>  2.766599746264904E-003
  norm contr. I: |<0|L dT/dx|0>|^2   7.654074156033031E-006
  norm contr. II: <0|[nabla(1+L)e-T][nabla e^T]|0>   10.3641739093701     
  total norm contribution   10.3641815634443     
 oo  2.684886578488725E-002
 vv  -1237.77604580625     
 vo -0.700362150728145     
  Correlated perturbed 1-el contribution to DBOC  -1238.44955909120       cm**-1
  SUM_I |dc_I/dx|^2 contribution to DBOC   619.413350885713       cm**-1
 
  current total DBOC   3494.50714494177       cm**-1
 First-order density matrix is being calculated  (Symmetry block 1, perturbation  12)
 Calculation of the contributions of <pq||rs> to dI(i,j)/dx required   7.6 seconds.
 Calculation of the contributions of <pq||rs> to dI(a,b)/dx required  41.7 seconds.
 Calculation of the contributions of <pq||rs> to dI(i,a)/dx required  15.2 seconds.
 First-order Z-vector equations are solved for 1 perturbation.
 Convergence reached after  26 iterations.
        U*G(pq,rs) contribution is being calculated
             (Symmetry block 1, perturbation  12)

 CCSD contribution to force constants 

        0.0000000000        0.0000000000        0.0000000000
        0.0000000000        0.0000000000        0.0000000000
        0.0000000000        0.0000000000        0.0000000000
        0.0000000000        0.0000000000        0.0000000000
        0.0000000000        0.0000000000        0.0000000000
        0.0000000000        0.0000000000        0.0000000000
        0.0000000000        0.0000000000        0.0000000000
        0.0000000000        0.0000000000        0.0000000000
        0.0000000000        0.0000000000        0.0000000000
        0.0000000000        0.0000000000        0.0000000000
        0.0000000000        0.0000000000        0.0000000000
        0.0000000000        0.0000000000        0.0000000000
        0.0000000000        0.0000000000        0.0000000000
        0.0000000000        0.0000000000        0.0000000000
        0.0000000000        0.0000000000        0.0000000000
        0.0000000000        0.0000000000        0.0000000000
        0.0000000000        0.0000000000        0.0000000000
        0.0000000000        0.0000000000        0.0000000000
        0.0000000000        0.0000000000        0.0000000000
        0.0000000000        0.0000000000        0.0000000000
        0.0000000000        0.0000000000        0.0000000000
        0.0000000000        0.0000000000        0.0000000000
        0.0000000000        0.0000000000        0.0000000000
        0.0000000000        0.0000000000        0.0000000000
        0.0000000000        0.0000000000        0.0000000000
        0.0000000000        0.0000000000        0.0000000000
        0.0000000000        0.0000000000        0.0000000000
        0.0000000000        0.0000000000        0.0000000000
        0.0000000000        0.0000000000        0.0000000000
        0.0000000000        0.0000000000        0.0000000000
        0.0000000000        0.0000000000        0.0000000000
        0.0000000000        0.0000000000        0.0000000000
        0.0000000000        0.0000000000        0.0000000000
        0.0000000000        0.0000000000        0.0000000000
        0.0000000000        0.0000000000        0.0000000000
        0.0000000000        0.0000000000        0.0000000000
        0.0000000000        0.0000000000        0.0000000000
        0.0000000000        0.0000000000        0.0000000000
        0.0000000000        0.0000000000        0.0000000000
        0.0000000000        0.0000000000        0.0000000000
        0.0000000000        0.0000000000        0.0000000000
        0.0000000000        0.0000000000        0.0000000000
        0.0000000000        0.0000000000        0.0000000000
        0.0000000000        0.0000000000        0.0000000000
        0.0000000000        0.0000000000        0.0000000000
        0.0000000000        0.0000000000        0.0000000000
        0.0000000000        0.0000000000        0.0000000000
        0.0000000000        0.0000000000        0.0000000000
        0.0000000000        0.0000000000        0.0000000000
        0.0000000000        0.0000000000        0.0000000000
        0.0000000000        0.0000000000        0.0000000000
        0.0000000000        0.0000000000        0.0000000000
        0.0000000000        0.0000000000        0.0000000000
        0.0000000000        0.0000000000        0.0000000000
        0.0000000000        0.0000000000        0.0000000000
        0.0000000000        0.0000000000        0.0000000000
        0.0000000000        0.0000000000        0.0000000000
        0.0000000000        0.0000000000        0.0000000000
        0.0000000000        0.0000000000        0.0000000000
        0.0000000000        0.0000000000        0.0000000000
        0.0000000000        0.0000000000        0.0000000000
        0.0000000000        0.0000000000        0.0000000000
        0.0000000000        0.0000000000        0.0000000000
        0.0000000000        0.0000000000        0.0000000000
        0.0000000000        0.0000000000        0.0000000000
        0.0000000000        0.0000000000        0.0000000000
        5.8073134340      -19.3302960539       -3.3123268997
        0.7483161394       -0.0237026849       -0.5012523762
       -1.3137426764       -0.1242447160        1.1603907644
       -0.0386599285       23.3992786275      -18.0609525971
       -5.2715365084       -3.8249026008       19.8309662251
        0.0683095399       -0.0961325719        0.8831748835
        0.0000000000        0.0000000000        0.0000000000
        0.0000000000        0.0000000000        0.0000000000
        0.0000000000        0.0000000000        0.0000000000
        0.0000000000        0.0000000000        0.0000000000
        0.0000000000        0.0000000000        0.0000000000
        0.0000000000        0.0000000000        0.0000000000
        0.0000000000        0.0000000000        0.0000000000
        0.0000000000        0.0000000000        0.0000000000
        0.0000000000        0.0000000000        0.0000000000
        0.0000000000        0.0000000000        0.0000000000
        0.0000000000        0.0000000000        0.0000000000
        0.0000000000        0.0000000000        0.0000000000
        0.0000000000        0.0000000000        0.0000000000
        0.0000000000        0.0000000000        0.0000000000
        0.0000000000        0.0000000000        0.0000000000
        0.0000000000        0.0000000000        0.0000000000
        0.0000000000        0.0000000000        0.0000000000
        0.0000000000        0.0000000000        0.0000000000
        0.0000000000        0.0000000000        0.0000000000
        0.0000000000        0.0000000000        0.0000000000
        0.0000000000        0.0000000000        0.0000000000
        0.0000000000        0.0000000000        0.0000000000
        0.0000000000        0.0000000000        0.0000000000
        0.0000000000        0.0000000000        0.0000000000
        0.0000000000        0.0000000000        0.0000000000
        0.0000000000        0.0000000000        0.0000000000
        0.0000000000        0.0000000000        0.0000000000
        0.0000000000        0.0000000000        0.0000000000
        0.0000000000        0.0000000000        0.0000000000
        0.0000000000        0.0000000000        0.0000000000
        0.0000000000        0.0000000000        0.0000000000
        0.0000000000        0.0000000000        0.0000000000
        0.0000000000        0.0000000000        0.0000000000
        0.0000000000        0.0000000000        0.0000000000
        0.0000000000        0.0000000000        0.0000000000
        0.0000000000        0.0000000000        0.0000000000

 CCSD contribution to dipole derivatives 

        0.0000000000        0.0000000000        0.0000000000
        0.0000000000        0.0000000000        0.0000000000
        0.0000000000        0.0000000000        0.0000000000
        0.0000000000        0.0000000000       -0.1071940786
        0.0000000000        0.0000000000        0.0000000000
        0.0000000000        0.0000000000        0.0000000000
        0.0000000000        0.0000000000        0.0000000000
        0.0000000000        0.0000000000        0.0000000000
        0.0000000000        0.0000000000        0.0000000000
        0.0000000000        0.0000000000        0.0696694965
        0.0000000000        0.0000000000        0.0000000000
        0.0000000000        0.0000000000        0.0000000000
        0.0000000000        0.0000000000        0.0000000000
        0.0000000000        0.0000000000        0.0000000000
        0.0000000000        0.0000000000        0.0000000000
        0.0000000000        0.0000000000       -0.0022439667
        0.0000000000        0.0000000000        0.0000000000
        0.0000000000        0.0000000000        0.0000000000
 @CHECKOUT-I, Total execution time (CPU/WALL):     3887.31/    1263.25 seconds.
--executable xsdcc finished with status     0 in     1263.36 seconds (walltime).
 --invoking executable--
/home/asmola/.local/bin/xanti
 @GETMEM-I,  Allocated   38146 MB of main memory.
 CCSD MO derivative gammas will be sorted to Mulliken order.
 @CHECKOUT-I, Total execution time (CPU/WALL):       38.68/      89.74 seconds.
--executable xanti finished with status     0 in       89.82 seconds (walltime).
 --invoking executable--
/home/asmola/.local/bin/xbcktrn
 @GETMEM-I,  Allocated   38146 MB of main memory.
 CCSD MO derivative gammas will be transformed to the AO basis.
 @CHECKOUT-I, Total execution time (CPU/WALL):      126.78/      19.10 seconds.
--executable xbcktrn finished with status     0 in       19.15 seconds (walltime).
 --invoking executable--
/home/asmola/.local/bin/xvdint
 @GETMEM-I,  Allocated   38146 MB of main memory.
 One- and two-electron integral derivatives are calculated
 for RHF-CC/MBPT hessians and dipole derivatives.
 Spherical gaussians are used.
  magnet F F
 Evaluation of 2el integral derivatives

                      Two-electron integral gradient
                      ------------------------------

 C #1      -0.0262653185            0.1126831929           -0.4913770775
 O #2       0.0101241873           -0.0000631791           -0.0009822499
 H #3       0.0029479019            0.0025968598            0.0122431959
 H #4      -0.0028945742           -0.0479871290            1.1994506873
 H #5       0.0298830456            0.0314363249           -0.7774662877
 H #6      -0.0137952421           -0.0986660695            0.0581317319


 Evaluation of 2e integral derivatives required  707.23 seconds.
  contribution to Hessian
       -0.0262653185        0.1126831929       -0.4913770775
        0.0101241873       -0.0000631791       -0.0009822499
        0.0029479019        0.0025968598        0.0122431959
       -0.0028945742       -0.0479871290        1.1994506873
        0.0298830456        0.0314363249       -0.7774662877
       -0.0137952421       -0.0986660695        0.0581317319
 @CHECKOUT-I, Total execution time (CPU/WALL):      707.21/     108.68 seconds.
--executable xvdint finished with status     0 in      108.71 seconds (walltime).
 --invoking executable--
/home/asmola/.local/bin/xsdcc
 @GETMEM-I,  Allocated   38146 MB of main memory.
 Vibrational frequencies and infrared intensities are calculated
 at the CCSD level within the harmonic approximation.
 CPHF coefficients for occ-occ block: U^x(i,j) = -1/2 S^x(i,j)
 CPHF coefficients for vrt-vrt block: U^x(a,b) = -1/2 S^x(a,b)
 Transformation of derivative integrals from AO to MO basis:
 RHF transformation
 Transformation of DIIII integral derivatives.
 1 pass through the AO integral derivative file was needed.
  89947039 AO integral derivatives were read from file DIIII.
 Transformation of first index required  292.3 seconds.
 Transformation of remaining indices required  319.9 seconds.
1715296743 MO integral derivatives were written to file DERINT.
        MO basis integral derivatives are being calculated
             (Symmetry block 1, perturbation  13)
 First derivative of the wavefunction is calculated (Symmetry block 1, perturbation  13)
 Resorts of perturbed amplitudes and integrals required   0.1 seconds.
 Construction of <Phi|(dH_N/dx exp(T))c|0> required  26.5 seconds.
 Starting iterative solution of the perturbed CC equations.
 The DIIS procedure is used to accelerate convergence.
 Convergence criterion is 10**(-7).
 Maximum number of iterations is 100.
 Convergence information after     1 iterations: 
 Largest element of residual vector : -0.70022248E-01.
 Largest element of DIIS residual   : -0.70022248E-01.
 Convergence information after     2 iterations: 
 Largest element of residual vector : -0.44038134E-02.
 Largest element of DIIS residual   : -0.49757885E-02.
 Convergence information after     3 iterations: 
 Largest element of residual vector : -0.47306051E-02.
 Largest element of DIIS residual   : -0.28412647E-02.
 Convergence information after     4 iterations: 
 Largest element of residual vector :  0.10118462E-02.
 Largest element of DIIS residual   : -0.64971226E-03.
 Convergence information after     5 iterations: 
 Largest element of residual vector :  0.37299144E-03.
 Largest element of DIIS residual   :  0.23567775E-03.
 Convergence information after     6 iterations: 
 Largest element of residual vector :  0.12249330E-03.
 Largest element of DIIS residual   :  0.10265763E-03.
 Convergence information after     7 iterations: 
 Largest element of residual vector :  0.74017267E-04.
 Largest element of DIIS residual   :  0.53428696E-04.
 Convergence information after     8 iterations: 
 Largest element of residual vector :  0.39011469E-04.
 Largest element of DIIS residual   :  0.25702186E-04.
 Convergence information after     9 iterations: 
 Largest element of residual vector :  0.18479347E-04.
 Largest element of DIIS residual   :  0.85623603E-05.
 Convergence information after    10 iterations: 
 Largest element of residual vector :  0.60957514E-05.
 Largest element of DIIS residual   :  0.26018398E-05.
 Convergence information after    11 iterations: 
 Largest element of residual vector :  0.17455923E-05.
 Largest element of DIIS residual   :  0.83515291E-06.
 Convergence information after    12 iterations: 
 Largest element of residual vector :  0.58320155E-06.
 Largest element of DIIS residual   :  0.42749199E-06.
 Convergence information after    13 iterations: 
 Largest element of residual vector : -0.32201933E-06.
 Largest element of DIIS residual   : -0.22791649E-06.
 Convergence information after    14 iterations: 
 Largest element of residual vector : -0.14968783E-06.
 Largest element of DIIS residual   : -0.94466168E-07.
 Perturbed amplitude equations converged in    14 iterations.
  Dominant contributions to perturbed wavefunction:
    4    4  102   41   0.0731257068 ABAB
    4    4   41  102   0.0731257068 ABAB
    6    6   43   43   0.0648507677 ABAB
    4    4  120   41  -0.0600108228 ABAB
    4    4   41  120  -0.0600108228 ABAB
    4    4  102   23   0.0585733534 ABAB
    4    4   23  102   0.0585733534 ABAB
    4    4  169   41  -0.0531987392 ABAB
    4    4   41  169  -0.0531987392 ABAB
    9    9   43   43   0.0525079553 ABAB
    4    4  120   23  -0.0510377917 ABAB
    4    4   23  120  -0.0510377917 ABAB
    4    4  103   41  -0.0498254695 ABAB
    4    4   41  103  -0.0498254695 ABAB
    7    7  102   41   0.0496188481 ABAB
    7    7   41  102   0.0496188481 ABAB
    4    4  149   41   0.0487599770 ABAB
    4    4   41  149   0.0487599770 ABAB
    9    9  102   23   0.0480841419 ABAB
    9    9   23  102   0.0480841419 ABAB
  Total CCSD gradient is    0.002426470610865.
  norm of converged amps    2.84980195440935     
 Starting iterative solution of the perturbed Lambda equations.
 The DIIS procedure is used to accelerate convergence.
 Convergence criterion is 10**(-7).
 Maximum number of iterations is 100.
 Convergence information after     1 iterations: 
 Largest element of residual vector : -0.58140753E-01.
 Largest element of DIIS residual   : -0.58140753E-01.
 Convergence information after     2 iterations: 
 Largest element of residual vector : -0.41215609E-02.
 Largest element of DIIS residual   : -0.40966867E-02.
 Convergence information after     3 iterations: 
 Largest element of residual vector : -0.39256740E-02.
 Largest element of DIIS residual   : -0.25037816E-02.
 Convergence information after     4 iterations: 
 Largest element of residual vector : -0.80691460E-03.
 Largest element of DIIS residual   : -0.53125257E-03.
 Convergence information after     5 iterations: 
 Largest element of residual vector :  0.30996358E-03.
 Largest element of DIIS residual   :  0.21153121E-03.
 Convergence information after     6 iterations: 
 Largest element of residual vector :  0.11196242E-03.
 Largest element of DIIS residual   :  0.95066911E-04.
 Convergence information after     7 iterations: 
 Largest element of residual vector :  0.69895815E-04.
 Largest element of DIIS residual   :  0.50038899E-04.
 Convergence information after     8 iterations: 
 Largest element of residual vector :  0.36459862E-04.
 Largest element of DIIS residual   :  0.23482674E-04.
 Convergence information after     9 iterations: 
 Largest element of residual vector :  0.16847400E-04.
 Largest element of DIIS residual   :  0.73710217E-05.
 Convergence information after    10 iterations: 
 Largest element of residual vector :  0.52317571E-05.
 Largest element of DIIS residual   :  0.22211711E-05.
 Convergence information after    11 iterations: 
 Largest element of residual vector :  0.14889225E-05.
 Largest element of DIIS residual   : -0.71136188E-06.
 Convergence information after    12 iterations: 
 Largest element of residual vector :  0.47725814E-06.
 Largest element of DIIS residual   :  0.37070886E-06.
 Convergence information after    13 iterations: 
 Largest element of residual vector : -0.27852751E-06.
 Largest element of DIIS residual   : -0.19993842E-06.
 Convergence information after    14 iterations: 
 Largest element of residual vector : -0.13304820E-06.
 Largest element of DIIS residual   : -0.84890438E-07.
 Perturbed Lambda equations converged in    14 iterations.
  Dominant contributions to perturbed wavefunction:
    4    4  102   41   0.0713912036 ABAB
    4    4   41  102   0.0713912036 ABAB
    6    6   43   43   0.0623267368 ABAB
    4    4  120   41  -0.0585668111 ABAB
    4    4   41  120  -0.0585668111 ABAB
    4    4  102   23   0.0573871222 ABAB
    4    4   23  102   0.0573871222 ABAB
    4    4  169   41  -0.0518851145 ABAB
    4    4   41  169  -0.0518851145 ABAB
    4    4  120   23  -0.0499967562 ABAB
    4    4   23  120  -0.0499967562 ABAB
    9    9   43   43   0.0497968136 ABAB
    4    4  103   41  -0.0486338388 ABAB
    4    4   41  103  -0.0486338388 ABAB
    4    4  149   41   0.0476011979 ABAB
    4    4   41  149   0.0476011979 ABAB
    7    7  102   41   0.0474464103 ABAB
    7    7   41  102   0.0474464103 ABAB
    9    9  102   23   0.0461743388 ABAB
    9    9   23  102   0.0461743388 ABAB
  Total CCSD gradient is    0.001568882066789.
        The DBOC first-order density matrix is being calculated 
             (Symmetry block 1, perturbation  13)
 term   9.64430778164033     
 final tnorm1 -3.799888874763044E-003
  <0|L dT/dx|0> -3.799888874763044E-003
  norm contr. I: |<0|L dT/dx|0>|^2   1.443915546054795E-005
  norm contr. II: <0|[nabla(1+L)e-T][nabla e^T]|0>   9.64430778164033     
  total norm contribution   9.64432222079579     
 oo  3.948486193524385E-003
 vv  -1152.38469167160     
 vo -3.582777708632665E-002
  Correlated perturbed 1-el contribution to DBOC  -1152.41657096249       cm**-1
  SUM_I |dc_I/dx|^2 contribution to DBOC   576.391093424592       cm**-1
 
  current total DBOC   2918.48166740387       cm**-1
 First-order density matrix is being calculated  (Symmetry block 1, perturbation  13)
 Calculation of the contributions of <pq||rs> to dI(i,j)/dx required   7.4 seconds.
 Calculation of the contributions of <pq||rs> to dI(a,b)/dx required  37.3 seconds.
 Calculation of the contributions of <pq||rs> to dI(i,a)/dx required  13.9 seconds.
 First-order Z-vector equations are solved for 1 perturbation.
 Convergence reached after  25 iterations.
        U*G(pq,rs) contribution is being calculated
             (Symmetry block 1, perturbation  13)

 CCSD contribution to force constants 

        0.0000000000        0.0000000000        0.0000000000
        0.0000000000        0.0000000000        0.0000000000
        0.0000000000        0.0000000000        0.0000000000
        0.0000000000        0.0000000000        0.0000000000
        0.0000000000        0.0000000000        0.0000000000
        0.0000000000        0.0000000000        0.0000000000
        0.0000000000        0.0000000000        0.0000000000
        0.0000000000        0.0000000000        0.0000000000
        0.0000000000        0.0000000000        0.0000000000
        0.0000000000        0.0000000000        0.0000000000
        0.0000000000        0.0000000000        0.0000000000
        0.0000000000        0.0000000000        0.0000000000
        0.0000000000        0.0000000000        0.0000000000
        0.0000000000        0.0000000000        0.0000000000
        0.0000000000        0.0000000000        0.0000000000
        0.0000000000        0.0000000000        0.0000000000
        0.0000000000        0.0000000000        0.0000000000
        0.0000000000        0.0000000000        0.0000000000
        0.0000000000        0.0000000000        0.0000000000
        0.0000000000        0.0000000000        0.0000000000
        0.0000000000        0.0000000000        0.0000000000
        0.0000000000        0.0000000000        0.0000000000
        0.0000000000        0.0000000000        0.0000000000
        0.0000000000        0.0000000000        0.0000000000
        0.0000000000        0.0000000000        0.0000000000
        0.0000000000        0.0000000000        0.0000000000
        0.0000000000        0.0000000000        0.0000000000
        0.0000000000        0.0000000000        0.0000000000
        0.0000000000        0.0000000000        0.0000000000
        0.0000000000        0.0000000000        0.0000000000
        0.0000000000        0.0000000000        0.0000000000
        0.0000000000        0.0000000000        0.0000000000
        0.0000000000        0.0000000000        0.0000000000
        0.0000000000        0.0000000000        0.0000000000
        0.0000000000        0.0000000000        0.0000000000
        0.0000000000        0.0000000000        0.0000000000
        0.0000000000        0.0000000000        0.0000000000
        0.0000000000        0.0000000000        0.0000000000
        0.0000000000        0.0000000000        0.0000000000
        0.0000000000        0.0000000000        0.0000000000
        0.0000000000        0.0000000000        0.0000000000
        0.0000000000        0.0000000000        0.0000000000
        0.0000000000        0.0000000000        0.0000000000
        0.0000000000        0.0000000000        0.0000000000
        0.0000000000        0.0000000000        0.0000000000
        0.0000000000        0.0000000000        0.0000000000
        0.0000000000        0.0000000000        0.0000000000
        0.0000000000        0.0000000000        0.0000000000
        0.0000000000        0.0000000000        0.0000000000
        0.0000000000        0.0000000000        0.0000000000
        0.0000000000        0.0000000000        0.0000000000
        0.0000000000        0.0000000000        0.0000000000
        0.0000000000        0.0000000000        0.0000000000
        0.0000000000        0.0000000000        0.0000000000
        0.0000000000        0.0000000000        0.0000000000
        0.0000000000        0.0000000000        0.0000000000
        0.0000000000        0.0000000000        0.0000000000
        0.0000000000        0.0000000000        0.0000000000
        0.0000000000        0.0000000000        0.0000000000
        0.0000000000        0.0000000000        0.0000000000
        0.0000000000        0.0000000000        0.0000000000
        0.0000000000        0.0000000000        0.0000000000
        0.0000000000        0.0000000000        0.0000000000
        0.0000000000        0.0000000000        0.0000000000
        0.0000000000        0.0000000000        0.0000000000
        0.0000000000        0.0000000000        0.0000000000
        0.0000000000        0.0000000000        0.0000000000
        0.0000000000        0.0000000000        0.0000000000
        0.0000000000        0.0000000000        0.0000000000
        0.0000000000        0.0000000000        0.0000000000
        0.0000000000        0.0000000000        0.0000000000
        0.0000000000        0.0000000000        0.0000000000
       -9.6807824191        3.7449203616       -7.6323174710
       -3.2581913060        3.1536263855       -2.7085675366
        1.7290740418       -3.5646948157        3.9020308239
      -18.1112308187        3.9985795898       -0.6450083912
       29.3689755562       -6.7320888966        7.1721765385
       -0.0478450541       -0.6003426245       -0.0883139637
        0.0000000000        0.0000000000        0.0000000000
        0.0000000000        0.0000000000        0.0000000000
        0.0000000000        0.0000000000        0.0000000000
        0.0000000000        0.0000000000        0.0000000000
        0.0000000000        0.0000000000        0.0000000000
        0.0000000000        0.0000000000        0.0000000000
        0.0000000000        0.0000000000        0.0000000000
        0.0000000000        0.0000000000        0.0000000000
        0.0000000000        0.0000000000        0.0000000000
        0.0000000000        0.0000000000        0.0000000000
        0.0000000000        0.0000000000        0.0000000000
        0.0000000000        0.0000000000        0.0000000000
        0.0000000000        0.0000000000        0.0000000000
        0.0000000000        0.0000000000        0.0000000000
        0.0000000000        0.0000000000        0.0000000000
        0.0000000000        0.0000000000        0.0000000000
        0.0000000000        0.0000000000        0.0000000000
        0.0000000000        0.0000000000        0.0000000000
        0.0000000000        0.0000000000        0.0000000000
        0.0000000000        0.0000000000        0.0000000000
        0.0000000000        0.0000000000        0.0000000000
        0.0000000000        0.0000000000        0.0000000000
        0.0000000000        0.0000000000        0.0000000000
        0.0000000000        0.0000000000        0.0000000000
        0.0000000000        0.0000000000        0.0000000000
        0.0000000000        0.0000000000        0.0000000000
        0.0000000000        0.0000000000        0.0000000000
        0.0000000000        0.0000000000        0.0000000000
        0.0000000000        0.0000000000        0.0000000000
        0.0000000000        0.0000000000        0.0000000000

 CCSD contribution to dipole derivatives 

        0.0000000000        0.0000000000        0.0000000000
        0.0000000000        0.0000000000        0.0000000000
        0.0000000000        0.0000000000        0.0000000000
        0.0000000000        0.0000000000        0.0000000000
       -0.0007191372        0.0000000000        0.0000000000
        0.0000000000        0.0000000000        0.0000000000
        0.0000000000        0.0000000000        0.0000000000
        0.0000000000        0.0000000000        0.0000000000
        0.0000000000        0.0000000000        0.0000000000
        0.0000000000        0.0000000000        0.0000000000
       -0.0219487233        0.0000000000        0.0000000000
        0.0000000000        0.0000000000        0.0000000000
        0.0000000000        0.0000000000        0.0000000000
        0.0000000000        0.0000000000        0.0000000000
        0.0000000000        0.0000000000        0.0000000000
        0.0000000000        0.0000000000        0.0000000000
        0.0084742411        0.0000000000        0.0000000000
        0.0000000000        0.0000000000        0.0000000000
 @CHECKOUT-I, Total execution time (CPU/WALL):     3669.11/    1240.69 seconds.
--executable xsdcc finished with status     0 in     1240.80 seconds (walltime).
 --invoking executable--
/home/asmola/.local/bin/xanti
 @GETMEM-I,  Allocated   38146 MB of main memory.
 CCSD MO derivative gammas will be sorted to Mulliken order.
 @CHECKOUT-I, Total execution time (CPU/WALL):       38.60/     103.43 seconds.
--executable xanti finished with status     0 in      103.51 seconds (walltime).
 --invoking executable--
/home/asmola/.local/bin/xbcktrn
 @GETMEM-I,  Allocated   38146 MB of main memory.
 CCSD MO derivative gammas will be transformed to the AO basis.
 @CHECKOUT-I, Total execution time (CPU/WALL):      116.09/      20.07 seconds.
--executable xbcktrn finished with status     0 in       20.11 seconds (walltime).
 --invoking executable--
/home/asmola/.local/bin/xvdint
 @GETMEM-I,  Allocated   38146 MB of main memory.
 One- and two-electron integral derivatives are calculated
 for RHF-CC/MBPT hessians and dipole derivatives.
 Spherical gaussians are used.
  magnet F F
 Evaluation of 2el integral derivatives

                      Two-electron integral gradient
                      ------------------------------

 C #1      -0.2050501118            0.0172724119           -0.0156297772
 O #2       0.0079271894           -0.0087273162           -0.0146811387
 H #3      -0.0112625954            0.0141299718           -0.0044011375
 H #4      -0.1764715732            0.0671528954            0.0222771027
 H #5       0.3907985377           -0.0690857411            0.0240635843
 H #6      -0.0059414467           -0.0207422217           -0.0116286337


 Evaluation of 2e integral derivatives required  693.46 seconds.
  contribution to Hessian
       -0.2050501118        0.0172724119       -0.0156297772
        0.0079271894       -0.0087273162       -0.0146811387
       -0.0112625954        0.0141299718       -0.0044011375
       -0.1764715732        0.0671528954        0.0222771027
        0.3907985377       -0.0690857411        0.0240635843
       -0.0059414467       -0.0207422217       -0.0116286337
 @CHECKOUT-I, Total execution time (CPU/WALL):      693.45/     106.10 seconds.
--executable xvdint finished with status     0 in      106.13 seconds (walltime).
 --invoking executable--
/home/asmola/.local/bin/xsdcc
 @GETMEM-I,  Allocated   38146 MB of main memory.
 Vibrational frequencies and infrared intensities are calculated
 at the CCSD level within the harmonic approximation.
 CPHF coefficients for occ-occ block: U^x(i,j) = -1/2 S^x(i,j)
 CPHF coefficients for vrt-vrt block: U^x(a,b) = -1/2 S^x(a,b)
 Transformation of derivative integrals from AO to MO basis:
 RHF transformation
 Transformation of DIIII integral derivatives.
 1 pass through the AO integral derivative file was needed.
  89888480 AO integral derivatives were read from file DIIII.
 Transformation of first index required  292.2 seconds.
 Transformation of remaining indices required  313.0 seconds.
1715296743 MO integral derivatives were written to file DERINT.
        MO basis integral derivatives are being calculated
             (Symmetry block 1, perturbation  14)
 First derivative of the wavefunction is calculated (Symmetry block 1, perturbation  14)
 Resorts of perturbed amplitudes and integrals required   0.6 seconds.
 Construction of <Phi|(dH_N/dx exp(T))c|0> required  26.3 seconds.
 Starting iterative solution of the perturbed CC equations.
 The DIIS procedure is used to accelerate convergence.
 Convergence criterion is 10**(-7).
 Maximum number of iterations is 100.
 Convergence information after     1 iterations: 
 Largest element of residual vector :  0.45364859E-01.
 Largest element of DIIS residual   :  0.45364859E-01.
 Convergence information after     2 iterations: 
 Largest element of residual vector :  0.48566563E-02.
 Largest element of DIIS residual   :  0.48129158E-02.
 Convergence information after     3 iterations: 
 Largest element of residual vector : -0.18206797E-02.
 Largest element of DIIS residual   : -0.21035825E-02.
 Convergence information after     4 iterations: 
 Largest element of residual vector : -0.54041526E-03.
 Largest element of DIIS residual   :  0.46019835E-03.
 Convergence information after     5 iterations: 
 Largest element of residual vector : -0.41611889E-03.
 Largest element of DIIS residual   : -0.34069540E-03.
 Convergence information after     6 iterations: 
 Largest element of residual vector : -0.23322155E-03.
 Largest element of DIIS residual   : -0.15594187E-03.
 Convergence information after     7 iterations: 
 Largest element of residual vector : -0.12981838E-03.
 Largest element of DIIS residual   : -0.67421141E-04.
 Convergence information after     8 iterations: 
 Largest element of residual vector : -0.43256963E-04.
 Largest element of DIIS residual   :  0.19777965E-04.
 Convergence information after     9 iterations: 
 Largest element of residual vector : -0.15085513E-04.
 Largest element of DIIS residual   : -0.63936076E-05.
 Convergence information after    10 iterations: 
 Largest element of residual vector :  0.42596370E-05.
 Largest element of DIIS residual   : -0.20735357E-05.
 Convergence information after    11 iterations: 
 Largest element of residual vector : -0.14057316E-05.
 Largest element of DIIS residual   : -0.99036999E-06.
 Convergence information after    12 iterations: 
 Largest element of residual vector :  0.63006641E-06.
 Largest element of DIIS residual   :  0.52611672E-06.
 Convergence information after    13 iterations: 
 Largest element of residual vector : -0.29139892E-06.
 Largest element of DIIS residual   : -0.15462450E-06.
 Convergence information after    14 iterations: 
 Largest element of residual vector :  0.13044891E-06.
 Largest element of DIIS residual   :  0.94603858E-07.
 Perturbed amplitude equations converged in    14 iterations.
  Dominant contributions to perturbed wavefunction:
    9    5   22  102   0.0725154715 ABAB
    5    9  102   22   0.0725154715 ABAB
    4    4  102   33   0.0700482345 ABAB
    4    4   33  102   0.0700482345 ABAB
    4    4  102   37   0.0650349453 ABAB
    4    4   37  102   0.0650349453 ABAB
    9    4   22  102  -0.0630346939 ABAB
    4    9  102   22  -0.0630346939 ABAB
    9    9  102   37   0.0620876116 ABAB
    9    9   37  102   0.0620876116 ABAB
    9    9  120   37  -0.0619053971 ABAB
    9    9   37  120  -0.0619053971 ABAB
    9    5   22   52   0.0613281257 ABAB
    5    9   52   22   0.0613281257 ABAB
    5    5  102   37   0.0606198356 ABAB
    5    5   37  102   0.0606198356 ABAB
    9    5   22  120  -0.0593046832 ABAB
    5    9  120   22  -0.0593046832 ABAB
    4    4  120   37  -0.0587887239 ABAB
    4    4   37  120  -0.0587887239 ABAB
  Total CCSD gradient is   -0.002260409245898.
  norm of converged amps    2.59269376175639     
 Starting iterative solution of the perturbed Lambda equations.
 The DIIS procedure is used to accelerate convergence.
 Convergence criterion is 10**(-7).
 Maximum number of iterations is 100.
 Convergence information after     1 iterations: 
 Largest element of residual vector :  0.38611828E-01.
 Largest element of DIIS residual   :  0.38611828E-01.
 Convergence information after     2 iterations: 
 Largest element of residual vector :  0.42150531E-02.
 Largest element of DIIS residual   :  0.41161788E-02.
 Convergence information after     3 iterations: 
 Largest element of residual vector : -0.15056414E-02.
 Largest element of DIIS residual   : -0.18431341E-02.
 Convergence information after     4 iterations: 
 Largest element of residual vector :  0.47607656E-03.
 Largest element of DIIS residual   :  0.42199830E-03.
 Convergence information after     5 iterations: 
 Largest element of residual vector : -0.36884266E-03.
 Largest element of DIIS residual   : -0.30670750E-03.
 Convergence information after     6 iterations: 
 Largest element of residual vector : -0.20904994E-03.
 Largest element of DIIS residual   : -0.14042913E-03.
 Convergence information after     7 iterations: 
 Largest element of residual vector : -0.11678607E-03.
 Largest element of DIIS residual   : -0.61382173E-04.
 Convergence information after     8 iterations: 
 Largest element of residual vector : -0.39513642E-04.
 Largest element of DIIS residual   :  0.17980592E-04.
 Convergence information after     9 iterations: 
 Largest element of residual vector : -0.13924419E-04.
 Largest element of DIIS residual   : -0.59327520E-05.
 Convergence information after    10 iterations: 
 Largest element of residual vector :  0.38198479E-05.
 Largest element of DIIS residual   : -0.17277898E-05.
 Convergence information after    11 iterations: 
 Largest element of residual vector : -0.12766535E-05.
 Largest element of DIIS residual   : -0.91009206E-06.
 Convergence information after    12 iterations: 
 Largest element of residual vector :  0.56201010E-06.
 Largest element of DIIS residual   :  0.46832245E-06.
 Convergence information after    13 iterations: 
 Largest element of residual vector : -0.25577150E-06.
 Largest element of DIIS residual   : -0.14004521E-06.
 Convergence information after    14 iterations: 
 Largest element of residual vector :  0.11668364E-06.
 Largest element of DIIS residual   :  0.83863788E-07.
 Perturbed Lambda equations converged in    14 iterations.
  Dominant contributions to perturbed wavefunction:
    9    5   22  102   0.0695530372 ABAB
    5    9  102   22   0.0695530372 ABAB
    4    4  102   33   0.0690634385 ABAB
    4    4   33  102   0.0690634385 ABAB
    4    4  102   37   0.0638533521 ABAB
    4    4   37  102   0.0638533521 ABAB
    9    4   22  102  -0.0612853820 ABAB
    4    9  102   22  -0.0612853820 ABAB
    9    9  102   37   0.0601045311 ABAB
    9    9   37  102   0.0601045311 ABAB
    9    9  120   37  -0.0599125553 ABAB
    9    9   37  120  -0.0599125553 ABAB
    9    5   22   52   0.0590519621 ABAB
    5    9   52   22   0.0590519621 ABAB
    5    5  102   37   0.0590361856 ABAB
    5    5   37  102   0.0590361856 ABAB
    4    4  120   37  -0.0577107737 ABAB
    4    4   37  120  -0.0577107737 ABAB
    9    5   22  120  -0.0569013758 ABAB
    5    9  120   22  -0.0569013758 ABAB
  Total CCSD gradient is   -0.001189726333270.
        The DBOC first-order density matrix is being calculated 
             (Symmetry block 1, perturbation  14)
 term   7.94824935564356     
 final tnorm1  4.875288195409655E-003
  <0|L dT/dx|0>  4.875288195409655E-003
  norm contr. I: |<0|L dT/dx|0>|^2   2.376843498830073E-005
  norm contr. II: <0|[nabla(1+L)e-T][nabla e^T]|0>   7.94824935564356     
  total norm contribution   7.94827312407855     
 oo  2.987194487980663E-003
 vv  -949.530948020165     
 vo -0.735906556673237     
  Correlated perturbed 1-el contribution to DBOC  -950.263867382350       cm**-1
  SUM_I |dc_I/dx|^2 contribution to DBOC   475.027039945468       cm**-1
 
  current total DBOC   2443.24483996699       cm**-1
 First-order density matrix is being calculated  (Symmetry block 1, perturbation  14)
 Calculation of the contributions of <pq||rs> to dI(i,j)/dx required   7.4 seconds.
 Calculation of the contributions of <pq||rs> to dI(a,b)/dx required  43.7 seconds.
 Calculation of the contributions of <pq||rs> to dI(i,a)/dx required  14.0 seconds.
 First-order Z-vector equations are solved for 1 perturbation.
 Convergence reached after  26 iterations.
        U*G(pq,rs) contribution is being calculated
             (Symmetry block 1, perturbation  14)

 CCSD contribution to force constants 

        0.0000000000        0.0000000000        0.0000000000
        0.0000000000        0.0000000000        0.0000000000
        0.0000000000        0.0000000000        0.0000000000
        0.0000000000        0.0000000000        0.0000000000
        0.0000000000        0.0000000000        0.0000000000
        0.0000000000        0.0000000000        0.0000000000
        0.0000000000        0.0000000000        0.0000000000
        0.0000000000        0.0000000000        0.0000000000
        0.0000000000        0.0000000000        0.0000000000
        0.0000000000        0.0000000000        0.0000000000
        0.0000000000        0.0000000000        0.0000000000
        0.0000000000        0.0000000000        0.0000000000
        0.0000000000        0.0000000000        0.0000000000
        0.0000000000        0.0000000000        0.0000000000
        0.0000000000        0.0000000000        0.0000000000
        0.0000000000        0.0000000000        0.0000000000
        0.0000000000        0.0000000000        0.0000000000
        0.0000000000        0.0000000000        0.0000000000
        0.0000000000        0.0000000000        0.0000000000
        0.0000000000        0.0000000000        0.0000000000
        0.0000000000        0.0000000000        0.0000000000
        0.0000000000        0.0000000000        0.0000000000
        0.0000000000        0.0000000000        0.0000000000
        0.0000000000        0.0000000000        0.0000000000
        0.0000000000        0.0000000000        0.0000000000
        0.0000000000        0.0000000000        0.0000000000
        0.0000000000        0.0000000000        0.0000000000
        0.0000000000        0.0000000000        0.0000000000
        0.0000000000        0.0000000000        0.0000000000
        0.0000000000        0.0000000000        0.0000000000
        0.0000000000        0.0000000000        0.0000000000
        0.0000000000        0.0000000000        0.0000000000
        0.0000000000        0.0000000000        0.0000000000
        0.0000000000        0.0000000000        0.0000000000
        0.0000000000        0.0000000000        0.0000000000
        0.0000000000        0.0000000000        0.0000000000
        0.0000000000        0.0000000000        0.0000000000
        0.0000000000        0.0000000000        0.0000000000
        0.0000000000        0.0000000000        0.0000000000
        0.0000000000        0.0000000000        0.0000000000
        0.0000000000        0.0000000000        0.0000000000
        0.0000000000        0.0000000000        0.0000000000
        0.0000000000        0.0000000000        0.0000000000
        0.0000000000        0.0000000000        0.0000000000
        0.0000000000        0.0000000000        0.0000000000
        0.0000000000        0.0000000000        0.0000000000
        0.0000000000        0.0000000000        0.0000000000
        0.0000000000        0.0000000000        0.0000000000
        0.0000000000        0.0000000000        0.0000000000
        0.0000000000        0.0000000000        0.0000000000
        0.0000000000        0.0000000000        0.0000000000
        0.0000000000        0.0000000000        0.0000000000
        0.0000000000        0.0000000000        0.0000000000
        0.0000000000        0.0000000000        0.0000000000
        0.0000000000        0.0000000000        0.0000000000
        0.0000000000        0.0000000000        0.0000000000
        0.0000000000        0.0000000000        0.0000000000
        0.0000000000        0.0000000000        0.0000000000
        0.0000000000        0.0000000000        0.0000000000
        0.0000000000        0.0000000000        0.0000000000
        0.0000000000        0.0000000000        0.0000000000
        0.0000000000        0.0000000000        0.0000000000
        0.0000000000        0.0000000000        0.0000000000
        0.0000000000        0.0000000000        0.0000000000
        0.0000000000        0.0000000000        0.0000000000
        0.0000000000        0.0000000000        0.0000000000
        0.0000000000        0.0000000000        0.0000000000
        0.0000000000        0.0000000000        0.0000000000
        0.0000000000        0.0000000000        0.0000000000
        0.0000000000        0.0000000000        0.0000000000
        0.0000000000        0.0000000000        0.0000000000
        0.0000000000        0.0000000000        0.0000000000
        0.0000000000        0.0000000000        0.0000000000
        0.0000000000        0.0000000000        0.0000000000
        0.0000000000        0.0000000000        0.0000000000
        0.0000000000        0.0000000000        0.0000000000
        0.0000000000        0.0000000000        0.0000000000
        0.0000000000        0.0000000000        0.0000000000
        4.5002707649       -5.7971832302       11.6136718233
        1.0541168921       -0.6547504958        1.0713411852
       -1.4810619712       -1.4917735514       -1.2279042416
        1.6233980983      -22.8549518518      -12.6291873892
       -5.1472653916       28.9252525883        2.6001748467
       -0.5494583925        1.8734065410       -1.4280962244
        0.0000000000        0.0000000000        0.0000000000
        0.0000000000        0.0000000000        0.0000000000
        0.0000000000        0.0000000000        0.0000000000
        0.0000000000        0.0000000000        0.0000000000
        0.0000000000        0.0000000000        0.0000000000
        0.0000000000        0.0000000000        0.0000000000
        0.0000000000        0.0000000000        0.0000000000
        0.0000000000        0.0000000000        0.0000000000
        0.0000000000        0.0000000000        0.0000000000
        0.0000000000        0.0000000000        0.0000000000
        0.0000000000        0.0000000000        0.0000000000
        0.0000000000        0.0000000000        0.0000000000
        0.0000000000        0.0000000000        0.0000000000
        0.0000000000        0.0000000000        0.0000000000
        0.0000000000        0.0000000000        0.0000000000
        0.0000000000        0.0000000000        0.0000000000
        0.0000000000        0.0000000000        0.0000000000
        0.0000000000        0.0000000000        0.0000000000
        0.0000000000        0.0000000000        0.0000000000
        0.0000000000        0.0000000000        0.0000000000
        0.0000000000        0.0000000000        0.0000000000
        0.0000000000        0.0000000000        0.0000000000
        0.0000000000        0.0000000000        0.0000000000
        0.0000000000        0.0000000000        0.0000000000

 CCSD contribution to dipole derivatives 

        0.0000000000        0.0000000000        0.0000000000
        0.0000000000        0.0000000000        0.0000000000
        0.0000000000        0.0000000000        0.0000000000
        0.0000000000        0.0000000000        0.0000000000
        0.0000000000       -0.0467256168        0.0000000000
        0.0000000000        0.0000000000        0.0000000000
        0.0000000000        0.0000000000        0.0000000000
        0.0000000000        0.0000000000        0.0000000000
        0.0000000000        0.0000000000        0.0000000000
        0.0000000000        0.0000000000        0.0000000000
        0.0000000000       -0.0016343046        0.0000000000
        0.0000000000        0.0000000000        0.0000000000
        0.0000000000        0.0000000000        0.0000000000
        0.0000000000        0.0000000000        0.0000000000
        0.0000000000        0.0000000000        0.0000000000
        0.0000000000        0.0000000000        0.0000000000
        0.0000000000       -0.0146821013        0.0000000000
        0.0000000000        0.0000000000        0.0000000000
 @CHECKOUT-I, Total execution time (CPU/WALL):     3643.19/    1187.28 seconds.
--executable xsdcc finished with status     0 in     1187.39 seconds (walltime).
 --invoking executable--
/home/asmola/.local/bin/xanti
 @GETMEM-I,  Allocated   38146 MB of main memory.
 CCSD MO derivative gammas will be sorted to Mulliken order.
 @CHECKOUT-I, Total execution time (CPU/WALL):       36.69/     111.59 seconds.
--executable xanti finished with status     0 in      111.66 seconds (walltime).
 --invoking executable--
/home/asmola/.local/bin/xbcktrn
 @GETMEM-I,  Allocated   38146 MB of main memory.
 CCSD MO derivative gammas will be transformed to the AO basis.
 @CHECKOUT-I, Total execution time (CPU/WALL):       99.74/      17.63 seconds.
--executable xbcktrn finished with status     0 in       17.67 seconds (walltime).
 --invoking executable--
/home/asmola/.local/bin/xvdint
 @GETMEM-I,  Allocated   38146 MB of main memory.
 One- and two-electron integral derivatives are calculated
 for RHF-CC/MBPT hessians and dipole derivatives.
 Spherical gaussians are used.
  magnet F F
 Evaluation of 2el integral derivatives

                      Two-electron integral gradient
                      ------------------------------

 C #1       0.0685709470           -0.2842802341           -0.0206249709
 O #2      -0.0328729857            0.0213646503            0.0075008460
 H #3       0.0048952102           -0.0026687057            0.0155512074
 H #4       0.0497751128           -0.3739382971            0.0427481974
 H #5      -0.0918714133            0.6631377026           -0.1061524686
 H #6       0.0015031291           -0.0236151161            0.0609771887


 Evaluation of 2e integral derivatives required  687.47 seconds.
  contribution to Hessian
        0.0685709470       -0.2842802341       -0.0206249709
       -0.0328729857        0.0213646503        0.0075008460
        0.0048952102       -0.0026687057        0.0155512074
        0.0497751128       -0.3739382971        0.0427481974
       -0.0918714133        0.6631377026       -0.1061524686
        0.0015031291       -0.0236151161        0.0609771887
 @CHECKOUT-I, Total execution time (CPU/WALL):      687.45/     104.84 seconds.
--executable xvdint finished with status     0 in      104.88 seconds (walltime).
 --invoking executable--
/home/asmola/.local/bin/xsdcc
 @GETMEM-I,  Allocated   38146 MB of main memory.
 Vibrational frequencies and infrared intensities are calculated
 at the CCSD level within the harmonic approximation.
 CPHF coefficients for occ-occ block: U^x(i,j) = -1/2 S^x(i,j)
 CPHF coefficients for vrt-vrt block: U^x(a,b) = -1/2 S^x(a,b)
 Transformation of derivative integrals from AO to MO basis:
 RHF transformation
 Transformation of DIIII integral derivatives.
 1 pass through the AO integral derivative file was needed.
  89864137 AO integral derivatives were read from file DIIII.
 Transformation of first index required  291.3 seconds.
 Transformation of remaining indices required  308.4 seconds.
1715296743 MO integral derivatives were written to file DERINT.
        MO basis integral derivatives are being calculated
             (Symmetry block 1, perturbation  15)
 First derivative of the wavefunction is calculated (Symmetry block 1, perturbation  15)
 Resorts of perturbed amplitudes and integrals required   0.1 seconds.
 Construction of <Phi|(dH_N/dx exp(T))c|0> required  26.3 seconds.
 Starting iterative solution of the perturbed CC equations.
 The DIIS procedure is used to accelerate convergence.
 Convergence criterion is 10**(-7).
 Maximum number of iterations is 100.
 Convergence information after     1 iterations: 
 Largest element of residual vector :  0.10573388E+00.
 Largest element of DIIS residual   :  0.10573388E+00.
 Convergence information after     2 iterations: 
 Largest element of residual vector :  0.14246650E-01.
 Largest element of DIIS residual   : -0.13846940E-01.
 Convergence information after     3 iterations: 
 Largest element of residual vector :  0.61846693E-02.
 Largest element of DIIS residual   :  0.31057992E-02.
 Convergence information after     4 iterations: 
 Largest element of residual vector : -0.16982861E-02.
 Largest element of DIIS residual   : -0.11334317E-02.
 Convergence information after     5 iterations: 
 Largest element of residual vector : -0.59281823E-03.
 Largest element of DIIS residual   : -0.41642001E-03.
 Convergence information after     6 iterations: 
 Largest element of residual vector : -0.30953662E-03.
 Largest element of DIIS residual   : -0.22118063E-03.
 Convergence information after     7 iterations: 
 Largest element of residual vector : -0.15834759E-03.
 Largest element of DIIS residual   :  0.91431381E-04.
 Convergence information after     8 iterations: 
 Largest element of residual vector : -0.66368804E-04.
 Largest element of DIIS residual   :  0.27928970E-04.
 Convergence information after     9 iterations: 
 Largest element of residual vector :  0.21890245E-04.
 Largest element of DIIS residual   :  0.10328070E-04.
 Convergence information after    10 iterations: 
 Largest element of residual vector :  0.71124737E-05.
 Largest element of DIIS residual   :  0.29278894E-05.
 Convergence information after    11 iterations: 
 Largest element of residual vector :  0.18687923E-05.
 Largest element of DIIS residual   : -0.14960373E-05.
 Convergence information after    12 iterations: 
 Largest element of residual vector : -0.10159194E-05.
 Largest element of DIIS residual   : -0.81599367E-06.
 Convergence information after    13 iterations: 
 Largest element of residual vector : -0.53811048E-06.
 Largest element of DIIS residual   : -0.34844318E-06.
 Convergence information after    14 iterations: 
 Largest element of residual vector : -0.24142071E-06.
 Largest element of DIIS residual   : -0.13320655E-06.
 Convergence information after    15 iterations: 
 Largest element of residual vector : -0.86759689E-07.
 Largest element of DIIS residual   : -0.55371109E-07.
 Perturbed amplitude equations converged in    15 iterations.
  Dominant contributions to perturbed wavefunction:
    9    9   52   22   0.1836127257 ABAB
    9    9   22   52   0.1836127257 ABAB
    9    9  102   22   0.1594773061 ABAB
    9    9   22  102   0.1594773061 ABAB
    9    9   22   22  -0.1476439568 ABAB
    9    9   70   22  -0.1376882490 ABAB
    9    9   22   70  -0.1376882490 ABAB
    9    9  120   22  -0.1324643865 ABAB
    9    9   22  120  -0.1324643865 ABAB
    9    9   52   48  -0.1243552389 ABAB
    9    9   48   52  -0.1243552389 ABAB
    9    9   52   52  -0.1227066173 ABAB
    9    9   40   22   0.1183944734 ABAB
    9    9   22   40   0.1183944734 ABAB
    9    9   48   22   0.1163570639 ABAB
    9    9   22   48   0.1163570639 ABAB
    9    9  118   22   0.1143360271 ABAB
    9    9   22  118   0.1143360271 ABAB
    9    9  149   22   0.1137264124 ABAB
    9    9   22  149   0.1137264124 ABAB
  Total CCSD gradient is    0.002545280896715.
  norm of converged amps    3.09270269089001     
 Starting iterative solution of the perturbed Lambda equations.
 The DIIS procedure is used to accelerate convergence.
 Convergence criterion is 10**(-7).
 Maximum number of iterations is 100.
 Convergence information after     1 iterations: 
 Largest element of residual vector :  0.90805204E-01.
 Largest element of DIIS residual   :  0.90805204E-01.
 Convergence information after     2 iterations: 
 Largest element of residual vector :  0.12519614E-01.
 Largest element of DIIS residual   : -0.11812329E-01.
 Convergence information after     3 iterations: 
 Largest element of residual vector :  0.52975700E-02.
 Largest element of DIIS residual   :  0.27860128E-02.
 Convergence information after     4 iterations: 
 Largest element of residual vector : -0.15292456E-02.
 Largest element of DIIS residual   : -0.10398656E-02.
 Convergence information after     5 iterations: 
 Largest element of residual vector : -0.54435801E-03.
 Largest element of DIIS residual   : -0.37079980E-03.
 Convergence information after     6 iterations: 
 Largest element of residual vector : -0.27467912E-03.
 Largest element of DIIS residual   : -0.19503706E-03.
 Convergence information after     7 iterations: 
 Largest element of residual vector : -0.14008620E-03.
 Largest element of DIIS residual   :  0.82125422E-04.
 Convergence information after     8 iterations: 
 Largest element of residual vector : -0.59402388E-04.
 Largest element of DIIS residual   :  0.24959164E-04.
 Convergence information after     9 iterations: 
 Largest element of residual vector :  0.19425128E-04.
 Largest element of DIIS residual   :  0.96152054E-05.
 Convergence information after    10 iterations: 
 Largest element of residual vector :  0.65555528E-05.
 Largest element of DIIS residual   :  0.28190310E-05.
 Convergence information after    11 iterations: 
 Largest element of residual vector :  0.18059380E-05.
 Largest element of DIIS residual   : -0.14701454E-05.
 Convergence information after    12 iterations: 
 Largest element of residual vector : -0.98632808E-06.
 Largest element of DIIS residual   : -0.75696201E-06.
 Convergence information after    13 iterations: 
 Largest element of residual vector : -0.50036940E-06.
 Largest element of DIIS residual   : -0.31623046E-06.
 Convergence information after    14 iterations: 
 Largest element of residual vector : -0.21914928E-06.
 Largest element of DIIS residual   : -0.12164749E-06.
 Convergence information after    15 iterations: 
 Largest element of residual vector : -0.80018766E-07.
 Largest element of DIIS residual   : -0.47361422E-07.
 Perturbed Lambda equations converged in    15 iterations.
  Dominant contributions to perturbed wavefunction:
    9    9   52   22   0.1770026007 ABAB
    9    9   22   52   0.1770026007 ABAB
    9    9  102   22   0.1532346771 ABAB
    9    9   22  102   0.1532346771 ABAB
    9    9   22   22  -0.1422379174 ABAB
    9    9   70   22  -0.1325083968 ABAB
    9    9   22   70  -0.1325083968 ABAB
    9    9  120   22  -0.1273325060 ABAB
    9    9   22  120  -0.1273325060 ABAB
    9    9   52   48  -0.1204123960 ABAB
    9    9   48   52  -0.1204123960 ABAB
    9    9   52   52  -0.1188210574 ABAB
    9    9   40   22   0.1138616746 ABAB
    9    9   22   40   0.1138616746 ABAB
    9    9   48   22   0.1123022340 ABAB
    9    9   22   48   0.1123022340 ABAB
    9    9  118   22   0.1098095014 ABAB
    9    9   22  118   0.1098095014 ABAB
    9    9  149   22   0.1092458308 ABAB
    9    9   22  149   0.1092458308 ABAB
  Total CCSD gradient is    0.001773459395890.
        The DBOC first-order density matrix is being calculated 
             (Symmetry block 1, perturbation  15)
 term   10.8575951636189     
 final tnorm1 -3.889083461275877E-003
  <0|L dT/dx|0> -3.889083461275877E-003
  norm contr. I: |<0|L dT/dx|0>|^2   1.512497016876955E-005
  norm contr. II: <0|[nabla(1+L)e-T][nabla e^T]|0>   10.8575951636189     
  total norm contribution   10.8576102885891     
 oo  1.569328605867807E-002
 vv  -1296.78423205054     
 vo -0.442879245179172     
  Correlated perturbed 1-el contribution to DBOC  -1297.21141800966       cm**-1
  SUM_I |dc_I/dx|^2 contribution to DBOC   648.903025318201       cm**-1
 
  current total DBOC   1794.93644727553       cm**-1
 First-order density matrix is being calculated  (Symmetry block 1, perturbation  15)
 Calculation of the contributions of <pq||rs> to dI(i,j)/dx required   5.4 seconds.
 Calculation of the contributions of <pq||rs> to dI(a,b)/dx required  45.9 seconds.
 Calculation of the contributions of <pq||rs> to dI(i,a)/dx required  13.8 seconds.
 First-order Z-vector equations are solved for 1 perturbation.
 Convergence reached after  26 iterations.
        U*G(pq,rs) contribution is being calculated
             (Symmetry block 1, perturbation  15)

 CCSD contribution to force constants 

        0.0000000000        0.0000000000        0.0000000000
        0.0000000000        0.0000000000        0.0000000000
        0.0000000000        0.0000000000        0.0000000000
        0.0000000000        0.0000000000        0.0000000000
        0.0000000000        0.0000000000        0.0000000000
        0.0000000000        0.0000000000        0.0000000000
        0.0000000000        0.0000000000        0.0000000000
        0.0000000000        0.0000000000        0.0000000000
        0.0000000000        0.0000000000        0.0000000000
        0.0000000000        0.0000000000        0.0000000000
        0.0000000000        0.0000000000        0.0000000000
        0.0000000000        0.0000000000        0.0000000000
        0.0000000000        0.0000000000        0.0000000000
        0.0000000000        0.0000000000        0.0000000000
        0.0000000000        0.0000000000        0.0000000000
        0.0000000000        0.0000000000        0.0000000000
        0.0000000000        0.0000000000        0.0000000000
        0.0000000000        0.0000000000        0.0000000000
        0.0000000000        0.0000000000        0.0000000000
        0.0000000000        0.0000000000        0.0000000000
        0.0000000000        0.0000000000        0.0000000000
        0.0000000000        0.0000000000        0.0000000000
        0.0000000000        0.0000000000        0.0000000000
        0.0000000000        0.0000000000        0.0000000000
        0.0000000000        0.0000000000        0.0000000000
        0.0000000000        0.0000000000        0.0000000000
        0.0000000000        0.0000000000        0.0000000000
        0.0000000000        0.0000000000        0.0000000000
        0.0000000000        0.0000000000        0.0000000000
        0.0000000000        0.0000000000        0.0000000000
        0.0000000000        0.0000000000        0.0000000000
        0.0000000000        0.0000000000        0.0000000000
        0.0000000000        0.0000000000        0.0000000000
        0.0000000000        0.0000000000        0.0000000000
        0.0000000000        0.0000000000        0.0000000000
        0.0000000000        0.0000000000        0.0000000000
        0.0000000000        0.0000000000        0.0000000000
        0.0000000000        0.0000000000        0.0000000000
        0.0000000000        0.0000000000        0.0000000000
        0.0000000000        0.0000000000        0.0000000000
        0.0000000000        0.0000000000        0.0000000000
        0.0000000000        0.0000000000        0.0000000000
        0.0000000000        0.0000000000        0.0000000000
        0.0000000000        0.0000000000        0.0000000000
        0.0000000000        0.0000000000        0.0000000000
        0.0000000000        0.0000000000        0.0000000000
        0.0000000000        0.0000000000        0.0000000000
        0.0000000000        0.0000000000        0.0000000000
        0.0000000000        0.0000000000        0.0000000000
        0.0000000000        0.0000000000        0.0000000000
        0.0000000000        0.0000000000        0.0000000000
        0.0000000000        0.0000000000        0.0000000000
        0.0000000000        0.0000000000        0.0000000000
        0.0000000000        0.0000000000        0.0000000000
        0.0000000000        0.0000000000        0.0000000000
        0.0000000000        0.0000000000        0.0000000000
        0.0000000000        0.0000000000        0.0000000000
        0.0000000000        0.0000000000        0.0000000000
        0.0000000000        0.0000000000        0.0000000000
        0.0000000000        0.0000000000        0.0000000000
        0.0000000000        0.0000000000        0.0000000000
        0.0000000000        0.0000000000        0.0000000000
        0.0000000000        0.0000000000        0.0000000000
        0.0000000000        0.0000000000        0.0000000000
        0.0000000000        0.0000000000        0.0000000000
        0.0000000000        0.0000000000        0.0000000000
        0.0000000000        0.0000000000        0.0000000000
        0.0000000000        0.0000000000        0.0000000000
        0.0000000000        0.0000000000        0.0000000000
        0.0000000000        0.0000000000        0.0000000000
        0.0000000000        0.0000000000        0.0000000000
        0.0000000000        0.0000000000        0.0000000000
        0.0000000000        0.0000000000        0.0000000000
        0.0000000000        0.0000000000        0.0000000000
        0.0000000000        0.0000000000        0.0000000000
        0.0000000000        0.0000000000        0.0000000000
        0.0000000000        0.0000000000        0.0000000000
        0.0000000000        0.0000000000        0.0000000000
        0.0000000000        0.0000000000        0.0000000000
        0.0000000000        0.0000000000        0.0000000000
        0.0000000000        0.0000000000        0.0000000000
        0.0000000000        0.0000000000        0.0000000000
        0.0000000000        0.0000000000        0.0000000000
        0.0000000000        0.0000000000        0.0000000000
       -8.3867941856       13.8191063932       -1.9619564378
       -1.1724583922        0.7182430608       -0.6518019014
        2.1144968854       -0.6417622135       -1.4953309823
        2.2141905670      -12.4366436530       16.4380532880
        4.8513553551       -0.1862518719      -13.0965537521
        0.3792097703       -1.2726917155        0.7675897855
        0.0000000000        0.0000000000        0.0000000000
        0.0000000000        0.0000000000        0.0000000000
        0.0000000000        0.0000000000        0.0000000000
        0.0000000000        0.0000000000        0.0000000000
        0.0000000000        0.0000000000        0.0000000000
        0.0000000000        0.0000000000        0.0000000000
        0.0000000000        0.0000000000        0.0000000000
        0.0000000000        0.0000000000        0.0000000000
        0.0000000000        0.0000000000        0.0000000000
        0.0000000000        0.0000000000        0.0000000000
        0.0000000000        0.0000000000        0.0000000000
        0.0000000000        0.0000000000        0.0000000000
        0.0000000000        0.0000000000        0.0000000000
        0.0000000000        0.0000000000        0.0000000000
        0.0000000000        0.0000000000        0.0000000000
        0.0000000000        0.0000000000        0.0000000000
        0.0000000000        0.0000000000        0.0000000000
        0.0000000000        0.0000000000        0.0000000000

 CCSD contribution to dipole derivatives 

        0.0000000000        0.0000000000        0.0000000000
        0.0000000000        0.0000000000        0.0000000000
        0.0000000000        0.0000000000        0.0000000000
        0.0000000000        0.0000000000        0.0000000000
        0.0000000000        0.0000000000        0.1042567361
        0.0000000000        0.0000000000        0.0000000000
        0.0000000000        0.0000000000        0.0000000000
        0.0000000000        0.0000000000        0.0000000000
        0.0000000000        0.0000000000        0.0000000000
        0.0000000000        0.0000000000        0.0000000000
        0.0000000000        0.0000000000       -0.0758097819
        0.0000000000        0.0000000000        0.0000000000
        0.0000000000        0.0000000000        0.0000000000
        0.0000000000        0.0000000000        0.0000000000
        0.0000000000        0.0000000000        0.0000000000
        0.0000000000        0.0000000000        0.0000000000
        0.0000000000        0.0000000000       -0.0017852408
        0.0000000000        0.0000000000        0.0000000000
 @CHECKOUT-I, Total execution time (CPU/WALL):     3703.55/    1211.08 seconds.
--executable xsdcc finished with status     0 in     1211.19 seconds (walltime).
 --invoking executable--
/home/asmola/.local/bin/xanti
 @GETMEM-I,  Allocated   38146 MB of main memory.
 CCSD MO derivative gammas will be sorted to Mulliken order.
 @CHECKOUT-I, Total execution time (CPU/WALL):       36.52/     112.34 seconds.
--executable xanti finished with status     0 in      112.41 seconds (walltime).
 --invoking executable--
/home/asmola/.local/bin/xbcktrn
 @GETMEM-I,  Allocated   38146 MB of main memory.
 CCSD MO derivative gammas will be transformed to the AO basis.
 @CHECKOUT-I, Total execution time (CPU/WALL):      101.43/      16.79 seconds.
--executable xbcktrn finished with status     0 in       16.83 seconds (walltime).
 --invoking executable--
/home/asmola/.local/bin/xvdint
 @GETMEM-I,  Allocated   38146 MB of main memory.
 One- and two-electron integral derivatives are calculated
 for RHF-CC/MBPT hessians and dipole derivatives.
 Spherical gaussians are used.
  magnet F F
 Evaluation of 2el integral derivatives

                      Two-electron integral gradient
                      ------------------------------

 C #1      -0.0429197828           -0.0537754503           -0.3488620211
 O #2       0.0131841423           -0.0132239295            0.0271655364
 H #3      -0.0226028424            0.0109943033           -0.0026717849
 H #4      -0.0107194362            0.1181481944           -0.7725384355
 H #5       0.0462694502           -0.1328501901            1.1675805934
 H #6       0.0167884688            0.0707070722           -0.0706738881


 Evaluation of 2e integral derivatives required  679.10 seconds.
  contribution to Hessian
       -0.0429197828       -0.0537754503       -0.3488620211
        0.0131841423       -0.0132239295        0.0271655364
       -0.0226028424        0.0109943033       -0.0026717849
       -0.0107194362        0.1181481944       -0.7725384355
        0.0462694502       -0.1328501901        1.1675805934
        0.0167884688        0.0707070722       -0.0706738881
 @CHECKOUT-I, Total execution time (CPU/WALL):      679.08/     104.15 seconds.
--executable xvdint finished with status     0 in      104.19 seconds (walltime).
 --invoking executable--
/home/asmola/.local/bin/xsdcc
 @GETMEM-I,  Allocated   38146 MB of main memory.
 Vibrational frequencies and infrared intensities are calculated
 at the CCSD level within the harmonic approximation.
 CPHF coefficients for occ-occ block: U^x(i,j) = -1/2 S^x(i,j)
 CPHF coefficients for vrt-vrt block: U^x(a,b) = -1/2 S^x(a,b)
 Transformation of derivative integrals from AO to MO basis:
 RHF transformation
 Transformation of DIIII integral derivatives.
 1 pass through the AO integral derivative file was needed.
  89937215 AO integral derivatives were read from file DIIII.
 Transformation of first index required  288.3 seconds.
 Transformation of remaining indices required  327.5 seconds.
1715296743 MO integral derivatives were written to file DERINT.
        MO basis integral derivatives are being calculated
             (Symmetry block 1, perturbation  16)
 First derivative of the wavefunction is calculated (Symmetry block 1, perturbation  16)
 Resorts of perturbed amplitudes and integrals required   0.6 seconds.
 Construction of <Phi|(dH_N/dx exp(T))c|0> required  30.8 seconds.
 Starting iterative solution of the perturbed CC equations.
 The DIIS procedure is used to accelerate convergence.
 Convergence criterion is 10**(-7).
 Maximum number of iterations is 100.
 Convergence information after     1 iterations: 
 Largest element of residual vector :  0.56133590E-01.
 Largest element of DIIS residual   :  0.56133590E-01.
 Convergence information after     2 iterations: 
 Largest element of residual vector : -0.62275444E-02.
 Largest element of DIIS residual   : -0.59741544E-02.
 Convergence information after     3 iterations: 
 Largest element of residual vector :  0.48905599E-02.
 Largest element of DIIS residual   :  0.27896262E-02.
 Convergence information after     4 iterations: 
 Largest element of residual vector :  0.11861659E-02.
 Largest element of DIIS residual   :  0.70654951E-03.
 Convergence information after     5 iterations: 
 Largest element of residual vector :  0.44216883E-03.
 Largest element of DIIS residual   :  0.27531966E-03.
 Convergence information after     6 iterations: 
 Largest element of residual vector : -0.12379850E-03.
 Largest element of DIIS residual   : -0.88860250E-04.
 Convergence information after     7 iterations: 
 Largest element of residual vector :  0.68929377E-04.
 Largest element of DIIS residual   :  0.40224912E-04.
 Convergence information after     8 iterations: 
 Largest element of residual vector : -0.24752195E-04.
 Largest element of DIIS residual   : -0.15459030E-04.
 Convergence information after     9 iterations: 
 Largest element of residual vector : -0.10550218E-04.
 Largest element of DIIS residual   : -0.47666840E-05.
 Convergence information after    10 iterations: 
 Largest element of residual vector : -0.34294247E-05.
 Largest element of DIIS residual   :  0.25202128E-05.
 Convergence information after    11 iterations: 
 Largest element of residual vector :  0.14758737E-05.
 Largest element of DIIS residual   : -0.10737840E-05.
 Convergence information after    12 iterations: 
 Largest element of residual vector :  0.72263059E-06.
 Largest element of DIIS residual   :  0.49936005E-06.
 Convergence information after    13 iterations: 
 Largest element of residual vector :  0.31028545E-06.
 Largest element of DIIS residual   : -0.19173354E-06.
 Convergence information after    14 iterations: 
 Largest element of residual vector :  0.10688927E-06.
 Largest element of DIIS residual   : -0.59278284E-07.
 Perturbed amplitude equations converged in    14 iterations.
  Dominant contributions to perturbed wavefunction:
    5    5  167   43   0.0527103172 ABAB
    5    5   43  167   0.0527103172 ABAB
    8    8   90   43   0.0479570423 ABAB
    8    8   43   90   0.0479570423 ABAB
    8    8  167   43   0.0456793572 ABAB
    8    8   43  167   0.0456793572 ABAB
    5    5   90   43   0.0452803253 ABAB
    5    5   43   90   0.0452803253 ABAB
    8    0   90    0  -0.0448334429 AA  
    8    5   90   90  -0.0398376318 ABAB
    5    8   90   90  -0.0398376318 ABAB
    5    5   56   43  -0.0369168830 ABAB
    5    5   43   56  -0.0369168830 ABAB
    8    8   56   43  -0.0353182208 ABAB
    8    8   43   56  -0.0353182208 ABAB
    8    0  167    0  -0.0348914073 AA  
    6    6  167   43   0.0343673614 ABAB
    6    6   43  167   0.0343673614 ABAB
    8    0   56    0   0.0340475793 AA  
    8    6  167   43   0.0329397399 ABAB
  Total CCSD gradient is    0.000324362159051.
  norm of converged amps    1.81067622317070     
 Starting iterative solution of the perturbed Lambda equations.
 The DIIS procedure is used to accelerate convergence.
 Convergence criterion is 10**(-7).
 Maximum number of iterations is 100.
 Convergence information after     1 iterations: 
 Largest element of residual vector :  0.46571980E-01.
 Largest element of DIIS residual   :  0.46571980E-01.
 Convergence information after     2 iterations: 
 Largest element of residual vector : -0.54038352E-02.
 Largest element of DIIS residual   : -0.48521905E-02.
 Convergence information after     3 iterations: 
 Largest element of residual vector :  0.40001826E-02.
 Largest element of DIIS residual   :  0.25094790E-02.
 Convergence information after     4 iterations: 
 Largest element of residual vector :  0.93674573E-03.
 Largest element of DIIS residual   :  0.62306960E-03.
 Convergence information after     5 iterations: 
 Largest element of residual vector :  0.37450405E-03.
 Largest element of DIIS residual   :  0.24114427E-03.
 Convergence information after     6 iterations: 
 Largest element of residual vector : -0.99465738E-04.
 Largest element of DIIS residual   : -0.76308694E-04.
 Convergence information after     7 iterations: 
 Largest element of residual vector :  0.58528883E-04.
 Largest element of DIIS residual   :  0.34432018E-04.
 Convergence information after     8 iterations: 
 Largest element of residual vector : -0.21367045E-04.
 Largest element of DIIS residual   : -0.13410545E-04.
 Convergence information after     9 iterations: 
 Largest element of residual vector : -0.91715164E-05.
 Largest element of DIIS residual   : -0.40891008E-05.
 Convergence information after    10 iterations: 
 Largest element of residual vector : -0.29537104E-05.
 Largest element of DIIS residual   :  0.20874244E-05.
 Convergence information after    11 iterations: 
 Largest element of residual vector :  0.12843519E-05.
 Largest element of DIIS residual   : -0.91887411E-06.
 Convergence information after    12 iterations: 
 Largest element of residual vector :  0.60962630E-06.
 Largest element of DIIS residual   :  0.42046737E-06.
 Convergence information after    13 iterations: 
 Largest element of residual vector :  0.25795222E-06.
 Largest element of DIIS residual   : -0.16614651E-06.
 Convergence information after    14 iterations: 
 Largest element of residual vector :  0.91120459E-07.
 Largest element of DIIS residual   : -0.48202651E-07.
 Perturbed Lambda equations converged in    14 iterations.
  Dominant contributions to perturbed wavefunction:
    5    5  167   43   0.0508707951 ABAB
    5    5   43  167   0.0508707951 ABAB
    8    8   90   43   0.0460492133 ABAB
    8    8   43   90   0.0460492133 ABAB
    8    8  167   43   0.0438508075 ABAB
    8    8   43  167   0.0438508075 ABAB
    5    5   90   43   0.0436712216 ABAB
    5    5   43   90   0.0436712216 ABAB
    8    5   90   90  -0.0387727231 ABAB
    5    8   90   90  -0.0387727231 ABAB
    5    5   56   43  -0.0356622438 ABAB
    5    5   43   56  -0.0356622438 ABAB
    8    8   56   43  -0.0338269282 ABAB
    8    8   43   56  -0.0338269282 ABAB
    6    6  167   43   0.0331483355 ABAB
    6    6   43  167   0.0331483355 ABAB
    8    6  167   43   0.0317259394 ABAB
    6    8   43  167   0.0317259394 ABAB
    5    5  167   37   0.0315807236 ABAB
    5    5   37  167   0.0315807236 ABAB
  Total CCSD gradient is    0.000100251343665.
        The DBOC first-order density matrix is being calculated 
             (Symmetry block 1, perturbation  16)
 term   3.91909984292884     
 final tnorm1 -1.362913542153967E-003
  <0|L dT/dx|0> -1.362913542153967E-003
  norm contr. I: |<0|L dT/dx|0>|^2   1.857533323386672E-006
  norm contr. II: <0|[nabla(1+L)e-T][nabla e^T]|0>   3.91909984292884     
  total norm contribution   3.91910170046216     
 oo  4.941023412691454E-003
 vv  -468.087974266644     
 vo -7.326439023548724E-002
  Correlated perturbed 1-el contribution to DBOC  -468.156297633467       cm**-1
  SUM_I |dc_I/dx|^2 contribution to DBOC   234.224371879724       cm**-1
 
  current total DBOC   1561.00452152178       cm**-1
 First-order density matrix is being calculated  (Symmetry block 1, perturbation  16)
 Calculation of the contributions of <pq||rs> to dI(i,j)/dx required   5.5 seconds.
 Calculation of the contributions of <pq||rs> to dI(a,b)/dx required  50.0 seconds.
 Calculation of the contributions of <pq||rs> to dI(i,a)/dx required  14.0 seconds.
 First-order Z-vector equations are solved for 1 perturbation.
 Convergence reached after  26 iterations.
        U*G(pq,rs) contribution is being calculated
             (Symmetry block 1, perturbation  16)

 CCSD contribution to force constants 

        0.0000000000        0.0000000000        0.0000000000
        0.0000000000        0.0000000000        0.0000000000
        0.0000000000        0.0000000000        0.0000000000
        0.0000000000        0.0000000000        0.0000000000
        0.0000000000        0.0000000000        0.0000000000
        0.0000000000        0.0000000000        0.0000000000
        0.0000000000        0.0000000000        0.0000000000
        0.0000000000        0.0000000000        0.0000000000
        0.0000000000        0.0000000000        0.0000000000
        0.0000000000        0.0000000000        0.0000000000
        0.0000000000        0.0000000000        0.0000000000
        0.0000000000        0.0000000000        0.0000000000
        0.0000000000        0.0000000000        0.0000000000
        0.0000000000        0.0000000000        0.0000000000
        0.0000000000        0.0000000000        0.0000000000
        0.0000000000        0.0000000000        0.0000000000
        0.0000000000        0.0000000000        0.0000000000
        0.0000000000        0.0000000000        0.0000000000
        0.0000000000        0.0000000000        0.0000000000
        0.0000000000        0.0000000000        0.0000000000
        0.0000000000        0.0000000000        0.0000000000
        0.0000000000        0.0000000000        0.0000000000
        0.0000000000        0.0000000000        0.0000000000
        0.0000000000        0.0000000000        0.0000000000
        0.0000000000        0.0000000000        0.0000000000
        0.0000000000        0.0000000000        0.0000000000
        0.0000000000        0.0000000000        0.0000000000
        0.0000000000        0.0000000000        0.0000000000
        0.0000000000        0.0000000000        0.0000000000
        0.0000000000        0.0000000000        0.0000000000
        0.0000000000        0.0000000000        0.0000000000
        0.0000000000        0.0000000000        0.0000000000
        0.0000000000        0.0000000000        0.0000000000
        0.0000000000        0.0000000000        0.0000000000
        0.0000000000        0.0000000000        0.0000000000
        0.0000000000        0.0000000000        0.0000000000
        0.0000000000        0.0000000000        0.0000000000
        0.0000000000        0.0000000000        0.0000000000
        0.0000000000        0.0000000000        0.0000000000
        0.0000000000        0.0000000000        0.0000000000
        0.0000000000        0.0000000000        0.0000000000
        0.0000000000        0.0000000000        0.0000000000
        0.0000000000        0.0000000000        0.0000000000
        0.0000000000        0.0000000000        0.0000000000
        0.0000000000        0.0000000000        0.0000000000
        0.0000000000        0.0000000000        0.0000000000
        0.0000000000        0.0000000000        0.0000000000
        0.0000000000        0.0000000000        0.0000000000
        0.0000000000        0.0000000000        0.0000000000
        0.0000000000        0.0000000000        0.0000000000
        0.0000000000        0.0000000000        0.0000000000
        0.0000000000        0.0000000000        0.0000000000
        0.0000000000        0.0000000000        0.0000000000
        0.0000000000        0.0000000000        0.0000000000
        0.0000000000        0.0000000000        0.0000000000
        0.0000000000        0.0000000000        0.0000000000
        0.0000000000        0.0000000000        0.0000000000
        0.0000000000        0.0000000000        0.0000000000
        0.0000000000        0.0000000000        0.0000000000
        0.0000000000        0.0000000000        0.0000000000
        0.0000000000        0.0000000000        0.0000000000
        0.0000000000        0.0000000000        0.0000000000
        0.0000000000        0.0000000000        0.0000000000
        0.0000000000        0.0000000000        0.0000000000
        0.0000000000        0.0000000000        0.0000000000
        0.0000000000        0.0000000000        0.0000000000
        0.0000000000        0.0000000000        0.0000000000
        0.0000000000        0.0000000000        0.0000000000
        0.0000000000        0.0000000000        0.0000000000
        0.0000000000        0.0000000000        0.0000000000
        0.0000000000        0.0000000000        0.0000000000
        0.0000000000        0.0000000000        0.0000000000
        0.0000000000        0.0000000000        0.0000000000
        0.0000000000        0.0000000000        0.0000000000
        0.0000000000        0.0000000000        0.0000000000
        0.0000000000        0.0000000000        0.0000000000
        0.0000000000        0.0000000000        0.0000000000
        0.0000000000        0.0000000000        0.0000000000
        0.0000000000        0.0000000000        0.0000000000
        0.0000000000        0.0000000000        0.0000000000
        0.0000000000        0.0000000000        0.0000000000
        0.0000000000        0.0000000000        0.0000000000
        0.0000000000        0.0000000000        0.0000000000
        0.0000000000        0.0000000000        0.0000000000
        0.0000000000        0.0000000000        0.0000000000
        0.0000000000        0.0000000000        0.0000000000
        0.0000000000        0.0000000000        0.0000000000
        0.0000000000        0.0000000000        0.0000000000
        0.0000000000        0.0000000000        0.0000000000
        0.0000000000        0.0000000000        0.0000000000
      -10.6141436025       -0.6789430320       -1.9701827406
        1.0662620859       -0.3018388432        1.0450762149
       -0.4809866141        0.4195084893       -1.2417505316
       -1.0774359604        0.3315508905       -0.4037690829
       -0.3025277655        0.9230074729       -0.2076517924
       11.4088318565       -0.6932849775        2.7782779326
        0.0000000000        0.0000000000        0.0000000000
        0.0000000000        0.0000000000        0.0000000000
        0.0000000000        0.0000000000        0.0000000000
        0.0000000000        0.0000000000        0.0000000000
        0.0000000000        0.0000000000        0.0000000000
        0.0000000000        0.0000000000        0.0000000000
        0.0000000000        0.0000000000        0.0000000000
        0.0000000000        0.0000000000        0.0000000000
        0.0000000000        0.0000000000        0.0000000000
        0.0000000000        0.0000000000        0.0000000000
        0.0000000000        0.0000000000        0.0000000000
        0.0000000000        0.0000000000        0.0000000000

 CCSD contribution to dipole derivatives 

        0.0000000000        0.0000000000        0.0000000000
        0.0000000000        0.0000000000        0.0000000000
        0.0000000000        0.0000000000        0.0000000000
        0.0000000000        0.0000000000        0.0000000000
        0.0000000000        0.0000000000        0.0000000000
        0.0229779941        0.0000000000        0.0000000000
        0.0000000000        0.0000000000        0.0000000000
        0.0000000000        0.0000000000        0.0000000000
        0.0000000000        0.0000000000        0.0000000000
        0.0000000000        0.0000000000        0.0000000000
        0.0000000000        0.0000000000        0.0000000000
        0.0101734412        0.0000000000        0.0000000000
        0.0000000000        0.0000000000        0.0000000000
        0.0000000000        0.0000000000        0.0000000000
        0.0000000000        0.0000000000        0.0000000000
        0.0000000000        0.0000000000        0.0000000000
        0.0000000000        0.0000000000        0.0000000000
       -0.0013311360        0.0000000000        0.0000000000
 @CHECKOUT-I, Total execution time (CPU/WALL):     3461.84/    1183.68 seconds.
--executable xsdcc finished with status     0 in     1183.79 seconds (walltime).
 --invoking executable--
/home/asmola/.local/bin/xanti
 @GETMEM-I,  Allocated   38146 MB of main memory.
 CCSD MO derivative gammas will be sorted to Mulliken order.
 @CHECKOUT-I, Total execution time (CPU/WALL):       36.43/     112.46 seconds.
--executable xanti finished with status     0 in      112.53 seconds (walltime).
 --invoking executable--
/home/asmola/.local/bin/xbcktrn
 @GETMEM-I,  Allocated   38146 MB of main memory.
 CCSD MO derivative gammas will be transformed to the AO basis.
 @CHECKOUT-I, Total execution time (CPU/WALL):      100.08/      17.48 seconds.
--executable xbcktrn finished with status     0 in       17.54 seconds (walltime).
 --invoking executable--
/home/asmola/.local/bin/xvdint
 @GETMEM-I,  Allocated   38146 MB of main memory.
 One- and two-electron integral derivatives are calculated
 for RHF-CC/MBPT hessians and dipole derivatives.
 Spherical gaussians are used.
  magnet F F
 Evaluation of 2el integral derivatives

                      Two-electron integral gradient
                      ------------------------------

 C #1      -0.2390811388           -0.0624392983           -0.0123899886
 O #2      -0.0239331130           -0.0141747810           -0.0183315978
 H #3      -0.0015011577           -0.0008760393            0.0122876818
 H #4      -0.0163710349            0.0406531618           -0.0052241918
 H #5      -0.0036816061            0.0020447914            0.0146436758
 H #6       0.2845680506            0.0347921653            0.0090144206


 Evaluation of 2e integral derivatives required  722.52 seconds.
  contribution to Hessian
       -0.2390811388       -0.0624392983       -0.0123899886
       -0.0239331130       -0.0141747810       -0.0183315978
       -0.0015011577       -0.0008760393        0.0122876818
       -0.0163710349        0.0406531618       -0.0052241918
       -0.0036816061        0.0020447914        0.0146436758
        0.2845680506        0.0347921653        0.0090144206
 @CHECKOUT-I, Total execution time (CPU/WALL):      722.50/     108.99 seconds.
--executable xvdint finished with status     0 in      109.03 seconds (walltime).
 --invoking executable--
/home/asmola/.local/bin/xsdcc
 @GETMEM-I,  Allocated   38146 MB of main memory.
 Vibrational frequencies and infrared intensities are calculated
 at the CCSD level within the harmonic approximation.
 CPHF coefficients for occ-occ block: U^x(i,j) = -1/2 S^x(i,j)
 CPHF coefficients for vrt-vrt block: U^x(a,b) = -1/2 S^x(a,b)
 Transformation of derivative integrals from AO to MO basis:
 RHF transformation
 Transformation of DIIII integral derivatives.
 1 pass through the AO integral derivative file was needed.
  89925336 AO integral derivatives were read from file DIIII.
 Transformation of first index required  289.7 seconds.
 Transformation of remaining indices required  302.9 seconds.
1715296743 MO integral derivatives were written to file DERINT.
        MO basis integral derivatives are being calculated
             (Symmetry block 1, perturbation  17)
 First derivative of the wavefunction is calculated (Symmetry block 1, perturbation  17)
 Resorts of perturbed amplitudes and integrals required   0.6 seconds.
 Construction of <Phi|(dH_N/dx exp(T))c|0> required  24.6 seconds.
 Starting iterative solution of the perturbed CC equations.
 The DIIS procedure is used to accelerate convergence.
 Convergence criterion is 10**(-7).
 Maximum number of iterations is 100.
 Convergence information after     1 iterations: 
 Largest element of residual vector :  0.29159587E-01.
 Largest element of DIIS residual   :  0.29159587E-01.
 Convergence information after     2 iterations: 
 Largest element of residual vector : -0.31370313E-02.
 Largest element of DIIS residual   : -0.36966509E-02.
 Convergence information after     3 iterations: 
 Largest element of residual vector : -0.17495512E-02.
 Largest element of DIIS residual   : -0.20284824E-02.
 Convergence information after     4 iterations: 
 Largest element of residual vector :  0.46585827E-03.
 Largest element of DIIS residual   :  0.37939150E-03.
 Convergence information after     5 iterations: 
 Largest element of residual vector : -0.37723074E-03.
 Largest element of DIIS residual   : -0.27409361E-03.
 Convergence information after     6 iterations: 
 Largest element of residual vector : -0.14471009E-03.
 Largest element of DIIS residual   :  0.60406615E-04.
 Convergence information after     7 iterations: 
 Largest element of residual vector : -0.60599791E-04.
 Largest element of DIIS residual   : -0.25387276E-04.
 Convergence information after     8 iterations: 
 Largest element of residual vector : -0.17096122E-04.
 Largest element of DIIS residual   : -0.90240864E-05.
 Convergence information after     9 iterations: 
 Largest element of residual vector : -0.57140929E-05.
 Largest element of DIIS residual   :  0.31347502E-05.
 Convergence information after    10 iterations: 
 Largest element of residual vector : -0.22713061E-05.
 Largest element of DIIS residual   : -0.15123243E-05.
 Convergence information after    11 iterations: 
 Largest element of residual vector :  0.87864445E-06.
 Largest element of DIIS residual   :  0.52780512E-06.
 Convergence information after    12 iterations: 
 Largest element of residual vector : -0.40152479E-06.
 Largest element of DIIS residual   : -0.32669906E-06.
 Convergence information after    13 iterations: 
 Largest element of residual vector : -0.14967547E-06.
 Largest element of DIIS residual   :  0.70992557E-07.
 Perturbed amplitude equations converged in    13 iterations.
  Dominant contributions to perturbed wavefunction:
    9    9  167   21   0.0413733768 ABAB
    9    9   21  167   0.0413733768 ABAB
    9    9   90   21   0.0411241311 ABAB
    9    9   21   90   0.0411241311 ABAB
    5    5  167   47   0.0408964111 ABAB
    5    5   47  167   0.0408964111 ABAB
    5    5  167   33  -0.0404508093 ABAB
    5    5   33  167  -0.0404508093 ABAB
    5    5   33   33   0.0393367951 ABAB
    6    6   33   33   0.0381052311 ABAB
    6    6  167   33  -0.0375102194 ABAB
    6    6   33  167  -0.0375102194 ABAB
    5    5   90   33  -0.0368974174 ABAB
    5    5   33   90  -0.0368974174 ABAB
    6    6   90   33  -0.0356845774 ABAB
    6    6   33   90  -0.0356845774 ABAB
    6    5   33   90   0.0347907947 ABAB
    5    6   90   33   0.0347907947 ABAB
    9    9   90   35  -0.0345478735 ABAB
    9    9   35   90  -0.0345478735 ABAB
  Total CCSD gradient is    0.005075095320989.
  norm of converged amps    1.97439817241208     
 Starting iterative solution of the perturbed Lambda equations.
 The DIIS procedure is used to accelerate convergence.
 Convergence criterion is 10**(-7).
 Maximum number of iterations is 100.
 Convergence information after     1 iterations: 
 Largest element of residual vector :  0.24993654E-01.
 Largest element of DIIS residual   :  0.24993654E-01.
 Convergence information after     2 iterations: 
 Largest element of residual vector : -0.28223207E-02.
 Largest element of DIIS residual   : -0.32281993E-02.
 Convergence information after     3 iterations: 
 Largest element of residual vector : -0.14759179E-02.
 Largest element of DIIS residual   : -0.17755197E-02.
 Convergence information after     4 iterations: 
 Largest element of residual vector :  0.39862656E-03.
 Largest element of DIIS residual   :  0.34409291E-03.
 Convergence information after     5 iterations: 
 Largest element of residual vector : -0.31888457E-03.
 Largest element of DIIS residual   : -0.24820688E-03.
 Convergence information after     6 iterations: 
 Largest element of residual vector : -0.12177951E-03.
 Largest element of DIIS residual   : -0.54621762E-04.
 Convergence information after     7 iterations: 
 Largest element of residual vector : -0.51883542E-04.
 Largest element of DIIS residual   : -0.21306076E-04.
 Convergence information after     8 iterations: 
 Largest element of residual vector : -0.14278799E-04.
 Largest element of DIIS residual   : -0.79390598E-05.
 Convergence information after     9 iterations: 
 Largest element of residual vector : -0.49004087E-05.
 Largest element of DIIS residual   :  0.26379266E-05.
 Convergence information after    10 iterations: 
 Largest element of residual vector : -0.18507761E-05.
 Largest element of DIIS residual   : -0.12962062E-05.
 Convergence information after    11 iterations: 
 Largest element of residual vector :  0.75022058E-06.
 Largest element of DIIS residual   :  0.48555056E-06.
 Convergence information after    12 iterations: 
 Largest element of residual vector : -0.34130126E-06.
 Largest element of DIIS residual   : -0.28004582E-06.
 Convergence information after    13 iterations: 
 Largest element of residual vector : -0.11940167E-06.
 Largest element of DIIS residual   :  0.62435290E-07.
 Perturbed Lambda equations converged in    13 iterations.
  Dominant contributions to perturbed wavefunction:
    5    5  167   47   0.0399624345 ABAB
    5    5   47  167   0.0399624345 ABAB
    9    9  167   21   0.0397183466 ABAB
    9    9   21  167   0.0397183466 ABAB
    9    9   90   21   0.0395176970 ABAB
    9    9   21   90   0.0395176970 ABAB
    5    5  167   33  -0.0394782313 ABAB
    5    5   33  167  -0.0394782313 ABAB
    5    5   33   33   0.0384242879 ABAB
    6    6   33   33   0.0371502271 ABAB
    6    6  167   33  -0.0365639739 ABAB
    6    6   33  167  -0.0365639739 ABAB
    5    5   90   33  -0.0361128474 ABAB
    5    5   33   90  -0.0361128474 ABAB
    6    6   90   33  -0.0348565570 ABAB
    6    6   33   90  -0.0348565570 ABAB
    6    5   33   90   0.0340439247 ABAB
    5    6   90   33   0.0340439247 ABAB
    9    9   90   35  -0.0331377595 ABAB
    9    9   35   90  -0.0331377595 ABAB
  Total CCSD gradient is    0.003859108292007.
        The DBOC first-order density matrix is being calculated 
             (Symmetry block 1, perturbation  17)
 term   4.37959321161616     
 final tnorm1 -6.256042803186957E-003
  <0|L dT/dx|0> -6.256042803186957E-003
  norm contr. I: |<0|L dT/dx|0>|^2   3.913807155530732E-005
  norm contr. II: <0|[nabla(1+L)e-T][nabla e^T]|0>   4.37959321161616     
  total norm contribution   4.37963234968772     
 oo -8.697976320312419E-004
 vv  -523.013008443847     
 vo -0.272160628002459     
  Correlated perturbed 1-el contribution to DBOC  -523.286038869481       cm**-1
  SUM_I |dc_I/dx|^2 contribution to DBOC   261.747899027156       cm**-1
 
  current total DBOC   1299.46638167946       cm**-1
 First-order density matrix is being calculated  (Symmetry block 1, perturbation  17)
 Calculation of the contributions of <pq||rs> to dI(i,j)/dx required   5.4 seconds.
 Calculation of the contributions of <pq||rs> to dI(a,b)/dx required  36.5 seconds.
 Calculation of the contributions of <pq||rs> to dI(i,a)/dx required  13.2 seconds.
 First-order Z-vector equations are solved for 1 perturbation.
 Convergence reached after  27 iterations.
        U*G(pq,rs) contribution is being calculated
             (Symmetry block 1, perturbation  17)

 CCSD contribution to force constants 

        0.0000000000        0.0000000000        0.0000000000
        0.0000000000        0.0000000000        0.0000000000
        0.0000000000        0.0000000000        0.0000000000
        0.0000000000        0.0000000000        0.0000000000
        0.0000000000        0.0000000000        0.0000000000
        0.0000000000        0.0000000000        0.0000000000
        0.0000000000        0.0000000000        0.0000000000
        0.0000000000        0.0000000000        0.0000000000
        0.0000000000        0.0000000000        0.0000000000
        0.0000000000        0.0000000000        0.0000000000
        0.0000000000        0.0000000000        0.0000000000
        0.0000000000        0.0000000000        0.0000000000
        0.0000000000        0.0000000000        0.0000000000
        0.0000000000        0.0000000000        0.0000000000
        0.0000000000        0.0000000000        0.0000000000
        0.0000000000        0.0000000000        0.0000000000
        0.0000000000        0.0000000000        0.0000000000
        0.0000000000        0.0000000000        0.0000000000
        0.0000000000        0.0000000000        0.0000000000
        0.0000000000        0.0000000000        0.0000000000
        0.0000000000        0.0000000000        0.0000000000
        0.0000000000        0.0000000000        0.0000000000
        0.0000000000        0.0000000000        0.0000000000
        0.0000000000        0.0000000000        0.0000000000
        0.0000000000        0.0000000000        0.0000000000
        0.0000000000        0.0000000000        0.0000000000
        0.0000000000        0.0000000000        0.0000000000
        0.0000000000        0.0000000000        0.0000000000
        0.0000000000        0.0000000000        0.0000000000
        0.0000000000        0.0000000000        0.0000000000
        0.0000000000        0.0000000000        0.0000000000
        0.0000000000        0.0000000000        0.0000000000
        0.0000000000        0.0000000000        0.0000000000
        0.0000000000        0.0000000000        0.0000000000
        0.0000000000        0.0000000000        0.0000000000
        0.0000000000        0.0000000000        0.0000000000
        0.0000000000        0.0000000000        0.0000000000
        0.0000000000        0.0000000000        0.0000000000
        0.0000000000        0.0000000000        0.0000000000
        0.0000000000        0.0000000000        0.0000000000
        0.0000000000        0.0000000000        0.0000000000
        0.0000000000        0.0000000000        0.0000000000
        0.0000000000        0.0000000000        0.0000000000
        0.0000000000        0.0000000000        0.0000000000
        0.0000000000        0.0000000000        0.0000000000
        0.0000000000        0.0000000000        0.0000000000
        0.0000000000        0.0000000000        0.0000000000
        0.0000000000        0.0000000000        0.0000000000
        0.0000000000        0.0000000000        0.0000000000
        0.0000000000        0.0000000000        0.0000000000
        0.0000000000        0.0000000000        0.0000000000
        0.0000000000        0.0000000000        0.0000000000
        0.0000000000        0.0000000000        0.0000000000
        0.0000000000        0.0000000000        0.0000000000
        0.0000000000        0.0000000000        0.0000000000
        0.0000000000        0.0000000000        0.0000000000
        0.0000000000        0.0000000000        0.0000000000
        0.0000000000        0.0000000000        0.0000000000
        0.0000000000        0.0000000000        0.0000000000
        0.0000000000        0.0000000000        0.0000000000
        0.0000000000        0.0000000000        0.0000000000
        0.0000000000        0.0000000000        0.0000000000
        0.0000000000        0.0000000000        0.0000000000
        0.0000000000        0.0000000000        0.0000000000
        0.0000000000        0.0000000000        0.0000000000
        0.0000000000        0.0000000000        0.0000000000
        0.0000000000        0.0000000000        0.0000000000
        0.0000000000        0.0000000000        0.0000000000
        0.0000000000        0.0000000000        0.0000000000
        0.0000000000        0.0000000000        0.0000000000
        0.0000000000        0.0000000000        0.0000000000
        0.0000000000        0.0000000000        0.0000000000
        0.0000000000        0.0000000000        0.0000000000
        0.0000000000        0.0000000000        0.0000000000
        0.0000000000        0.0000000000        0.0000000000
        0.0000000000        0.0000000000        0.0000000000
        0.0000000000        0.0000000000        0.0000000000
        0.0000000000        0.0000000000        0.0000000000
        0.0000000000        0.0000000000        0.0000000000
        0.0000000000        0.0000000000        0.0000000000
        0.0000000000        0.0000000000        0.0000000000
        0.0000000000        0.0000000000        0.0000000000
        0.0000000000        0.0000000000        0.0000000000
        0.0000000000        0.0000000000        0.0000000000
        0.0000000000        0.0000000000        0.0000000000
        0.0000000000        0.0000000000        0.0000000000
        0.0000000000        0.0000000000        0.0000000000
        0.0000000000        0.0000000000        0.0000000000
        0.0000000000        0.0000000000        0.0000000000
        0.0000000000        0.0000000000        0.0000000000
        0.0000000000        0.0000000000        0.0000000000
        0.0000000000        0.0000000000        0.0000000000
        0.0000000000        0.0000000000        0.0000000000
        0.0000000000        0.0000000000        0.0000000000
        0.0000000000        0.0000000000        0.0000000000
        0.0000000000        0.0000000000        0.0000000000
        1.5068696046      -24.6546165457      -10.0182611615
        0.3685383308       -0.6989617302        0.1075189043
        0.0216185647        0.5133125433       -0.3654835400
        0.2960593977        0.3086938238        0.2662270598
       -0.2148570418        3.5338822037       -0.4808115355
       -1.9782288559       20.9976897052       10.4908102729
        0.0000000000        0.0000000000        0.0000000000
        0.0000000000        0.0000000000        0.0000000000
        0.0000000000        0.0000000000        0.0000000000
        0.0000000000        0.0000000000        0.0000000000
        0.0000000000        0.0000000000        0.0000000000
        0.0000000000        0.0000000000        0.0000000000

 CCSD contribution to dipole derivatives 

        0.0000000000        0.0000000000        0.0000000000
        0.0000000000        0.0000000000        0.0000000000
        0.0000000000        0.0000000000        0.0000000000
        0.0000000000        0.0000000000        0.0000000000
        0.0000000000        0.0000000000        0.0000000000
        0.0000000000        0.0386398420        0.0000000000
        0.0000000000        0.0000000000        0.0000000000
        0.0000000000        0.0000000000        0.0000000000
        0.0000000000        0.0000000000        0.0000000000
        0.0000000000        0.0000000000        0.0000000000
        0.0000000000        0.0000000000        0.0000000000
        0.0000000000        0.0474533612        0.0000000000
        0.0000000000        0.0000000000        0.0000000000
        0.0000000000        0.0000000000        0.0000000000
        0.0000000000        0.0000000000        0.0000000000
        0.0000000000        0.0000000000        0.0000000000
        0.0000000000        0.0000000000        0.0000000000
        0.0000000000        0.0207384373        0.0000000000
 @CHECKOUT-I, Total execution time (CPU/WALL):     3360.65/    1177.56 seconds.
--executable xsdcc finished with status     0 in     1177.66 seconds (walltime).
 --invoking executable--
/home/asmola/.local/bin/xanti
 @GETMEM-I,  Allocated   38146 MB of main memory.
 CCSD MO derivative gammas will be sorted to Mulliken order.
 @CHECKOUT-I, Total execution time (CPU/WALL):       36.56/     112.13 seconds.
--executable xanti finished with status     0 in      112.20 seconds (walltime).
 --invoking executable--
/home/asmola/.local/bin/xbcktrn
 @GETMEM-I,  Allocated   38146 MB of main memory.
 CCSD MO derivative gammas will be transformed to the AO basis.
 @CHECKOUT-I, Total execution time (CPU/WALL):      108.99/      18.59 seconds.
--executable xbcktrn finished with status     0 in       18.63 seconds (walltime).
 --invoking executable--
/home/asmola/.local/bin/xvdint
 @GETMEM-I,  Allocated   38146 MB of main memory.
 One- and two-electron integral derivatives are calculated
 for RHF-CC/MBPT hessians and dipole derivatives.
 Spherical gaussians are used.
  magnet F F
 Evaluation of 2el integral derivatives

                      Two-electron integral gradient
                      ------------------------------

 C #1      -0.0212194128           -0.2902375735            0.0282062351
 O #2       0.0177635333           -0.0088219422           -0.0062695642
 H #3       0.0006881588            0.0027576792           -0.0043307587
 H #4      -0.0268194880           -0.0120738491           -0.1001973614
 H #5      -0.0165023436           -0.0360637152            0.0789470816
 H #6       0.0460895523            0.3444394007            0.0036443676


 Evaluation of 2e integral derivatives required  685.05 seconds.
  contribution to Hessian
       -0.0212194128       -0.2902375735        0.0282062351
        0.0177635333       -0.0088219422       -0.0062695642
        0.0006881588        0.0027576792       -0.0043307587
       -0.0268194880       -0.0120738491       -0.1001973614
       -0.0165023436       -0.0360637152        0.0789470816
        0.0460895523        0.3444394007        0.0036443676
 @CHECKOUT-I, Total execution time (CPU/WALL):      685.03/     102.97 seconds.
--executable xvdint finished with status     0 in      103.00 seconds (walltime).
 --invoking executable--
/home/asmola/.local/bin/xsdcc
 @GETMEM-I,  Allocated   38146 MB of main memory.
 Vibrational frequencies and infrared intensities are calculated
 at the CCSD level within the harmonic approximation.
 CPHF coefficients for occ-occ block: U^x(i,j) = -1/2 S^x(i,j)
 CPHF coefficients for vrt-vrt block: U^x(a,b) = -1/2 S^x(a,b)
 Transformation of derivative integrals from AO to MO basis:
 RHF transformation
 Transformation of DIIII integral derivatives.
 1 pass through the AO integral derivative file was needed.
  89833412 AO integral derivatives were read from file DIIII.
 Transformation of first index required  289.5 seconds.
 Transformation of remaining indices required  314.0 seconds.
1715296743 MO integral derivatives were written to file DERINT.
        MO basis integral derivatives are being calculated
             (Symmetry block 1, perturbation  18)
 First derivative of the wavefunction is calculated (Symmetry block 1, perturbation  18)
 Resorts of perturbed amplitudes and integrals required   0.6 seconds.
 Construction of <Phi|(dH_N/dx exp(T))c|0> required  26.1 seconds.
 Starting iterative solution of the perturbed CC equations.
 The DIIS procedure is used to accelerate convergence.
 Convergence criterion is 10**(-7).
 Maximum number of iterations is 100.
 Convergence information after     1 iterations: 
 Largest element of residual vector : -0.34606674E-01.
 Largest element of DIIS residual   : -0.34606674E-01.
 Convergence information after     2 iterations: 
 Largest element of residual vector : -0.42024463E-02.
 Largest element of DIIS residual   :  0.32119721E-02.
 Convergence information after     3 iterations: 
 Largest element of residual vector : -0.21394124E-02.
 Largest element of DIIS residual   :  0.10254417E-02.
 Convergence information after     4 iterations: 
 Largest element of residual vector : -0.81126077E-03.
 Largest element of DIIS residual   : -0.72491239E-03.
 Convergence information after     5 iterations: 
 Largest element of residual vector : -0.27723514E-03.
 Largest element of DIIS residual   :  0.25631343E-03.
 Convergence information after     6 iterations: 
 Largest element of residual vector : -0.11000030E-03.
 Largest element of DIIS residual   :  0.95429706E-04.
 Convergence information after     7 iterations: 
 Largest element of residual vector :  0.68639266E-04.
 Largest element of DIIS residual   :  0.37693816E-04.
 Convergence information after     8 iterations: 
 Largest element of residual vector :  0.24032044E-04.
 Largest element of DIIS residual   :  0.15650346E-04.
 Convergence information after     9 iterations: 
 Largest element of residual vector :  0.10926580E-04.
 Largest element of DIIS residual   :  0.74894211E-05.
 Convergence information after    10 iterations: 
 Largest element of residual vector :  0.50144524E-05.
 Largest element of DIIS residual   : -0.28038651E-05.
 Convergence information after    11 iterations: 
 Largest element of residual vector :  0.20605614E-05.
 Largest element of DIIS residual   :  0.10764341E-05.
 Convergence information after    12 iterations: 
 Largest element of residual vector : -0.75916393E-06.
 Largest element of DIIS residual   :  0.41837891E-06.
 Convergence information after    13 iterations: 
 Largest element of residual vector : -0.27782301E-06.
 Largest element of DIIS residual   :  0.14440650E-06.
 Convergence information after    14 iterations: 
 Largest element of residual vector :  0.98171892E-07.
 Largest element of DIIS residual   :  0.55800181E-07.
 Perturbed amplitude equations converged in    14 iterations.
  Dominant contributions to perturbed wavefunction:
    9    9  167   22  -0.0497126212 ABAB
    9    9   22  167  -0.0497126212 ABAB
    9    9  167   37   0.0375392317 ABAB
    9    9   37  167   0.0375392317 ABAB
    9    9   90   28   0.0369500125 ABAB
    9    9   28   90   0.0369500125 ABAB
    9    9  171   22   0.0362764696 ABAB
    9    9   22  171   0.0362764696 ABAB
    9    9   95   22  -0.0344246981 ABAB
    9    9   22   95  -0.0344246981 ABAB
    9    9   97   22   0.0338692587 ABAB
    9    9   22   97   0.0338692587 ABAB
    9    9   90   51   0.0337332489 ABAB
    9    9   51   90   0.0337332489 ABAB
    9    9   56   28  -0.0333002714 ABAB
    9    9   28   56  -0.0333002714 ABAB
    9    9  125   22  -0.0318729317 ABAB
    9    9   22  125  -0.0318729317 ABAB
    5    5  167   22  -0.0313525156 ABAB
    5    5   22  167  -0.0313525156 ABAB
  Total CCSD gradient is    0.003396964157245.
  norm of converged amps    1.53424450483936     
 Starting iterative solution of the perturbed Lambda equations.
 The DIIS procedure is used to accelerate convergence.
 Convergence criterion is 10**(-7).
 Maximum number of iterations is 100.
 Convergence information after     1 iterations: 
 Largest element of residual vector : -0.29630443E-01.
 Largest element of DIIS residual   : -0.29630443E-01.
 Convergence information after     2 iterations: 
 Largest element of residual vector : -0.36604156E-02.
 Largest element of DIIS residual   :  0.27446582E-02.
 Convergence information after     3 iterations: 
 Largest element of residual vector : -0.18398507E-02.
 Largest element of DIIS residual   :  0.96003529E-03.
 Convergence information after     4 iterations: 
 Largest element of residual vector : -0.73063677E-03.
 Largest element of DIIS residual   : -0.65831869E-03.
 Convergence information after     5 iterations: 
 Largest element of residual vector : -0.25746219E-03.
 Largest element of DIIS residual   :  0.23356012E-03.
 Convergence information after     6 iterations: 
 Largest element of residual vector :  0.10360714E-03.
 Largest element of DIIS residual   :  0.85744970E-04.
 Convergence information after     7 iterations: 
 Largest element of residual vector :  0.61948858E-04.
 Largest element of DIIS residual   :  0.34323425E-04.
 Convergence information after     8 iterations: 
 Largest element of residual vector :  0.21986238E-04.
 Largest element of DIIS residual   :  0.14364530E-04.
 Convergence information after     9 iterations: 
 Largest element of residual vector :  0.10008810E-04.
 Largest element of DIIS residual   :  0.68095777E-05.
 Convergence information after    10 iterations: 
 Largest element of residual vector :  0.45795125E-05.
 Largest element of DIIS residual   : -0.25837207E-05.
 Convergence information after    11 iterations: 
 Largest element of residual vector :  0.19022920E-05.
 Largest element of DIIS residual   :  0.97346069E-06.
 Convergence information after    12 iterations: 
 Largest element of residual vector : -0.68668837E-06.
 Largest element of DIIS residual   :  0.38075258E-06.
 Convergence information after    13 iterations: 
 Largest element of residual vector :  0.24726242E-06.
 Largest element of DIIS residual   :  0.13000132E-06.
 Convergence information after    14 iterations: 
 Largest element of residual vector :  0.88922972E-07.
 Largest element of DIIS residual   :  0.50557863E-07.
 Perturbed Lambda equations converged in    14 iterations.
  Dominant contributions to perturbed wavefunction:
    9    9  167   22  -0.0475780739 ABAB
    9    9   22  167  -0.0475780739 ABAB
    9    9  167   37   0.0362205213 ABAB
    9    9   37  167   0.0362205213 ABAB
    9    9   90   28   0.0356017187 ABAB
    9    9   28   90   0.0356017187 ABAB
    9    9  171   22   0.0347581387 ABAB
    9    9   22  171   0.0347581387 ABAB
    9    9   95   22  -0.0329343821 ABAB
    9    9   22   95  -0.0329343821 ABAB
    9    9   90   51   0.0325133394 ABAB
    9    9   51   90   0.0325133394 ABAB
    9    9   97   22   0.0324138986 ABAB
    9    9   22   97   0.0324138986 ABAB
    9    9   56   28  -0.0321035280 ABAB
    9    9   28   56  -0.0321035280 ABAB
    5    5  167   22  -0.0305791481 ABAB
    5    5   22  167  -0.0305791481 ABAB
    9    9  125   22  -0.0304972316 ABAB
    9    9   22  125  -0.0304972316 ABAB
  Total CCSD gradient is    0.002642744483355.
        The DBOC first-order density matrix is being calculated 
             (Symmetry block 1, perturbation  18)
 term   2.86766057846319     
 final tnorm1 -3.496835147247608E-003
  <0|L dT/dx|0> -3.496835147247608E-003
  norm contr. I: |<0|L dT/dx|0>|^2   1.222785604702620E-005
  norm contr. II: <0|[nabla(1+L)e-T][nabla e^T]|0>   2.86766057846319     
  total norm contribution   2.86767280631924     
 oo  1.149405844703748E-002
 vv  -342.392928130036     
 vo -0.158265852440759     
  Correlated perturbed 1-el contribution to DBOC  -342.539699924030       cm**-1
  SUM_I |dc_I/dx|^2 contribution to DBOC   171.385922885717       cm**-1
 
 
  The total diagonal Born-Oppenheimer correction (DBOC) is:      0.0051409705 a.u.
  The total diagonal Born-Oppenheimer correction (DBOC) is:       1128.312605 cm-1
 
 Total CC energy including DBOC  -115.514601747502     
 First-order density matrix is being calculated  (Symmetry block 1, perturbation  18)
 Calculation of the contributions of <pq||rs> to dI(i,j)/dx required   7.3 seconds.
 Calculation of the contributions of <pq||rs> to dI(a,b)/dx required  53.7 seconds.
 Calculation of the contributions of <pq||rs> to dI(i,a)/dx required  15.5 seconds.
 First-order Z-vector equations are solved for 1 perturbation.
 Convergence reached after  26 iterations.
        U*G(pq,rs) contribution is being calculated
             (Symmetry block 1, perturbation  18)

 CCSD contribution to force constants 

        0.0000000000        0.0000000000        0.0000000000
        0.0000000000        0.0000000000        0.0000000000
        0.0000000000        0.0000000000        0.0000000000
        0.0000000000        0.0000000000        0.0000000000
        0.0000000000        0.0000000000        0.0000000000
        0.0000000000        0.0000000000        0.0000000000
        0.0000000000        0.0000000000        0.0000000000
        0.0000000000        0.0000000000        0.0000000000
        0.0000000000        0.0000000000        0.0000000000
        0.0000000000        0.0000000000        0.0000000000
        0.0000000000        0.0000000000        0.0000000000
        0.0000000000        0.0000000000        0.0000000000
        0.0000000000        0.0000000000        0.0000000000
        0.0000000000        0.0000000000        0.0000000000
        0.0000000000        0.0000000000        0.0000000000
        0.0000000000        0.0000000000        0.0000000000
        0.0000000000        0.0000000000        0.0000000000
        0.0000000000        0.0000000000        0.0000000000
        0.0000000000        0.0000000000        0.0000000000
        0.0000000000        0.0000000000        0.0000000000
        0.0000000000        0.0000000000        0.0000000000
        0.0000000000        0.0000000000        0.0000000000
        0.0000000000        0.0000000000        0.0000000000
        0.0000000000        0.0000000000        0.0000000000
        0.0000000000        0.0000000000        0.0000000000
        0.0000000000        0.0000000000        0.0000000000
        0.0000000000        0.0000000000        0.0000000000
        0.0000000000        0.0000000000        0.0000000000
        0.0000000000        0.0000000000        0.0000000000
        0.0000000000        0.0000000000        0.0000000000
        0.0000000000        0.0000000000        0.0000000000
        0.0000000000        0.0000000000        0.0000000000
        0.0000000000        0.0000000000        0.0000000000
        0.0000000000        0.0000000000        0.0000000000
        0.0000000000        0.0000000000        0.0000000000
        0.0000000000        0.0000000000        0.0000000000
        0.0000000000        0.0000000000        0.0000000000
        0.0000000000        0.0000000000        0.0000000000
        0.0000000000        0.0000000000        0.0000000000
        0.0000000000        0.0000000000        0.0000000000
        0.0000000000        0.0000000000        0.0000000000
        0.0000000000        0.0000000000        0.0000000000
        0.0000000000        0.0000000000        0.0000000000
        0.0000000000        0.0000000000        0.0000000000
        0.0000000000        0.0000000000        0.0000000000
        0.0000000000        0.0000000000        0.0000000000
        0.0000000000        0.0000000000        0.0000000000
        0.0000000000        0.0000000000        0.0000000000
        0.0000000000        0.0000000000        0.0000000000
        0.0000000000        0.0000000000        0.0000000000
        0.0000000000        0.0000000000        0.0000000000
        0.0000000000        0.0000000000        0.0000000000
        0.0000000000        0.0000000000        0.0000000000
        0.0000000000        0.0000000000        0.0000000000
        0.0000000000        0.0000000000        0.0000000000
        0.0000000000        0.0000000000        0.0000000000
        0.0000000000        0.0000000000        0.0000000000
        0.0000000000        0.0000000000        0.0000000000
        0.0000000000        0.0000000000        0.0000000000
        0.0000000000        0.0000000000        0.0000000000
        0.0000000000        0.0000000000        0.0000000000
        0.0000000000        0.0000000000        0.0000000000
        0.0000000000        0.0000000000        0.0000000000
        0.0000000000        0.0000000000        0.0000000000
        0.0000000000        0.0000000000        0.0000000000
        0.0000000000        0.0000000000        0.0000000000
        0.0000000000        0.0000000000        0.0000000000
        0.0000000000        0.0000000000        0.0000000000
        0.0000000000        0.0000000000        0.0000000000
        0.0000000000        0.0000000000        0.0000000000
        0.0000000000        0.0000000000        0.0000000000
        0.0000000000        0.0000000000        0.0000000000
        0.0000000000        0.0000000000        0.0000000000
        0.0000000000        0.0000000000        0.0000000000
        0.0000000000        0.0000000000        0.0000000000
        0.0000000000        0.0000000000        0.0000000000
        0.0000000000        0.0000000000        0.0000000000
        0.0000000000        0.0000000000        0.0000000000
        0.0000000000        0.0000000000        0.0000000000
        0.0000000000        0.0000000000        0.0000000000
        0.0000000000        0.0000000000        0.0000000000
        0.0000000000        0.0000000000        0.0000000000
        0.0000000000        0.0000000000        0.0000000000
        0.0000000000        0.0000000000        0.0000000000
        0.0000000000        0.0000000000        0.0000000000
        0.0000000000        0.0000000000        0.0000000000
        0.0000000000        0.0000000000        0.0000000000
        0.0000000000        0.0000000000        0.0000000000
        0.0000000000        0.0000000000        0.0000000000
        0.0000000000        0.0000000000        0.0000000000
        0.0000000000        0.0000000000        0.0000000000
        0.0000000000        0.0000000000        0.0000000000
        0.0000000000        0.0000000000        0.0000000000
        0.0000000000        0.0000000000        0.0000000000
        0.0000000000        0.0000000000        0.0000000000
        0.0000000000        0.0000000000        0.0000000000
        0.0000000000        0.0000000000        0.0000000000
        0.0000000000        0.0000000000        0.0000000000
        0.0000000000        0.0000000000        0.0000000000
        0.0000000000        0.0000000000        0.0000000000
        0.0000000000        0.0000000000        0.0000000000
        0.0000000000        0.0000000000        0.0000000000
        0.0130768497       -7.9164797486       -9.2583474541
        0.5966002595       -0.3773583166       -0.1548707373
       -0.4936549299        0.4131243250        0.3038264735
       -0.5159474452       -0.1400314858        2.5429460180
       -0.2705007607       -0.7671458223        0.6614979500
        0.6704260265        8.7878910482        5.9049477499

 CCSD contribution to dipole derivatives 

        0.0000000000        0.0000000000        0.0000000000
        0.0000000000        0.0000000000        0.0000000000
        0.0000000000        0.0000000000        0.0000000000
        0.0000000000        0.0000000000        0.0000000000
        0.0000000000        0.0000000000        0.0000000000
        0.0000000000        0.0000000000        0.0099726028
        0.0000000000        0.0000000000        0.0000000000
        0.0000000000        0.0000000000        0.0000000000
        0.0000000000        0.0000000000        0.0000000000
        0.0000000000        0.0000000000        0.0000000000
        0.0000000000        0.0000000000        0.0000000000
        0.0000000000        0.0000000000        0.0371132031
        0.0000000000        0.0000000000        0.0000000000
        0.0000000000        0.0000000000        0.0000000000
        0.0000000000        0.0000000000        0.0000000000
        0.0000000000        0.0000000000        0.0000000000
        0.0000000000        0.0000000000        0.0000000000
        0.0000000000        0.0000000000        0.0020522842
 @CHECKOUT-I, Total execution time (CPU/WALL):     3993.64/    1202.36 seconds.
--executable xsdcc finished with status     0 in     1202.47 seconds (walltime).
 --invoking executable--
/home/asmola/.local/bin/xanti
 @GETMEM-I,  Allocated   38146 MB of main memory.
 CCSD MO derivative gammas will be sorted to Mulliken order.
 @CHECKOUT-I, Total execution time (CPU/WALL):       36.37/     112.54 seconds.
--executable xanti finished with status     0 in      112.60 seconds (walltime).
 --invoking executable--
/home/asmola/.local/bin/xbcktrn
 @GETMEM-I,  Allocated   38146 MB of main memory.
 CCSD MO derivative gammas will be transformed to the AO basis.
 @CHECKOUT-I, Total execution time (CPU/WALL):      110.09/      18.55 seconds.
--executable xbcktrn finished with status     0 in       18.60 seconds (walltime).
 --invoking executable--
/home/asmola/.local/bin/xvdint
 @GETMEM-I,  Allocated   38146 MB of main memory.
 One- and two-electron integral derivatives are calculated
 for RHF-CC/MBPT hessians and dipole derivatives.
 Spherical gaussians are used.
  magnet F F
 Evaluation of 2el integral derivatives

                      Two-electron integral gradient
                      ------------------------------

 C #1      -0.0239695123           -0.0056794795           -0.4136951800
 O #2       0.0189831220           -0.0013294060            0.0147833894
 H #3       0.0010596368           -0.0037334259           -0.0035819909
 H #4      -0.0066331393           -0.0735899265            0.0533137267
 H #5      -0.0087470009            0.0697688699           -0.0714174718
 H #6       0.0193068937            0.0145633680            0.4205975264


 Evaluation of 2e integral derivatives required  597.76 seconds.
  contribution to Hessian
       -0.0239695123       -0.0056794795       -0.4136951800
        0.0189831220       -0.0013294060        0.0147833894
        0.0010596368       -0.0037334259       -0.0035819909
       -0.0066331393       -0.0735899265        0.0533137267
       -0.0087470009        0.0697688699       -0.0714174718
        0.0193068937        0.0145633680        0.4205975264
 @CHECKOUT-I, Total execution time (CPU/WALL):      597.74/      92.77 seconds.
--executable xvdint finished with status     0 in       92.81 seconds (walltime).
 --invoking executable--
/home/asmola/.local/bin/xanti
 @GETMEM-I,  Allocated   38146 MB of main memory.
 CCSD MO gammas will be sorted to Mulliken order.
 @CHECKOUT-I, Total execution time (CPU/WALL):       41.14/      89.08 seconds.
--executable xanti finished with status     0 in       89.16 seconds (walltime).
 --invoking executable--
/home/asmola/.local/bin/xbcktrn
 @GETMEM-I,  Allocated   38146 MB of main memory.
 CCSD MO gammas will be transformed to the AO basis.
 @CHECKOUT-I, Total execution time (CPU/WALL):      132.81/      19.85 seconds.
--executable xbcktrn finished with status     0 in       19.91 seconds (walltime).
 --invoking executable--
/home/asmola/.local/bin/xvdint
 @GETMEM-I,  Allocated   38146 MB of main memory.
 One- and two-electron integral derivatives are calculated
 for RHF-CC/MBPT hessians and dipole derivatives.
 Spherical gaussians are used.
  magnet F F

                     Kinetic energy integral gradient
                     --------------------------------

 C #1      -0.0273176094            0.3043285986           -0.1901089758
 O #2      -0.0932440755           -0.3249984198            0.4484939087
 H #3      -0.3932953737            0.3357430493           -0.4774259661
 H #4       0.1639658196           -0.4050932869           -0.1678826971
 H #5       0.2262169434           -0.3187383643            0.2051337287
 H #6       0.1236742957            0.4087584231            0.1817900016



                   Nuclear attraction integral gradient
                   ------------------------------------

 C #1      -8.6704185564           -4.1891507848            2.7134376607
 O #2      12.5190938426            3.7400528230           -4.8826858901
 H #3       4.4955139483           -3.3237015221            4.8205678285
 H #4      -2.7725410272            5.0502457286            1.8270369843
 H #5      -3.3980749575            4.0436821729           -2.1746564264
 H #6      -2.1735732498           -5.3211284176           -2.3037001571



                      Reorthonormalization gradient
                      -----------------------------

 C #1       0.0000000000            0.0000000000            0.0000000000
 O #2       0.0000000000            0.0000000000            0.0000000000
 H #3       0.0000000000            0.0000000000            0.0000000000
 H #4       0.0000000000            0.0000000000            0.0000000000
 H #5       0.0000000000            0.0000000000            0.0000000000
 H #6       0.0000000000            0.0000000000            0.0000000000



                     Kinetic energy integral Hessian
                     -------------------------------

           C #1 x      C #1 y      C #1 z      O #2 x      O #2 y      O #2 z

 C #1 x   -0.091000
 C #1 y   -0.319344    0.199297
 C #1 z    0.147490    0.196226   -1.088909

 O #2 x   -0.442064   -0.028515    0.022488    0.045091
 O #2 y   -0.028515    0.405311    0.007740   -0.269176   -0.815697
 O #2 z    0.022488    0.007740    0.393562    0.420437   -0.464570   -0.443154

 H #3 x    0.004604    0.004548   -0.009161    0.378021    0.297920   -0.441099
 H #3 y    0.004548    0.007258    0.002768    0.297920    0.398975    0.451688
 H #3 z   -0.009161    0.002768    0.003725   -0.441099    0.451688    0.053277

 H #4 x    0.172640    0.248270    0.050273    0.006107   -0.010324   -0.005233
 H #4 y    0.248270   -0.262159   -0.128397   -0.010324    0.007375    0.003357
 H #4 z    0.050273   -0.128397    0.272883   -0.005233    0.003357    0.000645

 H #5 x    0.131074    0.265497   -0.124717    0.006012    0.000353    0.001476
 H #5 y    0.265497   -0.095603    0.177612    0.000353   -0.003112   -0.000009
 H #5 z   -0.124717    0.177612    0.238699    0.001476   -0.000009   -0.003181

 H #6 x    0.224746   -0.170455   -0.086373    0.006833    0.009742    0.001932
 H #6 y   -0.170455   -0.254103   -0.255949    0.009742    0.007148    0.001794
 H #6 z   -0.086373   -0.255949    0.180041    0.001932    0.001794   -0.001149


           H #3 x      H #3 y      H #3 z      H #4 x      H #4 y      H #4 z

 H #3 x   -0.381929
 H #3 y   -0.301854   -0.406885
 H #3 z    0.451334   -0.454587   -0.056850

 H #4 x    0.000594   -0.000762   -0.000215   -0.223055
 H #4 y   -0.000762    0.000730    0.000036   -0.235702    0.220657
 H #4 z   -0.000215    0.000036    0.000017   -0.023148    0.163202   -0.104111

 H #5 x   -0.000195    0.000394   -0.000117    0.044362   -0.001877   -0.021812
 H #5 y    0.000394   -0.000552    0.000218   -0.001877    0.038966   -0.036383
 H #5 z   -0.000117    0.000218   -0.000302   -0.021812   -0.036383   -0.167991

 H #6 x   -0.001095   -0.000246   -0.000742   -0.000649    0.000396    0.000135
 H #6 y   -0.000246    0.000474   -0.000124    0.000396   -0.005569   -0.001815
 H #6 z   -0.000742   -0.000124    0.000134    0.000135   -0.001815   -0.001443


           H #5 x      H #5 y      H #5 z      H #6 x      H #6 y      H #6 z

 H #5 x   -0.182280
 H #5 y   -0.265009    0.066904
 H #5 z    0.145013   -0.141499   -0.068732

 H #6 x    0.001028    0.000643    0.000157   -0.230862
 H #6 y    0.000643   -0.006603    0.000061    0.159920    0.258653
 H #6 z    0.000157    0.000061    0.001507    0.084890    0.256033   -0.179090




                   Nuclear attraction integral Hessian
                   -----------------------------------

           C #1 x      C #1 y      C #1 z      O #2 x      O #2 y      O #2 z

 C #1 x   -0.324439
 C #1 y    1.690656    5.757755
 C #1 z   -0.349551   -1.588928   15.618451

 O #2 x    7.168456    1.229548   -1.176883   -3.808181
 O #2 y    1.146387   -7.627833   -0.036589    1.158264   12.233475
 O #2 z   -1.101292   -0.049505   -7.309252   -2.121730    3.288264    9.577539

 H #3 x    0.140371   -0.146656    0.337181   -4.188969   -2.158516    3.116836
 H #3 y   -0.154731   -0.224815   -0.102871   -2.134785   -4.252128   -3.233359
 H #3 z    0.296737   -0.086460   -0.069518    3.153893   -3.260372   -1.804601

 H #4 x   -2.326354   -2.155864   -0.379295    0.285869   -0.007000   -0.057063
 H #4 y   -2.032269    1.311180    0.897345   -0.163425   -0.216534    0.039989
 H #4 z   -0.433052    1.089915   -3.137689   -0.064300    0.005180   -0.173699

 H #5 x   -1.890435   -2.064185    0.844428    0.351940   -0.255011    0.137014
 H #5 y   -1.972373   -0.239279   -1.195846   -0.339828   -0.058998   -0.089060
 H #5 z    0.927201   -1.366051   -2.768840    0.113846   -0.042070   -0.137585

 H #6 x   -2.767599    1.446500    0.724121    0.190886    0.115875    0.026235
 H #6 y    1.322330    1.022991    2.026890    0.250226   -0.077982    0.043672
 H #6 z    0.659958    2.001030   -2.333152    0.095175    0.045587   -0.152401


           H #3 x      H #3 y      H #3 z      H #4 x      H #4 y      H #4 z

 H #3 x    3.941695
 H #3 y    2.327201    4.503337
 H #3 z   -3.551528    3.366313    1.872814

 H #4 x   -0.009776    0.013903    0.004806    2.286341
 H #4 y    0.009601   -0.011269   -0.000314    2.169152   -0.928550
 H #4 z    0.009701   -0.006400    0.004166    0.335968   -1.256560    2.362102

 H #5 x    0.064403   -0.054076    0.049179   -0.248340    0.024021    0.153921
 H #5 y   -0.067784    0.013988   -0.037976   -0.016314   -0.262597    0.132458
 H #5 z    0.044800   -0.026471    0.002972    0.096974    0.284233    0.929600

 H #6 x    0.052277    0.002488    0.046914    0.012260   -0.007079   -0.002238
 H #6 y    0.036153   -0.029113    0.018809   -0.003877    0.107770    0.035407
 H #6 z    0.043011    0.002788   -0.005833   -0.001390    0.035308    0.015519


           H #5 x      H #5 y      H #5 z      H #6 x      H #6 y      H #6 z

 H #5 x    1.789261
 H #5 y    2.402560    0.378154
 H #5 z   -1.178917    1.175578    2.050434

 H #6 x   -0.066829   -0.006262   -0.003904    2.579005
 H #6 y   -0.053309    0.168731   -0.025219   -1.551523   -1.192397
 H #6 z   -0.005626    0.014847   -0.076581   -0.791127   -2.099558    2.552448




                Highest order reorthonormalization Hessian
                ------------------------------------------

           C #1 x      C #1 y      C #1 z      O #2 x      O #2 y      O #2 z


           H #3 x      H #3 y      H #3 z      H #4 x      H #4 y      H #4 z


           H #5 x      H #5 y      H #5 z      H #6 x      H #6 y      H #6 z




                Electronic contributions to dipole moment
                -----------------------------------------

                               au             Debye

                    x      1.77113241      4.50177035
                    y     -0.14766581     -0.37532911
                    z     -0.02826879     -0.07185210

  Conversion factor used: 1 a.u. =   2.54174691 Debye 



   Electronic contributions to static part of dipole moment derivatives
   --------------------------------------------------------------------


                     Total dipole moment derivatives
                     -------------------------------

                              Ex             Ey             Ez

               C #1 x    -7.30821006     0.15392742    -0.01583908
               C #1 y     0.49245532    -7.65210313    -0.22105566
               C #1 z    -0.23145159    -0.26848378    -6.68982907

               O #2 x    -8.81172800     0.10323121    -0.13901763
               O #2 y     0.15102713    -8.53335780     0.18273294
               O #2 z    -0.16664308     0.15467514    -8.72046509

               H #3 x    -0.41196020    -0.10214790     0.12979454
               H #3 y    -0.17337624    -0.65555356    -0.15500155
               H #3 z     0.18264529    -0.13757808    -0.52121859

               H #4 x    -0.50373446    -0.20767958    -0.17957510
               H #4 y    -0.76355076    -0.38280601     0.26026621
               H #4 z    -0.16299321     0.05063212    -0.72648832

               H #5 x    -0.41520095    -0.12353693     0.17169288
               H #5 y    -0.41634877    -0.55882407    -0.24260282
               H #5 z     0.08001985    -0.02495887    -0.72150622

               H #6 x    -0.54916633     0.17620578     0.03294438
               H #6 y     0.70979332    -0.21735543     0.17566088
               H #6 z     0.29842274     0.22571348    -0.62049271



 Evaluation of 1e integral derivatives required    3.54 seconds.
 Evaluation of 2el integral derivatives

                      Two-electron integral gradient
                      ------------------------------

 C #1       3.3556379586            2.1069194991           -1.1593734209
 O #2      -5.4054169464           -1.5403527760            1.8828374131
 H #3      -2.3505269220            1.5348495694           -2.1185129320
 H #4       1.4795860428           -2.8405781650           -0.6777974615
 H #5       1.8183548121           -2.2408047581            0.7682495410
 H #6       1.1023650550            2.9799666306            1.3045968604


 Evaluation of 2e integral derivatives required 2130.49 seconds.

                            Molecular gradient
                            ------------------

 C #1       0.0239009399           -0.1540495079            0.1085635523
 O #2       0.0648904880            0.1407432684           -0.1911762428
 H #3       0.1910062896           -0.1501956829            0.2129301008
 H #4      -0.0773223143            0.2419864386            0.0336238063
 H #5      -0.1483409461            0.1952058738           -0.0416695624
 H #6      -0.0541344569           -0.2736903899           -0.1222716542


  Molecular gradient norm 0.649E+00

                            Molecular hessian
                            -----------------

           C #1 x      C #1 y      C #1 z      O #2 x      O #2 y      O #2 z

 C #1 x   33.294547
 C #1 y   -8.061804   60.539844
 C #1 z    2.809591   12.541285   13.438674

 O #2 x   -2.587477   -1.283095    1.112193    2.938537
 O #2 y   -0.307173   -0.914432    0.646198   -2.602701   -0.261901
 O #2 z    0.416393    0.889970   -0.380112    4.444185   -6.976644    4.668114

 H #3 x    1.174642    0.899365   -0.949086   -1.150484    3.672892   -5.619137
 H #3 y    0.355241    2.389934   -0.012253    2.567928   -0.232146    6.344792
 H #3 z   -0.637988    0.034406    2.055819   -4.466404    6.456929   -5.630237

 H #4 x  -11.178940    4.574224    3.849940    1.613156   -2.124700    1.590358
 H #4 y    2.030966  -31.149640  -14.218247   -1.213396    0.001567   -0.710846
 H #4 z    5.842786  -19.429610   -3.447238    0.757856   -0.020131   -0.506136

 H #5 x   -9.862714    3.713922   -7.587761   -3.278917    3.173390   -2.748094
 H #5 y    4.498696   -6.009148   11.590399    1.042377   -0.651992    1.068089
 H #5 z   -8.433478   13.926006   -2.213830   -1.165990    0.705175   -0.648595

 H #6 x  -10.840057   -0.663240   -1.967639    1.034130   -0.343159    1.031161
 H #6 y    1.484074  -24.856555  -10.025138    0.365541   -0.698229    0.104721
 H #6 z    0.002696   -7.962056   -9.453312    0.596624   -0.373958   -0.150199


           H #3 x      H #3 y      H #3 z      H #4 x      H #4 y      H #4 z

 H #3 x   -0.415062
 H #3 y   -2.677146   -1.352641
 H #3 z    4.625439   -6.178788    3.889612

 H #4 x   -1.072861    2.650065   -2.081179   31.220787
 H #4 y    1.176948    0.494777    1.022600   -4.293271   52.147873
 H #4 z   -1.317812   -0.120626    1.161109   -0.077308   23.438909  -17.916766

 H #5 x    1.728571   -3.567389    3.909962  -18.082020    3.950902   -0.652981
 H #5 y   -1.486225   -1.489998   -1.232469    1.589885  -22.810816  -12.585914
 H #5 z    2.118855   -0.645830   -1.491311    2.235026  -12.451397   16.459951

 H #6 x   -0.483334    0.419031   -1.240298   -1.062019    0.337537   -0.397127
 H #6 y    0.019816    0.510265   -0.365163    0.301721    0.324435    0.285227
 H #6 z   -0.495403    0.414176    0.303155   -0.524631   -0.136861    2.516048


           H #5 x      H #5 y      H #5 z      H #6 x      H #6 y      H #6 z

 H #5 x   29.548429
 H #5 y   -5.099504   29.096708
 H #5 z    4.860246   -0.246763  -12.882844

 H #6 x   -0.305772    0.927779   -0.203665   11.657052
 H #6 y   -0.219558    3.513274   -0.487071   -1.951594   21.206812
 H #6 z   -0.259293   -0.736724    0.669793    0.680008    8.795424    6.114515




                           Total dipole moment
                           -------------------

                               au             Debye

                    x     -0.41291712     -1.04953082
                    y     -0.00838247     -0.02130611
                    z      0.18924716      0.48101839

  Conversion factor used: 1 a.u. =   2.54174691 Debye 



                     Total dipole moment derivatives
                     -------------------------------

                              Ex             Ey             Ez

               C #1 x     0.65085121    -0.03197025     0.05848491
               C #1 y    -0.00322566    -0.09194375     0.16748388
               C #1 z     0.04338928     0.12275546    -0.39028190

               O #2 x    -0.91107559     0.04687319    -0.02897769
               O #2 y    -0.06280191    -0.45737866    -0.12796514
               O #2 z     0.07193383    -0.11638069    -0.26422666

               H #3 x     0.26903710    -0.00739501     0.00667253
               H #3 y    -0.01110541     0.27827710     0.07268690
               H #3 z     0.00287587     0.06803928     0.21108558

               H #4 x    -0.01883552    -0.04524728     0.03804217
               H #4 y     0.05841148     0.12877528    -0.20350892
               H #4 z     0.04707490    -0.23417916     0.32125346

               H #5 x     0.04519646     0.01892181    -0.06642462
               H #5 y     0.08246906     0.02601698     0.15187109
               H #5 z    -0.11444894     0.28991763    -0.08315930

               H #6 x    -0.03517373     0.01881755    -0.00779763
               H #6 y    -0.06374781     0.11625291    -0.06056787
               H #6 z    -0.05082479    -0.13015262     0.20532854



  Molecular gradient does not satisfy rotational invariance condition.
   rotational invariance in yz-plane :        -.3974E-01
   rotational invariance in xz-plane :        -.3083E-01
   rotational invariance in xy-plane :        -.1739E-01
 @CHECKOUT-I, Total execution time (CPU/WALL):     2134.01/     290.25 seconds.
--executable xvdint finished with status     0 in      290.29 seconds (walltime).
 --invoking executable--
/home/asmola/.local/bin/xjoda
  @GTFLGS-I, Hessian will be transformed to curvilinear coordinates.
  @GTFLGS-I, Hessian will be transformed to curvilinear coordinates.
  igrd and ihes are                      0                     1
  gradient from JOBARC 
   0.023900939858841  -0.154049507943188   0.108563552311241
   0.064890487969370   0.140743268399136  -0.191176242785752
   0.191006289574565  -0.150195682933122   0.212930100780799
  -0.077322314343896   0.241986438558755   0.033623806282046
  -0.148340946136809   0.195205873820699  -0.041669562371448
  -0.054134456922077  -0.273690389902278  -0.122271654216859
 
  @PROJFCM-I, Projecting force constant matrix onto totally symmetric subspace.
  Largest difference between matrix elements of symmetrized
  and unsymmetrized FCM :    -0.8792972916E+01.
 
  Summary of diagonal Born-Oppenheimer correction at the correlated level
  The total diagonal Born-Oppenheimer correction (DBOC) is:      0.0051409705 a.u.
  The total diagonal Born-Oppenheimer correction (DBOC) is:       1128.312605 cm-1
  The total diagonal Born-Oppenheimer correction (DBOC) is:            13.498 kJ/mole
  hellooooooo 
  readis is  F
 
 @CHECKOUT-I, Total execution time (CPU/WALL):        0.02/       0.08 seconds.
--executable xjoda finished with status     0 in        0.36 seconds (walltime).
  The final electronic energy is      -115.514601747502169 a.u. 
  This computation required                        29871.75 seconds (walltime).
