                   238                     0
   1.99091100675065     
 -4.636082080223921E-002
   1.07490227812304     
  1.141459112680393E-002
 -8.246080983394547E-003
  1.754601481100604E-004
 -3.602636703429242E-003
  2.849980618831895E-002
 -1.821827834377453E-003
  6.266778137660467E-002
 -3.255872703645200E-003
 -6.446105692291555E-003
  4.728402880521947E-006
  6.510970729818226E-004
  6.149827959876710E-005
 -2.593041966769247E-004
 -1.083798204873339E-003
  3.660015478854287E-006
  5.676359724174972E-005
  8.775297759296506E-006
  1.346034232648882E-006
  3.594323656565344E-004
  2.697074051604548E-002
 -4.658675329945288E-004
  1.315567196391970E-002
 -9.217937200610280E-006
 -1.157588381163536E-005
  4.108977892956039E-003
 -1.596461922170419E-003
 -8.748216667597473E-002
  5.160315836567704E-003
 -0.152098005831676     
 -1.009452460825677E-003
 -1.187450112779902E-004
 -2.840005686886645E-002
  0.602153334653646     
 -7.308312693225512E-005
 -0.160324541837204     
  4.429081031885287E-003
 -9.158280853214958E-002
 -1.705211509908219E-003
 -1.308100903662019E-004
 -1.996834441418854E-002
  6.543452608051509E-002
  0.770331754025396     
 -2.395398242433543E-004
  0.118233572736585     
 -1.970604526555625E-003
  0.121618829658690     
  7.049383458570848E-004
 -2.876730321577576E-005
  5.093834823742718E-002
 -2.661531593795760E-002
 -1.905204643333383E-002
   1.19575228167289     
  7.675480786507792E-004
 -2.296031371390726E-003
 -2.854173819415270E-004
  1.047296394658077E-002
  1.234281047652616E-004
  1.584697070054313E-005
  1.576530427220229E-003
 -3.492989618380830E-002
 -3.267735790515153E-003
  5.571462443086563E-003
  2.484397530632616E-003
 -3.687227476218774E-003
  8.531147030879363E-003
 -9.558223499826931E-005
  4.499199378341316E-004
 -2.182313190450193E-005
 -5.943679805068153E-006
  2.863386435823472E-004
  2.297288733521794E-003
 -6.355827063088742E-003
  5.287404886504283E-003
 -1.308375392340050E-004
  1.792142605136292E-004
  2.506173683486213E-003
 -9.641871775679850E-003
  9.750943318201905E-005
 -1.973991065048033E-003
  2.810561610220067E-005
  7.974705786367792E-006
 -9.446797391692862E-004
 -7.405737679946961E-004
  2.974792695483343E-003
 -1.972879004397079E-002
  1.639911204318384E-005
 -1.741639735906679E-004
  3.973340749279752E-004
  4.141106271940545E-004
 -2.385230344039781E-002
 -6.267488095734531E-004
  2.723526795511944E-002
  4.640207308502826E-004
  6.208699225958213E-005
  4.238808070862216E-003
 -9.231536829587716E-002
 -2.618355238372136E-003
  2.790426995821404E-002
  6.301022463984251E-003
 -3.862675300206900E-004
 -3.476112203774641E-005
  1.755314364594155E-002
 -5.026440093128176E-004
 -4.146696641998050E-002
  4.630096031519510E-004
  6.567796045229508E-003
  1.368205752880297E-004
  2.019387152415888E-005
  7.118083959438877E-004
  2.118388334809163E-002
 -2.127403585598035E-002
  1.685286475052044E-003
  1.955200104969529E-004
 -9.838089298636350E-004
  1.435333231608156E-004
 -4.343752182552281E-003
  4.646107703029625E-002
  4.285381143344856E-003
  3.068293035314593E-002
 -1.151311495764616E-004
  9.942937373294618E-003
 -1.816221567694400E-004
 -3.908601289121539E-005
  5.578028625488238E-003
 -4.227201520690635E-003
 -1.305092759558412E-002
  8.562830809283500E-002
 -7.031870109201477E-004
 -3.595948143869741E-005
 -1.556139635102661E-003
 -1.837886858669850E-003
  1.521794569418838E-002
  1.902243195964907E-002
  4.446545780827984E-004
 -2.582320763081274E-004
  7.731610158870809E-006
 -1.125064781063920E-004
 -1.749285710040677E-007
  4.339567656540637E-008
 -2.463288710129688E-005
  5.112814912331388E-004
  5.870435485207988E-005
  5.010455211299818E-005
 -2.582049952131390E-005
  5.912311098068983E-007
 -1.719508641016639E-007
 -6.590668493823689E-005
  2.605013711663058E-005
 -8.180041843940039E-006
  5.853758416471133E-007
  7.256230009607855E-004
 -3.191008039114630E-004
  1.049981649856848E-005
 -1.306814637370564E-004
 -2.445503587559875E-006
 -1.278976067767140E-007
 -2.906121698201056E-005
  1.368424726102273E-004
  9.350044212010685E-004
 -8.483836306719345E-006
 -7.507666614679699E-006
 -8.483636106590910E-006
  4.830420803768944E-006
 -5.443000663599981E-006
 -6.087455713972781E-005
 -2.902445423147158E-005
  3.011052952723315E-007
  1.456294197932567E-006
 -5.086471982743611E-004
  2.442094885827598E-004
 -6.504533891332225E-006
  1.674987121099031E-004
  1.455087665407837E-006
 -2.015573664887703E-008
  6.744611035444453E-005
 -5.714178274307259E-005
 -7.137607127676151E-005
  1.540083127607942E-003
  9.486373933135395E-006
  8.952119616204418E-006
 -2.660258806191648E-005
  3.924448216663941E-005
 -5.843895008789783E-006
  1.001061717469960E-004
 -7.374595928298734E-008
 -2.591964364372014E-007
  2.136360241450528E-006
 -1.081618954627966E-005
 -4.049155141970366E-005
  3.121033272985740E-006
 -9.781718952041880E-005
 -7.047338005170210E-007
 -8.197712214030431E-008
 -1.670052145335476E-005
  3.834219486299972E-004
  1.961213493046934E-005
 -4.356275627338008E-006
 -2.310239982229134E-005
  1.668319724537245E-006
 -7.171914053913463E-007
 -6.087055870449219E-005
  1.183299896577658E-005
  2.226918906649196E-007
  3.156050237303228E-007
  5.729466034432500E-008
 -1.644272188568242E-008
  2.487160972252418E-007
 -8.259282507949915E-006
 -4.226908710090387E-005
  2.128117742389254E-006
 -5.095791980144172E-005
 -1.314222874444641E-006
 -1.281334468848791E-007
 -9.828692102683632E-006
  1.809821559519995E-005
  4.667993315055266E-004
  6.245348891647078E-006
 -1.329430835010361E-006
 -3.437586637108864E-006
  1.198123620643665E-006
  2.166521539816972E-007
 -2.069104253290674E-005
 -6.739401448697626E-006
  6.693737158528692E-009
  5.614685786522704E-007
 -1.439119505665936E-008
 -7.131067652341519E-010
  2.870275156720602E-007
  5.419990062743230E-006
  1.441933565267594E-005
 -5.830382237305395E-007
  5.529580481201046E-005
  5.627737881304636E-007
  2.709693364545648E-008
  2.256237412356357E-005
 -2.687548385170142E-006
  7.899566333925164E-006
  5.700310761373147E-004
  2.936738665124810E-006
  2.331254056965116E-006
 -9.097501546674364E-006
  1.444906463106060E-005
 -3.002334771578483E-007
  3.597049451045916E-005
  4.313083125603933E-008
  2.488373206701884E-008
  7.335145599381881E-007
  2.864375604947022E-009
  1.110498108709715E-008
  2.750962318094244E-007
 -2.270018903439947E-004
 -1.310373772140393E-003
  2.400431585131119E-005
  6.760438930137485E-005
  7.819072111245927E-006
  4.782824051104766E-007
  9.397536018552989E-005
  3.162232314786517E-003
  1.907348337735893E-003
  7.589765278004979E-003
 -7.003392679177792E-005
  3.412998508540254E-005
 -1.218953773575102E-004
 -1.399344467813268E-004
  3.207057436790196E-004
  2.654370382096486E-004
  3.789504104021882E-006
  2.562973980610012E-006
  9.814925970752658E-006
  1.841907333104150E-006
  1.043374570805690E-006
  3.860146616924793E-006
  8.777417341247240E-005
  4.286603625939806E-005
 -7.982638201877222E-003
  1.320771553583322E-004
 -2.501175305967263E-004
 -5.207716274565680E-006
  7.812844888020164E-007
 -9.224267392783875E-005
  4.840472472257848E-003
  5.142340996536918E-003
  2.971522921012761E-004
 -9.550932005645157E-005
 -2.340623155015571E-004
  5.065149723876732E-005
 -9.573765773048167E-004
  7.381202272915739E-003
  2.575299514125866E-003
  5.073652086380055E-006
  5.412919501513243E-007
 -1.677901393453903E-006
  2.709962578980945E-006
  1.871314004764608E-006
  5.571615548502737E-008
  6.736044594657125E-005
  1.276858509897473E-003
  1.867529103961464E-004
  1.380212627430623E-002
 -1.805252152612719E-004
  8.893154046262806E-003
  1.164151711332289E-005
 -8.348227693005604E-006
  3.681233289314411E-003
 -7.940909481602873E-003
 -1.047917856587323E-002
  6.603464397959237E-002
  2.630348398910852E-004
  2.241818824732379E-004
 -1.142681935099315E-003
  1.414166487343000E-003
  2.886584799396017E-003
  8.178157394233592E-003
 -5.535764754015843E-006
 -1.513331421773989E-005
  8.255098087206888E-005
 -3.754381448482641E-006
 -5.067526990131998E-006
  2.987601022926827E-005
  2.886495465292283E-004
  4.223787702580756E-004
  4.750318216555399E-003
 -1.856851435746745E-004
 -5.030417032268033E-004
  9.917403045154270E-005
 -3.157275589360887E-003
 -3.139695183381872E-005
 -3.687503365617831E-006
 -4.690957940345274E-004
  1.239191252963959E-002
  1.060482910945757E-003
  1.248156764280809E-003
 -7.526426371759573E-004
  5.449010784140074E-005
 -4.527951559412001E-005
 -2.015336939789260E-003
  5.122047409159820E-004
  1.743440008330117E-004
  1.002491647427251E-005
  2.152224006785619E-006
  1.306695210426955E-006
  8.152224297345927E-006
  2.766334571569102E-007
  7.394544021714934E-007
  6.577623284265786E-005
  1.171913135091781E-004
 -4.668009518680532E-005
  2.749552424562154E-004
 -2.037233077942596E-004
 -7.570237694039643E-004
 -1.950756323317274E-005
 -9.884806944290339E-004
  6.589019601958675E-005
  7.489846473136655E-006
 -1.953726485163339E-004
  7.504514741180398E-003
 -1.840235480565904E-002
 -1.745315861562374E-003
 -5.848881275482901E-004
  2.499036713210443E-004
 -3.370961238441288E-005
 -1.075649230218476E-003
 -3.111276442581815E-003
 -1.175603793148300E-003
  6.489828588533163E-006
 -1.719915966035461E-005
 -1.422205834758097E-006
  5.488330367884868E-006
 -1.118165868174274E-005
 -8.612766612459524E-007
 -3.409975852490658E-005
 -7.041894519801658E-004
 -1.673681868323202E-004
  1.427791514840815E-004
  9.921225555070976E-004
  1.298985124119480E-004
  1.508535906270765E-003
 -6.987876242736023E-005
  2.113218999492345E-004
  2.107033190674664E-006
  1.664584008851866E-006
 -4.461685915048680E-004
 -5.035432923235562E-003
 -1.657010993996045E-003
 -1.357661160611437E-002
  4.530068964309113E-004
  1.600092621545815E-005
  2.175999409065889E-004
  8.674110554537399E-004
 -1.501812016309737E-003
 -2.552291756870134E-003
 -4.323936433579485E-006
 -1.935547417740247E-006
 -1.518359038787433E-005
 -3.486843713145933E-006
 -9.055762434863790E-007
 -6.033949631736171E-006
 -8.007568718403371E-005
 -3.034332374068094E-004
 -1.155956655402276E-003
 -1.261016490903791E-004
  5.177841685424716E-005
  4.697470237678954E-004
  2.484427614837844E-004
  6.318401735578520E-003
 -1.064411866039541E-004
  2.263530884643860E-003
 -2.260383355037694E-005
 -4.263878694894500E-006
  4.932337409123572E-004
 -9.660398720780136E-003
  1.310733748823697E-003
  1.044910309978604E-003
  5.444286596737591E-004
 -1.015810800575863E-005
 -3.115602995651978E-005
  1.385560003161750E-003
 -7.708227888835132E-004
  6.577844641577970E-005
 -8.829108388754382E-006
  3.644775908068261E-007
  1.911713504548286E-006
 -6.272914507398670E-006
  1.425157720442688E-006
  2.214744180055936E-007
 -4.302914999618679E-005
 -1.226861266535247E-004
  1.370438416381330E-004
 -2.008837838680708E-004
 -1.856412496069564E-004
  8.988051477277700E-005
  1.945392204710562E-004
  9.807231776821669E-005
  1.036889828103398E-002
 -1.624919277555403E-004
  4.048765351476444E-003
  8.813204470248806E-006
 -3.538135567272245E-006
  1.360340382488189E-003
 -4.262327137424481E-003
 -1.392441156991870E-002
  1.944080825538702E-002
  2.423456693352565E-004
  2.210172632234065E-004
 -3.996224984390186E-004
  6.941231277941552E-004
 -9.380557445198650E-005
  1.725191275313208E-003
 -3.495541908682279E-006
 -1.723800424971892E-005
  2.618369203014597E-005
 -2.069914414634378E-006
 -7.769411430243578E-006
  8.707993416270640E-006
  6.326679614479291E-005
 -1.652422564319011E-004
  1.305690732048084E-003
 -4.976606390705003E-005
  2.590220864652214E-004
 -1.650773179077601E-004
  6.555300902869396E-005
  5.983507122360128E-004
 -6.275761790910985E-005
 -5.815360032351717E-003
  7.267156152411439E-006
  8.937447047170258E-004
  5.400078538419566E-005
  7.951382060512331E-006
 -2.413794687782986E-005
 -2.731513808859454E-003
 -2.371216659769455E-003
 -2.293067074259414E-003
  2.082139775021981E-004
 -4.433199983564211E-005
  7.643554555063979E-005
  6.297769366275105E-004
  2.586180479675313E-004
 -2.401224472487914E-004
 -1.195808085518131E-006
 -2.516701597592445E-006
 -3.218408714975241E-006
 -1.879309789947258E-006
 -1.701791177599598E-006
 -9.609288201770870E-007
 -2.274708284647108E-005
  5.494813144346620E-006
 -9.036374645132774E-005
 -7.407145858814467E-005
  4.286209812287491E-005
  3.622113431760216E-005
  6.344563397014648E-006
 -1.578694512164392E-005
  6.772689519113003E-005
  5.740828675629600E-004
 -5.332416037558179E-003
  2.121542734199484E-004
 -5.223814369254251E-003
 -2.395156243076617E-005
 -2.109429541463672E-006
 -8.525491662862536E-004
  2.485505609630506E-002
  8.085238505677552E-004
  6.079823074518751E-003
 -1.306901351466626E-003
  1.021468815456277E-004
 -1.251712717502988E-004
 -3.629509595020635E-003
  2.297631678555079E-003
  3.804345445436283E-004
  2.218677187669621E-005
  2.560154919395541E-006
  7.244108101269379E-006
  1.604358942477217E-005
 -6.120229338561352E-007
  3.503729769478182E-006
  1.883632944529895E-004
  4.085028790579543E-004
  6.895434999921156E-006
  5.412774360973433E-004
  2.161688067235839E-004
 -2.419584787287512E-004
 -4.247812106930805E-004
 -5.504534470180475E-005
 -1.164962254042628E-004
  1.172990148886447E-003
  1.392704097686658E-003
 -2.474149992634626E-003
 -7.995294540586970E-005
 -1.707479845291673E-003
  1.890988318967118E-004
  2.238416018050292E-005
 -4.372907518631849E-004
  1.465619898023419E-002
 -5.019462060551075E-002
 -7.978689661143068E-003
 -1.275994002021807E-003
  6.360314652097471E-004
 -1.584105899664528E-005
 -2.074369028557713E-003
 -9.006741232533869E-003
 -3.539750751202445E-003
  1.307480530741298E-005
 -4.644911385225559E-005
 -8.319021045280579E-006
  1.124777253488297E-005
 -3.034555206113242E-005
 -3.918787363428340E-006
 -1.469445264540227E-004
 -2.012278013648788E-003
 -6.027130614180208E-004
  2.650043934103246E-004
  2.655511880906873E-003
  2.370446420491383E-004
 -4.169481899817246E-004
  6.787855744694252E-004
  1.519437965714000E-004
  3.242565083698981E-004
  7.177259031740702E-003
  4.052374535152707E-004
  5.599484149723624E-003
 -1.683434651296059E-004
  2.295433734811484E-004
 -7.448068805408887E-006
  1.567544133041845E-006
 -1.028093269370345E-003
 -1.056747117988729E-002
 -5.565800346379581E-003
 -3.212526023745206E-002
  9.237341807253756E-004
  6.246859570671170E-005
  4.912167121835203E-004
  1.686686647776479E-003
 -3.552573109172917E-003
 -5.724978365727093E-003
 -9.619722250856330E-006
 -6.473974610679586E-006
 -3.618786632180060E-005
 -7.294343125414394E-006
 -3.073868162811323E-006
 -1.448215704091887E-005
 -1.976892566982561E-004
 -7.271986998438203E-004
 -2.631141019356809E-003
 -2.697359710066920E-004
  1.917759529302379E-004
  1.055235686660754E-003
  1.947266462457711E-004
 -3.547711343853518E-004
  7.500932476092102E-005
 -5.405272290767198E-004
  7.336257207649760E-004
  2.386538948282283E-003
 -2.488774978501022E-003
  1.775373335620329E-002
 -2.718139701998468E-004
  4.611604386883820E-003
 -6.642214061511590E-005
 -1.261728281636789E-005
  1.120479338041681E-003
 -2.058106081281575E-002
  6.409790439815701E-004
  1.243757455751345E-003
  1.041695398817585E-003
  2.495728751164565E-005
 -8.806845227546053E-005
  2.686071447389582E-003
 -2.297024642535051E-003
  2.671225884196989E-004
 -2.062281748016139E-005
 -2.716209211174673E-006
  3.620200296214820E-006
 -1.312851787726925E-005
  2.008070193383166E-006
 -2.905314002816046E-007
 -1.225512061951891E-004
 -3.817563215209125E-004
  3.379900498871637E-004
 -4.221956391636735E-004
 -2.881065444696276E-004
  1.757185021706511E-004
  4.256959054547979E-004
  1.871162620097311E-004
 -3.500266291124402E-006
 -9.511495846955614E-004
 -5.958228109494521E-004
  4.021781569193151E-004
  9.790404309320164E-004
 -2.319897101229455E-003
  2.007248799671801E-002
 -4.065374207204401E-004
  1.002430538525730E-002
  6.732999531813809E-005
 -5.125279261432198E-007
  3.116378881781340E-003
 -1.330780634092491E-002
 -3.639786420749871E-002
  4.085787847111911E-002
  7.834886244728323E-004
  4.948665385578670E-004
 -8.221833223880894E-004
  2.180605007740166E-003
 -4.982531234247543E-004
  3.309063489191003E-003
 -1.120903822771203E-005
 -4.548398526466391E-005
  5.650508274024688E-005
 -6.711255769420995E-006
 -2.064517969768991E-005
  1.835019255034228E-005
  9.536113731748836E-005
 -4.813638190611059E-004
  2.733482693926714E-003
 -1.787480969439783E-004
  7.061478419428926E-004
 -2.423008935557534E-004
  1.614828864574203E-004
  1.379038944499900E-003
  1.726521048655802E-005
 -2.455261668651932E-004
  1.912527524804983E-003
 -5.119680406533759E-004
  4.512372434973488E-004
  3.297974695998400E-003
  1.914692110938061E-003
 -1.242131731864511E-002
  5.965969677989832E-005
  6.122099823704297E-004
  9.037370304588207E-005
  1.472671235783156E-005
 -2.679301717554270E-004
 -4.273995283489309E-003
 -1.449502894549325E-003
 -7.323580530270097E-003
  2.652059526490409E-004
 -1.271041690572734E-004
  2.132397240257593E-004
  9.434381476310525E-004
 -6.070360200278785E-007
 -6.475571329633272E-004
 -1.563954396534816E-006
  1.560542917791318E-007
 -1.086430839748420E-005
 -2.915071547502919E-006
 -1.396047259527031E-006
 -3.213198369196577E-006
 -6.581208825780045E-005
 -2.674655753704185E-005
 -3.448854848870849E-004
 -1.190817969336698E-004
  7.193773774604367E-005
  6.623997655810012E-005
 -9.146947617173936E-007
 -1.320709173079263E-004
  1.199964916953872E-004
 -2.218405641908860E-004
  2.715663025795540E-004
  1.383490721574047E-004
 -2.789084623645516E-005
 -2.057110766321556E-004
  2.497314104273412E-004
  5.811520254878535E-005
 -4.072639116669450E-005
  2.831995637982648E-006
 -7.301213423482955E-005
 -6.486115299359417E-007
 -6.549033958330704E-008
 -1.170791279906470E-005
  2.837458443723510E-004
  3.015840468259973E-005
  1.726759452029071E-005
 -1.706752674387859E-005
  8.730978236828318E-007
 -6.015684467649373E-007
 -4.515013472270696E-005
  1.229281886810583E-005
  2.955054860953491E-006
  2.480765165455178E-007
  8.227886271211126E-008
 -3.709323189988225E-009
  1.851393737470335E-007
  8.277241778680964E-009
  1.255670149753108E-008
  1.481981896615096E-006
  2.814578773675168E-006
 -1.701151102892408E-006
  6.187864650871459E-006
  3.276833838320528E-006
 -2.907464217303759E-006
 -4.689608587943479E-006
 -1.539938990680585E-006
 -1.498256062927980E-006
  1.227794289737707E-005
  6.196678730838149E-006
 -6.247656107872078E-006
 -1.003523814520666E-005
 -5.059142448811625E-006
 -2.242704752170407E-006
  1.422430487693685E-007
 -5.279401601713730E-005
  3.155609191268109E-006
 -9.072576759081296E-007
 -1.707136265847524E-005
  1.413929374475969E-006
  1.520264316529163E-007
 -3.110186982416325E-006
  1.542844043451511E-004
 -4.115628230272975E-004
 -3.681799943960644E-005
 -1.210514506033707E-005
  5.535641251521501E-006
 -9.324322587083824E-007
 -2.305927643310184E-005
 -6.136952446973846E-005
 -2.295571626421741E-005
  1.201155240012857E-007
 -4.145645199373967E-007
 -1.539874524413530E-008
  1.142056843500981E-007
 -2.496221260462990E-007
 -1.946052655542166E-008
 -7.828255764498387E-007
 -1.441421295362949E-005
 -2.966675796380375E-006
  2.979839182208219E-006
  2.100411933753282E-005
  1.113171176700472E-006
 -3.879644365325666E-006
  5.931158754129951E-006
  8.998051831174478E-007
  4.553625309111119E-006
  5.615886210233418E-005
  4.146179943682759E-006
 -5.874025082017783E-006
  1.609967573781272E-005
  1.320399772906664E-006
  6.627156621433739E-008
  4.471732812947248E-007
  2.044601724948976E-005
  2.098662037582525E-005
 -1.199209796454662E-006
  2.034073582722239E-006
  3.824889196264442E-008
  3.694978683671257E-008
 -9.892534963143689E-006
 -1.003563097888426E-004
 -3.088181332651899E-005
 -2.932120225907074E-004
  8.912701921869617E-006
  9.846167103651323E-008
  4.774692431209079E-006
  1.695335294574069E-005
 -2.930422521668511E-005
 -5.181756806566244E-005
 -8.264527971981600E-008
 -2.940273479587694E-008
 -3.379154360857131E-007
 -7.005888911661853E-008
 -1.744117645844323E-008
 -1.310665117655900E-007
 -1.746568221475353E-006
 -5.918398921658768E-006
 -2.407472325720627E-005
 -2.570846026004547E-006
  1.014403829984675E-006
  9.470236183420866E-006
  1.758054307607523E-006
 -3.710224878036273E-006
  8.127917183970237E-007
 -4.993461040607234E-006
  4.760016238776506E-006
  2.130100895705393E-005
  3.413254844816384E-006
 -5.775961855580293E-006
  1.580206195790850E-006
 -5.821238050802516E-008
  2.125351659772691E-008
  1.916228169280803E-007
  2.516978589802333E-005
  1.167291773544049E-004
 -2.144316388415681E-006
  5.092754136794561E-005
 -3.561646416130684E-007
 -6.871788186059565E-008
  1.048184129182188E-005
 -2.161811592126513E-004
  2.015259209295247E-005
  1.345356666603432E-005
  1.233178612228868E-005
 -4.142526532154556E-007
 -3.564997430083611E-007
  3.155687457274324E-005
 -1.552708077333878E-005
  6.038583407450446E-007
 -1.896576336236683E-007
  6.118047020590412E-009
  2.396840736814402E-008
 -1.403766614977689E-007
  2.479840415096319E-008
  9.890909133740834E-010
 -1.022806359861738E-006
 -2.577644463547732E-006
  2.523763383332733E-006
 -4.520458042524270E-006
 -3.871136028597029E-006
  2.096743505872678E-006
  4.183541302182840E-006
  1.335192864506908E-006
  3.369167403414300E-007
 -9.436485870098961E-006
 -8.498919228801044E-006
  4.531086266912977E-006
  9.067289272077473E-006
  3.499991758383687E-006
  3.691965980214888E-007
 -1.043165250713457E-007
 -8.130625862874166E-008
  4.152140033995046E-008
  9.084139624764159E-008
 -1.211789257874700E-005
  2.062888304373833E-004
 -3.345462649140339E-006
  8.144142894446564E-005
  2.192534420070874E-007
 -6.573146118732445E-008
  2.721694642946592E-005
 -8.766913791370592E-005
 -2.815054901052106E-004
  3.855054048288314E-004
  4.947734626141821E-006
  4.427977312938783E-006
 -7.943047551607669E-006
  1.416628550651370E-005
 -1.919862602069109E-006
  3.432499389949274E-005
 -7.522437967921167E-008
 -3.535116721330523E-007
  5.230472069926274E-007
 -4.272726326566429E-008
 -1.571992308467844E-007
  1.724756325286795E-007
  1.220276085276983E-006
 -3.345668810922830E-006
  2.600258563083519E-005
 -1.044162624501018E-006
  5.247096838320355E-006
 -3.255448549873789E-006
  1.324348337048356E-006
  1.196783170654576E-005
 -2.801857125473380E-007
 -1.215983617577698E-006
  1.377872590025618E-005
 -6.986727942777387E-006
  3.801692250504175E-006
  2.765605871803677E-005
 -2.585708632926477E-006
 -3.231444376399176E-008
  1.204378690123164E-007
 -7.333990385190802E-008
  2.697841919039058E-008
  2.395110973258091E-007
 -8.328498844680868E-005
 -7.600278618771036E-005
 -6.876792495669673E-007
  2.208459286688393E-005
  1.004776171549010E-006
  1.342082214439027E-007
  1.226071507242816E-006
 -6.756468515969968E-005
 -5.031099677555219E-005
 -3.072116118632503E-005
  4.735740621589913E-006
 -4.588451704673763E-007
  9.580681897732984E-007
  1.359326014996373E-005
  3.234261905232947E-006
 -3.558913201698536E-006
 -5.841888292184957E-008
 -8.839690973270168E-008
 -2.025908417815580E-008
 -4.476271224926469E-008
 -3.307564592964416E-008
 -1.354579241090516E-008
 -4.591755367533582E-007
 -2.369343101274365E-007
 -8.226122804403256E-007
 -1.667406608347189E-006
  5.943021902765020E-007
  8.107207114310811E-007
  5.060672857606394E-007
  2.047461261736770E-007
  1.161339322586550E-006
 -2.841457027278102E-006
  2.302240497962894E-006
  1.716569840959101E-006
  9.679488731291846E-007
  1.559150690427938E-006
  1.873508154148918E-006
 -3.792652369802278E-008
  1.503469241440426E-008
  1.669098016807470E-008
  1.347512882370412E-008
  5.336024573601180E-009
  2.445139487431865E-008
  2.434420441262766E-005
 -5.740764736100079E-003
  1.036222184323183E-004
 -2.145674273148567E-003
  1.008552856380664E-005
  2.345259047326158E-006
 -6.349967579348669E-004
  9.554695634018730E-003
  5.158585325001101E-003
  6.888512217963659E-004
 -3.268135694859428E-004
  1.937642424679930E-005
  2.530305789103706E-006
 -9.172989202177043E-004
  3.024504701172561E-004
 -9.650139078707029E-004
  9.948549192727226E-006
  7.480611367533419E-006
  1.071978849148951E-006
  5.552828166098271E-006
  2.555629068523033E-006
  1.063874349944148E-006
  1.095630948773901E-004
  8.778560382245570E-005
 -3.865622265621642E-004
  1.759158693692857E-004
  3.666038779479889E-006
  3.776988354581844E-005
 -1.467626702393524E-004
 -1.489012656700567E-004
 -2.915319912993335E-005
  4.344737026996204E-004
 -8.162404133084523E-005
  6.410738915327380E-005
 -3.758006167051281E-004
 -3.943675132172779E-004
 -5.867308599449227E-005
  4.134442260548697E-006
 -1.497099144546694E-007
  7.014745262628082E-007
 -3.261903599197200E-006
 -3.045748931065773E-006
 -8.725386613514968E-007
  2.948357875879247E-004
  3.195953760007774E-004
  9.142818202349729E-003
 -2.378760204205028E-004
  2.132100365133399E-003
  9.623367213621565E-005
  8.401532982822617E-006
  4.192645774158473E-005
 -1.297187485760249E-003
 -4.791659558773782E-002
 -2.232193230449270E-002
 -1.896293144327472E-004
  3.989307615469822E-004
  1.754702747810314E-004
 -5.795687711039764E-004
 -2.506379242007895E-003
 -1.929659511989864E-003
 -2.937567833749688E-006
 -5.441727840044418E-005
 -2.596053325278429E-005
  3.289164840557968E-007
 -2.893134349749929E-005
 -1.166594723825209E-005
 -2.795237540552045E-004
 -9.474843267306453E-004
 -7.954909794897524E-004
 -6.879141895725860E-005
  1.598208813406826E-003
  3.962948152564950E-004
 -1.132481017561900E-004
  5.095520996698509E-004
  1.820395207134486E-004
 -2.365217514323888E-004
  4.424759852935854E-003
  1.069744157379160E-003
 -1.786995296035497E-005
  1.507309466331741E-003
  2.543917043927438E-004
 -1.630982126580201E-006
  3.477844432313430E-005
  8.213205464913547E-006
 -1.854355650155608E-006
  1.044016904044145E-005
  3.485337776735810E-006
 -3.278787827907458E-004
  3.833659461318696E-003
 -4.867883666941726E-004
 -2.207787776018160E-003
 -1.753534707086098E-005
 -3.720087369866765E-003
  1.333483793349366E-006
  4.886095950175953E-006
 -2.003260104141647E-003
 -5.724196783994931E-004
 -8.258829130616444E-003
 -4.887979947205254E-002
  7.435735581524979E-005
 -5.286164395775902E-005
  7.770523240132616E-004
 -5.202287235508817E-004
 -1.744897571764948E-003
 -5.320468934481728E-003
 -2.697748477461973E-006
 -9.558792514252876E-006
 -5.998037784077643E-005
 -7.005338636173799E-007
 -5.581004653960881E-006
 -2.282966032964489E-005
 -3.009347760661828E-004
 -4.205395410665646E-004
 -3.146495259451190E-003
 -8.015942839261030E-005
  3.952143871187982E-004
  8.895491067949582E-004
 -3.045968523497209E-005
 -6.374728791942010E-004
  1.106191136275824E-004
 -2.477235528543823E-004
  1.233043267905970E-003
  2.066408070247723E-003
 -3.036980623332523E-005
 -1.170015008191028E-003
  2.780933590877075E-004
 -1.602476678013388E-006
  8.512575792986313E-006
  1.845829828177989E-005
 -1.868068287855273E-007
 -1.258346445177081E-005
  1.789283506798915E-006
  4.731316951822414E-005
  1.557487506895227E-003
  2.464862072872805E-003
  1.266120442183620E-004
  8.099112947918994E-003
 -1.382036255023586E-004
  3.608143572800280E-003
 -5.916965649083065E-006
 -3.540084511848334E-006
  1.133103809993145E-003
 -1.032869475139067E-002
 -8.672069277785370E-003
  7.420054448580959E-003
  3.878940623426735E-004
  2.608828075490245E-005
 -1.563932131262763E-004
  1.069712252584402E-003
  5.674453555230918E-004
  2.052504683135391E-003
 -1.025225928856727E-005
 -1.240899125266856E-005
  9.221874501746307E-006
 -5.945854040535274E-006
 -4.593913578140038E-006
  2.571870609042829E-006
 -6.908500138138340E-005
  1.913378597156799E-005
  9.936959657062686E-004
 -1.813695708155060E-004
 -1.145060349493557E-005
 -1.726597355674140E-004
  1.566707417135066E-004
  3.455366128029645E-004
  2.469882910199950E-005
 -4.081762467663667E-004
  3.435675298879154E-005
 -3.677682800898311E-004
  3.985708963766489E-004
  8.146056953641172E-004
  9.605350389717810E-006
 -4.345441092594947E-006
  1.633005826466315E-007
 -3.521655970528515E-006
  3.439003750360560E-006
  6.965598451219538E-006
  9.064373422343871E-007
 -3.355125639788084E-004
  3.331143384289890E-004
 -4.107086227361929E-004
  4.687831217940597E-004
  6.587892139018059E-004
  1.867242473550054E-002
 -2.970037351070879E-004
  8.128861611276135E-003
  2.027734799281301E-005
 -5.328827831819864E-006
  3.228162774563628E-003
 -1.350978283732022E-002
 -2.012228540368678E-002
  4.927717847051156E-002
  4.302398232828322E-004
  3.686610626571881E-004
 -8.952243267199498E-004
  2.025471224174736E-003
 -2.832135580162080E-003
  4.596246017358464E-003
 -1.213284386263636E-005
 -2.275213866933797E-005
  6.385691777445460E-005
 -6.573035805688908E-006
 -1.020446999192095E-005
  2.209721155612218E-005
  1.069417811196391E-004
 -6.336923114959986E-004
  3.388690518860848E-003
 -1.599101096395612E-004
  5.031815100280900E-004
 -5.900544497012062E-004
  2.143650522205506E-004
  1.262604717223043E-003
 -5.445494258098942E-005
 -3.799572478478684E-004
  1.367418291557577E-003
 -1.309307968616953E-003
  6.031406150985885E-004
  2.888108865150459E-003
 -2.231833672507201E-004
 -4.440738344321299E-006
  1.104732126872073E-005
 -1.269023387662934E-005
  4.403153300250795E-006
  2.525540732824450E-005
  3.758504407050462E-008
 -4.965551969375612E-004
  5.419581838821290E-004
 -1.926223804631495E-003
  9.018287297205563E-004
  3.335964060832492E-003
 -1.509562486309897E-004
 -2.358348211818915E-003
  3.458140707004032E-005
 -1.462469299651713E-003
 -4.168562914723575E-006
  1.194825464522176E-006
 -4.981070520582780E-004
  7.739991173719373E-004
  3.513483952784270E-003
 -8.108905670377324E-003
 -6.108049285673073E-005
 -4.546470500170175E-005
  1.538629073371726E-004
 -1.524133323666976E-004
 -8.698958256403480E-004
 -1.087490775264688E-003
  3.037100958400410E-007
  4.928379885135136E-006
 -1.029385335089526E-005
  3.930258744370029E-007
  2.038284509617005E-006
 -3.635744958986977E-006
 -4.047809349600673E-005
 -1.069193897940237E-004
 -6.071337391441044E-004
  5.453701446220327E-006
  7.784564715455681E-006
  1.348898520215955E-004
 -9.908071474154170E-006
 -1.966353471329078E-004
  4.454370027933843E-006
 -2.629745593325376E-005
  4.726728834205368E-005
  3.036608909365573E-004
 -2.277027967152070E-005
 -4.202381821468394E-004
  4.906773560477446E-005
  2.109988320462505E-007
 -1.359066819196206E-008
  2.820181444265707E-006
 -1.771001511633603E-007
 -3.919849520153765E-006
 -3.389868088289020E-008
  4.067677639088362E-005
 -5.235555638243179E-006
  3.633954532179687E-004
 -1.332705578152514E-004
 -4.052735327829951E-004
  9.259378142436778E-005
  2.117317457724534E-004
  1.834676600936500E-003
 -6.862506260189726E-007
 -3.520237278986217E-004
 -1.834250122429352E-005
 -2.597634363870548E-006
 -2.880408773733702E-005
  9.512575871042633E-004
  4.756838819347546E-004
 -3.159808729484319E-004
 -6.929960027001230E-005
  9.899904367286028E-006
 -8.198499095844255E-006
 -2.424029970662953E-004
  4.582760847470338E-005
  3.756723391151071E-005
  4.324549423833241E-007
  4.019925659544312E-007
 -3.465439024787619E-007
  6.423627167890713E-007
  3.404929445111426E-007
 -1.998647451865848E-007
  1.114120064802031E-006
  1.581991516554644E-005
 -2.247969410791653E-005
  2.434656908183141E-005
 -1.596430668572115E-005
 -4.049004548804114E-007
 -4.972533298727764E-006
 -7.564727015124957E-006
 -1.937403578310365E-005
  3.971560070940579E-005
 -5.334318750421803E-005
  2.628505078993280E-006
 -5.834545944259925E-006
 -3.065674543685839E-005
 -3.388105476514587E-005
  5.036788092973719E-007
 -3.183357755947434E-007
 -1.680729881075561E-008
 -1.585082051556126E-007
 -1.606850583451113E-007
 -3.451706041417594E-007
  9.085023099118245E-006
 -3.122214140971045E-005
  8.743391744122917E-006
 -1.166797512050686E-005
 -2.935045449623462E-005
  2.582952021388612E-006
  6.910506601126686E-006
  8.983504415399908E-005
  1.288914435091449E-003
 -1.020755407320046E-005
 -2.618279950765665E-004
 -5.230370804819417E-006
 -8.219271442438177E-007
 -2.397022247228378E-005
 -1.335155877008188E-004
  6.001482450876454E-005
 -2.413889310608673E-004
 -4.315633260960338E-005
  2.876820265920252E-005
 -4.271263329332178E-006
  1.012973297702043E-005
 -1.139913317873126E-003
 -3.258860037201885E-004
 -4.122840412737450E-007
  1.004811015443155E-006
 -1.797209612471076E-007
 -1.151970352292314E-008
  2.292695393986551E-007
 -1.255641788971828E-007
 -1.093152860460788E-005
 -1.840444249949047E-004
 -6.169440451767930E-005
 -4.047817799668114E-006
  9.721444552761658E-005
  2.710165304317413E-005
  1.189790818695311E-005
  7.434889789504342E-006
 -7.850090387284999E-006
 -4.498024937212120E-005
  2.744552636477876E-004
  6.893110309964516E-005
  4.661429828316532E-005
  2.225152038748466E-005
 -1.634048911044118E-006
 -1.089410997649543E-007
  1.956376277990898E-006
  5.314374180607782E-007
  2.261191434358861E-007
  1.506220376846451E-007
 -1.171780436709318E-007
 -1.209858775676632E-005
  1.007619056255726E-004
  4.538433421563055E-005
 -7.608893763418978E-006
  8.174712200644247E-005
  1.970748152018530E-005
 -3.803632526007966E-007
  2.914792998937684E-005
  4.365268591685777E-005
 -8.370507699548518E-005
 -1.258613378192510E-005
  3.347680316263551E-004
  7.854280861805241E-006
  1.034707274943784E-006
  4.407852274685389E-005
 -3.528071896606506E-004
 -1.747433762346819E-004
  1.920586407817419E-003
  9.049948923647420E-005
  2.839175722708971E-005
 -2.923788705641079E-005
  2.383227021322874E-004
 -4.130838720205931E-004
 -3.549418368589359E-004
  2.048823191791911E-007
  1.546576865053114E-007
  2.997761992895138E-006
 -2.652009600010406E-007
 -6.855390430549793E-008
  1.097402232515579E-006
  2.209685540568595E-005
 -7.898225066311235E-005
 -3.077322631031418E-005
 -6.838986215153565E-006
  2.428962520327893E-005
  5.539637265270746E-005
  8.086448130852056E-006
  3.080680648930380E-005
 -1.247461915698491E-006
  8.893334603632798E-006
  6.730267245297372E-005
  1.161554235244602E-004
  5.084956462588908E-006
  8.603450079431017E-005
 -1.397829106622171E-005
 -1.890003786955912E-007
  4.837829384193959E-007
  1.031296863182424E-006
  1.734537175426941E-007
  6.088267106173809E-007
  1.554666115289714E-008
  3.761512655108656E-005
 -9.274134542651589E-006
  1.028969179914791E-005
 -4.046068425899012E-005
  3.640151358069878E-005
  2.845557707903552E-006
 -1.736825540163943E-006
  6.866385062459367E-006
  2.487457385368621E-005
 -5.104254365149706E-004
 -4.580995715001601E-003
  1.740614015230183E-005
  1.899054099552736E-004
  4.047075574114283E-005
  5.949674189671484E-006
 -7.220556038744771E-005
 -1.917931542844506E-005
 -1.526038764335337E-003
 -3.157218812066738E-004
  3.225147029592929E-005
 -8.675075659602711E-006
  3.120732786548604E-005
  2.151741834153015E-004
 -1.835945715050709E-004
 -2.670883775171060E-004
  7.922978966366750E-007
 -1.102723735330108E-006
 -4.805360570187496E-007
 -5.891882426105031E-008
 -1.125771421508849E-006
  1.975173056200141E-008
  1.218405672717969E-006
 -5.235264500212637E-005
 -5.049754964667989E-005
 -1.099327940026254E-005
  9.678825627408676E-005
  9.438386979404032E-006
 -2.659810141985361E-005
 -1.961754862289534E-006
  3.759138082011615E-005
 -4.476161160891953E-006
  2.695615253250861E-004
  1.794913764356206E-005
 -6.482646027644393E-005
  2.724357832604443E-005
  6.930262143733588E-005
 -1.338771974090134E-007
  1.991474298912896E-006
  2.153585863693686E-007
 -4.676323893784264E-007
 -2.016488087052610E-008
  6.015095867874399E-007
  1.329762260501672E-005
  1.379723603707984E-004
  4.360600258543073E-005
 -1.913229846370401E-005
  2.200926247407017E-007
  5.834675858687287E-006
 -1.263304299462787E-005
  4.450723048921984E-006
  5.606651470827242E-006
  3.215988748153081E-005
  3.463856121885004E-005
 -2.638906627991898E-003
  2.978028725563000E-005
 -5.810821744446665E-004
  3.068606830801321E-006
  1.514558528867867E-006
 -2.712341425677413E-004
  1.784569172615281E-004
  2.573509384412656E-003
 -4.481551744751153E-003
  2.202785209944132E-005
 -5.496882321704555E-005
  9.497548292412393E-005
 -8.433168444699506E-006
  2.954754916026804E-004
 -3.991335812946271E-004
  3.117305420311827E-007
  2.915300006357943E-006
 -5.910011849973476E-006
 -5.929355937093541E-008
  1.368840757200189E-006
 -1.985174081890468E-006
 -1.453610016031048E-005
  7.208690419901885E-005
 -3.032470630250450E-004
 -5.029773955367084E-006
 -8.351891950604645E-005
  5.627030427304167E-005
 -6.546852398967264E-006
 -1.280342476809907E-004
  1.157662635433435E-005
 -3.642255291641031E-006
 -2.155993103098029E-004
  1.191647144335884E-004
 -3.304302649053678E-005
 -2.843854716171757E-004
  3.668528178217781E-005
 -2.305576739426377E-008
 -1.824962828143375E-006
  1.213661976316937E-006
 -9.396130055524739E-008
 -2.557326445004195E-006
  1.170170679495112E-007
  3.182422124491940E-005
 -1.102165446305761E-004
  1.643292339791574E-004
 -7.188772584322037E-005
 -3.040782847364940E-004
  4.006350459830096E-005
  2.956046689177389E-007
 -9.675832993802524E-006
 -3.858097956146074E-006
  1.117984460104604E-006
  3.210566826674993E-005
 -1.247698008023898E-004
 -9.230340878078983E-004
 -1.534738827424491E-005
  8.661657737405915E-004
  1.455674793173774E-005
  1.843228901940162E-006
  1.586178235994588E-004
 -2.834593445884345E-003
  9.898711853107317E-005
  1.263664500051970E-003
  1.756473305141076E-004
 -2.102463744225537E-005
 -6.611830577953269E-006
  5.120348077835842E-004
  4.611174608096076E-005
  1.543866757825739E-004
 -2.089662723786647E-006
 -1.032539625331861E-007
  1.520167764455035E-006
 -1.868169326106164E-006
  1.042925879754212E-007
  5.798425049977531E-007
 -4.560765867124061E-006
  4.892899505487039E-006
  1.179366319704295E-004
 -6.204642784523170E-005
 -4.889533621692332E-005
 -8.223685614762797E-006
  4.151570131603690E-005
  2.465593590766440E-005
  2.053072652919480E-005
 -1.146706409673254E-004
 -1.095319628124320E-004
 -2.583465288054190E-005
  8.233009810922371E-005
  6.472665798453074E-005
  3.234054285810172E-005
 -1.377159230483102E-006
 -1.036466972128665E-006
 -1.649366899371018E-007
  9.431570048452642E-007
  5.022200559058599E-007
  4.340022256378383E-007
 -4.055269190237146E-005
 -4.430593614166705E-005
 -6.983617781779948E-005
  5.413622382522458E-005
  8.783127086396317E-005
 -1.358353192285312E-005
 -8.098476808752187E-006
 -3.309633291119593E-006
 -3.961748503354125E-007
  5.739241502352806E-006
 -2.004798466857821E-006
  1.855618892390376E-005
 -5.767232176554008E-005
 -5.089441878357823E-004
  7.001260130808127E-006
 -2.140356716214503E-005
 -4.321163778650441E-007
  8.079836412639135E-008
 -1.358526852206052E-005
  4.911764662272727E-005
  8.847804864353199E-004
  7.442800326970861E-005
  1.140668434392405E-005
 -1.469601486825537E-005
  4.101759127522728E-006
  5.820908931998687E-006
  2.607425357358752E-004
  6.654615054308468E-005
  1.194188290986349E-007
  8.209540421831738E-007
  2.213757029456321E-008
 -1.376769421892461E-008
  4.896285478729408E-007
  5.857977796910612E-008
  5.033265619266615E-006
  5.196199776517284E-005
  4.907916835302288E-006
  1.014949511032206E-006
 -4.707224267770685E-005
 -8.156912535513441E-006
 -4.689269943877779E-007
 -1.737598622717010E-005
 -5.460225166444283E-007
  1.011805591837229E-005
 -1.302771869147762E-004
 -2.271211456139190E-005
 -9.022013086753158E-006
 -4.600998959730373E-005
 -1.096042831619132E-006
  3.294661607286485E-008
 -9.954502761763350E-007
 -1.590118415875136E-007
 -1.161633165763171E-008
 -3.511985360749774E-007
 -2.133028441523314E-008
  8.562814653824373E-006
 -8.246831773240169E-005
 -2.191742941045695E-005
 -7.494102545921606E-006
 -4.233049686771402E-005
 -1.068712107902768E-006
  5.351933206326622E-007
 -7.311808592092315E-006
 -1.701855059187432E-006
 -2.871581159439191E-006
  5.391924485962105E-006
  1.266001197541204E-006
  2.894567702807173E-006
 -1.717887822929133E-004
 -1.129133788286756E-003
  1.183569492741294E-005
  2.834469816552386E-004
  8.115894621561354E-006
  9.020897947049440E-007
  1.612142024932850E-004
  4.591222205139828E-004
  1.009689163417058E-003
  4.983183298932059E-003
 -1.656519778998875E-005
 -1.007426290160690E-006
 -7.010489089821680E-005
  4.664293282181762E-005
  2.150657776926133E-004
  4.727201010064562E-004
  8.012105055821097E-007
  1.273341872102622E-006
  6.125251951012303E-006
  3.222260460918215E-007
  5.951661550762206E-007
  2.399991171687783E-006
  3.537962893652762E-005
  4.997200169227204E-005
  2.954465829906532E-004
  1.607663326797444E-005
 -3.332010771509252E-005
 -8.925130600754399E-005
 -9.848643660705892E-006
  5.320239564420961E-005
 -6.227989607268545E-006
  4.816693566414616E-005
 -1.093709639215698E-004
 -2.107035453011379E-004
 -3.051033135369783E-005
  9.849652903643818E-005
 -1.765660431044833E-005
  3.628511787516587E-007
 -7.382515904719705E-007
 -1.852634086160584E-006
 -2.421503003729092E-007
  1.049110356259607E-006
 -1.207008783787495E-007
  9.919831059892877E-006
 -1.708679562844674E-004
 -2.454745414550961E-004
  2.326547730369723E-005
  1.707574181676625E-004
 -3.318530836359011E-005
 -2.553781680980374E-006
 -5.954840457816994E-006
  1.213263012974234E-006
  1.361669362181810E-006
 -1.370800922909331E-005
  6.299675680759312E-006
  2.752976669894163E-006
  2.664602542266984E-005
  8.318192114262115E-005
  2.379181284158982E-004
 -1.079622631922393E-005
  3.260386965630015E-004
  6.526719938414550E-006
  5.795320518646436E-007
  6.472602803846534E-005
 -1.383735216736303E-005
 -2.714356283814724E-003
  1.810492125174147E-005
  8.936279577831244E-006
  1.531984194556361E-005
 -8.034014053236003E-006
 -2.759245977301649E-005
  3.576857106655005E-004
  1.262475520909345E-004
  5.402755397784031E-008
 -3.467673141992677E-006
  1.133082503634180E-007
  5.282278617969697E-008
 -1.698155183017477E-006
 -5.017515501013553E-008
 -4.168268253191968E-006
  2.815843169938615E-005
  4.697065401177244E-005
  1.002969266571495E-006
  4.400228250550398E-005
 -2.630915436633810E-006
 -1.049112720378978E-005
  4.469306889200596E-005
  9.488157937218284E-006
  1.462608161700433E-005
  1.163762970965410E-004
 -7.947594154694666E-007
 -1.954825902290584E-005
  1.157784484044265E-004
  4.922177405901514E-006
  1.010125154635975E-008
  1.029974550538108E-006
 -5.440189329823752E-008
 -1.912701484629910E-007
  9.029735705402871E-007
  1.811688969166312E-007
 -1.358985620470681E-005
  1.466430475716325E-004
  2.036795401574030E-005
  3.009120140118380E-005
  4.524436859669957E-005
 -1.650134519647699E-005
 -1.225216709297190E-006
 -7.212504213099893E-006
 -1.760819884897071E-006
  4.164020429395588E-006
 -6.499940464083788E-006
 -4.883703015040181E-007
 -1.371894516329206E-006
 -2.304089551865496E-006
  1.132818776208751E-005
  4.271203212535184E-005
  4.042796217607471E-004
  2.501462848373837E-007
 -2.060716710938646E-004
 -5.323391827788865E-006
 -6.455990232162426E-007
 -6.843090841337964E-005
 -3.543834361777740E-005
 -2.783152623941255E-004
 -2.301256568916493E-003
 -2.464476381549515E-005
 -9.128110312309673E-006
  3.311425931820919E-005
 -9.498854498470166E-005
  6.600603144265994E-005
 -3.925942138250675E-005
 -3.353642749204335E-007
 -4.759998528693112E-007
 -3.041004647969147E-006
 -1.900836203026030E-008
 -1.755374169235742E-007
 -1.165797801401121E-006
 -1.915882811407119E-005
  9.670082990280100E-006
 -8.822445222677968E-005
 -3.079215684273624E-006
  3.010160837271196E-006
  1.128497778494551E-005
  5.873985099512786E-007
 -2.800306737783780E-005
  2.491817174322345E-006
 -1.902009008925965E-005
  1.402276382286537E-005
  3.151604059222589E-005
  8.475124963702974E-006
 -6.151034327691611E-005
  1.054496512555668E-005
 -5.795026668535583E-008
  8.482288401752487E-008
  2.737790743260531E-007
  2.289886094340503E-008
 -5.526456889589960E-007
  3.505140574195079E-008
 -1.584498587032648E-005
  6.004736360903966E-005
  7.839494988531608E-005
  5.731735651764295E-006
 -6.905297724945377E-005
  1.011325021856219E-005
  1.430202407048106E-006
 -3.038482015474576E-007
 -8.695945622220148E-006
 -2.322773611003017E-006
  5.855369061746461E-006
 -1.967833610141300E-006
 -3.503738702355772E-007
 -9.286429478548025E-006
  1.354969812254189E-006
  5.994125033589391E-006
 -7.584362573711196E-004
  1.973664489277950E-003
 -1.630054248787129E-005
 -4.049113281989950E-005
 -1.652512536821357E-005
 -2.398099767013701E-006
 -2.653870803315784E-006
 -4.671357729851853E-004
  9.827951232922781E-004
 -8.854149736593236E-004
  3.203983751754412E-005
 -1.551865622959169E-006
  3.654877690454330E-006
 -1.182932432224751E-005
  1.205991821902653E-004
 -2.661708183796096E-005
 -9.342186517127362E-007
  3.469179033406100E-007
 -7.344567042472127E-007
 -3.248572334029886E-007
  6.763005983357346E-007
 -4.654400384395144E-007
 -4.824115186146947E-006
  2.963025762277752E-005
 -5.791776827695756E-005
 -7.150920697729693E-006
 -6.633158921845395E-005
  2.604512002871308E-005
  2.057225556737654E-005
 -1.990456374583108E-005
 -1.342133486964685E-005
 -1.729249459041767E-005
 -1.769987283751659E-004
  5.776768305835838E-005
  4.362080945474225E-005
 -5.201893597057223E-005
 -2.632831486432459E-005
 -2.416181897492434E-007
 -1.350139488792234E-006
  5.111275630527109E-007
  3.992540802553721E-007
 -3.976424353951852E-007
 -1.576358905061287E-007
 -1.416842957424339E-006
 -7.292343074286888E-005
  3.545113833931683E-005
 -4.806476184745988E-006
 -6.573547155121736E-005
  6.223319142170328E-006
  5.587357790203288E-006
 -4.163329698883060E-006
  3.335926741589203E-008
 -1.507177760081618E-005
  6.494742131290392E-006
 -1.690295769793682E-006
  2.260922039086192E-006
 -5.957005643979491E-006
 -2.619436418375517E-006
  1.974548792187866E-006
  1.041763975181045E-005
 -3.454402400897143E-004
  2.819815358200857E-004
 -1.295132501089438E-005
 -1.791738156115884E-004
  1.276946875403633E-005
  1.419771628768806E-006
 -7.095731213842591E-005
  1.518454813420651E-003
 -5.053056267425083E-003
 -1.965063969713650E-003
 -1.078983148013324E-004
  5.501669133516010E-005
  1.302507938327671E-005
 -2.714636930394436E-004
 -3.937079622192019E-004
 -3.219609117456236E-004
  1.135286269249772E-006
 -5.481901837654833E-006
 -2.091489371484942E-006
  1.129215743861156E-006
 -3.108520798879900E-006
 -9.624336581772848E-007
 -1.753980945406905E-005
 -1.201524016998449E-004
 -1.167507504205698E-004
  2.898616268285718E-005
  2.123166136615902E-004
  4.025385310213569E-005
 -4.176015893949540E-005
  4.959208696935770E-005
  1.277399625663822E-005
  4.968844925454820E-005
  5.707436876907726E-004
  1.092397139818170E-004
 -6.661019181379869E-005
  1.504072523510385E-004
  1.692174255925048E-005
  6.386361585826637E-007
  4.571186796380471E-006
  8.146350704497048E-007
 -8.540178589523554E-007
  1.015381705366733E-006
  2.153817003696917E-007
 -1.745019786324711E-006
  4.145607911196612E-004
  1.693517255985378E-004
 -3.153280853076257E-006
  4.370289212705800E-005
  4.898300639400967E-006
 -1.806037023085135E-006
  1.437662307068682E-005
  4.270762683901308E-006
  1.869805295034641E-005
 -1.291398847060190E-005
 -1.327994188109101E-005
 -9.768447777676702E-006
 -1.605785298309037E-005
  1.492872026234329E-005
  3.929030099729686E-006
 -1.065213960300496E-005
  5.215414433390219E-005
 -2.419897835293899E-004
  8.127976014888141E-004
 -3.444243801985278E-005
  4.882927795172905E-004
  6.434082806320101E-006
  7.550159375474421E-007
 -1.295469601208448E-006
 -2.878806298987529E-003
 -6.708222866782785E-004
 -2.376454251026921E-003
  1.736091602227888E-004
  1.114317531185950E-005
  3.629654581554037E-005
  4.913717524776689E-004
 -9.031590065708794E-004
 -5.824702432364543E-004
 -2.506726309496117E-006
 -5.166313983497793E-007
 -2.557113859503673E-006
 -1.917397761399870E-006
 -2.401963003735737E-007
 -1.101447352031888E-006
 -2.775901629021629E-005
 -1.649580706661118E-004
 -1.903687138112404E-004
 -7.017904942124010E-005
  4.564894774872406E-005
  1.020922581842112E-004
  5.241170545122547E-005
 -8.656400674471699E-006
  1.776734397001462E-005
 -1.547438433324739E-004
  1.634899501410893E-004
  2.325569177571395E-004
  1.205761961142938E-004
  1.208011181236608E-005
  3.416764721818012E-005
 -1.591611867172732E-006
  9.302158144977446E-007
  2.059200010636980E-006
  1.171011460876870E-006
 -1.544323948611199E-007
  4.206004062958619E-007
 -2.940620275348953E-005
  1.472603205163400E-004
  1.685488546897122E-004
  2.299450847200286E-006
 -1.737465166561245E-005
  2.710675190628924E-005
 -5.712141522680399E-006
  2.010988472548886E-005
  1.237329409886481E-005
  8.510278095697566E-006
  3.222539480051753E-006
  8.626146472343631E-006
 -5.568734615653833E-006
 -1.905791216050496E-005
 -3.403680878527361E-006
  2.228206020546719E-006
  1.438025540173989E-006
  1.072352717729325E-005
  3.871171983248132E-005
  2.074738464869928E-003
 -5.879670876983676E-003
  6.196836030497688E-005
 -7.825755855756347E-004
  4.107660427359008E-005
  6.566926518494985E-006
 -2.648383676827702E-004
  3.726059295557649E-003
 -2.776839560325324E-003
 -9.156919478220945E-004
 -1.999559394157707E-004
  1.739674313490873E-005
  3.987209853649226E-005
 -3.366314985748592E-004
 -5.074299760315489E-004
 -5.069611385592281E-004
  4.590377405382254E-006
 -7.033523530016157E-007
 -1.928530088727326E-006
  2.424474589174060E-006
 -2.025483037344623E-006
 -1.605074802198589E-007
  1.121492633328858E-005
 -1.146772868086349E-004
 -1.494269340292952E-004
  6.714088753333942E-005
  2.399876191529559E-004
  2.154602181642413E-006
 -9.690964083319573E-005
 -9.832060900455031E-006
  2.976875329985630E-005
  1.437477297727440E-004
  6.316571131407218E-004
  1.094356881050916E-005
 -2.093038869524649E-004
  9.404787069149411E-006
  6.555615717972087E-005
  1.744277241228809E-006
  4.912391286295492E-006
  9.190029399862132E-008
 -1.970008878598023E-006
 -1.990663722523113E-007
  2.257316373692147E-007
  6.497946603605388E-005
  2.856998543504920E-004
  1.031934359518435E-004
 -8.380657886235377E-005
 -3.008218589361929E-005
  1.882711282629990E-005
 -9.878162060907184E-006
  1.606389499073917E-005
  9.071846736735050E-006
  4.400497693959837E-005
 -3.573071213796198E-006
 -1.437049075687682E-005
 -7.705954650085340E-006
 -9.354424137830176E-007
  7.053968959516855E-006
 -2.712134774317344E-006
 -2.597228027383340E-005
  4.809974948313235E-005
  4.024180327221601E-007
  9.532448620174542E-005
  9.245320204953961E-004
 -2.765350015862005E-003
  7.122187291987725E-005
 -1.295596228355120E-003
 -2.437873077661746E-005
 -1.628856249519879E-006
 -4.254232597322703E-004
  2.821520900021433E-003
  8.436694442088088E-003
 -3.013182783506517E-003
 -1.696442448213550E-005
 -8.836964777927803E-005
  7.812406793665904E-005
 -3.054771589042791E-004
  1.258824370749396E-003
 -3.727439387318666E-004
  3.043553604599942E-006
  9.319307186837367E-006
 -4.155789729576603E-006
  1.352512537355047E-006
  4.762644197841225E-006
 -1.045205902117629E-006
  4.085691102558949E-005
  2.885923170665158E-004
 -3.698782311695147E-004
  5.337969435785233E-005
 -3.174888271870270E-004
  5.308389155571653E-005
 -2.534631001145529E-005
 -2.209875392309196E-004
 -2.803338434639704E-005
  1.583140339854822E-004
 -8.881485450959101E-004
  8.918236987335947E-005
 -1.185161591083907E-004
 -5.513391930434765E-004
 -3.979787487709148E-005
  1.298755212938946E-006
 -6.829144358558055E-006
  1.103264861651262E-006
 -6.046789314087950E-007
 -4.470388248692688E-006
 -6.940762815301506E-007
  1.478041257736537E-004
 -6.156091985112249E-004
  6.927209104719186E-005
 -1.938269514669909E-004
 -5.773753765673478E-004
  4.602282569333717E-005
  1.366541392482278E-005
 -3.925977696668812E-005
  6.398641837022291E-006
 -2.779946025975862E-005
  5.844183247955130E-005
 -1.319678151470971E-005
  1.968601276286674E-005
 -1.432881295276640E-006
 -1.979826132191212E-005
 -1.655253513915217E-006
  2.522426606025460E-005
 -6.205551960284698E-005
 -2.642364194332914E-005
 -4.174510477284077E-005
  1.951575860131818E-004
  2.005703072434305E-004
 -4.132259085017488E-005
 -1.306673284136300E-005
  9.040489840353332E-004
  8.498771831050648E-006
  6.273727825461169E-007
  2.727999800927176E-004
 -2.324651976602094E-003
 -1.715458095515096E-004
  3.571936868800065E-003
  1.038364268631383E-004
 -1.274114626603123E-005
 -5.083673160785525E-005
  3.721194715416018E-004
  1.456324294607529E-004
  5.868123840731110E-004
 -1.787721450244046E-006
 -3.374013570202143E-007
  4.131900201468964E-006
 -1.449902888965094E-006
 -3.418757662580886E-009
  1.556827595538402E-006
  3.257419225152263E-006
  2.578651394030235E-005
  3.231802388601679E-004
 -4.568812544015034E-005
 -4.099285149759405E-005
 -8.028996226778165E-005
  3.519287413106611E-005
  6.954575213794826E-005
  1.049525130908423E-005
 -9.187024600149104E-005
 -1.006609280152243E-004
 -1.842466179855843E-004
  7.844145858823813E-005
  1.466520208425673E-004
  1.342878741325291E-005
 -1.019422671981078E-006
 -8.619728199187897E-007
 -1.625282983156754E-006
  7.722466378319068E-007
  1.391993678437867E-006
  2.471760341491714E-007
 -6.072893716378086E-005
 -6.692956212188538E-005
 -2.095468509697940E-004
  9.822600741659175E-005
  2.272886005472714E-004
 -3.749707025281088E-005
 -6.883911309702680E-006
 -3.573905894089988E-006
 -9.171924538982728E-006
  1.210355862850174E-006
 -1.591115518007498E-005
  1.944137806625786E-005
  9.231885328267638E-007
  1.880645934572149E-005
  8.043402956096967E-007
 -3.211511602246254E-006
 -5.280638981597940E-006
 -1.614333067411747E-005
 -4.716494653244128E-006
 -1.740764538024522E-005
 -3.392769340792304E-005
  3.324956232503904E-005
  1.350723446022860E-004
  3.889895702034125E-006
  4.268004380784236E-006
  1.057928666267841E-006
 -4.064673248313821E-006
 -4.523184294853431E-007
  2.732424244007036E-005
 -2.831877747759486E-004
  1.460132965292214E-003
  9.585402322062566E-004
  1.468855551947512E-005
 -1.078500564828600E-005
 -1.032391772138565E-005
  5.712821199440310E-005
 -2.401814253524641E-005
  8.523743440755680E-005
 -2.159090962010835E-007
  1.743114659053882E-006
  1.107941750604783E-006
 -1.958397590129250E-007
  9.192654058509755E-007
  4.677435054487004E-007
  6.610377615972108E-006
  1.321917010508161E-005
  4.760329108033126E-005
 -3.615228299165697E-006
 -4.615994660385931E-005
 -1.506844241267299E-005
  9.903913067198187E-006
 -7.851407067589638E-006
 -6.288684768032489E-006
 -8.959386398334395E-006
 -1.249179654171953E-004
 -3.884763040900885E-005
  1.705362004395676E-005
 -2.845191902909730E-005
 -8.094233645622371E-006
 -8.271436188788805E-008
 -1.014281907345721E-006
 -3.134117573510392E-007
  1.935710861707500E-007
 -1.648683884735091E-007
 -1.108567242828620E-007
  8.105028033288250E-007
 -1.150061653477698E-004
 -6.050969519917003E-005
  3.259585791760261E-007
  1.458451808412942E-005
 -1.136461382504851E-006
  6.382366987334367E-007
 -5.315484581270140E-007
  1.099849437504351E-007
 -4.746299053777761E-006
  9.599733541172144E-007
  2.831588957577450E-006
  1.896289004094173E-006
  5.961234151617726E-006
 -5.157318554155505E-006
 -2.023739698456054E-006
  1.876655086042670E-006
 -1.320369005393975E-005
 -2.720440054883306E-006
 -1.034567210008729E-005
  1.217184588355848E-005
  4.715706841959281E-006
  4.030893554893280E-006
  6.208191120582827E-004
 -4.253228622673736E-003
  5.216571678281650E-005
 -1.542089348750715E-004
  1.430833496513710E-005
  2.916317409914258E-006
  2.231187517015163E-006
  1.840272764486155E-003
  2.725472314352039E-003
  4.017547174575804E-003
 -3.134475570241767E-005
 -4.287877377934925E-005
 -2.809068500776700E-005
 -9.298956975001090E-005
  9.975200308824401E-004
  3.855244090380721E-004
  2.583263787085511E-006
  3.252776628615592E-006
  4.637494704539450E-006
  1.155797861472588E-006
  1.358667167476597E-006
  2.144683117811353E-006
  5.009804795170217E-005
  1.947948277278155E-004
  1.715305172892736E-004
  4.912795041206952E-005
 -1.206775852710561E-004
 -7.572289660771993E-005
 -4.513661816986495E-005
 -1.691478096578244E-005
 -3.991332242204565E-006
  1.478165960916412E-004
 -3.582784998671573E-004
 -1.947110118319592E-004
 -1.374010151022770E-004
 -5.436644528908860E-005
 -1.041558098936419E-005
  1.173999481541193E-006
 -2.605386258575292E-006
 -1.563465405167133E-006
 -9.584356393413903E-007
 -3.645004062514507E-007
 -2.155638421998026E-007
  6.551827700789864E-005
 -3.401526402103854E-004
 -2.095455576354595E-004
 -4.489926379869893E-005
 -2.712482265768548E-005
 -2.061901320919972E-005
 -4.137997859002949E-007
 -2.773210834714545E-005
  4.018654503715866E-006
  9.959932807000283E-007
  8.192039104552017E-006
  2.454060770008565E-007
  1.018381743785349E-005
  2.856599924633236E-005
 -2.819343966415030E-006
 -1.086155125001608E-005
 -1.963249531508218E-006
 -2.952068139394282E-005
 -3.674195470142117E-005
  1.129569374860254E-006
  6.495036696956604E-005
  4.760179219664401E-006
  7.784174550388463E-006
  6.608479640990342E-005
 -5.977679371714364E-005
 -2.936512229261881E-004
  1.473118685416737E-007
  1.760000296127849E-004
 -5.754490090948706E-007
 -6.281634031277675E-008
 -1.101541518178518E-005
 -6.688914890928056E-004
  6.726573715484410E-004
 -9.105567269051197E-004
  6.383264824290706E-005
 -2.266167439030208E-005
  1.794667378088024E-005
  1.000790570562343E-004
  4.657623898249411E-004
  6.624860852295323E-005
 -4.875589806465215E-007
  2.525578604931863E-007
 -1.232335880329407E-006
 -5.416964668223807E-007
  3.507245813269736E-007
 -4.407968581688163E-007
 -2.291323393847275E-006
  8.049489138460012E-005
 -2.605912282042394E-005
 -1.814047778536008E-005
 -7.383677385001228E-005
  4.951474135883293E-006
  1.204841973790084E-005
 -2.603786576658878E-005
  6.092058047459244E-006
 -2.281029005954502E-005
 -1.959897914391866E-004
  7.303177245209525E-006
  1.544933168192838E-005
 -6.505149526374661E-005
  7.360958377616634E-006
 -3.904930729189996E-007
 -1.528341074343308E-006
  1.256002016034128E-007
  2.733046004401054E-007
 -5.207765399462054E-007
  1.171884724788943E-007
 -6.864886236617640E-007
 -6.954229507635192E-005
  1.217735999897236E-005
  2.175405115548178E-006
 -8.745644637944626E-005
 -1.488916491886414E-006
 -1.086730731151746E-007
 -1.278197769630578E-005
 -4.600717515152612E-006
 -4.459155789013135E-006
  1.003406840825025E-005
  4.785175008358659E-006
  4.079580765394183E-006
 -1.825849471762813E-006
  5.432354001232271E-007
  2.142188995638475E-006
  5.022174344876950E-006
 -1.254307417208295E-005
 -2.562207012643333E-006
 -1.706273318287048E-005
  2.553998195217155E-005
  1.996210148239627E-006
  1.111009389259905E-006
  6.168157742777436E-006
  9.210046004303233E-006
 -1.262764428429643E-004
  1.146810340394974E-003
 -5.907759587654573E-006
 -1.113612815474063E-004
 -6.914139257152399E-006
 -1.223777782487234E-006
 -3.119059719355715E-007
  3.461778448337914E-004
 -6.848833425579202E-004
 -5.470309745162946E-004
 -4.742146817345703E-005
  1.057853282249658E-005
 -2.735286935924456E-006
 -1.327940609092193E-004
 -3.145367477052020E-005
  6.564861139946073E-005
 -2.551249252979830E-008
 -9.120484100886043E-007
 -6.934602816785926E-007
  2.538666333090940E-007
 -3.728236223676745E-007
 -3.477452552598218E-007
 -7.446343887161960E-006
 -9.945585687234585E-006
  6.279398840655590E-006
  7.017033003056857E-006
  2.500954584077735E-005
 -8.789787192163750E-006
 -2.425029093786840E-006
  8.523727213418049E-006
 -4.592003909270017E-006
  2.309082413610901E-006
  6.492951657535599E-005
 -1.261530197506009E-005
  5.608272995994410E-006
  1.409544449224084E-005
 -7.917355409605311E-006
  1.392041285438465E-007
  5.583901480258490E-007
 -1.652448684899490E-007
 -7.085860717849338E-008
  1.729776003708569E-007
 -6.834552136535311E-008
 -1.203735808480304E-005
  6.429743989801513E-005
  1.366556764858243E-005
  1.419993765049955E-005
  1.483315810776597E-005
 -2.162579565696510E-006
  2.041980436193565E-006
  2.540741207218865E-006
 -5.463982867526890E-006
 -3.168757125465865E-006
 -3.804859528201256E-006
 -2.957184183114829E-006
 -1.538360940733221E-006
 -3.169362361942467E-006
  2.074341614980797E-006
  2.877781743156453E-006
  1.750746637780763E-007
  6.265718072216524E-006
 -6.565883770200555E-007
 -5.106624691941380E-007
 -1.284224167541230E-005
 -1.456152214009093E-008
 -1.687911498501719E-006
 -9.780947236160755E-006
 -1.201983576711368E-006
  3.479178537726936E-006
  2.087002168366550E-004
 -1.834867227278250E-003
 -8.812809882294099E-004
 -5.038645791307783E-003
  1.272370369353832E-004
  3.298373611970270E-005
  3.063519653823018E-005
 -3.887709300669152E-003
  2.827617719398049E-004
  1.080103930313381E-003
  1.072028123485909E-003
 -2.702505508277658E-004
  5.478289774916594E-004
 -8.757959428952135E-004
 -3.760616982573837E-003
  2.864919039285933E-003
  2.921357670739799E-005
 -1.301001614765820E-005
  1.988896163204627E-005
 -4.284324471805436E-007
  1.685275521670640E-006
 -1.585570439465871E-006
 -4.135677293159160E-004
 -3.018766325889205E-004
  1.319053983633804E-004
  1.313273210313158E-005
  1.176734741550447E-005
 -1.013928474545532E-004
  3.491063094182968E-005
 -6.371670485935799E-006
 -4.804336304496127E-005
  1.622195624717297E-003
  7.783817903519388E-004
 -8.769061508297433E-004
 -1.304299022012264E-003
  1.205168401797075E-003
 -3.178966027050336E-004
 -6.889724184101564E-006
 -9.900357171144296E-007
 -5.316687443304793E-007
  2.918329377392429E-006
  8.317408969043414E-007
  3.971394806709135E-006
 -4.260316411234586E-004
 -6.734285507239456E-004
  1.742219380719726E-004
  1.595374974655047E-004
  2.009470008210626E-003
  2.664941436579539E-004
  1.446386628993238E-004
  1.470181239311404E-004
 -1.518654027124645E-004
 -2.245323637371098E-004
 -8.664417213855830E-005
 -2.093836249608616E-004
 -4.833438257468612E-005
  9.933496359771443E-005
 -2.014976207082099E-006
  1.751014637158336E-005
  3.723415299576675E-004
  3.940512816510789E-004
 -3.354457646569269E-004
 -8.556697510606252E-004
 -1.185135980873943E-003
 -2.613548388123774E-004
 -6.859984286506715E-005
  4.678762579735943E-004
 -1.882517530558774E-004
 -4.414349777222244E-005
   1.99091752837346     
 -1.059270568339834E-002
  4.171968114724438E-002
  3.131896815392239E-003
 -0.140236237984726     
 -2.243683343079109E-003
 -1.399979303817048E-004
 -3.067746524007272E-003
  0.213029160421840     
  3.689533091499030E-002
 -3.643235867868036E-003
 -3.046676708400513E-002
 -1.523994742630635E-003
  1.591943095167364E-003
 -7.283393732094229E-002
 -3.102846145633292E-002
  3.840109522329924E-002
  2.336049412819711E-005
  7.394238818625960E-005
 -2.982250089366030E-005
  2.110719186954352E-004
  2.895742838170363E-005
 -1.572719411942839E-005
 -3.025807447964368E-003
 -1.510325103567919E-003
  6.410833537726954E-003
  9.002842138750220E-003
  5.971370648482992E-003
 -6.815252331846432E-003
 -5.220168804602674E-003
 -9.314655025108353E-004
 -3.782673334147547E-003
  1.059871967750739E-002
  1.509296500831378E-002
 -1.467027730017802E-002
 -7.918691095002171E-003
  6.579723878876688E-004
 -2.680028582505222E-003
  1.907055333303782E-004
  1.250691071321993E-004
 -1.384280306980102E-004
 -1.157065514940675E-004
 -1.719854607303361E-005
 -7.499898183631072E-005
 -5.381021036730250E-003
 -1.375123447826477E-003
 -3.688738111291400E-003
  3.636709930616930E-003
  1.536424739031153E-002
  1.744311106113320E-003
  1.116658764547334E-003
  1.324578116423449E-003
 -1.715313024500297E-003
 -1.315573059115718E-003
 -8.882483981554751E-004
 -2.034403234526284E-003
 -3.347276967422926E-004
  5.841044295583234E-004
 -3.203950261965714E-004
  3.770695316473244E-004
 -3.159996575122610E-004
  9.821971783817362E-004
 -2.708958137738600E-003
  1.409258126911780E-003
 -2.700819595629545E-003
 -4.612591543749970E-004
  3.029495866728485E-004
  1.467865081488125E-003
 -1.891045938400282E-003
  4.136976854168247E-004
 -3.524314370283638E-002
   1.62146245967832     
  5.953766082230366E-004
 -5.198488432979482E-003
 -2.268136376026020E-005
  1.723590188191173E-003
  5.228831444020277E-005
  8.552804959007481E-006
  2.205496695888149E-004
 -6.788920139726285E-003
 -1.186378803223496E-003
  4.152283877240451E-005
  4.572740024116183E-004
 -6.675763583747833E-005
  6.447077602343599E-005
  1.241266160650707E-003
  2.212124626201306E-005
 -2.114325923889663E-004
 -4.537642390614907E-006
 -1.411973060610922E-006
  1.704420372662592E-007
 -4.234175146486604E-006
 -7.948808318469186E-007
  1.970685994016348E-007
 -3.195237398136178E-005
 -1.930410603713305E-005
 -9.170386782297046E-006
 -1.346606722448937E-004
 -6.160361325818777E-005
  8.387830313206399E-005
  7.043076545206203E-005
  1.621273109169435E-005
  6.422990679283167E-005
 -2.297042051158327E-004
 -9.230759493220853E-005
  1.611082044156419E-004
  1.156976512487467E-004
  1.345957903199639E-004
  1.140065538670860E-004
 -2.997718859426127E-006
 -1.319701546500589E-006
  1.691971435909685E-006
  1.762508160755441E-006
  3.678214190167468E-007
  1.235210698670686E-006
 -7.970558995889556E-005
  1.191956846194316E-005
  6.302189292368073E-005
  7.331529367191911E-005
  9.354296011791408E-005
  6.390296286976438E-006
 -2.006214536432136E-005
 -7.126850961953309E-006
  1.420721639851243E-005
  2.639883279837318E-005
  1.091163839619140E-005
  3.378760329459091E-005
  1.137671293598688E-006
 -9.634132234377451E-007
  3.713837081157245E-006
 -4.414601058358227E-006
 -3.602736830792693E-006
 -8.653563008179154E-006
  2.794672818781577E-005
 -7.322964391582316E-006
 -2.236504909567733E-005
  1.813117488396039E-005
  1.084878855164083E-006
  1.185838391627811E-005
  5.398926442686902E-006
 -1.326837070136463E-005
  7.963135102065793E-003
 -5.417658336868119E-004
  1.605336699554123E-004
  6.046920323471480E-003
 -6.447410108518432E-002
  4.732565794470144E-004
  2.250586412139861E-003
  4.660454541538683E-004
  6.919714099496875E-005
  2.227780809315761E-003
 -5.399615418876799E-002
  1.135931508855327E-002
 -4.787487627628692E-003
 -1.114179523802290E-003
 -1.292840071753513E-003
  7.312982171390535E-004
  5.247140896056773E-003
 -1.476072082465286E-002
  1.337949985039742E-002
 -5.193416329653931E-005
  3.739800936799227E-005
 -3.927917204107668E-005
 -3.075361116436821E-005
  9.072928474158284E-006
 -8.817372990064514E-006
 -1.069693753915878E-003
 -1.859385419825832E-003
  5.654582533638275E-003
 -1.226328079531390E-003
  1.393153893165613E-003
 -3.056356293162481E-003
  4.944816586438848E-004
 -6.366592668897975E-005
  7.318464208875048E-004
 -4.046893196655339E-003
  4.528386802103993E-003
 -6.629826454324741E-003
  1.854659118138587E-003
 -2.745443977674646E-004
  2.192234078516752E-003
 -2.406388203195272E-005
  2.589067387658042E-005
 -5.826658160808995E-005
  1.232859157064033E-005
 -6.585222313609855E-007
  1.173529046131240E-005
 -2.943815540280781E-003
  1.592805072530669E-003
 -3.523291630461774E-003
  3.092235753844100E-003
  5.412665399962550E-003
 -1.484202135633199E-004
 -3.304351729178326E-004
  4.872462697339150E-004
 -8.850542482253676E-004
  4.601519564577119E-004
 -3.088954326540079E-004
  5.311535622957859E-004
 -1.126708306365272E-004
  3.048897547855022E-004
 -1.492337778243333E-004
  1.933881644799551E-004
 -4.627502503182103E-004
 -8.180478191224336E-005
  8.123465065989772E-005
  3.190232199185947E-004
 -2.205726354080314E-003
  1.069227531036036E-003
  8.332386626856258E-005
 -5.593860573307044E-004
 -1.681668168934444E-004
  1.593838022236022E-004
  1.379042177516320E-002
  9.173790451857182E-002
  4.674601032223481E-004
  8.184466628410442E-002
 -1.160685184534936E-004
  3.565343141095319E-004
 -3.244293254839271E-006
  2.253361494578985E-004
  1.978821445259116E-006
 -5.928057393751280E-007
  7.117842482367116E-006
  2.150263253684506E-005
  1.701703842890213E-004
  2.966701956374271E-004
  9.634472115803509E-006
  7.995701620332426E-006
 -1.754903814231340E-005
  7.282318377707828E-005
 -2.126003194652956E-005
  6.209667320720657E-005
  2.341762208653845E-007
  2.783210682758463E-007
  1.521420632284653E-007
 -2.261555138363889E-007
  1.223047228050385E-007
  9.156488406058918E-008
  8.727220302001467E-006
 -6.739331458907546E-006
  5.306592959735192E-005
 -1.697598908931278E-005
  2.496539760452908E-006
 -2.490747795176140E-005
  1.013654129055103E-005
  5.949821473924860E-006
  6.839447798761742E-006
 -3.105147540064517E-005
  1.864780727731767E-006
 -5.060965726773824E-005
  2.563572471728089E-005
 -1.775766185413128E-005
  5.415750683364279E-006
 -3.170543571700783E-007
  3.326320406447433E-008
 -4.751114291202917E-007
  1.928003898996973E-007
  1.105969849437414E-007
  1.242539672703809E-007
  5.825402064487656E-006
  1.221288131889515E-005
 -4.641589502893551E-005
  5.743401568392898E-006
 -6.783194626692644E-006
 -1.156880363288055E-005
 -3.211698688619062E-006
  9.175074564939737E-007
 -4.581508759785737E-006
  3.509110570664810E-006
 -3.221068199550909E-006
  6.125985495192375E-006
 -2.654423822826052E-008
  2.272569221625432E-006
 -8.378747418091921E-007
  7.696465127201014E-007
 -2.831067822878839E-006
 -3.439361433588054E-006
  4.290933697367680E-006
 -9.719807274174086E-007
 -7.115561767724666E-006
  9.465184196053926E-006
 -1.740529881146710E-007
 -1.196741242982269E-005
  3.961520397932067E-006
  2.558826244151670E-006
 -2.720161205766843E-003
 -4.622395324522252E-003
 -3.027991451612646E-005
  3.424697575933622E-004
  2.702315689225678E-005
  4.586910089075801E-005
 -1.899432551081707E-004
 -1.427507468060477E-006
  1.293008292564426E-004
  3.011103750222802E-006
  2.847071053464086E-007
  8.749160227799574E-006
 -2.521173136704622E-004
 -1.469727894050676E-005
  9.113236866723656E-005
  2.421868057551291E-005
 -7.952130327939287E-007
 -1.298314527760950E-006
  7.165405555909202E-005
  9.694717607283989E-006
 -5.030501634935045E-006
 -6.753705471977332E-008
  9.008542824156719E-009
  7.665421630376786E-008
 -2.176581099368813E-007
 -1.364506480436110E-008
  4.760648796680295E-008
  1.638493958252520E-006
 -5.589394202619736E-007
  8.276697290237527E-006
 -9.124063253806287E-006
 -2.959842399702228E-006
 -3.030388736712825E-007
  4.683615525750135E-006
  1.829370971019202E-006
  4.440447728056153E-006
 -1.375455028134132E-005
 -6.249277999300983E-006
 -1.138156547154974E-006
  8.073368761340623E-006
  1.596196489802095E-006
  5.681181520000693E-006
 -1.886280483519026E-007
 -6.826251960083158E-008
 -9.753189326295003E-010
  1.069765322155458E-007
  3.597334200100095E-008
  8.165151613635687E-008
  4.517150432228897E-007
  1.388339278140550E-006
 -6.329346214488441E-006
  1.862072180202714E-006
 -1.537737998646466E-006
 -2.313787223425604E-006
 -1.557865313433601E-006
 -5.425808076571555E-007
  2.303208754491032E-007
  2.033329081906300E-006
  4.376803379382529E-008
  2.640266858394503E-006
  1.531534068487295E-007
  4.763991038698916E-007
  8.312058711096709E-008
 -2.355733264396649E-007
 -6.348636789890108E-007
 -1.086142943602629E-006
  2.042320705774117E-006
 -3.960249834788687E-007
 -1.176934532743682E-006
  2.300616020445901E-006
 -6.348516170469416E-008
 -1.390810201601800E-006
  1.276598428716711E-006
 -2.171701680574388E-007
  1.066280177205936E-004
 -1.217048969293678E-003
  1.692657421921155E-006
  4.966818445274304E-005
  4.286445117909732E-006
  1.110776568668587E-006
  2.202906481109836E-003
  1.010356740354756E-002
 -2.704518733328556E-004
  9.566782205593625E-003
  9.525147911314299E-005
  1.053238839384108E-005
  5.457643643012090E-003
 -4.214405963040647E-002
 -2.099220088202373E-002
  6.334224066760397E-002
  7.887881318188392E-006
 -1.022422953412953E-005
 -8.634625090531165E-004
  3.986939178991736E-003
 -1.102172929628941E-002
  1.102788889443725E-002
 -4.485682498739280E-005
 -1.602106040597364E-005
  7.232258513917256E-005
 -2.012156546930991E-005
 -8.447494273338003E-006
  2.575910480513296E-005
 -3.823992497840807E-004
 -1.736545801525689E-003
  6.410849620033608E-003
 -5.630814221276909E-004
  1.120931557103421E-003
 -1.736792326520081E-003
  5.071026348472463E-004
  1.677448655823852E-003
  5.597878728044454E-005
 -1.995847850686592E-003
  3.391777208757036E-003
 -3.809231144474060E-003
  1.639967578999897E-003
  4.014979775299169E-003
  3.558802716866954E-004
 -1.336358163822090E-005
  2.311409558617327E-005
 -3.518411293292816E-005
  1.118978848244933E-005
  3.385139876035280E-005
  2.173793155771567E-006
 -1.972955150286491E-003
  1.096593671607007E-003
 -3.620676318492902E-003
  2.463101069001108E-003
  6.921347915953203E-003
 -4.901459187146178E-004
 -1.165358584114817E-004
  3.324580922600856E-004
 -2.535089545264757E-004
  8.407233762997341E-005
 -5.258559724606625E-004
  2.655352376044718E-004
 -1.068553057085527E-004
  3.173802998949505E-004
 -1.189217513442741E-005
 -2.129044845615828E-005
 -2.198412722067383E-004
  2.824035432670548E-005
 -3.737573343940326E-006
  1.355173097276016E-005
 -1.584848750821960E-003
  6.459720856474549E-004
  6.716347983167578E-005
 -2.064100624621655E-004
 -2.297307938217328E-004
  7.004921193536861E-005
  3.881482311934564E-003
  0.106529163243663     
  4.242347863151754E-004
  3.614037948329190E-002
 -9.593238302513250E-005
 -2.998730706286231E-005
  2.509990429872909E-002
  1.364287106115612E-002
 -0.346148037797217     
 -2.595089293709379E-003
  0.161546185546974     
  3.820019512120601E-003
  6.230355780869596E-004
  2.812112471068146E-002
 -0.665847066819406     
 -8.501298801806409E-002
  6.629405873574439E-002
  3.898062829263080E-002
 -6.159328947903471E-003
  4.103350107757631E-003
  0.110067606095344     
 -1.647842940040267E-003
  6.335947572071640E-003
 -5.161964938766738E-004
 -1.255607683820621E-004
  8.226059525363625E-005
 -4.072743301265558E-004
 -4.857514813826684E-005
  3.538605847311666E-005
 -3.576325751474645E-003
 -1.564264661512061E-003
  9.502853809862865E-003
 -1.272440076152286E-002
 -6.979190761842819E-003
  4.086273582227962E-003
  7.662322077942652E-003
  3.118421715724371E-003
  5.062078683580210E-003
 -2.442360394801714E-002
 -1.219313699678681E-002
  7.271255081147234E-003
  1.492973202879146E-002
  1.462332048825291E-002
  9.493871919225683E-003
 -2.850815878548031E-004
 -1.468539493001650E-004
  8.214947347438576E-005
  1.836233535294436E-004
  6.634447034649436E-005
  1.014582343253595E-004
 -1.056250490050632E-002
 -8.902484696735507E-004
 -7.167563850584181E-004
  1.091708220055690E-002
  1.617908602385561E-002
 -3.545773000505742E-004
 -1.723047370073906E-003
 -4.477631574282833E-004
  4.529272793313053E-004
  1.755128457610396E-003
  3.654405656559888E-004
  3.414013652611322E-003
  8.239094977286054E-005
  2.765344471820833E-004
  2.005903081097017E-004
 -2.431539088377962E-004
 -3.832493530251393E-004
 -1.479674551584446E-003
  2.297057360712124E-003
 -1.622160886829496E-003
 -3.139183196089971E-003
  2.771908945904914E-003
  3.408902296856861E-004
  4.761304639399711E-004
  4.570038625273881E-004
 -9.243959415506982E-004
 -4.073768549842336E-003
  0.140159259349781     
  1.120416529479357E-002
  9.137393402657648E-002
 -1.740885270230984E-003
  4.558796738111390E-005
  7.217808570881049E-002
   1.05680360069942     
  3.451888843710308E-003
 -5.630661195800295E-003
 -1.110741098775367E-003
 -2.840696470051408E-002
  1.293600846382377E-003
  1.694276038148266E-004
 -4.991279137314824E-003
 -9.373855781870491E-002
  1.418270850987812E-003
 -2.526714760273052E-003
 -4.182233023379616E-003
  4.614014707825870E-003
  1.758615194144897E-004
  2.630730201133122E-002
 -0.254608894608740     
 -7.372701711418395E-002
 -8.725564011645343E-005
  2.448128311539234E-004
  4.239298985071060E-007
 -5.132070986997783E-005
  3.326245206878014E-005
  4.163610110938632E-006
 -2.092634363182899E-003
 -4.155734331765750E-002
 -9.958878784788284E-003
 -3.034137959568969E-003
  2.340730787449671E-002
  4.411235532403792E-003
  2.331102480074378E-003
  1.523345386399205E-003
  7.030354794945914E-004
 -1.307597542911248E-002
  6.659819718917045E-002
  1.121020829751660E-002
  8.915703443230427E-003
  5.499635511936930E-003
  4.160271985882050E-003
 -6.357925485037555E-005
  4.678477639040687E-004
  8.795915472946591E-005
  4.960179873123064E-005
  3.165506996180989E-005
  1.397745611914492E-005
 -2.878833714414016E-003
  2.351085303272355E-002
  6.768140030540527E-003
 -1.154137666441486E-003
  2.023997917667739E-002
  4.032971380855501E-003
 -9.873061206278223E-004
  6.442886006123237E-003
  1.505463219027503E-003
  2.742947678350691E-003
 -2.076759646351854E-003
  2.189706835327757E-004
 -1.621603073249188E-003
 -7.145884099020496E-004
 -1.578076786375673E-003
 -2.636249363751513E-004
 -1.795946910613662E-003
  3.210902700134011E-003
  4.790396014247356E-003
  5.214217128233719E-003
 -1.003888871062122E-002
  1.736236036072662E-004
 -1.358005758681952E-004
 -5.717486445177987E-003
 -2.803500972529425E-003
  3.090301436435442E-004
  1.570576887530457E-003
  0.139275415395716     
  2.564325418215093E-004
  0.162418736417490     
  9.122426705409096E-004
  1.110853522410967E-004
  8.786578153279799E-002
  6.081019987087308E-002
   1.55690897431490     
  7.954790050383449E-005
  4.079941378751166E-002
 -1.581716633762721E-003
 -1.986956062809296E-002
  8.706255903234781E-005
  6.931593683966953E-005
 -1.719725765975536E-002
  8.356223608814770E-002
  1.688863126095501E-002
 -6.643545362938241E-002
  1.031612131778911E-002
  5.423427403222741E-003
  8.170838255405627E-004
  1.402251140617495E-002
 -8.309238399074961E-002
 -0.121319584982926     
  1.280909540152993E-004
  7.572049567193159E-005
  5.819441485232265E-005
  4.450367964011188E-005
  1.050661506288857E-005
  1.280319234543752E-005
  2.789761570451147E-003
 -1.547544640485181E-002
 -3.969284169537900E-002
  1.822167415394345E-003
  5.034915310419146E-003
  1.927926131014549E-002
 -4.766446879915371E-004
 -2.235783972796709E-003
 -1.345522727402808E-003
  7.418841496235133E-003
  1.374999306265999E-002
  4.208329559375738E-002
 -3.581896856167972E-003
 -6.425205794598626E-004
 -3.836944640067161E-003
  3.200594000911613E-005
  1.020704210624167E-004
  3.743827978949125E-004
 -1.132315287730687E-005
 -4.591046576583844E-005
 -2.068278713180926E-005
  1.131052201680744E-002
  2.447303934552585E-003
  2.468348241446933E-002
 -1.588079539143659E-002
 -1.758212537491149E-002
  4.570273374629148E-003
  4.663358064398701E-004
  1.383068536579583E-003
  5.254023655584822E-003
  3.719346514187797E-004
  1.241958824016439E-003
 -1.770942070738390E-003
 -3.023705163549554E-004
 -1.956099622132951E-003
 -4.759569875147164E-004
 -1.099308011150624E-003
  9.181324762392463E-004
  1.805505701194193E-003
  2.939789444765685E-003
  2.133382803174607E-003
  5.184930897949283E-003
 -4.887780231892346E-003
 -3.455326434887874E-004
  1.177082259109735E-004
 -7.689077707278308E-004
 -1.019165890225553E-003
 -3.874268125255413E-003
 -0.228898519355882     
  1.588381419186636E-003
 -0.269048625744461     
 -2.079038323950050E-003
 -2.290702977250477E-004
 -0.109159637388100     
 -0.103659975768469     
  0.183562622302322     
   1.42831036537122     
  2.302981207665993E-004
 -3.639290907185906E-003
 -3.454374418463073E-005
  2.353514011235628E-003
  5.541074244609708E-005
  6.326396704807017E-006
  3.047398083383675E-004
 -6.809955658567619E-003
 -1.727552220097177E-003
  8.630991946693900E-004
  4.244424709438107E-004
 -4.893653112863971E-005
  1.098473885627745E-005
  1.320831613871930E-003
  9.740226312901979E-005
  3.394925247571215E-004
 -4.272288790633225E-006
 -1.994471494517764E-006
  2.676165793516549E-007
 -4.808471966126707E-006
 -1.034264038962436E-006
  2.654858303816945E-007
 -2.316907365912089E-005
 -1.820861959161634E-005
  2.614739991650268E-004
 -1.811111844304746E-004
 -3.169461752633936E-005
 -4.280562976304134E-005
  9.608625286301558E-005
  5.571893512149362E-005
  8.502493156745903E-005
 -3.314891659093369E-004
 -2.419153734937328E-005
 -1.011818247915411E-004
  1.952715760594957E-004
  1.318225686435976E-004
  1.362175898498411E-004
 -3.871433395360487E-006
 -7.073656037486011E-007
 -7.436489146381383E-007
  2.248447008364539E-006
  1.144480361418094E-006
  1.622986386995949E-006
 -1.090486833597172E-004
  1.138033762099725E-004
 -1.208559188863788E-004
  1.489873620974648E-004
  1.669559129065258E-004
 -3.993867873774756E-005
 -2.919780626029199E-005
 -4.466605797190538E-006
 -1.573180061410070E-005
  3.465875670891623E-005
 -6.755988061168713E-006
  5.293466207195973E-005
 -3.059901011592232E-007
  8.806728057973069E-006
  5.384576100668208E-006
  2.308357518709210E-006
 -1.468641269912257E-005
 -1.381153273141426E-005
  3.147275383215149E-005
 -1.327120167791686E-005
 -7.611233056604487E-005
  5.733043977528457E-005
 -4.610335561692246E-007
 -2.827374345325991E-005
  1.519463339992193E-005
 -1.066336792963858E-006
  4.281448025151041E-003
 -1.177720709084471E-002
  8.300961521786644E-005
  2.331355782965706E-003
  4.382852627325536E-005
  1.373420614793001E-005
  5.966080176612784E-004
  6.433907327156296E-003
  2.941229640737498E-003
 -8.606594535368169E-003
  2.323119178090748E-004
  1.095954989396037E-004
 -5.237460791396903E-004
 -3.142078061719348E-005
  8.869010311132301E-004
  1.185124398067571E-005
  2.100302229382090E-006
  2.030250696706626E-005
 -2.478214271364124E-003
  1.121764336857880E-003
  9.149589503484037E-004
  3.440485446828160E-004
  1.365826195761520E-005
  5.304962556558482E-007
  7.296545283660134E-004
 -2.029679876176224E-004
 -8.932053289200474E-004
 -1.001866320975520E-006
  1.073113717964944E-006
  2.471746776045743E-006
 -1.808228739121971E-006
  6.764319630884747E-007
  8.626374494906402E-007
  3.039640219046889E-005
 -4.729222481837951E-005
 -2.490828407233881E-004
 -5.282409226824336E-005
 -9.133775953839938E-005
  1.797713826756232E-004
  4.676688682629052E-005
 -8.340637825267162E-006
  6.057205441952832E-006
 -3.551001044684730E-005
 -2.243302517941302E-004
  3.761339435566413E-004
  5.104075366513624E-005
  2.692700461843982E-005
 -1.553074321828893E-005
 -1.272333277000116E-006
 -1.939399417604851E-006
  3.483693582336564E-006
  1.049770575416820E-006
 -1.756882238738913E-007
  2.225627015832956E-007
  7.867767950160912E-005
 -1.420255507268080E-004
  1.434249821530767E-004
 -1.021956587803194E-004
 -1.416214744176579E-004
  2.351797927871027E-005
 -1.647441910090198E-006
 -5.570589392857770E-006
  5.039530180555363E-005
  6.245006262045856E-007
  1.780498805612228E-005
  4.317825104066009E-006
  3.376654820804488E-006
 -9.989051295323094E-006
 -4.559375069555696E-006
 -1.346875017007685E-005
  1.438789772556300E-005
 -1.146546053216769E-005
  2.913498278531110E-005
 -1.579456980794416E-005
  7.058502204160043E-005
 -2.736912336874485E-005
  1.826691607633680E-006
  1.784296287130635E-005
  5.985385709266656E-006
 -1.565931521887248E-005
  2.667800735960065E-003
 -5.730155094423861E-003
  6.711686466688579E-005
 -2.557191038226433E-003
 -1.871651283780455E-005
  1.063015000946704E-006
 -1.068313584659955E-003
  2.786576500936086E-003
 -1.773205048184070E-003
  1.227250885833598E-002
 -2.422255052349864E-005
  1.443063170726210E-004
 -5.540553572576518E-005
  3.335464471893328E-004
  5.023163249589703E-005
 -1.585812861144047E-003
 -1.656252031721029E-005
 -2.594878815029361E-006
 -9.654996212061311E-005
  3.387349637361409E-003
  1.594070549079382E-003
  1.896455490353688E-004
 -4.737579890474582E-004
 -4.297472913563973E-006
 -1.409680648734020E-005
 -8.240606408914839E-004
 -1.129902522228637E-003
  6.962699381366093E-004
  1.574152102025994E-006
  3.590981983676842E-006
 -1.410353464250749E-006
  2.418744280320674E-006
  1.142526723503902E-006
 -3.049335107844944E-007
 -2.655130739710384E-005
 -1.343663460880405E-004
  2.605269475547866E-004
  6.883109526738081E-005
  1.642391749135410E-004
 -2.102189426429172E-004
 -4.773115582400617E-005
 -1.545814306483189E-005
 -2.109993944337465E-005
  1.752059495876295E-005
  4.217161889717693E-004
 -4.405964203363738E-004
 -3.268827954577268E-005
 -1.036584927775823E-004
  1.516768458700973E-005
  1.678677172132805E-006
  3.260845747532141E-006
 -4.097983356342911E-006
 -1.137154210709444E-006
 -3.119929277687010E-007
 -5.415229614233606E-007
 -7.426134826151552E-005
  8.068423086291809E-005
 -2.143889880885062E-004
  7.570048987210059E-005
  2.341411337617922E-004
 -1.439141610585086E-006
  3.701466868905069E-007
  3.948326724844474E-005
 -4.884560400086761E-005
  5.517217499591515E-006
 -2.693239166522004E-005
 -6.627657560263035E-006
 -8.884969566562058E-006
  1.721370639152186E-005
 -1.282835854875856E-005
  1.054396586978192E-005
 -2.309156244122899E-005
  1.075200556325240E-005
 -1.797876885186420E-005
  3.727830039307800E-005
 -1.002898208498841E-004
  3.199638693060898E-005
  3.409077010552639E-006
 -3.343024267277926E-005
 -2.097923659491032E-005
  1.713633717488115E-005
 -4.137577620655812E-003
  8.130904619442946E-003
 -9.426265132436270E-005
  3.680791683784677E-003
  2.700089591615099E-005
 -1.418724340460693E-006
  1.623209875231973E-003
 -4.039848269714364E-003
  9.819406281569087E-003
 -1.290464448668809E-002
  2.067955244808413E-005
 -1.738350504725254E-004
  2.619435334853254E-004
 -3.833439350786129E-003
  4.278298125550022E-002
 -2.569279610528062E-004
  1.404089737298293E-003
 -2.193355125054541E-004
 -4.522847963331692E-005
  2.006101146846390E-003
  6.627975335954907E-003
 -1.339065949109402E-002
  2.918515282871165E-002
 -1.197239525445993E-003
  4.608179591355985E-004
 -8.612327725692813E-004
 -2.616934640059678E-003
 -1.514911699131701E-003
  6.005279628910346E-003
 -1.841961602534315E-006
 -1.839801496601426E-005
  3.623496411184607E-005
  5.035615422464401E-006
 -5.725076828790946E-006
  1.081523918344164E-005
  5.147943575816143E-005
 -2.981123587893993E-004
  2.992778750116384E-003
  1.571963626202057E-004
  4.814033515911884E-004
 -9.486927478212154E-004
  7.979890365726746E-005
  9.147641794109756E-004
 -2.369952662774732E-004
  2.391943809330411E-005
  1.114399625423042E-003
 -1.966587301423735E-003
  4.878916697642108E-004
  1.643965469857506E-003
 -5.118111078575149E-004
  2.720333437957629E-006
  1.082382550123244E-005
 -1.932575557396868E-005
  6.349005377715113E-007
  1.821137315224576E-005
 -3.355233975729141E-006
 -4.217358437239535E-004
  6.952172140909333E-004
 -1.764922616322828E-003
  8.097500148406035E-004
  2.348278608759593E-003
 -3.880141711166501E-004
  4.654250351741413E-005
  8.418623007002314E-005
 -1.413363018099871E-004
 -1.326411336085704E-004
 -2.861307445115033E-004
 -6.986376943671958E-006
 -3.846670337390541E-005
  1.109077824423023E-004
  3.121388005169309E-005
  1.014283978922825E-005
 -2.302995468562744E-005
  4.324342046932046E-005
 -1.001348128034023E-004
 -1.275285603287810E-004
 -5.125203378257315E-004
  1.966184243856633E-004
  3.557938269151071E-006
 -1.852581321007254E-004
 -5.391723527677367E-005
  9.513098163470923E-005
 -1.485395225121319E-003
  3.117850660489732E-003
 -4.666015611955706E-004
  7.969614218645744E-003
  1.649435913370207E-004
  9.280666775007636E-006
  5.251213361200915E-003
 -2.854305899995799E-002
  1.453013157628559E-002
 -4.820902278874098E-002
  1.796465730679305E-004
 -5.505995611293109E-004
  7.031598692282144E-004
  4.741626930251844E-003
 -5.344178073163784E-004
  1.605245459690488E-002
 -3.336724974885530E-004
  1.884586412810912E-003
  7.170339571950404E-006
  2.421423145983358E-006
  9.690902037283390E-005
 -6.762267647324819E-003
 -1.637030029082398E-002
  1.915288287714881E-003
  9.536631748168880E-004
  5.675467202184768E-004
 -1.132619858338008E-004
  2.122171243029956E-003
 -9.898416960595468E-003
 -7.622179487733311E-003
 -5.293743959739032E-006
 -1.422533715705769E-005
  1.363147640266799E-005
 -3.167627842388575E-006
 -8.461882924208096E-006
  2.879912199687979E-006
  3.211115813403338E-005
 -1.902579010272002E-003
 -1.937677770325925E-003
 -6.726559565466530E-005
  9.715786602612930E-004
  1.321901182800440E-003
  1.432337524563632E-004
  3.750332981008120E-004
 -7.596815680169788E-005
 -8.156991789846975E-005
  2.772844445130415E-003
  2.949660802854466E-003
  3.087857715343492E-004
  1.335958379606496E-003
 -2.272158536358795E-004
 -2.658099806359396E-006
  2.051128724254014E-005
  2.547484193642593E-005
  3.109801206832371E-006
  7.547093924280639E-006
 -4.517014004729754E-007
  2.991999621810967E-004
  1.462639265458712E-003
  1.635436048368046E-003
 -5.467030407278041E-004
  3.427417941285135E-004
  2.475030785467073E-004
  1.397314282575597E-005
  2.134452313604096E-004
  3.596887480693408E-004
  4.594085751696247E-005
 -5.286604796906445E-005
 -8.786028599423038E-005
 -7.042618085101746E-005
 -1.484655810607865E-004
 -2.166688807357260E-006
 -7.040772233618478E-005
  2.849138411661191E-005
  2.457016685338104E-004
  2.934426237609407E-004
  1.749523128677093E-004
 -1.029646360426793E-004
 -2.604264652175451E-004
 -4.089670528274151E-005
 -1.637149572599262E-004
 -1.230115526855858E-004
 -4.324255550033816E-005
 -5.943785676901541E-004
  3.685366284614017E-003
  2.177872163366157E-004
 -1.356942510838287E-002
 -1.819980413025770E-004
 -2.492475486975096E-005
 -2.866231608123187E-003
  8.254142395530965E-003
  3.883786903366611E-002
  9.092924718979747E-002
 -5.265979786623619E-004
  7.232975099204570E-004
 -6.818420050415536E-004
 -2.325557308948655E-003
  7.134254832764750E-003
  2.828484240689693E-004
 -9.142127459037166E-003
  2.038697771583051E-004
 -7.949696135514821E-003
  2.141878942993920E-005
  2.654541098686440E-006
 -2.326805318037242E-003
  5.241467128474102E-003
  5.341590388961611E-003
 -4.756512111179349E-002
 -1.472877812958827E-003
 -1.826754405961346E-004
  7.456036265580826E-004
 -1.897815105925800E-003
 -8.518750524262162E-003
 -2.079590107006963E-003
  3.902788258348988E-007
  1.690717567043584E-005
 -6.877845815577655E-005
  2.308859607876211E-006
  3.612181615323065E-006
 -2.415574646067697E-005
 -4.264528393229716E-004
 -1.267356475543381E-003
 -1.627483313686363E-003
 -1.108602170046807E-004
  1.068312428223957E-003
 -2.185788808982333E-004
 -5.467886465696028E-005
 -7.831621365559770E-004
  1.655390816616409E-004
 -8.298511055224371E-004
  3.052545765018928E-003
 -2.857063035198758E-004
  2.101561073703062E-004
 -1.944761372814683E-003
  6.196949981521309E-004
 -1.008968770715145E-006
  2.116551384870036E-005
 -2.853827711331735E-006
 -1.034597102570282E-006
 -1.551129587025025E-005
  2.043565873285426E-006
 -3.885173305895105E-004
  1.802273137246338E-003
  1.139617884629354E-003
  6.000811223841874E-005
 -8.008600589594350E-004
  3.285092183510918E-004
 -4.937578839264179E-005
  2.609006843556007E-004
 -2.531201135920635E-004
  1.443129776837999E-004
  4.255319415876239E-005
  3.814387494125479E-006
 -6.331908078281487E-005
 -1.407112844915746E-004
 -7.094344200715608E-005
  1.312771326945460E-004
 -1.039923406560765E-004
  1.588350234321442E-004
  1.685102704350133E-004
  2.591658037404648E-004
 -5.109407580923464E-004
  5.281121822776471E-005
 -3.450570326941121E-005
 -4.486300205851334E-004
 -5.531791362391059E-005
  9.337325005004003E-005
  1.671100404566875E-003
 -2.273066961097347E-003
 -2.665068882430756E-004
  1.963997777639837E-002
  2.248274487581429E-004
  2.743241750197335E-005
  4.561693120253436E-003
 -1.660639074855322E-002
  6.908366068872780E-002
 -5.466196976425542E-002
  5.617485990242281E-004
 -7.318961137277171E-004
  1.148490152175877E-003
  2.190159557740055E-003
 -3.009958926368910E-003
  8.730446586134687E-003
  6.631407594684384E-005
 -5.514215614554644E-004
 -1.837160949514170E-006
  2.065045193541151E-004
  5.553776892085446E-006
  8.766152426279943E-007
  3.247010953868048E-005
 -8.235693899609031E-004
 -1.012315890112067E-004
  6.093591567147988E-005
  4.793657599773592E-005
 -8.620085607165283E-006
  5.845572309740152E-006
  1.415521457769938E-004
  2.553890274707897E-006
  1.059211923776781E-005
 -6.109758934652065E-007
 -1.099077861264478E-007
  3.071033923118399E-008
 -5.131225496498738E-007
 -6.383084356259378E-008
  3.457429230465160E-008
 -4.322528438491830E-006
 -1.321205299323885E-006
  1.334660628137618E-005
 -1.656299921875950E-005
 -7.693121304506210E-006
  3.188527804833774E-006
  9.112475072199494E-006
  3.008867139189483E-006
  7.450524146560002E-006
 -3.205426984955054E-005
 -1.260584314498860E-005
  5.053626390165434E-006
  1.790005898357904E-005
  1.516465608876471E-005
  1.415421086597150E-005
 -3.614052330773184E-007
 -1.654848510529731E-007
  6.733945149881846E-008
  2.212554847806472E-007
  6.465133908854419E-008
  1.401497482966713E-007
 -1.309472725808661E-005
  4.711828815492664E-007
 -2.612406262379936E-006
  1.384643182268465E-005
  1.846805179037728E-005
 -7.517045645980398E-007
 -2.566138627812176E-006
 -6.350140811926157E-007
  1.136709088476566E-007
  2.995045130060656E-006
  5.654012892397483E-007
  4.703370753375872E-006
  1.265985393292248E-007
  5.271169907871971E-007
  2.552184632049413E-007
 -2.135959665449512E-007
 -1.040110497769611E-006
 -1.956674628622495E-006
  2.959793190289603E-006
 -9.837300332267272E-007
 -4.274181834827033E-006
  4.104061526535561E-006
  4.005641380331399E-007
  3.126194905306381E-007
  7.549822145230751E-007
 -1.090804226940080E-006
 -5.719692424704302E-004
  4.068534327228351E-005
  1.157430704423362E-005
  1.518798639849458E-004
 -4.986390229633132E-007
  2.159989349072725E-007
  9.338407355639627E-005
  1.307196751440623E-003
  1.356161997854738E-004
 -2.927493408264197E-004
  9.568577674432062E-006
  1.342926900801260E-006
 -2.079147660317438E-006
 -3.145210533648684E-005
 -2.368463490277413E-006
 -6.133447331930059E-006
  1.837218728018891E-006
  8.264871085141858E-006
 -4.876831763891383E-005
 -1.303915957521484E-007
 -3.775515483134608E-005
  9.122142196661222E-007
  1.643401612153526E-007
 -6.568881773929588E-006
 -8.583626780240964E-005
  1.181123297830081E-004
  2.437017550432704E-005
 -2.442196558852210E-006
  3.226528428853173E-006
  5.759813373912403E-007
  2.608707221752063E-005
 -2.297621475417585E-004
 -7.644416246285887E-005
 -8.692023061561195E-008
  3.613336919110377E-007
  4.121942617330287E-008
 -4.298752452916629E-008
  9.921551241916925E-008
  2.551662977381915E-008
 -1.276499089840894E-006
 -3.629722126923557E-005
 -1.296495267280826E-005
 -2.088038048629455E-006
  1.740723306675454E-005
  5.769134028474681E-006
  2.106095510942932E-006
 -5.317642050840411E-007
 -1.805746231347662E-008
 -1.057260530697644E-005
  4.991889887207151E-005
  1.357367580668578E-005
  7.544261197915013E-006
  1.022022206108338E-006
  3.028344109061431E-006
 -4.295321653285858E-008
  3.415631973573272E-007
  1.125097099769945E-007
  4.398074019317347E-008
 -1.019622915211556E-008
 -1.027523660314887E-009
 -1.063342024891956E-006
  1.179096911939401E-005
  6.428072312405028E-006
 -3.419380672661275E-006
  1.471695932123077E-005
  4.482722697553231E-006
 -7.459019838340870E-007
  5.620737426783507E-006
  2.029505961191985E-006
  2.172403762119650E-006
 -1.287310530352558E-006
  6.530218938261114E-008
 -1.268833731399883E-006
 -5.418172008337661E-007
 -1.814236232583860E-006
 -4.958962534527397E-007
 -1.389369734727826E-006
  2.002702458579637E-006
  4.248384133944537E-006
  4.494774958511837E-006
 -6.491778151515912E-006
 -3.266657543283602E-007
  1.625447338592355E-007
 -4.068556005902079E-006
 -2.490336660157344E-006
 -5.994270934748629E-008
 -5.287755582848698E-004
  2.841905060301601E-004
 -8.882128847741048E-007
  1.062293632770829E-004
  5.006309944137865E-007
 -1.038431178337203E-007
  7.027944607891677E-005
  1.303497692817778E-004
  1.337926513135923E-003
  3.541253822755233E-004
 -1.096196884491956E-006
 -3.489948370368474E-007
  7.893357333903954E-006
  1.001975915417747E-006
  4.583585022950288E-005
  4.544701730249411E-005
  3.196417237830065E-007
  1.365663389216255E-006
  7.927549187819120E-007
  6.032128558065787E-005
 -2.094090252466558E-006
  6.182454502505641E-006
  4.499324999751571E-007
  4.768270893414598E-008
 -8.318019317326890E-006
  6.937580728298142E-005
  3.061303582215525E-005
  1.171393697508562E-004
  9.651515846322620E-006
  5.767397035798289E-006
 -2.615791226550090E-006
  1.996830160663725E-005
 -8.809019464953238E-005
 -8.916662376861340E-005
  1.493066766827522E-007
  1.028934570343897E-007
  2.616600116592450E-007
  2.426247683299324E-008
  2.444901162142854E-008
  8.931799860678936E-008
  3.576231253537541E-006
 -1.591827486690113E-005
 -2.182443788172841E-005
  5.739421828661130E-007
  5.625009886941809E-006
  1.274681742099858E-005
  3.863776724895894E-007
  8.904575285407504E-007
 -9.603198553557024E-007
  5.333726494459591E-006
  1.511192355463772E-005
  2.748405768262145E-005
 -1.691091070163326E-006
  3.935162634998329E-006
 -3.642635424296264E-006
  5.417987564830336E-009
  1.110720951103631E-007
  2.452837261346084E-007
  5.750027963459753E-009
  1.631973583604336E-008
 -1.116801552829009E-008
  9.659163438966161E-006
  6.947474504421184E-007
  1.162451652873071E-005
 -1.210606156394026E-005
 -6.793949435816314E-006
  2.446898124974100E-006
  1.533398129886323E-007
  1.660054072696733E-006
  4.316804446309293E-006
  5.776635744874394E-007
  1.035845713471994E-007
 -1.037683013453336E-006
 -3.627988836960688E-007
 -8.046734816740355E-007
 -5.716574216085267E-007
 -1.170710321545086E-006
  5.232978557418958E-007
  1.417734076880295E-006
  2.490971942569858E-006
  1.566592750850906E-006
  2.302280637952702E-006
 -3.136486318076593E-006
 -2.123788328038627E-007
 -2.101563387600362E-007
 -7.805975784687068E-007
 -7.602718679366071E-007
  8.613046376202450E-004
 -4.975339369547091E-004
  3.461272294121303E-006
 -1.838127440620918E-004
 -1.290362705156940E-006
  1.616796742644520E-007
 -8.170352986578834E-005
 -1.970802624807447E-004
  3.119052191930922E-004
  1.051058076689203E-003
 -1.825993535398990E-006
  1.032740918021846E-005
 -1.038060774677598E-005
 -2.562418221427927E-005
  6.564164641173801E-005
 -3.124088580023878E-005
 -5.666152285622201E-007
  1.395820064387739E-007
  1.274001034043734E-006
  4.798806599120503E-006
 -1.770022200006389E-004
 -1.122833845514110E-006
  7.583256063900903E-005
  1.892967399999722E-006
  3.055617788257238E-007
  1.206031462418268E-005
 -3.024896440668338E-004
 -3.595312425935880E-005
  2.716266424268528E-005
  1.864851185264600E-005
 -2.858301256286519E-006
  2.008163446676433E-006
  5.198323053738062E-005
  1.932177500131787E-006
 -9.478415155011923E-008
 -2.270865867386881E-007
 -5.460328707038955E-008
  3.577354604323158E-008
 -1.872208064005055E-007
 -2.196307770127911E-008
  1.657696889773236E-008
 -1.448408730800023E-006
 -3.652189051437072E-007
  3.264527503449399E-006
 -5.890949261067535E-006
 -3.452099503664862E-006
  2.303141675575999E-006
  3.438806897736258E-006
  1.186747902495125E-006
  2.452142363331277E-006
 -1.092622927319259E-005
 -6.313564699042543E-006
  4.214931995786724E-006
  6.456059523754336E-006
  6.183224223628649E-006
  4.470169749438253E-006
 -1.314743345677240E-007
 -7.271857784480985E-008
  4.621660951022801E-008
  8.288217827463119E-008
  2.550316617699334E-008
  4.859215629309283E-008
 -4.309694396855696E-006
 -7.767645928073586E-007
  1.887960665257509E-007
  4.423053034951581E-006
  6.091108002618914E-006
 -1.133586380958858E-007
 -8.208559668986829E-007
 -3.020237453381080E-007
  3.332583140382861E-007
  8.877619325688698E-007
  2.812885884864893E-007
  1.574805968127179E-006
  6.688956430455392E-008
  1.049712100813229E-007
  1.013550524244462E-007
 -1.460765080398697E-007
 -1.657396802016574E-007
 -7.013939847971308E-007
  1.091390635257461E-006
 -6.746935459870245E-007
 -1.094487191645212E-006
  1.171912586591997E-006
  1.434513976299636E-007
  3.295272724381106E-007
  2.710397919072399E-007
 -4.736393025651906E-007
 -8.396642362006449E-006
  2.145077891821659E-005
  5.192045615827303E-006
  3.342556516207855E-005
 -7.371713766962245E-007
  4.457838935369825E-008
  2.708800066166405E-005
  4.802580887190268E-004
  1.072803608603419E-005
 -1.649918986723350E-005
  3.024679944206464E-006
  1.654216272290495E-006
 -2.369021110503382E-006
 -1.491900235413883E-005
  4.737063119879451E-006
 -9.208443872243720E-006
  5.972791179143282E-007
  4.774648584612779E-008
 -6.541643109339654E-008
  2.203625513767360E-007
  1.153745823646950E-006
 -6.033769607677787E-006
 -3.406372474335277E-007
 -1.005785331230078E-005
  5.041881504411459E-007
  6.076872244082227E-008
 -2.020037347799382E-006
 -3.572010559551466E-005
  1.283866203648550E-005
 -1.625258907435224E-007
 -1.639879186062456E-006
  1.602351254572716E-006
  2.506535648170657E-008
  1.043712087052228E-005
 -9.541784602860148E-005
 -2.609001421776863E-005
 -3.114905846739804E-008
  1.077257831569843E-007
 -3.599425233747389E-009
 -2.180699776989175E-008
  1.997572860063433E-008
  1.297196542386809E-009
 -7.442829592834307E-007
 -1.545090858917607E-005
 -3.077636372746160E-006
 -1.308231373853179E-006
  8.539356764989115E-006
  1.197420697074963E-006
  9.733857609624375E-007
  3.987713798156504E-007
  3.348456128907410E-007
 -5.282249374708858E-006
  2.431069263415408E-005
  3.203937022535616E-006
  3.575236066468343E-006
  1.325462873960767E-006
  1.707013308240515E-006
 -2.685047777932850E-008
  1.698254662093357E-007
  2.430853585421013E-008
  2.055010254658503E-008
  8.346143943408824E-009
  6.300375232743475E-009
 -1.114681221343865E-006
  8.286819447569652E-006
  1.814341466825932E-006
 -3.229305153779463E-007
  7.436306396091033E-006
  1.437611736721811E-006
 -4.048858725297167E-007
  2.420408313255521E-006
  4.536066208066242E-007
  1.054054759344168E-006
 -7.766207291530736E-007
  1.606028582449817E-007
 -5.952553774985833E-007
 -2.141374038212819E-007
 -6.346421807597705E-007
 -7.982307232844744E-008
 -7.026311620862540E-007
  1.095003170293895E-006
  1.796039831539242E-006
  1.906290583933321E-006
 -3.803730589940312E-006
  2.016029023254412E-007
 -2.991113546972691E-008
 -2.210119368410610E-006
 -1.005269763884714E-006
  1.380265122904563E-007
 -2.363111527617337E-006
  1.737025940290332E-005
 -8.706659648789644E-008
  6.839463353096992E-005
  5.695048630936562E-007
  8.206360155719313E-008
  3.352419735741853E-005
  1.062771607073144E-005
  5.932414605221146E-004
  3.295734772275601E-005
  1.625505841110070E-006
 -9.455447603712646E-007
  4.082470129479461E-006
  7.089956075812240E-006
  1.165348998600878E-005
  2.887921828328785E-005
  4.685801093557138E-008
  5.013717893443372E-007
  1.013108557041621E-007
 -1.474570832722119E-009
  2.285303837302680E-007
 -2.024491114193976E-007
  1.718075697864757E-005
 -6.053942682874497E-007
 -7.254936456797248E-006
 -2.311773831651690E-008
  2.642036685289365E-008
 -5.385393681577751E-006
  3.205172467700868E-005
  5.375263998253819E-006
 -1.964237667159929E-006
  4.013186096027119E-006
  2.032634631826932E-006
  5.765086106578676E-008
  4.630007164056208E-006
 -2.749823812278152E-005
 -4.407174867606249E-005
  4.660009774268267E-008
  2.227364359161273E-008
  5.568936332017733E-008
  2.027756338140703E-008
  3.177850202809480E-009
  1.655837997502114E-008
  1.164524787160582E-006
 -5.163776475360617E-006
 -1.420270691246131E-005
  9.837268569431221E-007
  1.412772213586517E-006
  7.327405322647202E-006
 -2.941708253749855E-007
 -5.196811735822908E-007
 -6.895560315681366E-007
  3.525508222159948E-006
  3.797069852838231E-006
  1.587639166603431E-005
 -1.715155836908111E-006
  7.730178798940384E-007
 -1.810352385251836E-006
  1.751219582367694E-008
  2.894950838951105E-008
  1.414199136049763E-007
 -6.736288914120708E-009
 -1.085070680356876E-008
 -1.077590690955623E-008
  4.308524767003443E-006
 -1.977529123888511E-007
  8.801342338155803E-006
 -5.955415523531385E-006
 -5.874938320766179E-006
  1.646890756527942E-006
  2.332758674493482E-007
  4.094149572022448E-007
  2.089931119319719E-006
  2.903354363993310E-008
  4.491074056967970E-007
 -7.288611459879779E-007
 -8.578616065706759E-008
 -6.569893525849687E-007
 -1.520564752310420E-007
 -4.776472555782502E-007
  4.020458648369582E-007
  6.183383109636779E-007
  9.469540570217627E-007
  7.033989414824770E-007
  2.200767424899476E-006
 -1.909536535993352E-006
 -1.009143771163726E-007
  3.663028410781417E-007
 -3.155951796145602E-007
 -4.377522993666348E-007
  3.136738948577046E-006
 -2.985414253745873E-005
  8.567935887700417E-007
 -1.104785748229542E-004
 -1.108233126934084E-006
 -1.447215601166002E-007
 -4.059520243297380E-005
 -1.757728122973442E-005
  3.310331025925894E-005
  5.690127743615360E-004
 -3.963096820984965E-006
  4.949321065467032E-006
 -5.375593632740250E-006
 -2.002141315470084E-005
  3.657234888768856E-005
 -2.605264622269046E-005
 -9.925495795391895E-008
  1.161053123762471E-007
  4.034503464477683E-007
  3.279877284756220E-009
 -4.311156324022074E-009
  2.314195539093140E-007
 -4.418198086407548E-004
 -3.258068227786824E-003
 -5.206866948513910E-005
  3.227123210007057E-003
  5.342439389759696E-005
  7.575390655946577E-006
  8.993729162875163E-004
 -9.666529587947377E-003
 -4.062505862645387E-003
  8.811747511654899E-003
  4.785434289430829E-004
 -7.429490448917022E-005
 -7.969764058904673E-005
  1.419895357446438E-003
  1.065711288045862E-003
  1.637850631236262E-003
 -7.986293357933331E-006
 -6.270824498491529E-006
  1.077018578817778E-005
 -5.538492924988430E-006
 -2.347601948785786E-006
  3.876821575014965E-006
 -2.938717520327354E-005
  1.448430143354389E-004
  8.497619971620662E-004
 -1.586504278704043E-004
 -1.195365820190820E-004
 -1.552928074280634E-004
  9.848778005853091E-005
  2.236823138123315E-004
  6.016264781187345E-005
 -3.010075725129150E-004
 -2.588346069191701E-004
 -3.733850910877494E-004
  2.070895896077098E-004
  5.875101809564728E-004
  9.391798290520517E-005
 -3.660938814073542E-006
 -2.326928899976860E-006
 -3.192616044816995E-006
  2.342919907891551E-006
  4.531104032534467E-006
  1.318018906181990E-006
 -2.371180533897719E-004
 -5.698621436372381E-005
 -4.491927828397433E-004
  3.368591131838464E-004
  6.992276029369836E-004
 -9.974105979407450E-005
 -2.486958164370330E-005
 -2.808627195585042E-005
 -1.868927324336794E-005
  1.425606331629675E-005
 -3.650956931396119E-005
  6.035268161481314E-005
  3.294374503510464E-006
  4.493085648343960E-005
  1.820314844531903E-005
 -8.747194413357218E-006
 -1.474665873255671E-005
 -3.153850598507831E-005
 -1.410305525733406E-005
 -4.399332295022753E-005
 -1.046524137281084E-004
  8.823329914789765E-005
  8.788675093244956E-006
  3.705137655818838E-005
  5.172480705343448E-006
 -7.649440433618108E-006
 -6.835757592901366E-004
  6.843672846523390E-003
  1.488000229429361E-004
  2.541846715826061E-003
 -2.467676829843073E-005
 -8.652999263089103E-007
  2.158540938929354E-003
  1.643197931992277E-002
 -3.714941531021091E-003
 -1.100236428314296E-002
  1.123535680846230E-004
 -3.830959813930686E-005
  7.669006916562826E-006
  8.275891291606034E-005
 -4.058049847437715E-004
 -4.233046937753356E-004
  2.071729927861752E-005
 -2.885955947011936E-006
 -1.034656393839781E-005
  7.197804317947274E-006
 -1.513107014472765E-006
 -3.637719431130625E-006
  3.902905634054948E-004
 -7.084914340134990E-006
  5.012692718934436E-003
 -1.370481731301542E-004
 -9.505060620348586E-004
  4.261271659450402E-005
  5.670549848161839E-006
 -3.862426660842218E-004
 -6.201662593327688E-003
 -4.376373267647973E-003
 -6.431655338217255E-003
  8.571508134326847E-005
  3.059161386199414E-004
  7.227651474676748E-005
  1.533610134644902E-003
 -1.260417680348339E-002
 -5.174911534005763E-003
 -5.970044311773503E-006
  5.424909328833714E-006
 -5.429384171940941E-006
 -3.551125291088267E-006
 -9.933052010825679E-007
 -2.502355424192103E-006
 -1.229920212546970E-004
 -2.136632728174261E-003
 -1.186440640738756E-003
 -1.750454622610322E-004
  1.173069985705759E-003
  5.683709062419927E-004
  1.505892712995179E-004
  6.629158608957363E-005
  2.445619096151432E-005
 -6.395806544986016E-004
  3.363021584876515E-003
  1.339827830603828E-003
  4.933248143775644E-004
  3.494924692460100E-004
  1.462558401210372E-004
 -3.975010019039494E-006
  2.374878549996539E-005
  1.125913451761079E-005
  3.251803208388917E-006
  1.401632924444836E-006
  7.232068106505768E-007
 -6.765553582885111E-005
  1.468450743955662E-003
  9.273636620451584E-004
 -1.867926109022735E-004
  6.432431163264268E-004
  2.544481467311246E-004
 -3.482080738912878E-005
  3.115838086462228E-004
  1.319041618592719E-004
  1.179100294876566E-004
 -7.599392453113682E-005
 -1.344760732027022E-005
 -8.315382789947625E-005
 -9.545692384754611E-005
 -6.212232494779411E-005
 -1.214907933724191E-005
 -5.758516578018436E-005
  1.973042678362678E-004
  2.835717372830179E-004
  2.404626407338318E-004
 -4.237066971036207E-004
 -6.770714339327865E-005
 -2.154250120468450E-005
 -3.090627135334325E-004
 -1.326767642222143E-004
  8.496992083471536E-006
 -3.649987343030520E-005
  2.906975635080804E-003
  5.138566943313678E-005
  3.435980907424532E-003
  7.269443078603400E-006
  1.044370398813133E-006
  2.437855545117845E-003
  3.243290730118286E-003
  7.194857404735187E-002
  2.806555886141210E-002
  2.467267513850167E-005
  8.996656240364054E-005
  2.342126565035350E-004
  1.650012333101046E-005
  3.162930225741374E-003
  2.440487494336073E-003
  3.924110474638664E-006
  6.383324802733707E-005
  2.740512956660659E-005
  1.057919193933977E-006
  2.679318789694432E-005
  9.339629385265401E-006
 -3.056473414338694E-004
  3.680986899073085E-003
  1.781911196848942E-004
 -5.160291151318414E-003
  5.693762953322838E-005
 -5.693447644722015E-003
 -2.427605047030563E-007
  5.862106823173356E-006
 -2.335314044636147E-003
  8.521474198554743E-003
  4.710867600757213E-003
 -3.274488975407214E-002
 -1.051135192672100E-004
  9.850096658203393E-005
  5.439637038890655E-004
 -6.442126799495651E-004
 -5.525670203218602E-003
 -7.528664984124084E-003
  8.017101195838918E-006
  1.071789563370274E-005
 -3.743920417930201E-005
  4.687171760341640E-006
  2.442723030447240E-006
 -1.367507846356648E-005
 -6.667658222775567E-005
 -9.306143407119148E-004
 -3.342627540989009E-003
  1.136542257963270E-004
  4.754208311628701E-004
  1.039339477989412E-003
 -1.115306819025560E-004
 -6.580400920991778E-004
 -2.123543893770936E-006
  2.154095176963528E-004
  1.354451891888152E-003
  2.339443422141927E-003
 -2.852886073664186E-004
 -1.275939359482410E-003
  6.987908967006582E-005
  2.691121172503824E-006
  9.443906190981982E-006
  2.094781658739834E-005
 -2.282072796052301E-006
 -1.314234355285638E-005
 -4.090483764515228E-007
  4.906017253800984E-004
  6.958644924424943E-004
  2.162111025204474E-003
 -9.241413144375217E-004
 -1.905763895725625E-003
  4.335395890574233E-004
  1.992522196039831E-005
  1.195049442579130E-004
  1.580378646293206E-004
  5.588993327545246E-005
  1.519196776195836E-004
 -1.156655991566474E-004
 -2.506475970400659E-005
 -1.933455375312937E-004
 -4.431066514589325E-005
  1.176922430065771E-005
  3.187429050357545E-005
  1.435511263981102E-004
  1.891927981734611E-004
  1.914261025391248E-004
  2.224398344648129E-004
 -2.870489740498512E-004
 -3.577541358877608E-005
 -1.222875968956695E-004
 -3.622488563178195E-005
 -2.230173375926390E-005
  1.003460281048780E-004
 -6.641262366922163E-003
  4.123806529720028E-006
 -8.410333193295665E-003
 -6.839148708084325E-005
 -1.002945179799157E-005
 -5.238764401546077E-003
 -1.077658465848369E-002
  2.223410545019567E-002
  5.671272832667824E-002
 -3.522757774550786E-004
  3.948290027801330E-004
 -3.446053228382829E-004
 -2.406933680189201E-003
  3.521739479395099E-003
  1.136283016065528E-005
 -1.781070048992916E-005
  2.580320353668182E-005
  4.004389676264751E-005
 -3.787039132088758E-006
  7.195839852249809E-006
  2.147024025991334E-005
 -7.660536035989543E-004
  1.858826594438693E-003
  3.233162350313172E-003
 -3.402619407361194E-005
  3.066977747022507E-003
  1.383334980699770E-005
 -1.118537295929281E-003
 -3.108120710185334E-005
 -4.984179505250400E-006
 -1.451322287678953E-004
  3.932100479757263E-003
  5.682228208515225E-004
 -5.706635544997424E-004
 -2.872209298983543E-004
  3.717873888499121E-005
 -2.766648816504310E-005
 -7.561237193334907E-004
 -1.792932150573405E-004
  1.190057371244366E-004
  2.637186975571351E-006
  9.115221687139384E-007
 -9.223183204234769E-007
  2.481821176185624E-006
  4.123740908614081E-007
 -4.125615775432662E-007
  9.665123712732853E-006
 -1.454096895067136E-005
 -6.460069937744942E-006
  7.743021374701059E-005
  5.746685717145326E-005
 -5.279089580358532E-005
 -4.109123125707391E-005
 -1.395411579129317E-005
 -3.633898248993669E-005
  1.239162613613438E-004
  1.174377001871874E-004
 -1.007215324471015E-004
 -6.436352688469034E-005
 -8.536246121276270E-005
 -5.955273447665346E-005
  1.725927085749295E-006
  1.200244776518817E-006
 -1.041731063734139E-006
 -1.017791134350676E-006
 -3.007705619954612E-007
 -7.081359513986194E-007
  3.417536130302819E-005
  2.835974077497273E-005
 -2.207585450517397E-005
 -3.506404767122871E-005
 -4.022645972941378E-005
  8.886863682005217E-007
  1.159112892822288E-005
  9.325315945045931E-006
 -1.214833564627340E-005
 -1.437229559123484E-005
 -7.634482051093988E-006
 -2.040109119343381E-005
 -2.193879689186985E-006
 -1.160569201837284E-006
 -2.743676877484977E-006
  4.436301616036893E-006
  1.167384766032153E-006
  9.538804757537699E-006
 -1.465936311800930E-005
  6.497381133296033E-006
 -1.326491581889630E-006
 -9.999535431392491E-006
 -1.342816687297564E-006
 -1.281506007561405E-005
 -5.510354695645007E-006
  9.158141064541115E-006
 -6.859152951469226E-005
  8.522519316252456E-004
 -7.736159408681222E-005
  7.106952402507181E-005
  1.238195079731305E-005
 -8.406108566066393E-007
 -1.074213056919105E-004
 -6.535483422722423E-003
  1.011652606833450E-003
 -1.711415946988024E-003
 -3.438271434260434E-005
 -4.452576875734753E-005
  6.349140723138749E-005
  3.044434891675846E-004
 -1.525756357194618E-004
  2.727587697319320E-004
 -7.923109547556639E-006
  1.666215174228429E-007
 -6.148315313489318E-007
 -3.086936454532906E-006
  5.002234842703887E-007
 -8.336675881506570E-007
 -8.823937340884712E-005
  1.424983555514464E-005
 -5.963324366325734E-006
  4.806000008296292E-005
 -2.395273002767705E-005
  2.790675509913877E-003
 -5.212748400778806E-006
 -2.282286086462642E-004
 -1.553189079922943E-005
 -3.439937778498681E-006
  1.237177511116242E-005
  2.853477500329661E-003
 -2.683628200080388E-003
  3.890160578649790E-004
 -1.831682139155318E-004
  4.496930317264956E-005
 -4.755950925966503E-005
 -5.599576313823903E-004
  5.716019601043604E-004
  4.062999873461280E-004
  2.114910758560207E-006
 -3.584820083058275E-006
  3.860414431043645E-007
  1.776394739882438E-006
 -1.651405053513634E-006
 -2.107088743889600E-008
  1.118277392324600E-005
  6.796560120800899E-005
  1.242326127942455E-004
  5.305807820568392E-005
  6.400432069864497E-005
 -6.533751334439232E-005
 -3.839085791106740E-005
  5.393515766958896E-005
 -1.466722029461652E-005
  1.095906001487420E-004
  1.359880156320878E-004
 -1.283136939389549E-004
 -6.536495013282248E-005
  8.377925370681714E-005
 -4.422565001591955E-005
  1.175441129897023E-006
  1.483571042815751E-006
 -1.299508625041997E-006
 -8.969702329540213E-007
  1.068160421782984E-006
 -2.784708969430021E-007
  1.211277453383812E-005
  1.556410509956014E-004
 -4.799992093460938E-005
  2.055445915808419E-005
  2.931426128669249E-005
 -3.266723369192232E-005
  6.721389520406045E-006
 -8.739710676229436E-006
 -1.406173931341002E-005
 -8.026305956695530E-006
 -1.472846277882605E-005
 -1.213786260452260E-005
 -1.303200843194025E-006
  1.068096437379732E-006
  1.264931320581151E-005
  4.331214292010096E-006
 -1.396147047679304E-006
  1.787829233746438E-005
 -1.980356702047158E-005
  4.331647978971205E-006
 -1.849902059184201E-005
 -1.432068359332940E-007
 -6.295452209162606E-006
 -8.842268875936167E-006
  1.008064290023440E-006
  9.548611965469248E-006
  2.332825425958432E-005
 -1.785108535490057E-003
 -5.938055607515445E-005
 -1.325433771573040E-004
  1.663882489139914E-005
  1.231037455993545E-006
 -1.774337487149924E-004
 -5.182455704624512E-003
 -2.532178280303892E-003
 -3.048085024745705E-003
 -4.455274468784757E-008
 -4.215600849960006E-005
  2.956173961213541E-005
  3.289130193354279E-004
 -2.391649395174566E-004
  1.070388479153479E-004
 -6.025162643839973E-006
 -3.650289678017452E-006
 -1.542095643028334E-006
 -2.397292613691700E-006
 -8.282676512268062E-007
 -1.331191874837670E-006
 -4.214381715966451E-005
 -1.472837376724461E-004
 -1.340068668249258E-004
  3.511941975775030E-005
  5.012570619361422E-005
  4.784297647157090E-005
 -3.479772583502003E-003
 -8.859438985422019E-007
  3.725144388946330E-004
  2.071665853769467E-005
  4.679053443250302E-006
 -9.157298063840175E-005
 -4.081331768740547E-003
 -2.171105410108496E-004
 -5.843962649684269E-003
  2.452996363709994E-004
 -8.133658319667956E-005
  1.398621823175119E-004
  5.389618381815954E-004
  4.096587139550231E-004
 -3.908640784948555E-004
 -3.521425912515950E-006
 -9.196372802053713E-007
 -7.375319832915872E-006
 -2.477888328415546E-006
 -2.899100215630158E-007
 -2.693029505360131E-006
 -5.920488019358681E-005
  6.129018453261841E-005
 -3.144885717726871E-004
 -7.712879151111076E-005
 -8.539249002064473E-005
  1.129388155532075E-004
  3.549197571222962E-005
 -9.320877527501201E-005
  4.163681579888115E-005
 -1.509521530643346E-004
 -1.736550469820983E-004
  2.423048935717497E-004
  5.886121682558406E-005
 -1.315304317093016E-004
  9.209093623875058E-005
 -1.703565596971311E-006
 -1.756488615708915E-006
  2.355388604109814E-006
  9.491619164378729E-007
 -1.820374062140380E-006
  7.544036805334382E-007
 -5.956444672075499E-005
  4.018665668301578E-005
  2.677118246931474E-004
  1.779181595883651E-005
 -2.032346749560346E-004
  4.177263076191849E-005
 -6.973381987920836E-006
 -1.366557696780799E-005
 -3.407230957519353E-006
  8.265009634655906E-006
  3.331139449758357E-005
  1.265513632910660E-005
  3.498163460295629E-006
 -2.388125587254491E-005
  3.171086586921104E-006
  9.096162276688088E-006
  6.684853678181636E-006
 -5.201960750646032E-006
  1.866122385922954E-005
 -1.251542978389991E-005
  2.444412727576670E-005
 -7.539131250645001E-006
 -1.938499967175483E-006
  1.033814939969551E-006
  1.101746065217248E-005
 -6.565012933066363E-006
 -4.107361134235862E-005
  2.631832356157740E-003
  8.625758899955402E-005
  6.934720599169417E-007
 -2.705243183745366E-005
 -2.466888406992149E-006
 -4.939264532898620E-005
  7.486606187349928E-003
 -2.740796669432085E-003
  1.299168568489132E-003
  5.453294124830279E-006
  3.406441695510656E-005
 -6.536532261709372E-005
 -4.966292077924927E-004
  1.131973324267290E-004
 -1.375523842748074E-004
  8.777604580518694E-006
 -1.304793547150622E-006
 -1.674464463648661E-006
  3.459326451399485E-006
 -1.253197142992896E-006
  7.500781907715631E-007
  7.617580512271182E-005
 -6.458446988936771E-005
  1.287363364152265E-004
 -5.080868938294670E-005
 -4.397597177236057E-005
  9.960064325610867E-005
  1.102543508824584E-005
 -1.393362843941546E-003
 -2.388123489555117E-006
  6.227675499711834E-004
  1.283568526746866E-005
  1.819804972612107E-006
  1.155082332804416E-004
 -1.922647324673438E-003
 -4.256248198728070E-004
  3.312444137513038E-004
  1.091370179658123E-004
 -3.410014842134736E-005
  9.595105565966933E-006
  2.860272794113276E-004
  5.597923138011917E-004
  3.426891244674479E-004
 -1.432551857502507E-006
 -1.005195217803619E-006
  1.087554124030297E-007
 -1.230019497039109E-006
 -3.201299910924377E-007
  8.715520509376778E-008
 -9.856850238055383E-006
  8.768909334993255E-005
  1.189864494902195E-004
 -3.965840476145691E-005
 -5.947482073729333E-005
 -3.265266017795751E-005
  1.884598506861814E-005
  1.192489714468186E-005
  2.081241969283877E-005
 -6.765589426900454E-005
 -1.473241412622071E-004
 -7.833590239751303E-005
  3.326323095893961E-005
  3.476472566276845E-005
  3.439266331006492E-005
 -8.587603887691502E-007
 -1.210027808427331E-006
 -6.239587470051129E-007
  4.686890452328760E-007
  2.501385062704638E-007
  3.900713435362742E-007
 -4.291947710735825E-005
 -2.983472346002614E-005
 -6.056372845944975E-005
  6.073566232600320E-005
  4.132749894019635E-005
 -1.781618521864496E-005
 -5.883400555388362E-006
 -1.426183332465519E-005
 -1.074568788359615E-005
  3.334823733287434E-006
  1.874925606728799E-006
  1.431537793287765E-005
  3.251403129997341E-006
  5.872222879814089E-006
  4.507623934663164E-006
  1.624488334594020E-006
 -1.425737006739515E-006
 -1.159650289178334E-005
 -4.992816658349948E-006
 -1.380338305821591E-005
 -5.248343262210569E-006
  1.808059407843446E-005
  1.231045329377932E-006
  8.627863010876345E-006
  7.903366903649544E-006
 -1.211682117508799E-006
  6.002462908523497E-005
 -5.835291798343426E-004
  2.814819267180725E-005
  5.565796821252367E-004
  2.071003058090696E-006
  1.474781951075460E-006
  2.297970491442918E-004
  2.934673277664127E-003
 -2.412141714381876E-003
 -3.455413932395441E-003
  4.233560500421653E-005
 -1.267043152465312E-005
 -2.328611933562567E-006
 -3.470537193343186E-006
 -2.320404663493525E-004
 -1.437718168493447E-005
  4.042911992592873E-006
 -2.442848944967433E-006
 -2.834198105126676E-006
  1.328880244442597E-006
 -8.460702725887419E-007
 -1.307440381261331E-006
  6.883152256119172E-005
 -1.513185198560444E-004
 -1.757788852382362E-004
 -1.659627326838776E-005
 -2.482630730367529E-006
  1.939287331244729E-005
  1.940808930085234E-005
  3.516967422842908E-005
  3.944553150728921E-004
  1.658178484381209E-006
 -1.013454144647448E-004
  4.476257790072550E-006
 -3.793705079036103E-007
  3.986153400019590E-005
 -2.663967299946256E-004
 -3.467516697028034E-005
  4.742911623812273E-004
 -1.190554445814588E-004
  1.164865793534049E-005
 -1.900565454405959E-005
  1.911721394931302E-006
 -1.118195248016075E-003
  2.446964938006181E-004
 -4.605410722239563E-007
  1.239130703923291E-006
 -2.810908547229551E-007
 -2.279979481281335E-007
  1.857881870448509E-007
 -2.214895428409960E-008
 -1.925374958055026E-005
 -1.739879369099401E-004
  1.790166608440780E-004
 -2.419168466808984E-005
  1.290662463913373E-004
 -9.735726644916134E-005
  1.398083205695112E-005
  2.460361794087732E-005
  1.021085261113872E-005
 -1.095074544637104E-004
  3.586661810967871E-004
 -1.989024834516260E-004
  7.100715689453051E-005
  1.865497872609675E-005
  3.850029756917991E-005
 -4.341783373026786E-007
  2.575485498288922E-006
 -1.873281006829507E-006
  2.706257607677844E-007
  4.968953670383543E-007
  1.635525765348941E-007
 -6.485952630183584E-005
  1.474455963956020E-004
 -1.188174645796913E-004
  7.213737564926016E-005
  2.035927258117338E-004
 -7.277849347424323E-006
 -8.464626711373643E-006
  3.313798561017129E-005
 -2.265837385549794E-005
  1.488641648674463E-005
 -2.249698907507430E-005
  1.050746364737629E-005
 -8.619899785763946E-006
  7.259021275406331E-006
 -7.278286252879449E-006
  5.133117526697202E-006
 -1.714057192783079E-005
  1.077897677825797E-005
  1.307531359033138E-005
  2.144464200775098E-005
 -9.302776990240473E-005
  2.997707377574140E-005
  2.285253258697740E-007
 -4.341953505885189E-005
 -1.146455275586729E-005
  1.011474048950684E-005
  1.710292625710263E-004
 -8.719118033127724E-004
 -3.081624932466513E-005
  2.566256563627311E-003
  3.263130636809136E-005
  4.539678744156805E-006
  9.995934006817235E-004
 -1.311557100838881E-003
  9.015194949729226E-003
 -7.770285080558117E-003
  8.775249322874983E-005
 -8.979759535091088E-005
  1.471041188292973E-004
  4.845813067060474E-004
 -3.719284993294120E-004
  8.733952520482642E-004
  1.303727616678400E-007
  5.928208069974424E-006
 -3.586635636418209E-006
 -8.401838582198994E-007
  3.778411362327134E-006
 -3.530809250478238E-006
  3.632759972464637E-006
  2.895039109155828E-004
 -2.020073404434438E-004
  3.027635996068278E-005
  1.755801041125213E-005
 -4.879285876953499E-005
  1.996162743198762E-006
  1.186596740523084E-004
  2.300075898536610E-005
 -1.673614903080961E-003
 -1.144522631744258E-005
  4.957697459580973E-004
  1.824552183438467E-005
  3.164374532638293E-006
  2.962399548745378E-005
 -2.009453155083824E-003
 -1.425980009787155E-004
  2.394191407484386E-004
  1.780839119325420E-004
 -3.078590463643851E-006
  1.807138259907617E-005
  4.700964399221631E-004
 -3.804990987438512E-004
 -4.616948615918845E-004
 -1.204635118068845E-006
  9.367304908968074E-008
  8.135629080204472E-007
 -1.251801679146515E-006
 -9.224409976897046E-008
  3.254063724494984E-007
  1.917265253225313E-007
 -7.314812439926119E-005
 -1.125263795524746E-004
 -3.777180898555368E-005
  2.007963565840069E-006
  8.544355598154283E-005
  2.224524618845577E-005
  2.029218646611308E-006
  1.552656279709792E-005
 -5.626036709233928E-005
  2.988644107501969E-005
  1.790574348446146E-004
  3.110029592575075E-005
  5.059773554999425E-005
  2.516007116658854E-005
 -8.671666969801454E-007
  9.783031908513923E-009
  1.665689810739251E-006
  5.491020891178002E-007
  5.063205572499743E-008
  3.180646078623452E-007
  8.744115804330057E-006
  1.474982685053413E-006
  8.263958296462372E-005
 -2.567161465477449E-005
 -1.101039210782572E-006
  1.692749885044443E-005
 -5.707728372834521E-006
  4.936517379609258E-006
  2.289402352986955E-005
  1.103747185794740E-005
  5.759556444365189E-006
  6.085713260556160E-006
 -1.057523440810357E-006
 -4.711653677976805E-006
 -1.763947057178187E-006
 -6.060789950630914E-006
  2.583522407073616E-007
  2.057698134245643E-006
  1.965217977635925E-005
  7.306001924919878E-006
  6.574834844100199E-006
 -8.081058647041963E-006
  1.117713579196315E-007
  4.187197064737703E-006
 -2.393012208004538E-006
 -7.946458947032316E-006
  8.566900429457296E-006
 -2.687227517909031E-004
  4.921340141500498E-005
 -6.276492061503085E-004
 -1.445295385540374E-005
 -6.341710944688205E-007
 -1.223757434523814E-004
  3.600810145058296E-003
  1.400489107548426E-003
  5.166829879383465E-003
 -7.952890661612186E-006
  5.719620028200065E-005
 -6.116279529782492E-005
 -3.009729519742415E-004
  3.846161020688143E-004
 -2.583815880469975E-004
  3.880197554963765E-006
  2.276227427544590E-006
  3.449029636475607E-006
  1.758056210090309E-006
  3.458467883183531E-007
  2.141107969411988E-006
  1.940785084765539E-005
  1.370686843008998E-004
  1.817422096045619E-004
 -3.146372681457516E-005
 -3.263678902738277E-005
  3.141581607049941E-005
 -2.811816032464582E-006
 -3.227252270388155E-005
  3.427554284703974E-005
 -7.288647408135989E-004
  1.048761386832011E-002
  6.555131223316145E-005
 -4.683559948675175E-003
 -1.160640283956308E-004
 -1.778422432858592E-005
 -6.007352805266988E-004
  1.543548966481390E-002
  2.487941431571794E-003
 -2.565698647652307E-003
 -1.152778129261881E-003
  1.276686620181990E-004
 -8.303956016568288E-005
 -3.015872495365887E-003
 -7.582184784989156E-004
  4.164123646404828E-004
  1.005010942309899E-005
  3.828470339176046E-006
 -3.877040088336613E-006
  9.977902611766787E-006
  1.722668107610670E-006
 -1.707929702111498E-006
  2.835542977479427E-005
 -5.703600721254419E-005
 -6.783309791383600E-005
  3.192924960721717E-004
  2.310771395322727E-004
 -1.986173436136741E-004
 -1.763537589012943E-004
 -7.289976387831143E-005
 -1.429387371708775E-004
  5.068982567560794E-004
  4.810082800291339E-004
 -3.814058555064955E-004
 -2.855612749557952E-004
 -3.462546854774008E-004
 -2.213369818002843E-004
  7.085420380414949E-006
  4.823271523862534E-006
 -3.930542356204902E-006
 -4.287886597005318E-006
 -1.528994168263653E-006
 -2.797533783409630E-006
  1.252687088691702E-004
  8.780606834803529E-005
 -5.904759101387577E-005
 -1.425817517056700E-004
 -1.489202326733005E-004
  1.731304283649984E-005
  4.564204744536060E-005
  3.772832700198396E-005
 -4.623396580252114E-005
 -5.353010907855106E-005
 -2.577561989239032E-005
 -8.339603325753075E-005
 -8.598448913831622E-006
 -3.986599807425545E-006
 -1.193298026048909E-005
  1.674018853664890E-005
  3.251459151701241E-006
  3.924366098472840E-005
 -6.168784897720517E-005
  3.440143116051041E-005
 -2.714332013897522E-006
 -4.415580861561414E-005
 -4.302515176520735E-006
 -3.782623257210793E-005
 -2.633611545516619E-005
  3.317136051643770E-005
 -5.438698705449204E-004
  8.397939793535411E-003
 -2.820982464059624E-004
  3.336675546483938E-004
  2.756381438153588E-005
 -7.378260335827087E-006
 -1.866797317514473E-004
 -2.346838472147929E-002
  4.052629432911116E-003
 -5.752568222176954E-003
 -1.737151544568400E-004
 -1.712632589761194E-004
  2.474369235478153E-004
  1.037438518831224E-003
 -4.865409962202398E-004
  9.495402875341142E-004
 -2.891272021800774E-005
  1.735894465329217E-006
 -3.152829499251644E-006
 -1.118697695710564E-005
  1.814659350646277E-006
 -2.640946102409232E-006
 -3.116274574138120E-004
  7.066868077457400E-005
  1.891090902537398E-005
  1.757787395677777E-004
  1.180930474166348E-004
 -1.721688088231767E-004
 -6.497157039106680E-005
  9.863896982710519E-005
 -1.108071691767109E-004
  6.623920048047865E-004
 -2.294977210128442E-004
  7.995123045676893E-003
 -2.488381274916974E-005
 -4.327485573796483E-004
 -4.244452707300372E-005
 -9.165928251020723E-006
  4.368170394526868E-005
  8.733935384557051E-003
 -9.441276007912811E-003
  1.387665174135311E-003
 -4.518046607502988E-004
  1.444533369577641E-004
 -1.401106268878880E-004
 -1.639562719589867E-003
  2.398362651360723E-003
  9.724336917750944E-004
  6.779669811300423E-006
 -1.319716543195629E-005
  2.288189219010369E-006
  5.528063977050433E-006
 -5.946831558389091E-006
  2.436414526685965E-007
  4.954140873061784E-005
  2.920141494880983E-004
  2.568200118662174E-004
  1.770858768146570E-004
  1.500147791760946E-004
 -1.142019172983850E-004
 -1.305919382186240E-004
  1.752849676511991E-004
 -4.649393859603292E-005
  4.145400364908193E-004
  2.878558767101747E-004
 -2.141203977583988E-004
 -2.569567532104730E-004
  3.227283865099333E-004
 -1.575832832803463E-004
  3.833961617251900E-006
  3.695506400632310E-006
 -2.337432691944580E-006
 -2.984255455244140E-006
  3.476013944779069E-006
 -8.497061620077596E-007
  8.388442724700206E-005
  4.503159640029518E-004
 -4.489870404692810E-005
  1.323283010039486E-005
 -6.148552896276677E-006
 -9.711725734739692E-005
  2.439829606193296E-005
 -4.678527516423577E-005
 -1.980221111083755E-005
 -2.842886791562968E-005
 -3.419246479327441E-005
 -4.476602027016921E-005
 -1.549676872698744E-007
 -2.586454211485191E-006
  4.725017822604540E-005
  7.462888440774246E-006
  4.833303246665037E-006
  5.771986492533505E-005
 -6.510247088898079E-005
  9.327940021080938E-006
 -6.009246058468100E-006
 -2.382784976107605E-005
 -2.174477107209172E-005
  1.306962532826972E-006
  7.514448290940122E-006
  2.126516945205127E-005
  3.002216691558122E-004
 -4.805986143389176E-003
 -1.489791128470895E-004
 -2.374859403131264E-003
  2.401669760436138E-005
  3.631054387682543E-007
 -1.223266584440004E-003
 -1.433555288201821E-002
 -1.323204625879885E-002
 -2.431494700154502E-003
 -6.393566758719020E-005
 -5.447636923544215E-005
 -2.605067948164610E-005
  6.286955175013052E-004
 -3.346624065107400E-004
 -3.507134211413687E-004
 -1.801921817178265E-005
 -1.460504421110741E-005
 -9.711681840188697E-007
 -6.450709634173650E-006
 -4.933647096913201E-006
 -1.003457310503309E-006
 -1.256244001042834E-004
 -5.927697498855766E-004
 -2.255297097571316E-004
  8.016692343375322E-005
  1.383842158066232E-004
 -9.818700201871320E-005
 -1.124628324168769E-005
 -3.475478703403055E-005
 -6.892064019206554E-005
  2.711716586093936E-004
  4.480011475738309E-004
  1.878687234692244E-004
 -1.035335106101190E-002
  2.152091513623612E-005
  5.865521983881654E-004
  5.646618621640893E-005
  1.235487873907917E-005
 -3.135674337069578E-004
 -1.185330707626754E-002
  3.073050957979877E-004
 -1.938420440055977E-002
  5.154491146498213E-004
 -2.770340826159424E-004
  4.384357887821107E-004
  1.324535569664192E-003
  8.609168460918103E-004
 -4.695629108423663E-004
 -1.093374552594266E-005
 -9.329448093598829E-007
 -2.612135802659857E-005
 -7.274415003071477E-006
 -1.787706078135551E-007
 -9.398960139022437E-006
 -2.162807939457946E-004
  1.531412938599173E-004
 -7.341993690988048E-004
 -2.449899157629465E-004
 -1.972730550216643E-004
  1.700630485879608E-004
  1.087546776677747E-004
 -3.094036738094756E-004
  1.362352380951718E-004
 -5.584795186318638E-004
 -3.589202014027318E-004
  3.743317235322063E-004
  2.293255232566405E-004
 -5.285448091374965E-004
  3.291539953752233E-004
 -5.243125370670474E-006
 -4.143693367798058E-006
  3.862830613141081E-006
  2.861966483839435E-006
 -6.049364832441114E-006
  2.381158886831040E-006
 -2.738808942349412E-004
  2.089133770956566E-004
  6.575775887590589E-004
  1.604546369373950E-004
 -5.046480909367760E-004
  1.134262572975462E-004
 -2.673289905687849E-005
 -2.322442011709285E-005
 -6.358673512502048E-005
  3.064896416910702E-005
  8.748806984435145E-005
  4.954973300152846E-005
  6.636402986689143E-006
 -6.402071187353234E-005
  3.315211157025422E-006
  4.253581566618428E-005
  4.915624057309663E-006
 -1.834241305534789E-005
  4.960744484096088E-005
 -3.279713316721297E-005
 -6.606916546881750E-006
  1.805026099528398E-005
 -4.375671858516057E-006
 -3.683594442232805E-005
  3.146942863089606E-005
 -4.257166806210945E-006
 -5.458874454506730E-004
  8.066930763470250E-003
  2.052079526623946E-004
  3.441849732338538E-003
 -3.961766905367413E-005
 -2.564298117885924E-006
  9.783477414557077E-004
  2.022415814472898E-002
 -2.572797628646005E-003
 -1.026436585838246E-002
  1.232476151489329E-004
 -4.440981788858947E-005
  7.314927260370177E-007
 -8.654725956824972E-004
 -5.294198654126301E-004
  7.136785300848639E-004
  2.614979917312164E-005
 -1.544584304923888E-006
 -1.413754995122882E-005
  9.013677160870117E-006
 -1.080538964306791E-006
 -3.828268407881485E-006
  2.481758859199625E-004
 -1.397833108375525E-004
 -1.770753847633432E-005
 -1.075628007518261E-004
 -9.602213975251099E-005
  2.538291493052552E-004
  7.505560037134077E-005
 -7.965910520291399E-006
  3.250720038048529E-005
 -3.650375830457490E-004
 -2.981084013703541E-004
  8.259232609283383E-004
  3.383064717190545E-004
 -4.631954812350939E-003
 -2.231841114134023E-005
  2.482758540620676E-003
  4.882662492822322E-005
  6.909656851096343E-006
  4.132017986003793E-004
 -7.250129222191777E-003
 -1.710941434984055E-003
  1.796419192390602E-003
  4.866708320031226E-004
 -9.701956773010380E-005
  2.266485325925673E-005
  1.227019415361965E-003
  1.687386027920531E-003
  7.944041569334236E-004
 -4.993492251823636E-006
 -3.569790838837566E-006
  1.714585621412891E-006
 -4.712315883668189E-006
 -1.231304284234385E-006
  7.735955008718699E-007
 -2.010698190446643E-005
  2.494036469135882E-004
  3.220654908323094E-004
 -1.510664309272206E-004
 -2.014977993091791E-004
 -4.168663973829029E-005
  7.822033964834124E-005
  5.499994896037378E-005
  7.284609127887934E-005
 -2.375329929496270E-004
 -4.923655218620144E-004
 -1.180928781309776E-004
  1.290074575680687E-004
  1.690420746126811E-004
  1.085255353815583E-004
 -3.311426070920760E-006
 -4.104910199210069E-006
 -7.852686049684682E-007
  1.912087630594739E-006
  1.134305731590457E-006
  1.399338440326021E-006
 -1.145311948728201E-004
 -1.010099582885768E-004
 -1.500949216420288E-004
  1.688289967216760E-004
  1.192759982380110E-004
 -5.429780184885593E-005
 -2.102455349212977E-005
 -4.659093003270920E-005
 -1.509017860837754E-005
  1.412405942123728E-005
  8.284028426474896E-006
  4.894960105515204E-005
  1.050018972565960E-005
  1.581195044637556E-005
  1.509036085573039E-005
 -2.405906126660069E-007
 -1.698813595687220E-006
 -3.681773602978195E-005
 -3.628806612006574E-006
 -4.536893709110483E-005
 -2.887910592322919E-006
  5.046537787816649E-005
  3.475216096885179E-006
  3.099403833518955E-005
  2.639208773912642E-005
 -9.121743907727658E-006
  4.629716754574963E-004
 -4.330435479484171E-003
  1.141143513518031E-004
  9.168227033797508E-004
  2.431073620385163E-006
  5.542694169557010E-006
  4.057926940465518E-004
  1.061027239342567E-002
 -7.942202580897950E-003
 -6.753125031594780E-003
  1.334142872948034E-004
  9.413963419050239E-006
 -6.799059983333957E-005
 -1.841691769335947E-004
 -4.677960573083534E-004
 -3.020114310714187E-004
  1.397478777964560E-005
 -7.564184093838935E-006
 -5.569423084702393E-006
  4.949754104733376E-006
 -2.886035757029173E-006
 -2.467533727768067E-006
  2.134002747750797E-004
 -4.325436310678178E-004
 -4.344454471509632E-004
 -7.039191794296202E-005
 -2.098189340680007E-005
  7.185591556103536E-005
  5.829388150555547E-005
 -2.194925993633604E-005
  1.209803643740656E-005
 -2.759879122490864E-004
 -5.047177050188565E-005
  2.187566983887078E-004
  1.930162808474415E-004
 -9.352235146231897E-005
  2.544644517637734E-003
 -8.912988406005485E-006
 -2.939581126592750E-004
  2.505152244531127E-006
 -2.252041807649934E-006
  1.060399382572774E-004
  4.491043532567830E-004
 -6.529654254221316E-004
  2.479433394634107E-003
 -2.966595027739970E-004
  6.765778900256637E-005
 -8.150744966651331E-005
 -1.070958523387686E-004
 -2.792377321249742E-003
  3.727209100327256E-004
 -1.631036095888317E-007
  2.202029912607945E-006
  1.687176234425528E-006
  1.717479356606105E-007
  1.370649052065955E-007
  6.849091665689724E-007
 -2.463049786614678E-005
 -4.464237802400747E-004
  3.930910359779371E-004
 -2.971657185355711E-005
  3.308728622167999E-004
 -1.921999955038087E-004
  2.338023165209881E-005
  8.932418998222510E-005
  6.336340201458299E-006
 -1.888360476127177E-004
  9.033654945349349E-004
 -3.864313223440590E-004
  1.428612788157392E-004
  1.178339412659277E-004
  4.597476879697848E-005
 -4.922070692262201E-007
  6.666929008464334E-006
 -3.744970681531524E-006
  3.846517709620102E-007
  1.787390828065576E-006
  1.075552982642100E-007
 -1.110567442597461E-004
  3.584087480124741E-004
 -2.626542844329090E-004
  1.292616964039304E-004
  4.919991728628528E-004
 -1.820495214418430E-005
 -1.481790328328168E-005
  8.084270870369994E-005
 -3.579642795694260E-005
  2.970640319081603E-005
 -5.843865869533495E-005
  1.474730665902901E-005
 -2.164178661427232E-005
  1.596580018483310E-005
 -1.591734886088297E-005
  6.610209257369834E-006
 -3.653595119252632E-005
  3.351489835825171E-005
  3.185928596535641E-005
  5.385239289962169E-005
 -2.071197605226707E-004
  5.575546067795727E-005
 -7.269796300550436E-007
 -9.872056121745778E-005
 -3.133395946808658E-005
  2.228709175070046E-005
  7.868851781213522E-004
 -2.389096720813096E-003
 -8.260676621139910E-005
  4.953351339796829E-003
  6.983095661383939E-005
  9.352774883833158E-006
  2.016086088816556E-003
 -4.788906888288809E-003
  2.099233868625369E-002
 -1.379773493705442E-002
  1.652789072614900E-004
 -1.760122769659159E-004
  3.061259024068327E-004
  1.092189893786393E-003
 -5.830188569941010E-004
  1.790664379104019E-003
 -2.651530266695997E-006
  1.416750365720010E-005
 -4.811644672261007E-006
 -2.681505570667253E-006
  8.676118558006927E-006
 -6.470443258313560E-006
 -3.030248592587848E-005
  7.312826634117137E-004
 -3.427914637764430E-004
  7.454838613893945E-005
  4.300003512157249E-005
 -1.273059771743812E-004
 -9.302825110763886E-006
  2.517609397500545E-004
 -6.524556102817557E-005
  2.457747625227422E-004
 -5.227424814004621E-005
 -1.052312314931434E-004
 -8.377182390815132E-005
  5.478403569199586E-004
  3.905582690945444E-004
 -5.855659055969169E-003
 -4.323290109182122E-005
  2.200801408054500E-003
  6.723740346740762E-005
  1.087456747748958E-005
  1.875334819263194E-004
 -8.185360442622120E-003
 -7.769999965877394E-004
  7.692794552617041E-004
  6.661072972587582E-004
 -3.064909428809521E-005
  6.037470690642615E-005
  1.788853080003922E-003
 -9.291675494216156E-004
 -1.210816521573906E-003
 -5.056617171275360E-006
 -2.586795003384797E-007
  2.162454466923722E-006
 -5.265586728098597E-006
 -4.913638233762848E-007
  9.343342012396277E-007
 -8.248447870327833E-006
 -1.923676397010440E-004
 -2.542323929184734E-004
 -1.682260651449511E-004
 -2.957934022309360E-005
  2.403039833519643E-004
  9.813341925295305E-005
  1.789981491793765E-005
  7.009264589199811E-005
 -2.693652638064524E-004
  1.135724183288037E-005
  4.994987336374732E-004
  1.565538173877264E-004
  1.772126108647197E-004
  1.128114464187260E-004
 -3.773994309494190E-006
 -7.183613246524656E-007
  4.715810961173370E-006
  2.375798966410580E-006
  3.946884366731957E-007
  1.398195343083610E-006
 -1.073751399635011E-005
  1.320388994054147E-005
  2.091425126559045E-004
 -2.624724501600598E-005
  2.964423443528949E-005
  3.698475901235609E-005
 -2.461749395323083E-005
  8.862603030725235E-006
  6.132414441089868E-005
  3.940604965731378E-005
  1.749159146591543E-005
  3.444643220237871E-005
 -1.901740811827980E-006
 -1.182535063895001E-005
 -3.157380595241294E-006
 -1.649959792398289E-005
 -1.552645556014023E-006
 -2.425924954946446E-006
  6.531665558921174E-005
  1.096750593059441E-005
  5.602242606220440E-006
 -6.309569262552345E-006
  8.272990796355570E-007
  6.832194236918384E-006
 -5.597228396022504E-008
 -2.404961660871004E-005
  8.089819508742416E-005
 -4.067504314051239E-003
  1.679838950541593E-004
 -1.250490258028145E-003
 -2.999488800192105E-005
  1.835566166270077E-006
 -2.191129622951045E-004
  1.285811232805363E-002
  3.889573147986834E-003
  1.250569325377173E-002
  4.030086716203652E-005
  1.618492955570691E-004
 -1.794463237144757E-004
 -8.532693418976297E-004
  9.543370535285932E-004
 -6.475288564626954E-004
  1.493793243836214E-005
  5.828289628509719E-006
  8.722252583954036E-006
  6.237222852372267E-006
  1.071376406382896E-006
  5.108479830177299E-006
  9.822718263873228E-005
  3.618749502932438E-004
  4.155345381255892E-004
 -1.053868216248156E-004
 -9.711115400983476E-005
  1.003128932621413E-004
  6.677688885511322E-006
 -7.668970989076914E-005
  9.870913273930431E-005
 -3.864040925557001E-004
 -2.206998881075080E-004
  1.462808846570412E-004
  8.297163140164491E-005
 -1.620029386145910E-004
  3.034324611540552E-004
 -4.125784841276891E-006
  1.447914585423437E-004
  3.424615835235566E-007
 -4.317009426904030E-005
 -1.326563131198991E-006
 -2.251230414731071E-007
 -6.139509211846176E-006
  1.617505692387943E-004
  2.441692300892867E-005
 -2.830041901241382E-005
 -1.139522142583648E-005
  1.751873294155066E-006
 -1.323504824293178E-006
 -3.026985757513613E-005
 -8.125186749764701E-006
  4.319463027932704E-006
  1.122790120047636E-007
  3.639575856314579E-008
 -4.313759573907872E-008
  9.820093923569468E-008
  1.835360033483353E-008
 -2.008588328940271E-008
  4.836325252309461E-007
 -8.021249369808453E-007
 -3.352693268419439E-007
  2.916849157604187E-006
  2.318881677728219E-006
 -2.162360832802986E-006
 -1.458868468558250E-006
 -5.528913545529685E-007
 -1.457980689045936E-006
  4.742090433034851E-006
  4.693538307201719E-006
 -4.068645032861744E-006
 -2.189480706837092E-006
 -3.839637717390026E-006
 -2.552609726197758E-006
  6.507059596405163E-008
  4.838208562851239E-008
 -4.229727404476509E-008
 -3.730733744538366E-008
 -1.202681955973663E-008
 -2.776325851866797E-008
  1.577015952186193E-006
  1.508378000370247E-006
 -9.132773610983593E-007
 -1.526901291228461E-006
 -2.211664757377980E-006
 -5.011466095773209E-008
  4.713908931571833E-007
  4.046283597336705E-007
 -5.277329478921227E-007
 -6.146380783838889E-007
 -3.330031559679544E-007
 -7.995346010876610E-007
 -9.474109501064493E-008
 -8.748802546309465E-008
 -1.204050747017358E-007
  2.050736577850724E-007
  8.657239365967451E-008
  3.878147110334102E-007
 -5.054790160104129E-007
  1.205498897599935E-007
 -1.146887786905957E-007
 -3.802670707390170E-007
 -7.510731108102780E-008
 -7.396718047032427E-007
 -1.624927777903268E-007
  4.150502735712186E-007
  8.835914068085910E-005
 -4.731858295497714E-005
 -3.159894570266179E-006
  3.403256682396425E-006
  7.273535649308823E-007
  3.566411361759692E-008
 -8.397476050195633E-006
 -3.030216388082598E-004
  4.904835754025095E-005
 -8.211233920727452E-005
 -6.024402393773640E-007
 -1.756091978780789E-006
  2.492276054325490E-006
  1.450349119003713E-005
 -7.903955126082292E-006
  1.394011924456170E-005
 -3.841943169038372E-007
 -2.513346343175448E-008
  2.661968170235341E-008
 -1.416899817948635E-007
  2.618274063031701E-008
 -4.313226403791226E-008
 -4.324348795705403E-006
  7.882868965512173E-007
 -4.009346013564546E-007
  2.174184686822256E-006
  1.711538614640463E-006
 -2.479099941395210E-006
 -6.993866658637174E-007
  1.605092008976321E-006
 -1.474798020958539E-006
  7.641562812904752E-006
  3.830585327267415E-006
 -5.191852568533305E-006
 -2.934798383482400E-006
  3.904809988856983E-006
 -4.706764429422353E-006
  1.073510753786842E-007
 -2.937227250688066E-006
  1.284330162861650E-004
 -2.012277087690412E-007
 -1.211346420779123E-005
 -7.520071721655444E-007
 -1.583792358473094E-007
  9.494324582198690E-007
  1.284442121058684E-004
 -1.192453021319690E-004
  2.354192486355652E-005
 -8.707460648804047E-006
  1.997514496447495E-006
 -2.195562672975390E-006
 -2.610929153199355E-005
  2.448587214312656E-005
  1.945554979598637E-005
  9.031289363379148E-008
 -1.594135217863822E-007
  2.505824646165493E-008
  8.205238298202637E-008
 -7.290890334536786E-008
  1.603860025706829E-009
  4.427838836922886E-007
  2.944892842707150E-006
  6.066409801680812E-006
  2.525606920999771E-006
  2.941248895028915E-006
 -3.098236909799304E-006
 -1.768010297411636E-006
  2.517153458855280E-006
 -7.575966235881352E-007
  4.994741541071272E-006
  6.280053892033087E-006
 -6.121006574271092E-006
 -2.924502485965421E-006
  4.055027824321283E-006
 -2.070239055105851E-006
  5.562552653917154E-008
  6.808555735740903E-008
 -6.188212229196656E-008
 -4.136510499035763E-008
  4.990148435362919E-008
 -1.426042154881390E-008
  3.448806298778562E-007
  6.805110886725534E-006
 -2.457625159793954E-006
  1.113513118037931E-006
  2.022649873687133E-006
 -1.458393747915787E-006
  3.221180637296753E-007
 -3.556928285307272E-007
 -6.512619021247219E-007
 -3.978961962477576E-007
 -7.035005819735783E-007
 -5.684579949412681E-007
 -6.645469621569938E-008
  7.953399891350478E-008
  5.550569171778253E-007
  1.905759677370724E-007
 -7.293356266861955E-008
  7.955551356248437E-007
 -9.368653426956456E-007
  2.047289671395092E-007
 -9.027488773627501E-007
  1.407172086634949E-008
 -2.643794119521927E-007
 -3.600008962184822E-007
 -2.416899768265354E-009
  4.322887463047093E-007
 -3.706338386071543E-005
 -3.698993728314690E-005
 -2.765423708677424E-006
 -3.860384705146447E-006
  6.660636332424584E-007
  2.162243390769227E-008
 -4.653186323596937E-006
 -2.225425729963735E-004
 -1.088669238460663E-004
 -1.408999376674148E-004
 -3.647414647034143E-007
 -2.042825087498608E-006
  1.568514878408823E-006
  1.485766099745366E-005
 -1.035537665999230E-005
  4.277725685686157E-006
 -2.516892099288656E-007
 -1.445062618549000E-007
 -9.672451553286406E-008
 -1.040235981700158E-007
 -3.635605538203239E-008
 -5.961944936319721E-008
 -1.583582456946628E-006
 -6.456424732789539E-006
 -6.318397660102820E-006
  1.559229327041027E-006
  2.166447557576235E-006
 -1.889456123287009E-006
 -1.176065203737454E-007
  7.456840205029168E-007
 -1.441622806667282E-006
  5.379304454603574E-006
  5.986513251596910E-006
 -4.090206565318840E-006
 -1.011479781267068E-006
  1.821230769590117E-006
 -4.367824673336506E-006
  7.209077812840913E-008
  9.542586465670456E-008
  3.462914103265726E-006
 -1.655878851533416E-004
 -6.489073897494326E-008
  1.996330872209474E-005
  1.033959881394499E-006
  2.189445025869263E-007
 -4.729987314337744E-006
 -1.877115005660037E-004
 -3.298061932843959E-006
 -2.714647249825443E-004
  1.194418312866518E-005
 -3.740110970118811E-006
  6.417232727939902E-006
  2.648177684985327E-005
  1.990347164416957E-005
 -1.904402976677858E-005
 -1.538117561669374E-007
 -3.390507838860249E-008
 -3.438568578314664E-007
 -1.178432856048682E-007
 -9.788914412359786E-009
 -1.247582109051842E-007
 -2.573883779278625E-006
  2.958803521188076E-006
 -1.471758393653177E-005
 -3.798357313164515E-006
 -4.165484409343065E-006
  5.213158778638269E-006
  1.744015170609737E-006
 -4.463040147011445E-006
  2.054342142554778E-006
 -7.139018354662934E-006
 -8.641005371175988E-006
  1.116271008178220E-005
  2.783859085386149E-006
 -6.718808260910685E-006
  4.355159269276785E-006
 -8.327209441207436E-008
 -8.623808723547477E-008
  1.091119570005789E-007
  4.607835210956102E-008
 -8.733961243060502E-008
  3.719374230251335E-008
 -2.420532827386677E-006
  1.599162333033160E-006
  1.223613653915151E-005
  5.481073626351989E-007
 -1.026645792860560E-005
  1.872425464751479E-006
 -3.604416857307745E-007
 -6.667437201176065E-007
 -1.528588445886858E-007
  4.355697650080602E-007
  1.580991258097877E-006
  6.457552921842634E-007
  1.784856997014305E-007
 -1.097191019078848E-006
  1.312866210133149E-007
  4.166832878891778E-007
  3.140594721144947E-007
 -2.934517659880040E-007
  9.196861306888202E-007
 -6.236080912419192E-007
  1.225244525290635E-006
 -3.185703251015648E-007
 -9.699442934183568E-008
 -4.920990977929142E-009
  5.844350540135110E-007
 -3.049217132369637E-007
  6.549563256188655E-005
  4.531859944105745E-005
  4.080553341677095E-006
 -2.445780843793156E-007
 -1.057221061399021E-006
 -4.878843386497386E-008
 -6.669712026168242E-006
  3.238974956955406E-004
 -1.267497350098852E-004
  5.414963985316116E-005
  9.823774514344656E-007
  1.717220861776826E-006
 -3.220859087126694E-006
 -2.228623311048539E-005
  3.664604679998792E-006
 -4.594361221833582E-006
  3.694112491478310E-007
 -8.846833274469833E-008
 -3.452376964001951E-008
  1.512370042067799E-007
 -5.550758177278546E-008
  2.886934819875406E-008
  2.995688861799713E-006
 -3.167587190421248E-006
  5.907760418314669E-006
 -2.260443529039738E-006
 -1.869753809112677E-006
  4.332259340486831E-006
  9.111513883201971E-007
 -2.023995119082297E-006
  1.349292140719541E-006
 -7.900009830509994E-006
 -4.226311771591957E-006
  1.117309580772013E-005
  3.410453983666353E-006
 -5.359402474231954E-006
  4.489555846843641E-006
 -1.033636217765734E-007
 -8.342408049446016E-008
  1.940870287498092E-007
  1.504140836755947E-006
 -6.266414146762950E-005
  8.578346983220484E-008
  2.091094048831911E-005
  4.959983644119538E-007
  7.786468912954122E-008
  4.689476623928395E-006
 -7.001972895981678E-005
 -1.775332219955272E-005
  1.930547062274138E-005
  3.392008884815396E-006
 -1.431734705409546E-006
  3.990461714966973E-007
  9.407801007989653E-006
  2.159895019591962E-005
  1.494349653731947E-005
 -5.614000129388688E-008
 -3.809229196226490E-008
  1.044194827409550E-008
 -4.182460842952890E-008
 -1.341185576519436E-008
  6.407222575719738E-009
 -4.492857006803969E-007
  3.469580774831131E-006
  5.178690192150049E-006
 -1.256001323018663E-006
 -2.100914468295269E-006
 -1.549949107666170E-006
  5.174978672394678E-007
  5.273418123464440E-007
  7.385034557791951E-007
 -2.298059382921794E-006
 -5.198584260922196E-006
 -3.670305985294744E-006
  9.422820216822075E-007
  1.652934652762436E-006
  1.355777361239586E-006
 -2.701829900226615E-008
 -4.260457131515437E-008
 -3.008214447110387E-008
  1.367148421692431E-008
  1.103942543799843E-008
  1.334681478534183E-008
 -1.864964805155642E-006
 -1.261069354051568E-006
 -2.699665351659829E-006
  2.543066270333556E-006
  2.370799305849391E-006
 -6.781014651779142E-007
 -2.173746096698389E-007
 -5.374969124443972E-007
 -4.525715281564299E-007
  1.354042465676125E-007
  3.728654589106696E-008
  5.167195824419041E-007
  1.201025773258717E-007
  2.817567785103843E-007
  1.771891804667821E-007
  5.693824988201518E-008
 -1.023394074535975E-007
 -4.317419958648412E-007
 -2.969200005429384E-007
 -4.138281204669319E-007
 -2.797448329293730E-007
  7.208463428277244E-007
  6.315481579535473E-008
  4.467802707562785E-007
  2.422775484787770E-007
 -4.995342340444669E-008
 -6.498821146781884E-005
  4.127296039017853E-005
  9.409108358170031E-007
  2.464935964445930E-005
 -3.281616927573514E-008
  7.825279750240042E-009
  1.329669288505303E-005
  1.302599220543978E-004
 -9.175955356261481E-005
 -1.410955287007436E-004
  1.098893018725851E-006
 -7.404117234008741E-007
  2.634734575380765E-007
 -4.763947373331017E-007
 -8.703303379932664E-006
 -1.401167405156636E-006
  1.910648918153458E-007
 -6.811431895250086E-008
 -1.572994387424405E-007
  5.785117073305664E-008
 -3.363050170702550E-008
 -5.085648176873360E-008
  3.156922961401896E-006
 -5.929492580878942E-006
 -7.244150171565696E-006
 -6.947189782074586E-007
 -2.144106568852343E-007
  9.165159137819710E-007
  7.625591761981365E-007
 -1.915329931499817E-008
 -6.784019799067791E-008
 -2.485878028054257E-006
 -7.229599648848180E-007
  3.338194138778063E-006
  2.215717231033496E-006
 -6.166877913468043E-007
  2.701607970207612E-007
 -3.595412751715740E-008
 -6.867592254889275E-009
  3.755574087799615E-008
  3.489387228792226E-008
 -2.149193463667244E-006
  3.972214746674213E-005
  4.231860218637721E-007
 -1.994069424140864E-005
 -1.516949000956482E-007
 -5.917866882811706E-008
  1.156769878111665E-006
  3.116053412863685E-005
  1.316422373760840E-006
  3.012051575786128E-005
 -9.304636462288020E-006
  7.081632860456041E-007
 -1.150558242714578E-006
 -1.004956432601995E-005
 -5.005811190094490E-005
  1.547004561407016E-005
 -1.130632462163227E-009
  5.990925253032780E-008
 -3.643736862053089E-009
  2.269688623900916E-008
  1.047098073098195E-008
  1.738865355044090E-009
 -8.695560306922964E-007
 -7.501099718337985E-006
  9.039089202356753E-006
  1.596713642940295E-007
  6.376029988153129E-006
 -5.265309728631636E-006
 -8.559477813530821E-008
  1.162586818099282E-006
 -7.407658615872123E-008
 -3.084370043810356E-006
  1.722232174398215E-005
 -1.078314335537977E-005
  2.053091596612822E-006
  7.721661486965216E-007
  1.031278447197534E-006
  7.686013235078860E-009
  1.283134928648087E-007
 -1.025045631409567E-007
 -4.467535148598005E-009
  2.335141886123002E-008
 -3.218478086480855E-009
 -2.934725471250505E-006
  6.362412802126457E-006
 -6.158188559177964E-006
  3.263964693977752E-006
  1.006749057676797E-005
 -3.292392227272470E-007
 -2.239082202107537E-007
  1.545132553646310E-006
 -1.168767373556762E-006
  4.723790045358021E-007
 -1.133782185933228E-006
  1.993456560964591E-007
 -4.032540464095576E-007
  4.056793695588661E-007
 -3.353704144176369E-007
  2.543626679992987E-007
 -7.944263326445078E-007
  5.641129504762483E-007
  2.367838089233095E-007
  1.123455816826144E-006
 -4.187275073941431E-006
  1.259823181107380E-006
  3.137503187890217E-008
 -1.816359209161823E-006
 -6.582380461129549E-007
  5.265251334128378E-007
 -1.207720993075484E-004
  8.709177035871235E-005
 -2.383870502259168E-006
  1.170159302173550E-004
  1.333217450442927E-006
  9.733599411999922E-008
  5.054062561379776E-005
 -8.896644267425034E-005
  3.995548519433159E-004
 -3.680686227179284E-004
  2.468019113200065E-006
 -4.775789783031359E-006
  7.614955934734840E-006
  2.364261496901152E-005
 -1.708506200817703E-005
  3.859304805414272E-005
 -7.033059739869439E-009
  3.046499987728492E-007
 -2.514366707165478E-007
 -5.438588518189527E-008
  1.654954513071525E-007
 -1.618829198424469E-007
  2.584601999955886E-007
  1.239685996910872E-005
 -9.838958656565702E-006
  1.683415949962773E-006
  8.949087480279173E-007
 -2.311582160292686E-006
 -4.692792639658231E-008
  5.241364228762797E-006
 -1.636488023566191E-006
  6.027997310051191E-006
 -1.217379130541842E-006
 -6.330304525277051E-007
 -1.684509569906033E-006
  1.112815375529764E-005
 -4.343487740145158E-006
  7.432242525258650E-008
  4.377572375083122E-008
 -1.060265234479557E-007
  2.624565952448794E-009
  2.511088100733364E-007
  2.621644004520943E-006
 -8.212731707471423E-005
 -4.282450533557614E-007
  2.225915378072120E-005
  8.305647667870367E-007
  1.472583523435659E-007
  1.450032587917782E-006
 -9.173084027897752E-005
 -6.663600809375944E-006
  8.994948389672434E-006
  8.003212541021086E-006
 -3.201385887455204E-007
  9.244586527964809E-007
  2.086205656714648E-005
 -1.347376344615492E-005
 -1.926295956525217E-005
 -5.613901071087675E-008
  1.696533399119118E-009
  3.269564746498322E-008
 -5.637633080616578E-008
 -4.941744569639175E-009
  1.367866071368297E-008
 -3.434682455054916E-008
 -2.667455837850286E-006
 -4.843420865308105E-006
 -1.660847834585524E-006
 -2.179672094329496E-007
  3.712309940469156E-006
  9.413706013187825E-007
  2.554954220652457E-008
  7.194772332667412E-007
 -2.444031050113056E-006
  5.050459537204769E-007
  7.738951018156488E-006
  1.247198685154885E-006
  2.186703064627591E-006
  1.196832364958172E-006
 -3.805229696178549E-008
 -5.777514313358028E-009
  7.237941851586896E-008
  2.363585322845935E-008
  9.873941217381931E-010
  1.441644373332614E-008
  2.879488529694489E-007
 -2.473086463186798E-007
  3.612942712758188E-006
 -1.016164979105095E-006
 -1.591345484714101E-007
  7.282161261356463E-007
 -2.540162834873444E-007
  1.328685527107266E-007
  9.803044760485525E-007
  4.792338318162763E-007
  2.957166100768874E-007
  2.828150186457569E-007
 -2.536148231522672E-008
 -1.942687530472897E-007
 -5.678410576504640E-008
 -2.620119076670876E-007
  1.576701379392299E-008
  4.392728483143097E-008
  8.023990165533516E-007
  2.932782307069384E-007
  3.944336116199687E-007
 -3.405792720887074E-007
  1.195249528567309E-008
  2.928915339469643E-007
 -7.978477068845023E-008
 -3.650968501667719E-007
 -2.337092921304026E-005
  6.045622564798606E-006
  2.218983734449176E-006
 -2.805261632685573E-005
 -6.945373956551472E-007
 -4.348939336783696E-008
 -4.899216834857398E-006
  1.727617167538619E-004
  4.271119602236387E-005
  2.232078679080181E-004
 -4.964527793484867E-007
  2.496503702181663E-006
 -2.755749511863566E-006
 -1.402709645270403E-005
  1.660725850601496E-005
 -1.253895183940506E-005
  1.931294250884913E-007
  9.324778238425534E-008
  1.306797570400871E-007
  8.383881106180689E-008
  7.447761076708488E-009
  9.398874580664586E-008
  1.167425834303508E-006
  5.141205684327725E-006
  7.645084772922150E-006
 -1.479465708614798E-006
 -1.497127957755229E-006
  1.562584027613239E-006
 -6.317251033441899E-008
 -1.585938709661323E-006
  1.542638218949217E-006
 -5.155684784850497E-006
 -3.107625362382597E-006
  1.853658429755241E-006
  7.190811524489049E-007
 -3.288122197510178E-006
  4.436603632401592E-006
 -7.139694786152677E-008
 -6.522318587351986E-008
  6.580788089857728E-008
  1.060255229235137E-009
 -7.694699120503528E-008
  7.033669263229163E-008
  1.551104679123993E-004
  4.475718557078191E-003
  5.302149300990246E-005
 -3.099487848672473E-003
 -5.907446528495198E-005
 -8.857610213154950E-006
 -6.175217637690781E-004
  1.059142469040109E-002
  2.413611295027879E-003
 -3.644418079505285E-003
 -6.356622462609163E-004
  8.994408405265918E-005
 -1.106393900331774E-005
 -1.735666200301525E-003
 -7.160037002304074E-004
 -6.388560445234309E-004
  8.186999438068166E-006
  4.082943813194184E-006
 -4.588427822333872E-006
  6.507703498292014E-006
  1.430936295215498E-006
 -1.676639478142789E-006
  3.990848917374872E-005
 -8.583075081290260E-005
 -3.855838766969761E-004
  2.009415061357796E-004
  1.551528761974560E-004
 -7.189427394599212E-007
 -1.227544613349686E-004
 -1.105661296529973E-004
 -7.818704480081092E-005
  3.638143477057437E-004
  3.297473952337859E-004
  2.893739613989853E-005
 -2.362486591821623E-004
 -3.494052807209989E-004
 -1.275656885235814E-004
  4.537090721481381E-006
  3.157257326212163E-006
  1.014786468078537E-008
 -2.914872766080309E-006
 -2.269308280156477E-006
 -1.622217955401073E-006
  1.787309575398951E-004
  5.091909315575404E-005
  1.565145635010556E-004
 -2.247176982334792E-004
 -3.533303858442149E-004
  4.598674069358407E-005
  2.677989822101175E-005
  2.464264871289308E-005
 -2.651223342653561E-008
 -2.088995325720502E-005
  4.613487675520834E-006
 -5.944974140583022E-005
 -4.528953490664574E-006
 -1.707228182757383E-005
 -1.105578824089936E-005
  5.699598020333454E-006
  5.296986056146606E-006
  3.180718933759901E-005
 -1.899633088678766E-005
  4.315869506492818E-005
  5.073723011911108E-005
 -5.904965323336800E-005
 -6.034735996557801E-006
 -2.053378791416088E-005
 -1.370298134792561E-005
  1.317670626698284E-005
  3.106593436911524E-004
 -5.531255345210774E-004
 -1.672570839807569E-004
 -1.392142270510534E-003
  1.915422609539212E-005
 -2.237927712956125E-006
 -1.165305573179249E-003
 -1.623877383427416E-002
  2.907688918813048E-003
  4.482503018315463E-003
 -1.220148470719660E-004
 -3.022460636108584E-005
  6.909269413750313E-005
  2.897005831398459E-004
  9.457507081791122E-005
  4.096696500419371E-004
 -2.036132677099736E-005
  1.856861896290391E-006
  4.991614722425293E-006
 -7.387064636467581E-006
  1.210801542469121E-006
  1.347802350068680E-006
 -2.949348218983216E-004
  1.645028920893453E-004
  3.841702745666066E-004
  1.008561913428199E-004
  6.155254126610020E-005
 -1.027651471080923E-004
 -5.773972908410621E-005
  2.340002941671260E-005
 -4.311646225871373E-005
  3.710476463342072E-004
  1.647401557765767E-004
 -2.825122831058016E-004
 -2.004860470551374E-004
  8.440378336080287E-005
 -1.705615992790697E-004
  4.598085221258882E-006
  2.637564661266363E-006
 -4.476852457529600E-006
 -2.454524072904487E-006
  1.555009908959911E-006
 -2.143561148354395E-006
  2.718553810321002E-004
  5.504129115392072E-004
 -2.527722512452329E-003
  4.177653360936640E-005
  1.557918464599872E-004
  5.709701660798070E-006
  5.544353297090314E-007
 -1.010260453701086E-004
  4.260648707570567E-003
 -4.331497470830751E-003
 -2.526254543785279E-003
 -8.381045278399207E-005
 -5.028777803897119E-005
  3.077298913018689E-005
 -7.756859141936183E-004
  4.311678142340416E-003
  1.029119830631099E-003
  4.427687389205510E-006
 -8.151099008211232E-006
 -3.730260898215813E-006
  2.482425625853521E-006
 -3.421414802878561E-006
 -1.279543273710299E-006
  2.843964210356243E-005
  6.535957556955997E-004
  6.279002724184563E-005
  8.581845045659378E-005
 -1.922204996932799E-004
 -8.365142832120242E-005
 -1.058857212243841E-004
 -1.520332421068941E-005
  2.006727076779033E-005
  2.977410437401965E-004
 -5.899997297043563E-004
 -1.912191228523250E-004
 -2.811011223579770E-004
 -5.853574546120160E-005
 -1.663992138221959E-005
  2.014679583010279E-006
 -3.600629403618047E-006
 -1.582505463587047E-006
 -2.189415410734109E-006
 -3.125191791087183E-007
  1.747358277238304E-007
  7.235946592428069E-005
 -1.487174547274526E-005
  1.285041032547756E-005
 -3.522657522823397E-006
 -3.961279560347341E-004
 -6.883680840145728E-005
  9.285396713016512E-006
 -1.035759143134340E-004
 -3.282517584609406E-005
 -1.513040624059823E-005
  2.960621914589742E-005
 -1.272578389845130E-005
  2.062824968824768E-005
  2.015220942297657E-006
  4.169116524869096E-005
  1.026998496793213E-005
  1.215008270676812E-005
 -7.232954393522377E-006
 -7.919167607116781E-005
 -2.497665521141144E-005
  1.176020631257563E-004
 -1.147359290889292E-005
 -1.133037056872616E-005
  7.483184091987252E-005
  4.122406609970086E-005
  1.453278383765099E-006
 -2.534629032511346E-004
 -4.951996984928496E-003
 -2.931413506140224E-005
 -2.278671039726736E-003
  1.833831253195708E-006
  9.902514611222727E-007
 -1.612416765348116E-003
 -3.991664551657189E-003
 -2.384759084479004E-002
 -4.589299541139734E-003
 -1.737559051548231E-005
 -8.575537066940730E-006
 -1.263323478140441E-004
 -1.514708001494388E-004
 -7.429261639154375E-004
 -7.610315054537721E-004
 -4.677914398841876E-006
 -2.201492717046204E-005
 -5.638275435315371E-006
 -1.480272839315761E-006
 -8.982668123133807E-006
 -1.468917644231056E-006
  1.379158238848832E-005
 -1.117145785638894E-003
 -3.215859160512578E-004
  1.498934388632814E-006
  7.586549555349125E-005
  2.535570550709173E-005
  3.708536707185380E-005
 -1.148429552631061E-004
 -3.858430146048662E-005
 -8.473441880278629E-006
  3.039170169048893E-004
  2.366591443585819E-005
  1.138541872324651E-004
 -2.718329375403973E-004
 -1.053807453521865E-004
  1.466478076874032E-007
  3.206505585352132E-006
  1.360690265720424E-006
  1.308507569802003E-006
 -5.183834614899229E-006
 -1.455155377489406E-006
 -2.250187387808480E-006
  4.345284767753056E-004
 -1.369094743317187E-004
 -6.063367790382158E-004
 -2.545294366103121E-006
  2.537262403699618E-004
  2.778954121520707E-006
  7.724722299170057E-007
  1.381561768885435E-004
 -4.134186640545234E-003
 -5.123272066890834E-004
 -3.481469030562593E-003
  1.139460566256730E-005
 -8.171019009243885E-005
  7.647905937679510E-005
  2.140424438949719E-004
  1.904154937759006E-005
  8.010547066408731E-004
 -4.756399253285184E-006
 -9.566269891607184E-007
 -5.719467931012689E-006
 -2.331590362770850E-006
 -1.725509192511542E-007
 -2.150773120251236E-006
 -8.724788131950942E-005
  2.152055940291136E-005
  1.805278829928947E-004
 -7.985182746374633E-005
 -1.726450170656947E-005
 -1.090932818579591E-004
  4.872398413948327E-005
 -2.123771713415664E-005
  3.112784332426306E-005
 -2.432786521394416E-004
  4.526096471334363E-006
 -2.291303528968679E-004
  1.476888788950742E-004
 -3.633266369786471E-005
  9.558977324436740E-005
 -1.730354897416304E-006
 -3.560273813151569E-007
 -2.010254387528134E-006
  1.143945544786690E-006
 -3.764651069261931E-007
  5.864093526296139E-007
 -1.913882545727457E-004
  1.152252526248619E-004
 -4.554819409560014E-005
  1.955227314890815E-004
  1.654123042012772E-004
 -4.134476916335777E-006
 -8.896779311775569E-006
  5.894596040891990E-006
 -5.494831878852559E-005
  1.906958989171997E-006
 -3.271465975143186E-006
  2.478337894615471E-005
 -2.190874503899687E-006
 -1.799047050924891E-006
  6.780274708070718E-007
  1.891578861315016E-005
 -8.090994466340130E-006
 -8.709524189451696E-006
  1.117124455676616E-006
 -2.220162190772429E-005
 -8.587904935548260E-005
  4.647460530674469E-005
  2.013198341640832E-006
 -3.260778439083493E-005
  2.669929164529199E-006
  1.049688664505277E-005
  1.539001756870717E-004
  6.306941977316463E-003
  3.312729579396136E-005
  3.501740835040264E-003
  3.847920628634635E-006
 -2.407942603171659E-007
  1.588098828493025E-003
  5.940386289030266E-003
  2.586035358020202E-003
 -1.378813894096290E-002
  9.074745068158341E-005
 -1.211979345181230E-004
  1.406106579969345E-004
  3.148530623952199E-004
 -7.058235764683484E-004
  7.679906640250785E-004
  8.609898781811278E-006
  8.517628030542585E-007
 -1.144144588853104E-005
  2.264442208600098E-006
  1.200925601129130E-006
 -5.448423461390512E-006
  1.518803587645166E-004
 -3.823083223157995E-005
 -4.355105998085992E-004
 -5.439267161421651E-006
 -4.352994519281713E-006
  4.082253795875726E-005
  3.723507838587850E-005
  8.638617872441741E-005
 -3.179581122445684E-005
 -1.135711814180730E-005
 -8.538047963964592E-005
  2.675005930032149E-004
  7.611688549004805E-005
  1.481047801303686E-004
 -6.475976734824076E-005
 -3.580195489971206E-007
 -3.501146308367034E-008
  1.694071739415398E-006
  1.669056026782644E-006
  4.117977137454701E-006
 -1.311036477785523E-006
 -9.760338166150255E-005
 -4.007452210792780E-005
  1.923660141544889E-004
 -2.376832148482631E-004
 -2.317579058092504E-003
 -1.460784492622448E-005
  1.284439237476712E-003
  2.330674381955865E-005
  3.653560057259684E-006
  2.540782943877929E-004
 -4.038974883350343E-003
 -7.290421610187847E-004
  1.534661276818721E-003
  2.635506452349293E-004
 -5.375791618308852E-005
  7.872583599453802E-006
  6.427834987004120E-004
  9.241691014875698E-004
  4.515520554243648E-004
 -3.085239420212317E-006
 -1.957114251530394E-006
  1.898021629379365E-006
 -2.483934592758582E-006
 -5.274104676567084E-007
  7.078945863315176E-007
 -1.087429319785451E-005
  1.418227299376396E-004
  1.840206048795420E-004
 -7.268766491833956E-005
 -1.239300099882321E-004
 -1.587456288746404E-005
  4.126288430134325E-005
  3.512007925301072E-005
  3.142478061699631E-005
 -1.135087202265347E-004
 -3.067501588514604E-004
 -5.260488867412078E-005
  6.696039349848461E-005
  1.159427670792175E-004
  4.654832672805005E-005
 -1.647252042928858E-006
 -2.513206872405026E-006
 -3.251772168148587E-007
  1.004918412760636E-006
  7.246394650632940E-007
  6.423336301682216E-007
 -6.536339730826794E-005
 -9.592894439618973E-005
 -8.835022531375959E-005
  9.266129378713713E-005
  9.222093898519690E-005
 -2.729789647886917E-005
 -9.120297805652952E-006
 -2.611610653699308E-005
 -4.440510449786656E-006
  3.225825644807552E-006
  4.283268013060563E-006
  2.413506777215130E-005
  6.189419519856359E-006
  1.017013376999824E-005
  7.547847977424001E-006
 -1.909874440070528E-006
  1.371386470054861E-006
 -2.231609726979723E-005
 -5.379246505590189E-006
 -2.856928534546319E-005
  5.347752143610223E-006
  2.445512593529861E-005
  3.351785439439554E-006
  2.538586602174891E-005
  1.226074095147856E-005
 -6.668873172052908E-006
 -3.290881075420799E-004
  3.463767809570087E-004
  6.923346169767459E-005
  2.580368465822948E-004
 -1.100675331890811E-005
  4.138869418975353E-007
  3.002585789079508E-004
  6.730688873390085E-003
 -4.947489859392151E-003
 -2.499374985845774E-003
  4.154082384721435E-005
  1.443002272809017E-005
 -4.828067670274505E-005
 -1.691057053971136E-004
 -1.509468172918347E-004
 -3.300815667017426E-004
  8.373182275969896E-006
 -3.859676222566242E-006
 -3.135351730153544E-006
  3.098325901897530E-006
 -1.928924814952154E-006
 -7.010267170289861E-007
  1.345559537097396E-004
 -2.475217959422332E-004
 -2.178582264758027E-004
 -4.488517785744386E-005
 -2.132965779849755E-005
  5.071112312621091E-005
  3.031987171975719E-005
 -3.121258032316000E-005
  1.456530613768668E-005
 -1.640559319387568E-004
 -4.274315910096238E-005
  1.292284820085381E-004
  1.029817072701622E-004
 -8.627765747322678E-005
  6.107422466859467E-005
 -2.087557223804873E-006
 -9.021527292315546E-007
  2.208390450278566E-006
  1.288416166403003E-006
 -1.556596596947114E-006
  7.991410574018700E-007
 -1.213461289641222E-004
  5.757666811813667E-005
  3.683992290415192E-005
  6.332995352420442E-005
 -3.675738280786297E-004
  3.159347298746521E-003
 -6.731678960750639E-006
 -1.099327197985030E-003
 -2.422304900809376E-005
 -3.586512762510537E-006
 -2.774533229934066E-004
  4.069642115117767E-003
 -4.668187999856409E-004
 -1.956147444395950E-003
 -1.691724101422440E-004
  8.169347737268186E-005
 -7.144315762652528E-006
 -5.713319262889193E-004
 -7.698160178082362E-004
 -9.170612093116993E-004
  3.149857259913247E-006
 -7.604695924935250E-008
 -1.383880797283497E-006
  2.521832545643209E-006
 -2.383319507105258E-007
 -7.223109244709390E-007
  2.274838313505404E-005
 -1.408694738116774E-004
 -3.616276434705836E-004
  8.044730646309244E-005
  1.169945501894160E-004
  1.215505316761652E-004
 -4.302791066675157E-005
 -2.570698483715662E-005
 -3.741939579634087E-005
  1.629902084236443E-004
  2.862157687914682E-004
  2.830408706626302E-004
 -8.727599511514759E-005
 -6.083125421280336E-005
 -7.571421330849675E-005
  1.716312326200048E-006
  2.469078649588852E-006
  2.363493444551166E-006
 -1.037357065150076E-006
 -5.340954169396033E-007
 -6.789552610499719E-007
  1.138095176749055E-004
  1.299527303852616E-004
  2.293062592844015E-004
 -1.521787402160701E-004
 -1.903523761662276E-004
  3.836922254116452E-005
  1.344221523797135E-005
  1.870129621361359E-005
  3.029783787890893E-005
 -7.137183638117882E-006
  3.368799729602218E-006
 -3.318946207579616E-005
 -5.507773398544629E-006
 -2.211954661509965E-005
 -2.177976017979707E-006
 -2.726097087936426E-006
  7.760171208936526E-006
  3.135424651902262E-005
  1.342195081397937E-005
  2.733772373887334E-005
  3.219502801806354E-005
 -5.061823736568292E-005
 -6.824747094959040E-006
 -1.725724912852708E-005
 -1.088000523414550E-005
  1.278432771515904E-006
 -1.148856024679339E-003
 -1.173841715437658E-003
 -5.791727753348028E-005
 -2.140085094749450E-003
 -4.826370619543058E-006
 -2.677398061294035E-006
 -1.006004783961177E-003
 -6.523026469578362E-003
  2.218659156984217E-003
  1.000564132391486E-002
 -9.996986621549743E-005
  5.607502483715976E-005
 -4.931014054681753E-005
 -1.241435293109570E-004
  6.161440154169988E-004
 -1.770499919041769E-004
 -8.948002665939607E-006
  2.954570724141695E-006
  7.305118523420114E-006
 -2.815921120501121E-006
  6.327806363329130E-007
  3.834728886860083E-006
 -1.666505121048534E-004
  2.430322715458328E-004
  4.682920919048245E-004
  2.805884119162544E-005
  1.021899775973584E-005
 -2.910138022625799E-005
 -4.184313737094351E-005
 -3.711690808432180E-005
  1.378429617931807E-005
  1.066003807413794E-004
  6.476494821704593E-005
 -1.620130329209553E-004
 -1.146682941432004E-004
 -4.873851237294257E-005
  8.067913401821053E-006
  1.188959366123315E-006
  4.231837178977706E-007
 -1.357889131712835E-006
 -1.694071296621143E-006
 -1.480749534807262E-006
  5.051119304978284E-007
  1.237588333744064E-004
 -2.489834185211516E-005
 -1.127080081808213E-004
 -5.909688722607359E-005
  1.079070328396337E-004
  8.257274693586385E-005
 -2.158139498985688E-003
 -3.841364808367798E-005
  1.815048611195761E-003
  3.576772146539333E-005
  5.204050155895267E-006
  3.634434693812852E-004
 -6.552449807050750E-003
 -1.684569134009094E-003
  2.109756802686563E-003
  3.721116010259871E-004
 -3.618616786957067E-005
  3.191355403863942E-006
  1.092882701601113E-003
 -2.081654012571624E-004
  1.873039890990661E-004
 -5.101760017855849E-006
 -2.125829561663790E-006
  2.690406192954507E-006
 -4.023768905533432E-006
 -9.035258275587894E-007
  9.687448918112717E-007
 -2.903419597589421E-005
 -5.599197912473702E-005
  2.015632718174341E-004
 -1.282538412174400E-004
 -3.122286620922391E-005
  1.659350562692396E-005
  8.149157703362540E-005
  7.544605039998658E-005
  4.676226418381461E-005
 -2.503056274792090E-004
 -2.299723638232562E-005
  2.366749253422224E-005
  1.692882656836777E-004
  2.334625136417814E-004
  8.101736179553129E-005
 -2.889838678552524E-006
 -6.440504538071366E-007
  3.150293521340734E-007
  1.909954353319673E-006
  1.544668815093183E-006
  9.798843252328510E-007
 -1.133675602316271E-004
  4.500985124043569E-005
 -6.816433818729596E-005
  1.320564044463420E-004
  2.611094468590180E-004
 -1.868884421471489E-005
 -1.765960041535880E-005
  1.473457824100002E-006
  4.467022683213192E-006
  1.766412761239748E-005
 -8.896755688581397E-006
  3.531467363367892E-005
 -1.660466029191785E-006
  6.902148057575587E-006
  3.507940263475354E-006
 -3.789723580262927E-006
 -6.668372526201467E-006
 -9.491092067801785E-006
  2.437557739237784E-005
 -1.458940971946498E-005
 -5.608498226272130E-005
  3.459452729806939E-005
  2.682950557118247E-006
 -4.852078107588038E-006
  1.442240396447044E-006
 -6.507833094929935E-006
  1.842876385092748E-005
  2.067487535640687E-004
  9.802362228308236E-005
  1.134105423928239E-003
 -8.147472776484016E-006
  1.824040771058589E-006
  8.650469942712976E-004
  9.508084960884072E-003
  2.039800940579104E-003
 -1.983128032469689E-003
  8.047402322475169E-005
  1.579458363299566E-005
 -2.081201743475808E-005
 -1.205948777427322E-004
  5.637174647392347E-005
 -7.958808334019451E-005
  1.198814449502746E-005
  2.002814326275850E-006
 -1.856262992271749E-006
  4.288738734570050E-006
  7.181232724830335E-007
 -6.467756330396940E-007
  1.603788681885819E-004
  8.301890385288788E-005
 -1.663120480908039E-004
 -5.597101348537607E-005
 -4.022288346760266E-005
  5.205402398188142E-005
  2.741985736434901E-005
  7.812550906447403E-006
  2.855115612102706E-005
 -2.069917143954503E-004
 -1.219969966756143E-004
  1.532838010972634E-004
  9.750433978497530E-005
  1.873874112423913E-006
  1.094873746104750E-004
 -2.510527997454009E-006
 -1.735411932034808E-006
  2.268462007251035E-006
  1.166107906501485E-006
  1.586687987202291E-009
  1.344420090952525E-006
 -1.505092520679780E-004
 -5.532648073032819E-005
  6.076345875735062E-005
  5.801617543991773E-005
 -6.466194614833279E-005
  9.249307662806031E-005
  8.397519245002138E-005
 -6.823236330716588E-004
 -6.313636155013115E-006
  4.081060028504206E-004
  9.278701384684447E-006
  1.278172424389649E-006
  6.588968579314319E-005
 -1.316499202271367E-003
 -3.000128520313125E-004
  3.927254769851792E-004
  8.383149966712251E-005
 -8.698602503286344E-006
  1.643877397591646E-006
  2.446147760416033E-004
 -1.329992053574455E-006
  2.727780629083455E-005
 -9.004557668425158E-007
 -3.518589618622729E-007
  4.559317999373916E-007
 -8.533565974148987E-007
 -1.763880707296169E-007
  1.906547378768730E-007
 -3.803763316647924E-006
 -5.621871546093800E-006
  3.796924788383108E-005
 -2.867077025109970E-005
 -9.204019493123275E-006
  3.013850072980370E-006
  1.642597977260350E-005
  1.271702272754296E-005
  1.224479047849620E-005
 -5.179160278846258E-005
 -1.286934420563997E-005
  3.590496450902585E-006
  3.182816813895345E-005
  3.889314923673690E-005
  1.996343464950914E-005
 -6.296019541416287E-007
 -1.963559134488911E-007
  6.248660893326608E-008
  3.893135372808782E-007
  2.602468015249467E-007
  2.402884168607505E-007
 -1.856320944272116E-005
  6.710632550098496E-006
 -1.478876831252892E-005
  2.323444644871895E-005
  3.954862621940108E-005
 -4.671237005997791E-006
 -4.382494914145749E-006
 -8.901297425627784E-007
  9.447300154608552E-007
  5.020021023144223E-006
 -8.542331981155198E-007
  8.127463719293023E-006
  1.686585647976628E-008
  1.613352463405711E-006
  8.395321731234795E-007
 -8.526941596221888E-007
 -1.742279811392486E-006
 -2.599447399330968E-006
  5.281548065898253E-006
 -2.274946809347345E-006
 -9.313214052773398E-006
  7.501786243524805E-006
  3.942553882175852E-007
 -6.894798635040941E-007
  1.416681234678212E-006
 -1.530689400798053E-006
  5.431230823669138E-005
 -8.033204198366215E-004
  1.948081808036505E-005
  2.220627001966576E-004
  1.208879066400800E-006
  1.078364328606325E-006
  1.203061929392427E-004
  1.779106243624958E-003
  2.929201521318413E-004
 -4.875013522116671E-004
  2.357739811925214E-005
  4.105766432663259E-006
 -6.082081771531671E-006
 -2.551535004139970E-005
 -9.849703474306912E-006
 -2.049727036005133E-006
  2.363378199369040E-006
  1.790508694622236E-007
 -2.441736647838170E-007
  8.244654656701046E-007
  1.268122991506859E-007
 -2.010176996767364E-007
  2.857125696730640E-005
  8.776636644852236E-006
 -3.548362615811220E-005
 -1.122034041283551E-005
 -6.625111109536581E-006
  8.665819292488660E-006
  6.246958958612894E-006
  3.231238078850048E-006
  4.973381454222621E-006
 -4.422689285090813E-005
 -2.149898600357205E-005
  2.773301806801027E-005
  2.246233207170047E-005
  3.637712242659121E-006
  2.176456077920766E-005
 -4.568564033627012E-007
 -3.081883362597409E-007
  4.192874885107107E-007
  2.292599466377595E-007
  8.886361364814222E-009
  2.275964567249417E-007
 -2.927016370610895E-005
 -6.490922987490622E-006
  1.021779449150165E-005
  1.142227423091538E-005
 -1.372068950565607E-005
  1.784788947519357E-005
  3.978274561464635E-006
  4.221144491551150E-005
 -3.966829957600635E-004
  3.587387654506896E-006
 -1.325488233758801E-004
  1.577325489090478E-006
  3.649434203233392E-007
 -4.357149647842773E-005
 -1.874044808493842E-004
  1.144468581512300E-003
 -7.394699976815613E-005
  6.992361266111707E-006
 -3.998940351190532E-007
  6.337476144488604E-006
  8.831156375575946E-005
 -5.029955798561143E-004
 -2.138074931849634E-004
 -6.770478758041771E-008
  1.850917188195912E-006
 -1.078795833562353E-007
 -1.628577268439374E-007
  7.439480009966682E-007
  2.637514087844303E-008
  6.928043906216504E-007
 -7.124072968281828E-005
 -5.197496479951022E-005
 -7.591285661118367E-006
  1.342570953323446E-005
  1.588374180132418E-005
  7.967869501511754E-006
 -1.934122191526534E-005
 -3.765838403933871E-007
 -2.523053124153343E-005
  4.295313407190022E-005
  3.409039089863705E-005
  1.812442800695190E-005
 -4.500584977848965E-005
  7.106103234581534E-006
 -1.493527069930169E-007
  1.988572980122905E-007
  3.180325705721600E-007
  1.639888411344737E-007
 -3.895918472752954E-007
 -1.463613414145684E-008
  7.796174566981826E-006
 -2.882933749366611E-005
  1.156275243127005E-005
 -2.174505200700431E-005
 -5.822906628510572E-006
  1.394887744002249E-005
 -1.603747909214417E-006
  1.147140549267199E-005
  5.118972538429186E-006
  3.817992437314042E-006
  1.272385819090899E-006
  9.932512903292095E-007
 -1.520254588863914E-006
 -6.545290921571592E-007
 -6.910641726080249E-006
 -1.488147815424009E-006
 -1.489640598362716E-006
 -1.603014507903404E-006
  9.781130254112207E-006
  5.902500889408797E-006
 -2.457749352242969E-006
 -1.433579094320648E-006
  1.734589455148460E-006
 -6.038219269582399E-006
 -3.600753857541976E-006
 -1.247636994843269E-006
  8.334931683689350E-006
 -2.654064800956340E-004
  1.614633845033678E-006
  1.861702818401085E-004
  2.127168095926485E-006
  4.725336771478548E-007
  5.644352736607838E-005
  8.236662440132763E-005
  2.799138494136910E-003
  9.837510195489661E-004
  3.946114452285538E-006
  5.707160397360988E-006
  1.140348115860296E-005
 -2.331949491838923E-005
  8.008892178385984E-005
  1.075271226661596E-004
  2.009122645049991E-007
  2.625569404982662E-006
  1.139323980219471E-006
  3.861114344714244E-008
  1.079049349481086E-006
  3.036324562931936E-007
 -1.656991945628934E-005
  1.314606012841032E-004
  7.077586002956921E-005
  4.460201570645234E-007
 -1.018833411735693E-005
 -3.953398371967439E-006
 -5.580088777318651E-006
  1.275880798484120E-005
  5.134068620254127E-006
  1.604753144254998E-006
 -3.981980574650481E-005
 -6.583191225162035E-006
 -1.608027411566435E-005
  3.029833451016630E-005
  1.447552097140935E-005
  4.628688580210669E-008
 -4.605855964087934E-007
 -1.550726388300128E-007
 -2.340254870673018E-007
  5.155750594086094E-007
  1.877386012651951E-007
  7.985403235109010E-006
 -4.930938410362731E-005
 -2.757103419338327E-006
 -9.784695305515615E-006
  6.445557989905048E-006
  1.799292070406606E-006
  4.358149674703785E-007
  7.183460040659581E-006
 -2.637605137575809E-005
  3.219978117220881E-004
 -7.170604201908447E-006
  1.730391280201578E-004
  1.435326077378808E-006
  1.047624785224767E-007
  6.852468758663361E-005
 -1.005335756525439E-004
 -5.696000071382862E-005
  1.911428473216316E-003
  2.409924487155705E-005
  1.761300570415910E-005
 -3.125187939701480E-005
  8.388894956313553E-005
 -2.351253023275591E-004
 -4.426203660995692E-005
  5.331470980935169E-008
  1.115129388086633E-007
  2.677222643569865E-006
 -2.545457480261156E-008
  1.906437473142756E-008
  9.671412397952511E-007
  1.361675371797118E-005
 -4.078962880141670E-005
  5.524420412843802E-005
  2.207334503433287E-006
  1.401008083897155E-005
  6.112062772329683E-006
  3.566893726884338E-006
  3.185783451480288E-005
 -5.774228230317624E-006
  1.043960700094727E-005
  3.550943571462503E-005
  9.877936332355235E-006
  5.173250451094034E-006
  7.634841306669595E-005
 -1.561285745204131E-005
  1.357839134053791E-008
  2.822926729461171E-007
  6.867294140605345E-008
  6.146013051342361E-008
  6.319952622338307E-007
 -7.503852185396152E-008
  1.073775198497683E-005
 -2.187504462590279E-005
 -4.438533769453464E-005
 -5.445469634267508E-006
  7.632096226249634E-005
 -5.292282350709320E-006
 -2.077253000783068E-007
  4.662050787706819E-006
  1.085348476046182E-005
  6.835610761118656E-007
 -7.071612611858035E-006
 -6.038517587694512E-008
 -1.137218767513229E-006
  5.219860692353441E-006
 -1.250394485167133E-006
 -5.357781817605088E-006
 -8.493495867707082E-007
  6.485433485662938E-007
  2.269487387112783E-006
  2.838424157623982E-006
 -3.996848949509727E-006
 -2.903753973118574E-007
  1.178335811261607E-006
  4.233323988773609E-006
 -4.183550782351113E-006
 -2.167603791962130E-006
 -2.302685258542395E-005
  1.916118226804982E-004
  4.486324425641278E-006
 -2.788212496337191E-004
 -3.637481262421470E-006
 -4.533870373658762E-007
  3.651310590890301E-005
  2.583457201722902E-004
  9.616626347891443E-004
  1.893256389501723E-003
 -1.125627224865121E-005
  1.715275463275961E-005
 -1.260802716757440E-005
 -1.394938618030892E-005
  1.529599703759142E-004
 -1.324614760412562E-004
  2.996414596440951E-008
  1.203287154833615E-006
  1.624586682513760E-006
  1.347512423925870E-007
  3.025157704289434E-007
  7.999869887350272E-007
  3.253784651016342E-006
  6.155669871874326E-005
  2.966494810818491E-005
 -4.011138097671132E-006
 -6.100198263281694E-006
 -6.792789735987704E-006
 -4.885644442395540E-006
 -6.847012663784201E-006
  8.896782540066672E-006
 -1.322387209071934E-005
 -1.044762052971840E-005
 -4.149617968048483E-005
 -8.801732233435048E-006
 -7.955335163161552E-006
  2.202560432415439E-005
 -2.143929211769238E-007
 -2.530925214508874E-007
 -3.511688730987969E-007
 -1.680622172646921E-007
 -2.937742161672908E-007
  3.824551384416158E-007
 -2.351495232704452E-006
 -2.328043570775719E-005
 -2.089845151957179E-005
 -1.501787579023244E-006
  1.019484670344499E-005
  3.853282811727696E-006
  2.596329013969599E-007
  2.316934458211983E-006
  6.382198329488829E-006
 -1.334858620876016E-004
  1.020539063761713E-003
  1.269751394454278E-005
 -6.301066337629869E-004
 -1.492907919536867E-005
 -2.157264270530430E-006
 -9.122498809293694E-005
  2.249376100107486E-003
  5.914223514351900E-004
 -2.507495744158111E-004
 -1.440692848573828E-004
  1.100493793595580E-005
 -9.189566823732914E-006
 -4.144450455512212E-004
  1.331930278502894E-004
  6.703672022142827E-005
  1.594474216717905E-006
  6.233168095568067E-007
 -3.528867061193710E-007
  1.438081728382567E-006
  3.363536069893957E-007
 -1.463689033470967E-007
  9.260156141964070E-006
  3.248562216365741E-005
 -1.852949659747161E-005
  4.806150413131349E-005
  3.939413213639958E-006
 -2.341375406220863E-005
 -2.832686635386090E-005
 -1.707721393411677E-005
 -1.973463777745259E-005
  8.935216219176486E-005
 -1.235337738140762E-005
 -4.760276554182466E-005
 -5.599723931498397E-005
 -6.226700328592507E-005
 -3.335492287678087E-005
  1.065238742991901E-006
  9.048327316866729E-008
 -4.689613071562200E-007
 -6.719916421986907E-007
 -3.531989670388280E-007
 -3.932471007932105E-007
  2.890259338861432E-005
 -3.136612396680292E-005
 -9.477626628335659E-006
 -3.025690301802517E-005
 -5.451476654594326E-005
  1.354309629410842E-006
  6.923482423966500E-006
 -1.518582778137423E-006
 -4.622420317094354E-006
 -8.810432038524629E-006
  4.119612781533189E-007
 -1.196001523337487E-005
  8.250845330515871E-007
  5.442549787673818E-007
 -9.566708210173381E-007
  1.359388446108991E-006
  2.343457440914343E-006
  1.185678523919347E-006
 -1.271715480628034E-005
  1.393526714833249E-006
  1.586299534950652E-005
 -8.423899037576277E-006
 -7.626904819281675E-008
  4.195640252439258E-006
 -9.568713793408970E-007
  2.840504851280360E-006
 -3.997785942855285E-005
  1.011643910428047E-003
 -3.489653380656018E-005
 -2.525031343224067E-004
  7.832072304292425E-007
 -1.295853260406106E-006
 -1.701347898385200E-004
 -3.089726633575326E-003
 -1.028944409088023E-003
 -1.738951125395262E-004
 -3.145010781278827E-005
 -1.353181039773633E-005
  1.564800741839786E-005
  7.911181001274446E-005
 -6.237370106980299E-005
  1.589032505785168E-005
 -3.955301381554653E-006
 -9.415529677645063E-007
 -1.828390514229744E-007
 -1.434835496739071E-006
 -3.777034810800724E-007
 -6.151812516444066E-008
 -4.120357985785481E-005
 -5.580723949178166E-005
  8.860461894615603E-006
  2.014448006445808E-005
  1.469465380625181E-005
 -1.828652866457924E-005
 -7.589516403797927E-006
 -1.484411556120081E-006
 -1.255496366066015E-005
  7.709166151574570E-005
  4.303081407254240E-005
 -4.930616519772650E-005
 -3.072943005436953E-005
  6.061995879448476E-007
 -4.636223146137618E-005
  8.528770679564900E-007
  6.669649279880684E-007
 -8.457478787120709E-007
 -2.859711610370473E-007
  1.455099639944104E-007
 -5.669059069194427E-007
  4.675753507082594E-005
  2.084445650892990E-005
 -1.193830769356164E-005
 -1.679938904665650E-005
  1.578130202738766E-005
 -2.995814602416945E-005
 -6.303034098637805E-006
 -1.863083871231669E-006
 -1.515967490579888E-006
  1.104533032884010E-005
 -6.817627783839534E-005
  8.684862007497834E-004
  1.103039453694609E-006
 -2.412771305382562E-004
 -5.072717865934643E-006
 -1.176537568098926E-006
 -3.357006780531322E-005
  1.204084629036921E-003
 -1.007398273914916E-004
  3.115988194573490E-004
 -8.254057477271034E-005
  2.202459886486342E-005
 -1.906569685082691E-005
 -1.760793291112353E-004
 -2.599251020059824E-004
 -1.714703063073414E-005
  9.651607325661301E-007
  1.917456131578783E-007
  3.530871623608354E-007
  7.091066357203283E-007
 -2.002604539480688E-008
  1.162857825331571E-007
  7.332311184328627E-006
 -4.312981596362042E-005
  1.567805784289263E-005
  1.864295838569034E-005
  4.671019449073040E-005
 -1.751400130527922E-005
 -1.101723160478745E-005
  8.567289020014364E-006
 -7.625726780902894E-006
  2.872940338459877E-005
  1.147320006852347E-004
 -3.246855250944575E-005
 -1.436797173423648E-005
 -7.750445946364029E-008
 -1.436143165036229E-005
  4.293412588234991E-007
  9.615786970965877E-007
 -3.507416211590969E-007
 -2.802387065038669E-007
  1.637934810250267E-007
 -1.491025523196322E-007
  1.430956191874807E-005
  4.214297108112205E-005
 -1.896892552503110E-005
 -1.220757027218553E-005
  1.714575773307080E-005
 -2.101991646562545E-006
  1.393787450256002E-006
  8.010915718823241E-006
 -1.068581476735633E-006
  5.402024584061528E-007
 -6.537783053193215E-006
 -4.721564809174159E-006
 -2.276213804701163E-006
  7.919512732566986E-007
 -1.182274304719752E-006
  9.221006782631133E-008
 -2.621673246270059E-006
  6.975397982222401E-006
  2.110950446011289E-007
  8.944713306380169E-006
 -1.255935847253634E-005
 -1.079693567569991E-006
 -1.089256667094899E-006
 -9.691321368792942E-006
 -3.707627980937704E-006
  3.160075441397271E-006
  7.661699957940791E-005
 -1.025100971699759E-003
 -2.639446623482589E-005
  1.436939987178054E-004
  9.882389483349228E-006
  1.033860274912257E-006
 -6.843002268300123E-006
 -2.372015773600294E-003
  1.782802017144040E-003
 -4.431937816018859E-004
  3.785837243029422E-006
 -1.444966660765887E-005
  2.689008844595978E-005
  1.365248953285165E-004
 -2.914034456849017E-005
  1.583975554815598E-004
 -2.666372995175454E-006
  1.055209084106238E-006
  4.832029341193492E-007
 -1.099291172830367E-006
  7.553398049175181E-007
 -3.182635547703022E-007
 -3.572722830536205E-005
  6.853083478984815E-005
  5.335821683346168E-006
  1.717651381985030E-005
  1.319115184125825E-005
 -2.607410763684089E-005
 -7.071500693486867E-006
  2.207315135336741E-005
 -1.010501312636343E-005
  5.819842390816198E-005
  2.412631468427109E-005
 -5.570352046499425E-005
 -2.705179331898938E-005
  5.323012289339226E-005
 -3.114663058917260E-005
  8.593046309653946E-007
  5.513074786887240E-007
 -1.101132437847962E-006
 -3.452912113129387E-007
  9.876164083058216E-007
 -5.140134196524560E-007
  3.729262748682570E-005
 -1.649814912130743E-005
 -5.250274045517326E-006
 -2.032472654528572E-005
  1.127736952543355E-005
 -1.696790094153998E-005
 -2.681221019774098E-006
  2.702551337289177E-006
 -1.249333195503526E-007
  5.063585867260318E-006
  9.197846785895467E-006
 -1.184397152624626E-004
  1.026431835453263E-003
  6.243394520496570E-006
 -5.942113747882749E-004
 -1.290702495868467E-005
 -1.677253002638516E-006
 -1.064440692864926E-004
  1.700121506706614E-003
  3.086162046587474E-004
 -9.274268565397267E-004
 -1.074252141439848E-004
  1.509086957390323E-005
  4.257934630957975E-006
 -3.193992825735886E-004
 -1.292030516895661E-004
 -1.488701390939319E-004
  1.106893083809642E-006
  4.322600760300121E-007
 -1.014908693692804E-006
  1.121988063862129E-006
  1.928106051994551E-007
 -4.255953102835224E-007
  2.151133807979700E-006
 -1.562000752537601E-005
 -9.537824705402163E-005
  3.795080662198560E-005
  2.367264526572987E-005
  1.437220384326752E-005
 -2.095107296394960E-005
 -2.107385424851212E-005
 -1.699973365803600E-005
  6.602264617362291E-005
  5.096140999832753E-005
  3.683127618911690E-005
 -3.948726510187636E-005
 -5.441244442428560E-005
 -2.653538107174654E-005
  8.235671194329848E-007
  4.985844671780062E-007
  2.815014803564218E-007
 -4.959489696439438E-007
 -4.275414375360122E-007
 -3.276181497890409E-007
  2.678703493954916E-005
  1.123422631650743E-005
  5.384393156592241E-005
 -3.944643632813169E-005
 -6.413111211225997E-005
  1.265940138858253E-005
  6.224002318470746E-006
  4.188972005825759E-006
  1.788230270711788E-006
 -6.249631030908041E-006
  2.150738316193240E-006
 -1.242237592450420E-005
 -8.756821024908861E-007
 -5.384312368984515E-006
 -1.561925698353100E-006
  1.198694032757576E-006
  2.883381993263117E-006
  6.612663674073555E-006
 -3.127489391414423E-006
  5.431313713208787E-006
  1.207664680881367E-005
 -1.408145969299814E-005
 -1.106497116459939E-006
 -2.127200661926977E-006
 -3.293172324693739E-006
  1.751563351113800E-006
 -1.229590652815213E-004
  1.398317349081818E-003
 -2.354592043453496E-005
 -4.136849662675660E-004
 -4.409844429631642E-006
 -1.939239725412869E-006
 -1.907837889792080E-004
 -2.247592097299549E-003
  1.501839526924989E-004
  1.636399169174527E-003
 -3.928208654496814E-005
  1.214511099746552E-006
  2.598237896197151E-006
 -2.565759888545357E-006
  9.192281149272373E-005
 -9.741143949836284E-006
 -3.134833216552468E-006
  4.044003593778355E-007
  9.153600457744254E-007
 -1.038560900271243E-006
 -2.733416371985453E-009
  6.645712241946498E-007
 -4.451019104406439E-005
  2.947732955722495E-005
  9.759041657972101E-005
  1.351654117404846E-005
  5.180679522357935E-006
 -7.710929212886744E-006
 -1.115136047204075E-005
 -8.209302680430064E-006
 -2.365180702007710E-006
  5.558901703697871E-005
  2.146614393817376E-005
 -3.389288900630432E-005
 -3.665756616073189E-005
 -1.151933631592221E-005
 -1.893145087624682E-005
  5.176921421316136E-007
  2.576000807911541E-007
 -4.121145868200612E-007
 -4.018086788762312E-007
 -1.721690480888530E-007
 -1.158834632553823E-007
  4.105295604750092E-005
 -1.371687546458038E-006
 -1.871507578094330E-005
 -1.746743364608964E-005
  2.538076648958056E-005
 -2.358552240141128E-005
 -5.631789585756099E-006
  5.556389688205330E-007
  7.370687863890087E-007
  7.863771967073313E-006
  2.980077192061976E-006
  9.031596790194982E-006
 -1.475058752119291E-005
  1.120806817703971E-004
 -9.014182759625152E-007
  6.948586032774200E-006
 -9.618339802656552E-007
 -1.033874247140681E-007
  8.467876680708431E-007
  1.414315089923767E-004
 -2.513345511433195E-004
 -4.085810417882181E-005
  1.220115902181170E-006
  1.354340166896037E-006
 -3.953867933609696E-007
 -3.013191810513645E-005
  1.399382661217875E-004
  7.452403851730251E-006
  1.087523845201373E-007
 -4.487120107569647E-007
  2.585467970515567E-008
  1.039601462209327E-007
 -1.727943627713900E-007
 -1.238483326158178E-008
  1.383163619730976E-006
  1.976397832828260E-005
 -7.357415585506513E-006
  4.813754310583658E-006
 -6.275984711633381E-006
  5.066308439528443E-006
 -3.514270753639234E-006
  2.311314195300620E-006
 -1.299483556944424E-006
  1.495421618452975E-005
 -1.942024338275120E-005
  1.078597836422298E-005
 -9.858262404129796E-006
  7.951570084042739E-006
 -5.095953780399953E-006
  9.549891667926485E-008
 -1.077091524051131E-007
  9.515011734342337E-008
 -7.439539161048199E-008
  4.619348053354722E-008
 -2.110352506878285E-008
  4.420699242040956E-006
  1.386322778206459E-006
  9.450550205521757E-006
 -2.966858390362841E-006
 -1.283701891450022E-005
 -1.453840851678114E-006
  1.059914692149405E-006
 -3.574914566615218E-006
  1.023788257887937E-006
 -1.622103726570554E-006
  9.653814026238391E-007
 -1.557640349877660E-006
  6.079565849321041E-007
 -7.275829098696781E-007
  1.751044811818905E-006
 -9.873511600608642E-008
  1.333940215690509E-006
  6.047562443142126E-007
 -2.351873778727306E-006
 -1.462087119941945E-006
  6.014209489404452E-006
 -2.539733527129581E-006
 -5.237433483917344E-007
  3.290794053102053E-006
  9.664738008609908E-007
 -3.129734247915822E-007
 -2.790444440033315E-005
  1.355151606979017E-004
  4.429083295608373E-007
 -2.255494176822538E-004
 -2.606473708841880E-006
 -4.512828749244367E-007
 -8.406189311163254E-005
 -6.047897821546419E-005
 -9.782792988855761E-004
  4.808967971904939E-004
 -8.274919949336499E-006
  5.183430708131273E-006
 -1.151184176171268E-005
 -2.626680667268577E-005
  2.140326670016151E-005
 -7.518926189785724E-005
 -2.208219181804232E-007
 -7.524204807902551E-007
  1.448945420155942E-007
 -1.183571917974471E-008
 -4.017023005732242E-007
  2.325907984160050E-007
 -1.317274476190219E-007
 -3.519705704203542E-005
  8.235182260730784E-006
 -1.308579186045078E-006
  1.053571983389641E-006
  3.040873984195884E-006
  1.791394169630241E-008
 -1.007224927641900E-005
  1.290665244348775E-006
 -3.797382735025804E-006
  1.078283558490890E-005
 -1.608905365456651E-006
  1.745903030777044E-006
 -2.130342057133195E-005
  2.051479704248760E-006
 -8.244032405687925E-008
  5.111891915379225E-008
  1.187132842125800E-007
  1.050520265506072E-008
 -4.288843973231461E-007
  7.193512140181854E-008
 -4.378546392626215E-007
  1.508900180532813E-005
 -6.730468347292055E-006
  2.434723009431206E-006
  3.218837038209247E-006
 -1.996868370168585E-006
 -5.599054064477802E-007
 -1.967595264389831E-006
  2.350039270220415E-007
  7.466601828781472E-007
 -1.583497101515429E-006
  9.330560364651936E-007
  1.029093949098348E-006
  7.454522976283526E-006
 -1.220428641498872E-004
  5.277815439475376E-006
 -4.798237281517030E-006
 -2.605895052113364E-006
 -3.346786428869103E-007
  9.089566943723895E-008
  1.620096271212416E-004
  5.525714439089228E-005
 -3.916122735310567E-004
 -9.164572080686667E-006
 -1.525358118527120E-005
  6.773902229231990E-006
 -7.787598720892016E-005
  5.034160271157025E-004
  2.034115311723291E-004
  7.538636688553069E-008
 -3.810202706550235E-007
 -6.583262004899788E-007
  9.109799624516842E-008
 -3.118935777100695E-008
 -2.344547854813512E-007
 -1.524109909307401E-006
  8.479109083914726E-005
  2.733021301937259E-005
  4.365627895580428E-006
 -4.347659941925841E-005
 -2.124872837061665E-005
 -4.989310847102097E-006
 -9.486655741903157E-006
  6.236829515216691E-007
  1.544338640753081E-005
 -1.226013495746109E-004
 -4.821843649951659E-005
 -1.465461618452266E-005
 -2.856518331590824E-005
 -7.887702230081477E-007
  1.051109067180463E-007
 -8.729754384572047E-007
 -4.051947563783728E-007
 -1.029321450630023E-007
 -1.898665640609745E-007
 -2.178761655044058E-009
 -4.644483226169289E-006
 -3.679326025395293E-005
 -1.683177407760636E-005
  1.222240381953227E-005
 -3.893355174829092E-005
 -7.577920593362980E-006
  1.420541666840717E-006
 -1.197337507233896E-005
 -8.270462724172700E-006
 -4.802229789853429E-006
  4.233892294256037E-006
  5.406047893312766E-007
  3.035336772149846E-006
  1.315420114496393E-006
  2.867364755889419E-006
  2.318347536558769E-006
  2.412661861584490E-006
 -6.506689870272739E-006
 -1.026367885001515E-005
 -9.964300420311168E-006
  1.389894534481985E-005
  2.726314835557698E-006
  2.664317195761754E-007
  8.398055556075263E-006
  5.707394711544213E-006
  6.218744313132949E-007
 -3.004439181478213E-006
  2.019562424834933E-005
 -2.675464239226243E-006
 -1.632808616623476E-005
  3.290906976146916E-007
 -3.231008280923927E-008
 -7.247140807527052E-005
 -9.907398547468652E-005
 -2.772387077846820E-003
 -1.626540326680202E-003
  2.086990454395680E-006
 -9.252263637104788E-006
 -3.634297764948430E-006
  9.252062836554894E-006
 -1.538775033694560E-004
 -4.392008001204123E-005
 -5.510900129522373E-008
 -2.568222772139535E-006
 -1.555283374357082E-006
 -4.432652255926077E-008
 -1.020803041763528E-006
 -5.906276051331123E-007
  1.202845981619138E-005
 -1.449836184965342E-004
 -7.702252917904601E-005
  5.644605993182093E-007
  7.005694268143169E-006
  5.160873584141221E-006
  6.950752232762016E-006
 -7.850979906609168E-006
 -7.515212832080225E-006
  1.366011367808482E-006
  2.387166494953193E-005
  2.032885229319365E-005
  1.809928550310698E-005
 -2.284010117491243E-005
 -1.946529687091546E-005
  2.283364853827580E-008
  3.083710145858427E-007
  2.449894265181993E-007
  2.719330692088977E-007
 -3.236704069689538E-007
 -2.947667177471735E-007
 -6.467700827034942E-006
  4.518416391482942E-005
  9.636497673781635E-006
  9.574791786425606E-006
 -1.210448006372826E-005
 -3.107090959390664E-006
 -3.284394369642613E-007
 -5.491622275394283E-006
 -4.139591389754133E-006
  2.243912136490855E-006
 -2.562293132308420E-006
 -1.258593825598071E-006
  1.182260470625190E-006
  6.327334907591409E-006
  2.040317648067226E-006
  6.044095044887234E-005
 -8.831328266193508E-007
  1.117030652775575E-004
  1.308176451706488E-006
 -5.478114618113492E-008
  4.103113347421519E-005
 -2.368900461277458E-004
 -3.904649280823412E-004
  1.965213123046216E-004
 -1.065270897265522E-005
 -3.663126465569059E-006
 -5.151315764405695E-006
  2.084190559649907E-006
  8.318078149075170E-005
  1.914502816297726E-004
 -2.585523659799942E-007
 -5.047811559250175E-007
  3.031554424076827E-008
 -1.490227118188606E-007
 -2.255649126824982E-007
  1.077935890630233E-008
 -4.842295249814577E-006
  1.194879469797049E-005
  7.404721155602977E-005
 -6.849977270632606E-006
  5.402244601665684E-006
 -3.108266711990951E-005
  2.574942759405948E-006
  1.240727932936347E-005
  4.275034511226658E-006
 -1.963211731205582E-005
  1.530759607635338E-005
 -6.644832599130598E-005
  1.145035920543749E-005
  2.115113952636143E-005
  8.181758106618324E-006
 -1.371440430447777E-007
  1.242701592030489E-007
 -6.034829226024301E-007
  5.919733369697226E-008
  2.510114056746537E-007
  7.794670934780539E-008
 -2.105827229310469E-005
  2.467036915904673E-005
 -3.991440304783533E-005
  3.064562717809284E-005
  4.433396337201124E-005
 -9.587354884988143E-006
 -1.575996167233797E-006
 -7.466617928263366E-007
 -8.190337312092999E-006
  1.048318742397622E-006
 -4.168530026962417E-006
  3.679669759303770E-006
 -3.036151659323988E-007
  2.837277821766194E-006
  1.657507290623533E-006
  1.784353163442268E-006
 -2.512180048708810E-006
 -2.112542250392331E-007
 -2.725508917930288E-006
 -1.516239529582961E-006
 -1.558487911597039E-005
  9.052779675709392E-006
 -1.633594099732569E-007
 -3.834162889723761E-006
  7.013324549590039E-007
  2.186557269218016E-006
  7.537840151731010E-005
 -1.411390019980713E-004
 -2.943358833716189E-006
  4.904779712066529E-004
  5.692253030599156E-006
  8.813149476254552E-007
  1.957421519688192E-004
  9.907031024506495E-005
  1.356994025198186E-004
 -2.426441411120448E-003
  2.087864539572396E-005
 -2.125745252175481E-005
  2.313204412653509E-005
  1.021199149364466E-004
 -1.442987218843444E-004
  1.180406630274121E-004
  4.615534900362705E-007
 -3.683079626118963E-007
 -1.574007606266254E-006
 -3.103985907908303E-009
  1.260575522385860E-007
 -1.001404851541209E-006
  1.696510179914640E-005
 -2.586943015799691E-005
 -9.548140681176157E-005
  3.479717401070709E-006
  7.027618167188008E-006
 -5.169223580620214E-006
  5.526346952229744E-006
  1.745793984441581E-005
 -9.006064353300453E-006
  9.787395060822412E-006
  7.471298991778107E-006
  1.140990732153199E-005
  1.084256502333322E-005
  3.361192720382954E-005
 -2.062996008415563E-005
  2.010340863685311E-007
  3.072288389474166E-007
 -2.010672138077271E-007
  2.025098791021196E-007
  7.710781325608290E-007
 -4.035439654706507E-007
 -6.671839317321145E-006
  4.042378687642938E-006
  2.294850846121449E-005
  2.480526277221995E-006
 -1.610206910453279E-005
  4.191313040099150E-006
  1.243901251872962E-006
 -1.280674247490089E-006
 -3.021946239278108E-006
 -3.768966774027729E-007
  2.047939967257111E-006
 -3.354807078216114E-006
 -1.119686582905213E-006
  1.944840863518713E-006
  4.639733996205728E-006
  6.307176133158188E-006
 -6.665164919073362E-005
  6.309295874776902E-007
 -5.608029691288026E-005
  3.901896582448517E-007
  7.663872145481117E-008
 -2.287186108535695E-005
 -2.049201715623256E-005
  5.676187743121130E-007
 -5.066053998950864E-004
 -4.978224263623462E-006
 -7.864748396292992E-007
  8.159325722594270E-006
 -2.004320784738458E-006
 -8.943024159604779E-005
 -5.304983152079073E-005
 -4.290035889829413E-008
  8.983577728212007E-008
 -6.729654810266288E-007
 -2.188114048085228E-008
  4.041661013193129E-009
 -2.442288181046333E-007
 -4.030881269554593E-006
 -1.466715401257685E-005
 -2.752480571593687E-005
 -2.190987466337905E-006
  9.822172860095622E-006
  5.045555199428988E-006
  4.741390400725868E-007
 -7.457059590966574E-006
  1.716848426265318E-006
 -8.627664469492694E-006
  2.903063795332864E-005
  1.278016672238712E-005
  3.160455244476209E-006
 -1.592774325026257E-005
  5.467209225016486E-006
 -3.956309935286142E-008
  1.968942551703625E-007
  1.121739383241064E-007
  1.382400484985956E-008
 -1.473762327242854E-007
  2.573909450300185E-008
 -2.031089586269180E-006
  1.955610162661857E-005
  2.040570392404700E-005
 -2.258978061754920E-006
 -1.246247017140181E-005
  4.290067648024100E-006
 -4.042721222541369E-007
  2.437108094877379E-006
 -8.610073454297078E-007
  1.372889571247188E-006
  9.459067725339994E-007
 -1.600732044847771E-007
 -6.327060015455390E-007
 -2.178426935616611E-006
 -5.389900902407621E-007
  1.013144760348773E-006
 -5.211040916045940E-007
  1.952715507235482E-006
  2.664730487634122E-006
  2.375292087562395E-006
 -3.300698798436709E-006
 -8.119798127486135E-007
 -4.815891769459273E-007
 -4.210459848282957E-006
 -5.079479763977001E-007
  5.152431202162784E-007
  8.677097255634054E-006
 -7.060248230961586E-005
 -6.036200621383450E-007
  9.838311193331797E-005
  1.102796854935593E-006
  1.618990400583718E-007
  1.198610072212250E-005
 -5.309057823253458E-005
  6.035748143525588E-004
 -8.890535427384051E-005
  3.056427264751842E-006
 -2.633496998551608E-006
  5.414108310840944E-006
  1.565774447918009E-006
  3.058443311805752E-007
  5.879385201776582E-005
  8.381618443604739E-009
  4.549785391019731E-007
 -2.310110271889294E-008
 -3.014157327777542E-008
  2.394290904448617E-007
 -6.978646120063829E-008
 -5.094081489069242E-006
  2.780897325926366E-005
  1.578586035695370E-005
  1.148892499450974E-006
 -3.018320016204918E-007
  5.439720506154942E-007
 -6.883692634554920E-007
  4.899330856797790E-006
 -4.605232359954825E-007
  3.952620240970286E-006
 -4.474681473271176E-006
  7.055775795763726E-006
 -3.099184423223976E-006
  1.026514544602466E-005
 -8.534358177463107E-007
  6.385309087954932E-008
 -1.842616437831844E-008
  3.539314886019920E-008
 -3.462361731473520E-008
  2.058148743787482E-007
 -2.922947356481412E-008
  2.939732019913131E-006
 -7.301242735690744E-006
  3.753984615263385E-006
 -2.691001402467455E-006
  6.365444534277552E-007
 -2.487306174456772E-007
  2.293551185576715E-008
  1.058229272394100E-006
 -7.475356465782321E-007
 -2.426482153036556E-007
  8.957421506195909E-007
  1.738416797363541E-007
 -4.724214658824106E-007
 -7.292478392790918E-007
  3.590351252531317E-007
  4.922611619524413E-007
  1.110432628109456E-004
 -5.879955530354973E-004
 -1.129407985812217E-005
  5.737330261957269E-004
  1.019392109953266E-005
  1.362181010691859E-006
  8.904585656223892E-005
 -1.693857080118546E-003
 -3.608276686254793E-004
  6.306571009208629E-004
  1.241357917026266E-004
 -7.530746499083143E-006
 -2.038437743444306E-006
  3.282811827103863E-004
  5.382450716015379E-005
 -8.308989447686641E-007
 -1.124385860728943E-006
 -5.304510502425409E-007
  8.607911549868625E-007
 -1.117726772997470E-006
 -2.108278447153371E-007
  3.249473240449053E-007
 -1.041608799753160E-006
  2.958768346797359E-007
  3.688907354808076E-005
 -3.662841999420556E-005
 -2.293013745081413E-005
  1.471719594604798E-005
  2.311516268888104E-005
  1.821525929128903E-005
  1.351325730532452E-005
 -5.992121501216009E-005
 -4.793867590976707E-005
  2.761946400723617E-005
  4.188488275767154E-005
  5.426817374725479E-005
  1.803633225448854E-005
 -8.176528253758540E-007
 -4.744772148069575E-007
  2.858022239525062E-007
  5.378651713114929E-007
  3.694337840254215E-007
  2.797876540643612E-007
 -1.569663471156453E-005
 -4.792812050362445E-006
 -1.216999166605664E-005
  2.214995039036872E-005
  3.662497440337797E-005
 -6.453315678804192E-006
 -4.691368275049222E-006
 -3.154622763001510E-006
  4.491589860320354E-006
  4.386963811290718E-006
 -1.119182714472758E-007
  9.687141013856947E-006
  5.919137941909593E-007
  1.368749710659642E-006
  1.378881380428632E-006
 -1.953446523659999E-006
 -2.771863861380977E-007
 -4.542286400578758E-006
  7.068707950889124E-006
 -6.174170086115429E-006
 -3.881074478750974E-006
  7.005729244529722E-006
  5.528384655400815E-007
  1.094534474858792E-006
  2.883771003958514E-006
 -2.721080808582638E-006
 -2.035904681353430E-005
 -1.533799092695880E-003
  2.482666583674621E-005
  5.564463247463301E-006
  8.406682967606645E-007
  1.375401046231789E-006
  3.444420689199306E-005
  2.131040122538935E-003
 -2.421611301993361E-004
  2.646954166434398E-004
  2.473029781106268E-005
  1.530005208439955E-005
 -2.207879461407287E-005
 -5.955619591154163E-005
  3.167399272471916E-005
 -7.781922449381177E-005
  2.727313931663735E-006
 -1.737198083476467E-007
  3.054231386308423E-007
  1.019707778326620E-006
 -9.039448171209321E-008
  1.072342374816358E-007
  3.062403632457344E-005
 -3.522411240867881E-006
 -2.274064758723636E-005
 -1.572022102264395E-005
 -8.751800439466504E-006
  1.155430481838474E-005
  6.778880995960411E-006
 -4.806420403191478E-006
  8.941340026683533E-006
 -6.261936846841305E-005
 -2.163487452121698E-005
  2.482969441571832E-005
  2.831658250609385E-005
 -1.289527515566652E-005
  3.430278596231920E-005
 -6.374787406935535E-007
 -4.159015129560912E-007
  5.638012043715490E-007
  2.308153816056905E-007
 -4.138221566785258E-007
  4.066633590878630E-007
 -3.583860200876518E-005
 -1.035373947938234E-006
  1.468840486052779E-006
  1.512746379738965E-005
 -1.162940807063715E-005
  2.071113821137553E-005
  4.747224785048558E-006
 -3.348002575324039E-008
  1.402086266143843E-006
 -7.811315364715874E-006
 -4.235006985020434E-006
 -6.430358990429801E-006
  1.629408131870563E-008
 -2.939294944094614E-007
 -1.540221820287651E-008
 -3.693855905781271E-007
  6.682146264202020E-006
  2.321195731402033E-004
 -1.530334621762579E-003
 -7.354116810100034E-006
  4.713010470476075E-004
  1.703465579845157E-005
  2.659185614311134E-006
  3.731546090244978E-005
 -2.047536860929068E-003
 -1.519740918423801E-005
 -5.498988699029691E-006
  1.398643135181886E-004
 -9.770201599320669E-006
  1.776797937450144E-005
  4.327154073024898E-004
 -4.189253445286790E-004
 -2.664049575415952E-004
 -1.299700678943188E-006
  4.197803530518398E-007
  6.374534004976525E-008
 -1.329971260210307E-006
  1.336240528180880E-008
  9.652723180448317E-008
 -7.161353754818506E-006
 -7.457642370823543E-005
 -4.567710258420592E-005
 -4.555597569767465E-005
  1.123229337752816E-005
  4.288432159493509E-005
  2.608139803191411E-005
  6.772054404640816E-007
  1.947457766576053E-005
 -8.663202534307626E-005
  5.547591371435985E-005
  8.971519630779561E-005
  4.936163366014137E-005
  2.859787523420345E-005
  3.727039168293489E-005
 -9.934524465160489E-007
  1.789362968131478E-007
  8.563923633465896E-007
  6.245477697301613E-007
  2.305132332360793E-008
  3.689046767858875E-007
 -1.416592183312217E-005
  2.238402998820551E-005
  3.792434669576671E-005
  3.835483571400028E-006
  2.874674376411797E-005
  1.033043826172214E-005
 -7.486283148821285E-006
  7.847468407943896E-006
  1.013879738614955E-005
  1.225126672161411E-005
  2.030612175013242E-006
  1.020758272484974E-005
 -1.744024884999023E-006
 -2.268737493553061E-006
 -2.615393752946829E-006
 -2.623353297532162E-006
 -3.230702489796899E-006
  4.485122030307437E-007
  1.826997901158363E-005
  6.417058854688484E-006
 -1.270476660335941E-005
  3.275048614702211E-006
  4.100190630368281E-007
 -5.666134562906573E-006
 -1.678569392141228E-006
 -4.201281482892353E-006
  1.163136032290386E-004
 -1.013164360251855E-003
  3.662549071056770E-005
  1.780931430792991E-004
 -2.083925628656897E-006
  1.172642775147445E-006
  1.186190734633670E-004
  2.982653604769657E-003
  2.513067573800879E-003
  1.605024710325250E-003
  2.511729265722301E-005
  2.309495997101167E-005
 -1.703005586315046E-005
 -1.356914172034489E-004
  1.578002314456790E-004
  8.539667278029893E-006
  3.758411738414059E-006
  2.457776507225992E-006
  1.399264764340679E-006
  1.407034229730921E-006
  9.189655523786765E-007
  5.943932816402956E-007
  2.406117197614611E-005
  1.370830092896454E-004
  7.041418606525303E-005
 -2.067923581085438E-005
 -2.176060614993654E-005
  1.809221346099894E-005
  2.285017355774549E-006
  2.092985867400608E-006
  1.839421845507983E-005
 -7.742802235119276E-005
 -6.385871368327129E-005
  4.194889316066414E-005
  1.686300915380305E-005
  3.694353901395414E-006
  6.056501319738971E-005
 -8.826523083657513E-007
 -9.854595727982329E-007
  8.392319186044888E-007
  7.680567179073075E-008
 -1.408940471841470E-007
  8.058466365750206E-007
 -3.783455215413419E-005
 -4.600192558421137E-005
  1.550680294461443E-006
  9.728487303688299E-006
 -5.556219256050765E-006
  2.810606485044589E-005
  5.863406867138667E-006
  5.965008334708218E-006
  3.617944446160833E-006
 -1.158064679681680E-005
 -4.112879987548510E-006
 -6.009573804599202E-006
 -1.327571613685564E-006
 -5.896300374158368E-006
 -1.982293493651526E-006
  7.594519759991782E-007
  7.379024844239115E-006
  1.528259067431411E-005
 -2.737127240518571E-004
  2.229142012229943E-003
  3.380045940332931E-006
 -7.178128672026934E-004
 -1.922153426456622E-005
 -3.040649564692406E-006
 -6.806965559407583E-005
  2.819647211844215E-003
  1.511091348763659E-004
  8.848418533545410E-004
 -1.842821720071780E-004
  4.327094572469932E-005
 -3.856707624522626E-005
 -4.803701379428718E-004
 -3.678944031811830E-004
 -5.372524755952391E-005
  1.961124429734898E-006
  4.655807681411338E-007
  1.361332499137494E-006
  1.852156989951740E-006
  1.687743411839806E-007
  4.063146285907725E-007
  1.703651621048490E-005
 -5.431211377433503E-005
 -1.858601292524350E-006
  6.168480143068316E-005
  6.337567209823680E-005
 -1.519819084389552E-005
 -3.101430806646548E-005
  1.293520779442044E-005
 -3.067049336421767E-005
  1.075805583984877E-004
  1.432447258368620E-004
 -2.555758594597105E-005
 -5.275810067596018E-005
  4.865368788458531E-006
 -5.482245772252751E-005
  1.329966579299485E-006
  1.325783754495282E-006
 -3.469223059586795E-007
 -7.678496888823835E-007
  2.428164523945487E-007
 -5.621168904171010E-007
  3.895716832095127E-005
  1.882635847676609E-005
 -1.961775266227284E-005
 -4.082466926796228E-005
  2.023626751216658E-005
  1.867500947011009E-006
  8.427603581635789E-006
  1.132515373216425E-005
  3.993389089449699E-006
 -8.366210068645117E-006
 -9.717007276357175E-006
 -1.691660067626225E-005
 -2.944009228895682E-006
  1.149257409475862E-006
 -2.493126045477203E-006
 -1.714215499641854E-006
  4.291643119218313E-007
  1.104389090998571E-005
 -7.081668412862566E-006
  1.117878768711601E-005
 -1.877082634341985E-006
 -1.246628062288150E-005
 -7.620330949397378E-007
 -4.471916512352242E-006
 -8.757791625166499E-006
  3.851194975071603E-006
 -6.904274348643098E-005
  1.476287619550631E-003
 -4.648382511463558E-005
 -3.798582724843913E-004
  4.452604110749525E-007
 -1.881537372639520E-006
 -9.520114639283064E-005
 -4.176469975624992E-003
  1.569768737142475E-003
  1.542318348077997E-003
 -4.686047999361023E-005
 -8.704507381830113E-006
  2.428926860854989E-005
  1.429014855227903E-004
  1.052999885540591E-004
  2.692950517278265E-005
 -5.515486679618754E-006
  1.417524402087560E-006
  1.513688116850162E-006
 -1.955196194178067E-006
  5.646835598789721E-007
  5.857224910956224E-007
 -6.259789364774769E-005
  8.186312829947388E-005
  7.150938427298342E-005
  2.759702639072982E-005
  1.560145381286575E-005
 -3.532216214067773E-005
 -1.823964005663632E-005
  6.237916038648838E-006
 -9.357386334093506E-006
  1.059249685100331E-004
  4.371810885066366E-005
 -1.062621332172764E-004
 -6.206324946655766E-005
  2.721915653785773E-005
 -4.386171904347544E-005
  1.165552607687287E-006
  7.250939357266922E-007
 -1.655281565105791E-006
 -6.923560537548760E-007
  5.636420328685714E-007
 -4.731965539324115E-007
  6.925524506062183E-005
 -2.037310524593241E-005
 -2.909616506141391E-005
 -3.294643197559400E-005
  3.566718195543701E-005
 -3.630881308502783E-005
 -8.243635720539279E-006
  2.355484797118611E-006
  3.874814451833881E-006
  1.270653951923684E-005
  1.020598900378486E-005
  1.202436764238100E-005
  2.251794894107445E-010
 -4.131452451619059E-006
 -2.356160335586844E-006
  8.554599992839275E-008
 -1.011611975644355E-005
 -1.023776047744348E-005
  2.351497056117288E-005
 -1.741958269072114E-004
  1.377981600098392E-003
  9.284411943454515E-006
 -6.898153258713207E-004
 -1.640766866002161E-005
 -2.396017047198371E-006
 -1.026316232267564E-004
  2.212635531175024E-003
  5.964056032410342E-004
 -4.452696478643784E-004
 -1.502205233531973E-004
  1.830399390258081E-005
 -8.672061994985728E-006
 -4.095326749683852E-004
 -1.246722056973755E-004
 -3.216695635234359E-005
  1.482375798116050E-006
  8.026144362642259E-007
 -5.305285200344527E-007
  1.422540794511478E-006
  3.829198647380470E-007
 -2.370781740141156E-007
  6.613544405431606E-006
 -9.837517468071052E-006
 -4.502164776731021E-005
  4.653941498690932E-005
  2.510169380230563E-005
 -1.241445584380191E-005
 -2.500568776886565E-005
 -1.725842429652173E-005
 -2.153372721804367E-005
  7.868090544630144E-005
  4.771106744266367E-005
 -2.099925065639355E-005
 -4.438806463280088E-005
 -6.103169519103783E-005
 -3.429284081350056E-005
  1.024225216044478E-006
  5.190724189019475E-007
 -2.514946531411750E-007
 -6.081150537735028E-007
 -3.560741863915091E-007
 -4.161101622709753E-007
  2.794703957934187E-005
 -6.044706307565733E-006
  9.865133538005951E-006
 -3.483882723269680E-005
 -4.546265307796640E-005
  6.891787653354932E-006
  7.002349188272123E-006
  4.956386430153720E-006
 -2.453756557038598E-006
 -8.025219917573998E-006
 -1.075794589986366E-006
 -1.298182764724237E-005
 -8.035466977728650E-007
 -1.760869948599653E-006
 -2.545746336835125E-006
  1.404875501879417E-006
  1.896858787558793E-006
  4.681166321183933E-006
 -7.366524532024213E-006
  4.617764466459798E-006
  8.649114994343019E-006
 -1.030834082913618E-005
 -3.755859676937345E-007
 -2.729865589637919E-006
 -3.554408418102729E-006
  3.365463373887377E-006
 -1.028216304699545E-004
  1.129195869046349E-003
 -3.702082337808846E-005
 -2.017171799385235E-004
  1.199680862497240E-006
 -1.376099439844328E-006
 -1.313717358236494E-004
 -3.253229542584995E-003
  3.680561908537447E-004
  3.667181063392800E-004
 -3.333148145534195E-005
 -1.269782399849700E-005
  2.172740996591254E-005
  9.004711668177102E-005
 -2.295490017458280E-006
  6.879721369405298E-005
 -4.169962360509939E-006
  3.112499774769993E-007
  3.219959993905544E-007
 -1.523063260156011E-006
  1.445446639860641E-007
  1.151228004747888E-007
 -5.078734869670174E-005
  1.612493736161164E-005
  4.701148066894475E-005
  2.216642791998174E-005
  1.270558194571067E-005
 -2.086174344748621E-005
 -1.128228487194145E-005
  4.512226681551422E-006
 -1.088414304804029E-005
  8.491619199486206E-005
  3.352931256135828E-005
 -5.508390045101817E-005
 -4.202882406199153E-005
  1.598914736820306E-005
 -4.288736793287054E-005
  9.437409524075852E-007
  5.826734366423304E-007
 -9.701360376641050E-007
 -4.306574610834349E-007
  4.206299422217472E-007
 -5.130834913241503E-007
  5.359879757642843E-005
 -1.563638233163866E-006
 -1.291712985137288E-005
 -2.317764018124123E-005
  2.196080525580864E-005
 -3.042115739518720E-005
 -6.612951494289574E-006
  7.458432884836576E-007
 -4.506670632234858E-007
  1.073895931427130E-005
  6.842544169704667E-006
  9.099895168597423E-006
  5.481423974409790E-008
 -5.313298358591128E-007
 -9.102860077159514E-007
  3.273322996941995E-007
 -8.451306864845650E-006
 -9.719665049447509E-006
  1.534317949246164E-005
  1.195008910316145E-005
  1.343005596224609E-004
  4.794920179920587E-004
 -4.747518963014837E-006
  2.123653109659545E-004
  2.049051183256324E-007
 -3.704628471885926E-007
  4.323836714583563E-005
  7.605542932688995E-004
 -8.602091815640566E-004
  1.471994301945344E-003
  9.220190454903623E-006
  2.050294495182964E-005
 -3.308349624399691E-005
 -4.617041199444536E-005
  3.491772245561963E-004
  5.253911732749894E-005
  9.700263542493872E-007
 -1.233634663839317E-006
  2.083458554655256E-006
  4.222770206085460E-007
 -5.702280723072197E-007
  7.445177610322018E-007
  2.137161448068017E-005
  4.297922892228389E-005
  5.068137158800469E-005
  1.507034101614331E-005
 -4.538036085852205E-006
  1.038713670249510E-007
 -1.097931012157354E-005
  3.319689360966604E-005
 -4.091030894569768E-006
  5.760665904665678E-005
 -2.771920922632270E-005
 -1.968692182609849E-006
 -3.331700715083961E-005
  6.893838823545047E-005
 -2.428965189581718E-005
  3.192960954183975E-007
 -4.099438304533007E-008
 -3.832481531421183E-008
 -2.513496143162378E-007
  6.535781898056092E-007
 -6.794648110215965E-008
  3.056060436557763E-005
 -2.930258192462525E-006
 -3.265771105150600E-005
 -1.420326247081436E-005
  4.873673083259466E-006
 -1.635734189476327E-005
  1.629762840167136E-006
 -9.279017195422024E-006
  7.709333731535588E-006
 -1.901996179678520E-006
 -3.730752280576567E-006
 -2.987292340822889E-006
  1.364049429497212E-006
  3.797905320480620E-006
  5.186868906930388E-006
 -3.835746350672069E-006
  1.410861787793189E-006
  1.883178047460676E-006
 -6.872282333638506E-006
 -3.669181795515269E-007
  1.316188407606951E-005
 -3.865667183828041E-006
 -1.368034814683996E-006
  1.030717439326180E-005
  2.220926396591311E-006
 -1.144964019874431E-006
  1.213704642672096E-005
 -1.986060064615350E-003
 -8.178105623355030E-006
 -7.455590078570815E-004
  1.934121400119926E-006
  6.646745389757143E-007
 -3.202509372437699E-004
 -1.266875622344316E-003
 -2.294733501687525E-003
  1.608727869301023E-003
 -8.572243128277756E-006
  1.852052753155960E-005
 -3.357200878816991E-005
 -4.180129133951695E-006
  5.640145980067997E-005
 -2.163664492944683E-004
 -1.739843892568001E-006
 -2.052393296227207E-006
  1.508564481067565E-006
 -4.824029485669157E-007
 -8.889726419644059E-007
  6.595092237691623E-007
 -1.418802978461444E-005
 -8.496579722878356E-005
  3.184990733167965E-006
  1.059800489244353E-006
  1.073609382392293E-005
 -1.190239967163374E-005
 -2.110399022508912E-006
 -1.996262818237602E-005
  1.050598533264560E-006
 -1.708218309109993E-006
  4.894818244263573E-005
 -6.233402791468650E-005
  7.400520418300569E-007
 -3.692416700925888E-005
  9.681662672799366E-007
  1.092641810930080E-007
  4.301039401968452E-007
 -4.804054625619520E-007
 -1.491067229577503E-007
 -9.726535516865606E-007
  3.984254186474237E-008
  1.119654797634783E-005
  4.155718344485810E-005
 -3.621161695996822E-005
 -8.413994723357773E-008
  1.419279986353798E-005
 -1.111240802911425E-005
 -1.359982804728356E-006
 -4.325093794905783E-006
  2.954381421503225E-006
  2.771891145057199E-006
  6.899383732665017E-007
  1.308057269127869E-006
  2.229545448016937E-006
  1.738188040974684E-006
 -2.363542549145026E-006
 -1.564189820825969E-006
  8.769146078702543E-007
 -4.078315619927713E-006
  3.588220336866321E-006
  1.048866452094055E-006
  1.136676629479557E-005
 -1.589339615256254E-004
  3.860050590080999E-004
  2.459782763091201E-005
 -1.031383752715860E-003
 -1.417409463857639E-005
 -1.690525984877207E-006
 -1.645059464599604E-004
  2.868935709180613E-003
  4.860774026354035E-004
 -1.446701654898210E-003
 -2.221868517546824E-004
  4.288245594668619E-006
  1.478737522531865E-005
 -5.753108731627737E-004
 -3.680131578308588E-005
  3.465965318664958E-005
  1.890781784070779E-006
  7.887387144633969E-007
 -2.051844944926135E-006
  1.930639524480932E-006
  2.495636694079644E-007
 -7.377637981206004E-007
 -3.488718006172127E-006
  8.949886964031845E-006
 -6.564557287693206E-005
  6.334584499570737E-005
  4.368871855013675E-005
 -3.173713199434204E-005
 -4.433980029777747E-005
 -3.738735357734535E-005
 -1.900604469792989E-005
  1.010827395901788E-004
  9.610496028663755E-005
 -6.185914136531495E-005
 -8.126658364021374E-005
 -1.017728260507265E-004
 -1.981615594996508E-005
  1.428733260083084E-006
  9.043592255189251E-007
 -6.059120187163436E-007
 -1.005480460160976E-006
 -7.522271656847554E-007
 -4.232527999221084E-007
  1.914286455535172E-005
  2.042314245865307E-005
  2.664484146016396E-005
 -3.161102393840937E-005
 -6.441227013216748E-005
  1.246815938305764E-005
  7.071755636875541E-006
  4.507481858850810E-006
 -1.102101302392247E-005
 -5.135671516298157E-006
  1.411549404328193E-006
 -1.607959539432847E-005
 -9.721946848000128E-007
 -2.345379183379273E-006
 -1.590897804450772E-006
  4.455464069100580E-006
 -1.065299629144499E-006
  8.945692880552341E-006
 -1.383959932064316E-005
  1.390474579188649E-005
  2.994108441909904E-006
 -1.070884690445299E-005
 -1.282929428926510E-006
 -5.537378349384542E-007
 -5.096904593772811E-006
  4.797779051860537E-006
  1.638987709105574E-004
  3.472201409041292E-003
 -3.745917413215019E-005
  1.850237901961336E-004
 -3.721685752779233E-006
 -2.750103698851040E-006
  2.803911514767017E-005
 -3.139890825031810E-003
  3.584271997442635E-004
 -1.160804356269599E-003
 -4.085941197784607E-005
 -3.320233225470167E-005
  4.450897387630606E-005
  8.862147105285386E-005
 -9.272648815669921E-005
  1.646604597873823E-004
 -4.011979434481266E-006
  2.099094475659409E-007
 -1.238265415283081E-006
 -1.536060074823850E-006
  1.266387811502155E-007
 -4.368255129196961E-007
 -4.108476027701857E-005
 -5.557703639007997E-006
  2.121046209276435E-005
  2.499423514795009E-005
  1.354981937268883E-005
 -1.380117100766801E-005
 -9.054358115939785E-006
  9.907034528023009E-006
 -1.593987703201031E-005
  1.029419134103771E-004
  3.137531100229265E-005
 -1.940518279613680E-005
 -4.292092345629001E-005
  2.269667809879650E-005
 -6.002098995408707E-005
  9.686952696730755E-007
  6.650311022259432E-007
 -7.212675754505420E-007
 -2.617886837336368E-007
  8.208365278138302E-007
 -7.069065859394387E-007
  5.391700844986711E-005
  4.669760076978567E-006
  8.510608393214540E-006
 -2.220475121092773E-005
  1.292741895610282E-005
 -3.171225723893938E-005
 -7.628722860856102E-006
 -6.454032112239366E-007
 -3.755591735208043E-006
  1.269498677987632E-005
  5.862476785356634E-006
  1.019118180269198E-005
 -1.036964837002148E-007
  1.413118319087497E-006
  9.564926623245808E-007
  7.808244720401817E-007
 -1.159513192776041E-005
 -1.241740948326983E-005
  1.500517977686900E-005
  1.340383149137550E-005
 -3.679610275704818E-006
  2.138156429190573E-005
 -2.936934265083985E-005
  1.293725784157526E-004
  9.973874467148280E-007
 -5.377181800076598E-005
 -2.004672501525345E-006
 -2.499982835851857E-007
 -3.581378026624423E-006
  1.904597273140613E-004
 -1.326525059791639E-005
 -5.989528987709006E-005
 -1.288823813294761E-005
 -6.623711027076094E-007
  1.854688511221370E-008
 -4.931133393169954E-005
  8.554469188293585E-005
  3.407499118474814E-005
  9.551621600453463E-008
 -1.117836583711916E-007
 -7.038235943935352E-008
  1.377567532192776E-007
 -1.655009150392675E-008
 -3.744803502248438E-008
  3.154055722827822E-008
  1.473953241965142E-005
  1.567008047513352E-006
  5.493109014193993E-006
 -5.423386044339676E-006
 -3.094976253487164E-006
 -3.240416899663938E-006
 -1.162292174392459E-006
 -2.252692114530055E-006
  1.112080634494274E-005
 -1.709072519072887E-005
 -6.737898907704962E-006
 -6.951255200384330E-006
 -3.538444116039679E-006
 -4.169551144558409E-006
  1.160522266763910E-007
 -1.024539195948287E-007
 -6.241195273588568E-008
 -7.387905017586103E-008
 -2.356371392362955E-008
 -4.217317650052996E-008
  8.108958538497503E-007
 -5.881966331211782E-006
 -6.145135306842319E-007
 -1.323146372589181E-008
 -6.648795818773531E-006
 -7.976643901238585E-007
  1.058303761284233E-006
 -1.912422947176739E-006
 -1.124533301729769E-006
 -1.863505257282216E-006
  4.743176492309952E-007
 -1.311406026570483E-006
  4.428775040468720E-007
  2.762171572408003E-008
  5.837904350361234E-007
  3.656371953352298E-007
  8.000448881032897E-007
 -4.012748214211169E-007
 -2.697169560192525E-006
 -1.538966191975028E-006
  3.293080523176094E-006
 -8.611684723348412E-007
 -1.940709221783725E-008
  1.985230558924344E-006
  4.594960980746286E-007
  2.373130004227271E-007
  7.184487326001660E-007
  3.774433314934361E-004
 -2.125510064632195E-006
 -5.838925245643840E-005
 -1.430070645427674E-006
 -4.086869120956011E-007
 -1.797427964648312E-005
 -1.643548392357220E-004
 -5.611913423527581E-004
 -8.969081921294175E-005
 -5.699175384050735E-006
 -1.240232341878911E-006
 -1.148571304917519E-006
  4.143919922995883E-007
 -1.205724897963246E-005
 -2.389649822878780E-005
 -2.761575086254485E-007
 -4.555020355719816E-007
 -2.095768290879914E-007
 -8.067966181823202E-008
 -2.232989809789865E-007
 -7.859207452517824E-009
  2.292616564654661E-007
 -2.589388106118150E-005
 -6.698958280282250E-006
  9.877254676662759E-007
  1.431481954914509E-006
  7.633575322115023E-007
  1.777852839539964E-007
 -3.615189334234803E-006
 -1.165510751620272E-006
  4.870974979868552E-006
  6.550122078751149E-006
  3.345694986023313E-007
 -1.800000774739566E-007
 -8.132347013150478E-006
 -4.690974902394596E-006
  2.143582863033404E-008
  7.259680635696897E-008
  1.704411780637990E-008
  2.039463814199843E-008
 -1.206797582702411E-007
 -4.183046677233247E-008
  1.589541734143665E-006
  8.351757003917264E-006
 -1.925739536122073E-007
  7.537012415564297E-007
  2.605375575664887E-007
 -2.343242975700095E-006
 -6.594672936023521E-007
 -1.198934913594053E-006
 -3.891773295500848E-007
  1.186903958338881E-006
 -5.788224159586594E-007
  7.914979224681753E-007
  4.457608177633934E-007
  1.059967460095089E-006
 -1.383475396961277E-007
 -2.235967101816679E-007
 -7.043090385555611E-007
 -1.752107499670260E-006
  5.512091020702623E-007
  7.503238366667735E-007
  5.239861149313230E-007
  1.362603278999910E-006
  3.540378340997680E-007
  6.545977222862141E-005
 -4.364920924025869E-004
 -4.876932476602397E-006
  2.649098297677837E-004
  4.805218249709845E-006
  7.833510760986818E-007
  2.270856651070089E-005
 -9.593377948644442E-004
 -2.231687400885605E-004
 -4.166825133923042E-004
  7.265896357780408E-005
 -1.055383331393712E-005
  1.260799403515572E-005
  1.613834962386306E-004
  1.567461359644712E-004
 -2.653696652572534E-005
 -6.917922810376629E-007
 -4.641077751619135E-007
 -4.871878057180270E-007
 -6.287062367252262E-007
 -1.587212864616566E-007
 -1.825438136317998E-007
 -5.114065716471077E-006
  2.058541860123930E-005
 -2.025760430518919E-005
 -2.010092775188657E-005
 -2.430208259569518E-005
  1.781061121233596E-005
  1.143391644603432E-005
 -2.676156534610284E-006
  8.667011305852251E-006
 -3.139706610335430E-005
 -5.645820748019590E-005
  3.681820244444424E-005
  1.847422231148892E-005
  5.130349317563850E-006
  1.292284379186537E-005
 -4.487734604451692E-007
 -4.922165472499817E-007
  3.629413806037307E-007
  2.778973982967132E-007
 -4.830147531543246E-008
  1.708760621484560E-007
 -8.779393621036473E-006
 -5.312820291147436E-007
  2.501723808423772E-005
  8.506768105966604E-006
 -1.956732327493599E-005
  2.726255150698708E-007
 -1.871978811737653E-006
 -4.961450412478451E-006
  1.180903925539922E-006
  1.193145259143170E-006
  4.093347609708424E-006
  4.422791176069787E-006
  1.099280519257146E-006
 -2.297424178990805E-006
  1.663608854707014E-006
  3.721734178169609E-007
  1.522232136512528E-006
 -2.771954591309729E-006
  3.224692556718222E-006
 -5.601533886375275E-006
  5.251158769146563E-006
  1.034837476837692E-006
 -2.133538805018085E-007
  1.654138445274924E-006
  3.412016232815154E-006
 -1.626277000664382E-006
 -6.387697485239844E-007
 -6.430849234509266E-004
  1.628523169745685E-005
 -1.072156930607319E-004
 -1.947554630154446E-006
  3.741019935112370E-007
 -5.877121223011613E-005
  1.336600899380073E-003
 -9.782580124628171E-004
  2.979786787673848E-004
  8.960215483430499E-006
  1.089199636149353E-005
 -2.017498980401419E-005
 -7.454351333962102E-005
  1.456890557076638E-005
 -6.850098184524699E-005
  1.616651637203100E-006
 -7.618552564938538E-007
 -1.007121388139473E-008
  6.454362705006635E-007
 -3.894190266854307E-007
  1.443240659890167E-007
  1.625554989979145E-005
 -3.335769027871859E-005
  2.736752479143647E-006
 -1.052323465356692E-005
 -5.546598475688748E-006
  1.413138849672759E-005
  4.812926893039172E-006
 -1.028034804322554E-005
  5.710307760527752E-006
 -4.007657845717246E-005
 -9.153454697897402E-006
  3.150611685554153E-005
  1.940023929595294E-005
 -2.531922998422175E-005
  2.067633916121952E-005
 -4.530431038467672E-007
 -2.594424189999431E-007
  6.507258219318403E-007
  1.769793763639173E-007
 -5.618337044533297E-007
  2.760637274828499E-007
 -2.200709971387636E-005
  1.254915915740794E-005
  1.288354440103825E-006
  1.134809641602436E-005
 -6.114580875747814E-006
  1.065900329785201E-005
  2.347145082015640E-006
 -1.505326239013279E-006
 -5.509508949428665E-007
 -4.083979258915770E-006
 -4.383725842132193E-006
 -2.957455987131150E-006
  7.304654789884808E-007
  1.386702214251280E-006
 -6.860701979521640E-007
 -2.785837731028043E-007
  3.675020791016871E-006
  3.365751502942789E-006
 -7.410817659878124E-006
 -5.041933385146578E-006
  5.992553332217166E-007
 -5.983128987904035E-006
 -6.128016510691217E-010
  3.116068294456597E-006
 -1.440115451876837E-004
  1.142216886515321E-003
  4.361954469955550E-006
 -3.099855930453095E-004
 -1.102063829387554E-005
 -1.909190763555577E-006
 -2.657132682257652E-005
  1.476157678986884E-003
  5.499316097798717E-005
  1.851848583302999E-004
 -1.011995991193458E-004
  1.175731490744350E-005
 -1.782362002983808E-005
 -2.847814055073911E-004
  1.622912688798714E-004
  1.641799839873508E-004
  1.013152030929584E-006
 -8.442937793826496E-008
  1.474017382682953E-007
  9.167010005524745E-007
  3.628786922997144E-008
  1.581687326296996E-008
  7.066732083133671E-006
  3.035782644928118E-005
  4.097607844166587E-005
  2.907664865509266E-005
  5.037864755490862E-006
 -3.359939283447360E-005
 -1.636014733292230E-005
  2.809671082713296E-006
 -1.271650132217037E-005
  5.326960630824805E-005
 -4.203738142173259E-006
 -6.950149958468072E-005
 -2.850786805898838E-005
 -1.798254288608441E-005
 -2.476173824925967E-005
  6.452957664868759E-007
  1.284254619713384E-007
 -6.691565051389325E-007
 -4.029106192025782E-007
  4.763981844728073E-008
 -2.423851472842976E-007
  1.173323427157292E-005
 -4.738130994570169E-006
 -3.608080610371402E-005
 -3.795789180222352E-006
 -8.800356307797381E-006
 -7.937445091350566E-006
  4.311371864968585E-006
 -2.110199566413680E-006
 -6.765197480960238E-006
 -6.660750949767463E-006
 -3.453565122706227E-006
 -6.273364645138294E-006
  4.153923728584068E-007
  2.185872346380821E-006
  8.640224478384590E-007
  1.526441711526472E-006
  8.305678254870300E-007
  7.553122612326069E-007
 -1.017847033100606E-005
 -1.800160278763402E-006
  2.825525033831129E-006
 -6.915431976976879E-007
 -3.517977863833164E-007
 -2.895571138664583E-007
  3.000810979173421E-007
  3.489342481624171E-006
 -1.184689494268391E-004
 -1.191656342284534E-004
 -3.024896051667111E-005
 -2.925385709983880E-006
  6.374137564939919E-006
  5.341796113935862E-008
 -6.469623452391760E-005
 -2.489589087062491E-003
 -8.294935467426045E-004
 -1.335952252686425E-003
 -8.019766505070804E-006
 -1.937426294537494E-005
  2.047576977790302E-005
  1.344482412265501E-004
 -1.216284845067816E-004
  6.314982740833351E-005
 -2.929939212537713E-006
 -1.091270400510047E-006
 -7.705342770767048E-007
 -1.164995244276225E-006
 -2.490686094417169E-007
 -5.708156592827421E-007
 -2.474895694554251E-005
 -5.940136610610094E-005
 -5.031731122440629E-005
  1.771605940785555E-005
  1.746616028519302E-005
 -2.038228605763344E-005
 -2.818373207636538E-006
  8.752582135303802E-006
 -1.489768620021901E-005
  6.281509741158710E-005
  4.420834744701784E-005
 -4.295260165647114E-005
 -1.632300892138118E-005
  2.070268713805602E-005
 -4.649208849020593E-005
  8.183448224747492E-007
  7.676691537273259E-007
 -8.903642720236285E-007
 -1.379895862167261E-007
  5.029333219948703E-007
 -6.803552362580231E-007
  3.306592695170319E-005
  2.094665457245958E-005
 -9.729584336248212E-007
 -1.198959102835759E-005
  4.774606583351299E-006
 -2.107633592334560E-005
 -3.885004986331610E-006
 -2.368203593926060E-006
 -2.450412457510578E-006
  8.019934921800156E-006
  5.849347235424488E-006
  3.635080037194676E-006
 -9.710839604616060E-009
  2.716397993873101E-006
  2.397336112739908E-006
 -8.866184545417440E-008
 -5.266097728572430E-006
 -1.002626817530334E-005
  8.584133171232692E-006
  7.468693539447189E-006
  2.506357275133744E-006
  8.329599646270104E-006
  6.899939973709558E-007
 -3.363913097989581E-006
  7.956286183190469E-006
  6.941765060774521E-005
 -5.975499732757854E-004
  4.989621787564886E-007
  1.509676791449699E-004
  4.805438671618791E-006
  7.524328295312414E-007
  1.512036302779165E-005
 -6.201031389932569E-004
  2.401986840406487E-005
 -1.560531133207456E-004
  3.720773614312465E-005
 -1.090570413692073E-005
  8.653027403356848E-006
  1.063288805680804E-004
  7.038275573890394E-005
  2.675407136174975E-005
 -4.231107162324116E-007
 -4.909976597400858E-010
 -2.913815644731556E-007
 -4.078169177421711E-007
 -3.351018240774683E-009
 -7.459027165299089E-008
 -3.974150164671275E-006
  1.124223172436524E-005
  7.372068532571180E-006
 -1.386129122626553E-005
 -1.302452983418054E-005
 -8.708067894801471E-007
  6.526797206810389E-006
 -3.419683753270052E-006
  7.334494019455140E-006
 -2.539449743171113E-005
 -2.892883945222205E-005
 -3.753538832824396E-006
  1.142795945482375E-005
 -3.331906035340794E-006
  1.396653797688738E-005
 -2.937310396181051E-007
 -2.778557357484334E-007
 -5.339691548350420E-009
  1.633174301952234E-007
 -6.483832569303875E-008
  1.304136094228817E-007
 -1.005925823330493E-005
 -6.098358815883783E-006
 -1.799828473988294E-006
  1.077263372066522E-005
 -2.229814124101953E-007
 -7.133754873602932E-007
 -2.185208256632712E-006
 -2.121234439895267E-006
 -1.724764338329874E-006
  2.391021603167316E-006
  1.874553222216251E-006
  4.164603166730821E-006
  6.149095698795124E-007
  3.827222565049810E-007
  2.765057302567294E-007
  4.473473606082976E-007
 -6.504654828114528E-007
 -2.757312106225328E-006
  1.285658618714781E-006
 -1.859084600246911E-006
 -1.124692044934860E-006
  3.810481048681270E-006
  3.251289918138487E-007
  9.392593556924389E-007
  1.781925130783781E-006
 -7.416393248024068E-007
  2.322717107831832E-005
 -2.777342320332349E-004
  1.006619780572624E-005
  1.623579885150411E-004
  5.007647396931645E-007
  5.024784597094278E-007
  5.132411954098225E-005
  9.466230254149729E-004
 -1.971702415598860E-004
 -6.134323422817937E-004
  1.263342150339324E-005
 -7.291629932211396E-007
 -1.371426268178567E-006
 -2.278599072772308E-005
 -3.995629804160850E-005
  1.385715889082145E-005
  1.299611680805218E-006
 -2.185563818645686E-007
 -5.012056343229225E-007
  4.365866412258013E-007
 -5.842151106451378E-008
 -2.433488523615464E-007
  1.544744791598541E-005
 -1.616847934025176E-005
 -2.474871225070903E-005
 -5.691263912387632E-006
 -3.351618445725666E-006
  7.063591214650046E-006
  4.475571054532380E-006
  1.347477334858900E-006
  1.215692857855252E-006
 -2.194946335095355E-005
 -1.152155138425542E-005
  2.491867212057828E-005
  1.422100339020158E-005
 -6.333088512119924E-007
  7.728459960751974E-006
 -2.375031679468401E-007
 -1.552171722422497E-007
  3.348519143913168E-007
  1.717922257969862E-007
 -6.027761384138990E-010
  6.571094214985387E-008
 -1.574938178224849E-005
  2.607982029508157E-006
  9.269270207103363E-006
  7.199445186523218E-006
 -9.850867026563064E-006
  8.549936595725273E-006
  1.965496879507880E-006
 -2.833861860351110E-007
 -1.107954518963671E-006
 -2.874186753440356E-006
 -1.940754387217554E-006
 -3.022303885083283E-006
 -2.435635528259639E-007
  9.149167457892598E-007
  1.014076844513003E-006
  6.434592439147052E-008
  2.147032988475559E-006
  2.290669658166897E-006
 -5.368050967098252E-006
 -3.433748702438354E-006
 -1.395825223362679E-006
 -3.007350262988323E-006
 -1.835321001397311E-007
  1.431583121807175E-006
 -1.740073357747704E-006
  1.312155948430359E-006
  3.932411201448728E-004
 -0.121175271212755     
 -4.938409893685739E-004
  1.357626703535929E-002
  3.049734403733520E-004
  2.034578234258639E-004
 -2.038857080524464E-003
 -0.117814808666082     
  6.423980409465506E-003
 -8.794995936833203E-002
  1.628718757884054E-002
 -2.011986143297448E-003
  4.171188222861023E-003
  2.043490809993859E-002
  4.884709293171412E-002
 -4.338123724238604E-002
 -9.149004211439951E-005
 -6.959251766671372E-005
 -1.922560464614245E-005
 -5.225269598196338E-005
 -8.904883982660619E-006
 -1.420030700146682E-005
 -9.190643154022076E-006
  7.435818407177352E-003
 -2.217209971099703E-002
  1.741579957055920E-004
 -8.998898207808111E-003
  1.241319836277359E-002
  1.313493138721370E-004
 -2.766143080609162E-003
 -3.055073095777291E-004
  4.150171044937381E-003
 -2.297493325886533E-002
  2.574070135509986E-002
 -3.043120386917183E-003
  5.530012751197230E-004
 -1.107050658020197E-003
 -7.996778332836066E-006
 -1.810897700273090E-004
  2.407669496803572E-004
  9.992372192847167E-006
 -5.433877653241805E-005
 -1.995593860011102E-006
  3.163499902403727E-003
 -1.037848176955613E-002
  1.607092017994642E-002
 -5.630601637399315E-003
 -1.333092664340980E-002
  2.467101734995588E-003
  4.660556815359895E-004
 -1.804663659014118E-003
  2.670406585430455E-003
 -7.372852869417753E-004
  2.101527545115532E-003
 -6.608817576661933E-004
  4.955507792721894E-004
 -1.036477665072418E-003
  3.180113211975493E-004
 -5.446429734526789E-004
  1.342323457480575E-003
 -5.469066124396499E-004
  7.504071486388940E-005
 -1.192389077262600E-003
  6.705268436430670E-003
 -2.834581295179126E-003
  5.357323293502581E-005
  3.438522470844281E-003
  3.861869136345724E-004
 -1.171187728569390E-003
 -1.185589965901199E-002
  0.405793142721178     
  5.988162948365524E-003
 -0.204150549393209     
 -4.460382282913729E-003
 -6.434407719997360E-004
 -5.702750624067962E-002
  0.421020172758553     
 -0.539236337203415     
  0.851473596460721     
 -9.181477048575115E-003
  9.226051818179756E-003
 -1.331028902981351E-002
 -5.694634567384705E-002
  5.358780607582184E-002
 -7.978127767172838E-002
  3.209571006872925E-004
 -2.227409534005465E-004
  3.619148328545723E-004
  2.074835957107426E-004
 -2.512888149950080E-004
  3.899249769136252E-004
  2.950233887808824E-003
 -1.112633869397363E-002
  2.621586455331136E-002
 -4.406765337238994E-003
 -4.145242956512135E-003
  6.989683821161231E-003
 -3.036986689716041E-004
 -1.109964098050286E-002
  4.710464006210598E-003
 -1.378938471090184E-002
 -3.995875708510460E-003
  6.836920586477961E-003
  1.975502180011091E-003
 -2.365557389582622E-002
  1.181388253089075E-002
 -2.380691709046878E-004
 -1.718568103672395E-004
  2.817819713904929E-004
  1.179626383636170E-005
 -4.796902631985873E-004
  2.262729070683261E-004
 -5.425138330308410E-003
  4.565646502662561E-003
 -6.379931850801539E-003
  3.628891421324376E-003
  3.080392006634502E-003
  1.796246908984034E-003
 -7.658673708650865E-006
 -6.459779240413628E-004
  1.022573001800941E-003
 -6.554968910818433E-004
 -2.665338736136971E-003
  6.784729122077959E-004
  8.490599108596454E-004
  1.148362910199949E-004
 -1.901201808537573E-003
 -3.791364309403119E-004
  6.974372438591618E-004
  9.839323833747994E-004
 -1.041109731757317E-003
 -9.505924584156057E-004
  9.169556327584083E-004
 -1.141719273161880E-003
  2.674429193798136E-004
  1.096280328565781E-003
 -1.786261141514240E-003
 -1.839019893615478E-005
   1.23885440742903     
  9.462993100622642E-004
  2.406716538535440E-002
 -1.586091396952541E-004
  3.436519370173140E-003
  1.225214710359214E-005
 -3.159027558482478E-005
 -1.207456730611261E-003
  2.242367657556212E-002
 -3.723289362228804E-003
 -3.020448791918066E-004
 -4.102186643621924E-004
  7.237131050552357E-004
 -6.322264325942855E-004
 -8.483074267648629E-005
 -4.385140522368847E-003
 -2.380265671354292E-003
  3.064188640336030E-005
  3.501149358915219E-006
 -4.231081588604624E-006
  4.728869745376049E-006
 -1.676039870776747E-006
 -9.505708166746123E-007
  4.231760098982358E-004
 -9.999163357482740E-004
  1.301283307499754E-004
 -2.402315278325387E-004
  9.311100660242340E-004
 -3.164259492994814E-004
  1.015134643465984E-004
  1.656316727754916E-004
  1.387180634859402E-004
 -2.090427829429105E-004
  2.222314272482800E-003
 -4.799454024809752E-004
  2.984075862265693E-004
 -7.163480346934825E-004
 -8.936480328365892E-005
 -3.396294260726844E-006
  1.879524341884728E-005
 -5.579874584686274E-006
  1.042038855639083E-006
  2.927069875487772E-006
  2.354255405087761E-006
  7.985311801970245E-004
  1.631202291603780E-003
 -4.383476681825710E-004
 -5.444945857051614E-004
 -1.123938059765544E-003
 -2.540365944918631E-004
 -6.362693673772251E-005
  1.288676664972670E-004
 -2.551486812790281E-005
  1.362844321635697E-004
 -1.182145598930717E-004
  5.459637804959788E-005
 -3.876904261826712E-005
 -3.039951258532246E-005
 -1.256053864246562E-005
  1.863812690440843E-005
 -7.577809269953326E-005
  1.110980359330702E-004
  2.190369885173622E-004
  1.422389655960312E-004
 -2.388907770424650E-004
  8.509531250256857E-005
 -6.471535844275876E-005
 -5.292821970934680E-004
  8.304803939520607E-005
  1.034150695253686E-004
  7.174983745592080E-004
 -0.190110558279227     
 -9.858679374576402E-004
  2.993151529021765E-003
  8.709017744902265E-004
  1.611637957079217E-004
 -8.855221616460237E-003
 -9.966323158418974E-002
  4.643787239674935E-002
 -2.867174843821378E-002
  1.470497963189006E-003
 -2.888875079932712E-004
  5.278144110387855E-004
  5.489184334211086E-003
 -3.825544187795964E-003
  7.932809490757770E-003
 -9.443372113763884E-005
  3.201170186674647E-006
  3.645141409980450E-005
 -4.262559360708590E-005
  2.495671488730077E-005
 -2.290068819209594E-005
 -1.828057792120367E-003
  1.541580431304387E-003
 -1.758670100542981E-004
  5.999832402287435E-004
  7.193930650901198E-004
 -1.181169026041017E-003
 -1.218841906722380E-004
  1.078150828731928E-003
 -4.780990495565054E-004
  1.504080441045090E-003
  1.363399584622697E-003
 -2.356650852463683E-003
 -4.297648652882532E-004
  2.486186504860531E-003
 -1.074315575756837E-003
  3.842041594064593E-005
  2.671562800530348E-005
 -4.330405054825402E-005
 -1.328828027706934E-005
  3.671022330545530E-005
 -2.513213566357659E-005
  1.367479558870587E-003
  1.859297390677141E-005
 -4.333937031432137E-004
 -7.372209583704692E-004
  3.025940509348019E-004
 -6.302586005001175E-004
 -1.443000275160248E-005
  1.056075065105182E-004
 -9.314128280737339E-005
  9.853261074209524E-005
  4.441342993832314E-004
 -5.524260248728779E-005
 -8.348635325391599E-005
 -4.921493458207995E-005
  1.448515532512298E-004
  4.745207246315111E-005
 -2.156561009190294E-005
 -9.394562512462232E-005
  1.825593515733098E-004
  1.403381175795168E-004
  1.602320516344881E-004
 -7.564128730380801E-005
 -5.498259018084856E-005
 -1.016859723231138E-004
  2.588933956671680E-004
 -2.695779308339866E-005
 -0.157417914625921     
  3.557248968504040E-002
 -2.090888632325544E-004
  3.762534272599322E-002
  2.368215351797001E-004
 -1.071081778738744E-002
 -2.035242129550450E-004
 -7.852407899340739E-005
 -4.032094300597139E-003
  4.677571493851934E-002
  1.454545832233998E-002
 -6.222943276434133E-002
 -4.570005159983584E-003
  3.738358114942420E-004
 -1.869957908689384E-005
 -7.481885503371711E-003
 -1.047905206526054E-002
  4.463022645351822E-003
  3.937914816171323E-005
  3.507976234999570E-005
 -1.063966211445948E-004
  1.654700220038132E-005
  1.069345798229313E-005
 -3.690147748786767E-005
 -1.839086516515515E-004
 -1.569416757263866E-003
  9.411468509869414E-004
 -2.321965072669991E-004
  2.005851637583296E-003
 -2.415073986828722E-003
 -8.311268301827636E-006
 -8.814535217062189E-004
  2.405077755688268E-004
 -1.382130502419740E-003
  5.063510906839646E-003
 -4.698410073888566E-003
  8.082636335610024E-004
 -4.310095507708463E-003
  5.738668688587375E-004
 -3.303085300624440E-007
  3.969625084024225E-005
 -4.443979953509344E-005
 -2.275065328136546E-006
 -1.797585559639073E-005
  2.605373858198990E-006
 -1.814809323252828E-004
  3.605682829327623E-003
 -1.146885648723995E-003
  3.941488101263549E-004
 -1.671532991700968E-003
 -2.126678778010721E-004
 -9.785942918726392E-005
  4.191148040150239E-004
 -8.419548796459633E-004
  1.826134794030224E-004
 -1.868896730477824E-004
  1.109648081587694E-004
 -1.003936252434999E-004
 -8.105963670784267E-005
 -1.179339282845244E-004
  3.076715054512687E-004
 -2.486791785319754E-004
  1.573368110211795E-004
  1.863370230983499E-004
  2.459565842524094E-004
 -1.208224318279110E-003
  5.000809513435167E-004
 -8.428743750595722E-005
 -1.308391162024814E-003
  9.552550149669221E-005
  3.740180463088214E-004
  2.489851285289973E-003
 -0.223930260657769     
 -2.146826533272618E-003
  4.933491864645485E-002
  1.623246117760630E-003
  2.526236220046888E-004
  1.777506187984361E-003
 -0.174969429551693     
  0.131239758639418     
 -0.226621025451685     
  3.044173233146958E-003
 -2.453616432104451E-003
  3.431619404761538E-003
  1.502431782868570E-002
 -1.686606968782377E-002
  2.672276829536392E-002
 -1.486689850082725E-004
  3.094790116681786E-005
 -7.977558719925802E-005
 -8.123445816701059E-005
  6.615761166375453E-005
 -1.110540702618996E-004
 -2.522403975412175E-003
  2.647323734061679E-003
 -4.651549300021435E-003
  1.503170600590985E-003
  1.446085665078311E-003
 -2.019842841782300E-003
  1.213714377874082E-005
  3.207346046117190E-003
 -1.515307744369726E-003
  4.512702875431442E-003
  1.816615053744592E-003
 -1.784368636068080E-003
 -7.649354879231823E-004
  6.807451162534781E-003
 -3.747767387508260E-003
  8.486942046459844E-005
  5.736753794545670E-005
 -7.574988279039993E-005
 -1.135908143888362E-005
  1.314829590917409E-004
 -7.351033902571483E-005
  2.453901610616554E-003
 -5.711760087544429E-004
  1.479338787728500E-003
 -1.387836528620415E-003
 -4.807486934653582E-004
 -1.066065081996140E-003
 -4.703125272899671E-005
  2.006648581183433E-004
 -4.646787353676887E-004
  2.748140932123043E-004
  8.804138997071309E-004
 -1.337203350253142E-004
 -2.455056592107114E-004
  2.438161622439342E-005
  5.358521195137910E-004
  1.467657063810984E-004
 -2.309275612205769E-004
 -3.539349622553133E-004
  2.840180409322221E-004
  3.610603205878412E-004
 -1.995528852276747E-004
  3.317223630738895E-004
 -8.578557584719730E-005
 -2.902355898436140E-004
  6.112916897969052E-004
  2.072516303797298E-006
 -0.388666710044016     
  6.057724445887977E-002
  0.136543680613503     
  1.021181335241627E-004
  3.076753351047542E-004
  3.524431256331020E-005
 -2.426424690344191E-003
 -2.868734325175070E-005
 -2.948983640625934E-006
 -9.103100053620937E-004
  3.740532840201415E-003
  2.003793160336127E-003
 -1.667927140346662E-002
 -2.049739716559225E-004
 -2.571841620249404E-005
  2.447235684931248E-004
 -7.639194102975876E-004
 -4.305972370292843E-004
 -1.649367022128401E-003
  2.429075282293875E-006
  2.683742108454012E-006
 -2.117688846135432E-005
  1.881917614335039E-006
  9.880475301429240E-007
 -7.813355115355836E-006
 -6.790242651593900E-005
 -6.151254419311213E-005
 -1.075365049899978E-003
  3.452046775622473E-005
  5.020198316424892E-005
  2.225071541263348E-004
 -3.868902996978470E-005
 -3.033399574944610E-004
  4.168562213559976E-006
  3.141448972057860E-005
  1.480384829123809E-004
  5.267924926679198E-004
 -7.407743663635437E-005
 -6.911339033076440E-004
  4.266294691577576E-005
  9.387533692994582E-007
  9.828613181406340E-007
  4.724205488227883E-006
 -8.274021611802436E-007
 -6.056016479239995E-006
 -1.113512081192146E-007
  9.322560599658175E-005
  2.572492494122275E-004
  7.205407252467079E-004
 -2.203673494715706E-004
 -8.442755732530795E-004
  1.271417434749889E-004
  1.248251923177375E-005
  1.259908096978011E-005
 -1.131880484383623E-005
 -2.542463745840293E-006
  6.526179189231363E-005
 -3.490509394948095E-005
 -1.538195870709607E-006
 -7.395687428624821E-005
 -7.984493357651289E-006
  2.842522637669481E-005
  1.731200417013115E-005
  3.083348970536355E-005
  3.647502087916358E-005
  2.172075137855928E-005
  8.050628334139797E-005
 -7.365676388895273E-005
 -1.394471359178516E-005
 -6.245138910705276E-005
  1.100065106999193E-005
  8.658789409296395E-006
  2.537917305745612E-004
 -5.103124526551124E-003
 -6.095437743131741E-005
 -1.102806158531492E-003
  1.384836244593222E-005
  1.114413206963615E-006
 -1.714561419040788E-003
 -7.579357567586355E-003
  1.354575414670890E-003
  5.453578971471660E-003
 -3.784225578720832E-005
  1.390068548992805E-005
 -1.631368500891856E-005
 -3.476100710781189E-004
  1.353633147921926E-004
  6.988403417495277E-004
 -9.127185620115704E-006
  5.425669311391577E-007
  3.566275117927409E-006
 -3.248548314949089E-006
  6.037919075879719E-007
  1.511313514436970E-006
 -2.648004875109444E-004
  1.913113070150464E-004
  6.755480899311207E-004
  4.123823944932772E-005
  1.487170603614223E-005
  2.919521804926902E-005
 -3.072111427085418E-005
 -4.778792690201030E-006
 -1.051712517847354E-005
  1.435452803679272E-004
  4.000641709940311E-005
  1.007974651219599E-004
 -1.002024418412770E-004
 -1.013152321764219E-005
 -4.334283852665015E-005
  2.155743384406833E-006
  4.159877641966952E-007
  1.686826983253308E-006
 -1.555262938744250E-006
 -5.305278166292419E-007
 -6.004804456625831E-007
  1.600990924538648E-004
  2.595361545418703E-005
 -3.110015215945635E-005
 -7.192090703406856E-005
  9.031188598628840E-005
 -8.817818541979631E-005
 -1.474025758380930E-005
  8.198827298016427E-006
 -2.259786404329864E-005
  1.802053008514494E-005
  1.255878622174468E-005
  2.620024266628296E-005
  1.914327524539832E-007
 -5.982908455525234E-007
 -8.773125555378376E-006
  7.732051629617053E-006
 -1.706344786661662E-005
 -8.343434786538269E-006
  1.359476770484271E-005
  2.400021538789522E-005
 -7.983838518954847E-006
  2.719012821195463E-005
  1.329996758549536E-008
 -1.093191816808017E-006
  8.303534883781782E-006
 -4.167191962678232E-006
 -8.769391598758801E-004
  1.024391603989897E-003
  2.052457768080047E-003
  2.979299147260575E-004
  2.858163840966514E-004
 -2.717213842162749E-003
 -1.843065104994039E-005
  1.555757259894603E-003
  4.062530788264372E-005
  4.432949971506790E-006
  2.513972717007568E-004
 -6.333313249171296E-003
 -4.360711868701443E-004
 -3.139178766975422E-004
  2.354939813532498E-004
 -5.778422624371676E-005
  2.638093411926645E-005
  1.031905413069606E-003
 -7.891680652119073E-004
  5.152102469204964E-004
 -4.875054735312497E-006
  4.033421402212508E-007
 -1.948923049605874E-006
 -4.311969575113410E-006
 -7.090991260607758E-008
 -5.041955763089602E-007
 -5.389507883647263E-005
 -1.322746048469796E-004
  3.060467183175190E-004
 -1.679525228446291E-004
  3.808544455328368E-005
 -1.093075628039678E-004
  9.542184363498352E-005
  2.925615136666632E-005
  7.253067920964560E-005
 -3.839657617754848E-004
  1.702879572723152E-004
 -2.340325108152403E-004
  2.351016949014327E-004
  5.061175451213915E-005
  1.488640668740521E-004
 -3.533865456254424E-006
  6.474619241269224E-007
 -2.014683583149827E-006
  2.183901619358382E-006
  6.195757021633282E-007
  1.349963836896042E-006
 -1.679635789472425E-004
  1.571785926135479E-004
 -1.604843583732529E-004
  1.923102848226613E-004
  2.678593585756041E-004
 -2.434670587541882E-005
 -2.823100003245195E-005
  2.229828953156918E-005
 -3.817292679380202E-005
  3.350284053609277E-005
 -1.591847790690029E-005
  5.119015956126310E-005
 -5.841415505273289E-006
  9.341311109567640E-006
 -4.774043015749308E-006
  9.610538561411462E-006
 -2.264103556386085E-005
 -1.071159253417476E-005
  3.421921413310046E-005
 -2.627319259943813E-006
 -1.260747869815856E-004
  7.055042595152635E-005
  2.295153944050931E-006
 -5.566595421200562E-005
  3.826130702021971E-006
  7.148913359635057E-006
 -4.728657659315745E-005
 -6.307530226515335E-003
  4.075213630639717E-005
  4.208858417161460E-003
  5.320432734384149E-005
  1.165995586722521E-005
  1.500370666593563E-003
  5.853558069776726E-003
  9.098430423110806E-003
 -1.407158145710352E-002
  2.294953899699637E-004
 -1.048976372930536E-004
  1.516350397633166E-004
  4.665371985419217E-004
 -7.525219741327867E-004
  1.150360461123382E-003
  1.060467677848210E-005
  4.951940055757836E-006
 -7.751510070023869E-006
  2.462097607794486E-006
  4.075745767776211E-006
 -6.229436503534701E-006
  1.230296907049064E-004
  2.242258862464308E-004
 -4.568626449786814E-004
 -9.517430544665136E-006
  3.912143668090863E-007
 -9.471197480593467E-006
  3.949789981471592E-005
  1.573403019816203E-004
 -2.998046927005078E-005
 -7.006880357740965E-005
 -1.181747133122696E-004
  1.692662026281765E-004
  9.609269949503496E-005
  3.083803209023329E-004
 -2.602389591762531E-005
  1.689775784425501E-007
 -1.350497404490933E-007
  2.039734953630269E-008
  1.288089239995073E-006
  6.272992031890815E-006
 -1.457066818437623E-006
 -1.011898121459748E-004
 -1.144153709985307E-004
  1.710033818152862E-004
  2.025707256387803E-005
 -1.214311684272050E-004
  8.093273958209678E-005
  2.140005417142970E-005
  1.272658411350182E-005
 -1.689696225124334E-005
 -2.723310522260784E-005
  1.330228655322953E-005
 -3.696705729168127E-005
 -1.429105908164295E-005
 -2.370247171141777E-006
  3.014659313142704E-005
  6.422403140795037E-006
  1.489923741583000E-005
  2.199467998332381E-005
 -3.738134690937917E-005
 -2.421820429548297E-005
 -3.139568426493612E-005
 -2.047950795200704E-005
 -6.482258178808043E-006
  3.710470008491731E-007
 -2.547905446899682E-006
  1.233676663617667E-005
 -1.446663743506028E-002
  1.449741558148397E-003
  4.322458483358287E-003
 -3.604533557349533E-005
  3.033237849425945E-004
  6.173063884265496E-005
 -1.845817004829110E-003
 -2.557969875324721E-005
 -6.859587099654612E-005
  1.984289848630333E-005
  5.478042391885936E-006
 -6.163007047762365E-005
 -2.969732612877969E-003
 -4.868003271631370E-004
 -8.868980386772434E-004
  2.278296435815491E-004
  3.016027392963675E-005
  6.221643868327997E-005
  6.306298566871433E-004
 -2.148199454933553E-003
 -1.616976743008456E-003
 -2.498018873471198E-006
  9.239292926992008E-007
  6.937524202533745E-007
 -1.315836393341985E-006
 -1.275627208821420E-007
  1.355121669094810E-007
 -2.129595801717161E-005
 -3.660195471662276E-004
 -4.830919704430689E-004
 -2.302790251115912E-005
  1.343339861770411E-004
  2.728303042810053E-004
  2.435464776100457E-005
 -9.778903864861483E-006
 -1.326745249845445E-006
 -5.936818184586593E-005
  4.226880370966871E-004
  5.903038961906240E-004
  4.059465624476643E-005
  1.289399954613882E-004
  1.877352560109950E-005
 -7.041329460848633E-007
  2.704863569569470E-006
  5.295494407873771E-006
  6.400157298474553E-007
 -1.642534287913053E-007
  6.411721623740796E-008
  2.373311183933042E-005
  1.157569313495051E-004
  3.552172496897500E-004
 -1.107393054684261E-004
  4.341798712581996E-005
  8.700619362909563E-005
 -2.297977034604462E-006
  4.450002404202092E-005
  6.858021021508264E-005
  1.856968492008875E-005
  8.352454076232412E-006
 -1.167575381627536E-005
 -1.118803750864916E-005
 -2.550463211990165E-005
 -1.093591151607344E-005
 -1.435852603172700E-005
  2.270129344554231E-006
  3.270409090648577E-005
  5.581175997621684E-005
  4.326941913994816E-005
 -4.425544168780829E-006
 -5.007980717361085E-005
 -1.316668541072142E-006
 -4.118549590682578E-006
 -2.875408528326935E-005
 -1.723107012851142E-005
 -1.275449776647917E-005
  9.783710651047496E-003
  1.103297976321116E-004
 -1.890804218938529E-003
 -7.347471143257119E-005
 -1.111806504045139E-005
  5.573464506670393E-005
  8.183778150610600E-003
  8.687712987726194E-003
  1.804480748277412E-002
 -1.420502247533457E-004
  1.473348091975405E-004
 -1.269350005949136E-004
 -8.396824658204779E-004
  1.483212638836302E-003
 -6.885980244815042E-004
  6.980220454665234E-006
  1.184878389742624E-005
  1.058200175812314E-005
  3.794901645682273E-006
  2.435872287729715E-006
  7.684038672029203E-006
  1.330011037073578E-005
  6.577230156116528E-004
  7.350208495671468E-004
 -6.704107796771233E-005
 -1.031648618382547E-004
  9.071254439463193E-005
 -3.604341163603753E-005
 -9.821644436691568E-005
  1.030844896037499E-004
 -1.963602564313360E-004
 -2.186499213603659E-004
  7.508326617601080E-005
 -6.371225938872778E-005
 -1.853852420121431E-004
  2.600725158200638E-004
 -3.737535164541148E-006
 -4.296627547954224E-006
  3.402120045621039E-006
 -9.215058789823690E-007
 -4.066471959224729E-006
  4.659041043523518E-006
 -6.205761721613803E-005
 -1.997908976598458E-004
 -9.084618844196532E-005
  6.232186481829257E-006
  8.657325967335636E-005
  5.582543073430876E-005
  2.595586595697698E-006
  2.043348232797618E-005
  3.198914111194898E-005
 -2.320601160124096E-005
 -2.712587068580657E-005
  1.541925181414786E-005
  4.371873283681596E-006
 -3.150387448605346E-005
 -3.354910217902097E-005
 -1.617555419651753E-007
  9.073179728747811E-006
  4.659242325150661E-005
  2.864898018082383E-006
 -1.188166695253224E-005
 -8.819310998301034E-006
 -1.533787223371118E-005
 -1.544143657278550E-006
  7.630797782137572E-006
 -4.195999227967096E-005
 -3.498565266739985E-006
  1.652826357018276E-002
 -2.399623732855112E-003
 -5.731204982885839E-003
 -1.081541248241873E-005
 -1.665614701660905E-004
  4.128095877618253E-004
 -4.555536586745157E-005
  3.587761991109306E-003
 -5.676238629429299E-006
 -5.937857415075230E-004
 -6.483279991005768E-006
 -4.646786307184868E-006
 -1.990058513442812E-004
  3.683669942121305E-003
  3.287541976535006E-004
 -7.333875390673462E-006
 -2.935600178513935E-004
  1.066939304967726E-004
 -7.765577215693460E-005
 -3.207443011854923E-004
 -2.303074644221676E-003
 -3.376921894937362E-004
  3.558656584860675E-006
  3.077711279285690E-006
 -9.574316144720282E-007
  1.523903820060518E-006
  5.407647956818164E-007
 -2.520353683343866E-007
  2.249290641424767E-005
 -3.827688431329056E-004
  6.376901774993426E-005
 -1.652292578984712E-006
  2.906230880990664E-004
 -9.678468242149365E-005
  1.139423043318849E-006
  2.066594481765220E-005
  5.128695356658631E-007
 -6.557939440484941E-005
  7.589096557388013E-004
 -1.714667089433084E-004
  6.329632316500731E-005
 -8.940060323795337E-005
  2.283071239842096E-006
  2.158257444683997E-007
  5.834521135892118E-006
 -1.822527298888246E-006
 -1.689803664143568E-007
  3.764494727653077E-007
 -4.684537805404295E-008
  4.041423632307088E-005
  3.270607744613987E-004
 -9.526866786181164E-005
 -3.528338199440865E-005
  8.612547929847925E-005
 -5.130854328662233E-006
 -8.617614486660676E-006
  6.515572758445943E-005
 -1.528941626744879E-005
  2.568653510176140E-005
 -3.588144388341589E-005
  1.663083582206303E-007
 -1.662490537253609E-005
 -9.594825289695741E-007
 -1.528101146685116E-005
  5.416299598806122E-006
 -2.454566114960938E-005
  3.422027033243776E-005
  3.885114106537224E-005
  5.380060566083363E-005
 -1.182217784013269E-004
  1.983637778799451E-005
 -6.142369899670123E-006
 -1.010083293728373E-004
 -1.579316063342739E-005
  2.071906276915501E-005
 -1.704864329496763E-005
 -1.532906272016384E-002
 -1.445112068315625E-004
  2.570141132822676E-003
  1.039311659172591E-004
  1.627155279678507E-005
  1.790746465560827E-004
 -1.262356133298102E-002
  1.700970849210059E-002
 -7.104084258117207E-003
  1.685064260085704E-004
 -1.107121506568668E-004
  2.141290628275164E-004
  9.742839308639541E-004
 -4.585973800346702E-004
  1.658149520698273E-003
 -1.170982639630152E-005
  1.015519680063786E-005
  2.007563451719985E-006
 -5.794009963024398E-006
  7.365327139025581E-006
 -4.322935589766467E-006
 -2.202136187572443E-004
  6.377576281145667E-004
 -3.238263834254271E-005
  1.002210419698728E-004
  7.777515515975461E-005
 -1.700286839114956E-004
 -2.975982265977099E-005
  2.195037716101113E-004
 -7.046121931010183E-005
  3.035899877812765E-004
  7.416355227821992E-005
 -2.767919491153181E-004
 -1.263552064747110E-004
  4.965444544955323E-004
 -1.772347813065655E-004
  5.624291244214039E-006
  3.012788073600839E-006
 -6.724626354313459E-006
 -1.943226832068515E-006
  8.993420176274655E-006
 -3.681064412145523E-006
  2.005997150267558E-004
 -1.763314150562424E-004
  2.224775574602732E-005
 -1.289591482121774E-004
  2.936270325202662E-005
 -7.164056681457845E-005
 -4.430643788327520E-006
  3.014101725202547E-005
 -9.612008788561805E-006
  1.436816776876223E-005
  6.834390255411137E-005
 -1.076236403779671E-006
 -1.834193193561045E-005
 -2.128106767759079E-005
  2.488477855480590E-005
  1.029769215538420E-005
 -1.489804354709741E-005
 -6.672692507605380E-006
  4.200139051146752E-005
  2.893086368571485E-005
 -8.518013816373386E-006
  1.576326695557737E-005
 -8.813865196841524E-006
 -2.529821831679324E-005
  3.311428809812995E-005
 -5.567724064891428E-006
 -2.477558427226568E-002
  4.178581561376816E-003
  8.443016879084109E-003
  1.126250772835406E-004
  2.509395878280592E-004
 -2.576047694627082E-004
  6.163773986687210E-004
  8.757915506808795E-004
 -1.424897068682904E-002
 -1.355200335060914E-005
  4.326769068281457E-003
  1.372947810216700E-004
  1.971817200390071E-005
  7.748368494340731E-004
 -2.285596005735667E-002
  7.154868940097289E-004
 -3.897274162423411E-003
  8.256027857943878E-004
 -3.215492713676059E-004
  2.255931084146623E-004
  3.336743799516221E-003
 -1.469052425531279E-003
  1.842868857154669E-003
 -1.881903288740607E-005
  2.634107857203092E-006
 -9.880357403908286E-006
 -1.451374542191993E-005
  7.837679982802099E-007
 -2.825818893102820E-006
 -2.305732610419667E-004
 -2.018703228115662E-004
  8.167753749551777E-004
 -5.192126610257670E-004
 -6.429145853714834E-005
 -3.051814121226916E-004
  2.858732865411574E-004
 -1.399841061900523E-005
  2.333393744846096E-004
 -1.210205275010549E-003
  8.120903117576121E-005
 -6.816379364685007E-004
  6.835049965246588E-004
  4.201636494187926E-005
  5.267002784858903E-004
 -1.102960225606713E-005
 -1.789901531195391E-006
 -5.556270692652283E-006
  6.755512934172302E-006
 -1.212901705802105E-007
  4.274089321894823E-006
 -6.153942751688867E-004
  2.215096356643508E-004
 -3.917196129957019E-004
  6.467711424065818E-004
  7.763256482715934E-004
 -3.137686723769518E-005
 -8.525446424488778E-005
  4.171186998223497E-005
 -1.294404636107468E-004
  9.500060787298489E-005
 -1.413607425516864E-005
  1.607627848616784E-004
 -8.586924935357233E-006
  2.844187273335232E-005
 -1.595109517616327E-005
  3.366619695913149E-005
 -6.118204232339553E-005
 -6.046319967511689E-005
  7.964691856049156E-005
 -2.941465334890905E-005
 -3.358979113797907E-004
  2.129607803190957E-004
  1.560637426556239E-005
 -1.052244974580054E-004
  1.364407687842971E-005
  8.525859632504600E-006
  7.378835241416931E-004
  2.322603189982562E-004
  2.577167765373198E-004
  1.321541966443581E-002
  7.172007537303867E-005
  2.008887994678233E-005
  5.503891939122353E-003
  3.078463415395746E-002
  2.098345058517668E-002
 -4.306205427631036E-002
  5.849795894705398E-004
 -3.024111169660304E-004
  4.114442672225252E-004
  6.955119549206760E-004
 -2.180023136990870E-003
  2.839915606872950E-003
  4.571866764024434E-005
  1.276668528807833E-005
 -3.001096490401369E-005
  1.313318193563140E-005
  9.196966796277497E-006
 -1.787056423725118E-005
  5.978031236376114E-004
  3.931104267572225E-004
 -1.433660571542194E-003
 -1.061190477264150E-004
 -8.591558763416270E-005
  1.287848726139851E-004
  1.501949149754617E-004
  3.703849660210052E-004
 -4.407586724904673E-005
 -4.240983411436983E-004
 -5.475078530824605E-004
  8.908868737388526E-004
  3.854276728511644E-004
  6.683376306809963E-004
  3.867066829253392E-005
 -4.070406099742894E-006
 -3.778662060510447E-006
  6.242742339067042E-006
  5.948762963136618E-006
  1.522694235118864E-005
 -1.878356863393724E-006
 -4.907079072027369E-004
 -3.196516231637846E-004
  6.102151234095190E-004
  1.614079614583275E-004
 -4.402750418782517E-004
  3.292999457444093E-004
  7.132497163721854E-005
  2.641263956424817E-005
 -5.187486140864130E-005
 -9.894025464832169E-005
 -1.345065453324077E-005
 -1.150346602633340E-004
 -3.571054484451977E-005
  5.264779381351204E-006
  8.071899496931115E-005
  1.553669400909670E-005
  5.143829428285249E-005
  8.053224426258043E-005
 -1.534206043842510E-004
 -9.728268880024627E-005
 -1.211724760129993E-004
 -5.703219404831117E-005
 -1.395135655123288E-005
  1.664010567097149E-005
 -3.867817460888179E-005
  4.559349957109317E-005
 -2.786416987170576E-002
  5.827773775336550E-004
  7.097703358466145E-003
 -1.967320689745092E-004
  8.147474038142364E-004
 -2.889308387890565E-004
  3.043090579714321E-004
  2.593728495490658E-003
  4.925906050548119E-004
 -3.909481213158312E-003
 -9.878703114600365E-005
  1.070197920993839E-003
  6.952002150370050E-005
  1.388817493644636E-005
 -2.031510295587414E-004
 -7.427050377777855E-003
 -1.263639866551637E-003
 -4.732102870770270E-004
  8.322279168600109E-004
  1.493437152195084E-004
  8.925544787749166E-005
  2.215826699264263E-003
 -5.683687186998271E-003
 -4.888764628660466E-003
 -4.019415450438006E-006
  2.776663215987214E-006
  4.608066021676594E-006
 -4.317477667827978E-006
 -3.695962434361032E-007
  1.482500392841946E-006
  1.777155939361250E-005
 -1.010990287066339E-003
 -1.338984300063987E-003
 -1.201162307084579E-004
  3.458375462557251E-004
  7.874841728564464E-004
  9.928966863041806E-005
  3.213363718746268E-006
  2.082656207803982E-005
 -1.780728625975007E-004
  1.071687582442260E-003
  1.707470369684165E-003
  1.448946903862595E-004
  3.301885513114759E-004
  3.317817221124116E-005
 -3.035243102793899E-006
  6.905220628059973E-006
  1.530846709459186E-005
  2.383976881188703E-006
  1.001583857379779E-007
  6.512662216051958E-007
  1.993352562258130E-004
  3.200221783449405E-004
  9.287059416915889E-004
 -4.023960081158213E-004
 -7.719530789162198E-005
  2.030607518900083E-004
 -1.518745704054998E-005
  1.118771841185583E-004
  2.122147744668215E-004
  6.411091147527920E-005
  2.277384850367040E-005
 -1.854854035362926E-005
 -2.776760615664807E-005
 -6.937501530825661E-005
 -2.857436564861412E-005
 -4.761325305285495E-005
  7.516089267228829E-006
  8.279897009909717E-005
  1.777052579858728E-004
  1.140717536259463E-004
  2.534920269674924E-005
 -1.366200214276328E-004
 -7.996124345476755E-006
 -3.298858424355969E-005
 -5.881059706266690E-005
 -4.823889124743770E-005
  6.460394534211592E-004
  2.731068913475737E-003
  2.452429605701609E-004
 -6.638908471480161E-003
 -1.208928262261209E-004
 -1.248116546476967E-005
 -1.519744399158549E-003
  1.448617993713043E-002
  2.334000229459033E-002
  5.250225091225150E-002
 -2.434235260037516E-004
  4.617566427346205E-004
 -4.198088504818318E-004
 -2.087561643073388E-003
  3.944390383574308E-003
 -1.712875970734821E-003
  1.141046118971084E-005
  2.912049476216286E-005
  3.735155956029856E-005
  7.364132119617164E-006
  7.120699602148117E-006
  2.123455869732491E-005
 -1.406792872522289E-004
  1.800825238436826E-003
  2.104731439462409E-003
 -1.568622317675638E-004
 -2.276950922094615E-004
  1.512198061329173E-004
 -1.074257169967738E-004
 -2.306201101178231E-004
  2.642879487643375E-004
 -5.197302678540437E-004
 -4.609791210465876E-004
 -6.174309395312778E-005
 -1.755649447155073E-004
 -4.037972219722022E-004
  6.952952125695510E-004
 -7.729845972804914E-006
 -9.975291994522052E-006
  6.073226478488830E-006
 -3.868691480887297E-006
 -1.106280941896407E-005
  1.159853745369221E-005
 -7.278284398782553E-005
 -4.839106521960397E-004
 -3.697524715518490E-004
 -2.917366419616935E-005
  2.839970217233550E-004
  1.019565081839949E-004
  9.897487843231137E-006
  6.250751988521465E-005
  8.682657415003955E-005
 -6.191413875175969E-005
 -4.237331759098353E-005
  3.222167522206628E-005
  8.596935788922084E-006
 -8.925020833727303E-005
 -8.829832725198090E-005
  8.078780624111606E-007
  3.533401557401235E-005
  1.274344533731301E-004
  1.311354713517911E-005
 -3.069372388349979E-005
  1.071331645923730E-005
 -7.530832283853724E-005
 -9.585458981192676E-006
  2.012526138785727E-005
 -9.867807642955208E-005
 -1.107960284101213E-005
  3.545957802717055E-002
 -3.147345328514397E-003
 -1.120998091206566E-002
  5.572447852248186E-005
 -3.775582228311100E-004
  9.380767051463890E-004
 -3.818810079307076E-004
 -9.230855614619055E-004
  2.439350993606952E-003
 -5.137967609646836E-004
  5.807559764036880E-003
  5.568446051261975E-005
 -3.761062840487495E-003
 -3.598806208798380E-005
 -9.848446658480325E-006
 -5.910209253979581E-004
  9.300091450900348E-003
  3.672300818773132E-003
 -3.142516681021397E-003
 -1.105758843449508E-003
  1.518134391782560E-004
 -6.698386757586287E-005
 -1.564967082967479E-003
 -6.361548753926196E-003
 -2.486193279897900E-004
  6.118373010133828E-006
  1.152106226384186E-005
 -7.271363994151239E-006
  5.276771899127013E-006
  3.137310828193771E-006
 -2.331622548828990E-006
 -4.138189187728869E-005
 -9.651396144360725E-004
  1.593338249398487E-004
  8.237747604989620E-005
  7.422827092343278E-004
 -3.393231690000200E-004
 -5.000481048351108E-005
 -5.215703704621477E-005
 -3.237266556638511E-005
 -1.429189106785468E-004
  1.969918555142425E-003
 -6.479069749165169E-004
  9.535387080529528E-005
 -3.701880013829591E-004
  4.756503987325152E-005
  2.354856940337502E-006
  1.481552095062848E-005
 -6.450663860537376E-006
 -1.494748075011115E-006
 -1.079396553761984E-006
 -8.601088653263868E-007
 -6.264613540662524E-005
  6.912015118130844E-004
 -2.318460975768086E-004
  1.382419257972812E-005
  4.138268019710027E-004
  4.882194282689712E-005
 -1.149979321666532E-005
  1.850886186838982E-004
 -8.067690198748585E-005
  5.081014476779859E-005
 -8.333288035971016E-005
 -1.631076511780264E-005
 -4.436107891074447E-005
  2.933064904735165E-006
 -5.200538195166484E-005
  2.591461236091690E-005
 -6.759359423381244E-005
  8.213314079891702E-005
  6.211814231456508E-005
  1.480532650914174E-004
 -3.383084842756837E-004
  5.472751761001992E-005
 -5.089533112371937E-006
 -2.237505268736584E-004
 -6.686454146180121E-005
  5.387746151969776E-005
 -1.295043545787413E-003
 -6.649534845285245E-003
 -3.068361975744806E-004
  9.265994721122005E-003
  1.663987195326778E-004
  1.840860491112853E-005
  2.820937196109649E-003
 -2.244161242132249E-002
  4.584909360426270E-002
 -2.452346111583619E-002
  2.483313585489183E-004
 -3.850268926988890E-004
  6.911285866126309E-004
  2.234560638322643E-003
 -1.219495518101953E-003
  4.269029582097813E-003
 -1.987711059193985E-005
  3.200300300504773E-005
 -7.470575207649287E-006
 -1.114778780547227E-005
  1.903305386352003E-005
 -1.230117981955566E-005
 -3.419777133215585E-004
  1.654615162443539E-003
 -2.344949789715384E-004
  2.301901902411228E-004
  1.205476957714572E-004
 -3.140318646128250E-004
 -6.423797355397777E-005
  5.376473969902580E-004
 -1.659522166871451E-004
  7.887570607277729E-004
 -3.564857356450319E-005
 -3.376370950253134E-004
 -3.316386147598033E-004
  1.184482437204265E-003
 -4.571184459679697E-004
  1.146927845343627E-005
  5.086862525861962E-006
 -1.322303358383142E-005
 -3.153131171023664E-006
  2.418948199053199E-005
 -8.316147282412603E-006
  4.001686200755968E-004
 -5.652611103147778E-004
  2.403087396134207E-004
 -2.774171616970729E-004
 -9.109966491866076E-007
 -1.227514583785239E-004
 -1.586979031382103E-005
  7.479672217866232E-005
 -2.718920036279325E-005
  3.752003734204986E-005
  1.365172638488160E-004
  1.008933359941322E-005
 -4.558076304910338E-005
 -5.069157423466717E-005
  6.194556696864783E-005
  2.596025819915347E-005
 -5.579541364111540E-005
 -1.752342999544671E-005
  1.014101275667424E-004
  7.515188883328434E-005
 -7.692537019697330E-005
  9.223435209006183E-005
 -1.605135848762040E-005
 -6.706380735094541E-005
  6.567750545830790E-005
 -1.144877340526567E-005
 -5.286935902335770E-002
  6.309250070646731E-003
  1.642760314501048E-002
  1.856096352145206E-004
  5.716707623785672E-004
 -4.318853042700768E-004
  1.192128714866110E-003
  1.051748712812573E-003
 -8.835896608102438E-004
  2.789020290244344E-003
  3.425772438089422E-004
 -7.512427453834545E-003
 -4.927277969951719E-005
  2.981028786829893E-003
  8.571956666441514E-005
  1.404597183467219E-005
  5.808766874169425E-004
 -1.243889018298322E-002
 -1.491294935188330E-003
  4.602020603022645E-003
  7.244486876136175E-004
 -7.774272444198297E-005
  3.695427196563301E-005
  2.240384054602049E-003
 -1.381723808199050E-003
 -2.915976035620828E-004
 -9.295487177505636E-006
 -7.523786562829592E-007
  6.204361674782311E-006
 -7.410968190129336E-006
 -7.154849105242802E-007
  2.464667637332043E-006
 -4.943459229156747E-005
 -2.494113566556710E-004
  2.081930094519733E-004
 -2.277525054199891E-004
 -7.120589396139415E-006
  1.045080782826116E-004
  1.388518652245847E-004
  1.060960593074381E-004
  8.890064019540430E-005
 -4.500935653912339E-004
  1.119685908622453E-004
  1.927971974147686E-004
  2.746463007751370E-004
  4.112656862388772E-004
  1.754472646160969E-004
 -5.133447808645225E-006
 -2.897654492323248E-007
  1.999416826615591E-006
  3.335604492441933E-006
  2.194135633500882E-006
  1.797843316203293E-006
 -1.790634997734603E-004
  1.421769205691169E-005
 -5.653741586608981E-005
  1.724154612918487E-004
  5.010877092853345E-004
  6.648038481611623E-006
 -3.684076501586647E-005
  2.339734331997659E-005
  3.545587562071383E-005
  4.919793985945638E-005
 -1.022583338594905E-005
  6.132435518814301E-005
 -6.211163179917571E-006
  1.376526589763781E-005
 -4.763853780223876E-006
 -1.640704717278388E-005
 -1.796144908514559E-005
 -1.215205266500928E-005
  6.006860231890804E-005
  6.389166994338956E-006
 -9.799282260536306E-005
  4.749518026109780E-005
  8.116622857871035E-006
  6.635683260594160E-006
 -1.219781590860382E-005
 -2.223476185983407E-005
  3.797524178833857E-004
  5.839401572759779E-003
  2.304020308194556E-004
  1.784108141473485E-003
 -4.687878332324579E-005
 -1.442460435732085E-006
  1.796545030204796E-003
  2.121274124645000E-002
  8.604327855616385E-003
  2.910435631867003E-003
  9.080767220709831E-005
  8.009764306373657E-005
 -6.487045586657304E-005
 -6.113223588044060E-004
  6.274497967817877E-004
 -3.587985616091263E-004
  2.559742453587953E-005
  9.892534492072822E-006
  5.666646170921465E-007
  9.599861867525125E-006
  2.839764793210666E-006
  1.654607485390498E-006
  3.098352986946317E-004
  4.395127791542420E-004
 -3.027150854589708E-005
 -1.315854129513953E-004
 -1.264868239397308E-004
  1.290576926927279E-004
  3.631751935646285E-005
 -1.494959112978639E-005
  9.526789359493249E-005
 -4.591963422951696E-004
 -3.540543409106828E-004
  3.135129874626008E-004
  1.509276887093460E-004
 -5.193646412120180E-005
  3.082686535858236E-004
 -6.269570779225108E-006
 -5.382205329012363E-006
  5.376411416937450E-006
  1.857255240718760E-006
 -1.107560647481609E-006
  4.412315538506347E-006
 -3.038069240065185E-004
 -2.063159306552871E-004
  8.132614121113279E-005
  1.089145694917942E-004
 -9.501935145458622E-005
  1.948923545147244E-004
  3.429999038859986E-005
  1.617531523212329E-005
  2.140308665832405E-005
 -6.447823176138482E-005
 -4.201160922377324E-005
 -3.842173940441474E-005
 -3.559075023999873E-006
 -2.009203319406985E-005
 -5.498090160123667E-006
 -4.370178214180679E-007
  4.046514647539719E-005
  7.331865728735332E-005
 -6.567237588370543E-005
 -6.079126180263770E-005
 -2.853861946040718E-005
 -6.060417762355388E-005
 -5.376581233226516E-006
  2.061098351019297E-005
 -5.718891358767378E-005
  1.502046412450415E-005
  9.498835407545599E-003
 -2.255288285579948E-003
 -4.312466748281190E-003
 -1.849989147654304E-004
  9.192584566687935E-005
  2.759986059287298E-004
 -2.333163896851030E-004
  5.401931569903456E-004
  5.659082914543849E-004
 -3.565643229393055E-004
  4.912076684348446E-004
  1.592151626034285E-004
 -8.934797928352269E-004
 -1.291181575015246E-005
 -7.447371964758117E-004
  1.625077994374807E-005
  2.680313738841515E-006
 -3.954364516687921E-004
 -1.529517174699572E-003
  3.224413669003241E-003
 -4.576201430885518E-003
  8.742068878673365E-005
  5.424650956927667E-005
  8.128293871918321E-005
  6.306882658645356E-004
 -4.010952846419466E-003
 -2.167897491989554E-003
 -7.874603641520253E-007
  7.439494689931689E-006
 -5.164241662917824E-006
 -1.302293312412283E-006
  2.341052558418916E-006
 -1.755448989567335E-006
 -2.351147928574709E-005
 -6.422395459647152E-004
 -6.441695313264450E-004
 -6.975040584979355E-005
  2.587257769177087E-004
  2.328570302935168E-004
  5.555172998534736E-005
 -1.098540350514968E-004
  1.419867586444620E-005
 -2.093130871630399E-004
  7.623987665408952E-004
  5.301665529846601E-004
  1.430862221014938E-004
 -2.139546808344689E-004
  6.622686506154609E-005
 -1.452222926385457E-006
  4.980817207285948E-006
  4.683984690413561E-006
  1.193319843609206E-006
 -2.192623252476066E-006
  2.589030827762508E-007
  5.395610704304394E-005
  2.248412492795669E-004
  3.762099401139502E-004
 -1.711680634390702E-004
 -1.123458748898118E-004
  1.172119563960262E-004
 -1.223829483850404E-005
  9.423841966904701E-005
  4.832746826546341E-005
  3.895249561542713E-005
  6.689805094070963E-006
 -2.237611099915006E-006
 -1.977670200641559E-005
 -3.605285595622224E-005
 -3.490831364980022E-005
 -4.091537436413723E-006
 -1.129664838833471E-005
  3.621253786507115E-005
  9.920572709425469E-005
  6.843527399932665E-005
 -5.863415593867862E-005
 -3.454532883432252E-005
 -1.903140444834482E-006
 -8.824628105735248E-005
 -3.050311653056770E-005
 -3.653148678967402E-006
  3.553362843945040E-004
 -4.902510214915336E-003
  1.238666830488600E-005
  5.685752576624224E-004
  1.702757591740025E-005
  4.294056347078618E-006
 -2.399579611644161E-005
 -5.270190982163479E-004
  2.231777361336944E-002
  1.139171087095464E-002
  2.849346083304089E-005
  6.488482056139587E-005
  4.262120717042740E-005
 -2.244297589332228E-004
  9.537308412295947E-004
  8.597046366146867E-004
 -2.298835212666281E-007
  2.000272103023080E-005
  1.160707566417208E-005
 -1.437426522468890E-007
  8.475779048263009E-006
  3.675198463770187E-006
 -1.791978193662027E-004
  1.154949714578791E-003
  7.704128373577832E-004
  4.794545934708493E-006
 -5.922451101769480E-005
 -1.968874620665065E-005
 -5.264773983716643E-005
  8.519282884585643E-005
  4.785319390245794E-005
  9.456497680443066E-006
 -2.285624061806306E-004
 -4.746028776688076E-005
 -1.430721262063150E-004
  2.155737217215591E-004
  1.336156285258719E-004
  5.599275842149898E-007
 -2.784741514626457E-006
 -6.362334340633260E-007
 -2.317665522270136E-006
  3.155466551521200E-006
  1.757737938055146E-006
  8.536239333096484E-005
 -3.525201548721017E-004
 -4.906975362405754E-005
 -9.076122363921207E-005
  9.266882391251584E-005
  5.398830308247228E-006
  2.166313460826908E-006
  5.046452895338506E-005
  1.627781466656804E-005
 -1.643016864385800E-005
  2.414787846539639E-005
  9.931228261377278E-006
 -1.249438350313842E-005
 -4.614168979585116E-005
 -1.298137844396978E-005
  9.954625043094373E-006
  4.370032097861113E-007
  4.809235829159752E-005
  2.168636645802528E-005
  6.364896130970101E-006
 -2.535526875051017E-005
 -7.675905760328435E-006
 -9.567799818873417E-006
 -8.899020835456350E-006
 -1.938895883497727E-005
 -4.262448540856312E-006
 -3.958971288409769E-003
  1.136626453014262E-003
  1.646038985086532E-003
  1.309088891324808E-004
  7.457734770798313E-005
  1.873243555627511E-004
  2.528476350458394E-004
  8.369917755578832E-005
  6.010834155315925E-004
  5.531196156184251E-004
  9.820915114409456E-005
  4.208224486669923E-004
 -2.501713608303647E-004
 -9.117909333545703E-004
 -2.286998049157237E-005
 -4.341282470621239E-005
  2.563212437820295E-005
  4.452729021338098E-006
  3.557308282323287E-005
 -1.385729987247577E-004
 -1.588819490788012E-003
  4.175603551152216E-003
  4.851782839485361E-005
  9.724139785858893E-005
 -5.010197041426961E-005
  3.711722389664116E-004
 -2.686673115449155E-003
 -1.283190116933240E-003
  3.568026468820688E-007
  6.208966035538853E-007
  6.838115213329685E-006
  3.134683778800618E-007
 -7.131570995365703E-007
  2.465809042288890E-006
  2.408736893004157E-005
 -4.656368637137408E-004
 -1.653162364822104E-004
  1.757144878685918E-005
  2.746642665786530E-004
  1.560660890447549E-004
 -7.365144796969553E-006
  8.752420863050878E-005
 -1.020630398988963E-005
  1.967556626480852E-005
  7.623001765385857E-004
  3.410368818939092E-004
 -7.933295796233238E-006
  2.886594105525145E-004
 -1.174227046857528E-005
  2.663376140130652E-007
  5.598826359602767E-006
  2.911054207568055E-006
 -1.446558523552273E-007
  1.757283431164765E-006
 -1.216817616578379E-007
  5.614817192851428E-005
  2.016919642007977E-004
  1.118663562083524E-004
 -1.008079264446070E-004
  2.769678277733034E-004
  4.465975451609277E-005
 -5.999064365308488E-006
  6.193637031048086E-005
  6.755823970925628E-005
  3.124501138887651E-005
 -2.572650646845867E-005
 -1.324781829295105E-005
 -1.710652670650699E-005
 -2.659588373415401E-006
 -1.061679019095989E-005
 -2.163288377861362E-005
 -1.467729702228720E-005
  4.781264281673612E-005
  4.784798380677306E-005
  7.578922295376228E-005
 -6.372811566896824E-005
 -3.175733188690067E-005
 -2.521316916261915E-006
 -1.602849717389960E-005
 -4.024869206795038E-005
 -1.060649554429115E-005
 -5.934678808096128E-004
  5.558871276860910E-003
  4.504403137790290E-005
 -1.048088060579371E-003
 -3.694233402119207E-005
 -5.985924480246187E-006
  3.599006495338524E-004
  2.790299816999296E-003
  1.371703731375161E-002
  1.467346561351500E-002
 -9.482087224300539E-005
  9.684913252157234E-005
 -3.969916384598747E-005
 -3.493854375870747E-004
  1.278227157498585E-003
 -3.096019963464841E-004
  1.822767268776028E-006
  1.465761430486589E-005
  1.086834071774582E-005
  1.302582017258848E-006
  4.647230212094947E-006
  5.962385290465321E-006
 -3.213255823642597E-005
  8.003701094332001E-004
  5.650811480996003E-004
 -2.689413952023367E-005
 -6.230497637679428E-005
 -4.892175062064305E-008
 -4.603135449797968E-005
 -2.122337044527495E-005
  7.292549401821335E-005
 -6.904620294224732E-005
 -1.476883803476307E-004
 -1.206908942268035E-004
 -1.083076298968972E-004
 -4.681360742579675E-006
  1.773538328391445E-004
 -1.654939162149855E-006
 -2.579946840832286E-006
 -4.547307060150398E-007
 -1.489141043492556E-006
 -6.849153363619290E-007
  3.144080205642411E-006
  9.093768190983656E-006
 -2.409339320752534E-004
 -1.006403664970870E-004
 -3.642896609226802E-005
  9.238396063527674E-005
  2.733519790128436E-005
  8.817226327783245E-008
  2.666264520359081E-005
  3.536773492706433E-005
 -1.427458720343259E-005
 -1.367900473827397E-007
  1.401007041359909E-005
 -1.197594545491159E-006
 -3.838999666553576E-005
 -2.306986156711733E-005
  1.007420579490476E-006
  2.590911747299240E-006
  3.789130943481224E-005
  2.615326657683546E-005
  1.654940374325109E-007
 -2.701636715465728E-006
 -7.938229279330232E-006
 -4.039389670737930E-006
 -4.795955239809477E-006
 -2.577314042259845E-005
 -7.119103779008660E-006
  7.284231767951920E-003
 -9.742985393633351E-004
 -3.028635238603748E-003
 -4.247972276842754E-005
 -9.442791813729584E-005
  3.061359591262974E-004
 -4.578839365988492E-005
 -2.410352910730342E-004
  7.576207752334341E-004
 -2.605384296697453E-005
  1.874253265788355E-004
  2.306197327975777E-004
  3.022582483005384E-004
 -7.179192353642734E-005
  1.299638970847145E-003
  4.056109066017835E-006
 -3.900077359974901E-004
 -1.143473961236489E-005
 -2.035028613692514E-006
 -5.430144617316445E-005
  1.776705254526900E-003
  9.267534990518306E-005
  1.124330115297084E-004
 -1.121297670938550E-004
  2.116873831904047E-005
 -1.970727575320448E-005
 -3.008550474532912E-004
 -3.824023393165241E-005
  3.890097796243263E-005
  1.334804840206093E-006
  1.883085973481840E-007
  1.157138639917208E-007
  1.077393078707253E-006
  7.483646166346325E-008
  1.036956151748582E-008
  9.995363664120099E-006
 -3.734017002305415E-006
  7.067920025248753E-006
  3.261451462056851E-005
  2.598242062622620E-005
 -2.148345646533911E-005
 -1.819824027957055E-005
  1.113985532731352E-006
 -1.441627434099796E-005
  5.938741933379077E-005
  5.131051825182319E-005
 -4.118825040551108E-005
 -3.147245167743197E-005
 -2.319730869922771E-005
 -2.791496765635880E-005
  7.295151616600078E-007
  5.486410522406229E-007
 -4.312193489014155E-007
 -4.513498962660283E-007
  1.085567093088155E-008
 -2.781652653939794E-007
  2.317189147581452E-005
  1.377287126241403E-005
 -1.766405090213884E-005
 -1.992115775697693E-005
 -1.781334586553813E-005
 -3.250733718837590E-006
  4.461490175276956E-006
  2.734125367974650E-006
 -2.891746574026797E-006
 -5.044026389395416E-006
 -4.140119162172495E-006
 -8.340444136435452E-006
 -7.763451431144867E-007
  4.447794957313585E-007
 -4.050899386311900E-007
  8.156556927651461E-007
  2.621912209402615E-007
  4.467676151615480E-006
 -6.070452924400264E-006
  3.656421151230614E-006
  1.156631999154327E-006
 -4.442994814051398E-006
 -9.247857175216244E-007
 -4.601513114787955E-006
 -1.693318999050607E-006
  3.557322013062740E-006
 -4.383797299280928E-005
 -6.957676326263800E-004
 -3.502795900137406E-005
 -1.031286652365341E-004
  8.191256795776646E-006
  3.566317989252064E-007
 -1.317895157110761E-004
 -3.129461532294082E-003
  2.347280343412846E-004
 -3.791996738659605E-004
 -1.023269118970586E-005
 -1.431148770956052E-005
  2.044393120580188E-005
  1.340472615102189E-004
 -5.650617369068375E-005
  9.289193263429693E-005
 -3.734647077279699E-006
 -1.889117190211248E-007
  2.437353457067003E-007
 -1.439110628189769E-006
  1.554627980021308E-007
 -2.478670825222938E-007
 -4.391237000417523E-005
  1.204211872202519E-007
  9.742574061749148E-007
  2.089460761474327E-005
  1.767583130036922E-005
 -2.650191639295922E-005
 -7.598162176729119E-006
  1.195889473308316E-005
 -1.329644543801415E-005
  7.313331814517735E-005
  4.357248203063261E-005
 -6.335331121500310E-005
 -2.957561700312315E-005
  3.135313950544821E-005
 -4.355770114205421E-005
  9.937886497266837E-007
  7.585199803191632E-007
 -1.139040279317105E-006
 -3.553727960396299E-007
  6.091498925407212E-007
 -6.384158536870537E-007
  4.648037155389381E-005
  6.554872978095487E-006
 -1.129893603453177E-005
 -2.041963397919872E-005
  1.513721328438755E-005
 -2.606073757469510E-005
 -4.674010709393465E-006
  2.912665088028669E-008
 -1.075240108545667E-006
  8.653878269833547E-006
  8.453152223044916E-006
  5.368153858346849E-006
 -4.351688754737968E-007
  9.615251203082642E-008
  1.276379975541104E-006
  3.263625321716135E-007
 -6.034323895159318E-006
 -8.873036158273388E-006
  1.226178547686557E-005
  9.351207255220253E-006
  3.073101716627580E-006
  8.751764430257702E-006
  2.453749408833579E-007
 -4.428708993818055E-006
  8.136911335623314E-006
 -2.611025494349170E-006
 -2.081335999621660E-003
  3.875052119623409E-004
  7.505218706130728E-004
  1.766116452655931E-005
 -4.797530818568450E-006
 -3.459895360531685E-005
  5.257209007616381E-005
 -6.301474581791137E-005
 -6.575137735884502E-005
  9.876277366677531E-005
 -6.341613931269469E-005
  2.996156630560372E-006
 -1.240858872616903E-005
  1.004117292222860E-005
  2.915658279839836E-005
 -2.554225814990969E-004
 -8.066969001170562E-007
  3.715839451459391E-004
  5.095560335389623E-006
  1.503460983918482E-007
  9.214920860142707E-005
 -9.955504451425615E-004
 -3.366666655145757E-004
  2.907743907205561E-004
  1.331212409479317E-005
 -1.935083510629212E-005
 -5.650540498177168E-006
  1.028881556907248E-004
  2.830628979100270E-004
  4.456076350142618E-004
 -8.441851880700511E-007
 -5.788454730013257E-007
 -2.197292470186327E-007
 -7.066116270480450E-007
 -1.940147290225285E-007
 -4.139722085232946E-008
 -1.052607681611823E-005
  4.659037658340155E-005
  1.665421561399026E-004
 -2.900310472644878E-005
 -1.732457465255124E-005
 -7.119150403770913E-005
  1.451075206876505E-005
  1.637433674266629E-005
  1.449235265768373E-005
 -6.657468938797543E-005
 -4.173594966406424E-005
 -1.546151497014069E-004
  3.984087726507304E-005
  1.661099783308027E-005
  2.673381212290240E-005
 -5.912598767182020E-007
 -3.539710586526717E-007
 -1.369793478766812E-006
  3.285310140563388E-007
  3.329047123457140E-007
  2.627288626618632E-007
 -4.828626349553255E-005
  1.628338469721829E-005
 -9.840736470032435E-005
  7.029758305943050E-005
  7.362369626545019E-005
 -2.201131956389794E-005
 -5.014224399666896E-006
 -4.823264034584238E-006
 -1.994995009508412E-005
  2.645800734194508E-006
 -5.779148133367469E-006
  1.239687246480618E-005
  7.949671933418088E-007
  7.060201344962471E-006
  2.438362454558812E-006
  4.296582916707216E-006
 -4.832173622986656E-006
 -7.223613226173667E-006
 -5.059904163967102E-006
 -9.195624212247527E-006
 -2.744989090923146E-005
  2.369214508120749E-005
  7.255319444686090E-007
 -7.185832635451891E-006
  5.047017392767840E-006
  4.081912266472998E-006
  2.372110413432717E-005
 -1.573297653264995E-003
 -3.288978257447633E-006
  1.176593048504453E-003
  1.726853759562730E-005
  3.144363406749350E-006
  3.888223227105287E-004
  5.582679273615067E-004
 -1.511933911163569E-004
 -6.004639740425727E-003
  6.225442061862663E-005
 -4.656434499812177E-005
  4.908195028913106E-005
  2.180266682250169E-004
 -3.887421939385049E-004
  2.865345514996521E-004
  1.700541627209934E-006
 -1.288745060342839E-006
 -3.828453636820197E-006
  1.747718873158217E-007
  1.635162263469843E-007
 -2.512356009148069E-006
  4.112419433828646E-005
 -8.807338305477592E-005
 -2.359625428218055E-004
  5.170948583538017E-006
  1.463403015786608E-005
 -9.748194507038924E-006
  1.604568581568698E-005
  4.149297804006345E-005
 -2.121663439922500E-005
  7.954560609261967E-006
  9.930725213788957E-006
  3.710836564636147E-005
  3.623816417422525E-005
  7.744902127167592E-005
 -4.419272478348721E-005
  3.976563047849166E-007
  6.091558668109636E-007
 -3.052939978083659E-007
  5.538615083029380E-007
  1.730150086712426E-006
 -9.515178130878546E-007
 -2.233695500186393E-005
  1.510744029546599E-005
  5.518802739519208E-005
  9.723687539332699E-006
 -4.347489217115484E-005
  1.261326746253123E-005
  4.229015983925953E-006
 -2.640520002089165E-006
 -8.306767876486424E-006
 -2.422099927710981E-006
  4.157498568414686E-006
 -1.026494802406688E-005
 -2.922898550020990E-006
  5.700307324364009E-006
  1.140921565215213E-005
  8.688201840408046E-007
  1.852910718037350E-006
 -3.378977461102138E-006
 -9.649998216730349E-006
 -4.277074952993489E-006
 -5.463867588915575E-006
 -1.281657201118561E-006
 -5.844539903422690E-007
 -4.226945429978989E-007
  5.132339432128945E-006
  3.357564253242750E-006
 -4.736364122954591E-003
  4.505776212931229E-004
  1.430831717666928E-003
 -1.724840632673165E-005
  8.113755637248100E-005
 -9.083582135679079E-005
  6.436821522191356E-005
  2.143772560077422E-004
 -2.248006651000641E-004
  1.421151055606269E-004
 -1.244194336098348E-005
 -3.121192703474642E-005
 -6.695851234494709E-005
  2.206643376160891E-006
  2.994832264931370E-005
 -1.096922295376907E-004
  5.684561633020762E-004
  3.714694953650219E-006
 -3.834831445197817E-004
 -1.243341220115475E-005
 -1.021386115148829E-006
 -8.512712285898565E-005
  1.417581373774596E-003
  9.815270026049646E-005
 -7.335101943996758E-004
 -1.900164108664533E-005
  4.430485455904450E-006
  1.114195984920168E-005
 -2.565260542456911E-004
  5.693140530511516E-004
 -1.991046266249316E-004
  1.032888687535173E-006
 -5.917785494359744E-007
 -3.097756980367419E-007
  1.008576223893863E-006
 -5.169453103525767E-008
 -2.077045582019211E-007
  1.182930312472011E-005
  9.198998488755397E-005
 -1.521749105037221E-004
  4.487122703744632E-005
 -5.428243368241160E-005
  6.025272929261112E-005
 -2.529994343321064E-005
 -2.360252612124656E-005
 -1.957128360423568E-005
  1.157525253054633E-004
 -1.625075068170740E-004
  1.273900166749179E-004
 -7.254750899502973E-005
 -3.496539625360271E-005
 -4.320501631043358E-005
  9.148915654181225E-007
 -1.053770381963640E-006
  1.153737663942335E-006
 -5.596360590733674E-007
 -4.781968871905330E-007
 -3.552555063447551E-007
  5.205507041027966E-005
 -7.436718482209796E-005
  9.717092276469249E-005
 -6.354021432553848E-005
 -1.437710708241528E-004
  1.148514391525883E-005
  9.733701336742775E-006
 -1.621206933341092E-005
  1.349751132599392E-005
 -1.370026951020037E-005
  1.299221238692580E-005
 -1.550083450002796E-005
  4.189784790924981E-006
 -6.984530941481281E-006
  3.642714960635983E-006
 -2.170993461504213E-006
  1.161898201310879E-005
 -8.106635722219143E-007
 -1.180497789817604E-005
 -8.239975899412900E-006
  5.930816853680037E-005
 -2.661697013991348E-005
 -8.564856457328729E-007
  2.490412248371130E-005
  3.380120509420533E-006
 -4.366381528511751E-006
 -1.008669082463965E-004
  2.290828216690349E-003
  1.874777564532366E-006
 -1.732575210148530E-003
 -2.446237200010828E-005
 -4.576800598305203E-006
 -6.455357895944704E-004
 -6.936618268223078E-004
 -5.180735865046305E-003
  5.439851043640742E-003
 -8.330729691629372E-005
  4.974344391463930E-005
 -8.016101018255133E-005
 -2.731554459271350E-004
  2.785116648174676E-004
 -5.259683331707128E-004
 -2.221287082877081E-006
 -3.175617567235259E-006
  2.449899378927959E-006
 -2.085971294308435E-007
 -2.234010527091828E-006
  2.467065937178495E-006
 -2.656374092768856E-005
 -1.526190709493183E-004
  1.714866411437867E-004
 -7.987939321307751E-006
 -6.626594139234253E-006
  2.365736021733074E-005
 -8.717102818425359E-006
 -7.526292090568146E-005
  1.670504213973311E-005
 -1.547159877146348E-005
  3.569688468284453E-005
 -1.705322759818138E-005
 -1.333852618272905E-005
 -1.557641526495446E-004
  2.881012495419253E-005
 -6.020538626757517E-007
 -2.348188518182883E-007
  8.837250517694816E-007
 -2.303798275930472E-007
 -3.133420485570998E-006
  8.324336902687990E-007
  1.309238528175729E-005
  6.548747609506914E-005
 -5.985962115100844E-005
  7.042986882416912E-006
  3.767364603515584E-005
 -2.013537216417420E-005
 -6.061456028342006E-006
 -7.639561327066066E-006
  4.731989452809076E-006
  6.739710801552260E-006
 -1.132204682187391E-005
  1.144465728347376E-005
  6.655388286877053E-006
  3.897010164455274E-006
 -1.232660353356509E-005
 -2.876333205754783E-006
 -2.263631012286737E-006
 -6.135086930742433E-006
  5.373072189059943E-006
  4.021780074516686E-006
  1.196192874363189E-005
  2.769112962343526E-006
  2.878162245394811E-006
  3.639085867678578E-006
 -2.499399805442000E-006
 -3.004052685579507E-006
  7.110140986963089E-003
 -7.628066360237948E-004
 -2.081199150941310E-003
  1.509226339828791E-005
 -1.201672452703142E-004
  7.127161898423036E-005
 -1.370327006795831E-004
 -2.948890528869056E-004
  1.539122318000035E-004
 -3.121769812259864E-004
 -1.465821461377235E-005
 -4.848485713274134E-005
  2.411285828047231E-005
 -3.590282621804313E-006
 -3.161901810339652E-005
  5.280105345046818E-005
  1.307518969027322E-005
 -1.664857264390649E-004
 -4.208953488609958E-006
  8.297127998929915E-006
  4.811967851970009E-006
  6.579833133813719E-007
 -1.470236030594606E-005
 -4.397597277466463E-004
  5.903390338018198E-005
 -9.424460092938801E-005
  1.654772201681403E-005
  9.965060241434552E-006
  3.211441719075056E-006
  1.217526015172604E-004
 -5.937512712039875E-004
 -2.328629731008867E-004
 -2.975974870932155E-007
  6.217865875743140E-007
 -5.463415373541726E-008
 -2.903706778087009E-007
  1.043836629144010E-007
 -6.253576973944087E-009
 -3.813318817812488E-006
 -9.838120882379173E-005
 -4.329810351434189E-005
 -1.303088875980618E-005
  4.837045870035783E-005
  2.184498948399139E-005
  9.085024202690931E-006
  7.605991495862537E-007
  3.945864557115243E-006
 -3.757524334092630E-005
  1.407770640912277E-004
  5.056113471686957E-005
  2.535948388915707E-005
  9.088546544554597E-006
  1.221575945176923E-005
 -2.795818184771055E-007
  9.582122713361270E-007
  4.346045915510440E-007
  2.007650272176522E-007
  1.800887692230838E-008
  7.881679125945328E-008
 -2.515125225322981E-006
  4.995987659387096E-005
  2.841589531466633E-005
 -8.561060123685890E-006
  3.178934752925519E-005
  1.107618534900887E-005
 -2.914792820700313E-006
  1.435646904032010E-005
  6.061153904102118E-006
  7.260091658665688E-006
 -3.095727615963930E-006
  1.484286803435251E-006
 -3.503679483158063E-006
 -2.691821863987231E-006
 -3.845430590845906E-006
 -1.123110680038296E-006
 -3.547363260996606E-006
  6.694459001997886E-006
  1.361049469516211E-005
  1.145143859230750E-005
 -1.921543350899587E-005
 -8.093488093176790E-007
 -3.551059020018504E-007
 -1.300840177042319E-005
 -5.629141295992335E-006
 -2.006976415796402E-007
  6.946074704876566E-007
 -3.150626335725708E-004
  4.674871989863987E-006
  2.544337671831636E-004
  2.366591952775911E-006
  6.043630961351497E-007
  1.300790642781168E-004
  3.539616540821297E-004
  3.527834388615901E-003
  1.033399362536572E-003
  9.132111926915341E-006
  3.828737049505571E-006
  1.293894428390369E-005
 -5.705853506319684E-007
  1.218487298558882E-004
  1.328376717509559E-004
  5.639442452701977E-007
  3.088907491069745E-006
  1.223339547082131E-006
  1.512949407007952E-007
  1.340037889095652E-006
  3.053104416625851E-007
 -1.117625794655540E-005
  1.719864593067205E-004
  7.421916012500763E-005
 -6.378461988863765E-007
 -8.160104384440336E-006
 -3.896251593731007E-006
 -5.722498627993125E-006
  1.698719126022596E-005
  6.360344826879501E-006
 -3.009634841880692E-006
 -3.443241788401503E-005
 -5.149300829422544E-006
 -1.594527022974480E-005
  4.067645416952968E-005
  1.895490507162550E-005
  4.522615855805892E-009
 -3.697344872028128E-007
 -1.612912949253021E-007
 -2.386646123258344E-007
  6.892340002005408E-007
  2.341419964700285E-007
  4.045520787809592E-006
 -5.486394156483724E-005
  1.792549254609570E-008
 -1.031254705854609E-005
  7.422758921287883E-006
  6.267026270736499E-006
  1.238032844515078E-006
  6.914835606164803E-006
  2.772563075324265E-006
 -3.598798080735695E-006
  3.426531878893878E-006
 -1.153004528095390E-007
 -2.093577902118322E-006
 -6.854935988747428E-006
 -6.341018998098356E-007
  1.360790971141054E-006
  6.800383615396274E-007
  7.548852089744312E-006
  2.259845418307034E-006
 -3.422747527965730E-007
 -4.366192482909039E-006
 -1.697840331822309E-006
 -1.477107468911742E-006
 -1.430984630737629E-006
 -3.117529683009086E-006
 -2.762869291898016E-007
 -8.810863183413092E-004
  1.301986619103873E-004
  2.370890158626048E-004
  6.068748408729524E-006
  1.884109839318706E-005
  2.557993550867230E-005
  3.696883300481300E-005
  3.967146782242941E-005
  7.638112599160577E-005
  8.913905350870997E-005
  2.435343221544916E-005
  5.675664416665135E-005
  3.495232658083970E-005
 -3.343165464683432E-007
 -2.036715004550528E-006
 -1.042866658327805E-005
  8.544354752400099E-006
 -1.666775875333914E-004
  1.856456203870536E-003
  1.399135360191769E-005
 -5.073329033908027E-004
 -1.652632009935511E-005
 -3.632763821776467E-006
 -3.261547696998082E-005
  2.702779920735006E-003
  2.265614641625777E-004
  4.528188575502613E-004
 -2.302433917962419E-004
  1.492416411336348E-005
 -3.995775343632168E-005
 -5.271203677129042E-004
  2.212608011412043E-004
  5.693116141680557E-004
  1.934672329191810E-006
  2.950869885842237E-007
 -1.938355209391802E-007
  1.547247887418608E-006
  1.664980654783840E-007
 -5.447224888529214E-008
  8.471841960320602E-006
  4.746849403665757E-005
  1.900876606383279E-004
  3.927278183563724E-005
  3.055801601924570E-005
 -1.274555879755385E-004
 -2.580650604953108E-005
  9.086306636736247E-006
 -1.346627578610616E-005
  5.460693090787266E-005
  4.911697042140713E-005
 -2.672308263028468E-004
 -3.112316341570896E-005
 -5.411151620391437E-005
 -2.348376749216369E-005
  9.518161573635794E-007
  6.402406102263280E-007
 -2.487704962694937E-006
 -6.566526424505332E-007
  1.648259139366168E-007
 -2.951635149130462E-007
 -4.101956985842906E-006
  2.350925306205994E-005
 -1.483379371535169E-004
  3.157398101738417E-005
  3.499301122988159E-005
 -2.747202403154127E-005
  3.427497500767209E-006
  5.884926529325000E-007
 -2.903240508415021E-005
 -6.463155236356160E-006
 -1.305693464901541E-005
 -3.819337265945467E-006
 -3.381517655001389E-007
  9.796516256007801E-006
  4.259626435679167E-007
  6.411962942714136E-006
 -5.478298620463390E-006
 -4.328142482809898E-007
 -1.971085439440086E-005
 -4.801428573577124E-007
 -2.514193933465401E-005
  1.691503871874788E-005
 -3.921802926946333E-007
 -1.417730143724857E-005
  1.609355126364890E-006
  1.129605194388314E-005
  4.757453083959839E-006
 -2.454479644669990E-003
 -7.382143188506949E-005
  1.184090356937446E-003
  3.387639004749141E-005
  3.778643340444568E-006
  1.995501814733429E-004
 -5.632300658258194E-003
  4.503909630045706E-004
 -7.586934269633239E-003
  4.431366067499605E-005
 -8.330208390513437E-005
  1.012955465166048E-004
  4.955291619766221E-004
 -5.608809402684195E-004
  5.210417287338931E-004
 -5.583977353428957E-006
 -1.590607522717264E-006
 -3.964516658901767E-006
 -2.692532281083693E-006
  5.449256961116558E-007
 -3.331591954206132E-006
 -4.206697476228203E-005
 -9.736412749676619E-005
 -2.579973457467865E-004
  4.806914892991822E-005
  4.939459725159602E-005
 -6.267738653496820E-005
  2.344842396263429E-006
  7.073243933489289E-005
 -5.041399132618165E-005
  1.597342625401376E-004
  9.039849272775162E-005
 -7.999630862129917E-005
 -2.139811184089068E-005
  1.493651922184076E-004
 -1.383361506992469E-004
  2.419409719885240E-006
  2.109136493587408E-006
 -2.584761709790181E-006
 -8.116009828671224E-008
  3.218546526987360E-006
 -2.338249621598528E-006
  6.970480652773587E-005
  2.641123992582202E-005
  4.150749412633557E-005
 -3.054562253557595E-005
 -1.939788006555732E-005
 -3.915918399215992E-005
 -5.077583928118084E-006
 -2.222563464333742E-006
 -1.158748198246868E-005
  1.531069516179557E-005
  2.121307721587463E-005
 -7.794337744131840E-008
 -4.295802988427535E-006
  6.535389190821797E-006
  1.510997242961635E-005
  1.684030930548962E-006
 -1.096162742518304E-005
 -2.169285613371557E-005
  1.423124278874495E-005
  1.463817581711269E-005
 -1.405106057254212E-006
  1.824670645843644E-005
 -6.322355021838602E-008
 -9.802853191182098E-006
  2.188252678437072E-005
 -1.476129865854284E-006
 -9.350814421115182E-003
  1.204206313444853E-003
  3.037610458797897E-003
  1.611180703979320E-005
  7.930268394324538E-005
 -1.671213384770673E-004
  1.723939384508586E-004
  1.175346669059069E-004
 -3.826697538483658E-004
  3.598948466926135E-004
 -1.387395911496344E-004
 -2.796465609870753E-005
 -9.756036523180780E-005
  2.227063301657484E-005
  3.721750744849080E-005
 -4.207176945308483E-005
 -2.841913607405380E-006
  8.552814323638893E-005
  5.871673384615412E-005
 -1.133153244408081E-003
  1.528444225921231E-007
  3.817106079985602E-004
  6.622771760394883E-006
  1.377045300311142E-006
  6.900380647911051E-005
 -1.336945526780254E-003
 -1.517092532853650E-004
 -1.818841060032044E-005
  9.558204507704096E-005
 -3.113379856047502E-005
  1.649583403412942E-005
  1.791024459360309E-004
  6.319915051356400E-004
  1.939619951384541E-004
 -1.037207353112877E-006
 -8.100951849224981E-007
 -6.107971025630351E-008
 -7.870224008985518E-007
 -1.792201245778643E-007
 -4.115984543541734E-009
 -6.182044846307612E-006
  1.021152258260972E-004
  3.623018348909314E-005
 -1.958362586076234E-005
 -7.435287932658404E-005
 -3.615330186522772E-007
  9.113216076879621E-006
 -1.874584682317606E-006
  1.047040978388272E-005
 -2.181217599286448E-005
 -1.920875823430509E-004
 -9.372884311358489E-006
  6.112967788274909E-006
  1.410876215467311E-005
  1.569920820458957E-005
 -4.499333431829023E-007
 -1.506853323576750E-006
 -3.385242649628456E-009
  2.505848690483762E-007
 -2.886454785318994E-008
  1.993484741345261E-007
 -2.065676625049154E-005
 -6.373274785628499E-005
 -1.075184441252749E-005
  2.848221788066281E-005
 -1.397600166371706E-005
 -7.825451630171280E-006
 -1.546697354576643E-006
 -1.709059440829474E-005
 -3.169407330075321E-006
 -2.216065269270272E-006
  7.235846778136425E-006
  6.856157333000201E-006
  4.280024626272550E-006
  2.247042368255872E-006
  4.250520529477096E-006
  3.074549872731495E-007
  3.285172040056344E-006
 -1.116213515361337E-005
 -7.540041770761845E-006
 -1.510785974353811E-005
  1.805880150984154E-005
  5.252343623369078E-006
  1.279891619523475E-006
  1.760991488521114E-005
  7.322460295042941E-006
 -3.356624371483099E-006
  4.314336552232162E-005
  1.010830266198951E-003
  3.035308701151007E-005
 -1.513051019466295E-004
 -1.055784874855256E-005
 -9.609948950603560E-007
  1.710451432959369E-006
  2.775499878211953E-003
 -3.762562422957186E-003
 -6.541996886706119E-004
  1.100579262790515E-006
  1.048275066005495E-005
 -3.338287548970557E-005
 -1.334766761595869E-004
 -6.534255616520441E-005
 -2.257296043852529E-004
  3.170702832009501E-006
 -2.899995772048620E-006
 -1.467074892788831E-006
  1.287815687488974E-006
 -1.495500687097783E-006
 -5.744335914029133E-008
  5.508862795073064E-005
 -1.721068804939408E-004
 -7.519341753118254E-005
 -2.025676141585690E-005
 -9.515726915928881E-006
  3.039816798669023E-005
  1.332066080472224E-005
 -2.894608599330912E-005
  6.936100611134652E-006
 -7.012368330329667E-005
 -9.140064146617587E-006
  6.850261204442564E-005
  4.552088723286796E-005
 -7.202959367497790E-005
  2.460279607042872E-005
 -9.983112655824895E-007
 -3.887854931163504E-007
  1.300331574242407E-006
  5.940374083654642E-007
 -1.298383892741262E-006
  4.042738572170253E-007
 -5.052589234170341E-005
  4.830906858674175E-005
  1.128101054198568E-005
  3.073218103774481E-005
 -2.255997220567544E-005
  1.979371130395860E-005
  3.435977864878387E-006
 -6.943962257045089E-006
 -1.697322966778598E-006
 -5.055080189097851E-006
 -1.187968410193879E-005
 -5.252853405537310E-006
  2.528746777592119E-006
  6.758783476716601E-006
 -6.422780757312683E-007
 -1.687153503312668E-006
  5.354285533619691E-006
  1.324184068529076E-006
 -1.452163089517260E-005
 -9.008932502423681E-006
  1.293090766281459E-006
 -7.053924098435393E-006
  1.231732528028384E-006
  5.859693624555684E-006
 -5.019381652614228E-006
  2.887312423538972E-006
  2.962422317962969E-003
 -5.177038738727282E-004
 -9.876108864756777E-004
 -2.372991293528883E-005
 -1.404356757461861E-005
  9.019018096644549E-006
 -8.954092308097681E-005
  2.334327799548196E-005
 -1.062974863276076E-005
 -1.879018271754853E-004
  3.906270709724552E-005
 -5.975280079721172E-005
 -2.254373785467067E-005
 -9.706856375760253E-006
 -1.699283716103630E-007
  1.401894920508237E-005
 -8.210038205931755E-006
 -1.942871940916946E-005
  1.791689458169201E-005
 -1.736530899932182E-004
  2.627984049007767E-003
  7.271767801742096E-006
 -6.997203145391933E-004
 -2.263412658225311E-005
 -3.927222447902961E-006
 -5.320570151603855E-005
  3.736764234604571E-003
 -3.176651744033693E-004
  1.380014409194826E-003
 -2.269965621593798E-004
  4.672971062191417E-005
 -5.625715734945987E-005
 -6.383088836934827E-004
  1.252521679114214E-004
  1.915101271610044E-004
  2.809998854276135E-006
 -4.001446445723935E-007
  1.828411903723312E-006
  2.371222412987041E-006
 -1.750334827207677E-007
  5.843407484810101E-007
  2.685309749287454E-005
  2.165548257779688E-005
  7.260944119511662E-005
  7.764792562077668E-005
  4.656090077600965E-005
 -5.090411973963346E-005
 -4.437416853997826E-005
  2.590769431528862E-005
 -3.327375708079841E-005
  1.515319641687690E-004
  8.202298914338627E-005
 -1.031422324981037E-004
 -8.327075376328782E-005
  1.470667873058713E-005
 -6.826121040548117E-005
  1.702542668533982E-006
  1.021521184033423E-006
 -1.054929062538665E-006
 -1.073812535973335E-006
  4.947451669182385E-007
 -6.287301325606463E-007
  4.832763693401590E-005
  1.147423963121744E-005
 -6.919682981469444E-005
 -3.289058456564807E-005
  8.950849607100165E-006
 -1.543705236836783E-005
  1.021704711225155E-005
  3.217452023442644E-007
 -2.729499656410221E-006
 -1.220915976727165E-005
 -1.165950093286298E-005
 -1.844198156948299E-005
 -8.155370206255809E-007
  5.262117174435160E-006
  2.124865859532478E-006
 -8.442058393416459E-007
  8.475765441781727E-007
  9.124446736938836E-006
 -1.947615740322213E-005
  6.728242646581036E-006
  5.626590555809361E-006
 -9.270972279115554E-006
 -1.615482289679877E-006
  1.916258262932507E-006
 -4.277999867899205E-006
  5.853299713429876E-006
 -4.033292291241518E-004
  1.246383267711578E-004
 -6.580798745901125E-005
 -4.896462653824404E-004
  8.295191982239675E-006
 -8.684272923170306E-007
 -2.365915929714439E-004
 -5.775857254313007E-003
 -9.352309613373216E-004
 -1.205435782886395E-004
 -4.067874961312824E-005
 -2.213275938956284E-005
  2.672969479942268E-005
  2.377533205443961E-004
 -6.157589195146548E-005
  4.820236062744816E-006
 -7.156602669144682E-006
 -1.183303129053847E-006
  3.805621334254547E-007
 -2.662535069184283E-006
 -3.070499677258427E-007
 -9.535312410744091E-008
 -6.830821800931717E-005
 -5.606551960317049E-005
 -2.032710696435539E-005
  3.686864323008149E-005
  3.388746750558938E-005
 -4.886601799929760E-005
 -1.444572378969375E-005
  6.286887794116763E-006
 -2.242291944038775E-005
  1.339012724598492E-004
  9.697000448040976E-005
 -1.355906722495835E-004
 -5.434303095092375E-005
  2.587310908440177E-005
 -7.955824150892543E-005
  1.641644030791855E-006
  1.504616344025325E-006
 -2.199830055978871E-006
 -5.937435461853984E-007
  5.731252211871320E-007
 -1.047900484606457E-006
  8.225069524662152E-005
  3.002234751488773E-005
 -3.144607627432289E-005
 -3.269537248748927E-005
  3.116029742155295E-005
 -4.955532275913226E-005
 -9.803771161716247E-006
 -3.316828676821455E-006
  5.923702492753755E-007
  1.777503444705780E-005
  1.293504089611501E-005
  1.163627903809094E-005
  8.895628410357396E-007
  1.479276060416527E-006
  6.481401537142360E-007
 -6.905487698973007E-007
 -1.175423897091502E-005
 -1.925949218584545E-005
  2.503472237862400E-005
  1.790819071827483E-005
  9.451829977277577E-006
  1.735452619447022E-005
  1.353606252248477E-006
 -8.069544092669731E-006
  1.519867342910002E-005
 -5.655059428651424E-006
 -2.323830706232083E-003
  4.512556129338942E-004
  7.765245341074174E-004
  1.224845698407966E-005
 -3.689784629203241E-005
 -5.022844494014013E-005
  5.819815825898692E-005
 -1.794456868653990E-004
 -1.045793185430997E-004
  1.051138395684168E-004
 -1.144474380259994E-004
 -2.170091617407759E-005
 -1.485654013160293E-005
  1.766212152876973E-005
 -1.623328754437820E-006
  4.779304454205175E-006
 -4.089554035898952E-006
  3.316911943216959E-005
 -1.357256749287078E-005
  3.602246322116823E-005
 -1.138889331894605E-004
 -1.209145077885920E-003
 -1.340155623756071E-005
  8.567248286093935E-004
  1.526984054467497E-005
  2.175261082522307E-006
  1.410683035534523E-004
 -2.944615988065820E-003
 -1.795591862181308E-003
 -1.145594526848943E-003
  1.553269602756234E-004
 -4.171996811153696E-005
  3.281845671298896E-005
  3.625761854464489E-004
  7.822847187017401E-004
  3.841506888604438E-004
 -2.511307540039092E-006
 -3.025964088767118E-006
 -1.728412942990329E-006
 -1.828290225085628E-006
 -1.162102203792729E-006
 -6.894945906799021E-007
 -2.957167347612597E-005
  1.094681187455544E-004
  9.058279772167647E-005
 -5.966040247702707E-005
 -5.759550079968989E-005
 -1.783404291364963E-005
  2.809289610809635E-005
  1.590282039052873E-005
  3.156750636893072E-005
 -1.097971777665420E-004
 -1.303628494252852E-004
 -4.145461494817704E-005
  5.740160263381973E-005
  6.088828328676972E-005
  5.239557513272222E-005
 -1.319583521344029E-006
 -1.100194138745323E-006
 -3.001062064985973E-007
  7.077107998231881E-007
  3.446082749563319E-007
  6.118727215208404E-007
 -7.436867194051254E-005
  6.165478480828577E-005
  1.428513596805358E-006
  9.297021410660739E-005
  3.149682606589355E-005
 -1.860154216609486E-005
 -7.092416565233197E-006
 -1.903186935840052E-005
 -1.653666849390797E-005
  3.896085540863319E-006
  4.072079770088904E-006
  1.738116415483627E-005
  2.888473300933913E-006
 -1.459497046379111E-006
  1.036644945559878E-005
  5.998721846762360E-006
 -3.834402344340049E-007
 -6.170398379892099E-006
 -1.831123745491485E-006
 -1.849322012168561E-005
 -1.572884085171952E-005
  1.964354082498762E-005
 -1.577591661611625E-006
  8.570067711815086E-007
  1.090317336472697E-005
  3.247056581033256E-007
 -3.204271672675574E-004
 -2.660007978510342E-004
  4.029733186261507E-005
  6.732137202945369E-004
 -2.220924261639860E-007
  1.261218964871015E-006
  2.837639197714855E-004
  4.297900260468938E-003
 -3.489926683543283E-003
 -4.409524377963779E-003
  5.171783262350083E-005
 -1.821005499688962E-005
 -9.183909079602354E-006
 -2.458352714648109E-005
 -2.634691590044450E-004
 -2.757903763394950E-006
  5.821813381313904E-006
 -3.493879621331039E-006
 -4.260893420446757E-006
  1.931103710968302E-006
 -1.279065756207608E-006
 -1.655095925771746E-006
  9.301026516683622E-005
 -1.923158426925592E-004
 -2.004594770726406E-004
 -2.391215322623968E-005
 -1.477100192922589E-006
  3.810473508611863E-005
  2.640789384378200E-005
 -2.464931640887871E-006
 -2.495740617542311E-006
 -9.152338035191771E-005
 -4.573871218231262E-006
  1.329305309469279E-004
  7.944463911467794E-005
 -2.467947829221637E-005
  1.207874123723976E-005
 -1.054510355553610E-006
 -5.779719023160815E-008
  1.718720143331022E-006
  1.064642429310395E-006
 -2.477200004004864E-007
 -1.013207375678517E-008
 -8.125563496810641E-005
  5.875515983867820E-005
  5.701900859599419E-005
  4.233250719936121E-005
 -5.249561028993578E-005
  3.892312776874520E-005
  8.271281075024525E-006
 -9.808534328925981E-006
 -8.619719544512239E-006
 -1.105868075418291E-005
 -1.131599604399678E-005
 -1.375516247089067E-005
  8.739902972676445E-007
  9.990780260685502E-006
  7.186563437123047E-006
 -4.570202387244209E-007
  9.042764916850572E-006
  2.993725740174491E-006
 -2.616762936648593E-005
 -1.573923452831040E-005
 -3.838417111968699E-006
 -1.138906022224131E-005
  5.862116815045981E-007
  7.867620134728349E-006
 -4.752360784688285E-006
  6.100003077252527E-006
  2.927200870279281E-004
 -2.740546317480184E-004
 -1.352833733946146E-004
 -2.484806419125056E-005
  4.811374218553559E-005
 -3.832882533503299E-005
 -5.519208212786096E-005
  1.984660581857578E-004
 -1.303418549406403E-004
 -1.128037852882732E-004
  5.075123995020241E-005
 -7.416988120526113E-005
 -6.283335664332121E-005
 -1.160570812858568E-005
  1.996416171465866E-005
 -7.606363965118143E-006
 -8.275209258524582E-006
 -2.048644405267347E-006
  1.988091738711026E-005
 -2.183710680573462E-005
  4.099825859108677E-005
 -1.865919565035194E-004
  3.688945067133870E-003
  4.044296758510581E-006
 -1.084684102248721E-003
 -3.420595796799872E-005
 -5.246964452414617E-006
 -1.735776813512095E-004
  4.632827135641317E-003
 -5.178823809928448E-004
 -8.253300255879055E-004
 -2.512764794837318E-004
  5.658873433469117E-005
 -2.954550605497165E-005
 -8.305524227889411E-004
  2.143989075273861E-004
 -1.209022647416430E-004
  3.336908006969279E-006
 -9.218592123447733E-007
 -5.671453150566525E-007
  2.949828184729139E-006
 -3.258232803637919E-007
 -4.085158414231526E-007
  2.221678900756931E-005
  3.116913983592395E-005
 -1.211025994892021E-004
  9.878367189449334E-005
  4.342172136675917E-005
  1.170377359673353E-005
 -5.494820272949190E-005
 -6.433830408153696E-006
 -4.383546916500143E-005
  1.991702800541841E-004
  7.001329251444616E-005
  3.891130566330185E-005
 -1.099571374141421E-004
 -4.764478846502167E-005
 -8.921314264004198E-005
  2.129406335910540E-006
  1.000883622588607E-006
  1.969831259310210E-007
 -1.313445079253609E-006
 -1.524549816642587E-007
 -8.159612566569307E-007
  7.773133360173648E-005
  4.423328366438351E-005
  7.059789523716496E-005
 -8.157422930914345E-005
 -1.297281571485707E-004
  3.842895707406967E-006
  1.674034786310094E-005
 -2.424229216406335E-006
  4.080838818029927E-006
 -1.998444796419831E-005
 -1.373261577949700E-006
 -3.023659562510450E-005
 -4.311101739674560E-007
 -8.511066607767967E-006
  3.717559738308703E-006
  1.476742596579346E-006
  8.842537782537545E-006
  1.637597480843136E-005
 -1.716486854886176E-005
  4.442492256263923E-006
  3.370738268911605E-005
 -3.097010560387656E-005
 -4.470976068038658E-006
  2.231470141439271E-007
 -2.963046604315392E-006
  5.647240511572611E-006
  5.331755034244695E-004
  4.490769436487390E-004
 -6.943577105358767E-005
 -1.466039790343816E-003
 -2.496027584702785E-006
 -2.825806732595138E-006
 -7.131531228974633E-004
 -7.075336955435329E-003
 -2.604303429384744E-003
  3.451704542830413E-003
 -8.243449762326387E-005
  5.931417395766692E-006
 -1.552216020618943E-005
  9.558429120539618E-005
  1.362153478948088E-004
 -1.552234213223428E-004
 -9.725714042676700E-006
 -2.398622622604408E-006
  2.740835632858547E-006
 -3.193586138822719E-006
 -1.069635758188337E-006
  1.376200085728898E-006
 -1.147393713583079E-004
 -6.756274336323539E-005
  1.523530990670355E-004
  3.890981661083342E-005
  3.372733343897840E-005
 -3.683063233775837E-005
 -2.402607841243961E-005
 -2.747567026186830E-005
 -1.488373819839381E-005
  1.458524144186366E-004
  1.218612473794553E-004
 -1.408393991445392E-004
 -7.703389504467071E-005
 -4.123469349362183E-005
 -6.881851937396585E-005
  1.711725205940800E-006
  1.478304002248894E-006
 -1.672325763001750E-006
 -1.000209079483541E-006
 -9.347612963633853E-007
 -7.115161264572593E-007
  1.093237293443755E-004
  5.431219695243119E-005
 -6.506290460425356E-005
 -4.078463209797193E-005
  6.337633583147295E-005
 -6.853909724640352E-005
 -1.436276218965061E-005
 -5.471992119402605E-006
  1.155362217271896E-006
  2.255811086769588E-005
  1.017305783967480E-005
  2.053017570125597E-005
  3.926199272343018E-006
  1.759735630394652E-006
 -6.306605697626446E-006
 -9.716992825555161E-007
 -1.467796226187909E-005
 -2.237915069610288E-005
  3.080325535599057E-005
  2.291629984663594E-005
  1.440982421174405E-005
  2.111758693900133E-005
  2.513918465971358E-006
 -6.765627684539182E-006
  1.483739529818881E-005
 -8.012542557150463E-006
  7.935011872639526E-004
  2.515823848396303E-004
  6.655976732090011E-005
  5.473157549685772E-005
 -9.724260082858133E-005
 -1.235267751165015E-005
  1.439876951388381E-005
 -3.477231345187917E-004
 -7.090744349549291E-006
 -7.824848187441935E-006
 -1.415368154725259E-004
 -2.010717279607042E-005
 -8.889463199001250E-007
  1.858252604778249E-005
 -1.950079733962623E-005
  3.044210225782262E-005
 -6.824239472989317E-006
  1.473289180095364E-005
 -1.175828657479317E-005
  4.038976818993032E-005
 -3.010390283469730E-005
  6.292011233390948E-005
  2.420227859972625E-005
 -9.286635386278955E-004
 -7.992059370701640E-006
  1.320099389231991E-004
  1.092296897353436E-005
  1.898883550516798E-006
 -4.421298603588715E-005
 -1.503506459369964E-003
  5.686701683891792E-004
 -8.763830963262598E-004
  1.037750106816774E-004
  1.845460247620624E-006
  2.680882264473820E-005
  3.496845320357968E-004
 -8.451278727273295E-004
 -5.347494159214387E-004
 -1.030844694910576E-006
  1.360642630192006E-006
 -8.417846898075476E-007
 -9.919716681272308E-007
  4.180861784594034E-007
 -2.756429457897475E-007
 -8.788926059250081E-006
 -1.388602626466644E-004
 -1.518353970562086E-004
 -3.573348294918912E-005
  3.771418349651521E-005
  7.354594255476715E-005
  2.446607611125710E-005
 -2.062706004697368E-005
  1.126740683793202E-005
 -7.884950509570580E-005
  1.273622774415447E-004
  1.609968354504532E-004
  5.077441511485529E-005
 -1.975338101980322E-005
  2.807508998085051E-005
 -7.883195654425311E-007
  6.993035232703943E-007
  1.465603759534668E-006
  5.630906354534803E-007
 -4.047952850955737E-007
  2.252289299890507E-007
  2.171052309786065E-006
  3.656321299162256E-005
  9.842922778345914E-005
 -2.977289129513640E-005
 -1.412069988627775E-005
  2.760183898535033E-005
 -5.190729344221804E-006
  1.819056574839506E-005
  1.563956287172084E-005
  1.126236979843164E-005
  4.173101818468410E-006
  4.309818234233775E-006
 -3.716720796162422E-006
 -8.404254459485854E-006
 -7.040403359907795E-006
 -2.411769470744993E-006
 -1.804536151104233E-006
  5.257477470003707E-006
  2.619945101189830E-005
  1.209215249563262E-005
 -9.911040058670928E-006
 -6.678544042319918E-006
  1.165549932568314E-007
 -1.468846289230982E-005
 -5.607142449774201E-006
 -3.836996039862825E-006
 -4.608565843249577E-005
 -7.275979480160128E-004
  2.669709885710605E-005
 -4.283461255265644E-006
 -3.116111444810882E-006
  5.080832936262897E-007
  1.882398553451357E-005
  1.956127101180269E-003
  4.484739184458510E-003
  3.528892984376302E-003
  7.080706564866470E-006
  3.130493630792992E-005
 -1.403772900959606E-005
 -1.617373788026057E-004
  2.951507400847781E-004
  6.657705919894721E-005
  2.332898709210918E-006
  4.451229122665500E-006
  2.865184937022787E-006
  9.403293876274326E-007
  1.634153427702527E-006
  1.298053233226162E-006
 -1.264180294101436E-005
  2.526620099122046E-004
  1.886864850969891E-004
 -1.441111321311887E-005
 -2.581454692976917E-005
  1.393104795340999E-005
 -7.804652649463834E-006
  3.999109845903984E-006
  2.221576586258270E-005
 -5.206206969077052E-005
 -7.680141401138316E-005
  2.334188453633958E-005
 -1.316026909372414E-005
  1.358520545158775E-005
  6.522233878449466E-005
 -6.218484854297025E-007
 -1.160783141603393E-006
  6.335906870424557E-007
 -3.190884337367525E-007
 -1.128630927442750E-008
  9.409369191664549E-007
 -1.189074918346396E-005
 -7.946337692569000E-005
 -1.211828758112897E-005
 -5.977453048947218E-006
  1.520855057563225E-005
  1.786820223241118E-005
  3.362168641632786E-006
  1.082103205772488E-005
  5.593534024128927E-006
 -9.407576734455035E-006
 -1.062030259180070E-006
 -6.789291904433224E-007
 -1.910010771652974E-006
 -1.058383682636980E-005
 -5.090999742765961E-006
  1.663434267413626E-006
  4.527759940800706E-006
  1.683664142827522E-005
 -2.751573771123952E-006
 -4.892009501725648E-006
 -5.862067557985826E-006
 -8.691270320676473E-006
 -2.181813967960258E-006
  1.378692160476280E-006
 -1.029119952439445E-005
  4.576272035492240E-007
  1.159965333715184E-003
 -4.581065891185089E-005
 -3.308205030420710E-004
  1.592324964176236E-005
  9.053211635396002E-006
  7.323416609589809E-005
  1.128434508354266E-005
  2.985962832186676E-005
  2.017674276400545E-004
  2.825849258564440E-005
  6.531356134288792E-005
  9.035610997641574E-005
  6.548344912544469E-005
 -6.403907115526086E-006
 -1.177155185869811E-005
 -3.877867142930510E-006
  1.242473068909059E-005
 -2.575898754708936E-005
 -6.020823573564509E-006
 -1.620440012605858E-005
 -1.018214752819002E-005
 -1.441672683185697E-005
  2.492808636696357E-005
 -1.025628328758782E-004
  9.069581274223296E-004
  1.947813467345671E-005
 -6.735366733051447E-004
 -1.627136524002531E-005
 -2.605565483542119E-006
 -1.373274212451828E-004
  2.882912708059437E-003
  2.458015985125195E-004
 -1.391704142516970E-003
 -1.716133426400225E-004
  1.315883267590044E-006
  2.757019251571043E-006
 -5.444255313582508E-004
  6.860581413086056E-004
  2.173470549624329E-004
  2.168731876397808E-006
 -1.758600043892298E-007
 -2.038194785900265E-006
  1.729040949940602E-006
  2.955798602926040E-008
 -7.467459965137422E-007
  8.397404670666069E-006
  1.183223397011984E-004
 -2.495712242510740E-005
  5.382726561493563E-005
 -2.148644065242913E-005
 -4.326688138411850E-005
 -3.904821656308017E-005
 -3.284484153926716E-005
 -1.477904905185546E-005
  1.106215606389581E-004
 -9.010168990796258E-005
 -8.839396182898764E-005
 -8.127722359891025E-005
 -1.137458415916242E-004
 -2.934433704004781E-005
  1.236705230455929E-006
 -3.961507661964692E-007
 -8.242500601440384E-007
 -8.998828290261292E-007
 -6.703286633083336E-007
 -3.368224014297996E-007
  3.411002772861648E-005
 -1.870671493607745E-005
  3.319068445106990E-007
 -2.760290026929757E-005
 -1.372837956444440E-004
 -6.507127459318907E-006
  7.709100897897908E-006
 -1.404533407568709E-005
 -1.498775478003006E-005
 -1.076672638835233E-005
  5.771107186915069E-006
 -1.236057630534140E-005
  3.469589669996507E-006
 -1.383592385464990E-006
  3.636565065697563E-006
  5.457115721831683E-006
  3.564529621552870E-006
 -7.098297545966137E-007
 -2.129932508177557E-005
 -3.368656219168673E-006
  2.857346962059159E-005
 -7.324932645489937E-006
 -1.900260619640658E-006
  5.834486514997379E-006
  6.410611613518587E-006
  5.154946188926063E-006
 -9.183336563791439E-004
 -8.998499891171057E-004
 -5.229708481865682E-005
 -2.736566874869771E-004
  1.097233574901328E-005
  1.934996868848045E-007
 -3.944323094889934E-004
 -4.397442221475130E-003
 -3.732686943523777E-003
 -2.185095426279374E-003
 -1.734358461663426E-005
 -2.937093558105851E-005
  1.806117955231831E-005
  1.291758452852994E-004
 -2.691557333057366E-004
  7.099478928065780E-005
 -4.920407393077351E-006
 -3.686079609132030E-006
 -1.960375098788473E-006
 -1.991318785035345E-006
 -1.299385852964460E-006
 -9.323490281280779E-007
 -5.224686532898955E-005
 -2.006845262595503E-004
 -5.767683687636767E-005
  2.769525154301510E-005
  3.171574393580161E-005
 -2.194609550580788E-005
 -1.504432976241641E-006
 -2.383469465729959E-007
 -2.619081856677346E-005
  9.743049923453069E-005
  9.023145246820700E-005
 -4.254644839463828E-005
 -1.679296440008368E-005
 -2.235491453692947E-006
 -8.063753483444700E-005
  1.263362401673330E-006
  1.377884826320157E-006
 -9.217912550422651E-007
 -1.067110717019906E-007
  1.720089653440603E-007
 -1.156651329971340E-006
  5.722455253265310E-005
  7.836193242665451E-005
 -5.553055945649656E-006
 -1.493888429214614E-005
  8.409134330214714E-006
 -4.228566824050696E-005
 -7.253318539288297E-006
 -7.568129025498131E-006
 -8.207772662079911E-006
  1.502334110676691E-005
  6.828303691596865E-006
  6.736614511097983E-006
  1.464267122171319E-006
  9.120901830766054E-006
  3.175327658984173E-006
 -3.043763895620473E-007
 -8.961848206359714E-006
 -1.963031756761253E-005
  9.973850392370435E-006
  1.206313725848227E-005
  6.373906810670834E-006
  1.482240736059687E-005
  1.899390693935024E-006
 -3.427297623506958E-006
  1.393214548580746E-005
 -2.182184256287826E-006
 -2.073467895170809E-003
  4.160159448800734E-004
  9.525161931402822E-004
  3.762085062592608E-005
 -1.699951907387423E-005
 -8.288834659423053E-005
  3.349859140786076E-005
 -9.340704239116540E-005
 -1.942661279834438E-004
  4.598093569558351E-005
 -1.154298461401740E-004
 -5.634919089595782E-005
 -6.831727381997692E-005
  1.303595600289254E-005
  8.105897254183002E-006
  4.384779146994045E-006
 -1.010717929087613E-005
  3.500045562258493E-005
 -2.928776712016405E-006
  2.452240100714242E-005
 -1.783041190471017E-006
  2.880175484626418E-005
 -2.189429928633680E-005
  3.149694691099553E-005
  1.494508113934920E-004
 -1.699320510379871E-003
  7.202915689595456E-007
  5.677103756159943E-004
  1.171115760871876E-005
  2.028338897386163E-006
  9.741868755192569E-005
 -2.233257775234608E-003
 -2.510049939858099E-004
 -5.036313128685666E-004
  1.232215514777023E-004
 -4.857517086953479E-005
  2.944833470472166E-005
  2.886243516576858E-004
  7.198757048159081E-004
  3.432392887604343E-004
 -1.779154159365559E-006
 -9.604979856196122E-007
 -9.866272139157641E-007
 -1.379250744859810E-006
 -2.430526957386357E-007
 -3.086978026912627E-007
 -1.806417143362446E-005
  1.172047800688675E-004
  7.922595586109193E-005
 -4.191444267158755E-005
 -8.427508427252486E-005
 -2.264182281513368E-005
  1.990809242872116E-005
 -5.280634268314936E-006
  2.200635024286639E-005
 -7.268245907306318E-005
 -2.093852665849310E-004
 -5.785460295234947E-005
  3.249633864843253E-005
  5.046702289216092E-006
  4.018612042463065E-005
 -9.142231030914507E-007
 -1.720824707303817E-006
 -4.106746969960033E-007
  5.107219005198551E-007
 -8.994988182266489E-008
  4.035012025715956E-007
 -5.049868924380197E-005
 -4.803745262284000E-005
 -2.923239796876472E-005
  6.266347586078446E-005
  5.169850279177590E-006
 -1.216478661698250E-005
 -5.026317768029743E-006
 -1.851231095073932E-005
 -1.291006321531061E-005
  9.467899688400144E-007
  7.486399114394570E-006
  1.413216333524922E-005
  4.532257816788002E-006
  3.142137285050694E-006
  4.915537500375317E-006
  3.255975310086639E-006
  9.569596069260600E-007
 -1.438192420694254E-005
 -6.723293608676163E-006
 -1.882039514221365E-005
  4.284449502861566E-006
  1.594951632143547E-005
  1.498927296423046E-006
  1.277220462937731E-005
  9.885142317673406E-006
 -2.016303673567050E-006
  4.494148875566476E-004
  6.029596212448550E-004
  3.911088860190520E-005
  4.939297266377060E-004
 -5.179080537428794E-006
  3.603439986907410E-007
  2.177676074369303E-004
  3.819730153132737E-003
 -3.549508223121188E-003
 -3.408349406087662E-003
  3.359804304826177E-005
 -9.172176918367088E-006
 -1.269196578982662E-005
 -7.601594174179041E-005
 -2.335748481333126E-004
 -7.139729526169203E-005
  4.823703959933764E-006
 -3.267925993611654E-006
 -3.245747070448241E-006
  1.722205681556850E-006
 -1.327103459976684E-006
 -1.202700109118721E-006
  8.095002095033153E-005
 -1.965964903090341E-004
 -1.683593781326337E-004
 -2.245753001696263E-005
 -8.072920575820202E-006
  3.493497004588760E-005
  2.225037643915758E-005
 -1.028599764002075E-005
  2.071535778050476E-007
 -8.183920276907867E-005
 -2.016859046902660E-005
  1.122487877132440E-004
  6.750330004464789E-005
 -3.945831453598953E-005
  1.433590272443077E-005
 -1.019795545362153E-006
 -3.438332024219327E-007
  1.566239368936415E-006
  9.128319799221509E-007
 -5.618389119127046E-007
  1.069635654400020E-007
 -7.035994606315756E-005
  4.944102941080227E-005
  4.356436385545186E-005
  3.867282553643648E-005
 -4.636884799718519E-005
  3.168712052672109E-005
  6.441602520083462E-006
 -7.504203380903428E-006
 -6.185904273404304E-006
 -8.367457712602764E-006
 -1.187301063693494E-005
 -1.095734984764762E-005
  1.020447930617235E-006
  9.104560765953278E-006
  4.442859589051725E-006
 -9.728854975163249E-007
  7.226479030114310E-006
  2.422850757570230E-006
 -2.228314860750005E-005
 -1.301618121654918E-005
 -3.589762419291751E-006
 -8.663255873793751E-006
  8.282077157117812E-007
  6.690851932193450E-006
 -4.907473904705574E-006
  5.197432225102200E-006
  1.163865372516899E-003
 -4.054449540220434E-004
 -4.457040310653463E-004
 -2.817170662584202E-005
  2.784463465663641E-005
 -2.300572115575795E-005
 -6.948250334252957E-005
  1.495860585435322E-004
 -9.718810909695477E-005
 -1.333723321540612E-004
  4.913387668311147E-005
 -6.865519380233814E-005
 -5.062690899384176E-005
 -1.125821441324364E-005
  1.339488061313593E-005
 -9.014373112746647E-007
 -8.335176653191643E-006
 -7.410131885080233E-006
  1.959339106643529E-005
 -1.981806309510964E-005
  3.201925433392463E-005
 -2.597304135807335E-005
 -8.723686240904995E-006
 -2.628101720805618E-006
  2.854174933601464E-005
 -1.774010041202287E-002
  0.529191183382985     
 -3.790088941014545E-003
  6.707363572230261E-002
 -4.453920681541282E-003
 -6.818466264841325E-004
  3.329805515103397E-002
 -0.340460136947988     
  0.604589374734209     
  0.529762572564493     
  1.797484707940515E-002
 -1.481932797001678E-003
 -9.686653638664075E-003
  4.547703809560923E-002
 -2.452238444730315E-002
  5.366713348203994E-002
 -3.594329186084177E-004
  6.128772154263458E-004
  6.916963002259415E-004
 -2.248547320459229E-004
  4.124775553999875E-004
  2.373239123731201E-004
  2.280787056904202E-003
  2.904003056943187E-003
  3.075773616091501E-002
 -5.743385989193521E-003
 -2.576080464838296E-002
 -4.515098371820132E-003
  1.051513130616438E-002
  2.300840853584438E-003
 -4.771745316970858E-003
 -1.324678527130586E-002
 -6.862824699258555E-002
 -1.184102300382165E-002
  2.202216550816118E-002
 -8.331966258306768E-004
 -8.775380236855328E-003
 -1.462133293133143E-004
 -5.503204697488364E-004
 -1.011589700667339E-004
  2.095492637052393E-004
  4.254789846724004E-005
 -6.333593439192502E-005
 -3.776791112208128E-003
 -5.141964426141986E-002
 -2.968677693414934E-002
  5.928946709699724E-003
  1.676453102303503E-002
 -2.152155597491596E-003
  8.658428924391648E-004
  1.799072748052190E-005
  3.214738580941756E-004
 -4.387527379696332E-003
 -6.678275081785784E-004
  1.789998702378837E-003
  7.513742427654047E-004
  2.189032888870521E-003
 -2.272113455776736E-003
 -8.368355823215656E-004
  2.086969719037951E-003
 -6.757724456004532E-003
 -9.238550089664746E-005
 -9.035573856532473E-003
  4.541280001392943E-003
  2.774664699418620E-003
  1.972541633148980E-003
  1.371003234357397E-003
  8.400995565575921E-004
 -4.262059111535832E-004
  8.322979257748217E-004
 -6.335610315298576E-002
 -1.028512344627756E-004
  1.942545160151708E-003
  4.450644147923530E-004
  5.863678545287140E-005
  3.128646347746496E-002
  0.143533725028529     
 -0.117493490594561     
 -0.125121176940342     
  7.213859940592223E-004
  2.156312917454333E-003
 -5.495272068807024E-004
  1.881757350146651E-002
 -1.062538879305383E-002
 -2.594619673414263E-002
  1.072565168735786E-004
 -7.894726362148898E-006
 -1.853415347535991E-005
  5.589984492630117E-005
 -3.317702064262527E-005
 -3.595705103966054E-005
  4.341685240701258E-003
 -9.129916822260744E-003
 -2.106915587203021E-002
 -3.167830174923748E-004
 -2.163555081213890E-003
 -1.760514559989306E-003
  4.964012326495466E-004
 -4.191599097120484E-005
 -1.796182151571718E-004
 -2.003813876333313E-003
 -7.782858508367525E-003
 -5.164811771427337E-003
  1.891397357936029E-003
 -5.819644610148816E-005
  1.124165183972838E-004
 -4.384191642711907E-006
 -9.215063636878664E-005
 -7.867981710150399E-005
  1.369670498572637E-005
 -6.744779320985967E-006
 -9.312513343014461E-006
 -3.363410892965603E-003
 -6.332521609880528E-003
  6.667614407636130E-004
  1.624795289544661E-003
 -2.577588728121532E-003
  1.738615603420941E-003
  2.507859882742672E-004
  6.226503517125418E-004
  7.323204300879392E-004
 -1.674551283254119E-004
 -3.731405369180679E-004
 -5.849028364973897E-004
 -1.994085372497423E-004
  1.054787831995906E-004
 -2.442473996331496E-005
 -2.792664044291766E-004
  5.727120067353747E-004
  1.461090987415910E-006
 -1.718106202448358E-004
 -1.919204849376655E-004
 -2.841006981922613E-004
 -1.526215535268459E-003
 -1.237337075275572E-005
  3.035655155335777E-005
  3.565902127085124E-005
  4.715135623049268E-005
 -8.578738332065822E-003
 -7.977330066417109E-003
 -2.074789447441890E-002
 -7.001811316122779E-003
  1.381534785054454E-003
 -1.808156719651850E-003
 -1.373826590696562E-003
  4.645047758647120E-003
 -4.128381772701253E-003
 -3.563286112119503E-003
  2.516992872094483E-003
 -1.166188658123890E-003
 -2.421971340616971E-003
 -2.050219255216962E-004
  5.299231844946842E-004
 -4.229973749696317E-004
 -2.310247879647654E-004
  1.350974554424113E-004
  4.360467134864616E-004
 -4.129287782414287E-004
 -5.340921330360862E-004
 -1.403498330121820E-003
 -6.254957006696329E-005
 -1.005528910935689E-003
  4.754783483083919E-004
   1.29128022226599     
  1.503244036060453E-002
 -0.138232982343237     
  9.294909639334974E-004
 -6.051989965533914E-003
  1.338912541259099E-003
  1.899770923748858E-004
 -3.993669748985175E-003
  9.401050052266000E-002
 -0.179584684291682     
 -2.713935606742307E-002
 -4.729149951375944E-003
  9.528449847625371E-004
  7.035702447191028E-004
 -1.032483003232785E-002
  7.572151607998345E-003
 -5.169701978531050E-003
  1.090348399043607E-004
 -1.780819365765371E-004
 -4.173052416350092E-005
  6.351918177974081E-005
 -1.201275774796312E-004
 -9.197588440407827E-006
  9.023063329690817E-005
 -7.669471188637898E-004
 -1.463184332994986E-003
  1.744197773949760E-003
  7.318513786403440E-003
 -3.332567308401820E-004
 -2.900750923831609E-003
  1.463299950571269E-003
  1.156553149881849E-003
  4.310289160397687E-003
  1.916547788686114E-002
 -3.948715494531585E-004
 -6.128851185132583E-003
  4.657115356595309E-003
  1.818562024734896E-003
  4.342006476343589E-005
  1.562190077717623E-004
 -5.578760109177164E-006
 -5.845156473854981E-005
  2.987011450841898E-005
  1.503149997511393E-005
  9.988364442854287E-004
  1.274375453708537E-002
  3.198060665652338E-003
 -7.067698805643530E-004
  6.515634127522713E-004
 -2.920665637210758E-004
 -2.896838373577515E-004
 -2.709589089415393E-005
  4.700730756790514E-005
  1.232077843488740E-003
 -3.098084107685036E-004
 -3.630263314154852E-004
 -2.140384017617001E-004
 -9.694326895300002E-005
  6.692110961792542E-004
  1.664532046169830E-005
 -7.152454524717221E-004
  1.747260542895742E-003
 -2.380938760705186E-004
  2.509556781085552E-003
 -1.744607165965660E-003
 -3.638204236703860E-004
 -4.704372602601047E-004
 -1.573707026319483E-005
 -3.359487621154276E-004
  8.461031544457113E-005
 -2.392234268345295E-003
  1.776773615420056E-002
 -1.076473245753994E-005
  2.572345030739923E-003
 -5.258436449711960E-005
 -1.759780699595200E-006
 -9.080691718104123E-004
 -3.478886156456026E-002
  3.597648411049958E-002
  1.158146628183724E-002
  1.682305144137922E-005
 -6.933107485487439E-004
  3.684450983581422E-004
 -1.566747385259224E-003
  2.262055333083058E-003
  3.464731673580937E-003
 -2.162012473393779E-005
  3.981011867925348E-006
  4.980233296277634E-006
 -1.384379565249876E-005
  1.097694759663911E-005
  2.871868895387063E-006
 -2.290502636333307E-004
  1.845363844619769E-003
  1.993371706362768E-003
  6.764474870385959E-005
  7.209929354066215E-004
 -1.473188083235784E-004
 -7.459309286892328E-005
  1.978325771695924E-004
  6.948344165063695E-006
  4.188615421651191E-004
  2.452210222779961E-003
 -4.635454767054921E-004
 -3.010608070131249E-004
  5.425298889474852E-004
 -1.178007351519942E-004
  8.461936094732126E-008
  3.157023818674859E-005
 -7.570827236675635E-006
 -5.962378285688260E-007
  1.138175085426894E-005
  5.116184676215048E-007
  5.623047330231648E-004
  1.574205227032599E-003
 -3.855525389432354E-004
 -3.036676421881879E-004
  4.326702317276907E-004
 -2.586370908349769E-004
 -2.440093836832098E-005
 -1.951634994887177E-004
 -3.386988812905961E-005
  2.196029398385590E-005
  1.583921416286004E-004
  5.124252112110704E-005
  4.454970756556324E-005
 -5.923810964506252E-005
  6.151437679202797E-005
  3.103599925804071E-005
 -1.024472237563645E-004
 -1.717273626057382E-005
  1.309844297380217E-004
  6.698029611086619E-006
  2.168434197620052E-004
  3.006436416580069E-004
 -3.783851898502810E-006
 -5.932687007878743E-005
  2.852429195608225E-005
 -2.388585321974476E-005
 -2.127551669967614E-002
  3.379324351846785E-003
  3.613101457436352E-003
  2.279885165166571E-004
 -2.119707103449268E-004
  1.883000990526408E-004
  5.978000446442515E-004
 -1.173278602466782E-003
  5.022056274109489E-004
  1.212772799892296E-003
 -3.021051575537887E-004
 -2.188016100523416E-004
  9.740329457873610E-004
  8.368909812784182E-005
 -4.054331428352090E-005
 -4.678050455917009E-005
  5.459834078598738E-005
  1.234705688838502E-004
 -1.382874389138292E-004
  2.738593373936600E-004
  8.044484646296639E-005
  2.796312313769891E-004
 -1.094314140133890E-004
  1.702098999978604E-004
 -1.644279233802710E-004
 -0.317310466779136     
  8.913213387747111E-002
 -2.407213031962748E-003
 -0.241611776245102     
  1.278860360202909E-003
 -3.903590278112636E-002
  2.259124303031582E-003
  3.486778709415943E-004
 -2.037611111352199E-002
  0.130334350299150     
 -0.279983962492547     
 -0.339409095076842     
 -7.045452840229160E-003
  1.487897570237081E-003
  5.962042203395298E-003
 -1.412675693979466E-002
 -3.543953589805721E-002
 -5.283363629015639E-002
  1.404203357366582E-004
 -2.496344885864386E-004
 -4.251025277874433E-004
  8.492753137547027E-005
 -1.863421542795686E-004
 -1.507598736851630E-004
 -1.765186254535270E-003
 -9.248135054936258E-003
 -2.370572354968671E-002
  1.706830700861991E-003
  1.577586088684941E-002
  5.596054223518456E-003
 -4.200859325247595E-003
 -2.266993767347370E-003
  2.494028624385604E-003
  3.266750649232979E-003
  4.311267872318315E-002
  1.357158751038547E-002
 -8.297937422369971E-003
 -1.414189568870503E-003
  5.031186773136991E-003
  4.668444576953649E-005
  3.321170166838018E-004
  1.175373288583704E-004
 -8.212574771480335E-005
 -4.329172891396263E-005
  3.544130194526686E-005
  1.948508120630194E-003
  2.946276559936058E-002
  2.048745354998719E-002
 -4.472579195901060E-003
 -9.525066770077580E-003
  2.524071075270865E-003
 -5.313833366272918E-004
  1.113524966574813E-003
  3.963614809358992E-004
  2.509113414349597E-003
  4.139493807523897E-004
 -9.149634044677222E-004
 -6.284685562204479E-004
 -1.685793189774729E-003
  7.718807020865311E-004
  4.298105696129432E-004
 -1.070525653173144E-003
  3.859109932064244E-003
  1.344883994440768E-003
  5.048523265539871E-003
 -3.081786842290625E-003
 -1.836946306020440E-003
 -1.032134074595553E-003
 -1.942157444611597E-003
 -7.627077082775849E-004
  1.990911500569428E-004
 -2.023554135064458E-003
 -6.611845540230678E-003
  3.432765268944646E-004
  2.943956900186971E-003
 -1.401609322276520E-004
 -3.254327696140019E-006
 -1.510972896299246E-002
 -5.839576886276131E-002
  0.312722933612281     
  0.205852802695614     
 -2.083051819689321E-004
 -2.097479293420110E-004
  5.234708443760266E-004
 -1.227153692037219E-002
  1.815140037621823E-002
  2.204624708254855E-002
 -3.910138279442751E-005
  2.358328875207578E-004
  1.388319132301587E-004
 -2.149650927880701E-005
  1.116181373066225E-004
  6.614621236083714E-005
 -4.034411703496643E-003
  1.832737786972563E-002
  2.000712460440386E-002
  1.189398493830729E-004
  3.211874642577273E-004
  9.490109088876452E-004
 -8.504847811058931E-004
  8.242501788971359E-004
  7.315449317228202E-004
  8.132454157572784E-004
  1.161490045807621E-003
  2.707640927289829E-003
 -2.539491872105294E-003
  2.123531860297877E-003
  1.726246456348015E-003
  3.354286967656364E-006
  1.123193818902405E-005
  4.376396542853065E-005
 -3.267113709989499E-005
  3.276041700438644E-005
  2.931685013223862E-005
  2.407359782353533E-003
 -1.010641969163899E-003
 -7.438055025639147E-004
 -1.757944473725712E-003
  2.413325741040012E-003
 -6.494153086278205E-004
 -9.183194566598701E-005
  2.417146394601020E-004
 -1.840917222330003E-004
 -1.502602602760055E-004
  3.924258918990707E-004
  4.257560972739665E-004
 -2.675622211956514E-005
 -5.866601694397375E-004
 -1.614459731014066E-004
  2.569172972242459E-004
 -2.580330305085656E-004
  5.813103219785101E-004
  2.923604262085336E-004
  1.386974359455078E-004
 -1.896882267024773E-004
  6.354016555801888E-004
 -9.686501828552204E-005
 -7.793703967894714E-005
 -2.907152671219439E-004
 -7.147446217652882E-005
 -1.456368201531948E-002
  1.249668794305274E-002
  2.124568928603601E-002
  5.153282673073281E-003
 -5.479510175251945E-007
  3.520761917238364E-003
  3.020579193714575E-003
 -1.428921093519287E-003
  9.791691127758370E-003
  7.135513913036439E-003
  2.015281428021515E-004
  5.416529847704783E-003
  3.976553430464898E-003
  7.306475702760083E-005
 -6.997963188068180E-004
 -2.213473112728409E-004
  7.654282966290951E-004
 -6.174049180733976E-004
 -8.384930536566959E-004
 -1.482138936823532E-004
 -4.840034537408650E-004
  4.689284155881335E-004
  1.121991676421771E-003
 -2.325194113826634E-004
 -9.737777827394177E-004
 -0.650791619941004     
  0.151296213241726     
  0.386573132361064     
 -4.675777902208385E-004
 -9.113268707758825E-003
  8.960005671769525E-005
 -4.644098920609326E-003
  1.990352136990766E-005
  8.426314548655970E-006
 -1.871366936362566E-003
  3.509838483391322E-003
  6.349320276708328E-003
 -3.007924009328094E-002
 -1.086687804666791E-004
 -6.500014257601337E-005
  5.487932313815668E-004
 -3.116408265348285E-004
 -3.871717626605596E-003
 -5.039863056132360E-003
  2.876984539056117E-006
  1.128479784272902E-005
 -3.690543598845373E-005
  1.739029612334494E-006
  3.417244252611604E-006
 -1.318772413258233E-005
 -1.289380357154034E-004
 -6.013070731374976E-004
 -2.478812278118737E-003
  1.673423094662595E-005
  2.774818304461598E-004
  6.573107339693364E-004
 -6.280521914517181E-005
 -6.291352778324560E-004
  4.607098819854586E-005
 -4.721064360279518E-005
  8.477852275403466E-004
  1.485916815834654E-003
 -1.473969941310464E-004
 -1.268338432675537E-003
  1.946076377338416E-004
  6.971140991655793E-007
  5.291303372004405E-006
  1.351653842356287E-005
 -1.133772308904573E-006
 -1.252393331020744E-005
  4.366582097389939E-007
  2.262660246180746E-004
  4.627003150895335E-004
  1.597245308213875E-003
 -5.722416727403615E-004
 -1.493447658283863E-003
  3.459756481222868E-004
  1.444779815019502E-006
  8.755782351793457E-005
  5.678772685149851E-005
  5.600093472529712E-005
  1.351175029075871E-004
 -6.033527417035563E-005
 -1.521304048554345E-005
 -1.438929673586049E-004
 -4.191870206130421E-005
  2.903508016903548E-005
  1.262194367333328E-005
  8.202297714146526E-005
  1.364636118492213E-004
  1.344415661425231E-004
  1.280524303658285E-004
 -1.723073971625229E-004
 -2.156180164158550E-005
 -1.044436938408230E-004
 -1.733757221670877E-005
 -1.067330600279943E-005
 -1.653584282975423E-004
 -3.684033551601619E-004
  3.470013282567787E-005
 -2.493727274519912E-003
 -3.900423444774024E-005
 -5.800342135680464E-006
 -2.651401583567197E-003
 -2.632110107475542E-003
  1.862263033352725E-002
  2.768709627679893E-002
 -1.555952466972602E-004
  1.695035812978823E-004
 -1.050361283596589E-004
 -1.662824966524722E-003
  1.703365072665300E-003
  9.563299564606335E-004
 -4.417601821052965E-006
  1.984331743844686E-005
  1.782836993306754E-005
 -6.872245470132285E-007
  6.501163968332306E-006
  1.010347308871519E-005
 -4.522698185392211E-004
  1.281926373732221E-003
  2.029585561176449E-003
 -1.002701321952257E-005
 -1.132676915361386E-004
  1.440397813153177E-004
 -9.052933540624861E-005
 -5.875432083736282E-005
  1.005563486257712E-004
  1.011262346123471E-006
 -2.909653974855842E-004
  2.951291396491872E-004
 -2.415186669383006E-004
 -1.057913762541908E-004
  2.405074045921771E-004
 -6.069293896197650E-007
 -5.213664613477992E-006
  6.576075771766650E-006
 -3.650602364065047E-006
 -3.104546934811886E-006
  4.257531753684812E-006
  2.031694764487449E-004
 -2.634507620942502E-004
 -1.310924734718925E-004
 -1.278000814762423E-004
  2.271236729557852E-004
 -7.536939497250261E-005
 -1.638249913704002E-005
  5.459389530635241E-005
 -5.037241165130400E-006
 -3.486906128681493E-006
 -1.009409626362337E-006
  5.263440353980155E-005
 -2.148380377843817E-006
 -4.481027609870428E-005
 -4.814875417282096E-005
  1.661583908794489E-005
 -1.682286893922241E-005
  5.534615324205576E-005
  1.754232033638605E-005
  2.232621848040218E-005
 -3.788170319463717E-005
  2.814238833726506E-005
 -5.681910329631182E-006
  3.532622251484603E-006
 -3.830042225316221E-005
 -7.024980862623553E-006
  1.217044482866882E-002
 -3.215180239327795E-004
 -1.366280183570721E-003
  5.117683243607090E-004
 -1.513533797563548E-004
  4.269780649769757E-004
  2.185818189358021E-005
 -4.053758156847622E-004
  1.143005076800949E-003
  1.115780086463018E-004
  3.846777864885195E-005
  5.396961628110495E-004
  2.905025473924114E-004
 -1.024242950529205E-005
 -1.155758767803464E-004
  6.195822168220675E-005
  5.490479001682633E-005
 -1.416463900925109E-004
 -4.466236051153427E-005
 -5.179922551926098E-005
 -9.378836772989602E-005
  3.991781023245592E-005
  1.300159962518564E-004
 -3.992587347657266E-005
 -7.821677073259546E-005
 -1.589310850950014E-002
  1.109498084596477E-003
  1.455707160630043E-002
  1.460776559331766E-003
 -2.557085394536430E-004
  4.081769420326153E-003
 -2.794378409823917E-006
 -4.562004534825181E-004
 -3.958465867805399E-005
 -6.139939586745622E-006
  1.118541592500002E-004
  1.531817631995913E-003
  5.072376258273757E-003
  5.717932696468848E-003
 -1.065311298187196E-004
  3.296851765859020E-005
 -1.140586422037484E-004
 -2.061758190028838E-004
 -7.155305057741458E-004
  2.483431809461709E-004
  8.365678782884932E-007
  6.201495264807854E-006
  7.453270639892854E-006
  9.316163121383626E-007
  3.397728241993799E-006
  2.714144732048631E-006
  4.997809108587443E-005
 -5.598412079389801E-005
  2.302231967605600E-004
  4.068642154888861E-005
 -8.795289982266110E-005
 -6.554125966890705E-005
  2.064931327157198E-005
  2.241732297520198E-005
 -6.133573482046059E-005
  5.983534528878002E-005
 -2.685243229236473E-004
 -1.543566005596070E-004
  4.823688197662171E-005
 -2.178296220388813E-005
 -1.080722272654017E-004
  7.966756214283135E-007
 -1.993693384340941E-006
 -1.438244686803931E-006
  2.294269777746051E-007
  4.003311859263341E-007
 -1.026102599202919E-006
  4.321554809383416E-005
 -3.786006301887878E-004
 -2.736601495031220E-004
 -3.161299580680743E-005
  1.439686770234686E-004
 -1.160255228702673E-005
  1.167707977439204E-005
  1.554323521004418E-005
  1.075547600639623E-005
 -2.918493164389832E-005
 -1.563095532120933E-005
 -5.846307679277796E-006
  2.030458925280555E-006
  2.413501905262754E-005
 -2.163461198588585E-005
 -1.163016501967459E-005
  8.623305070210640E-006
 -3.504857379357952E-005
 -1.083343124148888E-005
 -3.244113895431181E-005
  3.057410101659833E-005
  6.571223743679888E-006
  1.394507670846266E-005
  1.442753562356565E-005
 -6.786656331808445E-006
 -1.198034794025590E-006
  1.633243448479919E-005
  8.139037110838607E-004
 -5.125621858448122E-005
 -2.516333471503316E-004
  6.145200274421072E-006
 -9.163671108402742E-007
  1.319232744871246E-004
 -3.843443594215852E-003
  2.249755152723387E-003
  1.130021908471034E-003
 -4.103299758267273E-005
  5.881367313479835E-006
  3.318805418306087E-005
  2.559652861238858E-004
  3.723597287908952E-005
 -1.107768389235223E-004
 -5.329369064011138E-006
  2.727404749270262E-006
  2.256433927318618E-006
 -1.837228943704428E-006
  9.292268914936041E-007
  4.721985192562218E-007
 -4.508838663581025E-005
  6.950244208372210E-005
 -5.434514757770964E-005
  2.808227835548115E-005
 -1.673975068668943E-006
 -6.067257269892007E-005
 -1.872094208560095E-005
  1.489625545751477E-005
 -9.361336269880203E-006
  1.027231256289381E-004
 -2.236944465848947E-005
 -1.778478689873887E-004
 -6.134050845811267E-005
  4.898604358114373E-005
 -4.138261717082540E-005
  1.256416220002289E-006
 -2.745334600724167E-008
 -2.762825183326310E-006
 -7.489196678451955E-007
  9.099425458188935E-007
 -5.074965521570933E-007
  5.937595445928985E-005
 -8.196754520637328E-005
 -3.676130752636973E-005
 -2.992657861156788E-005
  2.167654607325911E-005
 -2.944937584772197E-005
 -6.943925131417335E-006
  1.071462260043193E-005
  1.163534000740156E-005
  1.254449314047940E-005
  1.116163378950323E-005
  8.287282253772608E-006
 -2.556965275124041E-006
 -6.539013408654997E-006
 -3.043726775059805E-006
 -1.698775532915520E-006
 -7.386800982536704E-006
 -8.293684495814254E-006
  2.640296400867100E-005
  1.568054233042238E-005
  2.079356475804688E-006
  6.479860617187732E-006
 -2.475077610794778E-007
 -9.668208386500573E-006
  9.036207779052687E-006
 -5.578251874056811E-006
 -1.915074080515099E-003
  2.588620581464351E-004
  3.206566450673235E-004
 -4.296079234890067E-005
 -2.454274175340589E-005
 -6.582805183871697E-006
  5.839420936737581E-005
 -1.266865577640298E-004
  4.987101916114259E-006
  1.337191830144552E-004
 -4.765709876683151E-005
  3.602807232396649E-005
  2.864651473111856E-005
  1.279804959485408E-005
 -7.305629896713367E-006
 -2.786812968010291E-006
  4.116890443753100E-006
  1.875528756418436E-005
 -1.691494003860718E-005
  2.535071047390198E-005
 -3.984716528157204E-005
  1.994254807647313E-005
  2.872653162296990E-007
  1.479102918090947E-006
 -2.563797579013168E-005
  8.134573605343151E-003
 -1.766757814692483E-003
 -3.775951272686881E-003
 -8.096601118727078E-005
  9.077411506977640E-005
  6.988888832489027E-004
 -1.156500487608420E-002
  1.068357196685840E-004
 -1.947547533171598E-003
  7.336209309405118E-005
  1.234945950900917E-005
 -8.289436920008593E-004
  6.814539580697511E-003
 -7.090642163961602E-003
 -1.256598874079803E-002
 -3.588695133297837E-004
 -3.332568618025174E-005
  2.441825322920354E-004
 -9.484846964648666E-004
  7.959997846495887E-004
 -1.087459614871243E-003
  7.100565859758293E-006
 -6.602177350447384E-006
 -1.682262673361494E-005
  4.338436777524710E-006
 -5.272452187178434E-006
 -5.626849032158352E-006
 -4.721910713613224E-005
  4.851669484094269E-005
 -7.403592140362100E-004
  1.129620475877297E-004
  3.473535493996829E-004
  8.731085034697513E-005
 -1.971103275881771E-004
 -1.644912725624684E-004
  8.414828000044740E-005
  2.547607316220745E-004
  9.210787946681282E-004
  2.188198976382507E-004
 -4.295303964145059E-004
 -2.814648389985759E-004
  1.747696647924315E-004
  2.936339695665728E-006
  7.356781885461947E-006
  2.020871007152275E-006
 -3.936056952174221E-006
 -3.236395674921798E-006
  9.997172565084924E-007
  9.560584604105840E-005
  7.102736714360428E-004
  5.926185641355816E-004
 -1.645036361043015E-004
 -5.528850231543807E-004
  6.889779006324310E-005
 -1.264596290243447E-005
 -1.077646716324406E-005
 -1.611373562573477E-005
  7.220891697151617E-005
  3.961863071164301E-005
 -3.427102826421277E-005
 -6.585556428284215E-006
 -4.347978888565083E-005
  3.053313644809670E-005
  1.986450817046186E-005
 -3.063669336187428E-005
  9.721189662349892E-005
 -6.020816232097956E-006
  1.496199606825554E-004
 -1.971598462240586E-005
 -5.770988059693253E-005
 -3.061186084264102E-005
 -8.504617760708411E-006
 -5.376314095575875E-006
  4.841811330935456E-006
  1.453690215010942E-005
  1.454187527942432E-003
 -1.153844773573637E-006
 -2.657067433502343E-005
 -9.421581702745263E-006
 -1.444989021107101E-006
 -8.948545100133366E-004
 -2.957952198774399E-003
 -2.880058497282076E-004
  1.500267387489064E-003
 -2.305857098157487E-005
 -3.948080129367018E-005
  9.441610108948964E-006
 -5.088843678468480E-004
 -5.277965995609604E-006
  5.360415271344217E-004
 -2.248869010351007E-006
 -1.476293852217669E-006
 -8.579672949479601E-007
 -1.133999600281305E-006
 -2.477910715386264E-007
  3.510080237953714E-007
 -1.053075295646389E-004
  3.299882270108747E-005
  4.253184743120122E-004
  6.979372002257875E-006
  2.837821640928540E-005
  5.106621038803451E-005
 -5.639201943177757E-006
 -1.105509072937649E-005
 -1.340170059080119E-006
  4.455665955419272E-005
  1.072024081115727E-004
  1.580321345642099E-004
 -2.887122258251214E-005
 -3.576527756170727E-005
 -1.568543697168059E-005
  1.139770214639248E-007
  1.172801285610573E-006
  2.343897936499150E-006
 -1.222789713631168E-007
 -3.967374400867222E-007
  8.301949899192036E-009
  7.177493723228742E-005
  1.402001608826145E-004
 -2.847081746353229E-006
 -2.630475303351204E-005
  3.852159152950930E-005
 -4.547018419877538E-005
 -6.777437578899584E-006
 -1.005651957713762E-005
 -2.062796388156656E-005
  7.582145304872738E-006
  2.274389211842258E-006
  1.275016743182602E-005
  3.704109910825177E-006
  4.357544312698491E-006
 -1.055810155337916E-006
  5.423473189622689E-006
 -1.322278486805553E-005
 -3.664686623276386E-006
 -2.770447121306547E-006
  5.838486722377015E-006
 -2.899085396819379E-007
  3.382986788178958E-005
  1.155158721311257E-006
  8.936926476919120E-007
  1.992104593426143E-007
  6.255848245382117E-007
  9.650204263245343E-004
  2.407811340449461E-005
  4.374991162855801E-004
  1.703904620223604E-004
 -3.286139946155823E-005
  1.367710880286984E-005
 -9.657444562187067E-007
 -7.342346708846177E-005
  1.310395472099664E-005
  2.630746469387617E-005
 -7.190283642250257E-005
  8.042128184737281E-006
  3.935723400644304E-007
  2.676998333118090E-006
 -8.983407472514658E-006
  1.516289291706908E-005
 -1.089563837974672E-006
 -1.272225454700865E-006
 -1.587434495143418E-006
  2.333477675639485E-006
  1.178964925882575E-005
  2.462528928288771E-005
 -2.006246468513293E-006
  2.869588294634179E-005
 -3.272312071261921E-007
 -2.201126904815980E-002
  5.027064735146773E-003
  1.089747977216018E-002
  3.557510188690664E-004
 -1.437412322704289E-004
  4.050252670729028E-004
  5.027569644178330E-004
 -5.713920919770958E-003
  1.255100310642774E-005
  1.512633530278607E-003
  9.317083378511673E-005
  1.094303403942616E-005
  5.279711048489040E-004
  5.458925448671444E-003
 -1.437699848373097E-002
  1.436283028817288E-002
 -2.469967556378320E-004
  1.523782175384994E-004
 -2.367911601338779E-004
 -3.713462482764400E-004
  7.195623791797932E-004
  1.062034810446349E-003
  7.065597691792432E-006
 -1.511532676695690E-005
  1.822551302338302E-005
  3.997129007146084E-006
 -9.155603453694271E-006
  6.928982717058645E-006
  9.576842321651813E-005
 -3.560387129895824E-005
  8.815474850884070E-004
  1.279862057929670E-004
  4.919832586545126E-004
 -2.224164200042939E-004
 -1.730742263634056E-004
  4.075666177000323E-004
  4.508802057043859E-005
  3.513774274688029E-004
  1.245278243887377E-003
 -4.891333616131427E-004
 -3.639995308336274E-004
  9.739470718621634E-004
  1.262210336482455E-005
  2.946505673257803E-006
  1.061341636738986E-005
 -4.672998875300088E-006
 -3.588395110665480E-006
  8.158752760844427E-006
  6.418894374076772E-007
  3.765957634715850E-005
  6.704685922275021E-004
 -4.523261817143268E-004
  1.084083385269248E-004
  7.949794612610551E-004
 -1.460679148740833E-004
 -2.212211437399544E-005
 -7.436151034366528E-006
  2.136181542101226E-005
  7.312143498941097E-005
 -9.116053731294690E-005
 -6.755091867424664E-006
 -1.520164449700519E-005
  5.837431056221494E-005
  5.304108452538210E-005
 -2.657870866107573E-005
 -5.910697131427471E-005
  9.956572828050795E-005
 -5.035760556726919E-005
  1.474597456118361E-004
 -1.848160681339026E-004
  2.986116833098801E-005
 -2.159426713085634E-005
  4.176867255176357E-005
 -3.478292688793893E-005
  2.862977671835203E-006
  1.658746985196530E-005
  1.796890959155241E-003
 -4.306771795468282E-006
  2.889454448991651E-004
  8.840735061610861E-007
  7.548385076686515E-007
  9.873678403157591E-004
 -1.382589286058517E-003
  1.500335829578434E-003
 -2.017108724757287E-003
  1.921625195451456E-005
 -5.269185298136817E-005
  3.626519784810282E-005
  4.287690512364654E-004
  1.144354801299454E-004
 -3.932824313349570E-004
 -6.786363302126155E-007
 -7.339567225293564E-007
  3.635502641326413E-007
 -6.153481807471385E-007
  3.973314998455579E-007
 -5.505499475250121E-007
  1.272983417931321E-004
 -8.260041499117489E-006
 -4.045088260165978E-004
  6.521660293435098E-007
  6.722490662007953E-005
 -9.005968627994536E-005
  4.163380953898189E-006
  2.531820529713331E-005
 -4.815546983241699E-006
  6.187445570982759E-006
  2.213201417923360E-004
 -2.838431294152313E-004
  1.387392694896707E-005
  8.078678285322607E-005
 -2.006137251994983E-005
 -2.011503972791470E-007
  3.061075341699272E-006
 -4.267678698822216E-006
  4.127634564243929E-007
  1.489463631391121E-006
 -2.116130591452459E-007
 -2.056292520216418E-005
  9.175770245635080E-005
 -5.249450207374531E-005
  5.233738593135795E-006
 -6.275913178447874E-006
  1.532918660902838E-005
  3.923590229045397E-006
 -1.987663602517567E-005
  2.106367313629065E-005
 -1.496735339277236E-006
  1.523431708459094E-005
 -1.027403534785895E-005
  3.065724100271280E-006
 -6.266101643760404E-006
  1.067946372436183E-005
 -4.932523830843414E-006
  1.345324727536145E-006
 -6.219066442824844E-006
  2.039646486236327E-005
 -5.833216680582323E-006
  3.494841240140134E-005
  1.797242497973889E-006
 -3.918237507123528E-007
 -9.420241902719193E-006
  7.394537694961902E-006
 -3.658740986548025E-006
 -3.398102139787132E-003
  2.084678428559249E-004
 -4.386896494289599E-004
 -2.206997094158668E-004
 -8.344119349054626E-006
 -2.241724525334794E-005
  3.882790155212064E-005
 -1.022591915755173E-004
 -4.667449396444605E-005
  4.255339059722169E-005
  3.207609422094869E-005
 -1.096551228231628E-004
  1.007775639960964E-004
  8.301206525038476E-006
  8.770667387579831E-006
 -1.621339648222554E-005
 -8.220441346796865E-007
  2.377714856217929E-005
 -7.479162390358788E-006
  4.059528989712414E-005
  5.899958590772127E-007
  1.004937732076739E-005
 -2.777426240311373E-005
 -3.305095968917830E-006
 -1.282102749401041E-005
 -1.456435187613085E-002
  5.770022575088156E-003
  5.492788430116195E-003
 -3.970397998793362E-004
 -5.107600491364510E-005
  1.658954122566666E-004
  6.030818920080217E-004
  8.911839847028400E-004
  9.280497179434614E-004
  4.860383876468939E-005
 -1.500623839771957E-003
 -1.233503588068482E-005
 -2.688263617364109E-006
 -1.767148957114724E-004
  8.569546114544481E-003
 -2.700347427734485E-003
  2.869557289743357E-003
 -5.146549905216101E-004
  8.723370386316001E-005
 -8.891729498729345E-005
 -1.311808578664484E-003
  1.884421833518121E-004
  2.979044695974215E-004
  7.529971192217235E-006
 -1.923751144838169E-006
  3.205486277464185E-006
  5.517881232414579E-006
 -1.826156634810242E-006
  1.344179602901618E-006
  5.500016740353427E-005
  1.170756737590861E-005
  1.477313154328188E-004
  1.749978809467925E-004
  2.136627886149009E-004
 -1.230173088498567E-004
 -1.370212035496419E-004
  6.288885697514205E-005
 -3.797667739715068E-005
  3.541796274865552E-004
  4.882550237434172E-004
 -2.540852641241774E-004
 -2.748846110166716E-004
  8.280939217277075E-005
 -7.929501646988354E-005
  3.989780343649506E-006
  4.517890064400059E-006
 -2.497961389193246E-006
 -3.078684415585178E-006
  1.218030115078088E-006
 -9.110959280643273E-007
  1.069796875296849E-004
  1.819494797232434E-004
 -1.249999418633823E-004
 -7.597490005067296E-005
  5.978924792654119E-005
 -3.100478747901197E-005
  1.109083866591148E-005
  4.220657139149758E-006
 -5.132546016082108E-006
  4.368670544170019E-006
 -2.726828908400899E-005
 -3.764118654190447E-005
 -5.108064881683449E-006
  1.510118095039964E-005
  1.110353750590059E-005
 -3.322878311439176E-006
 -1.540051263501141E-005
  4.233606222904431E-005
 -4.219361394988122E-005
  6.415510083717974E-005
 -2.396656096949042E-005
 -1.795356293214550E-005
 -8.619962195081860E-006
  1.073087282248370E-005
 -1.647617564379873E-005
  1.048758037579917E-005
  7.894487180492315E-004
  1.491890118447433E-003
 -1.091601362147898E-004
 -4.057201822402149E-004
  1.181187143325370E-005
 -1.547898006682507E-006
 -2.371662017116601E-004
 -1.055507370889283E-002
  3.083462723089568E-004
 -8.394758594126956E-004
 -6.492624283782429E-005
 -5.875625141129992E-005
  7.309857857622802E-005
  4.002166006117687E-004
 -1.228653406474199E-004
  1.414696339160130E-004
 -1.290514295907819E-005
 -1.146388960619524E-006
  9.829921639708325E-007
 -4.863752272976684E-006
  1.798486490688736E-007
 -4.382929552711493E-007
 -1.164421614598967E-004
 -3.502156896786894E-005
 -3.140154591802909E-005
  6.686308201860235E-005
  6.688046055331557E-005
 -9.420009883154200E-005
 -2.655500427656264E-005
  2.700316210121677E-005
 -4.030807774203971E-005
  2.487598116018060E-004
  1.878346026248843E-004
 -2.507466616279550E-004
 -1.037964167520325E-004
  8.092172048257941E-005
 -1.449633948497736E-004
  2.951224885040370E-006
  2.955987940722647E-006
 -4.226362542973836E-006
 -1.053859570077862E-006
  1.729629577457203E-006
 -1.897365314962508E-006
  1.539237648466758E-004
  5.735681224684408E-005
 -5.363424694587414E-005
 -6.482337562005547E-005
  5.314996397946136E-005
 -8.910038922662032E-005
 -1.719330314109530E-005
 -5.901045828430996E-006
  1.444885639213654E-006
  3.146099290631364E-005
  2.681146233433125E-005
  2.011891651697227E-005
  8.375995375675438E-007
 -4.499800833438983E-008
  3.388247215728365E-006
 -4.666292102930882E-007
 -2.338780633835869E-005
 -3.238405987326094E-005
  4.706277434609700E-005
  3.179350941869261E-005
  1.685402974506440E-005
  3.836990959638347E-005
  1.878919723541621E-006
 -1.708750649565273E-005
  2.674730070263608E-005
 -9.991755950148089E-006
 -5.301757747740225E-003
  8.180682857128298E-004
  1.539522793224582E-003
  1.069548238831581E-005
 -5.500649424799794E-005
 -8.475344674742187E-005
  1.245921611033607E-004
 -2.879776841489639E-004
 -1.846046360987112E-004
  2.576958036882739E-004
 -1.929495860108981E-004
 -3.049052591718908E-005
 -9.699951900994838E-007
  3.224240836290102E-005
 -9.681916655510754E-007
 -9.620346886635071E-008
 -3.815621473792646E-006
  6.429280036061638E-005
 -2.842678688910837E-005
  6.678419654729007E-005
 -4.084954240379994E-005
  6.891568598047331E-005
 -2.862850366975093E-005
  4.229613037942604E-005
 -3.815569287753915E-005
 -5.955249536091864E-003
  2.053624573328496E-003
  2.264840594742306E-003
 -8.010273307788313E-005
  2.194359418414289E-005
  8.866780147953486E-005
  1.816350615227805E-004
  1.582610076541319E-004
 -2.837429296122413E-003
 -1.350279509243215E-002
  1.376222382483621E-004
 -3.408538098460697E-003
  2.959302008011468E-005
  9.297418141101011E-006
 -1.363442966699978E-003
  2.122589662887770E-003
  1.255752881194056E-002
 -1.991370764885218E-002
 -3.946599186203721E-005
 -2.192013488142840E-004
  4.326801703658622E-004
 -1.352044591373490E-004
 -2.938628210520254E-004
 -2.332841365661528E-003
  1.916254629059853E-006
  1.510512033875730E-005
 -2.557480715707913E-005
  7.191136835877185E-007
  6.861133003584300E-006
 -8.677010819886701E-006
 -6.664764561206926E-005
  7.390247392791071E-005
 -1.465827789368282E-003
  3.911563924305551E-006
 -2.112206161753750E-004
  2.664051266479996E-004
 -5.279285579130882E-005
 -5.946877035082688E-004
  4.888129186700326E-005
 -8.438624814420420E-006
 -5.223109462925257E-004
  5.697919125109776E-004
 -1.753508205283191E-004
 -1.304263677842648E-003
  1.837894453427396E-004
  4.478956516701333E-007
 -4.885286853356074E-006
  5.688654128542109E-006
 -9.650489298330209E-007
 -1.185541576078684E-005
  5.171532781628875E-007
  1.602251102523261E-004
 -4.094426513783465E-004
  7.719319336959663E-004
 -3.765068500404346E-004
 -1.280741924679515E-003
  2.162817397881085E-004
 -3.219963168959244E-006
 -2.228243513832870E-006
 -5.882570867985833E-006
  2.633785407341282E-005
  1.348930370370135E-004
 -1.667796456653509E-005
  1.487497284994560E-005
 -6.099091100174955E-005
 -4.239667503600393E-005
  2.229116062324513E-005
  1.617529210609364E-005
 -3.556655212516708E-005
  3.391107381384238E-005
  3.112563884184840E-005
  2.132083824175242E-004
 -7.965151516012932E-005
  4.202535097507255E-006
  1.673850902066045E-005
  2.295894683264532E-005
 -1.688319427816761E-005
  8.093185048149448E-004
 -4.126825877149810E-004
  4.671859324613137E-005
 -5.018291193583223E-004
 -1.947375252638162E-005
 -1.446503110066222E-006
 -1.845986004756677E-003
  1.091853559634050E-003
  5.582143815567456E-004
  7.779016663575309E-003
 -4.637758523686147E-005
  6.922813983755402E-005
 -5.319797274686294E-005
 -1.271129644862550E-003
  4.471327430333432E-005
  5.767127406526063E-004
  1.620338737206436E-006
  2.948561277043773E-006
  3.288597750712964E-006
  8.982636364272116E-007
  2.036053511527047E-007
  2.747334030664315E-006
 -2.023360832104714E-004
  1.104129876901757E-004
  8.772309016271369E-004
 -2.365286307141528E-005
 -8.674374471722819E-005
  1.306846610531813E-004
 -1.310431114777699E-005
 -5.411700975474359E-005
  3.675717421919227E-005
 -6.191095261992742E-005
 -2.431493984090325E-004
  3.590609862983299E-004
 -3.534476099924751E-005
 -1.490521386737272E-004
  9.725571361917493E-005
 -1.114805606314262E-006
 -4.013031279182802E-006
  6.156848421512212E-006
 -5.844018465450274E-007
 -2.846229680062758E-006
  1.699207452859290E-006
  5.941892340538399E-005
 -1.966435364190941E-005
 -1.143227847654517E-005
 -1.876142707051426E-005
  3.948814945430342E-005
 -4.065749633486973E-005
 -5.784223876495657E-006
  2.453653123572273E-005
 -2.358884145666527E-005
  8.840498401285397E-007
 -1.854047216131241E-005
  1.646862178935843E-005
 -1.159131689181840E-006
  6.614642071466356E-007
 -2.105913616817721E-005
  7.642459083172877E-006
 -7.224181466953128E-006
  2.201253488726886E-005
 -2.618346520122350E-005
  2.935993759916509E-006
 -3.178600712640381E-005
  1.873655064094287E-005
 -6.238150174171760E-007
  9.600405070132308E-006
 -2.014108983501734E-005
  5.527686710363730E-006
  7.336069297310814E-003
 -5.461684511510116E-004
 -5.339620796909691E-004
  3.005818104831611E-004
 -4.837690949566500E-005
  1.182153583863403E-004
 -8.154993336365878E-005
 -4.255172676736238E-006
  2.872673148022162E-004
 -1.070391142258470E-004
  2.942907491282546E-006
  1.702022188039348E-004
 -6.413032446655874E-006
 -1.622176662888690E-005
 -3.676291606480345E-005
  3.668758452645780E-005
  7.793864731870952E-006
 -6.246444925319655E-005
  8.427901897015950E-006
 -5.310991578038045E-005
 -1.457628914156398E-005
 -1.361248494443990E-005
  4.672322849051081E-005
  3.553369236258930E-006
  6.386687289869635E-006
 -4.756940781693898E-003
 -8.883568926385672E-004
  4.270900443843007E-003
  7.600919293992257E-004
 -4.967913526931011E-005
  1.996130698073936E-004
 -3.834705980120830E-004
 -1.027373595556081E-004
  6.446621344788437E-004
 -7.288635540194044E-004
 -8.033511389395429E-004
 -2.791600847938322E-005
  2.548927717450704E-003
  6.670975537946818E-005
  5.640983937276556E-006
  1.133083340119643E-003
  3.742313163797780E-003
 -1.077416244062950E-002
  2.710641309988234E-002
 -2.004205591927327E-004
  1.930014077139427E-004
 -4.603878422707869E-004
 -5.866862380917587E-005
  2.021318075138453E-004
  2.214867993477768E-003
  5.084756520015036E-006
 -1.137897614797597E-005
  3.468242755895213E-005
  3.057889411918564E-006
 -6.458135843949824E-006
  1.279029657564969E-005
  1.598643230236181E-004
 -6.883309898533425E-005
  1.654245747217476E-003
  1.162148076679860E-004
  3.707493493179325E-004
 -4.002937374081472E-004
 -1.066959494536763E-004
  5.813418699884106E-004
 -9.518858214309737E-006
  3.121484033395750E-004
  8.946131212295270E-004
 -9.031063103209854E-004
 -2.111124531516325E-004
  1.294593949505307E-003
 -1.010359501879426E-004
  2.463764524700087E-006
  8.001975417028847E-006
 -8.459693044188503E-006
 -2.374751079452738E-006
  1.159612272552477E-005
 -8.901344524734871E-008
 -5.547529451070598E-006
  2.246682328568858E-004
 -1.061042779158219E-003
  2.287174884666790E-004
  1.366826455228708E-003
 -2.231699590156084E-004
 -1.866345415272283E-005
  3.089971180697533E-006
  2.790941958483483E-005
  4.383211145268888E-005
 -1.395806532338305E-004
  1.215825100547963E-005
 -1.321823608904745E-005
  1.136771052482210E-004
  3.656473708644483E-005
 -4.719550827768527E-005
 -5.766210117492573E-005
  4.827926799003828E-005
 -7.118085693258418E-005
  9.098739265825555E-005
 -2.126204044605460E-004
  8.199891086652165E-005
 -1.651092451299812E-006
  6.908000811507019E-005
 -4.332599063613884E-005
  7.002829391713318E-007
 -6.436993993729187E-005
  3.674229874912646E-003
 -2.323753915435487E-005
  1.130200893750012E-003
  9.765845265464836E-006
  1.150398272558505E-006
  2.116881353057973E-003
 -8.253289174599259E-004
  3.580872155455441E-003
 -6.092011217496890E-003
  3.381348923929702E-005
 -7.149320434287406E-005
  9.504461509706040E-005
  9.586308789836824E-004
 -5.141501823978367E-005
 -6.565650251504370E-004
 -2.967414571481384E-007
  1.494350671128648E-006
 -7.439635370395354E-007
 -5.913041685544462E-007
  1.323099755220536E-006
 -1.940920076956710E-006
  2.266123322793899E-004
 -2.848492632177694E-005
 -8.637993063592337E-004
  9.334792815772165E-006
  6.347931744509336E-005
 -1.621572717124412E-004
  7.893603201222299E-006
  6.431943504280497E-005
 -1.722839601699446E-005
  3.363361525062061E-005
  1.772902989005083E-004
 -4.695419264100935E-004
  1.965096054064037E-005
  1.757197088346744E-004
 -5.328457579126099E-005
  1.702532668519938E-007
  3.025825042126728E-006
 -7.639554399468163E-006
  6.385652819620044E-007
  3.488717050262459E-006
 -8.088185488139983E-007
 -5.414032793123822E-005
 -6.953026480107603E-006
 -4.150837962813843E-005
  1.463170496039823E-005
 -4.679625008279272E-005
  3.950862297084000E-005
  7.045759970780645E-006
 -1.361872713982570E-005
  3.849687682112208E-005
 -1.213187920706975E-006
  2.193115460387417E-005
 -1.992409199163496E-005
 -1.225766000018113E-006
 -1.072956671193316E-005
  1.729602513988004E-005
 -9.255770036396306E-006
  4.493108896805662E-006
 -9.710520533895291E-006
  3.336658960734362E-005
 -5.108103018764463E-006
  3.620182292310947E-005
 -8.371223671652524E-006
 -1.244696586352582E-006
 -1.749062589841466E-005
  1.344461029295304E-005
 -5.291987902976320E-006
 -7.157107421195759E-003
  2.388009836481350E-004
 -3.223758005267385E-004
 -4.001788485132061E-004
  3.188675610209753E-005
 -6.148831405612428E-005
  7.982959538529441E-005
 -1.025416680879693E-005
 -1.562006119134476E-004
  1.621318832461862E-004
  7.382501607943439E-005
 -1.368962398363425E-004
  1.174233141795577E-004
  1.255775911963201E-005
  2.448484721079144E-005
 -4.326465760724526E-005
  1.143351321918854E-006
  4.993455641809960E-005
 -1.370111044155087E-005
  5.500971832133300E-005
 -1.482161397157490E-005
 -7.794739112882924E-006
 -3.684390082799308E-005
 -1.877732900085066E-005
 -1.816581749333992E-005
 -2.489365369170137E-003
  3.660996272337283E-003
 -9.958417962912906E-004
 -7.527376853135806E-004
  5.262719798548367E-005
 -7.112737276844996E-005
  6.351617791157025E-004
  1.834572418367096E-004
 -5.894703178776621E-004
  8.580003356371269E-004
 -1.949796231497575E-004
 -1.916620981131694E-002
  2.077290493272123E-004
 -6.262132364258835E-003
  5.733040280586154E-005
  1.506144260494574E-005
 -2.556698220013455E-003
  6.974795478819748E-003
  1.352826039314155E-002
 -3.639298977906225E-002
 -2.529770068068472E-004
 -1.801129335516494E-004
  7.083070485242115E-004
 -4.766909200215482E-004
 -3.746514754248012E-003
 -5.683699339278004E-003
  7.432754592802460E-006
  2.137110227138819E-005
 -4.660668723955024E-005
  3.204182576421334E-006
  7.211014128824324E-006
 -1.580664536379161E-005
 -1.169930769966539E-004
 -5.117654616863484E-004
 -2.905157363227429E-003
  3.643578266212349E-005
  2.071178464388286E-004
  6.328465109430835E-004
 -1.265290642916363E-004
 -9.041487819009483E-004
  9.009328162951278E-005
  5.961955994319778E-006
  6.472850037702066E-004
  1.419773704487462E-003
 -3.215622197807759E-004
 -1.947469231906262E-003
  3.156002637864561E-004
  1.595375616730008E-006
  3.428979947840724E-006
  1.326800341579587E-005
 -2.430896026477543E-006
 -1.804171198544095E-005
  8.355204097475351E-007
  3.447952006320055E-004
  1.921587341034942E-004
  1.704153843328515E-003
 -7.560500322763308E-004
 -2.058899535059330E-003
  4.112548316443253E-004
 -1.093792044215466E-005
  8.258177518406719E-005
  3.683487377238262E-005
  9.068530993436812E-005
  1.888585445150969E-004
 -5.787154860790414E-005
 -6.016323845549144E-006
 -1.454384268371909E-004
 -6.453280364741975E-005
  3.620118435493610E-005
  6.863054640641043E-007
  5.592344020725134E-005
  1.340250453751075E-004
  1.792883050989981E-004
  2.120042204680107E-004
 -1.813472214911904E-004
 -1.762355290523464E-005
 -8.608383960541846E-005
 -3.052781491547426E-006
 -1.598040192322969E-005
 -5.836467993610645E-004
 -7.662261504967904E-003
  7.592800789695669E-006
 -1.303676355069749E-003
  7.451152099068820E-008
  2.083490843949680E-006
 -3.423559827357193E-003
 -6.175065918831580E-003
  2.056768788482088E-002
  2.416996970951440E-002
 -7.798186933649770E-005
  1.371117319160096E-004
 -3.952911614778221E-005
 -1.910521018847857E-003
  1.102603768425421E-003
  1.751204714316731E-003
 -5.953606367225491E-006
  2.082633593860677E-005
  1.673293862195454E-005
 -2.041209187686826E-006
  7.743825904526593E-006
  8.069716786343076E-006
 -5.743433324683048E-004
  1.255774683273807E-003
  2.165862220342961E-003
  8.609313013523086E-006
 -1.167039287646925E-004
  1.345344660199497E-004
 -8.724949560684775E-005
 -2.202185002175421E-006
  7.864018259332466E-005
  5.248279243184119E-005
 -3.569887738521955E-004
  3.603309966308623E-004
 -2.474780577583664E-004
 -4.728929558987712E-006
  1.949952653265252E-004
  6.233652287328621E-007
 -5.633172565542729E-006
  6.715448803859782E-006
 -3.816758758980549E-006
 -1.112546023368867E-006
  3.193393530247687E-006
  2.739850989291248E-004
 -2.514563686114188E-004
 -1.166617595769120E-004
 -1.576383272051356E-004
  2.101226059121274E-004
 -1.163467717239892E-004
 -1.715250314417979E-005
  6.995904448171939E-005
 -2.392210177169917E-005
  2.661275392828208E-006
  1.253074020327208E-005
  4.879623403971117E-005
 -9.210122562281313E-006
 -4.120874439269986E-005
 -4.232867679487545E-005
  2.171028205479968E-005
 -2.252090293647045E-005
  5.738178516198823E-005
  7.670839123080734E-006
  2.746344096175598E-005
 -4.981610695507906E-005
  4.009926784765537E-005
 -8.543985849532303E-006
  7.463600021675005E-008
 -3.174982761339132E-005
 -2.581825041099161E-006
  4.918278759600088E-003
  1.089885374824754E-003
  1.847357922548055E-003
  6.396481902877540E-004
 -5.397234976461972E-005
  3.028002760780300E-004
  1.991021331158303E-004
 -2.041831133534896E-004
  9.279602854541484E-004
  4.524844094739634E-004
 -5.659602431586110E-005
  6.221633324616212E-004
  2.031652792638568E-004
  2.924928606498988E-007
 -8.920612869464583E-005
  2.020386529231025E-005
  6.086978801048677E-005
 -8.604740645663705E-005
 -6.116228087113667E-005
 -5.475364165073357E-005
 -1.031662011107832E-004
  2.234972096725780E-005
  1.355062226607515E-004
 -1.227863351386162E-005
 -8.075258101001790E-005
 -1.904433748138758E-002
  1.390919459776145E-003
  1.651816159948515E-002
  1.665682836575303E-003
 -8.931804688479966E-005
  4.684959984909567E-004
 -4.942394603239293E-004
 -6.534397838268330E-005
  1.022911087249588E-003
 -9.144855651893616E-004
  2.112429488753406E-003
  1.148895066304941E-003
  1.369615882688011E-002
 -1.584751051924508E-005
  4.933249598742011E-003
 -1.334602339887925E-004
 -2.392381910601060E-005
  2.634812736717697E-003
 -1.374474742856097E-003
  2.097125799791785E-002
  5.962720986708745E-002
  2.529436126911072E-004
 -4.925897655844061E-005
 -9.853252014357999E-004
  4.585675770627308E-004
  6.662276424818957E-003
  7.680577804432513E-003
  1.274201634821847E-008
  1.788010871120482E-005
  7.408426909353408E-005
 -8.698690624895560E-007
  1.345702441175343E-005
  2.768378687613269E-005
  4.152243674060937E-004
  1.366764888466593E-003
  3.845924335907750E-003
  9.478428434884554E-005
 -1.394401321367891E-003
 -1.040044663452547E-003
  1.526873296382074E-004
  6.312573998969360E-004
 -2.474716139870529E-004
  4.035551474417324E-004
 -4.010983178390970E-003
 -2.467791554770468E-003
  1.888132758626133E-004
  9.831998170660228E-004
 -5.923684233043457E-004
  1.474868083071139E-006
 -2.920452268881008E-005
 -2.172043039073802E-005
  2.441835288265194E-006
  1.233868070913815E-005
 -3.916703371336333E-006
  1.243319862714387E-005
 -3.134666088811858E-003
 -3.150757386266008E-003
  4.665918776885251E-004
  1.725893338423478E-003
 -4.790250763156690E-004
  3.886771125051223E-005
 -1.824332464753519E-004
 -2.167741284059095E-005
 -1.980710702664110E-004
 -1.291929984856533E-004
  8.146793651487430E-005
  7.209769701225493E-005
  3.015199569237529E-004
 -3.385984456141285E-005
 -9.328084802772067E-005
  4.939154153390779E-005
 -3.667541880591370E-004
 -2.809420713525472E-004
 -3.839464706798858E-004
  2.746889592758402E-004
  2.357718460781625E-004
  1.020902442715560E-004
  3.722890466441442E-004
  6.048345524446905E-005
 -3.044899176386565E-005
  2.872091216836504E-004
  4.478428078396428E-004
 -9.620781110969395E-005
 -1.189314532073599E-003
  2.479342944076955E-005
  2.354630922379942E-006
  1.828183948480396E-003
 -1.064464464266019E-003
 -4.352011825271518E-002
 -2.618296337722490E-002
  2.540676797682147E-006
 -3.112975812138912E-005
 -4.090065850823727E-005
  1.720103530581966E-003
 -2.422973815595538E-003
 -3.385177356662828E-003
 -3.236348484891047E-006
 -3.549954507079203E-005
 -1.505984946670461E-005
 -7.502535915549414E-007
 -1.573201714790851E-005
 -8.186476621374156E-006
  5.432749311941016E-004
 -2.641984040459650E-003
 -2.867049326831162E-003
  6.745332009154101E-006
  6.230212128021395E-005
 -2.571288208239477E-004
  1.029454838028060E-004
 -1.107533324875348E-004
 -1.096908158119601E-004
 -1.356294043079883E-005
  2.104691434063786E-004
 -7.961567708222963E-004
  3.055871800724927E-004
 -2.507823585308983E-004
 -2.920242396416939E-004
  2.385015133185990E-007
  3.100734778793020E-006
 -1.173807066277476E-005
  4.201516118684307E-006
 -3.954798168679376E-006
 -4.440017632002906E-006
 -2.263085697893856E-004
  3.852732659072185E-004
 -6.036614159062961E-005
  2.042441202157877E-004
 -2.789022362423986E-004
  2.206444957359783E-005
  5.153736399174733E-006
 -5.880334891901641E-005
  4.453955681246037E-005
  3.932828052039945E-005
 -2.475782281763967E-005
 -5.478948971792365E-005
  1.061025213844899E-005
  7.571733731198030E-005
  2.697259250366942E-005
 -4.008563137481356E-005
  2.163050260257790E-005
 -9.865709631468865E-005
  9.672198351108723E-007
 -9.640753152246568E-006
  8.589114055060023E-005
 -5.525075465548714E-005
  1.366624064330610E-005
 -6.445266766941697E-006
  5.765837438477033E-005
  1.826015643943608E-006
 -1.662068660025337E-003
 -8.627925982903597E-004
 -2.894136468300381E-003
 -8.633253613653784E-004
 -9.508252656872850E-005
 -5.316710117420514E-004
 -3.271864084070104E-004
 -2.357473346113207E-004
 -1.385046990081746E-003
 -9.066978701463732E-004
 -1.279711313564741E-004
 -8.677539045066624E-004
 -4.143680458990309E-004
  1.500880910340171E-005
  8.655590039468851E-005
  3.596949314685826E-005
 -1.103235983357938E-004
  1.263421488893572E-004
  9.531478923239214E-005
  9.896566319460517E-005
  3.601091297733988E-005
 -6.856517338243076E-006
 -1.949645220510018E-004
  6.669911229157553E-005
  9.599885885639662E-005
  5.733191395814534E-002
 -1.016594937763111E-002
 -3.976515487903663E-002
 -2.235883521415994E-003
  4.051883675419039E-004
 -1.011886556059117E-003
  1.334032107626397E-004
  3.210416463947045E-005
 -8.571713591750980E-004
  9.273834064688292E-004
 -2.459102927599001E-003
  5.217185478029688E-003
  1.144612059016029E-003
  1.141994049594630E-002
 -4.803149895610061E-005
  4.679859838985145E-003
 -7.910651073801381E-005
 -1.667985088547226E-005
  1.998002187016994E-003
 -1.402682551205651E-004
  9.051440464172321E-004
  3.585202758974572E-002
  1.315338644281114E-004
 -1.581569887643158E-005
 -6.501796132321295E-004
 -2.628036760578014E-004
  8.142168260515059E-003
  6.539449531455872E-003
  3.708750447849266E-007
 -6.702563343635088E-006
  4.400429784418532E-005
  1.303238723947398E-008
  5.844844833584430E-007
  1.597912162199868E-005
  2.343272560461589E-004
  1.377221974542776E-003
  2.835232574864346E-003
  7.545715440064761E-005
 -8.791267328682957E-004
 -7.946037644665510E-004
  4.049293678073208E-005
  5.749832204238482E-004
 -1.159500911813797E-004
  3.626738695596457E-004
 -2.569048794386276E-003
 -1.836609529440240E-003
  8.251700265240081E-006
  1.022182218765021E-003
 -3.709255698248858E-004
  1.262243327661853E-006
 -1.772187377033473E-005
 -1.636973924250570E-005
  4.647847325400977E-007
  1.135259760215353E-005
 -1.727028060201951E-006
 -9.028549615589134E-005
 -1.443689166604056E-003
 -2.010115661026053E-003
  5.155680314071686E-004
  1.138781148551990E-003
 -4.252825352512774E-004
  2.715187701102812E-005
 -2.011260736276490E-004
 -6.916217366411266E-005
 -1.351661944453049E-004
 -9.830669910259072E-005
  5.371056341222056E-005
  5.240359875828635E-005
  1.849013873469207E-004
  4.391527735278993E-005
 -3.857973789426934E-005
  3.162126999253204E-005
 -1.950026790719845E-004
 -2.386823565065964E-004
 -2.681518604797827E-004
  1.339083259075639E-004
  1.732880505021866E-004
  4.175564806148096E-005
  2.431373108659180E-004
  6.973573488754166E-005
 -1.484984786440525E-006
 -1.342234687094971E-003
 -3.765972642133806E-003
 -9.003917044882060E-005
 -1.162341839418278E-003
  3.354231258965129E-005
  4.282738958612344E-006
  7.829713870796048E-004
 -2.299305906325231E-003
 -4.702439940592468E-002
 -2.880932327993075E-002
  6.335358908321682E-005
 -1.097173451684900E-004
 -6.886031766691690E-005
  1.502813041887346E-003
 -2.428415685077073E-003
 -2.451812881860213E-003
 -2.770459598329848E-006
 -4.272557942936927E-005
 -2.091674013362881E-005
 -1.196751968516916E-006
 -1.719429461351014E-005
 -9.821841313689343E-006
  4.604227524246987E-004
 -2.629291196276259E-003
 -2.458138770759388E-003
  1.246680873516640E-005
  1.500805883438462E-004
 -1.495763300522556E-004
  1.184319673328329E-004
 -1.092742839417600E-004
 -1.308987760679993E-004
 -3.574111043319427E-006
  4.960579219701470E-004
 -4.276116244150544E-004
  3.397920034974269E-004
 -2.713600600807887E-004
 -3.362178924541075E-004
  6.625937381343620E-007
  6.790188587900544E-006
 -6.724315652066898E-006
  4.649593491148161E-006
 -4.200442786845846E-006
 -5.312187229282523E-006
 -1.990626318804125E-004
  6.448021213032121E-004
  2.390187606917180E-005
  1.951627946344136E-004
 -2.457215420493747E-004
  3.899837245998901E-006
  4.726814370512909E-006
 -9.427680159515552E-005
 -1.186381012302897E-006
  3.462418915676406E-005
 -2.360253828935555E-005
 -4.880463226830279E-005
  1.821134705163220E-005
  9.176041419952897E-005
  3.964276044025891E-005
 -3.019134439574202E-005
  1.665411546271170E-005
 -1.082145283903795E-004
 -2.564270796117346E-005
 -1.575769928968836E-005
  8.622257129646749E-005
 -3.420464709844673E-005
  1.566391537271614E-005
  7.183884873059495E-006
  6.122278227223109E-005
  6.152941029371322E-006
 -3.141508595779628E-003
 -1.600577028487205E-004
 -8.214479672835704E-004
 -5.701223993639339E-004
 -5.153942213782168E-005
 -6.015342211825318E-004
 -2.887870669833616E-004
 -1.442526907989279E-004
 -1.557582211849804E-003
 -8.901647769559012E-004
 -2.516877973618208E-004
 -9.190816845213784E-004
 -5.292486424116108E-004
  1.725584889594677E-005
  1.082662146778017E-004
  3.765483954819522E-005
 -1.185873426127707E-004
  1.464920581347661E-004
  1.013314937168239E-004
  9.087412999433451E-005
  1.168239011639511E-004
  2.563463267163349E-005
 -2.114946400781680E-004
  1.136758740200775E-004
  1.206205100838335E-004
  2.736410443945753E-002
 -3.897106332476826E-003
 -2.482665643374147E-002
 -1.864349121439027E-003
  1.360825839644060E-004
 -5.010321037114373E-004
  2.847927269793130E-004
  8.417568347408348E-005
 -7.692226183065097E-004
  7.031052697328468E-004
 -2.078115128111918E-003
  3.527218298462274E-003
  2.904720856624438E-003
  1.018456845869569E-004
 -4.078567304148591E-004
  1.018205104756799E-005
 -2.348280710571232E-004
  1.498409689104395E-006
  2.187943180545685E-007
 -4.096928428281554E-005
  1.164861265386963E-003
 -2.782221342034506E-004
  2.433559544654834E-004
 -6.753924705931538E-005
  7.832347959017057E-006
 -5.274096588525708E-006
 -1.622419157178281E-004
  4.984067754282577E-006
 -1.653013125211075E-006
  1.084226666749562E-006
 -8.282487890102607E-008
  2.370823989561957E-007
  7.550639789113116E-007
 -2.168846726795468E-007
  1.393856612810032E-007
  7.006769996608229E-006
 -1.017651747225034E-006
  2.692958868612434E-006
  2.386674129066289E-005
  3.180999030622303E-005
 -1.301731610348969E-005
 -2.133421976775223E-005
  2.031264112393168E-006
 -2.532521522910663E-006
  4.911209074275188E-005
  7.518270789972537E-005
 -2.742468738890639E-005
 -4.486245596813073E-005
  6.359425760131684E-007
 -4.249634774621148E-006
  5.542355226702456E-007
  6.615404937943359E-007
 -2.624658723509677E-007
 -4.662714840551185E-007
  3.677410328873668E-008
 -8.796403861512712E-008
  1.694965363795944E-005
  2.299534731176951E-005
 -8.061820012410658E-006
 -1.586997336026292E-005
 -1.839365042877186E-006
 -1.079680277696521E-006
  6.666199449401401E-007
  8.731971948663859E-007
  9.378227992592755E-008
  2.980978443637130E-006
 -2.121855803322562E-006
 -4.980838278457550E-006
 -6.621341965763811E-007
  1.932969558128987E-006
  1.113205394862758E-006
 -6.755839460183047E-007
 -2.956377989202031E-006
  6.201000118756025E-006
 -5.168427682031042E-006
  1.218767072724642E-005
 -2.156748363913249E-006
 -3.318536759640325E-006
 -1.197350258689627E-006
  3.059727737806143E-006
 -2.608949342687145E-006
  7.028999814082995E-007
  6.074950366076280E-005
  4.299017600892383E-004
 -1.096386866863283E-005
 -3.871262413447283E-005
  1.817615037639667E-007
 -3.584772706929005E-007
 -3.017996268047922E-005
 -1.138255150618400E-003
  2.204285416150539E-004
  1.082017419393891E-004
 -9.833377796634463E-006
 -6.182932291933424E-006
  8.895220861391859E-006
  2.111638279637398E-005
 -2.707082667493073E-006
  1.888953658167280E-005
 -1.367299739847853E-006
  1.029060435243087E-007
  1.980479319750903E-007
 -5.190608715283016E-007
  8.008390422430215E-008
  3.673611099844183E-008
 -1.416667344361569E-005
  4.683401463793340E-006
  1.052038442400083E-005
  6.769139845506260E-006
  6.005610887244790E-006
 -9.337351602532236E-006
 -3.548276779750220E-006
  2.294973960044667E-006
 -3.220863065756041E-006
  2.675073219703043E-005
  1.753079414299144E-005
 -2.612753704169513E-005
 -1.333532077524245E-005
  7.472587551437399E-006
 -1.341541142178799E-005
  2.764231439307612E-007
  2.700437001771281E-007
 -4.294648044302658E-007
 -1.249159534271604E-007
  1.776427403778285E-007
 -1.515071905036008E-007
  1.803625672547757E-005
  5.158526680544968E-006
 -7.434475743378212E-006
 -7.761259825305372E-006
  6.972702518034330E-006
 -1.027499690017219E-005
 -2.031431130151782E-006
 -2.377019454919254E-007
  4.035688737604390E-007
  3.496174287541133E-006
  2.790086152878306E-006
  2.598119102914213E-006
  9.747651164427723E-008
 -4.378151443847248E-007
 -5.472758944090628E-008
  1.141542354142859E-008
 -2.899688687113527E-006
 -2.996728270951720E-006
  5.420136615965810E-006
  3.594152763138740E-006
  1.604107486616631E-006
  5.104913298201840E-006
  1.829421583506028E-007
 -2.039560477347731E-006
  2.447901795899911E-006
 -1.126858712872693E-006
 -4.140618885516026E-004
  5.444943355569045E-005
  1.041578288705558E-004
  1.897331730273654E-006
 -8.513744955657818E-006
 -3.922470043637095E-006
  1.104918563329805E-005
 -3.504007351873371E-005
 -9.303855976755157E-006
  2.728839028484869E-005
 -1.830083673594575E-005
 -4.389139048115403E-007
  4.996414820222809E-006
  3.208338264294298E-006
 -1.381130530482605E-006
  7.347656400146177E-007
  8.901829904180776E-009
  5.318861758167904E-006
 -3.217240094198479E-006
  6.956445013404077E-006
 -5.515763617598010E-006
  7.345236528035715E-006
 -2.259022746420543E-006
  4.061387742059421E-006
 -4.697422266983533E-006
 -1.101219922454669E-003
  3.434978098642106E-004
  4.903860483123827E-004
  1.833562989271705E-006
  8.111014683212495E-007
  1.821572915391863E-005
  2.577593217943402E-005
  1.951099151510070E-005
 -4.426581490025871E-006
  2.268910718242863E-005
  6.888506739737634E-006
 -1.401563968581569E-005
 -6.126923251041070E-006
  2.768595487634638E-006
  2.020114294990005E-004
 -1.905945300319840E-003
  2.823232115191621E-006
  1.742905735036498E-004
  1.731397932006748E-005
  2.753065724963970E-006
 -5.899883292859368E-005
 -7.390060809849442E-004
 -1.912129819620009E-003
 -2.561630756654370E-003
  5.157438531624426E-005
 -1.658710800448370E-005
  5.269538834565062E-005
  1.113665615237024E-004
  2.464985303467651E-004
 -1.477753404972944E-004
 -3.873066585162407E-007
 -2.258775838745884E-006
 -3.361016863715343E-006
 -4.621706053615328E-007
 -1.295652236758890E-006
 -1.200947274936729E-006
 -2.176601996425866E-005
  1.661458832683200E-005
 -1.138687889701183E-004
 -1.970461029535848E-005
  3.505811581371891E-005
  3.259693805401619E-005
 -7.041382451693239E-006
 -1.595970615316213E-005
  2.674599274705172E-005
 -3.104870223240610E-005
  1.097774819680024E-004
  7.549120023386101E-005
 -1.771568860622793E-005
 -4.606868300441723E-006
  4.876439083863403E-005
 -3.849390178794662E-007
  7.828637012270953E-007
  7.090658411684217E-007
 -5.723057450279781E-008
 -2.993921395105581E-007
  4.421695923822641E-007
 -1.698047847055027E-005
  1.517417484393009E-004
  1.228617159550347E-004
  8.890893412754162E-006
 -7.041161719148096E-005
  8.089585057796104E-006
 -5.294128354821413E-006
 -5.473427558770267E-006
 -3.785221752904292E-006
  1.301328556896077E-005
  7.938911599063852E-006
  2.869099495503466E-006
 -8.534238977954899E-007
 -1.072993205635221E-005
  8.033699252156736E-006
  4.838384603085501E-006
 -3.647728858569584E-006
  1.395438671983814E-005
  6.230782883303445E-006
  1.424793874861026E-005
 -1.128365060399161E-005
 -3.304752172901509E-006
 -5.579846732227726E-006
 -6.402356481717289E-006
  2.785153476845041E-006
  5.719119947128144E-008
 -1.881575209810096E-005
 -3.951653380534435E-004
  2.357862248020547E-005
  1.205051658016695E-004
 -2.719254891773524E-006
  4.439786021930230E-007
 -6.146866132271493E-005
  1.767929316689958E-003
 -6.601690896085213E-004
 -2.750307571629913E-004
  1.799558334800294E-005
 -3.966024418103391E-007
 -1.440847968688152E-005
 -1.259554071340156E-004
 -3.596591858588985E-006
  5.729822889387463E-005
  2.444462121140060E-006
 -8.373651142529503E-007
 -7.977145372949287E-007
  8.467632769575083E-007
 -2.826090260234058E-007
 -1.282665623260800E-007
  1.731958727206816E-005
 -1.438529007765433E-005
  3.743055526575106E-005
 -1.289932982239552E-005
 -1.818160694023654E-006
  2.716136173748103E-005
  7.500531344131883E-006
 -5.909686143093929E-006
  5.398798478263641E-006
 -4.705763270014883E-005
  1.427526459552544E-006
  7.918132291397698E-005
  2.521225591097285E-005
 -1.999223078630762E-005
  2.184537678917598E-005
 -5.757737848543065E-007
 -1.023029110853732E-007
  1.239554623104733E-006
  2.993841481639805E-007
 -3.819444729600057E-007
  2.763896366903259E-007
 -2.569189632519104E-005
  2.882168661396042E-005
  1.525343022835864E-005
  1.227824885643031E-005
 -8.693650779234092E-006
  1.341364746876072E-005
  3.152419498045029E-006
 -3.531428963204630E-006
 -4.755297936824859E-006
 -5.885524031444551E-006
 -4.903688014134543E-006
 -3.571734462690535E-006
  8.752766515966832E-007
  2.153911945714950E-006
  9.055990084145808E-007
  8.671286637033026E-007
  3.376591303337674E-006
  4.729502058707783E-006
 -1.163059034686848E-005
 -6.940628773052881E-006
 -1.630862496151379E-006
 -3.189145136960141E-006
 -5.171439666432539E-008
  4.200858079364287E-006
 -4.574358868714807E-006
  2.476577422501396E-006
  8.811237538109860E-004
 -1.135171478475816E-004
 -1.466097208756146E-004
  2.056017704143371E-005
  1.158170943723286E-005
  7.219943197241611E-006
 -2.393307644770169E-005
  5.841845521341039E-005
  1.001153819603750E-005
 -5.360215265709490E-005
  2.444713425487285E-005
 -8.393757598985230E-006
 -8.800894591948085E-006
 -5.929834683560212E-006
  2.408878072895292E-006
  7.815747296442172E-007
 -9.090839579689651E-007
 -9.586733845790092E-006
  6.838918641529177E-006
 -1.220287715630984E-005
  1.606818611358912E-005
 -9.887031554552987E-006
  1.719460178956657E-006
 -1.975353421066437E-006
  1.048341697735319E-005
 -3.357274190125404E-003
  7.058634365684478E-004
  1.632626107559217E-003
  4.605468545108420E-005
 -3.785456431225997E-005
  6.035298272169007E-005
  1.572330828106996E-005
 -1.218400577254219E-005
  2.890251314928809E-005
 -2.892619949415943E-005
  5.281551480187000E-005
 -1.830524906539775E-004
 -7.344408682811352E-005
 -5.720090200357417E-007
  1.598245167102995E-005
  6.205638517940812E-005
 -1.484858248521635E-004
 -7.527701336341594E-006
  3.342523344812498E-004
  6.697543271176130E-006
  7.713804823755105E-007
  7.276718147972228E-005
 -5.171368977185442E-004
 -1.199813120719405E-003
  7.220683450544905E-004
  3.900609400166678E-005
  5.640621503168813E-006
 -1.130694404044306E-005
  9.773871708349201E-005
  1.234301291172807E-004
  8.300193664841234E-005
 -2.938599670511325E-007
 -1.496339582862584E-006
  9.672770538004492E-007
 -2.979372834911580E-007
 -7.381622532757363E-007
  3.300937700118502E-007
  5.806363656854115E-007
  6.012822465606208E-006
  5.871172237190017E-005
 -9.393642490642680E-006
  1.465928030275894E-005
 -3.530394553286329E-006
  2.201515080135048E-006
  3.144690760072501E-005
  7.192127410507632E-006
 -9.913992074966934E-006
  4.190519139870258E-005
 -8.175219530940365E-006
  3.875460373478727E-006
  8.089962124156980E-005
  6.038531701488207E-006
 -2.173242188565231E-007
  3.474071310136546E-007
 -8.288545706016386E-008
  7.139841546820843E-008
  6.334239325239768E-007
  1.459258033883147E-007
 -1.110913051300007E-005
  5.059611689240296E-005
 -1.703274544244742E-005
  2.231575693424224E-005
  5.583818331203399E-005
 -1.120662642124218E-005
 -2.283210155634091E-006
 -2.944362298891980E-006
  1.385189573780382E-006
  3.635429414622031E-006
 -4.878150589496976E-006
  3.214201052280241E-006
 -5.911471169898865E-007
  1.855614953819166E-006
  4.717803649861640E-006
 -1.080268175866516E-006
 -2.119972428787147E-006
  4.382365564712122E-006
 -8.290466263201899E-008
  2.205162634892728E-006
 -1.244860590727289E-005
  4.154754651468715E-006
 -1.459240739020319E-006
  7.908391286694256E-007
 -4.643347651164981E-009
 -2.359781553458022E-007
 -2.769374510080597E-005
 -3.068544809711735E-004
  9.721977208300160E-006
 -6.778110234782940E-006
 -5.818888057801214E-007
  3.348731659720473E-007
  6.757482523183324E-005
  8.522376635992522E-004
 -4.499145702951374E-004
 -1.842609502490873E-004
  9.268063317652906E-006
  1.849448597930864E-006
 -8.804610940840329E-006
  6.091889139389370E-006
  1.305661946148925E-005
 -6.158717388585129E-005
  1.083916966248480E-006
 -5.165903747572206E-007
 -1.566139832266644E-007
  3.977492918913434E-007
 -1.890429019351047E-007
 -4.253014549577161E-008
  2.207939945519037E-005
 -1.840004285333930E-005
 -3.784631671466239E-005
 -6.282618235404781E-006
  1.611789307795206E-006
  2.696052164181886E-006
  3.839317221965988E-006
 -2.859788012042840E-006
  2.443301013438793E-006
 -2.451294779410915E-005
  9.264041857886216E-006
  2.879402705414133E-006
  1.441926098293984E-005
 -6.496320295171819E-006
  1.009368681116930E-005
 -2.764589567397813E-007
  7.096547815392411E-008
  1.139316937368004E-007
  1.557157494051675E-007
 -1.698188256735307E-007
  1.207432073346137E-007
 -1.754731315020072E-005
  1.122008500377081E-005
  1.046916680133214E-006
  8.067547599511023E-006
 -5.786995442583200E-006
  9.479765550689695E-006
  1.991927337987616E-006
 -2.428971599793951E-006
  8.902716563187705E-007
 -3.039706196103631E-006
 -1.650730380184953E-006
 -2.936075817859217E-006
  5.448070010189502E-007
  5.096220112661423E-007
  7.945505967371010E-007
 -4.666312225283043E-007
  2.684552894299399E-006
  1.601339956860729E-006
 -3.556622723972957E-006
 -3.779691739439925E-006
  2.237489064481144E-006
 -4.273966943458273E-006
 -4.544714504891588E-008
  1.415875851136954E-006
 -1.464998521713981E-006
  7.135822909453344E-007
  2.898156930941008E-004
 -3.983109380838615E-005
 -1.655353856310158E-004
 -1.679962584121623E-005
  3.514371744435308E-006
  9.230871530053532E-007
 -1.109826517774570E-005
  1.370273872859348E-005
  2.775295726383641E-006
 -3.399821791536877E-005
  1.591877438676066E-005
 -1.352304206245635E-005
  1.301707377915680E-006
 -2.222698732189029E-006
  1.551266384089647E-006
 -1.487219429711852E-007
 -8.890887734430463E-007
 -3.463272245405981E-006
  3.111787505632075E-006
 -2.614836589324447E-006
  6.159621526494410E-006
 -4.266324480675325E-006
 -1.215638217256394E-006
 -2.741355716265227E-006
  3.830474806580840E-006
 -5.946342346612545E-004
  2.515997259732167E-004
  1.534135004012707E-004
 -3.228689657926582E-005
 -8.540517365101547E-006
  4.151006039455297E-006
  2.955847174229618E-005
 -1.323344128830834E-006
 -2.694553093614810E-005
  2.970262350971396E-005
 -4.582743855985269E-005
  1.163370601438052E-005
  3.015601913125441E-005
 -1.952962686027004E-007
  3.226830141469704E-006
  2.971883446632479E-006
 -1.301509009078759E-004
  1.095890035966256E-003
 -1.756949970372419E-005
  5.408979740137096E-004
 -1.080323481192249E-006
 -6.260558782380900E-007
  1.851198847541047E-004
 -1.032386191532798E-003
 -2.827459107524316E-004
  2.902693031319929E-003
  6.056011407390339E-005
  1.210547491855846E-005
 -5.125482656316450E-005
  1.772378761010921E-004
  1.720018384203949E-005
  2.782408897531734E-004
 -8.724243077935452E-007
 -5.717485673264694E-007
  3.809775495032464E-006
 -6.143111354845724E-007
 -6.758468999156983E-008
  1.324653682518107E-006
  1.126312320075654E-005
  3.295973445734158E-007
  1.889836998149650E-004
 -1.600736838855637E-005
 -2.059585921297829E-005
 -3.012690387522855E-005
  2.059506292344517E-005
  5.905819194020660E-005
 -4.587694534888808E-006
 -2.690855837356576E-005
 -5.578405055804114E-005
 -7.082292967992212E-005
  4.493139072303120E-005
  1.281929300615583E-004
 -1.802283234946544E-005
 -4.126307408830354E-007
 -4.067957054308115E-007
 -6.563895213522708E-007
  4.219603196747125E-007
  1.177465683114541E-006
 -9.329578791677137E-009
 -2.005472236249926E-005
 -4.659574982326524E-005
 -1.226704905170546E-004
  4.381883291983303E-005
  1.496273240339910E-004
 -2.376411055733377E-005
 -9.780267060050971E-007
 -1.078979017633508E-006
  2.871850164250653E-006
 -4.177109320091156E-006
 -1.251030449368780E-005
  7.111189438106447E-006
  1.105642160031871E-007
  1.084820135323868E-005
  7.472863696239461E-007
 -4.573350505829778E-006
 -9.680816047850503E-008
 -7.567003698723264E-006
 -2.443710765197295E-006
 -1.303891322750350E-005
 -1.340052540173301E-005
  1.332933770893902E-005
  2.723199436872876E-006
  4.570047774881927E-006
 -6.025946118953634E-007
 -7.087790032282110E-007
 -8.439963098770126E-005
 -2.186775959802657E-004
  5.988769783547718E-006
  9.126389297637829E-005
  1.469762706864232E-006
  4.961192318424741E-007
  2.402905681978199E-004
  9.586842868904947E-004
 -1.939015236406356E-004
 -7.685508999706510E-004
  1.190766359059645E-005
  1.395492701430198E-006
 -1.494328621426128E-006
  9.972511402225022E-005
 -1.145442449770305E-005
 -1.174350524057597E-004
  1.123636491012765E-006
 -1.694629708755139E-007
 -2.508466270078209E-007
  4.080551214338020E-007
 -6.310097341776725E-008
 -2.393437726349207E-007
  3.743564073376221E-005
 -2.378876603455541E-005
 -1.149632951039607E-004
 -4.838510674544366E-006
 -4.477488966118783E-008
 -9.541060144528810E-006
  4.327241476124742E-006
  2.801302551685898E-006
  5.112691984196247E-007
 -2.096526944735309E-005
 -1.359531672594446E-006
 -2.965598643336584E-005
  1.561822956101024E-005
  7.709958586291280E-006
  5.347039886342847E-006
 -2.010521774712917E-007
  1.666516137560120E-008
 -4.513907102222834E-007
  1.766619916160883E-007
  1.112510145588051E-007
  2.439018585520337E-008
 -2.355715867888281E-005
 -8.179267083889692E-006
  2.093974788980814E-006
  9.857160438364090E-006
 -1.225755888199755E-005
  1.369999824051872E-005
  2.547506973432482E-006
 -1.008291882111296E-006
  3.983140472899279E-006
 -3.059439074121906E-006
 -6.949332815126013E-007
 -4.583081846175540E-006
 -2.142760115778428E-007
 -2.093615123997040E-007
  1.651119916844825E-006
 -1.257926320166525E-006
  3.554564143041987E-006
  1.068651881251269E-006
 -1.495859962453214E-006
 -3.636008162916687E-006
  2.413196323279392E-006
 -7.027684266209274E-006
 -2.060929653370363E-007
  2.560285897780028E-007
 -4.503729852401598E-007
  4.132771242250705E-007
 -2.915391147595893E-004
 -2.036553758579406E-005
 -1.405329348887295E-004
 -4.620748277233339E-005
  1.009590886271826E-005
 -6.142734273498753E-006
 -4.020975076212340E-006
  2.688077872204001E-005
 -1.405833389294553E-005
 -1.722374781308576E-005
  2.212996762591955E-005
 -1.673531119950461E-005
  2.198638425335353E-006
 -1.489759034796014E-006
  4.028592251279874E-006
 -4.353292820801168E-006
 -6.231645571949687E-007
  6.189571304221824E-007
  2.112923591990983E-006
 -4.782966992174686E-007
  3.157842245886589E-006
 -7.178055251448126E-006
 -2.355224322645455E-006
 -5.563145124936079E-006
  2.833521021862924E-006
  2.113823341458151E-003
 -2.960662311685593E-004
 -1.246832449146801E-003
 -9.337552583410637E-005
  1.260459946130989E-005
 -4.690649510586733E-005
  2.232287288145004E-005
 -5.344377496106423E-006
 -6.104821837665635E-005
  5.848300258490082E-005
 -1.192260997131143E-004
  1.639840952740255E-004
  1.080330791157114E-004
 -1.512108082100989E-006
 -5.773943180121621E-006
  2.529253475446059E-006
  9.273902637920962E-006
 -1.460213552585848E-004
  1.141381270881346E-003
 -5.756231145390077E-006
 -1.203589102205269E-004
 -1.416352370152391E-005
 -1.798306700357035E-006
 -3.429912287548455E-005
 -9.117820610097056E-004
  1.839642590919756E-003
 -1.481032968961603E-003
  3.864229863865177E-005
 -1.854593037256910E-005
  2.261981311245013E-005
  6.204263860680356E-005
 -6.589353687823843E-005
 -6.461657923506038E-005
 -1.173245156440707E-006
  1.808902919954628E-006
 -1.853412208641993E-006
 -6.310472864301271E-007
  1.198520465091924E-006
 -7.441345346483386E-007
 -1.233890989551538E-005
  9.674084285659060E-006
 -7.997426892311436E-005
 -1.918898456799170E-005
 -7.180808843099712E-005
  2.184926614926829E-005
  2.713198711030574E-005
 -4.368184647608485E-005
 -7.943002542314048E-006
 -5.198519163622551E-005
 -1.830299193396659E-004
  4.775781029262169E-005
  5.859690823050895E-005
 -1.073746192398709E-004
 -6.611716594283444E-006
 -4.566463062795882E-007
 -1.533380925744381E-006
  4.588004595083930E-007
  5.589142303456934E-007
 -8.745424029537905E-007
 -1.022679240661053E-007
 -1.186371480410404E-005
 -9.687417865389236E-005
  3.802453289107770E-005
 -2.849475044192162E-006
 -7.811170135385982E-005
  1.471318984829620E-005
  3.289935582657184E-006
  3.419213205885376E-007
 -3.664237412704178E-006
 -1.178233848000534E-005
  9.801282969859739E-006
  1.912531732033793E-006
  2.119761130304132E-006
 -6.101620354104648E-006
 -6.701204711500934E-006
  3.255285922269608E-006
  8.357229325998063E-006
 -1.486534252146746E-005
  5.438099568622651E-006
 -2.377783293501367E-005
  2.190349729052385E-005
 -1.293855042980523E-006
  3.372509058765696E-006
 -5.175254456111958E-006
  4.747815345170375E-006
 -8.761503750356433E-008
  4.598401088805793E-005
 -6.068234020797753E-005
  7.503184418158623E-007
  9.545001488026679E-007
 -2.624853927233314E-007
 -1.737615222860233E-007
 -7.276377250606302E-005
  3.229673460556378E-004
 -4.070994925443551E-004
 -1.103222575440959E-004
 -1.403259753255827E-006
  4.931294671730336E-006
 -3.429940772774565E-006
 -2.870546948551707E-005
 -3.132096712342971E-005
  3.479545219046091E-005
  2.119050663052612E-007
 -1.177748293697697E-007
 -3.111422428604872E-007
  1.288935563070710E-007
 -1.297740453363360E-007
 -5.615892477177172E-008
 -8.763817491534851E-006
 -1.279355451335089E-005
  2.413130077421549E-005
 -1.654355183306520E-007
 -8.057804700563670E-006
  1.072449528158104E-005
  6.528385444015753E-007
 -2.764207250319089E-006
 -4.874030260709233E-007
 -1.266410551898246E-006
 -2.740772034484570E-005
  3.546686696137166E-005
  1.350805869756982E-006
 -9.643022284153059E-006
 -8.439531785873666E-008
  2.116323816354711E-008
 -3.601358455844382E-007
  5.009993553231105E-007
 -2.598860879093281E-009
 -1.570132169620148E-007
 -1.856437728445383E-008
 -1.498095999874284E-006
 -1.142136664399118E-005
  1.016873183148218E-005
  1.481926292482941E-006
 -2.518868268614138E-006
  1.616970739134305E-008
 -2.642602007963096E-007
  1.938903073591378E-006
 -2.575146628639196E-006
  8.098205719244948E-008
 -2.291243490105410E-006
  7.117985451964794E-007
 -3.764459871134972E-007
  1.340493133047316E-006
 -8.095651122508866E-007
  4.115511651972932E-007
  1.149523712665404E-007
  1.584323966427398E-007
 -2.923832442909860E-006
  4.277472944742169E-007
 -4.531979331547507E-006
 -7.726044082738383E-007
  1.595879197449114E-007
  1.259458466967809E-006
 -6.371961558774741E-007
  5.547913253140168E-007
  3.712285851297200E-004
 -5.111775500340476E-005
  3.756131428401675E-005
  2.123546814912176E-005
  2.878672524274487E-006
 -6.561395709238729E-007
 -7.914711547981683E-006
  2.070481579414726E-005
 -6.552474282750868E-006
 -9.641589999078806E-006
 -2.530828463933505E-006
  7.356750400435355E-006
 -1.651983825199546E-005
 -1.232627761301343E-006
  1.900410255953366E-007
  1.563978238976751E-006
 -5.738694794036477E-007
 -2.052389371830618E-006
  1.806497240704990E-006
 -5.098684150527567E-006
  1.393825463396834E-006
 -2.105324053427614E-006
  2.151551993623058E-006
  2.690726854087722E-007
  2.947132156904510E-006
  2.391462693561577E-003
 -8.495002584303000E-004
 -1.030977447547912E-003
  3.145924016365621E-005
  8.917001870885292E-006
 -3.148940675808223E-005
 -7.857220321131739E-005
 -2.514296609229854E-005
  3.853719062749727E-005
 -7.609141434733098E-005
  3.795069472581452E-005
  1.660275015789299E-005
 -1.150360473247350E-005
 -3.809291174786027E-006
 -3.152490887628170E-006
 -3.541991865398754E-006
 -1.281432214530205E-006
  1.066490330358589E-005
  2.830521632091891E-005
 -6.880333055513973E-004
  7.387448656156195E-006
 -3.060699029565863E-004
 -4.180862079121466E-007
  4.072615601835214E-007
 -1.441506004712891E-004
 -1.324750738541644E-004
  5.609680449558821E-004
 -3.146048985785412E-003
  6.979132985411995E-006
 -1.993782287757552E-005
  5.652892315169021E-005
 -1.499596038326404E-005
 -2.218425159632207E-005
 -2.765878766279623E-004
 -2.118023589560165E-007
  6.545734462274954E-007
 -4.046857893988660E-006
 -1.407528434267392E-007
  2.844693626711166E-007
 -1.464039343799110E-006
 -1.826989319736477E-005
  6.880544026516180E-007
 -1.916766586835774E-004
 -7.859372902106535E-006
 -1.121413109324473E-005
  4.314421997871824E-005
  7.391568443070641E-007
 -6.108945605259976E-005
  7.120216057799471E-006
 -2.220353236918613E-005
 -1.939865734168423E-005
  9.824761706882851E-005
 -6.893475490046374E-008
 -1.288288726375715E-004
  2.227246712408659E-005
 -1.416047817872102E-007
 -2.547447883635244E-007
  9.188553937032385E-007
  4.431116438040597E-008
 -1.214239786403278E-006
  9.729361740680426E-008
  3.105068724539821E-006
  2.360040251149574E-005
  1.307323105294653E-004
 -2.794885955957011E-005
 -1.477879589911138E-004
  2.484379083503029E-005
  3.114067610649567E-007
  2.057818227671218E-007
 -2.965632444176581E-006
  1.196130876454026E-006
  1.463216029701036E-005
 -2.130351159648896E-006
  5.515699805731940E-007
 -1.278117091136767E-005
 -1.860491764486704E-006
  5.248934451848083E-006
  3.053186149680536E-006
  1.366003579967239E-006
  7.612138447228337E-006
  8.512425002570810E-007
  1.555727376564625E-005
 -1.001080094929869E-005
 -1.525849178183249E-006
 -7.629775512688071E-006
  3.211543954582508E-006
  5.879021819911368E-009
  2.365012732693846E-005
 -2.112241641089726E-004
  4.975098885085108E-006
 -5.255126884190546E-005
 -1.651524210628198E-006
 -1.376419611495736E-007
 -2.101106055173406E-004
  1.795708637279051E-004
 -2.652701797441827E-005
  6.603491580312618E-004
 -2.074285793961988E-006
  4.787439590503226E-006
 -7.400892239965730E-006
 -1.208414968186242E-004
  1.416150716519612E-005
  9.854551582408691E-005
  2.436632488350884E-007
  6.655692735120517E-008
  5.279869503273060E-008
  1.110057500944995E-007
 -1.698293080653489E-008
  2.026076616364789E-007
 -2.326896729014652E-005
  1.910536457076207E-005
  1.044429106799599E-004
 -1.930629170961894E-006
 -5.960835997583602E-006
  1.887841174706105E-005
 -7.789646963745225E-007
 -5.096276511730565E-006
  2.709593867336416E-006
 -5.785462749677344E-006
 -1.617126247039699E-005
  5.578352347506096E-005
 -2.282908785767798E-006
 -1.518254613772868E-005
  8.068371535445142E-006
 -7.537096645946954E-008
 -2.867088615527293E-007
  8.808555146525492E-007
 -5.174603818892793E-008
 -2.888937549366336E-007
  1.271170046483975E-007
  5.520901953405243E-006
  3.020740403344723E-006
  5.340500954397397E-006
 -2.095900613058720E-006
  5.284856363963222E-006
 -3.425001340346522E-006
 -5.160758432806997E-007
  1.245993827603222E-006
 -4.386709346659718E-006
 -4.367352134192268E-007
 -2.095152871365705E-006
  1.984962743261326E-006
  1.167994999335655E-007
  6.471766567844291E-007
 -1.596392327403918E-006
  1.246510896625096E-006
 -6.548754559284604E-007
  1.928076389700451E-006
 -3.924276653512595E-006
  4.185539977794753E-008
 -4.017303809896023E-006
  1.922770968007434E-006
  2.315080698643340E-008
  1.783531887569728E-006
 -1.997528810659751E-006
  7.135815886476224E-007
  7.056010033111919E-004
 -3.408389596989638E-005
  3.637510601817373E-005
  4.431015104205973E-005
 -1.582163907060445E-006
  1.006520431713585E-005
 -7.028210557085706E-006
  8.159294796693703E-006
  2.336218986970068E-005
 -1.006464247176292E-005
 -3.829130889973803E-006
  1.717422510431615E-005
 -7.195053245558161E-006
 -1.718579229498283E-006
 -2.647461720797269E-006
  3.618527180786551E-006
  6.142627272907881E-007
 -5.937818888590086E-006
  1.104316502207495E-006
 -6.478148314186608E-006
  2.357921371711420E-006
 -1.671812765875894E-007
  4.614247069065999E-006
  1.501757382876659E-006
  1.863901245120609E-006
 -1.012603419003482E-003
 -4.743157869565127E-005
  7.564464008344182E-004
  9.154196284483466E-005
 -1.341570092963114E-005
  2.869076595194870E-005
 -4.809880506088406E-005
 -1.416661401899427E-005
  6.547479986668221E-005
 -8.117210976732945E-005
  1.123375929733767E-004
 -1.499684555882098E-004
 -1.019061558646703E-004
 -1.256487405533650E-006
  6.345952200157363E-006
 -2.333957206843359E-006
 -7.761794555819972E-006
  5.090723389316232E-006
  9.018281961353621E-006
 -2.780814367775249E-004
 -2.297363096896541E-003
  1.549750266849473E-005
  2.039428776626077E-004
  1.265091504364419E-005
  1.973550615085648E-006
  2.856690953573517E-005
 -9.832097260918766E-004
  1.041546405286218E-003
  6.694984344347106E-005
  3.685285560129267E-005
 -4.590794581697531E-005
  1.924054327522327E-005
  1.559730621306021E-004
  4.356901127155215E-004
  3.368812491071420E-004
 -6.735627144372685E-007
  9.609380312406128E-007
 -4.458640909098193E-007
 -6.745991160568241E-007
  5.378299987019932E-007
 -1.622147774234813E-008
 -6.303002654637639E-006
  8.618073745800004E-005
  1.016900590042289E-004
 -2.364084522562054E-005
 -6.297294026566201E-005
 -5.668043194777688E-005
  5.987290421055715E-006
 -2.250905795908282E-005
  1.765355480456483E-005
 -4.555259445397078E-005
 -1.633871566770597E-004
 -1.325158611583877E-004
  6.712091876969872E-006
 -5.857899298537602E-005
  3.884050257700090E-005
 -4.601666883119661E-007
 -1.349401225739385E-006
 -1.083671771897067E-006
  1.716725586853255E-007
 -4.424839177692348E-007
  2.884941296266406E-007
 -2.933259844556060E-005
 -9.452309834699460E-005
 -8.480842593642807E-005
  3.891484937089207E-005
  2.028416483278066E-006
 -9.582250925331476E-006
 -5.768348989526386E-006
 -1.070003672671272E-005
 -1.567278608032041E-005
  4.956993432288665E-006
  5.374439608476957E-006
  1.234805353629049E-005
  3.945515381875027E-006
  9.216328167112450E-006
 -1.136509418912363E-006
  2.152152637735987E-006
 -3.514154431180743E-006
 -1.655173977903308E-005
 -8.961641774294906E-006
 -8.028111636760376E-006
  1.351985020820988E-006
  1.857057493030261E-005
  3.235007701664523E-006
  1.161134898669778E-005
  6.846716674039514E-006
 -8.832357374676236E-007
  1.453971007436483E-004
 -1.443748233217272E-004
  1.572588628816922E-005
  9.184847640265137E-004
  6.028984730485024E-006
  1.667003951934933E-006
  2.796707812703870E-004
  1.933652524125121E-003
 -1.369792036945792E-003
 -4.556616263539204E-003
  4.336615320332289E-005
 -2.790249215087333E-005
  2.634124744258121E-005
  2.603326675900720E-005
 -3.373481067743106E-004
  1.350108596758046E-004
  3.084486841436347E-006
 -1.601822369739724E-006
 -3.380454547294472E-006
  8.483195874224570E-007
 -3.811520760682815E-007
 -1.803595206660525E-006
  5.217264237498040E-005
 -1.343140081866855E-004
 -1.830036473315228E-004
 -7.637796156950620E-006
 -2.237652816177091E-006
  1.021584052891757E-005
  1.746200942576023E-005
  1.764931539681896E-005
 -9.824213268809615E-006
 -3.057093186567286E-005
 -2.462404262531920E-005
  6.982089341454038E-005
  4.538363319372724E-005
  2.275329467204879E-005
 -1.481270132805438E-005
 -2.959652812045776E-007
 -1.075546725770360E-007
  5.259991923380350E-007
  6.879878844403825E-007
  7.078164818741566E-007
 -3.920226032358049E-007
 -3.895580590239145E-005
  2.222329243228834E-005
  4.567809490334326E-005
  2.102239549800053E-005
 -4.482712972029110E-005
  1.793341040439092E-005
  4.656044978477891E-006
 -2.202328705768783E-006
 -6.730820859087498E-006
 -4.118326374004444E-006
 -3.331235200851947E-006
 -9.849808561429232E-006
 -1.622880096379687E-006
  6.593789479014238E-006
  7.070968994907844E-006
  4.567712669108680E-008
  3.253816406393452E-006
  2.299527667243430E-007
 -1.472732005005967E-005
 -7.279965951346469E-006
 -6.120895495941087E-006
 -2.481483267833887E-006
 -5.460363462091946E-008
  1.998087690302401E-006
 -6.614186286158467E-008
  4.243077453252423E-006
 -1.879136539742152E-003
  9.859140002593836E-006
  5.100313857124000E-004
 -2.165740026064489E-005
  5.333595280395041E-005
 -5.372780658693388E-005
  1.428780862676332E-006
  1.829352429647013E-004
 -1.541199553091222E-004
  2.416412467004776E-005
  1.871244990981465E-005
 -3.910892098061247E-005
 -5.320031077745471E-005
 -4.245434303419509E-006
  2.024738292587194E-005
 -1.705299277426577E-005
 -4.081887995961401E-006
  1.521856875039732E-005
  8.327322299380909E-006
 -1.075448339407262E-005
  2.055446915344568E-005
 -2.444367808530130E-005
 -8.269124497893326E-006
  2.649636186310373E-006
  1.902360789196594E-005
  7.038357643976980E-004
 -1.520943513152075E-004
 -8.869059090771301E-004
 -7.666756216098659E-005
 -9.326932315845682E-006
 -1.954302887170733E-006
 -8.606388610564637E-006
 -1.700862685008310E-005
  1.360169695822774E-005
  2.097133243980059E-007
 -4.354629149043499E-005
  1.081469436853026E-004
  9.675601540150194E-005
 -1.979720077311462E-006
  3.917953353685458E-006
  6.918487770232999E-007
  1.873393991971533E-006
  1.877205336221837E-006
  1.063260853399289E-007
  2.202840568222030E-005
 -6.259832440418584E-004
  3.624063788811006E-003
 -3.151525376451979E-005
  1.857124306070439E-004
 -1.680810519090391E-005
 -3.036017896538456E-006
  2.301443482555069E-004
  9.225008868893759E-006
  4.675847350090758E-004
  5.588815365281821E-003
 -2.480023025421990E-005
  6.319829635104440E-005
 -1.102153039116217E-004
  3.187058087447712E-005
 -1.017022587177722E-003
  8.077090225667093E-005
 -4.399239893901763E-007
  8.892233122080576E-007
  7.794897974186087E-006
  1.989291975949064E-007
  6.196098950252016E-007
  2.643863898608998E-006
  2.885048745510925E-005
 -1.575606869676101E-004
  2.296268471711048E-004
  1.591984988622247E-005
  4.900907999526693E-005
 -1.950256134189210E-005
  2.109236158035000E-005
  9.931441030178183E-005
 -3.701221146657247E-005
  1.207347198963754E-005
  1.223143774231763E-004
 -4.502170429193197E-005
  6.098401956703651E-005
  2.133439310512602E-004
 -7.305749155667404E-005
  1.920534992648342E-007
  9.953954848700224E-007
 -5.427749288794327E-007
  3.328011911550087E-007
  1.970540783255851E-006
 -5.248546904198429E-007
  7.824955765596226E-007
 -6.749937098674339E-005
 -1.758113535279822E-004
  1.617018584186495E-005
  2.925539045981438E-004
 -1.695268141842457E-005
  4.588200561771764E-006
  2.435230682014621E-005
  2.012078427097320E-005
 -1.059501378471547E-005
 -2.919967767504661E-005
 -3.169587900599817E-006
 -5.430164038233586E-006
  1.563299669958434E-005
 -8.061814705445449E-006
 -1.191792699018585E-005
 -2.039091747020549E-007
 -3.350984661447864E-007
  4.962049287660561E-006
 -4.854538306249532E-006
 -3.155904482344751E-005
  5.466265830355697E-006
  5.423658725559744E-006
 -3.490525910152938E-006
 -1.593587771053445E-005
 -4.905077925025410E-007
  1.829671227687938E-004
  2.462534359153621E-003
 -1.344011810762400E-005
 -1.817795865105744E-004
 -6.263618558615513E-006
 -2.146151493350909E-006
  4.542109773837249E-004
 -7.444722455550991E-004
  4.617116379108878E-003
  2.855214413763878E-003
 -3.603447737797190E-005
  1.546052719174184E-005
  1.552377137401786E-005
  1.892077648782579E-004
  3.247543719481504E-004
 -1.666049055752273E-004
 -1.819099461264058E-006
  4.668661351355418E-006
  3.048327271259004E-006
 -4.517972450755963E-007
  1.639437161099898E-006
  1.235055352699409E-006
  2.574042442516555E-006
  2.287594093385643E-004
  5.454663397045040E-006
  8.050106551514024E-006
 -8.285635583123190E-006
 -3.815632992181279E-005
 -1.743260799513665E-005
  1.004019953493805E-005
  9.382501443622623E-006
  3.556337863049106E-005
 -2.707161458143280E-005
 -1.347649069128432E-004
 -4.913340703638073E-005
  4.198403628407787E-005
  1.357002840588967E-005
  2.518533301840782E-007
 -2.699696630294468E-007
 -1.891772466922672E-006
 -5.970761976429464E-007
  6.827643861645910E-007
  3.452228674588683E-007
  1.660944401302053E-005
 -1.027000234364691E-004
 -3.018039540228846E-005
 -1.867283324977821E-005
  2.443568887179798E-005
  2.063389236757685E-006
 -2.145867657162936E-006
  8.764823556116452E-006
  1.611612026068022E-005
  1.308477620145238E-006
  6.291913235080940E-006
  5.129125351343569E-006
 -1.543682145211225E-006
 -1.254628452086075E-005
 -4.133777120482778E-006
 -1.189945246606491E-006
 -1.896033322655813E-006
  3.494396025618401E-006
  2.050130653142193E-005
  6.399463249842136E-006
  1.386867648301503E-006
 -7.113632818746972E-007
 -9.743178193440937E-007
 -6.480391338200583E-006
 -5.714425675861200E-007
 -4.673638397740448E-006
  1.256121956360451E-004
 -1.474981817634728E-004
 -5.864656468128213E-004
 -6.475406505082745E-005
 -2.434973212245085E-005
  6.290772317564250E-005
  1.920976408922780E-005
 -9.237237815286481E-005
  1.543189228848711E-004
  6.967386965966489E-005
  3.242689805325783E-005
  5.450036774181826E-005
  8.782563452349581E-005
  3.495015800056814E-006
 -1.469754652822449E-005
 -6.742812423724344E-007
  9.958720393185994E-006
 -9.483748073886618E-006
 -1.345373619324281E-005
  1.151203651352853E-005
 -2.963311867057189E-005
  7.879856684485175E-006
  1.155858168535685E-005
 -1.856683504101163E-005
 -2.307061819888538E-005
  3.986720392606084E-003
 -5.925763833339068E-004
 -1.342000516258516E-003
 -5.099390768332415E-005
  5.355202670248879E-005
 -9.426265531830284E-005
  3.408915256429427E-005
  1.471443054331954E-005
 -9.719888844191547E-005
  1.106333777245130E-004
 -1.127960379121694E-004
  1.689184069100728E-004
  9.854870487968468E-006
  1.122521510025746E-006
 -2.248449024537841E-005
 -6.875487930824727E-007
  1.354132448405519E-005
 -2.597642819682863E-006
 -1.466384599408094E-005
 -1.815231531866352E-005
  5.810970266659359E-005
 -4.676485081005455E-004
  1.649175689444864E-003
 -3.810488802195887E-006
 -7.253789961082821E-004
 -1.685406788376350E-005
 -2.194840947614453E-006
 -1.443369843907053E-004
 -2.957733372591383E-004
  1.780115834541244E-003
 -3.254901451726758E-003
 -8.375124042337205E-005
 -9.661627075478072E-007
  4.416211361584723E-005
 -1.001444319607724E-004
 -1.152428367937077E-003
 -3.398945710819762E-004
 -1.161107011145915E-006
  2.684838439890835E-006
 -4.223119608964712E-006
 -1.628201859787600E-007
  1.295805696936193E-006
 -1.653311768612650E-006
 -3.477522684150853E-005
 -1.628630826716740E-004
 -1.747462497319345E-004
 -1.189977449501029E-005
  5.149930527362156E-005
  2.573930595969980E-005
  2.215664728809051E-005
 -6.259774427167073E-005
 -1.025687279308023E-005
 -8.771678759754016E-005
  1.593871084602859E-004
  7.061538855044487E-005
  7.722333388215160E-005
 -1.497608220932449E-004
  1.049345371538857E-005
 -2.705228160835347E-007
  9.691002056302647E-007
  5.756286018838897E-007
  4.299985647425158E-007
 -1.242789485630323E-006
 -1.594757486589812E-007
 -3.221172513481204E-005
  5.526242402023321E-005
  1.087148412410976E-004
 -7.631498282928175E-006
 -3.803874245017406E-005
  3.984322341774022E-005
  2.162174747227374E-006
  3.039793632062239E-005
 -8.624114622615340E-006
 -3.087233739322737E-006
  2.886869437822458E-006
 -3.399290502359384E-006
 -5.742492941795920E-006
 -1.452338320455440E-005
 -1.317045749523463E-005
  7.715832609056580E-006
  6.997877899728326E-007
  4.822038853659965E-006
  2.186626574030906E-005
  1.625420622208214E-006
 -2.715191824039694E-005
 -3.724783992126712E-006
  1.115649980766338E-006
 -3.859925913744219E-005
 -8.168988795958978E-006
  5.577664465711043E-006
  2.174534333009271E-004
  1.955959816100248E-003
 -1.710825229660919E-005
  1.040168487453619E-003
  4.995202060526157E-006
 -5.391666144386374E-007
  3.681121260161975E-004
 -8.426615607955606E-004
  6.535507680212085E-003
 -1.104020625033307E-003
  3.839507609550923E-006
 -2.978706402943810E-005
  7.039030630360276E-005
  1.147581516270025E-004
  2.044337991288346E-005
  5.165433002409314E-004
 -8.849228067085678E-007
  5.473194196942085E-006
 -4.759437077196668E-007
 -5.526656487185370E-007
  2.550322621039201E-006
 -6.584460376048494E-007
 -4.255176575724396E-005
  2.897941457075988E-004
  1.077708986987446E-004
  1.829048194533584E-005
 -8.810962072362598E-006
 -4.454280895839881E-006
 -1.121642727287623E-005
  4.976431896623808E-005
 -7.074054672459599E-006
  7.124285459676073E-005
 -6.593113470669880E-005
  4.079703810893849E-005
 -4.820936245640609E-005
  1.076317657318443E-004
 -2.303349214035464E-005
  8.345798852493710E-007
 -3.594203489139030E-007
 -2.148370682443340E-007
 -4.361978268919369E-007
  2.325283171742091E-006
 -3.983820583574340E-007
  3.492960616411765E-005
 -1.086799101753786E-004
  4.195493473812720E-005
 -3.006406079246002E-005
  6.487718212359223E-006
 -4.865545371657623E-006
 -2.143647800784746E-006
  1.291872756579153E-005
 -3.682121964774059E-006
  1.333344012582846E-006
  8.924783511952517E-006
  5.097599389771391E-006
 -5.183673703771213E-006
 -8.535449091036066E-006
  2.632293545522102E-006
  4.072523685270042E-006
 -6.661828226957356E-006
  4.119628458677475E-006
  8.604239794675296E-006
  8.065419521467285E-006
 -1.884218475881493E-005
  1.192006515940479E-005
 -1.646472446785774E-006
 -5.525212093383015E-006
  8.197888816798487E-007
 -1.026342567097427E-006
 -3.444954061590210E-003
  2.038541452159032E-004
  1.122106979776287E-003
  5.163433724167388E-005
  5.008894009023312E-005
  1.192519746832212E-005
  8.697978291099855E-005
  1.329173076729116E-004
  1.174748611736582E-005
  2.667344442487634E-004
 -1.209946777882789E-006
  9.757503175162055E-005
  2.128528502112981E-005
  4.452839120394585E-006
  5.083622957023736E-006
 -2.557815506955796E-005
  1.360695245488522E-005
  1.615505411291265E-005
 -1.805979157527980E-005
 -2.171124077687952E-006
 -1.336103721149690E-005
 -5.886763641890630E-006
  1.560615470119683E-005
 -6.124056122024374E-006
 -1.343503062350888E-005
  8.996022796756316E-004
 -5.714607591846941E-004
  7.523223160873481E-004
  1.252972911092533E-004
  1.495961480494058E-005
 -1.076177720885911E-005
 -8.405907189331440E-005
 -9.306580149362600E-006
  5.338715439087001E-005
 -8.478097048082877E-005
  1.507633646359870E-004
 -2.386602243167938E-004
 -2.408731439500586E-004
 -1.283614036764825E-006
 -4.781138190352542E-006
 -7.660580998967823E-006
 -6.780083888296490E-006
  1.034004419101842E-005
  8.063697925061315E-006
 -1.978630428330630E-006
  1.014299165772059E-005
  4.940310536440814E-005
  2.356601299530770E-004
 -3.884070276633790E-004
 -4.071881798569567E-006
  1.450718382664778E-004
  7.775471786183982E-006
  1.099860260150549E-006
 -2.096976747916834E-005
  2.890931807026798E-004
 -2.482786591281194E-003
 -1.241968440333454E-003
  1.342804225616485E-005
  9.614243690519369E-006
  1.689862844570493E-005
 -5.315002270923559E-005
  3.930073404391566E-004
 -8.564226834602794E-005
  4.203663200466904E-007
 -3.131922773289456E-006
 -1.417042343650642E-006
  2.183584213407867E-007
 -1.619541168292177E-006
 -5.728853202812308E-007
 -5.837253196352694E-006
  3.376530662895402E-005
 -6.895729624143817E-005
  6.252302279120600E-006
  3.953000148986891E-005
  3.057822822802206E-005
 -1.768080532069827E-005
  1.543978454167413E-005
  1.142850304157767E-005
  3.119124774205633E-005
  1.055442190669399E-004
  7.186821800859379E-005
 -4.142653196414912E-005
  5.825510386966961E-005
  1.023528422209278E-005
  1.430748580186566E-007
  9.271278851802863E-007
  6.211833161781128E-007
 -3.297543117142988E-007
  3.180514102174878E-007
  1.866794536956422E-007
  5.400784980661024E-006
  1.473397197529241E-004
  9.389444007142349E-005
 -2.277939289301943E-006
 -4.453023633986163E-005
 -3.122845691359081E-006
 -4.648953226918736E-007
 -8.939690834562599E-006
  2.299296497130346E-006
  5.463914006226505E-006
  1.913403541077707E-006
 -4.069228038150884E-006
 -6.784770987261305E-007
 -8.308218215349874E-006
  1.097512213074099E-005
  2.002973906073176E-006
 -7.118657945436627E-007
  1.684903467660364E-005
 -8.877638094207945E-007
  1.129317898764940E-005
 -2.681274659909296E-006
 -9.157581604018410E-006
 -6.195922069157263E-006
 -5.947494037413894E-007
  1.738731530868153E-006
  4.941710710540613E-007
 -1.449786267716664E-004
 -4.436546281295332E-004
  7.154046145526418E-006
 -5.344225040358138E-004
 -4.981517915685057E-006
 -4.653750891760839E-007
 -2.524790714575792E-004
  1.218478595040724E-004
 -2.113389444507461E-003
  1.308482370035831E-003
 -8.975235897981021E-006
  1.075369257727237E-005
 -3.313409437241673E-005
 -8.917777890748470E-005
  8.471946154617584E-005
 -1.282550305271771E-004
  1.586275329327671E-008
 -1.944664063279531E-006
  3.774355046286713E-007
  1.213015588612117E-007
 -8.892729910329899E-007
  5.648120989846789E-007
 -8.194340283339067E-007
 -5.936340550476545E-005
  5.150499437540721E-005
 -6.097857732434264E-006
  7.717529293168601E-006
  1.360753613720132E-005
  1.374500877459381E-006
 -2.283644671710975E-005
  4.723356854974883E-006
 -2.200638059272757E-005
  4.397430783538892E-005
  1.512582942501328E-005
  9.722059006071770E-006
 -4.874829233024386E-005
  1.228432158665580E-005
 -3.010818352794854E-007
  3.277560497646264E-007
  5.946857173132962E-007
  5.824136897202008E-008
 -1.045466758839911E-006
  2.428404663074653E-007
 -4.753115656345836E-006
  5.051521009690823E-005
 -1.447975853258508E-005
  6.301596214103694E-006
  1.000132938019523E-005
 -1.548480557757857E-006
 -1.986152262012987E-007
 -6.684747368016855E-006
 -1.192997997578031E-006
 -5.900040813044098E-007
 -3.513368253169163E-006
  1.185849759908306E-006
  2.856447408061477E-006
  2.607662047230593E-006
 -1.884594856167577E-006
 -4.715546832175203E-007
  1.193240813995631E-006
 -1.285078444970421E-006
 -2.847730463663172E-006
 -2.172221316820282E-006
  6.488466153157062E-006
 -1.407501125166611E-006
  8.077065808950222E-007
  2.983994086320392E-006
 -1.138041297714645E-006
 -4.542120755240649E-008
  1.905284790409228E-003
 -1.137458152790850E-004
 -4.718998715199529E-004
  1.346041819219615E-005
 -2.748095445444467E-005
  1.119815125726406E-005
 -3.714856796257643E-005
 -7.320336099880473E-005
  3.027986801981283E-005
 -1.074515586374700E-004
 -5.834367566427985E-006
 -2.716673542412781E-005
 -1.231922353469649E-006
 -1.780138815556613E-006
 -5.804107982532547E-006
  1.422686463318377E-005
 -4.192552158784926E-006
 -1.127472638494883E-005
  5.972690974341539E-006
  3.283512747004587E-008
  7.639744828294110E-006
  8.659200533523326E-006
 -3.557376089388129E-006
  3.638802272579839E-006
  3.524540961918083E-006
 -3.089156431874635E-003
  7.476423850943441E-004
  1.289145514813458E-003
  1.824221047219147E-005
 -2.784183349830104E-005
  4.995079878842684E-005
  3.797614220353924E-005
  7.095139119424611E-006
 -5.671782404322300E-006
  1.359926443785718E-006
  1.129098551393797E-006
 -1.053242312875590E-004
 -9.055814854986553E-006
  1.224530806208472E-006
  1.102428926840362E-005
  3.884831503153861E-006
 -3.544866087441357E-006
 -5.680974529640806E-006
  2.320335281232885E-006
 -5.243039389020318E-006
 -1.335280043838159E-005
 -1.531021083832222E-005
  1.476422984653431E-005
 -2.373630068433311E-004
 -3.062901923852094E-005
 -1.790272521541602E-005
  9.628822589645644E-004
  1.386263453728843E-005
  1.182040376793920E-006
  2.774285985187136E-004
 -1.240606577982746E-003
 -3.046023984188065E-003
  3.136773698926764E-003
  6.065873096522603E-005
  4.389867845594590E-006
 -5.293556392662107E-005
  1.600476449847606E-004
  7.392406586031762E-004
  6.930228065808661E-004
 -9.260382497908656E-007
 -4.289508513025166E-006
  3.846829470519660E-006
 -6.732449488539254E-007
 -1.871980774825324E-006
  1.321122820270278E-006
  3.354382250990482E-006
  9.147457210766304E-005
  3.277087626290003E-004
 -1.944460024820131E-005
  4.048970503961257E-006
 -8.052754139311984E-005
  3.905070207965490E-006
  1.026725413894483E-004
  1.553953004023582E-005
 -2.004662067739706E-005
  7.644802491998088E-006
 -1.797666564525660E-004
  1.122311532795632E-005
  2.375432970216556E-004
  8.823505349440737E-006
 -4.619619180704367E-007
  2.259320749351183E-007
 -1.636440090845324E-006
  1.247728415504405E-007
  2.065124232385761E-006
  3.371890765199962E-007
 -5.414069231152604E-005
  7.931774550456494E-005
 -1.637103210874009E-004
  1.058432116886845E-004
  2.182665159912214E-004
 -5.170251937715843E-005
 -5.409362730378544E-006
 -1.621486161436568E-005
 -1.081485341240469E-005
  3.854989500886102E-006
 -1.887422806706332E-005
  1.237309869024953E-005
  6.384297747496088E-007
  1.521917221069234E-005
  1.429957229011686E-005
 -1.468106266095882E-006
 -6.499263538057604E-006
  2.065635879232194E-006
 -1.552570017868021E-005
 -6.564631263988068E-006
 -3.980758336104033E-005
  2.606242187816088E-005
 -1.730562892875792E-006
  9.487618654839326E-006
  3.126052799395181E-006
  2.012693841280294E-006
  9.749063853015220E-005
 -7.432637722410340E-005
  1.554119073607618E-005
  5.520155301123059E-004
  3.587083751280540E-006
  1.242097492811992E-006
  4.484845541542313E-004
  2.031891736046210E-003
 -2.938515966799457E-003
 -4.591874959047330E-003
  4.103151582654089E-005
 -2.829712282138805E-005
  7.593637602246427E-006
  1.818601330858158E-004
 -2.472281765018034E-004
 -1.037960114143642E-004
  2.871664652158422E-006
 -3.416573459807748E-006
 -3.350656537667645E-006
  8.668997604844866E-007
 -1.062814704716572E-006
 -1.693842325844496E-006
  9.188881575409838E-005
 -1.893346564210883E-004
 -2.987924105120799E-004
 -9.548394904139421E-006
  1.682501535804549E-005
 -2.900397325194697E-006
  2.011897659546740E-005
  7.488060429806257E-006
 -1.057058169132798E-005
 -4.037030533819359E-005
  4.766131296049169E-005
  1.142036623441483E-005
  5.797355018118767E-005
  8.242802850855038E-006
 -1.760324484299408E-005
 -4.051282049597332E-007
  7.653466934061112E-007
 -1.446327769238514E-007
  8.175094730780293E-007
  3.199490517848193E-007
 -4.123812681182961E-007
 -5.599695883427227E-005
  5.811190717891769E-005
  3.384036502016159E-005
  3.006516768201585E-005
 -4.315148617233912E-005
  2.593179115225643E-005
  5.611547875784401E-006
 -1.131284143073069E-005
 -1.942196480309385E-006
 -5.124335289157816E-006
 -3.288948990404545E-006
 -1.171030833819539E-005
  8.761430661499461E-007
  7.701258091956159E-006
  8.684412232280856E-006
 -1.919687203882258E-006
  5.745476362696464E-006
 -3.957604947700620E-006
 -1.155420443637939E-005
 -9.674477454722296E-006
  4.696247593407509E-006
 -7.561951633367098E-006
  6.811616232898457E-007
  2.517448864654290E-006
  1.914120077831083E-006
  3.012251857241701E-006
 -1.352871717912102E-003
 -4.915713002550107E-005
  7.324771589867231E-005
 -7.223519991422588E-005
  3.616227181558276E-005
 -5.710111574019002E-005
 -1.977269020888457E-005
  1.184175179529808E-004
 -1.624774089555402E-004
 -5.147229055153098E-005
  2.138092683843777E-005
 -8.879227530270259E-005
 -4.491678020324464E-005
 -3.417504224509910E-006
  2.032348803865961E-005
 -1.101473738392600E-005
 -8.299956845925921E-006
  1.413395290694631E-005
  1.171746107043583E-005
 -1.702522479185818E-006
  2.762773810763821E-005
 -1.561318498725940E-005
 -1.824272212869137E-005
  2.374673762450292E-006
  1.994524460787719E-005
 -4.694130877848594E-004
  5.200923379950808E-004
 -8.054792388825341E-004
 -2.019878220141257E-004
 -1.853052358155616E-005
 -6.972999757497024E-006
  9.107150147620444E-005
  5.122678673314127E-006
 -1.104638853141131E-004
  1.144525792758055E-004
 -2.356034264173378E-004
  1.980498275904102E-004
  2.304889234963982E-004
 -4.115594716425444E-007
  5.833647861834804E-006
  8.615419133487164E-006
  1.126608284663542E-005
 -9.442211101506518E-006
 -1.085452337499287E-005
  1.445059946245553E-005
 -6.640858021464006E-006
 -2.370112414143907E-005
  6.405975892055220E-006
  3.892881360672000E-005
  4.242130682444792E-005
  2.685770124559920E-003
 -1.142562086992516E-005
 -3.490147159290855E-004
 -2.042638682982818E-005
 -3.073410875236197E-006
 -7.597142056566829E-006
  6.941165453891969E-004
  1.441240185994976E-003
  1.175018596889983E-003
 -5.028089785745753E-005
  3.629370212645594E-005
 -3.613917172092820E-005
 -1.028230394213665E-004
 -8.286974531546780E-004
 -2.512389807611141E-004
  2.531963943905782E-007
  2.170984742048843E-006
  1.862906434560461E-006
  4.562406947160374E-007
  1.081711169590184E-006
  5.891067980235788E-007
  1.214025585099033E-005
 -1.199460440869541E-004
 -3.273276276279077E-005
  1.738854294649994E-005
  2.344293877579310E-005
  2.610220371975483E-005
  1.169351489964256E-005
  7.069273417408693E-006
 -2.908205784614250E-005
  1.436134671191445E-005
  5.784293761011975E-005
  6.064764314979395E-005
  3.471444008717924E-005
  3.238891157064153E-007
 -4.907578679909369E-005
  3.170918302933096E-007
  4.222733405590989E-007
  4.624884557189540E-007
  1.580817530289733E-007
  1.244325075517470E-007
 -4.751735833222829E-007
  2.393181346489957E-005
 -5.281662140592946E-005
 -9.086014134995409E-006
 -3.663691008159013E-005
  4.250181985658357E-005
  1.270509661669056E-005
  6.233244312218260E-006
  1.963972756127532E-005
  1.337348958319006E-005
 -1.042090743851517E-005
 -7.287843149554663E-006
 -8.278825498139610E-006
 -3.267038283148896E-006
 -9.081099517625770E-007
 -9.838612711828627E-006
 -4.155126543809163E-006
  4.226020225724407E-006
 -2.972948975705520E-007
  9.849405583715699E-006
 -3.265067350889023E-006
  1.329289639088308E-006
 -9.412993326284197E-006
  2.960914367492739E-006
 -1.101659958295639E-005
 -8.585448204907667E-006
  3.890646664135624E-007
 -4.184739719818341E-007
  5.880294514512604E-004
 -2.287993243369564E-005
 -3.840622599907000E-004
 -1.047466814799968E-006
 -1.201628862758849E-006
 -2.719170981280783E-005
 -2.055500383629194E-003
  3.483181481453253E-003
  3.248133893503373E-003
 -3.439091730534187E-005
  1.714879957360096E-005
  6.792846929835520E-006
  6.314451214847749E-005
  2.526286452281348E-004
 -6.755829148627408E-006
 -3.100349594729623E-006
  3.546486433019254E-006
  3.003019042665801E-006
 -9.696211462836688E-007
  1.270425067101271E-006
  1.238783107675846E-006
 -5.135320834664650E-005
  1.936774136914510E-004
  1.314986529561156E-004
  1.373565388938488E-005
 -5.479876476991509E-006
 -2.382337666611889E-005
 -1.883651030321962E-005
  5.187131320290793E-006
  5.100856413834732E-006
  5.257731245840043E-005
 -1.935026521006972E-005
 -8.494672283955366E-005
 -5.510569219979901E-005
  2.599499765819507E-005
  2.528379741398581E-006
  5.970471164840630E-007
 -2.202013771875904E-007
 -1.120684909651331E-006
 -7.462292534124026E-007
  3.376502769657546E-007
  1.491821369283396E-007
  4.370892155873728E-005
 -7.273850252919657E-005
 -3.119833637075818E-005
 -2.732399171210422E-005
  3.482580034009587E-005
 -1.638492984663306E-005
 -4.457429752276593E-006
  8.887076073785637E-006
  7.923818856665529E-006
  4.708330455308853E-006
  6.844603454021110E-006
  8.663958801520926E-006
 -1.233567311681790E-006
 -9.201451526244830E-006
 -5.186374138740266E-006
  4.258775565264335E-007
 -4.447057220389083E-006
  1.055125678246078E-006
  1.757505051372284E-005
  9.452187268166752E-006
 -3.675706572159749E-007
  3.888984393000498E-006
 -7.531029462741028E-007
 -4.982081776622793E-006
  1.204183160576230E-006
 -4.197656245700016E-006
 -2.614825066707642E-005
  1.038866752764912E-004
 -3.813151419244710E-005
  8.196982068448736E-006
 -2.585499834950574E-005
  4.252965532966982E-005
  3.571978709990010E-005
 -1.097318819658965E-004
  1.238400872893094E-004
  8.328743396742229E-005
 -1.287808234338666E-005
  6.627565640474028E-005
  5.443223313092435E-005
  6.025573118976123E-006
 -1.444327494333939E-005
  2.826128141082006E-006
  8.274440154746325E-006
 -3.943842365448499E-006
 -1.430001327372245E-005
  1.072164826660257E-005
 -2.819421398173979E-005
  1.578447755177797E-005
  1.182650058728146E-005
 -6.288438458890212E-006
 -2.254814885388403E-005
  2.385320667476937E-003
 -5.955480337791366E-004
 -4.022396057363283E-004
  5.842535168879512E-005
  3.716876581414672E-005
 -4.799649590125610E-005
 -2.936975359297461E-005
  9.913487730658488E-006
 -7.929914553905437E-006
 -1.569639768183724E-006
  4.241719293904119E-005
 -2.822712397743687E-006
 -8.770020054651538E-005
  7.551892711029902E-007
 -1.494224262208908E-005
 -4.576680280177161E-006
  1.671472095469823E-006
  3.803769193418968E-006
 -2.426661366572813E-006
 -1.678536629319998E-005
  3.150511575704511E-005
  1.728884126665285E-005
 -9.521190457513991E-006
 -2.085657535451075E-005
  2.630655675071397E-005
 -1.890423424502756E-002
  0.346411333001517     
 -1.424028114721966E-003
 -5.996443819804968E-002
 -4.774799862524850E-003
 -5.819238997944822E-004
 -2.176097187272753E-002
 -0.297069468523855     
  0.648215432351265     
 -0.686430427994609     
  1.361905712556289E-002
 -6.829792970687819E-003
  1.083151339347535E-002
  2.037814684078511E-002
 -3.175116808290177E-002
 -4.725857916733540E-002
 -3.781032950244382E-004
  6.623238571931453E-004
 -8.649764882463153E-004
 -2.127733737922966E-004
  4.175268693331477E-004
 -3.348717066476967E-004
 -4.896110401427987E-003
  1.697272412481129E-003
 -4.081030384455610E-002
 -6.768397131022616E-003
 -2.381239242456758E-002
  1.103207426154968E-002
  9.046409886332062E-003
 -1.834793094249285E-002
 -2.278012755309445E-003
 -1.818822282283301E-002
 -6.008489455289773E-002
  2.442354752277030E-002
  1.928901355580043E-002
 -4.387636154511231E-002
 -1.100790732967421E-003
 -1.574621767950231E-004
 -5.110507842672796E-004
  2.309885713994436E-004
  1.878740108570566E-004
 -3.672089622124759E-004
 -3.041183406203358E-005
 -2.755144294415276E-003
 -3.013723044989074E-002
  2.200468738549730E-002
 -3.896948461241559E-003
 -3.630852671905756E-002
  6.652092755656835E-003
  1.125781413954341E-003
  3.007190922691241E-004
 -1.052033525316935E-003
 -3.774121177479886E-003
  4.180709151406895E-003
  3.967769356168643E-004
  6.977456066275986E-004
 -2.937663093508876E-003
 -2.393955912151920E-003
  1.329898872941937E-003
  2.975210229992988E-003
 -4.705028836607060E-003
  2.539906521274254E-003
 -7.594575842001337E-003
  8.475662302995133E-003
 -1.331054847977627E-003
  9.935005931329011E-004
 -2.345645687254983E-003
  1.724527057208356E-003
 -6.475361133975698E-005
 -8.659242489816987E-004
 -9.949659776716778E-002
  2.746382412478277E-004
 -1.852824355274077E-002
 -4.411064125186328E-005
 -3.586544885146652E-005
 -4.605602856302685E-002
  8.031721615864880E-002
 -0.100594713132186     
  8.953317808718009E-002
 -7.831526258495188E-004
  2.599380674262297E-003
 -2.143957699388344E-003
 -1.831679430976257E-002
 -4.534514995602239E-003
  1.675242980515264E-002
  4.188539038864323E-005
  3.484480578589099E-006
 -2.645848129761074E-005
  3.498448867840381E-005
 -3.059146216270829E-005
  2.435122383955423E-005
 -5.636152484021632E-003
 -3.456182397398207E-004
  1.816482475111239E-002
 -8.285124255509623E-005
 -3.045250552694740E-003
  4.410600568751006E-003
 -1.180750629641867E-004
 -1.358733030324789E-003
  2.009263055192830E-004
 -6.067949626696662E-004
 -9.948397718101029E-003
  1.374496374357568E-002
 -3.486021068047621E-004
 -4.159732943739336E-003
  9.553970694744284E-004
  8.507316149489033E-006
 -1.388261201224249E-004
  2.083990987015779E-004
 -1.741859194380211E-005
 -7.887834819004221E-005
  8.911275794313077E-006
  5.938708145599195E-004
 -4.071991996585876E-003
  2.679138742499510E-003
 -6.470107352338889E-005
  2.565776982991429E-004
 -5.291697410365307E-004
 -1.591395499635253E-004
  8.377012434660617E-004
 -1.017399310363682E-003
  2.086993638188819E-005
 -7.731754767976194E-004
  4.565487135086876E-004
 -1.180299405444743E-004
  3.453558117706753E-004
 -4.836114218326387E-004
  2.240144995310021E-004
  5.383401401700316E-007
  2.571336959477302E-004
 -1.033447368164928E-003
  2.223915312469219E-004
 -1.613176401875940E-003
 -2.240065516674320E-004
  2.927787115078574E-005
  5.048657064725474E-004
 -3.449673094000874E-004
  1.761938872307934E-004
  0.171949223101204     
 -1.033959206756853E-002
  1.842404765884404E-002
  1.040722314827378E-002
  4.010625869968055E-004
  9.270514249555138E-004
 -2.181684459316396E-003
  4.798606227939393E-003
  1.877720112684447E-003
 -3.206059144070024E-003
 -1.523951340285361E-003
  4.711890835871218E-003
 -5.152148201907808E-003
 -4.175807603180848E-004
 -3.647050289881025E-004
  8.419413654819532E-004
 -2.506984243654922E-005
 -1.175170087701299E-003
  4.426506027546341E-004
 -1.953410673648821E-003
  1.964459604549359E-004
 -4.199464448573446E-004
  1.238091943947859E-003
  1.495430821570250E-004
  7.153187297009619E-004
  0.723246367192958     
 -0.283299595717133     
 -0.278406037077990     
  1.784534529373211E-002
  2.342264132248362E-003
 -8.626945980135812E-003
 -2.909804892065000E-002
 -8.995804376505247E-003
  1.710799043872484E-002
 -3.051572694923921E-002
  2.148593454074518E-002
 -5.699796717651764E-003
 -1.219368620452792E-002
 -1.312871148488718E-003
 -7.285377570833548E-004
 -1.350087825653869E-003
 -9.568608774828164E-004
  3.827551735379872E-003
  2.269732025971534E-003
  3.200076090740930E-004
 -1.575975886654578E-003
  3.955273792201217E-003
 -1.714636840774266E-003
 -4.146868291874308E-003
  1.394629231700173E-003
   1.41202977688046     
  6.193876851707620E-003
 -0.163802293401623     
  1.058602384041103E-003
 -1.139803896060668E-003
  1.508872765279382E-003
  2.161889398523746E-004
 -1.884764027631377E-003
  8.869409174722238E-002
 -0.156287155974336     
  3.681373777563360E-002
 -4.084290074055553E-003
  7.537281076862421E-004
 -2.539003010089858E-005
 -7.539362579527129E-003
  9.803882850303961E-003
 -5.455584858203482E-004
  1.097724901692157E-004
 -1.522533230520773E-004
  3.992676479860744E-005
  6.089052392330168E-005
 -1.063310504708484E-004
  2.259209502396997E-005
  5.280333065539374E-004
 -1.186820699617489E-004
  1.820454214826020E-003
  1.774089646830875E-003
  6.452634654675794E-003
 -1.165527803724707E-003
 -2.892841567066112E-003
  1.943024564581424E-003
  1.118751920235237E-003
  4.637462379242423E-003
  1.670017920316236E-002
 -2.495782727478367E-003
 -6.340461378413880E-003
  5.660872684815943E-003
  1.702998999171456E-003
  4.379517069547842E-005
  1.373540398983039E-004
 -2.328582554954329E-005
 -5.842197171073376E-005
  3.935726232229157E-005
  1.462680101525534E-005
  1.128905409262142E-003
  9.702476232520451E-003
  2.536145869165961E-004
 -5.247051692833571E-004
  2.600771274083702E-003
 -6.042002399787854E-004
 -3.389794758356034E-004
 -1.174696479633417E-004
  1.365048371125497E-004
  1.259496685993326E-003
 -4.095837971634222E-004
 -2.425582584865156E-004
 -1.612752083958128E-004
  2.450704201138287E-004
  6.012952731507799E-004
 -1.271917524087928E-004
 -7.632962802166630E-004
  1.451516279406714E-003
 -4.350012273633173E-004
  2.434618183497123E-003
 -1.592816378881580E-003
 -1.447293428471339E-004
 -3.676631342707027E-004
  4.496349665717417E-004
 -3.485268765946053E-004
 -4.877913069474810E-006
  3.600648507407074E-003
  3.493262441114796E-002
  2.679692951054643E-004
  4.291356624783362E-003
 -1.366562391250785E-004
 -6.476374237895122E-006
  2.979609630118602E-003
 -8.467682766268275E-003
  2.406191209593563E-002
  4.970512931116718E-003
  3.974860050726090E-005
 -5.610244620954020E-004
  3.002998904023681E-004
 -1.905060085386921E-003
  1.574807627475020E-003
  1.112619530050590E-004
  8.112291530895881E-006
  1.176397599608244E-006
  4.858632391108167E-006
 -1.775501200469026E-006
  6.246132315851631E-006
  2.952333611977922E-006
  5.597078425223325E-004
  7.235304942884322E-004
  1.005482921660800E-004
 -1.236196717047825E-004
  5.214835348170840E-004
 -2.251147903583839E-004
  1.790028086937579E-005
  8.141164636941284E-005
  1.057193908354067E-004
 -2.183092520535904E-004
  1.929974740987625E-003
 -8.959116424985823E-004
  3.493443827358515E-005
  2.767099943741808E-004
  1.833748137800052E-004
 -9.617823010849724E-006
  2.336313460407073E-005
 -1.190561295071043E-005
  4.172139533134819E-006
  6.693738480022911E-006
  5.445683477714905E-006
  4.781748684797602E-005
  1.460591277891091E-003
 -4.723886922909632E-004
 -3.610288801939778E-005
  1.260902281966753E-004
 -1.171459882857824E-005
  1.966968510240276E-005
 -1.841917935469046E-004
  6.477086273634746E-005
 -2.652204489423587E-005
  8.779258755013494E-005
 -3.248701041297241E-005
  4.355271758260427E-005
 -5.557549570176614E-005
  5.353364079909177E-005
 -3.065122344860439E-006
 -4.437782759330766E-005
  3.150231344747155E-005
  7.416271938734772E-005
 -7.340700381813579E-005
  2.471457462702121E-004
  2.065404865980588E-004
 -3.695866193750858E-006
 -5.475708460170789E-005
 -2.041471486621898E-005
 -6.468544928546610E-006
 -5.308566422140414E-003
 -1.354960487504996E-003
 -7.131135960651984E-003
 -8.195580831066539E-004
 -2.744619049992829E-004
  3.575132346824771E-004
 -1.102998100767429E-005
 -8.629582429276824E-004
  6.847130719780583E-004
  9.401876149599967E-005
  3.988657976591589E-004
 -6.058761220293187E-004
  1.184506478023814E-003
  4.039967478834054E-006
 -4.822699006095497E-005
 -2.226077447346035E-005
  2.589824832104956E-005
 -2.217445152852617E-005
 -2.993821579988361E-005
  2.009804130276271E-004
  8.137574513142215E-005
  6.602009178822620E-005
 -1.325212461931764E-004
  2.823691666403426E-005
 -6.845916683445070E-005
 -0.279395027441768     
  8.465807269403627E-002
  0.126158196815095     
 -3.377586970566704E-004
 -1.464144648047143E-003
  4.344675395148431E-003
  6.249741266197436E-003
  1.952530567777118E-003
 -1.303288166089835E-003
  4.849146663100742E-003
 -1.509385699059605E-004
 -6.227292846378827E-003
 -1.837334766558253E-003
  3.414026487510710E-004
  5.793772124837580E-004
  2.746125198102504E-004
 -1.530633498640248E-004
 -8.939393483878318E-004
 -1.883392988870461E-004
 -3.576792160227022E-005
 -3.671779573634868E-004
 -7.904151150104647E-004
  6.352995308190150E-004
  6.585359293482924E-004
 -5.995316092167448E-004
 -0.308559423134560     
  8.568907509981391E-002
  1.744578182834615E-002
 -0.126771225358080     
  6.678028047796932E-004
  2.825446219018304E-002
  1.763195994191813E-003
  2.108279017423062E-004
  1.224913662245326E-002
  0.123172867780945     
 -0.262768059951202     
  0.336908382902351     
 -6.166540685457716E-003
  2.565985090271895E-003
 -5.323163226617781E-003
 -1.067950960200102E-002
  2.660634016601018E-002
  3.217023888569610E-002
  1.531907483475020E-004
 -2.781776242533133E-004
  4.187712944819930E-004
  9.114957721983345E-005
 -1.692897700137554E-004
  1.612613187420723E-004
  2.213892662285737E-003
  1.742382522857808E-003
  2.169773787253581E-002
  3.109841642288607E-003
  8.340726922871688E-003
 -6.105897740022953E-003
 -3.774169211129839E-003
  8.377320162433328E-003
  6.643275688412323E-004
  8.218743199583082E-003
  2.050802533545232E-002
 -1.364847497246630E-002
 -8.093614032922953E-003
  1.961571053576746E-002
 -1.251291666601270E-004
  7.125614241100788E-005
  1.807307714379127E-004
 -1.270033703726050E-004
 -7.890861087296903E-005
  1.674564341973029E-004
  7.652468461961148E-006
  6.416251609150689E-004
  9.834616472972920E-003
 -1.245028905751040E-002
  2.726061647553421E-003
  1.729372644374846E-002
 -3.367686808468490E-003
 -3.885746929052563E-004
 -4.398836041458442E-004
  2.203098325774442E-004
  1.280183718583745E-003
 -1.882570039279787E-003
 -1.144596398679757E-004
 -2.031124649110182E-004
  1.528964093656643E-003
  1.049220998878899E-003
 -5.830913087446956E-004
 -1.179103551264795E-003
  1.610719614801517E-003
 -1.540227533257854E-003
  2.687658663667255E-003
 -3.350005663713772E-003
  8.496519901271293E-004
 -3.233819879453745E-004
  1.439182597418249E-003
 -6.405736509653934E-004
  3.368164527986844E-005
  5.438528805599612E-003
  9.670054608383978E-002
 -1.407377508891510E-004
  1.076768228560752E-002
 -1.231607842386330E-004
 -2.205746395435629E-005
  2.477775711487904E-002
 -2.097232389302054E-002
 -3.726093067131660E-002
 -0.100798653628307     
  9.514609154450478E-005
 -1.472150651046560E-003
  1.033318435930205E-003
  9.816685089542160E-003
 -2.534554965923965E-003
 -1.097613670223371E-002
 -8.768152218904834E-006
 -6.893362383227750E-005
 -4.681690761942883E-005
 -1.081566070840576E-005
 -1.745970019772602E-005
 -3.018995729212479E-005
  3.511198849836801E-003
 -4.442389171353004E-003
 -1.206919250246942E-002
  2.644248844655832E-005
  1.396086250985556E-003
 -1.855617327587210E-003
  2.753556250882682E-004
  3.317196649948550E-004
 -3.017981135348265E-004
  3.364767961494739E-004
  4.618237092467050E-003
 -5.708278517897275E-003
  7.052281138648095E-004
  1.096923654209785E-003
 -1.041704910014283E-003
 -6.537796993930308E-006
  6.513916551146833E-005
 -9.003537669410207E-005
  1.829658363099233E-005
  2.728440215235836E-005
 -1.175878663706202E-005
 -7.680501319812758E-004
  2.628631687464146E-003
 -6.998337668520273E-004
  4.502721581755178E-004
 -6.744310545122162E-004
  3.177779738057580E-004
  6.093427787417700E-005
 -5.211491939699372E-004
  4.049879965182913E-004
  6.085745275974248E-005
  2.101170020351564E-004
 -2.436602863822735E-004
  8.400778016339588E-005
  2.914039436064492E-005
  2.691258534797495E-004
 -1.447094636263121E-004
 -1.126695836488083E-005
 -3.068480765151698E-004
  3.764296917452625E-004
 -1.098525434903103E-004
  7.124814622180921E-004
  1.436534185849528E-004
  2.882529061041960E-005
 -2.018189623062447E-004
  2.203722046839109E-004
 -5.820357647967259E-005
 -5.793487939550079E-002
 -4.139592737597761E-003
 -1.819362188155838E-002
 -5.436983311204116E-003
 -3.936280172348880E-004
 -1.039332633138430E-003
 -3.108411455662591E-004
 -1.745788778458757E-003
 -3.417111588377837E-003
 -6.790377394536506E-004
  5.785135683760359E-004
 -3.749452863414971E-003
  1.334321685583108E-003
  1.422653276356110E-004
  3.020345273433759E-004
 -2.082818874706115E-004
 -2.111576282079901E-004
  6.066112971087081E-004
  6.889230057237914E-005
  8.932814358852722E-004
  1.789832892049454E-004
  1.574077799238714E-004
 -8.932442259224325E-004
  7.419366644518887E-005
 -3.720996283958136E-008
 -0.253048197662428     
  0.109905123781997     
  7.133419076896318E-002
 -1.050750377966750E-002
 -7.760899470125903E-004
  2.779469130116715E-003
  1.239433657674106E-002
  3.774938170128400E-003
 -8.236673191979861E-003
  1.370012449469346E-002
 -1.261263865365735E-002
  8.247258238666908E-003
  9.798669932149461E-003
  5.314814316683030E-004
  1.932713681306279E-004
  5.989837741905972E-004
  5.633510030472132E-004
 -1.579038540428378E-003
 -1.094832434715516E-003
  7.010554512683055E-005
  6.918794237926316E-004
 -1.962327233170351E-003
  6.771473625086573E-004
  2.114294249565170E-003
 -7.472529076354878E-004
 -0.599079299913012     
  0.124431587172439     
  0.264440701467828     
  3.398744979340139E-004
  9.846298839817271E-003
 -1.207427757449210E-004
  3.547626589850903E-003
  1.138559622390339E-006
 -5.362234306565316E-006
  1.503876258066562E-003
 -2.993943533756829E-003
 -8.437644771608611E-003
  2.619220349445918E-002
  1.149881955394443E-005
  2.044443462330110E-004
 -5.015910277718168E-004
  5.465013365706379E-004
 -1.132488138155069E-003
  2.621752672151931E-003
 -2.444927497273912E-006
 -9.128737299273790E-006
  3.321662339893016E-005
 -1.316590098952107E-006
 -4.192659594817740E-006
  1.171780803698597E-005
  9.524279102004454E-005
 -2.543918077798991E-004
  1.834086376452895E-003
 -3.024436402612558E-005
  2.551104460067684E-004
 -4.038406391874830E-004
  7.022541749884215E-005
  6.209152045976350E-004
 -3.998105347271657E-005
 -8.098182817028455E-005
  6.454100733619605E-004
 -8.890659041984146E-004
  2.247530930433566E-004
  1.328854711871445E-003
 -1.437712648730721E-004
 -9.772261358714131E-007
  5.530490689262453E-006
 -8.485326448913191E-006
  1.289423520100936E-006
  1.238301656993618E-005
 -3.121973842295226E-007
 -1.833375761410458E-004
  1.844957079642864E-004
 -1.131191153909734E-003
  4.116568985344728E-004
  1.606571549065068E-003
 -2.283193223934270E-004
 -1.248963693134113E-005
  3.690134125210196E-005
  3.525391647226143E-006
 -1.400125954202206E-006
 -1.584823314525667E-004
  3.886903674822561E-005
 -1.865159334870214E-005
  9.992453169163239E-005
  1.905343879400446E-005
 -3.448330777961951E-005
 -3.805285448689927E-005
  1.373270632888321E-005
 -2.821380402563018E-005
 -8.375152982693323E-006
 -2.765842440792268E-004
  1.225337164433911E-004
  8.363095649873992E-006
 -1.319649963181334E-005
 -3.882199327850518E-005
  1.380343455248117E-005
  3.120397953886848E-004
  1.011724526267064E-003
 -3.770293200584164E-005
  3.103146370960996E-003
  4.033336096297213E-005
  5.486035644959556E-006
  3.111804546878597E-003
  7.284091144494379E-004
  9.912497487874355E-003
 -1.331980113620827E-002
  1.289638838874222E-004
 -1.209197859339174E-004
  1.839311781331933E-004
  1.564480136603894E-003
 -3.085391023487141E-004
 -1.152834806858406E-005
  1.890167587508136E-006
  5.549290239193147E-006
 -4.413965438976869E-006
 -2.433051875267178E-007
  4.069135738220186E-006
 -5.181182386784534E-006
  2.582731072156345E-004
  2.129575639928229E-004
 -1.111250399981305E-003
  2.843349796282551E-005
  6.411328137007545E-005
 -1.810840784540810E-004
  1.619307554935024E-005
  1.588984246300068E-004
 -4.462657351217575E-005
  7.695742125910792E-005
  9.755526820237636E-005
 -4.082246924499092E-004
  2.827018626080781E-005
  3.731688775945741E-004
 -1.052276075199157E-004
  1.471843791428527E-006
  3.022818103149334E-006
 -8.313321610675855E-006
  7.086558328971207E-007
  7.413404613565453E-006
 -2.180499624325648E-006
 -8.060356664025357E-005
 -1.581588390105248E-004
  7.032754479525269E-005
  5.923316411972053E-006
 -9.191548047680329E-005
  7.468025022828152E-005
  1.368906437184524E-005
 -1.838331922751893E-006
  3.065146878663233E-005
 -1.010309171939170E-005
  3.325274752718102E-005
 -3.096410139614401E-005
 -1.023666129288338E-005
 -1.492026965647193E-005
  3.254831580140204E-005
 -5.243733043386800E-006
  8.989278330293820E-006
 -5.644046325807312E-006
  2.794324916946947E-005
 -6.619546140031460E-006
  1.116646924205054E-005
 -2.034828885085000E-005
 -4.192874694991978E-006
 -1.963112141048202E-005
  1.822267041078325E-005
 -2.770709252995816E-006
 -1.574302468334753E-002
  1.103587171076494E-003
  2.391943348231243E-003
 -3.924189659464669E-004
  1.916522636392679E-004
 -1.495412003969092E-004
  2.446942974604964E-004
  3.872728154722022E-004
 -3.611063395187300E-004
  5.483897574977762E-004
  8.214562367810122E-005
 -6.068085696929790E-005
  5.064640029647413E-005
  1.741704203304394E-005
  6.599347349718508E-005
 -1.076389910062605E-004
  1.390526983709194E-005
  1.015767598098806E-004
 -3.132231187013588E-005
  4.424686499653414E-005
 -1.384829324672879E-006
 -4.024766028384901E-005
 -2.860847911724753E-005
 -2.949747993612920E-005
 -1.563838587928661E-005
  8.832141099785766E-003
  4.359149471396912E-004
 -5.420364548793714E-003
 -8.547251940155275E-004
  1.039743354593467E-004
 -2.791141860539010E-004
  4.243767369567122E-004
  1.053186212382690E-004
 -6.758428443337689E-004
  7.362817526412875E-004
 -1.048192522201278E-003
  1.041783549066561E-003
  7.223734642604271E-004
  6.123922146936328E-006
 -4.981313931422910E-005
  2.308717719437185E-005
  7.449394790729318E-005
 -4.296896018067825E-005
 -8.061787005422951E-005
  1.092976934441329E-005
  1.377150120166768E-004
 -1.491252700030452E-005
 -3.387338796079235E-005
  1.127119886496023E-004
  2.294361861637906E-005
 -1.965313491427393E-002
  1.332161594123923E-003
  9.207603528524577E-003
  8.789623839958387E-004
 -4.156184165994581E-004
  3.302074261704730E-003
  1.571166292603751E-005
 -1.774641424980291E-003
 -5.641600830674792E-005
 -6.920394180684649E-006
 -4.487528795410177E-004
  6.567878783730341E-004
  7.154289340125243E-003
 -8.265248014512488E-003
 -1.131833012822637E-004
 -5.055175608878447E-005
  1.202829954678415E-004
 -3.881112876309280E-004
 -6.970672623512140E-004
 -6.528459149542020E-004
 -9.751585117838726E-007
  8.126442651812548E-006
 -1.061797127320241E-005
  1.827591007799624E-007
  4.525578699400704E-006
 -3.991583040982936E-006
 -4.310808327371619E-005
 -3.196446060834505E-005
 -5.211759776852578E-004
  2.508402381192514E-006
 -1.500039869644909E-004
  8.826039665151094E-005
  3.695719196083242E-005
 -2.276071325409047E-004
 -3.946559434202493E-005
 -6.536086755592785E-005
 -3.890501410138707E-004
  2.055374830866842E-004
  9.202127804971039E-005
 -5.623120955112551E-004
 -2.666041049378254E-005
  4.620351586021079E-008
 -3.324339735454375E-006
  1.897462264545330E-006
  6.663430101098893E-007
 -4.563971023876702E-006
 -7.125465259701001E-007
  1.828941968949320E-005
 -2.512058267715654E-004
  2.618820048409739E-004
 -1.039348556631860E-004
 -4.482557246451516E-004
  8.564543597369283E-005
  1.645712603603475E-005
  1.587515270030618E-005
 -1.573654332330659E-005
 -3.510756826299437E-005
  4.215742560310835E-005
 -1.426380984510989E-005
  4.073956296036160E-006
 -3.228225967670788E-005
 -2.809702158841466E-005
  1.600626766667149E-005
  2.486489576531050E-005
 -3.157410125721829E-005
  1.796277924536713E-005
 -4.630234903723341E-005
  8.297921942642709E-005
 -2.829233825869809E-005
  7.579414158576626E-006
 -3.008402129141973E-005
  8.835858781488416E-006
  4.040414015350864E-006
  4.913272035596421E-005
  6.866267588224788E-004
 -4.558567210180247E-005
 -1.624881353024139E-005
  3.840758308478406E-006
 -1.630586594021500E-006
 -5.484181382420409E-004
 -3.664343085060243E-003
  1.586417254958698E-003
  8.524386306306016E-004
 -4.116980964400173E-005
 -3.575610415948350E-006
  3.138549707037966E-005
 -8.321844906615357E-005
 -7.692919308987658E-005
  4.444531187015038E-004
 -4.903690685468694E-006
  2.024713896022053E-006
  5.739489769476193E-008
 -1.741954946236815E-006
  7.181047884776505E-007
  9.573508878704566E-008
 -1.332934286085715E-004
  9.762205060591416E-005
  2.771417522595700E-004
  3.095156014433736E-005
 -1.459982336934896E-005
  1.451759932114720E-005
 -1.752417027728961E-005
  1.011101194964226E-005
 -1.342738986704775E-005
  1.169560390413749E-004
 -6.940691259446653E-005
  7.708983276251875E-005
 -6.755199360318429E-005
  1.645609843660536E-005
 -4.940404543819063E-005
  1.450357741501011E-006
 -6.725102513424193E-007
  7.418356190883644E-007
 -7.937894334687271E-007
  5.421960489321205E-007
 -6.565683080322838E-007
  8.562293747278878E-005
 -6.091270143365985E-005
  1.872526116233655E-005
 -3.917597531552074E-005
  3.007279092044772E-005
 -4.644696215726805E-005
 -1.002673470173191E-005
  1.281409264212364E-005
 -1.223214879409614E-005
  1.379837760834730E-005
  4.607763055575992E-006
  1.628182649684843E-005
 -2.768568083523736E-006
  1.760693265629243E-007
 -4.508388391552431E-006
  4.018693155844405E-006
 -1.277260816165195E-005
 -7.397725394694750E-006
  1.045904744279910E-005
  1.859367876204349E-005
 -1.886847624205395E-005
  1.972414572291236E-005
  4.788784323296219E-007
 -3.361178629776013E-006
  5.961090097705885E-006
 -2.365956271007696E-006
 -9.151321283460043E-004
  2.062088884048348E-004
  1.082207161207998E-003
  1.475444144116244E-004
 -7.110498735939965E-006
 -7.228494331435811E-006
  4.909423855388992E-005
 -2.571415776918986E-005
 -2.323148454109547E-005
  1.565911498447003E-004
 -9.117322928932917E-005
  8.316249180719317E-005
 -4.102013991527174E-005
  9.013815700383715E-006
 -6.139937525505153E-006
  3.056857488670321E-006
  3.776684076160146E-006
  1.388543467803358E-005
 -1.279049977654386E-005
  2.776624346595642E-006
 -2.149739652047543E-005
  2.054524517949249E-005
  1.027814648038434E-005
  1.623975125475882E-005
 -1.305477082697998E-005
  4.865644261775106E-003
 -2.288992143452811E-003
 -1.310036387480140E-003
  2.508055300077262E-004
  3.559994909489824E-005
 -4.007308605578436E-005
 -2.767834252751739E-004
 -3.692793783639549E-005
  1.999256339909091E-004
 -3.042740426437475E-004
  3.218356005522864E-004
 -1.888490881200672E-004
 -2.342951211762651E-004
 -5.864166593845930E-006
 -1.240792686271319E-005
 -1.908554255520501E-005
 -1.877062094964319E-005
  3.473106284367649E-005
  2.463478754348912E-005
 -3.548094678830867E-006
 -1.208355503061236E-005
  5.783663553753095E-005
 -2.076507796397604E-005
 -5.712130847552453E-005
  2.431317264280691E-005
  1.317825819790686E-002
 -2.675134643255705E-003
 -5.775257764494930E-003
 -2.112971081011128E-004
  1.531740622925313E-004
  5.718500684080302E-004
 -6.328553831743301E-003
  5.652703028634110E-005
  5.599978414797276E-004
  5.651589887994954E-005
  7.284301510603902E-006
  3.126633012643379E-004
  4.716788361970278E-003
 -2.759841074404001E-003
  1.350168894217390E-002
 -1.846050679673730E-004
  4.919586171135035E-005
 -1.896516060560431E-004
 -2.247811766961960E-004
  6.966453629011320E-004
  9.451925569279626E-004
  6.225598491537770E-006
 -1.774358042404185E-006
  1.661629056585915E-005
  3.171081260355922E-006
 -2.037165457743283E-006
  6.697939730408110E-006
  1.139773040446916E-004
  8.830336580129365E-005
  7.203475308445998E-004
  1.109235288699257E-004
  1.391990849498175E-004
 -2.210339879049807E-004
 -1.180256505740522E-004
  2.021485457402185E-004
  7.102121704126549E-006
  3.023908207097099E-004
  2.974366947987984E-004
 -5.155577645570800E-004
 -2.818123923638863E-004
  4.383749981581024E-004
 -2.057842834582362E-005
  2.599897202853583E-006
  2.891290846423967E-006
 -4.613779128622958E-006
 -2.526233135605643E-006
  4.007308710364431E-006
 -7.366406724793943E-008
  9.008694611652612E-005
 -8.863801063748433E-005
 -5.522365184277897E-004
  7.276904623147925E-006
  4.715737580928479E-004
 -9.736385073967406E-005
 -1.251316010788839E-005
 -1.539521890945350E-005
  1.780889177892894E-005
  3.741815223638942E-005
 -4.809850479898398E-005
  1.213280872757591E-007
  5.535145351901976E-007
  6.809166481873062E-005
  1.373467530388290E-005
 -2.863351886588652E-005
 -3.491419358687580E-005
  1.231128324627592E-005
 -5.670749828034229E-005
  7.527683221979483E-005
 -4.260019601854714E-005
  2.946574854083258E-005
  1.582692572302755E-006
  8.008066738201355E-005
 -1.705936096318418E-005
 -7.791056367223755E-006
 -1.185842564104531E-005
  1.351781321480110E-003
 -1.009542851059966E-005
  1.124661640161687E-004
  1.519077260664195E-006
  6.950460633074520E-007
  5.456707886833101E-004
 -1.420378744061632E-003
 -1.029310380581018E-003
 -1.621785402708274E-003
 -1.856918815470848E-006
 -2.019100787467606E-005
  2.706409124700622E-005
  1.981262930031095E-004
 -1.309512656037361E-004
 -4.601227205761063E-004
 -1.004811805535178E-006
 -1.062832971350019E-006
  5.199327700991646E-007
 -5.730338816280179E-007
 -3.947570615788576E-007
 -3.539432304234932E-007
  8.422148233908377E-005
 -1.678913037886206E-004
 -3.598594066499465E-004
  7.150216611821583E-009
  2.409480116413595E-005
 -7.690173460151310E-005
  4.048677719048075E-006
  5.798629371189453E-006
 -4.055827935659897E-006
  5.449095408186464E-006
  8.223905699736463E-005
 -2.457665711136516E-004
  1.303762664433665E-005
  2.655075326034914E-005
 -1.848672205252311E-005
 -1.957541350107404E-007
  1.131664461010409E-006
 -3.563351388765337E-006
  3.489024672652440E-007
  5.518331232904186E-007
 -1.531483322545036E-007
 -9.299637584180392E-006
  5.146942859858944E-005
 -5.746280805597625E-005
  9.686488406380960E-006
 -1.961192511696114E-005
 -3.868508222005683E-007
  1.224327670230125E-006
 -6.750891012347945E-006
  1.869990349775284E-005
  4.410826879585645E-006
  7.643051727373444E-006
 -8.083809890276019E-006
  9.252707870414007E-007
 -1.349095278551467E-006
  3.975078651223743E-006
 -5.783602739733790E-006
  1.975499794984915E-007
 -6.506457121970716E-006
  1.464485039305590E-005
 -1.426675921842875E-006
  2.398759674335002E-005
  8.340259833474003E-007
  4.724111151266997E-008
 -8.383711804169844E-006
  6.364733787432706E-006
 -2.087046196295354E-006
 -1.716738115229043E-003
  2.977463262487491E-005
 -5.844213836597554E-004
 -1.890392026396066E-004
 -2.243251010772078E-005
 -3.218891365676298E-005
  4.277652039625646E-006
 -9.812276397188569E-005
 -7.069337735363942E-005
 -1.298394942886509E-005
  1.695986043008195E-005
 -8.934555286743218E-005
  5.250127496764324E-005
  5.689951906021159E-006
  3.757277987013134E-006
 -5.772945995991094E-006
 -4.869334880325873E-006
  1.766040723787536E-005
 -8.206170256952858E-007
  2.902823395379372E-005
 -1.495556513056006E-005
  3.526304612980557E-007
 -2.194769109759285E-005
  1.396317616888697E-007
 -7.080542856200872E-006
 -3.421334031522474E-003
  2.411719544405366E-003
  6.751541884622049E-005
 -3.253712832182945E-004
  2.235401702411914E-005
  2.557114668655611E-005
  3.390414459363514E-004
  1.116572836317412E-004
 -1.991269061094672E-004
  4.260551428110429E-004
 -3.370985473302919E-004
  5.170424145600166E-004
  3.687939333780278E-004
  1.666715893645897E-005
 -1.203693502174429E-005
  1.243267782962025E-005
  2.086040132803908E-005
 -4.350156927633371E-005
 -3.752756026449805E-005
  7.658441318242730E-006
  3.572023049276434E-005
 -6.331749833808246E-005
  3.013184199949102E-006
  4.855845965046920E-005
 -1.067162551819183E-005
 -1.680977316695398E-002
  3.206939692863450E-003
  7.502296084567046E-003
  2.750838297892583E-004
 -1.587733252901310E-004
  2.635822434368666E-004
 -6.239486083804962E-004
  1.076493528801487E-002
 -7.559390879717360E-005
  1.041871015801135E-003
 -9.870224801476512E-005
 -1.446787958591938E-005
  5.283445708496237E-004
 -7.871603624515451E-003
  1.417470686067150E-002
  6.997276792474330E-003
  4.082448024907975E-004
 -6.181874424346836E-005
 -1.301440055625728E-004
  9.977396191118368E-004
 -6.409504482951579E-004
  7.810431862883717E-004
 -8.487227180731408E-006
  1.443600169650880E-005
  9.271353457228186E-006
 -5.266482831079906E-006
  9.544564558522839E-006
  3.036925506652193E-006
  2.086356119308232E-005
  5.467417135914375E-005
  4.006478391181920E-004
 -1.419666211721891E-004
 -5.811616555174991E-004
 -3.759433120167582E-005
  2.362748505378469E-004
 -3.852264106200229E-005
 -9.430822936565782E-005
 -3.365116241253673E-004
 -1.530738481859580E-003
 -1.191357846554884E-004
  4.953367870577709E-004
 -2.063404982921726E-004
 -1.588251629324037E-004
 -3.524636843467005E-006
 -1.243734312436844E-005
 -9.080782946673049E-007
  4.754390090333424E-006
 -8.328575674066656E-007
 -1.229753246866419E-006
 -8.473256535998752E-005
 -1.092803823190274E-003
 -4.633939209865651E-004
  9.508236678009346E-005
  1.626605998663604E-004
 -1.034980142010594E-005
  1.917709045689239E-005
  2.513572160525450E-006
  1.759581105770563E-006
 -9.474758652005607E-005
  6.021788385171947E-006
  3.721631514937889E-005
  1.695135496443640E-005
  2.924828713174026E-005
 -5.336763705383464E-005
 -1.033595607917028E-005
  5.024974769572503E-005
 -1.468789985954395E-004
  1.068876488924218E-005
 -1.986339942428165E-004
  1.184558244071794E-004
  4.788475115564145E-005
  4.136628138115658E-005
  1.621323949662135E-005
  2.278015445196976E-005
 -8.967334795287843E-006
 -2.808436611944006E-005
 -1.611587679664834E-003
  5.048572985919839E-006
  8.720225597240368E-005
  8.244456692561719E-006
  1.171023108621301E-006
  4.396849469187319E-004
  3.561178258606883E-003
 -2.179831795724304E-003
 -2.096361037972485E-003
  1.627062644359338E-005
  5.122317376042957E-005
 -1.703764406515031E-005
  2.543884340406721E-004
 -2.221349412407334E-004
 -3.908390160676988E-004
  2.949072897412063E-006
  2.880848404154014E-007
 -5.557617487931222E-007
  1.441128567179336E-006
 -5.761072679048422E-007
 -6.306365485016706E-007
  6.400086208462280E-005
 -1.561964010968280E-004
 -3.179128176586064E-004
 -9.455768205940504E-006
 -5.700370965126148E-005
 -1.129297882501606E-005
  1.009341120949324E-005
 -3.713691584880407E-006
 -6.376430035527338E-007
 -5.139901542035733E-005
 -2.005306816241021E-004
 -2.717774119665478E-005
  3.817905738106076E-005
 -1.390163035196084E-005
  1.321995803929657E-005
 -1.896929732182076E-007
 -2.472417309521149E-006
 -4.534985649208210E-007
  2.410072656230483E-007
 -3.578345326310897E-007
 -5.131429240484078E-008
 -6.754321350173115E-005
 -1.427037962469436E-004
  2.788828825296023E-005
  3.231349631850597E-005
 -5.116056558878586E-005
  3.522971718322517E-005
  5.096665282555598E-006
  1.623673143814606E-005
  9.436022131928556E-006
 -4.854894387162718E-006
 -1.084878966975730E-005
 -1.043510146050407E-005
 -4.667087098382257E-006
  2.822066300725292E-006
 -2.235470142999291E-006
 -4.086029477551283E-006
  1.169179623190119E-005
  3.431077211773855E-006
 -9.784356477991025E-006
 -4.327815720415749E-006
 -1.359544466858915E-005
 -3.074757297528783E-005
 -3.978416617334148E-007
  3.063250298956792E-006
 -2.237552226573610E-006
  2.240368726344744E-006
  4.988181902479945E-004
 -2.105973914119462E-004
 -3.118139177212563E-004
 -8.962383478343174E-005
  3.523016712759036E-005
 -2.628151199332835E-005
 -3.429542625796252E-005
  1.347868732844124E-004
 -6.157777769154363E-005
 -7.409350376911609E-005
  5.308486162166998E-005
  4.165988998686018E-006
 -6.376546498711329E-005
 -7.106475593093625E-006
  9.329761539591719E-006
 -7.036893245591460E-006
 -3.296696819495023E-006
 -4.125296075117831E-006
  1.040317241258865E-005
 -1.944368097815060E-005
 -7.822387265458238E-006
 -3.334588392750071E-005
  6.192405309073535E-006
 -2.088967555760606E-005
  1.325127566907706E-005
  2.710497916540528E-002
 -7.103408959209835E-003
 -1.323783002815659E-002
 -2.159474132893126E-004
  1.601219347758887E-004
 -4.458140519519600E-004
 -3.946879009495628E-004
 -1.539951512360243E-004
 -9.565883743443206E-006
 -1.750728769710891E-004
 -2.543650433694036E-004
  1.035319623203374E-003
  4.447603500872254E-004
 -2.641293647023148E-005
 -6.484945941296691E-005
 -1.669267085951203E-005
  3.543267642988316E-005
  6.067564190804872E-005
 -9.019739959651681E-006
  1.643388423208319E-005
  6.716091239256756E-005
  3.464819374167768E-005
 -6.587585792321938E-005
 -2.623206557998724E-005
  4.944197369113620E-005
  1.942425460385641E-002
 -6.480240968879863E-003
 -7.257856437783896E-003
  8.161035124576986E-005
  1.451632593713968E-004
 -1.334136032766544E-004
  5.874517733239214E-004
  2.730091657076267E-004
 -6.011029626863853E-003
  1.047872663873264E-004
 -2.605186827843337E-003
  7.145442732713567E-006
  3.138088494858461E-006
 -7.642945659760847E-004
  8.466671648416836E-003
  1.853440502534531E-004
 -8.360103875640982E-003
 -4.146333465213139E-004
 -3.686386247833553E-005
  1.541737550768113E-004
 -1.315055793827984E-003
  1.309109528433095E-003
 -6.923143019098570E-004
  7.611687142395955E-006
  5.062751222708111E-007
 -1.095163895918809E-005
  5.324857558064060E-006
 -6.312546211859275E-007
 -3.614330321517170E-006
  6.771607405115395E-006
  2.170207984422699E-004
 -6.150440364038555E-004
  1.696018281453736E-004
  5.596978637755718E-005
  5.441478829803141E-005
 -1.695090701254258E-004
 -2.037787463267446E-004
 -9.275801994780070E-008
  3.752455757907856E-004
  9.264622269262947E-005
  1.252474527522262E-004
 -3.931329195775479E-004
 -4.507028114631700E-004
  1.788734378676221E-005
  3.990945145183700E-006
  1.194020436551910E-006
  1.226070433381427E-006
 -3.590889786995930E-006
 -4.080393667414573E-006
 -4.000553581877704E-007
  1.656461803854001E-004
  7.389458986999427E-005
  3.644408740916213E-004
 -2.271939204268399E-004
 -6.323378011951473E-004
  6.154774004143990E-005
  1.162081052068847E-005
 -2.889288029561683E-005
 -7.383122377010164E-006
  1.186711014753599E-005
  4.858934331864446E-005
 -4.672954170960139E-005
  6.563721479982236E-006
 -2.447542697601018E-005
  9.201715855670120E-006
  1.061951645100678E-005
  2.094831421986600E-007
  3.135789180236390E-005
 -3.756942269120260E-005
  6.555021669081126E-005
  1.055832327377795E-004
 -6.617866611740723E-005
 -1.223231244346960E-005
  3.920725056802761E-005
  5.339045528044887E-006
 -5.459426256083364E-007
  1.245799360218455E-003
  3.032554291329270E-003
 -4.565645931771492E-005
 -1.821672051776830E-003
 -2.247310947083045E-005
 -5.450414253116300E-006
 -1.497132282579289E-003
 -6.935893529372397E-003
 -7.365987018705305E-003
  4.676999946943301E-003
 -1.198387715255710E-004
  7.612112976677737E-006
 -4.470183406503167E-005
 -4.859560253312116E-004
 -6.787542046277181E-006
 -1.103735164151329E-004
 -9.280702344360533E-006
 -6.090108099228034E-006
  1.685715515061017E-006
 -2.934743751965248E-006
 -2.988769204562257E-006
  1.964326360554502E-006
 -1.552495720498094E-004
 -2.793358614817473E-004
  3.894391260085694E-004
  2.576586199348339E-005
  2.314081079692670E-005
  2.419469627829247E-005
 -1.854719248319261E-005
 -7.512429615229447E-005
 -7.218669510290780E-006
  1.188727608133095E-004
  1.229030392929165E-004
  1.440853022559530E-005
 -6.336704056822144E-005
 -1.632020413252151E-004
 -5.550572024508802E-005
  8.841992410528669E-007
  9.857285367645403E-007
  1.070228782090411E-006
 -6.562399953953041E-007
 -2.982448072021610E-006
 -2.279592456575627E-007
  1.227644205521443E-004
  1.721109736188507E-004
 -7.147169743818311E-005
 -3.042541900293906E-005
  6.668293759867792E-005
 -9.233900154920525E-005
 -1.818157317767928E-005
 -1.211496288959129E-005
 -1.222689984285237E-005
  2.765571332263135E-005
 -2.352538000997725E-006
  2.688900621040651E-005
  8.085816032577421E-006
  1.209829857164901E-005
 -1.214248520814097E-005
  4.286709040111996E-008
 -2.051298928870470E-005
 -2.462020883222693E-005
  1.719351205569468E-005
  2.233037055009262E-005
  1.246148749489233E-005
  3.920859731602150E-005
  4.820331659312709E-006
 -1.740995088437037E-006
  1.015921385428880E-005
 -5.150838989085880E-006
  5.449183635353239E-003
 -3.942187684923525E-004
 -8.988914471786172E-004
  1.460056013495237E-004
 -1.550926845054062E-004
  1.208526531764556E-005
 -9.453051937737691E-005
 -4.168837961210388E-004
  4.432939699105354E-006
 -2.031341944329552E-004
 -1.593823342490534E-004
 -6.303003864541004E-005
 -2.779045776360070E-005
  1.090537334443983E-005
 -3.261152830697853E-005
  6.270454539479428E-005
 -1.707528178489125E-005
 -9.842676349810324E-006
  6.169908440451419E-006
  2.800789540035541E-005
 -1.762289143772976E-005
  6.804321225398317E-005
 -1.916713073025600E-005
  4.588691963634748E-005
 -8.840764670099408E-006
 -1.074653175676452E-002
  2.133329334042379E-003
  4.474287999742319E-003
  2.588336200320954E-004
 -5.077828997523461E-005
  2.307092082329495E-004
  1.838930486226448E-005
  8.245743716382313E-005
  2.053761592212321E-004
 -1.293373857127315E-004
  3.385733706298034E-004
 -3.708910514476607E-004
 -1.601453034908468E-004
  1.449477883815275E-005
  2.089290154574404E-005
 -6.466091725864411E-006
 -3.624685949976362E-005
 -8.836977002563277E-006
  2.175208066161088E-005
 -1.246246733682298E-005
 -5.963256113240049E-005
 -2.490163431284313E-005
  3.082440564605946E-005
 -2.932936546826722E-005
 -1.836193830923647E-005
 -1.461897417005050E-003
  1.805311822957629E-003
  4.286157597955535E-004
 -3.102877197879017E-004
  2.626427031147420E-005
  7.129529073097188E-006
 -2.101213741539441E-004
  2.307480763254383E-004
  1.481803563301701E-004
 -1.354260825910903E-003
  8.692907719297127E-005
 -7.372311244159672E-004
 -4.126492801128396E-005
 -5.282208159736384E-006
  1.350625642710254E-004
  3.595635535531710E-003
  1.430189712710324E-002
  1.223266244126902E-002
 -1.267268556398715E-004
 -8.909344796210114E-005
 -1.639015407676192E-004
 -3.081590041028511E-004
  1.488327779658099E-003
  1.378674121184098E-003
  3.775020796584342E-006
  1.604548876441450E-005
  1.445793783774819E-005
  1.939703791172128E-006
  8.598388014680580E-006
  6.027587567207438E-006
  1.349315852745593E-004
  4.115301711226274E-004
  6.207922988169346E-004
  9.219815635043066E-005
 -4.957874712379379E-004
 -2.603168454301724E-004
 -9.163380421942097E-006
 -7.158729086695424E-005
 -8.303477592848857E-005
  2.336200384887939E-004
 -1.426256213543281E-003
 -6.370504336267769E-004
 -8.759650475709755E-005
 -3.291849913189735E-004
 -1.460235337316964E-004
  2.082379172231758E-006
 -1.072902650882772E-005
 -5.364241351928351E-006
 -4.812507636353619E-007
 -1.540554124788669E-006
 -1.601128408596395E-006
  1.330000055200103E-004
 -1.280508533604483E-003
 -7.653013788380934E-004
 -7.857805377701471E-005
 -3.900192622521273E-007
 -5.442195174299555E-005
  1.543093910430543E-005
 -4.549214005036011E-005
 -5.567522459336573E-006
 -5.301818194598263E-005
  1.094046232000099E-005
  6.725364633066326E-006
  2.825808855977024E-005
  8.038161450570258E-005
 -3.928212562895061E-005
 -2.493803068212200E-005
  1.813474224536193E-005
 -1.338023390793957E-004
 -8.373517077656124E-005
 -8.952341417338828E-005
  1.888496350429760E-004
  3.511918743730250E-005
  3.767001923059322E-005
  1.317220065124701E-004
  2.079228138761603E-005
 -1.599561191196962E-005
 -1.114576532226557E-004
  2.210049847622495E-004
 -5.914524331213937E-005
 -5.554877536092171E-004
  8.803748924719531E-006
  7.641935679528351E-008
 -2.604705674185171E-004
 -4.120996486362253E-003
 -1.069942609860996E-002
 -4.370979819975780E-003
 -4.539301955645566E-005
  5.681399363130855E-006
  9.723211990931281E-006
  1.336550107986029E-004
 -7.617655997416389E-004
 -6.852328485799201E-004
 -5.211325202753586E-006
 -7.312459848392405E-006
 -2.060732627696086E-006
 -1.808133844278352E-006
 -3.732229746851477E-006
 -1.302503553843782E-006
  1.845406243942196E-005
 -6.905328253384539E-004
 -4.905889558358446E-004
  2.035353920614799E-005
 -8.166222202753721E-006
 -7.167405986290313E-005
  1.015934310236318E-005
 -3.442374992774094E-005
 -3.051288230851117E-005
  7.414956133602683E-005
 -2.854030873628128E-005
 -2.169915175243231E-004
  2.183180914415672E-005
 -8.083365690783370E-005
 -9.598137048018355E-005
  8.467881830065572E-007
 -3.213641706508190E-007
 -3.143784618053875E-006
  4.199937914243390E-007
 -1.198094354283962E-006
 -1.266781974430896E-006
  2.563808339482339E-005
  7.186418899713843E-005
 -5.089963627614238E-005
  2.074308689393976E-005
 -4.665325778404818E-005
 -4.638117028876315E-005
 -7.654890263840812E-006
 -1.657977338035155E-007
  8.030958825992583E-006
  2.471757698597775E-005
 -2.597553437113827E-006
 -1.752906194455320E-006
  4.753195861845632E-007
  1.878204091782444E-005
 -1.260161024750174E-006
 -8.937666581272343E-006
 -5.727024813334590E-006
 -2.886828715737085E-005
  1.088780545095056E-005
  1.279508396081783E-005
  1.456218946586360E-005
  4.385990479185936E-006
  3.516314805720682E-006
 -6.917759835943429E-006
  1.831934274020881E-005
 -1.323348538335712E-006
 -2.285837477706328E-004
 -6.990752735399526E-005
 -3.089020642560344E-004
 -1.385272333098117E-004
 -5.971153018660387E-005
 -1.350146264909570E-004
 -5.691316577034054E-005
 -1.627078627245083E-004
 -3.339352657673337E-004
 -1.479953342762725E-004
 -1.014393817758223E-004
 -1.582922289794129E-004
 -1.118698983237213E-004
  1.103416623060695E-005
  8.481046965046746E-006
  1.885312280624917E-005
 -2.623148857986485E-005
  3.795461066455111E-005
  1.519732234925790E-005
  3.184484245578944E-005
 -2.603669885067631E-005
  1.152534386691519E-005
 -4.139052761820567E-005
  3.184876977085345E-005
  9.545685162416226E-006
  1.694491258923243E-002
 -3.638298130605487E-003
 -1.088542453654246E-002
 -3.687781409588161E-004
  1.466757379087867E-004
 -2.475714270884886E-004
 -1.082226168410504E-004
  1.406432114230162E-005
  4.165541338029021E-006
  8.391522050329642E-005
 -2.933167539877691E-004
  1.353359600591826E-003
  7.643680596300297E-004
 -1.642061452717127E-007
 -6.193961890694409E-005
 -1.374309228323726E-005
  2.470194981170406E-005
  1.912193609747161E-005
 -2.453774366643234E-005
  3.372487605610511E-005
  3.246151093350902E-005
 -4.014439944219353E-005
 -4.803501951054622E-005
 -2.585215147137481E-007
  1.431014345444110E-005
  4.562093519807186E-003
 -2.500757077485633E-003
 -6.088604750349564E-004
  7.821203373477480E-005
  4.103548448892274E-005
  1.122524261533151E-004
  3.345082438284184E-004
 -2.032824744769663E-005
  4.861687414811333E-004
 -7.128201266692280E-004
  3.375748455941253E-004
 -1.309562381794485E-006
  1.458620780923459E-003
 -3.220757613617853E-005
 -3.818512128178050E-006
  5.594626353202746E-004
 -7.413355279907806E-003
  1.592036087442052E-002
  1.198958108353194E-002
  4.709675839480756E-004
 -1.432502557783918E-004
 -1.298239326131615E-004
  1.347315955809218E-003
  3.945454165292855E-004
  1.209569480896718E-003
 -6.125534171357117E-006
  1.706508842076560E-005
  1.476033801414193E-005
 -5.006687414883867E-006
  1.008406409540486E-005
  5.781118653025108E-006
  6.989265866789882E-005
  2.425836968503111E-004
  6.634104092081345E-004
 -1.295179096043822E-004
 -6.493921989702337E-004
 -1.498415593975213E-004
  1.774385078456514E-004
 -4.821851846860693E-005
 -4.792059824126923E-005
 -2.429940753134260E-004
 -1.730416362649315E-003
 -4.055571352604094E-004
  3.164411143040678E-004
 -2.109693094463838E-004
 -7.344703899064179E-005
 -3.034324286348156E-006
 -1.400086388698981E-005
 -3.166481330744062E-006
  3.641824782360140E-006
 -1.026916837142325E-006
 -6.075004960119833E-007
 -3.898660652731305E-005
 -1.374013688301558E-003
 -7.319146530990824E-004
  7.747681515664700E-005
  2.140018086846684E-004
 -3.849020862933395E-005
  6.745845201671933E-007
 -2.670861588961053E-005
  3.437167486215592E-006
 -5.738767420986264E-005
  1.389216565529850E-005
  5.536392064936106E-005
  2.651825070832528E-005
  7.014142189646505E-005
 -5.284613623536530E-005
 -2.452619646089355E-005
  2.959032913689520E-005
 -1.709786919747512E-004
 -2.305153961622971E-005
 -1.608811816697532E-004
  1.472043303711970E-004
  7.211019425906758E-005
  4.787708388769463E-005
  9.428405558888130E-005
  2.734744031166728E-005
 -2.374417199088386E-005
  3.435407033940680E-004
 -7.878719657929288E-004
  6.559545125898790E-005
  7.191626238773382E-004
  3.432255660629787E-007
  2.569499964489774E-006
  6.909788574939137E-004
  8.313021629635448E-003
 -5.676016809120544E-003
 -4.724864372206632E-003
  5.421786039729188E-005
  5.383198051467911E-005
 -2.844154696834039E-005
 -4.323751015021244E-005
 -5.333157805868939E-004
 -6.665964403441836E-004
  9.723244958076716E-006
 -2.168739247445239E-006
 -2.543264397324804E-006
  3.761619009757408E-006
 -1.868643301229926E-006
 -1.402784182543234E-006
  1.772409774304116E-004
 -4.227004541526304E-004
 -5.440001409452742E-004
 -4.872157857912757E-005
 -8.157945883459903E-005
  7.535888884829709E-006
  3.607306681375584E-005
 -2.105889269435001E-005
  1.264851176537173E-005
 -1.867076129354031E-004
 -2.611908265847338E-004
  1.655682832940216E-005
  1.226893439550897E-004
 -6.906455384526022E-005
  6.401826898031341E-005
 -2.096968292391816E-006
 -3.547708811817166E-006
  3.988558363179753E-007
  1.419060637372085E-006
 -1.235368858032198E-006
  6.779076550197307E-007
 -1.550471950704579E-004
 -8.163583226251331E-005
  3.213195277952644E-005
  8.257024690368659E-005
 -1.130773199163526E-004
  7.247694816677130E-005
  1.447279935942909E-005
  1.292694444269703E-005
  1.249076376186676E-005
 -1.553405999283229E-005
 -2.453434021237232E-005
 -2.788433808545499E-005
 -4.220225081921827E-006
  9.683691061301057E-006
 -2.662691969315499E-007
 -7.391484941055939E-006
  2.163590399025804E-005
  1.340969360110104E-005
 -3.486108164793254E-005
 -2.323521524033342E-005
 -1.009809925170968E-005
 -4.167249673044069E-005
 -4.893541322211200E-007
  7.879781691026229E-006
 -1.194163120443768E-005
  8.993766652302103E-006
  2.460724194873632E-003
 -7.706428430246181E-004
 -1.432419320868659E-003
 -1.947822335599331E-004
  5.200667895360842E-005
 -3.273819771687401E-005
 -1.257921279338400E-004
  2.734784149525797E-004
 -1.078791642752673E-004
 -2.555327629784386E-004
  1.520698080082626E-004
 -7.346433054599184E-005
 -7.110818454913385E-005
 -2.298800296257197E-005
  1.791244652239176E-005
 -8.010962231833825E-006
 -1.092685993233280E-005
 -2.175642903433822E-005
  3.391486289490477E-005
 -4.164060624678503E-005
  1.299666469780000E-005
 -7.728785053756881E-005
 -7.749879685503941E-007
 -3.133646500604768E-005
  4.241559421533542E-005
  2.524604765584218E-002
 -6.057672973844746E-003
 -1.361831066526272E-002
 -3.435502517796302E-004
  1.417681063945659E-004
 -3.999818518281991E-004
 -2.729454781000357E-004
 -1.583722283419245E-004
  2.256568132383670E-005
 -3.508926481015853E-005
 -3.216434406465380E-004
  1.330277294835756E-003
  6.391972464416848E-004
 -2.256832811040881E-005
 -5.670564789352592E-005
 -1.035767145142071E-005
  4.095409363092649E-005
  4.392852335012460E-005
 -1.838576552051768E-005
  4.872440644567344E-005
  4.816939880378320E-005
 -1.051826992657339E-005
 -6.594482748528519E-005
  1.145413133563956E-006
  1.722042103961174E-005
  1.293496622050943E-002
 -4.773955191646250E-003
 -4.181647691602985E-003
  1.030911265070273E-004
  6.647621473499027E-005
 -1.075482086394309E-007
  5.308223981629643E-004
 -1.837379278369284E-004
  4.401852214076079E-004
  6.189050504268802E-004
  8.880731491869359E-004
  5.817734075625482E-003
 -9.603658034883941E-005
  4.281006758436299E-003
  3.551785104380783E-005
  5.138884603466545E-007
  1.881909204875320E-003
  7.817420740856111E-004
 -1.239306663141963E-002
  3.914154713862805E-002
  2.219106391875724E-006
  2.596201494204395E-004
 -6.744135157741418E-004
  3.265682741953530E-004
  5.534797467591911E-004
  3.200103416596415E-003
  2.453062907191265E-006
 -1.416981200809195E-005
  5.082231176503310E-005
  1.690072111205102E-006
 -7.013913801989790E-006
  1.838820696048459E-005
  2.110388389406532E-004
 -2.220531680692997E-005
  2.312690814226585E-003
  1.086400662027090E-004
  2.570153183028298E-004
 -4.558013716718777E-004
 -4.449133179408316E-005
  8.312271250150575E-004
 -6.414873440862584E-005
  3.288327859955176E-004
  5.758528005874698E-004
 -1.047707312637950E-003
 -8.709415644314489E-005
  1.870466217450716E-003
 -2.417386295523727E-004
  1.952496908659699E-006
  5.777265074088151E-006
 -9.867638319046792E-006
 -1.136354060040119E-006
  1.656081186358881E-005
 -8.161428486195795E-007
 -5.578172529760569E-005
 -1.725142783109632E-005
 -1.471886971328152E-003
  3.637212469984265E-004
  1.940881445042243E-003
 -3.079395217008209E-004
 -8.297799289411901E-006
 -9.656393561298443E-006
  5.744777825746085E-005
  4.720828113636241E-006
 -1.863652049425532E-004
  2.017256975459946E-005
 -1.125905937544738E-005
  1.509361822962573E-004
  4.343357168764058E-005
 -6.946132018457272E-005
 -4.503047395879469E-005
  2.211663766524196E-005
 -9.390660458409768E-005
  2.826329180175077E-005
 -2.226675157104477E-004
  1.068281300746333E-004
  9.288796928930797E-006
  1.124559334413943E-004
 -4.998302845203435E-005
 -6.183109619098876E-006
  1.786533531561367E-003
  9.163560920110966E-003
  1.742376829569288E-005
 -3.295709028787223E-004
 -2.796485208522837E-005
 -4.896753228373716E-006
  2.736973833691194E-003
  3.199233717845630E-003
 -1.517065984190551E-003
 -2.514827293886430E-003
 -3.583637176857746E-005
 -9.357050268170471E-006
  4.894555717543879E-006
  1.094012558251736E-003
  3.586089328983296E-004
 -1.793535281373537E-003
  1.669603311640998E-006
 -1.583189506275183E-006
  1.850459713035677E-006
  1.117005426173516E-006
 -1.006140530969247E-006
  2.585129787835220E-007
  3.721935620948408E-004
 -2.142973535907755E-004
 -1.139950495047469E-003
 -2.063044970575894E-005
  4.828223610418161E-005
 -1.709583897239337E-004
  1.143844819581033E-005
 -1.125787532024366E-005
  9.192001509948616E-006
 -6.321462183513722E-005
  1.935338942126317E-004
 -6.103272611805508E-004
  5.434409722121268E-005
  3.120951767409386E-005
  8.870524613924542E-006
 -1.476289176209385E-006
  2.560685560387069E-006
 -8.456711593827532E-006
  1.005550037269860E-006
  4.369795894891020E-007
  4.707391389395250E-007
 -1.436772809412018E-004
 -4.313837798934599E-006
 -9.188720296842253E-005
  6.227073019264277E-005
 -5.257816422521138E-005
  8.140655074855901E-005
  9.849433214819874E-006
 -2.539276450763485E-005
  6.462602363149055E-005
 -6.691019436880093E-006
  4.036042827163780E-006
 -2.285728020757953E-005
  5.585247746696762E-006
 -1.076513617486923E-005
  8.637021267544568E-006
 -1.795362915220711E-005
  1.484225057301341E-005
 -1.071614727656803E-005
  3.834649049159633E-005
 -1.428508249310041E-005
  5.570547543025625E-005
 -3.024166922593983E-005
  1.563476699130483E-006
 -1.370373236564632E-005
  6.025717179176585E-006
 -8.214252708650002E-006
  1.059127014086430E-003
 -1.194268393467297E-003
 -4.009386129176965E-003
 -5.974316566226552E-004
 -7.988524834305977E-005
  4.079374989462278E-005
 -1.280806850418180E-004
 -2.439784586518785E-004
  3.144716738884658E-005
 -2.834626385535414E-004
  1.831341709950233E-004
 -2.537602303244711E-004
  1.905152811718793E-004
 -5.259943303056511E-007
 -2.469227311194139E-006
  3.946495226257672E-006
 -1.077346549056131E-005
 -8.849841593842111E-006
  1.129945982086696E-005
  5.673037625314097E-005
 -1.489775114178959E-005
 -2.086935860971706E-006
 -4.725456968386775E-005
 -4.796899476840324E-005
 -9.475806569273217E-006
  6.366947623774164E-003
  2.303912154588737E-003
 -6.528875327287301E-003
 -1.072169109467315E-003
  1.089944362902990E-004
 -2.663082984313434E-004
  7.183145891569249E-004
  1.607273918971666E-004
 -8.328599817992175E-004
  1.074473512950637E-003
 -1.431174926172700E-003
  1.643156225770374E-003
  1.164124864746755E-003
  1.731166719456901E-005
 -5.503043002770883E-005
  4.038455702787508E-005
  9.467438104167585E-005
 -7.993611976178370E-005
 -1.119860482362449E-004
 -1.821439342208956E-005
  1.839182949954454E-004
 -1.349644322775982E-004
  1.382475185899108E-006
  1.476952171198483E-004
  1.683191823619045E-005
 -3.387278519599077E-002
  4.148019394035455E-003
  1.604758422334111E-002
  9.557309823069717E-004
 -3.819867710351995E-004
  5.060585628426682E-004
 -2.744919747869849E-005
 -2.207457472735235E-004
  1.922983824417001E-004
  1.234706072875328E-004
  1.531109699034636E-003
 -1.583896422555370E-003
 -6.576495332421802E-003
  1.547054166103542E-004
 -7.380830238100972E-003
 -9.859205809387779E-005
 -5.482162193741872E-006
 -3.090115971532379E-003
  1.646999960726172E-003
  2.232568504365729E-002
 -6.140043997017649E-002
  2.356950531261367E-005
 -4.086595293943322E-004
  1.051603830800638E-003
 -9.920305266900159E-004
  8.206827922928508E-004
 -5.295644789886329E-003
 -1.626789979732427E-006
  2.340434157581511E-005
 -7.826534905166616E-005
 -7.815261662671621E-007
  1.254362634430677E-005
 -2.851008840020673E-005
 -2.806283408852961E-004
  3.334758632524684E-004
 -3.900824328615103E-003
 -7.847702887395471E-005
 -6.628262394809442E-004
  8.381419308376111E-004
  3.783712690835319E-005
 -1.370546005549528E-003
  4.063990196560152E-005
 -2.510689880263320E-004
 -1.649470731388838E-003
  1.891532769651017E-003
  7.990623329389077E-006
 -3.078243288518956E-003
  2.430783646969430E-004
 -1.239985082976433E-006
 -1.434281483636051E-005
  1.779675920757812E-005
  9.988256542552097E-007
 -2.734707168103352E-005
  2.411594287212238E-007
  2.304350789378606E-004
 -3.891430665143319E-004
  2.427166087642542E-003
 -7.283809349948664E-004
 -3.420515751422789E-003
  4.979458560570058E-004
  3.939399901672352E-005
 -3.461506017910595E-005
 -5.709314982284909E-005
 -5.578541811737298E-005
  3.277271761182545E-004
 -6.239657893279759E-005
  3.369367906861386E-005
 -2.440857831874230E-004
 -6.646597702673565E-005
  1.003929776700907E-004
  1.077888373572909E-004
 -6.682597050901283E-005
  1.126232052852104E-004
 -9.975179543730350E-005
  5.325035697718206E-004
 -2.236147166345691E-004
 -9.780606537813699E-006
 -1.023894388890265E-004
  9.616779012245393E-005
 -3.411255465394662E-006
 -1.166640712067770E-003
 -1.234944491663705E-002
 -2.576173453818941E-005
 -3.977273150896375E-003
 -6.145955022042161E-006
 -7.945225720006055E-007
 -6.108944531210576E-003
 -7.553683296980470E-003
 -1.271219502905990E-002
  1.653189837439740E-002
 -1.235690080112941E-004
  1.512551468151112E-004
 -2.237900510699604E-004
 -2.326200460886000E-003
 -3.768988797260239E-005
  1.422706199526583E-003
 -9.473892817022581E-006
 -7.918914759717179E-006
  4.193691333241924E-006
 -2.579019019169229E-006
 -4.661220071934212E-006
  5.290392275349578E-006
 -6.576253562993348E-004
 -1.717221635084018E-004
  2.116926987961497E-003
  1.542785312026122E-005
 -8.938331308244507E-005
  3.101974658401626E-004
 -3.500356056901368E-005
 -1.692986049515182E-004
  1.957570744875246E-005
  5.722648797584577E-005
 -2.129112070016274E-004
  8.712568136864558E-004
 -1.013563026527826E-004
 -4.367630446542800E-004
  4.412981467693680E-005
  1.243618324162777E-006
 -4.593080525196583E-006
  1.494856846891726E-005
 -2.189309976949287E-006
 -8.818403808283763E-006
  9.456916527865102E-007
  2.593014082397822E-004
  1.855105039543441E-004
 -1.592627577447697E-005
 -7.618948466016210E-005
  1.651508112451167E-004
 -1.831119235796201E-004
 -2.964021918979907E-005
  2.132455915084107E-005
 -8.991748093452686E-005
  2.878640309904522E-005
 -3.276236912338995E-005
  6.013425447035199E-005
  7.183972088504125E-006
  3.052192471107190E-005
 -4.287647541635344E-005
  1.979851874115165E-005
 -2.604964543281534E-005
 -1.806614660441385E-006
 -4.937493985010268E-005
  3.188686993459592E-005
 -5.278599087715831E-005
  4.626206636385009E-005
  4.518665642517463E-006
  3.117234997576214E-005
 -1.174938226711100E-005
  6.067529958113514E-006
  1.467382322444359E-002
  4.089689606509773E-004
  1.706583735408653E-003
  9.645842877563285E-004
 -1.601723308022264E-004
  5.970240294313764E-005
 -1.114432830313347E-004
 -3.507680035414458E-004
  2.460157904600532E-004
 -3.317490661600956E-004
 -3.554182725402173E-004
  2.598201121746722E-004
 -2.829861424950027E-004
 -4.644584738336156E-006
 -6.643741468769555E-005
  1.203141643545308E-004
 -1.315545067005070E-005
 -7.548253655525827E-005
  1.780003540838686E-005
 -7.346871186845216E-005
  3.339711679269610E-006
  7.889351276037137E-005
  5.820096435908454E-005
  9.282357736147773E-005
  1.526774750936762E-005
 -6.541490452806133E-003
 -4.833206794286007E-003
  7.156765458794616E-003
  1.759205648142453E-003
 -1.496701391757542E-004
  3.845506812784311E-004
 -1.220047003236812E-003
 -2.637787876492141E-004
  1.391969708050036E-003
 -1.809111913111785E-003
  2.238588404160228E-003
 -2.229832683681183E-003
 -1.575566582060231E-003
 -2.854936913197999E-005
  7.641603792576872E-005
 -6.612983514893925E-005
 -1.529840670009254E-004
  1.374973694718516E-004
  1.815334361329054E-004
 -6.776093884433428E-006
 -2.883691233848783E-004
  1.426705828183978E-004
  2.307910888895504E-005
 -2.587327490063600E-004
 -1.630301500452161E-005
  5.780747525401614E-002
 -7.539881837758214E-003
 -2.661770061972203E-002
 -1.749120761117354E-003
  6.247142637938773E-004
 -8.133863667560951E-004
  1.198240804033114E-004
  4.764841633744597E-004
 -1.698172399959042E-004
 -1.176785593058864E-004
 -2.394758802493620E-003
  4.076866265402926E-003
  1.366331531463579E-003
 -4.786154129448848E-004
  3.311435270200098E-005
  3.216596757544310E-003
  5.647677976991419E-006
 -1.415357815742546E-006
  1.706247233826330E-003
 -1.642758863735815E-004
  8.441958467954912E-004
  3.510260446319338E-002
 -8.453007891356745E-005
 -4.061649636268795E-005
 -5.311969489416556E-004
  3.431794390877326E-006
  4.286348238350350E-003
  5.345823045142459E-003
  9.735345578861150E-007
 -1.415551373951936E-006
  4.222894080127779E-005
  7.649044808689125E-007
  5.210244679729559E-007
  1.605745002076221E-005
  1.812399390398555E-004
  7.671921469349966E-004
  2.614214713450536E-003
  9.090273103241911E-005
 -4.103564145191455E-004
 -7.751784141100380E-004
 -2.962929394213398E-005
  5.239330550145798E-004
 -6.127343709028513E-005
  2.764892136583767E-004
 -1.239966536659792E-003
 -1.793676186779698E-003
 -9.945502851094895E-005
  1.038273644031397E-003
 -1.770341851474278E-004
  1.850875083483723E-006
 -8.395938794740709E-006
 -1.593277320764056E-005
 -8.133569163722351E-007
  1.039265845560532E-005
 -1.037518167111488E-006
 -1.447613044525293E-004
 -1.074571231241218E-003
 -1.884372340809142E-003
  4.719529320175111E-004
  1.482001876428933E-003
 -3.271916275649818E-004
 -2.586079207038496E-006
 -1.018928688363942E-004
 -5.214258028007425E-005
 -4.575441153379317E-005
 -1.161868700875247E-004
  5.351264915490866E-005
  2.707231894627024E-005
  1.896420350832218E-004
  2.067591199758344E-005
 -4.583315160104917E-005
 -2.346363280398416E-005
 -1.267261763340448E-004
 -1.895008936493602E-004
 -1.032678984604798E-004
 -4.279650220659158E-005
  1.736587968724323E-004
  3.921742266400823E-005
  2.115089869935540E-004
  9.073908342020073E-006
 -7.336031114731230E-006
  7.232866618163595E-004
  1.313685910194457E-002
  6.035922494903941E-006
  2.794961348828306E-003
 -9.920987667639649E-006
 -3.361708466153661E-006
  3.153910247550118E-003
  6.274449691425972E-003
 -2.101865333875732E-002
 -2.704935866859924E-002
  5.167314759370739E-005
 -1.632563270399008E-004
  1.228260241174490E-004
  1.204753365618980E-003
 -1.789244979962035E-003
 -1.434528411276214E-003
  7.984535680083194E-006
 -1.884055362660149E-005
 -1.952658588798018E-005
  2.279465269073853E-006
 -7.689763393880957E-006
 -9.102926371223863E-006
  5.395866381775249E-004
 -1.484745436960738E-003
 -2.095117727092356E-003
 -1.631453109695912E-005
  5.466907379745786E-005
 -1.125514399787386E-004
  9.425459289036469E-005
  6.266760249110719E-006
 -7.794006179340557E-005
 -4.527598207055268E-005
  1.467187080315535E-004
 -2.547194085144894E-004
  2.473157301933924E-004
 -1.954996986910048E-005
 -2.020397481228397E-004
 -1.377784833119640E-006
  2.925886929412043E-006
 -5.677143849749359E-006
  4.392880340654130E-006
  1.606683615015833E-006
 -3.015095507534490E-006
 -2.465804517030753E-004
  2.498853820412165E-004
  1.260571693658337E-004
  1.610566690837171E-004
 -2.599794928559093E-004
  8.552378261935826E-005
  1.362488851263980E-005
 -5.037208682204059E-005
  1.598216536311499E-005
  8.036351213773275E-006
 -2.047106792047082E-005
 -4.891101675169268E-005
  4.096560225182524E-006
  4.748758261999237E-005
  3.808240614649302E-005
 -2.115658266103579E-005
  1.117105745926996E-005
 -5.280694682733619E-005
 -1.935734860747976E-005
 -2.328538775023188E-005
  2.854551747469247E-005
 -1.022778462757801E-005
  8.580372684198707E-006
 -5.549083972083682E-006
  2.706582877474007E-005
  8.302144193187815E-006
 -4.415094279422370E-003
 -1.746649891473132E-003
 -2.049502608891855E-003
 -6.228025839701938E-004
  5.677682426449939E-005
 -3.111822805995481E-004
 -2.463150634432158E-004
  3.536902553672378E-004
 -1.021677944201708E-003
 -3.965957147868603E-004
  7.814154516532647E-005
 -6.044517840724122E-004
 -2.225266476579104E-004
 -7.760922609033503E-006
  8.849862019081654E-005
 -2.303867188501004E-005
 -6.283271207564843E-005
  8.715956685490504E-005
  7.059363468468193E-005
  3.631003686482267E-005
  8.113238317552115E-005
 -6.132496979470890E-005
 -1.312708639549985E-004
  2.207164038867393E-005
  9.496082709017587E-005
  1.782847395435240E-002
 -1.230774526578346E-003
 -1.659887289697822E-002
 -1.476805488007666E-003
  1.154491897903925E-004
 -3.543520865870132E-004
  4.276361943167184E-004
  7.764692301541324E-005
 -6.424019791375589E-004
  8.335710525887314E-004
 -1.651848317157800E-003
  2.635763584193707E-003
  1.978925513615525E-003
  4.447267074395328E-006
 -5.879388715683324E-005
  2.700416518917900E-005
  9.381805291609221E-005
 -3.602764692326534E-005
 -9.826531999048754E-005
  9.556287561504433E-005
  6.823566527745403E-005
 -1.480256670087719E-004
 -3.408113898461910E-005
  1.925682988624240E-004
 -6.148173663042523E-005
 -2.029139046086924E-002
  1.114783353281599E-003
  1.221935647363343E-002
  7.955856255165935E-004
 -2.693843601320610E-004
  4.440308942478891E-004
  2.463328181133261E-004
 -1.913663964249632E-004
  5.674489974468390E-004
  5.153935522698240E-004
  1.218273472255666E-003
 -1.900162109231327E-003
  1.774069698968609E-003
  1.088206331797977E-004
 -7.129193979155276E-004
  1.407410532404118E-005
 -3.487334430433924E-004
  1.382942246485165E-006
  3.743139164636614E-007
 -8.848716388928893E-005
  1.200949614770090E-003
 -5.918418302041734E-005
 -7.296447330734015E-004
 -6.979645934312939E-005
 -1.520270101736203E-007
  1.288987623300600E-005
 -1.815010306881656E-004
  4.537003577863355E-005
 -6.837416898581306E-005
  1.085560017114859E-006
  1.474643500889470E-007
 -1.034768405230576E-006
  7.627561163719957E-007
 -1.116847366216985E-007
 -3.132932352182662E-007
  1.777763594673669E-006
  7.750968272916047E-006
 -5.381421052058397E-005
  2.338651003366809E-005
  2.467233281303240E-005
 -2.603638580544240E-006
 -2.292653603592847E-005
 -1.851001674783008E-005
 -4.599739977396210E-007
  4.686074409148759E-005
  5.823583244502563E-005
 -3.899826920212288E-006
 -4.943083843413324E-005
 -4.355585487648695E-005
  2.570094342645655E-006
  5.560228184332465E-007
  5.071424627090365E-007
 -3.566409267116224E-008
 -4.913505662305567E-007
 -3.719397841963646E-007
 -6.467225220268986E-008
  1.867756241070640E-005
  2.370487111362397E-005
  2.910166909121178E-005
 -2.479155834499258E-005
 -5.154518598956354E-005
  6.113995934286174E-006
  9.072312012897457E-007
 -1.876870172535454E-007
 -1.501772099512470E-006
  3.104231917438003E-006
  2.878035223677527E-006
 -5.825925521307240E-006
 -1.638983387468817E-007
 -1.563963810806501E-006
  6.793820334941904E-007
  1.021911970106324E-006
 -1.958713609974582E-006
  5.969556627719766E-006
 -4.235299159648826E-006
  1.220640244478311E-005
  4.457104037477593E-006
 -6.330261614859369E-006
 -1.571234764102112E-006
  2.271340452053491E-006
 -1.255852335413429E-006
  6.546529025317786E-007
  6.395241745251970E-005
  4.736558501332771E-004
 -9.756186522611510E-006
 -5.728198450836415E-005
 -6.567305890440283E-007
 -4.866651576247923E-007
 -9.993492804242796E-005
 -1.103043904355343E-003
 -4.238304417915714E-005
  1.859064308818511E-004
 -1.145972201865212E-005
 -5.630031440004510E-006
  6.641650634152677E-006
 -1.849353232535772E-005
 -1.201637920544868E-005
  4.259394297417983E-005
 -1.315325753689730E-006
 -8.896362687055229E-008
  7.162200279332187E-008
 -4.942396307837347E-007
 -2.147878752894830E-008
  5.915492361505965E-008
 -2.023700908216964E-005
 -3.320275004218886E-006
  3.645368270427665E-005
  6.246148050331813E-006
  4.539298956785947E-006
 -3.060410596483336E-006
 -3.287025791217148E-006
 -3.392725850731267E-007
 -2.959122259114666E-006
  2.562956485654339E-005
  1.417406450583355E-005
 -7.540419137078349E-006
 -1.289325705021720E-005
 -2.514399339371765E-008
 -1.273630780632620E-005
  2.489654499991255E-007
  2.004425391490687E-007
 -1.406668898753315E-007
 -1.161832544133124E-007
  5.261922222275970E-008
 -1.327821955858131E-007
  1.948987393300974E-005
  1.015990108517872E-005
 -5.258855944100951E-006
 -7.595333607237213E-006
  7.613174828470847E-006
 -1.189454032577252E-005
 -2.313580200909992E-006
 -3.141658220042732E-007
 -1.229185351454744E-006
  3.708226712053402E-006
  1.844136503027869E-006
  3.232513890676575E-006
  2.604939602621831E-007
  3.205528415731648E-007
 -4.673160587822760E-007
  3.028775032938598E-007
 -3.268199787619807E-006
 -2.995860497098882E-006
  4.011234589935245E-006
  3.677552470542405E-006
  4.988788291178362E-007
  6.127046892317016E-006
  3.117090057256496E-007
 -1.441374086678132E-006
  2.060733479921933E-006
 -8.566201677523713E-007
 -1.361577358411791E-004
  2.590825037786059E-005
  9.486865629996869E-005
  1.495523578458546E-005
 -1.027437929244258E-005
 -2.752557890842574E-006
  5.656086222779110E-006
 -3.383348752903345E-005
 -9.067189518707815E-006
  1.835809042214615E-005
 -2.102820250153864E-005
  3.880208684842380E-007
  1.022507271586969E-007
  2.655991980560285E-006
 -1.978480941178636E-006
  2.550739493697449E-006
 -4.592874564790382E-007
  3.784692433125592E-006
 -2.196704524081247E-006
  5.192150186914888E-006
 -4.184080843127207E-006
  7.565385712762168E-006
 -1.826162199525867E-006
  5.336882726429373E-006
 -3.365987987389021E-006
 -1.433143891798358E-003
  3.345289374227757E-004
  6.781385711904137E-004
  2.650403731543829E-005
 -3.689582485977593E-006
  2.819347235236100E-005
  1.131869743551031E-005
  1.571417833190416E-005
  1.675430609873638E-005
 -2.251371311347045E-006
  3.867261560706989E-005
 -5.194293859429584E-005
 -2.934312717846737E-005
  2.475328362467303E-006
  1.491945966784171E-006
 -9.200720423535615E-007
 -4.001607756344142E-006
 -2.266238526300586E-006
  1.526279393876838E-006
 -1.324676207390517E-006
 -4.380299542533763E-006
  2.654716953853544E-007
  2.123143551502081E-006
 -3.210638411303354E-006
 -7.984673441115642E-007
 -6.364764559636576E-004
  2.950240867429249E-004
  2.225598285045266E-004
 -2.061694589354586E-005
  1.497706714269204E-006
  6.226672232210717E-006
 -2.969159986748286E-005
  2.333805220946002E-005
 -4.827883060378953E-006
 -2.705791233551951E-005
 -1.693319733106137E-005
  2.885657723707216E-005
 -1.988376229453471E-005
  3.109935220652632E-006
  3.515134350710161E-004
 -8.849718084451069E-004
 -3.409611511612346E-006
  5.783506829569139E-004
  1.507674141377795E-005
  1.803840356661640E-006
  1.623170503058849E-004
 -2.959659786016666E-004
 -1.440764344120374E-003
  3.438796709449818E-003
  4.514922273485223E-005
  1.514612367148970E-005
 -5.007976352481064E-005
  1.620802320977343E-004
  1.367444452588504E-004
  2.263893855537882E-004
  3.171113672685368E-007
 -1.475898858046785E-006
  4.357121847365483E-006
 -1.354172026001415E-007
 -9.012226053163812E-007
  1.672927900601943E-006
  2.057833197635367E-005
  5.222249105449679E-006
  1.949908602017331E-004
 -2.002314966588682E-006
  2.728762544042697E-005
 -3.380966490922033E-005
 -5.541426722499041E-006
  7.254592814344272E-005
  7.543741689087722E-006
  1.848345518493336E-005
  6.748317020900813E-005
 -8.111844233882459E-005
 -1.856432242149725E-005
  1.715455613873577E-004
  8.086723656388729E-008
 -4.193024362907956E-008
  5.946206550393330E-007
 -7.320419436211427E-007
 -9.470044306581435E-008
  1.447295342594732E-006
  1.366306866948939E-007
 -6.004026331218448E-007
  1.543975437154818E-005
 -1.214938616077885E-004
  2.884165040094420E-005
  1.583072914449334E-004
 -2.824124776782235E-005
 -4.772632888551337E-006
 -3.750366471125784E-006
  7.308580623254522E-006
  8.599813146350370E-006
 -1.415105706353216E-005
  5.718085519303639E-006
 -6.082817415544188E-007
  1.399112892501495E-005
  5.575211695789040E-006
 -7.099903182756491E-006
 -7.002521229115639E-006
  3.238930883715223E-006
 -6.028171058678592E-006
  1.002867919142777E-005
 -2.010531623750131E-005
  1.097888449591915E-005
 -9.336777178931243E-008
  1.319589019398772E-005
 -2.958827568347286E-006
 -2.389239711769710E-006
 -5.258812675285499E-005
 -3.706636111172029E-004
  1.325351254518213E-005
 -1.467075465192956E-005
 -4.252536662047287E-007
  6.612351670575242E-007
  1.896663147940989E-004
  1.121903675306489E-003
 -2.413498239253365E-004
 -4.147518503405017E-005
  1.216548453714634E-005
  5.391307980924482E-006
 -9.592724703918568E-006
  3.428917392573388E-005
  3.052081552560383E-005
 -1.678087478437721E-004
  1.481075381983279E-006
 -2.484688301482649E-007
  3.303368768762975E-007
  5.364794917070477E-007
 -1.161589305224984E-007
  6.449077538429119E-008
  4.159862070424384E-005
 -2.354568321831633E-005
 -9.517420657958437E-005
 -9.668626549085165E-006
  1.309891457064436E-006
 -9.445294960365752E-006
  4.472227031827446E-006
 -2.492580342013275E-006
  5.196399517257719E-006
 -3.719476624259297E-005
  1.054127275789442E-005
 -4.041158716669073E-005
  1.905641541244033E-005
 -2.436144693521367E-006
  1.813835083015264E-005
 -4.465665760376602E-007
  6.710309861696350E-008
 -4.483505777015551E-007
  2.044840551142755E-007
 -1.459425999240160E-007
  2.420825209233847E-007
 -2.642587711103645E-005
  7.546585386742116E-006
 -1.060695185025910E-005
  1.160134626564122E-005
 -9.456475324946965E-006
  1.482453084539523E-005
  3.218881851175753E-006
 -2.259359978948374E-006
  5.614347955598074E-006
 -4.291902869703781E-006
 -1.073151810081098E-006
 -5.364742683823478E-006
  4.722432538614703E-007
 -9.711637419438681E-007
  8.426302173639629E-007
 -1.547728071218069E-006
  4.372752861722809E-006
  3.040343369399038E-006
 -2.193694825991406E-006
 -5.574226100850818E-006
  6.075310865901809E-006
 -7.544032484317607E-006
 -3.460089971967195E-007
  5.478806768337677E-007
 -2.002316377808879E-006
  5.486047163858795E-007
  2.349792516588097E-004
 -4.714489938649815E-005
 -3.603881602855500E-004
 -5.493434753959786E-005
  1.889954053489958E-006
  4.221617665916361E-006
 -1.201531329765801E-005
  3.684322511737132E-006
  1.690808961399744E-005
 -4.389644168166727E-005
  3.184989742285664E-005
 -2.023096897525719E-005
  1.749651029588155E-005
 -2.628753041672210E-006
  1.111290763671440E-006
 -1.665974748051905E-006
 -4.473357311855640E-007
 -4.683359839977184E-006
  3.076088772857774E-006
 -4.952103853207894E-007
  3.017845445451092E-006
 -7.544235962467339E-006
 -1.903326283625309E-006
 -6.877674428788795E-006
  2.398536668946098E-006
 -3.297517467776704E-004
  4.578674164484761E-004
 -1.425880429728376E-004
 -8.866584138579888E-005
 -4.068764031860012E-007
 -7.873320381156904E-006
  7.848048823041106E-005
  9.179710786475111E-006
 -6.513337450596938E-005
  1.009287473333728E-004
 -1.096783334218537E-004
  1.181016575002954E-004
  9.182713283106944E-005
  1.427567948975312E-006
 -4.340044823301967E-007
  5.152560127410533E-006
  7.910548438733794E-006
 -9.559841839369705E-006
 -9.338116387709106E-006
  1.099375270480070E-006
  9.854709440971582E-006
 -1.748979546010991E-005
  2.670758133160895E-006
  1.579991711939076E-005
 -3.770133403640965E-006
 -3.759779503881023E-003
  6.402522763167830E-004
  1.678845769309199E-003
  7.745738914309001E-005
 -4.502080058615939E-005
  5.361780407927303E-005
 -2.150641220513198E-005
 -1.739390665649409E-005
  8.709551950003468E-006
  5.308912534374457E-006
  1.333934164709616E-004
 -2.145383015752614E-004
  1.020748877080355E-004
 -1.428521632558246E-006
  1.483345893451386E-005
 -2.100516180307265E-004
  7.364403042574724E-004
  3.961829165090147E-006
 -3.289799631877358E-004
 -1.243717619757171E-005
 -1.609808920133774E-006
 -6.068451995380988E-005
  2.602795122143661E-004
  1.902235462809098E-003
 -6.332664706976122E-004
 -2.595992053803930E-005
 -8.943925797599919E-006
  7.897197286490710E-006
 -7.717249179484156E-005
 -1.173206825873494E-004
 -5.256939910426720E-005
 -6.328098990837650E-008
  2.133540522197584E-006
 -8.081682847863127E-007
  1.160266135032012E-007
  1.203101768973952E-006
 -3.048407123563621E-007
 -2.014184439101572E-007
  2.869051844747231E-006
 -5.261403772078988E-005
  4.746009984713836E-006
 -4.498293719262161E-005
  3.294860370558085E-006
  7.639335550770776E-006
 -3.776245864772814E-005
 -1.238534553548461E-005
 -1.901724587638701E-006
 -1.229736172495194E-004
  6.454324455927477E-006
  1.679837764453185E-005
 -1.018392480467666E-004
 -1.489665305689315E-005
  9.370843665540109E-008
 -9.885761965127724E-007
  7.364621898551370E-008
  1.215319502960165E-007
 -7.621697208900895E-007
 -2.152403869514176E-007
  8.945528893518545E-006
 -1.023556660802365E-004
  3.667688796006299E-006
 -2.070721069619633E-005
 -6.341296594335401E-005
  1.176168180267778E-005
  3.744687360024236E-006
  2.239379511608674E-006
 -1.962683122938516E-006
 -8.964242001327627E-006
  6.279338416631066E-006
 -2.269820078745082E-006
  1.623135138466619E-006
 -1.419721367754879E-006
 -7.108784927008532E-006
  1.127468163564465E-006
  5.177811951041694E-006
 -1.133992961093648E-005
  4.886058976169533E-008
 -1.246533947766739E-005
  2.078318268103127E-005
 -3.068096375457690E-006
  3.229817511782963E-006
 -1.887711225926329E-007
  1.650477075587591E-006
  4.663684427697918E-008
  9.742854607818156E-006
  1.789524095494595E-004
 -1.158483816680084E-005
 -3.158981291858322E-005
  1.116731793131720E-006
 -3.253190343317306E-007
 -8.518108477383418E-005
 -8.857284970896911E-004
  9.795147919932658E-005
  9.445331302928282E-005
 -1.029138774553607E-005
  3.140024910554168E-007
  7.051189029313048E-006
  3.889641288999872E-006
 -3.058056696803286E-005
  4.395423036294196E-005
 -1.202579316528938E-006
  3.043624220907620E-007
  9.242147331948243E-008
 -4.184578617011184E-007
  6.908713585917375E-008
  1.363560828940748E-008
 -2.302871667352023E-005
  9.221458111030063E-007
  2.762389950053495E-005
  6.925506807668141E-006
 -3.163339983860045E-006
 -2.960968760207356E-006
 -3.582999456158596E-006
  1.397824668949732E-006
 -3.342507351509544E-006
  2.601700447220272E-005
 -1.471137729870745E-005
 -3.534364267783513E-006
 -1.361992405160072E-005
  2.913695689725505E-006
 -1.239708042060201E-005
  3.182111655863013E-007
 -1.397252870090741E-007
 -1.194089307157789E-007
 -1.574013968879946E-007
  1.000372800110799E-007
 -1.608097686983067E-007
  1.735279445058920E-005
 -1.346618960301652E-005
 -4.539807185509023E-007
 -7.217830927759250E-006
  4.599443291433318E-006
 -1.013496352282995E-005
 -2.182012994814532E-006
  2.787989482389837E-006
 -9.902646577604131E-007
  3.546086379517053E-006
  1.205187839925699E-006
  2.999952604926544E-006
 -5.989151205383032E-007
  1.326628926404097E-007
 -9.912441207749275E-007
  2.858672550400011E-007
 -2.570083097912515E-006
 -2.345055288826298E-006
  3.421925496488772E-006
  4.180478680443192E-006
 -2.620878633592239E-006
  3.529770613294352E-006
  1.534518841840446E-007
 -1.262912631119064E-006
  1.884699636274164E-006
 -7.196709551232363E-007
 -2.350341666428595E-004
  4.014938935789366E-005
  1.725177309494494E-004
  1.692647015864367E-005
 -4.210613073084753E-006
 -4.679450667845221E-006
  9.039832917084814E-006
 -1.523545939961434E-005
 -1.146439313031310E-005
  2.783632167531877E-005
 -1.928420804003408E-005
  1.139850102735599E-005
 -7.746359301901071E-006
  2.370330953586218E-006
 -1.258211068616795E-006
  8.971291678311287E-007
  1.557143267276044E-007
  4.052984224960750E-006
 -2.526045280313822E-006
  2.556603979975715E-006
 -6.523558864509710E-006
  4.485881519757760E-006
  6.899766744018869E-007
  3.325849286113606E-006
 -3.246580654377601E-006
  1.813534419558594E-003
 -5.957350868496684E-004
 -7.709675094598708E-004
  2.545205959268161E-005
  1.557178153619974E-005
 -2.308277149871208E-005
 -5.187673745065758E-005
 -5.113578975743384E-006
  3.011588973138514E-005
 -4.417622579896524E-005
  3.843038102647756E-005
  3.349171085575492E-005
 -8.204282645399423E-006
 -1.004329214665917E-006
 -6.108060118193886E-006
 -4.008560172037446E-006
 -1.491369621546187E-006
  6.840923701669974E-006
  2.495698836212104E-006
 -8.385041098369372E-008
  2.368345798265031E-006
  9.207988891437634E-006
 -6.547208888235606E-006
 -1.042766031626308E-005
  6.631059299219300E-006
  2.447751809616571E-003
 -6.043132128903302E-004
 -1.016799791778335E-003
 -2.591819616556038E-005
  2.829885802311962E-005
 -2.149773581296283E-005
  4.389458966051414E-005
  3.301312943063750E-008
  2.974555565414044E-005
  3.325083446488714E-005
 -4.995540992261146E-005
  8.770436844890114E-005
 -2.031019020825071E-005
 -2.147433911214415E-007
 -7.087733977530569E-006
  6.432937012542271E-006
 -1.067867829212076E-004
  3.296648037038564E-004
 -9.174336351772407E-006
  2.721823327942396E-005
  2.152661468173541E-007
  6.285120745432059E-008
 -3.894164350807923E-005
 -6.171028458936913E-004
 -8.094946063214455E-004
 -1.991525996009441E-003
  2.838835603542345E-005
 -4.330163053451425E-007
  2.905089375654077E-005
  4.703195034641448E-005
 -8.311742750637586E-005
 -1.651519396329516E-004
 -7.049717875063008E-007
 -1.067810790985579E-006
 -2.418740830336109E-006
 -3.935829495447362E-007
 -4.791741619205154E-007
 -9.756293709305185E-007
 -1.783475424805806E-005
 -2.410940499467993E-005
 -1.026789451255582E-004
 -1.566734217178216E-005
  1.920559300538614E-005
  3.520446202774824E-005
  8.360732407526642E-006
 -1.330660568468374E-005
  7.306609764255521E-006
 -3.787301403468675E-005
  6.375321254102509E-005
  8.357028551866055E-005
  2.307007912395145E-005
 -1.632764325805589E-005
  1.480293491073530E-005
 -3.553267733133362E-007
  4.325001806231393E-007
  7.332525964697011E-007
  2.044786961591729E-007
 -2.550120741767232E-007
  1.508480771541632E-007
 -1.458309573173686E-005
  9.369041551915121E-005
  9.840935572187384E-005
  3.718836688490198E-006
 -4.786567488968209E-005
  1.086425904324666E-005
 -5.097366736703401E-007
  2.411677468358774E-006
 -1.341120804337050E-006
  1.572057920750393E-006
  4.197317946578669E-006
 -4.284789973937299E-008
 -1.547212176290860E-006
 -1.083312388641617E-005
  2.229959060513804E-006
  4.058081563584406E-006
  1.380257671079115E-006
  7.886740184500484E-006
  9.440017443774208E-006
  5.834913935373770E-007
 -7.276175370506571E-006
 -4.724264406774721E-006
 -2.904651657656141E-006
 -1.373541952878723E-005
  8.272147884679387E-007
  1.431800695004340E-006
 -7.069334467394507E-005
 -3.323269454557321E-004
  6.047010779762422E-006
  5.251617256544727E-006
 -4.100205064208166E-007
  9.036052531113248E-008
 -5.633850968033335E-005
  4.755768197728323E-004
  4.545171246581070E-004
  3.696160080016871E-004
  5.026315553356767E-006
  1.824814823613670E-006
 -5.700304688154623E-006
 -3.819878140085521E-005
  4.936864374445849E-005
  7.343646879529107E-005
  5.946713695031105E-007
  2.736699841869917E-007
 -2.140207341143646E-009
  2.186168916820490E-007
  1.540060495027172E-007
  9.510389049440617E-008
 -6.517588474796481E-006
  4.339956827713281E-005
  5.889866096326740E-005
 -2.556672481507334E-006
 -1.028668557951261E-006
  1.258323563387606E-005
  7.147144287586746E-008
  3.845372331819056E-008
  2.485201038631467E-006
 -1.021748310063371E-005
 -2.321919548859805E-006
  3.808920822106979E-005
  1.209935214130294E-006
 -1.404651509273979E-006
  9.007547886503415E-006
 -9.153665588434636E-008
 -5.827318416016009E-008
  5.764395555582778E-007
 -1.633448318414978E-008
 -5.833260302795954E-008
  1.078711390684962E-007
 -3.144279136491497E-006
 -1.947153218592337E-006
  7.567425826943421E-006
 -3.827111108017400E-007
  3.487640808723245E-006
  3.526990247293237E-006
  6.634367389630897E-007
 -8.605344543990865E-008
 -2.471427400298276E-006
 -2.264439053777414E-006
 -9.557233964665019E-007
  2.741288368881448E-007
  8.620951758176098E-008
 -4.917845481655786E-007
 -1.725751073053743E-007
  9.877373161546182E-007
  7.702162382343341E-007
  2.425404541627534E-006
 -3.109457099695583E-006
 -1.396296520166328E-006
 -2.338296473610454E-006
 -9.143521945366742E-007
 -1.887915732209910E-007
  1.586460342985089E-006
 -1.859029821964561E-006
  5.076655855701648E-007
  2.478121815482931E-004
  6.229797822741881E-006
  5.735512569517516E-005
  2.501178349036380E-005
  5.677183021868334E-006
  9.095641324402401E-006
  5.161191517649412E-007
  1.929885329212778E-005
  2.314579108777783E-005
  4.061712978728784E-007
  5.094167215917080E-006
  1.334906522970988E-005
 -1.844025546626155E-007
 -1.554825473103771E-006
 -4.482593110974354E-007
 -1.807420570262464E-007
  1.460468816014652E-006
 -4.246620364957743E-006
  9.435665708911983E-008
 -5.034980428604991E-006
  4.496823833579062E-006
 -1.309544513681935E-006
  3.826893131449388E-006
 -1.427738082662226E-006
  1.208087297155602E-006
 -1.075939449192199E-003
  1.025808787098720E-004
  7.745385092047396E-004
  4.942498070559941E-005
 -1.432911277158274E-005
  1.902904552289978E-005
 -1.769099127611335E-005
 -1.030916412198905E-005
  1.831305877958308E-005
 -4.051795577127723E-005
  4.762720887044482E-005
 -1.322799823123405E-004
 -7.491861653150355E-005
 -1.308096937279096E-006
  6.221330520815134E-006
  2.349203189479702E-007
 -3.628302861531339E-006
  1.831696260705326E-006
  4.936399798810435E-006
 -2.008930587582800E-006
 -7.633308929826668E-006
  5.693610414811270E-006
  3.963874488564359E-006
 -2.856655718041446E-006
 -1.954943900981560E-006
  9.292334620105546E-004
 -3.635182526644465E-005
 -5.102808993111777E-004
 -3.200737614516301E-005
  8.097342947204066E-006
 -2.728530305657772E-005
 -1.615052081393477E-005
  3.760111957382067E-006
 -4.164719173484113E-005
 -3.098995262926381E-005
 -5.598154086677971E-005
  8.210694657249498E-005
 -7.192978662902511E-005
 -8.851793929022741E-009
 -4.538430976231531E-006
 -7.421924016011939E-007
  5.059782872694110E-006
  2.983178855099935E-004
 -1.366788977506119E-003
  1.548319497623564E-005
 -7.085798931902651E-005
  9.983563442334120E-006
  1.412554115544075E-006
 -2.945307352074563E-006
  1.195432874031358E-003
 -8.651311908531411E-004
  1.114371764445439E-003
 -6.095781238695669E-005
  4.707815321166225E-006
 -1.332041233431296E-005
 -1.298485678578609E-004
  1.979814183172009E-004
  1.184129135170569E-004
  1.376465441416612E-006
 -7.026572330705358E-007
  1.212319223012702E-006
  7.929812351745259E-007
 -6.320716141070331E-007
  5.670737284071099E-007
  1.234389208054580E-005
  2.439726492984447E-005
  6.840315968468364E-005
  2.545460874629708E-005
  3.860544463813322E-005
 -3.269154821322659E-005
 -2.980493536495320E-005
  1.972874404131890E-005
  4.350326618656115E-006
  6.226605060606291E-005
  9.061599450887815E-005
 -7.364409918973653E-005
 -6.706140063999195E-005
  4.438568140888308E-005
  4.795350033929043E-006
  6.129959610690190E-007
  8.140644765960864E-007
 -6.602292905062371E-007
 -6.247153232068227E-007
  3.912115287079487E-007
  1.171936213780381E-008
  1.575186619997609E-005
  3.126682732150800E-005
 -4.819558072366853E-005
 -4.356994542045985E-006
  3.571984894547812E-005
 -1.139487165793010E-005
 -1.785502558008822E-006
 -3.690294889214959E-006
 -5.827472726622158E-007
  7.994349070369532E-006
 -4.949867179548536E-006
 -2.637841396343065E-006
 -1.866618021661402E-007
  7.183298650727253E-006
  4.250280295713380E-006
 -2.200183792688346E-006
 -6.509514499823705E-006
  7.368035585995147E-006
 -1.036925888910477E-005
  1.816511315940474E-005
 -7.665645828860758E-006
  1.363430340066374E-006
 -1.643037193433286E-006
  1.069124955884819E-005
 -2.438924005695290E-006
 -1.073302232478065E-007
  5.587441984842249E-005
  4.728524426529991E-004
 -4.605300883592233E-006
  5.381086405597444E-005
 -8.896941202642628E-008
 -9.929240351075584E-008
  4.033672752218480E-005
 -5.909676082770620E-004
 -4.329196433161203E-004
 -5.808111750941009E-004
 -2.340927750360413E-006
 -9.808346639332437E-006
  8.246493946436510E-006
  2.057160991795057E-005
 -4.902475013573795E-005
 -2.261583052460188E-005
 -5.443899916190078E-007
 -5.556938447111424E-007
 -3.195857332829469E-007
 -2.601192237444318E-007
 -1.655204636562421E-007
 -1.982886090035826E-007
  6.146203448063589E-006
 -3.906621150909310E-005
 -4.304082538592772E-005
  2.564602462899551E-006
  7.693017499184914E-006
 -9.125760105398902E-006
  7.702924900557857E-007
  1.372716938335002E-006
 -3.334894952955337E-006
  1.138976375273089E-005
  2.445366556865764E-005
 -2.535100580810107E-005
  9.238104270766194E-008
  3.662966354271917E-006
 -1.148214479543855E-005
  7.308366136152218E-008
  3.482940888398803E-007
 -4.250697262484032E-007
  6.472687133272827E-008
  1.326851574200230E-007
 -1.378105326942505E-007
  5.037527311955822E-006
  2.063927997698147E-005
 -4.931727528759780E-006
 -4.389709244310842E-007
 -2.065106542411901E-006
 -4.598556387524738E-006
 -6.508709914993671E-007
 -2.397134461842112E-006
  6.284570168893923E-007
  2.085795629034281E-006
  1.550827516688503E-006
 -1.331826545361799E-007
  4.053222054523940E-007
  9.604059303390646E-007
  1.181167845484930E-006
 -5.296209824094855E-007
 -1.466460800553899E-006
 -2.840129053738393E-006
  2.425957901586709E-006
  9.036592449135332E-007
  3.301652143425980E-006
  3.495723156748163E-006
  2.730119004746411E-007
 -1.425660092821762E-006
  2.021093352314470E-006
 -3.334326029216488E-007
 -4.100464023875222E-004
  1.028156322387110E-005
  9.638357578187431E-006
 -1.652200855296876E-005
 -4.395572058525153E-006
 -1.096797024209183E-005
  1.529516803377958E-006
 -1.621702473718513E-005
 -3.080316534627133E-005
  4.803382730770966E-006
 -8.635938773021093E-006
 -1.908002562540540E-005
  9.300421432596748E-007
  1.737864938944595E-006
  1.475299798974330E-006
 -2.969617150841485E-007
 -1.675494152621958E-006
  5.619093598509806E-006
 -6.237078632263680E-008
  5.822300059569811E-006
 -5.001204634506036E-007
  2.891654158937647E-006
 -5.457817976122457E-006
  3.805610011474411E-006
 -3.644820834473537E-007
 -1.765501646042532E-003
  6.333353182520991E-004
  5.650317962063001E-004
 -3.507374604466767E-005
 -5.285584544062823E-006
  2.757053667874266E-005
  5.782706198515293E-005
  2.367128742578565E-005
 -2.066670357971424E-005
  5.664714967546557E-005
 -3.087644057031137E-005
  2.425452703164785E-005
  3.698112114349637E-005
  3.593554562060003E-006
  1.687733006934941E-006
  1.937057839715021E-006
  1.932975433566902E-007
 -7.865459997922210E-006
 -3.786852105416694E-006
  1.685614905157059E-006
 -1.526250956217845E-006
 -9.521641162404088E-006
  3.423188013638081E-006
  7.782620457170184E-006
 -5.108802918795140E-006
 -2.875428081090937E-003
  6.959042947653612E-004
  1.253439878515364E-003
  2.518004621243662E-005
 -2.400569997523633E-005
  3.828940548024396E-005
 -4.504782268546716E-005
  1.571544821839994E-005
  2.966619952023030E-006
 -2.497264389279521E-005
  5.637912499919345E-005
 -9.381451669852523E-005
  5.069912347418756E-005
  2.724768637881916E-006
  6.682611917882299E-006
 -4.250887868529349E-006
 -2.819377272197529E-006
  7.260138468108092E-006
 -2.033850258590063E-006
  3.832545942116712E-004
 -4.899768972268770E-006
  3.215152097639684E-004
 -1.598208393302519E-006
 -4.371651239179820E-007
  1.274288073973682E-004
 -5.838467688763984E-004
  8.686787893418628E-004
  2.721170729082842E-003
  4.140810330770594E-005
  5.850433155187628E-007
 -4.194076998954677E-005
  1.344690803417512E-004
  3.774739172774231E-005
  2.335261086187646E-004
 -3.805882296085580E-007
  9.203464408966322E-007
  3.453509235566685E-006
 -3.691731668272596E-007
  5.908588985422139E-007
  1.288922606148785E-006
  1.605699065338439E-005
  1.635843672176389E-005
  1.564931556461421E-004
 -7.719167861885926E-006
 -4.387792581841855E-005
 -3.260082344720400E-005
  1.456580362840182E-005
  3.181662243251382E-005
 -6.846635766515900E-006
 -8.987730056800836E-006
 -1.219890449860507E-004
 -7.967045859844827E-005
  2.636075931018179E-005
  5.988349813454285E-005
 -1.737302925338096E-005
 -2.006960451199103E-007
 -9.396426433321758E-007
 -6.975885037985388E-007
  2.868718700713836E-007
  6.269518583730878E-007
 -8.617582495147337E-008
 -4.094466678969545E-006
 -1.173952866327752E-004
 -1.275110248130856E-004
  2.107272165650238E-005
  9.941086087924563E-005
 -1.697825497753283E-005
 -3.974945276194055E-007
 -2.223990451105229E-006
  2.842892903849520E-006
 -4.676289838188396E-006
 -7.075353170256195E-006
  5.868773421046613E-006
  1.711110515037741E-006
  1.239708769722267E-005
 -2.909341094007994E-006
 -5.079993533690730E-006
  5.784559388954668E-007
 -1.385629681222025E-005
 -5.204718284125381E-006
 -1.278989383832049E-005
  2.819071333028978E-006
  1.105452602163409E-005
  4.475886421758253E-006
  1.146407907673373E-005
  4.286375469454900E-007
 -2.086453597536118E-006
  6.740927221425371E-006
 -1.413289046775449E-004
  3.709175742849089E-006
  5.203036725181942E-005
  1.066751095464845E-006
  3.963046323136598E-007
  1.562734377227613E-004
  6.274670845825112E-004
 -4.121340804789499E-004
 -5.555224388835382E-004
  6.433406465295357E-006
  3.805216616390840E-006
 -9.413459459980546E-007
  5.669231372621293E-005
 -3.735226453900981E-005
 -1.160304117694709E-004
  7.206543841866197E-007
 -1.847063573164394E-007
 -6.948179545217823E-008
  2.756227391016858E-007
 -1.325272619737689E-007
 -1.542588141094658E-007
  2.675459755696612E-005
 -4.007929327291392E-005
 -9.535234366754405E-005
 -3.689475568824480E-006
 -3.510630398834686E-006
 -9.522825037392727E-006
  3.215554348341280E-006
  3.008188617549362E-007
  4.739212204831998E-007
 -1.541208175590968E-005
 -1.185214495697375E-005
 -3.054878908399144E-005
  1.168332183608690E-005
  1.429795502667697E-006
  3.728759919822784E-006
 -1.574287941147792E-007
 -1.421693549889086E-007
 -4.357726656829463E-007
  1.325177375974622E-007
  5.713380805199838E-009
  2.491105651731698E-008
 -1.634559479651824E-005
 -8.212747866586386E-006
 -2.308569882842469E-006
  7.978044718038953E-006
 -1.110081563719409E-005
  8.367550078479287E-006
  1.650143461946902E-006
  4.002192674441819E-007
  3.700612751753020E-006
 -1.443787658275988E-006
 -8.884131065613675E-007
 -3.506642727564719E-006
 -3.467034778439440E-007
  1.712317065924138E-007
  6.398911660876503E-007
 -1.290614819448478E-006
  2.497983549385473E-006
  5.704559554713479E-007
 -9.017774902396622E-007
 -2.281255950376077E-006
  1.839417644492617E-006
 -5.212694697780342E-006
 -1.229174325046585E-007
 -1.450862563069574E-007
 -2.017036579573723E-007
  3.489545821822066E-007
 -1.116544457071140E-004
 -3.213804820060248E-005
 -1.522237819951438E-004
 -3.996701927494926E-005
  4.597196270574251E-006
 -6.343083433559828E-006
 -6.172205374544051E-006
  1.453463423690566E-005
 -1.407860156907002E-005
 -1.876426172001903E-005
  1.593403528562156E-005
 -1.373708609819411E-005
  8.215182750391863E-008
 -1.101166507456514E-006
  2.426740252276071E-006
 -2.369997436671203E-006
 -1.001181359535613E-006
  4.619279318321510E-007
  2.102347866992127E-006
 -1.571697583098973E-007
 -3.127429904518564E-007
 -6.255841199080233E-006
 -2.000730931923521E-006
 -3.909144643767147E-006
  2.157900690233418E-006
  2.509083340990557E-003
 -4.371098161326477E-004
 -1.452677080395153E-003
 -7.592901802103770E-005
  1.801869525756034E-005
 -4.722251787526078E-005
  6.372293840603036E-006
 -5.405014209915116E-006
 -3.506736487831946E-005
  4.276932708262427E-005
 -8.629982447751471E-005
  1.842229209066364E-004
  1.042617437099709E-004
 -1.167231425188207E-006
 -7.713276487599306E-006
  6.851517234055913E-007
  7.629910617875480E-006
  4.345422655952606E-007
 -6.462679192687273E-006
  3.333606794973316E-006
  1.201360847236043E-005
 -5.959082110196625E-006
 -6.087018040066441E-006
  6.067294129344800E-006
  2.753411245093124E-006
 -2.927570060468970E-004
 -2.586722614764802E-004
  2.877210708066511E-004
  5.262432203870887E-005
 -9.595049661473270E-006
  2.105863082436700E-005
  4.584212068141763E-005
 -2.709816416684209E-005
  4.647507479522008E-005
  5.804786496478332E-005
  7.291473819784108E-005
 -1.109635238095671E-004
  9.181354892355982E-005
 -3.101083426723609E-006
  5.966952608789777E-006
  9.569357927226355E-007
 -5.050931078765087E-006
  9.460863431561347E-008
  8.152014505488696E-006
  2.177345762447912E-004
 -1.695029709742023E-003
  1.805222508783293E-006
  2.951653016307910E-004
  1.418566877444875E-005
  2.324107891149483E-006
 -3.300474924855201E-005
 -2.484034038966425E-004
 -8.423423104453635E-004
 -4.837139377420994E-004
  9.861142660875873E-005
 -5.694549309890545E-006
  1.934980684074699E-005
  1.608809755767989E-004
  4.371205438067613E-004
 -2.373636760868926E-004
  3.986083932294611E-007
 -1.200151298094727E-006
 -3.330749893758936E-007
 -2.254211527984701E-007
 -6.708994662827706E-007
 -6.411961045005178E-008
  8.933496440496754E-006
  5.303416405014626E-005
 -1.025651059242971E-004
 -6.092853556805368E-006
 -2.104290740752663E-005
  5.407117376112035E-005
 -8.095807546000344E-006
 -6.884045288920543E-006
  1.418866110280571E-005
  2.680728281389377E-005
 -5.506536382524556E-005
  1.124209918415709E-004
 -3.996094170750571E-005
  9.851385598134678E-006
  1.315365889361194E-005
 -1.210220042039364E-007
 -3.989915822021985E-007
  1.068520676709623E-006
 -1.130834109575189E-007
 -1.354063712928880E-007
  2.341054151614552E-007
  3.302310269289011E-005
  9.462358164797867E-006
  7.852243160786982E-005
 -3.590236216745657E-005
 -9.787962918959924E-005
  2.879259474566459E-006
 -2.192136529230057E-006
 -1.352133620100813E-005
  1.278930644647900E-005
  6.587083416706641E-006
  1.029761494425562E-005
 -1.067382901646843E-008
  2.572393125123923E-006
 -4.461935011406856E-006
  5.804156825636363E-006
 -2.775790478357382E-006
  2.036719979448647E-006
  2.721350175916446E-006
  1.409271472322225E-006
  5.378568162732792E-006
  2.872980284383331E-005
 -1.148872810107873E-005
 -2.653451041617052E-006
  1.474689909783804E-005
  5.239002948934710E-006
 -5.385390190053423E-006
 -7.404045658427251E-005
 -1.857405551031833E-003
  2.396171326041705E-005
 -9.900674188279607E-004
 -7.507225727261682E-006
  1.541571638151926E-007
 -4.903213148982995E-004
  1.118698132331228E-003
 -2.927079750886647E-003
  3.541963616455611E-003
 -1.008447008230500E-005
  4.305053412719822E-005
 -6.854267824956894E-005
 -2.483907875874506E-004
  1.706388713962133E-004
 -3.032224456193974E-004
  1.083408790583417E-006
 -2.062124650866745E-006
  2.159531736561830E-006
  6.828126027443531E-007
 -1.220272389973623E-006
  1.481796932026163E-006
 -2.216990221895228E-006
 -7.930541397167119E-005
  1.105508860517401E-004
 -1.897787125402098E-005
 -7.506321393205469E-006
  2.181227133497540E-005
  1.397816405112483E-006
 -4.287055689810956E-005
  1.758005484890850E-005
 -7.076030659468656E-005
  1.181053593428175E-005
  1.025059566880984E-005
  2.013554528335067E-005
 -9.126650507960108E-005
  5.062476131133589E-005
 -8.474379747487579E-007
 -3.804795293986338E-007
  1.011036522692321E-006
  2.580134138244101E-008
 -2.101957036491224E-006
  8.216366333663169E-007
 -1.820201895472258E-005
  4.901862495683582E-005
 -4.002991853053093E-005
  1.426004903682613E-005
  1.374551160397715E-005
  3.941969917896452E-006
  1.505369841063300E-006
 -4.093095201569415E-006
  2.538444364863989E-006
 -4.014409425054463E-006
 -8.044228678856297E-006
 -5.017000981354375E-007
  3.530956523256274E-006
  1.638582805819164E-006
 -6.499774368199406E-006
 -1.392342390227717E-006
  5.424316036521923E-006
  4.708506696237705E-006
 -7.704755755667582E-006
 -6.324600577927631E-006
  9.662541215521611E-006
 -9.948347531638140E-006
  4.403873532356486E-007
  5.646957192286239E-006
 -6.029668755944650E-006
  6.859328544604480E-007
  3.914553801780145E-003
 -1.978471354572388E-004
 -1.022016272367121E-003
  7.870988273970595E-006
 -4.533464328359760E-005
  3.690807680464587E-005
 -6.615914324323658E-005
 -1.159784328879462E-004
  1.148958495566013E-004
 -1.996373967533900E-004
  1.840947774817456E-005
 -1.712907298839146E-005
  1.301168826973828E-005
 -6.244048335781138E-006
 -1.419966559691272E-005
  2.372141480265687E-005
 -4.168456755266764E-006
 -2.925406228430587E-005
  1.041250509104790E-005
 -7.599393198213770E-006
  4.014997393187549E-006
  3.616816091822643E-006
  3.048539029042212E-006
 -2.919367623049772E-006
  4.550854169171558E-006
 -1.651823370439490E-003
  3.732802501830485E-004
  6.482246115723021E-004
  4.490112452249154E-005
 -2.002100059326881E-005
  3.100069495913022E-005
  1.452731719656317E-005
 -1.194316834041228E-005
  2.902309854965641E-005
 -1.676810520867193E-005
  3.877369153533970E-005
 -3.852098150764274E-005
 -2.057113424902751E-006
 -5.153946708944724E-007
  8.550825175754801E-006
  3.168498256736859E-006
 -2.537164673462531E-006
 -3.081992813363005E-006
  3.052559344357003E-006
 -5.698054234731853E-006
 -1.157331326316585E-005
 -2.378223259331936E-005
  1.285399755291845E-005
 -8.377100537972270E-007
 -7.155943318186602E-006
 -6.899591785565547E-004
  3.918549363924666E-004
  2.187399270024890E-004
 -6.734972737878741E-005
 -1.825492775163553E-005
  6.861858755119176E-006
 -3.391410118258365E-005
  3.158581765526511E-005
 -1.192834823751933E-005
 -1.668673199275179E-005
 -5.160094197771414E-006
  6.495668229987924E-005
 -3.744394042948054E-005
  6.359936895320751E-007
  4.407340525650334E-006
 -4.487367150798147E-006
  1.587880901140146E-006
  1.622517288044464E-006
 -2.223874590672221E-006
  2.228933423723274E-005
 -3.258449025541392E-004
 -1.250411782779755E-004
  1.183109387610951E-005
 -1.053644529916450E-003
 -1.266225744287516E-005
 -9.264073378603008E-007
 -3.274983680417279E-004
 -1.328987034909240E-003
  3.520721688688323E-003
 -7.513373569027663E-003
 -4.874986432766325E-005
 -4.736074058683954E-005
  1.299575822629447E-004
  2.607843126554630E-005
 -1.340542298530624E-003
 -6.423918322611564E-004
 -2.091881641256553E-006
  4.964393612270316E-006
 -1.003702353341114E-005
 -9.427208229715901E-007
  2.298676216562454E-006
 -3.661777929690969E-006
 -6.574440504060464E-005
 -1.756325481248181E-004
 -3.967999167598779E-004
 -4.463511546718320E-005
  1.995926459096410E-005
  6.247770945587319E-005
  3.722769220948030E-005
 -1.596853773526189E-004
  7.407423257702897E-006
 -1.726128807496024E-004
  9.874325270216812E-005
  1.538241580153106E-004
  1.092907991157145E-004
 -3.634361309834101E-004
  6.332208163388796E-005
 -9.107401436452725E-007
  2.188564639226540E-007
  1.414744403448320E-006
  8.060175800460494E-007
 -3.172658074564549E-006
  1.047225635992231E-007
 -4.837219228227925E-005
  4.470097467165230E-005
  2.462892600173926E-004
 -2.657910122873712E-005
 -2.166400999397313E-004
  7.495129351101638E-005
 -1.263529551636836E-006
  3.446557951464495E-005
 -1.892284950273900E-005
  2.270197097209574E-006
  2.352968373733551E-005
  1.520391557700935E-006
 -4.766610654965502E-006
 -2.830793697817465E-005
 -2.016574754974844E-005
  1.574359549363788E-005
  2.003224541256590E-006
 -1.549046496530868E-006
  3.561804002493941E-005
  4.215287916992829E-007
 -1.513631566856110E-005
 -6.431202415469053E-006
  1.533708781780723E-006
 -5.227279923615280E-005
 -3.052079848811302E-006
  5.551586403737799E-006
  4.575499661939928E-005
  1.337560397085828E-003
 -4.492748242269281E-006
  1.675335243257841E-003
  9.461811307513389E-006
  6.382269292810187E-007
  3.316241754799620E-004
  4.054784258647054E-004
  7.980899666380034E-003
 -2.401249002829572E-003
  3.044887448918669E-005
 -3.941530022724090E-005
  8.831753623356100E-005
 -3.740855113201807E-006
 -9.460055306416288E-005
  8.280562522807352E-004
  1.232707260372918E-006
  6.683011152917764E-006
 -1.793828704374456E-006
  1.719275721875526E-008
  3.187147071967504E-006
 -1.329432070981733E-006
 -5.556904721207511E-005
  3.460823880090798E-004
  1.824824357199198E-004
  1.398889758990074E-005
 -2.212024437945451E-005
  2.123262346156906E-005
 -6.567124183658675E-006
  6.632743655442190E-005
 -7.421773406242066E-006
  5.444748112349792E-005
 -1.231545859438065E-004
  1.476245275391724E-004
 -3.871439584482527E-005
  1.316689625916475E-004
 -1.573308527867265E-005
  7.048045933821907E-007
 -9.848035348045635E-007
  1.027614243209564E-006
 -2.912811472420810E-007
  2.920235036053940E-006
 -4.135234461401097E-007
  2.735918725206790E-005
 -1.301380723431699E-004
  7.696927134124310E-005
 -2.955974128288257E-005
 -6.932305254253031E-006
  2.200554030814667E-006
  6.920142792801406E-008
  1.811574497394994E-005
 -1.202876897907174E-005
 -2.816441758325459E-006
  7.263636357615401E-006
  2.608837474541416E-006
 -7.524715417187117E-006
 -8.050453565786926E-006
  4.458401277611416E-006
  6.693074181619556E-006
 -5.918758541831643E-006
  1.037331779585196E-005
 -2.388781646348477E-006
  5.016945163953349E-006
 -3.101289827554244E-005
  1.273933046154158E-005
 -2.547177474420785E-006
 -3.404829512879409E-006
 -2.731785372589605E-006
  1.931203719742629E-006
 -4.476278923447279E-003
  2.923478689546555E-004
  1.738334598764252E-003
  1.049879630184985E-004
  9.233751559722521E-005
  4.657139182922769E-006
  1.089893769182454E-004
  2.740744412464845E-004
 -1.113771169729753E-005
  3.396834859504724E-004
  1.182297734614528E-005
  1.351504517721624E-004
 -1.538599435801013E-006
  7.210912835308275E-007
  1.285643802755141E-005
 -3.827164827562777E-005
  1.743247330670498E-005
  1.859639371732611E-005
 -1.815356459023581E-005
 -1.789311622122584E-005
 -4.869517316810045E-006
 -2.295758374138565E-005
  2.420161192450508E-005
 -7.434061868337780E-006
 -6.308495703279243E-006
  4.591188086526731E-004
 -8.750281638946741E-004
  1.431576520279262E-003
  2.345451781634674E-004
 -6.413466666124385E-007
  1.527510092881352E-005
 -1.666347246399608E-004
 -4.094123994583168E-005
  1.522211717308865E-004
 -2.005730264612175E-004
  3.109793819776975E-004
 -4.280445512596310E-004
 -3.879405575554069E-004
 -4.505412041323948E-006
  3.250171118124524E-006
 -1.181231652569282E-005
 -1.610773322879061E-005
  1.974539382191206E-005
  2.061314527011456E-005
  8.101438099094016E-006
 -1.214673740000951E-005
  7.041391992686665E-005
 -1.978476410497514E-005
 -3.664587784309615E-005
  1.168332600588113E-005
  7.793461785598659E-003
 -1.246264461578117E-003
 -3.770256614419583E-003
 -1.054818775587415E-004
  9.815355331786857E-005
 -1.186012520991336E-004
  4.458289842690745E-005
 -1.810001672869590E-005
 -6.307587155108060E-005
 -5.420806186558624E-006
 -3.098007763849481E-004
  3.849323108081461E-004
 -2.642746721613821E-004
  8.291073498842851E-007
 -3.131377038266008E-005
  1.422941750787970E-005
  1.190913187211748E-005
 -1.601473144792445E-005
 -1.273823922200176E-005
 -2.789649461311904E-005
  1.170791118294618E-004
 -1.208862322222089E-004
 -3.535357794876680E-003
  2.301913847185944E-005
  4.183748115022760E-005
  2.125704085440812E-005
  3.349270668102856E-006
 -1.140008550553877E-004
 -8.543746230628915E-004
  4.293948151691118E-004
 -2.946213169071366E-003
  4.136725506964725E-005
 -5.545010638936610E-005
  7.101155051278240E-005
  1.565233165226548E-004
  4.282550731228742E-004
  4.085068002067084E-005
 -3.749486129221421E-007
  4.473045092625521E-007
 -4.387182085061793E-006
 -7.003812758495454E-007
  6.642921290834991E-008
 -1.409663770582597E-006
 -2.132819888319898E-005
  7.381319655918917E-005
 -7.465046175437329E-005
 -3.235511572077939E-005
 -3.076436538438463E-005
 -1.784429524978376E-005
 -2.167811855224650E-006
 -6.558122423358359E-005
  3.452292757600404E-005
 -6.127956450050477E-005
 -6.798850624001033E-005
 -4.095863247866475E-005
 -1.172150272945836E-005
 -1.453089948436370E-004
  7.300106722996313E-005
 -5.847991420031145E-007
 -6.791930956800777E-007
 -2.434020432240383E-007
  4.430180882920194E-008
 -1.294957626565518E-006
  5.404973331739126E-007
 -2.135594885230733E-005
  1.328864091359064E-005
  4.994002914741772E-005
  1.277985724675559E-005
 -1.297591623148322E-004
  8.576091605551744E-006
 -8.503438077456250E-006
 -1.009006086150914E-005
 -1.802574156016710E-005
  1.444377661335268E-005
  1.615128250157847E-005
  1.106653761901607E-005
  2.999778354487395E-006
 -3.528336047438189E-006
  1.090725798046958E-006
  7.184692535868429E-006
 -5.156364702372888E-006
 -5.722927739951100E-006
  3.369825193469376E-007
  5.625069979933667E-006
  2.244582877537062E-006
  9.844024127184995E-006
 -1.174312477785222E-006
 -4.811776274315773E-007
  9.245865173306766E-006
  4.806503602821320E-008
 -2.945652326118932E-005
 -1.929000216366547E-003
  1.748737986938630E-005
  9.401076878300650E-004
  1.124973624797804E-005
  3.006903412239912E-006
  3.798656651940558E-005
  1.662757700263512E-003
 -8.513985712224828E-004
 -4.177477479258040E-003
  5.827817810069736E-005
 -2.776779299280641E-005
  2.262443669724872E-005
 -5.940696933240888E-005
 -3.385139941720540E-004
  2.981401256544131E-004
  3.178943345696293E-006
 -1.462778034100178E-006
 -3.164411032163815E-006
  7.881001138080669E-007
 -1.482580999936689E-007
 -1.805429100023357E-006
  2.339896246609043E-005
 -9.405872906936673E-005
 -8.506363496469687E-005
 -7.736065077192497E-006
 -1.053396850190340E-007
  2.095352440158589E-005
  1.712774507462069E-005
  2.210942377657453E-005
 -9.391679997428192E-006
 -3.506152719808235E-005
 -2.090706073575018E-005
  1.096333309950411E-004
  4.479332994037564E-005
  2.945519788143140E-005
 -9.731802742293287E-006
 -2.137273482353807E-007
 -7.544672116365076E-008
  1.107994770197656E-006
  6.039463572784479E-007
  7.509057349215268E-007
 -3.902190090430672E-007
 -2.889301620656000E-005
  3.274067046405917E-005
  4.784651015109215E-005
  1.528850700881469E-005
 -3.851149340100070E-005
  1.360450919774531E-005
  5.013538021350935E-006
 -1.386660667690318E-006
 -1.164267692640804E-005
 -5.430999937895010E-006
 -1.973955172790060E-006
 -9.609614126157796E-006
 -1.958473732456110E-006
  6.503783061587895E-006
  7.262081865058649E-006
  1.712964621606716E-006
  3.333354702950856E-006
  2.737097556246291E-006
 -1.861974715015569E-005
 -7.996602605692415E-006
 -7.695268529561663E-006
 -2.003461503160152E-006
 -6.157025489352034E-007
  3.358063950700796E-006
 -8.899899094406802E-007
  5.087227733151631E-006
 -2.452275931843059E-003
  2.571467929691290E-004
  9.910851468445793E-004
  2.504959674846547E-005
  6.662289335257361E-005
 -6.033552030979394E-005
  2.708159145583066E-005
  2.054157125392847E-004
 -1.495724971168063E-004
  6.053412551487721E-005
  5.557929645718631E-006
 -1.594111663888773E-005
 -6.236945358782939E-005
 -3.798024470801818E-006
  2.192291222188269E-005
 -2.080194183994361E-005
 -2.047249246922983E-006
  1.761501069002443E-005
  5.845273717724801E-006
 -1.458400580154234E-005
  2.370064275230885E-005
 -2.478497628384904E-005
 -4.059784366691553E-006
  6.234370543410620E-006
  1.864379016823390E-005
 -1.884931169325568E-003
  2.823112925234414E-004
  6.742329387411843E-004
  7.381322987222853E-006
 -3.148164809841359E-005
  4.895904480552222E-005
 -2.127196192370508E-005
 -1.856979662276938E-005
  6.275844162241177E-005
 -5.379965865912996E-005
  6.992387027101221E-005
 -9.162429605481798E-005
 -1.749557819503699E-005
 -1.629543141326688E-006
  1.369571999487400E-005
  1.870824265350689E-007
 -6.304082134296464E-006
  1.838346525861138E-006
  7.933625275623152E-006
  2.227351764488810E-005
 -3.670326544434468E-005
  3.251307354687515E-006
  3.218402357875793E-007
  8.366571824342293E-006
 -2.259535788067568E-005
  8.790346132163436E-004
  2.125383930760039E-004
 -4.092411590037377E-004
 -5.031710340664402E-005
  6.287351530066223E-006
 -1.559022378332077E-005
 -2.909229257261288E-005
  1.064969770319452E-005
 -1.256561834401650E-005
 -3.214053457167817E-006
 -1.173047767704451E-004
  1.339041395595639E-004
 -1.372979356897534E-005
  1.291076836862866E-006
 -4.779117008461531E-006
 -1.243411744309721E-006
  3.597637329925543E-006
  1.150920008312016E-006
 -4.888714166788409E-006
 -1.715873824440880E-006
  2.453447979177041E-005
  3.410809984964780E-005
 -1.553127287264205E-004
 -2.421253830872192E-004
 -5.534911252017705E-006
  3.382881856064655E-004
  9.930348991294093E-006
  9.019140524288278E-007
  1.122028097279033E-004
 -2.424539713730574E-004
 -1.317066301660374E-003
  1.885779613591061E-003
 -6.464327086432827E-006
  1.281636279407037E-005
 -3.240097459510444E-005
  6.722800355525341E-005
 -8.411025515867279E-005
  2.349509168083445E-004
 -8.172846391146093E-008
 -1.366987307150301E-006
  2.269110305898414E-006
 -1.131242550639222E-007
 -7.717842280194100E-007
  8.315007123393212E-007
  4.091320315639533E-006
 -2.604306173359919E-005
  1.612928848373887E-004
 -6.089389353634220E-006
  5.014537904859658E-005
 -4.497393699199217E-005
 -1.644475411930806E-006
  5.292862773161934E-005
  7.733864765565026E-006
 -1.393916993370017E-005
  1.336420936254214E-004
 -9.774135140669154E-005
  4.620356825666209E-006
  1.179271390641257E-004
  9.318813108033964E-006
 -1.257005151396609E-007
  1.067578637192694E-006
 -9.131134661705070E-007
 -2.690662962218408E-008
  1.062688778469841E-006
  1.526071447618449E-007
 -2.191159600034051E-005
  7.019023623983263E-005
 -9.104340900844812E-005
  4.254839006571209E-005
  1.428681361496821E-004
 -2.063679406537159E-005
 -4.502984161531037E-006
  3.667192129796129E-006
 -3.267647233632562E-006
  8.045192328172489E-006
 -1.410017175720949E-005
  5.463760156420620E-006
 -2.453393114117739E-006
  8.790177074481772E-006
  3.692987212557087E-006
 -1.840843280283070E-006
 -7.886601546778219E-006
  6.696873493079332E-006
 -1.833701252079276E-006
  9.952195430530346E-006
 -3.685787835796791E-005
  1.370760920980431E-005
 -9.392967902259935E-007
 -3.683381139937944E-006
 -3.878983122401351E-006
  1.839027464005740E-006
 -8.748641859352380E-005
 -1.877672377890093E-004
 -2.156258034374644E-007
  6.056785855331532E-004
  6.930293527835165E-006
  1.248555245334718E-006
  3.581319683111168E-004
  3.799271589378041E-004
  1.487346900212078E-003
 -2.247779009266038E-003
  2.731210313828778E-005
 -2.202394856924948E-005
  2.927165510290213E-005
  1.468267510963276E-004
 -8.984068439726931E-005
  1.047257679493584E-004
  9.422834317253463E-007
  7.515129072975075E-007
 -1.130337355908353E-006
  1.205891776535819E-007
  6.284723625813420E-007
 -9.340887880229089E-007
  3.004051476949766E-005
  3.141034229308388E-005
 -1.193046150440409E-004
  1.722011725337269E-006
  7.808087809397007E-006
 -1.488922361726068E-005
  4.547437978180366E-006
  2.523942090130357E-005
 -6.269449703517635E-006
  2.856601369852771E-006
  7.788872402957889E-006
 -1.786859029359835E-005
  9.380580269516477E-006
  5.415181844326920E-005
 -1.223718163936925E-005
  1.135445166671806E-007
  3.515207217504563E-007
 -6.582378867398169E-007
  1.835888973732859E-007
  1.122139248983549E-006
 -2.971334140404665E-007
 -1.222567517571249E-005
 -1.234948441283803E-005
  1.842333661934383E-005
  1.504000082801970E-006
 -1.620553701019812E-005
  1.072167509291052E-005
  2.559774144111422E-006
 -1.295980432746858E-007
  6.261621750831801E-007
 -2.551645191048810E-006
  4.035593414326892E-006
 -5.127677241285457E-006
 -1.710779758709137E-006
 -1.170880027787595E-006
  5.261937319402096E-006
  1.815726175681382E-007
  1.225591998138010E-006
  8.413390621307320E-007
 -4.663480555146736E-007
 -2.328179974368903E-006
 -9.146675589516163E-007
 -1.348596020045126E-006
 -7.691836108886735E-007
 -1.777603293204426E-006
  1.466211770535289E-006
  7.479837829063665E-007
 -2.430347555375003E-003
  1.940466766890419E-004
  5.290941071032186E-004
 -3.301993894074987E-005
  3.760457897150962E-005
 -2.544331306854500E-005
  3.884678743134577E-005
  9.159074230224823E-005
 -6.213990468844033E-005
  9.045568986401388E-005
  1.189148581430365E-005
 -2.766958380294999E-006
 -1.356795817719212E-006
  1.224276436005737E-006
  1.165593238811194E-005
 -1.778880269049945E-005
  2.363363092510960E-006
  1.500684824051272E-005
 -3.587639528516696E-006
  1.650451334409839E-006
  4.452883062108163E-006
 -9.966928706641164E-006
 -2.627212191113737E-006
 -2.311405228985588E-006
  9.767608567038984E-007
 -5.681982001425908E-004
  3.983598911732813E-004
  1.878337853469750E-004
 -7.516080354359939E-005
 -1.426648766574554E-006
 -1.510675481471217E-006
  5.657560109881527E-005
  1.275314553561623E-005
 -5.649256852021413E-005
  7.509953473947969E-005
 -7.891350982516971E-005
  3.708687354766751E-005
  4.024417260214963E-005
  1.379918010221845E-006
  6.217357590073609E-008
  2.996933047429358E-006
  5.129459271702943E-006
 -6.699801265485556E-006
 -6.509377281924788E-006
  5.389218887084263E-006
  5.366251556967816E-006
 -3.120139728799512E-008
 -1.848203586804926E-006
  1.402292915320757E-005
 -3.541015300279338E-006
 -2.706100038627961E-003
  4.556557216638958E-004
  1.168031532466452E-003
  8.265276601664159E-005
 -2.645298792590441E-005
  3.132637721328896E-005
 -2.127415830585370E-005
 -2.518460723772580E-005
 -1.023350644607990E-005
 -1.112992806848189E-005
  7.638993572265615E-005
 -1.663215079976915E-004
  6.655864424623355E-005
 -7.786681646812825E-007
  8.030985936106495E-006
 -4.711460574881506E-006
 -1.914090459838510E-006
  4.608151540467484E-006
  2.692758624519793E-006
 -7.267424438914343E-006
 -4.694552854356675E-006
  3.403477740709404E-006
  1.100540269226497E-005
  4.476979601953542E-005
  4.404907068833295E-003
 -1.159347967674214E-005
 -3.483658089331727E-004
 -3.733761022397911E-005
 -5.821024700202648E-006
  9.354320559383714E-005
  7.790083408220206E-004
  7.924164042709798E-004
  9.012989149906555E-004
 -1.332547446784906E-004
  1.404702179400113E-005
 -4.477328150111086E-005
 -3.859174189492146E-004
  8.667781909857500E-005
  5.257488632183717E-004
 -3.945143440027036E-007
  3.995032083757222E-007
  9.549956117498065E-007
  6.152513759159189E-007
  6.914296926950890E-007
  1.479762827392804E-007
 -5.183363550787520E-006
  3.565896538029899E-005
  1.645624169525043E-004
  2.589585740653537E-005
 -3.979893677718196E-005
 -7.005380531531448E-005
  1.026210206560415E-005
  2.324564429582205E-005
 -3.615795947213952E-005
  1.539052249056188E-005
 -1.231526095599006E-004
 -1.460266389182610E-004
  4.581450213057522E-005
  9.841598303638962E-006
 -6.120502462113710E-005
  4.880032648842643E-007
 -7.912890057786828E-007
 -1.410452590512746E-006
  1.040079876052314E-007
  4.517347387066560E-007
 -5.920112524894956E-007
 -3.535773774792179E-005
 -6.868887667083130E-005
 -1.121108246704489E-004
  5.250450623781384E-005
  9.249758574999275E-005
 -1.714676848989204E-005
  1.089842898347300E-005
  1.231126569531194E-006
 -1.775468892785821E-005
 -2.694068739146225E-005
 -1.168995120542224E-005
 -5.754599558956737E-006
  4.079638343918625E-007
  4.848476879204947E-006
 -2.455018072706781E-006
  4.302070682884420E-006
  7.350573679441432E-006
 -1.089875704804197E-005
 -1.532493112394801E-005
 -3.152574770129617E-005
 -6.883607841043466E-006
  9.474026662971872E-006
  3.715844525762499E-006
 -7.580309781297288E-006
 -2.487765292455264E-007
  7.635080301748433E-006
  1.181771260657762E-004
  2.680571185155048E-003
 -4.259599810633136E-005
  4.288050408368335E-004
  3.392081427964768E-006
 -1.772172725481708E-006
  3.249675110212172E-004
 -2.527360418599448E-003
 -1.014151272778673E-003
 -3.946978180248783E-003
 -1.839857099366046E-005
 -4.374175334210552E-005
  5.139695876186335E-005
  3.240392609904118E-004
 -2.339294606516550E-004
  1.015904278318536E-004
 -3.391370607174069E-006
 -1.311440519843106E-006
 -2.953950581417537E-006
 -1.354292750808416E-006
 -3.081439912029822E-007
 -1.502280103281310E-006
  1.313956408616277E-007
 -9.437336345841384E-005
 -1.792171370124250E-004
  2.738441446471955E-005
  2.078908929537988E-005
 -2.556823634224770E-005
 -6.210127424464511E-007
  2.018340327412996E-005
 -2.676340172227310E-005
  1.023993875712246E-004
  4.141223687146002E-005
 -3.549322156227309E-005
 -1.950311693856049E-005
  4.311721900964093E-005
 -8.289627063266407E-005
  1.177770287493391E-006
  9.969978642604847E-007
 -1.234874569772907E-006
  1.467735567648811E-008
  1.248847334643394E-006
 -1.192447643169879E-006
  2.935506433191764E-005
  2.753470413763303E-006
  3.200044159542816E-005
 -1.023863304438768E-005
 -9.624745019869905E-006
 -1.911643128752996E-005
 -5.362254399739971E-006
 -3.827951685832276E-006
 -3.867524552137412E-006
  1.141937644400057E-005
  5.892417631921218E-006
  4.667386755219343E-006
 -6.877149598411262E-007
  5.137491951383919E-006
  5.891096565355655E-006
 -4.233224664155025E-007
 -8.306930384948647E-006
 -1.681852954587873E-005
  1.222343927598142E-005
  1.113585829378787E-005
 -3.377512089236880E-006
  1.378493286105807E-005
  1.634722511398306E-006
 -5.370300132492928E-006
  1.191436201168381E-005
 -2.284379714496165E-006
 -2.684260215290778E-003
  4.476630053483665E-005
  6.795337228018935E-004
 -1.201695074060158E-005
  7.136556202514779E-006
 -5.979023186769430E-005
  2.565341669549643E-005
  1.074877372022102E-005
 -1.864283584594759E-004
  1.004985615463790E-004
 -6.398298578447187E-005
 -4.451491818621883E-005
 -4.697965508027370E-005
  9.736193560347098E-006
  1.215427583630508E-005
 -6.827051314885335E-006
 -5.634106806078234E-006
  3.309326583716548E-005
 -4.102086754268864E-006
  1.913530514083418E-005
 -1.249013580800113E-006
  1.544571473764820E-005
 -1.796883180535835E-005
  1.584632998046908E-005
 -1.166473335475823E-006
  3.369548901465486E-003
 -8.264515281246659E-004
 -2.137272489915521E-003
 -1.140470233090848E-004
  2.894471786824772E-005
 -5.925335375223070E-005
 -3.286645421128556E-005
  1.913445071650271E-005
 -6.186404387307760E-005
  8.394522570535145E-006
 -1.388317409983125E-004
  1.985676517939125E-004
  1.526255252677608E-004
 -1.942075338069864E-007
 -1.351476311680106E-005
 -3.300847643970457E-006
  5.265971390758654E-006
  7.019329689980193E-006
 -5.071763856951668E-006
  2.794352639472441E-006
  1.141932912761580E-005
  1.263696001724689E-005
 -9.628343879311511E-006
  6.378715362646437E-006
  6.833991239839069E-006
  1.784888070614647E-003
 -8.596926661882813E-004
 -3.878713237685288E-004
  6.567944013779922E-005
  2.547605912736609E-005
 -1.649260737906875E-005
  6.784353690542967E-005
 -2.211354217163911E-005
  4.495457606258668E-005
  3.441908817603068E-005
  2.938910170861041E-005
 -5.358515051157191E-005
  1.008901694547396E-004
 -1.437625454647507E-006
 -6.612496732621487E-006
  7.064206589956882E-006
 -3.020740167337208E-006
 -3.230955360935522E-006
  4.458365621984715E-006
 -2.072874651830793E-005
  7.704466425411868E-006
 -7.204256224293402E-006
  2.193789389098246E-006
  3.707136557930526E-005
 -6.242184751837078E-005
  1.937155092829242E-003
  3.729688743234413E-006
 -6.334534872372566E-004
 -2.411601776574284E-005
 -3.226021943578311E-006
 -7.919806047935129E-005
  4.908573752696999E-004
  2.159408612105737E-003
 -1.402065675848961E-003
 -9.214709952232591E-005
 -7.121813484179829E-006
  1.305116775435746E-005
 -2.281089791320523E-004
 -3.530102886480885E-004
  2.412759278548146E-006
 -3.168799293180001E-007
  2.567138605245028E-006
 -1.936035316522520E-006
  3.385454078623923E-007
  1.442683694302181E-006
 -7.673811018892694E-007
 -1.302481675613629E-005
 -2.699110231654706E-005
 -5.872777891309157E-005
  1.218224291043959E-005
 -2.910247164106995E-005
 -9.097236769128188E-006
  9.740282957931149E-006
 -4.604458244269880E-005
 -2.192252586837074E-005
 -1.286811288019359E-005
 -7.857672980017589E-005
 -1.467964043487936E-005
  3.534058488183949E-005
 -1.277785246622604E-004
 -2.247247200164590E-005
  2.467225193435972E-007
 -6.685870549904958E-007
 -1.554072105391162E-007
  1.399900405797030E-007
 -9.272824071769528E-007
 -3.867125599233002E-007
 -1.111150669254960E-005
 -7.965259440463050E-005
  1.252097740057829E-005
 -6.646027898255528E-006
 -4.498850696008283E-005
  1.775753459080513E-005
  6.695120690761094E-006
  9.854144071212003E-006
 -9.521659212846439E-006
 -1.463227574487913E-005
  3.802556812953870E-006
 -5.453086327404151E-006
 -1.190000110061844E-007
 -4.328242063074917E-006
 -9.497144038193450E-006
  4.616633758640452E-006
  5.849881567329571E-006
 -9.418223668995778E-006
  4.244297797570520E-007
 -1.533076359326314E-005
  8.128075514134594E-006
 -2.218881108725572E-006
  3.592747831843045E-006
 -1.106351795790010E-005
 -1.360019826533358E-006
  3.546362726047683E-006
  1.615268751777963E-004
  2.045172788820842E-003
 -2.374608745697959E-005
  3.843888332948074E-004
  5.769321994265171E-007
 -1.402712409149911E-006
  1.321893465871827E-004
 -1.498625291269032E-003
  1.439732850674569E-003
 -1.294184607189573E-003
 -1.722763305598278E-005
 -2.102658555794874E-005
  3.927102314666682E-005
  1.015640364911231E-004
 -8.079818699894401E-005
  1.984966776700390E-004
 -2.025692222308764E-006
  1.310611743569237E-006
 -1.029194380653477E-006
 -8.034017803979350E-007
  5.918000273922808E-007
 -5.477081440032544E-007
 -2.782352454760243E-005
  4.789507167858732E-005
  8.753728992300725E-006
  1.725585952868371E-005
 -3.017664161915386E-007
 -6.923047717714727E-006
 -5.945254383292850E-006
  1.763113599680599E-005
 -1.131060514539087E-005
  6.790370522483379E-005
 -1.959940833723964E-005
  7.617994624788507E-006
 -2.951612555286714E-005
  3.711468663633188E-005
 -3.838757967196665E-005
  7.338934580815773E-007
  2.895880764817754E-008
 -3.527986359525042E-007
 -2.093902387557268E-007
  9.798177875076753E-007
 -5.245032193258504E-007
  3.042769413043507E-005
 -3.666914054399778E-005
  2.160658191118711E-005
 -1.576404911962810E-005
  2.460025406220966E-006
 -1.466364501080698E-005
 -4.065143985174723E-006
  4.222693244844100E-006
 -3.164606539947169E-006
  6.566054616103274E-006
  4.008635264529404E-006
  5.629377339420894E-006
 -1.820176764547137E-006
 -4.677027780315690E-007
  1.237837048797311E-006
  1.210769772659579E-006
 -6.649908034659933E-006
 -5.549845758368436E-006
  8.171103811182256E-006
  8.652780552296534E-006
 -8.747873656569995E-006
  1.129694355168327E-005
  3.287962576530247E-007
 -3.869353899081814E-006
  4.563456985409362E-006
 -1.433916637366814E-006
 -1.484206246405142E-003
  3.800458768196938E-006
  4.929221652639020E-004
  2.514895066677928E-005
  7.730064312087969E-006
 -1.146476373610088E-005
  2.731235581189082E-005
  2.438769058569796E-005
 -5.275594486816099E-005
  1.091817068893761E-004
 -3.030096356247821E-005
  1.989603136868646E-005
 -1.165489245201906E-005
  5.019771899775401E-006
  2.543733208800780E-006
 -5.932612112157417E-006
  1.805093662755804E-006
  1.424721404379315E-005
 -6.824865562531205E-006
  5.948941863803931E-006
 -8.467880455295713E-006
  6.350112614818521E-006
 -4.213268379284738E-007
  5.230772852035360E-006
 -5.527615025875457E-006
  2.220021570582080E-003
 -7.716401413563297E-004
 -8.360583969192772E-004
  3.025967902110786E-005
  2.144764935984336E-005
 -2.949001947765901E-005
 -7.110291829537844E-005
 -8.099771952039520E-007
  2.746946997055771E-005
 -5.833142953080777E-005
  4.013981828983000E-005
  1.434107959975229E-006
 -3.818705917724688E-005
 -8.645233393273723E-007
 -8.612998751655538E-006
 -6.165431304166217E-006
 -2.592294598240412E-006
  9.781794078848561E-006
  3.456817937567785E-006
  3.088353476475905E-007
  6.207061706198036E-006
  2.381343399060735E-005
 -1.100579396611353E-005
 -1.318521909941034E-005
  1.069695861846594E-005
  3.396059217184516E-003
 -8.475106580563624E-004
 -1.386771459468941E-003
 -1.530303863785420E-005
  4.470791567753994E-005
 -3.818823596840814E-005
  5.518825948843736E-005
 -6.401210417539312E-006
  2.216185468359923E-005
  2.781666006123367E-005
 -7.122984152488473E-005
  1.013648256978123E-004
 -2.911470381675301E-005
  1.426744751492073E-007
 -1.243832646175683E-005
  9.198827725679653E-006
  3.262095586983650E-007
 -6.230668828511949E-006
 -4.688840338475724E-007
 -1.502190979831840E-005
  3.259104746747572E-005
 -1.687603916268525E-006
 -3.737978253350628E-006
  1.853495712920969E-005
  1.875988805166902E-005
 -8.859580994954052E-003
  0.678306903314770     
 -9.462474154778442E-003
  0.111778140713734     
 -1.486255080649138E-003
 -3.604673251528342E-004
  2.503124133935362E-002
 -0.328734425567293     
 -0.780654714262687     
 -0.295267418066996     
  1.322734414665283E-002
  7.850749315856236E-003
 -8.714462889340969E-004
  1.918071402878898E-002
 -3.371227966154420E-002
 -7.872670268283607E-003
 -3.937961932095357E-004
 -1.010477911169120E-003
 -2.830576336578297E-004
 -1.856095824516349E-004
 -4.402837697709113E-004
 -1.789976045382169E-004
 -6.066870771857202E-003
 -1.431805164842000E-002
 -3.623108641150136E-003
 -6.507034471117508E-003
  1.564040256419091E-002
  9.347147338525697E-003
  5.546070771824617E-003
  1.305174953697578E-002
  9.609636992928922E-004
 -1.566503276832601E-002
  4.593686661156027E-002
  2.404464859372480E-002
  1.642411203272339E-002
  3.483515839133786E-002
 -7.590792643973919E-004
 -1.646869043515786E-004
  3.592137630021861E-004
  1.868568123877838E-004
  1.229046448189878E-004
  2.651081043647223E-004
  4.178225953259081E-005
 -1.125504294981068E-002
  5.656003929521145E-002
  2.316886853861660E-002
  1.281260971414663E-002
  1.790597786546897E-002
 -1.557566764335943E-003
  1.738063287457397E-004
  1.287322521317106E-003
 -9.602444873266962E-005
 -6.166404071058238E-004
 -2.384259051288216E-003
  9.522142086860470E-005
 -1.222388274908645E-003
 -3.331463525797634E-003
  2.379842303408829E-003
  1.142495991510101E-003
  4.557651454410961E-004
  4.967427509670648E-003
  3.321972788005176E-003
 -1.131469387170301E-003
 -9.648238864588791E-003
 -2.358260491529873E-004
 -1.505294345557142E-003
 -6.981790124688953E-003
 -4.515444729992234E-004
  1.219939112227926E-003
 -7.261801120013462E-004
 -8.339659922423845E-002
  1.090644694211841E-003
 -1.437914238701529E-002
 -6.947678565061071E-005
 -1.489641591222821E-005
  2.401067955154705E-002
  0.137724783752679     
  0.164407153191633     
  4.913765709046604E-002
  2.002767011633262E-003
 -4.101666515441693E-004
 -2.146416006695804E-003
  2.134464073846577E-002
  3.024586184330793E-002
  7.836045494146954E-003
  1.121042027215457E-004
  1.547747258390580E-005
 -7.169655604348415E-006
  5.060353132332472E-005
  4.842792455322469E-005
  1.083236220248172E-005
  2.265935400020732E-003
  1.743963142739882E-002
  3.754261927483423E-003
 -2.509562384552419E-004
  2.265325451524657E-003
  1.683227226559003E-003
  1.366708053144062E-005
  6.910602582620671E-004
  2.372891579238013E-004
 -1.847089896421247E-003
  7.432593111943546E-003
  4.743780431592862E-003
  5.509835450591690E-004
  2.205053111729670E-003
  1.296106351362078E-003
 -3.289194236411381E-007
  1.005096781552068E-004
  6.915539511419655E-005
 -6.362091443941906E-006
  1.958616657752099E-005
  6.691010867583044E-006
 -2.424997293990440E-003
 -3.369836742586991E-004
  2.673558514323725E-003
  6.819807326774886E-005
  1.519250940956044E-003
  2.356799220722691E-003
  3.108577204324866E-004
 -8.626273369066521E-004
 -2.246644051290553E-004
 -8.792908291132362E-004
  9.461688646207055E-005
 -5.328233218422362E-005
  1.719769512988216E-004
 -3.184076929405349E-004
  3.466964830101873E-004
  1.810240326898634E-004
  4.572185543197898E-004
  2.785181614172290E-004
 -2.021449951979672E-004
 -4.997828428620199E-004
  9.885795937086887E-005
 -8.718728200973496E-004
 -2.450924057175472E-005
  4.058118389866037E-004
 -2.049904397019649E-004
 -6.788894792954548E-005
 -1.232919862918129E-002
  9.401878617160435E-003
  1.160217507297270E-002
  2.495627975718187E-003
  1.874794643762614E-003
  2.158383629404651E-003
  1.245612068796153E-003
  2.695582548854432E-003
  5.527571926527229E-003
  1.136968180799523E-004
  1.644087969817675E-003
  8.554316227789862E-004
  1.212562071958270E-003
 -1.389649954849455E-004
  2.738591454546483E-004
 -3.736676119282928E-004
  3.769419300302404E-004
 -6.304932536880839E-004
 -2.379769345452949E-004
 -3.476957205019234E-004
  2.064717041113486E-003
  6.849779438122928E-004
  3.455233239266672E-004
 -7.907779462300979E-004
  2.172396575256255E-006
 -0.320402515650122     
  6.550864112804218E-002
  0.215398677295403     
  2.930309014014553E-004
 -4.626330184544948E-003
  1.873131528147146E-003
  3.276523098059770E-003
 -1.325563039756475E-003
 -1.214407360843185E-002
 -7.835197441633203E-004
 -1.038984019132957E-002
 -3.434207391812123E-002
 -1.101798510114231E-002
 -4.593261635354555E-004
  1.770298306392331E-003
  9.141047243625999E-004
  2.358104759815563E-004
 -2.727464299807432E-004
  2.235156875538992E-004
 -1.962138715714808E-003
  8.521803344105596E-005
  9.001105954997049E-004
  2.151843964374062E-003
  1.790453283824447E-003
 -1.897052486592550E-004
 -7.401529267195905E-002
  1.260391053761083E-002
  9.247279684507543E-003
  5.678968598983094E-003
 -2.149125212631152E-003
 -6.951159411774667E-003
 -6.588885601201287E-003
 -4.228662528057694E-003
 -1.958791893892825E-002
 -1.548863854096309E-002
  9.987429537318881E-004
 -4.806578123901224E-003
 -1.449371596009368E-002
 -5.303199959859859E-004
 -1.670795060434240E-004
 -1.202643143909296E-003
  1.796387273475732E-003
 -7.807632679121373E-004
 -1.266067277489747E-003
  1.912716128526885E-006
  2.962147393859789E-004
 -1.085443218377345E-003
  5.941470113657348E-004
  7.405074333413730E-004
 -5.960597274942617E-004
   1.26574340310262     
  1.238379230915606E-002
 -0.175923159769407     
  2.436035951332173E-003
 -2.818388076737016E-002
  4.035103009021586E-004
  9.767232652603528E-005
 -6.658354729533258E-003
  8.097444627056313E-002
  0.190356132399939     
  6.357985816688895E-002
 -3.166020516902281E-003
 -2.017326425423424E-003
  4.376919574301923E-004
 -4.564099240423132E-003
  8.475808317036076E-003
  6.966477960525285E-004
  1.001953774239164E-004
  2.509742905397347E-004
  5.569853721837422E-005
  4.569817560553006E-005
  1.066885756679667E-004
  4.022631758277488E-005
  1.447606066785301E-003
  3.521440383029041E-003
  2.062888223673118E-004
  1.595277554427359E-003
 -3.765286795669626E-003
 -2.112665602407383E-003
 -1.422601385224206E-003
 -3.374576328375446E-003
 -1.726761692031532E-004
  3.879522692883850E-003
 -1.103234962332814E-002
 -5.505517108170785E-003
 -4.213653160335486E-003
 -8.841205298823136E-003
  3.341304674516356E-004
  4.089129155554372E-005
 -8.691558094267479E-005
 -4.200555834747173E-005
 -3.112144330096187E-005
 -6.851740557125672E-005
 -9.769848254581855E-006
  2.821608908052688E-003
 -1.366780120195214E-002
 -5.202318303713445E-003
 -3.286155108280401E-003
 -4.854612215943993E-003
  4.645462002277136E-004
 -5.309004992049753E-005
 -3.237054498947184E-004
  3.806717173681691E-005
  1.919722801004941E-004
  6.356875050700779E-004
 -3.270213033900151E-005
  3.002925575540877E-004
  7.815793592795487E-004
 -5.771722227675446E-004
 -2.732155103387886E-004
 -1.227259009516384E-004
 -1.188280634398390E-003
 -7.959331640081638E-004
  3.550303196450792E-004
  2.417046455193333E-003
  1.314738320983599E-005
  3.584359987552787E-004
  1.728008265440283E-003
  1.129726381325539E-004
 -3.106917004773731E-004
 -1.774144766123473E-004
  2.221303912389724E-002
 -1.889660826578974E-004
  2.675604685490724E-003
 -1.531130804126888E-005
  8.812833329429260E-007
 -6.675289329092025E-003
 -2.924585313341015E-002
 -4.098566613822168E-002
 -4.749744546104233E-003
 -5.266144610689987E-004
  1.621981520888086E-004
  4.382472927581377E-004
 -6.095139608539218E-003
 -7.016082996267739E-003
 -2.010689850034554E-003
 -2.176711684460564E-005
 -2.825101234220102E-006
  4.445028301167474E-006
 -1.007739211441252E-005
 -1.245989511098324E-005
  3.271201447276381E-007
 -5.841526550183819E-004
 -4.190129844553813E-003
 -4.245273573404952E-004
  1.531762719356446E-005
 -6.005400402181039E-004
 -3.135479361130356E-004
 -4.374743595759351E-006
 -2.376505954134592E-004
 -1.094288359780511E-005
  3.032437028218742E-004
 -1.901991605891993E-003
 -9.511489778730755E-004
 -1.167696548179122E-004
 -7.002155214228690E-004
 -1.864740480039621E-004
 -2.294764595294222E-006
 -2.665873902559693E-005
 -1.259264104932016E-005
  1.694556219853638E-006
 -8.005971311835376E-006
  6.002083754405845E-007
  5.615600735754148E-004
  1.250299289034501E-004
 -6.847138159017918E-004
  7.940258249307689E-007
 -3.473435452469731E-004
 -5.623540994003455E-004
 -7.310074470965671E-005
  2.129921917353048E-004
  5.073527806167627E-005
  2.026270108159435E-004
 -4.446724119221675E-005
  1.667522331302664E-005
 -3.774155697112703E-005
  7.587744024451670E-005
 -9.976752082192367E-005
 -4.220423943539766E-005
 -1.066885225958865E-004
 -4.501164931332805E-005
  2.512796551316519E-005
  1.087287340016583E-004
 -2.845652557088191E-005
  2.113368337860013E-004
  5.996053810790645E-006
 -8.775176761155825E-005
  2.702348788095612E-005
  2.087460069946435E-005
  1.196688404060392E-002
 -3.326809522347282E-003
 -5.133171485065694E-003
 -5.105432823421267E-004
 -5.282870425247774E-004
 -3.773614119173998E-004
 -4.599406445829897E-004
 -7.322709684131231E-004
 -1.009491424684729E-003
 -3.364619906929111E-004
 -3.044429406363209E-004
 -1.607389666100291E-004
 -2.301696726127693E-004
  1.167946007851745E-005
 -1.022960007168452E-004
  1.330788616415374E-004
 -8.963805551105375E-005
  7.384817672425279E-005
  7.795859543253630E-005
  4.426918986121605E-005
 -4.959387892369613E-004
 -1.819951969592759E-004
 -5.688851199347416E-005
  1.760467451680319E-004
  1.261932213225811E-005
  6.842263556698558E-002
 -1.412654652583457E-002
 -4.717553915244325E-002
  2.990253058047051E-004
  1.043964640984407E-003
 -2.520937184728236E-004
 -8.127922615432869E-004
  2.883314877691818E-004
  3.206064902373159E-003
  2.205288987409494E-005
  2.973081479314082E-003
  7.775022891260930E-003
  2.270230257999325E-003
  1.146731750169541E-004
 -3.928102187942588E-004
 -2.226984692306706E-004
 -8.772315492476259E-005
  6.088956418513667E-005
 -2.695002009219148E-005
  4.740255885359079E-004
 -7.728194054457984E-005
 -2.346037718446334E-004
 -4.974474818076306E-004
 -4.684521351433771E-004
  2.342189327172263E-005
  1.815275020437450E-002
 -1.405864950193186E-003
 -2.823815425879641E-003
 -1.698943359554421E-003
  5.244837535863242E-004
  1.673256448012645E-003
  1.429111423383711E-003
  1.169744389676655E-003
  4.672268952275602E-003
  3.659521497713663E-003
 -4.851350075114428E-004
  1.617420752554233E-003
  3.252000306870747E-003
  1.411201476124748E-004
  3.414009520443830E-005
  2.847366503225995E-004
 -4.265525559493181E-004
  1.967650077554391E-004
  2.854324083368434E-004
  4.314383457442894E-005
 -5.797534967109903E-005
  2.882946991420638E-004
 -1.670007853511373E-004
 -2.463025170970852E-004
  1.238569507767083E-004
 -0.311362675730375     
  7.683663578810057E-002
  3.486871051215772E-003
 -0.342364209916201     
  4.810716615822747E-003
 -5.239453256374820E-002
  6.258878056628727E-004
  1.669815871408998E-004
 -1.263854779607515E-002
  0.159801786878259     
  0.394583325560044     
  0.119672929432390     
 -5.507453591403189E-003
 -4.657304189535004E-003
  9.284675990381462E-004
 -1.057964598351306E-002
  4.258538474700412E-002
  1.002464844458623E-002
  1.923875055144310E-004
  4.837286038679225E-004
  1.042600487141649E-004
  8.823296085016668E-005
  2.194288542060096E-004
  7.526868527797393E-005
  2.996537267269480E-003
  1.138735200566856E-002
  1.593596244437450E-003
  3.195873679952515E-003
 -1.049081538395655E-002
 -4.816986021099818E-003
 -2.782880901457999E-003
 -7.144515342427091E-003
 -4.129927784945156E-004
  8.328897732482337E-003
 -3.031674807701649E-002
 -1.245849810195745E-002
 -8.615632809454831E-003
 -1.895299679403610E-002
  2.867350769724956E-004
  8.094261787495844E-005
 -2.333910776379847E-004
 -9.562291609420673E-005
 -6.122730609503350E-005
 -1.449262965813813E-004
 -1.971531177992493E-005
  5.663445234243994E-003
 -3.042453826831192E-002
 -1.131002453520135E-002
 -6.197425839961841E-003
 -1.197947779230303E-002
  5.339806057178478E-004
 -1.053446777795595E-005
 -1.299266021775474E-003
 -1.788286981891603E-004
  4.067208753996327E-005
  1.520400974221794E-003
 -9.068684206095415E-006
  7.818528942469998E-004
  1.627798931439921E-003
 -1.046292660965525E-003
 -4.829900777502534E-004
 -1.811031804729804E-005
 -2.848606329033190E-003
 -2.034055660329762E-003
 -5.481331254631305E-005
  5.873658402228245E-003
  1.091442666882072E-004
  7.610020585791937E-004
  3.937503403431417E-003
  5.656001532956091E-004
 -6.344825810338852E-004
 -2.782425685417781E-003
  1.637601682988556E-002
 -4.505104212900249E-004
 -5.770542098937637E-003
 -1.449752940391655E-005
  8.403615559687221E-006
 -2.121338685342045E-002
 -6.208119983243005E-002
 -0.238015028463848     
 -5.427248692015225E-002
 -1.041106314360567E-003
  3.431383179940754E-004
  9.864312375773343E-005
 -1.271154855873553E-002
 -1.985262007013283E-002
 -9.239032172391996E-003
 -4.992881337053821E-005
 -1.430514098471691E-004
 -3.963429560172782E-005
 -2.044131908451828E-005
 -8.298087816869733E-005
 -1.418377639604560E-005
 -7.311563863821244E-004
 -1.591430556862548E-002
 -3.908456661633515E-003
 -3.664015710015689E-005
 -9.372531771557678E-004
 -3.599693923100013E-004
  3.000925338778546E-004
 -1.179864075149371E-003
 -2.634523767776977E-004
  2.541850751422159E-004
 -2.648136251849805E-003
 -1.324120415903894E-003
  7.083332287480868E-004
 -3.144292417995642E-003
 -9.625183038903027E-004
 -6.724352174739879E-006
 -4.225619441811686E-005
 -1.187386365718859E-005
  1.446169868903929E-005
 -4.822352846134778E-005
 -7.737346514299414E-006
  7.544964438133785E-004
  2.558687160714857E-003
 -1.337410547219516E-003
  5.291222473055022E-004
 -1.108592847014286E-003
 -1.283618691118881E-003
 -1.581803496693405E-004
  1.590711157947719E-004
 -4.648845133725925E-005
  4.983833212082985E-004
 -2.515069130438416E-004
 -2.384227220027707E-005
  2.787912028374303E-006
  4.568517543498778E-004
 -1.674348518798949E-004
 -1.367877676708728E-004
 -1.783270069261020E-004
 -3.524869447431912E-004
 -1.619749750675056E-004
  1.689969258071740E-004
  1.175609254462880E-004
  3.659840949711321E-004
  6.405090857515273E-005
 -7.414983453241640E-005
  1.603342190177330E-004
  7.870826986664066E-005
  5.521076799370302E-002
 -8.558120095100905E-003
 -1.511465870003466E-002
 -1.064182827843964E-003
 -1.541371602356570E-003
 -2.075236975629984E-003
 -2.255668478838316E-003
 -2.453365201661163E-003
 -5.403228998462606E-003
 -4.489780123515968E-003
 -1.583126089285828E-003
 -2.561156653802623E-003
 -2.244849961077372E-003
  1.098757994640634E-005
 -4.779426930461199E-005
  6.309750744873306E-004
 -5.356880603026000E-004
  2.800225564441684E-004
  5.247004803561936E-004
  1.477783682367132E-004
 -5.621527495649003E-004
 -2.049203717351866E-004
 -5.882111582931390E-004
  7.655895685349391E-004
  4.404327900564257E-004
  0.171794604683271     
 -3.911187110543792E-002
 -0.137074896974390     
 -1.536261303103772E-003
  1.933530778028909E-003
 -8.123047496165079E-004
 -2.348745758429466E-003
  3.508402419281286E-004
  6.493136933284696E-003
 -7.526404613266700E-004
  3.823057252346571E-003
  2.045992485669680E-002
  9.607087594737459E-003
  1.710384491475192E-004
 -7.478449436469928E-004
 -4.235021923769049E-004
 -1.416046027247274E-004
  2.465803294776585E-004
 -2.943384642279172E-005
  1.188336284939380E-003
 -6.795263565942875E-004
 -1.007498651167749E-003
 -8.672204606618461E-004
 -6.322219465382770E-004
 -3.211158242775340E-004
  7.442393511741907E-002
 -1.276212721602157E-002
 -1.326102999848410E-002
 -4.362865527319084E-003
  1.140174690629491E-003
  3.138695196728457E-003
  3.633741024288601E-003
  2.815352787907245E-003
  1.062776173830975E-002
  8.342135578626309E-003
 -1.446997381450095E-003
  5.228481316285580E-003
  8.663131188798232E-003
  2.566681139515691E-004
  2.322816405386455E-005
  6.124825553296895E-004
 -8.889180385938619E-004
  3.775943709945047E-004
  6.322499246422927E-004
  2.837772521238164E-004
 -6.940580547641428E-004
  7.725637382682268E-004
 -4.746154132441102E-004
 -2.873789623872558E-004
  1.908381611202938E-004
 -0.641164962089004     
  0.157913813579364     
  0.341520115336871     
 -1.370676943245758E-004
 -6.635038241176934E-003
  8.794498983574029E-005
  1.099526001720827E-003
  1.827912390636394E-005
  2.704108309126462E-006
  4.815151123987794E-004
  2.726688058805376E-003
  3.198738552414319E-003
  1.268866041987809E-002
 -2.715421785544366E-005
 -1.370778515947305E-004
 -1.508235197665106E-004
 -3.429432940956696E-004
  5.323478806081372E-003
  2.916470675411344E-003
  3.779766493562494E-006
  1.743579834395594E-007
  1.449643357121252E-005
  1.715723508270737E-006
  1.169230962008387E-006
  5.958080713392271E-006
  1.151639463545192E-004
  9.238110123736177E-004
  1.058038673334439E-003
  9.065326401508974E-005
 -5.006063748176902E-004
 -3.980523713094872E-004
 -8.575607106858454E-005
  8.248395713380776E-005
 -4.897192946505189E-006
  3.318136888234638E-004
 -1.457457948716862E-003
 -9.442337634251454E-004
 -2.747282147779750E-004
  8.974318742517378E-005
 -5.708547404548874E-005
  2.102635860136906E-006
 -1.026927415853960E-005
 -8.048730537594847E-006
 -1.843513725179827E-006
  1.599847340311556E-006
 -2.591221349570792E-007
  3.779833390416826E-005
 -8.863560209291727E-004
 -8.488811485407846E-004
  1.255049893024325E-004
  1.212324526731097E-004
 -1.633033232066008E-004
  2.554678501386910E-006
 -1.334127787038807E-004
 -4.657758727961211E-005
 -3.016306112213384E-005
  3.249046969141218E-006
  2.249902561797310E-005
  3.738824200691229E-005
  9.331303484169602E-005
  2.124805268314384E-005
 -1.557848252069464E-005
  4.099967743944356E-006
 -1.049603845429799E-004
 -1.470369370200684E-004
 -7.953189189429383E-005
  1.514651537351144E-004
  6.723198866246077E-005
  1.971556691343104E-005
  1.849216860451931E-004
  4.581368380268683E-005
 -1.262824967504155E-005
 -4.004491233552005E-004
  1.347263106634989E-003
  2.633707028699505E-006
 -4.618985371149661E-004
 -4.667510445447838E-006
  1.016787905473821E-008
 -1.271647181958391E-004
  1.602210477924380E-003
 -2.876373837737969E-002
 -1.476766442076117E-002
  1.351885070285570E-005
 -5.287706450619240E-005
 -5.823656038083818E-005
  1.034632218009366E-004
 -1.490641593589293E-003
 -1.256510231247154E-003
  2.655982542964669E-006
 -2.492046959712531E-005
 -1.287861182216271E-005
  8.594238568603887E-007
 -1.066143042548783E-005
 -4.847040055599023E-006
  2.451926851716257E-004
 -1.597003515936951E-003
 -1.110169507112867E-003
 -2.316343195001827E-005
  4.661293700404684E-005
 -5.427082009349013E-006
  7.569895821302086E-005
 -1.013668254395780E-004
 -5.253552626300259E-005
 -8.544466317384324E-005
  1.918547151950534E-004
 -2.950974286996370E-005
  2.180367821416370E-004
 -2.638163113312295E-004
 -1.325921189677938E-004
 -1.290533391675073E-006
  2.147810506639635E-006
 -2.749411878419593E-007
  3.178597208532306E-006
 -4.113510795460716E-006
 -1.888063816857233E-006
 -1.307544378843670E-004
  4.307095594316556E-004
  2.097358275613554E-005
  1.298199554602474E-004
 -1.509280784617634E-004
  9.344824241195747E-007
  3.270329242243072E-006
 -5.187328729258818E-005
 -1.215715949214788E-005
  1.642463701088122E-005
 -3.031832733430026E-005
 -2.623562473761044E-005
  1.218165798793879E-005
  5.776464187799849E-005
  1.532831332877181E-005
 -1.520249412861687E-005
  7.525242474521129E-006
 -5.042753726157069E-005
 -3.746666991003489E-005
 -1.654937498220358E-005
  3.768083624583816E-005
 -6.026352441359810E-006
  9.762704784153905E-006
  1.048038940327015E-005
  2.113942290910898E-005
  8.995426835588246E-006
  3.482783791397751E-003
 -9.852244989308383E-004
 -1.750639087430999E-003
 -2.423271032925838E-004
 -6.196021556189687E-005
 -2.763950841982783E-004
 -2.844017007969944E-004
 -3.628559018996731E-005
 -7.863679898407427E-004
 -6.850809707206583E-004
 -8.935666110134293E-005
 -5.195791980767287E-004
 -2.954974516900279E-004
 -6.625458906389457E-006
  4.688596671721893E-005
  4.521634963778621E-005
 -7.058664852514624E-005
  4.188223928591345E-005
  7.721210743153569E-005
  1.997696715031469E-005
  7.908297049788311E-005
 -6.811661879107186E-006
 -1.097401586736908E-004
  6.483854384324988E-005
  8.976319152337614E-005
  6.477345066786191E-003
 -4.749470322413032E-004
 -9.770492767463574E-003
 -7.738820844913241E-004
  6.075728261150785E-006
 -7.530286102874981E-005
  1.499756601998445E-004
  3.235577699824883E-005
 -1.527115385759210E-004
  2.602421587476071E-004
 -7.662306296499859E-004
  1.580261186000933E-003
  1.353001681812608E-003
  2.146693755362744E-006
 -9.067387933622263E-006
  1.332631756580110E-005
  3.072834945346330E-005
 -1.165958905516973E-005
 -3.287504320882604E-005
  7.497891003434507E-005
 -6.090414009430010E-005
 -1.463316432041000E-004
  9.099011001396607E-006
  1.085780664559577E-004
 -8.407792103574167E-005
 -7.288322506306136E-003
  7.362011487023852E-004
  5.422299195731033E-003
  1.135287437979867E-004
 -1.227711436661099E-004
  2.199981246965965E-004
  8.742846095828396E-005
  6.167555117001883E-005
  4.124472654877681E-004
  2.992650030197530E-004
  4.079108768248269E-004
 -4.671573420213458E-004
  9.727526580238622E-004
 -1.597584644550191E-006
  4.264634764498336E-005
 -7.801376279137260E-006
 -3.843746569767926E-005
  3.288442155931189E-005
  4.003505034222945E-005
  2.652698574515824E-005
 -1.940673742270995E-004
  3.457253188905653E-005
  7.813119402306650E-006
  3.407316265269912E-005
 -3.434010514746489E-005
 -1.398232560747514E-002
  3.352499655799627E-003
  9.648250634658099E-003
  8.136390741801602E-004
 -1.905801111688574E-004
  4.785376617961566E-003
 -3.673023985247444E-005
 -5.776445902168245E-005
 -2.243191162740096E-005
 -4.225395742520405E-006
  2.893330029538351E-005
  1.394671709599347E-003
 -5.244852943041834E-003
 -2.484706085098269E-003
 -1.191591874279987E-004
  5.913330748430187E-005
 -1.168112581473241E-005
 -5.026570558288884E-004
  4.558326841488076E-004
  1.620137074268606E-004
  2.257714489749582E-007
 -7.099962731821306E-006
 -2.719664288386538E-006
  1.035329980086817E-006
 -3.119215191808701E-006
 -1.467551902611283E-006
 -2.441198760326707E-005
  2.072035003838849E-005
 -3.053626229842272E-005
  3.167304783672050E-005
  1.051832352326784E-004
  1.441084439146617E-005
 -2.000150415938215E-005
  6.549748082210762E-005
 -1.167154367733834E-005
  5.333674004132809E-005
  2.698107112492778E-004
  5.875989499310985E-005
 -1.316030091197532E-005
  1.534677117774120E-004
 -4.017643912935277E-005
  6.002341819066123E-007
  2.469408939084713E-006
  3.024219942881635E-007
 -4.620402298444730E-007
  1.323423071120453E-006
 -1.381939520621392E-007
 -2.830358157038182E-005
  3.568437743459875E-004
  1.380387894558976E-004
  4.617632179988402E-005
  1.271533006815646E-005
 -1.787274022950221E-005
  9.401601809194797E-006
 -5.213539017108578E-006
 -1.112931927882585E-005
 -1.229213425170034E-005
 -1.282485997457406E-005
 -1.591267117588406E-005
 -5.113529240331348E-006
 -1.975099194118190E-005
  2.055412673810262E-005
  1.029343707333592E-005
  4.429338580785256E-006
  3.708934499718458E-005
 -4.623730623681435E-006
 -6.835077899507590E-007
 -3.639249385847504E-005
 -1.260450795240501E-005
 -1.219030518535054E-005
 -3.098800164390181E-005
 -5.184294411329509E-007
  1.187057742252775E-005
 -2.769820466352458E-005
  3.104375762930826E-004
 -3.894687651923523E-005
 -5.480991010520638E-004
  1.086535949451797E-006
 -1.500102855191011E-006
 -1.949422498175320E-004
 -3.390876177908204E-003
 -2.678711539885561E-003
 -7.861644984946338E-004
 -2.467138259579071E-005
 -2.584897696716286E-005
 -2.852729770595650E-006
  2.245522726171192E-004
  1.573291112465886E-005
  1.541171518716869E-005
 -4.595560490374764E-006
 -3.487411565518619E-006
 -1.142143674489211E-006
 -1.621633117874965E-006
 -1.079520216376026E-006
 -3.258358188175819E-007
 -3.161357952573934E-005
 -7.889195828975168E-005
 -1.084008947201194E-005
  2.379152949299112E-005
  4.342678478705936E-005
 -9.879598935332108E-006
 -4.396828566015540E-006
 -6.597403048775951E-006
 -1.939470092697558E-005
  8.426149279776597E-005
  1.400055881109955E-004
 -2.616382801858508E-005
 -2.072808267083175E-005
 -8.146894814649512E-006
 -6.353341012693422E-005
  1.077389458196224E-006
  1.927587927336121E-006
 -4.906759086037243E-007
 -2.096708087387550E-007
 -1.026568713998298E-007
 -8.677186494574692E-007
  4.172894930528855E-005
  7.565599142342641E-005
  1.009296116095092E-006
 -1.409501159251156E-005
  2.442322411777172E-005
 -2.763393771277699E-005
 -6.318653334180826E-006
 -1.385353823249713E-005
 -6.383415622320666E-006
  1.021942420909603E-005
  5.658000937218397E-006
  8.736535793446451E-006
  3.585986724357580E-006
  5.802850657128677E-006
  3.095578059424387E-006
  1.935216550639965E-007
 -7.136792580565932E-006
 -1.774137344132087E-005
  1.199007857465074E-005
  9.647902561645267E-006
  8.614729753543437E-006
  1.176247518005253E-005
  2.188553924133885E-006
 -1.371281579811508E-006
  1.117571166891921E-005
 -3.539598998279743E-006
 -7.194119828686977E-004
  2.001331443882173E-004
  4.259814614793637E-004
  3.922768353320085E-005
 -2.984068398102741E-005
 -4.062873870172777E-005
  1.070162712990805E-005
 -1.278708703922899E-004
 -1.060030166440678E-004
 -2.212263984499792E-006
 -9.164074597504062E-005
 -5.614436087488959E-005
 -3.646053332747919E-005
  1.072328448082718E-005
  2.075200753765874E-006
  1.096139534533400E-005
 -7.947765713793843E-006
  2.014670364428358E-005
 -2.775518767033341E-006
  2.352764228732959E-005
  7.368180806564331E-006
  3.734817216440441E-005
 -1.911354768023667E-005
  2.274844866155067E-005
 -4.414094607092921E-006
 -3.877879203882744E-003
  8.911338729855547E-004
  1.491816128371800E-003
 -3.546102944102594E-005
 -2.857163800546814E-005
  5.155923482477411E-005
  4.806178361801431E-005
  4.291312029946408E-005
 -8.284348281995514E-005
  6.980924672970440E-006
 -9.212482735529306E-005
 -1.520535087495553E-004
  3.740836090209313E-005
  2.987580191802168E-006
  9.384679629901124E-006
  4.129335477290723E-006
 -3.789348652146225E-006
 -5.567590574417624E-006
  8.017684603440561E-007
 -1.409927837950059E-005
 -1.143691411837405E-005
 -5.751050537328653E-006
  2.018416139040025E-005
  1.433936491644369E-005
 -6.084883010899660E-006
 -1.828027573127915E-003
  4.758771328846238E-004
  8.022990062838678E-004
  1.252887304182459E-005
 -1.099841264521466E-005
 -2.448241535438621E-005
 -8.484661736095677E-005
  3.064268362596013E-005
 -9.605716050124826E-005
 -1.431222518781893E-004
  6.479194842381968E-006
  2.854050913245506E-006
 -5.038455816961950E-005
  3.262861652503929E-006
 -3.941321948265212E-006
 -6.653978695029528E-006
  8.551998876416158E-006
  2.043448404820561E-006
 -1.181486052892009E-005
  4.387029275284453E-007
 -1.752538866777345E-005
 -7.816325458449483E-006
  1.338464743364110E-006
  1.736406281367609E-005
 -1.777167670892555E-006
  7.060811836882957E-003
 -1.745350463882039E-003
 -3.270270342235683E-003
 -1.938314871903390E-005
  6.800372746517501E-005
 -5.318369509935660E-004
  1.252675278800849E-002
 -1.663137231671600E-004
  1.569222981038741E-003
 -3.871173484429579E-005
 -7.719606740358551E-006
  2.751178852134771E-004
 -6.095317576631777E-003
 -1.280543108584232E-002
 -9.763271553357974E-003
  2.379643446767584E-004
  1.096793788312585E-004
  5.537141804089170E-005
  2.430172115585252E-004
 -3.481662970862301E-004
 -3.399428270749339E-004
 -7.741143741115818E-006
 -1.733690062095857E-005
 -1.076194852090118E-005
 -3.543971192502829E-006
 -7.214414716599238E-006
 -5.374910791040702E-006
 -1.355835539322416E-004
 -2.022162672144024E-004
 -2.958893654762507E-004
 -1.260779926215527E-004
  2.174034239417775E-004
  2.120382158470131E-004
  1.080014500817088E-004
  1.469690442555561E-004
  1.807654253984391E-005
 -3.110653774482797E-004
  6.638602262452073E-004
  5.341853850999337E-004
  3.125729073705616E-004
  4.267385443870365E-004
 -1.507529922281899E-006
 -3.156323487680584E-006
  5.134633103258904E-006
  4.317623171346218E-006
  2.393845341347936E-006
  3.021383313331838E-006
  7.624781463326473E-007
 -2.059505301141599E-004
  9.959848803433508E-004
  5.726868387892309E-004
  2.060364851484420E-004
  1.005564396073776E-004
 -8.595503428212957E-008
  7.263237630770877E-006
  1.659166263772966E-005
 -1.227401656464988E-005
 -2.026878984673506E-005
 -2.129768204849885E-005
 -1.520923045577564E-006
 -1.897882424606914E-005
 -7.715017466128511E-005
  4.034481010047775E-005
  2.980806374197833E-005
  1.773430168752579E-005
  8.247562011967490E-005
  6.370734870161792E-005
 -3.751142611270919E-005
 -1.395597424007652E-004
 -1.569147894986820E-005
 -2.775329859006447E-005
 -1.341659157275438E-004
  7.842756505185115E-007
  2.348618900864197E-005
 -4.404648308491429E-005
 -1.839951438941886E-003
  1.604653699436597E-005
 -4.015921136674424E-004
 -1.804808403144752E-006
 -6.032628965573567E-007
  8.938625320242235E-005
  2.112412401790940E-003
  9.414621014898180E-004
  5.861387409151872E-004
  3.035854617982756E-005
 -7.859168323603764E-006
 -4.886330173599210E-005
  2.777629693004917E-004
  4.537719608280149E-004
  2.442101946111598E-004
  1.516658117629450E-006
 -1.446720265607316E-006
 -1.129855914799526E-006
  7.618194713631083E-007
  1.317317109537567E-007
  2.639139288827687E-008
  9.973312260879664E-006
  2.385217346267500E-004
  1.483858779567670E-004
 -2.014396689822504E-006
  3.950795183768678E-005
  5.453121098012494E-005
  2.236542072172006E-006
  1.425452475742244E-006
 -2.221453823495015E-007
 -2.402067028357521E-005
  1.318032984296614E-004
  1.628523999244123E-004
  1.287192105271443E-005
  7.592362129624889E-006
  1.114874923086079E-005
  1.369015298033649E-007
  1.724383414715741E-006
  2.386624966643382E-006
 -8.260462214701982E-008
 -1.792068618237734E-007
 -5.429690765634503E-008
 -3.300655968425176E-005
  2.336192163908489E-005
  6.193061072408155E-005
  1.589712888106729E-006
  2.912106272149728E-005
  3.141684679614503E-005
  3.605806063501514E-006
 -1.730380491243329E-005
 -1.281200296160565E-005
 -1.304693789940422E-005
 -1.711087892656781E-006
  2.229519708899674E-006
  3.952598749492733E-006
 -3.550240360491655E-007
  5.446008663955091E-006
  4.389008999218271E-006
  6.150121789540343E-006
  1.334297031176767E-006
 -9.059948726504349E-006
 -7.064817282906688E-006
 -2.619891971685905E-006
 -1.138554808571434E-005
  4.703740950107013E-007
  9.977012999972599E-006
 -2.745419316208871E-006
 -3.056880911560833E-007
  5.284923082971017E-004
  1.413220749029534E-004
  3.899233422421731E-004
  1.074743164759404E-004
  2.815180777140100E-005
  2.460520288899384E-005
  5.522163825060233E-006
  4.952649556882989E-005
  5.643826618940949E-005
 -3.259532136190587E-005
 -2.205840134345742E-006
  7.518048892117051E-006
 -1.979005545445028E-005
 -2.824085448452667E-006
  5.503256757497424E-006
  9.739329557644391E-007
  2.577208498814746E-006
 -1.107410500811010E-005
  2.468769496379203E-007
 -1.080983192085610E-005
  4.480247636242931E-005
  1.746584127309371E-005
  4.073605114262446E-006
 -3.980947486614244E-006
  6.736226806593652E-006
 -5.802139618446705E-003
  7.184732578154019E-004
  3.907008556425885E-003
  8.967484376721820E-005
 -9.649476476112102E-005
  5.354392924661871E-005
 -3.208389110558285E-005
 -4.485934971941701E-005
 -1.362690925523124E-004
 -1.433886440414171E-004
 -7.809589079816592E-005
 -7.317840284224920E-004
 -2.542488429377814E-004
 -1.121073271164296E-005
  3.787438514914512E-005
  1.241226209390446E-005
 -5.154343836750239E-006
  6.263755538125963E-006
  1.636507654839319E-005
 -3.223614876584297E-005
 -2.250037855172585E-005
  2.514129573814317E-005
  4.092729752866161E-005
  2.060418635179343E-005
 -8.691148762818635E-006
  3.081901593827399E-003
 -4.400906495006382E-004
 -1.726924819653992E-003
 -1.143163608603159E-005
  5.973401258912312E-006
 -1.890115610552297E-004
 -1.012299171906037E-004
 -4.699332261192737E-005
 -3.623664340865652E-004
 -2.822294941154006E-004
 -1.472748036646721E-004
  1.945981510353945E-004
 -3.614403181668726E-004
 -8.376660183484407E-006
 -1.901676119473680E-005
 -1.545817414006233E-005
  3.857040560249444E-005
 -2.129520359350473E-005
 -3.019374541901003E-005
  2.076178359780319E-006
  3.114756915970182E-005
 -7.860155988732462E-006
 -2.422618071044445E-007
  1.685330947424267E-005
 -1.833916552675874E-006
  2.314478551852916E-002
 -5.673377466391564E-003
 -1.139434969318461E-002
 -2.614059996728233E-004
  1.344160871371059E-004
  4.455161537313812E-004
 -2.706825604769381E-004
  7.999841541739199E-003
 -1.126232738183257E-004
  2.119313204172840E-003
 -1.075928882830042E-005
 -4.159415910914809E-006
  6.689957808222464E-004
 -3.454042213494849E-003
 -8.327198644530503E-003
  6.401540356144039E-003
  1.689121214323293E-004
  1.195131644093664E-004
 -1.664892066607788E-004
  3.705313844880005E-004
 -1.313306830940885E-004
  7.053451360946666E-004
 -3.618546041539705E-006
 -1.087285595129366E-005
  9.216657178055536E-006
 -1.854569362815470E-006
 -4.588165236741903E-006
  2.625601163271829E-006
 -2.599905890826376E-006
 -1.123421100071713E-004
  5.105760949282665E-004
 -5.381928333471471E-005
  1.356282138909345E-004
 -2.461842492487406E-005
  6.225274184589012E-005
  2.897363749404592E-004
 -8.433458511175414E-006
 -1.047404993164604E-004
  3.750378260815966E-004
 -3.606781451223490E-005
  1.724160845910590E-004
  6.813944115348627E-004
 -6.767558527459862E-005
 -1.488703593991873E-006
  3.188841740774476E-006
 -6.596044752152224E-007
  1.301930055688217E-006
  5.811500184918328E-006
  1.867735383036552E-007
 -1.137749445041619E-004
  4.006043710002506E-004
 -1.622956148108571E-004
  1.991790932379423E-004
  5.703632183012044E-004
 -8.540414873378050E-005
 -1.195345813177486E-007
  6.820457542132572E-006
  1.023683272213729E-005
 -1.069182854382653E-005
 -5.985453939949859E-005
  1.105043228777978E-005
 -1.104694577322389E-005
  6.213667521219865E-006
  2.632037977753910E-005
 -5.483500081119052E-006
 -1.779753646613707E-006
  3.406883153552837E-005
  1.065724639186881E-005
 -2.240424334217503E-005
 -1.209846881269689E-004
  2.774350428201615E-005
 -8.041814990308895E-006
 -3.758544378081839E-005
 -9.943386564601680E-006
  8.976065796316531E-006
 -3.715514112317732E-005
 -8.732283783866077E-004
  8.158843728173911E-006
 -1.543006014195847E-004
  2.625820710976883E-006
  6.098193407862062E-007
  7.431234457699599E-004
  1.752789764691619E-003
  6.308217992338110E-004
 -9.048937840024636E-004
  2.929608423170328E-005
 -3.699676570326713E-006
 -1.858379964828241E-005
  4.766519721941693E-004
  2.540510623611363E-004
 -3.019235234711042E-004
  1.464787060053224E-006
 -6.820633566192586E-007
  9.361988158524667E-008
  6.424931929598243E-007
  1.212101384295632E-007
 -2.384910853189808E-007
  9.840736955454321E-005
  7.059203254544200E-005
 -2.626263338715367E-004
 -5.442232216408920E-006
  3.120237699254570E-005
 -2.931164572890329E-005
  5.567730470885356E-006
  1.009469429027260E-005
 -1.254982544764363E-007
 -3.382632348884531E-005
  1.015289406715749E-004
 -1.008324207128715E-004
  2.633748566469380E-005
  3.855119259043173E-005
  7.488837824151504E-006
 -1.516743294844302E-007
  1.434442915808370E-006
 -1.449370148692401E-006
  1.969246239578005E-007
  4.278071529965718E-007
 -4.525029447337031E-008
 -5.492370271565006E-005
 -4.967811025142508E-006
  5.128391058176180E-006
  1.586209310122054E-005
 -5.136831288905482E-006
  3.906160961442952E-005
  6.059538694503588E-006
 -1.191906593987096E-005
  1.106486430422797E-005
 -9.760157454779297E-006
  3.137756188784964E-006
 -8.418458628731470E-006
  1.826019636349489E-006
 -3.793928080963140E-006
  6.441007030822491E-006
 -2.423645407754944E-006
  9.271571851630635E-006
 -2.202125051208542E-007
  3.974675557946108E-006
 -8.479383723645218E-006
  1.349146481321418E-005
 -1.933533183124669E-005
 -2.990925057527358E-007
  1.065097252450936E-006
  1.117490022379062E-006
 -1.679924270132348E-006
 -1.062691907970608E-003
  1.040292082898361E-004
 -2.884342304975860E-004
 -1.082636821717517E-004
  1.806668559242406E-005
 -1.617744813179890E-006
  9.185435609619588E-006
  1.853022620197854E-006
  7.128910484695034E-006
 -3.305890705485757E-005
  4.217938408822618E-005
 -4.739529484407291E-005
  2.877545191811545E-005
  1.769427802954501E-007
  8.486759344058005E-006
 -9.427821170342507E-006
  3.748516720538542E-007
  2.196706989652877E-006
 -5.517944523493043E-007
  9.217104519019711E-006
  1.622280080812743E-005
  1.782918936355365E-006
 -8.506357509659426E-006
 -1.474501394518733E-005
 -7.107470093602850E-007
  8.636865126101247E-004
  4.743208570367377E-004
 -6.876945026960889E-004
 -2.608977717861592E-004
 -4.732333302029874E-006
 -7.832179919145242E-005
  1.500929897204816E-004
  1.191212376417237E-005
 -2.888509739722315E-004
  2.089358594423442E-004
 -4.204118538602555E-004
  1.523857678622891E-004
  2.130568252102137E-004
 -2.714994244202345E-006
 -1.414555800760967E-006
  1.551053530901784E-005
  2.568187268113750E-005
 -1.458080954648900E-005
 -2.296687843693516E-005
 -1.690194887983136E-005
  4.064977513239224E-005
 -1.975865024142977E-005
  1.333986266694985E-005
  4.761036227954917E-005
  3.562086212881510E-006
 -6.298380688284419E-003
  4.345828379677308E-004
  2.880318959828466E-003
  2.676049802252020E-004
 -8.918890358284646E-005
  3.706170199242052E-005
 -1.376847927194794E-005
 -1.061495328467604E-004
 -9.844163813145744E-005
 -6.385530339364333E-005
  3.223388951421287E-004
 -5.370771702374636E-004
  1.531325418664879E-004
 -1.104220466292189E-005
  2.553050211716509E-005
 -1.764034435877473E-005
  2.402294071694852E-006
  1.589184603419043E-006
  8.639910591227041E-006
 -4.115255025337174E-006
 -6.024472805595309E-005
 -3.195247480461738E-005
  2.152054071240014E-005
  1.789633033173026E-005
 -1.740528568706297E-005
  1.070075246378917E-002
 -2.708848957363867E-003
 -5.548796537306292E-003
 -1.961818896930098E-005
  5.690121985108209E-005
  1.625484388241980E-004
  1.619194218500593E-004
  9.401861529919714E-004
 -2.614351894874866E-003
  8.078697931049170E-005
 -1.859693331470926E-003
 -6.171854985258590E-006
 -2.558592268752691E-007
 -3.476163851120464E-004
  6.893800377166514E-003
  2.035220472205544E-003
  9.016200207486087E-005
 -4.149292747020225E-004
  2.922169667131103E-006
  5.591108138303333E-007
 -1.017702835210493E-003
  1.784668162362721E-004
  3.800440776260416E-005
  6.258206842887248E-006
  3.717894847568495E-006
 -7.324034785328444E-007
  4.359778178555430E-006
  9.467321817373094E-007
  1.807048448099726E-007
  3.791575300619628E-005
  6.178109408798129E-005
 -5.134558915186304E-005
  1.396571892589097E-004
  7.040400061740820E-005
 -8.957538489457815E-005
 -1.135771842157434E-004
 -6.988299919020695E-005
 -2.608000504316630E-005
  2.762471297895772E-004
  1.282423269667941E-004
 -1.966069566115999E-004
 -2.467623839797198E-004
 -2.086123917036352E-004
 -2.948474580985748E-005
  3.278666538026707E-006
  1.344544628103596E-006
 -1.757824150120972E-006
 -2.518671222746816E-006
 -1.432873355826147E-006
 -7.599953152798905E-007
  1.066643374462406E-004
 -9.049751847877331E-005
 -6.313896468319275E-005
 -1.174244785180023E-004
 -1.465956269228303E-004
  1.076014107176169E-005
  7.977333131802663E-006
  3.949248905439653E-008
 -9.314460107555333E-006
  4.375138385744059E-006
  3.999992473562171E-006
 -2.830713778115205E-005
  1.622372888932657E-006
  1.218694522708641E-005
 -4.906611155852367E-006
 -9.574950398436919E-007
 -9.414180124538679E-006
  9.061691414416020E-006
 -3.650278617009145E-005
  4.707018537671635E-005
  3.184549931461222E-005
 -1.882764500310031E-005
 -3.682247151427976E-007
  2.810218755562985E-005
 -7.957017268987627E-006
  2.800199538153869E-006
  1.328299948544945E-003
  2.839453541490876E-003
 -6.892956538461798E-005
 -3.016083461675670E-005
  1.601532851835300E-006
 -2.167347564461254E-006
 -2.831981717884629E-004
 -7.081123506213837E-003
 -1.263858347751147E-004
 -8.522053103370824E-004
 -5.897680386887935E-005
 -4.142274415359740E-005
  6.238518675301191E-005
  8.630070633245974E-005
 -2.116675941744528E-004
  1.853242937239344E-004
 -8.711953038868716E-006
 -5.510929087952660E-007
  2.384287584004756E-007
 -3.248369431952954E-006
  2.092669549281790E-008
 -3.728875752101082E-007
 -9.750112739762331E-005
 -6.887188349617434E-005
  3.936302288008412E-005
  4.464091242604829E-005
  2.746322177682019E-005
 -4.868587366719965E-005
 -1.792166941427999E-005
  1.377361146090996E-005
 -2.671924301176830E-005
  1.758454196797157E-004
  6.991105826564630E-005
 -1.183795317851800E-004
 -7.544998677160636E-005
  3.648881232703384E-005
 -1.003954329081094E-004
  1.893375981368197E-006
  1.219882123133012E-006
 -2.171327905635807E-006
 -6.652920000468749E-007
  1.025092534628557E-006
 -1.228083981321322E-006
  1.139653105821940E-004
  3.264214836973747E-005
 -2.832956951738881E-005
 -4.443094670569301E-005
  2.855867440702871E-005
 -6.953436387650099E-005
 -1.353491879292509E-005
  8.148769856465091E-007
 -2.660238651852542E-006
  2.455759113756498E-005
  1.458119669628307E-005
  1.604716524121029E-005
 -3.006432907414547E-007
  1.984116291906994E-006
  8.705288657785494E-008
  2.253741199818491E-007
 -1.940474435196307E-005
 -2.155387930620043E-005
  2.899671046063844E-005
  2.389730941251847E-005
  3.621404859590957E-006
  3.431692364337075E-005
  1.659192552762114E-006
 -1.201775383084536E-005
  1.657630164791409E-005
 -5.659652209931027E-006
 -2.751739075017465E-003
  2.910193878680612E-004
  8.789241000208143E-004
  3.245753109212494E-005
 -4.428947775079738E-005
 -4.975874820783740E-005
  5.996490601101208E-005
 -1.702405478688338E-004
 -1.329599051263120E-004
  1.687166605698850E-004
 -1.298276942459374E-004
 -1.151965297045407E-005
 -1.049411602259012E-005
  1.945130932711327E-005
 -3.610027901903707E-006
  4.162960816657558E-006
 -3.471487906066465E-006
  3.930155910352011E-005
 -1.597982142104681E-005
  3.859677520537244E-005
 -3.227529990542953E-005
  4.098761940928093E-005
 -1.685454920272466E-005
  3.097358833448265E-005
 -2.174222600264778E-005
 -3.398628264840501E-003
  9.945630288423434E-004
  1.212170550438684E-003
  2.573431872937757E-005
  2.213875795893335E-005
  7.521563494997501E-005
  5.864435833756178E-005
  9.632108677092232E-005
  4.074830308512188E-005
  4.959463000272331E-005
  9.161234363306683E-005
  2.401588125304071E-005
  1.967434948590087E-006
  1.363772946197561E-005
 -9.914623145612575E-006
 -7.257781652356623E-006
 -1.166022047974133E-005
 -9.989164337870730E-006
 -1.977508982234278E-006
 -1.860618901342382E-006
 -1.913402785520057E-006
  2.160340838328158E-006
 -3.623161842289700E-006
 -1.346968659495703E-005
  5.483780743632081E-006
 -3.375228300623773E-003
  1.025693520262537E-003
  1.441369923997747E-003
 -2.274828500082408E-005
  1.028423927052140E-005
  6.496487793138762E-005
 -7.934987802576341E-005
  9.048739460392038E-005
  6.612235170563855E-005
 -5.539886814817280E-005
  3.498096774782157E-006
  1.389080015853572E-006
  3.534560537731276E-005
  1.406179095724601E-005
 -2.972123519411423E-006
  4.407461947734895E-006
 -9.690354926104861E-006
  1.519901449014885E-005
 -4.371436031141150E-006
 -8.988044859339311E-006
 -3.884628447149167E-006
 -1.126294043718024E-006
  3.475918812426651E-007
  9.467186078050613E-006
  8.640452978096646E-006
 -5.804427492755936E-003
  1.428675793406608E-003
  2.767628201296648E-003
  4.675128871290783E-005
  2.481288057352728E-007
 -1.082345776075283E-004
 -5.746879820703732E-005
  8.745227975417426E-005
  1.928233274033225E-003
  1.775416937848059E-003
  4.669540873871441E-005
 -1.861546659788401E-003
 -6.583956892038674E-005
 -7.308899214665881E-006
 -5.659279739342233E-004
 -3.941127872165706E-004
  1.279743664870132E-002
 -8.715050531110718E-003
  3.209515763304319E-005
 -1.077344137196814E-004
  1.537617386952728E-004
 -5.811774129924676E-005
 -5.666550130532372E-004
 -9.441062248962968E-004
 -8.752871951992445E-007
  1.536861427877649E-005
 -1.179962089864018E-005
 -8.277397674291452E-007
  7.896050194611226E-006
 -3.974612418925109E-006
 -2.362936346832953E-005
  4.112419690471001E-005
 -6.696218053674759E-004
 -2.776809109222882E-005
 -3.471095362755195E-004
  1.332109654127388E-004
  7.257444170421086E-005
 -3.342994050722172E-004
 -4.480635061198203E-005
 -1.018927929092455E-004
 -9.115521055439537E-004
  2.845251628078353E-004
  1.295304534704620E-004
 -8.310622227748520E-004
 -2.763766056121654E-005
 -5.179853618017143E-007
 -7.673302121764165E-006
  2.821815566060433E-006
  1.431424381351467E-006
 -6.736418783564736E-006
 -9.134390195497531E-007
  7.141932098013662E-005
 -6.401309309366296E-004
  2.543043331326787E-004
 -1.829321095503869E-004
 -6.761602150668909E-004
  1.115127885702503E-004
  1.776903338309344E-005
  5.602556091832204E-006
 -5.476983265798877E-006
 -4.666440684149617E-005
  7.056973916822482E-005
 -6.642693307784169E-006
  1.349415551533458E-005
 -3.011058527681783E-005
 -4.608502263783594E-005
  1.186252284753890E-005
  3.716929025478661E-005
 -7.718893063258963E-005
  2.231317018103154E-005
 -7.827474420445833E-005
  1.743221611935050E-004
 -3.323312655990149E-005
  1.830114349183196E-005
 -4.761186952068756E-006
  2.228550015709375E-005
 -5.850661076320927E-006
 -4.432768994575492E-004
 -2.964338312867728E-003
 -3.217136522379478E-005
 -7.336370449359184E-004
  7.194982798705113E-006
  3.417224329069323E-007
 -1.157080203758368E-003
 -2.938773788492233E-003
 -7.154120865175713E-004
  3.703223802880698E-003
 -3.904484692486853E-005
  4.807302025732101E-005
 -2.112926887320021E-005
 -3.577951032252882E-004
 -7.934298488596468E-005
  2.554142595892658E-004
 -3.923071886927131E-006
  1.234591664891310E-006
  2.219137516825573E-006
 -1.222119731267761E-006
 -8.140946929251234E-008
  1.188161211933487E-006
 -1.657054833919922E-004
  6.731176054224530E-006
  3.852662862908327E-004
  1.695393958292448E-005
 -4.239995600766973E-005
  2.931637608945931E-005
 -1.695230307275361E-005
 -1.974058832619444E-005
 -1.636510170871744E-009
  5.768524814101171E-005
 -1.412491398618696E-004
  8.925096582016316E-005
 -5.210233039212629E-005
 -5.213503513267128E-005
 -5.582917748885424E-006
  9.435134513369592E-007
 -1.993241357176851E-006
  1.571628344464068E-006
 -8.915132450874544E-007
 -1.105225439314601E-006
 -5.200020624950488E-008
  7.956636467640731E-005
 -6.186053527898006E-005
 -1.640505324099786E-005
 -3.046252449316825E-005
  3.302740497180554E-005
 -4.910384018323906E-005
 -8.686197976136945E-006
  1.966892072059874E-005
 -1.103250708601530E-005
  1.156076843190865E-005
 -2.176620564837412E-006
  1.449782549650219E-005
 -2.617437405146276E-006
  1.790917714698900E-006
 -1.181660850515991E-005
  3.080529790438801E-006
 -7.287460648789821E-006
 -6.776990899868297E-007
  7.296329708388516E-007
  1.479660001152625E-005
 -1.711176241932821E-005
  7.065781934843210E-006
 -2.342480387370510E-008
  1.175998029646865E-006
  7.479735016079450E-007
 -6.352103334952390E-007
  1.518430051812877E-003
  2.804676426699737E-004
  7.378326373920346E-004
  1.724359945265854E-004
 -2.625153782561732E-005
  3.485749157636355E-006
  2.120105786600137E-005
 -7.676445722929781E-005
  5.038382174222946E-005
  3.870369486481894E-005
 -8.539412560419155E-005
  1.047943146691245E-004
 -5.610335616350379E-005
  4.327595465532639E-006
 -1.530804823444791E-005
  1.615411216031269E-005
  1.945455186128701E-006
 -4.777429790337134E-006
 -6.273050651661340E-006
 -9.722427939268734E-006
 -2.897103630749972E-005
  1.341422217077994E-005
  1.961528832643843E-005
  1.402659048027232E-005
 -9.892860387169694E-006
  9.973870555081022E-003
 -3.858156229656110E-003
 -3.693344640249448E-003
  3.222242188486157E-004
  6.344208097023741E-005
 -1.014046772340695E-004
 -4.072981961185473E-004
 -8.424825252142053E-005
  3.099393672944792E-004
 -4.241070703152814E-004
  4.455159241448425E-004
 -2.143915718933842E-005
 -2.071789158423027E-004
 -1.159528585950173E-005
 -2.199329741421474E-005
 -2.577291128980427E-005
 -2.017790225484173E-005
  5.097899542781950E-005
  3.177318811434345E-005
  9.000167614738904E-007
 -1.826985819577455E-005
  5.428246848992923E-005
 -3.234216609574603E-005
 -8.155346561055654E-005
  3.144214933427214E-005
  1.924909985416302E-002
 -4.087099014336697E-003
 -8.336405623722397E-003
 -3.211487642422798E-004
  2.021389919511261E-004
 -1.939862355355088E-004
  2.669767511513210E-004
  2.709844470152558E-005
  1.468928808261049E-004
  2.034620677734587E-004
 -5.027744449911009E-004
  8.748777234166250E-004
 -3.064726626291991E-004
 -1.834679899968472E-006
 -5.381252872859345E-005
  4.109193912230450E-005
  4.217357778241306E-006
 -3.399927409491687E-005
 -2.382677878272834E-006
 -7.455954225582731E-006
  1.079278536040693E-004
  9.904158200111721E-006
 -4.286399305525527E-005
  1.655814997605009E-005
  5.031994728083800E-005
 -7.464723781586646E-003
  1.849972554304763E-003
  4.099739075114028E-003
 -8.704048901546355E-005
 -5.338136708902246E-005
 -7.630315254199622E-005
 -1.491193109329626E-004
  3.333786675161853E-006
  3.154496978085718E-004
  1.488506802670600E-003
  6.457996266762697E-003
 -9.081501488568617E-005
  3.248891689476194E-003
  8.842566393923527E-006
 -2.315722283977705E-006
  1.294054130397669E-003
 -2.172275432466752E-003
 -5.414192924412092E-003
  2.597453566847287E-002
  1.617931165398509E-004
  1.817708354750965E-004
 -4.590336652580183E-004
  7.217983636579029E-004
 -7.637697869513288E-004
  1.732682995324021E-003
 -5.321997230579342E-007
 -5.368440838524256E-006
  3.370617128583507E-005
 -8.741029224283880E-007
 -2.634295741811710E-006
  1.219964640242976E-005
  1.364357419544136E-004
 -1.787514202782082E-004
  1.469049032345916E-003
 -3.813822349459672E-007
  1.286389890200759E-004
 -2.462658319959256E-004
  4.875808988438801E-005
  5.333893839696879E-004
 -4.837670764944204E-005
  5.108012061524816E-005
  2.985250051627053E-004
 -5.695035755099480E-004
  1.154198077958815E-004
  1.175239898571088E-003
 -1.664999284111297E-004
 -3.171981202500130E-007
  2.794373111524201E-006
 -5.424070845145267E-006
  8.773233413542484E-007
  1.060788767961911E-005
 -5.601252211042354E-007
 -4.917474290344406E-005
 -1.051958690659776E-004
 -9.665977566125192E-004
  2.347259026022001E-004
  1.296793864040273E-003
 -1.855511596987561E-004
 -7.436154335684398E-006
  1.778681519845620E-005
  4.943088452703059E-005
 -3.640044765389869E-006
 -1.234972720158988E-004
  2.594850777244306E-005
 -9.976211948361218E-006
  9.373932726867514E-005
  1.214182064662746E-005
 -4.772340393190191E-005
 -2.368019317002678E-005
 -3.345369460358718E-006
 -2.720419111129462E-005
 -6.231902701548518E-006
 -1.502924390173628E-004
  7.727248221162885E-005
  1.209376975704157E-005
  4.216484336657316E-005
 -3.293593981076600E-005
 -4.986884085092848E-006
  1.952433600400122E-004
  9.877313698235480E-004
  8.043989240687368E-006
  4.788436543300980E-005
  2.799546561801800E-006
  1.095534766224817E-006
  1.810714387615545E-003
  2.294235785318667E-003
  4.541704507309037E-003
 -6.932806440567395E-005
  2.181087772785366E-005
  1.654501512731486E-005
  1.219800336934267E-005
  8.035638842191357E-004
  3.724350307248193E-004
 -9.414072018224050E-004
  1.940255277442111E-006
  3.925349594541327E-006
  3.751244013576767E-006
  8.542196711326652E-007
  1.604750952791155E-006
  4.520133703427426E-007
  2.056466018753332E-004
  1.308851172270190E-004
 -6.541925801458249E-004
 -1.187067673069677E-005
  1.596674136219172E-005
 -1.303335945275119E-004
 -7.693259841411604E-007
  2.905642534583012E-005
  1.264000271483793E-005
 -5.446753312726512E-005
  5.019167973209547E-005
 -4.329348379460714E-004
  1.783500593159699E-005
  1.061020804310209E-004
  3.663252719566812E-005
 -5.994950386940911E-007
  8.873297956926107E-007
 -6.167144091718797E-006
  1.315806975312096E-007
  1.523130545688153E-006
  4.679143411628815E-007
 -8.633932177518323E-005
 -1.139040717529815E-004
 -6.555198082488194E-005
  2.223954625562822E-005
 -2.456970630041432E-005
  6.409977551955501E-005
  1.030266615981795E-005
 -8.761242657878836E-007
  4.650830292996040E-005
 -1.199917433332406E-005
  1.112903114148219E-005
 -1.890882414612980E-005
 -1.476163000112316E-006
 -1.807328437909917E-005
  5.304613266124832E-006
 -9.478339516953744E-006
  1.519536357783410E-005
  6.726634617754836E-006
  2.581406803132567E-005
 -1.091900761410050E-005
  3.016101618777759E-005
 -3.466708311940178E-005
 -2.469590145295175E-006
 -1.006136544449936E-005
  6.821358181306878E-007
 -5.250900862275437E-006
 -2.464262261021109E-003
 -1.279324619755446E-005
 -1.411365163803888E-003
 -3.697382664684625E-004
  6.950814073085668E-006
  3.027717109884402E-005
  2.863789223522075E-005
 -6.576183466048857E-005
  1.079050274332831E-004
  8.762538137495613E-006
  1.383752485547414E-004
 -5.104677602890749E-005
  1.498493716366050E-004
  2.074263460099670E-006
  2.520633949199088E-006
 -2.476630182203340E-005
  8.023995904760773E-006
  1.652772917389675E-006
 -1.009825936486044E-005
  2.952406788626833E-005
 -2.572273610367860E-005
 -1.633700317434562E-005
 -7.680617606248015E-006
 -4.628817190476405E-005
 -2.184345028002032E-005
  9.237394755771119E-003
  9.121695124978150E-005
 -5.456814945288175E-003
 -6.380213811909153E-004
  1.081975772747223E-004
 -2.663717391876928E-004
  3.720108039993426E-004
  6.792340654832825E-005
 -5.333243501796513E-004
  6.419051508336095E-004
 -8.508475264886816E-004
  1.052742405589671E-003
  6.389260745832143E-004
  4.999482779900886E-006
 -4.953547095256916E-005
  2.137118433065019E-005
  6.685307004235477E-005
 -3.934804420810650E-005
 -7.185255282225565E-005
 -1.690724294687704E-005
  1.426489196675367E-004
 -5.727203987496679E-005
 -1.827757925792870E-005
  7.497771777731081E-005
  3.518482220480574E-005
 -1.738945727189820E-002
  1.233477937153944E-003
  8.126679926285445E-003
  6.574378351276162E-004
 -2.059606710380559E-004
  2.781095254794631E-004
  9.805028694201755E-005
 -2.226245654982104E-004
  1.360133152668344E-004
  1.554237468734883E-004
  9.262918319183201E-004
 -1.496612379613009E-003
  6.779213319039778E-004
 -1.856055567872663E-005
  7.944753178315426E-005
 -2.288427407512486E-005
 -3.480295170384657E-005
  2.236798115744420E-005
  5.336350738257320E-005
 -1.580297796207475E-005
 -1.591483179177070E-004
 -8.087918304039267E-005
  4.969691331949425E-005
  2.123969308470504E-005
 -3.389393535741950E-005
  1.000094740247134E-003
 -4.396103989621281E-004
 -1.590590052836364E-003
  1.419453964438938E-004
 -1.975628203780322E-005
 -8.960325649570006E-005
  2.125231402036938E-004
 -2.591655745512038E-005
 -2.560891364970429E-004
  6.220745696918133E-004
  3.271278621002460E-004
 -1.411736652112562E-002
  1.553978610058830E-004
 -2.322335932996549E-003
  4.486409832983208E-005
  9.918540746104443E-006
 -1.182341118862362E-003
  6.155688132749701E-003
  2.120625331103630E-003
 -1.906527149263557E-002
 -1.304154131321898E-004
 -2.010359708306148E-004
  3.827623775315710E-004
 -8.752085879565885E-004
  3.903166214879300E-003
 -9.455535319117540E-004
  6.826074361247801E-006
  8.713379838377599E-007
 -2.544038560747031E-005
  3.211397370945060E-006
 -1.736769206925967E-007
 -8.527478466804407E-006
 -3.460496825534051E-005
  6.426120579487570E-004
 -1.116980247182070E-003
  8.589967801465588E-005
 -2.263952877942488E-004
  1.390456185860157E-004
 -1.665776198709178E-004
 -4.440715160114657E-004
  8.067794185626197E-005
  2.881087772904884E-004
 -6.385007612986354E-004
  2.970128538215837E-004
 -4.519759661030935E-004
 -9.749579451435362E-004
  1.638671888126051E-004
  2.407774683668800E-006
 -4.665473826333956E-006
  3.194735063558245E-006
 -3.280405702661542E-006
 -8.857445802895035E-006
  8.726310189927418E-007
  1.881059492583550E-004
 -6.561089463104155E-005
  6.974612639545768E-004
 -2.850448762402362E-004
 -1.353923832840808E-003
  9.693892698188123E-005
  7.835076294084950E-007
 -9.828748068962671E-005
 -3.654062152971178E-005
  2.438533912448653E-005
  1.268999842305372E-004
 -2.673586201271201E-005
  2.644205228299847E-005
 -5.306177932629739E-005
  1.896132384063130E-005
  2.986746695200306E-005
  1.346158521567840E-005
 -4.787951142505653E-006
 -4.361078406829797E-005
  3.507289081817998E-005
  2.386524763286182E-004
 -7.545764646521517E-005
 -1.623017940656954E-005
  6.980477795806195E-005
  5.347848936221428E-005
 -8.731331296587994E-006
 -3.495957830689763E-004
 -6.287491102693978E-003
  8.913014313071999E-006
 -2.392254109177803E-003
 -7.552335752584899E-006
  1.132102148902480E-006
 -2.968580449745163E-003
 -3.130128925402194E-003
 -2.111774923289515E-002
  1.402638527785311E-003
 -3.253485019316553E-005
  3.280300932028095E-005
 -1.551212268419007E-004
 -1.114627432357404E-003
 -6.404775581713009E-004
 -1.396693082421882E-004
 -2.683764127319169E-006
 -1.827776500047180E-005
 -3.123868628727030E-006
 -7.616351791824757E-007
 -7.955413906846005E-006
  5.066537914322091E-007
 -1.472787845166755E-004
 -9.143523424598085E-004
  4.030617665225523E-004
 -1.669648389892066E-005
  1.890069255123892E-005
  1.250538412393537E-004
  2.598036885461685E-005
 -1.390484890824992E-004
 -9.283884955696189E-006
 -5.964327052215211E-005
  1.404887862654071E-004
  3.098354370322693E-004
  8.346239128373043E-005
 -3.472429734885155E-004
 -2.381912076157831E-005
 -6.887739394634495E-007
  5.274365147280184E-007
  6.080380484856722E-006
  8.149500225332636E-007
 -6.654502057060856E-006
 -1.261760830698140E-007
  4.649026997606960E-005
  4.174871464023915E-004
 -4.384786065290156E-005
  3.556749194641039E-005
  1.104688920310861E-005
 -8.205776192247999E-005
 -9.197773239746338E-006
 -3.065778873410620E-005
 -4.283849547101673E-005
  1.779828840621250E-005
 -2.641843980646179E-005
  9.795031313026511E-006
  1.346541513046282E-005
  4.215858467836514E-005
 -9.738456657282256E-006
  2.266369308838624E-007
 -5.915519926446739E-006
 -2.469285277185395E-005
 -4.118013338768105E-005
 -1.435033937505787E-006
  1.730463959192651E-005
  1.918159371684600E-005
  6.785178171037318E-006
  1.962839152282233E-005
  4.337318258741997E-006
  7.183913954952908E-006
  8.734646205042277E-003
 -1.402499607847725E-004
 -4.930879980602922E-004
  2.726047633688682E-004
 -1.273580694651613E-004
 -1.073067402809104E-004
 -1.970891513025187E-004
 -2.793242401624041E-004
 -2.429357523882863E-004
 -5.668097562641810E-004
 -1.978276314679259E-004
 -1.953692852042215E-004
 -2.286070609491952E-004
 -5.035147033458171E-006
 -9.480124477788331E-006
  8.223585866370752E-005
 -4.357338765930396E-005
 -1.690581980297904E-005
  4.860853469276213E-005
 -1.143576670746860E-005
  5.086520130516845E-005
  4.103174158398429E-005
 -3.898980299586860E-005
  7.921652343566453E-005
  5.042556970333720E-005
 -1.458782803558965E-002
  2.118805046116638E-003
  4.849084839906383E-003
  3.594022332753466E-004
 -1.504089539122825E-004
  3.622947420781735E-004
 -1.333351232336095E-004
 -2.314000297492877E-006
  4.559541586386515E-004
 -4.261784928031396E-004
  5.774161177105787E-004
 -5.102618974747660E-004
 -6.497856042342559E-005
  4.937139418457875E-006
  6.360866519650090E-005
 -5.505899168824508E-006
 -5.947840940233209E-005
  7.595407172438111E-006
  5.454126998387421E-005
  2.924482949323893E-005
 -1.863459212675997E-004
 -6.640154809432690E-005
  5.623496094784030E-005
 -2.086306709244838E-005
 -8.547979044107923E-005
  5.740020231165430E-003
  1.508575233744540E-003
 -2.569280563026966E-003
 -6.618350314066071E-004
  6.522420605334405E-005
 -8.795513651791196E-005
 -2.495631338464540E-004
  3.401212616145261E-004
 -1.123574083690377E-005
 -1.660248867759775E-004
 -6.420529647654850E-004
  1.206012655273931E-003
 -3.158090676452772E-004
  2.614627536024968E-005
 -3.798027620793466E-005
  6.232816986834623E-007
  1.724238667543239E-005
  1.057421759233451E-005
 -4.338866203568208E-005
  7.347792818241100E-005
 -1.084169731947437E-005
  8.767002279582697E-005
 -4.815151923849243E-005
 -5.740887296557251E-005
 -2.532640894391857E-005
 -6.959072243885956E-003
  1.956775869557534E-003
  5.971960427261463E-003
  2.564747730508378E-004
  2.819661574061033E-005
 -3.804423807667330E-005
 -2.096862185070393E-004
  6.546071054586208E-005
  1.251310607142854E-004
 -5.281284596507904E-004
  7.754465195188080E-004
  1.809919028749890E-004
 -2.664623791163147E-002
  4.206982735913202E-004
 -3.357371935931121E-003
  6.089316584222322E-006
  7.140673744205350E-006
 -6.268503919117990E-004
  1.184650767710868E-002
  3.769555039641522E-002
  1.428993323211716E-002
 -3.539568772164387E-004
 -5.386055938174650E-004
  1.336711877510059E-005
 -1.088666288776580E-003
  8.334271596791678E-003
  3.454811525771768E-003
  1.413003723878831E-005
  4.098214401161212E-005
  1.284613998847269E-005
  6.294452752214732E-006
  2.092080387641456E-005
  7.813771438173925E-006
  2.782981767058562E-004
  1.803636533988036E-003
  8.426504781428139E-004
  2.625747398987253E-004
 -1.497109638686365E-003
 -6.787618633347185E-004
 -2.000765807883861E-004
 -6.058456435210478E-004
 -6.249815911033924E-005
  7.602095398744194E-004
 -4.258324010686780E-003
 -1.688646233365882E-003
 -7.023632829433520E-004
 -1.714219076264412E-003
 -5.784625693106746E-005
  6.579905634095425E-006
 -3.221435982223303E-005
 -1.348019708084293E-005
 -4.494666289414827E-006
 -1.232003968353825E-005
 -2.085239344680598E-006
  4.023744097461551E-004
 -3.355039379816795E-003
 -1.485875463004501E-003
 -3.307723997998892E-004
 -1.087361431602462E-003
 -7.160200994626596E-005
  1.542711002329005E-005
 -2.279697835489429E-004
 -8.320334338443240E-005
 -7.117693349451100E-005
  1.501486905265428E-004
  2.489560342464086E-005
  1.010550603524233E-004
  1.827537074885335E-004
 -7.519539750832698E-005
 -3.318345470136702E-005
  3.270068503460037E-005
 -3.576110774002895E-004
 -2.770785940587548E-004
 -1.667698685123321E-004
  6.502134916758324E-004
  6.866781340853099E-005
  8.380415635993558E-005
  4.399270490105707E-004
  1.061986083204828E-004
 -5.428281831727196E-005
 -3.006506204216723E-004
  1.198858031609233E-003
 -4.819438579546227E-005
 -6.874316489523648E-004
  2.423597351885214E-006
  1.051732308860377E-006
 -2.025107068043699E-003
 -3.587284846387982E-003
 -4.792976565523317E-002
 -2.091783097564651E-002
 -5.555720425008640E-005
 -3.284438443725915E-005
 -4.380231421854905E-005
 -8.190143848672421E-004
 -3.185024697137077E-003
 -1.617937654862461E-003
 -2.139009094384645E-006
 -3.686554517100736E-005
 -1.796553922925939E-005
 -1.020579744312223E-006
 -1.722222465123219E-005
 -6.925054472097557E-006
  1.346336732061200E-004
 -2.831418171375005E-003
 -1.329350631850720E-003
 -1.208255625901531E-005
 -3.240461587478617E-005
 -1.824701480966686E-006
  1.002166739856438E-004
 -1.818590064054806E-004
 -8.813411772662849E-005
 -2.471560628197685E-005
 -5.729398651900748E-005
  3.608564352947753E-006
  2.677999409200228E-004
 -4.962351147564859E-004
 -2.430843346380459E-004
 -9.589887171253792E-007
 -1.462217450011271E-006
  3.585345734717004E-007
  4.155613295676869E-006
 -7.532447939089284E-006
 -3.196624578551490E-006
 -5.596055391473552E-005
  6.002377376216212E-004
 -2.690781997157521E-005
  1.632706842995668E-004
 -2.400524410920687E-004
 -1.073101303848313E-004
 -1.123565656608463E-005
 -3.594697326572471E-005
 -3.108881215583961E-005
  5.761563424327217E-005
 -5.134056588539075E-005
 -2.390866454501829E-005
  1.058194877327056E-005
  9.885380915912594E-005
  4.201126945913028E-006
 -2.258833233442878E-005
 -8.621094144074549E-006
 -8.251059269541840E-005
 -5.707787640140472E-005
  1.737416756129693E-006
  2.981302535845507E-005
  2.412586567609396E-005
  1.522809567004830E-005
  8.076178879266131E-006
  3.682630568527351E-005
  1.633389917404620E-005
  6.516399864233756E-003
 -1.417621916206744E-003
 -1.790845917110258E-003
 -2.118363321679406E-004
 -1.457248330185817E-004
 -4.775851040119695E-004
 -4.307888369834541E-004
 -1.218833899800517E-004
 -1.309933247282500E-003
 -9.590846014061532E-004
 -2.654861255020367E-004
 -6.882340139025756E-004
 -5.543215174719169E-004
 -3.719626029289683E-006
  5.370940953874237E-005
  8.834528947780324E-005
 -1.133387765570268E-004
  7.788413598690662E-005
  1.170584025863165E-004
  2.119504254994641E-005
  4.626097213896774E-005
 -2.034020123717399E-005
 -1.524259430361006E-004
  1.348892936929375E-004
  1.312309004861542E-004
  2.619811706109158E-002
 -6.129064878253112E-003
 -2.287314689522221E-002
 -7.743837785289555E-004
  1.695308540329614E-004
 -2.216755535943164E-004
 -3.058344857509213E-004
 -1.499511480778266E-005
  4.555610762827668E-004
 -8.898519442901846E-005
 -3.377629821489621E-004
  3.056821487969732E-003
  2.007188438597131E-003
  2.220181843740125E-006
 -7.146659880487902E-005
 -3.091129592832541E-005
  1.170947954806209E-005
  4.467581333212246E-005
 -1.392966139180221E-005
  1.700605385943865E-004
 -1.327116248294279E-004
 -1.770301124151482E-004
 -7.176433530085575E-005
  3.095834032342493E-005
 -9.829620329353071E-005
  1.206697790410811E-002
 -3.343726924941894E-003
 -1.340772298093219E-003
 -3.659113636666757E-004
  9.467898879031298E-005
  2.767249457070614E-004
  5.439299454042574E-004
  2.473172617857019E-004
  1.231646047233206E-003
  1.020615273116229E-003
 -3.673001232699973E-005
  4.682756599633528E-004
  1.439773268755438E-003
  1.116838774348914E-005
  4.647640105705225E-006
  6.148434973707494E-005
 -9.358221859720001E-005
  3.261675308858786E-005
  8.241383085371088E-005
  3.107269637076417E-005
 -1.636270694067235E-004
  1.055244734553993E-004
 -4.912034338163945E-005
  4.583786026471281E-005
  1.804764701087527E-005
 -6.029264536563641E-002
  1.473169571251311E-002
  3.480286856189563E-002
  1.466097013532157E-003
 -2.594989916761784E-004
 -1.037609743586892E-003
 -4.744640919530485E-004
  2.205324053452680E-004
  3.953649739727209E-004
 -1.506079491939764E-004
  7.473588316664870E-004
  4.120175133503807E-003
  2.467507912093564E-005
 -1.226068175135307E-002
  1.608594854649858E-004
 -1.198124299915471E-004
  2.631989235901432E-005
  6.238983906646500E-006
  3.349350393206745E-004
  2.990883062132097E-003
  1.733576739785826E-002
  2.101270108598321E-002
 -1.486958122031527E-005
 -1.783405031649386E-004
 -2.028176780170462E-004
  2.244971033239435E-004
  2.296477124001961E-003
  1.987952701245677E-003
  5.172729808195298E-006
  2.028884837265593E-005
  2.496549665360855E-005
  1.801014574915935E-006
  1.000776281730667E-005
  1.065111222174670E-005
  1.966713571341990E-004
  5.828153744776522E-004
  1.047089699214995E-003
  1.068820052631387E-004
 -6.048583197977968E-004
 -3.911755611492224E-004
 -5.671693810889913E-005
 -4.352849713565120E-005
 -5.016506715423960E-005
  3.285698982429709E-004
 -1.731782454120855E-003
 -9.801033491261084E-004
 -2.492420828878502E-004
 -2.283311095759028E-004
 -7.932781535512068E-005
  2.535600924250235E-006
 -1.319476643983374E-005
 -8.088375094069013E-006
 -1.356386742510007E-006
 -9.817395699970358E-007
 -1.179214181740228E-006
  1.637953286037755E-004
 -1.732835906374236E-003
 -1.170554276646976E-003
 -7.447675390731685E-005
  2.277449954205701E-004
 -8.931857469645870E-005
 -2.806496972442430E-006
 -7.155444368668066E-005
  7.375149184029499E-006
 -2.016626973715174E-005
  1.047658437244299E-005
  2.858576065447904E-005
  3.875630715386153E-005
  1.376573981726878E-004
 -4.471447777490392E-005
 -4.834418245223909E-005
 -2.449990850144199E-006
 -1.723403645172504E-004
 -1.240370796728222E-004
 -5.964577323440334E-005
  2.191543336262550E-004
  6.699574578483594E-005
  5.134252098593993E-005
  2.352617811970472E-004
  1.831280155943065E-005
 -3.707490050807501E-005
  8.097976443317941E-004
  6.334927341408445E-003
  3.532514595681507E-005
  4.812226047755191E-005
 -2.352831196220791E-005
 -2.638014371140834E-006
  4.667415056850981E-004
  3.963660679282240E-003
 -1.376523564796141E-002
 -5.438631772749729E-003
 -4.530423465886267E-005
  2.876123429497437E-005
 -1.406032975374582E-005
 -2.646172399356966E-004
 -8.904967872776906E-004
 -1.292604754694565E-003
  4.614560363475684E-006
 -8.118549353463255E-006
 -3.546040850772316E-006
  1.944317322414816E-006
 -5.064985904703219E-006
 -1.090352144042137E-006
  2.011455076319475E-004
 -9.353448928140249E-004
 -7.599736626582745E-004
 -3.930809156409402E-005
 -6.245536617797105E-005
 -3.790278913426546E-005
  3.682390582438423E-005
 -7.578394686935437E-005
  2.484185739709778E-006
 -1.172238109422431E-004
 -1.594627639117777E-004
 -1.689580169988014E-004
  1.144382462728964E-004
 -1.859348137548173E-004
  2.785564669346649E-006
 -2.274919504499946E-006
 -2.559542283372028E-006
 -1.898379903380295E-006
  1.861090633727718E-006
 -2.870781485187451E-006
  4.138288707722277E-007
 -1.096615231997764E-004
  8.733112315795665E-005
 -4.873625728517777E-005
  9.169609264483944E-005
 -1.192799934910746E-004
  1.796543055493698E-005
  3.796949149661669E-006
 -1.277812867199964E-006
  2.185957274489379E-005
  8.787542075398628E-006
 -2.722347706095403E-005
 -2.017838952438363E-005
  1.911140047274394E-006
  2.202673724046448E-005
 -4.455607274623217E-006
 -1.462876999511942E-005
  7.266499681130302E-006
 -1.143786222488972E-005
 -1.567175478874016E-005
 -1.142397187174173E-005
  1.488730127385836E-005
 -1.037552717164918E-005
  4.020302019503698E-006
 -1.123871756589436E-006
 -6.230438336213714E-007
  5.598542181776532E-006
  5.920550840581623E-003
 -1.626946175743572E-003
 -3.342787711950232E-003
 -3.207551644797811E-004
 -8.017806941426994E-005
 -5.627766287241019E-005
 -2.552266569794178E-004
 -3.944349968177478E-005
 -2.364211796181153E-004
 -4.855723749526841E-004
  9.231820956246834E-005
 -2.471691656513283E-004
 -5.877554246033457E-005
 -1.645158729333291E-005
  1.820757423914854E-006
  3.410112881894352E-005
 -3.328783152010565E-005
 -1.750949982165890E-005
  4.973941881343856E-005
 -2.814856498604178E-006
 -8.289852091942762E-006
 -4.663336693255244E-005
 -4.140020682348021E-005
 -1.616655103839513E-006
  4.421506332208439E-005
  1.805665946795209E-002
 -3.095285545426402E-003
 -1.282820567659914E-002
 -5.410912361455285E-004
  1.496995341737114E-004
 -2.585903556385010E-004
  2.645840266723095E-005
 -1.438687289779603E-005
  1.239159231783275E-005
  2.838040926675158E-004
 -4.561149933422561E-004
  1.840738893971573E-003
  1.015505153630396E-003
  1.977905356058902E-006
 -6.233007051931056E-005
 -6.185872761218909E-006
  3.967974348518433E-005
  2.289315771669823E-006
 -4.165764884124323E-005
  6.438962602495603E-005
  4.272649982937415E-005
 -9.224285772943483E-005
 -5.463932389540526E-005
  2.878570027130538E-005
 -9.750302129550771E-006
 -2.607706025643024E-003
 -9.305481499107082E-004
  3.050874868783558E-003
  1.431792641774197E-004
 -5.637869945014561E-005
  2.782028967324224E-004
  3.317668549346954E-004
 -1.949895622782911E-005
  6.409634383092498E-004
  6.115240143821599E-004
  4.789467308375445E-004
 -5.836959923101650E-004
  9.634933981556181E-004
 -6.093843398695044E-006
  4.538549161796139E-005
  1.908685820332410E-005
 -6.332078097224335E-005
  2.331787466896535E-005
  6.941462437093838E-005
  7.086308740454468E-006
 -1.319141748523807E-004
 -5.391838486371545E-006
 -1.341243400383336E-006
  1.078425015133556E-005
 -5.745065340071132E-006
 -3.057280649765764E-002
  7.415733846826285E-003
  1.623222034701539E-002
  6.585335624127893E-004
 -1.807037036638494E-004
 -5.943976300346779E-004
 -1.422535790983390E-004
  8.064054835016124E-005
  7.026590180679934E-005
  2.741449480291613E-004
 -6.375456952030392E-006
  1.787931896043652E-003
  1.043864759100994E-003
  7.284242104584723E-005
 -4.501013043705423E-004
  1.215791617201634E-005
 -2.309900954836792E-004
 -7.826990990014435E-007
 -2.053198949390962E-008
 -3.577144033415763E-005
  9.402787613526563E-004
  5.431473783599906E-004
  4.156192630858044E-004
 -5.291876708380129E-005
 -1.610960049070900E-006
 -5.032607512017799E-006
 -1.279475877453057E-004
  6.903361150253254E-005
  4.299458186399713E-005
  8.784703986861772E-007
  7.731391522251515E-007
  4.107414444588421E-007
  5.905589752039138E-007
  2.871506346946739E-007
  2.242827063661749E-007
  8.734513548555738E-006
  1.872311305922237E-005
  1.383292260970735E-005
  1.980077848582632E-005
 -2.239279721734237E-006
 -1.821681542948807E-005
 -1.509188229561751E-005
 -8.384733883694293E-006
 -4.708896190208804E-006
  4.144791249413562E-005
 -1.614124010378192E-005
 -4.194446101882204E-005
 -3.479041562817643E-005
 -2.837731687803285E-005
 -6.657496865959191E-006
  4.619345231099130E-007
 -6.911696752582160E-008
 -3.664693715713151E-007
 -3.392921156601163E-007
 -1.742627790418438E-007
 -1.226424074497966E-007
  1.684144944456532E-005
 -4.181273442388035E-005
 -2.957884914464873E-005
 -1.607231204636412E-005
 -1.406960085175586E-005
 -7.691373982011969E-007
  1.125137315914937E-006
 -1.404228972454725E-006
 -9.308943505391633E-007
 -1.924760671825446E-007
  4.667499056647631E-007
 -3.182935880562267E-006
  9.042400335606043E-007
  3.953453907237145E-006
 -1.308491128227088E-006
 -1.007519852232661E-006
 -1.036738978420695E-006
 -1.927698133953712E-006
 -6.864319968625340E-006
  4.373204411895057E-006
  8.184094512974080E-006
 -1.262987476632973E-006
  8.364572419843904E-007
  7.509898182308181E-006
 -5.816735919994590E-007
 -2.151927378942803E-007
  6.185865261029002E-005
  3.926847061111010E-004
 -9.397824507054897E-006
 -2.475336735292585E-005
  2.097580605585099E-007
 -2.947873486839722E-007
 -3.700869593208462E-005
 -9.021999488549492E-004
 -3.142237940809389E-004
 -1.776928640595068E-004
 -8.696865349875289E-006
 -4.607402703095688E-006
  7.276640664876291E-006
  1.045550122319713E-005
 -4.171162997906809E-005
 -3.262994535871331E-006
 -1.088832081287170E-006
 -2.405292771898617E-007
 -4.640014396033311E-008
 -4.097154588810039E-007
 -1.063902565012071E-007
 -5.807300627364599E-008
 -9.711159322058936E-006
 -2.711876754514152E-005
 -8.947785465812625E-006
  5.348991821114874E-006
  2.959331506204786E-006
 -7.544310933177882E-006
 -1.771929532118319E-006
  1.616077137292490E-007
 -3.577062288996555E-006
  2.133179773354269E-005
  7.952041520408999E-006
 -2.037765476345780E-005
 -7.923467191867932E-006
  1.042532595658449E-006
 -1.340833054167475E-005
  2.159905452420562E-007
  1.357488468094654E-007
 -3.417325956066220E-007
 -5.727199885559398E-008
  7.354305384734898E-008
 -1.587185463864623E-007
  1.333927115921525E-005
  6.561214508210580E-006
 -5.329578559478488E-006
 -4.274946560301826E-006
  2.146369499234181E-006
 -9.064324598913419E-006
 -1.741643963641550E-006
 -3.406604325343822E-008
  9.220577485287951E-008
  3.444126717150907E-006
  1.517450498573668E-006
  1.780805173773743E-006
  4.055214138353902E-008
  6.917476005062370E-007
 -8.759038089717884E-008
 -2.613177917863722E-007
 -2.364130745050856E-006
 -3.193365534342303E-006
  3.663530168018530E-006
  2.994533201426060E-006
  1.026794761990924E-006
  4.097859033726509E-006
  2.964861333877789E-007
 -1.575115130153812E-006
  2.303907134178966E-006
 -6.961383459549061E-007
 -2.630626220060332E-004
  2.054046131723217E-005
  6.365514293194608E-005
 -1.404794819714363E-006
 -7.632928797697475E-006
 -8.273559546853435E-006
  3.933833330353791E-006
 -2.587521273097911E-005
 -2.218411959091414E-005
  1.271099692300901E-005
 -1.662709783406025E-005
 -6.386076743255079E-006
 -2.888031940955093E-006
  2.421357816820006E-006
 -4.519952091739513E-007
  1.310756993312415E-006
 -1.140703515025985E-006
  5.054282040889646E-006
 -1.280654301794021E-006
  5.355200977662943E-006
 -4.409891381323903E-006
  4.987622610855218E-006
 -3.106173636553670E-006
  4.294512363080529E-006
 -2.249027341109272E-006
 -6.974826343045175E-005
  6.258163194175204E-005
 -9.900657165437789E-005
 -7.856168959225179E-006
  5.877766238990461E-006
  3.992985612104893E-006
  7.905119032599615E-006
  1.239963844496384E-005
  3.818286355119450E-006
  1.172163150596826E-005
  1.395656444827379E-006
  3.865610270744757E-005
  2.126767630998703E-005
  1.758522874788691E-006
 -2.569623245400768E-006
 -1.015647773778576E-006
 -6.500738412334728E-007
 -1.200089993674487E-006
 -1.108449033555218E-006
  6.352259591535261E-007
  7.141830611363521E-007
 -1.602580722199416E-006
 -1.348282110027131E-006
 -1.128432328988065E-006
  7.130561508736048E-007
 -4.674300741817965E-004
  1.023177087542413E-004
  2.345061496045603E-004
  5.284515871484831E-007
  3.461990311852086E-007
  1.302969485004284E-005
 -3.458482584339807E-006
  1.083336192190752E-005
  2.012285064538328E-005
  3.670753532810770E-006
  9.754742347898635E-006
 -1.079793528211206E-005
  2.168641284432861E-005
  1.627252763933410E-006
  4.322194977235078E-007
  9.387879001365220E-007
 -2.364397074686542E-006
  2.275275644054645E-006
  7.371443107531318E-007
 -9.710158594891729E-007
 -3.396495224243251E-006
 -5.703548066902241E-007
 -5.667109890395547E-009
  1.685670451391993E-006
  9.766829693795684E-007
 -1.227887292369543E-003
  2.990920250391556E-004
  6.181673332445423E-004
  1.793564577789889E-005
 -2.589804171956903E-006
 -2.335402169085128E-005
 -9.000266567349654E-006
  1.234351306894928E-005
  1.715297490275173E-006
  2.380477855345067E-006
  7.765009346559348E-006
  5.871865115343449E-005
  2.786899809988951E-005
  2.047038889072355E-006
 -7.328484746135021E-005
  1.463167681261157E-003
 -4.492576511634910E-006
 -2.913156213843495E-004
 -9.710294323665258E-006
 -1.624233974961141E-006
 -5.415143389449002E-005
  1.212011537751761E-003
 -1.674024172360043E-003
 -1.656169545213700E-003
 -9.151510437878503E-005
  1.795966732511166E-005
  7.985535665593951E-006
 -3.103644073242617E-004
  1.940104620327111E-004
  2.733971068675947E-005
  6.244335166023688E-007
 -2.236869826819563E-006
 -2.034685105583032E-006
  8.199668244693401E-007
 -1.029745176234148E-006
 -8.873677114704614E-007
 -1.049068379747008E-005
  1.605113080942310E-005
 -5.308755563900590E-005
  2.499495230184136E-005
  4.482337343841511E-005
  2.272355742641907E-006
 -1.913331532592281E-005
  4.552000110639515E-006
 -5.861636975918539E-006
  4.259041345837189E-005
  1.115107551951010E-004
  1.645306713479725E-005
 -2.911952380128250E-005
  8.486748617022823E-006
 -1.347088965708939E-005
  5.380822941957101E-007
  1.026421594449432E-006
  6.794385657663660E-008
 -4.273138255515624E-007
  9.524943695018528E-008
 -1.107684686441477E-007
 -1.924014885936303E-006
  1.330965775015873E-004
  7.178288374754358E-005
  2.669577883418188E-006
 -3.905113090758451E-005
 -7.455629974818851E-007
  4.565616472978157E-006
 -1.915561346862095E-006
 -7.018794881434902E-006
 -4.327182001302566E-006
 -1.578104204656355E-006
 -9.369667417631904E-006
 -1.683201444719520E-006
 -8.937218003083492E-006
  6.965165681020653E-006
  5.318670961506131E-006
  1.343756403459716E-006
  1.525695479666956E-005
 -4.365984072875141E-006
  4.181010711071207E-006
 -8.534156399140742E-006
 -8.212279921450355E-006
 -4.978841728374951E-006
 -1.107134282015480E-005
 -3.204296115447057E-007
  5.145775631009982E-006
  6.590134294573039E-005
  5.226758687006769E-004
 -2.188941512935223E-005
 -1.687184243401186E-004
  4.345314854898317E-007
 -8.829158422492804E-007
 -1.229707344790636E-004
 -1.986106357819131E-003
 -1.038645166668465E-003
 -5.192853742221756E-004
 -1.550639773571411E-005
 -1.599580177319960E-005
  7.071772706234925E-006
  7.945667238698351E-005
 -2.817349846807906E-005
  5.943417380014482E-005
 -2.567542899083879E-006
 -1.384008571331352E-006
 -6.531528471704763E-007
 -9.397184702650158E-007
 -4.079997468296123E-007
 -2.262399277583848E-007
 -2.537267636948887E-005
 -3.630558509878174E-005
  1.310826894018136E-005
  1.391362050618994E-005
  1.868218296253859E-005
 -4.806205017849871E-006
 -3.246573111501726E-006
 -6.301675535064982E-007
 -1.066704739468821E-005
  5.169153401713192E-005
  5.746455764515141E-005
 -7.522734916183575E-006
 -1.580623490533695E-005
  2.266026718197430E-007
 -3.588529911179497E-005
  6.123611430903241E-007
  8.297257016956471E-007
 -2.314303475970549E-007
 -1.356254757791085E-007
  9.180458994831049E-008
 -4.767356673112156E-007
  2.856820792503617E-005
  3.293659902538205E-005
  1.767597300847811E-006
 -1.023951807421002E-005
  1.185464868944693E-005
 -1.832868985082615E-005
 -3.951471120816831E-006
 -5.100004886379940E-006
 -4.054545090239397E-006
  6.520348835199384E-006
  3.308041124498442E-006
  5.334064527251108E-006
  1.272238873897554E-006
  2.827414068922261E-006
  1.283288264687277E-006
  4.090436737723783E-007
 -5.105852733111155E-006
 -9.021560179227050E-006
  6.684432639513459E-006
  6.304150723135933E-006
  2.270252739222012E-006
  9.013407476197530E-006
  1.055670041979792E-006
 -1.512336178368673E-006
  5.854550053287674E-006
 -1.724032153714929E-006
 -5.537962720464497E-004
  9.452697982150464E-005
  2.973342968857471E-004
  2.739533310882750E-005
 -1.409814515787147E-005
 -2.116474652477173E-005
  9.664357815938752E-006
 -5.698665541801396E-005
 -5.872376131296487E-005
  2.009324477639655E-005
 -5.000595365167187E-005
 -2.079601920915227E-005
 -1.893353154572274E-005
  5.850412109642782E-006
  8.329801360557477E-007
  4.510162930170603E-006
 -3.416795243544451E-006
  1.185933005142166E-005
 -2.433616866098331E-006
  1.171469045058334E-005
  7.029273270299778E-007
  1.806042774938392E-005
 -8.685646737604279E-006
  1.266284404895090E-005
 -3.029043712979058E-006
 -2.022112438021589E-003
  4.236493415162760E-004
  8.248975084489462E-004
  4.976711847401907E-006
 -1.159916793649232E-005
  3.329404076141499E-005
  1.340620935951566E-005
  2.340522393362538E-005
 -1.440352453093637E-005
 -9.648696600619447E-006
 -5.368621619629550E-006
 -8.571721945667658E-005
 -4.243859838557064E-006
  2.250036757390005E-006
  3.920349571437638E-006
  2.715542218007127E-007
 -4.269845510111743E-006
 -1.893981096254393E-006
  2.019808752721738E-006
 -4.859171320069471E-006
 -8.037502021453912E-006
  5.085768683906972E-007
  7.527815607501585E-006
  2.370689552234096E-006
 -2.668644287432113E-006
 -5.235371022956196E-004
  2.358795068887422E-004
  2.171652919718437E-004
 -1.297354683810680E-005
  2.767133618515186E-006
 -1.141392226524869E-005
 -4.186276365274486E-005
  2.494445540417438E-005
 -3.503669093063869E-005
 -6.403374517317616E-005
 -2.200707876451859E-005
  3.909778382609424E-005
 -3.303545635142432E-005
  3.012240956220696E-006
 -4.094026651336057E-006
 -1.449255640869629E-006
  3.359578166321212E-006
  1.511214369401281E-006
 -6.371819122541908E-006
 -1.039099478924105E-006
 -1.568548542584616E-006
 -8.103644823598258E-007
 -5.252361891018948E-007
  7.636165713763417E-006
  1.564335668026000E-006
  2.180228889158273E-003
 -5.353186103951807E-004
 -9.846149040985716E-004
 -8.286236653393506E-006
  2.666032917352979E-005
  4.457120780448913E-005
  1.106375485676594E-005
  8.841827126387322E-006
 -1.353913885953578E-005
 -2.654770763434691E-005
  2.832962643816120E-005
 -7.810722836078782E-005
 -7.008580932052927E-005
  5.651701889548356E-008
  1.180063440421355E-005
 -3.782047281587033E-005
  9.511401827463520E-004
 -7.524332236391401E-006
  6.066214958881580E-005
 -3.685245420115993E-006
 -7.951623229583635E-007
  4.281913700735178E-005
  3.281127234140675E-004
 -9.843536552387147E-004
  5.176695929621064E-004
 -2.310674569681854E-005
  1.546702239534351E-005
 -1.808536053905455E-005
 -8.567771020057057E-005
  8.821339455454246E-005
  9.785705449889994E-005
  1.556046703206045E-007
 -1.310363182327580E-006
  7.589004204853223E-007
  2.531663879844440E-007
 -5.749404835871529E-007
  1.975909252570227E-007
  2.008769214348628E-006
  4.737847365582482E-006
  4.628548508782654E-005
  9.240248733737864E-006
  1.942192668978080E-005
 -8.671611604532707E-006
 -4.653146081245940E-006
  2.741200579272784E-005
 -4.587102652491923E-006
  1.949841441219544E-005
  4.639454290445534E-005
 -1.596413289987892E-005
 -5.354328831912610E-006
  6.075331810950118E-005
 -1.414408558028283E-005
  1.773444499148999E-007
  4.558943247950037E-007
 -1.893175199560599E-007
 -1.139120097456034E-007
  5.479135450422866E-007
 -6.343244016929654E-008
 -3.356144098112425E-006
  4.743211406870610E-005
 -1.367789029317011E-005
  1.292403700276943E-005
  4.137778102757460E-005
 -9.567892904657007E-006
  1.680325306276405E-006
 -1.174460377989747E-006
 -3.886710646647625E-007
 -2.554237433280031E-006
 -5.979758898211939E-006
 -2.486738485549184E-006
 -8.892235612110733E-007
  4.824412714068819E-007
  3.842131061622967E-006
 -3.125673558070651E-008
  4.760524029981367E-008
  5.613911133451675E-006
 -3.348158459970925E-006
 -1.646947639062067E-007
 -8.705876100741623E-006
  2.187904300676573E-008
 -1.510770213175584E-006
 -1.828942428040916E-006
 -1.081600493924923E-006
  1.725700296003947E-006
  4.555638871934655E-005
  2.133343018411100E-004
 -7.439731641654524E-006
 -1.210499505694073E-004
 -2.430193796426656E-007
 -3.551649786511718E-007
  1.328082662519444E-005
 -6.239374506785845E-004
 -5.245663186906176E-004
 -1.318277851646036E-004
 -6.058488522843328E-006
 -3.962604684007016E-006
 -4.507148882056842E-007
  6.216876793657363E-005
  8.554051588659622E-006
 -4.117321479184521E-005
 -8.999202273352952E-007
 -6.357296874357487E-007
 -7.804705882269315E-008
 -3.022845413224759E-007
 -2.160696305367432E-007
 -2.756335708103346E-008
  6.706790298999186E-007
 -2.054982433917461E-005
 -2.582798885355461E-005
  4.180487174501174E-006
  8.323093258976023E-006
 -6.557386451253544E-006
 -8.927844804652637E-007
 -1.676113029992152E-006
 -3.287702694035910E-006
  1.503705713271297E-005
  2.763674837963125E-005
 -2.156833210217098E-005
 -3.541261704420125E-006
 -1.117255959351391E-006
 -1.149579542829284E-005
  1.791817215163382E-007
  3.773082224187399E-007
 -3.163586573309393E-007
 -3.186977385305289E-008
 -2.065285249041103E-008
 -1.473119476632853E-007
  5.778045787982605E-006
  1.238305356360120E-005
 -3.397922986198483E-006
 -1.669466055550519E-006
  3.653346518345255E-006
 -4.108579732432087E-006
 -1.069509233859770E-006
 -2.693659407488817E-006
  4.884048556218779E-007
  1.988834409676484E-006
  1.230635608294833E-006
  1.219693291902826E-006
  7.146036513072495E-007
  7.456846031834040E-007
  5.498484535670685E-007
 -4.113631529350940E-007
 -1.076909229592052E-006
 -3.516265390535228E-006
  3.365690174834525E-006
  1.713086434391212E-006
  2.859335340236794E-006
  1.517641254384943E-006
  4.179280562745771E-007
 -6.972289598757808E-007
  2.262481221711496E-006
 -8.894870716529146E-007
 -1.076179345726779E-004
  1.690896726243076E-005
 -8.549972796087256E-006
 -6.368023771825477E-006
 -8.082129852178020E-006
 -6.654260532901980E-006
 -1.564990406678974E-007
 -3.202785119505925E-005
 -1.771689085502065E-005
 -5.741293268404523E-006
 -1.365862011937746E-005
 -1.472569451112839E-005
 -2.188872151678828E-006
  2.120628112794787E-006
  1.360551987562515E-008
  2.248969304699635E-006
 -1.652175768085901E-006
  3.597984027828885E-006
 -4.684523447088858E-007
  5.824927138094843E-006
 -3.077531392624176E-008
  6.948813255544855E-006
 -4.372859815111266E-006
  3.178538554957397E-006
 -1.452067322983577E-006
 -3.531913106553524E-004
  1.611339159166518E-004
  2.531198185332933E-005
 -2.971244655298843E-005
 -5.346722374604938E-007
  5.901813424674455E-007
  2.177313459663111E-005
  1.132356359679202E-005
 -3.093005383685147E-005
  2.417725923198214E-005
 -4.587612256587168E-005
  1.977621272418119E-005
  3.524188335663830E-005
  9.359168801103811E-007
 -4.007216863442404E-007
  1.304123424144923E-006
  1.496068640545001E-006
 -2.417256877555330E-006
 -2.431985520655382E-006
 -2.860592749098741E-006
  2.680139647347914E-006
 -3.916328626660761E-006
  2.888211283507319E-006
  4.964162905271161E-006
 -2.761853440857749E-008
 -9.600325507746969E-004
  1.386781265791000E-004
  4.525450588244381E-004
  2.251315410220027E-005
 -8.950581079578745E-006
  7.412744173032371E-006
 -1.155278248161989E-005
  6.374567702265465E-007
 -7.485712594077047E-006
 -1.785780534460347E-005
  3.449259421004030E-005
 -5.009935591585611E-005
  1.984238902728353E-005
  2.082888878818285E-007
  2.100780044772277E-006
 -1.764232527444182E-006
 -1.449434614433393E-007
  1.502763715992053E-006
 -6.334542643848918E-008
 -1.600850538706602E-007
 -9.883113341182566E-006
 -4.293891143809500E-006
  1.611793608834461E-006
  3.935338873001108E-006
 -1.451708554963800E-006
  1.013009624774417E-003
 -2.573021846378816E-004
 -4.820856466678635E-004
  7.302906265739761E-006
  1.068048915580918E-005
  1.586563110997843E-005
  1.521309633656967E-005
  1.135869220842050E-006
 -1.746379367918671E-005
  1.745385819770270E-005
 -9.467285088714532E-006
 -3.477091320581173E-005
 -1.504544770807637E-005
  2.142101785679376E-009
  3.725587102586878E-006
  2.455347947246880E-006
 -7.943921133628458E-005
  8.283631379936303E-004
 -1.341383478414249E-005
  7.313592721666132E-005
 -3.417718226539435E-006
 -4.910144081836365E-007
 -2.453025375529690E-005
 -9.087131806709039E-004
 -7.024017973403011E-004
 -2.134350627435662E-003
  4.178653523527157E-005
 -1.551405222241092E-006
  2.898319842426706E-005
  6.659760655297281E-005
 -6.064914609443815E-005
 -1.413374027341452E-004
 -1.046564018814132E-006
 -1.064449128267425E-006
 -2.586247365444856E-006
 -5.817126032489691E-007
 -3.872288747281630E-007
 -1.069156940400225E-006
 -2.061151986179060E-005
 -1.912479694088845E-005
 -1.013842093831139E-004
 -2.124584322618400E-005
  5.287223836957392E-006
  3.767792603984334E-005
  1.576868990770003E-005
 -1.369350430261436E-005
  5.477153318483976E-006
 -5.105833489618134E-005
  2.838930394069200E-005
  8.948624316709498E-005
  3.987388412838489E-005
 -1.883998308922170E-005
  1.118445076779646E-005
 -4.924295112157440E-007
  1.480274960128001E-007
  7.841009130069368E-007
  3.584401671514061E-007
 -2.628860383165360E-007
  1.339893440643379E-007
 -2.097717495327941E-005
  8.446600866557568E-005
  1.004666946150226E-004
  1.043524587151837E-005
 -4.937086376040231E-005
  1.054192908176104E-005
  2.923241661546864E-007
  1.739057042063647E-006
 -2.380661606109787E-006
 -1.631110737873447E-006
  4.651976186585237E-006
  7.541382394093884E-007
 -1.232118737330367E-006
 -1.190023227014080E-005
  1.957299169927454E-006
  4.760297958750195E-006
  3.264142994202237E-006
  5.433797027724134E-006
  1.019966093365953E-005
 -5.861036277394437E-006
 -5.473107699497002E-006
 -3.931392705212276E-006
 -2.474298921277852E-006
 -1.549212851045957E-005
  1.989099736109421E-006
  1.764155858933347E-006
 -6.102838544153051E-005
 -4.162387081287703E-004
  6.192485754317982E-006
 -5.720347515237635E-006
 -2.391845531968342E-007
  1.005200667618819E-007
 -5.715015496609266E-005
  5.786082939617470E-004
  1.653488200558734E-004
  2.019805678542120E-004
  6.058397470094247E-006
  2.166167325411936E-006
 -7.582873692607202E-006
 -2.796179889357082E-005
  3.940893932550095E-005
  6.755945830647163E-005
  6.685903479887523E-007
  1.321776838492337E-008
 -1.693355012201961E-007
  2.577825977328220E-007
  4.870453395753653E-008
  3.237288689655869E-008
 -4.607484086659698E-006
  3.163389646160956E-005
  4.998703354490190E-005
 -2.685927629605783E-006
 -1.019346319495118E-006
  1.419778565812224E-005
  9.120371883666044E-007
 -8.470686855925327E-007
  1.773890441239179E-006
 -1.150055394934581E-005
 -2.464377337319976E-006
  4.353255357171363E-005
  3.775422964493425E-006
 -3.965305660842493E-006
  7.725130984852388E-006
 -8.626855299459587E-008
 -5.823765736929796E-008
  6.516593079501459E-007
  8.103082555650671E-009
 -1.067308638880156E-007
  7.816547043894520E-008
 -5.563472025611104E-006
 -6.778851214857290E-007
  1.038034946847754E-005
  1.106969708398008E-006
  1.992116977026783E-006
  4.456502317213096E-006
  7.820347834789419E-007
 -5.114259585750506E-007
 -2.992057276571609E-006
 -2.391910815998151E-006
 -1.493148997321083E-006
  4.580646556132513E-008
  1.648026370304743E-007
  1.644544187356489E-007
  1.701804748362758E-008
  9.425342859453199E-007
  1.095866946445371E-006
  1.988968769818485E-006
 -3.922576854449218E-006
 -1.627311084748650E-006
 -2.633110700131505E-006
 -1.660289754587463E-006
 -8.869433917412096E-008
  2.008950526289142E-006
 -1.722885752296122E-006
  6.378754427200251E-007
  2.907822971682048E-004
  7.281943239742521E-007
  6.426611083389242E-005
  2.622469872361901E-005
  6.719438007253789E-006
  6.173320794550466E-006
 -2.069594576023908E-006
  2.359519335688360E-005
  1.498176930090568E-005
 -6.522822229341055E-006
  3.973169243055430E-006
  9.845542711918430E-006
 -5.889104462091887E-006
 -1.754844355859855E-006
  3.286021593303479E-007
  1.318179027415886E-007
  8.149852817327143E-007
 -4.015726063288887E-006
  9.398590741271410E-007
 -5.638298118858571E-006
  6.086337301987359E-006
 -1.456328829092403E-006
  3.171279489200596E-006
 -1.066027768021033E-006
  2.467018629657975E-006
 -5.481848288376547E-004
 -6.256871903580147E-005
  4.959360258088273E-004
  4.420585427188395E-005
 -1.321922710650792E-005
  1.036977352462211E-005
 -2.975762189835855E-005
 -1.510259922199870E-005
  1.688683175916733E-005
 -5.074241244947755E-005
  3.895357454068320E-005
 -1.185854902568044E-004
 -6.329679534644705E-005
 -2.228566397741433E-006
  5.722664716072999E-006
  5.007897716201213E-008
 -3.100606436913609E-006
  3.686993773579173E-006
  5.329172834655043E-006
 -1.714651768600947E-006
 -7.947155161203752E-006
  6.484213447653935E-006
  3.482934179172730E-006
 -2.700844001620798E-006
 -1.768282410571783E-006
  1.554644697197950E-003
 -2.138123466269954E-004
 -7.473424279296570E-004
 -3.361543192214262E-005
  1.247982762169139E-005
 -3.543108772776910E-005
 -3.858461453331441E-006
 -5.434782320445258E-007
 -3.964342632649093E-005
 -2.350102669959163E-005
 -6.345421669659637E-005
  9.643754209913262E-005
 -7.148996420390677E-005
 -8.143049344360486E-007
 -5.790549116899231E-006
  1.075684506763937E-007
  5.515465946254820E-006
 -4.346147685675724E-006
 -4.701161011818771E-006
  1.007732287323195E-006
  1.339422558655377E-005
  3.466598514260084E-006
 -2.725286764300160E-006
 -6.134994386678351E-007
  1.717554476976966E-006
  2.080941765496454E-003
 -5.002032030861751E-004
 -9.902362130412166E-004
 -3.722998207814273E-005
  9.834712825732625E-006
  4.550356584715040E-005
  4.425655107985578E-006
 -1.353158378350983E-005
  1.027880792486864E-005
 -3.766342255997434E-005
  1.561142586384875E-005
 -9.269634581197481E-005
 -6.642949997772387E-005
 -2.868956121269900E-006
  3.592530353570540E-006
 -8.339974902255697E-008
  6.482618902890186E-006
 -1.341640270556392E-004
  2.632606394630972E-003
 -3.783159703571353E-005
  6.515540995824668E-004
 -3.926827613432477E-006
 -1.344768654382416E-006
  1.994424913790142E-004
 -1.280822894577913E-003
 -2.461084816173468E-003
  1.742737683614457E-003
  6.387645009919626E-005
  3.878209308724650E-005
 -4.789953071792430E-005
  1.506820860268887E-004
 -1.827478238903851E-004
  1.367631502533974E-004
 -1.340013375560961E-006
 -3.173523082530841E-006
  2.619856594048472E-006
 -7.110853843314955E-007
 -1.324517219730438E-006
  7.090180544520146E-007
 -3.163868614442998E-006
 -5.750776579874614E-005
  1.305662435931670E-004
 -2.147710300706710E-005
  4.639390869955470E-005
  4.889074099717315E-006
  2.432373117644813E-005
  8.592448043803132E-005
 -2.846628169381027E-006
 -4.526098742770352E-005
  1.317287472822491E-004
  1.705036000666564E-005
  6.531582496427618E-005
  2.052469281274173E-004
 -2.005483753657266E-005
 -5.751128780865974E-007
  1.069954164838397E-006
  4.481696195350201E-008
  5.108214251236407E-007
  1.724814031414942E-006
  6.429145296295666E-008
 -3.595796464739493E-005
  1.302798307800551E-004
 -3.134348422826571E-005
  5.760474854924050E-005
  1.722321646301750E-004
 -2.164678390184556E-005
 -1.178650060200126E-007
  5.307927197385530E-006
  5.184233887043457E-006
 -3.132194391126275E-006
 -1.795430119603853E-005
  3.485789409186313E-006
 -4.064711624657827E-006
 -1.300149387850304E-007
  6.886207676587949E-006
 -1.684739649419476E-006
 -4.829194523926852E-008
  1.126540119964690E-005
  7.520024664315473E-006
 -6.891661040752765E-006
 -3.860929601906600E-005
  7.036536876470571E-006
 -2.450262256366185E-006
 -1.526594795388547E-005
 -3.914614430548343E-006
  2.581974429856667E-006
 -3.759800506174410E-005
 -3.154542284289328E-004
  4.428319721290857E-006
 -6.556873075619542E-005
  3.694276916261341E-007
  1.559705441539946E-007
  2.275400129422864E-004
  6.883827123155819E-004
  8.711232929478677E-004
  2.663540598735609E-004
  8.183434562773166E-006
  3.085457079302296E-006
 -7.180073126758517E-006
  1.322380887894878E-004
  1.256847833286415E-004
 -7.956264696535022E-005
  5.879040208768224E-007
  4.614538665198290E-007
  4.489105897218533E-007
  2.664603982626051E-007
  2.830885988155201E-007
  1.260965972277599E-007
  2.590074602991335E-005
  6.160072104160204E-005
 -5.011079577390298E-005
 -2.586634107608742E-006
  6.418457030520691E-006
 -7.515871600067826E-006
 -5.019284141015827E-008
  3.809921200426859E-006
  2.636826949018900E-006
 -1.362030546771947E-005
  2.150911330170528E-005
 -2.888468906665059E-005
  3.950880619432075E-006
  1.447548292330346E-005
  9.669424848287400E-006
 -8.459591354978583E-008
  3.000271070568369E-007
 -3.811064611467649E-007
 -1.156845802198705E-008
  1.464774909152309E-007
  9.616437157177288E-008
 -1.630956083035039E-005
 -1.435567910519658E-005
 -4.829928914458883E-008
  2.880574680502169E-006
  1.990369792419198E-006
  1.342898614984822E-005
  2.021166658349978E-006
 -2.075265880052465E-006
  4.130977440415689E-006
 -3.913052659635678E-006
  1.069882424301705E-006
 -2.150447315414257E-006
  2.980982024727080E-007
 -2.746460878060723E-006
  1.180971272634341E-006
 -4.615055207849890E-007
  3.147936128534147E-006
  1.876499468956483E-006
  1.573078688473840E-006
 -2.700893479706052E-006
  3.160536077027758E-006
 -6.742914905896388E-006
 -3.591987476767672E-007
  3.679972240250993E-007
 -7.989032259261812E-007
 -6.470253041663132E-007
 -1.815871455392796E-004
  2.934211508731905E-005
 -1.204939353372983E-004
 -2.884006016244826E-005
  5.766380454129284E-006
  1.004623649290154E-005
  5.571962850941279E-006
  4.102717459999982E-007
  3.087060662382473E-005
 -2.965137089273343E-006
  1.947340181295596E-005
 -6.705362208512116E-007
  1.794861123811178E-005
 -4.469534245219503E-007
  6.534748585202034E-007
 -3.150138228577921E-006
  1.929817343870766E-006
 -2.557405318749990E-006
 -1.482863919348816E-006
  1.202810598402332E-006
  2.954884576119527E-006
 -2.453168394011834E-007
  9.052397825097897E-007
 -7.274869612264770E-006
 -2.108050380912122E-006
  3.985767837635951E-004
  7.868013293650595E-005
 -9.879442399399608E-005
 -5.973428610371406E-005
 -2.662011193993002E-007
 -2.695347868377719E-005
  3.777123854644437E-005
 -5.265402037347056E-007
 -8.285133623314858E-005
  5.497986996367540E-005
 -1.099060134586135E-004
  1.693577910906079E-005
  3.337527911102554E-005
 -1.299145802902094E-006
 -6.904859505080631E-007
  4.341314471021730E-006
  7.515627254666817E-006
 -3.533322413530155E-006
 -6.216481451764723E-006
 -7.114153321811868E-006
  1.488414369344235E-005
 -2.653384729613558E-006
  3.372048687788567E-006
  1.127889797564144E-005
  3.742104634023300E-006
 -1.531288278969114E-003
  5.010618057766338E-005
  6.615834519525793E-004
  7.760969516778471E-005
 -2.334638058911226E-005
  4.633383813964915E-006
  1.072448418867375E-007
 -3.617596571122783E-005
 -3.701944742967214E-005
 -2.000216638101081E-005
  8.887835178708637E-005
 -1.504193140577518E-004
  2.377067533548420E-005
 -3.768195429642206E-006
  6.776797467028054E-006
 -4.855718391381704E-006
  1.542487782808447E-006
 -8.993020269832250E-007
  2.225707646833758E-006
 -1.434381662012622E-006
 -1.382045575480811E-005
 -1.125791101273703E-005
  5.846836486575944E-006
  4.255006565614106E-006
 -4.412454824563323E-006
  3.514323014400760E-003
 -8.860120112556086E-004
 -1.879430967554270E-003
 -2.564769399004327E-005
  1.605477108650103E-005
  5.435338205986237E-005
  4.956396671774838E-005
 -2.058517090887410E-005
 -4.055352532123507E-005
  6.293905151302285E-005
 -7.256418660583296E-005
 -1.754654316416356E-004
 -5.454621691916692E-005
 -3.337429373408907E-006
  2.664590163751260E-006
  4.205208006143099E-006
  2.233118003508596E-006
  1.577917702897568E-005
  6.596790290437355E-006
 -3.782618336230879E-004
  1.255918612126148E-006
  1.578541682670178E-004
  4.200417325540879E-006
  5.115463976775462E-007
  6.030169408945453E-005
 -3.156558068175230E-005
  1.592544189803106E-004
  1.718731364349858E-003
  1.113223184852971E-005
  3.162365271311992E-006
 -2.395059091224926E-005
  6.134998119233287E-005
 -8.384465408094394E-006
  9.834282087014813E-005
  1.680936201279545E-007
  2.913099760422736E-007
  2.175505920986014E-006
 -8.846371954944701E-009
  1.000782400334891E-007
  8.448742340340505E-007
  1.187700631323486E-005
  4.016838816660781E-007
  8.755128677340651E-005
  1.445064740357689E-006
 -3.047944115223155E-006
 -1.946111061035528E-005
 -6.768076120825174E-007
  2.207823818630865E-005
 -7.682571282751719E-007
  9.610422402045719E-006
 -1.224806383691008E-005
 -4.754178214827295E-005
 -5.083468500208448E-006
  4.721729996725455E-005
 -4.526953901837270E-006
  3.049498810583108E-008
 -7.891052848697850E-008
 -4.176315414356217E-007
 -1.914805149128979E-008
  4.371488173583798E-007
 -1.134693661454129E-008
  4.135725508714096E-006
 -4.265327424169533E-005
 -7.088784547037389E-005
  5.637066174845751E-006
  6.344046461215817E-005
 -9.772791683559847E-006
 -1.417461482069623E-006
 -3.348280696089225E-007
  3.311555956648950E-006
  1.823586805055992E-006
 -5.118726092250001E-006
  2.428797641152878E-006
  3.278787037697627E-007
  7.946778362903655E-006
 -6.488080417003657E-007
 -3.752778106517535E-006
 -2.227404015781543E-006
 -3.506098893770422E-006
 -3.335340965034189E-006
  1.487831865499380E-006
 -2.710986813477077E-006
  5.194380181845249E-006
  1.637841679293462E-006
  7.982230328151387E-006
 -1.407426144109962E-006
 -1.548963121039066E-006
 -8.302671687595156E-007
  2.355400201766930E-005
  3.205338752736916E-006
  3.047371486816349E-005
  2.942649263832429E-008
  1.942672819220904E-007
  9.415885089817728E-005
  3.235916548932021E-004
  1.488749740250656E-004
 -2.428770379470525E-005
  2.638467879781043E-006
  2.441235377683752E-006
  3.062330277309108E-007
  1.750629767037369E-005
  2.302690653567146E-006
 -6.429646377060029E-005
  4.202417332984179E-007
  2.273115088049383E-007
  2.157356451805292E-007
  1.519328611481819E-007
  5.768572254367054E-008
  2.570011937708730E-008
  1.431864340871863E-005
 -4.515128916468043E-006
 -4.103924807908928E-005
 -2.663064191509090E-006
 -1.939985186709668E-006
 -6.653474724944356E-006
  8.598923437517145E-007
  6.854609718632837E-007
  1.803171847757376E-006
 -9.831243784196873E-006
 -5.487664183089023E-006
 -2.315489880825583E-005
  4.148044227374506E-006
  2.922773065184043E-006
  5.683199556822367E-006
 -1.297219922474604E-007
 -7.751118944016748E-008
 -3.099267123435239E-007
  4.916891629994330E-008
  3.318781004066663E-008
  8.055307594751706E-008
 -7.775799133604141E-006
 -5.883329386724851E-006
 -5.050770908999052E-006
  3.167976851903819E-006
 -4.138486476260964E-006
  4.607822281700322E-006
  9.596091801626080E-007
  5.454920018284889E-007
  2.899851501718730E-006
 -1.052215901152756E-006
 -2.430150125258471E-008
 -1.826611639335068E-006
 -2.053547784140134E-007
 -8.562020192418859E-007
  7.057233341355126E-008
 -6.812164941589478E-007
  1.268263798605485E-006
  1.204396764523818E-006
  2.590466864306879E-007
 -1.367222116677409E-006
  1.606315938140580E-006
 -2.437569279139046E-006
 -2.077917942136580E-007
 -4.338353961353307E-007
 -5.810213818828441E-007
  5.826290323488094E-008
 -2.771967516217161E-005
 -2.126865564120642E-005
 -1.279212537658385E-004
 -2.481990390390465E-005
  9.134907904436874E-007
  2.100238752302969E-006
 -1.864238754329883E-006
  2.280019374095515E-006
  7.202350290008462E-006
 -6.188174693667951E-006
  1.265392859100482E-005
 -3.459465968663350E-006
  8.777136403046980E-006
 -6.665134609601506E-007
  1.233930498436034E-007
 -1.442574896054004E-006
  3.257182332932702E-007
 -1.038555977600759E-006
  3.407952276668803E-007
  2.830971411956280E-007
 -1.676445920663456E-006
 -3.531293781762816E-006
 -6.510585264692509E-008
 -3.228484595059495E-006
 -2.179912885487029E-007
  6.179330922681064E-004
 -1.291290595056751E-008
 -3.969294541544494E-004
 -3.634968531265877E-005
  7.341460867517458E-006
 -1.436275913672701E-005
  2.185250286575894E-005
  2.702960777034861E-006
 -2.070511811428678E-005
  3.902078094350928E-005
 -4.034923098551057E-005
  7.992938754935685E-005
  4.202911903646003E-005
  4.700435229527423E-007
 -3.153041470672231E-006
  9.655687966165642E-007
  3.750680278147082E-006
 -2.486903779904686E-006
 -4.220723801099825E-006
  1.079425809447421E-006
  7.232972100067400E-006
 -4.881632725454519E-006
 -2.134652069145599E-006
  3.829276330608863E-006
  1.055226259698178E-006
 -1.087214623016154E-003
  1.114946378727540E-004
  5.128362783250966E-004
  3.308698033499414E-005
 -1.282602665287660E-005
  2.240139287772626E-005
  7.316944037671247E-006
 -1.028988368986299E-005
  1.952057568110765E-005
  1.983027316678086E-005
  5.369947434869773E-005
 -8.563960681702055E-005
  4.980355135957817E-005
 -8.129478294973617E-007
  5.358329619175723E-006
 -1.046356350812916E-006
 -3.151068871568277E-006
  2.070872041621078E-006
  3.964016701065639E-006
 -3.671642783402208E-008
 -9.997730362310521E-006
 -2.896243707569860E-006
  2.730953874190556E-006
 -1.072171012724158E-006
 -2.694237446356534E-006
 -8.530544731269103E-004
  2.011111780470196E-004
  3.720688797966743E-004
  1.929433630024385E-005
 -7.244908653775722E-006
 -2.214954415629912E-005
  4.574611459364075E-006
  1.188070714560558E-006
 -1.199410541514382E-005
  3.528294470462927E-005
 -2.337643521040810E-005
  3.397769465854032E-005
  3.856050187783435E-005
  8.219172321975448E-007
 -3.649047372466024E-006
  8.125764723687760E-008
 -3.613662781620287E-006
  1.104311369900311E-006
  2.791745549422742E-006
 -1.809169355884767E-004
 -7.586793071674511E-004
 -1.352391139824443E-005
  2.727364985051260E-004
  1.381643791359696E-005
  2.090443926095935E-006
 -1.687129379541092E-005
 -1.413307276816162E-003
 -1.935899868687324E-003
 -2.161738831089490E-003
  7.791435924506145E-005
 -1.577588896630665E-007
  4.042602846504135E-005
  2.130918189358523E-004
 -2.379836230212111E-004
 -2.741822067911104E-004
 -1.196123659074961E-006
 -2.200477839688406E-006
 -2.556770628941384E-006
 -8.539208847237964E-007
 -1.183777080887369E-006
 -1.021847266890866E-006
 -2.524885841897700E-005
 -6.350348191102006E-005
 -1.182880104656493E-004
 -3.229759399398735E-005
  6.002727429067470E-005
  5.299088590213868E-005
  1.049346730653755E-005
  3.473562411365301E-007
  2.180412668744980E-005
 -6.858735752540181E-005
  1.855042881408923E-004
  1.228694111286951E-004
  2.780514153944747E-005
  3.776373461582412E-005
  4.078221598595433E-005
 -7.166074874503380E-007
  1.295474516541408E-006
  1.090930674962301E-006
  2.998811886240917E-007
  3.012014019185247E-008
  4.167262988262463E-007
 -2.758919177659681E-005
  1.789351129273613E-004
  1.325194748293965E-004
  1.456698837401599E-005
 -1.172926987171581E-005
  1.302220340258082E-005
 -5.229974789101231E-006
  6.079773216790455E-006
  2.314061842321084E-006
  1.204890297680196E-005
  2.403512297319272E-006
  3.641021390501737E-006
 -3.708062357861567E-006
 -1.289965117384445E-005
  5.044413856794246E-006
  3.528529777174457E-006
 -3.075164050460016E-006
  1.716832609155488E-005
  1.709731132445554E-005
  1.280763016461564E-005
 -2.673105650598973E-005
 -3.582138013235593E-006
 -5.112947832842265E-006
 -1.814839623373860E-005
 -1.829482593028081E-006
  3.503616364276858E-007
  1.844850601767269E-004
 -1.487288750790592E-004
  2.690825840829813E-005
  1.697076607012848E-004
 -3.800511483498925E-006
  2.412298827535534E-007
  7.036401108004937E-005
  2.111470752757435E-003
  1.750250957829396E-003
  8.778507816164290E-004
  1.659650491026652E-005
  7.081946310217499E-006
 -1.089292445298821E-005
 -9.907523295402252E-005
  1.339174444597348E-004
  8.941270371794042E-005
  2.616151522807691E-006
  1.349690838267468E-006
  3.816671024292167E-007
  9.716074120263323E-007
  6.006448117434906E-007
  2.981793852492080E-007
  1.350358887770814E-005
  1.141528289076931E-004
  8.603714939853767E-005
 -1.334007889830873E-005
 -8.445948652478850E-006
  2.382080631273283E-005
  2.076340606769315E-006
  1.727915265062734E-006
  1.126373829153942E-005
 -4.827905140399257E-005
 -2.218088843089619E-005
  6.648013872614223E-005
  1.098223871312229E-005
  1.574419486028293E-006
  3.729681269087028E-005
 -5.837958985651274E-007
 -3.852297817106058E-007
  1.066020720150161E-006
  8.271243415551982E-008
 -6.083757052555710E-008
  5.010834644096076E-007
 -2.485773626350698E-005
 -1.698802577845190E-005
  1.296741778769818E-005
  5.599829467715584E-006
 -3.775015555324424E-007
  1.925790679579139E-005
  3.663410493047866E-006
  1.026960556447372E-006
 -1.141874367092883E-006
 -8.291225886706799E-006
 -3.208701713092221E-006
 -2.699005592436799E-006
 -2.123301114294263E-007
 -3.207161895828494E-006
 -3.899702221590933E-007
  1.449678754307126E-006
  3.992519747986464E-006
  9.579051453270087E-006
 -8.271714130287680E-006
 -6.667668357649624E-006
 -4.241687581221194E-006
 -5.309890886309769E-006
 -8.806804435317916E-007
  3.227918414472359E-006
 -6.937010122674712E-006
  1.681265238605107E-006
  7.962729712906408E-004
 -1.120307610392099E-004
 -1.962782588935113E-004
  1.788446078106304E-005
  1.610314355566831E-005
  3.495469219131965E-005
 -8.782299469689584E-006
  6.460271568438204E-005
  8.296387344231104E-005
 -1.195690119307265E-005
  4.534519507672757E-005
  2.968226946066665E-005
  2.186196831130323E-005
 -6.422494981102284E-006
 -1.682437224536675E-006
 -3.046431790158105E-006
  4.900471282716197E-006
 -1.546246764085208E-005
  1.522023698386086E-006
 -1.433053444226251E-005
  8.978412561114535E-006
 -1.211615606214041E-005
  1.070904511518101E-005
 -1.118813558530475E-005
  3.621489327081505E-006
 -2.509810403331225E-003
  4.949182359005765E-004
  1.701538221447521E-003
  7.281370341743736E-005
 -2.858118953114086E-005
  3.868574781401571E-005
  6.555169481137452E-006
 -1.922668397383281E-005
  1.824234528258214E-005
 -2.689373938153584E-005
  6.505526530961529E-005
 -2.270929015077821E-004
 -1.395588900090352E-004
 -1.604721005874023E-006
  1.250934510528180E-005
  2.657309620830308E-006
 -3.880174365443283E-006
 -1.788396995138936E-006
  5.484895371317306E-006
 -2.172182197778247E-006
 -8.310019911931884E-006
  5.493474662013735E-006
  7.305462392369378E-006
 -1.575893643551973E-007
 -5.133280194591131E-006
 -2.433756414825341E-004
  3.560726379165016E-004
 -1.195904450340854E-004
 -2.787490647765989E-005
 -7.388605366921796E-006
 -2.202963674147123E-005
 -4.670490695967387E-005
 -1.307590560055280E-006
 -7.813186558619121E-005
 -5.374899554065085E-005
 -4.440496748340249E-005
  4.863230488622070E-005
 -9.503495330503075E-005
 -3.771571898330349E-007
 -9.334387263566596E-007
 -5.104756590031709E-006
  7.243168273019715E-006
 -1.614767809592320E-006
 -6.866011083186681E-006
  4.792148645483171E-006
  1.299387284019136E-005
  5.892425889488168E-006
  7.233691504168006E-007
 -1.318537729773728E-005
 -5.515517795899971E-006
  2.724764180573640E-003
 -6.361694356001059E-004
 -1.473859418650537E-003
 -6.406520615409993E-005
  6.611792727288700E-006
  5.160152879910659E-005
  9.439749523353683E-006
 -1.866777838243944E-005
 -1.875808514337521E-005
 -2.936615258040184E-005
  9.702592886727463E-006
 -1.771664060863439E-004
 -8.888536278130044E-005
 -4.144285467470655E-006
  1.675478487569561E-006
 -6.514222232014990E-007
  6.944706135144234E-006
  4.305063971487321E-006
 -2.800420667673579E-006
  1.518913497834049E-005
  6.449697419566873E-004
 -2.494378099959201E-003
  1.963972276682522E-005
 -1.439162228808145E-004
  1.962223601421520E-005
  3.010273849319507E-006
 -4.677871463483256E-005
  6.844682519155400E-004
  1.433946938318883E-003
  2.723576278451205E-003
 -8.552984489315450E-006
  2.036045713635620E-005
 -2.547752002575550E-005
  1.886903967568633E-004
 -1.143274372458451E-003
 -4.587529086791457E-004
  1.515059353911193E-006
  3.475912262134806E-006
  3.404053880984137E-006
  3.723593103703387E-007
  8.921821741470955E-007
  1.558793316274112E-006
  2.901366686296744E-005
 -1.768351462819719E-004
 -9.722376283345753E-006
  8.005427826142274E-006
  9.043775747363604E-005
  1.478076413342234E-005
 -1.113481659984096E-005
  6.441687404867325E-006
  3.129388773698683E-006
  1.709114602434501E-005
  2.441286431765625E-004
  2.488710981542595E-005
 -3.055739268149710E-005
  1.838103888055948E-005
  1.346624665715209E-005
  2.591664664870254E-007
  1.695337200288021E-006
  2.436613719436079E-007
 -2.381369302538211E-007
  1.132762687618666E-007
 -2.102953623320426E-008
  4.998043885265547E-005
 -3.862272181000696E-005
 -5.442650204046583E-005
 -6.510728111066454E-005
  8.409950126253167E-005
  1.512684225800908E-005
 -7.092658349400646E-006
  2.593546699429048E-005
  2.323205250045377E-005
  2.104198363159681E-005
 -7.991081870224911E-006
  2.359914166051279E-007
 -4.780263985345367E-006
  1.036459302396058E-005
 -1.159467503825438E-005
 -1.119888184147145E-005
 -1.207525522362296E-005
  6.436634289347503E-006
  1.524057308299069E-005
  3.917300146288666E-005
 -1.696855573247241E-005
 -2.947235792017772E-006
  2.604010925035951E-006
  1.785374427930586E-006
 -1.424866706445536E-005
 -5.675315836973758E-006
  1.399696987456395E-004
 -6.911942241045432E-004
  6.738204595396189E-006
  1.515326988818020E-004
  2.515788072300999E-006
  1.110793085407962E-006
  1.405973198308509E-004
 -8.689555310884751E-005
  6.846285076954736E-003
  3.799830555846036E-003
  1.503847983055073E-006
  2.378339419591170E-005
  1.594465566925015E-005
 -7.192437308804129E-005
  2.921553634515243E-004
  9.043674931864919E-005
  1.055727682706142E-007
  6.480121751562983E-006
  4.224207541044375E-006
  2.028524828147854E-008
  2.580728897776447E-006
  1.363481690247325E-006
 -3.094407412775939E-005
  3.221758367792958E-004
  1.608327647225641E-004
 -2.346751141044187E-006
 -2.114645761235132E-005
 -2.415606789673874E-005
 -1.628623894030291E-005
  2.279406711342382E-005
  1.863299008134710E-005
 -7.153836193158418E-006
 -7.394254432571736E-005
 -8.155747237839087E-005
 -4.193871158721023E-005
  6.294517486693509E-005
  4.909254778036866E-005
 -8.706658320840361E-008
 -9.565124242786002E-007
 -1.058667727573642E-006
 -6.412790597812677E-007
  9.070779112947736E-007
  7.283456429896712E-007
  1.981396185213389E-005
 -1.091734196157663E-004
 -3.626625577731581E-005
 -2.374434025749419E-005
  2.351736879340090E-005
  3.930378405360292E-006
  1.208044311597131E-006
  1.619880032044760E-005
  1.213650422897397E-005
 -4.639842462492179E-006
  7.685721588499595E-006
  1.015709527700787E-006
 -3.774687703362070E-006
 -1.577891536409903E-005
 -4.874737210361387E-006
  1.214137045041685E-006
  7.869750766572842E-007
  1.556699346101282E-005
  1.020864909660333E-005
  9.926906375091711E-007
 -2.382098117973715E-006
 -3.353615867481024E-006
 -3.058516212026773E-006
 -4.848717488066957E-006
 -6.391444824932500E-006
 -1.786643869512125E-006
 -8.865821573129006E-004
  2.295166092231694E-004
  5.744661957336332E-005
 -1.714105577327234E-005
  9.682766620142962E-006
  6.612482594081996E-005
  6.482462224179302E-005
 -8.349439746401691E-006
  2.047798316007901E-004
  1.444883353055677E-004
  5.014252065803504E-005
  1.146469028834703E-004
  9.703521513012179E-005
  4.717969650451487E-007
 -1.269529376500794E-005
 -1.346327090811973E-005
  1.709613830699078E-005
 -1.159492880685281E-005
 -1.756793527203592E-005
 -2.096819590424026E-006
 -3.075147572161941E-005
 -9.307182341351701E-006
  2.558307609567323E-005
 -2.164782517307952E-005
 -2.348625650524921E-005
 -2.237465903244064E-004
  3.158176620293480E-004
  1.243131987511476E-003
  9.172735835590039E-005
  2.597483621227092E-005
 -5.441261074367053E-006
  4.182252068338864E-005
  1.270375273327871E-005
  1.563305559569201E-005
  6.572111096916702E-005
  1.179784231455807E-004
 -8.794675706610025E-005
 -1.888151394898715E-004
  3.772775628006737E-006
 -9.042588375916598E-006
 -2.095293718836244E-006
  1.099174202644921E-006
 -7.466775760834818E-006
 -4.871949830651658E-006
 -9.885530003295435E-006
  3.122970291737435E-005
  1.364778732614263E-005
 -1.122783255922279E-005
 -1.943960675082303E-005
  2.111336256251822E-005
 -2.398342508029382E-003
  4.921931004990348E-004
  5.984548018126399E-004
  4.613586102240472E-005
 -1.160932358635997E-005
  4.534821109612049E-005
 -1.157294768117371E-005
 -2.003309180159046E-005
  4.428357907912885E-006
  7.999437895239039E-006
  5.910725737845515E-005
 -1.303730205915752E-004
 -5.872948938039164E-005
  1.219368720540723E-006
  8.210704829759430E-006
 -1.300344575326814E-007
 -5.112147669628939E-006
  3.398528508424449E-006
  3.892778949088215E-006
 -2.637221660031575E-006
  1.108446564296593E-005
 -1.151699866803467E-005
  5.294063540117955E-006
 -2.008162545637031E-005
 -2.656841880086380E-006
 -2.984203231829541E-003
  7.435411343287359E-004
  7.096564981274296E-004
 -9.775317752207221E-005
 -3.610815489004521E-005
 -7.416791865207338E-005
 -1.578420749773891E-005
  1.465517055173629E-005
 -4.307010370449475E-006
  6.368513382478957E-005
 -9.044723745385207E-005
 -8.417790374660902E-005
  3.726442150457011E-005
  2.218756270520691E-006
 -1.425579540360659E-005
 -4.325456141064349E-006
 -8.449786495899207E-006
 -1.972262797913698E-006
  6.231030225378515E-006
  9.015652799492113E-007
  5.386804332068635E-005
  1.492640855007625E-004
  4.611189361318504E-005
 -8.633962523092967E-006
  2.759891152166368E-004
  4.837269666378144E-006
  5.227244730339755E-007
  5.725607090153964E-005
 -7.536014194735945E-004
 -6.528714310692814E-005
  1.098321271374234E-003
  5.494894506838329E-005
  1.068169602926838E-005
 -1.638479119341852E-005
  1.911094705020561E-004
 -3.441610106027152E-004
 -9.700024105143473E-005
 -4.224946307982214E-007
  2.446626811376812E-007
  1.496955271027471E-006
 -4.983490756912420E-007
  2.467101307197725E-008
  5.605949857442000E-007
  4.902892406986285E-006
 -6.009802479581803E-005
  2.894787023250445E-005
 -1.712860207731508E-005
  1.845666757389356E-005
  1.223113562916210E-005
  1.423956879100764E-005
  2.191149829709809E-005
  2.889033286307442E-006
 -3.277772608898152E-005
  5.687942853476878E-005
  2.534551585865986E-005
  3.016585962273740E-005
  5.455889945890119E-005
  2.611866466244117E-006
 -3.874294041988143E-007
  3.556483533978326E-007
  2.195415679029383E-007
  3.101916861497794E-007
  4.366750193117117E-007
  7.723771804903494E-008
 -1.779328929602009E-006
  7.968534232348947E-006
 -2.029781871576657E-005
  3.115352014935065E-006
  6.281543803858848E-005
 -1.336023085333056E-006
 -2.790223250740581E-006
  7.402418772728157E-006
  8.005660668639309E-006
  4.265153593448072E-006
 -5.246161764925984E-006
  4.105516158773669E-006
 -1.813627476925579E-006
  2.089154477521604E-006
 -1.961536341951421E-006
 -3.364938382053638E-006
 -2.046648321178507E-006
  9.757388559639229E-007
  8.978487571865556E-006
  3.170476838586439E-006
 -1.215957919177130E-005
  2.969468124949081E-006
  6.930682321166622E-007
 -4.458487679402829E-006
 -3.054943552313909E-006
 -1.506666630820909E-006
 -5.756075748277246E-005
 -8.867503324426727E-004
  8.803083309647684E-006
  3.179951116463044E-005
  1.939336264548702E-006
  8.507409355864901E-007
  8.590965211168367E-005
  7.191801978371577E-004
  1.926513801988738E-003
  1.072457206933644E-003
  1.069451708290179E-005
  1.157779269116008E-005
 -3.592612486000315E-006
 -9.455332711155715E-007
  1.075407002729398E-004
 -4.507722712460980E-006
  9.306466213846843E-007
  1.770302257658363E-006
  1.240133350736375E-006
  3.449478531553020E-007
  7.265734491300917E-007
  3.801066783462389E-007
  4.251161410359603E-006
  9.823901836991954E-005
  2.585802952546672E-005
 -5.190381298899968E-006
 -6.962094451662957E-006
 -4.367719229950852E-006
 -2.307286580545494E-006
  6.294578993907930E-006
  7.497667879445463E-006
 -2.188995530135360E-005
 -2.314568597353065E-005
 -1.798731233107183E-005
 -2.014385735341700E-006
  1.755525287145866E-005
  2.390434103669530E-005
 -1.890659228880686E-007
 -3.214016982067228E-007
 -1.779195722883635E-007
 -1.132130805640343E-007
  1.786287143248408E-007
  3.022790034521029E-007
 -8.193907555447681E-006
 -3.428133671337627E-005
 -7.677566161012872E-006
 -1.596587291206547E-006
  3.132851704995524E-006
  9.790494846654229E-006
  2.137810736217817E-006
  4.107046904157788E-006
  4.098892860183889E-006
 -4.335066416391186E-006
  1.143175142449242E-006
 -2.078365792262264E-006
 -1.056813101492608E-006
 -4.729913536865425E-006
 -9.366075996799653E-007
  2.103402255605120E-007
  2.909170829560568E-006
  6.579742409635223E-006
 -1.321101356209402E-007
 -2.642553730920774E-006
 -1.695106406138498E-007
 -6.084958757760930E-006
 -1.121596258182950E-006
 -2.878950789239954E-008
 -3.214953635086373E-006
  5.363321450444658E-008
 -1.848331606420693E-004
  8.798428050835229E-005
 -1.359876172035136E-005
 -1.238445990539113E-005
  1.035797434881209E-005
  1.980822141648177E-005
  1.704309664025997E-005
  1.718958523289199E-005
  6.675600974541773E-005
  2.622198920641881E-005
  2.704514222513984E-005
  3.212244382357136E-005
  2.699068609528741E-005
 -1.533257620693022E-006
 -2.076034580128204E-006
 -5.550722284938218E-006
  5.190562881152509E-006
 -5.876926174315034E-006
 -3.657305260459487E-006
 -3.971477661844475E-006
 -4.682085757964300E-006
 -6.877789612261096E-006
  8.485792444582099E-006
 -9.570468517724207E-006
 -4.514314782737624E-006
  5.743624697739294E-004
 -5.692523445984738E-005
  7.560765972321068E-005
  8.470704406844461E-006
  6.235202794773619E-006
 -1.694169161310467E-005
  8.723105452263064E-006
 -6.708144196611571E-006
 -1.349550588782325E-005
  2.068072475567148E-005
  3.490267592513766E-006
 -1.073054979604139E-005
 -3.796630899690956E-005
 -7.230381150627378E-007
 -2.166649098913278E-006
  7.243017024413721E-007
  2.991466449431885E-006
 -1.184813327383320E-006
 -2.268428334369147E-006
 -3.093552306222948E-006
  1.079236819125257E-005
  2.854406781133505E-006
 -2.762645481477844E-006
 -2.076466695273064E-006
  5.856197787700792E-006
 -4.225659901753786E-004
 -1.331629353180217E-005
  6.860908861364731E-005
  2.872808686601697E-005
 -6.930003812094553E-006
  6.264408538828616E-006
  9.686573396393819E-006
 -2.216711666048979E-005
 -6.919147155090420E-006
  9.395062094902880E-006
  2.832220734769828E-005
 -5.768011089868411E-005
 -1.331265272982148E-005
 -1.905447916526820E-006
  3.559920404749235E-006
 -8.849425181451764E-007
 -4.274165173123750E-007
 -9.834399194363484E-007
  2.332864433839195E-006
 -2.320176916366213E-007
  1.182062612102388E-006
 -4.300678414475515E-006
  2.385685407319967E-006
 -5.366286123727218E-006
 -2.153667715683345E-006
  2.061045065729372E-004
 -5.400386433522694E-005
 -3.106533706116796E-004
 -3.260679470653684E-005
 -8.107139427723982E-006
 -2.749947446664979E-006
  8.868602229061106E-006
 -8.269083764969926E-006
 -5.197475181208937E-006
  3.067479312569250E-005
 -4.268889496762776E-005
 -6.313107184535558E-005
 -3.240217330199242E-006
 -1.112653057068126E-006
 -4.721270076457001E-006
 -7.445308719012531E-007
 -7.449535096166223E-007
  3.845520626459511E-006
  1.857606566684749E-006
  2.072991616691810E-006
  1.282678971739187E-005
  5.052363958429434E-006
 -4.593405650552858E-005
 -2.139885632060285E-004
  1.144935825533158E-005
 -1.871703756036545E-004
 -6.553453475043227E-006
 -7.815709983818684E-007
 -3.320120112093598E-005
  2.575135975601659E-004
  2.877321157635282E-003
  1.020735588201610E-003
  4.376653693342580E-006
 -1.344634838067346E-005
 -1.068579992266790E-005
  3.390095073099232E-005
 -9.407882553110993E-005
 -2.466959224525707E-005
  3.499458477172519E-007
  3.474203560279097E-006
  1.219044512568352E-006
  4.156806672428871E-008
  1.766716902749786E-006
  5.628109996603097E-007
  1.750427273663384E-005
  1.467085797141659E-005
  6.492134687035428E-006
  3.015753577713750E-006
 -7.190163823728701E-005
 -9.902550869163013E-006
  8.489936355311737E-006
 -3.364598076006720E-005
 -1.150568993302549E-005
  8.574203914274778E-006
 -2.001603072286353E-004
 -3.047928059565781E-005
  7.790592957755384E-006
 -1.006726273733599E-004
 -1.636479687203016E-005
  8.016706022011711E-008
 -1.601617338435356E-006
 -2.136496720046958E-007
  1.365573648281519E-007
 -6.896351889607560E-007
 -2.167244250482690E-007
  2.808092709554373E-005
 -1.984747833876966E-004
 -6.751743544941013E-005
 -3.376301083980624E-005
 -4.548360414303138E-005
  5.682083744262514E-006
  1.698011508054615E-006
  8.981491061492290E-009
  3.521394354552420E-006
 -6.430727530296622E-006
  5.893079110955796E-006
  1.336693006132777E-006
  3.412552277722235E-006
  7.213780990362598E-006
 -1.024663832422820E-005
 -3.578391781638339E-006
  3.797959735215095E-006
 -2.068282124212043E-005
 -2.525080595427322E-006
 -1.233030624771820E-005
  3.251636935010693E-005
  9.364270420729148E-007
  6.064090568536261E-006
  1.204482138539373E-005
  2.490549536511650E-006
 -3.173246929988804E-006
 -1.940497590600184E-004
 -9.552812007987764E-004
 -8.341230351881821E-006
 -1.261115964007676E-004
  4.040126026810190E-006
  6.637394923176786E-007
 -1.321348804902206E-004
 -7.026927005716560E-004
 -2.519819342037231E-005
  5.722193811026040E-004
 -3.498923707669855E-006
  1.091736841809989E-005
 -7.034250509320496E-007
 -2.307438204773408E-005
 -3.595964773353642E-005
 -3.393678791797353E-005
 -7.987146992611112E-007
  4.277987649547606E-007
  7.918288478176217E-007
 -2.806865828517864E-007
  5.256580003097521E-008
  2.004675079257228E-007
 -1.920013117247812E-005
 -1.533438675835195E-005
  9.267548335792853E-006
  2.862472509844225E-006
 -7.772515951284285E-006
 -1.005113445735373E-005
 -2.928952121230927E-006
 -7.523869882228946E-007
  6.647961138670184E-008
  8.230483026164752E-006
 -2.738369777849435E-005
 -3.149822095275229E-005
 -7.680039114336865E-006
 -5.523716309587496E-007
 -5.504439118278862E-007
  1.676305544053392E-007
 -3.641968441844730E-007
 -3.972636859676669E-007
 -1.524794377371010E-007
 -7.285323021482002E-008
 -1.515111666823816E-008
  1.223205253956020E-005
 -1.683520180143496E-005
 -1.438615594035430E-005
 -4.391929620548632E-006
  2.277098446103571E-006
 -7.840122919011566E-006
 -9.826185000922577E-007
  4.653826248924590E-006
  1.962017810342170E-006
  2.283936935680889E-006
  1.194403580763278E-006
  6.639185645958842E-007
 -9.198777208519516E-007
 -6.515423197282116E-007
 -1.894193086368735E-006
 -4.368251635379861E-007
 -4.014695979091475E-007
 -3.541820701931467E-009
  2.391060219575228E-006
  2.339162588298099E-006
  1.306742586495708E-007
 -1.134753794570657E-006
 -3.075670912179782E-007
 -1.178562733301569E-006
  9.262430943558660E-007
 -4.041658287578862E-007
 -2.108476269122651E-004
  1.258866552244507E-004
  1.274226224314009E-004
 -1.191880905621627E-006
 -3.684011031872756E-006
 -6.056537295450655E-006
  1.291177513736699E-005
 -2.289004946769624E-005
  3.380232255414443E-006
  1.599258263699586E-005
 -1.084506322238838E-005
  1.444972726815816E-005
 -2.217235559896117E-006
  1.817135935708329E-006
 -1.862494132386380E-006
 -3.043717880004182E-008
  5.515249129375720E-007
  2.487025604758013E-006
 -2.368660848645901E-006
  1.919524874522150E-006
 -1.021677469595794E-005
  3.014645277888708E-007
  2.181685976697749E-006
  9.104455463096461E-007
 -4.101210851219899E-006
  2.858253690838262E-003
 -7.334289929985394E-004
 -1.344344532772055E-003
  3.321904535191429E-006
  2.611892582508068E-005
 -4.061023084348791E-005
 -4.382003706247127E-005
 -6.112036447968637E-006
  2.871850575483942E-005
 -1.976949562968898E-005
  2.726348349265144E-005
  1.293844904747453E-004
  3.317349834762120E-005
 -8.802972191075252E-007
 -1.027290009579748E-005
 -3.991710227850897E-006
  1.521896310100980E-006
  5.769385145960817E-006
 -6.415990909934547E-007
  1.898979648181610E-006
  7.141918304689038E-006
  2.864247117956626E-006
 -1.006637923259074E-005
 -1.043547189778203E-005
  8.167399584409131E-006
  1.963880090624380E-003
 -6.107554009726786E-004
 -7.968615541804354E-004
 -1.026257455150391E-005
  2.093463540982944E-005
 -2.738416646408323E-007
  6.196533857277730E-005
 -7.383973407259443E-006
  6.480910477150442E-005
  6.862152377044792E-005
 -1.723911045673174E-005
  4.088599754904012E-005
  1.791278367983836E-005
 -1.025381911169224E-006
 -2.538033240442052E-006
  6.920826117181259E-006
 -4.632713648145420E-006
 -2.860073330728551E-006
  5.658095559314645E-006
 -2.173783811127704E-006
  4.960314654182140E-006
 -2.143687426064044E-006
 -3.864930719829159E-006
  2.559166666746339E-006
  6.038714530956863E-006
 -3.065273712246224E-003
  7.371492116149182E-004
  1.526313154548437E-003
  1.683557922961167E-005
 -2.086132763536693E-005
 -5.427957548227148E-005
 -2.422577768199030E-005
  6.842146672118032E-006
  4.448660131560620E-005
  3.494323643660673E-006
 -7.580424336091794E-006
  1.446302984460325E-004
  7.601678429530460E-005
  2.268089698812329E-006
 -7.594393285222454E-006
 -3.099348618367018E-006
 -4.282501002204157E-006
 -7.088771065848024E-006
  2.014411303391829E-006
 -9.663830931890386E-006
  9.022473779009535E-006
  1.477040647946699E-006
  1.276565402028523E-005
 -1.996429224889150E-005
 -1.365407185373110E-003
  2.113895928520650E-006
  4.123830927397468E-004
  1.132300522090321E-005
  1.730688516147839E-006
  1.308150608646868E-004
 -1.084564500433466E-003
  2.257341014226415E-003
  4.366980467766488E-003
  9.846305122875757E-005
 -1.882687248205994E-006
 -5.004235667770822E-005
  3.830677726663664E-004
 -4.914742506305160E-004
 -1.114966798117402E-005
 -3.266616803782673E-007
  3.213892888087582E-006
  5.649891549151805E-006
 -7.118708872848537E-007
  1.445255042170332E-006
  2.242895186423096E-006
  3.071544089416401E-005
 -5.889640538809615E-005
  1.515863708744995E-004
 -1.820566004587812E-005
 -3.689579772889195E-005
 -1.476212079810503E-005
  2.098254122047376E-005
  2.791016593920697E-005
 -2.776881174595640E-006
 -2.433617680001011E-005
 -9.620364236759912E-005
 -4.999763259970141E-005
  2.991556852966174E-005
  6.077740895159536E-005
 -5.579391729651634E-006
 -4.148807093041197E-007
 -9.015942210514534E-007
 -3.787394547141530E-007
  4.376161410021036E-007
  5.446194810282698E-007
 -2.273543169798397E-008
  1.703423972632159E-005
 -2.019732883770410E-004
 -1.631888709677257E-004
 -9.908154872387808E-006
  1.381582187094272E-004
 -7.126084853933785E-006
 -5.042663958532674E-006
  8.042307179116667E-006
  1.744924137207216E-005
  5.081704129857600E-006
 -7.347466996985286E-006
  1.004628774574042E-005
  9.141429911027096E-007
  1.917502934378913E-005
 -1.078473615242480E-005
 -1.220809023862043E-005
 -3.384098739373432E-006
 -1.886017396325318E-005
  3.946626606703785E-006
 -1.081276346319228E-006
  4.911694671896225E-006
  1.123357256443952E-005
  7.886459674000004E-006
  1.915346207690810E-005
 -4.799205058746834E-006
 -7.700029561203963E-006
  2.260914399035763E-004
 -2.472262409243246E-004
  2.356718015505926E-005
  4.324526892020568E-005
 -2.450582728670878E-006
  6.712939463221840E-007
  2.328000825709019E-004
  1.998406071338594E-003
  2.464644791879074E-003
  1.918716593894141E-003
  7.350697812657974E-006
  2.885108773618164E-005
 -9.155189086601987E-006
 -6.057970340392017E-005
  1.412601622438707E-004
 -1.667647223678319E-004
  2.311357483038155E-006
  2.917637968383012E-006
  2.281325722375955E-006
  9.494611989967651E-007
  9.171137624114960E-007
  8.228585438611615E-007
  2.949463913329423E-005
  1.023141978941115E-004
 -1.162554390299491E-005
 -1.536077025777363E-005
 -2.514191974837086E-005
 -9.554512367633479E-006
 -1.921965052115800E-006
  7.284589675052422E-007
  1.728273530988943E-005
 -5.565650978532100E-005
 -7.480674199672302E-005
 -4.903417682435798E-005
  4.264055897152709E-006
  7.117215219473839E-006
  5.139245388816829E-005
 -6.944895105834589E-007
 -1.101159546263346E-006
 -4.427476042449520E-007
 -5.101672846768239E-008
 -7.573639371680540E-008
  7.455062390511413E-007
 -2.765336827584252E-005
 -6.593943475076963E-005
 -2.125845312585219E-005
  6.616507965301284E-006
 -5.135056275327025E-006
  2.103686031054124E-005
  4.108562808430319E-006
  8.936496533966142E-006
  1.117004638268816E-005
 -7.234963169118668E-006
 -1.835278462760152E-006
 -5.090725256172288E-006
 -1.807295207068953E-006
 -7.496550484101784E-006
 -3.514610912759283E-006
 -1.224498632862125E-006
  5.884272246781241E-006
  1.225894516185748E-005
 -1.214356366895155E-006
 -5.844109830310657E-006
 -3.355799312749896E-008
 -1.180870691003306E-005
 -1.641208867126433E-006
 -3.305212865742770E-007
 -7.335318560478185E-006
  5.149592178231441E-007
  8.719046485940113E-004
 -1.318898013659609E-004
 -6.049654417377500E-004
 -5.915006229187672E-005
  4.010611150115216E-006
  4.574138174413055E-005
 -6.479240325825308E-006
  1.992135572868125E-005
  1.281708629643520E-004
 -1.438952649040454E-005
  6.985818364313945E-005
  4.039490949903104E-005
  5.438962220164030E-005
 -5.766009882049045E-006
 -7.036480483376593E-006
 -4.117926542706303E-006
  6.950453045971546E-006
 -1.829773364184531E-005
 -1.184443163922502E-006
 -9.361508854896286E-006
 -1.230830757037192E-005
 -1.851267349820453E-005
  1.387516665472894E-005
 -2.094577832274417E-005
 -4.513657799832654E-006
  3.398805005164859E-003
 -5.553155319799831E-004
 -1.342093914493252E-003
 -2.705564279386400E-005
  3.177748491283310E-005
 -6.466872461848698E-005
  1.024304433549411E-005
 -1.790109725193115E-005
 -1.298944246407428E-005
  6.327056925134220E-005
 -2.852322941939589E-005
  1.795183460867809E-004
  2.088071225042618E-005
 -1.322341011643536E-006
 -1.219452076926014E-005
 -1.444984323772548E-007
  9.663890993680470E-006
 -8.503494198146208E-007
 -8.341549982036933E-006
  2.043561539249962E-007
  2.831644703274927E-005
 -2.481840492195334E-006
 -1.271419611049641E-005
 -4.387241804274526E-006
  1.250983995657142E-005
 -6.800350192006489E-004
 -2.090959998817166E-004
  2.938079800151006E-004
  6.150061802379607E-005
 -1.472825460446523E-005
  4.003640491068340E-005
  6.283515261058185E-005
 -4.306840808845055E-005
  6.228084771345993E-005
  9.387416368140196E-005
  1.027342192331762E-004
 -1.618942251555010E-004
  7.523279087757984E-005
 -4.292124281749522E-006
  1.079183605337166E-005
  1.582114691565041E-006
 -8.101162238319193E-006
 -9.993629345238413E-008
  1.239328652006871E-005
  2.303470894466178E-007
 -9.412251082359684E-006
 -1.089395995177864E-005
  2.809311975247850E-006
 -9.396294217603286E-006
 -3.039659064694468E-006
 -3.401880758364193E-003
  8.209441984231533E-004
  1.373956535521890E-003
  4.116326203984742E-006
 -3.952309853365275E-005
 -7.807598198943580E-005
 -4.041273930834651E-006
 -6.176471363189945E-006
  4.837758708558193E-006
  8.632116655231247E-005
 -8.615215991818350E-005
  8.523570842114504E-005
  1.191467766667557E-004
  1.152457953110370E-006
 -1.814140884600899E-005
 -3.783849347682801E-006
 -9.085958576615615E-006
  6.781419721533457E-008
  7.933500623505245E-006
 -6.049526705884403E-006
  3.110595241475648E-005
  9.540861123128869E-006
  1.252580775219958E-005
  3.394153700358399E-005
  2.268509920940053E-004
  9.726678703734796E-004
  2.074553142912847E-006
 -8.556612290147144E-005
 -7.262984438553732E-006
 -1.308872927714067E-006
  5.007249491634690E-005
  1.155793679255996E-003
 -9.414212889479579E-004
  1.141003242887880E-003
 -8.229101293840403E-005
  1.360410727033653E-005
 -2.974022854237345E-005
 -2.469927696668446E-004
  3.320624485523210E-004
  2.988517990363675E-004
  8.461778113577087E-007
 -1.273725720590692E-006
  1.337726116373032E-006
  8.123528179995077E-007
 -5.829398218624164E-007
  4.590362672305559E-007
  7.744585682343162E-006
  4.883262393960347E-005
  1.117958757786138E-004
  2.928184041627360E-005
  1.187436394661231E-005
 -4.308833503297567E-005
 -1.898340366184928E-005
  3.329862451893067E-005
 -1.029843675442432E-005
  6.001315361112702E-005
  1.465601908774299E-005
 -9.239013053303729E-005
 -3.559573449720285E-005
  6.290889275753575E-005
 -2.441741911392417E-005
  6.364404272302209E-007
  3.061428218939481E-007
 -8.772810029576048E-007
 -4.364385534522436E-007
  6.595150487689035E-007
 -2.000018737779773E-007
 -4.917353189469188E-007
  1.953967046033533E-005
 -6.500203937998639E-005
  1.919602246579025E-005
  5.721287401474719E-005
 -1.870428714684333E-005
  3.531963281046617E-006
 -6.088754707851948E-006
 -5.835456196873505E-006
 -5.618175446505336E-006
 -8.296591408275068E-006
 -4.977714396634514E-006
  2.955100801393319E-007
  5.685870183481855E-006
  5.202224467433952E-006
  4.986200446388306E-008
 -7.227956847550782E-007
  3.514495150565555E-006
 -1.457223072902822E-005
 -4.773239168974432E-007
 -5.785312844117206E-006
  2.645710971162678E-006
 -9.511427356939955E-007
  6.103574848344865E-006
 -6.610669434835688E-007
  2.822885293561118E-006
  9.564698883291532E-006
  1.104010075877836E-003
 -1.856702805641631E-005
 -4.359606430051716E-005
 -2.396145433112656E-007
 -9.049693750712321E-007
  6.177086941017128E-005
 -1.408778052185779E-003
 -1.725052764409024E-003
 -1.450070162719033E-003
 -1.309758120259666E-005
 -1.799931472831739E-005
  1.159634950392026E-005
  1.221496150017566E-004
 -9.795779672619839E-005
 -5.547591579996689E-005
 -1.817436823546580E-006
 -1.777489603222228E-006
 -1.173495950246838E-006
 -6.909208291745459E-007
 -6.532106117744658E-007
 -4.986468931749309E-007
  5.696542294769987E-006
 -9.881844214934118E-005
 -9.530469773433053E-005
  1.047760638846451E-005
  1.621846460376314E-005
 -1.376967185537911E-005
  8.526115144616128E-007
 -9.755282768398390E-007
 -1.133021790292612E-005
  4.004856837782782E-005
  4.956458620939054E-005
 -3.498191777338994E-005
 -3.302199598785426E-006
 -1.022047855069543E-006
 -3.674636877904239E-005
  4.161653441597882E-007
  7.494266258950788E-007
 -6.687570341824937E-007
  6.976700358158119E-008
  1.336908007403771E-007
 -4.859323477413694E-007
  1.262568372394678E-005
  3.382322757988687E-005
  1.418738152656116E-006
 -1.207899847166949E-006
 -1.899596890571129E-006
 -1.141778387677983E-005
 -2.680791992955608E-006
 -5.680786805371961E-006
 -8.201434432492874E-007
  6.007288951025910E-006
  2.014298132328943E-006
  2.035087027840914E-006
  1.132207832281378E-006
  3.858704215556705E-006
  2.284163308527828E-006
 -1.012853590769139E-006
 -3.591050150077317E-006
 -9.575509632568154E-006
  5.880653910712453E-006
  4.328505769351524E-006
  4.111013322571624E-006
  6.444644680880427E-006
  1.188247534749770E-006
 -2.049355681170791E-006
  6.010767028318846E-006
 -1.277099409847221E-006
 -5.854253443783757E-004
 -1.385589418524074E-005
  6.885563646211041E-005
 -1.669257987544142E-005
 -1.241913252379556E-005
 -2.889815489586899E-005
 -4.129475667677404E-006
 -4.171266621668581E-005
 -8.634410569772549E-005
 -4.035681443923207E-006
 -3.450013185433919E-005
 -4.413199672882482E-005
 -1.964473275140711E-005
  4.605359045393955E-006
  3.544931356923055E-006
  3.076868968958147E-006
 -5.451996195653770E-006
  1.297544203609406E-005
  8.466371502598156E-007
  1.241100956774036E-005
  1.238362134843402E-006
  1.181469153435154E-005
 -1.289073109187876E-005
  1.027769003899511E-005
  4.797215241383948E-007
 -3.484432875070373E-004
  2.385107570979628E-004
 -3.571936886754664E-004
 -7.613560795262879E-005
  2.462263706060180E-006
  1.924483029472198E-006
  3.726486758133382E-005
  2.533872042180145E-005
 -4.696085103742157E-005
  4.666323501122482E-005
 -9.231874880226674E-005
  9.770841103303681E-005
  1.063853916614140E-004
  2.485018224981549E-006
 -2.236445009484316E-006
  1.334400607020588E-006
  2.358278055342303E-006
 -3.980988150821882E-006
 -4.843296280323852E-006
  2.732025495966363E-007
  1.168101607242846E-006
 -8.357721779970361E-006
  2.760916840221364E-006
  1.059306126213723E-005
 -3.034119389818000E-006
 -1.720504449141846E-003
  2.546827630561771E-004
  9.164519992145208E-004
  3.813748102916380E-005
 -1.354603004290764E-005
  2.230347840611206E-005
 -1.526043161310342E-005
  8.691563967314723E-006
  1.332276081468679E-005
 -1.487252822979706E-005
  6.164407794013423E-005
 -8.951830243526081E-005
  7.712216962519239E-005
  1.402539101002259E-006
  3.471471966798712E-006
 -1.816069527149550E-006
 -2.610454624874295E-006
  4.474841140320871E-006
  1.207915523872035E-006
 -2.618364834355467E-006
 -1.795418749437350E-005
 -3.748738463424123E-006
  3.141561569412359E-006
  1.062621063099094E-005
 -5.231967350568921E-007
  3.405095316725838E-004
 -1.009797760148123E-004
 -5.245373589789975E-005
  4.722962692448827E-005
  1.424953490807823E-005
  2.678046683164890E-006
  1.478602815863661E-005
  1.182563171032141E-005
 -2.572851617223100E-005
  2.587182893674117E-005
 -2.122168550635669E-006
  3.253610764031138E-005
  1.286857848599583E-005
  1.876195768658326E-006
  5.918914797652893E-006
  3.750770841568517E-006
 -2.662205132940076E-006
  2.783707094360702E-006
  7.860093642817501E-007
 -5.525304046450101E-006
 -9.924039058958747E-006
 -3.550032264638510E-006
 -3.101823088394842E-006
 -6.476281046315179E-006
  8.627127134844943E-006
