
 Working directory              : /tmp/asmola/molpro.Fu3Ha1EKoe/
 Global scratch directory       : /tmp/asmola/molpro.Fu3Ha1EKoe/
 Wavefunction directory         : /home/asmola/wfu/
 Main file repository           : /tmp/asmola/molpro.Fu3Ha1EKoe/

 id        : uclcc

 Nodes                        nprocs
 vincent.theory.phys.ucl.ac.uk    1
 GA implementation: MPI file
 GA implementation (serial work in mppx): MPI file

 Using customized tuning parameters: mindgm=1; mindgv=20; mindgc=4; mindgr=1; noblas=0; minvec=7
 default implementation of scratch files=df  


 Variables initialized (1015), CPU time= 0.00 sec
 ***,Methanol Ground State Energy with CCSD(T) and aug-cc-pVTZ
 memory,500,m;
 
 geometry={angstrom
 c
 o , 1, rco
 h , 2, roh, 1, acoh
 h1, 1, rch1, 2, aoch1  3  ahh1
 h2, 1, rch2, 2, aoch2, 3, ahh2
 h3, 1, rch3, 2, aoch3, 3, ahh3
 }
 
 rco=   1.41997934
 roh=   0.95818958
 rch1=  1.09312547
 rch2=  1.08754749
 rch3=  1.09312547
 acoh=  108.21042647
 aoch1= 111.89503696
 aoch2= 106.72939010
 aoch3= 111.89503696
 ahh1=  61.38282783
 ahh2=  180.00
 ahh3=  298.61717217
 
 
 Sa = -1.6936112928100562
 Sb = 2.9334208074194277
 tau = 60
 ahh1 = tau+1.0/3.0*sqrt(2.0)*Sb
 ahh2 = 120.0+tau-1.0/6.0*sqrt(2.0)*Sb-1.0/6.0*sqrt(6.0)*Sa
 ahh3 = 240.0+tau+1.0/6.0*sqrt(6.0)*Sa-1.0/6.0*sqrt(2.0)*Sb
 
 
 basis=aug-cc-pVTZ
 
 hf
 ccsd
 runccsd = {hf;ccsd}
 
 
 do i = 180, 240, 2.5
     ahh2 = i
 
     geometry={angstrom
     c
     o , 1, rco
     h , 2, roh, 1, acoh
     h1, 1, rch1, 2, aoch1  3  ahh1
     h2, 1, rch2, 2, aoch2, 3, ahh2
     h3, 1, rch3, 2, aoch3, 3, ahh3
     }
 
     {OPTG,procedure=runccsd,savexyz=CH3OH_maxima_mp2.xyz
     active,rco,roh,rch1,rch2,rch3,acoh,aoch1,aoch2,aoch3,ahh1,ahh3;
     END}
 
 enddo
 
 ahh3 = 360.00
 geometry={angstrom
 c
 o , 1, rco
 h , 2, roh, 1, acoh
 h1, 1, rch1, 2, aoch1  3  ahh1
 h2, 1, rch2, 2, aoch2, 3, ahh2
 h3, 1, rch3, 2, aoch3, 3, ahh3
 }
 
 {OPTG,procedure=runccsd,savexyz=CH3OH_maxima_mp2.xyz
 active,rco,roh,rch1,rch2,rch3,acoh,aoch1,aoch2,aoch3,ahh1,ahh2;
 END}
 
 
 Commands initialized (818), CPU time= 0.01 sec, 672 directives.
 Default parameters read. Elapsed time= 0.09 sec

 Checking input...
 Passed
1


                                         ***  PROGRAM SYSTEM MOLPRO  ***
                                       Copyright, TTI GmbH Stuttgart, 2015
                                    Version 2022.1 linked Mar  3 2022 23:20:00


 **********************************************************************************************************************************
 LABEL *   Methanol Ground State Energy with CCSD(T) and aug-cc-pVTZ                     
  (14 PROC) 64 bit serial version                                                        DATE: 18-Feb-25          TIME: 14:33:38  
 **********************************************************************************************************************************

 SHA1:             31073afc4d8441e10870424e0d77336a33bc4286
 **********************************************************************************************************************************

 Memory per process:       500 MW
 Total memory per node:    500 MW

 GA preallocation disabled
 GA check disabled

 Variable memory set to 500.0 MW

 SETTING RCO            =         1.41997934                                  
 SETTING ROH            =         0.95818958                                  
 SETTING RCH1           =         1.09312547                                  
 SETTING RCH2           =         1.08754749                                  
 SETTING RCH3           =         1.09312547                                  
 SETTING ACOH           =       108.21042647                                  
 SETTING AOCH1          =       111.89503696                                  
 SETTING AOCH2          =       106.72939010                                  
 SETTING AOCH3          =       111.89503696                                  
 SETTING AHH1           =        61.38282783                                  
 SETTING AHH2           =       180.00000000                                  
 SETTING AHH3           =       298.61717217                                  
 SETTING SA             =        -1.69361129                                  
 SETTING SB             =         2.93342081                                  
 SETTING TAU            =        60.00000000                                  
 SETTING AHH1           =        61.38282783                                  
 SETTING AHH2           =       180.00000000                                  
 SETTING AHH3           =       298.61717217                                  
 SETTING BASIS          =    AUG-CC-PVTZ


 Recomputing integrals since basis changed


 Using spherical harmonics

 Library entry C      S aug-cc-pVTZ          selected for orbital group  1
 Library entry C      P aug-cc-pVTZ          selected for orbital group  1
 Library entry C      D aug-cc-pVTZ          selected for orbital group  1
 Library entry C      F aug-cc-pVTZ          selected for orbital group  1
 Library entry O      S aug-cc-pVTZ          selected for orbital group  2
 Library entry O      P aug-cc-pVTZ          selected for orbital group  2
 Library entry O      D aug-cc-pVTZ          selected for orbital group  2
 Library entry O      F aug-cc-pVTZ          selected for orbital group  2
 Library entry H      S aug-cc-pVTZ          selected for orbital group  3
 Library entry H      P aug-cc-pVTZ          selected for orbital group  3
 Library entry H      D aug-cc-pVTZ          selected for orbital group  3


 PROGRAM * SEWARD (Integral evaluation for generally contracted gaussian basis sets)     Author: Roland Lindh, 1990

 Geometry written to block  1 of record 700

 Orientation using atomic masses  
 Molecule type: Asymmetric top
 Symmetry elements: X
 Rotational constants:      23.9613761     24.8267954    128.5481154 GHz  (calculated with average atomic masses)

 Point group  Cs  



 ATOMIC COORDINATES

 NR  ATOM    CHARGE       X              Y              Z

   1  C       6.00    0.000000000    0.024794255   -1.375691575
   2  O       8.00    0.000000000   -0.120926336    1.303720879
   3  H       1.00    0.000000000    1.565832922    1.962154785
   4  H1      1.00    1.682559542    0.983287284   -2.095019762
   5  H3      1.00   -1.682559542    0.983287284   -2.095019762
   6  H2      1.00    0.000000000   -1.908357421   -2.073284295

 Bond lengths in Bohr (Angstrom)

 1-2  2.683372055  1-4  2.065707758  1-5  2.065707758  1-6  2.055166904  2-3  1.810715882
     ( 1.419979340)     ( 1.093125470)     ( 1.093125470)     ( 1.087547490)     ( 0.958189580)

 Bond angles

  1-2-3  108.21042647   2-1-4  111.89503696   2-1-5  111.89503696   2-1-6  106.72939010

  4-1-5  109.07978552   4-1-6  108.55746630   5-1-6  108.55746630

 NUCLEAR CHARGE:                   18
 NUMBER OF PRIMITIVE AOS:         242
 NUMBER OF SYMMETRY AOS:          216
 NUMBER OF CONTRACTIONS:          184   (  115A'  +   69A"  )
 NUMBER OF INNER CORE ORBITALS:     0   (    0A'  +    0A"  )
 NUMBER OF OUTER CORE ORBITALS:     2   (    2A'  +    0A"  )
 NUMBER OF VALENCE ORBITALS:       12   (    9A'  +    3A"  )


 NUCLEAR REPULSION ENERGY   40.34537859

 Eigenvalues of metric

         1 0.607E-04 0.742E-04 0.202E-03 0.410E-03 0.485E-03 0.761E-03 0.101E-02 0.164E-02
         2 0.893E-04 0.781E-03 0.163E-02 0.268E-02 0.491E-02 0.523E-02 0.636E-02 0.690E-02


 Contracted 2-electron integrals neglected if value below      1.0D-11
 AO integral compression algorithm  1   Integral accuracy      1.0D-11

     382.468 MB (compressed) written to integral file ( 53.5%)


 NUMBER OF SORTED TWO-ELECTRON INTEGRALS:   73489255.     BUFFER LENGTH:  32768
 NUMBER OF SEGMENTS:   5  SEGMENT LENGTH:   15997996      RECORD LENGTH: 524288

 Memory used in sort:      16.56 MW

 SORT1 READ    89369882. AND WROTE    72723497. INTEGRALS IN    212 RECORDS. CPU TIME:     0.72 SEC, REAL TIME:     1.06 SEC
 SORT2 READ    72723497. AND WROTE    73489255. INTEGRALS IN   1459 RECORDS. CPU TIME:     0.80 SEC, REAL TIME:     1.03 SEC

 FILE SIZES:   FILE 1:   413.4 MBYTE,  FILE 4:   889.2 MBYTE,   TOTAL:   1302.6 MBYTE

 OPERATOR DM      FOR CENTER  0  COORDINATES:    0.000000    0.000000    0.000000


 **********************************************************************************************************************************
 DATASETS  * FILE   NREC   LENGTH (MB)   RECORD NAMES
              1      19      336.41       500      610      700      900      950      970     1000      129      960     1100   
                                          VAR    BASINP    GEOM    SYMINP    ZMAT    AOBASIS   BASIS     P2S    ABASIS      S 
                                         1400     1410     1200     1210     1080     1600     1650     1300     1700   
                                           T        V       H0       H01     AOSYM     SMH    MOLCAS    ERIS     OPER   

 PROGRAMS   *        TOTAL       INT
 CPU TIMES  *        14.37     14.24
 REAL TIME  *         6.21 SEC
 DISK USED  *         1.21 GB
 **********************************************************************************************************************************


 Program * Restricted Hartree-Fock

 Orbital guess generated from atomic densities. Full valence occupancy:   11   3

 Initial occupancy:   7   2

 NELEC=   18   SYM=1   MS2= 0   THRE=1.0D-08   THRD=1.0D-06   THRG=1.0D-06  HFMA2=F  DIIS_START=2   DIIS_MAX=10   DIIS_INCORE=F

 Level shifts:    0.00 (CLOSED)    0.00 (OPEN)    0.30 (GAP_MIN)

 ITER           ETOT              DE          GRAD        DDIFF     DIIS  NEXP   TIME(IT)  TIME(TOT)  DIAG
   1     -115.05633764    -115.05633764     0.00D+00     0.63D-01     0     0       1.32      2.56    start
   2     -115.08437699      -0.02803935     0.65D-02     0.73D-02     1     0       1.28      3.84    diag
   3     -115.09166827      -0.00729129     0.36D-02     0.23D-02     2     0       1.35      5.19    diag
   4     -115.09219404      -0.00052576     0.70D-03     0.61D-03     3     0       1.34      6.53    diag
   5     -115.09222616      -0.00003213     0.14D-03     0.14D-03     4     0       1.47      8.00    diag
   6     -115.09222762      -0.00000146     0.26D-04     0.36D-04     5     0       1.31      9.31    diag
   7     -115.09222769      -0.00000007     0.53D-05     0.82D-05     6     0       1.30     10.61    diag
   8     -115.09222769      -0.00000000     0.13D-05     0.21D-05     7     0       1.29     11.90    fixocc
   9     -115.09222769      -0.00000000     0.40D-06     0.60D-06     8     0       1.28     13.18    diag
  10     -115.09222769      -0.00000000     0.10D-06     0.12D-06     0     0       1.32     14.50    diag/orth

 Final occupancy:   7   2

 !RHF STATE 1.1 Energy               -115.092227693867
  RHF One-electron energy            -236.922129700981
  RHF Two-electron energy              81.484523414287
  RHF Kinetic energy                  114.923123806511
  RHF Nuclear energy                   40.345378592827
  RHF Virial quotient                  -1.001471452235

 !RHF STATE 1.1 Dipole moment           0.00000000     0.58930356    -0.39215944
 Dipole moment /Debye                   0.00000000     1.49786025    -0.99676987

 Orbital energies:

           1.1          2.1          3.1          4.1          5.1          6.1          7.1          8.1          9.1
    -20.558889   -11.271344    -1.358314    -0.925968    -0.691674    -0.593608    -0.504289     0.028517     0.042984

           1.2          2.2          3.2          4.2
     -0.620739    -0.451724     0.046612     0.129174


 HOMO      2.2    -0.451724 =     -12.2920eV
 LUMO      8.1     0.028517 =       0.7760eV
 LUMO-HOMO         0.480241 =      13.0680eV

 Orbitals saved in record  2100.2


 **********************************************************************************************************************************
 DATASETS  * FILE   NREC   LENGTH (MB)   RECORD NAMES
              1      19      336.41       500      610      700      900      950      970     1000      129      960     1100   
                                          VAR    BASINP    GEOM    SYMINP    ZMAT    AOBASIS   BASIS     P2S    ABASIS      S 
                                         1400     1410     1200     1210     1080     1600     1650     1300     1700   
                                           T        V       H0       H01     AOSYM     SMH    MOLCAS    ERIS     OPER   

              2       4        0.71       700     1000      520     2100   
                                         GEOM     BASIS   MCVARS     RHF  

 PROGRAMS   *        TOTAL    HF-SCF       INT
 CPU TIMES  *        28.90     14.53     14.24
 REAL TIME  *        10.69 SEC
 DISK USED  *         1.21 GB
 **********************************************************************************************************************************


 PROGRAM * CCSD (Closed-shell coupled cluster)     Authors: C. Hampel, H.-J. Werner, 1991, M. Deegan, P.J. Knowles, 1992


 Convergence thresholds:  THRVAR = 1.00D-12  THRDEN = 1.00D-08

 Number of core orbitals:           2 (   2   0 )
 Number of closed-shell orbitals:   7 (   5   2 )
 Number of external orbitals:     175 ( 108  67 )

 Molecular orbitals read from record     2100.2  Type=RHF/CANONICAL  

 Number of N-1 electron functions:               7
 Number of N-2 electron functions:              28
 Number of singly external CSFs:               674
 Number of doubly external CSFs:            379551
 Total number of CSFs:                      380226

 Length of J-op  integral file:               0.00 MB
 Length of K-op  integral file:               1.27 MB
 Length of 3-ext integral record:             0.00 MB

 Integral transformation finished. Total CPU:   9.82 sec, npass=  1  Memory used:   8.42 MW

 Reference energy:                   -115.09222769

 MP2 singlet pair energy:              -0.28676268
 MP2 triplet pair energy:              -0.14999663
 MP2 correlation energy:               -0.43675931
 MP2 total energy:                   -115.52898700

 SCS-MP2 correlation energy:           -0.43744645   (PS=  1.200000  PT=  0.333333)
 SCS-MP2 total energy:               -115.52967415

 ITER.      SQ.NORM     CORR.ENERGY   TOTAL ENERGY   ENERGY CHANGE        DEN1      VAR(S)    VAR(P)  DIIS     TIME  TIME/IT
   1      1.12027633    -0.45312235  -115.54535005    -0.01636305    -0.00558699  0.16D-02  0.19D-02  1  1    71.87     5.43
   2      1.12854077    -0.45421430  -115.54644199    -0.00109195    -0.00965565  0.20D-04  0.25D-03  2  2   141.46     5.87
   3      1.13140091    -0.45430243  -115.54653012    -0.00008813    -0.00185162  0.16D-04  0.11D-04  3  3   202.28     5.76
   4      1.13217428    -0.45428761  -115.54651531     0.00001482    -0.00036634  0.93D-06  0.12D-05  4  4   264.55     5.72
   5      1.13234330    -0.45428904  -115.54651673    -0.00000143    -0.00005323  0.23D-06  0.10D-06  5  5   328.61     5.73
   6      1.13239000    -0.45428527  -115.54651297     0.00000377    -0.00000988  0.37D-07  0.97D-08  6  6   392.10     5.74
   7      1.13240031    -0.45428432  -115.54651202     0.00000095    -0.00000151  0.49D-08  0.21D-08  6  2   459.41     5.79
   8      1.13240288    -0.45428424  -115.54651193     0.00000009    -0.00000001  0.80D-09  0.27D-09  6  1   520.37     5.76
   9      1.13240392    -0.45428416  -115.54651186     0.00000007     0.00000019  0.74D-10  0.29D-10  6  3   586.78     5.78
  10      1.13240410    -0.45428416  -115.54651186     0.00000000     0.00000001  0.11D-10  0.41D-11  6  4   650.80     5.79
  11      1.13240395    -0.45428418  -115.54651188    -0.00000002     0.00000011  0.14D-11  0.71D-12  6  6   719.93     5.83
  12      1.13240391    -0.45428419  -115.54651188    -0.00000000     0.00000002  0.19D-12  0.62D-13  6  5   785.09     5.83
  13      1.13240388    -0.45428419  -115.54651188    -0.00000000     0.00000001  0.19D-13  0.93D-14  6  1   850.74     5.84

 Norm of t1 vector:      0.05242073      S-energy:     0.00000003      T1 diagnostic:  0.00990659
                                                                       D1 diagnostic:  0.02314542
                                                                       D2 diagnostic:  0.13789836 (internal)


 RESULTS
 =======

  Reference energy                   -115.092227693867
  CCSD singlet pair energy             -0.318146158664
  CCSD triplet pair energy             -0.136138059335
  CCSD correlation energy              -0.454284188592

 !CCSD total energy                  -115.546511882458

 Timing summary (sec):

 STEP                 CPU(USER)    SYS     CPU(TOT)    WALL
 Transformation         11.83      0.18     12.01      1.60
 CCSD iterations       840.48     24.06    864.54     76.09

 Program statistics:

 Available memory in ccsd:               499999797
 Min. memory needed in ccsd:               1222254
 Max. memory used in ccsd:                 1536732
 Max. memory used in cckext:               2035678 (13 integral passes)



 **********************************************************************************************************************************
 DATASETS  * FILE   NREC   LENGTH (MB)   RECORD NAMES
              1      20      414.63       500      610      700      900      950      970     1000      129      960     1100   
                                          VAR    BASINP    GEOM    SYMINP    ZMAT    AOBASIS   BASIS     P2S    ABASIS      S 
                                         1400     1410     1200     1210     1080     1600     1650     1300     1700     1380   
                                           T        V       H0       H01     AOSYM     SMH    MOLCAS    ERIS     OPER     JKOP   

              2       4        0.71       700     1000      520     2100   
                                         GEOM     BASIS   MCVARS     RHF  

 PROGRAMS   *        TOTAL      CCSD    HF-SCF       INT
 CPU TIMES  *       881.28    852.37     14.53     14.24
 REAL TIME  *        88.42 SEC
 DISK USED  *         1.21 GB
 **********************************************************************************************************************************

 DO I                   =       180.00000000   
 SETTING AHH2           =       180.00000000                                  


 PROGRAM * OPT (Geometry optimization)     Authors: F. Eckert and H.-J. Werner


 BFGS update of hessian

 Geometry optimization using procedure=RUNCCSD

 Running procedure: RUNCCSD


 Program * Restricted Hartree-Fock

 Molecular orbitals read from record     2100.2  Type=RHF/CANONICAL  

 Initial occupancy:   7   2

 NELEC=   18   SYM=1   MS2= 0   THRE=1.0D-08   THRD=1.0D-06   THRG=1.0D-06  HFMA2=F  DIIS_START=2   DIIS_MAX=10   DIIS_INCORE=F

 Level shifts:    0.00 (CLOSED)    0.00 (OPEN)    0.30 (GAP_MIN)

 ITER           ETOT              DE          GRAD        DDIFF     DIIS  NEXP   TIME(IT)  TIME(TOT)  DIAG
   1     -115.09222769    -115.09222769     0.00D+00     0.65D-01     0     0       1.34      1.34    start
   2     -115.09222769      -0.00000000     0.43D-07     0.51D-07     1     0       1.30      2.64    diag

 Final occupancy:   7   2

 !RHF STATE 1.1 Energy               -115.092227693870
  RHF One-electron energy            -236.922125212900
  RHF Two-electron energy              81.484518926203
  RHF Kinetic energy                  114.923121751136
  RHF Nuclear energy                   40.345378592827
  RHF Virial quotient                  -1.001471470146

 !RHF STATE 1.1 Dipole moment           0.00000000     0.58930314    -0.39216027
 Dipole moment /Debye                   0.00000000     1.49785918    -0.99677199

 Orbital energies:

           1.1          2.1          3.1          4.1          5.1          6.1          7.1          8.1          9.1
    -20.558889   -11.271340    -1.358313    -0.925967    -0.691674    -0.593607    -0.504288     0.028517     0.042984

           1.2          2.2          3.2          4.2
     -0.620739    -0.451723     0.046612     0.129174


 HOMO      2.2    -0.451723 =     -12.2920eV
 LUMO      8.1     0.028517 =       0.7760eV
 LUMO-HOMO         0.480240 =      13.0680eV

 Orbitals saved in record  2101.2


 **********************************************************************************************************************************
 DATASETS  * FILE   NREC   LENGTH (MB)   RECORD NAMES
              1      20      414.63       500      610      700      900      950      970     1000      129      960     1100   
                                          VAR    BASINP    GEOM    SYMINP    ZMAT    AOBASIS   BASIS     P2S    ABASIS      S 
                                         1400     1410     1200     1210     1080     1600     1650     1300     1700     1380   
                                           T        V       H0       H01     AOSYM     SMH    MOLCAS    ERIS     OPER     JKOP   

              2       6        1.55       700     1000      520     2100      200     2101   
                                         GEOM     BASIS   MCVARS     RHF    OPTIONS    RHF  

 PROGRAMS   *        TOTAL    HF-SCF      CCSD    HF-SCF       INT
 CPU TIMES  *       883.95      2.67    852.37     14.53     14.24
 REAL TIME  *        89.25 SEC
 DISK USED  *         1.21 GB
 **********************************************************************************************************************************


 PROGRAM * CCSD (Closed-shell coupled cluster)     Authors: C. Hampel, H.-J. Werner, 1991, M. Deegan, P.J. Knowles, 1992


 Convergence thresholds:  THRVAR = 1.00D-12  THRDEN = 1.00D-08

 Using ITF CCSD gradient implementation

 Number of core orbitals:           2 (   2   0 )
 Number of closed-shell orbitals:   7 (   5   2 )
 Number of external orbitals:     175 ( 108  67 )

 Molecular orbitals read from record     2101.2  Type=RHF/CANONICAL (state 1.1)

 Integral transformation finished. Total CPU:  10.85 sec, npass=  1  Memory used:   8.42 MW
  Reference energy                   -115.092227693870

  MP2 correlation energy               -0.436759144202
  MP2 total energy                   -115.528986838072

 ITER.      SQ.NORM     CORR.ENERGY   TOTAL ENERGY   ENERGY CHANGE        DEN1      VAR(S)    VAR(P)  DIIS     TIME
   1      1.12039415    -0.45320352  -115.54543122    -0.01644438    -0.00558020  1.69e-03  1.94e-03  1  1    17.04
   2      1.12838617    -0.45418697  -115.54641467    -0.00098345    -0.00936665  4.22e-05  2.70e-04  2  2    34.81
   3      1.13076763    -0.45430593  -115.54653363    -0.00011896    -0.00140631  4.44e-06  3.49e-05  3  3    51.33
   4      1.13201452    -0.45430868  -115.54653637    -0.00000275    -0.00092451  1.40e-07  3.38e-06  4  4    68.40
   5      1.13231660    -0.45428802  -115.54651571     0.00002066    -0.00019159  1.82e-08  3.18e-07  5  5    85.11
   6      1.13239561    -0.45428552  -115.54651322     0.00000249    -0.00004913  3.44e-10  1.44e-08  6  0   101.76
   7      1.13240374    -0.45428436  -115.54651205     0.00000116    -0.00000617  6.14e-11  1.04e-09  6  1   117.62
   8      1.13240393    -0.45428422  -115.54651191     0.00000014    -0.00000046  4.13e-12  1.04e-10  6  2   134.30
   9      1.13240385    -0.45428420  -115.54651189     0.00000002     0.00000001  1.63e-13  1.09e-11  6  3   149.93
  10      1.13240390    -0.45428420  -115.54651189     0.00000000    -0.00000004  2.86e-14  7.46e-13         167.00

 Norm of t1 vector:      0.05242107     S-energy:     -0.00000000   T1 diagnostic:  0.00990665

 Time per iteration:                     16.70 sec

 RESULTS
 =======

  Reference energy                   -115.092227693870
  CCSD correlation energy              -0.454284195969
 !CCSD total energy                  -115.546511889839

 Starting CP-CCSD iterations.   Author: W. Gyorffy (2012)

 ITER.      NRM1           NRM2      VAR(S)+VAR(P)   DIIS    TIME
   1     0.00162214     0.38318467     5.25e-04      1  1   16.59
   2     0.00147160     0.37939057     3.80e-05      2  2   33.43
   3     0.00136771     0.37890972     4.69e-06      3  3   51.07
   4     0.00131821     0.37851972     8.86e-07      4  4   70.05
   5     0.00129087     0.37842615     9.04e-08      5  5   86.79
   6     0.00128069     0.37839313     9.08e-09      6  0  103.17
   7     0.00127798     0.37838933     1.09e-09      6  1  120.26
   8     0.00127728     0.37838809     1.41e-10      6  2  138.00
   9     0.00127714     0.37838797     1.90e-11      6  3  154.33
  10     0.00127711     0.37838792     2.48e-12      6  4  171.75
  11     0.00127711     0.37838790     2.84e-13            189.45


 Time per iteration:                     17.22 sec


 Starting Coupled-perturbed Hartree-Fock, convergence threshold= 1.0D-06

 ITER   MIC  DIIS      VAR         VARC       CPU
   1     0     1    0.47D-02    0.12D-02     1.25
   2     4     2    0.18D-03    0.52D-04     2.49
   3     4     3    0.45D-05    0.85D-06     3.72
   4     2     4    0.46D-06    0.41D-07     4.96

 CPHF convergence reached in  4 macroiterations and   10 microiterations.   Accuracy: 4.5841D-07

 CPHF solution written to record  8500.2

 Dipole moments (unrelaxed):            0.00000000     0.55199643    -0.36640780
 Orbital relaxation contribution:      -0.00000000     0.00435897    -0.00313695
 !CCSD STATE 1.1 Dipole moment          0.00000000     0.55635540    -0.36954475
 Dipole moment /Debye                   0.00000000     1.41411437    -0.93928906

 CPU-time for coupled-perturbed hartree-fock:          5.05 sec

 Number of N-1 electron functions:               7
 Number of N-2 electron functions:              28
 Number of singly external CSFs:               674
 Number of doubly external CSFs:            379551
 Total number of CSFs:                      380226

 CCSD gradient info saved on record        55555.1




 **********************************************************************************************************************************
 DATASETS  * FILE   NREC   LENGTH (MB)   RECORD NAMES
              1      21      455.51       500      610      700      900      950      970     1000      129      960     1100   
                                          VAR    BASINP    GEOM    SYMINP    ZMAT    AOBASIS   BASIS     P2S    ABASIS      S 
                                         1400     1410     1200     1210     1080     1600     1650     1300     1700     1380   
                                           T        V       H0       H01     AOSYM     SMH    MOLCAS    ERIS     OPER     JKOP   
                                        55555   
                                         CCSD   

              2       7        2.16       700     1000      520     2100      200     2101     8500   
                                         GEOM     BASIS   MCVARS     RHF    OPTIONS    RHF     CPHF   

 PROGRAMS   *        TOTAL      CCSD      CCSD    HF-SCF       INT
 CPU TIMES  *      1370.52    486.56    852.37     14.53     14.24
 REAL TIME  *       153.25 SEC
 DISK USED  *         1.21 GB
 **********************************************************************************************************************************

 Inactive variables:    AHH2

 Active variables:      RCO ROH ACOH RCH1 AOCH1 AHH1
                        RCH2 AOCH2 RCH3 AOCH3 AHH3

 Geometry written to block  1 of record 700

 XYZ inputs for each point on the optimization path will be saved in files ch3oh_maxima_mp2_xx.xyz

 *** Long output written to logfile /scratch/vol1/asmola/Methanol/MolPro/RunMolPro/CH3OH_MEP_AUG-PVTZ-FREEZE-AHH2-withSymm.log ***


 Making model hessian for Z-matrix coordinates

 Entering Rational Function Geometry Optimization

 ITER.   ENERGY(OLD)    ENERGY(NEW)      DE          GRADMAX     GRADNORM    GRADRMS     STEPMAX     STEPLEN     STEPRMS   CPU-time
   1  -115.54651189  -115.54651263    -0.00000074  0.00040372  0.00062906  0.00018967  0.00174885  0.00270997  0.00024636   1111.24
   2  -115.54651263  -115.54651269    -0.00000006  0.00010507  0.00018381  0.00005542  0.00033597  0.00064834  0.00005894   1736.91

 END OF GEOMETRY OPTIMIZATION.

 Optimized variables
 RCO=                 1.41982690 ANGSTROM
 ROH=                 0.95791024 ANGSTROM
 ACOH=              108.32689785 DEGREE
 RCH1=                1.09305452 ANGSTROM
 AOCH1=             111.86551325 DEGREE
 AHH1=               61.37464819 DEGREE
 RCH2=                1.08776481 ANGSTROM
 AOCH2=             106.80473528 DEGREE
 RCH3=                1.09305452 ANGSTROM
 AOCH3=             111.86551325 DEGREE
 AHH3=              298.62535181 DEGREE

 **********************************************************************************************************************************

 Geometry written to block  1 of record 700

 Recomputing wavefunction for reoriented structure

 Current geometry (xyz format, in Angstrom)


 Dump information in style XYZ to ch3oh_maxima_mp2.xyz                                                            

    6
 CCSD/AUG-CC-PVTZ  ENERGY=-115.54651269
 C          0.0000000000        0.0132110694       -0.7279466958
 O          0.0000000000       -0.0640556928        0.6897762205
 H          0.0000000000        0.8275284525        1.0400186104
 H          0.8904292609        0.5206334570       -1.1079814720
 H          0.0000000000       -1.0094441191       -1.0986334187
 H         -0.8904292609        0.5206334570       -1.1079814720

 **********************************************************************************************************************************


 **********************************************************************************************************************************
 DATASETS  * FILE   NREC   LENGTH (MB)   RECORD NAMES
              1      21      455.50       500      610      700      900      950      970     1000      129      960     1100   
                                          VAR    BASINP    GEOM    SYMINP    ZMAT    AOBASIS   BASIS     P2S    ABASIS      S 
                                         1400     1410     1200     1210     1080     1600     1650     1300     1700     1380   
                                           T        V       H0       H01     AOSYM     SMH    MOLCAS    ERIS     OPER     JKOP   
                                        55555   
                                         CCSD   

              2       8        2.35       700     1000      520     2100      200     2101     8500     9001   
                                         GEOM     BASIS   MCVARS     RHF    OPTIONS    RHF     CPHF    DEN_MP2    

 PROGRAMS   *        TOTAL      OPTG      CCSD    HF-SCF       INT
 CPU TIMES  *      3454.59   2573.31    852.37     14.53     14.24
 REAL TIME  *       414.13 SEC
 DISK USED  *         1.22 GB
 **********************************************************************************************************************************

 DO I                   =       182.50000000   
 SETTING AHH2           =       182.50000000                                  


 PROGRAM * OPT (Geometry optimization)     Authors: F. Eckert and H.-J. Werner


 BFGS update of hessian

 Geometry optimization using procedure=RUNCCSD

 Running procedure: RUNCCSD


 Recomputing integrals since geometry and symmetry changed


 Using spherical harmonics

 Library entry C      S aug-cc-pVTZ          selected for orbital group  1
 Library entry C      P aug-cc-pVTZ          selected for orbital group  1
 Library entry C      D aug-cc-pVTZ          selected for orbital group  1
 Library entry C      F aug-cc-pVTZ          selected for orbital group  1
 Library entry O      S aug-cc-pVTZ          selected for orbital group  2
 Library entry O      P aug-cc-pVTZ          selected for orbital group  2
 Library entry O      D aug-cc-pVTZ          selected for orbital group  2
 Library entry O      F aug-cc-pVTZ          selected for orbital group  2
 Library entry H      S aug-cc-pVTZ          selected for orbital group  3
 Library entry H      P aug-cc-pVTZ          selected for orbital group  3
 Library entry H      D aug-cc-pVTZ          selected for orbital group  3


 PROGRAM * SEWARD (Integral evaluation for generally contracted gaussian basis sets)     Author: Roland Lindh, 1990

 Geometry written to block  1 of record 701

 Orientation using atomic masses  
 Molecule type: Asymmetric top
 Rotational constants:      23.9617991     24.8271161    128.6066673 GHz  (calculated with average atomic masses)

 Point group  C1  



 ATOMIC COORDINATES

 NR  ATOM    CHARGE       X              Y              Z

   1  C       6.00    0.005156540    0.025195951   -1.375610808
   2  O       8.00    0.006498741   -0.120856572    1.303494735
   3  H       1.00   -0.101480328    1.560571729    1.965249957
   4  H1      1.00    1.626234222    1.088175317   -2.088896612
   5  H2      1.00    0.043056191   -1.906960699   -2.076134525
   6  H3      1.00   -1.732414292    0.876369576   -2.098760644

 Bond lengths in Bohr (Angstrom)

 1-2  2.683083981  1-4  2.065573678  1-5  2.055577578  1-6  2.065573678  2-3  1.810187997
     ( 1.419826898)     ( 1.093054518)     ( 1.087764810)     ( 1.093054518)     ( 0.957910236)

 Bond angles

  1-2-3  108.32689785   2-1-4  111.86551325   2-1-5  106.80473528   2-1-6  111.86551325

  4-1-5  110.58313102   4-1-6  109.10054935   5-1-6  106.47124112

 NUCLEAR CHARGE:                   18
 NUMBER OF PRIMITIVE AOS:         242
 NUMBER OF SYMMETRY AOS:          216
 NUMBER OF CONTRACTIONS:          184   (  184A   )
 NUMBER OF INNER CORE ORBITALS:     0   (    0A   )
 NUMBER OF OUTER CORE ORBITALS:     2   (    2A   )
 NUMBER OF VALENCE ORBITALS:       12   (   12A   )

 SYMMETRY CHANGED: INITIALIZING OCCUPATION


 NUCLEAR REPULSION ENERGY   40.34758227

 Eigenvalues of metric

         1 0.608E-04 0.741E-04 0.893E-04 0.202E-03 0.411E-03 0.484E-03 0.758E-03 0.780E-03


 Contracted 2-electron integrals neglected if value below      1.0D-11
 AO integral compression algorithm  1   Integral accuracy      1.0D-11

     712.245 MB (compressed) written to integral file ( 52.5%)


 NUMBER OF SORTED TWO-ELECTRON INTEGRALS:  144848710.     BUFFER LENGTH:  32768
 NUMBER OF SEGMENTS:  10  SEGMENT LENGTH:   15999503      RECORD LENGTH: 524288

 Memory used in sort:      16.56 MW

 SORT1 READ   169623812. AND WROTE   143565573. INTEGRALS IN    414 RECORDS. CPU TIME:     1.15 SEC, REAL TIME:     1.77 SEC
 SORT2 READ   143565573. AND WROTE   144848710. INTEGRALS IN   2717 RECORDS. CPU TIME:     1.27 SEC, REAL TIME:     1.71 SEC

 FILE SIZES:   FILE 1:   743.8 MBYTE,  FILE 4:  1736.5 MBYTE,   TOTAL:   2480.3 MBYTE

 OPERATOR DM      FOR CENTER  0  COORDINATES:    0.000000    0.000000    0.000000


 **********************************************************************************************************************************
 DATASETS  * FILE   NREC   LENGTH (MB)   RECORD NAMES
              1      20      625.56       500      610      700      701      900      950      970     1001      129      960   
                                          VAR    BASINP    GEOM     GEOM    SYMINP    ZMAT    AOBASIS   BASIS     P2S    ABASIS    
                                         1100     1400     1410     1200     1210     1080     1600     1650     1300     1700   
                                           S        T        V       H0       H01     AOSYM     SMH    MOLCAS    ERIS     OPER   

              2      10        2.62       700     1000      520     2100      200     2101     8500     9001      701     1001   
                                         GEOM     BASIS   MCVARS     RHF    OPTIONS    RHF     CPHF    DEN_MP2   GEOM     BASIS   

 PROGRAMS   *        TOTAL       INT      OPTG      CCSD    HF-SCF       INT
 CPU TIMES  *      3476.03     21.44   2573.31    852.37     14.53     14.24
 REAL TIME  *       422.91 SEC
 DISK USED  *         2.31 GB
 **********************************************************************************************************************************


 Program * Restricted Hartree-Fock

 Orbital guess generated from atomic densities. Full valence occupancy:   14

 Initial occupancy:   9

 NELEC=   18   SYM=1   MS2= 0   THRE=1.0D-09   THRD=1.0D-07   THRG=1.0D-07  HFMA2=F  DIIS_START=2   DIIS_MAX=10   DIIS_INCORE=F

 Level shifts:    0.00 (CLOSED)    0.00 (OPEN)    0.30 (GAP_MIN)

 ITER           ETOT              DE          GRAD        DDIFF     DIIS  NEXP   TIME(IT)  TIME(TOT)  DIAG
   1     -115.05617923    -115.05617923     0.00D+00     0.46D-01     0     0       9.18     20.92    start
   2     -115.08421088      -0.02803165     0.49D-02     0.53D-02     1     0       9.12     30.04    diag
   3     -115.09149670      -0.00728582     0.27D-02     0.17D-02     2     0       9.37     39.41    diag
   4     -115.09202222      -0.00052552     0.53D-03     0.45D-03     3     0       9.36     48.77    diag
   5     -115.09205431      -0.00003209     0.10D-03     0.10D-03     4     0       8.95     57.72    diag
   6     -115.09205578      -0.00000146     0.19D-04     0.26D-04     5     0       9.40     67.12    diag
   7     -115.09205584      -0.00000006     0.40D-05     0.60D-05     6     0       9.31     76.43    diag
   8     -115.09205585      -0.00000000     0.99D-06     0.16D-05     7     0       9.58     86.01    fixocc
   9     -115.09205585      -0.00000000     0.31D-06     0.44D-06     8     0       9.26     95.27    diag
  10     -115.09205585      -0.00000000     0.77D-07     0.11D-06     9     0       9.38    104.65    diag/orth
  11     -115.09205585      -0.00000000     0.15D-07     0.25D-07     9     0       9.45    114.10    diag
  12     -115.09205585      -0.00000000     0.34D-08     0.38D-08     0     0       8.69    122.79    diag

 Final occupancy:   9

 !RHF STATE 1.1 Energy               -115.092055845416
  RHF One-electron energy            -236.926301250380
  RHF Two-electron energy              81.486663133292
  RHF Kinetic energy                  114.923450397074
  RHF Nuclear energy                   40.347582271672
  RHF Virial quotient                  -1.001467110914

 !RHF STATE 1.1 Dipole moment          -0.04121402     0.58781124    -0.39116359
 Dipole moment /Debye                  -0.10475560     1.49406716    -0.99423866

 Orbital energies:

           1.1          2.1          3.1          4.1          5.1          6.1          7.1          8.1          9.1         10.1
    -20.558797   -11.271353    -1.358338    -0.926068    -0.691682    -0.621229    -0.593395    -0.503985    -0.451641     0.028520

          11.1
      0.042971


 HOMO      9.1    -0.451641 =     -12.2898eV
 LUMO     10.1     0.028520 =       0.7761eV
 LUMO-HOMO         0.480161 =      13.0658eV

 Orbitals saved in record  2102.2


 **********************************************************************************************************************************
 DATASETS  * FILE   NREC   LENGTH (MB)   RECORD NAMES
              1      20      625.56       500      610      700      701      900      950      970     1001      129      960   
                                          VAR    BASINP    GEOM     GEOM    SYMINP    ZMAT    AOBASIS   BASIS     P2S    ABASIS    
                                         1100     1400     1410     1200     1210     1080     1600     1650     1300     1700   
                                           S        T        V       H0       H01     AOSYM     SMH    MOLCAS    ERIS     OPER   

              2      11        3.24       700     1000      520     2100      200     2101     8500     9001      701     1001   
                                         GEOM     BASIS   MCVARS     RHF    OPTIONS    RHF     CPHF    DEN_MP2   GEOM     BASIS   
                                         2102   
                                          RHF  

 PROGRAMS   *        TOTAL    HF-SCF       INT      OPTG      CCSD    HF-SCF       INT
 CPU TIMES  *      3598.85    122.82     21.44   2573.31    852.37     14.53     14.24
 REAL TIME  *       442.23 SEC
 DISK USED  *         2.31 GB
 **********************************************************************************************************************************


 PROGRAM * CCSD (Closed-shell coupled cluster)     Authors: C. Hampel, H.-J. Werner, 1991, M. Deegan, P.J. Knowles, 1992


 Convergence thresholds:  THRVAR = 1.00D-12  THRDEN = 1.00D-08

 Using ITF CCSD gradient implementation

 Number of core orbitals:           2 (   2 )
 Number of closed-shell orbitals:   7 (   7 )
 Number of external orbitals:     175 ( 175 )

 Molecular orbitals read from record     2102.2  Type=RHF/CANONICAL (state 1.1)

 Integral transformation finished. Total CPU:  22.50 sec, npass=  1  Memory used:  27.38 MW
  Reference energy                   -115.092055845416

  MP2 correlation energy               -0.436748731341
  MP2 total energy                   -115.528804576757

 ITER.      SQ.NORM     CORR.ENERGY   TOTAL ENERGY   ENERGY CHANGE        DEN1      VAR(S)    VAR(P)  DIIS     TIME
   1      1.12038903    -0.45319651  -115.54525235    -0.01644778    -0.00558681  1.69e-03  1.94e-03  1  1    24.44
   2      1.12837963    -0.45418045  -115.54623630    -0.00098395    -0.00936392  4.22e-05  2.70e-04  2  2    47.65
   3      1.13076120    -0.45429946  -115.54635530    -0.00011900    -0.00140662  4.44e-06  3.49e-05  3  3    71.81
   4      1.13200793    -0.45430220  -115.54635805    -0.00000274    -0.00092429  1.40e-07  3.38e-06  4  4    96.23
   5      1.13231001    -0.45428155  -115.54633740     0.00002065    -0.00019157  1.82e-08  3.18e-07  5  5   119.48
   6      1.13238904    -0.45427906  -115.54633490     0.00000249    -0.00004913  3.44e-10  1.44e-08  6  0   142.35
   7      1.13239718    -0.45427789  -115.54633374     0.00000116    -0.00000618  6.15e-11  1.05e-09  6  1   166.66
   8      1.13239738    -0.45427775  -115.54633360     0.00000014    -0.00000046  4.13e-12  1.05e-10  6  2   190.38
   9      1.13239730    -0.45427774  -115.54633358     0.00000002     0.00000001  1.63e-13  1.10e-11  6  3   213.26
  10      1.13239735    -0.45427773  -115.54633358     0.00000000    -0.00000004  2.87e-14  7.47e-13         236.65

 Norm of t1 vector:      0.05241399     S-energy:      0.00000000   T1 diagnostic:  0.00990531

 Time per iteration:                     23.67 sec

 RESULTS
 =======

  Reference energy                   -115.092055845416
  CCSD correlation energy              -0.454277731650
 !CCSD total energy                  -115.546333577066

 Starting CP-CCSD iterations.   Author: W. Gyorffy (2012)

 ITER.      NRM1           NRM2      VAR(S)+VAR(P)   DIIS    TIME
   1     0.00162173     0.38318265     5.24e-04      1  1   23.93
   2     0.00147120     0.37938911     3.80e-05      2  2   49.25
   3     0.00136733     0.37890811     4.69e-06      3  3   75.55
   4     0.00131783     0.37851817     8.86e-07      4  4  103.62
   5     0.00129049     0.37842458     9.05e-08      5  5  128.99
   6     0.00128031     0.37839154     9.08e-09      6  0  155.52
   7     0.00127760     0.37838774     1.09e-09      6  1  182.44
   8     0.00127689     0.37838650     1.42e-10      6  2  208.41
   9     0.00127676     0.37838637     1.91e-11      6  3  233.26
  10     0.00127672     0.37838632     2.49e-12      6  4  259.58
  11     0.00127673     0.37838631     2.85e-13            286.39


 Time per iteration:                     26.04 sec


 Starting Coupled-perturbed Hartree-Fock, convergence threshold= 1.0D-06

 ITER   MIC  DIIS      VAR         VARC       CPU
   1     0     1    0.46D-02    0.12D-02     9.36
   2     4     2    0.18D-03    0.52D-04    18.83
   3     4     3    0.45D-05    0.85D-06    27.92
   4     2     4    0.46D-06    0.41D-07    38.73

 CPHF convergence reached in  4 macroiterations and   10 microiterations.   Accuracy: 4.5818D-07

 CPHF solution written to record  8500.2

 Dipole moments (unrelaxed):           -0.03931411     0.55063061    -0.36555021
 Orbital relaxation contribution:      -0.00011157     0.00434417    -0.00312308
 !CCSD STATE 1.1 Dipole moment         -0.03942568     0.55497477    -0.36867328
 Dipole moment /Debye                  -0.10021009     1.41060518    -0.93707401

 CPU-time for coupled-perturbed hartree-fock:         38.84 sec

 Number of N-1 electron functions:               7
 Number of N-2 electron functions:              28
 Number of singly external CSFs:              1225
 Number of doubly external CSFs:            750925
 Total number of CSFs:                      752151

 CCSD gradient info saved on record        55555.1




 **********************************************************************************************************************************
 DATASETS  * FILE   NREC   LENGTH (MB)   RECORD NAMES
              1      22      861.56       500      610      700      701      900      950      970     1001      129      960   
                                          VAR    BASINP    GEOM     GEOM    SYMINP    ZMAT    AOBASIS   BASIS     P2S    ABASIS    
                                         1100     1400     1410     1200     1210     1080     1600     1650     1300     1700   
                                           S        T        V       H0       H01     AOSYM     SMH    MOLCAS    ERIS     OPER   
                                         1380    55555   
                                         JKOP     CCSD   

              2      11        3.24       700     1000      520     2100      200     2101     8500     9001      701     1001   
                                         GEOM     BASIS   MCVARS     RHF    OPTIONS    RHF     CPHF    DEN_MP2   GEOM     BASIS   
                                         2102   
                                          RHF  

 PROGRAMS   *        TOTAL      CCSD    HF-SCF       INT      OPTG      CCSD    HF-SCF       INT
 CPU TIMES  *      4403.19    804.31    122.82     21.44   2573.31    852.37     14.53     14.24
 REAL TIME  *       552.30 SEC
 DISK USED  *         2.31 GB
 **********************************************************************************************************************************

 Inactive variables:    AHH2

 Active variables:      RCO ROH ACOH RCH1 AOCH1 AHH1
                        RCH2 AOCH2 RCH3 AOCH3 AHH3

 Geometry written to block  1 of record 701

 XYZ inputs for each point on the optimization path will be saved in files ch3oh_maxima_mp2_xx.xyz

 Making model hessian for Z-matrix coordinates

 Entering Rational Function Geometry Optimization

 ITER.   ENERGY(OLD)    ENERGY(NEW)      DE          GRADMAX     GRADNORM    GRADRMS     STEPMAX     STEPLEN     STEPRMS   CPU-time
   1  -115.54633358  -115.54650084    -0.00016726  0.00419166  0.00654047  0.00197203  0.03490659  0.04942091  0.00449281   2127.62
   2  -115.54650084  -115.54650614    -0.00000531  0.00066517  0.00117190  0.00035334  0.00718074  0.01022273  0.00092934   3310.91
   3  -115.54650614  -115.54650627    -0.00000013  0.00020641  0.00029535  0.00008905  0.00046571  0.00076110  0.00006919   4473.70

 END OF GEOMETRY OPTIMIZATION.

 Optimized variables
 RCO=                 1.41976327 ANGSTROM
 ROH=                 0.95788879 ANGSTROM
 ACOH=              108.33570003 DEGREE
 RCH1=                1.09297616 ANGSTROM
 AOCH1=             111.85937238 DEGREE
 AHH1=               63.79271750 DEGREE
 RCH2=                1.08779039 ANGSTROM
 AOCH2=             106.80730048 DEGREE
 RCH3=                1.09311441 ANGSTROM
 AOCH3=             111.87248004 DEGREE
 AHH3=              301.05035312 DEGREE

 **********************************************************************************************************************************

 Geometry written to block  1 of record 701

 Recomputing wavefunction for reoriented structure

 Current geometry (xyz format, in Angstrom)


 Dump information in style XYZ to ch3oh_maxima_mp2.xyz                                                            

    6
 CCSD/AUG-CC-PVTZ  ENERGY=-115.54650627
 C          0.0001768265        0.0132037444       -0.7279154662
 O          0.0001217667       -0.0640573289        0.6897440356
 H         -0.0002610385        0.8274535176        1.0401141308
 H          0.9101242178        0.4830298586       -1.1098265205
 H         -0.0448082191       -1.0084881643       -1.0986038972
 H         -0.8690949401        0.5574692940       -1.1061227257

 **********************************************************************************************************************************


 **********************************************************************************************************************************
 DATASETS  * FILE   NREC   LENGTH (MB)   RECORD NAMES
              1      22      853.33       500      610      700      701      900      950      970     1001      129      960   
                                          VAR    BASINP    GEOM     GEOM    SYMINP    ZMAT    AOBASIS   BASIS     P2S    ABASIS    
                                         1100     1400     1410     1200     1210     1080     1600     1650     1300     1700   
                                           S        T        V       H0       H01     AOSYM     SMH    MOLCAS    ERIS     OPER   
                                         1380    55555   
                                         JKOP     CCSD   

              2      12        3.69       700     1000      520     2100      200     2101     8500     9001      701     1001   
                                         GEOM     BASIS   MCVARS     RHF    OPTIONS    RHF     CPHF    DEN_MP2   GEOM     BASIS   
                                         2102     9001(1)
                                          RHF    DEN_MP2    

 PROGRAMS   *        TOTAL      OPTG    HF-SCF      CCSD    HF-SCF      CCSD    HF-SCF      CCSD    HF-SCF      CCSD    HF-SCF
 CPU TIMES  *      8308.37    360.85     19.20    794.43     87.29    808.42     96.88    787.41    114.14    804.31    122.82
 REAL TIME  *      1129.95 SEC
 DISK USED  *         2.31 GB
 **********************************************************************************************************************************

 DO I                   =       185.00000000   
 SETTING AHH2           =       185.00000000                                  


 PROGRAM * OPT (Geometry optimization)     Authors: F. Eckert and H.-J. Werner


 BFGS update of hessian

 Geometry optimization using procedure=RUNCCSD

 Running procedure: RUNCCSD


 Recomputing integrals since geometry changed


 PROGRAM * SEWARD (Integral evaluation for generally contracted gaussian basis sets)     Author: Roland Lindh, 1990

 Geometry written to block  1 of record 701

 Orientation using atomic masses  
 Molecule type: Asymmetric top
 Rotational constants:      23.9679856     24.8238807    128.6078240 GHz  (calculated with average atomic masses)

 Point group  C1  



 ATOMIC COORDINATES

 NR  ATOM    CHARGE       X              Y              Z

   1  C       6.00    0.005491517    0.024897183   -1.375560510
   2  O       8.00    0.006754826   -0.120779461    1.303445117
   3  H       1.00   -0.102325982    1.560531817    1.965206140
   4  H1      1.00    1.667635726    1.019574589   -2.092412243
   5  H2      1.00   -0.041192107   -1.907196144   -2.075870368
   6  H3      1.00   -1.696778495    0.947581870   -2.095277122

 Bond lengths in Bohr (Angstrom)

 1-2  2.682963740  1-4  2.065425603  1-5  2.055625910  1-6  2.065686867  2-3  1.810147476
     ( 1.419763269)     ( 1.092976160)     ( 1.087790386)     ( 1.093114415)     ( 0.957888793)

 Bond angles

  1-2-3  108.33570003   2-1-4  111.85937238   2-1-5  106.80730048   2-1-6  111.87248004

  4-1-5  110.65129113   4-1-6  109.09477007   5-1-6  106.40449298

 NUCLEAR CHARGE:                   18
 NUMBER OF PRIMITIVE AOS:         242
 NUMBER OF SYMMETRY AOS:          216
 NUMBER OF CONTRACTIONS:          184   (  184A   )
 NUMBER OF INNER CORE ORBITALS:     0   (    0A   )
 NUMBER OF OUTER CORE ORBITALS:     2   (    2A   )
 NUMBER OF VALENCE ORBITALS:       12   (   12A   )


 NUCLEAR REPULSION ENERGY   40.34862013

 Eigenvalues of metric

         1 0.609E-04 0.742E-04 0.893E-04 0.202E-03 0.411E-03 0.485E-03 0.758E-03 0.780E-03


 Contracted 2-electron integrals neglected if value below      1.0D-11
 AO integral compression algorithm  1   Integral accuracy      1.0D-11

     711.983 MB (compressed) written to integral file ( 52.5%)


 NUMBER OF SORTED TWO-ELECTRON INTEGRALS:  144848710.     BUFFER LENGTH:  32768
 NUMBER OF SEGMENTS:  10  SEGMENT LENGTH:   15999503      RECORD LENGTH: 524288

 Memory used in sort:      16.56 MW

 SORT1 READ   169623812. AND WROTE   143563139. INTEGRALS IN    414 RECORDS. CPU TIME:     1.15 SEC, REAL TIME:     1.77 SEC
 SORT2 READ   143563139. AND WROTE   144848710. INTEGRALS IN   2716 RECORDS. CPU TIME:     1.26 SEC, REAL TIME:     1.71 SEC

 FILE SIZES:   FILE 1:   743.5 MBYTE,  FILE 4:  1736.5 MBYTE,   TOTAL:   2480.0 MBYTE

 OPERATOR DM      FOR CENTER  0  COORDINATES:    0.000000    0.000000    0.000000


 **********************************************************************************************************************************
 DATASETS  * FILE   NREC   LENGTH (MB)   RECORD NAMES
              1      20      625.39       500      610      700      701      900      950      970     1001      129      960   
                                          VAR    BASINP    GEOM     GEOM    SYMINP    ZMAT    AOBASIS   BASIS     P2S    ABASIS    
                                         1100     1400     1410     1200     1210     1080     1600     1650     1300     1700   
                                           S        T        V       H0       H01     AOSYM     SMH    MOLCAS    ERIS     OPER   

              2      12        3.69       700     1000      520     2100      200     2101     8500     9001      701     1001   
                                         GEOM     BASIS   MCVARS     RHF    OPTIONS    RHF     CPHF    DEN_MP2   GEOM     BASIS   
                                         2102     9001(1)
                                          RHF    DEN_MP2    

 PROGRAMS   *        TOTAL       INT      CCSD    HF-SCF      CCSD    HF-SCF      CCSD    HF-SCF      CCSD    HF-SCF      CCSD
 CPU TIMES  *      8330.06     21.68    360.85     19.20    794.43     87.29    808.42     96.88    787.41    114.14    804.31
 REAL TIME  *      1138.78 SEC
 DISK USED  *         2.31 GB
 **********************************************************************************************************************************


 Program * Restricted Hartree-Fock

 Molecular orbitals read from record     2102.2  Type=RHF/CANONICAL (state 1.1)

 Initial occupancy:   9

 NELEC=   18   SYM=1   MS2= 0   THRE=1.0D-09   THRD=1.0D-07   THRG=1.0D-07  HFMA2=F  DIIS_START=2   DIIS_MAX=10   DIIS_INCORE=F

 Level shifts:    0.00 (CLOSED)    0.00 (OPEN)    0.30 (GAP_MIN)

 ITER           ETOT              DE          GRAD        DDIFF     DIIS  NEXP   TIME(IT)  TIME(TOT)  DIAG
   1     -115.09051121    -115.09051121     0.00D+00     0.47D-01     0     0       9.62      9.63    start
   2     -115.09185668      -0.00134548     0.83D-03     0.88D-03     1     0      10.04     19.67    diag
   3     -115.09202401      -0.00016732     0.22D-03     0.24D-03     2     0       9.95     29.62    diag
   4     -115.09203672      -0.00001272     0.50D-04     0.72D-04     3     0      10.28     39.90    diag
   5     -115.09203729      -0.00000056     0.13D-04     0.14D-04     4     0       9.02     48.92    diag
   6     -115.09203739      -0.00000011     0.59D-05     0.61D-05     5     0       8.93     57.85    diag
   7     -115.09203741      -0.00000001     0.17D-05     0.21D-05     6     0       8.87     66.72    diag
   8     -115.09203741      -0.00000000     0.44D-06     0.65D-06     7     0       9.46     76.18    fixocc
   9     -115.09203741      -0.00000000     0.11D-06     0.15D-06     8     0       9.26     85.44    diag
  10     -115.09203741      -0.00000000     0.23D-07     0.37D-07     9     0       9.24     94.68    diag/orth
  11     -115.09203741      -0.00000000     0.46D-08     0.55D-08     0     0       9.30    103.98    diag

 Final occupancy:   9

 !RHF STATE 1.1 Energy               -115.092037407304
  RHF One-electron energy            -236.928366291636
  RHF Two-electron energy              81.487708755410
  RHF Kinetic energy                  114.923609816794
  RHF Nuclear energy                   40.348620128921
  RHF Virial quotient                  -1.001465561261

 !RHF STATE 1.1 Dipole moment          -0.04310886     0.58800997    -0.39110233
 Dipole moment /Debye                  -0.10957179     1.49457226    -0.99408297

 Orbital energies:

           1.1          2.1          3.1          4.1          5.1          6.1          7.1          8.1          9.1         10.1
    -20.558780   -11.271344    -1.358353    -0.926065    -0.691669    -0.621480    -0.593254    -0.503754    -0.451774     0.028518

          11.1
      0.042983


 HOMO      9.1    -0.451774 =     -12.2934eV
 LUMO     10.1     0.028518 =       0.7760eV
 LUMO-HOMO         0.480292 =      13.0694eV

 Orbitals saved in record  2102.2


 **********************************************************************************************************************************
 DATASETS  * FILE   NREC   LENGTH (MB)   RECORD NAMES
              1      20      625.39       500      610      700      701      900      950      970     1001      129      960   
                                          VAR    BASINP    GEOM     GEOM    SYMINP    ZMAT    AOBASIS   BASIS     P2S    ABASIS    
                                         1100     1400     1410     1200     1210     1080     1600     1650     1300     1700   
                                           S        T        V       H0       H01     AOSYM     SMH    MOLCAS    ERIS     OPER   

              2      12        3.69       700     1000      520     2100      200     2101     8500     9001      701     1001   
                                         GEOM     BASIS   MCVARS     RHF    OPTIONS    RHF     CPHF    DEN_MP2   GEOM     BASIS   
                                         2102     9001(1)
                                          RHF    DEN_MP2    

 PROGRAMS   *        TOTAL    HF-SCF       INT      CCSD    HF-SCF      CCSD    HF-SCF      CCSD    HF-SCF      CCSD    HF-SCF
 CPU TIMES  *      8434.12    104.06     21.68    360.85     19.20    794.43     87.29    808.42     96.88    787.41    114.14
 REAL TIME  *      1155.69 SEC
 DISK USED  *         2.31 GB
 **********************************************************************************************************************************


 PROGRAM * CCSD (Closed-shell coupled cluster)     Authors: C. Hampel, H.-J. Werner, 1991, M. Deegan, P.J. Knowles, 1992


 Convergence thresholds:  THRVAR = 1.00D-12  THRDEN = 1.00D-08

 Using ITF CCSD gradient implementation

 Number of core orbitals:           2 (   2 )
 Number of closed-shell orbitals:   7 (   7 )
 Number of external orbitals:     175 ( 175 )

 Molecular orbitals read from record     2102.2  Type=RHF/CANONICAL (state 1.1)

 Integral transformation finished. Total CPU:  22.57 sec, npass=  1  Memory used:  27.38 MW
  Reference energy                   -115.092037407304

  MP2 correlation energy               -0.436748035762
  MP2 total energy                   -115.528785443066

 ITER.      SQ.NORM     CORR.ENERGY   TOTAL ENERGY   ENERGY CHANGE        DEN1      VAR(S)    VAR(P)  DIIS     TIME
   1      1.12038714    -0.45319628  -115.54523369    -0.01644824    -0.00558796  1.69e-03  1.94e-03  1  1    26.82
   2      1.12837749    -0.45418035  -115.54621776    -0.00098408    -0.00936338  4.22e-05  2.70e-04  2  2    51.07
   3      1.13075906    -0.45429936  -115.54633677    -0.00011901    -0.00140666  4.44e-06  3.49e-05  3  3    73.61
   4      1.13200579    -0.45430211  -115.54633952    -0.00000275    -0.00092425  1.40e-07  3.38e-06  4  4    96.78
   5      1.13230787    -0.45428146  -115.54631887     0.00002064    -0.00019157  1.82e-08  3.18e-07  5  5   119.87
   6      1.13238691    -0.45427897  -115.54631638     0.00000249    -0.00004913  3.44e-10  1.44e-08  6  0   142.64
   7      1.13239505    -0.45427781  -115.54631521     0.00000116    -0.00000618  6.15e-11  1.05e-09  6  1   164.72
   8      1.13239524    -0.45427766  -115.54631507     0.00000014    -0.00000046  4.14e-12  1.05e-10  6  2   188.48
   9      1.13239516    -0.45427765  -115.54631505     0.00000002     0.00000001  1.64e-13  1.10e-11  6  3   211.94
  10      1.13239522    -0.45427764  -115.54631505     0.00000000    -0.00000004  2.87e-14  7.47e-13         234.59

 Norm of t1 vector:      0.05241496     S-energy:      0.00000000   T1 diagnostic:  0.00990550

 Time per iteration:                     23.46 sec

 RESULTS
 =======

  Reference energy                   -115.092037407304
  CCSD correlation energy              -0.454277642330
 !CCSD total energy                  -115.546315049634

 Starting CP-CCSD iterations.   Author: W. Gyorffy (2012)

 ITER.      NRM1           NRM2      VAR(S)+VAR(P)   DIIS    TIME
   1     0.00162186     0.38318125     5.24e-04      1  1   24.27
   2     0.00147131     0.37938797     3.80e-05      2  2   51.46
   3     0.00136743     0.37890691     4.69e-06      3  3   75.72
   4     0.00131793     0.37851699     8.86e-07      4  4  100.53
   5     0.00129057     0.37842338     9.05e-08      5  5  125.46
   6     0.00128039     0.37839032     9.09e-09      6  0  151.55
   7     0.00127768     0.37838651     1.09e-09      6  1  177.36
   8     0.00127697     0.37838527     1.42e-10      6  2  202.57
   9     0.00127684     0.37838515     1.91e-11      6  3  227.48
  10     0.00127680     0.37838510     2.49e-12      6  4  253.60
  11     0.00127681     0.37838509     2.84e-13            281.39


 Time per iteration:                     25.58 sec


 Starting Coupled-perturbed Hartree-Fock, convergence threshold= 1.0D-06

 ITER   MIC  DIIS      VAR         VARC       CPU
   1     0     1    0.46D-02    0.12D-02     9.46
   2     4     2    0.18D-03    0.52D-04    19.27
   3     4     3    0.45D-05    0.85D-06    28.31
   4     2     4    0.46D-06    0.41D-07    37.53

 CPHF convergence reached in  4 macroiterations and   10 microiterations.   Accuracy: 4.5803D-07

 CPHF solution written to record  8500.2

 Dipole moments (unrelaxed):           -0.04137953     0.55084829    -0.36551678
 Orbital relaxation contribution:      -0.00008415     0.00433745    -0.00312045
 !CCSD STATE 1.1 Dipole moment         -0.04146368     0.55518574    -0.36863722
 Dipole moment /Debye                  -0.10539016     1.41114139    -0.93698236

 CPU-time for coupled-perturbed hartree-fock:         37.89 sec

 Number of N-1 electron functions:               7
 Number of N-2 electron functions:              28
 Number of singly external CSFs:              1225
 Number of doubly external CSFs:            750925
 Total number of CSFs:                      752151

 CCSD gradient info saved on record        55555.1




 **********************************************************************************************************************************
 DATASETS  * FILE   NREC   LENGTH (MB)   RECORD NAMES
              1      22      861.39       500      610      700      701      900      950      970     1001      129      960   
                                          VAR    BASINP    GEOM     GEOM    SYMINP    ZMAT    AOBASIS   BASIS     P2S    ABASIS    
                                         1100     1400     1410     1200     1210     1080     1600     1650     1300     1700   
                                           S        T        V       H0       H01     AOSYM     SMH    MOLCAS    ERIS     OPER   
                                         1380    55555   
                                         JKOP     CCSD   

              2      12        3.69       700     1000      520     2100      200     2101     8500     9001      701     1001   
                                         GEOM     BASIS   MCVARS     RHF    OPTIONS    RHF     CPHF    DEN_MP2   GEOM     BASIS   
                                         2102     9001(1)
                                          RHF    DEN_MP2    

 PROGRAMS   *        TOTAL      CCSD    HF-SCF       INT      CCSD    HF-SCF      CCSD    HF-SCF      CCSD    HF-SCF      CCSD
 CPU TIMES  *      9229.43    795.29    104.06     21.68    360.85     19.20    794.43     87.29    808.42     96.88    787.41
 REAL TIME  *      1264.80 SEC
 DISK USED  *         2.31 GB
 **********************************************************************************************************************************

 Inactive variables:    AHH2

 Active variables:      RCO ROH ACOH RCH1 AOCH1 AHH1
                        RCH2 AOCH2 RCH3 AOCH3 AHH3

 Geometry written to block  1 of record 701

 XYZ inputs for each point on the optimization path will be saved in files ch3oh_maxima_mp2_xx.xyz

 Making model hessian for Z-matrix coordinates

 Entering Rational Function Geometry Optimization

 ITER.   ENERGY(OLD)    ENERGY(NEW)      DE          GRADMAX     GRADNORM    GRADRMS     STEPMAX     STEPLEN     STEPRMS   CPU-time
   1  -115.54631505  -115.54648167    -0.00016662  0.00417163  0.00651281  0.00196369  0.03490659  0.04941275  0.00449207   2108.71
   2  -115.54648167  -115.54648697    -0.00000530  0.00067400  0.00117882  0.00035543  0.00712989  0.01020215  0.00092747   3274.94
   3  -115.54648697  -115.54648710    -0.00000013  0.00020738  0.00029657  0.00008942  0.00046915  0.00076393  0.00006945   4441.95

 END OF GEOMETRY OPTIMIZATION.

 Optimized variables
 RCO=                 1.41979530 ANGSTROM
 ROH=                 0.95786225 ANGSTROM
 ACOH=              108.34135662 DEGREE
 RCH1=                1.09298050 ANGSTROM
 AOCH1=             111.84585700 DEGREE
 AHH1=               66.20609225 DEGREE
 RCH2=                1.08780907 ANGSTROM
 AOCH2=             106.82495796 DEGREE
 RCH3=                1.09308108 ANGSTROM
 AOCH3=             111.87533241 DEGREE
 AHH3=              303.47773217 DEGREE

 **********************************************************************************************************************************

 Geometry written to block  1 of record 701

 Recomputing wavefunction for reoriented structure

 Current geometry (xyz format, in Angstrom)


 Dump information in style XYZ to ch3oh_maxima_mp2.xyz                                                            

    6
 CCSD/AUG-CC-PVTZ  ENERGY=-115.54648710
 C          0.0003377895        0.0131794999       -0.7279321690
 O          0.0002598856       -0.0640721870        0.6897599236
 H         -0.0007193960        0.8273816789        1.0402012599
 H          0.9281887143        0.4449755881       -1.1116653713
 H         -0.0892968927       -1.0055286225       -1.0987798039
 H         -0.8463229137        0.5931606169       -1.1042482569

 **********************************************************************************************************************************


 **********************************************************************************************************************************
 DATASETS  * FILE   NREC   LENGTH (MB)   RECORD NAMES
              1      22      856.23       500      610      700      701      900      950      970     1001      129      960   
                                          VAR    BASINP    GEOM     GEOM    SYMINP    ZMAT    AOBASIS   BASIS     P2S    ABASIS    
                                         1100     1400     1410     1200     1210     1080     1600     1650     1300     1700   
                                           S        T        V       H0       H01     AOSYM     SMH    MOLCAS    ERIS     OPER   
                                         1380    55555   
                                         JKOP     CCSD   

              2      12        3.69       700     1000      520     2100      200     2101     8500     9001      701     1001   
                                         GEOM     BASIS   MCVARS     RHF    OPTIONS    RHF     CPHF    DEN_MP2   GEOM     BASIS   
                                         2102     9001(1)
                                          RHF    DEN_MP2    

 PROGRAMS   *        TOTAL      OPTG    HF-SCF      CCSD    HF-SCF      CCSD    HF-SCF      CCSD    HF-SCF      CCSD    HF-SCF
 CPU TIMES  *     13122.76    353.35     19.05    803.06     89.81    796.07     95.46    793.06    116.36    795.29    104.06
 REAL TIME  *      1840.67 SEC
 DISK USED  *         2.31 GB
 **********************************************************************************************************************************

 DO I                   =       187.50000000   
 SETTING AHH2           =       187.50000000                                  


 PROGRAM * OPT (Geometry optimization)     Authors: F. Eckert and H.-J. Werner


 BFGS update of hessian

 Geometry optimization using procedure=RUNCCSD

 Running procedure: RUNCCSD


 Recomputing integrals since geometry changed


 PROGRAM * SEWARD (Integral evaluation for generally contracted gaussian basis sets)     Author: Roland Lindh, 1990

 Geometry written to block  1 of record 701

 Orientation using atomic masses  
 Molecule type: Asymmetric top
 Rotational constants:      23.9717858     24.8176481    128.6103427 GHz  (calculated with average atomic masses)

 Point group  C1  



 ATOMIC COORDINATES

 NR  ATOM    CHARGE       X              Y              Z

   1  C       6.00    0.005796647    0.024563859   -1.375600845
   2  O       8.00    0.006990495   -0.120728770    1.303486290
   3  H       1.00   -0.102823950    1.560520126    1.965147241
   4  H1      1.00    1.706464035    0.949168923   -2.095915154
   5  H2      1.00   -0.125797895   -1.903615243   -2.075994525
   6  H3      1.00   -1.657879945    1.017585709   -2.091764068

 Bond lengths in Bohr (Angstrom)

 1-2  2.683024273  1-4  2.065433802  1-5  2.055661227  1-6  2.065623867  2-3  1.810097312
     ( 1.419795302)     ( 1.092980499)     ( 1.087809075)     ( 1.093081077)     ( 0.957862247)

 Bond angles

  1-2-3  108.34135662   2-1-4  111.84585700   2-1-5  106.82495796   2-1-6  111.87533241

  4-1-5  110.71881609   4-1-6  109.09004302   5-1-6  106.33407523

 NUCLEAR CHARGE:                   18
 NUMBER OF PRIMITIVE AOS:         242
 NUMBER OF SYMMETRY AOS:          216
 NUMBER OF CONTRACTIONS:          184   (  184A   )
 NUMBER OF INNER CORE ORBITALS:     0   (    0A   )
 NUMBER OF OUTER CORE ORBITALS:     2   (    2A   )
 NUMBER OF VALENCE ORBITALS:       12   (   12A   )


 NUCLEAR REPULSION ENERGY   40.34822789

 Eigenvalues of metric

         1 0.609E-04 0.742E-04 0.893E-04 0.202E-03 0.411E-03 0.485E-03 0.758E-03 0.779E-03


 Contracted 2-electron integrals neglected if value below      1.0D-11
 AO integral compression algorithm  1   Integral accuracy      1.0D-11

     712.507 MB (compressed) written to integral file ( 52.5%)


 NUMBER OF SORTED TWO-ELECTRON INTEGRALS:  144848710.     BUFFER LENGTH:  32768
 NUMBER OF SEGMENTS:  10  SEGMENT LENGTH:   15999503      RECORD LENGTH: 524288

 Memory used in sort:      16.56 MW

 SORT1 READ   169623812. AND WROTE   143561074. INTEGRALS IN    414 RECORDS. CPU TIME:     1.15 SEC, REAL TIME:     1.76 SEC
 SORT2 READ   143561074. AND WROTE   144848710. INTEGRALS IN   2718 RECORDS. CPU TIME:     1.24 SEC, REAL TIME:     1.69 SEC

 FILE SIZES:   FILE 1:   744.1 MBYTE,  FILE 4:  1736.5 MBYTE,   TOTAL:   2480.5 MBYTE

 OPERATOR DM      FOR CENTER  0  COORDINATES:    0.000000    0.000000    0.000000


 **********************************************************************************************************************************
 DATASETS  * FILE   NREC   LENGTH (MB)   RECORD NAMES
              1      20      625.87       500      610      700      701      900      950      970     1001      129      960   
                                          VAR    BASINP    GEOM     GEOM    SYMINP    ZMAT    AOBASIS   BASIS     P2S    ABASIS    
                                         1100     1400     1410     1200     1210     1080     1600     1650     1300     1700   
                                           S        T        V       H0       H01     AOSYM     SMH    MOLCAS    ERIS     OPER   

              2      12        3.69       700     1000      520     2100      200     2101     8500     9001      701     1001   
                                         GEOM     BASIS   MCVARS     RHF    OPTIONS    RHF     CPHF    DEN_MP2   GEOM     BASIS   
                                         2102     9001(1)
                                          RHF    DEN_MP2    

 PROGRAMS   *        TOTAL       INT      CCSD    HF-SCF      CCSD    HF-SCF      CCSD    HF-SCF      CCSD    HF-SCF      CCSD
 CPU TIMES  *     13144.16     21.38    353.35     19.05    803.06     89.81    796.07     95.46    793.06    116.36    795.29
 REAL TIME  *      1849.39 SEC
 DISK USED  *         2.31 GB
 **********************************************************************************************************************************


 Program * Restricted Hartree-Fock

 Molecular orbitals read from record     2102.2  Type=RHF/CANONICAL (state 1.1)

 Initial occupancy:   9

 NELEC=   18   SYM=1   MS2= 0   THRE=1.0D-09   THRD=1.0D-07   THRG=1.0D-07  HFMA2=F  DIIS_START=2   DIIS_MAX=10   DIIS_INCORE=F

 Level shifts:    0.00 (CLOSED)    0.00 (OPEN)    0.30 (GAP_MIN)

 ITER           ETOT              DE          GRAD        DDIFF     DIIS  NEXP   TIME(IT)  TIME(TOT)  DIAG
   1     -115.09048869    -115.09048869     0.00D+00     0.47D-01     0     0       9.53      9.54    start
   2     -115.09182333      -0.00133464     0.83D-03     0.88D-03     1     0       9.27     18.81    diag
   3     -115.09198917      -0.00016584     0.21D-03     0.24D-03     2     0       9.11     27.92    diag
   4     -115.09200175      -0.00001258     0.50D-04     0.72D-04     3     0       8.74     36.66    diag
   5     -115.09200230      -0.00000055     0.13D-04     0.14D-04     4     0       9.34     46.00    diag
   6     -115.09200240      -0.00000010     0.58D-05     0.60D-05     5     0       9.41     55.41    diag
   7     -115.09200241      -0.00000001     0.16D-05     0.21D-05     6     0       9.06     64.47    diag
   8     -115.09200241      -0.00000000     0.43D-06     0.64D-06     7     0       8.85     73.32    fixocc
   9     -115.09200241      -0.00000000     0.10D-06     0.14D-06     8     0       9.10     82.42    diag
  10     -115.09200241      -0.00000000     0.23D-07     0.37D-07     9     0       8.96     91.38    diag/orth
  11     -115.09200241      -0.00000000     0.46D-08     0.55D-08     0     0       9.50    100.88    diag

 Final occupancy:   9

 !RHF STATE 1.1 Energy               -115.092002412509
  RHF One-electron energy            -236.927681829224
  RHF Two-electron energy              81.487451527148
  RHF Kinetic energy                  114.923621339456
  RHF Nuclear energy                   40.348227889567
  RHF Virial quotient                  -1.001465156345

 !RHF STATE 1.1 Dipole moment          -0.04491598     0.58841639    -0.39122271
 Dipole moment /Debye                  -0.11416504     1.49560529    -0.99438894

 Orbital energies:

           1.1          2.1          3.1          4.1          5.1          6.1          7.1          8.1          9.1         10.1
    -20.558754   -11.271343    -1.358334    -0.926067    -0.691636    -0.621720    -0.593108    -0.503519    -0.451909     0.028512

          11.1
      0.042995


 HOMO      9.1    -0.451909 =     -12.2971eV
 LUMO     10.1     0.028512 =       0.7758eV
 LUMO-HOMO         0.480421 =      13.0729eV

 Orbitals saved in record  2102.2


 **********************************************************************************************************************************
 DATASETS  * FILE   NREC   LENGTH (MB)   RECORD NAMES
              1      20      625.87       500      610      700      701      900      950      970     1001      129      960   
                                          VAR    BASINP    GEOM     GEOM    SYMINP    ZMAT    AOBASIS   BASIS     P2S    ABASIS    
                                         1100     1400     1410     1200     1210     1080     1600     1650     1300     1700   
                                           S        T        V       H0       H01     AOSYM     SMH    MOLCAS    ERIS     OPER   

              2      12        3.69       700     1000      520     2100      200     2101     8500     9001      701     1001   
                                         GEOM     BASIS   MCVARS     RHF    OPTIONS    RHF     CPHF    DEN_MP2   GEOM     BASIS   
                                         2102     9001(1)
                                          RHF    DEN_MP2    

 PROGRAMS   *        TOTAL    HF-SCF       INT      CCSD    HF-SCF      CCSD    HF-SCF      CCSD    HF-SCF      CCSD    HF-SCF
 CPU TIMES  *     13245.09    100.93     21.38    353.35     19.05    803.06     89.81    796.07     95.46    793.06    116.36
 REAL TIME  *      1865.33 SEC
 DISK USED  *         2.31 GB
 **********************************************************************************************************************************


 PROGRAM * CCSD (Closed-shell coupled cluster)     Authors: C. Hampel, H.-J. Werner, 1991, M. Deegan, P.J. Knowles, 1992


 Convergence thresholds:  THRVAR = 1.00D-12  THRDEN = 1.00D-08

 Using ITF CCSD gradient implementation

 Number of core orbitals:           2 (   2 )
 Number of closed-shell orbitals:   7 (   7 )
 Number of external orbitals:     175 ( 175 )

 Molecular orbitals read from record     2102.2  Type=RHF/CANONICAL (state 1.1)

 Integral transformation finished. Total CPU:  22.92 sec, npass=  1  Memory used:  27.38 MW
  Reference energy                   -115.092002412509

  MP2 correlation energy               -0.436750809343
  MP2 total energy                   -115.528753221852

 ITER.      SQ.NORM     CORR.ENERGY   TOTAL ENERGY   ENERGY CHANGE        DEN1      VAR(S)    VAR(P)  DIIS     TIME
   1      1.12038833    -0.45319936  -115.54520177    -0.01644855    -0.00558839  1.69e-03  1.94e-03  1  1    23.11
   2      1.12837905    -0.45418356  -115.54618597    -0.00098420    -0.00936328  4.22e-05  2.70e-04  2  2    45.91
   3      1.13076093    -0.45430257  -115.54630499    -0.00011902    -0.00140674  4.44e-06  3.49e-05  3  3    68.36
   4      1.13200787    -0.45430533  -115.54630775    -0.00000276    -0.00092428  1.40e-07  3.38e-06  4  4    90.62
   5      1.13231001    -0.45428469  -115.54628710     0.00002065    -0.00019158  1.82e-08  3.19e-07  5  5   113.47
   6      1.13238907    -0.45428219  -115.54628461     0.00000249    -0.00004914  3.45e-10  1.44e-08  6  0   136.50
   7      1.13239722    -0.45428103  -115.54628344     0.00000116    -0.00000618  6.15e-11  1.05e-09  6  1   160.15
   8      1.13239742    -0.45428089  -115.54628330     0.00000014    -0.00000046  4.14e-12  1.05e-10  6  2   184.53
   9      1.13239734    -0.45428087  -115.54628328     0.00000002     0.00000002  1.64e-13  1.10e-11  6  3   207.96
  10      1.13239739    -0.45428087  -115.54628328     0.00000000    -0.00000004  2.87e-14  7.47e-13         231.58

 Norm of t1 vector:      0.05242241     S-energy:      0.00000000   T1 diagnostic:  0.00990690

 Time per iteration:                     23.16 sec

 RESULTS
 =======

  Reference energy                   -115.092002412509
  CCSD correlation energy              -0.454280865086
 !CCSD total energy                  -115.546283277595

 Starting CP-CCSD iterations.   Author: W. Gyorffy (2012)

 ITER.      NRM1           NRM2      VAR(S)+VAR(P)   DIIS    TIME
   1     0.00162237     0.38318812     5.24e-04      1  1   24.90
   2     0.00147177     0.37939446     3.80e-05      2  2   51.44
   3     0.00136784     0.37891331     4.69e-06      3  3   77.15
   4     0.00131830     0.37852329     8.87e-07      4  4  103.86
   5     0.00129092     0.37842962     9.07e-08      5  5  131.40
   6     0.00128073     0.37839654     9.11e-09      6  0  157.23
   7     0.00127801     0.37839272     1.09e-09      6  1  184.51
   8     0.00127730     0.37839148     1.42e-10      6  2  208.60
   9     0.00127717     0.37839136     1.91e-11      6  3  233.04
  10     0.00127713     0.37839130     2.49e-12      6  4  260.01
  11     0.00127714     0.37839129     2.85e-13            286.18


 Time per iteration:                     26.02 sec


 Starting Coupled-perturbed Hartree-Fock, convergence threshold= 1.0D-06

 ITER   MIC  DIIS      VAR         VARC       CPU
   1     0     1    0.46D-02    0.12D-02     9.37
   2     4     2    0.18D-03    0.52D-04    18.48
   3     4     3    0.45D-05    0.84D-06    27.91
   4     2     4    0.46D-06    0.41D-07    37.27

 CPHF convergence reached in  4 macroiterations and   10 microiterations.   Accuracy: 4.5778D-07

 CPHF solution written to record  8500.2

 Dipole moments (unrelaxed):           -0.04334942     0.55128506    -0.36565210
 Orbital relaxation contribution:      -0.00005775     0.00432881    -0.00311800
 !CCSD STATE 1.1 Dipole moment         -0.04340717     0.55561387    -0.36877010
 Dipole moment /Debye                  -0.11033002     1.41222959    -0.93732011

 CPU-time for coupled-perturbed hartree-fock:         37.35 sec

 Number of N-1 electron functions:               7
 Number of N-2 electron functions:              28
 Number of singly external CSFs:              1225
 Number of doubly external CSFs:            750925
 Total number of CSFs:                      752151

 CCSD gradient info saved on record        55555.1




 **********************************************************************************************************************************
 DATASETS  * FILE   NREC   LENGTH (MB)   RECORD NAMES
              1      22      861.87       500      610      700      701      900      950      970     1001      129      960   
                                          VAR    BASINP    GEOM     GEOM    SYMINP    ZMAT    AOBASIS   BASIS     P2S    ABASIS    
                                         1100     1400     1410     1200     1210     1080     1600     1650     1300     1700   
                                           S        T        V       H0       H01     AOSYM     SMH    MOLCAS    ERIS     OPER   
                                         1380    55555   
                                         JKOP     CCSD   

              2      12        3.69       700     1000      520     2100      200     2101     8500     9001      701     1001   
                                         GEOM     BASIS   MCVARS     RHF    OPTIONS    RHF     CPHF    DEN_MP2   GEOM     BASIS   
                                         2102     9001(1)
                                          RHF    DEN_MP2    

 PROGRAMS   *        TOTAL      CCSD    HF-SCF       INT      CCSD    HF-SCF      CCSD    HF-SCF      CCSD    HF-SCF      CCSD
 CPU TIMES  *     14044.00    798.90    100.93     21.38    353.35     19.05    803.06     89.81    796.07     95.46    793.06
 REAL TIME  *      1975.03 SEC
 DISK USED  *         2.31 GB
 **********************************************************************************************************************************

 Inactive variables:    AHH2

 Active variables:      RCO ROH ACOH RCH1 AOCH1 AHH1
                        RCH2 AOCH2 RCH3 AOCH3 AHH3

 Geometry written to block  1 of record 701

 XYZ inputs for each point on the optimization path will be saved in files ch3oh_maxima_mp2_xx.xyz

 Making model hessian for Z-matrix coordinates

 Entering Rational Function Geometry Optimization

 ITER.   ENERGY(OLD)    ENERGY(NEW)      DE          GRADMAX     GRADNORM    GRADRMS     STEPMAX     STEPLEN     STEPRMS   CPU-time
   1  -115.54628328  -115.54644998    -0.00016670  0.00417137  0.00651270  0.00196365  0.03490659  0.04941316  0.00449211   2120.37
   2  -115.54644998  -115.54645534    -0.00000536  0.00069606  0.00118373  0.00035691  0.00727842  0.01027258  0.00093387   3294.32
   3  -115.54645534  -115.54645547    -0.00000013  0.00020662  0.00029580  0.00008919  0.00046677  0.00075801  0.00006891   4449.33

 END OF GEOMETRY OPTIMIZATION.

 Optimized variables
 RCO=                 1.41986346 ANGSTROM
 ROH=                 0.95781886 ANGSTROM
 ACOH=              108.34996163 DEGREE
 RCH1=                1.09297217 ANGSTROM
 AOCH1=             111.82680147 DEGREE
 AHH1=               68.61751646 DEGREE
 RCH2=                1.08783924 ANGSTROM
 AOCH2=             106.85380656 DEGREE
 RCH3=                1.09303575 ANGSTROM
 AOCH3=             111.87550810 DEGREE
 AHH3=              305.91254489 DEGREE

 **********************************************************************************************************************************

 Geometry written to block  1 of record 701

 Recomputing wavefunction for reoriented structure

 Current geometry (xyz format, in Angstrom)


 Dump information in style XYZ to ch3oh_maxima_mp2.xyz                                                            

    6
 CCSD/AUG-CC-PVTZ  ENERGY=-115.54645547
 C          0.0004940445        0.0131395983       -0.7279684403
 O          0.0003898583       -0.0640966505        0.6897927492
 H         -0.0011169119        0.8272682333        1.0403399535
 H          0.9446987309        0.4061556534       -1.1134604113
 H         -0.1336896140       -1.0006022105       -1.0990701945
 H         -0.8219677910        0.6280313851       -1.1023903499

 **********************************************************************************************************************************


 **********************************************************************************************************************************
 DATASETS  * FILE   NREC   LENGTH (MB)   RECORD NAMES
              1      22      857.56       500      610      700      701      900      950      970     1001      129      960   
                                          VAR    BASINP    GEOM     GEOM    SYMINP    ZMAT    AOBASIS   BASIS     P2S    ABASIS    
                                         1100     1400     1410     1200     1210     1080     1600     1650     1300     1700   
                                           S        T        V       H0       H01     AOSYM     SMH    MOLCAS    ERIS     OPER   
                                         1380    55555   
                                         JKOP     CCSD   

              2      12        3.69       700     1000      520     2100      200     2101     8500     9001      701     1001   
                                         GEOM     BASIS   MCVARS     RHF    OPTIONS    RHF     CPHF    DEN_MP2   GEOM     BASIS   
                                         2102     9001(1)
                                          RHF    DEN_MP2    

 PROGRAMS   *        TOTAL      OPTG    HF-SCF      CCSD    HF-SCF      CCSD    HF-SCF      CCSD    HF-SCF      CCSD    HF-SCF
 CPU TIMES  *     17943.35    352.28     18.94    790.09     87.20    797.75     94.83    803.72    116.22    798.90    100.93
 REAL TIME  *      2551.39 SEC
 DISK USED  *         2.31 GB
 **********************************************************************************************************************************

 DO I                   =       190.00000000   
 SETTING AHH2           =       190.00000000                                  


 PROGRAM * OPT (Geometry optimization)     Authors: F. Eckert and H.-J. Werner


 BFGS update of hessian

 Geometry optimization using procedure=RUNCCSD

 Running procedure: RUNCCSD


 Recomputing integrals since geometry changed


 PROGRAM * SEWARD (Integral evaluation for generally contracted gaussian basis sets)     Author: Roland Lindh, 1990

 Geometry written to block  1 of record 701

 Orientation using atomic masses  
 Molecule type: Asymmetric top
 Rotational constants:      23.9745975     24.8100978    128.6164004 GHz  (calculated with average atomic masses)

 Point group  C1  



 ATOMIC COORDINATES

 NR  ATOM    CHARGE       X              Y              Z

   1  C       6.00    0.006092924    0.024197614   -1.375678125
   2  O       8.00    0.007156825   -0.120700820    1.303559399
   3  H       1.00   -0.102449910    1.560486464    1.965187050
   4  H1      1.00    1.742820532    0.876283678   -2.099334362
   5  H2      1.00   -0.211214478   -1.896175573   -2.076336240
   6  H3      1.00   -1.615364668    1.086985605   -2.088282539

 Bond lengths in Bohr (Angstrom)

 1-2  2.683153070  1-4  2.065418067  1-5  2.055718239  1-6  2.065538208  2-3  1.810015323
     ( 1.419863458)     ( 1.092972172)     ( 1.087839244)     ( 1.093035748)     ( 0.957818860)

 Bond angles

  1-2-3  108.34996163   2-1-4  111.82680147   2-1-5  106.85380656   2-1-6  111.87550810

  4-1-5  110.78464877   4-1-6  109.08274284   5-1-6  106.26549930

 NUCLEAR CHARGE:                   18
 NUMBER OF PRIMITIVE AOS:         242
 NUMBER OF SYMMETRY AOS:          216
 NUMBER OF CONTRACTIONS:          184   (  184A   )
 NUMBER OF INNER CORE ORBITALS:     0   (    0A   )
 NUMBER OF OUTER CORE ORBITALS:     2   (    2A   )
 NUMBER OF VALENCE ORBITALS:       12   (   12A   )


 NUCLEAR REPULSION ENERGY   40.34734438

 Eigenvalues of metric

         1 0.610E-04 0.743E-04 0.894E-04 0.202E-03 0.411E-03 0.485E-03 0.758E-03 0.779E-03


 Contracted 2-electron integrals neglected if value below      1.0D-11
 AO integral compression algorithm  1   Integral accuracy      1.0D-11

     713.032 MB (compressed) written to integral file ( 52.6%)


 NUMBER OF SORTED TWO-ELECTRON INTEGRALS:  144848710.     BUFFER LENGTH:  32768
 NUMBER OF SEGMENTS:  10  SEGMENT LENGTH:   15999503      RECORD LENGTH: 524288

 Memory used in sort:      16.56 MW

 SORT1 READ   169623812. AND WROTE   143571056. INTEGRALS IN    414 RECORDS. CPU TIME:     1.14 SEC, REAL TIME:     1.76 SEC
 SORT2 READ   143571056. AND WROTE   144848710. INTEGRALS IN   2720 RECORDS. CPU TIME:     1.25 SEC, REAL TIME:     1.70 SEC

 FILE SIZES:   FILE 1:   744.6 MBYTE,  FILE 4:  1736.5 MBYTE,   TOTAL:   2481.0 MBYTE

 OPERATOR DM      FOR CENTER  0  COORDINATES:    0.000000    0.000000    0.000000


 **********************************************************************************************************************************
 DATASETS  * FILE   NREC   LENGTH (MB)   RECORD NAMES
              1      20      626.34       500      610      700      701      900      950      970     1001      129      960   
                                          VAR    BASINP    GEOM     GEOM    SYMINP    ZMAT    AOBASIS   BASIS     P2S    ABASIS    
                                         1100     1400     1410     1200     1210     1080     1600     1650     1300     1700   
                                           S        T        V       H0       H01     AOSYM     SMH    MOLCAS    ERIS     OPER   

              2      12        3.69       700     1000      520     2100      200     2101     8500     9001      701     1001   
                                         GEOM     BASIS   MCVARS     RHF    OPTIONS    RHF     CPHF    DEN_MP2   GEOM     BASIS   
                                         2102     9001(1)
                                          RHF    DEN_MP2    

 PROGRAMS   *        TOTAL       INT      CCSD    HF-SCF      CCSD    HF-SCF      CCSD    HF-SCF      CCSD    HF-SCF      CCSD
 CPU TIMES  *     17964.67     21.31    352.28     18.94    790.09     87.20    797.75     94.83    803.72    116.22    798.90
 REAL TIME  *      2560.10 SEC
 DISK USED  *         2.31 GB
 **********************************************************************************************************************************


 Program * Restricted Hartree-Fock

 Molecular orbitals read from record     2102.2  Type=RHF/CANONICAL (state 1.1)

 Initial occupancy:   9

 NELEC=   18   SYM=1   MS2= 0   THRE=1.0D-09   THRD=1.0D-07   THRG=1.0D-07  HFMA2=F  DIIS_START=2   DIIS_MAX=10   DIIS_INCORE=F

 Level shifts:    0.00 (CLOSED)    0.00 (OPEN)    0.30 (GAP_MIN)

 ITER           ETOT              DE          GRAD        DDIFF     DIIS  NEXP   TIME(IT)  TIME(TOT)  DIAG
   1     -115.09047871    -115.09047871     0.00D+00     0.47D-01     0     0       9.60      9.61    start
   2     -115.09178014      -0.00130143     0.82D-03     0.87D-03     1     0       8.98     18.59    diag
   3     -115.09194154      -0.00016140     0.21D-03     0.24D-03     2     0       9.38     27.97    diag
   4     -115.09195376      -0.00001222     0.49D-04     0.71D-04     3     0       9.45     37.42    diag
   5     -115.09195428      -0.00000053     0.13D-04     0.14D-04     4     0       9.27     46.69    diag
   6     -115.09195438      -0.00000010     0.57D-05     0.58D-05     5     0       9.12     55.81    diag
   7     -115.09195439      -0.00000001     0.16D-05     0.21D-05     6     0       8.87     64.68    diag
   8     -115.09195439      -0.00000000     0.42D-06     0.63D-06     7     0       9.32     74.00    fixocc
   9     -115.09195439      -0.00000000     0.93D-07     0.13D-06     8     0       8.78     82.78    diag
  10     -115.09195439      -0.00000000     0.22D-07     0.35D-07     9     0       9.09     91.87    diag/orth
  11     -115.09195439      -0.00000000     0.45D-08     0.54D-08     0     0       9.03    100.90    diag

 Final occupancy:   9

 !RHF STATE 1.1 Energy               -115.091954394175
  RHF One-electron energy            -236.926067546381
  RHF Two-electron energy              81.486768767610
  RHF Kinetic energy                  114.923613587000
  RHF Nuclear energy                   40.347344384596
  RHF Virial quotient                  -1.001464806074

 !RHF STATE 1.1 Dipole moment          -0.04634523     0.58904485    -0.39138056
 Dipole moment /Debye                  -0.11779782     1.49720268    -0.99479015

 Orbital energies:

           1.1          2.1          3.1          4.1          5.1          6.1          7.1          8.1          9.1         10.1
    -20.558715   -11.271345    -1.358299    -0.926071    -0.691605    -0.621951    -0.592968    -0.503275    -0.452037     0.028503

          11.1
      0.043005


 HOMO      9.1    -0.452037 =     -12.3006eV
 LUMO     10.1     0.028503 =       0.7756eV
 LUMO-HOMO         0.480540 =      13.0762eV

 Orbitals saved in record  2102.2


 **********************************************************************************************************************************
 DATASETS  * FILE   NREC   LENGTH (MB)   RECORD NAMES
              1      20      626.34       500      610      700      701      900      950      970     1001      129      960   
                                          VAR    BASINP    GEOM     GEOM    SYMINP    ZMAT    AOBASIS   BASIS     P2S    ABASIS    
                                         1100     1400     1410     1200     1210     1080     1600     1650     1300     1700   
                                           S        T        V       H0       H01     AOSYM     SMH    MOLCAS    ERIS     OPER   

              2      12        3.69       700     1000      520     2100      200     2101     8500     9001      701     1001   
                                         GEOM     BASIS   MCVARS     RHF    OPTIONS    RHF     CPHF    DEN_MP2   GEOM     BASIS   
                                         2102     9001(1)
                                          RHF    DEN_MP2    

 PROGRAMS   *        TOTAL    HF-SCF       INT      CCSD    HF-SCF      CCSD    HF-SCF      CCSD    HF-SCF      CCSD    HF-SCF
 CPU TIMES  *     18065.61    100.94     21.31    352.28     18.94    790.09     87.20    797.75     94.83    803.72    116.22
 REAL TIME  *      2576.03 SEC
 DISK USED  *         2.31 GB
 **********************************************************************************************************************************


 PROGRAM * CCSD (Closed-shell coupled cluster)     Authors: C. Hampel, H.-J. Werner, 1991, M. Deegan, P.J. Knowles, 1992


 Convergence thresholds:  THRVAR = 1.00D-12  THRDEN = 1.00D-08

 Using ITF CCSD gradient implementation

 Number of core orbitals:           2 (   2 )
 Number of closed-shell orbitals:   7 (   7 )
 Number of external orbitals:     175 ( 175 )

 Molecular orbitals read from record     2102.2  Type=RHF/CANONICAL (state 1.1)

 Integral transformation finished. Total CPU:  26.60 sec, npass=  1  Memory used:  27.38 MW
  Reference energy                   -115.091954394174

  MP2 correlation energy               -0.436754347544
  MP2 total energy                   -115.528708741718

 ITER.      SQ.NORM     CORR.ENERGY   TOTAL ENERGY   ENERGY CHANGE        DEN1      VAR(S)    VAR(P)  DIIS     TIME
   1      1.12039005    -0.45320333  -115.54515773    -0.01644899    -0.00558890  1.69e-03  1.94e-03  1  1    29.07
   2      1.12838135    -0.45418768  -115.54614208    -0.00098435    -0.00936322  4.22e-05  2.70e-04  2  2    52.10
   3      1.13076374    -0.45430671  -115.54626110    -0.00011902    -0.00140684  4.44e-06  3.49e-05  3  3    74.98
   4      1.13201098    -0.45430948  -115.54626387    -0.00000277    -0.00092431  1.40e-07  3.38e-06  4  4    99.37
   5      1.13231320    -0.45428883  -115.54624322     0.00002065    -0.00019159  1.82e-08  3.19e-07  5  5   124.61
   6      1.13239231    -0.45428634  -115.54624073     0.00000249    -0.00004914  3.46e-10  1.44e-08  6  0   147.41
   7      1.13240047    -0.45428517  -115.54623956     0.00000116    -0.00000618  6.16e-11  1.05e-09  6  1   171.91
   8      1.13240066    -0.45428503  -115.54623942     0.00000014    -0.00000046  4.15e-12  1.05e-10  6  2   197.69
   9      1.13240058    -0.45428501  -115.54623941     0.00000002     0.00000002  1.65e-13  1.10e-11  6  3   222.33
  10      1.13240063    -0.45428501  -115.54623940     0.00000000    -0.00000004  2.87e-14  7.48e-13         248.84

 Norm of t1 vector:      0.05243421     S-energy:      0.00000000   T1 diagnostic:  0.00990913

 Time per iteration:                     24.89 sec

 RESULTS
 =======

  Reference energy                   -115.091954394174
  CCSD correlation energy              -0.454285007078
 !CCSD total energy                  -115.546239401252

 Starting CP-CCSD iterations.   Author: W. Gyorffy (2012)

 ITER.      NRM1           NRM2      VAR(S)+VAR(P)   DIIS    TIME
   1     0.00162314     0.38319742     5.25e-04      1  1   28.97
   2     0.00147247     0.37940302     3.80e-05      2  2   59.12
   3     0.00136845     0.37892174     4.70e-06      3  3   88.41
   4     0.00131886     0.37853156     8.88e-07      4  4  114.78
   5     0.00129145     0.37843780     9.09e-08      5  5  140.08
   6     0.00128123     0.37840467     9.14e-09      6  0  165.14
   7     0.00127850     0.37840083     1.09e-09      6  1  191.69
   8     0.00127779     0.37839959     1.42e-10      6  2  219.00
   9     0.00127766     0.37839946     1.91e-11      6  3  245.06
  10     0.00127762     0.37839941     2.49e-12      6  4  274.38
  11     0.00127763     0.37839940     2.86e-13            302.07


 Time per iteration:                     27.46 sec


 Starting Coupled-perturbed Hartree-Fock, convergence threshold= 1.0D-06

 ITER   MIC  DIIS      VAR         VARC       CPU
   1     0     1    0.47D-02    0.12D-02     9.65
   2     4     2    0.18D-03    0.52D-04    19.21
   3     4     3    0.45D-05    0.84D-06    28.94
   4     2     4    0.46D-06    0.41D-07    40.66

 CPHF convergence reached in  4 macroiterations and   10 microiterations.   Accuracy: 4.5742D-07

 CPHF solution written to record  8500.2

 Dipole moments (unrelaxed):           -0.04495532     0.55195553    -0.36582813
 Orbital relaxation contribution:      -0.00003018     0.00431822    -0.00311460
 !CCSD STATE 1.1 Dipole moment         -0.04498550     0.55627375    -0.36894272
 Dipole moment /Debye                  -0.11434173     1.41390685    -0.93775886

 CPU-time for coupled-perturbed hartree-fock:         40.96 sec

 Number of N-1 electron functions:               7
 Number of N-2 electron functions:              28
 Number of singly external CSFs:              1225
 Number of doubly external CSFs:            750925
 Total number of CSFs:                      752151

 CCSD gradient info saved on record        55555.1




 **********************************************************************************************************************************
 DATASETS  * FILE   NREC   LENGTH (MB)   RECORD NAMES
              1      22      862.34       500      610      700      701      900      950      970     1001      129      960   
                                          VAR    BASINP    GEOM     GEOM    SYMINP    ZMAT    AOBASIS   BASIS     P2S    ABASIS    
                                         1100     1400     1410     1200     1210     1080     1600     1650     1300     1700   
                                           S        T        V       H0       H01     AOSYM     SMH    MOLCAS    ERIS     OPER   
                                         1380    55555   
                                         JKOP     CCSD   

              2      12        3.69       700     1000      520     2100      200     2101     8500     9001      701     1001   
                                         GEOM     BASIS   MCVARS     RHF    OPTIONS    RHF     CPHF    DEN_MP2   GEOM     BASIS   
                                         2102     9001(1)
                                          RHF    DEN_MP2    

 PROGRAMS   *        TOTAL      CCSD    HF-SCF       INT      CCSD    HF-SCF      CCSD    HF-SCF      CCSD    HF-SCF      CCSD
 CPU TIMES  *     18906.83    841.21    100.94     21.31    352.28     18.94    790.09     87.20    797.75     94.83    803.72
 REAL TIME  *      2690.42 SEC
 DISK USED  *         2.31 GB
 **********************************************************************************************************************************

 Inactive variables:    AHH2

 Active variables:      RCO ROH ACOH RCH1 AOCH1 AHH1
                        RCH2 AOCH2 RCH3 AOCH3 AHH3

 Geometry written to block  1 of record 701

 XYZ inputs for each point on the optimization path will be saved in files ch3oh_maxima_mp2_xx.xyz

 Making model hessian for Z-matrix coordinates

 Entering Rational Function Geometry Optimization

 ITER.   ENERGY(OLD)    ENERGY(NEW)      DE          GRADMAX     GRADNORM    GRADRMS     STEPMAX     STEPLEN     STEPRMS   CPU-time
   1  -115.54623940  -115.54640627    -0.00016687  0.00417153  0.00651344  0.00196388  0.03490659  0.04941426  0.00449221   2141.80
   2  -115.54640627  -115.54641173    -0.00000545  0.00072017  0.00119150  0.00035925  0.00745602  0.01038708  0.00094428   3313.19
   3  -115.54641173  -115.54641185    -0.00000013  0.00020615  0.00029566  0.00008914  0.00046484  0.00075441  0.00006858   4469.20

 END OF GEOMETRY OPTIMIZATION.

 Optimized variables
 RCO=                 1.41996019 ANGSTROM
 ROH=                 0.95775885 ANGSTROM
 ACOH=              108.36183914 DEGREE
 RCH1=                1.09295206 ANGSTROM
 AOCH1=             111.80167742 DEGREE
 AHH1=               71.02863039 DEGREE
 RCH2=                1.08788126 ANGSTROM
 AOCH2=             106.89395419 DEGREE
 RCH3=                1.09297998 ANGSTROM
 AOCH3=             111.87390249 DEGREE
 AHH3=              308.35648332 DEGREE

 **********************************************************************************************************************************

 Geometry written to block  1 of record 701

 Recomputing wavefunction for reoriented structure

 Current geometry (xyz format, in Angstrom)


 Dump information in style XYZ to ch3oh_maxima_mp2.xyz                                                            

    6
 CCSD/AUG-CC-PVTZ  ENERGY=-115.54641185
 C          0.0006429576        0.0130849584       -0.7280201029
 O          0.0005074747       -0.0641304089        0.6898390975
 H         -0.0014197112        0.8271116455        1.0405325536
 H          0.9596476023        0.3665656570       -1.1151966553
 H         -0.1779416735       -0.9936996650       -1.0994738645
 H         -0.7960032796        0.6620623942       -1.1005631076

 **********************************************************************************************************************************


 **********************************************************************************************************************************
 DATASETS  * FILE   NREC   LENGTH (MB)   RECORD NAMES
              1      22      858.27       500      610      700      701      900      950      970     1001      129      960   
                                          VAR    BASINP    GEOM     GEOM    SYMINP    ZMAT    AOBASIS   BASIS     P2S    ABASIS    
                                         1100     1400     1410     1200     1210     1080     1600     1650     1300     1700   
                                           S        T        V       H0       H01     AOSYM     SMH    MOLCAS    ERIS     OPER   
                                         1380    55555   
                                         JKOP     CCSD   

              2      12        3.69       700     1000      520     2100      200     2101     8500     9001      701     1001   
                                         GEOM     BASIS   MCVARS     RHF    OPTIONS    RHF     CPHF    DEN_MP2   GEOM     BASIS   
                                         2102     9001(1)
                                          RHF    DEN_MP2    

 PROGRAMS   *        TOTAL      OPTG    HF-SCF      CCSD    HF-SCF      CCSD    HF-SCF      CCSD    HF-SCF      CCSD    HF-SCF
 CPU TIMES  *     22784.12    351.15     20.41    791.59     86.82    796.75     95.89    787.09    112.28    841.21    100.94
 REAL TIME  *      3264.75 SEC
 DISK USED  *         2.31 GB
 **********************************************************************************************************************************

 DO I                   =       192.50000000   
 SETTING AHH2           =       192.50000000                                  


 PROGRAM * OPT (Geometry optimization)     Authors: F. Eckert and H.-J. Werner


 BFGS update of hessian

 Geometry optimization using procedure=RUNCCSD

 Running procedure: RUNCCSD


 Recomputing integrals since geometry changed


 PROGRAM * SEWARD (Integral evaluation for generally contracted gaussian basis sets)     Author: Roland Lindh, 1990

 Geometry written to block  1 of record 701

 Orientation using atomic masses  
 Molecule type: Asymmetric top
 Rotational constants:      23.9765391     24.8014718    128.6261403 GHz  (calculated with average atomic masses)

 Point group  C1  



 ATOMIC COORDINATES

 NR  ATOM    CHARGE       X              Y              Z

   1  C       6.00    0.006375086    0.023799713   -1.375784449
   2  O       8.00    0.007243513   -0.120695954    1.303657961
   3  H       1.00   -0.101109904    1.560432818    1.965330495
   4  H1      1.00    1.776600381    0.800830084   -2.102641360
   5  H2      1.00   -0.297375508   -1.884729925   -2.076893682
   6  H3      1.00   -1.569061879    1.155711503   -2.084859048

 Bond lengths in Bohr (Angstrom)

 1-2  2.683335868  1-4  2.065380052  1-5  2.055797646  1-6  2.065432816  2-3  1.809901919
     ( 1.419960191)     ( 1.092952055)     ( 1.087881264)     ( 1.092979977)     ( 0.957758850)

 Bond angles

  1-2-3  108.36183914   2-1-4  111.80167742   2-1-5  106.89395419   2-1-6  111.87390249

  4-1-5  110.84765692   4-1-6  109.07260842   5-1-6  106.19973408

 NUCLEAR CHARGE:                   18
 NUMBER OF PRIMITIVE AOS:         242
 NUMBER OF SYMMETRY AOS:          216
 NUMBER OF CONTRACTIONS:          184   (  184A   )
 NUMBER OF INNER CORE ORBITALS:     0   (    0A   )
 NUMBER OF OUTER CORE ORBITALS:     2   (    2A   )
 NUMBER OF VALENCE ORBITALS:       12   (   12A   )


 NUCLEAR REPULSION ENERGY   40.34606885

 Eigenvalues of metric

         1 0.611E-04 0.744E-04 0.895E-04 0.203E-03 0.411E-03 0.484E-03 0.758E-03 0.779E-03


 Contracted 2-electron integrals neglected if value below      1.0D-11
 AO integral compression algorithm  1   Integral accuracy      1.0D-11

     713.032 MB (compressed) written to integral file ( 52.5%)


 NUMBER OF SORTED TWO-ELECTRON INTEGRALS:  144848710.     BUFFER LENGTH:  32768
 NUMBER OF SEGMENTS:  10  SEGMENT LENGTH:   15999503      RECORD LENGTH: 524288

 Memory used in sort:      16.56 MW

 SORT1 READ   169623812. AND WROTE   143574183. INTEGRALS IN    414 RECORDS. CPU TIME:     1.15 SEC, REAL TIME:     1.78 SEC
 SORT2 READ   143574183. AND WROTE   144848710. INTEGRALS IN   2720 RECORDS. CPU TIME:     1.26 SEC, REAL TIME:     1.70 SEC

 FILE SIZES:   FILE 1:   744.6 MBYTE,  FILE 4:  1736.5 MBYTE,   TOTAL:   2481.0 MBYTE

 OPERATOR DM      FOR CENTER  0  COORDINATES:    0.000000    0.000000    0.000000


 **********************************************************************************************************************************
 DATASETS  * FILE   NREC   LENGTH (MB)   RECORD NAMES
              1      20      626.32       500      610      700      701      900      950      970     1001      129      960   
                                          VAR    BASINP    GEOM     GEOM    SYMINP    ZMAT    AOBASIS   BASIS     P2S    ABASIS    
                                         1100     1400     1410     1200     1210     1080     1600     1650     1300     1700   
                                           S        T        V       H0       H01     AOSYM     SMH    MOLCAS    ERIS     OPER   

              2      12        3.69       700     1000      520     2100      200     2101     8500     9001      701     1001   
                                         GEOM     BASIS   MCVARS     RHF    OPTIONS    RHF     CPHF    DEN_MP2   GEOM     BASIS   
                                         2102     9001(1)
                                          RHF    DEN_MP2    

 PROGRAMS   *        TOTAL       INT      CCSD    HF-SCF      CCSD    HF-SCF      CCSD    HF-SCF      CCSD    HF-SCF      CCSD
 CPU TIMES  *     22806.34     22.22    351.15     20.41    791.59     86.82    796.75     95.89    787.09    112.28    841.21
 REAL TIME  *      3273.71 SEC
 DISK USED  *         2.31 GB
 **********************************************************************************************************************************


 Program * Restricted Hartree-Fock

 Molecular orbitals read from record     2102.2  Type=RHF/CANONICAL (state 1.1)

 Initial occupancy:   9

 NELEC=   18   SYM=1   MS2= 0   THRE=1.0D-09   THRD=1.0D-07   THRG=1.0D-07  HFMA2=F  DIIS_START=2   DIIS_MAX=10   DIIS_INCORE=F

 Level shifts:    0.00 (CLOSED)    0.00 (OPEN)    0.30 (GAP_MIN)

 ITER           ETOT              DE          GRAD        DDIFF     DIIS  NEXP   TIME(IT)  TIME(TOT)  DIAG
   1     -115.09048223    -115.09048223     0.00D+00     0.47D-01     0     0       9.52      9.53    start
   2     -115.09172806      -0.00124583     0.80D-03     0.85D-03     1     0       9.34     18.87    diag
   3     -115.09188208      -0.00015402     0.21D-03     0.23D-03     2     0       8.97     27.84    diag
   4     -115.09189372      -0.00001164     0.48D-04     0.69D-04     3     0       9.38     37.22    diag
   5     -115.09189421      -0.00000049     0.12D-04     0.14D-04     4     0       9.14     46.36    diag
   6     -115.09189430      -0.00000009     0.55D-05     0.56D-05     5     0       9.33     55.69    diag
   7     -115.09189431      -0.00000001     0.16D-05     0.20D-05     6     0       9.05     64.74    diag
   8     -115.09189431      -0.00000000     0.40D-06     0.61D-06     7     0       8.62     73.36    fixocc
   9     -115.09189431      -0.00000000     0.85D-07     0.12D-06     8     0       8.78     82.14    diag
  10     -115.09189431      -0.00000000     0.22D-07     0.33D-07     9     0       9.10     91.24    diag/orth
  11     -115.09189431       0.00000000     0.45D-08     0.53D-08     0     0       9.27    100.51    diag

 Final occupancy:   9

 !RHF STATE 1.1 Energy               -115.091894313205
  RHF One-electron energy            -236.923712640068
  RHF Two-electron energy              81.485749473185
  RHF Kinetic energy                  114.923595395220
  RHF Nuclear energy                   40.346068853678
  RHF Virial quotient                  -1.001464441809

 !RHF STATE 1.1 Dipole moment          -0.04733421     0.58989230    -0.39156029
 Dipole moment /Debye                  -0.12031156     1.49935668    -0.99524697

 Orbital energies:

           1.1          2.1          3.1          4.1          5.1          6.1          7.1          8.1          9.1         10.1
    -20.558665   -11.271349    -1.358251    -0.926078    -0.691576    -0.622171    -0.592835    -0.503025    -0.452156     0.028491

          11.1
      0.043015


 HOMO      9.1    -0.452156 =     -12.3038eV
 LUMO     10.1     0.028491 =       0.7753eV
 LUMO-HOMO         0.480647 =      13.0791eV

 Orbitals saved in record  2102.2


 **********************************************************************************************************************************
 DATASETS  * FILE   NREC   LENGTH (MB)   RECORD NAMES
              1      20      626.32       500      610      700      701      900      950      970     1001      129      960   
                                          VAR    BASINP    GEOM     GEOM    SYMINP    ZMAT    AOBASIS   BASIS     P2S    ABASIS    
                                         1100     1400     1410     1200     1210     1080     1600     1650     1300     1700   
                                           S        T        V       H0       H01     AOSYM     SMH    MOLCAS    ERIS     OPER   

              2      12        3.69       700     1000      520     2100      200     2101     8500     9001      701     1001   
                                         GEOM     BASIS   MCVARS     RHF    OPTIONS    RHF     CPHF    DEN_MP2   GEOM     BASIS   
                                         2102     9001(1)
                                          RHF    DEN_MP2    

 PROGRAMS   *        TOTAL    HF-SCF       INT      CCSD    HF-SCF      CCSD    HF-SCF      CCSD    HF-SCF      CCSD    HF-SCF
 CPU TIMES  *     22906.89    100.55     22.22    351.15     20.41    791.59     86.82    796.75     95.89    787.09    112.28
 REAL TIME  *      3289.56 SEC
 DISK USED  *         2.31 GB
 **********************************************************************************************************************************


 PROGRAM * CCSD (Closed-shell coupled cluster)     Authors: C. Hampel, H.-J. Werner, 1991, M. Deegan, P.J. Knowles, 1992


 Convergence thresholds:  THRVAR = 1.00D-12  THRDEN = 1.00D-08

 Using ITF CCSD gradient implementation

 Number of core orbitals:           2 (   2 )
 Number of closed-shell orbitals:   7 (   7 )
 Number of external orbitals:     175 ( 175 )

 Molecular orbitals read from record     2102.2  Type=RHF/CANONICAL (state 1.1)

 Integral transformation finished. Total CPU:  22.67 sec, npass=  1  Memory used:  27.38 MW
  Reference energy                   -115.091894313205

  MP2 correlation energy               -0.436758354388
  MP2 total energy                   -115.528652667593

 ITER.      SQ.NORM     CORR.ENERGY   TOTAL ENERGY   ENERGY CHANGE        DEN1      VAR(S)    VAR(P)  DIIS     TIME
   1      1.12039208    -0.45320794  -115.54510225    -0.01644959    -0.00558956  1.69e-03  1.94e-03  1  1    25.09
   2      1.12838414    -0.45419246  -115.54608677    -0.00098452    -0.00936315  4.22e-05  2.70e-04  2  2    47.94
   3      1.13076719    -0.45431149  -115.54620580    -0.00011903    -0.00140698  4.44e-06  3.49e-05  3  3    70.82
   4      1.13201482    -0.45431427  -115.54620859    -0.00000278    -0.00092436  1.41e-07  3.38e-06  4  4    93.75
   5      1.13231714    -0.45429362  -115.54618793     0.00002065    -0.00019159  1.83e-08  3.19e-07  5  5   117.27
   6      1.13239630    -0.45429113  -115.54618544     0.00000249    -0.00004915  3.48e-10  1.44e-08  6  0   142.48
   7      1.13240447    -0.45428996  -115.54618428     0.00000117    -0.00000618  6.16e-11  1.05e-09  6  1   169.34
   8      1.13240466    -0.45428982  -115.54618414     0.00000014    -0.00000046  4.15e-12  1.05e-10  6  2   192.08
   9      1.13240458    -0.45428980  -115.54618412     0.00000002     0.00000002  1.66e-13  1.10e-11  6  3   216.35
  10      1.13240463    -0.45428980  -115.54618411     0.00000000    -0.00000004  2.88e-14  7.49e-13         240.48

 Norm of t1 vector:      0.05244996     S-energy:      0.00000000   T1 diagnostic:  0.00991211

 Time per iteration:                     24.05 sec

 RESULTS
 =======

  Reference energy                   -115.091894313205
  CCSD correlation energy              -0.454289799850
 !CCSD total energy                  -115.546184113055

 Starting CP-CCSD iterations.   Author: W. Gyorffy (2012)

 ITER.      NRM1           NRM2      VAR(S)+VAR(P)   DIIS    TIME
   1     0.00162416     0.38320853     5.25e-04      1  1   26.42
   2     0.00147338     0.37941310     3.80e-05      2  2   53.74
   3     0.00136926     0.37893164     4.70e-06      3  3   81.22
   4     0.00131959     0.37854123     8.89e-07      4  4  107.45
   5     0.00129213     0.37844736     9.12e-08      5  5  138.09
   6     0.00128188     0.37841416     9.18e-09      6  0  163.81
   7     0.00127915     0.37841031     1.10e-09      6  1  191.18
   8     0.00127843     0.37840906     1.42e-10      6  2  218.48
   9     0.00127830     0.37840894     1.92e-11      6  3  245.25
  10     0.00127826     0.37840888     2.50e-12      6  4  270.20
  11     0.00127827     0.37840887     2.87e-13            295.62


 Time per iteration:                     26.87 sec


 Starting Coupled-perturbed Hartree-Fock, convergence threshold= 1.0D-06

 ITER   MIC  DIIS      VAR         VARC       CPU
   1     0     1    0.47D-02    0.12D-02     9.05
   2     4     2    0.18D-03    0.52D-04    18.41
   3     4     3    0.45D-05    0.84D-06    27.17
   4     2     4    0.46D-06    0.41D-07    36.48

 CPHF convergence reached in  4 macroiterations and   10 microiterations.   Accuracy: 4.5694D-07

 CPHF solution written to record  8500.2

 Dipole moments (unrelaxed):           -0.04613410     0.55285675    -0.36603082
 Orbital relaxation contribution:      -0.00000167     0.00430569    -0.00311012
 !CCSD STATE 1.1 Dipole moment         -0.04613577     0.55716244    -0.36914094
 Dipole moment /Debye                  -0.11726543     1.41616568    -0.93826269

 CPU-time for coupled-perturbed hartree-fock:         36.65 sec

 Number of N-1 electron functions:               7
 Number of N-2 electron functions:              28
 Number of singly external CSFs:              1225
 Number of doubly external CSFs:            750925
 Total number of CSFs:                      752151

 CCSD gradient info saved on record        55555.1




 **********************************************************************************************************************************
 DATASETS  * FILE   NREC   LENGTH (MB)   RECORD NAMES
              1      22      862.32       500      610      700      701      900      950      970     1001      129      960   
                                          VAR    BASINP    GEOM     GEOM    SYMINP    ZMAT    AOBASIS   BASIS     P2S    ABASIS    
                                         1100     1400     1410     1200     1210     1080     1600     1650     1300     1700   
                                           S        T        V       H0       H01     AOSYM     SMH    MOLCAS    ERIS     OPER   
                                         1380    55555   
                                         JKOP     CCSD   

              2      12        3.69       700     1000      520     2100      200     2101     8500     9001      701     1001   
                                         GEOM     BASIS   MCVARS     RHF    OPTIONS    RHF     CPHF    DEN_MP2   GEOM     BASIS   
                                         2102     9001(1)
                                          RHF    DEN_MP2    

 PROGRAMS   *        TOTAL      CCSD    HF-SCF       INT      CCSD    HF-SCF      CCSD    HF-SCF      CCSD    HF-SCF      CCSD
 CPU TIMES  *     23725.71    818.81    100.55     22.22    351.15     20.41    791.59     86.82    796.75     95.89    787.09
 REAL TIME  *      3401.91 SEC
 DISK USED  *         2.31 GB
 **********************************************************************************************************************************

 Inactive variables:    AHH2

 Active variables:      RCO ROH ACOH RCH1 AOCH1 AHH1
                        RCH2 AOCH2 RCH3 AOCH3 AHH3

 Geometry written to block  1 of record 701

 XYZ inputs for each point on the optimization path will be saved in files ch3oh_maxima_mp2_xx.xyz

 Making model hessian for Z-matrix coordinates

 Entering Rational Function Geometry Optimization

 ITER.   ENERGY(OLD)    ENERGY(NEW)      DE          GRADMAX     GRADNORM    GRADRMS     STEPMAX     STEPLEN     STEPRMS   CPU-time
   1  -115.54618411  -115.54635121    -0.00016709  0.00417142  0.00651440  0.00196417  0.03490659  0.04941605  0.00449237   2120.26
   2  -115.54635121  -115.54635678    -0.00000558  0.00074559  0.00120152  0.00036227  0.00765743  0.01053953  0.00095814   3305.41
   3  -115.54635678  -115.54635691    -0.00000013  0.00020582  0.00029596  0.00008923  0.00046498  0.00075292  0.00006845   4460.64

 END OF GEOMETRY OPTIMIZATION.

 Optimized variables
 RCO=                 1.42008331 ANGSTROM
 ROH=                 0.95768305 ANGSTROM
 ACOH=              108.37687883 DEGREE
 RCH1=                1.09292043 ANGSTROM
 AOCH1=             111.76979169 DEGREE
 AHH1=               73.44085811 DEGREE
 RCH2=                1.08793511 ANGSTROM
 AOCH2=             106.94527210 DEGREE
 RCH3=                1.09291437 ANGSTROM
 AOCH3=             111.87124664 DEGREE
 AHH3=              310.81097871 DEGREE

 **********************************************************************************************************************************

 Geometry written to block  1 of record 701

 Recomputing wavefunction for reoriented structure

 Current geometry (xyz format, in Angstrom)


 Dump information in style XYZ to ch3oh_maxima_mp2.xyz                                                            

    6
 CCSD/AUG-CC-PVTZ  ENERGY=-115.54635691
 C          0.0007821163        0.0130166898       -0.7280859419
 O          0.0006092783       -0.0641729451        0.6898979577
 H         -0.0016039826        0.8269139061        1.0407770784
 H          0.9730158638        0.3262136171       -1.1168587423
 H         -0.2219943301       -0.9848120815       -1.0999880848
 H         -0.7684088456        0.6952132972       -1.0987810727

 **********************************************************************************************************************************


 **********************************************************************************************************************************
 DATASETS  * FILE   NREC   LENGTH (MB)   RECORD NAMES
              1      22      858.82       500      610      700      701      900      950      970     1001      129      960   
                                          VAR    BASINP    GEOM     GEOM    SYMINP    ZMAT    AOBASIS   BASIS     P2S    ABASIS    
                                         1100     1400     1410     1200     1210     1080     1600     1650     1300     1700   
                                           S        T        V       H0       H01     AOSYM     SMH    MOLCAS    ERIS     OPER   
                                         1380    55555   
                                         JKOP     CCSD   

              2      12        3.69       700     1000      520     2100      200     2101     8500     9001      701     1001   
                                         GEOM     BASIS   MCVARS     RHF    OPTIONS    RHF     CPHF    DEN_MP2   GEOM     BASIS   
                                         2102     9001(1)
                                          RHF    DEN_MP2    

 PROGRAMS   *        TOTAL      OPTG    HF-SCF      CCSD    HF-SCF      CCSD    HF-SCF      CCSD    HF-SCF      CCSD    HF-SCF
 CPU TIMES  *     27621.90    356.27     20.85    788.22     88.60    809.99     95.67    787.23    115.42    818.81    100.55
 REAL TIME  *      3977.29 SEC
 DISK USED  *         2.31 GB
 **********************************************************************************************************************************

 DO I                   =       195.00000000   
 SETTING AHH2           =       195.00000000                                  


 PROGRAM * OPT (Geometry optimization)     Authors: F. Eckert and H.-J. Werner


 BFGS update of hessian

 Geometry optimization using procedure=RUNCCSD

 Running procedure: RUNCCSD


 Recomputing integrals since geometry changed


 PROGRAM * SEWARD (Integral evaluation for generally contracted gaussian basis sets)     Author: Roland Lindh, 1990

 Geometry written to block  1 of record 701

 Orientation using atomic masses  
 Molecule type: Asymmetric top
 Rotational constants:      23.9776075     24.7919063    128.6394048 GHz  (calculated with average atomic masses)

 Point group  C1  



 ATOMIC COORDINATES

 NR  ATOM    CHARGE       X              Y              Z

   1  C       6.00    0.006638131    0.023371964   -1.375917514
   2  O       8.00    0.007241659   -0.120713889    1.303780037
   3  H       1.00   -0.098730143    1.560364574    1.965574328
   4  H1      1.00    1.807660731    0.722748020   -2.105806971
   5  H2      1.00   -0.384174697   -1.869124311   -2.077662150
   6  H3      1.00   -1.518807918    1.223638104   -2.081520915

 Bond lengths in Bohr (Angstrom)

 1-2  2.683568531  1-4  2.065320288  1-5  2.055899401  1-6  2.065308843  2-3  1.809758687
     ( 1.420083311)     ( 1.092920430)     ( 1.087935111)     ( 1.092914373)     ( 0.957683054)

 Bond angles

  1-2-3  108.37687883   2-1-4  111.76979169   2-1-5  106.94527210   2-1-6  111.87124664

  4-1-5  110.90709784   4-1-6  109.05959274   5-1-6  106.13771715

 NUCLEAR CHARGE:                   18
 NUMBER OF PRIMITIVE AOS:         242
 NUMBER OF SYMMETRY AOS:          216
 NUMBER OF CONTRACTIONS:          184   (  184A   )
 NUMBER OF INNER CORE ORBITALS:     0   (    0A   )
 NUMBER OF OUTER CORE ORBITALS:     2   (    2A   )
 NUMBER OF VALENCE ORBITALS:       12   (   12A   )


 NUCLEAR REPULSION ENERGY   40.34442951

 Eigenvalues of metric

         1 0.612E-04 0.745E-04 0.896E-04 0.203E-03 0.411E-03 0.484E-03 0.758E-03 0.780E-03


 Contracted 2-electron integrals neglected if value below      1.0D-11
 AO integral compression algorithm  1   Integral accuracy      1.0D-11

     712.507 MB (compressed) written to integral file ( 52.5%)


 NUMBER OF SORTED TWO-ELECTRON INTEGRALS:  144848710.     BUFFER LENGTH:  32768
 NUMBER OF SEGMENTS:  10  SEGMENT LENGTH:   15999503      RECORD LENGTH: 524288

 Memory used in sort:      16.56 MW

 SORT1 READ   169623812. AND WROTE   143572257. INTEGRALS IN    414 RECORDS. CPU TIME:     1.16 SEC, REAL TIME:     1.78 SEC
 SORT2 READ   143572257. AND WROTE   144848710. INTEGRALS IN   2718 RECORDS. CPU TIME:     1.24 SEC, REAL TIME:     1.69 SEC

 FILE SIZES:   FILE 1:   744.1 MBYTE,  FILE 4:  1736.5 MBYTE,   TOTAL:   2480.5 MBYTE

 OPERATOR DM      FOR CENTER  0  COORDINATES:    0.000000    0.000000    0.000000


 **********************************************************************************************************************************
 DATASETS  * FILE   NREC   LENGTH (MB)   RECORD NAMES
              1      20      625.84       500      610      700      701      900      950      970     1001      129      960   
                                          VAR    BASINP    GEOM     GEOM    SYMINP    ZMAT    AOBASIS   BASIS     P2S    ABASIS    
                                         1100     1400     1410     1200     1210     1080     1600     1650     1300     1700   
                                           S        T        V       H0       H01     AOSYM     SMH    MOLCAS    ERIS     OPER   

              2      12        3.69       700     1000      520     2100      200     2101     8500     9001      701     1001   
                                         GEOM     BASIS   MCVARS     RHF    OPTIONS    RHF     CPHF    DEN_MP2   GEOM     BASIS   
                                         2102     9001(1)
                                          RHF    DEN_MP2    

 PROGRAMS   *        TOTAL       INT      CCSD    HF-SCF      CCSD    HF-SCF      CCSD    HF-SCF      CCSD    HF-SCF      CCSD
 CPU TIMES  *     27643.24     21.34    356.26     20.85    788.22     88.60    809.99     95.67    787.23    115.42    818.81
 REAL TIME  *      3986.02 SEC
 DISK USED  *         2.31 GB
 **********************************************************************************************************************************


 Program * Restricted Hartree-Fock

 Molecular orbitals read from record     2102.2  Type=RHF/CANONICAL (state 1.1)

 Initial occupancy:   9

 NELEC=   18   SYM=1   MS2= 0   THRE=1.0D-09   THRD=1.0D-07   THRG=1.0D-07  HFMA2=F  DIIS_START=2   DIIS_MAX=10   DIIS_INCORE=F

 Level shifts:    0.00 (CLOSED)    0.00 (OPEN)    0.30 (GAP_MIN)

 ITER           ETOT              DE          GRAD        DDIFF     DIIS  NEXP   TIME(IT)  TIME(TOT)  DIAG
   1     -115.09049934    -115.09049934     0.00D+00     0.47D-01     0     0       9.37      9.38    start
   2     -115.09166792      -0.00116858     0.77D-03     0.83D-03     1     0       8.88     18.26    diag
   3     -115.09181172      -0.00014380     0.20D-03     0.23D-03     2     0       9.09     27.35    diag
   4     -115.09182258      -0.00001085     0.46D-04     0.67D-04     3     0       9.08     36.43    diag
   5     -115.09182303      -0.00000045     0.11D-04     0.13D-04     4     0       9.52     45.95    diag
   6     -115.09182311      -0.00000008     0.53D-05     0.52D-05     5     0       9.29     55.24    diag
   7     -115.09182312      -0.00000001     0.15D-05     0.20D-05     6     0       9.43     64.67    diag
   8     -115.09182312      -0.00000000     0.38D-06     0.59D-06     7     0       9.32     73.99    fixocc
   9     -115.09182312      -0.00000000     0.77D-07     0.11D-06     8     0       9.04     83.03    diag
  10     -115.09182312      -0.00000000     0.20D-07     0.31D-07     9     0       9.41     92.44    diag/orth
  11     -115.09182312      -0.00000000     0.44D-08     0.52D-08     0     0       9.04    101.48    diag

 Final occupancy:   9

 !RHF STATE 1.1 Energy               -115.091823124004
  RHF One-electron energy            -236.920669826834
  RHF Two-electron energy              81.484417188229
  RHF Kinetic energy                  114.923568121319
  RHF Nuclear energy                   40.344429514601
  RHF Virial quotient                  -1.001464060031

 !RHF STATE 1.1 Dipole moment          -0.04782822     0.59095230    -0.39175836
 Dipole moment /Debye                  -0.12156720     1.50205093    -0.99575044

 Orbital energies:

           1.1          2.1          3.1          4.1          5.1          6.1          7.1          8.1          9.1         10.1
    -20.558603   -11.271356    -1.358192    -0.926088    -0.691553    -0.622377    -0.592711    -0.502773    -0.452264     0.028477

          11.1
      0.043023


 HOMO      9.1    -0.452264 =     -12.3067eV
 LUMO     10.1     0.028477 =       0.7749eV
 LUMO-HOMO         0.480741 =      13.0816eV

 Orbitals saved in record  2102.2


 **********************************************************************************************************************************
 DATASETS  * FILE   NREC   LENGTH (MB)   RECORD NAMES
              1      20      625.84       500      610      700      701      900      950      970     1001      129      960   
                                          VAR    BASINP    GEOM     GEOM    SYMINP    ZMAT    AOBASIS   BASIS     P2S    ABASIS    
                                         1100     1400     1410     1200     1210     1080     1600     1650     1300     1700   
                                           S        T        V       H0       H01     AOSYM     SMH    MOLCAS    ERIS     OPER   

              2      12        3.69       700     1000      520     2100      200     2101     8500     9001      701     1001   
                                         GEOM     BASIS   MCVARS     RHF    OPTIONS    RHF     CPHF    DEN_MP2   GEOM     BASIS   
                                         2102     9001(1)
                                          RHF    DEN_MP2    

 PROGRAMS   *        TOTAL    HF-SCF       INT      CCSD    HF-SCF      CCSD    HF-SCF      CCSD    HF-SCF      CCSD    HF-SCF
 CPU TIMES  *     27744.77    101.52     21.34    356.26     20.85    788.22     88.60    809.99     95.67    787.23    115.42
 REAL TIME  *      4002.11 SEC
 DISK USED  *         2.31 GB
 **********************************************************************************************************************************


 PROGRAM * CCSD (Closed-shell coupled cluster)     Authors: C. Hampel, H.-J. Werner, 1991, M. Deegan, P.J. Knowles, 1992


 Convergence thresholds:  THRVAR = 1.00D-12  THRDEN = 1.00D-08

 Using ITF CCSD gradient implementation

 Number of core orbitals:           2 (   2 )
 Number of closed-shell orbitals:   7 (   7 )
 Number of external orbitals:     175 ( 175 )

 Molecular orbitals read from record     2102.2  Type=RHF/CANONICAL (state 1.1)

 Integral transformation finished. Total CPU:  22.61 sec, npass=  1  Memory used:  27.38 MW
  Reference energy                   -115.091823124004

  MP2 correlation energy               -0.436762719952
  MP2 total energy                   -115.528585843956

 ITER.      SQ.NORM     CORR.ENERGY   TOTAL ENERGY   ENERGY CHANGE        DEN1      VAR(S)    VAR(P)  DIIS     TIME
   1      1.12039435    -0.45321306  -115.54503619    -0.01645035    -0.00559036  1.69e-03  1.94e-03  1  1    25.57
   2      1.12838733    -0.45419777  -115.54602089    -0.00098470    -0.00936308  4.22e-05  2.70e-04  2  2    49.48
   3      1.13077120    -0.45431681  -115.54613993    -0.00011904    -0.00140714  4.44e-06  3.49e-05  3  3    73.90
   4      1.13201929    -0.45431960  -115.54614273    -0.00000280    -0.00092440  1.41e-07  3.38e-06  4  4    96.57
   5      1.13232174    -0.45429895  -115.54612207     0.00002066    -0.00019160  1.83e-08  3.19e-07  5  5   119.08
   6      1.13240095    -0.45429646  -115.54611958     0.00000249    -0.00004916  3.50e-10  1.44e-08  6  0   142.16
   7      1.13240913    -0.45429529  -115.54611841     0.00000117    -0.00000619  6.17e-11  1.05e-09  6  1   166.06
   8      1.13240932    -0.45429515  -115.54611827     0.00000014    -0.00000046  4.16e-12  1.05e-10  6  2   189.78
   9      1.13240924    -0.45429513  -115.54611826     0.00000002     0.00000001  1.68e-13  1.10e-11  6  3   214.25
  10      1.13240930    -0.45429513  -115.54611825     0.00000000    -0.00000004  2.88e-14  7.49e-13         237.03

 Norm of t1 vector:      0.05246940     S-energy:      0.00000000   T1 diagnostic:  0.00991579

 Time per iteration:                     23.71 sec

 RESULTS
 =======

  Reference energy                   -115.091823124004
  CCSD correlation energy              -0.454295127099
 !CCSD total energy                  -115.546118251102

 Starting CP-CCSD iterations.   Author: W. Gyorffy (2012)

 ITER.      NRM1           NRM2      VAR(S)+VAR(P)   DIIS    TIME
   1     0.00162541     0.38322123     5.25e-04      1  1   24.28
   2     0.00147450     0.37942447     3.80e-05      2  2   49.61
   3     0.00137025     0.37894281     4.71e-06      3  3   76.83
   4     0.00132049     0.37855212     8.91e-07      4  4  103.63
   5     0.00129296     0.37845810     9.16e-08      5  5  129.81
   6     0.00128268     0.37842482     9.24e-09      6  0  157.79
   7     0.00127993     0.37842095     1.10e-09      6  1  182.56
   8     0.00127921     0.37841970     1.43e-10      6  2  208.99
   9     0.00127908     0.37841957     1.92e-11      6  3  235.51
  10     0.00127904     0.37841952     2.50e-12      6  4  259.83
  11     0.00127905     0.37841951     2.89e-13            285.98


 Time per iteration:                     26.00 sec


 Starting Coupled-perturbed Hartree-Fock, convergence threshold= 1.0D-06

 ITER   MIC  DIIS      VAR         VARC       CPU
   1     0     1    0.47D-02    0.12D-02     9.31
   2     4     2    0.18D-03    0.52D-04    18.51
   3     4     3    0.45D-05    0.84D-06    27.81
   4     2     4    0.46D-06    0.41D-07    37.13

 CPHF convergence reached in  4 macroiterations and   10 microiterations.   Accuracy: 4.5635D-07

 CPHF solution written to record  8500.2

 Dipole moments (unrelaxed):           -0.04682989     0.55398190    -0.36625653
 Orbital relaxation contribution:       0.00002751     0.00429128    -0.00310462
 !CCSD STATE 1.1 Dipole moment         -0.04680238     0.55827318    -0.36936115
 Dipole moment /Debye                  -0.11895977     1.41898888    -0.93882240

 CPU-time for coupled-perturbed hartree-fock:         37.23 sec

 Number of N-1 electron functions:               7
 Number of N-2 electron functions:              28
 Number of singly external CSFs:              1225
 Number of doubly external CSFs:            750925
 Total number of CSFs:                      752151

 CCSD gradient info saved on record        55555.1




 **********************************************************************************************************************************
 DATASETS  * FILE   NREC   LENGTH (MB)   RECORD NAMES
              1      22      861.84       500      610      700      701      900      950      970     1001      129      960   
                                          VAR    BASINP    GEOM     GEOM    SYMINP    ZMAT    AOBASIS   BASIS     P2S    ABASIS    
                                         1100     1400     1410     1200     1210     1080     1600     1650     1300     1700   
                                           S        T        V       H0       H01     AOSYM     SMH    MOLCAS    ERIS     OPER   
                                         1380    55555   
                                         JKOP     CCSD   

              2      12        3.69       700     1000      520     2100      200     2101     8500     9001      701     1001   
                                         GEOM     BASIS   MCVARS     RHF    OPTIONS    RHF     CPHF    DEN_MP2   GEOM     BASIS   
                                         2102     9001(1)
                                          RHF    DEN_MP2    

 PROGRAMS   *        TOTAL      CCSD    HF-SCF       INT      CCSD    HF-SCF      CCSD    HF-SCF      CCSD    HF-SCF      CCSD
 CPU TIMES  *     28550.14    805.37    101.52     21.34    356.26     20.85    788.22     88.60    809.99     95.67    787.23
 REAL TIME  *      4112.38 SEC
 DISK USED  *         2.31 GB
 **********************************************************************************************************************************

 Inactive variables:    AHH2

 Active variables:      RCO ROH ACOH RCH1 AOCH1 AHH1
                        RCH2 AOCH2 RCH3 AOCH3 AHH3

 Geometry written to block  1 of record 701

 XYZ inputs for each point on the optimization path will be saved in files ch3oh_maxima_mp2_xx.xyz

 Making model hessian for Z-matrix coordinates

 Entering Rational Function Geometry Optimization

 ITER.   ENERGY(OLD)    ENERGY(NEW)      DE          GRADMAX     GRADNORM    GRADRMS     STEPMAX     STEPLEN     STEPRMS   CPU-time
   1  -115.54611825  -115.54628588    -0.00016763  0.00417086  0.00651564  0.00196454  0.03490659  0.04944700  0.00449518   2108.22
   2  -115.54628588  -115.54629133    -0.00000545  0.00072644  0.00110995  0.00033466  0.00793522  0.01107752  0.00100705   3295.15
   3  -115.54629133  -115.54629147    -0.00000014  0.00021258  0.00030898  0.00009316  0.00047768  0.00079274  0.00007207   4426.68

 END OF GEOMETRY OPTIMIZATION.

 Optimized variables
 RCO=                 1.42022836 ANGSTROM
 ROH=                 0.95759324 ANGSTROM
 ACOH=              108.39439191 DEGREE
 RCH1=                1.09287710 ANGSTROM
 AOCH1=             111.73116213 DEGREE
 AHH1=               75.85558556 DEGREE
 RCH2=                1.08800292 ANGSTROM
 AOCH2=             107.00860215 DEGREE
 RCH3=                1.09284113 ANGSTROM
 AOCH3=             111.86763629 DEGREE
 AHH3=              313.27844582 DEGREE

 **********************************************************************************************************************************

 Geometry written to block  1 of record 701

 Recomputing wavefunction for reoriented structure

 Current geometry (xyz format, in Angstrom)


 Dump information in style XYZ to ch3oh_maxima_mp2.xyz                                                            

    6
 CCSD/AUG-CC-PVTZ  ENERGY=-115.54629147
 C          0.0009083880        0.0129353738       -0.7281626596
 O          0.0006921138       -0.0642242967        0.6899681293
 H         -0.0016392467        0.8266808142        1.0410627976
 H          0.9847725513        0.2850990389       -1.1184428328
 H         -0.2657938685       -0.9739239489       -1.1006259870
 H         -0.7391503108        0.7274569495       -1.0970444603

 **********************************************************************************************************************************


 **********************************************************************************************************************************
 DATASETS  * FILE   NREC   LENGTH (MB)   RECORD NAMES
              1      22      859.35       500      610      700      701      900      950      970     1001      129      960   
                                          VAR    BASINP    GEOM     GEOM    SYMINP    ZMAT    AOBASIS   BASIS     P2S    ABASIS    
                                         1100     1400     1410     1200     1210     1080     1600     1650     1300     1700   
                                           S        T        V       H0       H01     AOSYM     SMH    MOLCAS    ERIS     OPER   
                                         1380    55555   
                                         JKOP     CCSD   

              2      12        3.69       700     1000      520     2100      200     2101     8500     9001      701     1001   
                                         GEOM     BASIS   MCVARS     RHF    OPTIONS    RHF     CPHF    DEN_MP2   GEOM     BASIS   
                                         2102     9001(1)
                                          RHF    DEN_MP2    

 PROGRAMS   *        TOTAL      OPTG    HF-SCF      CCSD    HF-SCF      CCSD    HF-SCF      CCSD    HF-SCF      CCSD    HF-SCF
 CPU TIMES  *     32395.13    328.23     18.30    763.02     86.09    814.00     96.78    787.94    115.63    805.37    101.52
 REAL TIME  *      4682.48 SEC
 DISK USED  *         2.31 GB
 **********************************************************************************************************************************

 DO I                   =       197.50000000   
 SETTING AHH2           =       197.50000000                                  


 PROGRAM * OPT (Geometry optimization)     Authors: F. Eckert and H.-J. Werner


 BFGS update of hessian

 Geometry optimization using procedure=RUNCCSD

 Running procedure: RUNCCSD


 Recomputing integrals since geometry changed


 PROGRAM * SEWARD (Integral evaluation for generally contracted gaussian basis sets)     Author: Roland Lindh, 1990

 Geometry written to block  1 of record 701

 Orientation using atomic masses  
 Molecule type: Asymmetric top
 Rotational constants:      23.9778012     24.7816081    128.6560283 GHz  (calculated with average atomic masses)

 Point group  C1  



 ATOMIC COORDINATES

 NR  ATOM    CHARGE       X              Y              Z

   1  C       6.00    0.006875723    0.022915116   -1.376071084
   2  O       8.00    0.007142554   -0.120755131    1.303923334
   3  H       1.00   -0.095220547    1.560292935    1.965898730
   4  H1      1.00    1.835827416    0.641961882   -2.108823783
   5  H2      1.00   -0.471506580   -1.849184998   -2.078666815
   6  H3      1.00   -1.464410412    1.290655200   -2.078268444

 Bond lengths in Bohr (Angstrom)

 1-2  2.683842636  1-4  2.065238416  1-5  2.056027535  1-6  2.065170440  2-3  1.809588967
     ( 1.420228361)     ( 1.092877105)     ( 1.088002917)     ( 1.092841133)     ( 0.957593242)

 Bond angles

  1-2-3  108.39439191   2-1-4  111.73116213   2-1-5  107.00860215   2-1-6  111.86763629

  4-1-5  110.96140529   4-1-6  109.04281510   5-1-6  106.08099987

 NUCLEAR CHARGE:                   18
 NUMBER OF PRIMITIVE AOS:         242
 NUMBER OF SYMMETRY AOS:          216
 NUMBER OF CONTRACTIONS:          184   (  184A   )
 NUMBER OF INNER CORE ORBITALS:     0   (    0A   )
 NUMBER OF OUTER CORE ORBITALS:     2   (    2A   )
 NUMBER OF VALENCE ORBITALS:       12   (   12A   )


 NUCLEAR REPULSION ENERGY   40.34246907

 Eigenvalues of metric

         1 0.613E-04 0.745E-04 0.897E-04 0.204E-03 0.411E-03 0.482E-03 0.758E-03 0.780E-03


 Contracted 2-electron integrals neglected if value below      1.0D-11
 AO integral compression algorithm  1   Integral accuracy      1.0D-11

     710.672 MB (compressed) written to integral file ( 52.4%)


 NUMBER OF SORTED TWO-ELECTRON INTEGRALS:  144848710.     BUFFER LENGTH:  32768
 NUMBER OF SEGMENTS:  10  SEGMENT LENGTH:   15999503      RECORD LENGTH: 524288

 Memory used in sort:      16.56 MW

 SORT1 READ   169623812. AND WROTE   143558956. INTEGRALS IN    414 RECORDS. CPU TIME:     1.13 SEC, REAL TIME:     1.73 SEC
 SORT2 READ   143558956. AND WROTE   144848710. INTEGRALS IN   2711 RECORDS. CPU TIME:     1.24 SEC, REAL TIME:     1.68 SEC

 FILE SIZES:   FILE 1:   742.2 MBYTE,  FILE 4:  1736.5 MBYTE,   TOTAL:   2478.7 MBYTE

 OPERATOR DM      FOR CENTER  0  COORDINATES:    0.000000    0.000000    0.000000


 **********************************************************************************************************************************
 DATASETS  * FILE   NREC   LENGTH (MB)   RECORD NAMES
              1      20      624.52       500      610      700      701      900      950      970     1001      129      960   
                                          VAR    BASINP    GEOM     GEOM    SYMINP    ZMAT    AOBASIS   BASIS     P2S    ABASIS    
                                         1100     1400     1410     1200     1210     1080     1600     1650     1300     1700   
                                           S        T        V       H0       H01     AOSYM     SMH    MOLCAS    ERIS     OPER   

              2      12        3.69       700     1000      520     2100      200     2101     8500     9001      701     1001   
                                         GEOM     BASIS   MCVARS     RHF    OPTIONS    RHF     CPHF    DEN_MP2   GEOM     BASIS   
                                         2102     9001(1)
                                          RHF    DEN_MP2    

 PROGRAMS   *        TOTAL       INT      CCSD    HF-SCF      CCSD    HF-SCF      CCSD    HF-SCF      CCSD    HF-SCF      CCSD
 CPU TIMES  *     32416.36     21.22    328.23     18.30    763.02     86.09    814.00     96.78    787.94    115.63    805.37
 REAL TIME  *      4691.12 SEC
 DISK USED  *         2.31 GB
 **********************************************************************************************************************************


 Program * Restricted Hartree-Fock

 Molecular orbitals read from record     2102.2  Type=RHF/CANONICAL (state 1.1)

 Initial occupancy:   9

 NELEC=   18   SYM=1   MS2= 0   THRE=1.0D-09   THRD=1.0D-07   THRG=1.0D-07  HFMA2=F  DIIS_START=2   DIIS_MAX=10   DIIS_INCORE=F

 Level shifts:    0.00 (CLOSED)    0.00 (OPEN)    0.30 (GAP_MIN)

 ITER           ETOT              DE          GRAD        DDIFF     DIIS  NEXP   TIME(IT)  TIME(TOT)  DIAG
   1     -115.09052962    -115.09052962     0.00D+00     0.47D-01     0     0       9.43      9.44    start
   2     -115.09160074      -0.00107111     0.74D-03     0.80D-03     1     0      10.10     19.54    diag
   3     -115.09173170      -0.00013096     0.19D-03     0.22D-03     2     0       9.32     28.86    diag
   4     -115.09174158      -0.00000988     0.44D-04     0.64D-04     3     0       9.35     38.21    diag
   5     -115.09174199      -0.00000041     0.11D-04     0.13D-04     4     0       9.13     47.34    diag
   6     -115.09174206      -0.00000007     0.49D-05     0.48D-05     5     0       9.34     56.68    diag
   7     -115.09174207      -0.00000001     0.14D-05     0.19D-05     6     0       8.80     65.48    diag
   8     -115.09174207      -0.00000000     0.36D-06     0.55D-06     7     0       8.85     74.33    fixocc
   9     -115.09174207      -0.00000000     0.68D-07     0.11D-06     8     0       9.37     83.70    diag
  10     -115.09174207      -0.00000000     0.19D-07     0.28D-07     9     0       9.19     92.89    diag/orth
  11     -115.09174207      -0.00000000     0.42D-08     0.50D-08     0     0       9.20    102.09    diag

 Final occupancy:   9

 !RHF STATE 1.1 Energy               -115.091742070057
  RHF One-electron energy            -236.917014710397
  RHF Two-electron energy              81.482803570751
  RHF Kinetic energy                  114.923529953845
  RHF Nuclear energy                   40.342469069590
  RHF Virial quotient                  -1.001463687343

 !RHF STATE 1.1 Dipole moment          -0.04776536     0.59221685    -0.39197238
 Dipole moment /Debye                  -0.12140743     1.50526509    -0.99629440

 Orbital energies:

           1.1          2.1          3.1          4.1          5.1          6.1          7.1          8.1          9.1         10.1
    -20.558532   -11.271366    -1.358124    -0.926100    -0.691535    -0.622565    -0.592599    -0.502524    -0.452358     0.028460

          11.1
      0.043030


 HOMO      9.1    -0.452358 =     -12.3093eV
 LUMO     10.1     0.028460 =       0.7744eV
 LUMO-HOMO         0.480818 =      13.0837eV

 Orbitals saved in record  2102.2


 **********************************************************************************************************************************
 DATASETS  * FILE   NREC   LENGTH (MB)   RECORD NAMES
              1      20      624.52       500      610      700      701      900      950      970     1001      129      960   
                                          VAR    BASINP    GEOM     GEOM    SYMINP    ZMAT    AOBASIS   BASIS     P2S    ABASIS    
                                         1100     1400     1410     1200     1210     1080     1600     1650     1300     1700   
                                           S        T        V       H0       H01     AOSYM     SMH    MOLCAS    ERIS     OPER   

              2      12        3.69       700     1000      520     2100      200     2101     8500     9001      701     1001   
                                         GEOM     BASIS   MCVARS     RHF    OPTIONS    RHF     CPHF    DEN_MP2   GEOM     BASIS   
                                         2102     9001(1)
                                          RHF    DEN_MP2    

 PROGRAMS   *        TOTAL    HF-SCF       INT      CCSD    HF-SCF      CCSD    HF-SCF      CCSD    HF-SCF      CCSD    HF-SCF
 CPU TIMES  *     32518.48    102.12     21.22    328.23     18.30    763.02     86.09    814.00     96.78    787.94    115.63
 REAL TIME  *      4707.23 SEC
 DISK USED  *         2.31 GB
 **********************************************************************************************************************************


 PROGRAM * CCSD (Closed-shell coupled cluster)     Authors: C. Hampel, H.-J. Werner, 1991, M. Deegan, P.J. Knowles, 1992


 Convergence thresholds:  THRVAR = 1.00D-12  THRDEN = 1.00D-08

 Using ITF CCSD gradient implementation

 Number of core orbitals:           2 (   2 )
 Number of closed-shell orbitals:   7 (   7 )
 Number of external orbitals:     175 ( 175 )

 Molecular orbitals read from record     2102.2  Type=RHF/CANONICAL (state 1.1)

 Integral transformation finished. Total CPU:  23.20 sec, npass=  1  Memory used:  27.38 MW
  Reference energy                   -115.091742070057

  MP2 correlation energy               -0.436767332436
  MP2 total energy                   -115.528509402493

 ITER.      SQ.NORM     CORR.ENERGY   TOTAL ENERGY   ENERGY CHANGE        DEN1      VAR(S)    VAR(P)  DIIS     TIME
   1      1.12039684    -0.45321859  -115.54496066    -0.01645126    -0.00559132  1.69e-03  1.94e-03  1  1    22.82
   2      1.12839086    -0.45420350  -115.54594557    -0.00098491    -0.00936300  4.22e-05  2.70e-04  2  2    45.97
   3      1.13077570    -0.45432255  -115.54606462    -0.00011905    -0.00140733  4.45e-06  3.49e-05  3  3    68.74
   4      1.13202433    -0.45432536  -115.54606743    -0.00000282    -0.00092445  1.41e-07  3.38e-06  4  4    91.09
   5      1.13232690    -0.45430470  -115.54604677     0.00002066    -0.00019159  1.83e-08  3.19e-07  5  5   113.59
   6      1.13240618    -0.45430221  -115.54604428     0.00000249    -0.00004917  3.52e-10  1.45e-08  6  0   135.56
   7      1.13241437    -0.45430105  -115.54604312     0.00000117    -0.00000619  6.18e-11  1.05e-09  6  1   158.28
   8      1.13241457    -0.45430090  -115.54604297     0.00000014    -0.00000046  4.17e-12  1.05e-10  6  2   179.44
   9      1.13241449    -0.45430089  -115.54604296     0.00000002     0.00000001  1.69e-13  1.10e-11  6  3   201.49
  10      1.13241454    -0.45430088  -115.54604295     0.00000000    -0.00000004  2.89e-14  7.51e-13         222.91

 Norm of t1 vector:      0.05249219     S-energy:      0.00000000   T1 diagnostic:  0.00992009

 Time per iteration:                     22.29 sec

 RESULTS
 =======

  Reference energy                   -115.091742070057
  CCSD correlation energy              -0.454300881540
 !CCSD total energy                  -115.546042951597

 Starting CP-CCSD iterations.   Author: W. Gyorffy (2012)

 ITER.      NRM1           NRM2      VAR(S)+VAR(P)   DIIS    TIME
   1     0.00162686     0.38323530     5.25e-04      1  1   24.34
   2     0.00147580     0.37943697     3.81e-05      2  2   46.73
   3     0.00137140     0.37895508     4.72e-06      3  3   69.82
   4     0.00132153     0.37856404     8.94e-07      4  4   93.22
   5     0.00129393     0.37846986     9.21e-08      5  5  116.04
   6     0.00128361     0.37843649     9.30e-09      6  0  139.45
   7     0.00128084     0.37843259     1.11e-09      6  1  163.77
   8     0.00128012     0.37843133     1.43e-10      6  2  187.89
   9     0.00127999     0.37843120     1.92e-11      6  3  212.38
  10     0.00127995     0.37843115     2.50e-12      6  4  237.42
  11     0.00127996     0.37843114     2.92e-13            260.44


 Time per iteration:                     23.68 sec


 Starting Coupled-perturbed Hartree-Fock, convergence threshold= 1.0D-06

 ITER   MIC  DIIS      VAR         VARC       CPU
   1     0     1    0.47D-02    0.12D-02     8.34
   2     4     2    0.18D-03    0.52D-04    17.50
   3     4     3    0.45D-05    0.84D-06    26.81
   4     2     4    0.46D-06    0.40D-07    36.16

 CPHF convergence reached in  4 macroiterations and   10 microiterations.   Accuracy: 4.5566D-07

 CPHF solution written to record  8500.2

 Dipole moments (unrelaxed):           -0.04698064     0.55532253    -0.36650293
 Orbital relaxation contribution:       0.00005720     0.00427502    -0.00309811
 !CCSD STATE 1.1 Dipole moment         -0.04692344     0.55959754    -0.36960103
 Dipole moment /Debye                  -0.11926748     1.42235508    -0.93943212

 CPU-time for coupled-perturbed hartree-fock:         36.25 sec

 Number of N-1 electron functions:               7
 Number of N-2 electron functions:              28
 Number of singly external CSFs:              1225
 Number of doubly external CSFs:            750925
 Total number of CSFs:                      752151

 CCSD gradient info saved on record        55555.1




 **********************************************************************************************************************************
 DATASETS  * FILE   NREC   LENGTH (MB)   RECORD NAMES
              1      22      860.52       500      610      700      701      900      950      970     1001      129      960   
                                          VAR    BASINP    GEOM     GEOM    SYMINP    ZMAT    AOBASIS   BASIS     P2S    ABASIS    
                                         1100     1400     1410     1200     1210     1080     1600     1650     1300     1700   
                                           S        T        V       H0       H01     AOSYM     SMH    MOLCAS    ERIS     OPER   
                                         1380    55555   
                                         JKOP     CCSD   

              2      12        3.69       700     1000      520     2100      200     2101     8500     9001      701     1001   
                                         GEOM     BASIS   MCVARS     RHF    OPTIONS    RHF     CPHF    DEN_MP2   GEOM     BASIS   
                                         2102     9001(1)
                                          RHF    DEN_MP2    

 PROGRAMS   *        TOTAL      CCSD    HF-SCF       INT      CCSD    HF-SCF      CCSD    HF-SCF      CCSD    HF-SCF      CCSD
 CPU TIMES  *     33265.39    746.90    102.12     21.22    328.23     18.30    763.02     86.09    814.00     96.78    787.94
 REAL TIME  *      4809.68 SEC
 DISK USED  *         2.31 GB
 **********************************************************************************************************************************

 Inactive variables:    AHH2

 Active variables:      RCO ROH ACOH RCH1 AOCH1 AHH1
                        RCH2 AOCH2 RCH3 AOCH3 AHH3

 Geometry written to block  1 of record 701

 XYZ inputs for each point on the optimization path will be saved in files ch3oh_maxima_mp2_xx.xyz

 Making model hessian for Z-matrix coordinates

 Entering Rational Function Geometry Optimization

 ITER.   ENERGY(OLD)    ENERGY(NEW)      DE          GRADMAX     GRADNORM    GRADRMS     STEPMAX     STEPLEN     STEPRMS   CPU-time
   1  -115.54604295  -115.54621076    -0.00016781  0.00416648  0.00651332  0.00196384  0.03490659  0.04945329  0.00449575   2008.08
   2  -115.54621076  -115.54621641    -0.00000565  0.00072921  0.00111722  0.00033686  0.00818148  0.01135253  0.00103205   3140.35
   3  -115.54621641  -115.54621656    -0.00000015  0.00021537  0.00031320  0.00009443  0.00048314  0.00080373  0.00007307   4243.07

 END OF GEOMETRY OPTIMIZATION.

 Optimized variables
 RCO=                 1.42040036 ANGSTROM
 ROH=                 0.95749032 ANGSTROM
 ACOH=              108.41394571 DEGREE
 RCH1=                1.09282370 ANGSTROM
 AOCH1=             111.68373208 DEGREE
 AHH1=               78.27479591 DEGREE
 RCH2=                1.08807985 ANGSTROM
 AOCH2=             107.08155214 DEGREE
 RCH3=                1.09275946 ANGSTROM
 AOCH3=             111.86508106 DEGREE
 AHH3=              315.75785246 DEGREE

 **********************************************************************************************************************************

 Geometry written to block  1 of record 701

 Recomputing wavefunction for reoriented structure

 Current geometry (xyz format, in Angstrom)


 Dump information in style XYZ to ch3oh_maxima_mp2.xyz                                                            

    6
 CCSD/AUG-CC-PVTZ  ENERGY=-115.54621656
 C          0.0010213267        0.0128448445       -0.7282539684
 O          0.0007534091       -0.0642822118        0.6900508436
 H         -0.0015313293        0.8264178247        1.0413853545
 H          0.9948914485        0.2432556555       -1.1199128380
 H         -0.3092437677       -0.9610409165       -1.1013489444
 H         -0.7082460114        0.7586783794       -1.0953989382

 **********************************************************************************************************************************


 **********************************************************************************************************************************
 DATASETS  * FILE   NREC   LENGTH (MB)   RECORD NAMES
              1      22      859.80       500      610      700      701      900      950      970     1001      129      960   
                                          VAR    BASINP    GEOM     GEOM    SYMINP    ZMAT    AOBASIS   BASIS     P2S    ABASIS    
                                         1100     1400     1410     1200     1210     1080     1600     1650     1300     1700   
                                           S        T        V       H0       H01     AOSYM     SMH    MOLCAS    ERIS     OPER   
                                         1380    55555   
                                         JKOP     CCSD   

              2      12        3.69       700     1000      520     2100      200     2101     8500     9001      701     1001   
                                         GEOM     BASIS   MCVARS     RHF    OPTIONS    RHF     CPHF    DEN_MP2   GEOM     BASIS   
                                         2102     9001(1)
                                          RHF    DEN_MP2    

 PROGRAMS   *        TOTAL      OPTG    HF-SCF      CCSD    HF-SCF      CCSD    HF-SCF      CCSD    HF-SCF      CCSD    HF-SCF
 CPU TIMES  *     37007.36    349.59     19.54    758.04     85.53    765.61     95.32    755.34    108.06    746.90    102.12
 REAL TIME  *      5367.66 SEC
 DISK USED  *         2.31 GB
 **********************************************************************************************************************************

 DO I                   =       200.00000000   
 SETTING AHH2           =       200.00000000                                  


 PROGRAM * OPT (Geometry optimization)     Authors: F. Eckert and H.-J. Werner


 BFGS update of hessian

 Geometry optimization using procedure=RUNCCSD

 Running procedure: RUNCCSD


 Recomputing integrals since geometry changed


 PROGRAM * SEWARD (Integral evaluation for generally contracted gaussian basis sets)     Author: Roland Lindh, 1990

 Geometry written to block  1 of record 701

 Orientation using atomic masses  
 Molecule type: Asymmetric top
 Rotational constants:      23.9770580     24.7705715    128.6751135 GHz  (calculated with average atomic masses)

 Point group  C1  



 ATOMIC COORDINATES

 NR  ATOM    CHARGE       X              Y              Z

   1  C       6.00    0.007085696    0.022436918   -1.376252153
   2  O       8.00    0.006940722   -0.120815521    1.304090144
   3  H       1.00   -0.090589034    1.560219794    1.966295982
   4  H1      1.00    1.860906851    0.558504998   -2.111623475
   5  H2      1.00   -0.559134635   -1.824780549   -2.079835310
   6  H3      1.00   -1.405791669    1.356437757   -2.075187657

 Bond lengths in Bohr (Angstrom)

 1-2  2.684167675  1-4  2.065137488  1-5  2.056172923  1-6  2.065016108  2-3  1.809394472
     ( 1.420400364)     ( 1.092823696)     ( 1.088079852)     ( 1.092759465)     ( 0.957490320)

 Bond angles

  1-2-3  108.41394571   2-1-4  111.68373208   2-1-5  107.08155214   2-1-6  111.86508106

  4-1-5  111.01127521   4-1-6  109.02459039   5-1-6  106.02900374

 NUCLEAR CHARGE:                   18
 NUMBER OF PRIMITIVE AOS:         242
 NUMBER OF SYMMETRY AOS:          216
 NUMBER OF CONTRACTIONS:          184   (  184A   )
 NUMBER OF INNER CORE ORBITALS:     0   (    0A   )
 NUMBER OF OUTER CORE ORBITALS:     2   (    2A   )
 NUMBER OF VALENCE ORBITALS:       12   (   12A   )


 NUCLEAR REPULSION ENERGY   40.34014691

 Eigenvalues of metric

         1 0.614E-04 0.746E-04 0.900E-04 0.204E-03 0.412E-03 0.481E-03 0.758E-03 0.780E-03


 Contracted 2-electron integrals neglected if value below      1.0D-11
 AO integral compression algorithm  1   Integral accuracy      1.0D-11

     709.886 MB (compressed) written to integral file ( 52.3%)


 NUMBER OF SORTED TWO-ELECTRON INTEGRALS:  144848710.     BUFFER LENGTH:  32768
 NUMBER OF SEGMENTS:  10  SEGMENT LENGTH:   15999503      RECORD LENGTH: 524288

 Memory used in sort:      16.56 MW

 SORT1 READ   169623812. AND WROTE   143545583. INTEGRALS IN    414 RECORDS. CPU TIME:     1.18 SEC, REAL TIME:     1.76 SEC
 SORT2 READ   143545583. AND WROTE   144848710. INTEGRALS IN   2708 RECORDS. CPU TIME:     1.26 SEC, REAL TIME:     1.69 SEC

 FILE SIZES:   FILE 1:   741.4 MBYTE,  FILE 4:  1736.5 MBYTE,   TOTAL:   2477.9 MBYTE

 OPERATOR DM      FOR CENTER  0  COORDINATES:    0.000000    0.000000    0.000000


 **********************************************************************************************************************************
 DATASETS  * FILE   NREC   LENGTH (MB)   RECORD NAMES
              1      20      623.89       500      610      700      701      900      950      970     1001      129      960   
                                          VAR    BASINP    GEOM     GEOM    SYMINP    ZMAT    AOBASIS   BASIS     P2S    ABASIS    
                                         1100     1400     1410     1200     1210     1080     1600     1650     1300     1700   
                                           S        T        V       H0       H01     AOSYM     SMH    MOLCAS    ERIS     OPER   

              2      12        3.69       700     1000      520     2100      200     2101     8500     9001      701     1001   
                                         GEOM     BASIS   MCVARS     RHF    OPTIONS    RHF     CPHF    DEN_MP2   GEOM     BASIS   
                                         2102     9001(1)
                                          RHF    DEN_MP2    

 PROGRAMS   *        TOTAL       INT      CCSD    HF-SCF      CCSD    HF-SCF      CCSD    HF-SCF      CCSD    HF-SCF      CCSD
 CPU TIMES  *     37028.69     21.31    349.59     19.54    758.04     85.53    765.61     95.32    755.34    108.06    746.90
 REAL TIME  *      5376.38 SEC
 DISK USED  *         2.31 GB
 **********************************************************************************************************************************


 Program * Restricted Hartree-Fock

 Molecular orbitals read from record     2102.2  Type=RHF/CANONICAL (state 1.1)

 Initial occupancy:   9

 NELEC=   18   SYM=1   MS2= 0   THRE=1.0D-09   THRD=1.0D-07   THRG=1.0D-07  HFMA2=F  DIIS_START=2   DIIS_MAX=10   DIIS_INCORE=F

 Level shifts:    0.00 (CLOSED)    0.00 (OPEN)    0.30 (GAP_MIN)

 ITER           ETOT              DE          GRAD        DDIFF     DIIS  NEXP   TIME(IT)  TIME(TOT)  DIAG
   1     -115.09057035    -115.09057035     0.00D+00     0.47D-01     0     0       9.18      9.19    start
   2     -115.09152690      -0.00095655     0.70D-03     0.76D-03     1     0       9.13     18.32    diag
   3     -115.09164282      -0.00011593     0.18D-03     0.20D-03     2     0       9.15     27.47    diag
   4     -115.09165158      -0.00000876     0.42D-04     0.60D-04     3     0       9.39     36.86    diag
   5     -115.09165194      -0.00000036     0.97D-05     0.12D-04     4     0       9.12     45.98    diag
   6     -115.09165200      -0.00000006     0.45D-05     0.43D-05     5     0       8.93     54.91    diag
   7     -115.09165200      -0.00000001     0.14D-05     0.17D-05     6     0       8.69     63.60    diag
   8     -115.09165201      -0.00000000     0.33D-06     0.52D-06     7     0       9.56     73.16    fixocc
   9     -115.09165201      -0.00000000     0.60D-07     0.97D-07     8     0       9.39     82.55    diag
  10     -115.09165201      -0.00000000     0.16D-07     0.22D-07     0     0       9.08     91.63    diag/orth

 Final occupancy:   9

 !RHF STATE 1.1 Energy               -115.091652005317
  RHF One-electron energy            -236.912674421107
  RHF Two-electron energy              81.480875506909
  RHF Kinetic energy                  114.923481297854
  RHF Nuclear energy                   40.340146908881
  RHF Virial quotient                  -1.001463327647

 !RHF STATE 1.1 Dipole moment          -0.04712453     0.59366563    -0.39221139
 Dipole moment /Debye                  -0.11977862     1.50894751    -0.99690192

 Orbital energies:

           1.1          2.1          3.1          4.1          5.1          6.1          7.1          8.1          9.1         10.1
    -20.558453   -11.271378    -1.358046    -0.926114    -0.691521    -0.622736    -0.592495    -0.502282    -0.452440     0.028440

          11.1
      0.043036


 HOMO      9.1    -0.452440 =     -12.3115eV
 LUMO     10.1     0.028440 =       0.7739eV
 LUMO-HOMO         0.480880 =      13.0854eV

 Orbitals saved in record  2102.2


 **********************************************************************************************************************************
 DATASETS  * FILE   NREC   LENGTH (MB)   RECORD NAMES
              1      20      623.89       500      610      700      701      900      950      970     1001      129      960   
                                          VAR    BASINP    GEOM     GEOM    SYMINP    ZMAT    AOBASIS   BASIS     P2S    ABASIS    
                                         1100     1400     1410     1200     1210     1080     1600     1650     1300     1700   
                                           S        T        V       H0       H01     AOSYM     SMH    MOLCAS    ERIS     OPER   

              2      12        3.69       700     1000      520     2100      200     2101     8500     9001      701     1001   
                                         GEOM     BASIS   MCVARS     RHF    OPTIONS    RHF     CPHF    DEN_MP2   GEOM     BASIS   
                                         2102     9001(1)
                                          RHF    DEN_MP2    

 PROGRAMS   *        TOTAL    HF-SCF       INT      CCSD    HF-SCF      CCSD    HF-SCF      CCSD    HF-SCF      CCSD    HF-SCF
 CPU TIMES  *     37120.36     91.67     21.31    349.59     19.54    758.04     85.53    765.61     95.32    755.34    108.06
 REAL TIME  *      5390.91 SEC
 DISK USED  *         2.31 GB
 **********************************************************************************************************************************


 PROGRAM * CCSD (Closed-shell coupled cluster)     Authors: C. Hampel, H.-J. Werner, 1991, M. Deegan, P.J. Knowles, 1992


 Convergence thresholds:  THRVAR = 1.00D-12  THRDEN = 1.00D-08

 Using ITF CCSD gradient implementation

 Number of core orbitals:           2 (   2 )
 Number of closed-shell orbitals:   7 (   7 )
 Number of external orbitals:     175 ( 175 )

 Molecular orbitals read from record     2102.2  Type=RHF/CANONICAL (state 1.1)

 Integral transformation finished. Total CPU:  21.84 sec, npass=  1  Memory used:  27.38 MW
  Reference energy                   -115.091652005317

  MP2 correlation energy               -0.436772388127
  MP2 total energy                   -115.528424393444

 ITER.      SQ.NORM     CORR.ENERGY   TOTAL ENERGY   ENERGY CHANGE        DEN1      VAR(S)    VAR(P)  DIIS     TIME
   1      1.12039965    -0.45322463  -115.54487664    -0.01645224    -0.00559230  1.69e-03  1.94e-03  1  1    23.12
   2      1.12839487    -0.45420975  -115.54586176    -0.00098512    -0.00936296  4.22e-05  2.70e-04  2  2    45.74
   3      1.13078082    -0.45432880  -115.54598081    -0.00011905    -0.00140755  4.45e-06  3.50e-05  3  3    67.59
   4      1.13203005    -0.45433164  -115.54598364    -0.00000283    -0.00092451  1.41e-07  3.38e-06  4  4    89.76
   5      1.13233277    -0.45431097  -115.54596297     0.00002067    -0.00019159  1.83e-08  3.20e-07  5  5   111.81
   6      1.13241212    -0.45430848  -115.54596048     0.00000249    -0.00004918  3.55e-10  1.45e-08  6  0   134.47
   7      1.13242032    -0.45430731  -115.54595932     0.00000117    -0.00000619  6.19e-11  1.05e-09  6  1   156.74
   8      1.13242052    -0.45430717  -115.54595918     0.00000014    -0.00000046  4.18e-12  1.05e-10  6  2   179.46
   9      1.13242044    -0.45430715  -115.54595916     0.00000002     0.00000001  1.71e-13  1.10e-11  6  3   202.58
  10      1.13242049    -0.45430715  -115.54595915     0.00000000    -0.00000004  2.90e-14  7.52e-13         223.76

 Norm of t1 vector:      0.05251811     S-energy:      0.00000001   T1 diagnostic:  0.00992499

 Time per iteration:                     22.38 sec

 RESULTS
 =======

  Reference energy                   -115.091652005317
  CCSD correlation energy              -0.454307147536
 !CCSD total energy                  -115.545959152854

 Starting CP-CCSD iterations.   Author: W. Gyorffy (2012)

 ITER.      NRM1           NRM2      VAR(S)+VAR(P)   DIIS    TIME
   1     0.00162851     0.38325092     5.25e-04      1  1   23.51
   2     0.00147728     0.37945075     3.81e-05      2  2   47.33
   3     0.00137270     0.37896860     4.72e-06      3  3   71.27
   4     0.00132271     0.37857716     8.97e-07      4  4   94.46
   5     0.00129503     0.37848280     9.26e-08      5  5  118.59
   6     0.00128465     0.37844932     9.37e-09      6  0  142.79
   7     0.00128187     0.37844539     1.11e-09      6  1  167.12
   8     0.00128115     0.37844412     1.44e-10      6  2  190.90
   9     0.00128101     0.37844400     1.93e-11      6  3  216.03
  10     0.00128098     0.37844395     2.50e-12      6  4  241.85
  11     0.00128098     0.37844393     2.94e-13            265.44


 Time per iteration:                     24.13 sec


 Starting Coupled-perturbed Hartree-Fock, convergence threshold= 1.0D-06

 ITER   MIC  DIIS      VAR         VARC       CPU
   1     0     1    0.47D-02    0.12D-02     9.33
   2     4     2    0.18D-03    0.52D-04    18.77
   3     4     3    0.45D-05    0.84D-06    28.53
   4     2     4    0.45D-06    0.40D-07    37.93

 CPHF convergence reached in  4 macroiterations and   10 microiterations.   Accuracy: 4.5489D-07

 CPHF solution written to record  8500.2

 Dipole moments (unrelaxed):           -0.04656136     0.55685657    -0.36677648
 Orbital relaxation contribution:       0.00008675     0.00425733    -0.00309086
 !CCSD STATE 1.1 Dipole moment         -0.04647461     0.56111390    -0.36986734
 Dipole moment /Debye                  -0.11812667     1.42620928    -0.94010901

 CPU-time for coupled-perturbed hartree-fock:         37.99 sec

 Number of N-1 electron functions:               7
 Number of N-2 electron functions:              28
 Number of singly external CSFs:              1225
 Number of doubly external CSFs:            750925
 Total number of CSFs:                      752151

 CCSD gradient info saved on record        55555.1




 **********************************************************************************************************************************
 DATASETS  * FILE   NREC   LENGTH (MB)   RECORD NAMES
              1      22      859.90       500      610      700      701      900      950      970     1001      129      960   
                                          VAR    BASINP    GEOM     GEOM    SYMINP    ZMAT    AOBASIS   BASIS     P2S    ABASIS    
                                         1100     1400     1410     1200     1210     1080     1600     1650     1300     1700   
                                           S        T        V       H0       H01     AOSYM     SMH    MOLCAS    ERIS     OPER   
                                         1380    55555   
                                         JKOP     CCSD   

              2      12        3.69       700     1000      520     2100      200     2101     8500     9001      701     1001   
                                         GEOM     BASIS   MCVARS     RHF    OPTIONS    RHF     CPHF    DEN_MP2   GEOM     BASIS   
                                         2102     9001(1)
                                          RHF    DEN_MP2    

 PROGRAMS   *        TOTAL      CCSD    HF-SCF       INT      CCSD    HF-SCF      CCSD    HF-SCF      CCSD    HF-SCF      CCSD
 CPU TIMES  *     37884.84    764.47     91.67     21.31    349.59     19.54    758.04     85.53    765.61     95.32    755.34
 REAL TIME  *      5496.13 SEC
 DISK USED  *         2.31 GB
 **********************************************************************************************************************************

 Inactive variables:    AHH2

 Active variables:      RCO ROH ACOH RCH1 AOCH1 AHH1
                        RCH2 AOCH2 RCH3 AOCH3 AHH3

 Geometry written to block  1 of record 701

 XYZ inputs for each point on the optimization path will be saved in files ch3oh_maxima_mp2_xx.xyz

 Making model hessian for Z-matrix coordinates

 Entering Rational Function Geometry Optimization

 ITER.   ENERGY(OLD)    ENERGY(NEW)      DE          GRADMAX     GRADNORM    GRADRMS     STEPMAX     STEPLEN     STEPRMS   CPU-time
   1  -115.54595915  -115.54612732    -0.00016817  0.00416604  0.00651523  0.00196442  0.03490659  0.04945489  0.00449590   2055.20
   2  -115.54612732  -115.54613318    -0.00000586  0.00075837  0.00113320  0.00034167  0.00844566  0.01160608  0.00105510   3215.16
   3  -115.54613318  -115.54613333    -0.00000015  0.00021654  0.00031517  0.00009503  0.00048495  0.00081335  0.00007394   4349.34

 END OF GEOMETRY OPTIMIZATION.

 Optimized variables
 RCO=                 1.42058938 ANGSTROM
 ROH=                 0.95737484 ANGSTROM
 ACOH=              108.43706043 DEGREE
 RCH1=                1.09275906 ANGSTROM
 AOCH1=             111.62794684 DEGREE
 AHH1=               80.69861852 DEGREE
 RCH2=                1.08816873 ANGSTROM
 AOCH2=             107.16509558 DEGREE
 RCH3=                1.09266861 ANGSTROM
 AOCH3=             111.86266189 DEGREE
 AHH3=              318.25177669 DEGREE

 **********************************************************************************************************************************

 Geometry written to block  1 of record 701

 Recomputing wavefunction for reoriented structure

 Current geometry (xyz format, in Angstrom)


 Dump information in style XYZ to ch3oh_maxima_mp2.xyz                                                            

    6
 CCSD/AUG-CC-PVTZ  ENERGY=-115.54613333
 C          0.0011176586        0.0127460295       -0.7283550370
 O          0.0007931252       -0.0643467838        0.6901409163
 H         -0.0012783797        0.8261155896        1.0417643655
 H          1.0033143279        0.2007409573       -1.1212699240
 H         -0.3522524685       -0.9461605619       -1.1021716871
 H         -0.6756914941        0.7888174510       -1.0938235047

 **********************************************************************************************************************************


 **********************************************************************************************************************************
 DATASETS  * FILE   NREC   LENGTH (MB)   RECORD NAMES
              1      22      860.02       500      610      700      701      900      950      970     1001      129      960   
                                          VAR    BASINP    GEOM     GEOM    SYMINP    ZMAT    AOBASIS   BASIS     P2S    ABASIS    
                                         1100     1400     1410     1200     1210     1080     1600     1650     1300     1700   
                                           S        T        V       H0       H01     AOSYM     SMH    MOLCAS    ERIS     OPER   
                                         1380    55555   
                                         JKOP     CCSD   

              2      12        3.69       700     1000      520     2100      200     2101     8500     9001      701     1001   
                                         GEOM     BASIS   MCVARS     RHF    OPTIONS    RHF     CPHF    DEN_MP2   GEOM     BASIS   
                                         2102     9001(1)
                                          RHF    DEN_MP2    

 PROGRAMS   *        TOTAL      OPTG    HF-SCF      CCSD    HF-SCF      CCSD    HF-SCF      CCSD    HF-SCF      CCSD    HF-SCF
 CPU TIMES  *     41721.78    346.43     18.61    771.00     87.08    782.02    100.36    782.91    112.55    764.47     91.67
 REAL TIME  *      6066.12 SEC
 DISK USED  *         2.31 GB
 **********************************************************************************************************************************

 DO I                   =       202.50000000   
 SETTING AHH2           =       202.50000000                                  


 PROGRAM * OPT (Geometry optimization)     Authors: F. Eckert and H.-J. Werner


 BFGS update of hessian

 Geometry optimization using procedure=RUNCCSD

 Running procedure: RUNCCSD


 Recomputing integrals since geometry changed


 PROGRAM * SEWARD (Integral evaluation for generally contracted gaussian basis sets)     Author: Roland Lindh, 1990

 Geometry written to block  1 of record 701

 Orientation using atomic masses  
 Molecule type: Asymmetric top
 Rotational constants:      23.9754679     24.7591373    128.6972720 GHz  (calculated with average atomic masses)

 Point group  C1  



 ATOMIC COORDINATES

 NR  ATOM    CHARGE       X              Y              Z

   1  C       6.00    0.007261123    0.021939358   -1.376451590
   2  O       8.00    0.006634621   -0.120894787    1.304270649
   3  H       1.00   -0.084816455    1.560118433    1.966803611
   4  H1      1.00    1.882639604    0.472449244   -2.114208171
   5  H2      1.00   -0.646830449   -1.795761851   -2.081195753
   6  H3      1.00   -1.342832796    1.420763508   -2.072238800

 Bond lengths in Bohr (Angstrom)

 1-2  2.684524857  1-4  2.065015345  1-5  2.056340878  1-6  2.064844409  2-3  1.809176242
     ( 1.420589377)     ( 1.092759061)     ( 1.088168730)     ( 1.092668605)     ( 0.957374838)

 Bond angles

  1-2-3  108.43706043   2-1-4  111.62794684   2-1-5  107.16509558   2-1-6  111.86266189

  4-1-5  111.05590112   4-1-6  109.00326595   5-1-6  105.98378001

 NUCLEAR CHARGE:                   18
 NUMBER OF PRIMITIVE AOS:         242
 NUMBER OF SYMMETRY AOS:          216
 NUMBER OF CONTRACTIONS:          184   (  184A   )
 NUMBER OF INNER CORE ORBITALS:     0   (    0A   )
 NUMBER OF OUTER CORE ORBITALS:     2   (    2A   )
 NUMBER OF VALENCE ORBITALS:       12   (   12A   )


 NUCLEAR REPULSION ENERGY   40.33758978

 Eigenvalues of metric

         1 0.615E-04 0.745E-04 0.903E-04 0.205E-03 0.412E-03 0.479E-03 0.758E-03 0.781E-03


 Contracted 2-electron integrals neglected if value below      1.0D-11
 AO integral compression algorithm  1   Integral accuracy      1.0D-11

     712.507 MB (compressed) written to integral file ( 52.5%)


 NUMBER OF SORTED TWO-ELECTRON INTEGRALS:  144848710.     BUFFER LENGTH:  32768
 NUMBER OF SEGMENTS:  10  SEGMENT LENGTH:   15999503      RECORD LENGTH: 524288

 Memory used in sort:      16.56 MW

 SORT1 READ   169623812. AND WROTE   143577105. INTEGRALS IN    414 RECORDS. CPU TIME:     1.15 SEC, REAL TIME:     1.76 SEC
 SORT2 READ   143577105. AND WROTE   144848710. INTEGRALS IN   2718 RECORDS. CPU TIME:     1.24 SEC, REAL TIME:     1.69 SEC

 FILE SIZES:   FILE 1:   744.1 MBYTE,  FILE 4:  1736.5 MBYTE,   TOTAL:   2480.5 MBYTE

 OPERATOR DM      FOR CENTER  0  COORDINATES:    0.000000    0.000000    0.000000


 **********************************************************************************************************************************
 DATASETS  * FILE   NREC   LENGTH (MB)   RECORD NAMES
              1      20      625.97       500      610      700      701      900      950      970     1001      129      960   
                                          VAR    BASINP    GEOM     GEOM    SYMINP    ZMAT    AOBASIS   BASIS     P2S    ABASIS    
                                         1100     1400     1410     1200     1210     1080     1600     1650     1300     1700   
                                           S        T        V       H0       H01     AOSYM     SMH    MOLCAS    ERIS     OPER   

              2      12        3.69       700     1000      520     2100      200     2101     8500     9001      701     1001   
                                         GEOM     BASIS   MCVARS     RHF    OPTIONS    RHF     CPHF    DEN_MP2   GEOM     BASIS   
                                         2102     9001(1)
                                          RHF    DEN_MP2    

 PROGRAMS   *        TOTAL       INT      CCSD    HF-SCF      CCSD    HF-SCF      CCSD    HF-SCF      CCSD    HF-SCF      CCSD
 CPU TIMES  *     41743.29     21.51    346.42     18.61    771.00     87.08    782.02    100.36    782.91    112.55    764.47
 REAL TIME  *      6074.87 SEC
 DISK USED  *         2.31 GB
 **********************************************************************************************************************************


 Program * Restricted Hartree-Fock

 Molecular orbitals read from record     2102.2  Type=RHF/CANONICAL (state 1.1)

 Initial occupancy:   9

 NELEC=   18   SYM=1   MS2= 0   THRE=1.0D-09   THRD=1.0D-07   THRG=1.0D-07  HFMA2=F  DIIS_START=2   DIIS_MAX=10   DIIS_INCORE=F

 Level shifts:    0.00 (CLOSED)    0.00 (OPEN)    0.30 (GAP_MIN)

 ITER           ETOT              DE          GRAD        DDIFF     DIIS  NEXP   TIME(IT)  TIME(TOT)  DIAG
   1     -115.09061931    -115.09061931     0.00D+00     0.47D-01     0     0       9.52      9.53    start
   2     -115.09144784      -0.00082853     0.66D-03     0.71D-03     1     0       9.47     19.00    diag
   3     -115.09154703      -0.00009919     0.17D-03     0.19D-03     2     0       8.86     27.86    diag
   4     -115.09155455      -0.00000752     0.39D-04     0.56D-04     3     0       9.43     37.29    diag
   5     -115.09155486      -0.00000031     0.87D-05     0.11D-04     4     0       9.32     46.61    diag
   6     -115.09155491      -0.00000004     0.40D-05     0.38D-05     5     0       9.17     55.78    diag
   7     -115.09155491      -0.00000001     0.13D-05     0.16D-05     6     0       8.67     64.45    diag
   8     -115.09155491      -0.00000000     0.30D-06     0.48D-06     7     0       9.12     73.57    fixocc
   9     -115.09155491      -0.00000000     0.53D-07     0.89D-07     8     0       9.37     82.94    diag
  10     -115.09155491      -0.00000000     0.14D-07     0.19D-07     0     0       9.01     91.95    diag/orth

 Final occupancy:   9

 !RHF STATE 1.1 Energy               -115.091554914023
  RHF One-electron energy            -236.907891090642
  RHF Two-electron energy              81.478746396240
  RHF Kinetic energy                  114.923431553254
  RHF Nuclear energy                   40.337589780378
  RHF Virial quotient                  -1.001462916296

 !RHF STATE 1.1 Dipole moment          -0.04587390     0.59527803    -0.39244798
 Dipole moment /Debye                  -0.11659982     1.51304584    -0.99750326

 Orbital energies:

           1.1          2.1          3.1          4.1          5.1          6.1          7.1          8.1          9.1         10.1
    -20.558364   -11.271392    -1.357959    -0.926130    -0.691515    -0.622884    -0.592403    -0.502051    -0.452503     0.028419

          11.1
      0.043040


 HOMO      9.1    -0.452503 =     -12.3132eV
 LUMO     10.1     0.028419 =       0.7733eV
 LUMO-HOMO         0.480922 =      13.0866eV

 Orbitals saved in record  2102.2


 **********************************************************************************************************************************
 DATASETS  * FILE   NREC   LENGTH (MB)   RECORD NAMES
              1      20      625.97       500      610      700      701      900      950      970     1001      129      960   
                                          VAR    BASINP    GEOM     GEOM    SYMINP    ZMAT    AOBASIS   BASIS     P2S    ABASIS    
                                         1100     1400     1410     1200     1210     1080     1600     1650     1300     1700   
                                           S        T        V       H0       H01     AOSYM     SMH    MOLCAS    ERIS     OPER   

              2      12        3.69       700     1000      520     2100      200     2101     8500     9001      701     1001   
                                         GEOM     BASIS   MCVARS     RHF    OPTIONS    RHF     CPHF    DEN_MP2   GEOM     BASIS   
                                         2102     9001(1)
                                          RHF    DEN_MP2    

 PROGRAMS   *        TOTAL    HF-SCF       INT      CCSD    HF-SCF      CCSD    HF-SCF      CCSD    HF-SCF      CCSD    HF-SCF
 CPU TIMES  *     41835.30     92.00     21.51    346.42     18.61    771.00     87.08    782.02    100.36    782.91    112.55
 REAL TIME  *      6089.43 SEC
 DISK USED  *         2.31 GB
 **********************************************************************************************************************************


 PROGRAM * CCSD (Closed-shell coupled cluster)     Authors: C. Hampel, H.-J. Werner, 1991, M. Deegan, P.J. Knowles, 1992


 Convergence thresholds:  THRVAR = 1.00D-12  THRDEN = 1.00D-08

 Using ITF CCSD gradient implementation

 Number of core orbitals:           2 (   2 )
 Number of closed-shell orbitals:   7 (   7 )
 Number of external orbitals:     175 ( 175 )

 Molecular orbitals read from record     2102.2  Type=RHF/CANONICAL (state 1.1)

 Integral transformation finished. Total CPU:  23.57 sec, npass=  1  Memory used:  27.38 MW
  Reference energy                   -115.091554914023

  MP2 correlation energy               -0.436777213787
  MP2 total energy                   -115.528332127810

 ITER.      SQ.NORM     CORR.ENERGY   TOTAL ENERGY   ENERGY CHANGE        DEN1      VAR(S)    VAR(P)  DIIS     TIME
   1      1.12040237    -0.45323062  -115.54478553    -0.01645340    -0.00559349  1.69e-03  1.94e-03  1  1    23.96
   2      1.12839886    -0.45421596  -115.54577088    -0.00098535    -0.00936287  4.22e-05  2.70e-04  2  2    46.74
   3      1.13078602    -0.45433502  -115.54588993    -0.00011905    -0.00140778  4.45e-06  3.50e-05  3  3    69.57
   4      1.13203590    -0.45433787  -115.54589278    -0.00000285    -0.00092457  1.42e-07  3.38e-06  4  4    92.95
   5      1.13233877    -0.45431720  -115.54587211     0.00002067    -0.00019158  1.83e-08  3.20e-07  5  5   114.99
   6      1.13241820    -0.45431471  -115.54586962     0.00000249    -0.00004919  3.57e-10  1.45e-08  6  0   137.30
   7      1.13242641    -0.45431354  -115.54586845     0.00000117    -0.00000620  6.20e-11  1.05e-09  6  1   161.09
   8      1.13242661    -0.45431340  -115.54586831     0.00000014    -0.00000046  4.19e-12  1.05e-10  6  2   183.13
   9      1.13242653    -0.45431338  -115.54586829     0.00000002     0.00000001  1.73e-13  1.10e-11  6  3   205.42
  10      1.13242659    -0.45431338  -115.54586829     0.00000000    -0.00000004  2.91e-14  7.53e-13         229.76

 Norm of t1 vector:      0.05254659     S-energy:      0.00000001   T1 diagnostic:  0.00993037

 Time per iteration:                     22.98 sec

 RESULTS
 =======

  Reference energy                   -115.091554914023
  CCSD correlation energy              -0.454313375020
 !CCSD total energy                  -115.545868289043

 Starting CP-CCSD iterations.   Author: W. Gyorffy (2012)

 ITER.      NRM1           NRM2      VAR(S)+VAR(P)   DIIS    TIME
   1     0.00163030     0.38326696     5.26e-04      1  1   25.17
   2     0.00147889     0.37946476     3.81e-05      2  2   49.83
   3     0.00137412     0.37898232     4.73e-06      3  3   74.40
   4     0.00132399     0.37859045     9.00e-07      4  4   99.33
   5     0.00129622     0.37849588     9.32e-08      5  5  123.84
   6     0.00128579     0.37846228     9.45e-09      6  0  149.76
   7     0.00128299     0.37845833     1.12e-09      6  1  179.06
   8     0.00128227     0.37845705     1.44e-10      6  2  206.16
   9     0.00128213     0.37845693     1.93e-11      6  3  232.47
  10     0.00128209     0.37845687     2.50e-12      6  4  257.83
  11     0.00128210     0.37845686     2.97e-13            283.06


 Time per iteration:                     25.73 sec


 Starting Coupled-perturbed Hartree-Fock, convergence threshold= 1.0D-06

 ITER   MIC  DIIS      VAR         VARC       CPU
   1     0     1    0.47D-02    0.12D-02     9.25
   2     4     2    0.18D-03    0.52D-04    18.21
   3     4     3    0.45D-05    0.84D-06    27.58
   4     2     4    0.45D-06    0.40D-07    36.40

 CPHF convergence reached in  4 macroiterations and   10 microiterations.   Accuracy: 4.5403D-07

 CPHF solution written to record  8500.2

 Dipole moments (unrelaxed):           -0.04553931     0.55856371    -0.36705221
 Orbital relaxation contribution:       0.00011612     0.00423814    -0.00308281
 !CCSD STATE 1.1 Dipole moment         -0.04542319     0.56280184    -0.37013502
 Dipole moment /Debye                  -0.11545422     1.43049960    -0.94078939

 CPU-time for coupled-perturbed hartree-fock:         36.66 sec

 Number of N-1 electron functions:               7
 Number of N-2 electron functions:              28
 Number of singly external CSFs:              1225
 Number of doubly external CSFs:            750925
 Total number of CSFs:                      752151

 CCSD gradient info saved on record        55555.1




 **********************************************************************************************************************************
 DATASETS  * FILE   NREC   LENGTH (MB)   RECORD NAMES
              1      22      861.97       500      610      700      701      900      950      970     1001      129      960   
                                          VAR    BASINP    GEOM     GEOM    SYMINP    ZMAT    AOBASIS   BASIS     P2S    ABASIS    
                                         1100     1400     1410     1200     1210     1080     1600     1650     1300     1700   
                                           S        T        V       H0       H01     AOSYM     SMH    MOLCAS    ERIS     OPER   
                                         1380    55555   
                                         JKOP     CCSD   

              2      12        3.69       700     1000      520     2100      200     2101     8500     9001      701     1001   
                                         GEOM     BASIS   MCVARS     RHF    OPTIONS    RHF     CPHF    DEN_MP2   GEOM     BASIS   
                                         2102     9001(1)
                                          RHF    DEN_MP2    

 PROGRAMS   *        TOTAL      CCSD    HF-SCF       INT      CCSD    HF-SCF      CCSD    HF-SCF      CCSD    HF-SCF      CCSD
 CPU TIMES  *     42627.01    791.71     92.00     21.51    346.42     18.61    771.00     87.08    782.02    100.36    782.91
 REAL TIME  *      6197.75 SEC
 DISK USED  *         2.31 GB
 **********************************************************************************************************************************

 Inactive variables:    AHH2

 Active variables:      RCO ROH ACOH RCH1 AOCH1 AHH1
                        RCH2 AOCH2 RCH3 AOCH3 AHH3

 Geometry written to block  1 of record 701

 XYZ inputs for each point on the optimization path will be saved in files ch3oh_maxima_mp2_xx.xyz

 Making model hessian for Z-matrix coordinates

 Entering Rational Function Geometry Optimization

 ITER.   ENERGY(OLD)    ENERGY(NEW)      DE          GRADMAX     GRADNORM    GRADRMS     STEPMAX     STEPLEN     STEPRMS   CPU-time
   1  -115.54586829  -115.54603686    -0.00016857  0.00416354  0.00651660  0.00196483  0.03490659  0.04945735  0.00449612   2097.70
   2  -115.54603686  -115.54604295    -0.00000610  0.00079395  0.00115009  0.00034676  0.00872953  0.01187587  0.00107962   3269.91
   3  -115.54604295  -115.54604311    -0.00000015  0.00021769  0.00031889  0.00009615  0.00048723  0.00083892  0.00007627   4426.09

 END OF GEOMETRY OPTIMIZATION.

 Optimized variables
 RCO=                 1.42079219 ANGSTROM
 ROH=                 0.95724951 ANGSTROM
 ACOH=              108.46198875 DEGREE
 RCH1=                1.09268521 ANGSTROM
 AOCH1=             111.56341603 DEGREE
 AHH1=               83.12908591 DEGREE
 RCH2=                1.08826955 ANGSTROM
 AOCH2=             107.25851925 DEGREE
 RCH3=                1.09257141 ANGSTROM
 AOCH3=             111.86129060 DEGREE
 AHH3=              320.76112861 DEGREE

 **********************************************************************************************************************************

 Geometry written to block  1 of record 701

 Recomputing wavefunction for reoriented structure

 Current geometry (xyz format, in Angstrom)


 Dump information in style XYZ to ch3oh_maxima_mp2.xyz                                                            

    6
 CCSD/AUG-CC-PVTZ  ENERGY=-115.54604311
 C          0.0011955208        0.0126416113       -0.7284632687
 O          0.0008098138       -0.0644166796        0.6902376614
 H         -0.0008758382        0.8257881589        1.0421739144
 H          1.0099996861        0.1575796434       -1.1225039888
 H         -0.3947325416       -0.9292891130       -1.1030805417
 H         -0.6414920626        0.8177885142       -1.0923360751

 **********************************************************************************************************************************


 **********************************************************************************************************************************
 DATASETS  * FILE   NREC   LENGTH (MB)   RECORD NAMES
              1      22      859.94       500      610      700      701      900      950      970     1001      129      960   
                                          VAR    BASINP    GEOM     GEOM    SYMINP    ZMAT    AOBASIS   BASIS     P2S    ABASIS    
                                         1100     1400     1410     1200     1210     1080     1600     1650     1300     1700   
                                           S        T        V       H0       H01     AOSYM     SMH    MOLCAS    ERIS     OPER   
                                         1380    55555   
                                         JKOP     CCSD   

              2      12        3.69       700     1000      520     2100      200     2101     8500     9001      701     1001   
                                         GEOM     BASIS   MCVARS     RHF    OPTIONS    RHF     CPHF    DEN_MP2   GEOM     BASIS   
                                         2102     9001(1)
                                          RHF    DEN_MP2    

 PROGRAMS   *        TOTAL      OPTG    HF-SCF      CCSD    HF-SCF      CCSD    HF-SCF      CCSD    HF-SCF      CCSD    HF-SCF
 CPU TIMES  *     46530.53    363.73     18.90    786.41     93.42    797.94     93.99    796.21    115.92    791.71     92.00
 REAL TIME  *      6774.92 SEC
 DISK USED  *         2.31 GB
 **********************************************************************************************************************************

 DO I                   =       205.00000000   
 SETTING AHH2           =       205.00000000                                  


 PROGRAM * OPT (Geometry optimization)     Authors: F. Eckert and H.-J. Werner


 BFGS update of hessian

 Geometry optimization using procedure=RUNCCSD

 Running procedure: RUNCCSD


 Recomputing integrals since geometry changed


 PROGRAM * SEWARD (Integral evaluation for generally contracted gaussian basis sets)     Author: Roland Lindh, 1990

 Geometry written to block  1 of record 701

 Orientation using atomic masses  
 Molecule type: Asymmetric top
 Rotational constants:      23.9730754     24.7475352    128.7214775 GHz  (calculated with average atomic masses)

 Point group  C1  



 ATOMIC COORDINATES

 NR  ATOM    CHARGE       X              Y              Z

   1  C       6.00    0.007397223    0.021428155   -1.376664482
   2  O       8.00    0.006221538   -0.120989776    1.304463527
   3  H       1.00   -0.077901539    1.560002794    1.967373066
   4  H1      1.00    1.900786688    0.383843639   -2.116558638
   5  H2      1.00   -0.734334224   -1.762006085   -2.082722692
   6  H3      1.00   -1.275455826    1.483328462   -2.069455575

 Bond lengths in Bohr (Angstrom)

 1-2  2.684908126  1-4  2.064875786  1-5  2.056531406  1-6  2.064660735  2-3  1.808939404
     ( 1.420792194)     ( 1.092685209)     ( 1.088269554)     ( 1.092571409)     ( 0.957249509)

 Bond angles

  1-2-3  108.46198875   2-1-4  111.56341603   2-1-5  107.25851925   2-1-6  111.86129060

  4-1-5  111.09425020   4-1-6  108.97937389   5-1-6  105.94599900

 NUCLEAR CHARGE:                   18
 NUMBER OF PRIMITIVE AOS:         242
 NUMBER OF SYMMETRY AOS:          216
 NUMBER OF CONTRACTIONS:          184   (  184A   )
 NUMBER OF INNER CORE ORBITALS:     0   (    0A   )
 NUMBER OF OUTER CORE ORBITALS:     2   (    2A   )
 NUMBER OF VALENCE ORBITALS:       12   (   12A   )


 NUCLEAR REPULSION ENERGY   40.33483768

 Eigenvalues of metric

         1 0.615E-04 0.745E-04 0.907E-04 0.205E-03 0.413E-03 0.477E-03 0.758E-03 0.782E-03


 Contracted 2-electron integrals neglected if value below      1.0D-11
 AO integral compression algorithm  1   Integral accuracy      1.0D-11

     713.556 MB (compressed) written to integral file ( 52.6%)


 NUMBER OF SORTED TWO-ELECTRON INTEGRALS:  144848710.     BUFFER LENGTH:  32768
 NUMBER OF SEGMENTS:  10  SEGMENT LENGTH:   15999503      RECORD LENGTH: 524288

 Memory used in sort:      16.56 MW

 SORT1 READ   169623812. AND WROTE   143586409. INTEGRALS IN    414 RECORDS. CPU TIME:     1.14 SEC, REAL TIME:     1.88 SEC
 SORT2 READ   143586409. AND WROTE   144848710. INTEGRALS IN   2722 RECORDS. CPU TIME:     1.23 SEC, REAL TIME:     1.71 SEC

 FILE SIZES:   FILE 1:   745.1 MBYTE,  FILE 4:  1736.5 MBYTE,   TOTAL:   2481.6 MBYTE

 OPERATOR DM      FOR CENTER  0  COORDINATES:    0.000000    0.000000    0.000000


 **********************************************************************************************************************************
 DATASETS  * FILE   NREC   LENGTH (MB)   RECORD NAMES
              1      20      626.77       500      610      700      701      900      950      970     1001      129      960   
                                          VAR    BASINP    GEOM     GEOM    SYMINP    ZMAT    AOBASIS   BASIS     P2S    ABASIS    
                                         1100     1400     1410     1200     1210     1080     1600     1650     1300     1700   
                                           S        T        V       H0       H01     AOSYM     SMH    MOLCAS    ERIS     OPER   

              2      12        3.69       700     1000      520     2100      200     2101     8500     9001      701     1001   
                                         GEOM     BASIS   MCVARS     RHF    OPTIONS    RHF     CPHF    DEN_MP2   GEOM     BASIS   
                                         2102     9001(1)
                                          RHF    DEN_MP2    

 PROGRAMS   *        TOTAL       INT      CCSD    HF-SCF      CCSD    HF-SCF      CCSD    HF-SCF      CCSD    HF-SCF      CCSD
 CPU TIMES  *     46552.15     21.62    363.73     18.90    786.41     93.42    797.94     93.99    796.21    115.92    791.71
 REAL TIME  *      6783.86 SEC
 DISK USED  *         2.31 GB
 **********************************************************************************************************************************


 Program * Restricted Hartree-Fock

 Molecular orbitals read from record     2102.2  Type=RHF/CANONICAL (state 1.1)

 Initial occupancy:   9

 NELEC=   18   SYM=1   MS2= 0   THRE=1.0D-09   THRD=1.0D-07   THRG=1.0D-07  HFMA2=F  DIIS_START=2   DIIS_MAX=10   DIIS_INCORE=F

 Level shifts:    0.00 (CLOSED)    0.00 (OPEN)    0.30 (GAP_MIN)

 ITER           ETOT              DE          GRAD        DDIFF     DIIS  NEXP   TIME(IT)  TIME(TOT)  DIAG
   1     -115.09067215    -115.09067215     0.00D+00     0.47D-01     0     0       9.76      9.76    start
   2     -115.09136424      -0.00069209     0.60D-03     0.66D-03     1     0       8.68     18.44    diag
   3     -115.09144569      -0.00008146     0.15D-03     0.17D-03     2     0       9.40     27.84    diag
   4     -115.09145191      -0.00000622     0.35D-04     0.50D-04     3     0       8.72     36.56    diag
   5     -115.09145218      -0.00000026     0.76D-05     0.11D-04     4     0       9.45     46.01    diag
   6     -115.09145221      -0.00000003     0.33D-05     0.32D-05     5     0       9.40     55.41    diag
   7     -115.09145221      -0.00000001     0.12D-05     0.14D-05     6     0       9.45     64.86    diag
   8     -115.09145221      -0.00000000     0.27D-06     0.43D-06     7     0       8.80     73.66    fixocc
   9     -115.09145221      -0.00000000     0.48D-07     0.81D-07     8     0       9.28     82.94    diag
  10     -115.09145221      -0.00000000     0.11D-07     0.16D-07     0     0       9.62     92.56    diag/orth

 Final occupancy:   9

 !RHF STATE 1.1 Energy               -115.091452211636
  RHF One-electron energy            -236.902736192597
  RHF Two-electron energy              81.476446297052
  RHF Kinetic energy                  114.923379380603
  RHF Nuclear energy                   40.334837683909
  RHF Virial quotient                  -1.001462477278

 !RHF STATE 1.1 Dipole moment          -0.04398991     0.59702946    -0.39268830
 Dipole moment /Debye                  -0.11181119     1.51749753    -0.99811411

 Orbital energies:

           1.1          2.1          3.1          4.1          5.1          6.1          7.1          8.1          9.1         10.1
    -20.558269   -11.271408    -1.357866    -0.926148    -0.691516    -0.623007    -0.592323    -0.501837    -0.452548     0.028396

          11.1
      0.043042


 HOMO      9.1    -0.452548 =     -12.3145eV
 LUMO     10.1     0.028396 =       0.7727eV
 LUMO-HOMO         0.480944 =      13.0872eV

 Orbitals saved in record  2102.2


 **********************************************************************************************************************************
 DATASETS  * FILE   NREC   LENGTH (MB)   RECORD NAMES
              1      20      626.77       500      610      700      701      900      950      970     1001      129      960   
                                          VAR    BASINP    GEOM     GEOM    SYMINP    ZMAT    AOBASIS   BASIS     P2S    ABASIS    
                                         1100     1400     1410     1200     1210     1080     1600     1650     1300     1700   
                                           S        T        V       H0       H01     AOSYM     SMH    MOLCAS    ERIS     OPER   

              2      12        3.69       700     1000      520     2100      200     2101     8500     9001      701     1001   
                                         GEOM     BASIS   MCVARS     RHF    OPTIONS    RHF     CPHF    DEN_MP2   GEOM     BASIS   
                                         2102     9001(1)
                                          RHF    DEN_MP2    

 PROGRAMS   *        TOTAL    HF-SCF       INT      CCSD    HF-SCF      CCSD    HF-SCF      CCSD    HF-SCF      CCSD    HF-SCF
 CPU TIMES  *     46644.75     92.59     21.62    363.73     18.90    786.41     93.42    797.94     93.99    796.21    115.92
 REAL TIME  *      6798.45 SEC
 DISK USED  *         2.31 GB
 **********************************************************************************************************************************


 PROGRAM * CCSD (Closed-shell coupled cluster)     Authors: C. Hampel, H.-J. Werner, 1991, M. Deegan, P.J. Knowles, 1992


 Convergence thresholds:  THRVAR = 1.00D-12  THRDEN = 1.00D-08

 Using ITF CCSD gradient implementation

 Number of core orbitals:           2 (   2 )
 Number of closed-shell orbitals:   7 (   7 )
 Number of external orbitals:     175 ( 175 )

 Molecular orbitals read from record     2102.2  Type=RHF/CANONICAL (state 1.1)

 Integral transformation finished. Total CPU:  22.43 sec, npass=  1  Memory used:  27.38 MW
  Reference energy                   -115.091452211637

  MP2 correlation energy               -0.436781958429
  MP2 total energy                   -115.528234170066

 ITER.      SQ.NORM     CORR.ENERGY   TOTAL ENERGY   ENERGY CHANGE        DEN1      VAR(S)    VAR(P)  DIIS     TIME
   1      1.12040510    -0.45323663  -115.54468884    -0.01645467    -0.00559479  1.69e-03  1.94e-03  1  1    23.89
   2      1.12840293    -0.45422221  -115.54567442    -0.00098558    -0.00936278  4.22e-05  2.70e-04  2  2    48.22
   3      1.13079139    -0.45434126  -115.54579348    -0.00011906    -0.00140803  4.46e-06  3.50e-05  3  3    71.32
   4      1.13204196    -0.45434413  -115.54579635    -0.00000287    -0.00092463  1.42e-07  3.38e-06  4  4    94.17
   5      1.13234498    -0.45432345  -115.54577567     0.00002068    -0.00019157  1.84e-08  3.20e-07  5  5   117.76
   6      1.13242449    -0.45432097  -115.54577318     0.00000249    -0.00004920  3.60e-10  1.45e-08  6  0   141.56
   7      1.13243272    -0.45431980  -115.54577201     0.00000117    -0.00000620  6.22e-11  1.05e-09  6  1   165.54
   8      1.13243293    -0.45431966  -115.54577187     0.00000014    -0.00000046  4.21e-12  1.05e-10  6  2   189.28
   9      1.13243285    -0.45431964  -115.54577185     0.00000002     0.00000001  1.75e-13  1.11e-11  6  3   212.51
  10      1.13243290    -0.45431964  -115.54577185     0.00000000    -0.00000004  2.91e-14  7.55e-13         235.71

 Norm of t1 vector:      0.05257717     S-energy:      0.00000000   T1 diagnostic:  0.00993615

 Time per iteration:                     23.57 sec

 RESULTS
 =======

  Reference energy                   -115.091452211637
  CCSD correlation energy              -0.454319635407
 !CCSD total energy                  -115.545771847044

 Starting CP-CCSD iterations.   Author: W. Gyorffy (2012)

 ITER.      NRM1           NRM2      VAR(S)+VAR(P)   DIIS    TIME
   1     0.00163223     0.38328348     5.26e-04      1  1   24.90
   2     0.00148062     0.37947908     3.82e-05      2  2   50.53
   3     0.00137564     0.37899634     4.74e-06      3  3   75.57
   4     0.00132537     0.37860400     9.03e-07      4  4  100.28
   5     0.00129750     0.37850921     9.39e-08      5  5  125.34
   6     0.00128701     0.37847548     9.54e-09      6  0  150.81
   7     0.00128419     0.37847150     1.13e-09      6  1  175.81
   8     0.00128346     0.37847021     1.45e-10      6  2  202.93
   9     0.00128332     0.37847008     1.93e-11      6  3  230.45
  10     0.00128329     0.37847003     2.50e-12      6  4  260.76
  11     0.00128329     0.37847002     2.99e-13            285.99


 Time per iteration:                     26.00 sec


 Starting Coupled-perturbed Hartree-Fock, convergence threshold= 1.0D-06

 ITER   MIC  DIIS      VAR         VARC       CPU
   1     0     1    0.47D-02    0.12D-02     9.39
   2     4     2    0.18D-03    0.52D-04    18.81
   3     4     3    0.45D-05    0.84D-06    28.18
   4     2     4    0.45D-06    0.39D-07    37.42

 CPHF convergence reached in  4 macroiterations and   10 microiterations.   Accuracy: 4.5310D-07

 CPHF solution written to record  8500.2

 Dipole moments (unrelaxed):           -0.04388877     0.56041739    -0.36733481
 Orbital relaxation contribution:       0.00014487     0.00421780    -0.00307412
 !CCSD STATE 1.1 Dipole moment         -0.04374390     0.56463519    -0.37040893
 Dipole moment /Debye                  -0.11118589     1.43515951    -0.94148559

 CPU-time for coupled-perturbed hartree-fock:         37.48 sec

 Number of N-1 electron functions:               7
 Number of N-2 electron functions:              28
 Number of singly external CSFs:              1225
 Number of doubly external CSFs:            750925
 Total number of CSFs:                      752151

 CCSD gradient info saved on record        55555.1




 **********************************************************************************************************************************
 DATASETS  * FILE   NREC   LENGTH (MB)   RECORD NAMES
              1      22      862.77       500      610      700      701      900      950      970     1001      129      960   
                                          VAR    BASINP    GEOM     GEOM    SYMINP    ZMAT    AOBASIS   BASIS     P2S    ABASIS    
                                         1100     1400     1410     1200     1210     1080     1600     1650     1300     1700   
                                           S        T        V       H0       H01     AOSYM     SMH    MOLCAS    ERIS     OPER   
                                         1380    55555   
                                         JKOP     CCSD   

              2      12        3.69       700     1000      520     2100      200     2101     8500     9001      701     1001   
                                         GEOM     BASIS   MCVARS     RHF    OPTIONS    RHF     CPHF    DEN_MP2   GEOM     BASIS   
                                         2102     9001(1)
                                          RHF    DEN_MP2    

 PROGRAMS   *        TOTAL      CCSD    HF-SCF       INT      CCSD    HF-SCF      CCSD    HF-SCF      CCSD    HF-SCF      CCSD
 CPU TIMES  *     47448.94    804.17     92.59     21.62    363.73     18.90    786.41     93.42    797.94     93.99    796.21
 REAL TIME  *      6908.48 SEC
 DISK USED  *         2.31 GB
 **********************************************************************************************************************************
