
 Working directory              : /tmp/asmola/molpro.bEirw3lmz8/
 Global scratch directory       : /tmp/asmola/molpro.bEirw3lmz8/
 Wavefunction directory         : /home/asmola/wfu/
 Main file repository           : /tmp/asmola/molpro.bEirw3lmz8/

 id        : uclcc

 Nodes                        nprocs
 vincent.theory.phys.ucl.ac.uk    1
 GA implementation: MPI file
 GA implementation (serial work in mppx): MPI file

 Using customized tuning parameters: mindgm=1; mindgv=20; mindgc=4; mindgr=1; noblas=0; minvec=7
 default implementation of scratch files=df  


 Variables initialized (1015), CPU time= 0.01 sec
 ***,Methanol Ground State Energy with CCSD and aug-cc-pVTZ
  memory,500,m;
 
  geometry={angstrom
  c
  o , 1, rco
  h , 2, roh, 1, acoh
  h1, 1, rch1, 2, aoch1  3  ahh1
  h2, 1, rch2, 2, aoch2, 3, ahh2
  h3, 1, rch3, 2, aoch3, 3, ahh3
  }
 
 rco=     1.50000000
 roh=     1.00000000
 rch1=    1.50000000
 rch2=    1.50000000
 rch3=    1.50000000
 acoh=  110.00000000
 aoch1= 115.00000000
 aoch2= 115.00000000
 aoch3= 115.00000000
 ahh1= -120.00000000
 ahh2=    0.00000000
 ahh3=  120.00000000
 
 
 basis=aug-cc-pVTZ
 
 hf
 ccsd
 runccsd = {hf;ccsd}
 
 {OPTG,procedure=runccsd,savexyz=CH3OH_maxima_mp2.xyz
 active,rco,roh,rch1,rch2,rch3,acoh,aoch1,aoch2,aoch3,ahh1,ahh3;
 END}
 
 xxx = "mmm"
 tau = (ahh1 + ahh2 + ahh3)/3
 table,xxx,rco,roh,rch1,rch2,rch3,acoh,aoch1,aoch2,aoch3,ahh1,ahh2,ahh3,tau
 DIGITS, 0, 8, 8, 8, 8, 8, 8, 8, 8, 8,  8,  8,  8, 8
 
 
  do i = -117.5, 240, 2.5
      rco=     1.50000000
      roh=     1.00000000
      rch1=    1.50000000
      rch2=    1.50000001
      rch3=    1.50000002
      acoh=  110.00000000
      aoch1= 115.00000000
      aoch2= 115.00000001
      aoch3= 115.00000002
      ahh1 = i
      ahh2 = i + 120
      ahh3 = i + 240
 
      geometry={angstrom
      c
      o , 1, rco
      h , 2, roh, 1, acoh
      h1, 1, rch1, 2, aoch1  3  ahh1
      h2, 1, rch2, 2, aoch2, 3, ahh2
      h3, 1, rch3, 2, aoch3, 3, ahh3
      }
 
      {OPTG,procedure=runccsd,savexyz=CH3OH_maxima_mp2.xyz
      active,rco,roh,rch1,rch2,rch3,acoh,aoch1,aoch2,aoch3,ahh1,ahh3;
      END}
 
      xxx = "mmm"
      tau = (ahh1 + ahh2 + ahh3)/3
      table,xxx,rco,roh,rch1,rch2,rch3,acoh,aoch1,aoch2,aoch3,ahh1,ahh2,ahh3,tau
      DIGITS, 0, 8, 8, 8, 8, 8, 8, 8, 8, 8,  8,  8,  8, 8
 
  enddo
 Commands initialized (818), CPU time= 0.01 sec, 672 directives.
 Default parameters read. Elapsed time= 0.05 sec

 Checking input...
 Passed
1


                                         ***  PROGRAM SYSTEM MOLPRO  ***
                                       Copyright, TTI GmbH Stuttgart, 2015
                                    Version 2022.1 linked Mar  3 2022 23:20:00


 **********************************************************************************************************************************
 LABEL *   Methanol Ground State Energy with CCSD and aug-cc-pVTZ                        
  (8 PROC) 64 bit serial version                                                         DATE: 26-Feb-25          TIME: 10:56:45  
 **********************************************************************************************************************************

 SHA1:             31073afc4d8441e10870424e0d77336a33bc4286
 **********************************************************************************************************************************

 Memory per process:       500 MW
 Total memory per node:    500 MW

 GA preallocation disabled
 GA check disabled

 Variable memory set to 500.0 MW

 SETTING RCO            =         1.50000000                                  
 SETTING ROH            =         1.00000000                                  
 SETTING RCH1           =         1.50000000                                  
 SETTING RCH2           =         1.50000000                                  
 SETTING RCH3           =         1.50000000                                  
 SETTING ACOH           =       110.00000000                                  
 SETTING AOCH1          =       115.00000000                                  
 SETTING AOCH2          =       115.00000000                                  
 SETTING AOCH3          =       115.00000000                                  
 SETTING AHH1           =      -120.00000000                                  
 SETTING AHH2           =      0.0000000D+00                                  
 SETTING AHH3           =       120.00000000                                  
 SETTING BASIS          =    AUG-CC-PVTZ


 Recomputing integrals since basis changed


 Using spherical harmonics

 Library entry C      S aug-cc-pVTZ          selected for orbital group  1
 Library entry C      P aug-cc-pVTZ          selected for orbital group  1
 Library entry C      D aug-cc-pVTZ          selected for orbital group  1
 Library entry C      F aug-cc-pVTZ          selected for orbital group  1
 Library entry O      S aug-cc-pVTZ          selected for orbital group  2
 Library entry O      P aug-cc-pVTZ          selected for orbital group  2
 Library entry O      D aug-cc-pVTZ          selected for orbital group  2
 Library entry O      F aug-cc-pVTZ          selected for orbital group  2
 Library entry H      S aug-cc-pVTZ          selected for orbital group  3
 Library entry H      P aug-cc-pVTZ          selected for orbital group  3
 Library entry H      D aug-cc-pVTZ          selected for orbital group  3


 PROGRAM * SEWARD (Integral evaluation for generally contracted gaussian basis sets)     Author: Roland Lindh, 1990

 Geometry written to block  1 of record 700

 Orientation using atomic masses  
 Molecule type: Asymmetric top
 Symmetry elements: X
 Rotational constants:      19.1393770     19.7418884     79.0358276 GHz  (calculated with average atomic masses)

 Point group  Cs  



 ATOMIC COORDINATES

 NR  ATOM    CHARGE       X              Y              Z

   1  C       6.00    0.000000000    0.020571051   -1.412779029
   2  O       8.00    0.000000000   -0.132718372    1.417662316
   3  H       1.00    0.000000000    1.605492812    2.159070913
   4  H1      1.00   -2.224828142   -1.197271556   -2.678438930
   5  H3      1.00    2.224828142   -1.197271556   -2.678438930
   6  H2      1.00    0.000000000    2.650604992   -2.470047833

 Bond lengths in Bohr (Angstrom)

 1-2  2.834589187  2-3  1.889726125
     ( 1.500000000)     ( 1.000000000)

 Bond angles

  1-2-3  110.00000000

 NUCLEAR CHARGE:                   18
 NUMBER OF PRIMITIVE AOS:         242
 NUMBER OF SYMMETRY AOS:          216
 NUMBER OF CONTRACTIONS:          184   (  115A'  +   69A"  )
 NUMBER OF INNER CORE ORBITALS:     0   (    0A'  +    0A"  )
 NUMBER OF OUTER CORE ORBITALS:     2   (    2A'  +    0A"  )
 NUMBER OF VALENCE ORBITALS:       12   (    9A'  +    3A"  )


 NUCLEAR REPULSION ENERGY   35.28947290

 Eigenvalues of metric

         1 0.251E-03 0.308E-03 0.413E-03 0.611E-03 0.710E-03 0.208E-02 0.248E-02 0.334E-02
         2 0.502E-03 0.346E-02 0.528E-02 0.644E-02 0.981E-02 0.109E-01 0.130E-01 0.193E-01


 Contracted 2-electron integrals neglected if value below      1.0D-11
 AO integral compression algorithm  1   Integral accuracy      1.0D-11

     368.574 MB (compressed) written to integral file ( 51.6%)


 NUMBER OF SORTED TWO-ELECTRON INTEGRALS:   73489255.     BUFFER LENGTH:  32768
 NUMBER OF SEGMENTS:   5  SEGMENT LENGTH:   15997996      RECORD LENGTH: 524288

 Memory used in sort:      16.56 MW

 SORT1 READ    89369882. AND WROTE    72396730. INTEGRALS IN    210 RECORDS. CPU TIME:     1.09 SEC, REAL TIME:     1.44 SEC
 SORT2 READ    72396730. AND WROTE    73489255. INTEGRALS IN   1406 RECORDS. CPU TIME:     0.89 SEC, REAL TIME:     1.12 SEC

 FILE SIZES:   FILE 1:   399.5 MBYTE,  FILE 4:   880.8 MBYTE,   TOTAL:   1280.3 MBYTE

 OPERATOR DM      FOR CENTER  0  COORDINATES:    0.000000    0.000000    0.000000


 **********************************************************************************************************************************
 DATASETS  * FILE   NREC   LENGTH (MB)   RECORD NAMES
              1      19      326.74       500      610      700      900      950      970     1000      129      960     1100   
                                          VAR    BASINP    GEOM    SYMINP    ZMAT    AOBASIS   BASIS     P2S    ABASIS      S 
                                         1400     1410     1200     1210     1080     1600     1650     1300     1700   
                                           T        V       H0       H01     AOSYM     SMH    MOLCAS    ERIS     OPER   

 PROGRAMS   *        TOTAL       INT
 CPU TIMES  *        18.33     18.20
 REAL TIME  *         7.38 SEC
 DISK USED  *         1.19 GB
 **********************************************************************************************************************************


 Program * Restricted Hartree-Fock

 Orbital guess generated from atomic densities. Full valence occupancy:   11   3

 Initial occupancy:   7   2

 NELEC=   18   SYM=1   MS2= 0   THRE=1.0D-08   THRD=1.0D-06   THRG=1.0D-06  HFMA2=F  DIIS_START=2   DIIS_MAX=10   DIIS_INCORE=F

 Level shifts:    0.00 (CLOSED)    0.00 (OPEN)    0.30 (GAP_MIN)

 ITER           ETOT              DE          GRAD        DDIFF     DIIS  NEXP   TIME(IT)  TIME(TOT)  DIAG
   1     -114.85168298    -114.85168298     0.00D+00     0.54D-01     0     0       1.47      2.87    start
   2     -114.88174606      -0.03006307     0.72D-02     0.72D-02     1     0       1.58      4.45    diag
   3     -114.89555655      -0.01381049     0.46D-02     0.30D-02     2     0       1.59      6.04    diag
   4     -114.89628002      -0.00072347     0.73D-03     0.64D-03     3     0       1.38      7.42    diag
   5     -114.89635471      -0.00007468     0.19D-03     0.23D-03     4     0       1.92      9.34    diag
   6     -114.89636115      -0.00000644     0.56D-04     0.74D-04     5     0       1.76     11.10    diag
   7     -114.89636229      -0.00000114     0.26D-04     0.29D-04     6     0       1.66     12.76    diag
   8     -114.89636242      -0.00000013     0.68D-05     0.11D-04     7     0       1.81     14.57    fixocc
   9     -114.89636242      -0.00000001     0.13D-05     0.23D-05     8     0       1.59     16.16    diag
  10     -114.89636242      -0.00000000     0.26D-06     0.37D-06     9     0       1.71     17.87    diag/orth
  11     -114.89636242      -0.00000000     0.68D-07     0.65D-07     0     0       1.85     19.72    diag

 Final occupancy:   7   2

 !RHF STATE 1.1 Energy               -114.896362421249
  RHF One-electron energy            -226.720135679189
  RHF Two-electron energy              76.534300354877
  RHF Kinetic energy                  113.552977631985
  RHF Nuclear energy                   35.289472903064
  RHF Virial quotient                  -1.011830467305

 !RHF STATE 1.1 Dipole moment           0.00000000     0.60047210    -0.21271453
 Dipole moment /Debye                   0.00000000     1.52624785    -0.54066640

 Orbital energies:

           1.1          2.1          3.1          4.1          5.1          6.1          7.1          8.1          9.1
    -20.596400   -11.402328    -1.346706    -0.838902    -0.659813    -0.561221    -0.440406     0.024391     0.038329

           1.2          2.2          3.2          4.2
     -0.563665    -0.416328     0.052911     0.118883


 HOMO      2.2    -0.416328 =     -11.3288eV
 LUMO      8.1     0.024391 =       0.6637eV
 LUMO-HOMO         0.440718 =      11.9925eV

 Orbitals saved in record  2100.2


 **********************************************************************************************************************************
 DATASETS  * FILE   NREC   LENGTH (MB)   RECORD NAMES
              1      19      326.74       500      610      700      900      950      970     1000      129      960     1100   
                                          VAR    BASINP    GEOM    SYMINP    ZMAT    AOBASIS   BASIS     P2S    ABASIS      S 
                                         1400     1410     1200     1210     1080     1600     1650     1300     1700   
                                           T        V       H0       H01     AOSYM     SMH    MOLCAS    ERIS     OPER   

              2       4        0.71       700     1000      520     2100   
                                         GEOM     BASIS   MCVARS     RHF  

 PROGRAMS   *        TOTAL    HF-SCF       INT
 CPU TIMES  *        38.06     19.73     18.20
 REAL TIME  *        13.27 SEC
 DISK USED  *         1.19 GB
 **********************************************************************************************************************************


 PROGRAM * CCSD (Closed-shell coupled cluster)     Authors: C. Hampel, H.-J. Werner, 1991, M. Deegan, P.J. Knowles, 1992


 Convergence thresholds:  THRVAR = 1.00D-12  THRDEN = 1.00D-08

 Using ITF CCSD gradient implementation

 Number of core orbitals:           2 (   2   0 )
 Number of closed-shell orbitals:   7 (   5   2 )
 Number of external orbitals:     175 ( 108  67 )

 Molecular orbitals read from record     2100.2  Type=RHF/CANONICAL  

 Integral transformation finished. Total CPU:   8.89 sec, npass=  1  Memory used:   8.42 MW
  Reference energy                   -114.896362421249

  MP2 correlation energy               -0.461498512378
  MP2 total energy                   -115.357860933626

 ITER.      SQ.NORM     CORR.ENERGY   TOTAL ENERGY   ENERGY CHANGE        DEN1      VAR(S)    VAR(P)  DIIS     TIME
   1      1.16181785    -0.47914129  -115.37550371    -0.01764277    -0.00041221  3.44e-03  3.96e-03  1  1    10.02
   2      1.17922265    -0.48115230  -115.37751472    -0.00201101    -0.01441229  1.52e-04  8.88e-04  2  2    18.94
   3      1.18591260    -0.48198378  -115.37834620    -0.00083148    -0.00232376  1.86e-05  1.97e-04  3  3    27.75
   4      1.19116116    -0.48210363  -115.37846605    -0.00011985    -0.00239357  2.54e-06  3.18e-05  4  4    36.41
   5      1.19319879    -0.48209107  -115.37845349     0.00001255    -0.00073612  1.56e-07  3.71e-06  5  5    46.38
   6      1.19391806    -0.48207147  -115.37843389     0.00001960    -0.00024253  9.24e-09  2.96e-07  6  0    54.97
   7      1.19402574    -0.48206553  -115.37842795     0.00000594    -0.00003659  4.78e-09  4.38e-08  6  1    63.66
   8      1.19404286    -0.48206330  -115.37842572     0.00000223    -0.00000556  9.67e-11  7.10e-09  6  2    73.02
   9      1.19404753    -0.48206309  -115.37842551     0.00000022    -0.00000120  5.99e-11  9.96e-10  6  3    81.83
  10      1.19405062    -0.48206301  -115.37842543     0.00000007    -0.00000082  2.19e-12  8.11e-11  6  4    90.37
  11      1.19405070    -0.48206299  -115.37842541     0.00000002    -0.00000003  2.93e-13  1.12e-11  6  5    98.95
  12      1.19405042    -0.48206300  -115.37842542    -0.00000001     0.00000006  7.51e-14  1.64e-12  6  0   107.97
  13      1.19405014    -0.48206300  -115.37842542     0.00000000     0.00000007  6.36e-15  2.00e-13         116.56

 Norm of t1 vector:      0.07580228     S-energy:     -0.00000002   T1 diagnostic:  0.01432528

 Time per iteration:                      8.97 sec

 RESULTS
 =======

  Reference energy                   -114.896362421249
  CCSD correlation energy              -0.482063000493
 !CCSD total energy                  -115.378425421742

 Starting CP-CCSD iterations.   Author: W. Gyorffy (2012)

 ITER.      NRM1           NRM2      VAR(S)+VAR(P)   DIIS    TIME
   1     0.00316788     0.44871287     1.86e-03      1  1   10.06
   2     0.00290146     0.44083308     1.24e-04      2  2   19.29
   3     0.00270594     0.43996295     1.63e-05      3  3   28.77
   4     0.00261549     0.43908691     3.12e-06      4  4   38.37
   5     0.00255246     0.43885172     3.98e-07      5  5   48.19
   6     0.00252675     0.43876202     4.94e-08      6  0   57.73
   7     0.00251804     0.43875362     6.47e-09      6  1   67.38
   8     0.00251509     0.43875216     1.04e-09      6  2   77.21
   9     0.00251409     0.43875284     1.59e-10      6  3   87.11
  10     0.00251388     0.43875337     2.18e-11      6  4   96.14
  11     0.00251385     0.43875347     2.96e-12      6  5  105.22
  12     0.00251384     0.43875348     4.63e-13            114.52


 Time per iteration:                      9.54 sec

 CPHF start vector      0.2 not found

 Starting Coupled-perturbed Hartree-Fock, convergence threshold= 1.0D-06

 ITER   MIC  DIIS      VAR         VARC       CPU
   1     0     1    0.11D-01    0.16D-02     1.32
   2     4     2    0.40D-03    0.89D-04     2.74
   3     4     3    0.88D-05    0.13D-05     4.16
   4     3     4    0.36D-06    0.68D-07     5.56

 CPHF convergence reached in  4 macroiterations and   11 microiterations.   Accuracy: 3.6116D-07

 CPHF solution written to record  8500.2

 Dipole moments (unrelaxed):            0.00000000     0.56955346    -0.20147134
 Orbital relaxation contribution:      -0.00000000     0.00383258    -0.00020965
 !CCSD STATE 1.1 Dipole moment          0.00000000     0.57338604    -0.20168100
 Dipole moment /Debye                   0.00000000     1.45740195    -0.51262196

 CPU-time for coupled-perturbed hartree-fock:          5.56 sec

 Number of N-1 electron functions:               7
 Number of N-2 electron functions:              28
 Number of singly external CSFs:               674
 Number of doubly external CSFs:            379551
 Total number of CSFs:                      380226

 CCSD gradient info saved on record        55555.1




 **********************************************************************************************************************************
 DATASETS  * FILE   NREC   LENGTH (MB)   RECORD NAMES
              1      21      445.84       500      610      700      900      950      970     1000      129      960     1100   
                                          VAR    BASINP    GEOM    SYMINP    ZMAT    AOBASIS   BASIS     P2S    ABASIS      S 
                                         1400     1410     1200     1210     1080     1600     1650     1300     1700     1380   
                                           T        V       H0       H01     AOSYM     SMH    MOLCAS    ERIS     OPER     JKOP   
                                        55555   
                                         CCSD   

              2       5        1.32       700     1000      520     2100     8500   
                                         GEOM     BASIS   MCVARS     RHF     CPHF   

 PROGRAMS   *        TOTAL      CCSD    HF-SCF       INT
 CPU TIMES  *       357.28    319.21     19.73     18.20
 REAL TIME  *        66.31 SEC
 DISK USED  *         1.19 GB
 **********************************************************************************************************************************


 PROGRAM * OPT (Geometry optimization)     Authors: F. Eckert and H.-J. Werner


 BFGS update of hessian

 Geometry optimization using procedure=RUNCCSD

 Running procedure: RUNCCSD


 Program * Restricted Hartree-Fock

 Molecular orbitals read from record     2100.2  Type=RHF/CANONICAL  

 NELEC=   18   SYM=1   MS2= 0   THRE=1.0D-09   THRD=1.0D-06   THRG=1.0D-06  HFMA2=F  DIIS_START=2   DIIS_MAX=10   DIIS_INCORE=F

 Level shifts:    0.00 (CLOSED)    0.00 (OPEN)    0.30 (GAP_MIN)

 ITER           ETOT              DE          GRAD        DDIFF     DIIS  NEXP   TIME(IT)  TIME(TOT)  DIAG
   1     -114.89636242    -114.89636242     0.00D+00     0.56D-01     0     0       1.31      1.32    start
   2     -114.89636242      -0.00000000     0.32D-07     0.32D-07     1     0       1.30      2.62    diag

 Final occupancy:   7   2

 !RHF STATE 1.1 Energy               -114.896362421251
  RHF One-electron energy            -226.720134218150
  RHF Two-electron energy              76.534298893835
  RHF Kinetic energy                  113.552975551853
  RHF Nuclear energy                   35.289472903064
  RHF Virial quotient                  -1.011830485840

 !RHF STATE 1.1 Dipole moment           0.00000000     0.60047142    -0.21271380
 Dipole moment /Debye                   0.00000000     1.52624612    -0.54066456

 Orbital energies:

           1.1          2.1          3.1          4.1          5.1          6.1          7.1          8.1          9.1
    -20.596399   -11.402328    -1.346706    -0.838902    -0.659813    -0.561220    -0.440406     0.024391     0.038329

           1.2          2.2          3.2          4.2
     -0.563665    -0.416328     0.052911     0.118883


 HOMO      2.2    -0.416328 =     -11.3289eV
 LUMO      8.1     0.024391 =       0.6637eV
 LUMO-HOMO         0.440718 =      11.9926eV

 Orbitals saved in record  2100.2


 **********************************************************************************************************************************
 DATASETS  * FILE   NREC   LENGTH (MB)   RECORD NAMES
              1      21      445.84       500      610      700      900      950      970     1000      129      960     1100   
                                          VAR    BASINP    GEOM    SYMINP    ZMAT    AOBASIS   BASIS     P2S    ABASIS      S 
                                         1400     1410     1200     1210     1080     1600     1650     1300     1700     1380   
                                           T        V       H0       H01     AOSYM     SMH    MOLCAS    ERIS     OPER     JKOP   
                                        55555   
                                         CCSD   

              2       6        1.47       700     1000      520     2100     8500      200   
                                         GEOM     BASIS   MCVARS     RHF     CPHF    OPTIONS    

 PROGRAMS   *        TOTAL    HF-SCF      CCSD    HF-SCF       INT
 CPU TIMES  *       359.94      2.64    319.21     19.73     18.20
 REAL TIME  *        67.14 SEC
 DISK USED  *         1.19 GB
 **********************************************************************************************************************************


 PROGRAM * CCSD (Closed-shell coupled cluster)     Authors: C. Hampel, H.-J. Werner, 1991, M. Deegan, P.J. Knowles, 1992


 Convergence thresholds:  THRVAR = 1.00D-12  THRDEN = 1.00D-08

 Using ITF CCSD gradient implementation

 Number of core orbitals:           2 (   2   0 )
 Number of closed-shell orbitals:   7 (   5   2 )
 Number of external orbitals:     175 ( 108  67 )

 Molecular orbitals read from record     2100.2  Type=RHF/CANONICAL (state 1.1)

 Integral transformation finished. Total CPU:   8.78 sec, npass=  1  Memory used:   8.42 MW
  Reference energy                   -114.896362421251

  MP2 correlation energy               -0.461498528863
  MP2 total energy                   -115.357860950114

 ITER.      SQ.NORM     CORR.ENERGY   TOTAL ENERGY   ENERGY CHANGE        DEN1      VAR(S)    VAR(P)  DIIS     TIME
   1      1.16181780    -0.47914128  -115.37550370    -0.01764275    -0.00041219  3.44e-03  3.96e-03  1  1     8.99
   2      1.17922259    -0.48115229  -115.37751471    -0.00201100    -0.01441229  1.52e-04  8.88e-04  2  2    17.74
   3      1.18591253    -0.48198377  -115.37834619    -0.00083148    -0.00232376  1.86e-05  1.97e-04  3  3    26.21
   4      1.19116108    -0.48210362  -115.37846604    -0.00011985    -0.00239357  2.54e-06  3.18e-05  4  4    34.72
   5      1.19319871    -0.48209106  -115.37845349     0.00001255    -0.00073613  1.56e-07  3.71e-06  5  5    43.51
   6      1.19391798    -0.48207146  -115.37843388     0.00001960    -0.00024253  9.24e-09  2.96e-07  6  0    52.16
   7      1.19402565    -0.48206552  -115.37842794     0.00000594    -0.00003659  4.78e-09  4.38e-08  6  1    60.82
   8      1.19404278    -0.48206329  -115.37842572     0.00000223    -0.00000556  9.67e-11  7.10e-09  6  2    69.36
   9      1.19404745    -0.48206308  -115.37842550     0.00000022    -0.00000120  5.99e-11  9.96e-10  6  3    77.91
  10      1.19405054    -0.48206301  -115.37842543     0.00000007    -0.00000082  2.19e-12  8.11e-11  6  4    85.99
  11      1.19405062    -0.48206298  -115.37842541     0.00000002    -0.00000003  2.93e-13  1.12e-11  6  5    94.81
  12      1.19405034    -0.48206299  -115.37842542    -0.00000001     0.00000006  7.51e-14  1.64e-12  6  0   103.45
  13      1.19405006    -0.48206299  -115.37842541     0.00000000     0.00000007  6.36e-15  2.00e-13         117.26

 Norm of t1 vector:      0.07580175     S-energy:      0.00000001   T1 diagnostic:  0.01432518

 Time per iteration:                      9.03 sec

 RESULTS
 =======

  Reference energy                   -114.896362421251
  CCSD correlation energy              -0.482062993408
 !CCSD total energy                  -115.378425414659

 Starting CP-CCSD iterations.   Author: W. Gyorffy (2012)

 ITER.      NRM1           NRM2      VAR(S)+VAR(P)   DIIS    TIME
   1     0.00316784     0.44871283     1.86e-03      1  1    8.98
   2     0.00290142     0.44083306     1.24e-04      2  2   18.81
   3     0.00270591     0.43996293     1.63e-05      3  3   27.59
   4     0.00261546     0.43908690     3.12e-06      4  4   36.71
   5     0.00255243     0.43885171     3.98e-07      5  5   46.27
   6     0.00252672     0.43876201     4.94e-08      6  0   55.25
   7     0.00251801     0.43875360     6.47e-09      6  1   64.37
   8     0.00251506     0.43875214     1.04e-09      6  2   73.38
   9     0.00251406     0.43875283     1.59e-10      6  3   81.99
  10     0.00251385     0.43875336     2.18e-11      6  4   95.93
  11     0.00251382     0.43875346     2.96e-12      6  5  105.54
  12     0.00251381     0.43875346     4.63e-13            115.72


 Time per iteration:                      9.64 sec


 CPHF trial vector read from record  8500.2

 Starting Coupled-perturbed Hartree-Fock, convergence threshold= 1.0D-06

 ITER   MIC  DIIS      VAR         VARC       CPU
   1     0     1    0.25D-05    0.19D-07     1.43
   2     2     2    0.95D-07    0.13D-07     2.95

 CPHF convergence reached in  2 macroiterations and    2 microiterations.   Accuracy: 9.4546D-08

 CPHF solution written to record  8500.2

 Dipole moments (unrelaxed):            0.00000000     0.56955348    -0.20147135
 Orbital relaxation contribution:      -0.00000000     0.00383197    -0.00020900
 !CCSD STATE 1.1 Dipole moment          0.00000000     0.57338544    -0.20168036
 Dipole moment /Debye                   0.00000000     1.45740043    -0.51262033

 CPU-time for coupled-perturbed hartree-fock:          3.33 sec

 Number of N-1 electron functions:               7
 Number of N-2 electron functions:              28
 Number of singly external CSFs:               674
 Number of doubly external CSFs:            379551
 Total number of CSFs:                      380226

 CCSD gradient info saved on record        55555.1




 **********************************************************************************************************************************
 DATASETS  * FILE   NREC   LENGTH (MB)   RECORD NAMES
              1      21      445.84       500      610      700      900      950      970     1000      129      960     1100   
                                          VAR    BASINP    GEOM    SYMINP    ZMAT    AOBASIS   BASIS     P2S    ABASIS      S 
                                         1400     1410     1200     1210     1080     1600     1650     1300     1700     1380   
                                           T        V       H0       H01     AOSYM     SMH    MOLCAS    ERIS     OPER     JKOP   
                                        55555   
                                         CCSD   

              2       6        1.47       700     1000      520     2100     8500      200   
                                         GEOM     BASIS   MCVARS     RHF     CPHF    OPTIONS    

 PROGRAMS   *        TOTAL      CCSD      CCSD    HF-SCF       INT
 CPU TIMES  *       710.39    350.44    319.21     19.73     18.20
 REAL TIME  *       125.27 SEC
 DISK USED  *         1.19 GB
 **********************************************************************************************************************************

 Inactive variables:    AHH2

 Active variables:      RCO ROH ACOH RCH1 AOCH1 AHH1
                        RCH2 AOCH2 RCH3 AOCH3 AHH3

 Geometry written to block  1 of record 700

 XYZ inputs for each point on the optimization path will be saved in files ch3oh_maxima_mp2_xx.xyz

 *** Long output written to logfile /scratch/vol1/asmola/Methanol/MolPro/RunMolPro/CH3OH_MEP_AUG-PVTZ-FREEZE-AHH2-FullCycle-2.log ***


 Making model hessian for Z-matrix coordinates

 Entering Rational Function Geometry Optimization

 ITER.   ENERGY(OLD)    ENERGY(NEW)      DE          GRADMAX     GRADNORM    GRADRMS     STEPMAX     STEPLEN     STEPRMS   CPU-time
   1  -115.37842541  -115.42940595    -0.05098054  0.09337522  0.18420945  0.05554124  0.16487340  0.29605764  0.02691433    970.96
   2  -115.42940595  -115.47651773    -0.04711177  0.09109121  0.17033509  0.05135796  0.17109600  0.30000000  0.02727273   1489.66
   3  -115.47651773  -115.51567471    -0.03915699  0.08161968  0.14894977  0.04491004  0.17085594  0.30000000  0.02727273   2011.98
   4  -115.51567471  -115.54053096    -0.02485624  0.06263828  0.11160722  0.03365084  0.17239889  0.30000000  0.02727273   2487.14
   5  -115.54053096  -115.54410996    -0.00357901  0.02862267  0.05013256  0.01511554  0.13654566  0.23681576  0.02152871   3001.59
   6  -115.54410996  -115.54493267    -0.00082270  0.01429964  0.02530815  0.00763070  0.04478354  0.07728250  0.00702568   3462.84
   7  -115.54493267  -115.54495070    -0.00001803  0.00195489  0.00350994  0.00105829  0.00536150  0.00923313  0.00083938   3948.60
   8  -115.54495070  -115.54495206    -0.00000136  0.00085430  0.00092836  0.00027991  0.00166795  0.00239791  0.00021799   4474.65
   9  -115.54495206  -115.54495240    -0.00000034  0.00041569  0.00044402  0.00013388  0.00127936  0.00150332  0.00013667   4994.11
  10  -115.54495240  -115.54495242    -0.00000002  0.00004710  0.00008818  0.00002659  0.00012963  0.00025280  0.00002298   5549.00

 END OF GEOMETRY OPTIMIZATION.

 Optimized variables
 RCO=                 1.42335671 ANGSTROM
 ROH=                 0.95571670 ANGSTROM
 ACOH=              108.78968326 DEGREE
 RCH1=                1.09076706 ANGSTROM
 AOCH1=             109.48588078 DEGREE
 AHH1=             -120.37871262 DEGREE
 RCH2=                1.09105634 ANGSTROM
 AOCH2=             112.03667808 DEGREE
 RCH3=                1.09076706 ANGSTROM
 AOCH3=             109.48588078 DEGREE
 AHH3=              120.37871262 DEGREE

 **********************************************************************************************************************************

 Geometry written to block  1 of record 700

 Recomputing wavefunction for reoriented structure

 Current geometry (xyz format, in Angstrom)


 Dump information in style XYZ to ch3oh_maxima_mp2.xyz                                                            

    6
 CCSD/AUG-CC-PVTZ  ENERGY=-115.54495242
 C          0.0000000000        0.0121681967       -0.7298233432
 O          0.0000000000       -0.0652754157        0.6914249821
 H          0.0000000000        0.8214194422        1.0480293111
 H         -0.8871091598       -0.4872855357       -1.1214304077
 H          0.0000000000        1.0442912556       -1.0835547917
 H          0.8871091598       -0.4872855357       -1.1214304077

 **********************************************************************************************************************************


 **********************************************************************************************************************************
 DATASETS  * FILE   NREC   LENGTH (MB)   RECORD NAMES
              1      21      518.99       500      610      700      900      950      970     1000      129      960     1100   
                                          VAR    BASINP    GEOM    SYMINP    ZMAT    AOBASIS   BASIS     P2S    ABASIS      S 
                                         1400     1410     1200     1210     1080     1600     1650     1300     1700     1380   
                                           T        V       H0       H01     AOSYM     SMH    MOLCAS    ERIS     OPER     JKOP   
                                        55555   
                                         CCSD   

              2       7        1.76       700     1000      520     2100     8500      200     9001   
                                         GEOM     BASIS   MCVARS     RHF     CPHF    OPTIONS  DEN_MP2    

 PROGRAMS   *        TOTAL      OPTG      CCSD    HF-SCF       INT
 CPU TIMES  *      6235.05   5877.77    319.21     19.73     18.20
 REAL TIME  *      1150.73 SEC
 DISK USED  *         1.29 GB
 **********************************************************************************************************************************
 SETTING XXX            =    "MMM"
 SETTING TAU            =     -1.4210855D-14  DEGREE                          


 XXX       RCO          ROH          RCH1         RCH2         RCH3           ACOH           AOCH1          AOCH2          AOCH3           AHH1         AHH2           AHH3         TAU
 "MMM"   1.42335671   0.95571670   1.09076706   1.09105634   1.09076706   108.78968326   109.48588078   112.03667808   109.48588078   -120.37871262   0.00000000   120.37871262  -0.00000000
                                                  

 DO I                   =      -117.50000000   
 SETTING RCO            =         1.50000000                                  
 SETTING ROH            =         1.00000000                                  
 SETTING RCH1           =         1.50000000                                  
 SETTING RCH2           =         1.50000001                                  
 SETTING RCH3           =         1.50000002                                  
 SETTING ACOH           =       110.00000000                                  
 SETTING AOCH1          =       115.00000000                                  
 SETTING AOCH2          =       115.00000001                                  
 SETTING AOCH3          =       115.00000002                                  
 SETTING AHH1           =      -117.50000000                                  
 SETTING AHH2           =         2.50000000                                  
 SETTING AHH3           =       122.50000000                                  


 PROGRAM * OPT (Geometry optimization)     Authors: F. Eckert and H.-J. Werner


 BFGS update of hessian

 Geometry optimization using procedure=RUNCCSD

 Running procedure: RUNCCSD


 Recomputing integrals since geometry and symmetry changed


 Using spherical harmonics

 Library entry C      S aug-cc-pVTZ          selected for orbital group  1
 Library entry C      P aug-cc-pVTZ          selected for orbital group  1
 Library entry C      D aug-cc-pVTZ          selected for orbital group  1
 Library entry C      F aug-cc-pVTZ          selected for orbital group  1
 Library entry O      S aug-cc-pVTZ          selected for orbital group  2
 Library entry O      P aug-cc-pVTZ          selected for orbital group  2
 Library entry O      D aug-cc-pVTZ          selected for orbital group  2
 Library entry O      F aug-cc-pVTZ          selected for orbital group  2
 Library entry H      S aug-cc-pVTZ          selected for orbital group  3
 Library entry H      P aug-cc-pVTZ          selected for orbital group  3
 Library entry H      D aug-cc-pVTZ          selected for orbital group  3


 PROGRAM * SEWARD (Integral evaluation for generally contracted gaussian basis sets)     Author: Roland Lindh, 1990

 Geometry written to block  1 of record 701

 Orientation using atomic masses  
 Molecule type: Asymmetric top
 Rotational constants:      19.1393770     19.7418884     79.0358267 GHz  (calculated with average atomic masses)

 Point group  C1  



 ATOMIC COORDINATES

 NR  ATOM    CHARGE       X              Y              Z

   1  C       6.00   -0.000000003    0.020571051   -1.412779028
   2  O       8.00   -0.000000002   -0.132718372    1.417662317
   3  H       1.00    0.000000042    1.605492811    2.159070914
   4  H1      1.00   -2.278739958   -1.099147090   -2.673124759
   5  H2      1.00    0.112058714    2.648163457   -2.470180068
   6  H3      1.00    2.166681263   -1.292954485   -2.683620888

 Bond lengths in Bohr (Angstrom)

 1-2  2.834589187  2-3  1.889726125
     ( 1.500000000)     ( 1.000000000)

 Bond angles

  1-2-3  110.00000000

 NUCLEAR CHARGE:                   18
 NUMBER OF PRIMITIVE AOS:         242
 NUMBER OF SYMMETRY AOS:          216
 NUMBER OF CONTRACTIONS:          184   (  184A   )
 NUMBER OF INNER CORE ORBITALS:     0   (    0A   )
 NUMBER OF OUTER CORE ORBITALS:     2   (    2A   )
 NUMBER OF VALENCE ORBITALS:       12   (   12A   )

 SYMMETRY CHANGED: INITIALIZING OCCUPATION


 NUCLEAR REPULSION ENERGY   35.28946345


 Eigenvalues of metric

         1 0.251E-03 0.308E-03 0.413E-03 0.502E-03 0.611E-03 0.710E-03 0.208E-02 0.248E-02


 Contracted 2-electron integrals neglected if value below      1.0D-11
 AO integral compression algorithm  1   Integral accuracy      1.0D-11

     648.544 MB (compressed) written to integral file ( 47.8%)


 NUMBER OF SORTED TWO-ELECTRON INTEGRALS:  144848710.     BUFFER LENGTH:  32768
 NUMBER OF SEGMENTS:  10  SEGMENT LENGTH:   15999503      RECORD LENGTH: 524288

 Memory used in sort:      16.56 MW

 SORT1 READ   169623812. AND WROTE   136805200. INTEGRALS IN    397 RECORDS. CPU TIME:     1.19 SEC, REAL TIME:     1.76 SEC
 SORT2 READ   136805200. AND WROTE   144848710. INTEGRALS IN   2474 RECORDS. CPU TIME:     1.29 SEC, REAL TIME:     1.69 SEC

 FILE SIZES:   FILE 1:   680.1 MBYTE,  FILE 4:  1665.2 MBYTE,   TOTAL:   2345.3 MBYTE

 OPERATOR DM      FOR CENTER  0  COORDINATES:    0.000000    0.000000    0.000000


 **********************************************************************************************************************************
 DATASETS  * FILE   NREC   LENGTH (MB)   RECORD NAMES
              1      20      568.72       500      610      700      701      900      950      970     1001      129      960   
                                          VAR    BASINP    GEOM     GEOM    SYMINP    ZMAT    AOBASIS   BASIS     P2S    ABASIS    
                                         1100     1400     1410     1200     1210     1080     1600     1650     1300     1700   
                                           S        T        V       H0       H01     AOSYM     SMH    MOLCAS    ERIS     OPER   

              2       9        2.04       700     1000      520     2100     8500      200     9001      701     1001   
                                         GEOM     BASIS   MCVARS     RHF     CPHF    OPTIONS  DEN_MP2   GEOM     BASIS   

 PROGRAMS   *        TOTAL       INT      OPTG      CCSD    HF-SCF       INT
 CPU TIMES  *      6256.40     21.33   5877.77    319.21     19.73     18.20
 REAL TIME  *      1159.33 SEC
 DISK USED  *         2.19 GB
 **********************************************************************************************************************************


 Program * Restricted Hartree-Fock

 Orbital guess generated from atomic densities. Full valence occupancy:   14

 Initial occupancy:   9

 NELEC=   18   SYM=1   MS2= 0   THRE=1.0D-09   THRD=1.0D-07   THRG=1.0D-07  HFMA2=F  DIIS_START=2   DIIS_MAX=10   DIIS_INCORE=F

 Level shifts:    0.00 (CLOSED)    0.00 (OPEN)    0.30 (GAP_MIN)

 ITER           ETOT              DE          GRAD        DDIFF     DIIS  NEXP   TIME(IT)  TIME(TOT)  DIAG
   1     -114.85168829    -114.85168829     0.00D+00     0.40D-01     0     0      10.44     24.27    start
   2     -114.88175026      -0.03006197     0.54D-02     0.53D-02     1     0      11.76     36.03    diag
   3     -114.89556029      -0.01381003     0.35D-02     0.22D-02     2     0      11.47     47.50    diag
   4     -114.89628379      -0.00072350     0.55D-03     0.47D-03     3     0       9.18     56.68    diag
   5     -114.89635848      -0.00007468     0.15D-03     0.17D-03     4     0       9.81     66.49    diag
   6     -114.89636492      -0.00000644     0.42D-04     0.54D-04     5     0       8.53     75.02    diag
   7     -114.89636606      -0.00000114     0.20D-04     0.22D-04     6     0       9.45     84.47    diag
   8     -114.89636619      -0.00000013     0.51D-05     0.83D-05     7     0       8.60     93.07    fixocc
   9     -114.89636619      -0.00000001     0.10D-05     0.17D-05     8     0       8.54    101.61    diag
  10     -114.89636619      -0.00000000     0.19D-06     0.27D-06     9     0       8.63    110.24    diag/orth
  11     -114.89636619      -0.00000000     0.51D-07     0.71D-07     9     0       8.77    119.01    diag
  12     -114.89636619      -0.00000000     0.10D-07     0.91D-08     0     0       8.54    127.55    diag

 Final occupancy:   9

 !RHF STATE 1.1 Energy               -114.896366191688
  RHF One-electron energy            -226.720117435902
  RHF Two-electron energy              76.534287790585
  RHF Kinetic energy                  113.552967643413
  RHF Nuclear energy                   35.289463453629
  RHF Virial quotient                  -1.011830589514

 !RHF STATE 1.1 Dipole moment           0.00315263     0.60025248    -0.21274573
 Dipole moment /Debye                   0.00801317     1.52568962    -0.54074571

 Orbital energies:

           1.1          2.1          3.1          4.1          5.1          6.1          7.1          8.1          9.1         10.1
    -20.596402   -11.402328    -1.346706    -0.838902    -0.659809    -0.563669    -0.561221    -0.440406    -0.416329     0.024392

          11.1
      0.038328


 HOMO      9.1    -0.416329 =     -11.3289eV
 LUMO     10.1     0.024392 =       0.6637eV
 LUMO-HOMO         0.440721 =      11.9926eV

 Orbitals saved in record  2101.2


 **********************************************************************************************************************************
 DATASETS  * FILE   NREC   LENGTH (MB)   RECORD NAMES
              1      20      568.72       500      610      700      701      900      950      970     1001      129      960   
                                          VAR    BASINP    GEOM     GEOM    SYMINP    ZMAT    AOBASIS   BASIS     P2S    ABASIS    
                                         1100     1400     1410     1200     1210     1080     1600     1650     1300     1700   
                                           S        T        V       H0       H01     AOSYM     SMH    MOLCAS    ERIS     OPER   

              2      10        2.66       700     1000      520     2100     8500      200     9001      701     1001     2101   
                                         GEOM     BASIS   MCVARS     RHF     CPHF    OPTIONS  DEN_MP2   GEOM     BASIS     RHF  

 PROGRAMS   *        TOTAL    HF-SCF       INT      OPTG      CCSD    HF-SCF       INT
 CPU TIMES  *      6383.99    127.58     21.33   5877.77    319.21     19.73     18.20
 REAL TIME  *      1179.51 SEC
 DISK USED  *         2.19 GB
 **********************************************************************************************************************************


 PROGRAM * CCSD (Closed-shell coupled cluster)     Authors: C. Hampel, H.-J. Werner, 1991, M. Deegan, P.J. Knowles, 1992


 Convergence thresholds:  THRVAR = 1.00D-12  THRDEN = 1.00D-08

 Using ITF CCSD gradient implementation

 Number of core orbitals:           2 (   2 )
 Number of closed-shell orbitals:   7 (   7 )
 Number of external orbitals:     175 ( 175 )

 Molecular orbitals read from record     2101.2  Type=RHF/CANONICAL (state 1.1)

 Integral transformation finished. Total CPU:  17.43 sec, npass=  1  Memory used:  27.38 MW
  Reference energy                   -114.896366191688

  MP2 correlation energy               -0.461497785578
  MP2 total energy                   -115.357863977265

 ITER.      SQ.NORM     CORR.ENERGY   TOTAL ENERGY   ENERGY CHANGE        DEN1      VAR(S)    VAR(P)  DIIS     TIME
   1      1.16181734    -0.47914053  -115.37550672    -0.01764274    -0.00041223  3.44e-03  3.96e-03  1  1    25.29
   2      1.17922190    -0.48115149  -115.37751769    -0.00201097    -0.01441225  1.52e-04  8.88e-04  2  2    48.96
   3      1.18591163    -0.48198296  -115.37834916    -0.00083147    -0.00232373  1.86e-05  1.97e-04  3  3    82.12
   4      1.19115996    -0.48210281  -115.37846900    -0.00011985    -0.00239352  2.54e-06  3.18e-05  4  4   106.82
   5      1.19319752    -0.48209026  -115.37845645     0.00001255    -0.00073613  1.56e-07  3.71e-06  5  5   126.79
   6      1.19391679    -0.48207066  -115.37843685     0.00001960    -0.00024254  9.24e-09  2.96e-07  6  0   147.16
   7      1.19402448    -0.48206472  -115.37843091     0.00000594    -0.00003660  4.78e-09  4.38e-08  6  1   167.66
   8      1.19404161    -0.48206249  -115.37842868     0.00000223    -0.00000557  9.67e-11  7.10e-09  6  2   188.53
   9      1.19404628    -0.48206227  -115.37842846     0.00000022    -0.00000120  5.98e-11  9.95e-10  6  3   208.24
  10      1.19404936    -0.48206220  -115.37842839     0.00000007    -0.00000082  2.19e-12  8.11e-11  6  4   230.60
  11      1.19404944    -0.48206218  -115.37842837     0.00000002    -0.00000003  2.93e-13  1.12e-11  6  5   252.40
  12      1.19404916    -0.48206219  -115.37842838    -0.00000001     0.00000006  7.51e-14  1.64e-12  6  0   284.20
  13      1.19404888    -0.48206219  -115.37842838     0.00000000     0.00000007  6.36e-15  2.00e-13         313.66

 Norm of t1 vector:      0.07579868     S-energy:      0.00000000   T1 diagnostic:  0.01432460

 Time per iteration:                     24.13 sec

 RESULTS
 =======

  Reference energy                   -114.896366191688
  CCSD correlation energy              -0.482062187334
 !CCSD total energy                  -115.378428379021

 Starting CP-CCSD iterations.   Author: W. Gyorffy (2012)

 ITER.      NRM1           NRM2      VAR(S)+VAR(P)   DIIS    TIME
   1     0.00316752     0.44871101     1.86e-03      1  1   67.17
   2     0.00290113     0.44083144     1.24e-04      2  2  135.12
   3     0.00270565     0.43996136     1.63e-05      3  3  166.64
   4     0.00261523     0.43908538     3.12e-06      4  4  196.96
   5     0.00255222     0.43885022     3.98e-07      5  5  225.64
   6     0.00252651     0.43876054     4.94e-08      6  0  258.33
   7     0.00251781     0.43875215     6.47e-09      6  1  292.54
   8     0.00251486     0.43875069     1.04e-09      6  2  326.42
   9     0.00251386     0.43875138     1.59e-10      6  3  359.50
  10     0.00251365     0.43875191     2.18e-11      6  4  391.01
  11     0.00251362     0.43875201     2.96e-12      6  5  426.19
  12     0.00251361     0.43875202     4.63e-13            457.46


 Time per iteration:                     38.12 sec

 CPHF start vector      0.2 not found

 Starting Coupled-perturbed Hartree-Fock, convergence threshold= 1.0D-06

 ITER   MIC  DIIS      VAR         VARC       CPU
   1     0     1    0.11D-01    0.16D-02    10.34
   2     4     2    0.40D-03    0.89D-04    23.51
   3     4     3    0.88D-05    0.13D-05    37.52
   4     3     4    0.36D-06    0.68D-07    54.88

 CPHF convergence reached in  4 macroiterations and   11 microiterations.   Accuracy: 3.6112D-07

 CPHF solution written to record  8500.2

 Dipole moments (unrelaxed):            0.00350458     0.56931336    -0.20149935
 Orbital relaxation contribution:      -0.00009499     0.00383790    -0.00020852
 !CCSD STATE 1.1 Dipole moment          0.00340958     0.57315126    -0.20170786
 Dipole moment /Debye                   0.00866630     1.45680519    -0.51269025

 CPU-time for coupled-perturbed hartree-fock:         55.17 sec

 Number of N-1 electron functions:               7
 Number of N-2 electron functions:              28
 Number of singly external CSFs:              1225
 Number of doubly external CSFs:            750925
 Total number of CSFs:                      752151

 CCSD gradient info saved on record        55555.1




 **********************************************************************************************************************************
 DATASETS  * FILE   NREC   LENGTH (MB)   RECORD NAMES
              1      22      804.72       500      610      700      701      900      950      970     1001      129      960   
                                          VAR    BASINP    GEOM     GEOM    SYMINP    ZMAT    AOBASIS   BASIS     P2S    ABASIS    
                                         1100     1400     1410     1200     1210     1080     1600     1650     1300     1700   
                                           S        T        V       H0       H01     AOSYM     SMH    MOLCAS    ERIS     OPER   
                                         1380    55555   
                                         JKOP     CCSD   

              2      10        2.66       700     1000      520     2100     8500      200     9001      701     1001     2101   
                                         GEOM     BASIS   MCVARS     RHF     CPHF    OPTIONS  DEN_MP2   GEOM     BASIS     RHF  

 PROGRAMS   *        TOTAL      CCSD    HF-SCF       INT      OPTG      CCSD    HF-SCF       INT
 CPU TIMES  *      7488.86   1104.86    127.58     21.33   5877.77    319.21     19.73     18.20
 REAL TIME  *      1337.48 SEC
 DISK USED  *         2.19 GB
 **********************************************************************************************************************************

 Inactive variables:    AHH2

 Active variables:      RCO ROH ACOH RCH1 AOCH1 AHH1
                        RCH2 AOCH2 RCH3 AOCH3 AHH3

 Geometry written to block  1 of record 701

 XYZ inputs for each point on the optimization path will be saved in files ch3oh_maxima_mp2_xx.xyz

 Making model hessian for Z-matrix coordinates

 Entering Rational Function Geometry Optimization

 ITER.   ENERGY(OLD)    ENERGY(NEW)      DE          GRADMAX     GRADNORM    GRADRMS     STEPMAX     STEPLEN     STEPRMS   CPU-time
   1  -115.37842838  -115.42940851    -0.05098013  0.09355743  0.18421488  0.05554287  0.16518667  0.29604889  0.02691354   2584.21
   2  -115.42940851  -115.47652153    -0.04711302  0.09127847  0.17034034  0.05135954  0.17145264  0.30000000  0.02727273   3953.10
   3  -115.47652153  -115.51567931    -0.03915778  0.08177644  0.14895351  0.04491117  0.17117194  0.30000000  0.02727273   5299.62
   4  -115.51567931  -115.54053647    -0.02485716  0.06269604  0.11161032  0.03365178  0.17239759  0.30000000  0.02727273   6599.00
   5  -115.54053647  -115.54411623    -0.00357975  0.02862568  0.05013602  0.01511658  0.13656199  0.23683822  0.02153075   7806.25
   6  -115.54411623  -115.54493901    -0.00082279  0.01434976  0.02530992  0.00763123  0.04478360  0.07728578  0.00702598   8831.62
   7  -115.54493901  -115.54495706    -0.00001805  0.00195577  0.00351095  0.00105859  0.00536366  0.00923523  0.00083957   9841.05
   8  -115.54495706  -115.54495842    -0.00000136  0.00085481  0.00092912  0.00028014  0.00166908  0.00240016  0.00021820  10989.02
   9  -115.54495842  -115.54495876    -0.00000034  0.00041581  0.00044419  0.00013393  0.00127919  0.00150323  0.00013666  12433.86
  10  -115.54495876  -115.54495878    -0.00000002  0.00004710  0.00008829  0.00002662  0.00012998  0.00025326  0.00002302  13705.13

 END OF GEOMETRY OPTIMIZATION.

 Optimized variables
 RCO=                 1.42334183 ANGSTROM
 ROH=                 0.95572545 ANGSTROM
 ACOH=              108.78777500 DEGREE
 RCH1=                1.09098799 ANGSTROM
 AOCH1=             109.63496975 DEGREE
 AHH1=             -117.95514378 DEGREE
 RCH2=                1.09106252 ANGSTROM
 AOCH2=             112.03619113 DEGREE
 RCH3=                1.09054539 ANGSTROM
 AOCH3=             109.33529711 DEGREE
 AHH3=              122.80399477 DEGREE

 **********************************************************************************************************************************

 Geometry written to block  1 of record 701

 Recomputing wavefunction for reoriented structure

 Current geometry (xyz format, in Angstrom)


 Dump information in style XYZ to ch3oh_maxima_mp2.xyz                                                            

    6
 CCSD/AUG-CC-PVTZ  ENERGY=-115.54495878
 C          0.0000214590        0.0121685667       -0.7298155768
 O         -0.0001444714       -0.0652704754        0.6914180858
 H          0.0004622688        0.8214450825        1.0479938591
 H         -0.9079277091       -0.4482179150       -1.1221513974
 H          0.0449015694        1.0433065560       -1.0835918561
 H          0.8646014052       -0.5254769253       -1.1206199811

 **********************************************************************************************************************************


 **********************************************************************************************************************************
 DATASETS  * FILE   NREC   LENGTH (MB)   RECORD NAMES
              1      22      952.62       500      610      700      701      900      950      970     1001      129      960   
                                          VAR    BASINP    GEOM     GEOM    SYMINP    ZMAT    AOBASIS   BASIS     P2S    ABASIS    
                                         1100     1400     1410     1200     1210     1080     1600     1650     1300     1700   
                                           S        T        V       H0       H01     AOSYM     SMH    MOLCAS    ERIS     OPER   
                                         1380    55555   
                                         JKOP     CCSD   

              2      11        3.11       700     1000      520     2100     8500      200     9001      701     1001     2101   
                                         GEOM     BASIS   MCVARS     RHF     CPHF    OPTIONS  DEN_MP2   GEOM     BASIS     RHF  
                                         9001(1)
                                        DEN_MP2    

 PROGRAMS   *        TOTAL      OPTG    HF-SCF      CCSD    HF-SCF      CCSD    HF-SCF      CCSD    HF-SCF      CCSD    HF-SCF
 CPU TIMES  *     20864.86    897.54     27.11    861.77     98.81    988.56    111.74    827.02     79.42    667.72    101.80
 REAL TIME  *      3407.16 SEC
 DISK USED  *         2.42 GB
 **********************************************************************************************************************************
 SETTING XXX            =    "MMM"
 SETTING TAU            =         2.44961700  DEGREE                          


 XXX       RCO          ROH          RCH1         RCH2         RCH3           ACOH           AOCH1          AOCH2          AOCH3           AHH1         AHH2           AHH3         TAU
 "MMM"   1.42334183   0.95572545   1.09098799   1.09106252   1.09054539   108.78777500   109.63496975   112.03619113   109.33529711   -117.95514378   2.50000000   122.80399477   2.44961700
                                                  

 DO I                   =      -115.00000000   
 SETTING RCO            =         1.50000000                                  
 SETTING ROH            =         1.00000000                                  
 SETTING RCH1           =         1.50000000                                  
 SETTING RCH2           =         1.50000001                                  
 SETTING RCH3           =         1.50000002                                  
 SETTING ACOH           =       110.00000000                                  
 SETTING AOCH1          =       115.00000000                                  
 SETTING AOCH2          =       115.00000001                                  
 SETTING AOCH3          =       115.00000002                                  
 SETTING AHH1           =      -115.00000000                                  
 SETTING AHH2           =         5.00000000                                  
 SETTING AHH3           =       125.00000000                                  


 PROGRAM * OPT (Geometry optimization)     Authors: F. Eckert and H.-J. Werner


 BFGS update of hessian

 Geometry optimization using procedure=RUNCCSD

 Running procedure: RUNCCSD


 Recomputing integrals since geometry changed


 PROGRAM * SEWARD (Integral evaluation for generally contracted gaussian basis sets)     Author: Roland Lindh, 1990

 Geometry written to block  1 of record 701

 Orientation using atomic masses  
 Molecule type: Asymmetric top
 Rotational constants:      19.1393770     19.7418884     79.0358267 GHz  (calculated with average atomic masses)

 Point group  C1  



 ATOMIC COORDINATES

 NR  ATOM    CHARGE       X              Y              Z

   1  C       6.00   -0.000000003    0.020571051   -1.412779028
   2  O       8.00   -0.000000002   -0.132718372    1.417662317
   3  H       1.00    0.000000042    1.605492811    2.159070914
   4  H1      1.00   -2.328314027   -0.998767915   -2.667688482
   5  H2      1.00    0.223904057    2.640843450   -2.470576500
   6  H3      1.00    2.104409989   -1.386013655   -2.688660733

 Bond lengths in Bohr (Angstrom)

 1-2  2.834589187  2-3  1.889726125
     ( 1.500000000)     ( 1.000000000)

 Bond angles

  1-2-3  110.00000000

 NUCLEAR CHARGE:                   18
 NUMBER OF PRIMITIVE AOS:         242
 NUMBER OF SYMMETRY AOS:          216
 NUMBER OF CONTRACTIONS:          184   (  184A   )
 NUMBER OF INNER CORE ORBITALS:     0   (    0A   )
 NUMBER OF OUTER CORE ORBITALS:     2   (    2A   )
 NUMBER OF VALENCE ORBITALS:       12   (   12A   )


 NUCLEAR REPULSION ENERGY   35.28943547


 Eigenvalues of metric

         1 0.250E-03 0.308E-03 0.414E-03 0.502E-03 0.611E-03 0.710E-03 0.208E-02 0.248E-02


 Contracted 2-electron integrals neglected if value below      1.0D-11
 AO integral compression algorithm  1   Integral accuracy      1.0D-11

     649.593 MB (compressed) written to integral file ( 47.9%)


 NUMBER OF SORTED TWO-ELECTRON INTEGRALS:  144848710.     BUFFER LENGTH:  32768
 NUMBER OF SEGMENTS:  10  SEGMENT LENGTH:   15999503      RECORD LENGTH: 524288

 Memory used in sort:      16.56 MW

 SORT1 READ   169623812. AND WROTE   136826042. INTEGRALS IN    397 RECORDS. CPU TIME:     1.19 SEC, REAL TIME:     1.73 SEC
 SORT2 READ   136826042. AND WROTE   144848710. INTEGRALS IN   2478 RECORDS. CPU TIME:     1.26 SEC, REAL TIME:     1.69 SEC

 FILE SIZES:   FILE 1:   681.1 MBYTE,  FILE 4:  1665.2 MBYTE,   TOTAL:   2346.3 MBYTE

 OPERATOR DM      FOR CENTER  0  COORDINATES:    0.000000    0.000000    0.000000


 **********************************************************************************************************************************
 DATASETS  * FILE   NREC   LENGTH (MB)   RECORD NAMES
              1      20      569.83       500      610      700      701      900      950      970     1001      129      960   
                                          VAR    BASINP    GEOM     GEOM    SYMINP    ZMAT    AOBASIS   BASIS     P2S    ABASIS    
                                         1100     1400     1410     1200     1210     1080     1600     1650     1300     1700   
                                           S        T        V       H0       H01     AOSYM     SMH    MOLCAS    ERIS     OPER   

              2      11        3.11       700     1000      520     2100     8500      200     9001      701     1001     2101   
                                         GEOM     BASIS   MCVARS     RHF     CPHF    OPTIONS  DEN_MP2   GEOM     BASIS     RHF  
                                         9001(1)
                                        DEN_MP2    

 PROGRAMS   *        TOTAL       INT      CCSD    HF-SCF      CCSD    HF-SCF      CCSD    HF-SCF      CCSD    HF-SCF      CCSD
 CPU TIMES  *     20885.44     20.58    897.54     27.11    861.77     98.81    988.56    111.74    827.02     79.42    667.72
 REAL TIME  *      3415.67 SEC
 DISK USED  *         2.42 GB
 **********************************************************************************************************************************


 Program * Restricted Hartree-Fock

 Molecular orbitals read from record     2101.2  Type=RHF/CANONICAL (state 1.1)

 Initial occupancy:   9

 NELEC=   18   SYM=1   MS2= 0   THRE=1.0D-09   THRD=1.0D-07   THRG=1.0D-07  HFMA2=F  DIIS_START=2   DIIS_MAX=10   DIIS_INCORE=F

 Level shifts:    0.00 (CLOSED)    0.00 (OPEN)    0.30 (GAP_MIN)

 ITER           ETOT              DE          GRAD        DDIFF     DIIS  NEXP   TIME(IT)  TIME(TOT)  DIAG
   1     -114.79593700    -114.79593700     0.00D+00     0.51D-01     0     0       8.69      8.70    start
   2     -114.88042268      -0.08448568     0.75D-02     0.16D-01     1     0       9.46     18.16    diag
   3     -114.89403649      -0.01361381     0.29D-02     0.30D-02     2     0       8.52     26.68    diag
   4     -114.89621605      -0.00217957     0.96D-03     0.10D-02     3     0       9.16     35.84    diag
   5     -114.89636451      -0.00014846     0.18D-03     0.27D-03     4     0      16.13     51.97    diag
   6     -114.89637599      -0.00001147     0.55D-04     0.80D-04     5     0      15.32     67.29    diag
   7     -114.89637726      -0.00000128     0.23D-04     0.22D-04     6     0      16.29     83.58    diag
   8     -114.89637744      -0.00000018     0.68D-05     0.92D-05     7     0      14.87     98.45    fixocc
   9     -114.89637745      -0.00000001     0.13D-05     0.21D-05     8     0      16.39    114.84    diag
  10     -114.89637745      -0.00000000     0.29D-06     0.41D-06     9     0      15.05    129.89    diag/orth
  11     -114.89637745      -0.00000000     0.65D-07     0.95D-07     9     0      17.79    147.68    diag
  12     -114.89637745      -0.00000000     0.16D-07     0.16D-07     0     0      16.59    164.27    diag

 Final occupancy:   9

 !RHF STATE 1.1 Energy               -114.896377452361
  RHF One-electron energy            -226.720064447400
  RHF Two-electron energy              76.534251529184
  RHF Kinetic energy                  113.552939897748
  RHF Nuclear energy                   35.289435465856
  RHF Virial quotient                  -1.011830935913

 !RHF STATE 1.1 Dipole moment           0.00625091     0.59959968    -0.21284215
 Dipole moment /Debye                   0.01588822     1.52403036    -0.54099078

 Orbital energies:

           1.1          2.1          3.1          4.1          5.1          6.1          7.1          8.1          9.1         10.1
    -20.596407   -11.402326    -1.346708    -0.838904    -0.659795    -0.563679    -0.561224    -0.440405    -0.416333     0.024397

          11.1
      0.038328


 HOMO      9.1    -0.416333 =     -11.3290eV
 LUMO     10.1     0.024397 =       0.6639eV
 LUMO-HOMO         0.440729 =      11.9929eV

 Orbitals saved in record  2101.2


 **********************************************************************************************************************************
 DATASETS  * FILE   NREC   LENGTH (MB)   RECORD NAMES
              1      20      569.83       500      610      700      701      900      950      970     1001      129      960   
                                          VAR    BASINP    GEOM     GEOM    SYMINP    ZMAT    AOBASIS   BASIS     P2S    ABASIS    
                                         1100     1400     1410     1200     1210     1080     1600     1650     1300     1700   
                                           S        T        V       H0       H01     AOSYM     SMH    MOLCAS    ERIS     OPER   

              2      11        3.11       700     1000      520     2100     8500      200     9001      701     1001     2101   
                                         GEOM     BASIS   MCVARS     RHF     CPHF    OPTIONS  DEN_MP2   GEOM     BASIS     RHF  
                                         9001(1)
                                        DEN_MP2    

 PROGRAMS   *        TOTAL    HF-SCF       INT      CCSD    HF-SCF      CCSD    HF-SCF      CCSD    HF-SCF      CCSD    HF-SCF
 CPU TIMES  *     21049.76    164.31     20.58    897.54     27.11    861.77     98.81    988.56    111.74    827.02     79.42
 REAL TIME  *      3441.33 SEC
 DISK USED  *         2.42 GB
 **********************************************************************************************************************************


 PROGRAM * CCSD (Closed-shell coupled cluster)     Authors: C. Hampel, H.-J. Werner, 1991, M. Deegan, P.J. Knowles, 1992


 Convergence thresholds:  THRVAR = 1.00D-12  THRDEN = 1.00D-08

 Using ITF CCSD gradient implementation

 Number of core orbitals:           2 (   2 )
 Number of closed-shell orbitals:   7 (   7 )
 Number of external orbitals:     175 ( 175 )

 Molecular orbitals read from record     2101.2  Type=RHF/CANONICAL (state 1.1)

 Integral transformation finished. Total CPU:  21.76 sec, npass=  1  Memory used:  27.38 MW
  Reference energy                   -114.896377452361

  MP2 correlation energy               -0.461495535231
  MP2 total energy                   -115.357872987592

 ITER.      SQ.NORM     CORR.ENERGY   TOTAL ENERGY   ENERGY CHANGE        DEN1      VAR(S)    VAR(P)  DIIS     TIME
   1      1.16181593    -0.47913827  -115.37551572    -0.01764274    -0.00041236  3.44e-03  3.96e-03  1  1    28.20
   2      1.17921982    -0.48114912  -115.37752657    -0.00201085    -0.01441212  1.52e-04  8.88e-04  2  2    57.16
   3      1.18590893    -0.48198055  -115.37835801    -0.00083143    -0.00232364  1.86e-05  1.97e-04  3  3    87.45
   4      1.19115659    -0.48210039  -115.37847785    -0.00011984    -0.00239340  2.54e-06  3.18e-05  4  4   116.89
   5      1.19319398    -0.48208785  -115.37846530     0.00001255    -0.00073613  1.56e-07  3.71e-06  5  5   144.01
   6      1.19391323    -0.48206825  -115.37844570     0.00001960    -0.00024256  9.24e-09  2.96e-07  6  0   174.01
   7      1.19402095    -0.48206231  -115.37843976     0.00000594    -0.00003661  4.78e-09  4.37e-08  6  1   198.15
   8      1.19403808    -0.48206008  -115.37843753     0.00000223    -0.00000557  9.67e-11  7.09e-09  6  2   220.58
   9      1.19404275    -0.48205986  -115.37843731     0.00000022    -0.00000120  5.98e-11  9.94e-10  6  3   240.44
  10      1.19404583    -0.48205979  -115.37843724     0.00000007    -0.00000082  2.19e-12  8.10e-11  6  4   261.15
  11      1.19404591    -0.48205977  -115.37843722     0.00000002    -0.00000003  2.93e-13  1.12e-11  6  5   281.81
  12      1.19404563    -0.48205978  -115.37843723    -0.00000001     0.00000006  7.51e-14  1.64e-12  6  0   312.66
  13      1.19404535    -0.48205978  -115.37843723     0.00000000     0.00000007  6.36e-15  2.00e-13         334.44

 Norm of t1 vector:      0.07578943     S-energy:      0.00000000   T1 diagnostic:  0.01432286

 Time per iteration:                     25.73 sec

 RESULTS
 =======

  Reference energy                   -114.896377452361
  CCSD correlation energy              -0.482059777276
 !CCSD total energy                  -115.378437229637

 Starting CP-CCSD iterations.   Author: W. Gyorffy (2012)

 ITER.      NRM1           NRM2      VAR(S)+VAR(P)   DIIS    TIME
   1     0.00316658     0.44870554     1.86e-03      1  1   25.61
   2     0.00290028     0.44082659     1.24e-04      2  2   50.34
   3     0.00270489     0.43995664     1.63e-05      3  3   76.87
   4     0.00261453     0.43908083     3.12e-06      4  4  103.37
   5     0.00255157     0.43884578     3.97e-07      5  5  126.05
   6     0.00252590     0.43875617     4.93e-08      6  0  147.84
   7     0.00251721     0.43874780     6.45e-09      6  1  169.83
   8     0.00251428     0.43874635     1.04e-09      6  2  192.46
   9     0.00251328     0.43874705     1.58e-10      6  3  215.62
  10     0.00251307     0.43874758     2.18e-11      6  4  239.13
  11     0.00251304     0.43874768     2.97e-12      6  5  263.01
  12     0.00251303     0.43874769     4.64e-13            287.97


 Time per iteration:                     24.00 sec

 CPHF start vector      0.2 not found

 Starting Coupled-perturbed Hartree-Fock, convergence threshold= 1.0D-06

 ITER   MIC  DIIS      VAR         VARC       CPU
   1     0     1    0.11D-01    0.16D-02     9.39
   2     4     2    0.40D-03    0.89D-04    19.23
   3     4     3    0.88D-05    0.13D-05    33.54
   4     3     4    0.36D-06    0.69D-07    44.49

 CPHF convergence reached in  4 macroiterations and   11 microiterations.   Accuracy: 3.6118D-07

 CPHF solution written to record  8500.2

 Dipole moments (unrelaxed):            0.00694859     0.56859720    -0.20158295
 Orbital relaxation contribution:      -0.00018829     0.00385602    -0.00020848
 !CCSD STATE 1.1 Dipole moment          0.00676031     0.57245323    -0.20179142
 Dipole moment /Debye                   0.01718298     1.45503097    -0.51290264

 CPU-time for coupled-perturbed hartree-fock:         44.50 sec

 Number of N-1 electron functions:               7
 Number of N-2 electron functions:              28
 Number of singly external CSFs:              1225
 Number of doubly external CSFs:            750925
 Total number of CSFs:                      752151

 CCSD gradient info saved on record        55555.1




 **********************************************************************************************************************************
 DATASETS  * FILE   NREC   LENGTH (MB)   RECORD NAMES
              1      22      805.83       500      610      700      701      900      950      970     1001      129      960   
                                          VAR    BASINP    GEOM     GEOM    SYMINP    ZMAT    AOBASIS   BASIS     P2S    ABASIS    
                                         1100     1400     1410     1200     1210     1080     1600     1650     1300     1700   
                                           S        T        V       H0       H01     AOSYM     SMH    MOLCAS    ERIS     OPER   
                                         1380    55555   
                                         JKOP     CCSD   

              2      11        3.11       700     1000      520     2100     8500      200     9001      701     1001     2101   
                                         GEOM     BASIS   MCVARS     RHF     CPHF    OPTIONS  DEN_MP2   GEOM     BASIS     RHF  
                                         9001(1)
                                        DEN_MP2    

 PROGRAMS   *        TOTAL      CCSD    HF-SCF       INT      CCSD    HF-SCF      CCSD    HF-SCF      CCSD    HF-SCF      CCSD
 CPU TIMES  *     21973.46    923.69    164.31     20.58    897.54     27.11    861.77     98.81    988.56    111.74    827.02
 REAL TIME  *      3569.42 SEC
 DISK USED  *         2.42 GB
 **********************************************************************************************************************************

 Inactive variables:    AHH2

 Active variables:      RCO ROH ACOH RCH1 AOCH1 AHH1
                        RCH2 AOCH2 RCH3 AOCH3 AHH3

 Geometry written to block  1 of record 701

 XYZ inputs for each point on the optimization path will be saved in files ch3oh_maxima_mp2_xx.xyz

 Making model hessian for Z-matrix coordinates

 Entering Rational Function Geometry Optimization

 ITER.   ENERGY(OLD)    ENERGY(NEW)      DE          GRADMAX     GRADNORM    GRADRMS     STEPMAX     STEPLEN     STEPRMS   CPU-time
   1  -115.37843723  -115.42941614    -0.05097891  0.09374296  0.18423112  0.05554777  0.16549227  0.29602287  0.02691117   2534.48
   2  -115.42941614  -115.47653288    -0.04711674  0.09146887  0.17035597  0.05136426  0.17180919  0.30000000  0.02727273   3835.88
   3  -115.47653288  -115.51569303    -0.03916015  0.08193633  0.14896467  0.04491454  0.17149064  0.30000000  0.02727273   5191.55
   4  -115.51569303  -115.54055294    -0.02485991  0.06275546  0.11161958  0.03365457  0.17239370  0.30000000  0.02727273   6511.89
   5  -115.54055294  -115.54413493    -0.00358199  0.02863463  0.05014632  0.01511968  0.13661069  0.23690538  0.02153685   7819.94
   6  -115.54413493  -115.54495795    -0.00082302  0.01445787  0.02531519  0.00763282  0.04478368  0.07729556  0.00702687   9211.38
   7  -115.54495795  -115.54497604    -0.00001808  0.00195840  0.00351397  0.00105950  0.00537013  0.00924146  0.00084013  10470.26
   8  -115.54497604  -115.54497740    -0.00000137  0.00085634  0.00093141  0.00028083  0.00167245  0.00240684  0.00021880  11763.66
   9  -115.54497740  -115.54497774    -0.00000034  0.00041614  0.00044469  0.00013408  0.00127874  0.00150338  0.00013667  12993.72
  10  -115.54497774  -115.54497776    -0.00000002  0.00004720  0.00008867  0.00002674  0.00013105  0.00025470  0.00002315  14354.59

 END OF GEOMETRY OPTIMIZATION.

 Optimized variables
 RCO=                 1.42329748 ANGSTROM
 ROH=                 0.95575156 ANGSTROM
 ACOH=              108.78208527 DEGREE
 RCH1=                1.09120659 ANGSTROM
 AOCH1=             109.78201505 DEGREE
 AHH1=             -115.53358456 DEGREE
 RCH2=                1.09108097 ANGSTROM
 AOCH2=             112.03472239 DEGREE
 RCH3=                1.09032452 ANGSTROM
 AOCH3=             109.18381705 DEGREE
 AHH3=              125.23067469 DEGREE

 **********************************************************************************************************************************

 Geometry written to block  1 of record 701

 Recomputing wavefunction for reoriented structure

 Current geometry (xyz format, in Angstrom)


 Dump information in style XYZ to ch3oh_maxima_mp2.xyz                                                            

    6
 CCSD/AUG-CC-PVTZ  ENERGY=-115.54497776
 C          0.0000417634        0.0121697475       -0.7297924244
 O         -0.0002845509       -0.0652557654        0.6913975316
 H          0.0008908432        0.8215215704        1.0478882220
 H         -0.9270075690       -0.4083958213       -1.1227758402
 H          0.0896708448        1.0403582844       -1.0837029373
 H          0.8404649923       -0.5626748019       -1.1197284496

 **********************************************************************************************************************************


 **********************************************************************************************************************************
 DATASETS  * FILE   NREC   LENGTH (MB)   RECORD NAMES
              1      22      955.28       500      610      700      701      900      950      970     1001      129      960   
                                          VAR    BASINP    GEOM     GEOM    SYMINP    ZMAT    AOBASIS   BASIS     P2S    ABASIS    
                                         1100     1400     1410     1200     1210     1080     1600     1650     1300     1700   
                                           S        T        V       H0       H01     AOSYM     SMH    MOLCAS    ERIS     OPER   
                                         1380    55555   
                                         JKOP     CCSD   

              2      11        3.11       700     1000      520     2100     8500      200     9001      701     1001     2101   
                                         GEOM     BASIS   MCVARS     RHF     CPHF    OPTIONS  DEN_MP2   GEOM     BASIS     RHF  
                                         9001(1)
                                        DEN_MP2    

 PROGRAMS   *        TOTAL      OPTG    HF-SCF      CCSD    HF-SCF      CCSD    HF-SCF      CCSD    HF-SCF      CCSD    HF-SCF
 CPU TIMES  *     36125.43    874.64     31.32    943.43     91.94    824.86    128.46    901.93    115.83    811.19    180.12
 REAL TIME  *      5734.93 SEC
 DISK USED  *         2.42 GB
 **********************************************************************************************************************************
 SETTING XXX            =    "MMM"
 SETTING TAU            =         4.89903004  DEGREE                          


 XXX       RCO          ROH          RCH1         RCH2         RCH3           ACOH           AOCH1          AOCH2          AOCH3           AHH1         AHH2           AHH3         TAU
 "MMM"   1.42329748   0.95575156   1.09120659   1.09108097   1.09032452   108.78208527   109.78201505   112.03472239   109.18381705   -115.53358456   5.00000000   125.23067469   4.89903004
                                                  

 DO I                   =      -112.50000000   
 SETTING RCO            =         1.50000000                                  
 SETTING ROH            =         1.00000000                                  
 SETTING RCH1           =         1.50000000                                  
 SETTING RCH2           =         1.50000001                                  
 SETTING RCH3           =         1.50000002                                  
 SETTING ACOH           =       110.00000000                                  
 SETTING AOCH1          =       115.00000000                                  
 SETTING AOCH2          =       115.00000001                                  
 SETTING AOCH3          =       115.00000002                                  
 SETTING AHH1           =      -112.50000000                                  
 SETTING AHH2           =         7.50000000                                  
 SETTING AHH3           =       127.50000000                                  


 PROGRAM * OPT (Geometry optimization)     Authors: F. Eckert and H.-J. Werner


 BFGS update of hessian

 Geometry optimization using procedure=RUNCCSD

 Running procedure: RUNCCSD


 Recomputing integrals since geometry changed


 PROGRAM * SEWARD (Integral evaluation for generally contracted gaussian basis sets)     Author: Roland Lindh, 1990

 Geometry written to block  1 of record 701

 Orientation using atomic masses  
 Molecule type: Asymmetric top
 Rotational constants:      19.1393770     19.7418884     79.0358267 GHz  (calculated with average atomic masses)

 Point group  C1  



 ATOMIC COORDINATES

 NR  ATOM    CHARGE       X              Y              Z

   1  C       6.00   -0.000000003    0.020571051   -1.412779028
   2  O       8.00   -0.000000002   -0.132718373    1.417662317
   3  H       1.00    0.000000041    1.605492811    2.159070914
   4  H1      1.00   -2.373456018   -0.896325053   -2.662140440
   5  H2      1.00    0.335323186    2.628658924   -2.471236383
   6  H3      1.00    2.038132852   -1.476271992   -2.693548893

 Bond lengths in Bohr (Angstrom)

 1-2  2.834589187  2-3  1.889726125
     ( 1.500000000)     ( 1.000000000)

 Bond angles

  1-2-3  110.00000000

 NUCLEAR CHARGE:                   18
 NUMBER OF PRIMITIVE AOS:         242
 NUMBER OF SYMMETRY AOS:          216
 NUMBER OF CONTRACTIONS:          184   (  184A   )
 NUMBER OF INNER CORE ORBITALS:     0   (    0A   )
 NUMBER OF OUTER CORE ORBITALS:     2   (    2A   )
 NUMBER OF VALENCE ORBITALS:       12   (   12A   )


 NUCLEAR REPULSION ENERGY   35.28938937


 Eigenvalues of metric

         1 0.250E-03 0.309E-03 0.415E-03 0.500E-03 0.612E-03 0.710E-03 0.209E-02 0.248E-02


 Contracted 2-electron integrals neglected if value below      1.0D-11
 AO integral compression algorithm  1   Integral accuracy      1.0D-11

     650.379 MB (compressed) written to integral file ( 47.9%)


 NUMBER OF SORTED TWO-ELECTRON INTEGRALS:  144848710.     BUFFER LENGTH:  32768
 NUMBER OF SEGMENTS:  10  SEGMENT LENGTH:   15999503      RECORD LENGTH: 524288

 Memory used in sort:      16.56 MW

 SORT1 READ   169623812. AND WROTE   136822786. INTEGRALS IN    397 RECORDS. CPU TIME:     1.55 SEC, REAL TIME:     2.17 SEC
 SORT2 READ   136822786. AND WROTE   144848710. INTEGRALS IN   2481 RECORDS. CPU TIME:     1.43 SEC, REAL TIME:     1.85 SEC

 FILE SIZES:   FILE 1:   681.9 MBYTE,  FILE 4:  1665.2 MBYTE,   TOTAL:   2347.1 MBYTE

 OPERATOR DM      FOR CENTER  0  COORDINATES:    0.000000    0.000000    0.000000


 **********************************************************************************************************************************
 DATASETS  * FILE   NREC   LENGTH (MB)   RECORD NAMES
              1      20      570.39       500      610      700      701      900      950      970     1001      129      960   
                                          VAR    BASINP    GEOM     GEOM    SYMINP    ZMAT    AOBASIS   BASIS     P2S    ABASIS    
                                         1100     1400     1410     1200     1210     1080     1600     1650     1300     1700   
                                           S        T        V       H0       H01     AOSYM     SMH    MOLCAS    ERIS     OPER   

              2      11        3.11       700     1000      520     2100     8500      200     9001      701     1001     2101   
                                         GEOM     BASIS   MCVARS     RHF     CPHF    OPTIONS  DEN_MP2   GEOM     BASIS     RHF  
                                         9001(1)
                                        DEN_MP2    

 PROGRAMS   *        TOTAL       INT      CCSD    HF-SCF      CCSD    HF-SCF      CCSD    HF-SCF      CCSD    HF-SCF      CCSD
 CPU TIMES  *     36153.17     27.74    874.64     31.32    943.43     91.94    824.86    128.46    901.93    115.83    811.19
 REAL TIME  *      5745.67 SEC
 DISK USED  *         2.42 GB
 **********************************************************************************************************************************


 Program * Restricted Hartree-Fock

 Molecular orbitals read from record     2101.2  Type=RHF/CANONICAL (state 1.1)

 Initial occupancy:   9

 NELEC=   18   SYM=1   MS2= 0   THRE=1.0D-09   THRD=1.0D-07   THRG=1.0D-07  HFMA2=F  DIIS_START=2   DIIS_MAX=10   DIIS_INCORE=F

 Level shifts:    0.00 (CLOSED)    0.00 (OPEN)    0.30 (GAP_MIN)

 ITER           ETOT              DE          GRAD        DDIFF     DIIS  NEXP   TIME(IT)  TIME(TOT)  DIAG
   1     -114.79599212    -114.79599212     0.00D+00     0.51D-01     0     0      12.52     12.63    start
   2     -114.88044840      -0.08445628     0.75D-02     0.16D-01     1     0      13.37     26.00    diag
   3     -114.89405578      -0.01360738     0.29D-02     0.30D-02     2     0      16.11     42.11    diag
   4     -114.89623479      -0.00217901     0.96D-03     0.10D-02     3     0      17.81     59.92    diag
   5     -114.89638307      -0.00014828     0.18D-03     0.27D-03     4     0      15.12     75.04    diag
   6     -114.89639453      -0.00001146     0.56D-04     0.80D-04     5     0      12.50     87.54    diag
   7     -114.89639580      -0.00000128     0.23D-04     0.22D-04     6     0      14.66    102.20    diag
   8     -114.89639599      -0.00000018     0.68D-05     0.92D-05     7     0      14.87    117.07    fixocc
   9     -114.89639599      -0.00000001     0.13D-05     0.21D-05     8     0      12.68    129.75    diag
  10     -114.89639599      -0.00000000     0.29D-06     0.41D-06     9     0      13.88    143.63    diag/orth
  11     -114.89639599      -0.00000000     0.65D-07     0.95D-07     9     0      13.09    156.72    diag
  12     -114.89639599      -0.00000000     0.16D-07     0.16D-07     0     0      13.37    170.09    diag

 Final occupancy:   9

 !RHF STATE 1.1 Energy               -114.896395994884
  RHF One-electron energy            -226.719977563359
  RHF Two-electron energy              76.534192202047
  RHF Kinetic energy                  113.552894888146
  RHF Nuclear energy                   35.289389366428
  RHF Virial quotient                  -1.011831500272

 !RHF STATE 1.1 Dipole moment           0.00924136     0.59852383    -0.21300044
 Dipole moment /Debye                   0.02348919     1.52129584    -0.54139313

 Orbital energies:

           1.1          2.1          3.1          4.1          5.1          6.1          7.1          8.1          9.1         10.1
    -20.596415   -11.402325    -1.346710    -0.838907    -0.659773    -0.563696    -0.561229    -0.440405    -0.416339     0.024404

          11.1
      0.038327


 HOMO      9.1    -0.416339 =     -11.3292eV
 LUMO     10.1     0.024404 =       0.6641eV
 LUMO-HOMO         0.440743 =      11.9932eV

 Orbitals saved in record  2101.2


 **********************************************************************************************************************************
 DATASETS  * FILE   NREC   LENGTH (MB)   RECORD NAMES
              1      20      570.39       500      610      700      701      900      950      970     1001      129      960   
                                          VAR    BASINP    GEOM     GEOM    SYMINP    ZMAT    AOBASIS   BASIS     P2S    ABASIS    
                                         1100     1400     1410     1200     1210     1080     1600     1650     1300     1700   
                                           S        T        V       H0       H01     AOSYM     SMH    MOLCAS    ERIS     OPER   

              2      11        3.11       700     1000      520     2100     8500      200     9001      701     1001     2101   
                                         GEOM     BASIS   MCVARS     RHF     CPHF    OPTIONS  DEN_MP2   GEOM     BASIS     RHF  
                                         9001(1)
                                        DEN_MP2    

 PROGRAMS   *        TOTAL    HF-SCF       INT      CCSD    HF-SCF      CCSD    HF-SCF      CCSD    HF-SCF      CCSD    HF-SCF
 CPU TIMES  *     36323.35    170.17     27.74    874.64     31.32    943.43     91.94    824.86    128.46    901.93    115.83
 REAL TIME  *      5772.17 SEC
 DISK USED  *         2.42 GB
 **********************************************************************************************************************************


 PROGRAM * CCSD (Closed-shell coupled cluster)     Authors: C. Hampel, H.-J. Werner, 1991, M. Deegan, P.J. Knowles, 1992


 Convergence thresholds:  THRVAR = 1.00D-12  THRDEN = 1.00D-08

 Using ITF CCSD gradient implementation

 Number of core orbitals:           2 (   2 )
 Number of closed-shell orbitals:   7 (   7 )
 Number of external orbitals:     175 ( 175 )

 Molecular orbitals read from record     2101.2  Type=RHF/CANONICAL (state 1.1)

 Integral transformation finished. Total CPU:  20.35 sec, npass=  1  Memory used:  27.38 MW
  Reference energy                   -114.896395994884

  MP2 correlation energy               -0.461491827358
  MP2 total energy                   -115.357887822241

 ITER.      SQ.NORM     CORR.ENERGY   TOTAL ENERGY   ENERGY CHANGE        DEN1      VAR(S)    VAR(P)  DIIS     TIME
   1      1.16181362    -0.47913456  -115.37553055    -0.01764273    -0.00041260  3.44e-03  3.96e-03  1  1    25.37
   2      1.17921641    -0.48114522  -115.37754122    -0.00201066    -0.01441191  1.52e-04  8.87e-04  2  2    50.73
   3      1.18590450    -0.48197659  -115.37837259    -0.00083137    -0.00232348  1.85e-05  1.97e-04  3  3    77.10
   4      1.19115107    -0.48209642  -115.37849242    -0.00011983    -0.00239320  2.54e-06  3.18e-05  4  4   101.12
   5      1.19318815    -0.48208388  -115.37847988     0.00001254    -0.00073614  1.56e-07  3.71e-06  5  5   125.36
   6      1.19390739    -0.48206429  -115.37846028     0.00001960    -0.00024261  9.24e-09  2.96e-07  6  0   148.80
   7      1.19401517    -0.48205835  -115.37845434     0.00000594    -0.00003664  4.78e-09  4.37e-08  6  1   173.30
   8      1.19403229    -0.48205611  -115.37845211     0.00000223    -0.00000557  9.66e-11  7.08e-09  6  2   195.66
   9      1.19403695    -0.48205590  -115.37845189     0.00000022    -0.00000120  5.97e-11  9.91e-10  6  3   219.92
  10      1.19404003    -0.48205583  -115.37845182     0.00000007    -0.00000082  2.19e-12  8.09e-11  6  4   245.88
  11      1.19404010    -0.48205581  -115.37845180     0.00000002    -0.00000003  2.93e-13  1.12e-11  6  5   268.17
  12      1.19403982    -0.48205582  -115.37845181    -0.00000001     0.00000006  7.51e-14  1.64e-12  6  0   289.78
  13      1.19403954    -0.48205581  -115.37845181     0.00000000     0.00000007  6.36e-15  2.00e-13         316.09

 Norm of t1 vector:      0.07577429     S-energy:      0.00000000   T1 diagnostic:  0.01432000

 Time per iteration:                     24.35 sec

 RESULTS
 =======

  Reference energy                   -114.896395994884
  CCSD correlation energy              -0.482055814012
 !CCSD total energy                  -115.378451808896

 Starting CP-CCSD iterations.   Author: W. Gyorffy (2012)

 ITER.      NRM1           NRM2      VAR(S)+VAR(P)   DIIS    TIME
   1     0.00316506     0.44869653     1.86e-03      1  1   23.00
   2     0.00289889     0.44081860     1.23e-04      2  2   47.27
   3     0.00270364     0.43994885     1.63e-05      3  3   75.25
   4     0.00261339     0.43907333     3.12e-06      4  4  101.62
   5     0.00255052     0.43883846     3.97e-07      5  5  126.31
   6     0.00252491     0.43874895     4.92e-08      6  0  150.90
   7     0.00251624     0.43874062     6.42e-09      6  1  174.41
   8     0.00251332     0.43873920     1.03e-09      6  2  202.93
   9     0.00251233     0.43873990     1.57e-10      6  3  233.72
  10     0.00251212     0.43874044     2.17e-11      6  4  257.76
  11     0.00251209     0.43874054     2.97e-12      6  5  281.43
  12     0.00251208     0.43874055     4.65e-13            304.59


 Time per iteration:                     25.38 sec

 CPHF start vector      0.2 not found

 Starting Coupled-perturbed Hartree-Fock, convergence threshold= 1.0D-06

 ITER   MIC  DIIS      VAR         VARC       CPU
   1     0     1    0.11D-01    0.16D-02     8.66
   2     4     2    0.40D-03    0.89D-04    17.63
   3     4     3    0.88D-05    0.13D-05    26.14
   4     3     4    0.36D-06    0.69D-07    34.66

 CPHF convergence reached in  4 macroiterations and   11 microiterations.   Accuracy: 3.6129D-07

 CPHF solution written to record  8500.2

 Dipole moments (unrelaxed):            0.01027257     0.56741755    -0.20172069
 Orbital relaxation contribution:      -0.00027832     0.00388536    -0.00020788
 !CCSD STATE 1.1 Dipole moment          0.00999425     0.57130292    -0.20192857
 Dipole moment /Debye                   0.02540285     1.45210717    -0.51325123

 CPU-time for coupled-perturbed hartree-fock:         34.67 sec

 Number of N-1 electron functions:               7
 Number of N-2 electron functions:              28
 Number of singly external CSFs:              1225
 Number of doubly external CSFs:            750925
 Total number of CSFs:                      752151

 CCSD gradient info saved on record        55555.1




 **********************************************************************************************************************************
 DATASETS  * FILE   NREC   LENGTH (MB)   RECORD NAMES
              1      22      806.39       500      610      700      701      900      950      970     1001      129      960   
                                          VAR    BASINP    GEOM     GEOM    SYMINP    ZMAT    AOBASIS   BASIS     P2S    ABASIS    
                                         1100     1400     1410     1200     1210     1080     1600     1650     1300     1700   
                                           S        T        V       H0       H01     AOSYM     SMH    MOLCAS    ERIS     OPER   
                                         1380    55555   
                                         JKOP     CCSD   

              2      11        3.11       700     1000      520     2100     8500      200     9001      701     1001     2101   
                                         GEOM     BASIS   MCVARS     RHF     CPHF    OPTIONS  DEN_MP2   GEOM     BASIS     RHF  
                                         9001(1)
                                        DEN_MP2    

 PROGRAMS   *        TOTAL      CCSD    HF-SCF       INT      CCSD    HF-SCF      CCSD    HF-SCF      CCSD    HF-SCF      CCSD
 CPU TIMES  *     37220.12    896.76    170.17     27.74    874.64     31.32    943.43     91.94    824.86    128.46    901.93
 REAL TIME  *      5900.42 SEC
 DISK USED  *         2.42 GB
 **********************************************************************************************************************************

 Inactive variables:    AHH2

 Active variables:      RCO ROH ACOH RCH1 AOCH1 AHH1
                        RCH2 AOCH2 RCH3 AOCH3 AHH3

 Geometry written to block  1 of record 701

 XYZ inputs for each point on the optimization path will be saved in files ch3oh_maxima_mp2_xx.xyz

 Making model hessian for Z-matrix coordinates

 Entering Rational Function Geometry Optimization

 ITER.   ENERGY(OLD)    ENERGY(NEW)      DE          GRADMAX     GRADNORM    GRADRMS     STEPMAX     STEPLEN     STEPRMS   CPU-time
   1  -115.37845181  -115.42942872    -0.05097691  0.09393090  0.18425788  0.05555584  0.16578892  0.29598002  0.02690727   2488.31
   2  -115.42942872  -115.47655159    -0.04712287  0.09166141  0.17038175  0.05137203  0.17216385  0.30000000  0.02727273   3812.20
   3  -115.47655159  -115.51571564    -0.03916405  0.08209842  0.14898306  0.04492008  0.17181006  0.30000000  0.02727273   5158.69
   4  -115.51571564  -115.54058008    -0.02486444  0.06281611  0.11163485  0.03365917  0.17238712  0.30000000  0.02727273   6484.29
   5  -115.54058008  -115.54416576    -0.00358568  0.02864941  0.05016332  0.01512481  0.13669109  0.23701678  0.02154698   7781.30
   6  -115.54416576  -115.54498918    -0.00082342  0.01456867  0.02532393  0.00763545  0.04478381  0.07731190  0.00702835   9076.75
   7  -115.54498918  -115.54500732    -0.00001814  0.00196276  0.00351893  0.00106100  0.00538084  0.00925171  0.00084106  10362.38
   8  -115.54500732  -115.54500869    -0.00000138  0.00085885  0.00093516  0.00028196  0.00167800  0.00241782  0.00021980  11604.36
   9  -115.54500869  -115.54500903    -0.00000034  0.00041669  0.00044551  0.00013433  0.00127803  0.00150361  0.00013669  12848.65
  10  -115.54500903  -115.54500905    -0.00000002  0.00004735  0.00008929  0.00002692  0.00013277  0.00025700  0.00002336  14179.60

 END OF GEOMETRY OPTIMIZATION.

 Optimized variables
 RCO=                 1.42322440 ANGSTROM
 ROH=                 0.95579460 ANGSTROM
 ACOH=              108.77270362 DEGREE
 RCH1=                1.09142128 ANGSTROM
 AOCH1=             109.92647308 DEGREE
 AHH1=             -113.11431263 DEGREE
 RCH2=                1.09111148 ANGSTROM
 AOCH2=             112.03232397 DEGREE
 RCH3=                1.09010599 ANGSTROM
 AOCH3=             109.03203546 DEGREE
 AHH3=              127.65843539 DEGREE

 **********************************************************************************************************************************

 Geometry written to block  1 of record 701

 Recomputing wavefunction for reoriented structure

 Current geometry (xyz format, in Angstrom)


 Dump information in style XYZ to ch3oh_maxima_mp2.xyz                                                            

    6
 CCSD/AUG-CC-PVTZ  ENERGY=-115.54500905
 C          0.0000598144        0.0121719289       -0.7297542593
 O         -0.0004160360       -0.0652315316        0.6913636665
 H          0.0012540428        0.8216477446        1.0477141696
 H         -0.9443117713       -0.3679423241       -1.1232969813
 H          0.1341791159        1.0354630887       -1.0838890916
 H          0.8147697330       -0.5987699457       -1.1187643385

 **********************************************************************************************************************************


 **********************************************************************************************************************************
 DATASETS  * FILE   NREC   LENGTH (MB)   RECORD NAMES
              1      22      956.97       500      610      700      701      900      950      970     1001      129      960   
                                          VAR    BASINP    GEOM     GEOM    SYMINP    ZMAT    AOBASIS   BASIS     P2S    ABASIS    
                                         1100     1400     1410     1200     1210     1080     1600     1650     1300     1700   
                                           S        T        V       H0       H01     AOSYM     SMH    MOLCAS    ERIS     OPER   
                                         1380    55555   
                                         JKOP     CCSD   

              2      11        3.11       700     1000      520     2100     8500      200     9001      701     1001     2101   
                                         GEOM     BASIS   MCVARS     RHF     CPHF    OPTIONS  DEN_MP2   GEOM     BASIS     RHF  
                                         9001(1)
                                        DEN_MP2    

 PROGRAMS   *        TOTAL      OPTG    HF-SCF      CCSD    HF-SCF      CCSD    HF-SCF      CCSD    HF-SCF      CCSD    HF-SCF
 CPU TIMES  *     51203.19    868.15     29.98    853.92    141.39    802.62    141.61    878.00     87.35    849.65    111.43
 REAL TIME  *      8057.10 SEC
 DISK USED  *         2.42 GB
 **********************************************************************************************************************************
 SETTING XXX            =    "MMM"
 SETTING TAU            =         7.34804092  DEGREE                          


 XXX       RCO          ROH          RCH1         RCH2         RCH3           ACOH           AOCH1          AOCH2          AOCH3           AHH1         AHH2           AHH3         TAU
 "MMM"   1.42322440   0.95579460   1.09142128   1.09111148   1.09010599   108.77270362   109.92647308   112.03232397   109.03203546   -113.11431263   7.50000000   127.65843539   7.34804092
                                                  

 DO I                   =      -110.00000000   
 SETTING RCO            =         1.50000000                                  
 SETTING ROH            =         1.00000000                                  
 SETTING RCH1           =         1.50000000                                  
 SETTING RCH2           =         1.50000001                                  
 SETTING RCH3           =         1.50000002                                  
 SETTING ACOH           =       110.00000000                                  
 SETTING AOCH1          =       115.00000000                                  
 SETTING AOCH2          =       115.00000001                                  
 SETTING AOCH3          =       115.00000002                                  
 SETTING AHH1           =      -110.00000000                                  
 SETTING AHH2           =        10.00000000                                  
 SETTING AHH3           =       130.00000000                                  


 PROGRAM * OPT (Geometry optimization)     Authors: F. Eckert and H.-J. Werner


 BFGS update of hessian

 Geometry optimization using procedure=RUNCCSD

 Running procedure: RUNCCSD


 Recomputing integrals since geometry changed


 PROGRAM * SEWARD (Integral evaluation for generally contracted gaussian basis sets)     Author: Roland Lindh, 1990

 Geometry written to block  1 of record 701

 Orientation using atomic masses  
 Molecule type: Asymmetric top
 Rotational constants:      19.1393770     19.7418884     79.0358267 GHz  (calculated with average atomic masses)

 Point group  C1  



 ATOMIC COORDINATES

 NR  ATOM    CHARGE       X              Y              Z

   1  C       6.00   -0.000000003    0.020571051   -1.412779028
   2  O       8.00   -0.000000002   -0.132718373    1.417662317
   3  H       1.00    0.000000040    1.605492811    2.159070914
   4  H1      1.00   -2.414080001   -0.792013509   -2.656491195
   5  H2      1.00    0.446104007    2.611633073   -2.472158459
   6  H3      1.00    1.967976013   -1.563557685   -2.698276061

 Bond lengths in Bohr (Angstrom)

 1-2  2.834589187  2-3  1.889726125
     ( 1.500000000)     ( 1.000000000)

 Bond angles

  1-2-3  110.00000000

 NUCLEAR CHARGE:                   18
 NUMBER OF PRIMITIVE AOS:         242
 NUMBER OF SYMMETRY AOS:          216
 NUMBER OF CONTRACTIONS:          184   (  184A   )
 NUMBER OF INNER CORE ORBITALS:     0   (    0A   )
 NUMBER OF OUTER CORE ORBITALS:     2   (    2A   )
 NUMBER OF VALENCE ORBITALS:       12   (   12A   )


 NUCLEAR REPULSION ENERGY   35.28932596


 Eigenvalues of metric

         1 0.249E-03 0.310E-03 0.416E-03 0.499E-03 0.613E-03 0.709E-03 0.209E-02 0.248E-02


 Contracted 2-electron integrals neglected if value below      1.0D-11
 AO integral compression algorithm  1   Integral accuracy      1.0D-11

     650.641 MB (compressed) written to integral file ( 47.9%)


 NUMBER OF SORTED TWO-ELECTRON INTEGRALS:  144848710.     BUFFER LENGTH:  32768
 NUMBER OF SEGMENTS:  10  SEGMENT LENGTH:   15999503      RECORD LENGTH: 524288

 Memory used in sort:      16.56 MW

 SORT1 READ   169623812. AND WROTE   136822564. INTEGRALS IN    397 RECORDS. CPU TIME:     1.23 SEC, REAL TIME:     1.83 SEC
 SORT2 READ   136822564. AND WROTE   144848710. INTEGRALS IN   2482 RECORDS. CPU TIME:     1.41 SEC, REAL TIME:     1.85 SEC

 FILE SIZES:   FILE 1:   682.2 MBYTE,  FILE 4:  1665.2 MBYTE,   TOTAL:   2347.4 MBYTE

 OPERATOR DM      FOR CENTER  0  COORDINATES:    0.000000    0.000000    0.000000


 **********************************************************************************************************************************
 DATASETS  * FILE   NREC   LENGTH (MB)   RECORD NAMES
              1      20      570.60       500      610      700      701      900      950      970     1001      129      960   
                                          VAR    BASINP    GEOM     GEOM    SYMINP    ZMAT    AOBASIS   BASIS     P2S    ABASIS    
                                         1100     1400     1410     1200     1210     1080     1600     1650     1300     1700   
                                           S        T        V       H0       H01     AOSYM     SMH    MOLCAS    ERIS     OPER   

              2      11        3.11       700     1000      520     2100     8500      200     9001      701     1001     2101   
                                         GEOM     BASIS   MCVARS     RHF     CPHF    OPTIONS  DEN_MP2   GEOM     BASIS     RHF  
                                         9001(1)
                                        DEN_MP2    

 PROGRAMS   *        TOTAL       INT      CCSD    HF-SCF      CCSD    HF-SCF      CCSD    HF-SCF      CCSD    HF-SCF      CCSD
 CPU TIMES  *     51231.52     28.32    868.15     29.98    853.92    141.39    802.62    141.61    878.00     87.35    849.65
 REAL TIME  *      8067.86 SEC
 DISK USED  *         2.42 GB
 **********************************************************************************************************************************


 Program * Restricted Hartree-Fock

 Molecular orbitals read from record     2101.2  Type=RHF/CANONICAL (state 1.1)

 Initial occupancy:   9

 NELEC=   18   SYM=1   MS2= 0   THRE=1.0D-09   THRD=1.0D-07   THRG=1.0D-07  HFMA2=F  DIIS_START=2   DIIS_MAX=10   DIIS_INCORE=F

 Level shifts:    0.00 (CLOSED)    0.00 (OPEN)    0.30 (GAP_MIN)

 ITER           ETOT              DE          GRAD        DDIFF     DIIS  NEXP   TIME(IT)  TIME(TOT)  DIAG
   1     -114.79606508    -114.79606508     0.00D+00     0.51D-01     0     0      13.02     13.02    start
   2     -114.88048196      -0.08441688     0.75D-02     0.16D-01     1     0      13.63     26.65    diag
   3     -114.89408200      -0.01360004     0.29D-02     0.30D-02     2     0      14.44     41.09    diag
   4     -114.89626048      -0.00217848     0.96D-03     0.10D-02     3     0      12.61     53.70    diag
   5     -114.89640858      -0.00014810     0.18D-03     0.27D-03     4     0      13.09     66.79    diag
   6     -114.89642002      -0.00001144     0.56D-04     0.80D-04     5     0      14.24     81.03    diag
   7     -114.89642130      -0.00000128     0.23D-04     0.22D-04     6     0      13.01     94.04    diag
   8     -114.89642148      -0.00000018     0.68D-05     0.92D-05     7     0      13.48    107.52    fixocc
   9     -114.89642149      -0.00000001     0.13D-05     0.21D-05     8     0      13.55    121.07    diag
  10     -114.89642149      -0.00000000     0.29D-06     0.41D-06     9     0      15.68    136.75    diag/orth
  11     -114.89642149      -0.00000000     0.65D-07     0.95D-07     9     0      13.91    150.66    diag
  12     -114.89642149      -0.00000000     0.16D-07     0.16D-07     0     0      14.21    164.87    diag

 Final occupancy:   9

 !RHF STATE 1.1 Energy               -114.896421486554
  RHF One-electron energy            -226.719858099418
  RHF Two-electron energy              76.534110648108
  RHF Kinetic energy                  113.552833074253
  RHF Nuclear energy                   35.289325964755
  RHF Virial quotient                  -1.011832275567

 !RHF STATE 1.1 Dipole moment           0.01207250     0.59704400    -0.21321820
 Dipole moment /Debye                   0.03068523     1.51753449    -0.54194660

 Orbital energies:

           1.1          2.1          3.1          4.1          5.1          6.1          7.1          8.1          9.1         10.1
    -20.596426   -11.402322    -1.346712    -0.838911    -0.659743    -0.563719    -0.561235    -0.440404    -0.416347     0.024415

          11.1
      0.038325


 HOMO      9.1    -0.416347 =     -11.3294eV
 LUMO     10.1     0.024415 =       0.6644eV
 LUMO-HOMO         0.440762 =      11.9937eV

 Orbitals saved in record  2101.2


 **********************************************************************************************************************************
 DATASETS  * FILE   NREC   LENGTH (MB)   RECORD NAMES
              1      20      570.60       500      610      700      701      900      950      970     1001      129      960   
                                          VAR    BASINP    GEOM     GEOM    SYMINP    ZMAT    AOBASIS   BASIS     P2S    ABASIS    
                                         1100     1400     1410     1200     1210     1080     1600     1650     1300     1700   
                                           S        T        V       H0       H01     AOSYM     SMH    MOLCAS    ERIS     OPER   

              2      11        3.11       700     1000      520     2100     8500      200     9001      701     1001     2101   
                                         GEOM     BASIS   MCVARS     RHF     CPHF    OPTIONS  DEN_MP2   GEOM     BASIS     RHF  
                                         9001(1)
                                        DEN_MP2    

 PROGRAMS   *        TOTAL    HF-SCF       INT      CCSD    HF-SCF      CCSD    HF-SCF      CCSD    HF-SCF      CCSD    HF-SCF
 CPU TIMES  *     51396.44    164.92     28.32    868.15     29.98    853.92    141.39    802.62    141.61    878.00     87.35
 REAL TIME  *      8093.55 SEC
 DISK USED  *         2.42 GB
 **********************************************************************************************************************************


 PROGRAM * CCSD (Closed-shell coupled cluster)     Authors: C. Hampel, H.-J. Werner, 1991, M. Deegan, P.J. Knowles, 1992


 Convergence thresholds:  THRVAR = 1.00D-12  THRDEN = 1.00D-08

 Using ITF CCSD gradient implementation

 Number of core orbitals:           2 (   2 )
 Number of closed-shell orbitals:   7 (   7 )
 Number of external orbitals:     175 ( 175 )

 Molecular orbitals read from record     2101.2  Type=RHF/CANONICAL (state 1.1)

 Integral transformation finished. Total CPU:  22.07 sec, npass=  1  Memory used:  27.38 MW
  Reference energy                   -114.896421486554

  MP2 correlation energy               -0.461486737504
  MP2 total energy                   -115.357908224058

 ITER.      SQ.NORM     CORR.ENERGY   TOTAL ENERGY   ENERGY CHANGE        DEN1      VAR(S)    VAR(P)  DIIS     TIME
   1      1.16181045    -0.47912946  -115.37555095    -0.01764272    -0.00041292  3.44e-03  3.96e-03  1  1    29.65
   2      1.17921172    -0.48113987  -115.37756135    -0.00201041    -0.01441163  1.52e-04  8.87e-04  2  2    60.14
   3      1.18589840    -0.48197115  -115.37839264    -0.00083128    -0.00232327  1.85e-05  1.97e-04  3  3    90.55
   4      1.19114350    -0.48209097  -115.37851245    -0.00011981    -0.00239292  2.54e-06  3.18e-05  4  4   121.44
   5      1.19318016    -0.48207844  -115.37849993     0.00001252    -0.00073615  1.56e-07  3.71e-06  5  5   156.48
   6      1.19389937    -0.48205885  -115.37848034     0.00001959    -0.00024267  9.23e-09  2.96e-07  6  0   178.54
   7      1.19400721    -0.48205291  -115.37847439     0.00000594    -0.00003667  4.78e-09  4.36e-08  6  1   201.83
   8      1.19402433    -0.48205067  -115.37847216     0.00000223    -0.00000557  9.65e-11  7.06e-09  6  2   226.17
   9      1.19402898    -0.48205046  -115.37847195     0.00000022    -0.00000120  5.97e-11  9.87e-10  6  3   250.87
  10      1.19403205    -0.48205039  -115.37847187     0.00000007    -0.00000082  2.18e-12  8.08e-11  6  4   274.89
  11      1.19403212    -0.48205037  -115.37847185     0.00000002    -0.00000003  2.93e-13  1.12e-11  6  5   295.95
  12      1.19403184    -0.48205038  -115.37847186    -0.00000001     0.00000006  7.51e-14  1.64e-12  6  0   319.04
  13      1.19403156    -0.48205037  -115.37847186     0.00000000     0.00000007  6.36e-15  2.00e-13         341.83

 Norm of t1 vector:      0.07575347     S-energy:      0.00000000   T1 diagnostic:  0.01431606

 Time per iteration:                     26.30 sec

 RESULTS
 =======

  Reference energy                   -114.896421486554
  CCSD correlation energy              -0.482050374509
 !CCSD total energy                  -115.378471861063

 Starting CP-CCSD iterations.   Author: W. Gyorffy (2012)

 ITER.      NRM1           NRM2      VAR(S)+VAR(P)   DIIS    TIME
   1     0.00316295     0.44868413     1.86e-03      1  1   27.12
   2     0.00289698     0.44080758     1.23e-04      2  2   49.30
   3     0.00270193     0.43993814     1.63e-05      3  3   71.85
   4     0.00261183     0.43906300     3.12e-06      4  4   93.99
   5     0.00254908     0.43882837     3.96e-07      5  5  115.73
   6     0.00252355     0.43873901     4.90e-08      6  0  140.96
   7     0.00251491     0.43873073     6.38e-09      6  1  167.42
   8     0.00251201     0.43872934     1.02e-09      6  2  192.43
   9     0.00251102     0.43873006     1.56e-10      6  3  216.05
  10     0.00251082     0.43873061     2.16e-11      6  4  242.19
  11     0.00251079     0.43873071     2.97e-12      6  5  274.28
  12     0.00251078     0.43873072     4.66e-13            311.06


 Time per iteration:                     25.92 sec

 CPHF start vector      0.2 not found

 Starting Coupled-perturbed Hartree-Fock, convergence threshold= 1.0D-06

 ITER   MIC  DIIS      VAR         VARC       CPU
   1     0     1    0.11D-01    0.16D-02    15.51
   2     4     2    0.40D-03    0.89D-04    31.75
   3     4     3    0.88D-05    0.13D-05    47.83
   4     3     4    0.36D-06    0.69D-07    63.25

 CPHF convergence reached in  4 macroiterations and   11 microiterations.   Accuracy: 3.6143D-07

 CPHF solution written to record  8500.2

 Dipole moments (unrelaxed):            0.01341919     0.56579503    -0.20191022
 Orbital relaxation contribution:      -0.00036352     0.00392571    -0.00020705
 !CCSD STATE 1.1 Dipole moment          0.01305567     0.56972074    -0.20211727
 Dipole moment /Debye                   0.03318421     1.44808569    -0.51373086

 CPU-time for coupled-perturbed hartree-fock:         63.26 sec

 Number of N-1 electron functions:               7
 Number of N-2 electron functions:              28
 Number of singly external CSFs:              1225
 Number of doubly external CSFs:            750925
 Total number of CSFs:                      752151

 CCSD gradient info saved on record        55555.1




 **********************************************************************************************************************************
 DATASETS  * FILE   NREC   LENGTH (MB)   RECORD NAMES
              1      22      806.61       500      610      700      701      900      950      970     1001      129      960   
                                          VAR    BASINP    GEOM     GEOM    SYMINP    ZMAT    AOBASIS   BASIS     P2S    ABASIS    
                                         1100     1400     1410     1200     1210     1080     1600     1650     1300     1700   
                                           S        T        V       H0       H01     AOSYM     SMH    MOLCAS    ERIS     OPER   
                                         1380    55555   
                                         JKOP     CCSD   

              2      11        3.11       700     1000      520     2100     8500      200     9001      701     1001     2101   
                                         GEOM     BASIS   MCVARS     RHF     CPHF    OPTIONS  DEN_MP2   GEOM     BASIS     RHF  
                                         9001(1)
                                        DEN_MP2    

 PROGRAMS   *        TOTAL      CCSD    HF-SCF       INT      CCSD    HF-SCF      CCSD    HF-SCF      CCSD    HF-SCF      CCSD
 CPU TIMES  *     52395.41    998.96    164.92     28.32    868.15     29.98    853.92    141.39    802.62    141.61    878.00
 REAL TIME  *      8233.04 SEC
 DISK USED  *         2.42 GB
 **********************************************************************************************************************************

 Inactive variables:    AHH2

 Active variables:      RCO ROH ACOH RCH1 AOCH1 AHH1
                        RCH2 AOCH2 RCH3 AOCH3 AHH3

 Geometry written to block  1 of record 701

 XYZ inputs for each point on the optimization path will be saved in files ch3oh_maxima_mp2_xx.xyz

 Making model hessian for Z-matrix coordinates

 Entering Rational Function Geometry Optimization

 ITER.   ENERGY(OLD)    ENERGY(NEW)      DE          GRADMAX     GRADNORM    GRADRMS     STEPMAX     STEPLEN     STEPRMS   CPU-time
   1  -115.37847186  -115.42944726    -0.05097540  0.09412027  0.18429468  0.05556694  0.16607961  0.29592784  0.02690253   2796.74
   2  -115.42944726  -115.47657895    -0.04713168  0.09185511  0.17041699  0.05138266  0.17251635  0.30000000  0.02727273   4011.61
   3  -115.47657895  -115.51574809    -0.03916914  0.08226183  0.14900701  0.04492730  0.17213304  0.30000000  0.02727273   5377.67
   4  -115.51574809  -115.54061836    -0.02487027  0.06287545  0.11165500  0.03366525  0.17239374  0.30000000  0.02727273   6700.18
   5  -115.54061836  -115.54420860    -0.00359025  0.02866082  0.05018182  0.01513039  0.13676097  0.23713891  0.02155808   7977.77
   6  -115.54420860  -115.54503219    -0.00082359  0.01468484  0.02533019  0.00763734  0.04475938  0.07731596  0.00702872   9278.07
   7  -115.54503219  -115.54505039    -0.00001820  0.00196719  0.00352455  0.00106269  0.00539245  0.00926186  0.00084199  10541.40
   8  -115.54505039  -115.54505179    -0.00000139  0.00086211  0.00093992  0.00028340  0.00168509  0.00243121  0.00022102  11846.19
   9  -115.54505179  -115.54505212    -0.00000034  0.00041720  0.00044639  0.00013459  0.00127648  0.00150356  0.00013669  13088.51
  10  -115.54505212  -115.54505214    -0.00000002  0.00004750  0.00009013  0.00002717  0.00013510  0.00025998  0.00002363  14482.37

 END OF GEOMETRY OPTIMIZATION.

 Optimized variables
 RCO=                 1.42312385 ANGSTROM
 ROH=                 0.95585389 ANGSTROM
 ACOH=              108.75977841 DEGREE
 RCH1=                1.09163041 ANGSTROM
 AOCH1=             110.06784826 DEGREE
 AHH1=             -110.69757706 DEGREE
 RCH2=                1.09115374 ANGSTROM
 AOCH2=             112.02905140 DEGREE
 RCH3=                1.08989125 ANGSTROM
 AOCH3=             108.88057073 DEGREE
 AHH3=              130.08695857 DEGREE

 **********************************************************************************************************************************

 Geometry written to block  1 of record 701

 Recomputing wavefunction for reoriented structure

 Current geometry (xyz format, in Angstrom)


 Dump information in style XYZ to ch3oh_maxima_mp2.xyz                                                            

    6
 CCSD/AUG-CC-PVTZ  ENERGY=-115.54505214
 C          0.0000746111        0.0121754196       -0.7297017180
 O         -0.0005350924       -0.0651982021        0.6913170853
 H          0.0015240336        0.8218216377        1.0474746777
 H         -0.9598160253       -0.3269779826       -1.1237092016
 H          0.1783045187        1.0286477164       -1.0841515211
 H          0.7875920951       -0.6336634544       -1.1177368983

 **********************************************************************************************************************************


 **********************************************************************************************************************************
 DATASETS  * FILE   NREC   LENGTH (MB)   RECORD NAMES
              1      22      958.04       500      610      700      701      900      950      970     1001      129      960   
                                          VAR    BASINP    GEOM     GEOM    SYMINP    ZMAT    AOBASIS   BASIS     P2S    ABASIS    
                                         1100     1400     1410     1200     1210     1080     1600     1650     1300     1700   
                                           S        T        V       H0       H01     AOSYM     SMH    MOLCAS    ERIS     OPER   
                                         1380    55555   
                                         JKOP     CCSD   

              2      11        3.11       700     1000      520     2100     8500      200     9001      701     1001     2101   
                                         GEOM     BASIS   MCVARS     RHF     CPHF    OPTIONS  DEN_MP2   GEOM     BASIS     RHF  
                                         9001(1)
                                        DEN_MP2    

 PROGRAMS   *        TOTAL      OPTG    HF-SCF      CCSD    HF-SCF      CCSD    HF-SCF      CCSD    HF-SCF      CCSD    HF-SCF
 CPU TIMES  *     66588.53    872.83     30.13    983.78    127.26    854.13     99.75    919.59     93.59    860.61     99.09
 REAL TIME  *     10415.22 SEC
 DISK USED  *         2.42 GB
 **********************************************************************************************************************************
 SETTING XXX            =    "MMM"
 SETTING TAU            =         9.79646050  DEGREE                          


 XXX       RCO          ROH          RCH1         RCH2         RCH3           ACOH           AOCH1          AOCH2          AOCH3           AHH1          AHH2           AHH3         TAU
 "MMM"   1.42312385   0.95585389   1.09163041   1.09115374   1.08989125   108.75977841   110.06784826   112.02905140   108.88057073   -110.69757706   10.00000000   130.08695857   9.79646050
                                                  

 DO I                   =      -107.50000000   
 SETTING RCO            =         1.50000000                                  
 SETTING ROH            =         1.00000000                                  
 SETTING RCH1           =         1.50000000                                  
 SETTING RCH2           =         1.50000001                                  
 SETTING RCH3           =         1.50000002                                  
 SETTING ACOH           =       110.00000000                                  
 SETTING AOCH1          =       115.00000000                                  
 SETTING AOCH2          =       115.00000001                                  
 SETTING AOCH3          =       115.00000002                                  
 SETTING AHH1           =      -107.50000000                                  
 SETTING AHH2           =        12.50000000                                  
 SETTING AHH3           =       132.50000000                                  


 PROGRAM * OPT (Geometry optimization)     Authors: F. Eckert and H.-J. Werner


 BFGS update of hessian

 Geometry optimization using procedure=RUNCCSD

 Running procedure: RUNCCSD


 Recomputing integrals since geometry changed


 PROGRAM * SEWARD (Integral evaluation for generally contracted gaussian basis sets)     Author: Roland Lindh, 1990

 Geometry written to block  1 of record 701

 Orientation using atomic masses  
 Molecule type: Asymmetric top
 Rotational constants:      19.1393770     19.7418884     79.0358267 GHz  (calculated with average atomic masses)

 Point group  C1  



 ATOMIC COORDINATES

 NR  ATOM    CHARGE       X              Y              Z

   1  C       6.00   -0.000000003    0.020571051   -1.412779028
   2  O       8.00   -0.000000002   -0.132718373    1.417662317
   3  H       1.00    0.000000038    1.605492811    2.159070914
   4  H1      1.00   -2.450108646   -0.686031847   -2.650751500
   5  H2      1.00    0.556035644    2.589798306   -2.473340974
   6  H3      1.00    1.894073021   -1.647704580   -2.702833241

 Bond lengths in Bohr (Angstrom)

 1-2  2.834589187  2-3  1.889726125
     ( 1.500000000)     ( 1.000000000)

 Bond angles

  1-2-3  110.00000000

 NUCLEAR CHARGE:                   18
 NUMBER OF PRIMITIVE AOS:         242
 NUMBER OF SYMMETRY AOS:          216
 NUMBER OF CONTRACTIONS:          184   (  184A   )
 NUMBER OF INNER CORE ORBITALS:     0   (    0A   )
 NUMBER OF OUTER CORE ORBITALS:     2   (    2A   )
 NUMBER OF VALENCE ORBITALS:       12   (   12A   )


 NUCLEAR REPULSION ENERGY   35.28924637


 Eigenvalues of metric

         1 0.247E-03 0.312E-03 0.418E-03 0.497E-03 0.614E-03 0.709E-03 0.209E-02 0.248E-02


 Contracted 2-electron integrals neglected if value below      1.0D-11
 AO integral compression algorithm  1   Integral accuracy      1.0D-11

     650.641 MB (compressed) written to integral file ( 47.9%)


 NUMBER OF SORTED TWO-ELECTRON INTEGRALS:  144848710.     BUFFER LENGTH:  32768
 NUMBER OF SEGMENTS:  10  SEGMENT LENGTH:   15999503      RECORD LENGTH: 524288

 Memory used in sort:      16.56 MW

 SORT1 READ   169623812. AND WROTE   136807167. INTEGRALS IN    397 RECORDS. CPU TIME:     1.17 SEC, REAL TIME:     1.77 SEC
 SORT2 READ   136807167. AND WROTE   144848710. INTEGRALS IN   2482 RECORDS. CPU TIME:     1.30 SEC, REAL TIME:     1.70 SEC

 FILE SIZES:   FILE 1:   682.2 MBYTE,  FILE 4:  1665.2 MBYTE,   TOTAL:   2347.4 MBYTE

 OPERATOR DM      FOR CENTER  0  COORDINATES:    0.000000    0.000000    0.000000


 **********************************************************************************************************************************
 DATASETS  * FILE   NREC   LENGTH (MB)   RECORD NAMES
              1      20      570.62       500      610      700      701      900      950      970     1001      129      960   
                                          VAR    BASINP    GEOM     GEOM    SYMINP    ZMAT    AOBASIS   BASIS     P2S    ABASIS    
                                         1100     1400     1410     1200     1210     1080     1600     1650     1300     1700   
                                           S        T        V       H0       H01     AOSYM     SMH    MOLCAS    ERIS     OPER   

              2      11        3.11       700     1000      520     2100     8500      200     9001      701     1001     2101   
                                         GEOM     BASIS   MCVARS     RHF     CPHF    OPTIONS  DEN_MP2   GEOM     BASIS     RHF  
                                         9001(1)
                                        DEN_MP2    

 PROGRAMS   *        TOTAL       INT      CCSD    HF-SCF      CCSD    HF-SCF      CCSD    HF-SCF      CCSD    HF-SCF      CCSD
 CPU TIMES  *     66615.01     26.47    872.82     30.13    983.78    127.26    854.13     99.75    919.59     93.59    860.61
 REAL TIME  *     10425.08 SEC
 DISK USED  *         2.42 GB
 **********************************************************************************************************************************


 Program * Restricted Hartree-Fock

 Molecular orbitals read from record     2101.2  Type=RHF/CANONICAL (state 1.1)

 Initial occupancy:   9

 NELEC=   18   SYM=1   MS2= 0   THRE=1.0D-09   THRD=1.0D-07   THRG=1.0D-07  HFMA2=F  DIIS_START=2   DIIS_MAX=10   DIIS_INCORE=F

 Level shifts:    0.00 (CLOSED)    0.00 (OPEN)    0.30 (GAP_MIN)

 ITER           ETOT              DE          GRAD        DDIFF     DIIS  NEXP   TIME(IT)  TIME(TOT)  DIAG
   1     -114.79615275    -114.79615275     0.00D+00     0.51D-01     0     0       9.79      9.80    start
   2     -114.88052247      -0.08436972     0.75D-02     0.16D-01     1     0       9.45     19.25    diag
   3     -114.89411456      -0.01359209     0.29D-02     0.30D-02     2     0       9.51     28.76    diag
   4     -114.89629264      -0.00217808     0.96D-03     0.10D-02     3     0      13.41     42.17    diag
   5     -114.89644058      -0.00014794     0.18D-03     0.27D-03     4     0      10.53     52.70    diag
   6     -114.89645200      -0.00001142     0.56D-04     0.79D-04     5     0      10.33     63.03    diag
   7     -114.89645328      -0.00000128     0.23D-04     0.22D-04     6     0       8.54     71.57    diag
   8     -114.89645346      -0.00000018     0.68D-05     0.92D-05     7     0       9.76     81.33    fixocc
   9     -114.89645347      -0.00000001     0.13D-05     0.21D-05     8     0       8.51     89.84    diag
  10     -114.89645347      -0.00000000     0.29D-06     0.41D-06     9     0       9.51     99.35    diag/orth
  11     -114.89645347      -0.00000000     0.65D-07     0.94D-07     9     0       8.50    107.85    diag
  12     -114.89645347      -0.00000000     0.16D-07     0.16D-07     0     0       8.43    116.28    diag

 Final occupancy:   9

 !RHF STATE 1.1 Energy               -114.896453470848
  RHF One-electron energy            -226.719708176845
  RHF Two-electron energy              76.534008333481
  RHF Kinetic energy                  113.552755640866
  RHF Nuclear energy                   35.289246372517
  RHF Virial quotient                  -1.011833247220

 !RHF STATE 1.1 Dipole moment           0.01469562     0.59518595    -0.21349162
 Dipole moment /Debye                   0.03735254     1.51281179    -0.54264157

 Orbital energies:

           1.1          2.1          3.1          4.1          5.1          6.1          7.1          8.1          9.1         10.1
    -20.596440   -11.402319    -1.346716    -0.838916    -0.659705    -0.563748    -0.561243    -0.440402    -0.416357     0.024428

          11.1
      0.038323


 HOMO      9.1    -0.416357 =     -11.3297eV
 LUMO     10.1     0.024428 =       0.6647eV
 LUMO-HOMO         0.440785 =      11.9944eV

 Orbitals saved in record  2101.2


 **********************************************************************************************************************************
 DATASETS  * FILE   NREC   LENGTH (MB)   RECORD NAMES
              1      20      570.62       500      610      700      701      900      950      970     1001      129      960   
                                          VAR    BASINP    GEOM     GEOM    SYMINP    ZMAT    AOBASIS   BASIS     P2S    ABASIS    
                                         1100     1400     1410     1200     1210     1080     1600     1650     1300     1700   
                                           S        T        V       H0       H01     AOSYM     SMH    MOLCAS    ERIS     OPER   

              2      11        3.11       700     1000      520     2100     8500      200     9001      701     1001     2101   
                                         GEOM     BASIS   MCVARS     RHF     CPHF    OPTIONS  DEN_MP2   GEOM     BASIS     RHF  
                                         9001(1)
                                        DEN_MP2    

 PROGRAMS   *        TOTAL    HF-SCF       INT      CCSD    HF-SCF      CCSD    HF-SCF      CCSD    HF-SCF      CCSD    HF-SCF
 CPU TIMES  *     66731.33    116.30     26.47    872.82     30.13    983.78    127.26    854.13     99.75    919.59     93.59
 REAL TIME  *     10443.42 SEC
 DISK USED  *         2.42 GB
 **********************************************************************************************************************************


 PROGRAM * CCSD (Closed-shell coupled cluster)     Authors: C. Hampel, H.-J. Werner, 1991, M. Deegan, P.J. Knowles, 1992


 Convergence thresholds:  THRVAR = 1.00D-12  THRDEN = 1.00D-08

 Using ITF CCSD gradient implementation

 Number of core orbitals:           2 (   2 )
 Number of closed-shell orbitals:   7 (   7 )
 Number of external orbitals:     175 ( 175 )

 Molecular orbitals read from record     2101.2  Type=RHF/CANONICAL (state 1.1)

 Integral transformation finished. Total CPU:  17.49 sec, npass=  1  Memory used:  27.38 MW
  Reference energy                   -114.896453470848

  MP2 correlation energy               -0.461480363635
  MP2 total energy                   -115.357933834483

 ITER.      SQ.NORM     CORR.ENERGY   TOTAL ENERGY   ENERGY CHANGE        DEN1      VAR(S)    VAR(P)  DIIS     TIME
   1      1.16180646    -0.47912308  -115.37557655    -0.01764272    -0.00041333  3.44e-03  3.96e-03  1  1    23.27
   2      1.17920583    -0.48113316  -115.37758663    -0.00201008    -0.01441127  1.52e-04  8.87e-04  2  2    50.08
   3      1.18589075    -0.48196434  -115.37841781    -0.00083118    -0.00232301  1.85e-05  1.97e-04  3  3    75.53
   4      1.19113400    -0.48208414  -115.37853761    -0.00011980    -0.00239259  2.53e-06  3.18e-05  4  4    97.52
   5      1.19317014    -0.48207163  -115.37852510     0.00001251    -0.00073616  1.56e-07  3.71e-06  5  5   117.06
   6      1.19388931    -0.48205204  -115.37850551     0.00001959    -0.00024274  9.23e-09  2.96e-07  6  0   137.57
   7      1.19399722    -0.48204610  -115.37849957     0.00000594    -0.00003671  4.78e-09  4.36e-08  6  1   157.39
   8      1.19401434    -0.48204386  -115.37849733     0.00000223    -0.00000557  9.64e-11  7.04e-09  6  2   177.87
   9      1.19401898    -0.48204365  -115.37849712     0.00000022    -0.00000120  5.95e-11  9.82e-10  6  3   198.15
  10      1.19402203    -0.48204358  -115.37849705     0.00000007    -0.00000082  2.18e-12  8.06e-11  6  4   218.84
  11      1.19402210    -0.48204356  -115.37849703     0.00000002    -0.00000003  2.93e-13  1.12e-11  6  5   239.22
  12      1.19402182    -0.48204357  -115.37849704    -0.00000001     0.00000006  7.50e-14  1.64e-12  6  0   263.35
  13      1.19402154    -0.48204356  -115.37849703     0.00000000     0.00000007  6.36e-15  2.00e-13         291.03

 Norm of t1 vector:      0.07572732     S-energy:      0.00000000   T1 diagnostic:  0.01431112

 Time per iteration:                     22.39 sec

 RESULTS
 =======

  Reference energy                   -114.896453470848
  CCSD correlation energy              -0.482043563839
 !CCSD total energy                  -115.378497034687

 Starting CP-CCSD iterations.   Author: W. Gyorffy (2012)

 ITER.      NRM1           NRM2      VAR(S)+VAR(P)   DIIS    TIME
   1     0.00316031     0.44866853     1.86e-03      1  1   29.79
   2     0.00289458     0.44079374     1.23e-04      2  2   60.64
   3     0.00269978     0.43992466     1.63e-05      3  3   90.01
   4     0.00260987     0.43905001     3.11e-06      4  4  119.12
   5     0.00254727     0.43881568     3.95e-07      5  5  148.46
   6     0.00252183     0.43872650     4.88e-08      6  0  179.37
   7     0.00251324     0.43871830     6.33e-09      6  1  209.73
   8     0.00251036     0.43871694     1.01e-09      6  2  241.09
   9     0.00250938     0.43871768     1.55e-10      6  3  276.04
  10     0.00250918     0.43871824     2.15e-11      6  4  306.87
  11     0.00250915     0.43871835     2.97e-12      6  5  337.48
  12     0.00250914     0.43871836     4.67e-13            368.97


 Time per iteration:                     30.75 sec

 CPHF start vector      0.2 not found

 Starting Coupled-perturbed Hartree-Fock, convergence threshold= 1.0D-06

 ITER   MIC  DIIS      VAR         VARC       CPU
   1     0     1    0.11D-01    0.16D-02    15.67
   2     4     2    0.40D-03    0.89D-04    30.26
   3     4     3    0.88D-05    0.13D-05    47.53
   4     3     4    0.36D-06    0.69D-07    60.31

 CPHF convergence reached in  4 macroiterations and   11 microiterations.   Accuracy: 3.6161D-07

 CPHF solution written to record  8500.2

 Dipole moments (unrelaxed):            0.01633425     0.56375799    -0.20214828
 Orbital relaxation contribution:      -0.00044239     0.00397634    -0.00020600
 !CCSD STATE 1.1 Dipole moment          0.01589186     0.56773433    -0.20235428
 Dipole moment /Debye                   0.04039308     1.44303674    -0.51433328

 CPU-time for coupled-perturbed hartree-fock:         60.32 sec

 Number of N-1 electron functions:               7
 Number of N-2 electron functions:              28
 Number of singly external CSFs:              1225
 Number of doubly external CSFs:            750925
 Total number of CSFs:                      752151

 CCSD gradient info saved on record        55555.1




 **********************************************************************************************************************************
 DATASETS  * FILE   NREC   LENGTH (MB)   RECORD NAMES
              1      22      806.62       500      610      700      701      900      950      970     1001      129      960   
                                          VAR    BASINP    GEOM     GEOM    SYMINP    ZMAT    AOBASIS   BASIS     P2S    ABASIS    
                                         1100     1400     1410     1200     1210     1080     1600     1650     1300     1700   
                                           S        T        V       H0       H01     AOSYM     SMH    MOLCAS    ERIS     OPER   
                                         1380    55555   
                                         JKOP     CCSD   

              2      11        3.11       700     1000      520     2100     8500      200     9001      701     1001     2101   
                                         GEOM     BASIS   MCVARS     RHF     CPHF    OPTIONS  DEN_MP2   GEOM     BASIS     RHF  
                                         9001(1)
                                        DEN_MP2    

 PROGRAMS   *        TOTAL      CCSD    HF-SCF       INT      CCSD    HF-SCF      CCSD    HF-SCF      CCSD    HF-SCF      CCSD
 CPU TIMES  *     67725.34    994.00    116.30     26.47    872.82     30.13    983.78    127.26    854.13     99.75    919.59
 REAL TIME  *     10582.05 SEC
 DISK USED  *         2.42 GB
 **********************************************************************************************************************************

 Inactive variables:    AHH2

 Active variables:      RCO ROH ACOH RCH1 AOCH1 AHH1
                        RCH2 AOCH2 RCH3 AOCH3 AHH3

 Geometry written to block  1 of record 701

 XYZ inputs for each point on the optimization path will be saved in files ch3oh_maxima_mp2_xx.xyz

 Making model hessian for Z-matrix coordinates

 Entering Rational Function Geometry Optimization

 ITER.   ENERGY(OLD)    ENERGY(NEW)      DE          GRADMAX     GRADNORM    GRADRMS     STEPMAX     STEPLEN     STEPRMS   CPU-time
   1  -115.37849703  -115.42946894    -0.05097191  0.09431007  0.18434090  0.05558087  0.16635470  0.29585335  0.02689576   2433.45
   2  -115.42946894  -115.47661121    -0.04714226  0.09204886  0.17046167  0.05139613  0.17286202  0.30000000  0.02727273   3869.24
   3  -115.47661121  -115.51578711    -0.03917590  0.08242544  0.14903894  0.04493693  0.17244749  0.30000000  0.02727273   5217.49
   4  -115.51578711  -115.54066542    -0.02487832  0.06293729  0.11168153  0.03367325  0.17238173  0.30000000  0.02727273   6408.01
   5  -115.54066542  -115.54426207    -0.00359665  0.02868427  0.05021063  0.01513907  0.13689135  0.23730513  0.02157319   7701.66
   6  -115.54426207  -115.54508627    -0.00082420  0.01479331  0.02534412  0.00764154  0.04474332  0.07734043  0.00703095   8887.97
   7  -115.54508627  -115.54510456    -0.00001829  0.00199619  0.00353231  0.00106503  0.00545911  0.00927231  0.00084294  10315.27
   8  -115.54510456  -115.54510597    -0.00000141  0.00086746  0.00094710  0.00028556  0.00169634  0.00244318  0.00022211  11615.49
   9  -115.54510597  -115.54510631    -0.00000034  0.00041739  0.00044724  0.00013485  0.00127411  0.00150767  0.00013706  12856.25
  10  -115.54510631  -115.54510633    -0.00000002  0.00004776  0.00009132  0.00002753  0.00013877  0.00026740  0.00002431  14139.90

 END OF GEOMETRY OPTIMIZATION.

 Optimized variables
 RCO=                 1.42299767 ANGSTROM
 ROH=                 0.95592847 ANGSTROM
 ACOH=              108.74355835 DEGREE
 RCH1=                1.09183247 ANGSTROM
 AOCH1=             110.20536630 DEGREE
 AHH1=             -108.28312788 DEGREE
 RCH2=                1.09120719 ANGSTROM
 AOCH2=             112.02499205 DEGREE
 RCH3=                1.08968178 ANGSTROM
 AOCH3=             108.73033003 DEGREE
 AHH3=              132.51636625 DEGREE

 **********************************************************************************************************************************

 Geometry written to block  1 of record 701

 Recomputing wavefunction for reoriented structure

 Current geometry (xyz format, in Angstrom)


 Dump information in style XYZ to ch3oh_maxima_mp2.xyz                                                            

    6
 CCSD/AUG-CC-PVTZ  ENERGY=-115.54510633
 C          0.0000858350        0.0121805358       -0.7296357641
 O         -0.0006385444       -0.0651563833        0.6912586141
 H          0.0016834759        0.8220401803        1.0471744901
 H         -0.9735142582       -0.2856050197       -1.1240020487
 H          0.2219412746        1.0199455186       -1.0844921182
 H          0.7590025135       -0.6672775350       -1.1166610644

 **********************************************************************************************************************************


 **********************************************************************************************************************************
 DATASETS  * FILE   NREC   LENGTH (MB)   RECORD NAMES
              1      22      958.56       500      610      700      701      900      950      970     1001      129      960   
                                          VAR    BASINP    GEOM     GEOM    SYMINP    ZMAT    AOBASIS   BASIS     P2S    ABASIS    
                                         1100     1400     1410     1200     1210     1080     1600     1650     1300     1700   
                                           S        T        V       H0       H01     AOSYM     SMH    MOLCAS    ERIS     OPER   
                                         1380    55555   
                                         JKOP     CCSD   

              2      11        3.11       700     1000      520     2100     8500      200     9001      701     1001     2101   
                                         GEOM     BASIS   MCVARS     RHF     CPHF    OPTIONS  DEN_MP2   GEOM     BASIS     RHF  
                                         9001(1)
                                        DEN_MP2    

 PROGRAMS   *        TOTAL      OPTG    HF-SCF      CCSD    HF-SCF      CCSD    HF-SCF      CCSD    HF-SCF      CCSD    HF-SCF
 CPU TIMES  *     81591.45    840.28     22.73    915.47     94.09    840.36    101.10    871.60    123.62    916.35    148.51
 REAL TIME  *     12738.21 SEC
 DISK USED  *         2.42 GB
 **********************************************************************************************************************************
 SETTING XXX            =    "MMM"
 SETTING TAU            =        12.24441279  DEGREE                          


 XXX       RCO          ROH          RCH1         RCH2         RCH3           ACOH           AOCH1          AOCH2          AOCH3           AHH1          AHH2           AHH3          TAU
 "MMM"   1.42299767   0.95592847   1.09183247   1.09120719   1.08968178   108.74355835   110.20536630   112.02499205   108.73033003   -108.28312788   12.50000000   132.51636625   12.24441279
                                                  

 DO I                   =      -105.00000000   
 SETTING RCO            =         1.50000000                                  
 SETTING ROH            =         1.00000000                                  
 SETTING RCH1           =         1.50000000                                  
 SETTING RCH2           =         1.50000001                                  
 SETTING RCH3           =         1.50000002                                  
 SETTING ACOH           =       110.00000000                                  
 SETTING AOCH1          =       115.00000000                                  
 SETTING AOCH2          =       115.00000001                                  
 SETTING AOCH3          =       115.00000002                                  
 SETTING AHH1           =      -105.00000000                                  
 SETTING AHH2           =        15.00000000                                  
 SETTING AHH3           =       135.00000000                                  


 PROGRAM * OPT (Geometry optimization)     Authors: F. Eckert and H.-J. Werner


 BFGS update of hessian

 Geometry optimization using procedure=RUNCCSD

 Running procedure: RUNCCSD


 Recomputing integrals since geometry changed


 PROGRAM * SEWARD (Integral evaluation for generally contracted gaussian basis sets)     Author: Roland Lindh, 1990

 Geometry written to block  1 of record 701

 Orientation using atomic masses  
 Molecule type: Asymmetric top
 Rotational constants:      19.1393770     19.7418884     79.0358267 GHz  (calculated with average atomic masses)

 Point group  C1  



 ATOMIC COORDINATES

 NR  ATOM    CHARGE       X              Y              Z

   1  C       6.00   -0.000000003    0.020571051   -1.412779028
   2  O       8.00   -0.000000001   -0.132718373    1.417662317
   3  H       1.00    0.000000037    1.605492811    2.159070914
   4  H1      1.00   -2.481473369   -0.578581808   -2.644932283
   5  H2      1.00    0.664908835    2.563196187   -2.474781676
   6  H3      1.00    1.816564553   -1.728552501   -2.707211757

 Bond lengths in Bohr (Angstrom)

 1-2  2.834589187  2-3  1.889726125
     ( 1.500000000)     ( 1.000000000)

 Bond angles

  1-2-3  110.00000000

 NUCLEAR CHARGE:                   18
 NUMBER OF PRIMITIVE AOS:         242
 NUMBER OF SYMMETRY AOS:          216
 NUMBER OF CONTRACTIONS:          184   (  184A   )
 NUMBER OF INNER CORE ORBITALS:     0   (    0A   )
 NUMBER OF OUTER CORE ORBITALS:     2   (    2A   )
 NUMBER OF VALENCE ORBITALS:       12   (   12A   )


 NUCLEAR REPULSION ENERGY   35.28915198


 Eigenvalues of metric

         1 0.246E-03 0.313E-03 0.420E-03 0.495E-03 0.616E-03 0.708E-03 0.210E-02 0.249E-02


 Contracted 2-electron integrals neglected if value below      1.0D-11
 AO integral compression algorithm  1   Integral accuracy      1.0D-11

     650.379 MB (compressed) written to integral file ( 47.9%)


 NUMBER OF SORTED TWO-ELECTRON INTEGRALS:  144848710.     BUFFER LENGTH:  32768
 NUMBER OF SEGMENTS:  10  SEGMENT LENGTH:   15999503      RECORD LENGTH: 524288

 Memory used in sort:      16.56 MW

 SORT1 READ   169623812. AND WROTE   136783659. INTEGRALS IN    397 RECORDS. CPU TIME:     1.19 SEC, REAL TIME:     1.88 SEC
 SORT2 READ   136783659. AND WROTE   144848710. INTEGRALS IN   2481 RECORDS. CPU TIME:     1.26 SEC, REAL TIME:     1.69 SEC

 FILE SIZES:   FILE 1:   681.9 MBYTE,  FILE 4:  1665.2 MBYTE,   TOTAL:   2347.1 MBYTE

 OPERATOR DM      FOR CENTER  0  COORDINATES:    0.000000    0.000000    0.000000


 **********************************************************************************************************************************
 DATASETS  * FILE   NREC   LENGTH (MB)   RECORD NAMES
              1      20      570.52       500      610      700      701      900      950      970     1001      129      960   
                                          VAR    BASINP    GEOM     GEOM    SYMINP    ZMAT    AOBASIS   BASIS     P2S    ABASIS    
                                         1100     1400     1410     1200     1210     1080     1600     1650     1300     1700   
                                           S        T        V       H0       H01     AOSYM     SMH    MOLCAS    ERIS     OPER   

              2      11        3.11       700     1000      520     2100     8500      200     9001      701     1001     2101   
                                         GEOM     BASIS   MCVARS     RHF     CPHF    OPTIONS  DEN_MP2   GEOM     BASIS     RHF  
                                         9001(1)
                                        DEN_MP2    

 PROGRAMS   *        TOTAL       INT      CCSD    HF-SCF      CCSD    HF-SCF      CCSD    HF-SCF      CCSD    HF-SCF      CCSD
 CPU TIMES  *     81616.33     24.88    840.28     22.73    915.47     94.09    840.36    101.10    871.60    123.62    916.35
 REAL TIME  *     12747.92 SEC
 DISK USED  *         2.42 GB
 **********************************************************************************************************************************


 Program * Restricted Hartree-Fock

 Molecular orbitals read from record     2101.2  Type=RHF/CANONICAL (state 1.1)

 Initial occupancy:   9

 NELEC=   18   SYM=1   MS2= 0   THRE=1.0D-09   THRD=1.0D-07   THRG=1.0D-07  HFMA2=F  DIIS_START=2   DIIS_MAX=10   DIIS_INCORE=F

 Level shifts:    0.00 (CLOSED)    0.00 (OPEN)    0.30 (GAP_MIN)

 ITER           ETOT              DE          GRAD        DDIFF     DIIS  NEXP   TIME(IT)  TIME(TOT)  DIAG
   1     -114.79625214    -114.79625214     0.00D+00     0.51D-01     0     0       9.81      9.82    start
   2     -114.88056901      -0.08431686     0.75D-02     0.16D-01     1     0       9.49     19.31    diag
   3     -114.89415284      -0.01358383     0.29D-02     0.30D-02     2     0       9.45     28.76    diag
   4     -114.89633070      -0.00217787     0.96D-03     0.10D-02     3     0      28.40     57.16    diag
   5     -114.89647850      -0.00014780     0.18D-03     0.27D-03     4     0       9.80     66.96    diag
   6     -114.89648990      -0.00001140     0.56D-04     0.79D-04     5     0       9.64     76.60    diag
   7     -114.89649119      -0.00000129     0.23D-04     0.22D-04     6     0      10.09     86.69    diag
   8     -114.89649137      -0.00000018     0.67D-05     0.91D-05     7     0      10.92     97.61    fixocc
   9     -114.89649138      -0.00000001     0.13D-05     0.21D-05     8     0       9.75    107.36    diag
  10     -114.89649138      -0.00000000     0.29D-06     0.41D-06     9     0       9.39    116.75    diag/orth
  11     -114.89649138      -0.00000000     0.65D-07     0.94D-07     9     0       9.80    126.55    diag
  12     -114.89649138      -0.00000000     0.16D-07     0.16D-07     0     0      11.67    138.22    diag

 Final occupancy:   9

 !RHF STATE 1.1 Energy               -114.896491376904
  RHF One-electron energy            -226.719530452880
  RHF Two-electron energy              76.533887093200
  RHF Kinetic energy                  113.552664038973
  RHF Nuclear energy                   35.289151982777
  RHF Virial quotient                  -1.011834397276

 !RHF STATE 1.1 Dipole moment           0.01706569     0.59298198    -0.21381597
 Dipole moment /Debye                   0.04337665     1.50720987    -0.54346598

 Orbital energies:

           1.1          2.1          3.1          4.1          5.1          6.1          7.1          8.1          9.1         10.1
    -20.596456   -11.402315    -1.346720    -0.838921    -0.659660    -0.563783    -0.561253    -0.440401    -0.416369     0.024444

          11.1
      0.038321


 HOMO      9.1    -0.416369 =     -11.3300eV
 LUMO     10.1     0.024444 =       0.6651eV
 LUMO-HOMO         0.440813 =      11.9951eV

 Orbitals saved in record  2101.2


 **********************************************************************************************************************************
 DATASETS  * FILE   NREC   LENGTH (MB)   RECORD NAMES
              1      20      570.52       500      610      700      701      900      950      970     1001      129      960   
                                          VAR    BASINP    GEOM     GEOM    SYMINP    ZMAT    AOBASIS   BASIS     P2S    ABASIS    
                                         1100     1400     1410     1200     1210     1080     1600     1650     1300     1700   
                                           S        T        V       H0       H01     AOSYM     SMH    MOLCAS    ERIS     OPER   

              2      11        3.11       700     1000      520     2100     8500      200     9001      701     1001     2101   
                                         GEOM     BASIS   MCVARS     RHF     CPHF    OPTIONS  DEN_MP2   GEOM     BASIS     RHF  
                                         9001(1)
                                        DEN_MP2    

 PROGRAMS   *        TOTAL    HF-SCF       INT      CCSD    HF-SCF      CCSD    HF-SCF      CCSD    HF-SCF      CCSD    HF-SCF
 CPU TIMES  *     81754.65    138.31     24.88    840.28     22.73    915.47     94.09    840.36    101.10    871.60    123.62
 REAL TIME  *     12769.65 SEC
 DISK USED  *         2.42 GB
 **********************************************************************************************************************************


 PROGRAM * CCSD (Closed-shell coupled cluster)     Authors: C. Hampel, H.-J. Werner, 1991, M. Deegan, P.J. Knowles, 1992


 Convergence thresholds:  THRVAR = 1.00D-12  THRDEN = 1.00D-08

 Using ITF CCSD gradient implementation

 Number of core orbitals:           2 (   2 )
 Number of closed-shell orbitals:   7 (   7 )
 Number of external orbitals:     175 ( 175 )

 Molecular orbitals read from record     2101.2  Type=RHF/CANONICAL (state 1.1)

 Integral transformation finished. Total CPU:  17.06 sec, npass=  1  Memory used:  27.38 MW
  Reference energy                   -114.896491376904

  MP2 correlation energy               -0.461472827332
  MP2 total energy                   -115.357964204236

 ITER.      SQ.NORM     CORR.ENERGY   TOTAL ENERGY   ENERGY CHANGE        DEN1      VAR(S)    VAR(P)  DIIS     TIME
   1      1.16180173    -0.47911554  -115.37560692    -0.01764271    -0.00041381  3.44e-03  3.96e-03  1  1    21.36
   2      1.17919884    -0.48112524  -115.37761662    -0.00200970    -0.01441084  1.52e-04  8.87e-04  2  2    45.29
   3      1.18588168    -0.48195629  -115.37844767    -0.00083105    -0.00232269  1.85e-05  1.97e-04  3  3    69.79
   4      1.19112276    -0.48207607  -115.37856744    -0.00011977    -0.00239220  2.53e-06  3.18e-05  4  4    94.22
   5      1.19315828    -0.48206358  -115.37855496     0.00001249    -0.00073618  1.56e-07  3.71e-06  5  5   118.39
   6      1.19387739    -0.48204400  -115.37853537     0.00001958    -0.00024281  9.23e-09  2.95e-07  6  0   140.66
   7      1.19398538    -0.48203805  -115.37852943     0.00000595    -0.00003675  4.78e-09  4.35e-08  6  1   160.81
   8      1.19400249    -0.48203581  -115.37852719     0.00000224    -0.00000558  9.63e-11  7.02e-09  6  2   181.80
   9      1.19400711    -0.48203560  -115.37852697     0.00000022    -0.00000120  5.94e-11  9.78e-10  6  3   205.16
  10      1.19401015    -0.48203552  -115.37852690     0.00000007    -0.00000081  2.18e-12  8.04e-11  6  4   229.24
  11      1.19401022    -0.48203550  -115.37852688     0.00000002    -0.00000003  2.93e-13  1.12e-11  6  5   250.05
  12      1.19400993    -0.48203551  -115.37852689    -0.00000001     0.00000006  7.50e-14  1.64e-12  6  0   270.09
  13      1.19400965    -0.48203551  -115.37852689     0.00000000     0.00000007  6.36e-15  2.00e-13         291.29

 Norm of t1 vector:      0.07569630     S-energy:      0.00000000   T1 diagnostic:  0.01430526

 Time per iteration:                     22.41 sec

 RESULTS
 =======

  Reference energy                   -114.896491376904
  CCSD correlation energy              -0.482035512872
 !CCSD total energy                  -115.378526889776

 Starting CP-CCSD iterations.   Author: W. Gyorffy (2012)

 ITER.      NRM1           NRM2      VAR(S)+VAR(P)   DIIS    TIME
   1     0.00315718     0.44864999     1.86e-03      1  1   22.59
   2     0.00289174     0.44077728     1.23e-04      2  2   44.19
   3     0.00269723     0.43990864     1.63e-05      3  3   80.00
   4     0.00260754     0.43903458     3.11e-06      4  4  101.76
   5     0.00254512     0.43880060     3.93e-07      5  5  131.44
   6     0.00251980     0.43871164     4.85e-08      6  0  154.50
   7     0.00251126     0.43870351     6.26e-09      6  1  178.52
   8     0.00250840     0.43870220     1.00e-09      6  2  210.93
   9     0.00250743     0.43870296     1.53e-10      6  3  237.29
  10     0.00250723     0.43870353     2.14e-11      6  4  265.99
  11     0.00250720     0.43870365     2.96e-12      6  5  293.47
  12     0.00250720     0.43870366     4.68e-13            318.92


 Time per iteration:                     26.58 sec

 CPHF start vector      0.2 not found

 Starting Coupled-perturbed Hartree-Fock, convergence threshold= 1.0D-06

 ITER   MIC  DIIS      VAR         VARC       CPU
   1     0     1    0.11D-01    0.16D-02    14.55
   2     4     2    0.40D-03    0.89D-04    32.52
   3     4     3    0.88D-05    0.13D-05    50.16
   4     3     4    0.36D-06    0.70D-07    68.45

 CPHF convergence reached in  4 macroiterations and   11 microiterations.   Accuracy: 3.6183D-07

 CPHF solution written to record  8500.2

 Dipole moments (unrelaxed):            0.01896768     0.56134194    -0.20243079
 Orbital relaxation contribution:      -0.00051360     0.00403637    -0.00020473
 !CCSD STATE 1.1 Dipole moment          0.01845409     0.56537831    -0.20263553
 Dipole moment /Debye                   0.04690561     1.43704833    -0.51504814

 CPU-time for coupled-perturbed hartree-fock:         68.45 sec

 Number of N-1 electron functions:               7
 Number of N-2 electron functions:              28
 Number of singly external CSFs:              1225
 Number of doubly external CSFs:            750925
 Total number of CSFs:                      752151

 CCSD gradient info saved on record        55555.1




 **********************************************************************************************************************************
 DATASETS  * FILE   NREC   LENGTH (MB)   RECORD NAMES
              1      22      806.52       500      610      700      701      900      950      970     1001      129      960   
                                          VAR    BASINP    GEOM     GEOM    SYMINP    ZMAT    AOBASIS   BASIS     P2S    ABASIS    
                                         1100     1400     1410     1200     1210     1080     1600     1650     1300     1700   
                                           S        T        V       H0       H01     AOSYM     SMH    MOLCAS    ERIS     OPER   
                                         1380    55555   
                                         JKOP     CCSD   

              2      11        3.11       700     1000      520     2100     8500      200     9001      701     1001     2101   
                                         GEOM     BASIS   MCVARS     RHF     CPHF    OPTIONS  DEN_MP2   GEOM     BASIS     RHF  
                                         9001(1)
                                        DEN_MP2    

 PROGRAMS   *        TOTAL      CCSD    HF-SCF       INT      CCSD    HF-SCF      CCSD    HF-SCF      CCSD    HF-SCF      CCSD
 CPU TIMES  *     82714.39    959.73    138.31     24.88    840.28     22.73    915.47     94.09    840.36    101.10    871.60
 REAL TIME  *     12905.05 SEC
 DISK USED  *         2.42 GB
 **********************************************************************************************************************************

 Inactive variables:    AHH2

 Active variables:      RCO ROH ACOH RCH1 AOCH1 AHH1
                        RCH2 AOCH2 RCH3 AOCH3 AHH3

 Geometry written to block  1 of record 701

 XYZ inputs for each point on the optimization path will be saved in files ch3oh_maxima_mp2_xx.xyz

 Making model hessian for Z-matrix coordinates

 Entering Rational Function Geometry Optimization

 ITER.   ENERGY(OLD)    ENERGY(NEW)      DE          GRADMAX     GRADNORM    GRADRMS     STEPMAX     STEPLEN     STEPRMS   CPU-time
   1  -115.37852689  -115.42949470    -0.05096781  0.09449924  0.18439575  0.05559741  0.16661763  0.29576527  0.02688775   2499.99
   2  -115.42949470  -115.47664950    -0.04715480  0.09224155  0.17051465  0.05141210  0.17320038  0.30000000  0.02727273   3920.43
   3  -115.47664950  -115.51583341    -0.03918391  0.08258834  0.14907689  0.04494837  0.17275662  0.30000000  0.02727273   5666.03
   4  -115.51583341  -115.54072104    -0.02488763  0.06299928  0.11171306  0.03368275  0.17236522  0.30000000  0.02727273   7108.38
   5  -115.54072104  -115.54432539    -0.00360435  0.02871557  0.05024653  0.01514990  0.13706234  0.23754317  0.02159483   8428.58
   6  -115.54432539  -115.54515053    -0.00082514  0.01490825  0.02536385  0.00764749  0.04474586  0.07737936  0.00703449   9686.46
   7  -115.54515053  -115.54516893    -0.00001840  0.00203654  0.00354237  0.00106806  0.00555066  0.00929245  0.00084477  11164.83
   8  -115.54516893  -115.54517037    -0.00000143  0.00087270  0.00095487  0.00028791  0.00170794  0.00246498  0.00022409  13018.12
   9  -115.54517037  -115.54517071    -0.00000034  0.00041846  0.00044886  0.00013534  0.00127266  0.00150838  0.00013713  14779.05
  10  -115.54517071  -115.54517073    -0.00000002  0.00004809  0.00009257  0.00002791  0.00014216  0.00027191  0.00002472  16425.82

 END OF GEOMETRY OPTIMIZATION.

 Optimized variables
 RCO=                 1.42284764 ANGSTROM
 ROH=                 0.95601710 ANGSTROM
 ACOH=              108.72422319 DEGREE
 RCH1=                1.09202613 ANGSTROM
 AOCH1=             110.33917647 DEGREE
 AHH1=             -105.87202792 DEGREE
 RCH2=                1.09127123 ANGSTROM
 AOCH2=             112.02031191 DEGREE
 RCH3=                1.08947870 ANGSTROM
 AOCH3=             108.58132308 DEGREE
 AHH3=              134.94550237 DEGREE

 **********************************************************************************************************************************

 Geometry written to block  1 of record 701

 Recomputing wavefunction for reoriented structure

 Current geometry (xyz format, in Angstrom)


 Dump information in style XYZ to ch3oh_maxima_mp2.xyz                                                            

    6
 CCSD/AUG-CC-PVTZ  ENERGY=-115.54517073
 C          0.0000918125        0.0121879252       -0.7295572379
 O         -0.0007234846       -0.0651066343        0.6911891516
 H          0.0017072056        0.8223004457        1.0468174197
 H         -0.9853947926       -0.2439532095       -1.1241822897
 H          0.2649762261        1.0093994114       -1.0849139492
 H          0.7291014233       -0.6995212413       -1.1155350664

 **********************************************************************************************************************************


 **********************************************************************************************************************************
 DATASETS  * FILE   NREC   LENGTH (MB)   RECORD NAMES
              1      22      958.70       500      610      700      701      900      950      970     1001      129      960   
                                          VAR    BASINP    GEOM     GEOM    SYMINP    ZMAT    AOBASIS   BASIS     P2S    ABASIS    
                                         1100     1400     1410     1200     1210     1080     1600     1650     1300     1700   
                                           S        T        V       H0       H01     AOSYM     SMH    MOLCAS    ERIS     OPER   
                                         1380    55555   
                                         JKOP     CCSD   

              2      11        3.11       700     1000      520     2100     8500      200     9001      701     1001     2101   
                                         GEOM     BASIS   MCVARS     RHF     CPHF    OPTIONS  DEN_MP2   GEOM     BASIS     RHF  
                                         9001(1)
                                        DEN_MP2    

 PROGRAMS   *        TOTAL      OPTG    HF-SCF      CCSD    HF-SCF      CCSD    HF-SCF      CCSD    HF-SCF      CCSD    HF-SCF
 CPU TIMES  *     99511.23   1437.16     56.77   1062.59    102.29   1354.45     98.55   1431.71    112.17   1065.15    104.60
 REAL TIME  *     15536.19 SEC
 DISK USED  *         2.42 GB
 **********************************************************************************************************************************
 SETTING XXX            =    "MMM"
 SETTING TAU            =        14.69115815  DEGREE                          


 XXX       RCO          ROH          RCH1         RCH2         RCH3           ACOH           AOCH1          AOCH2          AOCH3           AHH1          AHH2           AHH3          TAU
 "MMM"   1.42284764   0.95601710   1.09202613   1.09127123   1.08947870   108.72422319   110.33917647   112.02031191   108.58132308   -105.87202792   15.00000000   134.94550237   14.69115815
                                                  

 DO I                   =      -102.50000000   
 SETTING RCO            =         1.50000000                                  
 SETTING ROH            =         1.00000000                                  
 SETTING RCH1           =         1.50000000                                  
 SETTING RCH2           =         1.50000001                                  
 SETTING RCH3           =         1.50000002                                  
 SETTING ACOH           =       110.00000000                                  
 SETTING AOCH1          =       115.00000000                                  
 SETTING AOCH2          =       115.00000001                                  
 SETTING AOCH3          =       115.00000002                                  
 SETTING AHH1           =      -102.50000000                                  
 SETTING AHH2           =        17.50000000                                  
 SETTING AHH3           =       137.50000000                                  


 PROGRAM * OPT (Geometry optimization)     Authors: F. Eckert and H.-J. Werner


 BFGS update of hessian

 Geometry optimization using procedure=RUNCCSD

 Running procedure: RUNCCSD


 Recomputing integrals since geometry changed


 PROGRAM * SEWARD (Integral evaluation for generally contracted gaussian basis sets)     Author: Roland Lindh, 1990

 Geometry written to block  1 of record 701

 Orientation using atomic masses  
 Molecule type: Asymmetric top
 Rotational constants:      19.1393770     19.7418884     79.0358267 GHz  (calculated with average atomic masses)

 Point group  C1  



 ATOMIC COORDINATES

 NR  ATOM    CHARGE       X              Y              Z

   1  C       6.00   -0.000000003    0.020571052   -1.412779028
   2  O       8.00   -0.000000001   -0.132718373    1.417662317
   3  H       1.00    0.000000035    1.605492811    2.159070914
   4  H1      1.00   -2.508114467   -0.469867931   -2.639044618
   5  H2      1.00    0.772516333    2.531877355   -2.476477823
   6  H3      1.00    1.735598152   -1.805947546   -2.711403274

 Bond lengths in Bohr (Angstrom)

 1-2  2.834589187  2-3  1.889726125
     ( 1.500000000)     ( 1.000000000)

 Bond angles

  1-2-3  110.00000000

 NUCLEAR CHARGE:                   18
 NUMBER OF PRIMITIVE AOS:         242
 NUMBER OF SYMMETRY AOS:          216
 NUMBER OF CONTRACTIONS:          184   (  184A   )
 NUMBER OF INNER CORE ORBITALS:     0   (    0A   )
 NUMBER OF OUTER CORE ORBITALS:     2   (    2A   )
 NUMBER OF VALENCE ORBITALS:       12   (   12A   )


 NUCLEAR REPULSION ENERGY   35.28904444


 Eigenvalues of metric

         1 0.244E-03 0.314E-03 0.423E-03 0.493E-03 0.618E-03 0.707E-03 0.210E-02 0.249E-02


 Contracted 2-electron integrals neglected if value below      1.0D-11
 AO integral compression algorithm  1   Integral accuracy      1.0D-11

     650.117 MB (compressed) written to integral file ( 47.9%)


 NUMBER OF SORTED TWO-ELECTRON INTEGRALS:  144848710.     BUFFER LENGTH:  32768
 NUMBER OF SEGMENTS:  10  SEGMENT LENGTH:   15999503      RECORD LENGTH: 524288

 Memory used in sort:      16.56 MW

 SORT1 READ   169623812. AND WROTE   136739431. INTEGRALS IN    397 RECORDS. CPU TIME:     1.39 SEC, REAL TIME:     2.06 SEC
 SORT2 READ   136739431. AND WROTE   144848710. INTEGRALS IN   2480 RECORDS. CPU TIME:     1.29 SEC, REAL TIME:     1.70 SEC

 FILE SIZES:   FILE 1:   681.7 MBYTE,  FILE 4:  1665.2 MBYTE,   TOTAL:   2346.8 MBYTE

 OPERATOR DM      FOR CENTER  0  COORDINATES:    0.000000    0.000000    0.000000


 **********************************************************************************************************************************
 DATASETS  * FILE   NREC   LENGTH (MB)   RECORD NAMES
              1      20      570.22       500      610      700      701      900      950      970     1001      129      960   
                                          VAR    BASINP    GEOM     GEOM    SYMINP    ZMAT    AOBASIS   BASIS     P2S    ABASIS    
                                         1100     1400     1410     1200     1210     1080     1600     1650     1300     1700   
                                           S        T        V       H0       H01     AOSYM     SMH    MOLCAS    ERIS     OPER   

              2      11        3.11       700     1000      520     2100     8500      200     9001      701     1001     2101   
                                         GEOM     BASIS   MCVARS     RHF     CPHF    OPTIONS  DEN_MP2   GEOM     BASIS     RHF  
                                         9001(1)
                                        DEN_MP2    

 PROGRAMS   *        TOTAL       INT      CCSD    HF-SCF      CCSD    HF-SCF      CCSD    HF-SCF      CCSD    HF-SCF      CCSD
 CPU TIMES  *     99536.49     25.26   1437.16     56.77   1062.59    102.29   1354.45     98.55   1431.71    112.17   1065.15
 REAL TIME  *     15546.15 SEC
 DISK USED  *         2.42 GB
 **********************************************************************************************************************************


 Program * Restricted Hartree-Fock

 Molecular orbitals read from record     2101.2  Type=RHF/CANONICAL (state 1.1)

 Initial occupancy:   9

 NELEC=   18   SYM=1   MS2= 0   THRE=1.0D-09   THRD=1.0D-07   THRG=1.0D-07  HFMA2=F  DIIS_START=2   DIIS_MAX=10   DIIS_INCORE=F

 Level shifts:    0.00 (CLOSED)    0.00 (OPEN)    0.30 (GAP_MIN)

 ITER           ETOT              DE          GRAD        DDIFF     DIIS  NEXP   TIME(IT)  TIME(TOT)  DIAG
   1     -114.79635886    -114.79635886     0.00D+00     0.51D-01     0     0      10.01     10.02    start
   2     -114.88062034      -0.08426148     0.75D-02     0.16D-01     1     0      12.85     22.87    diag
   3     -114.89419599      -0.01357565     0.29D-02     0.30D-02     2     0       9.82     32.69    diag
   4     -114.89637397      -0.00217797     0.96D-03     0.10D-02     3     0       9.73     42.42    diag
   5     -114.89652167      -0.00014770     0.18D-03     0.27D-03     4     0      10.16     52.58    diag
   6     -114.89653305      -0.00001138     0.56D-04     0.79D-04     5     0       9.30     61.88    diag
   7     -114.89653434      -0.00000130     0.23D-04     0.23D-04     6     0       9.87     71.75    diag
   8     -114.89653452      -0.00000018     0.67D-05     0.91D-05     7     0      10.00     81.75    fixocc
   9     -114.89653453      -0.00000001     0.13D-05     0.21D-05     8     0      19.04    100.79    diag
  10     -114.89653453      -0.00000000     0.29D-06     0.41D-06     9     0      11.66    112.45    diag/orth
  11     -114.89653453      -0.00000000     0.65D-07     0.93D-07     9     0       9.98    122.43    diag
  12     -114.89653453      -0.00000000     0.15D-07     0.16D-07     0     0       9.85    132.28    diag

 Final occupancy:   9

 !RHF STATE 1.1 Energy               -114.896534531247
  RHF One-electron energy            -226.719328071177
  RHF Two-electron energy              76.533749095935
  RHF Kinetic energy                  113.552559991418
  RHF Nuclear energy                   35.289044443995
  RHF Virial quotient                  -1.011835704452

 !RHF STATE 1.1 Dipole moment           0.01914211     0.59047035    -0.21418560
 Dipole moment /Debye                   0.04865439     1.50082594    -0.54440550

 Orbital energies:

           1.1          2.1          3.1          4.1          5.1          6.1          7.1          8.1          9.1         10.1
    -20.596475   -11.402310    -1.346724    -0.838928    -0.659608    -0.563823    -0.561264    -0.440400    -0.416383     0.024461

          11.1
      0.038318


 HOMO      9.1    -0.416383 =     -11.3304eV
 LUMO     10.1     0.024461 =       0.6656eV
 LUMO-HOMO         0.440844 =      11.9960eV

 Orbitals saved in record  2101.2


 **********************************************************************************************************************************
 DATASETS  * FILE   NREC   LENGTH (MB)   RECORD NAMES
              1      20      570.22       500      610      700      701      900      950      970     1001      129      960   
                                          VAR    BASINP    GEOM     GEOM    SYMINP    ZMAT    AOBASIS   BASIS     P2S    ABASIS    
                                         1100     1400     1410     1200     1210     1080     1600     1650     1300     1700   
                                           S        T        V       H0       H01     AOSYM     SMH    MOLCAS    ERIS     OPER   

              2      11        3.11       700     1000      520     2100     8500      200     9001      701     1001     2101   
                                         GEOM     BASIS   MCVARS     RHF     CPHF    OPTIONS  DEN_MP2   GEOM     BASIS     RHF  
                                         9001(1)
                                        DEN_MP2    

 PROGRAMS   *        TOTAL    HF-SCF       INT      CCSD    HF-SCF      CCSD    HF-SCF      CCSD    HF-SCF      CCSD    HF-SCF
 CPU TIMES  *     99668.83    132.33     25.26   1437.16     56.77   1062.59    102.29   1354.45     98.55   1431.71    112.17
 REAL TIME  *     15570.89 SEC
 DISK USED  *         2.42 GB
 **********************************************************************************************************************************


 PROGRAM * CCSD (Closed-shell coupled cluster)     Authors: C. Hampel, H.-J. Werner, 1991, M. Deegan, P.J. Knowles, 1992


 Convergence thresholds:  THRVAR = 1.00D-12  THRDEN = 1.00D-08

 Using ITF CCSD gradient implementation

 Number of core orbitals:           2 (   2 )
 Number of closed-shell orbitals:   7 (   7 )
 Number of external orbitals:     175 ( 175 )

 Molecular orbitals read from record     2101.2  Type=RHF/CANONICAL (state 1.1)

 Integral transformation finished. Total CPU:  19.90 sec, npass=  1  Memory used:  27.38 MW
  Reference energy                   -114.896534531247

  MP2 correlation energy               -0.461464271184
  MP2 total energy                   -115.357998802431

 ITER.      SQ.NORM     CORR.ENERGY   TOTAL ENERGY   ENERGY CHANGE        DEN1      VAR(S)    VAR(P)  DIIS     TIME
   1      1.16179634    -0.47910698  -115.37564151    -0.01764271    -0.00041436  3.44e-03  3.96e-03  1  1    30.88
   2      1.17919088    -0.48111624  -115.37765078    -0.00200926    -0.01441036  1.52e-04  8.87e-04  2  2    54.34
   3      1.18587135    -0.48194715  -115.37848168    -0.00083091    -0.00232233  1.85e-05  1.97e-04  3  3    78.89
   4      1.19110999    -0.48206690  -115.37860143    -0.00011975    -0.00239176  2.53e-06  3.18e-05  4  4   100.40
   5      1.19314481    -0.48205444  -115.37858897     0.00001247    -0.00073619  1.56e-07  3.71e-06  5  5   122.35
   6      1.19386383    -0.48203486  -115.37856939     0.00001958    -0.00024290  9.23e-09  2.95e-07  6  0   148.69
   7      1.19397189    -0.48202891  -115.37856344     0.00000595    -0.00003679  4.78e-09  4.34e-08  6  1   168.14
   8      1.19398899    -0.48202667  -115.37856121     0.00000224    -0.00000558  9.63e-11  7.00e-09  6  2   189.07
   9      1.19399360    -0.48202646  -115.37856099     0.00000022    -0.00000120  5.93e-11  9.73e-10  6  3   211.29
  10      1.19399662    -0.48202639  -115.37856092     0.00000007    -0.00000081  2.18e-12  8.03e-11  6  4   232.99
  11      1.19399669    -0.48202637  -115.37856090     0.00000002    -0.00000002  2.93e-13  1.12e-11  6  5   253.31
  12      1.19399640    -0.48202638  -115.37856091    -0.00000001     0.00000006  7.49e-14  1.64e-12  6  0   287.93
  13      1.19399612    -0.48202637  -115.37856091     0.00000000     0.00000008  6.37e-15  2.00e-13         309.62

 Norm of t1 vector:      0.07566093     S-energy:      0.00000000   T1 diagnostic:  0.01429857

 Time per iteration:                     23.82 sec

 RESULTS
 =======

  Reference energy                   -114.896534531247
  CCSD correlation energy              -0.482026374788
 !CCSD total energy                  -115.378560906035

 Starting CP-CCSD iterations.   Author: W. Gyorffy (2012)

 ITER.      NRM1           NRM2      VAR(S)+VAR(P)   DIIS    TIME
   1     0.00315361     0.44862882     1.86e-03      1  1   37.28
   2     0.00288849     0.44075848     1.23e-04      2  2   63.54
   3     0.00269433     0.43989035     1.63e-05      3  3  101.69
   4     0.00260488     0.43901694     3.10e-06      4  4  131.86
   5     0.00254267     0.43878337     3.92e-07      5  5  160.83
   6     0.00251748     0.43869466     4.82e-08      6  0  199.84
   7     0.00250900     0.43868663     6.19e-09      6  1  276.77
   8     0.00250617     0.43868536     9.87e-10      6  2  336.72
   9     0.00250521     0.43868615     1.50e-10      6  3  414.12
  10     0.00250501     0.43868673     2.13e-11      6  4  453.32
  11     0.00250498     0.43868685     2.96e-12      6  5  475.80
  12     0.00250498     0.43868687     4.68e-13            547.47


 Time per iteration:                     45.62 sec

 CPHF start vector      0.2 not found

 Starting Coupled-perturbed Hartree-Fock, convergence threshold= 1.0D-06

 ITER   MIC  DIIS      VAR         VARC       CPU
   1     0     1    0.11D-01    0.16D-02    10.92
   2     4     2    0.40D-03    0.89D-04    22.40
   3     4     3    0.88D-05    0.13D-05    42.74
   4     3     4    0.36D-06    0.70D-07    56.02

 CPHF convergence reached in  4 macroiterations and   11 microiterations.   Accuracy: 3.6206D-07

 CPHF solution written to record  8500.2

 Dipole moments (unrelaxed):            0.02127437     0.55858894    -0.20275291
 Orbital relaxation contribution:      -0.00057590     0.00410472    -0.00020327
 !CCSD STATE 1.1 Dipole moment          0.02069847     0.56269366    -0.20295618
 Dipole moment /Debye                   0.05261027     1.43022463    -0.51586315

 CPU-time for coupled-perturbed hartree-fock:         56.03 sec

 Number of N-1 electron functions:               7
 Number of N-2 electron functions:              28
 Number of singly external CSFs:              1225
 Number of doubly external CSFs:            750925
 Total number of CSFs:                      752151

 CCSD gradient info saved on record        55555.1




 **********************************************************************************************************************************
 DATASETS  * FILE   NREC   LENGTH (MB)   RECORD NAMES
              1      22      806.23       500      610      700      701      900      950      970     1001      129      960   
                                          VAR    BASINP    GEOM     GEOM    SYMINP    ZMAT    AOBASIS   BASIS     P2S    ABASIS    
                                         1100     1400     1410     1200     1210     1080     1600     1650     1300     1700   
                                           S        T        V       H0       H01     AOSYM     SMH    MOLCAS    ERIS     OPER   
                                         1380    55555   
                                         JKOP     CCSD   

              2      11        3.11       700     1000      520     2100     8500      200     9001      701     1001     2101   
                                         GEOM     BASIS   MCVARS     RHF     CPHF    OPTIONS  DEN_MP2   GEOM     BASIS     RHF  
                                         9001(1)
                                        DEN_MP2    

 PROGRAMS   *        TOTAL      CCSD    HF-SCF       INT      CCSD    HF-SCF      CCSD    HF-SCF      CCSD    HF-SCF      CCSD
 CPU TIMES  *    100976.52   1307.68    132.33     25.26   1437.16     56.77   1062.59    102.29   1354.45     98.55   1431.71
 REAL TIME  *     15766.93 SEC
 DISK USED  *         2.42 GB
 **********************************************************************************************************************************

 Inactive variables:    AHH2

 Active variables:      RCO ROH ACOH RCH1 AOCH1 AHH1
                        RCH2 AOCH2 RCH3 AOCH3 AHH3

 Geometry written to block  1 of record 701

 XYZ inputs for each point on the optimization path will be saved in files ch3oh_maxima_mp2_xx.xyz

 Making model hessian for Z-matrix coordinates

 Entering Rational Function Geometry Optimization

 ITER.   ENERGY(OLD)    ENERGY(NEW)      DE          GRADMAX     GRADNORM    GRADRMS     STEPMAX     STEPLEN     STEPRMS   CPU-time
   1  -115.37856091  -115.42952471    -0.05096380  0.09468670  0.18445827  0.05561626  0.16686984  0.29566855  0.02687896   3083.02
   2  -115.42952471  -115.47669377    -0.04716906  0.09243205  0.17057494  0.05143028  0.17353028  0.30000000  0.02727273   5491.79
   3  -115.47669377  -115.51588613    -0.03919236  0.08274944  0.14911985  0.04496133  0.17305242  0.30000000  0.02727273   7462.65
   4  -115.51588613  -115.54078426    -0.02489813  0.06306521  0.11174777  0.03369322  0.17234197  0.30000000  0.02727273   8997.99
   5  -115.54078426  -115.54439748    -0.00361321  0.02875437  0.05028830  0.01516249  0.13727169  0.23783340  0.02162122  10687.62
   6  -115.54439748  -115.54522392    -0.00082644  0.01502521  0.02538969  0.00765528  0.04475504  0.07743566  0.00703961  12224.58
   7  -115.54522392  -115.54524246    -0.00001854  0.00207592  0.00355468  0.00107178  0.00564058  0.00931758  0.00084705  13700.13
   8  -115.54524246  -115.54524392    -0.00000146  0.00087908  0.00096420  0.00029072  0.00172218  0.00249191  0.00022654  15469.26
   9  -115.54524392  -115.54524426    -0.00000034  0.00041986  0.00045089  0.00013595  0.00127158  0.00150971  0.00013725  17002.31
  10  -115.54524426  -115.54524428    -0.00000002  0.00004903  0.00009400  0.00002834  0.00014599  0.00027688  0.00002517  18753.35

 END OF GEOMETRY OPTIMIZATION.

 Optimized variables
 RCO=                 1.42267645 ANGSTROM
 ROH=                 0.95611838 ANGSTROM
 ACOH=              108.70213070 DEGREE
 RCH1=                1.09220987 ANGSTROM
 AOCH1=             110.46859992 DEGREE
 AHH1=             -103.46392423 DEGREE
 RCH2=                1.09134510 ANGSTROM
 AOCH2=             112.01510747 DEGREE
 RCH3=                1.08928333 ANGSTROM
 AOCH3=             108.43447431 DEGREE
 AHH3=              137.37456344 DEGREE

 **********************************************************************************************************************************

 Geometry written to block  1 of record 701

 Recomputing wavefunction for reoriented structure

 Current geometry (xyz format, in Angstrom)


 Dump information in style XYZ to ch3oh_maxima_mp2.xyz                                                            

    6
 CCSD/AUG-CC-PVTZ  ENERGY=-115.54524428
 C          0.0000926670        0.0121981091       -0.7294675308
 O         -0.0007881490       -0.0650498242        0.6911099133
 H          0.0015926685        0.8225977766        1.0464103933
 H         -0.9954726712       -0.2021040370       -1.1242416901
 H          0.3073286586        0.9970527453       -1.0854190898
 H          0.6979576663       -0.7303442017       -1.1143747043

 **********************************************************************************************************************************


 **********************************************************************************************************************************
 DATASETS  * FILE   NREC   LENGTH (MB)   RECORD NAMES
              1      22      958.72       500      610      700      701      900      950      970     1001      129      960   
                                          VAR    BASINP    GEOM     GEOM    SYMINP    ZMAT    AOBASIS   BASIS     P2S    ABASIS    
                                         1100     1400     1410     1200     1210     1080     1600     1650     1300     1700   
                                           S        T        V       H0       H01     AOSYM     SMH    MOLCAS    ERIS     OPER   
                                         1380    55555   
                                         JKOP     CCSD   

              2      11        3.11       700     1000      520     2100     8500      200     9001      701     1001     2101   
                                         GEOM     BASIS   MCVARS     RHF     CPHF    OPTIONS  DEN_MP2   GEOM     BASIS     RHF  
                                         9001(1)
                                        DEN_MP2    

 PROGRAMS   *        TOTAL      OPTG    HF-SCF      CCSD    HF-SCF      CCSD    HF-SCF      CCSD    HF-SCF      CCSD    HF-SCF
 CPU TIMES  *    119173.42    880.83     27.99   1096.02     97.63   1088.25    141.16   1061.39    113.35    806.55    406.01
 REAL TIME  *     18603.18 SEC
 DISK USED  *         2.42 GB
 **********************************************************************************************************************************
 SETTING XXX            =    "MMM"
 SETTING TAU            =        17.13687974  DEGREE                          


 XXX       RCO          ROH          RCH1         RCH2         RCH3           ACOH           AOCH1          AOCH2          AOCH3           AHH1          AHH2           AHH3          TAU
 "MMM"   1.42267645   0.95611838   1.09220987   1.09134510   1.08928333   108.70213070   110.46859992   112.01510747   108.43447431   -103.46392423   17.50000000   137.37456344   17.13687974
                                                  

 DO I                   =      -100.00000000   
 SETTING RCO            =         1.50000000                                  
 SETTING ROH            =         1.00000000                                  
 SETTING RCH1           =         1.50000000                                  
 SETTING RCH2           =         1.50000001                                  
 SETTING RCH3           =         1.50000002                                  
 SETTING ACOH           =       110.00000000                                  
 SETTING AOCH1          =       115.00000000                                  
 SETTING AOCH2          =       115.00000001                                  
 SETTING AOCH3          =       115.00000002                                  
 SETTING AHH1           =      -100.00000000                                  
 SETTING AHH2           =        20.00000000                                  
 SETTING AHH3           =       140.00000000                                  


 PROGRAM * OPT (Geometry optimization)     Authors: F. Eckert and H.-J. Werner


 BFGS update of hessian

 Geometry optimization using procedure=RUNCCSD

 Running procedure: RUNCCSD


 Recomputing integrals since geometry changed


 PROGRAM * SEWARD (Integral evaluation for generally contracted gaussian basis sets)     Author: Roland Lindh, 1990

 Geometry written to block  1 of record 701

 Orientation using atomic masses  
 Molecule type: Asymmetric top
 Rotational constants:      19.1393770     19.7418884     79.0358267 GHz  (calculated with average atomic masses)

 Point group  C1  



 ATOMIC COORDINATES

 NR  ATOM    CHARGE       X              Y              Z

   1  C       6.00   -0.000000003    0.020571052   -1.412779028
   2  O       8.00   -0.000000001   -0.132718373    1.417662317
   3  H       1.00    0.000000032    1.605492811    2.159070914
   4  H1      1.00   -2.529981227   -0.360097158   -2.633099716
   5  H2      1.00    0.878653303    2.495901427   -2.478426187
   6  H3      1.00    1.651327941   -1.879742392   -2.715399813

 Bond lengths in Bohr (Angstrom)

 1-2  2.834589187  2-3  1.889726125
     ( 1.500000000)     ( 1.000000000)

 Bond angles

  1-2-3  110.00000000

 NUCLEAR CHARGE:                   18
 NUMBER OF PRIMITIVE AOS:         242
 NUMBER OF SYMMETRY AOS:          216
 NUMBER OF CONTRACTIONS:          184   (  184A   )
 NUMBER OF INNER CORE ORBITALS:     0   (    0A   )
 NUMBER OF OUTER CORE ORBITALS:     2   (    2A   )
 NUMBER OF VALENCE ORBITALS:       12   (   12A   )


 NUCLEAR REPULSION ENERGY   35.28892563


 Eigenvalues of metric

         1 0.242E-03 0.316E-03 0.425E-03 0.491E-03 0.620E-03 0.706E-03 0.211E-02 0.249E-02


 Contracted 2-electron integrals neglected if value below      1.0D-11
 AO integral compression algorithm  1   Integral accuracy      1.0D-11

     649.855 MB (compressed) written to integral file ( 47.9%)


 NUMBER OF SORTED TWO-ELECTRON INTEGRALS:  144848710.     BUFFER LENGTH:  32768
 NUMBER OF SEGMENTS:  10  SEGMENT LENGTH:   15999503      RECORD LENGTH: 524288

 Memory used in sort:      16.56 MW

 SORT1 READ   169623812. AND WROTE   136707286. INTEGRALS IN    397 RECORDS. CPU TIME:     1.22 SEC, REAL TIME:     1.96 SEC
 SORT2 READ   136707286. AND WROTE   144848710. INTEGRALS IN   2479 RECORDS. CPU TIME:     1.28 SEC, REAL TIME:     1.68 SEC

 FILE SIZES:   FILE 1:   681.4 MBYTE,  FILE 4:  1665.2 MBYTE,   TOTAL:   2346.6 MBYTE

 OPERATOR DM      FOR CENTER  0  COORDINATES:    0.000000    0.000000    0.000000


 **********************************************************************************************************************************
 DATASETS  * FILE   NREC   LENGTH (MB)   RECORD NAMES
              1      20      569.99       500      610      700      701      900      950      970     1001      129      960   
                                          VAR    BASINP    GEOM     GEOM    SYMINP    ZMAT    AOBASIS   BASIS     P2S    ABASIS    
                                         1100     1400     1410     1200     1210     1080     1600     1650     1300     1700   
                                           S        T        V       H0       H01     AOSYM     SMH    MOLCAS    ERIS     OPER   

              2      11        3.11       700     1000      520     2100     8500      200     9001      701     1001     2101   
                                         GEOM     BASIS   MCVARS     RHF     CPHF    OPTIONS  DEN_MP2   GEOM     BASIS     RHF  
                                         9001(1)
                                        DEN_MP2    

 PROGRAMS   *        TOTAL       INT      CCSD    HF-SCF      CCSD    HF-SCF      CCSD    HF-SCF      CCSD    HF-SCF      CCSD
 CPU TIMES  *    119196.98     23.55    880.83     27.99   1096.02     97.63   1088.25    141.16   1061.39    113.35    806.55
 REAL TIME  *     18612.49 SEC
 DISK USED  *         2.42 GB
 **********************************************************************************************************************************


 Program * Restricted Hartree-Fock

 Molecular orbitals read from record     2101.2  Type=RHF/CANONICAL (state 1.1)

 Initial occupancy:   9

 NELEC=   18   SYM=1   MS2= 0   THRE=1.0D-09   THRD=1.0D-07   THRG=1.0D-07  HFMA2=F  DIIS_START=2   DIIS_MAX=10   DIIS_INCORE=F

 Level shifts:    0.00 (CLOSED)    0.00 (OPEN)    0.30 (GAP_MIN)

 ITER           ETOT              DE          GRAD        DDIFF     DIIS  NEXP   TIME(IT)  TIME(TOT)  DIAG
   1     -114.79646965    -114.79646965     0.00D+00     0.51D-01     0     0      18.32     18.33    start
   2     -114.88067539      -0.08420574     0.75D-02     0.16D-01     1     0       9.68     28.01    diag
   3     -114.89424321      -0.01356783     0.29D-02     0.30D-02     2     0       9.36     37.37    diag
   4     -114.89642166      -0.00217845     0.96D-03     0.10D-02     3     0       9.38     46.75    diag
   5     -114.89656932      -0.00014766     0.18D-03     0.27D-03     4     0      10.07     56.82    diag
   6     -114.89658068      -0.00001136     0.56D-04     0.79D-04     5     0       9.26     66.08    diag
   7     -114.89658198      -0.00000130     0.24D-04     0.23D-04     6     0       9.52     75.60    diag
   8     -114.89658216      -0.00000018     0.67D-05     0.91D-05     7     0      22.33     97.93    fixocc
   9     -114.89658217      -0.00000001     0.13D-05     0.21D-05     8     0      14.76    112.69    diag
  10     -114.89658217      -0.00000000     0.29D-06     0.41D-06     9     0       9.83    122.52    diag/orth
  11     -114.89658217      -0.00000000     0.64D-07     0.93D-07     9     0       8.55    131.07    diag
  12     -114.89658217      -0.00000000     0.15D-07     0.15D-07     0     0       9.16    140.23    diag

 Final occupancy:   9

 !RHF STATE 1.1 Energy               -114.896582171152
  RHF One-electron energy            -226.719104599228
  RHF Two-electron energy              76.533596798560
  RHF Kinetic energy                  113.552445434968
  RHF Nuclear energy                   35.288925629516
  RHF Virial quotient                  -1.011837144775

 !RHF STATE 1.1 Dipole moment           0.02088944     0.58769457    -0.21459412
 Dipole moment /Debye                   0.05309566     1.49377060    -0.54544384

 Orbital energies:

           1.1          2.1          3.1          4.1          5.1          6.1          7.1          8.1          9.1         10.1
    -20.596496   -11.402305    -1.346729    -0.838935    -0.659551    -0.563867    -0.561276    -0.440399    -0.416398     0.024481

          11.1
      0.038315


 HOMO      9.1    -0.416398 =     -11.3308eV
 LUMO     10.1     0.024481 =       0.6662eV
 LUMO-HOMO         0.440879 =      11.9969eV

 Orbitals saved in record  2101.2


 **********************************************************************************************************************************
 DATASETS  * FILE   NREC   LENGTH (MB)   RECORD NAMES
              1      20      569.99       500      610      700      701      900      950      970     1001      129      960   
                                          VAR    BASINP    GEOM     GEOM    SYMINP    ZMAT    AOBASIS   BASIS     P2S    ABASIS    
                                         1100     1400     1410     1200     1210     1080     1600     1650     1300     1700   
                                           S        T        V       H0       H01     AOSYM     SMH    MOLCAS    ERIS     OPER   

              2      11        3.11       700     1000      520     2100     8500      200     9001      701     1001     2101   
                                         GEOM     BASIS   MCVARS     RHF     CPHF    OPTIONS  DEN_MP2   GEOM     BASIS     RHF  
                                         9001(1)
                                        DEN_MP2    

 PROGRAMS   *        TOTAL    HF-SCF       INT      CCSD    HF-SCF      CCSD    HF-SCF      CCSD    HF-SCF      CCSD    HF-SCF
 CPU TIMES  *    119337.24    140.26     23.55    880.83     27.99   1096.02     97.63   1088.25    141.16   1061.39    113.35
 REAL TIME  *     18634.75 SEC
 DISK USED  *         2.42 GB
 **********************************************************************************************************************************


 PROGRAM * CCSD (Closed-shell coupled cluster)     Authors: C. Hampel, H.-J. Werner, 1991, M. Deegan, P.J. Knowles, 1992


 Convergence thresholds:  THRVAR = 1.00D-12  THRDEN = 1.00D-08

 Using ITF CCSD gradient implementation

 Number of core orbitals:           2 (   2 )
 Number of closed-shell orbitals:   7 (   7 )
 Number of external orbitals:     175 ( 175 )

 Molecular orbitals read from record     2101.2  Type=RHF/CANONICAL (state 1.1)

 Integral transformation finished. Total CPU:  17.33 sec, npass=  1  Memory used:  27.38 MW
  Reference energy                   -114.896582171152

  MP2 correlation energy               -0.461454855400
  MP2 total energy                   -115.358037026552

 ITER.      SQ.NORM     CORR.ENERGY   TOTAL ENERGY   ENERGY CHANGE        DEN1      VAR(S)    VAR(P)  DIIS     TIME
   1      1.16179039    -0.47909757  -115.37567974    -0.01764271    -0.00041497  3.44e-03  3.96e-03  1  1    20.67
   2      1.17918209    -0.48110635  -115.37768852    -0.00200878    -0.01440984  1.52e-04  8.87e-04  2  2    43.67
   3      1.18585993    -0.48193710  -115.37851927    -0.00083075    -0.00232194  1.85e-05  1.97e-04  3  3    64.99
   4      1.19109592    -0.48205682  -115.37863899    -0.00011972    -0.00239130  2.52e-06  3.18e-05  4  4    88.00
   5      1.19312998    -0.48204438  -115.37862655     0.00001244    -0.00073621  1.55e-07  3.71e-06  5  5   109.36
   6      1.19384887    -0.48202481  -115.37860698     0.00001957    -0.00024298  9.22e-09  2.95e-07  6  0   131.23
   7      1.19395700    -0.48201886  -115.37860103     0.00000595    -0.00003684  4.78e-09  4.33e-08  6  1   156.63
   8      1.19397408    -0.48201662  -115.37859879     0.00000224    -0.00000557  9.62e-11  6.97e-09  6  2   180.03
   9      1.19397867    -0.48201640  -115.37859858     0.00000022    -0.00000119  5.92e-11  9.68e-10  6  3   201.17
  10      1.19398168    -0.48201633  -115.37859850     0.00000007    -0.00000081  2.17e-12  8.01e-11  6  4   226.27
  11      1.19398174    -0.48201631  -115.37859848     0.00000002    -0.00000002  2.93e-13  1.12e-11  6  5   250.57
  12      1.19398145    -0.48201632  -115.37859849    -0.00000001     0.00000006  7.49e-14  1.64e-12  6  0   274.19
  13      1.19398117    -0.48201632  -115.37859849     0.00000000     0.00000008  6.38e-15  2.00e-13         297.18

 Norm of t1 vector:      0.07562184     S-energy:      0.00000000   T1 diagnostic:  0.01429118

 Time per iteration:                     22.86 sec

 RESULTS
 =======

  Reference energy                   -114.896582171152
  CCSD correlation energy              -0.482016321215
 !CCSD total energy                  -115.378598492367

 Starting CP-CCSD iterations.   Author: W. Gyorffy (2012)

 ITER.      NRM1           NRM2      VAR(S)+VAR(P)   DIIS    TIME
   1     0.00314966     0.44860538     1.85e-03      1  1   25.24
   2     0.00288490     0.44073766     1.23e-04      2  2   47.26
   3     0.00269111     0.43987009     1.62e-05      3  3   70.41
   4     0.00260195     0.43899740     3.09e-06      4  4   92.45
   5     0.00253996     0.43876427     3.90e-07      5  5  117.81
   6     0.00251491     0.43867583     4.78e-08      6  0  139.86
   7     0.00250649     0.43866791     6.11e-09      6  1  164.53
   8     0.00250369     0.43866670     9.70e-10      6  2  188.52
   9     0.00250275     0.43866751     1.48e-10      6  3  212.52
  10     0.00250256     0.43866811     2.11e-11      6  4  235.92
  11     0.00250253     0.43866824     2.94e-12      6  5  258.30
  12     0.00250252     0.43866827     4.67e-13            280.00


 Time per iteration:                     23.33 sec

 CPHF start vector      0.2 not found

 Starting Coupled-perturbed Hartree-Fock, convergence threshold= 1.0D-06

 ITER   MIC  DIIS      VAR         VARC       CPU
   1     0     1    0.11D-01    0.16D-02     8.38
   2     4     2    0.40D-03    0.89D-04    17.31
   3     4     3    0.88D-05    0.13D-05    26.94
   4     3     4    0.36D-06    0.71D-07    35.71

 CPHF convergence reached in  4 macroiterations and   11 microiterations.   Accuracy: 3.6232D-07

 CPHF solution written to record  8500.2

 Dipole moments (unrelaxed):            0.02321496     0.55554678    -0.20310909
 Orbital relaxation contribution:      -0.00062825     0.00418021    -0.00020162
 !CCSD STATE 1.1 Dipole moment          0.02258672     0.55972698    -0.20331071
 Dipole moment /Debye                   0.05740971     1.42268408    -0.51676429

 CPU-time for coupled-perturbed hartree-fock:         35.71 sec

 Number of N-1 electron functions:               7
 Number of N-2 electron functions:              28
 Number of singly external CSFs:              1225
 Number of doubly external CSFs:            750925
 Total number of CSFs:                      752151

 CCSD gradient info saved on record        55555.1




 **********************************************************************************************************************************
 DATASETS  * FILE   NREC   LENGTH (MB)   RECORD NAMES
              1      22      805.99       500      610      700      701      900      950      970     1001      129      960   
                                          VAR    BASINP    GEOM     GEOM    SYMINP    ZMAT    AOBASIS   BASIS     P2S    ABASIS    
                                         1100     1400     1410     1200     1210     1080     1600     1650     1300     1700   
                                           S        T        V       H0       H01     AOSYM     SMH    MOLCAS    ERIS     OPER   
                                         1380    55555   
                                         JKOP     CCSD   

              2      11        3.11       700     1000      520     2100     8500      200     9001      701     1001     2101   
                                         GEOM     BASIS   MCVARS     RHF     CPHF    OPTIONS  DEN_MP2   GEOM     BASIS     RHF  
                                         9001(1)
                                        DEN_MP2    

 PROGRAMS   *        TOTAL      CCSD    HF-SCF       INT      CCSD    HF-SCF      CCSD    HF-SCF      CCSD    HF-SCF      CCSD
 CPU TIMES  *    120181.50    844.24    140.26     23.55    880.83     27.99   1096.02     97.63   1088.25    141.16   1061.39
 REAL TIME  *     18755.53 SEC
 DISK USED  *         2.42 GB
 **********************************************************************************************************************************

 Inactive variables:    AHH2

 Active variables:      RCO ROH ACOH RCH1 AOCH1 AHH1
                        RCH2 AOCH2 RCH3 AOCH3 AHH3

 Geometry written to block  1 of record 701

 XYZ inputs for each point on the optimization path will be saved in files ch3oh_maxima_mp2_xx.xyz

 Making model hessian for Z-matrix coordinates

 Entering Rational Function Geometry Optimization

 ITER.   ENERGY(OLD)    ENERGY(NEW)      DE          GRADMAX     GRADNORM    GRADRMS     STEPMAX     STEPLEN     STEPRMS   CPU-time
   1  -115.37859849  -115.42955845    -0.05095996  0.09487134  0.18452740  0.05563710  0.16711075  0.29556458  0.02686951   2400.03
   2  -115.42955845  -115.47674346    -0.04718501  0.09261917  0.17064156  0.05145037  0.17385001  0.30000000  0.02727273   3687.84
   3  -115.47674346  -115.51594562    -0.03920215  0.08290764  0.14916681  0.04497549  0.17334839  0.30000000  0.02727273   5163.88
   4  -115.51594562  -115.54085506    -0.02490944  0.06312427  0.11178681  0.03370499  0.17232360  0.30000000  0.02727273   6355.42
   5  -115.54085506  -115.54447774    -0.00362268  0.02879001  0.05033108  0.01517539  0.13747014  0.23813093  0.02164827   7617.09
   6  -115.54447774  -115.54530527    -0.00082753  0.01514056  0.02541285  0.00766226  0.04474731  0.07747874  0.00704352   8855.17
   7  -115.54530527  -115.54532394    -0.00001867  0.00211187  0.00356662  0.00107538  0.00572285  0.00934185  0.00084926  10161.01
   8  -115.54532394  -115.54532543    -0.00000149  0.00088560  0.00097369  0.00029358  0.00173643  0.00251874  0.00022898  11347.71
   9  -115.54532543  -115.54532578    -0.00000035  0.00042109  0.00045275  0.00013651  0.00126954  0.00150976  0.00013725  12594.28
  10  -115.54532578  -115.54532580    -0.00000002  0.00005071  0.00009550  0.00002879  0.00015009  0.00028184  0.00002562  14051.37

 END OF GEOMETRY OPTIMIZATION.

 Optimized variables
 RCO=                 1.42248697 ANGSTROM
 ROH=                 0.95623064 ANGSTROM
 ACOH=              108.67765194 DEGREE
 RCH1=                1.09238243 ANGSTROM
 AOCH1=             110.59329344 DEGREE
 AHH1=             -101.05886017 DEGREE
 RCH2=                1.09142800 ANGSTROM
 AOCH2=             112.00951312 DEGREE
 RCH3=                1.08909666 ANGSTROM
 AOCH3=             108.29038861 DEGREE
 AHH3=              139.80333494 DEGREE

 **********************************************************************************************************************************

 Geometry written to block  1 of record 701

 Recomputing wavefunction for reoriented structure

 Current geometry (xyz format, in Angstrom)


 Dump information in style XYZ to ch3oh_maxima_mp2.xyz                                                            

    6
 CCSD/AUG-CC-PVTZ  ENERGY=-115.54532580
 C          0.0000882495        0.0122116992       -0.7293681105
 O         -0.0008314077       -0.0649868391        0.6910222276
 H          0.0013400760        0.8229270367        1.0459606300
 H         -1.0037640835       -0.1601387002       -1.1241784524
 H          0.3489241508        0.9829510962       -1.0860102393
 H          0.6656454800       -0.7596988801       -1.1131898933

 **********************************************************************************************************************************


 **********************************************************************************************************************************
 DATASETS  * FILE   NREC   LENGTH (MB)   RECORD NAMES
              1      22      958.50       500      610      700      701      900      950      970     1001      129      960   
                                          VAR    BASINP    GEOM     GEOM    SYMINP    ZMAT    AOBASIS   BASIS     P2S    ABASIS    
                                         1100     1400     1410     1200     1210     1080     1600     1650     1300     1700   
                                           S        T        V       H0       H01     AOSYM     SMH    MOLCAS    ERIS     OPER   
                                         1380    55555   
                                         JKOP     CCSD   

              2      11        3.11       700     1000      520     2100     8500      200     9001      701     1001     2101   
                                         GEOM     BASIS   MCVARS     RHF     CPHF    OPTIONS  DEN_MP2   GEOM     BASIS     RHF  
                                         9001(1)
                                        DEN_MP2    

 PROGRAMS   *        TOTAL      OPTG    HF-SCF      CCSD    HF-SCF      CCSD    HF-SCF      CCSD    HF-SCF      CCSD    HF-SCF
 CPU TIMES  *    137291.69   4000.84     66.03   1057.47     91.41    782.34    126.11    771.79    114.12    846.65    156.28
 REAL TIME  *     21976.36 SEC
 DISK USED  *         2.42 GB
 **********************************************************************************************************************************
 SETTING XXX            =    "MMM"
 SETTING TAU            =        19.58149159  DEGREE                          


 XXX       RCO          ROH          RCH1         RCH2         RCH3           ACOH           AOCH1          AOCH2          AOCH3           AHH1          AHH2           AHH3          TAU
 "MMM"   1.42248697   0.95623064   1.09238243   1.09142800   1.08909666   108.67765194   110.59329344   112.00951312   108.29038861   -101.05886017   20.00000000   139.80333494   19.58149159
                                                  

 DO I                   =       -97.50000000   
 SETTING RCO            =         1.50000000                                  
 SETTING ROH            =         1.00000000                                  
 SETTING RCH1           =         1.50000000                                  
 SETTING RCH2           =         1.50000001                                  
 SETTING RCH3           =         1.50000002                                  
 SETTING ACOH           =       110.00000000                                  
 SETTING AOCH1          =       115.00000000                                  
 SETTING AOCH2          =       115.00000001                                  
 SETTING AOCH3          =       115.00000002                                  
 SETTING AHH1           =       -97.50000000                                  
 SETTING AHH2           =        22.50000000                                  
 SETTING AHH3           =       142.50000000                                  


 PROGRAM * OPT (Geometry optimization)     Authors: F. Eckert and H.-J. Werner


 BFGS update of hessian

 Geometry optimization using procedure=RUNCCSD

 Running procedure: RUNCCSD


 Recomputing integrals since geometry changed


 PROGRAM * SEWARD (Integral evaluation for generally contracted gaussian basis sets)     Author: Roland Lindh, 1990

 Geometry written to block  1 of record 701

 Orientation using atomic masses  
 Molecule type: Asymmetric top
 Rotational constants:      19.1393770     19.7418884     79.0358267 GHz  (calculated with average atomic masses)

 Point group  C1  



 ATOMIC COORDINATES

 NR  ATOM    CHARGE       X              Y              Z

   1  C       6.00   -0.000000003    0.020571052   -1.412779028
   2  O       8.00   -0.000000001   -0.132718373    1.417662317
   3  H       1.00    0.000000030    1.605492810    2.159070915
   4  H1      1.00   -2.547032023   -0.249478444   -2.627108890
   5  H2      1.00    0.983117705    2.455336886   -2.480623058
   6  H3      1.00    1.563914335   -1.949796566   -2.719193767

 Bond lengths in Bohr (Angstrom)

 1-2  2.834589187  2-3  1.889726125
     ( 1.500000000)     ( 1.000000000)

 Bond angles

  1-2-3  110.00000000

 NUCLEAR CHARGE:                   18
 NUMBER OF PRIMITIVE AOS:         242
 NUMBER OF SYMMETRY AOS:          216
 NUMBER OF CONTRACTIONS:          184   (  184A   )
 NUMBER OF INNER CORE ORBITALS:     0   (    0A   )
 NUMBER OF OUTER CORE ORBITALS:     2   (    2A   )
 NUMBER OF VALENCE ORBITALS:       12   (   12A   )


 NUCLEAR REPULSION ENERGY   35.28879760


 Eigenvalues of metric

         1 0.240E-03 0.317E-03 0.428E-03 0.489E-03 0.622E-03 0.705E-03 0.211E-02 0.249E-02


 Contracted 2-electron integrals neglected if value below      1.0D-11
 AO integral compression algorithm  1   Integral accuracy      1.0D-11

     649.331 MB (compressed) written to integral file ( 47.8%)


 NUMBER OF SORTED TWO-ELECTRON INTEGRALS:  144848710.     BUFFER LENGTH:  32768
 NUMBER OF SEGMENTS:  10  SEGMENT LENGTH:   15999503      RECORD LENGTH: 524288

 Memory used in sort:      16.56 MW

 SORT1 READ   169623812. AND WROTE   136652958. INTEGRALS IN    397 RECORDS. CPU TIME:     1.42 SEC, REAL TIME:     2.03 SEC
 SORT2 READ   136652958. AND WROTE   144848710. INTEGRALS IN   2477 RECORDS. CPU TIME:     1.90 SEC, REAL TIME:     2.44 SEC

 FILE SIZES:   FILE 1:   680.9 MBYTE,  FILE 4:  1665.2 MBYTE,   TOTAL:   2346.0 MBYTE

 OPERATOR DM      FOR CENTER  0  COORDINATES:    0.000000    0.000000    0.000000


 **********************************************************************************************************************************
 DATASETS  * FILE   NREC   LENGTH (MB)   RECORD NAMES
              1      20      569.65       500      610      700      701      900      950      970     1001      129      960   
                                          VAR    BASINP    GEOM     GEOM    SYMINP    ZMAT    AOBASIS   BASIS     P2S    ABASIS    
                                         1100     1400     1410     1200     1210     1080     1600     1650     1300     1700   
                                           S        T        V       H0       H01     AOSYM     SMH    MOLCAS    ERIS     OPER   

              2      11        3.11       700     1000      520     2100     8500      200     9001      701     1001     2101   
                                         GEOM     BASIS   MCVARS     RHF     CPHF    OPTIONS  DEN_MP2   GEOM     BASIS     RHF  
                                         9001(1)
                                        DEN_MP2    

 PROGRAMS   *        TOTAL       INT      CCSD    HF-SCF      CCSD    HF-SCF      CCSD    HF-SCF      CCSD    HF-SCF      CCSD
 CPU TIMES  *    137339.04     47.35   4000.84     66.03   1057.47     91.41    782.34    126.11    771.79    114.12    846.65
 REAL TIME  *     21997.75 SEC
 DISK USED  *         2.42 GB
 **********************************************************************************************************************************


 Program * Restricted Hartree-Fock

 Molecular orbitals read from record     2101.2  Type=RHF/CANONICAL (state 1.1)

 Initial occupancy:   9

 NELEC=   18   SYM=1   MS2= 0   THRE=1.0D-09   THRD=1.0D-07   THRG=1.0D-07  HFMA2=F  DIIS_START=2   DIIS_MAX=10   DIIS_INCORE=F

 Level shifts:    0.00 (CLOSED)    0.00 (OPEN)    0.30 (GAP_MIN)

 ITER           ETOT              DE          GRAD        DDIFF     DIIS  NEXP   TIME(IT)  TIME(TOT)  DIAG
   1     -114.79658083    -114.79658083     0.00D+00     0.51D-01     0     0      99.44     99.62    start
   2     -114.88073295      -0.08415212     0.75D-02     0.16D-01     1     0     341.48    441.10    diag
   3     -114.89429358      -0.01356063     0.29D-02     0.30D-02     2     0     278.10    719.20    diag
   4     -114.89647293      -0.00217936     0.96D-03     0.10D-02     3     0      13.70    732.90    diag
   5     -114.89662062      -0.00014769     0.18D-03     0.27D-03     4     0      27.66    760.56    diag
   6     -114.89663196      -0.00001134     0.56D-04     0.79D-04     5     0     200.64    961.20    diag
   7     -114.89663327      -0.00000131     0.24D-04     0.23D-04     6     0       8.88    970.08    diag
   8     -114.89663345      -0.00000018     0.66D-05     0.91D-05     7     0      27.94    998.02    fixocc
   9     -114.89663346      -0.00000001     0.13D-05     0.21D-05     8     0      25.28   1023.30    diag
  10     -114.89663346      -0.00000000     0.29D-06     0.41D-06     9     0      23.57   1046.87    diag/orth
  11     -114.89663346      -0.00000000     0.64D-07     0.92D-07     9     0      57.70   1104.57    diag
  12     -114.89663346      -0.00000000     0.15D-07     0.15D-07     0     0      29.47   1134.04    diag

 Final occupancy:   9

 !RHF STATE 1.1 Energy               -114.896633458498
  RHF One-electron energy            -226.718863962711
  RHF Two-electron energy              76.533432900980
  RHF Kinetic energy                  113.552322484058
  RHF Nuclear energy                   35.288797603233
  RHF Virial quotient                  -1.011838692023

 !RHF STATE 1.1 Dipole moment           0.02227796     0.58470262    -0.21503442
 Dipole moment /Debye                   0.05662494     1.48616581    -0.54656299

 Orbital energies:

           1.1          2.1          3.1          4.1          5.1          6.1          7.1          8.1          9.1         10.1
    -20.596518   -11.402300    -1.346735    -0.838943    -0.659489    -0.563914    -0.561289    -0.440397    -0.416414     0.024502

          11.1
      0.038312


 HOMO      9.1    -0.416414 =     -11.3312eV
 LUMO     10.1     0.024502 =       0.6667eV
 LUMO-HOMO         0.440915 =      11.9979eV

 Orbitals saved in record  2101.2


 **********************************************************************************************************************************
 DATASETS  * FILE   NREC   LENGTH (MB)   RECORD NAMES
              1      20      569.65       500      610      700      701      900      950      970     1001      129      960   
                                          VAR    BASINP    GEOM     GEOM    SYMINP    ZMAT    AOBASIS   BASIS     P2S    ABASIS    
                                         1100     1400     1410     1200     1210     1080     1600     1650     1300     1700   
                                           S        T        V       H0       H01     AOSYM     SMH    MOLCAS    ERIS     OPER   

              2      11        3.11       700     1000      520     2100     8500      200     9001      701     1001     2101   
                                         GEOM     BASIS   MCVARS     RHF     CPHF    OPTIONS  DEN_MP2   GEOM     BASIS     RHF  
                                         9001(1)
                                        DEN_MP2    

 PROGRAMS   *        TOTAL    HF-SCF       INT      CCSD    HF-SCF      CCSD    HF-SCF      CCSD    HF-SCF      CCSD    HF-SCF
 CPU TIMES  *    138473.16   1134.12     47.35   4000.84     66.03   1057.47     91.41    782.34    126.11    771.79    114.12
 REAL TIME  *     22349.60 SEC
 DISK USED  *         2.42 GB
 **********************************************************************************************************************************


 PROGRAM * CCSD (Closed-shell coupled cluster)     Authors: C. Hampel, H.-J. Werner, 1991, M. Deegan, P.J. Knowles, 1992


 Convergence thresholds:  THRVAR = 1.00D-12  THRDEN = 1.00D-08

 Using ITF CCSD gradient implementation

 Number of core orbitals:           2 (   2 )
 Number of closed-shell orbitals:   7 (   7 )
 Number of external orbitals:     175 ( 175 )

 Molecular orbitals read from record     2101.2  Type=RHF/CANONICAL (state 1.1)

 Integral transformation finished. Total CPU:  27.59 sec, npass=  1  Memory used:  27.38 MW
  Reference energy                   -114.896633458498

  MP2 correlation energy               -0.461444753937
  MP2 total energy                   -115.358078212435

 ITER.      SQ.NORM     CORR.ENERGY   TOTAL ENERGY   ENERGY CHANGE        DEN1      VAR(S)    VAR(P)  DIIS     TIME
   1      1.16178398    -0.47908747  -115.37572093    -0.01764272    -0.00041563  3.44e-03  3.96e-03  1  1    92.07
   2      1.17917262    -0.48109574  -115.37772919    -0.00200826    -0.01440927  1.52e-04  8.87e-04  2  2   227.88
   3      1.18584763    -0.48192632  -115.37855978    -0.00083058    -0.00232151  1.85e-05  1.97e-04  3  3   330.99
   4      1.19108080    -0.48204601  -115.37867947    -0.00011970    -0.00239083  2.52e-06  3.18e-05  4  4   501.12
   5      1.19311404    -0.48203359  -115.37866705     0.00001242    -0.00073623  1.55e-07  3.71e-06  5  5   553.36
   6      1.19383277    -0.48201403  -115.37864749     0.00001956    -0.00024306  9.22e-09  2.95e-07  6  0   683.46
   7      1.19394096    -0.48200808  -115.37864154     0.00000595    -0.00003687  4.78e-09  4.32e-08  6  1   735.63
   8      1.19395801    -0.48200584  -115.37863930     0.00000224    -0.00000557  9.62e-11  6.95e-09  6  2  1102.23
   9      1.19396258    -0.48200562  -115.37863908     0.00000022    -0.00000119  5.91e-11  9.64e-10  6  3  1314.74
  10      1.19396558    -0.48200555  -115.37863901     0.00000007    -0.00000080  2.17e-12  8.00e-11  6  4  1553.93
  11      1.19396563    -0.48200553  -115.37863899     0.00000002    -0.00000002  2.93e-13  1.12e-11  6  5  1750.91
  12      1.19396534    -0.48200554  -115.37863900    -0.00000001     0.00000006  7.48e-14  1.64e-12  6  0  1836.59
  13      1.19396506    -0.48200554  -115.37863900     0.00000000     0.00000008  6.39e-15  2.00e-13        2136.85

 Norm of t1 vector:      0.07557968     S-energy:      0.00000000   T1 diagnostic:  0.01428322

 Time per iteration:                    164.41 sec

 RESULTS
 =======

  Reference energy                   -114.896633458498
  CCSD correlation energy              -0.482005538605
 !CCSD total energy                  -115.378638997104

 Starting CP-CCSD iterations.   Author: W. Gyorffy (2012)

 ITER.      NRM1           NRM2      VAR(S)+VAR(P)   DIIS    TIME
   1     0.00314541     0.44858005     1.85e-03      1  1   54.06
   2     0.00288103     0.44071516     1.23e-04      2  2  254.06
   3     0.00268765     0.43984818     1.62e-05      3  3  712.11
   4     0.00259878     0.43897627     3.09e-06      4  4  928.98
   5     0.00253703     0.43874363     3.89e-07      5  5 1398.47
   6     0.00251214     0.43865548     4.75e-08      6  0 1488.67
   7     0.00250379     0.43864767     6.02e-09      6  1 1550.51
   8     0.00250103     0.43864653     9.52e-10      6  2 1688.59
   9     0.00250010     0.43864737     1.45e-10      6  3 1758.19
  10     0.00249991     0.43864798     2.08e-11      6  4 1941.98
  11     0.00249989     0.43864812     2.92e-12      6  5 2031.74
  12     0.00249988     0.43864815     4.64e-13           2091.89


 Time per iteration:                    174.32 sec

 CPHF start vector      0.2 not found

 Starting Coupled-perturbed Hartree-Fock, convergence threshold= 1.0D-06

 ITER   MIC  DIIS      VAR         VARC       CPU
   1     0     1    0.11D-01    0.16D-02    16.02
   2     4     2    0.40D-03    0.89D-04    86.23
   3     4     3    0.88D-05    0.13D-05   118.69
   4     3     4    0.36D-06    0.71D-07   155.17

 CPHF convergence reached in  4 macroiterations and   11 microiterations.   Accuracy: 3.6260D-07

 CPHF solution written to record  8500.2

 Dipole moments (unrelaxed):            0.02475650     0.55226813    -0.20349322
 Orbital relaxation contribution:      -0.00066975     0.00426150    -0.00019981
 !CCSD STATE 1.1 Dipole moment          0.02408675     0.55652964    -0.20369304
 Dipole moment /Debye                   0.06122242     1.41455724    -0.51773606

 CPU-time for coupled-perturbed hartree-fock:        155.18 sec

 Number of N-1 electron functions:               7
 Number of N-2 electron functions:              28
 Number of singly external CSFs:              1225
 Number of doubly external CSFs:            750925
 Total number of CSFs:                      752151

 CCSD gradient info saved on record        55555.1




 **********************************************************************************************************************************
 DATASETS  * FILE   NREC   LENGTH (MB)   RECORD NAMES
              1      22      805.65       500      610      700      701      900      950      970     1001      129      960   
                                          VAR    BASINP    GEOM     GEOM    SYMINP    ZMAT    AOBASIS   BASIS     P2S    ABASIS    
                                         1100     1400     1410     1200     1210     1080     1600     1650     1300     1700   
                                           S        T        V       H0       H01     AOSYM     SMH    MOLCAS    ERIS     OPER   
                                         1380    55555   
                                         JKOP     CCSD   

              2      11        3.11       700     1000      520     2100     8500      200     9001      701     1001     2101   
                                         GEOM     BASIS   MCVARS     RHF     CPHF    OPTIONS  DEN_MP2   GEOM     BASIS     RHF  
                                         9001(1)
                                        DEN_MP2    

 PROGRAMS   *        TOTAL      CCSD    HF-SCF       INT      CCSD    HF-SCF      CCSD    HF-SCF      CCSD    HF-SCF      CCSD
 CPU TIMES  *    144262.14   5788.96   1134.12     47.35   4000.84     66.03   1057.47     91.41    782.34    126.11    771.79
 REAL TIME  *     24045.19 SEC
 DISK USED  *         2.42 GB
 **********************************************************************************************************************************

 Inactive variables:    AHH2

 Active variables:      RCO ROH ACOH RCH1 AOCH1 AHH1
                        RCH2 AOCH2 RCH3 AOCH3 AHH3

 Geometry written to block  1 of record 701

 XYZ inputs for each point on the optimization path will be saved in files ch3oh_maxima_mp2_xx.xyz

 Making model hessian for Z-matrix coordinates

 Entering Rational Function Geometry Optimization

 ITER.   ENERGY(OLD)    ENERGY(NEW)      DE          GRADMAX     GRADNORM    GRADRMS     STEPMAX     STEPLEN     STEPRMS   CPU-time
   1  -115.37863900  -115.42959369    -0.05095469  0.09505205  0.18460194  0.05565958  0.16733390  0.29544628  0.02685875  13160.19
   2  -115.42959369  -115.47679580    -0.04720211  0.09280197  0.17071381  0.05147215  0.17415731  0.30000000  0.02727273  18756.58
   3  -115.47679580  -115.51600884    -0.03921304  0.08306225  0.14921851  0.04499107  0.17363093  0.30000000  0.02727273  25153.38
   4  -115.51600884  -115.54093102    -0.02492218  0.06318330  0.11182989  0.03371798  0.17229608  0.30000000  0.02727273  30871.43
   5  -115.54093102  -115.54456431    -0.00363329  0.02883270  0.05038027  0.01519022  0.13770441  0.23847489  0.02167954  35605.56
   6  -115.54456431  -115.54539323    -0.00082892  0.01525329  0.02544110  0.00767078  0.04482087  0.07753674  0.00704879  40000.46
   7  -115.54539323  -115.54541206    -0.00001883  0.00214534  0.00358005  0.00107943  0.00580017  0.00937009  0.00085183  41237.55
   8  -115.54541206  -115.54541357    -0.00000152  0.00089261  0.00098385  0.00029664  0.00175169  0.00254776  0.00023161  42406.78
   9  -115.54541357  -115.54541392    -0.00000035  0.00042247  0.00045479  0.00013712  0.00126767  0.00150983  0.00013726  43665.22
  10  -115.54541392  -115.54541394    -0.00000002  0.00005223  0.00009707  0.00002927  0.00015437  0.00028698  0.00002609  44897.76

 END OF GEOMETRY OPTIMIZATION.

 Optimized variables
 RCO=                 1.42228230 ANGSTROM
 ROH=                 0.95635208 ANGSTROM
 ACOH=              108.65119333 DEGREE
 RCH1=                1.09254265 ANGSTROM
 AOCH1=             110.71295475 DEGREE
 AHH1=              -98.65679145 DEGREE
 RCH2=                1.09151889 ANGSTROM
 AOCH2=             112.00366155 DEGREE
 RCH3=                1.08891973 ANGSTROM
 AOCH3=             108.14967104 DEGREE
 AHH3=              142.23164934 DEGREE

 **********************************************************************************************************************************

 Geometry written to block  1 of record 701

 Recomputing wavefunction for reoriented structure

 Current geometry (xyz format, in Angstrom)


 Dump information in style XYZ to ch3oh_maxima_mp2.xyz                                                            

    6
 CCSD/AUG-CC-PVTZ  ENERGY=-115.54541394
 C          0.0000786735        0.0122293252       -0.7292605747
 O         -0.0008529619       -0.0649186552        0.6909275379
 H          0.0009582660        0.8232825480        1.0454760568
 H         -1.0102900237       -0.1181236485       -1.1239916720
 H          0.3897015650        0.9671386058       -1.0866899379
 H          0.6322320640       -0.7875492988       -1.1119907952

 **********************************************************************************************************************************


 **********************************************************************************************************************************
 DATASETS  * FILE   NREC   LENGTH (MB)   RECORD NAMES
              1      22      957.88       500      610      700      701      900      950      970     1001      129      960   
                                          VAR    BASINP    GEOM     GEOM    SYMINP    ZMAT    AOBASIS   BASIS     P2S    ABASIS    
                                         1100     1400     1410     1200     1210     1080     1600     1650     1300     1700   
                                           S        T        V       H0       H01     AOSYM     SMH    MOLCAS    ERIS     OPER   
                                         1380    55555   
                                         JKOP     CCSD   

              2      11        3.11       700     1000      520     2100     8500      200     9001      701     1001     2101   
                                         GEOM     BASIS   MCVARS     RHF     CPHF    OPTIONS  DEN_MP2   GEOM     BASIS     RHF  
                                         9001(1)
                                        DEN_MP2    

 PROGRAMS   *        TOTAL      OPTG    HF-SCF      CCSD    HF-SCF      CCSD    HF-SCF      CCSD    HF-SCF      CCSD    HF-SCF
 CPU TIMES  *    183062.85    848.56     24.81    824.70    104.17    832.02    118.29    792.26    112.09    876.44    103.50
 REAL TIME  *     34537.91 SEC
 DISK USED  *         2.42 GB
 **********************************************************************************************************************************
 SETTING XXX            =    "MMM"
 SETTING TAU            =        22.02495263  DEGREE                          


 XXX       RCO          ROH          RCH1         RCH2         RCH3           ACOH           AOCH1          AOCH2          AOCH3          AHH1          AHH2           AHH3          TAU
 "MMM"   1.42228230   0.95635208   1.09254265   1.09151889   1.08891973   108.65119333   110.71295475   112.00366155   108.14967104   -98.65679145   22.50000000   142.23164934   22.02495263
                                                  

 DO I                   =       -95.00000000   
 SETTING RCO            =         1.50000000                                  
 SETTING ROH            =         1.00000000                                  
 SETTING RCH1           =         1.50000000                                  
 SETTING RCH2           =         1.50000001                                  
 SETTING RCH3           =         1.50000002                                  
 SETTING ACOH           =       110.00000000                                  
 SETTING AOCH1          =       115.00000000                                  
 SETTING AOCH2          =       115.00000001                                  
 SETTING AOCH3          =       115.00000002                                  
 SETTING AHH1           =       -95.00000000                                  
 SETTING AHH2           =        25.00000000                                  
 SETTING AHH3           =       145.00000000                                  


 PROGRAM * OPT (Geometry optimization)     Authors: F. Eckert and H.-J. Werner


 BFGS update of hessian

 Geometry optimization using procedure=RUNCCSD

 Running procedure: RUNCCSD


 Recomputing integrals since geometry changed


 PROGRAM * SEWARD (Integral evaluation for generally contracted gaussian basis sets)     Author: Roland Lindh, 1990

 Geometry written to block  1 of record 701

 Orientation using atomic masses  
 Molecule type: Asymmetric top
 Rotational constants:      19.1393770     19.7418884     79.0358267 GHz  (calculated with average atomic masses)

 Point group  C1  



 ATOMIC COORDINATES

 NR  ATOM    CHARGE       X              Y              Z

   1  C       6.00   -0.000000003    0.020571052   -1.412779028
   2  O       8.00   -0.000000001   -0.132718373    1.417662317
   3  H       1.00    0.000000027    1.605492810    2.159070915
   4  H1      1.00   -2.559234400   -0.138222357   -2.621083547
   5  H2      1.00    1.085710688    2.410260948   -2.483064255
   6  H3      1.00    1.473523729   -2.015976714   -2.722777914

 Bond lengths in Bohr (Angstrom)

 1-2  2.834589187  2-3  1.889726125
     ( 1.500000000)     ( 1.000000000)

 Bond angles

  1-2-3  110.00000000

 NUCLEAR CHARGE:                   18
 NUMBER OF PRIMITIVE AOS:         242
 NUMBER OF SYMMETRY AOS:          216
 NUMBER OF CONTRACTIONS:          184   (  184A   )
 NUMBER OF INNER CORE ORBITALS:     0   (    0A   )
 NUMBER OF OUTER CORE ORBITALS:     2   (    2A   )
 NUMBER OF VALENCE ORBITALS:       12   (   12A   )


 NUCLEAR REPULSION ENERGY   35.28866258


 Eigenvalues of metric

         1 0.237E-03 0.318E-03 0.432E-03 0.487E-03 0.624E-03 0.704E-03 0.212E-02 0.249E-02


 Contracted 2-electron integrals neglected if value below      1.0D-11
 AO integral compression algorithm  1   Integral accuracy      1.0D-11

     647.496 MB (compressed) written to integral file ( 47.7%)


 NUMBER OF SORTED TWO-ELECTRON INTEGRALS:  144848710.     BUFFER LENGTH:  32768
 NUMBER OF SEGMENTS:  10  SEGMENT LENGTH:   15999503      RECORD LENGTH: 524288

 Memory used in sort:      16.56 MW

 SORT1 READ   169623812. AND WROTE   136541995. INTEGRALS IN    396 RECORDS. CPU TIME:     1.18 SEC, REAL TIME:     1.78 SEC
 SORT2 READ   136541995. AND WROTE   144848710. INTEGRALS IN   2470 RECORDS. CPU TIME:     1.28 SEC, REAL TIME:     1.70 SEC

 FILE SIZES:   FILE 1:   679.0 MBYTE,  FILE 4:  1661.0 MBYTE,   TOTAL:   2340.0 MBYTE

 OPERATOR DM      FOR CENTER  0  COORDINATES:    0.000000    0.000000    0.000000


 **********************************************************************************************************************************
 DATASETS  * FILE   NREC   LENGTH (MB)   RECORD NAMES
              1      20      568.24       500      610      700      701      900      950      970     1001      129      960   
                                          VAR    BASINP    GEOM     GEOM    SYMINP    ZMAT    AOBASIS   BASIS     P2S    ABASIS    
                                         1100     1400     1410     1200     1210     1080     1600     1650     1300     1700   
                                           S        T        V       H0       H01     AOSYM     SMH    MOLCAS    ERIS     OPER   

              2      11        3.11       700     1000      520     2100     8500      200     9001      701     1001     2101   
                                         GEOM     BASIS   MCVARS     RHF     CPHF    OPTIONS  DEN_MP2   GEOM     BASIS     RHF  
                                         9001(1)
                                        DEN_MP2    

 PROGRAMS   *        TOTAL       INT      CCSD    HF-SCF      CCSD    HF-SCF      CCSD    HF-SCF      CCSD    HF-SCF      CCSD
 CPU TIMES  *    183085.64     22.78    848.56     24.81    824.70    104.17    832.02    118.29    792.26    112.09    876.44
 REAL TIME  *     34546.95 SEC
 DISK USED  *         2.42 GB
 **********************************************************************************************************************************


 Program * Restricted Hartree-Fock

 Molecular orbitals read from record     2101.2  Type=RHF/CANONICAL (state 1.1)

 Initial occupancy:   9

 NELEC=   18   SYM=1   MS2= 0   THRE=1.0D-09   THRD=1.0D-07   THRG=1.0D-07  HFMA2=F  DIIS_START=2   DIIS_MAX=10   DIIS_INCORE=F

 Level shifts:    0.00 (CLOSED)    0.00 (OPEN)    0.30 (GAP_MIN)

 ITER           ETOT              DE          GRAD        DDIFF     DIIS  NEXP   TIME(IT)  TIME(TOT)  DIAG
   1     -114.79668887    -114.79668887     0.00D+00     0.51D-01     0     0       8.70      8.71    start
   2     -114.88079181      -0.08410294     0.75D-02     0.16D-01     1     0       9.88     18.59    diag
   3     -114.89434612      -0.01355431     0.29D-02     0.30D-02     2     0      12.82     31.41    diag
   4     -114.89652688      -0.00218076     0.96D-03     0.10D-02     3     0      13.33     44.74    diag
   5     -114.89667466      -0.00014779     0.18D-03     0.27D-03     4     0      10.95     55.69    diag
   6     -114.89668599      -0.00001133     0.56D-04     0.79D-04     5     0       8.47     64.16    diag
   7     -114.89668731      -0.00000132     0.24D-04     0.23D-04     6     0       9.78     73.94    diag
   8     -114.89668749      -0.00000018     0.66D-05     0.90D-05     7     0      10.45     84.39    fixocc
   9     -114.89668750      -0.00000001     0.13D-05     0.21D-05     8     0      11.97     96.36    diag
  10     -114.89668750      -0.00000000     0.29D-06     0.41D-06     9     0      10.23    106.59    diag/orth
  11     -114.89668750      -0.00000000     0.64D-07     0.91D-07     9     0      11.86    118.45    diag
  12     -114.89668750      -0.00000000     0.15D-07     0.15D-07     0     0      11.63    130.08    diag

 Final occupancy:   9

 !RHF STATE 1.1 Energy               -114.896687497027
  RHF One-electron energy            -226.718610369657
  RHF Two-electron energy              76.533260290474
  RHF Kinetic energy                  113.552193388028
  RHF Nuclear energy                   35.288662582155
  RHF Virial quotient                  -1.011840318261

 !RHF STATE 1.1 Dipole moment           0.02328421     0.58154610    -0.21549891
 Dipole moment /Debye                   0.05918255     1.47814274    -0.54774359

 Orbital energies:

           1.1          2.1          3.1          4.1          5.1          6.1          7.1          8.1          9.1         10.1
    -20.596541   -11.402294    -1.346740    -0.838951    -0.659424    -0.563964    -0.561303    -0.440397    -0.416430     0.024524

          11.1
      0.038309


 HOMO      9.1    -0.416430 =     -11.3316eV
 LUMO     10.1     0.024524 =       0.6673eV
 LUMO-HOMO         0.440954 =      11.9990eV

 Orbitals saved in record  2101.2


 **********************************************************************************************************************************
 DATASETS  * FILE   NREC   LENGTH (MB)   RECORD NAMES
              1      20      568.24       500      610      700      701      900      950      970     1001      129      960   
                                          VAR    BASINP    GEOM     GEOM    SYMINP    ZMAT    AOBASIS   BASIS     P2S    ABASIS    
                                         1100     1400     1410     1200     1210     1080     1600     1650     1300     1700   
                                           S        T        V       H0       H01     AOSYM     SMH    MOLCAS    ERIS     OPER   

              2      11        3.11       700     1000      520     2100     8500      200     9001      701     1001     2101   
                                         GEOM     BASIS   MCVARS     RHF     CPHF    OPTIONS  DEN_MP2   GEOM     BASIS     RHF  
                                         9001(1)
                                        DEN_MP2    

 PROGRAMS   *        TOTAL    HF-SCF       INT      CCSD    HF-SCF      CCSD    HF-SCF      CCSD    HF-SCF      CCSD    HF-SCF
 CPU TIMES  *    183215.76    130.11     22.78    848.56     24.81    824.70    104.17    832.02    118.29    792.26    112.09
 REAL TIME  *     34567.41 SEC
 DISK USED  *         2.42 GB
 **********************************************************************************************************************************


 PROGRAM * CCSD (Closed-shell coupled cluster)     Authors: C. Hampel, H.-J. Werner, 1991, M. Deegan, P.J. Knowles, 1992


 Convergence thresholds:  THRVAR = 1.00D-12  THRDEN = 1.00D-08

 Using ITF CCSD gradient implementation

 Number of core orbitals:           2 (   2 )
 Number of closed-shell orbitals:   7 (   7 )
 Number of external orbitals:     175 ( 175 )

 Molecular orbitals read from record     2101.2  Type=RHF/CANONICAL (state 1.1)

 Integral transformation finished. Total CPU:  18.35 sec, npass=  1  Memory used:  27.38 MW
  Reference energy                   -114.896687497027

  MP2 correlation energy               -0.461434150827
  MP2 total energy                   -115.358121647854

 ITER.      SQ.NORM     CORR.ENERGY   TOTAL ENERGY   ENERGY CHANGE        DEN1      VAR(S)    VAR(P)  DIIS     TIME
   1      1.16177721    -0.47907688  -115.37576438    -0.01764273    -0.00041633  3.44e-03  3.96e-03  1  1    20.40
   2      1.17916262    -0.48108460  -115.37777210    -0.00200772    -0.01440867  1.52e-04  8.87e-04  2  2    40.44
   3      1.18583466    -0.48191500  -115.37860250    -0.00083040    -0.00232106  1.85e-05  1.97e-04  3  3    67.47
   4      1.19106491    -0.48203467  -115.37872217    -0.00011967    -0.00239035  2.52e-06  3.18e-05  4  4    93.84
   5      1.19309729    -0.48202227  -115.37870977     0.00001240    -0.00073625  1.55e-07  3.71e-06  5  5   120.37
   6      1.19381583    -0.48200272  -115.37869022     0.00001955    -0.00024313  9.21e-09  2.95e-07  6  0   147.25
   7      1.19392405    -0.48199676  -115.37868426     0.00000596    -0.00003691  4.77e-09  4.31e-08  6  1   173.65
   8      1.19394107    -0.48199452  -115.37868202     0.00000224    -0.00000557  9.61e-11  6.93e-09  6  2   200.53
   9      1.19394561    -0.48199431  -115.37868180     0.00000022    -0.00000119  5.89e-11  9.60e-10  6  3   227.88
  10      1.19394860    -0.48199423  -115.37868173     0.00000007    -0.00000080  2.17e-12  7.99e-11  6  4   254.60
  11      1.19394865    -0.48199421  -115.37868171     0.00000002    -0.00000002  2.93e-13  1.12e-11  6  5   283.01
  12      1.19394836    -0.48199423  -115.37868172    -0.00000001     0.00000006  7.48e-14  1.64e-12  6  0   312.46
  13      1.19394808    -0.48199422  -115.37868172     0.00000000     0.00000008  6.40e-15  2.00e-13         340.50

 Norm of t1 vector:      0.07553519     S-energy:      0.00000000   T1 diagnostic:  0.01427481

 Time per iteration:                     26.20 sec

 RESULTS
 =======

  Reference energy                   -114.896687497027
  CCSD correlation energy              -0.481994223902
 !CCSD total energy                  -115.378681720929

 Starting CP-CCSD iterations.   Author: W. Gyorffy (2012)

 ITER.      NRM1           NRM2      VAR(S)+VAR(P)   DIIS    TIME
   1     0.00314092     0.44855327     1.85e-03      1  1   28.45
   2     0.00287694     0.44069135     1.23e-04      2  2   57.02
   3     0.00268399     0.43982501     1.62e-05      3  3   86.64
   4     0.00259543     0.43895392     3.08e-06      4  4  116.68
   5     0.00253394     0.43872178     3.87e-07      5  5  145.58
   6     0.00250921     0.43863394     4.70e-08      6  0  174.96
   7     0.00250094     0.43862625     5.92e-09      6  1  204.42
   8     0.00249821     0.43862518     9.32e-10      6  2  235.29
   9     0.00249730     0.43862605     1.42e-10      6  3  257.54
  10     0.00249712     0.43862668     2.06e-11      6  4  279.17
  11     0.00249709     0.43862683     2.89e-12      6  5  302.60
  12     0.00249708     0.43862687     4.59e-13            331.56


 Time per iteration:                     27.63 sec

 CPHF start vector      0.2 not found

 Starting Coupled-perturbed Hartree-Fock, convergence threshold= 1.0D-06

 ITER   MIC  DIIS      VAR         VARC       CPU
   1     0     1    0.11D-01    0.16D-02     8.60
   2     4     2    0.40D-03    0.89D-04    18.03
   3     4     3    0.88D-05    0.13D-05    27.10
   4     3     4    0.36D-06    0.72D-07    36.98

 CPHF convergence reached in  4 macroiterations and   11 microiterations.   Accuracy: 3.6288D-07

 CPHF solution written to record  8500.2

 Dipole moments (unrelaxed):            0.02587300     0.54880964    -0.20389870
 Orbital relaxation contribution:      -0.00069973     0.00434719    -0.00019787
 !CCSD STATE 1.1 Dipole moment          0.02517327     0.55315683    -0.20409657
 Dipole moment /Debye                   0.06398407     1.40598443    -0.51876174

 CPU-time for coupled-perturbed hartree-fock:         36.99 sec

 Number of N-1 electron functions:               7
 Number of N-2 electron functions:              28
 Number of singly external CSFs:              1225
 Number of doubly external CSFs:            750925
 Total number of CSFs:                      752151

 CCSD gradient info saved on record        55555.1




 **********************************************************************************************************************************
 DATASETS  * FILE   NREC   LENGTH (MB)   RECORD NAMES
              1      22      804.24       500      610      700      701      900      950      970     1001      129      960   
                                          VAR    BASINP    GEOM     GEOM    SYMINP    ZMAT    AOBASIS   BASIS     P2S    ABASIS    
                                         1100     1400     1410     1200     1210     1080     1600     1650     1300     1700   
                                           S        T        V       H0       H01     AOSYM     SMH    MOLCAS    ERIS     OPER   
                                         1380    55555   
                                         JKOP     CCSD   

              2      11        3.11       700     1000      520     2100     8500      200     9001      701     1001     2101   
                                         GEOM     BASIS   MCVARS     RHF     CPHF    OPTIONS  DEN_MP2   GEOM     BASIS     RHF  
                                         9001(1)
                                        DEN_MP2    

 PROGRAMS   *        TOTAL      CCSD    HF-SCF       INT      CCSD    HF-SCF      CCSD    HF-SCF      CCSD    HF-SCF      CCSD
 CPU TIMES  *    184170.10    954.33    130.11     22.78    848.56     24.81    824.70    104.17    832.02    118.29    792.26
 REAL TIME  *     34698.82 SEC
 DISK USED  *         2.42 GB
 **********************************************************************************************************************************

 Inactive variables:    AHH2

 Active variables:      RCO ROH ACOH RCH1 AOCH1 AHH1
                        RCH2 AOCH2 RCH3 AOCH3 AHH3

 Geometry written to block  1 of record 701

 XYZ inputs for each point on the optimization path will be saved in files ch3oh_maxima_mp2_xx.xyz

 Making model hessian for Z-matrix coordinates

 Entering Rational Function Geometry Optimization

 ITER.   ENERGY(OLD)    ENERGY(NEW)      DE          GRADMAX     GRADNORM    GRADRMS     STEPMAX     STEPLEN     STEPRMS   CPU-time
   1  -115.37868172  -115.42963092    -0.05094920  0.09522769  0.18468061  0.05568330  0.16754280  0.29532172  0.02684743   2413.72
   2  -115.42963092  -115.47685155    -0.04722062  0.09297919  0.17079018  0.05149518  0.17445110  0.30000000  0.02727273   3715.41
   3  -115.47685155  -115.51607587    -0.03922432  0.08321229  0.14927246  0.04500734  0.17390596  0.30000000  0.02727273   4944.15
   4  -115.51607587  -115.54101145    -0.02493559  0.06323940  0.11187610  0.03373191  0.17226869  0.30000000  0.02727273   6367.80
   5  -115.54101145  -115.54465579    -0.00364434  0.02887549  0.05043179  0.01520576  0.13794753  0.23881343  0.02171031   7621.80
   6  -115.54465579  -115.54548636    -0.00083057  0.01536503  0.02547370  0.00768061  0.04491874  0.07760263  0.00705478   8824.71
   7  -115.54548636  -115.54550535    -0.00001900  0.00217843  0.00359465  0.00108383  0.00587526  0.00939986  0.00085453  10101.52
   8  -115.54550535  -115.54550690    -0.00000155  0.00090090  0.00099538  0.00030012  0.00176942  0.00257938  0.00023449  11314.12
   9  -115.54550690  -115.54550726    -0.00000035  0.00042376  0.00045683  0.00013774  0.00126493  0.00150909  0.00013719  12498.24
  10  -115.54550726  -115.54550728    -0.00000002  0.00005381  0.00009886  0.00002981  0.00015931  0.00029292  0.00002663  13719.65

 END OF GEOMETRY OPTIMIZATION.

 Optimized variables
 RCO=                 1.42206578 ANGSTROM
 ROH=                 0.95648073 ANGSTROM
 ACOH=              108.62322401 DEGREE
 RCH1=                1.09268925 ANGSTROM
 AOCH1=             110.82734052 DEGREE
 AHH1=              -96.25762003 DEGREE
 RCH2=                1.09161684 ANGSTROM
 AOCH2=             111.99767034 DEGREE
 RCH3=                1.08875350 ANGSTROM
 AOCH3=             108.01292141 DEGREE
 AHH3=              144.65936361 DEGREE

 **********************************************************************************************************************************

 Geometry written to block  1 of record 701

 Recomputing wavefunction for reoriented structure

 Current geometry (xyz format, in Angstrom)


 Dump information in style XYZ to ch3oh_maxima_mp2.xyz                                                            

    6
 CCSD/AUG-CC-PVTZ  ENERGY=-115.54550728
 C          0.0000642484        0.0122516156       -0.7291466337
 O         -0.0008532532       -0.0648463177        0.6908273638
 H          0.0004634076        0.8236578965        1.0449656402
 H         -1.0150730781       -0.0761123815       -1.1236815695
 H          0.4296107760        0.9496567200       -1.0874604301
 H          0.5977772864       -0.8138678881       -1.1107876527

 **********************************************************************************************************************************


 **********************************************************************************************************************************
 DATASETS  * FILE   NREC   LENGTH (MB)   RECORD NAMES
              1      22      956.78       500      610      700      701      900      950      970     1001      129      960   
                                          VAR    BASINP    GEOM     GEOM    SYMINP    ZMAT    AOBASIS   BASIS     P2S    ABASIS    
                                         1100     1400     1410     1200     1210     1080     1600     1650     1300     1700   
                                           S        T        V       H0       H01     AOSYM     SMH    MOLCAS    ERIS     OPER   
                                         1380    55555   
                                         JKOP     CCSD   

              2      11        3.11       700     1000      520     2100     8500      200     9001      701     1001     2101   
                                         GEOM     BASIS   MCVARS     RHF     CPHF    OPTIONS  DEN_MP2   GEOM     BASIS     RHF  
                                         9001(1)
                                        DEN_MP2    

 PROGRAMS   *        TOTAL      OPTG    HF-SCF      CCSD    HF-SCF      CCSD    HF-SCF      CCSD    HF-SCF      CCSD    HF-SCF
 CPU TIMES  *    197654.05    847.75     23.76    840.65    110.92    794.85    120.65    795.85    157.45    877.22    133.58
 REAL TIME  *     36747.52 SEC
 DISK USED  *         2.42 GB
 **********************************************************************************************************************************
 SETTING XXX            =    "MMM"
 SETTING TAU            =        24.46724786  DEGREE                          


 XXX       RCO          ROH          RCH1         RCH2         RCH3           ACOH           AOCH1          AOCH2          AOCH3          AHH1          AHH2           AHH3          TAU
 "MMM"   1.42206578   0.95648073   1.09268925   1.09161684   1.08875350   108.62322401   110.82734052   111.99767034   108.01292141   -96.25762003   25.00000000   144.65936361   24.46724786
                                                  

 DO I                   =       -92.50000000   
 SETTING RCO            =         1.50000000                                  
 SETTING ROH            =         1.00000000                                  
 SETTING RCH1           =         1.50000000                                  
 SETTING RCH2           =         1.50000001                                  
 SETTING RCH3           =         1.50000002                                  
 SETTING ACOH           =       110.00000000                                  
 SETTING AOCH1          =       115.00000000                                  
 SETTING AOCH2          =       115.00000001                                  
 SETTING AOCH3          =       115.00000002                                  
 SETTING AHH1           =       -92.50000000                                  
 SETTING AHH2           =        27.50000000                                  
 SETTING AHH3           =       147.50000000                                  


 PROGRAM * OPT (Geometry optimization)     Authors: F. Eckert and H.-J. Werner


 BFGS update of hessian

 Geometry optimization using procedure=RUNCCSD

 Running procedure: RUNCCSD


 Recomputing integrals since geometry changed


 PROGRAM * SEWARD (Integral evaluation for generally contracted gaussian basis sets)     Author: Roland Lindh, 1990

 Geometry written to block  1 of record 701

 Orientation using atomic masses  
 Molecule type: Asymmetric top
 Rotational constants:      19.1393770     19.7418884     79.0358267 GHz  (calculated with average atomic masses)

 Point group  C1  



 ATOMIC COORDINATES

 NR  ATOM    CHARGE       X              Y              Z

   1  C       6.00   -0.000000003    0.020571052   -1.412779028
   2  O       8.00   -0.000000001   -0.132718373    1.417662317
   3  H       1.00    0.000000024    1.605492810    2.159070915
   4  H1      1.00   -2.566565130   -0.026540681   -2.615035154
   5  H2      1.00    1.186236957    2.360759417   -2.485745131
   6  H3      1.00    1.380328188   -2.078156861   -2.726145431

 Bond lengths in Bohr (Angstrom)

 1-2  2.834589187  2-3  1.889726125
     ( 1.500000000)     ( 1.000000000)

 Bond angles

  1-2-3  110.00000000

 NUCLEAR CHARGE:                   18
 NUMBER OF PRIMITIVE AOS:         242
 NUMBER OF SYMMETRY AOS:          216
 NUMBER OF CONTRACTIONS:          184   (  184A   )
 NUMBER OF INNER CORE ORBITALS:     0   (    0A   )
 NUMBER OF OUTER CORE ORBITALS:     2   (    2A   )
 NUMBER OF VALENCE ORBITALS:       12   (   12A   )


 NUCLEAR REPULSION ENERGY   35.28852290


 Eigenvalues of metric

         1 0.235E-03 0.319E-03 0.435E-03 0.486E-03 0.626E-03 0.703E-03 0.213E-02 0.249E-02


 Contracted 2-electron integrals neglected if value below      1.0D-11
 AO integral compression algorithm  1   Integral accuracy      1.0D-11

     648.544 MB (compressed) written to integral file ( 47.8%)


 NUMBER OF SORTED TWO-ELECTRON INTEGRALS:  144848710.     BUFFER LENGTH:  32768
 NUMBER OF SEGMENTS:  10  SEGMENT LENGTH:   15999503      RECORD LENGTH: 524288

 Memory used in sort:      16.56 MW

 SORT1 READ   169623812. AND WROTE   136497850. INTEGRALS IN    396 RECORDS. CPU TIME:     1.43 SEC, REAL TIME:     2.10 SEC
 SORT2 READ   136497850. AND WROTE   144848710. INTEGRALS IN   2474 RECORDS. CPU TIME:     1.54 SEC, REAL TIME:     2.04 SEC

 FILE SIZES:   FILE 1:   680.1 MBYTE,  FILE 4:  1661.0 MBYTE,   TOTAL:   2341.1 MBYTE

 OPERATOR DM      FOR CENTER  0  COORDINATES:    0.000000    0.000000    0.000000


 **********************************************************************************************************************************
 DATASETS  * FILE   NREC   LENGTH (MB)   RECORD NAMES
              1      20      569.15       500      610      700      701      900      950      970     1001      129      960   
                                          VAR    BASINP    GEOM     GEOM    SYMINP    ZMAT    AOBASIS   BASIS     P2S    ABASIS    
                                         1100     1400     1410     1200     1210     1080     1600     1650     1300     1700   
                                           S        T        V       H0       H01     AOSYM     SMH    MOLCAS    ERIS     OPER   

              2      11        3.11       700     1000      520     2100     8500      200     9001      701     1001     2101   
                                         GEOM     BASIS   MCVARS     RHF     CPHF    OPTIONS  DEN_MP2   GEOM     BASIS     RHF  
                                         9001(1)
                                        DEN_MP2    

 PROGRAMS   *        TOTAL       INT      CCSD    HF-SCF      CCSD    HF-SCF      CCSD    HF-SCF      CCSD    HF-SCF      CCSD
 CPU TIMES  *    197680.88     26.81    847.75     23.76    840.65    110.92    794.85    120.65    795.85    157.45    877.22
 REAL TIME  *     36758.21 SEC
 DISK USED  *         2.42 GB
 **********************************************************************************************************************************


 Program * Restricted Hartree-Fock

 Molecular orbitals read from record     2101.2  Type=RHF/CANONICAL (state 1.1)

 Initial occupancy:   9

 NELEC=   18   SYM=1   MS2= 0   THRE=1.0D-09   THRD=1.0D-07   THRG=1.0D-07  HFMA2=F  DIIS_START=2   DIIS_MAX=10   DIIS_INCORE=F

 Level shifts:    0.00 (CLOSED)    0.00 (OPEN)    0.30 (GAP_MIN)

 ITER           ETOT              DE          GRAD        DDIFF     DIIS  NEXP   TIME(IT)  TIME(TOT)  DIAG
   1     -114.79679045    -114.79679045     0.00D+00     0.51D-01     0     0      11.91     12.03    start
   2     -114.88085076      -0.08406031     0.75D-02     0.16D-01     1     0      12.44     24.47    diag
   3     -114.89439986      -0.01354910     0.29D-02     0.30D-02     2     0      11.93     36.40    diag
   4     -114.89658255      -0.00218268     0.96D-03     0.10D-02     3     0      14.08     50.48    diag
   5     -114.89673051      -0.00014797     0.18D-03     0.27D-03     4     0      11.56     62.04    diag
   6     -114.89674184      -0.00001132     0.56D-04     0.78D-04     5     0      12.84     74.88    diag
   7     -114.89674316      -0.00000133     0.24D-04     0.23D-04     6     0      12.51     87.39    diag
   8     -114.89674334      -0.00000017     0.66D-05     0.90D-05     7     0      14.18    101.57    fixocc
   9     -114.89674335      -0.00000001     0.13D-05     0.21D-05     8     0      15.08    116.65    diag
  10     -114.89674335      -0.00000000     0.29D-06     0.41D-06     9     0      13.98    130.63    diag/orth
  11     -114.89674335      -0.00000000     0.64D-07     0.91D-07     9     0      19.55    150.18    diag
  12     -114.89674335      -0.00000000     0.15D-07     0.15D-07     0     0      16.23    166.41    diag

 Final occupancy:   9

 !RHF STATE 1.1 Energy               -114.896743348110
  RHF One-electron energy            -226.718348232461
  RHF Two-electron energy              76.533081987671
  RHF Kinetic energy                  113.552060469233
  RHF Nuclear energy                   35.288522896680
  RHF Virial quotient                  -1.011841994529

 !RHF STATE 1.1 Dipole moment           0.02389130     0.57827932    -0.21597955
 Dipole moment /Debye                   0.06072563     1.46983942    -0.54896525

 Orbital energies:

           1.1          2.1          3.1          4.1          5.1          6.1          7.1          8.1          9.1         10.1
    -20.596565   -11.402288    -1.346746    -0.838960    -0.659357    -0.564016    -0.561317    -0.440396    -0.416446     0.024547

          11.1
      0.038305


 HOMO      9.1    -0.416446 =     -11.3321eV
 LUMO     10.1     0.024547 =       0.6680eV
 LUMO-HOMO         0.440993 =      12.0000eV

 Orbitals saved in record  2101.2


 **********************************************************************************************************************************
 DATASETS  * FILE   NREC   LENGTH (MB)   RECORD NAMES
              1      20      569.15       500      610      700      701      900      950      970     1001      129      960   
                                          VAR    BASINP    GEOM     GEOM    SYMINP    ZMAT    AOBASIS   BASIS     P2S    ABASIS    
                                         1100     1400     1410     1200     1210     1080     1600     1650     1300     1700   
                                           S        T        V       H0       H01     AOSYM     SMH    MOLCAS    ERIS     OPER   

              2      11        3.11       700     1000      520     2100     8500      200     9001      701     1001     2101   
                                         GEOM     BASIS   MCVARS     RHF     CPHF    OPTIONS  DEN_MP2   GEOM     BASIS     RHF  
                                         9001(1)
                                        DEN_MP2    

 PROGRAMS   *        TOTAL    HF-SCF       INT      CCSD    HF-SCF      CCSD    HF-SCF      CCSD    HF-SCF      CCSD    HF-SCF
 CPU TIMES  *    197847.37    166.48     26.81    847.75     23.76    840.65    110.92    794.85    120.65    795.85    157.45
 REAL TIME  *     36784.13 SEC
 DISK USED  *         2.42 GB
 **********************************************************************************************************************************


 PROGRAM * CCSD (Closed-shell coupled cluster)     Authors: C. Hampel, H.-J. Werner, 1991, M. Deegan, P.J. Knowles, 1992


 Convergence thresholds:  THRVAR = 1.00D-12  THRDEN = 1.00D-08

 Using ITF CCSD gradient implementation

 Number of core orbitals:           2 (   2 )
 Number of closed-shell orbitals:   7 (   7 )
 Number of external orbitals:     175 ( 175 )

 Molecular orbitals read from record     2101.2  Type=RHF/CANONICAL (state 1.1)

 Integral transformation finished. Total CPU:  19.47 sec, npass=  1  Memory used:  27.38 MW
  Reference energy                   -114.896743348110

  MP2 correlation energy               -0.461423236313
  MP2 total energy                   -115.358166584423

 ITER.      SQ.NORM     CORR.ENERGY   TOTAL ENERGY   ENERGY CHANGE        DEN1      VAR(S)    VAR(P)  DIIS     TIME
   1      1.16177021    -0.47906599  -115.37580933    -0.01764275    -0.00041706  3.44e-03  3.96e-03  1  1    26.62
   2      1.17915229    -0.48107314  -115.37781649    -0.00200715    -0.01440806  1.52e-04  8.87e-04  2  2    54.18
   3      1.18582124    -0.48190336  -115.37864671    -0.00083022    -0.00232060  1.84e-05  1.97e-04  3  3    80.64
   4      1.19104853    -0.48202300  -115.37876635    -0.00011964    -0.00238988  2.51e-06  3.18e-05  4  4   107.57
   5      1.19308003    -0.48201063  -115.37875397     0.00001237    -0.00073628  1.55e-07  3.71e-06  5  5   134.51
   6      1.19379834    -0.48199108  -115.37873443     0.00001955    -0.00024319  9.20e-09  2.94e-07  6  0   157.61
   7      1.19390657    -0.48198512  -115.37872847     0.00000596    -0.00003694  4.77e-09  4.30e-08  6  1   179.12
   8      1.19392354    -0.48198288  -115.37872623     0.00000224    -0.00000556  9.62e-11  6.91e-09  6  2   198.84
   9      1.19392806    -0.48198266  -115.37872601     0.00000022    -0.00000118  5.88e-11  9.58e-10  6  3   218.52
  10      1.19393103    -0.48198259  -115.37872594     0.00000007    -0.00000080  2.16e-12  7.98e-11  6  4   239.69
  11      1.19393109    -0.48198257  -115.37872592     0.00000002    -0.00000002  2.93e-13  1.12e-11  6  5   260.30
  12      1.19393080    -0.48198258  -115.37872593    -0.00000001     0.00000006  7.47e-14  1.63e-12  6  0   284.98
  13      1.19393052    -0.48198258  -115.37872593     0.00000000     0.00000008  6.42e-15  2.00e-13         309.66

 Norm of t1 vector:      0.07548913     S-energy:      0.00000000   T1 diagnostic:  0.01426611

 Time per iteration:                     23.84 sec

 RESULTS
 =======

  Reference energy                   -114.896743348110
  CCSD correlation energy              -0.481982580267
 !CCSD total energy                  -115.378725928376

 Starting CP-CCSD iterations.   Author: W. Gyorffy (2012)

 ITER.      NRM1           NRM2      VAR(S)+VAR(P)   DIIS    TIME
   1     0.00313627     0.44852547     1.85e-03      1  1   26.95
   2     0.00287271     0.44066664     1.23e-04      2  2   53.04
   3     0.00268020     0.43980096     1.62e-05      3  3   80.50
   4     0.00259197     0.43893072     3.07e-06      4  4  106.99
   5     0.00253074     0.43869910     3.85e-07      5  5  133.28
   6     0.00250618     0.43861158     4.66e-08      6  0  159.85
   7     0.00249798     0.43860401     5.82e-09      6  1  185.90
   8     0.00249530     0.43860301     9.12e-10      6  2  212.93
   9     0.00249440     0.43860391     1.38e-10      6  3  239.28
  10     0.00249422     0.43860456     2.02e-11      6  4  265.16
  11     0.00249420     0.43860473     2.86e-12      6  5  292.07
  12     0.00249419     0.43860477     4.52e-13            318.33


 Time per iteration:                     26.53 sec

 CPHF start vector      0.2 not found

 Starting Coupled-perturbed Hartree-Fock, convergence threshold= 1.0D-06

 ITER   MIC  DIIS      VAR         VARC       CPU
   1     0     1    0.11D-01    0.16D-02    12.92
   2     4     2    0.40D-03    0.89D-04    24.96
   3     4     3    0.88D-05    0.13D-05    37.44
   4     3     4    0.36D-06    0.72D-07    48.96

 CPHF convergence reached in  4 macroiterations and   11 microiterations.   Accuracy: 3.6317D-07

 CPHF solution written to record  8500.2

 Dipole moments (unrelaxed):            0.02654582     0.54523085    -0.20431857
 Orbital relaxation contribution:      -0.00071768     0.00443580    -0.00019581
 !CCSD STATE 1.1 Dipole moment          0.02582813     0.54966665    -0.20451438
 Dipole moment /Debye                   0.06564857     1.39711326    -0.51982370

 CPU-time for coupled-perturbed hartree-fock:         48.96 sec

 Number of N-1 electron functions:               7
 Number of N-2 electron functions:              28
 Number of singly external CSFs:              1225
 Number of doubly external CSFs:            750925
 Total number of CSFs:                      752151

 CCSD gradient info saved on record        55555.1




 **********************************************************************************************************************************
 DATASETS  * FILE   NREC   LENGTH (MB)   RECORD NAMES
              1      22      805.15       500      610      700      701      900      950      970     1001      129      960   
                                          VAR    BASINP    GEOM     GEOM    SYMINP    ZMAT    AOBASIS   BASIS     P2S    ABASIS    
                                         1100     1400     1410     1200     1210     1080     1600     1650     1300     1700   
                                           S        T        V       H0       H01     AOSYM     SMH    MOLCAS    ERIS     OPER   
                                         1380    55555   
                                         JKOP     CCSD   

              2      11        3.11       700     1000      520     2100     8500      200     9001      701     1001     2101   
                                         GEOM     BASIS   MCVARS     RHF     CPHF    OPTIONS  DEN_MP2   GEOM     BASIS     RHF  
                                         9001(1)
                                        DEN_MP2    

 PROGRAMS   *        TOTAL      CCSD    HF-SCF       INT      CCSD    HF-SCF      CCSD    HF-SCF      CCSD    HF-SCF      CCSD
 CPU TIMES  *    198773.85    926.46    166.48     26.81    847.75     23.76    840.65    110.92    794.85    120.65    795.85
 REAL TIME  *     36911.57 SEC
 DISK USED  *         2.42 GB
 **********************************************************************************************************************************

 Inactive variables:    AHH2

 Active variables:      RCO ROH ACOH RCH1 AOCH1 AHH1
                        RCH2 AOCH2 RCH3 AOCH3 AHH3

 Geometry written to block  1 of record 701

 XYZ inputs for each point on the optimization path will be saved in files ch3oh_maxima_mp2_xx.xyz

 Making model hessian for Z-matrix coordinates

 Entering Rational Function Geometry Optimization

 ITER.   ENERGY(OLD)    ENERGY(NEW)      DE          GRADMAX     GRADNORM    GRADRMS     STEPMAX     STEPLEN     STEPRMS   CPU-time
   1  -115.37872593  -115.42966952    -0.05094359  0.09539715  0.18476207  0.05570786  0.16773716  0.29519309  0.02683574   2463.67
   2  -115.42966952  -115.47690888    -0.04723936  0.09314974  0.17086940  0.05151906  0.17473017  0.30000000  0.02727273   3906.58
   3  -115.47690888  -115.51614511    -0.03923623  0.08335640  0.14932917  0.04502444  0.17416226  0.30000000  0.02727273   5189.94
   4  -115.51614511  -115.54109475    -0.02494964  0.06329448  0.11192363  0.03374625  0.17223365  0.30000000  0.02727273   6456.64
   5  -115.54109475  -115.54475091    -0.00365617  0.02893325  0.05048659  0.01522228  0.13821026  0.23921151  0.02174650   7723.64
   6  -115.54475091  -115.54558316    -0.00083225  0.01547305  0.02550680  0.00769059  0.04501331  0.07767291  0.00706117   8948.69
   7  -115.54558316  -115.54560232    -0.00001916  0.00220688  0.00360933  0.00108825  0.00594196  0.00943202  0.00085746  10159.02
   8  -115.54560232  -115.54560391    -0.00000158  0.00090855  0.00100625  0.00030340  0.00178581  0.00261064  0.00023733  11372.12
   9  -115.54560391  -115.54560426    -0.00000035  0.00042520  0.00045893  0.00013837  0.00126290  0.00150854  0.00013714  12614.15
  10  -115.54560426  -115.54560428    -0.00000002  0.00005506  0.00010050  0.00003030  0.00016378  0.00029812  0.00002710  13836.53

 END OF GEOMETRY OPTIMIZATION.

 Optimized variables
 RCO=                 1.42184096 ANGSTROM
 ROH=                 0.95661456 ANGSTROM
 ACOH=              108.59418985 DEGREE
 RCH1=                1.09282166 ANGSTROM
 AOCH1=             110.93625440 DEGREE
 AHH1=              -93.86114939 DEGREE
 RCH2=                1.09172049 ANGSTROM
 AOCH2=             111.99164938 DEGREE
 RCH3=                1.08859857 ANGSTROM
 AOCH3=             107.88069644 DEGREE
 AHH3=              147.08643064 DEGREE

 **********************************************************************************************************************************

 Geometry written to block  1 of record 701

 Recomputing wavefunction for reoriented structure

 Current geometry (xyz format, in Angstrom)


 Dump information in style XYZ to ch3oh_maxima_mp2.xyz                                                            

    6
 CCSD/AUG-CC-PVTZ  ENERGY=-115.54560428
 C          0.0000456669        0.0122791624       -0.7290281221
 O         -0.0008335134       -0.0647709151        0.6907233456
 H         -0.0001211241        0.8240467072        1.0444381215
 H         -1.0181357238       -0.0341448282       -1.1232497031
 H          0.4686117089        0.9305417988       -1.0883235748
 H          0.5623316165       -0.8386344826       -1.1095899666

 **********************************************************************************************************************************


 **********************************************************************************************************************************
 DATASETS  * FILE   NREC   LENGTH (MB)   RECORD NAMES
              1      22      858.84       500      610      700      701      900      950      970     1001      129      960   
                                          VAR    BASINP    GEOM     GEOM    SYMINP    ZMAT    AOBASIS   BASIS     P2S    ABASIS    
                                         1100     1400     1410     1200     1210     1080     1600     1650     1300     1700   
                                           S        T        V       H0       H01     AOSYM     SMH    MOLCAS    ERIS     OPER   
                                         1380    55555   
                                         JKOP     CCSD   

              2      11        3.11       700     1000      520     2100     8500      200     9001      701     1001     2101   
                                         GEOM     BASIS   MCVARS     RHF     CPHF    OPTIONS  DEN_MP2   GEOM     BASIS     RHF  
                                         9001(1)
                                        DEN_MP2    

 PROGRAMS   *        TOTAL      OPTG    HF-SCF      CCSD    HF-SCF      CCSD    HF-SCF      CCSD    HF-SCF      CCSD    HF-SCF
 CPU TIMES  *    212363.26    854.46     18.18    862.07     73.54    875.41     97.64    833.10     90.90    839.78    108.48
 REAL TIME  *     38961.13 SEC
 DISK USED  *         2.42 GB
 **********************************************************************************************************************************
 SETTING XXX            =    "MMM"
 SETTING TAU            =        26.90842708  DEGREE                          


 XXX       RCO          ROH          RCH1         RCH2         RCH3           ACOH           AOCH1          AOCH2          AOCH3          AHH1          AHH2           AHH3          TAU
 "MMM"   1.42184096   0.95661456   1.09282166   1.09172049   1.08859857   108.59418985   110.93625440   111.99164938   107.88069644   -93.86114939   27.50000000   147.08643064   26.90842708
                                                  

 DO I                   =       -90.00000000   
 SETTING RCO            =         1.50000000                                  
 SETTING ROH            =         1.00000000                                  
 SETTING RCH1           =         1.50000000                                  
 SETTING RCH2           =         1.50000001                                  
 SETTING RCH3           =         1.50000002                                  
 SETTING ACOH           =       110.00000000                                  
 SETTING AOCH1          =       115.00000000                                  
 SETTING AOCH2          =       115.00000001                                  
 SETTING AOCH3          =       115.00000002                                  
 SETTING AHH1           =       -90.00000000                                  
 SETTING AHH2           =        30.00000000                                  
 SETTING AHH3           =       150.00000000                                  


 PROGRAM * OPT (Geometry optimization)     Authors: F. Eckert and H.-J. Werner


 BFGS update of hessian

 Geometry optimization using procedure=RUNCCSD

 Running procedure: RUNCCSD


 Recomputing integrals since geometry changed


 PROGRAM * SEWARD (Integral evaluation for generally contracted gaussian basis sets)     Author: Roland Lindh, 1990

 Geometry written to block  1 of record 701

 Orientation using atomic masses  
 Molecule type: Asymmetric top
 Rotational constants:      19.1393770     19.7418884     79.0358267 GHz  (calculated with average atomic masses)

 Point group  C1  



 ATOMIC COORDINATES

 NR  ATOM    CHARGE       X              Y              Z

   1  C       6.00   -0.000000003    0.020571052   -1.412779028
   2  O       8.00   -0.000000000   -0.132718373    1.417662317
   3  H       1.00    0.000000021    1.605492810    2.159070915
   4  H1      1.00   -2.569010257    0.085353993   -2.608975226
   5  H2      1.00    1.284505158    2.306926524   -2.488660582
   6  H3      1.00    1.284505114   -2.136218642   -2.729289908

 Bond lengths in Bohr (Angstrom)

 1-2  2.834589187  2-3  1.889726125
     ( 1.500000000)     ( 1.000000000)

 Bond angles

  1-2-3  110.00000000

 NUCLEAR CHARGE:                   18
 NUMBER OF PRIMITIVE AOS:         242
 NUMBER OF SYMMETRY AOS:          216
 NUMBER OF CONTRACTIONS:          184   (  184A   )
 NUMBER OF INNER CORE ORBITALS:     0   (    0A   )
 NUMBER OF OUTER CORE ORBITALS:     2   (    2A   )
 NUMBER OF VALENCE ORBITALS:       12   (   12A   )


 NUCLEAR REPULSION ENERGY   35.28838095


 Eigenvalues of metric

         1 0.232E-03 0.320E-03 0.438E-03 0.485E-03 0.628E-03 0.702E-03 0.213E-02 0.249E-02


 Contracted 2-electron integrals neglected if value below      1.0D-11
 AO integral compression algorithm  1   Integral accuracy      1.0D-11

     647.496 MB (compressed) written to integral file ( 47.7%)


 NUMBER OF SORTED TWO-ELECTRON INTEGRALS:  144848710.     BUFFER LENGTH:  32768
 NUMBER OF SEGMENTS:  10  SEGMENT LENGTH:   15999503      RECORD LENGTH: 524288

 Memory used in sort:      16.56 MW

 SORT1 READ   169623812. AND WROTE   136240796. INTEGRALS IN    394 RECORDS. CPU TIME:     1.42 SEC, REAL TIME:     2.04 SEC
 SORT2 READ   136240796. AND WROTE   144848710. INTEGRALS IN   2470 RECORDS. CPU TIME:     1.42 SEC, REAL TIME:     1.90 SEC

 FILE SIZES:   FILE 1:   679.0 MBYTE,  FILE 4:  1652.6 MBYTE,   TOTAL:   2331.6 MBYTE

 OPERATOR DM      FOR CENTER  0  COORDINATES:    0.000000    0.000000    0.000000


 **********************************************************************************************************************************
 DATASETS  * FILE   NREC   LENGTH (MB)   RECORD NAMES
              1      20      568.43       500      610      700      701      900      950      970     1001      129      960   
                                          VAR    BASINP    GEOM     GEOM    SYMINP    ZMAT    AOBASIS   BASIS     P2S    ABASIS    
                                         1100     1400     1410     1200     1210     1080     1600     1650     1300     1700   
                                           S        T        V       H0       H01     AOSYM     SMH    MOLCAS    ERIS     OPER   

              2      11        3.11       700     1000      520     2100     8500      200     9001      701     1001     2101   
                                         GEOM     BASIS   MCVARS     RHF     CPHF    OPTIONS  DEN_MP2   GEOM     BASIS     RHF  
                                         9001(1)
                                        DEN_MP2    

 PROGRAMS   *        TOTAL       INT      CCSD    HF-SCF      CCSD    HF-SCF      CCSD    HF-SCF      CCSD    HF-SCF      CCSD
 CPU TIMES  *    212390.82     27.55    854.46     18.18    862.07     73.54    875.41     97.64    833.10     90.90    839.78
 REAL TIME  *     38971.76 SEC
 DISK USED  *         2.42 GB
 **********************************************************************************************************************************


 Program * Restricted Hartree-Fock

 Molecular orbitals read from record     2101.2  Type=RHF/CANONICAL (state 1.1)

 Initial occupancy:   9

 NELEC=   18   SYM=1   MS2= 0   THRE=1.0D-09   THRD=1.0D-07   THRG=1.0D-07  HFMA2=F  DIIS_START=2   DIIS_MAX=10   DIIS_INCORE=F

 Level shifts:    0.00 (CLOSED)    0.00 (OPEN)    0.30 (GAP_MIN)

 ITER           ETOT              DE          GRAD        DDIFF     DIIS  NEXP   TIME(IT)  TIME(TOT)  DIAG
   1     -114.79688263    -114.79688263     0.00D+00     0.51D-01     0     0      12.85     12.86    start
   2     -114.88090864      -0.08402600     0.75D-02     0.16D-01     1     0       8.63     21.49    diag
   3     -114.89445382      -0.01354518     0.29D-02     0.30D-02     2     0       8.89     30.38    diag
   4     -114.89663897      -0.00218516     0.96D-03     0.10D-02     3     0      10.39     40.77    diag
   5     -114.89678721      -0.00014824     0.18D-03     0.27D-03     4     0       8.65     49.42    diag
   6     -114.89679853      -0.00001132     0.57D-04     0.78D-04     5     0       9.92     59.34    diag
   7     -114.89679986      -0.00000134     0.24D-04     0.23D-04     6     0      10.14     69.48    diag
   8     -114.89680004      -0.00000017     0.65D-05     0.90D-05     7     0       9.25     78.73    fixocc
   9     -114.89680005      -0.00000001     0.13D-05     0.21D-05     8     0       9.27     88.00    diag
  10     -114.89680005      -0.00000000     0.29D-06     0.42D-06     9     0       8.65     96.65    diag/orth
  11     -114.89680005      -0.00000000     0.63D-07     0.90D-07     9     0       8.58    105.23    diag
  12     -114.89680005      -0.00000000     0.15D-07     0.15D-07     0     0       9.21    114.44    diag

 Final occupancy:   9

 !RHF STATE 1.1 Energy               -114.896800047414
  RHF One-electron energy            -226.718082088874
  RHF Two-electron energy              76.532901092095
  RHF Kinetic energy                  113.551926089849
  RHF Nuclear energy                   35.288380949365
  RHF Virial quotient                  -1.011843691286

 !RHF STATE 1.1 Dipole moment           0.02408926     0.57495836    -0.21646806
 Dipole moment /Debye                   0.06122880     1.46139838    -0.55020693

 Orbital energies:

           1.1          2.1          3.1          4.1          5.1          6.1          7.1          8.1          9.1         10.1
    -20.596589   -11.402282    -1.346752    -0.838969    -0.659288    -0.564069    -0.561332    -0.440396    -0.416463     0.024570

          11.1
      0.038302


 HOMO      9.1    -0.416463 =     -11.3325eV
 LUMO     10.1     0.024570 =       0.6686eV
 LUMO-HOMO         0.441033 =      12.0011eV

 Orbitals saved in record  2101.2


 **********************************************************************************************************************************
 DATASETS  * FILE   NREC   LENGTH (MB)   RECORD NAMES
              1      20      568.43       500      610      700      701      900      950      970     1001      129      960   
                                          VAR    BASINP    GEOM     GEOM    SYMINP    ZMAT    AOBASIS   BASIS     P2S    ABASIS    
                                         1100     1400     1410     1200     1210     1080     1600     1650     1300     1700   
                                           S        T        V       H0       H01     AOSYM     SMH    MOLCAS    ERIS     OPER   

              2      11        3.11       700     1000      520     2100     8500      200     9001      701     1001     2101   
                                         GEOM     BASIS   MCVARS     RHF     CPHF    OPTIONS  DEN_MP2   GEOM     BASIS     RHF  
                                         9001(1)
                                        DEN_MP2    

 PROGRAMS   *        TOTAL    HF-SCF       INT      CCSD    HF-SCF      CCSD    HF-SCF      CCSD    HF-SCF      CCSD    HF-SCF
 CPU TIMES  *    212505.29    114.47     27.55    854.46     18.18    862.07     73.54    875.41     97.64    833.10     90.90
 REAL TIME  *     38989.91 SEC
 DISK USED  *         2.42 GB
 **********************************************************************************************************************************


 PROGRAM * CCSD (Closed-shell coupled cluster)     Authors: C. Hampel, H.-J. Werner, 1991, M. Deegan, P.J. Knowles, 1992


 Convergence thresholds:  THRVAR = 1.00D-12  THRDEN = 1.00D-08

 Using ITF CCSD gradient implementation

 Number of core orbitals:           2 (   2 )
 Number of closed-shell orbitals:   7 (   7 )
 Number of external orbitals:     175 ( 175 )

 Molecular orbitals read from record     2101.2  Type=RHF/CANONICAL (state 1.1)

 Integral transformation finished. Total CPU:  27.36 sec, npass=  1  Memory used:  27.38 MW
  Reference energy                   -114.896800047414

  MP2 correlation energy               -0.461412202957
  MP2 total energy                   -115.358212250371

 ITER.      SQ.NORM     CORR.ENERGY   TOTAL ENERGY   ENERGY CHANGE        DEN1      VAR(S)    VAR(P)  DIIS     TIME
   1      1.16176309    -0.47905498  -115.37585502    -0.01764277    -0.00041780  3.43e-03  3.96e-03  1  1    28.05
   2      1.17914178    -0.48106156  -115.37786161    -0.00200658    -0.01440744  1.52e-04  8.86e-04  2  2    70.48
   3      1.18580760    -0.48189159  -115.37869164    -0.00083003    -0.00232012  1.84e-05  1.97e-04  3  3    99.00
   4      1.19103195    -0.48201120  -115.37881125    -0.00011961    -0.00238942  2.51e-06  3.18e-05  4  4   126.17
   5      1.19306256    -0.48199885  -115.37879890     0.00001235    -0.00073630  1.55e-07  3.71e-06  5  5   157.72
   6      1.19378060    -0.48197931  -115.37877936     0.00001954    -0.00024324  9.19e-09  2.94e-07  6  0   188.92
   7      1.19388881    -0.48197335  -115.37877340     0.00000596    -0.00003695  4.77e-09  4.30e-08  6  1   216.34
   8      1.19390573    -0.48197111  -115.37877116     0.00000224    -0.00000555  9.62e-11  6.89e-09  6  2   238.46
   9      1.19391023    -0.48197089  -115.37877094     0.00000022    -0.00000118  5.87e-11  9.56e-10  6  3   262.04
  10      1.19391319    -0.48197082  -115.37877087     0.00000007    -0.00000080  2.16e-12  7.97e-11  6  4   288.65
  11      1.19391324    -0.48197080  -115.37877085     0.00000002    -0.00000002  2.93e-13  1.12e-11  6  5   311.39
  12      1.19391296    -0.48197081  -115.37877086    -0.00000001     0.00000006  7.46e-14  1.63e-12  6  0   332.57
  13      1.19391268    -0.48197081  -115.37877086     0.00000000     0.00000008  6.44e-15  2.00e-13         364.75

 Norm of t1 vector:      0.07544230     S-energy:      0.00000000   T1 diagnostic:  0.01425725

 Time per iteration:                     28.06 sec

 RESULTS
 =======

  Reference energy                   -114.896800047414
  CCSD correlation energy              -0.481970813039
 !CCSD total energy                  -115.378770860453

 Starting CP-CCSD iterations.   Author: W. Gyorffy (2012)

 ITER.      NRM1           NRM2      VAR(S)+VAR(P)   DIIS    TIME
   1     0.00313154     0.44849714     1.85e-03      1  1   26.00
   2     0.00286841     0.44064145     1.23e-04      2  2   47.68
   3     0.00267635     0.43977644     1.62e-05      3  3   69.38
   4     0.00258845     0.43890706     3.07e-06      4  4   91.08
   5     0.00252748     0.43867597     3.83e-07      5  5  112.62
   6     0.00250309     0.43858877     4.62e-08      6  0  133.91
   7     0.00249497     0.43858133     5.72e-09      6  1  155.35
   8     0.00249233     0.43858040     8.90e-10      6  2  177.07
   9     0.00249145     0.43858134     1.35e-10      6  3  201.32
  10     0.00249128     0.43858201     1.99e-11      6  4  230.84
  11     0.00249125     0.43858218     2.81e-12      6  5  260.44
  12     0.00249125     0.43858223     4.43e-13            289.95


 Time per iteration:                     24.16 sec

 CPHF start vector      0.2 not found

 Starting Coupled-perturbed Hartree-Fock, convergence threshold= 1.0D-06

 ITER   MIC  DIIS      VAR         VARC       CPU
   1     0     1    0.11D-01    0.16D-02     9.88
   2     4     2    0.40D-03    0.89D-04    19.72
   3     4     3    0.88D-05    0.13D-05    29.61
   4     3     4    0.36D-06    0.73D-07    39.44

 CPHF convergence reached in  4 macroiterations and   11 microiterations.   Accuracy: 3.6345D-07

 CPHF solution written to record  8500.2

 Dipole moments (unrelaxed):            0.02676398     0.54159322    -0.20474561
 Orbital relaxation contribution:      -0.00072334     0.00452579    -0.00019368
 !CCSD STATE 1.1 Dipole moment          0.02604064     0.54611901    -0.20493929
 Dipole moment /Debye                   0.06618872     1.38809607    -0.52090371

 CPU-time for coupled-perturbed hartree-fock:         39.45 sec

 Number of N-1 electron functions:               7
 Number of N-2 electron functions:              28
 Number of singly external CSFs:              1225
 Number of doubly external CSFs:            750925
 Total number of CSFs:                      752151

 CCSD gradient info saved on record        55555.1




 **********************************************************************************************************************************
 DATASETS  * FILE   NREC   LENGTH (MB)   RECORD NAMES
              1      22      804.43       500      610      700      701      900      950      970     1001      129      960   
                                          VAR    BASINP    GEOM     GEOM    SYMINP    ZMAT    AOBASIS   BASIS     P2S    ABASIS    
                                         1100     1400     1410     1200     1210     1080     1600     1650     1300     1700   
                                           S        T        V       H0       H01     AOSYM     SMH    MOLCAS    ERIS     OPER   
                                         1380    55555   
                                         JKOP     CCSD   

              2      11        3.11       700     1000      520     2100     8500      200     9001      701     1001     2101   
                                         GEOM     BASIS   MCVARS     RHF     CPHF    OPTIONS  DEN_MP2   GEOM     BASIS     RHF  
                                         9001(1)
                                        DEN_MP2    

 PROGRAMS   *        TOTAL      CCSD    HF-SCF       INT      CCSD    HF-SCF      CCSD    HF-SCF      CCSD    HF-SCF      CCSD
 CPU TIMES  *    213461.85    956.55    114.47     27.55    854.46     18.18    862.07     73.54    875.41     97.64    833.10
 REAL TIME  *     39122.08 SEC
 DISK USED  *         2.42 GB
 **********************************************************************************************************************************

 Inactive variables:    AHH2

 Active variables:      RCO ROH ACOH RCH1 AOCH1 AHH1
                        RCH2 AOCH2 RCH3 AOCH3 AHH3

 Geometry written to block  1 of record 701

 XYZ inputs for each point on the optimization path will be saved in files ch3oh_maxima_mp2_xx.xyz

 Making model hessian for Z-matrix coordinates

 Entering Rational Function Geometry Optimization

 ITER.   ENERGY(OLD)    ENERGY(NEW)      DE          GRADMAX     GRADNORM    GRADRMS     STEPMAX     STEPLEN     STEPRMS   CPU-time
   1  -115.37877086  -115.42970882    -0.05093796  0.09555932  0.18484493  0.05573284  0.16791679  0.29506264  0.02682388   2468.23
   2  -115.42970882  -115.47696727    -0.04725845  0.09331251  0.17095011  0.05154340  0.17499312  0.30000000  0.02727273   3768.62
   3  -115.47696727  -115.51621563    -0.03924836  0.08349385  0.14938697  0.04504187  0.17440328  0.30000000  0.02727273   5004.00
   4  -115.51621563  -115.54117958    -0.02496395  0.06334700  0.11197226  0.03376091  0.17220413  0.30000000  0.02727273   6276.60
   5  -115.54117958  -115.54484807    -0.00366849  0.02900515  0.05054314  0.01523933  0.13847954  0.23963329  0.02178484   7496.11
   6  -115.54484807  -115.54568206    -0.00083399  0.01557714  0.02554074  0.00770082  0.04509947  0.07773795  0.00706709   8751.09
   7  -115.54568206  -115.54570138    -0.00001932  0.00222697  0.00362031  0.00109156  0.00599293  0.00946666  0.00086061   9986.70
   8  -115.54570138  -115.54570300    -0.00000162  0.00091867  0.00101953  0.00030740  0.00180729  0.00264475  0.00024043  11245.49
   9  -115.54570300  -115.54570336    -0.00000036  0.00042630  0.00046099  0.00013900  0.00125961  0.00150992  0.00013727  12582.09
  10  -115.54570336  -115.54570337    -0.00000002  0.00005619  0.00010243  0.00003089  0.00016900  0.00030709  0.00002792  13745.13

 END OF GEOMETRY OPTIMIZATION.

 Optimized variables
 RCO=                 1.42161144 ANGSTROM
 ROH=                 0.95675136 ANGSTROM
 ACOH=              108.56468179 DEGREE
 RCH1=                1.09293887 ANGSTROM
 AOCH1=             111.03946476 DEGREE
 AHH1=              -91.46694271 DEGREE
 RCH2=                1.09182878 ANGSTROM
 AOCH2=             111.98560697 DEGREE
 RCH3=                1.08845585 ANGSTROM
 AOCH3=             107.75367902 DEGREE
 AHH3=              149.51284770 DEGREE

 **********************************************************************************************************************************

 Geometry written to block  1 of record 701

 Recomputing wavefunction for reoriented structure

 Current geometry (xyz format, in Angstrom)


 Dump information in style XYZ to ch3oh_maxima_mp2.xyz                                                            

    6
 CCSD/AUG-CC-PVTZ  ENERGY=-115.54570337
 C          0.0000237448        0.0123123684       -0.7289069754
 O         -0.0007956577       -0.0646936603        0.6906170601
 H         -0.0007639702        0.8244414589        1.0439043470
 H         -1.0194978559        0.0077554214       -1.1226966465
 H          0.5066739737        0.9098240706       -1.0892795111
 H          0.5259346655       -0.8618337454       -1.1084098352

 **********************************************************************************************************************************


 **********************************************************************************************************************************
 DATASETS  * FILE   NREC   LENGTH (MB)   RECORD NAMES
              1      22      858.01       500      610      700      701      900      950      970     1001      129      960   
                                          VAR    BASINP    GEOM     GEOM    SYMINP    ZMAT    AOBASIS   BASIS     P2S    ABASIS    
                                         1100     1400     1410     1200     1210     1080     1600     1650     1300     1700   
                                           S        T        V       H0       H01     AOSYM     SMH    MOLCAS    ERIS     OPER   
                                         1380    55555   
                                         JKOP     CCSD   

              2      11        3.11       700     1000      520     2100     8500      200     9001      701     1001     2101   
                                         GEOM     BASIS   MCVARS     RHF     CPHF    OPTIONS  DEN_MP2   GEOM     BASIS     RHF  
                                         9001(1)
                                        DEN_MP2    

 PROGRAMS   *        TOTAL      OPTG    HF-SCF      CCSD    HF-SCF      CCSD    HF-SCF      CCSD    HF-SCF      CCSD    HF-SCF
 CPU TIMES  *    226901.68    772.94     20.33    801.45     73.42    963.47     90.65    842.58     91.57    818.96    111.02
 REAL TIME  *     41164.76 SEC
 DISK USED  *         2.42 GB
 **********************************************************************************************************************************
 SETTING XXX            =    "MMM"
 SETTING TAU            =        29.34863500  DEGREE                          


 XXX       RCO          ROH          RCH1         RCH2         RCH3           ACOH           AOCH1          AOCH2          AOCH3          AHH1          AHH2           AHH3          TAU
 "MMM"   1.42161144   0.95675136   1.09293887   1.09182878   1.08845585   108.56468179   111.03946476   111.98560697   107.75367902   -91.46694271   30.00000000   149.51284770   29.34863500
                                                  

 DO I                   =       -87.50000000   
 SETTING RCO            =         1.50000000                                  
 SETTING ROH            =         1.00000000                                  
 SETTING RCH1           =         1.50000000                                  
 SETTING RCH2           =         1.50000001                                  
 SETTING RCH3           =         1.50000002                                  
 SETTING ACOH           =       110.00000000                                  
 SETTING AOCH1          =       115.00000000                                  
 SETTING AOCH2          =       115.00000001                                  
 SETTING AOCH3          =       115.00000002                                  
 SETTING AHH1           =       -87.50000000                                  
 SETTING AHH2           =        32.50000000                                  
 SETTING AHH3           =       152.50000000                                  


 PROGRAM * OPT (Geometry optimization)     Authors: F. Eckert and H.-J. Werner


 BFGS update of hessian

 Geometry optimization using procedure=RUNCCSD

 Running procedure: RUNCCSD


 Recomputing integrals since geometry changed


 PROGRAM * SEWARD (Integral evaluation for generally contracted gaussian basis sets)     Author: Roland Lindh, 1990

 Geometry written to block  1 of record 701

 Orientation using atomic masses  
 Molecule type: Asymmetric top
 Rotational constants:      19.1393770     19.7418884     79.0358267 GHz  (calculated with average atomic masses)

 Point group  C1  



 ATOMIC COORDINATES

 NR  ATOM    CHARGE       X              Y              Z

   1  C       6.00   -0.000000003    0.020571052   -1.412779028
   2  O       8.00   -0.000000000   -0.132718373    1.417662317
   3  H       1.00    0.000000018    1.605492810    2.159070915
   4  H1      1.00   -2.566565127    0.197248667   -2.602915298
   5  H2      1.00    1.380328230    2.248864741   -2.491805059
   6  H3      1.00    1.186236911   -2.190051533   -2.732205359

 Bond lengths in Bohr (Angstrom)

 1-2  2.834589187  2-3  1.889726125
     ( 1.500000000)     ( 1.000000000)

 Bond angles

  1-2-3  110.00000000

 NUCLEAR CHARGE:                   18
 NUMBER OF PRIMITIVE AOS:         242
 NUMBER OF SYMMETRY AOS:          216
 NUMBER OF CONTRACTIONS:          184   (  184A   )
 NUMBER OF INNER CORE ORBITALS:     0   (    0A   )
 NUMBER OF OUTER CORE ORBITALS:     2   (    2A   )
 NUMBER OF VALENCE ORBITALS:       12   (   12A   )


 NUCLEAR REPULSION ENERGY   35.28823917


 Eigenvalues of metric

         1 0.230E-03 0.320E-03 0.441E-03 0.485E-03 0.630E-03 0.700E-03 0.214E-02 0.249E-02


 Contracted 2-electron integrals neglected if value below      1.0D-11
 AO integral compression algorithm  1   Integral accuracy      1.0D-11

     648.806 MB (compressed) written to integral file ( 47.8%)


 NUMBER OF SORTED TWO-ELECTRON INTEGRALS:  144848710.     BUFFER LENGTH:  32768
 NUMBER OF SEGMENTS:  10  SEGMENT LENGTH:   15999503      RECORD LENGTH: 524288

 Memory used in sort:      16.56 MW

 SORT1 READ   169623812. AND WROTE   136268543. INTEGRALS IN    395 RECORDS. CPU TIME:     1.75 SEC, REAL TIME:     2.50 SEC
 SORT2 READ   136268543. AND WROTE   144848710. INTEGRALS IN   2475 RECORDS. CPU TIME:     1.33 SEC, REAL TIME:     1.77 SEC

 FILE SIZES:   FILE 1:   680.3 MBYTE,  FILE 4:  1656.8 MBYTE,   TOTAL:   2337.1 MBYTE

 OPERATOR DM      FOR CENTER  0  COORDINATES:    0.000000    0.000000    0.000000


 **********************************************************************************************************************************
 DATASETS  * FILE   NREC   LENGTH (MB)   RECORD NAMES
              1      20      569.58       500      610      700      701      900      950      970     1001      129      960   
                                          VAR    BASINP    GEOM     GEOM    SYMINP    ZMAT    AOBASIS   BASIS     P2S    ABASIS    
                                         1100     1400     1410     1200     1210     1080     1600     1650     1300     1700   
                                           S        T        V       H0       H01     AOSYM     SMH    MOLCAS    ERIS     OPER   

              2      11        3.11       700     1000      520     2100     8500      200     9001      701     1001     2101   
                                         GEOM     BASIS   MCVARS     RHF     CPHF    OPTIONS  DEN_MP2   GEOM     BASIS     RHF  
                                         9001(1)
                                        DEN_MP2    

 PROGRAMS   *        TOTAL       INT      CCSD    HF-SCF      CCSD    HF-SCF      CCSD    HF-SCF      CCSD    HF-SCF      CCSD
 CPU TIMES  *    226929.21     27.51    772.94     20.33    801.45     73.42    963.47     90.65    842.58     91.57    818.96
 REAL TIME  *     41175.57 SEC
 DISK USED  *         2.42 GB
 **********************************************************************************************************************************


 Program * Restricted Hartree-Fock

 Molecular orbitals read from record     2101.2  Type=RHF/CANONICAL (state 1.1)

 Initial occupancy:   9

 NELEC=   18   SYM=1   MS2= 0   THRE=1.0D-09   THRD=1.0D-07   THRG=1.0D-07  HFMA2=F  DIIS_START=2   DIIS_MAX=10   DIIS_INCORE=F

 Level shifts:    0.00 (CLOSED)    0.00 (OPEN)    0.30 (GAP_MIN)

 ITER           ETOT              DE          GRAD        DDIFF     DIIS  NEXP   TIME(IT)  TIME(TOT)  DIAG
   1     -114.79696322    -114.79696322     0.00D+00     0.51D-01     0     0      15.90     15.91    start
   2     -114.88096436      -0.08400114     0.75D-02     0.16D-01     1     0      22.01     37.92    diag
   3     -114.89450702      -0.01354266     0.29D-02     0.30D-02     2     0      14.88     52.80    diag
   4     -114.89669519      -0.00218817     0.96D-03     0.10D-02     3     0      18.33     71.13    diag
   5     -114.89684377      -0.00014859     0.18D-03     0.27D-03     4     0      12.26     83.39    diag
   6     -114.89685509      -0.00001132     0.57D-04     0.78D-04     5     0      12.59     95.98    diag
   7     -114.89685644      -0.00000135     0.24D-04     0.23D-04     6     0      12.42    108.40    diag
   8     -114.89685661      -0.00000017     0.65D-05     0.89D-05     7     0      13.76    122.16    fixocc
   9     -114.89685662      -0.00000001     0.13D-05     0.21D-05     8     0      13.29    135.45    diag
  10     -114.89685662      -0.00000000     0.29D-06     0.42D-06     9     0      13.74    149.19    diag/orth
  11     -114.89685662      -0.00000000     0.63D-07     0.89D-07     9     0      12.91    162.10    diag
  12     -114.89685662      -0.00000000     0.15D-07     0.15D-07     0     0      14.54    176.64    diag

 Final occupancy:   9

 !RHF STATE 1.1 Energy               -114.896856623168
  RHF One-electron energy            -226.717816514962
  RHF Two-electron energy              76.532720718806
  RHF Kinetic energy                  113.551792596471
  RHF Nuclear energy                   35.288239172988
  RHF Virial quotient                  -1.011845379064

 !RHF STATE 1.1 Dipole moment           0.02387512     0.57164008    -0.21695605
 Dipole moment /Debye                   0.06068450     1.45296415    -0.55144728

 Orbital energies:

           1.1          2.1          3.1          4.1          5.1          6.1          7.1          8.1          9.1         10.1
    -20.596614   -11.402277    -1.346758    -0.838977    -0.659220    -0.564122    -0.561346    -0.440395    -0.416479     0.024593

          11.1
      0.038298


 HOMO      9.1    -0.416479 =     -11.3330eV
 LUMO     10.1     0.024593 =       0.6692eV
 LUMO-HOMO         0.441072 =      12.0022eV

 Orbitals saved in record  2101.2


 **********************************************************************************************************************************
 DATASETS  * FILE   NREC   LENGTH (MB)   RECORD NAMES
              1      20      569.58       500      610      700      701      900      950      970     1001      129      960   
                                          VAR    BASINP    GEOM     GEOM    SYMINP    ZMAT    AOBASIS   BASIS     P2S    ABASIS    
                                         1100     1400     1410     1200     1210     1080     1600     1650     1300     1700   
                                           S        T        V       H0       H01     AOSYM     SMH    MOLCAS    ERIS     OPER   

              2      11        3.11       700     1000      520     2100     8500      200     9001      701     1001     2101   
                                         GEOM     BASIS   MCVARS     RHF     CPHF    OPTIONS  DEN_MP2   GEOM     BASIS     RHF  
                                         9001(1)
                                        DEN_MP2    

 PROGRAMS   *        TOTAL    HF-SCF       INT      CCSD    HF-SCF      CCSD    HF-SCF      CCSD    HF-SCF      CCSD    HF-SCF
 CPU TIMES  *    227105.90    176.68     27.51    772.94     20.33    801.45     73.42    963.47     90.65    842.58     91.57
 REAL TIME  *     41202.97 SEC
 DISK USED  *         2.42 GB
 **********************************************************************************************************************************


 PROGRAM * CCSD (Closed-shell coupled cluster)     Authors: C. Hampel, H.-J. Werner, 1991, M. Deegan, P.J. Knowles, 1992


 Convergence thresholds:  THRVAR = 1.00D-12  THRDEN = 1.00D-08

 Using ITF CCSD gradient implementation

 Number of core orbitals:           2 (   2 )
 Number of closed-shell orbitals:   7 (   7 )
 Number of external orbitals:     175 ( 175 )

 Molecular orbitals read from record     2101.2  Type=RHF/CANONICAL (state 1.1)

 Integral transformation finished. Total CPU:  19.86 sec, npass=  1  Memory used:  27.38 MW
  Reference energy                   -114.896856623168

  MP2 correlation energy               -0.461401241847
  MP2 total energy                   -115.358257865016

 ITER.      SQ.NORM     CORR.ENERGY   TOTAL ENERGY   ENERGY CHANGE        DEN1      VAR(S)    VAR(P)  DIIS     TIME
   1      1.16175598    -0.47904405  -115.37590067    -0.01764280    -0.00041854  3.43e-03  3.96e-03  1  1    26.59
   2      1.17913129    -0.48105006  -115.37790668    -0.00200601    -0.01440683  1.52e-04  8.86e-04  2  2    52.54
   3      1.18579398    -0.48187990  -115.37873653    -0.00082985    -0.00231965  1.84e-05  1.97e-04  3  3    78.53
   4      1.19101545    -0.48199949  -115.37885611    -0.00011959    -0.00238899  2.50e-06  3.18e-05  4  4   104.93
   5      1.19304518    -0.48198716  -115.37884378     0.00001233    -0.00073633  1.54e-07  3.71e-06  5  5   133.60
   6      1.19376291    -0.48196763  -115.37882425     0.00001953    -0.00024328  9.18e-09  2.94e-07  6  0   159.55
   7      1.19387109    -0.48196166  -115.37881829     0.00000596    -0.00003697  4.76e-09  4.29e-08  6  1   186.21
   8      1.19388795    -0.48195942  -115.37881605     0.00000224    -0.00000553  9.63e-11  6.88e-09  6  2   220.53
   9      1.19389241    -0.48195921  -115.37881583     0.00000022    -0.00000117  5.87e-11  9.56e-10  6  3   256.96
  10      1.19389537    -0.48195914  -115.37881576     0.00000007    -0.00000079  2.16e-12  7.97e-11  6  4   281.64
  11      1.19389542    -0.48195912  -115.37881574     0.00000002    -0.00000002  2.93e-13  1.11e-11  6  5   305.04
  12      1.19389514    -0.48195913  -115.37881575    -0.00000001     0.00000006  7.45e-14  1.63e-12  6  0   330.27
  13      1.19389486    -0.48195913  -115.37881575     0.00000000     0.00000008  6.46e-15  2.00e-13         353.64

 Norm of t1 vector:      0.07539548     S-energy:      0.00000000   T1 diagnostic:  0.01424841

 Time per iteration:                     27.21 sec

 RESULTS
 =======

  Reference energy                   -114.896856623168
  CCSD correlation energy              -0.481959126102
 !CCSD total energy                  -115.378815749271

 Starting CP-CCSD iterations.   Author: W. Gyorffy (2012)

 ITER.      NRM1           NRM2      VAR(S)+VAR(P)   DIIS    TIME
   1     0.00312681     0.44846876     1.85e-03      1  1   25.20
   2     0.00286411     0.44061621     1.23e-04      2  2   49.42
   3     0.00267249     0.43975187     1.62e-05      3  3   74.10
   4     0.00258492     0.43888334     3.06e-06      4  4   95.96
   5     0.00252423     0.43865279     3.81e-07      5  5  118.07
   6     0.00250000     0.43856590     4.58e-08      6  0  142.53
   7     0.00249196     0.43855859     5.62e-09      6  1  165.95
   8     0.00248936     0.43855773     8.68e-10      6  2  192.59
   9     0.00248849     0.43855870     1.31e-10      6  3  216.06
  10     0.00248833     0.43855939     1.95e-11      6  4  239.30
  11     0.00248831     0.43855958     2.75e-12      6  5  260.90
  12     0.00248830     0.43855963     4.31e-13            282.56


 Time per iteration:                     23.55 sec

 CPHF start vector      0.2 not found

 Starting Coupled-perturbed Hartree-Fock, convergence threshold= 1.0D-06

 ITER   MIC  DIIS      VAR         VARC       CPU
   1     0     1    0.11D-01    0.16D-02    13.61
   2     4     2    0.40D-03    0.89D-04    26.09
   3     4     3    0.88D-05    0.13D-05    42.15
   4     3     4    0.36D-06    0.73D-07    57.50

 CPHF convergence reached in  4 macroiterations and   11 microiterations.   Accuracy: 3.6373D-07

 CPHF solution written to record  8500.2

 Dipole moments (unrelaxed):            0.02652432     0.53795903    -0.20517250
 Orbital relaxation contribution:      -0.00071662     0.00461563    -0.00019150
 !CCSD STATE 1.1 Dipole moment          0.02580770     0.54257466    -0.20536400
 Dipole moment /Debye                   0.06559662     1.37908724    -0.52198322

 CPU-time for coupled-perturbed hartree-fock:         57.51 sec

 Number of N-1 electron functions:               7
 Number of N-2 electron functions:              28
 Number of singly external CSFs:              1225
 Number of doubly external CSFs:            750925
 Total number of CSFs:                      752151

 CCSD gradient info saved on record        55555.1




 **********************************************************************************************************************************
 DATASETS  * FILE   NREC   LENGTH (MB)   RECORD NAMES
              1      22      805.58       500      610      700      701      900      950      970     1001      129      960   
                                          VAR    BASINP    GEOM     GEOM    SYMINP    ZMAT    AOBASIS   BASIS     P2S    ABASIS    
                                         1100     1400     1410     1200     1210     1080     1600     1650     1300     1700   
                                           S        T        V       H0       H01     AOSYM     SMH    MOLCAS    ERIS     OPER   
                                         1380    55555   
                                         JKOP     CCSD   

              2      11        3.11       700     1000      520     2100     8500      200     9001      701     1001     2101   
                                         GEOM     BASIS   MCVARS     RHF     CPHF    OPTIONS  DEN_MP2   GEOM     BASIS     RHF  
                                         9001(1)
                                        DEN_MP2    

 PROGRAMS   *        TOTAL      CCSD    HF-SCF       INT      CCSD    HF-SCF      CCSD    HF-SCF      CCSD    HF-SCF      CCSD
 CPU TIMES  *    228040.25    934.35    176.68     27.51    772.94     20.33    801.45     73.42    963.47     90.65    842.58
 REAL TIME  *     41331.46 SEC
 DISK USED  *         2.42 GB
 **********************************************************************************************************************************

 Inactive variables:    AHH2

 Active variables:      RCO ROH ACOH RCH1 AOCH1 AHH1
                        RCH2 AOCH2 RCH3 AOCH3 AHH3

 Geometry written to block  1 of record 701

 XYZ inputs for each point on the optimization path will be saved in files ch3oh_maxima_mp2_xx.xyz

 Making model hessian for Z-matrix coordinates

 Entering Rational Function Geometry Optimization

 ITER.   ENERGY(OLD)    ENERGY(NEW)      DE          GRADMAX     GRADNORM    GRADRMS     STEPMAX     STEPLEN     STEPRMS   CPU-time
   1  -115.37881575  -115.42974815    -0.05093240  0.09571312  0.18492776  0.05575782  0.16808156  0.29493265  0.02681206   2446.13
   2  -115.42974815  -115.47702572    -0.04727758  0.09346645  0.17103094  0.05156777  0.17523870  0.30000000  0.02727273   3725.41
   3  -115.47702572  -115.51628622    -0.03926050  0.08362372  0.14944486  0.04505932  0.17462772  0.30000000  0.02727273   5019.89
   4  -115.51628622  -115.54126461    -0.02497839  0.06339658  0.11202121  0.03377567  0.17219526  0.30000000  0.02727273   6325.38
   5  -115.54126461  -115.54494514    -0.00368053  0.02907310  0.05060043  0.01525660  0.13880515  0.24002214  0.02182019   7518.82
   6  -115.54494514  -115.54578141    -0.00083627  0.01567892  0.02558304  0.00771358  0.04519964  0.07782660  0.00707515   8801.32
   7  -115.54578141  -115.54580092    -0.00001951  0.00225131  0.00363646  0.00109643  0.00604946  0.00950458  0.00086405  10042.47
   8  -115.54580092  -115.54580257    -0.00000166  0.00092848  0.00103240  0.00031128  0.00182783  0.00267999  0.00024364  11237.98
   9  -115.54580257  -115.54580293    -0.00000036  0.00042770  0.00046309  0.00013963  0.00125680  0.00150787  0.00013708  12380.67
  10  -115.54580293  -115.54580295    -0.00000002  0.00005730  0.00010427  0.00003144  0.00017418  0.00031371  0.00002852  13564.64

 END OF GEOMETRY OPTIMIZATION.

 Optimized variables
 RCO=                 1.42138084 ANGSTROM
 ROH=                 0.95688896 ANGSTROM
 ACOH=              108.53511771 DEGREE
 RCH1=                1.09304019 ANGSTROM
 AOCH1=             111.13704638 DEGREE
 AHH1=              -89.07497118 DEGREE
 RCH2=                1.09194042 ANGSTROM
 AOCH2=             111.97971083 DEGREE
 RCH3=                1.08832564 ANGSTROM
 AOCH3=             107.63220661 DEGREE
 AHH3=              151.93860393 DEGREE

 **********************************************************************************************************************************

 Geometry written to block  1 of record 701

 Recomputing wavefunction for reoriented structure

 Current geometry (xyz format, in Angstrom)


 Dump information in style XYZ to ch3oh_maxima_mp2.xyz                                                            

    6
 CCSD/AUG-CC-PVTZ  ENERGY=-115.54580295
 C         -0.0000005297        0.0123519566       -0.7287849803
 O         -0.0007419269       -0.0646156218        0.6905102416
 H         -0.0014353229        0.8248359120        1.0433727733
 H         -1.0191725336        0.0495587721       -1.1220291067
 H          0.5437649142        0.8875306820       -1.0903305851
 H          0.4886261312       -0.8834486420       -1.1072528993

 **********************************************************************************************************************************


 **********************************************************************************************************************************
 DATASETS  * FILE   NREC   LENGTH (MB)   RECORD NAMES
              1      22      860.17       500      610      700      701      900      950      970     1001      129      960   
                                          VAR    BASINP    GEOM     GEOM    SYMINP    ZMAT    AOBASIS   BASIS     P2S    ABASIS    
                                         1100     1400     1410     1200     1210     1080     1600     1650     1300     1700   
                                           S        T        V       H0       H01     AOSYM     SMH    MOLCAS    ERIS     OPER   
                                         1380    55555   
                                         JKOP     CCSD   

              2      11        3.11       700     1000      520     2100     8500      200     9001      701     1001     2101   
                                         GEOM     BASIS   MCVARS     RHF     CPHF    OPTIONS  DEN_MP2   GEOM     BASIS     RHF  
                                         9001(1)
                                        DEN_MP2    

 PROGRAMS   *        TOTAL      OPTG    HF-SCF      CCSD    HF-SCF      CCSD    HF-SCF      CCSD    HF-SCF      CCSD    HF-SCF
 CPU TIMES  *    241296.92    812.92     17.65    772.02    114.32    750.23    107.20    759.50    140.35    806.78    162.53
 REAL TIME  *     43373.80 SEC
 DISK USED  *         2.42 GB
 **********************************************************************************************************************************
 SETTING XXX            =    "MMM"
 SETTING TAU            =        31.78787758  DEGREE                          


 XXX       RCO          ROH          RCH1         RCH2         RCH3           ACOH           AOCH1          AOCH2          AOCH3          AHH1          AHH2           AHH3          TAU
 "MMM"   1.42138084   0.95688896   1.09304019   1.09194042   1.08832564   108.53511771   111.13704638   111.97971083   107.63220661   -89.07497118   32.50000000   151.93860393   31.78787758
                                                  

 DO I                   =       -85.00000000   
 SETTING RCO            =         1.50000000                                  
 SETTING ROH            =         1.00000000                                  
 SETTING RCH1           =         1.50000000                                  
 SETTING RCH2           =         1.50000001                                  
 SETTING RCH3           =         1.50000002                                  
 SETTING ACOH           =       110.00000000                                  
 SETTING AOCH1          =       115.00000000                                  
 SETTING AOCH2          =       115.00000001                                  
 SETTING AOCH3          =       115.00000002                                  
 SETTING AHH1           =       -85.00000000                                  
 SETTING AHH2           =        35.00000000                                  
 SETTING AHH3           =       155.00000000                                  


 PROGRAM * OPT (Geometry optimization)     Authors: F. Eckert and H.-J. Werner


 BFGS update of hessian

 Geometry optimization using procedure=RUNCCSD

 Running procedure: RUNCCSD


 Recomputing integrals since geometry changed


 PROGRAM * SEWARD (Integral evaluation for generally contracted gaussian basis sets)     Author: Roland Lindh, 1990

 Geometry written to block  1 of record 701

 Orientation using atomic masses  
 Molecule type: Asymmetric top
 Rotational constants:      19.1393770     19.7418884     79.0358267 GHz  (calculated with average atomic masses)

 Point group  C1  



 ATOMIC COORDINATES

 NR  ATOM    CHARGE       X              Y              Z

   1  C       6.00   -0.000000002    0.020571053   -1.412779028
   2  O       8.00    0.000000000   -0.132718373    1.417662317
   3  H       1.00    0.000000014    1.605492810    2.159070915
   4  H1      1.00   -2.559234395    0.308930342   -2.596866906
   5  H2      1.00    1.473523768    2.186684593   -2.495172576
   6  H3      1.00    1.085710640   -2.239553061   -2.734886234

 Bond lengths in Bohr (Angstrom)

 1-2  2.834589187  2-3  1.889726125
     ( 1.500000000)     ( 1.000000000)

 Bond angles

  1-2-3  110.00000000

 NUCLEAR CHARGE:                   18
 NUMBER OF PRIMITIVE AOS:         242
 NUMBER OF SYMMETRY AOS:          216
 NUMBER OF CONTRACTIONS:          184   (  184A   )
 NUMBER OF INNER CORE ORBITALS:     0   (    0A   )
 NUMBER OF OUTER CORE ORBITALS:     2   (    2A   )
 NUMBER OF VALENCE ORBITALS:       12   (   12A   )


 NUCLEAR REPULSION ENERGY   35.28809999


 Eigenvalues of metric

         1 0.227E-03 0.320E-03 0.444E-03 0.486E-03 0.632E-03 0.699E-03 0.214E-02 0.249E-02


 Contracted 2-electron integrals neglected if value below      1.0D-11
 AO integral compression algorithm  1   Integral accuracy      1.0D-11

     648.544 MB (compressed) written to integral file ( 47.8%)


 NUMBER OF SORTED TWO-ELECTRON INTEGRALS:  144848710.     BUFFER LENGTH:  32768
 NUMBER OF SEGMENTS:  10  SEGMENT LENGTH:   15999503      RECORD LENGTH: 524288

 Memory used in sort:      16.56 MW

 SORT1 READ   169623812. AND WROTE   136082987. INTEGRALS IN    395 RECORDS. CPU TIME:     1.17 SEC, REAL TIME:     1.78 SEC
 SORT2 READ   136082987. AND WROTE   144848710. INTEGRALS IN   2474 RECORDS. CPU TIME:     1.29 SEC, REAL TIME:     1.70 SEC

 FILE SIZES:   FILE 1:   680.1 MBYTE,  FILE 4:  1656.8 MBYTE,   TOTAL:   2336.9 MBYTE

 OPERATOR DM      FOR CENTER  0  COORDINATES:    0.000000    0.000000    0.000000


 **********************************************************************************************************************************
 DATASETS  * FILE   NREC   LENGTH (MB)   RECORD NAMES
              1      20      569.63       500      610      700      701      900      950      970     1001      129      960   
                                          VAR    BASINP    GEOM     GEOM    SYMINP    ZMAT    AOBASIS   BASIS     P2S    ABASIS    
                                         1100     1400     1410     1200     1210     1080     1600     1650     1300     1700   
                                           S        T        V       H0       H01     AOSYM     SMH    MOLCAS    ERIS     OPER   

              2      11        3.11       700     1000      520     2100     8500      200     9001      701     1001     2101   
                                         GEOM     BASIS   MCVARS     RHF     CPHF    OPTIONS  DEN_MP2   GEOM     BASIS     RHF  
                                         9001(1)
                                        DEN_MP2    

 PROGRAMS   *        TOTAL       INT      CCSD    HF-SCF      CCSD    HF-SCF      CCSD    HF-SCF      CCSD    HF-SCF      CCSD
 CPU TIMES  *    241318.99     22.05    812.92     17.65    772.02    114.32    750.23    107.20    759.50    140.35    806.78
 REAL TIME  *     43382.58 SEC
 DISK USED  *         2.42 GB
 **********************************************************************************************************************************


 Program * Restricted Hartree-Fock

 Molecular orbitals read from record     2101.2  Type=RHF/CANONICAL (state 1.1)

 Initial occupancy:   9

 NELEC=   18   SYM=1   MS2= 0   THRE=1.0D-09   THRD=1.0D-07   THRG=1.0D-07  HFMA2=F  DIIS_START=2   DIIS_MAX=10   DIIS_INCORE=F

 Level shifts:    0.00 (CLOSED)    0.00 (OPEN)    0.30 (GAP_MIN)

 ITER           ETOT              DE          GRAD        DDIFF     DIIS  NEXP   TIME(IT)  TIME(TOT)  DIAG
   1     -114.79703007    -114.79703007     0.00D+00     0.51D-01     0     0      10.00     10.01    start
   2     -114.88101686      -0.08398680     0.75D-02     0.16D-01     1     0       9.68     19.69    diag
   3     -114.89455853      -0.01354167     0.29D-02     0.30D-02     2     0      14.03     33.72    diag
   4     -114.89675022      -0.00219169     0.96D-03     0.10D-02     3     0       9.76     43.48    diag
   5     -114.89689924      -0.00014902     0.18D-03     0.27D-03     4     0      11.69     55.17    diag
   6     -114.89691057      -0.00001133     0.57D-04     0.78D-04     5     0      10.88     66.05    diag
   7     -114.89691193      -0.00000136     0.24D-04     0.23D-04     6     0       8.49     74.54    diag
   8     -114.89691210      -0.00000017     0.65D-05     0.89D-05     7     0       9.77     84.31    fixocc
   9     -114.89691211      -0.00000001     0.13D-05     0.21D-05     8     0       8.48     92.79    diag
  10     -114.89691211      -0.00000000     0.29D-06     0.42D-06     9     0       9.79    102.58    diag/orth
  11     -114.89691211      -0.00000000     0.63D-07     0.89D-07     9     0       8.47    111.05    diag
  12     -114.89691211      -0.00000000     0.15D-07     0.15D-07     0     0       8.37    119.42    diag

 Final occupancy:   9

 !RHF STATE 1.1 Energy               -114.896912111594
  RHF One-electron energy            -226.717556049912
  RHF Two-electron energy              76.532543949638
  RHF Kinetic energy                  113.551662275657
  RHF Nuclear energy                   35.288099988680
  RHF Virial quotient                  -1.011847029000

 !RHF STATE 1.1 Dipole moment           0.02325294     0.56838116    -0.21743517
 Dipole moment /Debye                   0.05910308     1.44468080    -0.55266508

 Orbital energies:

           1.1          2.1          3.1          4.1          5.1          6.1          7.1          8.1          9.1         10.1
    -20.596637   -11.402271    -1.346764    -0.838986    -0.659152    -0.564174    -0.561361    -0.440396    -0.416495     0.024615

          11.1
      0.038295


 HOMO      9.1    -0.416495 =     -11.3334eV
 LUMO     10.1     0.024615 =       0.6698eV
 LUMO-HOMO         0.441110 =      12.0032eV

 Orbitals saved in record  2101.2


 **********************************************************************************************************************************
 DATASETS  * FILE   NREC   LENGTH (MB)   RECORD NAMES
              1      20      569.63       500      610      700      701      900      950      970     1001      129      960   
                                          VAR    BASINP    GEOM     GEOM    SYMINP    ZMAT    AOBASIS   BASIS     P2S    ABASIS    
                                         1100     1400     1410     1200     1210     1080     1600     1650     1300     1700   
                                           S        T        V       H0       H01     AOSYM     SMH    MOLCAS    ERIS     OPER   

              2      11        3.11       700     1000      520     2100     8500      200     9001      701     1001     2101   
                                         GEOM     BASIS   MCVARS     RHF     CPHF    OPTIONS  DEN_MP2   GEOM     BASIS     RHF  
                                         9001(1)
                                        DEN_MP2    

 PROGRAMS   *        TOTAL    HF-SCF       INT      CCSD    HF-SCF      CCSD    HF-SCF      CCSD    HF-SCF      CCSD    HF-SCF
 CPU TIMES  *    241438.44    119.45     22.05    812.92     17.65    772.02    114.32    750.23    107.20    759.50    140.35
 REAL TIME  *     43401.43 SEC
 DISK USED  *         2.42 GB
 **********************************************************************************************************************************


 PROGRAM * CCSD (Closed-shell coupled cluster)     Authors: C. Hampel, H.-J. Werner, 1991, M. Deegan, P.J. Knowles, 1992


 Convergence thresholds:  THRVAR = 1.00D-12  THRDEN = 1.00D-08

 Using ITF CCSD gradient implementation

 Number of core orbitals:           2 (   2 )
 Number of closed-shell orbitals:   7 (   7 )
 Number of external orbitals:     175 ( 175 )

 Molecular orbitals read from record     2101.2  Type=RHF/CANONICAL (state 1.1)

 Integral transformation finished. Total CPU:  16.13 sec, npass=  1  Memory used:  27.38 MW
  Reference energy                   -114.896912111595

  MP2 correlation energy               -0.461390539192
  MP2 total energy                   -115.358302650787

 ITER.      SQ.NORM     CORR.ENERGY   TOTAL ENERGY   ENERGY CHANGE        DEN1      VAR(S)    VAR(P)  DIIS     TIME
   1      1.16174900    -0.47903338  -115.37594549    -0.01764284    -0.00041926  3.43e-03  3.96e-03  1  1    21.75
   2      1.17912099    -0.48103883  -115.37795094    -0.00200545    -0.01440622  1.52e-04  8.86e-04  2  2    48.31
   3      1.18578062    -0.48186849  -115.37878060    -0.00082966    -0.00231919  1.84e-05  1.97e-04  3  3    73.64
   4      1.19099930    -0.48198805  -115.37890016    -0.00011956    -0.00238860  2.50e-06  3.18e-05  4  4    95.33
   5      1.19302818    -0.48197574  -115.37888785     0.00001231    -0.00073635  1.54e-07  3.71e-06  5  5   115.38
   6      1.19374558    -0.48195622  -115.37886833     0.00001952    -0.00024330  9.17e-09  2.93e-07  6  0   135.44
   7      1.19385370    -0.48195025  -115.37886237     0.00000596    -0.00003697  4.76e-09  4.28e-08  6  1   155.58
   8      1.19387049    -0.48194801  -115.37886012     0.00000224    -0.00000551  9.64e-11  6.87e-09  6  2   176.60
   9      1.19387493    -0.48194780  -115.37885991     0.00000022    -0.00000116  5.86e-11  9.56e-10  6  3   197.71
  10      1.19387787    -0.48194773  -115.37885984     0.00000007    -0.00000079  2.16e-12  7.97e-11  6  4   218.17
  11      1.19387793    -0.48194771  -115.37885982     0.00000002    -0.00000002  2.93e-13  1.11e-11  6  5   238.19
  12      1.19387765    -0.48194772  -115.37885983    -0.00000001     0.00000006  7.44e-14  1.63e-12  6  0   259.18
  13      1.19387737    -0.48194772  -115.37885983     0.00000000     0.00000008  6.49e-15  1.99e-13         282.96

 Norm of t1 vector:      0.07534949     S-energy:      0.00000000   T1 diagnostic:  0.01423972

 Time per iteration:                     21.77 sec

 RESULTS
 =======

  Reference energy                   -114.896912111595
  CCSD correlation energy              -0.481947717645
 !CCSD total energy                  -115.378859829240

 Starting CP-CCSD iterations.   Author: W. Gyorffy (2012)

 ITER.      NRM1           NRM2      VAR(S)+VAR(P)   DIIS    TIME
   1     0.00312217     0.44844082     1.85e-03      1  1   26.86
   2     0.00285988     0.44059134     1.23e-04      2  2   54.07
   3     0.00266871     0.43972766     1.61e-05      3  3   82.44
   4     0.00258146     0.43885997     3.05e-06      4  4  111.42
   5     0.00252102     0.43862994     3.79e-07      5  5  142.21
   6     0.00249697     0.43854337     4.53e-08      6  0  171.63
   7     0.00248900     0.43853618     5.51e-09      6  1  202.08
   8     0.00248644     0.43853540     8.45e-10      6  2  232.68
   9     0.00248559     0.43853641     1.27e-10      6  3  262.11
  10     0.00248543     0.43853711     1.90e-11      6  4  292.25
  11     0.00248541     0.43853732     2.68e-12      6  5  321.98
  12     0.00248541     0.43853737     4.17e-13            352.41


 Time per iteration:                     29.37 sec

 CPHF start vector      0.2 not found

 Starting Coupled-perturbed Hartree-Fock, convergence threshold= 1.0D-06

 ITER   MIC  DIIS      VAR         VARC       CPU
   1     0     1    0.11D-01    0.16D-02    14.61
   2     4     2    0.40D-03    0.89D-04    29.36
   3     4     3    0.88D-05    0.13D-05    44.21
   4     3     4    0.36D-06    0.74D-07    59.01

 CPHF convergence reached in  4 macroiterations and   11 microiterations.   Accuracy: 3.6400D-07

 CPHF solution written to record  8500.2

 Dipole moments (unrelaxed):            0.02583146     0.53439034    -0.20559192
 Orbital relaxation contribution:      -0.00069767     0.00470379    -0.00018932
 !CCSD STATE 1.1 Dipole moment          0.02513379     0.53909413    -0.20578124
 Dipole moment /Debye                   0.06388372     1.37024060    -0.52304373

 CPU-time for coupled-perturbed hartree-fock:         59.01 sec

 Number of N-1 electron functions:               7
 Number of N-2 electron functions:              28
 Number of singly external CSFs:              1225
 Number of doubly external CSFs:            750925
 Total number of CSFs:                      752151

 CCSD gradient info saved on record        55555.1




 **********************************************************************************************************************************
 DATASETS  * FILE   NREC   LENGTH (MB)   RECORD NAMES
              1      22      805.63       500      610      700      701      900      950      970     1001      129      960   
                                          VAR    BASINP    GEOM     GEOM    SYMINP    ZMAT    AOBASIS   BASIS     P2S    ABASIS    
                                         1100     1400     1410     1200     1210     1080     1600     1650     1300     1700   
                                           S        T        V       H0       H01     AOSYM     SMH    MOLCAS    ERIS     OPER   
                                         1380    55555   
                                         JKOP     CCSD   

              2      11        3.11       700     1000      520     2100     8500      200     9001      701     1001     2101   
                                         GEOM     BASIS   MCVARS     RHF     CPHF    OPTIONS  DEN_MP2   GEOM     BASIS     RHF  
                                         9001(1)
                                        DEN_MP2    

 PROGRAMS   *        TOTAL      CCSD    HF-SCF       INT      CCSD    HF-SCF      CCSD    HF-SCF      CCSD    HF-SCF      CCSD
 CPU TIMES  *    242395.31    956.85    119.45     22.05    812.92     17.65    772.02    114.32    750.23    107.20    759.50
 REAL TIME  *     43533.60 SEC
 DISK USED  *         2.42 GB
 **********************************************************************************************************************************

 Inactive variables:    AHH2

 Active variables:      RCO ROH ACOH RCH1 AOCH1 AHH1
                        RCH2 AOCH2 RCH3 AOCH3 AHH3

 Geometry written to block  1 of record 701

 XYZ inputs for each point on the optimization path will be saved in files ch3oh_maxima_mp2_xx.xyz

 Making model hessian for Z-matrix coordinates

 Entering Rational Function Geometry Optimization

 ITER.   ENERGY(OLD)    ENERGY(NEW)      DE          GRADMAX     GRADNORM    GRADRMS     STEPMAX     STEPLEN     STEPRMS   CPU-time
   1  -115.37885983  -115.42978405    -0.05092422  0.09585752  0.18500916  0.05578236  0.16823142  0.29474341  0.02679486   2425.38
   2  -115.42978405  -115.47708129    -0.04729724  0.09360829  0.17111924  0.05159439  0.17548007  0.30000000  0.02727273   3741.63
   3  -115.47708129  -115.51635536    -0.03927407  0.08374296  0.14951246  0.04507970  0.17482618  0.30000000  0.02727273   4987.01
   4  -115.51635536  -115.54134804    -0.02499268  0.06344110  0.11207377  0.03379151  0.17218147  0.30000000  0.02727273   6302.54
   5  -115.54134804  -115.54504161    -0.00369357  0.02913493  0.05066107  0.01527489  0.13914781  0.24047070  0.02186097   7720.93
   6  -115.54504161  -115.54587965    -0.00083804  0.01577357  0.02561707  0.00772384  0.04528587  0.07789895  0.00708172   9026.49
   7  -115.54587965  -115.54589932    -0.00001967  0.00227042  0.00364992  0.00110049  0.00609564  0.00953969  0.00086724  10266.79
   8  -115.54589932  -115.54590101    -0.00000169  0.00093661  0.00104330  0.00031457  0.00184504  0.00271184  0.00024653  11539.85
   9  -115.54590101  -115.54590137    -0.00000036  0.00042898  0.00046496  0.00014019  0.00125436  0.00150576  0.00013689  12695.93
  10  -115.54590137  -115.54590139    -0.00000002  0.00005812  0.00010579  0.00003190  0.00017848  0.00031871  0.00002897  13923.43

 END OF GEOMETRY OPTIMIZATION.

 Optimized variables
 RCO=                 1.42115287 ANGSTROM
 ROH=                 0.95702518 ANGSTROM
 ACOH=              108.50600547 DEGREE
 RCH1=                1.09312539 ANGSTROM
 AOCH1=             111.22888037 DEGREE
 AHH1=              -86.68462510 DEGREE
 RCH2=                1.09205397 ANGSTROM
 AOCH2=             111.97389846 DEGREE
 RCH3=                1.08820838 ANGSTROM
 AOCH3=             107.51690722 DEGREE
 AHH3=              154.36385465 DEGREE

 **********************************************************************************************************************************

 Geometry written to block  1 of record 701

 Recomputing wavefunction for reoriented structure

 Current geometry (xyz format, in Angstrom)


 Dump information in style XYZ to ch3oh_maxima_mp2.xyz                                                            

    6
 CCSD/AUG-CC-PVTZ  ENERGY=-115.54590139
 C         -0.0000258369        0.0123981172       -0.7286641130
 O         -0.0006752723       -0.0645380726        0.6904045559
 H         -0.0020960872        0.8252232826        1.0428529961
 H         -1.0171691355        0.0912576416       -1.1212501568
 H          0.5798613328        0.8636800461       -1.0914751155
 H          0.4504306153       -0.9034652814       -1.1061302543

 **********************************************************************************************************************************


 **********************************************************************************************************************************
 DATASETS  * FILE   NREC   LENGTH (MB)   RECORD NAMES
              1      22      860.62       500      610      700      701      900      950      970     1001      129      960   
                                          VAR    BASINP    GEOM     GEOM    SYMINP    ZMAT    AOBASIS   BASIS     P2S    ABASIS    
                                         1100     1400     1410     1200     1210     1080     1600     1650     1300     1700   
                                           S        T        V       H0       H01     AOSYM     SMH    MOLCAS    ERIS     OPER   
                                         1380    55555   
                                         JKOP     CCSD   

              2      11        3.11       700     1000      520     2100     8500      200     9001      701     1001     2101   
                                         GEOM     BASIS   MCVARS     RHF     CPHF    OPTIONS  DEN_MP2   GEOM     BASIS     RHF  
                                         9001(1)
                                        DEN_MP2    

 PROGRAMS   *        TOTAL      OPTG    HF-SCF      CCSD    HF-SCF      CCSD    HF-SCF      CCSD    HF-SCF      CCSD    HF-SCF
 CPU TIMES  *    256034.20    796.69     17.14    874.83     81.38    809.49     82.42    858.23     98.40    805.80    132.55
 REAL TIME  *     45600.47 SEC
 DISK USED  *         2.42 GB
 **********************************************************************************************************************************
 SETTING XXX            =    "MMM"
 SETTING TAU            =        34.22640985  DEGREE                          


 XXX       RCO          ROH          RCH1         RCH2         RCH3           ACOH           AOCH1          AOCH2          AOCH3          AHH1          AHH2           AHH3          TAU
 "MMM"   1.42115287   0.95702518   1.09312539   1.09205397   1.08820838   108.50600547   111.22888037   111.97389846   107.51690722   -86.68462510   35.00000000   154.36385465   34.22640985
                                                  

 DO I                   =       -82.50000000   
 SETTING RCO            =         1.50000000                                  
 SETTING ROH            =         1.00000000                                  
 SETTING RCH1           =         1.50000000                                  
 SETTING RCH2           =         1.50000001                                  
 SETTING RCH3           =         1.50000002                                  
 SETTING ACOH           =       110.00000000                                  
 SETTING AOCH1          =       115.00000000                                  
 SETTING AOCH2          =       115.00000001                                  
 SETTING AOCH3          =       115.00000002                                  
 SETTING AHH1           =       -82.50000000                                  
 SETTING AHH2           =        37.50000000                                  
 SETTING AHH3           =       157.50000000                                  


 PROGRAM * OPT (Geometry optimization)     Authors: F. Eckert and H.-J. Werner


 BFGS update of hessian

 Geometry optimization using procedure=RUNCCSD

 Running procedure: RUNCCSD


 Recomputing integrals since geometry changed


 PROGRAM * SEWARD (Integral evaluation for generally contracted gaussian basis sets)     Author: Roland Lindh, 1990

 Geometry written to block  1 of record 701

 Orientation using atomic masses  
 Molecule type: Asymmetric top
 Rotational constants:      19.1393770     19.7418884     79.0358267 GHz  (calculated with average atomic masses)

 Point group  C1  



 ATOMIC COORDINATES

 NR  ATOM    CHARGE       X              Y              Z

   1  C       6.00   -0.000000002    0.020571053   -1.412779028
   2  O       8.00    0.000000000   -0.132718373    1.417662317
   3  H       1.00    0.000000011    1.605492810    2.159070915
   4  H1      1.00   -2.547032016    0.420186427   -2.590841562
   5  H2      1.00    1.563914371    2.120504444   -2.498756722
   6  H3      1.00    0.983117657   -2.284628997   -2.737327431

 Bond lengths in Bohr (Angstrom)

 1-2  2.834589187  2-3  1.889726125
     ( 1.500000000)     ( 1.000000000)

 Bond angles

  1-2-3  110.00000000

 NUCLEAR CHARGE:                   18
 NUMBER OF PRIMITIVE AOS:         242
 NUMBER OF SYMMETRY AOS:          216
 NUMBER OF CONTRACTIONS:          184   (  184A   )
 NUMBER OF INNER CORE ORBITALS:     0   (    0A   )
 NUMBER OF OUTER CORE ORBITALS:     2   (    2A   )
 NUMBER OF VALENCE ORBITALS:       12   (   12A   )


 NUCLEAR REPULSION ENERGY   35.28796576


 Eigenvalues of metric

         1 0.224E-03 0.320E-03 0.446E-03 0.487E-03 0.634E-03 0.698E-03 0.215E-02 0.248E-02


 Contracted 2-electron integrals neglected if value below      1.0D-11
 AO integral compression algorithm  1   Integral accuracy      1.0D-11

     648.020 MB (compressed) written to integral file ( 47.8%)


 NUMBER OF SORTED TWO-ELECTRON INTEGRALS:  144848710.     BUFFER LENGTH:  32768
 NUMBER OF SEGMENTS:  10  SEGMENT LENGTH:   15999503      RECORD LENGTH: 524288

 Memory used in sort:      16.56 MW

 SORT1 READ   169623812. AND WROTE   135812046. INTEGRALS IN    394 RECORDS. CPU TIME:     1.21 SEC, REAL TIME:     1.85 SEC
 SORT2 READ   135812046. AND WROTE   144848710. INTEGRALS IN   2472 RECORDS. CPU TIME:     1.27 SEC, REAL TIME:     1.70 SEC

 FILE SIZES:   FILE 1:   679.6 MBYTE,  FILE 4:  1652.6 MBYTE,   TOTAL:   2332.2 MBYTE

 OPERATOR DM      FOR CENTER  0  COORDINATES:    0.000000    0.000000    0.000000


 **********************************************************************************************************************************
 DATASETS  * FILE   NREC   LENGTH (MB)   RECORD NAMES
              1      20      569.43       500      610      700      701      900      950      970     1001      129      960   
                                          VAR    BASINP    GEOM     GEOM    SYMINP    ZMAT    AOBASIS   BASIS     P2S    ABASIS    
                                         1100     1400     1410     1200     1210     1080     1600     1650     1300     1700   
                                           S        T        V       H0       H01     AOSYM     SMH    MOLCAS    ERIS     OPER   

              2      11        3.11       700     1000      520     2100     8500      200     9001      701     1001     2101   
                                         GEOM     BASIS   MCVARS     RHF     CPHF    OPTIONS  DEN_MP2   GEOM     BASIS     RHF  
                                         9001(1)
                                        DEN_MP2    

 PROGRAMS   *        TOTAL       INT      CCSD    HF-SCF      CCSD    HF-SCF      CCSD    HF-SCF      CCSD    HF-SCF      CCSD
 CPU TIMES  *    256058.72     24.51    796.69     17.14    874.83     81.38    809.49     82.42    858.23     98.40    805.80
 REAL TIME  *     45609.70 SEC
 DISK USED  *         2.42 GB
 **********************************************************************************************************************************


 Program * Restricted Hartree-Fock

 Molecular orbitals read from record     2101.2  Type=RHF/CANONICAL (state 1.1)

 Initial occupancy:   9

 NELEC=   18   SYM=1   MS2= 0   THRE=1.0D-09   THRD=1.0D-07   THRG=1.0D-07  HFMA2=F  DIIS_START=2   DIIS_MAX=10   DIIS_INCORE=F

 Level shifts:    0.00 (CLOSED)    0.00 (OPEN)    0.30 (GAP_MIN)

 ITER           ETOT              DE          GRAD        DDIFF     DIIS  NEXP   TIME(IT)  TIME(TOT)  DIAG
   1     -114.79708229    -114.79708229     0.00D+00     0.51D-01     0     0      10.06     10.07    start
   2     -114.88106526      -0.08398297     0.75D-02     0.16D-01     1     0      24.40     34.47    diag
   3     -114.89460749      -0.01354223     0.29D-02     0.30D-02     2     0       8.70     43.17    diag
   4     -114.89680315      -0.00219565     0.96D-03     0.10D-02     3     0       8.55     51.72    diag
   5     -114.89695268      -0.00014953     0.18D-03     0.27D-03     4     0       9.84     61.56    diag
   6     -114.89696402      -0.00001134     0.57D-04     0.77D-04     5     0      11.57     73.13    diag
   7     -114.89696539      -0.00000137     0.24D-04     0.23D-04     6     0       9.81     82.94    diag
   8     -114.89696556      -0.00000017     0.64D-05     0.88D-05     7     0       9.67     92.61    fixocc
   9     -114.89696557      -0.00000001     0.13D-05     0.21D-05     8     0       9.62    102.23    diag
  10     -114.89696557      -0.00000000     0.29D-06     0.42D-06     9     0      10.13    112.36    diag/orth
  11     -114.89696557      -0.00000000     0.62D-07     0.88D-07     9     0      11.18    123.54    diag
  12     -114.89696557      -0.00000000     0.15D-07     0.15D-07     0     0       9.86    133.40    diag

 Final occupancy:   9

 !RHF STATE 1.1 Energy               -114.896965573060
  RHF One-electron energy            -226.717305113917
  RHF Two-electron energy              76.532373776011
  RHF Kinetic energy                  113.551537311315
  RHF Nuclear energy                   35.287965764846
  RHF Virial quotient                  -1.011848613357

 !RHF STATE 1.1 Dipole moment           0.02223375     0.56523713    -0.21789724
 Dipole moment /Debye                   0.05651255     1.43668949    -0.55383954

 Orbital energies:

           1.1          2.1          3.1          4.1          5.1          6.1          7.1          8.1          9.1         10.1
    -20.596660   -11.402265    -1.346769    -0.838994    -0.659087    -0.564224    -0.561374    -0.440396    -0.416509     0.024637

          11.1
      0.038291


 HOMO      9.1    -0.416509 =     -11.3338eV
 LUMO     10.1     0.024637 =       0.6704eV
 LUMO-HOMO         0.441146 =      12.0042eV

 Orbitals saved in record  2101.2


 **********************************************************************************************************************************
 DATASETS  * FILE   NREC   LENGTH (MB)   RECORD NAMES
              1      20      569.43       500      610      700      701      900      950      970     1001      129      960   
                                          VAR    BASINP    GEOM     GEOM    SYMINP    ZMAT    AOBASIS   BASIS     P2S    ABASIS    
                                         1100     1400     1410     1200     1210     1080     1600     1650     1300     1700   
                                           S        T        V       H0       H01     AOSYM     SMH    MOLCAS    ERIS     OPER   

              2      11        3.11       700     1000      520     2100     8500      200     9001      701     1001     2101   
                                         GEOM     BASIS   MCVARS     RHF     CPHF    OPTIONS  DEN_MP2   GEOM     BASIS     RHF  
                                         9001(1)
                                        DEN_MP2    

 PROGRAMS   *        TOTAL    HF-SCF       INT      CCSD    HF-SCF      CCSD    HF-SCF      CCSD    HF-SCF      CCSD    HF-SCF
 CPU TIMES  *    256192.16    133.44     24.51    796.69     17.14    874.83     81.38    809.49     82.42    858.23     98.40
 REAL TIME  *     45630.55 SEC
 DISK USED  *         2.42 GB
 **********************************************************************************************************************************


 PROGRAM * CCSD (Closed-shell coupled cluster)     Authors: C. Hampel, H.-J. Werner, 1991, M. Deegan, P.J. Knowles, 1992


 Convergence thresholds:  THRVAR = 1.00D-12  THRDEN = 1.00D-08

 Using ITF CCSD gradient implementation

 Number of core orbitals:           2 (   2 )
 Number of closed-shell orbitals:   7 (   7 )
 Number of external orbitals:     175 ( 175 )

 Molecular orbitals read from record     2101.2  Type=RHF/CANONICAL (state 1.1)

 Integral transformation finished. Total CPU:  17.63 sec, npass=  1  Memory used:  27.38 MW
  Reference energy                   -114.896965573060

  MP2 correlation energy               -0.461380273236
  MP2 total energy                   -115.358345846296

 ITER.      SQ.NORM     CORR.ENERGY   TOTAL ENERGY   ENERGY CHANGE        DEN1      VAR(S)    VAR(P)  DIIS     TIME
   1      1.16174227    -0.47902315  -115.37598872    -0.01764288    -0.00041997  3.43e-03  3.96e-03  1  1    21.89
   2      1.17911106    -0.48102806  -115.37799363    -0.00200491    -0.01440565  1.52e-04  8.86e-04  2  2    45.98
   3      1.18576772    -0.48185755  -115.37882312    -0.00082949    -0.00231874  1.84e-05  1.97e-04  3  3    77.56
   4      1.19098379    -0.48197709  -115.37894266    -0.00011954    -0.00238824  2.50e-06  3.18e-05  4  4   107.75
   5      1.19301186    -0.48196479  -115.37893037     0.00001229    -0.00073637  1.54e-07  3.70e-06  5  5   128.06
   6      1.19372890    -0.48194528  -115.37891085     0.00001952    -0.00024331  9.16e-09  2.93e-07  6  0   149.45
   7      1.19383694    -0.48193931  -115.37890488     0.00000596    -0.00003696  4.76e-09  4.27e-08  6  1   171.91
   8      1.19385365    -0.48193707  -115.37890264     0.00000224    -0.00000550  9.66e-11  6.86e-09  6  2   195.94
   9      1.19385807    -0.48193686  -115.37890243     0.00000021    -0.00000115  5.86e-11  9.57e-10  6  3   218.14
  10      1.19386101    -0.48193679  -115.37890236     0.00000007    -0.00000079  2.15e-12  7.97e-11  6  4   237.80
  11      1.19386107    -0.48193677  -115.37890234     0.00000002    -0.00000003  2.93e-13  1.11e-11  6  5   258.70
  12      1.19386079    -0.48193678  -115.37890235    -0.00000001     0.00000006  7.43e-14  1.62e-12  6  0   279.51
  13      1.19386051    -0.48193678  -115.37890235     0.00000000     0.00000007  6.52e-15  1.99e-13         298.61

 Norm of t1 vector:      0.07530511     S-energy:      0.00000000   T1 diagnostic:  0.01423133

 Time per iteration:                     22.97 sec

 RESULTS
 =======

  Reference energy                   -114.896965573060
  CCSD correlation energy              -0.481936777257
 !CCSD total energy                  -115.378902350317

 Starting CP-CCSD iterations.   Author: W. Gyorffy (2012)

 ITER.      NRM1           NRM2      VAR(S)+VAR(P)   DIIS    TIME
   1     0.00311768     0.44841379     1.85e-03      1  1   22.05
   2     0.00285580     0.44056729     1.23e-04      2  2   43.56
   3     0.00266506     0.43970425     1.61e-05      3  3   70.71
   4     0.00257811     0.43883737     3.05e-06      4  4   95.19
   5     0.00251793     0.43860784     3.77e-07      5  5  117.12
   6     0.00249403     0.43852156     4.49e-08      6  0  138.89
   7     0.00248614     0.43851450     5.41e-09      6  1  174.40
   8     0.00248362     0.43851378     8.23e-10      6  2  195.87
   9     0.00248279     0.43851483     1.23e-10      6  3  217.25
  10     0.00248264     0.43851555     1.85e-11      6  4  238.59
  11     0.00248261     0.43851577     2.61e-12      6  5  260.50
  12     0.00248261     0.43851583     4.01e-13            283.26


 Time per iteration:                     23.60 sec

 CPHF start vector      0.2 not found

 Starting Coupled-perturbed Hartree-Fock, convergence threshold= 1.0D-06

 ITER   MIC  DIIS      VAR         VARC       CPU
   1     0     1    0.11D-01    0.16D-02    12.87
   2     4     2    0.40D-03    0.89D-04    24.60
   3     4     3    0.88D-05    0.13D-05    36.91
   4     3     4    0.36D-06    0.74D-07    50.31

 CPHF convergence reached in  4 macroiterations and   11 microiterations.   Accuracy: 3.6425D-07

 CPHF solution written to record  8500.2

 Dipole moments (unrelaxed):            0.02469776     0.53094791    -0.20599669
 Orbital relaxation contribution:      -0.00066685     0.00478876    -0.00018717
 !CCSD STATE 1.1 Dipole moment          0.02403092     0.53573667    -0.20618387
 Dipole moment /Debye                   0.06108050     1.36170679    -0.52406712

 CPU-time for coupled-perturbed hartree-fock:         50.32 sec

 Number of N-1 electron functions:               7
 Number of N-2 electron functions:              28
 Number of singly external CSFs:              1225
 Number of doubly external CSFs:            750925
 Total number of CSFs:                      752151

 CCSD gradient info saved on record        55555.1




 **********************************************************************************************************************************
 DATASETS  * FILE   NREC   LENGTH (MB)   RECORD NAMES
              1      22      805.44       500      610      700      701      900      950      970     1001      129      960   
                                          VAR    BASINP    GEOM     GEOM    SYMINP    ZMAT    AOBASIS   BASIS     P2S    ABASIS    
                                         1100     1400     1410     1200     1210     1080     1600     1650     1300     1700   
                                           S        T        V       H0       H01     AOSYM     SMH    MOLCAS    ERIS     OPER   
                                         1380    55555   
                                         JKOP     CCSD   

              2      11        3.11       700     1000      520     2100     8500      200     9001      701     1001     2101   
                                         GEOM     BASIS   MCVARS     RHF     CPHF    OPTIONS  DEN_MP2   GEOM     BASIS     RHF  
                                         9001(1)
                                        DEN_MP2    

 PROGRAMS   *        TOTAL      CCSD    HF-SCF       INT      CCSD    HF-SCF      CCSD    HF-SCF      CCSD    HF-SCF      CCSD
 CPU TIMES  *    257088.86    896.69    133.44     24.51    796.69     17.14    874.83     81.38    809.49     82.42    858.23
 REAL TIME  *     45756.49 SEC
 DISK USED  *         2.42 GB
 **********************************************************************************************************************************

 Inactive variables:    AHH2

 Active variables:      RCO ROH ACOH RCH1 AOCH1 AHH1
                        RCH2 AOCH2 RCH3 AOCH3 AHH3

 Geometry written to block  1 of record 701

 XYZ inputs for each point on the optimization path will be saved in files ch3oh_maxima_mp2_xx.xyz

 Making model hessian for Z-matrix coordinates

 Entering Rational Function Geometry Optimization

 ITER.   ENERGY(OLD)    ENERGY(NEW)      DE          GRADMAX     GRADNORM    GRADRMS     STEPMAX     STEPLEN     STEPRMS   CPU-time
   1  -115.37890235  -115.42981836    -0.05091601  0.09599150  0.18508774  0.05580605  0.16836635  0.29454995  0.02677727   2389.07
   2  -115.42981836  -115.47713482    -0.04731647  0.09373896  0.17120616  0.05162060  0.17570467  0.30000000  0.02727273   3729.34
   3  -115.47713482  -115.51642232    -0.03928749  0.08385260  0.14957977  0.04510000  0.17500458  0.30000000  0.02727273   5008.62
   4  -115.51642232  -115.54142885    -0.02500653  0.06348161  0.11212557  0.03380713  0.17216364  0.30000000  0.02727273   6314.12
   5  -115.54142885  -115.54513534    -0.00370650  0.02919155  0.05072113  0.01529300  0.13946522  0.24091397  0.02190127   7501.76
   6  -115.54513534  -115.54597516    -0.00083981  0.01586267  0.02565032  0.00773386  0.04536858  0.07797062  0.00708824   8750.14
   7  -115.54597516  -115.54599499    -0.00001983  0.00228639  0.00366255  0.00110430  0.00613443  0.00957033  0.00087003  10014.10
   8  -115.54599499  -115.54599671    -0.00000172  0.00094425  0.00105385  0.00031775  0.00186112  0.00274504  0.00024955  11277.78
   9  -115.54599671  -115.54599707    -0.00000036  0.00043049  0.00046725  0.00014088  0.00125366  0.00150770  0.00013706  12463.56
  10  -115.54599707  -115.54599709    -0.00000002  0.00005872  0.00010727  0.00003234  0.00018260  0.00032210  0.00002928  13628.75

 END OF GEOMETRY OPTIMIZATION.

 Optimized variables
 RCO=                 1.42093107 ANGSTROM
 ROH=                 0.95715781 ANGSTROM
 ACOH=              108.47787507 DEGREE
 RCH1=                1.09319404 ANGSTROM
 AOCH1=             111.31494830 DEGREE
 AHH1=              -84.29534527 DEGREE
 RCH2=                1.09216805 ANGSTROM
 AOCH2=             111.96812141 DEGREE
 RCH3=                1.08810445 ANGSTROM
 AOCH3=             107.40832270 DEGREE
 AHH3=              156.78878035 DEGREE

 **********************************************************************************************************************************

 Geometry written to block  1 of record 701

 Recomputing wavefunction for reoriented structure

 Current geometry (xyz format, in Angstrom)


 Dump information in style XYZ to ch3oh_maxima_mp2.xyz                                                            

    6
 CCSD/AUG-CC-PVTZ  ENERGY=-115.54599709
 C         -0.0000508088        0.0124510454       -0.7285462408
 O         -0.0005988844       -0.0644622659        0.6903015792
 H         -0.0027069899        0.8255967906        1.0423548548
 H         -1.0134890032        0.1328444673       -1.1203646311
 H          0.6149378202        0.8382862767       -1.0927113273
 H          0.4113699409       -0.9218658652       -1.1050514510

 **********************************************************************************************************************************


 **********************************************************************************************************************************
 DATASETS  * FILE   NREC   LENGTH (MB)   RECORD NAMES
              1      22      860.70       500      610      700      701      900      950      970     1001      129      960   
                                          VAR    BASINP    GEOM     GEOM    SYMINP    ZMAT    AOBASIS   BASIS     P2S    ABASIS    
                                         1100     1400     1410     1200     1210     1080     1600     1650     1300     1700   
                                           S        T        V       H0       H01     AOSYM     SMH    MOLCAS    ERIS     OPER   
                                         1380    55555   
                                         JKOP     CCSD   

              2      11        3.11       700     1000      520     2100     8500      200     9001      701     1001     2101   
                                         GEOM     BASIS   MCVARS     RHF     CPHF    OPTIONS  DEN_MP2   GEOM     BASIS     RHF  
                                         9001(1)
                                        DEN_MP2    

 PROGRAMS   *        TOTAL      OPTG    HF-SCF      CCSD    HF-SCF      CCSD    HF-SCF      CCSD    HF-SCF      CCSD    HF-SCF
 CPU TIMES  *    270488.11    798.49     26.65    793.15     84.30    780.82    102.87    863.70    129.71    857.73    105.39
 REAL TIME  *     47820.21 SEC
 DISK USED  *         2.42 GB
 **********************************************************************************************************************************
 SETTING XXX            =    "MMM"
 SETTING TAU            =        36.66447836  DEGREE                          


 XXX       RCO          ROH          RCH1         RCH2         RCH3           ACOH           AOCH1          AOCH2          AOCH3          AHH1          AHH2           AHH3          TAU
 "MMM"   1.42093107   0.95715781   1.09319404   1.09216805   1.08810445   108.47787507   111.31494830   111.96812141   107.40832270   -84.29534527   37.50000000   156.78878035   36.66447836
                                                  

 DO I                   =       -80.00000000   
 SETTING RCO            =         1.50000000                                  
 SETTING ROH            =         1.00000000                                  
 SETTING RCH1           =         1.50000000                                  
 SETTING RCH2           =         1.50000001                                  
 SETTING RCH3           =         1.50000002                                  
 SETTING ACOH           =       110.00000000                                  
 SETTING AOCH1          =       115.00000000                                  
 SETTING AOCH2          =       115.00000001                                  
 SETTING AOCH3          =       115.00000002                                  
 SETTING AHH1           =       -80.00000000                                  
 SETTING AHH2           =        40.00000000                                  
 SETTING AHH3           =       160.00000000                                  


 PROGRAM * OPT (Geometry optimization)     Authors: F. Eckert and H.-J. Werner


 BFGS update of hessian

 Geometry optimization using procedure=RUNCCSD

 Running procedure: RUNCCSD


 Recomputing integrals since geometry changed


 PROGRAM * SEWARD (Integral evaluation for generally contracted gaussian basis sets)     Author: Roland Lindh, 1990

 Geometry written to block  1 of record 701

 Orientation using atomic masses  
 Molecule type: Asymmetric top
 Rotational constants:      19.1393770     19.7418884     79.0358267 GHz  (calculated with average atomic masses)

 Point group  C1  



 ATOMIC COORDINATES

 NR  ATOM    CHARGE       X              Y              Z

   1  C       6.00   -0.000000002    0.020571053   -1.412779028
   2  O       8.00    0.000000001   -0.132718373    1.417662317
   3  H       1.00    0.000000007    1.605492810    2.159070915
   4  H1      1.00   -2.529981217    0.530805139   -2.584850737
   5  H2      1.00    1.651327974    2.050450270   -2.502550676
   6  H3      1.00    0.878653255   -2.325193536   -2.739524303

 Bond lengths in Bohr (Angstrom)

 1-2  2.834589187  2-3  1.889726125
     ( 1.500000000)     ( 1.000000000)

 Bond angles

  1-2-3  110.00000000

 NUCLEAR CHARGE:                   18
 NUMBER OF PRIMITIVE AOS:         242
 NUMBER OF SYMMETRY AOS:          216
 NUMBER OF CONTRACTIONS:          184   (  184A   )
 NUMBER OF INNER CORE ORBITALS:     0   (    0A   )
 NUMBER OF OUTER CORE ORBITALS:     2   (    2A   )
 NUMBER OF VALENCE ORBITALS:       12   (   12A   )


 NUCLEAR REPULSION ENERGY   35.28783878


 Eigenvalues of metric

         1 0.222E-03 0.319E-03 0.449E-03 0.488E-03 0.636E-03 0.697E-03 0.216E-02 0.248E-02


 Contracted 2-electron integrals neglected if value below      1.0D-11
 AO integral compression algorithm  1   Integral accuracy      1.0D-11

     647.234 MB (compressed) written to integral file ( 47.7%)


 NUMBER OF SORTED TWO-ELECTRON INTEGRALS:  144848710.     BUFFER LENGTH:  32768
 NUMBER OF SEGMENTS:  10  SEGMENT LENGTH:   15999503      RECORD LENGTH: 524288

 Memory used in sort:      16.56 MW

 SORT1 READ   169623812. AND WROTE   135432222. INTEGRALS IN    392 RECORDS. CPU TIME:     1.42 SEC, REAL TIME:     2.05 SEC
 SORT2 READ   135432222. AND WROTE   144848710. INTEGRALS IN   2469 RECORDS. CPU TIME:     1.32 SEC, REAL TIME:     1.75 SEC

 FILE SIZES:   FILE 1:   678.8 MBYTE,  FILE 4:  1644.2 MBYTE,   TOTAL:   2323.0 MBYTE

 OPERATOR DM      FOR CENTER  0  COORDINATES:    0.000000    0.000000    0.000000


 **********************************************************************************************************************************
 DATASETS  * FILE   NREC   LENGTH (MB)   RECORD NAMES
              1      20      568.96       500      610      700      701      900      950      970     1001      129      960   
                                          VAR    BASINP    GEOM     GEOM    SYMINP    ZMAT    AOBASIS   BASIS     P2S    ABASIS    
                                         1100     1400     1410     1200     1210     1080     1600     1650     1300     1700   
                                           S        T        V       H0       H01     AOSYM     SMH    MOLCAS    ERIS     OPER   

              2      11        3.11       700     1000      520     2100     8500      200     9001      701     1001     2101   
                                         GEOM     BASIS   MCVARS     RHF     CPHF    OPTIONS  DEN_MP2   GEOM     BASIS     RHF  
                                         9001(1)
                                        DEN_MP2    

 PROGRAMS   *        TOTAL       INT      CCSD    HF-SCF      CCSD    HF-SCF      CCSD    HF-SCF      CCSD    HF-SCF      CCSD
 CPU TIMES  *    270511.14     23.03    798.48     26.65    793.15     84.30    780.82    102.87    863.70    129.71    857.73
 REAL TIME  *     47829.68 SEC
 DISK USED  *         2.42 GB
 **********************************************************************************************************************************


 Program * Restricted Hartree-Fock

 Molecular orbitals read from record     2101.2  Type=RHF/CANONICAL (state 1.1)

 Initial occupancy:   9

 NELEC=   18   SYM=1   MS2= 0   THRE=1.0D-09   THRD=1.0D-07   THRG=1.0D-07  HFMA2=F  DIIS_START=2   DIIS_MAX=10   DIIS_INCORE=F

 Level shifts:    0.00 (CLOSED)    0.00 (OPEN)    0.30 (GAP_MIN)

 ITER           ETOT              DE          GRAD        DDIFF     DIIS  NEXP   TIME(IT)  TIME(TOT)  DIAG
   1     -114.79711960    -114.79711960     0.00D+00     0.51D-01     0     0      14.55     14.56    start
   2     -114.88110880      -0.08398920     0.76D-02     0.16D-01     1     0      15.65     30.21    diag
   3     -114.89465312      -0.01354432     0.29D-02     0.30D-02     2     0      15.35     45.56    diag
   4     -114.89685308      -0.00219996     0.96D-03     0.10D-02     3     0      16.05     61.61    diag
   5     -114.89700319      -0.00015011     0.18D-03     0.27D-03     4     0      18.65     80.26    diag
   6     -114.89701455      -0.00001136     0.57D-04     0.77D-04     5     0      14.96     95.22    diag
   7     -114.89701593      -0.00000138     0.24D-04     0.23D-04     6     0      14.74    109.96    diag
   8     -114.89701610      -0.00000017     0.64D-05     0.88D-05     7     0      16.27    126.23    fixocc
   9     -114.89701611      -0.00000001     0.13D-05     0.21D-05     8     0      16.43    142.66    diag
  10     -114.89701611      -0.00000000     0.29D-06     0.42D-06     9     0      14.62    157.28    diag/orth
  11     -114.89701611      -0.00000000     0.62D-07     0.88D-07     9     0      13.14    170.42    diag
  12     -114.89701611      -0.00000000     0.15D-07     0.15D-07     0     0      13.31    183.73    diag

 Final occupancy:   9

 !RHF STATE 1.1 Energy               -114.897016108559
  RHF One-electron energy            -226.717067938951
  RHF Two-electron energy              76.532213052834
  RHF Kinetic energy                  113.551419751246
  RHF Nuclear energy                   35.287838777557
  RHF Virial quotient                  -1.011850105972

 !RHF STATE 1.1 Dipole moment           0.02083528     0.56226146    -0.21833440
 Dipole moment /Debye                   0.05295799     1.42912610    -0.55495070

 Orbital energies:

           1.1          2.1          3.1          4.1          5.1          6.1          7.1          8.1          9.1         10.1
    -20.596682   -11.402260    -1.346774    -0.839002    -0.659025    -0.564272    -0.561387    -0.440397    -0.416523     0.024657

          11.1
      0.038288


 HOMO      9.1    -0.416523 =     -11.3342eV
 LUMO     10.1     0.024657 =       0.6710eV
 LUMO-HOMO         0.441180 =      12.0051eV

 Orbitals saved in record  2101.2


 **********************************************************************************************************************************
 DATASETS  * FILE   NREC   LENGTH (MB)   RECORD NAMES
              1      20      568.96       500      610      700      701      900      950      970     1001      129      960   
                                          VAR    BASINP    GEOM     GEOM    SYMINP    ZMAT    AOBASIS   BASIS     P2S    ABASIS    
                                         1100     1400     1410     1200     1210     1080     1600     1650     1300     1700   
                                           S        T        V       H0       H01     AOSYM     SMH    MOLCAS    ERIS     OPER   

              2      11        3.11       700     1000      520     2100     8500      200     9001      701     1001     2101   
                                         GEOM     BASIS   MCVARS     RHF     CPHF    OPTIONS  DEN_MP2   GEOM     BASIS     RHF  
                                         9001(1)
                                        DEN_MP2    

 PROGRAMS   *        TOTAL    HF-SCF       INT      CCSD    HF-SCF      CCSD    HF-SCF      CCSD    HF-SCF      CCSD    HF-SCF
 CPU TIMES  *    270694.91    183.76     23.03    798.48     26.65    793.15     84.30    780.82    102.87    863.70    129.71
 REAL TIME  *     47859.04 SEC
 DISK USED  *         2.42 GB
 **********************************************************************************************************************************


 PROGRAM * CCSD (Closed-shell coupled cluster)     Authors: C. Hampel, H.-J. Werner, 1991, M. Deegan, P.J. Knowles, 1992


 Convergence thresholds:  THRVAR = 1.00D-12  THRDEN = 1.00D-08

 Using ITF CCSD gradient implementation

 Number of core orbitals:           2 (   2 )
 Number of closed-shell orbitals:   7 (   7 )
 Number of external orbitals:     175 ( 175 )

 Molecular orbitals read from record     2101.2  Type=RHF/CANONICAL (state 1.1)

 Integral transformation finished. Total CPU:  20.07 sec, npass=  1  Memory used:  27.38 MW
  Reference energy                   -114.897016108559

  MP2 correlation energy               -0.461370611166
  MP2 total energy                   -115.358386719725

 ITER.      SQ.NORM     CORR.ENERGY   TOTAL ENERGY   ENERGY CHANGE        DEN1      VAR(S)    VAR(P)  DIIS     TIME
   1      1.16173590    -0.47901353  -115.37602964    -0.01764292    -0.00042064  3.43e-03  3.96e-03  1  1    24.70
   2      1.17910166    -0.48101793  -115.37803404    -0.00200440    -0.01440510  1.52e-04  8.86e-04  2  2    50.18
   3      1.18575553    -0.48184725  -115.37886336    -0.00082932    -0.00231832  1.83e-05  1.97e-04  3  3    76.19
   4      1.19096917    -0.48196677  -115.37898288    -0.00011951    -0.00238792  2.49e-06  3.17e-05  4  4    98.38
   5      1.19299647    -0.48195449  -115.37897060     0.00001228    -0.00073640  1.54e-07  3.70e-06  5  5   120.17
   6      1.19371315    -0.48193498  -115.37895109     0.00001951    -0.00024331  9.15e-09  2.93e-07  6  0   145.10
   7      1.19382108    -0.48192901  -115.37894512     0.00000596    -0.00003695  4.75e-09  4.26e-08  6  1   177.92
   8      1.19383773    -0.48192678  -115.37894289     0.00000224    -0.00000548  9.67e-11  6.86e-09  6  2   200.32
   9      1.19384211    -0.48192656  -115.37894267     0.00000021    -0.00000115  5.85e-11  9.59e-10  6  3   221.58
  10      1.19384505    -0.48192649  -115.37894260     0.00000007    -0.00000079  2.15e-12  7.98e-11  6  4   245.70
  11      1.19384512    -0.48192647  -115.37894258     0.00000002    -0.00000003  2.93e-13  1.11e-11  6  5   269.33
  12      1.19384484    -0.48192648  -115.37894259    -0.00000001     0.00000006  7.42e-14  1.62e-12  6  0   290.86
  13      1.19384456    -0.48192648  -115.37894259     0.00000000     0.00000007  6.55e-15  1.99e-13         311.28

 Norm of t1 vector:      0.07526310     S-energy:      0.00000000   T1 diagnostic:  0.01422339

 Time per iteration:                     23.95 sec

 RESULTS
 =======

  Reference energy                   -114.897016108559
  CCSD correlation energy              -0.481926482656
 !CCSD total energy                  -115.378942591215

 Starting CP-CCSD iterations.   Author: W. Gyorffy (2012)

 ITER.      NRM1           NRM2      VAR(S)+VAR(P)   DIIS    TIME
   1     0.00311344     0.44838816     1.85e-03      1  1   26.66
   2     0.00285194     0.44054447     1.23e-04      2  2   49.63
   3     0.00266160     0.43968203     1.61e-05      3  3   72.66
   4     0.00257494     0.43881591     3.04e-06      4  4  105.16
   5     0.00251500     0.43858685     3.76e-07      5  5  138.44
   6     0.00249125     0.43850086     4.45e-08      6  0  161.07
   7     0.00248343     0.43849392     5.31e-09      6  1  183.45
   8     0.00248094     0.43849327     8.02e-10      6  2  207.17
   9     0.00248013     0.43849434     1.19e-10      6  3  229.17
  10     0.00247999     0.43849509     1.80e-11      6  4  251.12
  11     0.00247996     0.43849531     2.52e-12      6  5  273.28
  12     0.00247996     0.43849538     3.83e-13            295.40


 Time per iteration:                     24.62 sec

 CPHF start vector      0.2 not found

 Starting Coupled-perturbed Hartree-Fock, convergence threshold= 1.0D-06

 ITER   MIC  DIIS      VAR         VARC       CPU
   1     0     1    0.11D-01    0.16D-02     9.72
   2     4     2    0.40D-03    0.88D-04    18.73
   3     4     3    0.88D-05    0.13D-05    27.89
   4     3     4    0.36D-06    0.75D-07    37.89

 CPHF convergence reached in  4 macroiterations and   11 microiterations.   Accuracy: 3.6448D-07

 CPHF solution written to record  8500.2

 Dipole moments (unrelaxed):            0.02314302     0.52769020    -0.20637992
 Orbital relaxation contribution:      -0.00062469     0.00486913    -0.00018510
 !CCSD STATE 1.1 Dipole moment          0.02251833     0.53255932    -0.20656502
 Dipole moment /Debye                   0.05723589     1.35363078    -0.52503590

 CPU-time for coupled-perturbed hartree-fock:         37.89 sec

 Number of N-1 electron functions:               7
 Number of N-2 electron functions:              28
 Number of singly external CSFs:              1225
 Number of doubly external CSFs:            750925
 Total number of CSFs:                      752151

 CCSD gradient info saved on record        55555.1




 **********************************************************************************************************************************
 DATASETS  * FILE   NREC   LENGTH (MB)   RECORD NAMES
              1      22      804.96       500      610      700      701      900      950      970     1001      129      960   
                                          VAR    BASINP    GEOM     GEOM    SYMINP    ZMAT    AOBASIS   BASIS     P2S    ABASIS    
                                         1100     1400     1410     1200     1210     1080     1600     1650     1300     1700   
                                           S        T        V       H0       H01     AOSYM     SMH    MOLCAS    ERIS     OPER   
                                         1380    55555   
                                         JKOP     CCSD   

              2      11        3.11       700     1000      520     2100     8500      200     9001      701     1001     2101   
                                         GEOM     BASIS   MCVARS     RHF     CPHF    OPTIONS  DEN_MP2   GEOM     BASIS     RHF  
                                         9001(1)
                                        DEN_MP2    

 PROGRAMS   *        TOTAL      CCSD    HF-SCF       INT      CCSD    HF-SCF      CCSD    HF-SCF      CCSD    HF-SCF      CCSD
 CPU TIMES  *    271572.76    877.84    183.76     23.03    798.48     26.65    793.15     84.30    780.82    102.87    863.70
 REAL TIME  *     47986.66 SEC
 DISK USED  *         2.42 GB
 **********************************************************************************************************************************

 Inactive variables:    AHH2

 Active variables:      RCO ROH ACOH RCH1 AOCH1 AHH1
                        RCH2 AOCH2 RCH3 AOCH3 AHH3

 Geometry written to block  1 of record 701

 XYZ inputs for each point on the optimization path will be saved in files ch3oh_maxima_mp2_xx.xyz

 Making model hessian for Z-matrix coordinates

 Entering Rational Function Geometry Optimization

 ITER.   ENERGY(OLD)    ENERGY(NEW)      DE          GRADMAX     GRADNORM    GRADRMS     STEPMAX     STEPLEN     STEPRMS   CPU-time
   1  -115.37894259  -115.42985116    -0.05090857  0.09611414  0.18516216  0.05582849  0.16848640  0.29437159  0.02676105   2450.92
   2  -115.42985116  -115.47718587    -0.04733471  0.09385818  0.17128796  0.05164526  0.17590737  0.30000000  0.02727273   3721.88
   3  -115.47718587  -115.51648601    -0.03930014  0.08395254  0.14964290  0.04511903  0.17516441  0.30000000  0.02727273   5020.26
   4  -115.51648601  -115.54150580    -0.02501979  0.06351832  0.11217479  0.03382197  0.17214236  0.30000000  0.02727273   6285.64
   5  -115.54150580  -115.54522473    -0.00371894  0.02924313  0.05077886  0.01531040  0.13975757  0.24129298  0.02193573   7553.90
   6  -115.54522473  -115.54606637    -0.00084164  0.01594739  0.02568194  0.00774339  0.04543634  0.07802275  0.00709298   8793.24
   7  -115.54606637  -115.54608635    -0.00001998  0.00229046  0.00366851  0.00110610  0.00615050  0.00962614  0.00087510  10018.39
   8  -115.54608635  -115.54608811    -0.00000177  0.00096041  0.00107082  0.00032286  0.00189374  0.00278464  0.00025315  11219.65
   9  -115.54608811  -115.54608848    -0.00000036  0.00043173  0.00046919  0.00014147  0.00124938  0.00150235  0.00013658  12397.00
  10  -115.54608848  -115.54608850    -0.00000002  0.00005930  0.00010924  0.00003294  0.00018829  0.00033354  0.00003032  13795.04

 END OF GEOMETRY OPTIMIZATION.

 Optimized variables
 RCO=                 1.42071903 ANGSTROM
 ROH=                 0.95728462 ANGSTROM
 ACOH=              108.45142723 DEGREE
 RCH1=                1.09324583 ANGSTROM
 AOCH1=             111.39525721 DEGREE
 AHH1=              -81.90641779 DEGREE
 RCH2=                1.09228179 ANGSTROM
 AOCH2=             111.96221224 DEGREE
 RCH3=                1.08801438 ANGSTROM
 AOCH3=             107.30695476 DEGREE
 AHH3=              159.21357201 DEGREE

 **********************************************************************************************************************************

 Geometry written to block  1 of record 701

 Recomputing wavefunction for reoriented structure

 Current geometry (xyz format, in Angstrom)


 Dump information in style XYZ to ch3oh_maxima_mp2.xyz                                                            

    6
 CCSD/AUG-CC-PVTZ  ENERGY=-115.54608850
 C         -0.0000740772        0.0125107425       -0.7284334348
 O         -0.0005162630       -0.0643894683        0.6902027805
 H         -0.0032272365        0.8259487679        1.0418906093
 H         -1.0081256673        0.1743156339       -1.1193779606
 H          0.6489681222        0.8113591853       -1.0940355492
 H          0.3714623444       -0.9386288342       -1.1040256249

 **********************************************************************************************************************************


 **********************************************************************************************************************************
 DATASETS  * FILE   NREC   LENGTH (MB)   RECORD NAMES
              1      22      860.64       500      610      700      701      900      950      970     1001      129      960   
                                          VAR    BASINP    GEOM     GEOM    SYMINP    ZMAT    AOBASIS   BASIS     P2S    ABASIS    
                                         1100     1400     1410     1200     1210     1080     1600     1650     1300     1700   
                                           S        T        V       H0       H01     AOSYM     SMH    MOLCAS    ERIS     OPER   
                                         1380    55555   
                                         JKOP     CCSD   

              2      11        3.11       700     1000      520     2100     8500      200     9001      701     1001     2101   
                                         GEOM     BASIS   MCVARS     RHF     CPHF    OPTIONS  DEN_MP2   GEOM     BASIS     RHF  
                                         9001(1)
                                        DEN_MP2    

 PROGRAMS   *        TOTAL      OPTG    HF-SCF      CCSD    HF-SCF      CCSD    HF-SCF      CCSD    HF-SCF      CCSD    HF-SCF
 CPU TIMES  *    285127.14    819.33     24.64    888.87    214.43    771.06     96.18    827.24     91.58    798.29    111.12
 REAL TIME  *     50065.09 SEC
 DISK USED  *         2.42 GB
 **********************************************************************************************************************************
 SETTING XXX            =    "MMM"
 SETTING TAU            =        39.10238474  DEGREE                          


 XXX       RCO          ROH          RCH1         RCH2         RCH3           ACOH           AOCH1          AOCH2          AOCH3          AHH1          AHH2           AHH3          TAU
 "MMM"   1.42071903   0.95728462   1.09324583   1.09228179   1.08801438   108.45142723   111.39525721   111.96221224   107.30695476   -81.90641779   40.00000000   159.21357201   39.10238474
                                                  

 DO I                   =       -77.50000000   
 SETTING RCO            =         1.50000000                                  
 SETTING ROH            =         1.00000000                                  
 SETTING RCH1           =         1.50000000                                  
 SETTING RCH2           =         1.50000001                                  
 SETTING RCH3           =         1.50000002                                  
 SETTING ACOH           =       110.00000000                                  
 SETTING AOCH1          =       115.00000000                                  
 SETTING AOCH2          =       115.00000001                                  
 SETTING AOCH3          =       115.00000002                                  
 SETTING AHH1           =       -77.50000000                                  
 SETTING AHH2           =        42.50000000                                  
 SETTING AHH3           =       162.50000000                                  


 PROGRAM * OPT (Geometry optimization)     Authors: F. Eckert and H.-J. Werner


 BFGS update of hessian

 Geometry optimization using procedure=RUNCCSD

 Running procedure: RUNCCSD


 Recomputing integrals since geometry changed


 PROGRAM * SEWARD (Integral evaluation for generally contracted gaussian basis sets)     Author: Roland Lindh, 1990

 Geometry written to block  1 of record 701

 Orientation using atomic masses  
 Molecule type: Asymmetric top
 Rotational constants:      19.1393769     19.7418884     79.0358267 GHz  (calculated with average atomic masses)

 Point group  C1  



 ATOMIC COORDINATES

 NR  ATOM    CHARGE       X              Y              Z

   1  C       6.00   -0.000000002    0.020571053   -1.412779028
   2  O       8.00    0.000000001   -0.132718373    1.417662317
   3  H       1.00    0.000000004    1.605492810    2.159070915
   4  H1      1.00   -2.508114455    0.640575910   -2.578905834
   5  H2      1.00    1.735598180    1.976655424   -2.506547216
   6  H3      1.00    0.772516286   -2.361169461   -2.741472666

 Bond lengths in Bohr (Angstrom)

 1-2  2.834589187  2-3  1.889726125
     ( 1.500000000)     ( 1.000000000)

 Bond angles

  1-2-3  110.00000000

 NUCLEAR CHARGE:                   18
 NUMBER OF PRIMITIVE AOS:         242
 NUMBER OF SYMMETRY AOS:          216
 NUMBER OF CONTRACTIONS:          184   (  184A   )
 NUMBER OF INNER CORE ORBITALS:     0   (    0A   )
 NUMBER OF OUTER CORE ORBITALS:     2   (    2A   )
 NUMBER OF VALENCE ORBITALS:       12   (   12A   )


 NUCLEAR REPULSION ENERGY   35.28772117


 Eigenvalues of metric

         1 0.219E-03 0.318E-03 0.451E-03 0.490E-03 0.638E-03 0.696E-03 0.216E-02 0.248E-02


 Contracted 2-electron integrals neglected if value below      1.0D-11
 AO integral compression algorithm  1   Integral accuracy      1.0D-11

     645.399 MB (compressed) written to integral file ( 47.6%)


 NUMBER OF SORTED TWO-ELECTRON INTEGRALS:  144848710.     BUFFER LENGTH:  32768
 NUMBER OF SEGMENTS:  10  SEGMENT LENGTH:   15999503      RECORD LENGTH: 524288

 Memory used in sort:      16.56 MW

 SORT1 READ   169623812. AND WROTE   134801510. INTEGRALS IN    391 RECORDS. CPU TIME:     1.74 SEC, REAL TIME:     2.40 SEC
 SORT2 READ   134801510. AND WROTE   144848710. INTEGRALS IN   2462 RECORDS. CPU TIME:     1.31 SEC, REAL TIME:     1.70 SEC

 FILE SIZES:   FILE 1:   676.9 MBYTE,  FILE 4:  1640.0 MBYTE,   TOTAL:   2316.9 MBYTE

 OPERATOR DM      FOR CENTER  0  COORDINATES:    0.000000    0.000000    0.000000


 **********************************************************************************************************************************
 DATASETS  * FILE   NREC   LENGTH (MB)   RECORD NAMES
              1      20      568.03       500      610      700      701      900      950      970     1001      129      960   
                                          VAR    BASINP    GEOM     GEOM    SYMINP    ZMAT    AOBASIS   BASIS     P2S    ABASIS    
                                         1100     1400     1410     1200     1210     1080     1600     1650     1300     1700   
                                           S        T        V       H0       H01     AOSYM     SMH    MOLCAS    ERIS     OPER   

              2      11        3.11       700     1000      520     2100     8500      200     9001      701     1001     2101   
                                         GEOM     BASIS   MCVARS     RHF     CPHF    OPTIONS  DEN_MP2   GEOM     BASIS     RHF  
                                         9001(1)
                                        DEN_MP2    

 PROGRAMS   *        TOTAL       INT      CCSD    HF-SCF      CCSD    HF-SCF      CCSD    HF-SCF      CCSD    HF-SCF      CCSD
 CPU TIMES  *    285153.84     26.69    819.33     24.64    888.87    214.43    771.06     96.18    827.24     91.58    798.29
 REAL TIME  *     50075.62 SEC
 DISK USED  *         2.42 GB
 **********************************************************************************************************************************


 Program * Restricted Hartree-Fock

 Molecular orbitals read from record     2101.2  Type=RHF/CANONICAL (state 1.1)

 Initial occupancy:   9

 NELEC=   18   SYM=1   MS2= 0   THRE=1.0D-09   THRD=1.0D-07   THRG=1.0D-07  HFMA2=F  DIIS_START=2   DIIS_MAX=10   DIIS_INCORE=F

 Level shifts:    0.00 (CLOSED)    0.00 (OPEN)    0.30 (GAP_MIN)

 ITER           ETOT              DE          GRAD        DDIFF     DIIS  NEXP   TIME(IT)  TIME(TOT)  DIAG
   1     -114.79714286    -114.79714286     0.00D+00     0.51D-01     0     0      10.61     10.64    start
   2     -114.88114692      -0.08400406     0.76D-02     0.16D-01     1     0      11.74     22.38    diag
   3     -114.89469473      -0.01354781     0.29D-02     0.30D-02     2     0      11.28     33.66    diag
   4     -114.89689919      -0.00220446     0.97D-03     0.10D-02     3     0      11.12     44.78    diag
   5     -114.89704992      -0.00015072     0.18D-03     0.27D-03     4     0      12.19     56.97    diag
   6     -114.89706130      -0.00001139     0.58D-04     0.77D-04     5     0      11.14     68.11    diag
   7     -114.89706270      -0.00000139     0.24D-04     0.23D-04     6     0      12.10     80.21    diag
   8     -114.89706286      -0.00000017     0.64D-05     0.88D-05     7     0      11.89     92.10    fixocc
   9     -114.89706287      -0.00000001     0.13D-05     0.21D-05     8     0      10.49    102.59    diag
  10     -114.89706287      -0.00000000     0.29D-06     0.43D-06     9     0      10.88    113.47    diag/orth
  11     -114.89706287      -0.00000000     0.61D-07     0.87D-07     9     0      11.06    124.53    diag
  12     -114.89706287      -0.00000000     0.15D-07     0.15D-07     0     0      12.01    136.54    diag

 Final occupancy:   9

 !RHF STATE 1.1 Energy               -114.897062872791
  RHF One-electron energy            -226.716848495003
  RHF Two-electron energy              76.532064449191
  RHF Kinetic energy                  113.551311478539
  RHF Nuclear energy                   35.287721173021
  RHF Virial quotient                  -1.011851482618

 !RHF STATE 1.1 Dipole moment           0.01908169     0.55950465    -0.21873927
 Dipole moment /Debye                   0.04850082     1.42211897    -0.55597976

 Orbital energies:

           1.1          2.1          3.1          4.1          5.1          6.1          7.1          8.1          9.1         10.1
    -20.596701   -11.402255    -1.346779    -0.839009    -0.658968    -0.564316    -0.561399    -0.440398    -0.416535     0.024676

          11.1
      0.038285


 HOMO      9.1    -0.416535 =     -11.3345eV
 LUMO     10.1     0.024676 =       0.6715eV
 LUMO-HOMO         0.441211 =      12.0060eV

 Orbitals saved in record  2101.2


 **********************************************************************************************************************************
 DATASETS  * FILE   NREC   LENGTH (MB)   RECORD NAMES
              1      20      568.03       500      610      700      701      900      950      970     1001      129      960   
                                          VAR    BASINP    GEOM     GEOM    SYMINP    ZMAT    AOBASIS   BASIS     P2S    ABASIS    
                                         1100     1400     1410     1200     1210     1080     1600     1650     1300     1700   
                                           S        T        V       H0       H01     AOSYM     SMH    MOLCAS    ERIS     OPER   

              2      11        3.11       700     1000      520     2100     8500      200     9001      701     1001     2101   
                                         GEOM     BASIS   MCVARS     RHF     CPHF    OPTIONS  DEN_MP2   GEOM     BASIS     RHF  
                                         9001(1)
                                        DEN_MP2    

 PROGRAMS   *        TOTAL    HF-SCF       INT      CCSD    HF-SCF      CCSD    HF-SCF      CCSD    HF-SCF      CCSD    HF-SCF
 CPU TIMES  *    285290.46    136.62     26.69    819.33     24.64    888.87    214.43    771.06     96.18    827.24     91.58
 REAL TIME  *     50096.99 SEC
 DISK USED  *         2.42 GB
 **********************************************************************************************************************************


 PROGRAM * CCSD (Closed-shell coupled cluster)     Authors: C. Hampel, H.-J. Werner, 1991, M. Deegan, P.J. Knowles, 1992


 Convergence thresholds:  THRVAR = 1.00D-12  THRDEN = 1.00D-08

 Using ITF CCSD gradient implementation

 Number of core orbitals:           2 (   2 )
 Number of closed-shell orbitals:   7 (   7 )
 Number of external orbitals:     175 ( 175 )

 Molecular orbitals read from record     2101.2  Type=RHF/CANONICAL (state 1.1)

 Integral transformation finished. Total CPU:  18.52 sec, npass=  1  Memory used:  27.38 MW
  Reference energy                   -114.897062872791

  MP2 correlation energy               -0.461361707387
  MP2 total energy                   -115.358424580178

 ITER.      SQ.NORM     CORR.ENERGY   TOTAL ENERGY   ENERGY CHANGE        DEN1      VAR(S)    VAR(P)  DIIS     TIME
   1      1.16173000    -0.47900467  -115.37606754    -0.01764296    -0.00042126  3.43e-03  3.96e-03  1  1    25.48
   2      1.17909296    -0.48100860  -115.37807147    -0.00200393    -0.01440460  1.52e-04  8.86e-04  2  2    49.79
   3      1.18574423    -0.48183777  -115.37890064    -0.00082917    -0.00231793  1.83e-05  1.97e-04  3  3    73.74
   4      1.19095567    -0.48195726  -115.37902014    -0.00011950    -0.00238765  2.49e-06  3.17e-05  4  4    98.08
   5      1.19298226    -0.48194500  -115.37900787     0.00001227    -0.00073642  1.54e-07  3.70e-06  5  5   121.31
   6      1.19369858    -0.48192549  -115.37898836     0.00001951    -0.00024330  9.13e-09  2.92e-07  6  0   144.83
   7      1.19380641    -0.48191953  -115.37898240     0.00000596    -0.00003693  4.75e-09  4.26e-08  6  1   168.46
   8      1.19382298    -0.48191729  -115.37898016     0.00000224    -0.00000546  9.69e-11  6.86e-09  6  2   192.01
   9      1.19382734    -0.48191708  -115.37897995     0.00000021    -0.00000114  5.85e-11  9.62e-10  6  3   216.54
  10      1.19383027    -0.48191701  -115.37897988     0.00000007    -0.00000079  2.15e-12  7.99e-11  6  4   240.39
  11      1.19383035    -0.48191699  -115.37897986     0.00000002    -0.00000003  2.93e-13  1.11e-11  6  5   264.34
  12      1.19383007    -0.48191700  -115.37897987    -0.00000001     0.00000006  7.41e-14  1.62e-12  6  0   287.80
  13      1.19382979    -0.48191700  -115.37897987     0.00000000     0.00000007  6.58e-15  1.99e-13         310.40

 Norm of t1 vector:      0.07522417     S-energy:      0.00000000   T1 diagnostic:  0.01421603

 Time per iteration:                     23.88 sec

 RESULTS
 =======

  Reference energy                   -114.897062872791
  CCSD correlation energy              -0.481916997767
 !CCSD total energy                  -115.378979870558

 Starting CP-CCSD iterations.   Author: W. Gyorffy (2012)

 ITER.      NRM1           NRM2      VAR(S)+VAR(P)   DIIS    TIME
   1     0.00310951     0.44836436     1.85e-03      1  1   24.86
   2     0.00284835     0.44052327     1.23e-04      2  2   50.57
   3     0.00265839     0.43966140     1.61e-05      3  3   74.88
   4     0.00257201     0.43879598     3.03e-06      4  4   99.26
   5     0.00251229     0.43856736     3.74e-07      5  5  124.27
   6     0.00248868     0.43848163     4.41e-08      6  0  149.97
   7     0.00248092     0.43847479     5.22e-09      6  1  175.08
   8     0.00247847     0.43847421     7.82e-10      6  2  202.05
   9     0.00247767     0.43847531     1.16e-10      6  3  229.50
  10     0.00247753     0.43847607     1.75e-11      6  4  254.97
  11     0.00247751     0.43847631     2.43e-12      6  5  281.42
  12     0.00247751     0.43847639     3.63e-13            309.03


 Time per iteration:                     25.75 sec

 CPHF start vector      0.2 not found

 Starting Coupled-perturbed Hartree-Fock, convergence threshold= 1.0D-06

 ITER   MIC  DIIS      VAR         VARC       CPU
   1     0     1    0.11D-01    0.16D-02    13.30
   2     4     2    0.40D-03    0.88D-04    23.42
   3     4     3    0.89D-05    0.13D-05    33.51
   4     3     4    0.36D-06    0.75D-07    43.24

 CPHF convergence reached in  4 macroiterations and   11 microiterations.   Accuracy: 3.6469D-07

 CPHF solution written to record  8500.2

 Dipole moments (unrelaxed):            0.02119412     0.52467241    -0.20673504
 Orbital relaxation contribution:      -0.00057193     0.00494352    -0.00018315
 !CCSD STATE 1.1 Dipole moment          0.02062219     0.52961594    -0.20691819
 Dipole moment /Debye                   0.05241639     1.34614944    -0.52593359

 CPU-time for coupled-perturbed hartree-fock:         43.24 sec

 Number of N-1 electron functions:               7
 Number of N-2 electron functions:              28
 Number of singly external CSFs:              1225
 Number of doubly external CSFs:            750925
 Total number of CSFs:                      752151

 CCSD gradient info saved on record        55555.1




 **********************************************************************************************************************************
 DATASETS  * FILE   NREC   LENGTH (MB)   RECORD NAMES
              1      22      804.03       500      610      700      701      900      950      970     1001      129      960   
                                          VAR    BASINP    GEOM     GEOM    SYMINP    ZMAT    AOBASIS   BASIS     P2S    ABASIS    
                                         1100     1400     1410     1200     1210     1080     1600     1650     1300     1700   
                                           S        T        V       H0       H01     AOSYM     SMH    MOLCAS    ERIS     OPER   
                                         1380    55555   
                                         JKOP     CCSD   

              2      11        3.11       700     1000      520     2100     8500      200     9001      701     1001     2101   
                                         GEOM     BASIS   MCVARS     RHF     CPHF    OPTIONS  DEN_MP2   GEOM     BASIS     RHF  
                                         9001(1)
                                        DEN_MP2    

 PROGRAMS   *        TOTAL      CCSD    HF-SCF       INT      CCSD    HF-SCF      CCSD    HF-SCF      CCSD    HF-SCF      CCSD
 CPU TIMES  *    286197.43    906.96    136.62     26.69    819.33     24.64    888.87    214.43    771.06     96.18    827.24
 REAL TIME  *     50221.78 SEC
 DISK USED  *         2.42 GB
 **********************************************************************************************************************************

 Inactive variables:    AHH2

 Active variables:      RCO ROH ACOH RCH1 AOCH1 AHH1
                        RCH2 AOCH2 RCH3 AOCH3 AHH3

 Geometry written to block  1 of record 701

 XYZ inputs for each point on the optimization path will be saved in files ch3oh_maxima_mp2_xx.xyz

 Making model hessian for Z-matrix coordinates

 Entering Rational Function Geometry Optimization

 ITER.   ENERGY(OLD)    ENERGY(NEW)      DE          GRADMAX     GRADNORM    GRADRMS     STEPMAX     STEPLEN     STEPRMS   CPU-time
   1  -115.37897987  -115.42988180    -0.05090193  0.09622455  0.18523117  0.05584930  0.16859165  0.29420990  0.02674635   2417.29
   2  -115.42988180  -115.47723347    -0.04735167  0.09396512  0.17136346  0.05166803  0.17608712  0.30000000  0.02727273   3697.13
   3  -115.47723347  -115.51654531    -0.03931184  0.08404213  0.14970105  0.04513657  0.17530502  0.30000000  0.02727273   4945.04
   4  -115.51654531  -115.54157758    -0.02503227  0.06355097  0.11222078  0.03383584  0.17211815  0.30000000  0.02727273   6193.45
   5  -115.54157758  -115.54530831    -0.00373073  0.02928940  0.05083353  0.01532689  0.14002263  0.24166756  0.02196978   7450.69
   6  -115.54530831  -115.54615182    -0.00084351  0.01602462  0.02571336  0.00775287  0.04551152  0.07809084  0.00709917   8623.74
   7  -115.54615182  -115.54617195    -0.00002012  0.00229967  0.00367920  0.00110932  0.00617399  0.00966040  0.00087822   9881.60
   8  -115.54617195  -115.54617374    -0.00000180  0.00097054  0.00108200  0.00032624  0.00191358  0.00281275  0.00025570  11106.71
   9  -115.54617374  -115.54617411    -0.00000037  0.00043277  0.00047064  0.00014190  0.00124699  0.00149873  0.00013625  12261.91
  10  -115.54617411  -115.54617413    -0.00000002  0.00005996  0.00011054  0.00003333  0.00019228  0.00033854  0.00003078  13456.10

 END OF GEOMETRY OPTIMIZATION.

 Optimized variables
 RCO=                 1.42052003 ANGSTROM
 ROH=                 0.95740378 ANGSTROM
 ACOH=              108.42679299 DEGREE
 RCH1=                1.09328087 ANGSTROM
 AOCH1=             111.46998569 DEGREE
 AHH1=              -79.51733316 DEGREE
 RCH2=                1.09239330 ANGSTROM
 AOCH2=             111.95613881 DEGREE
 RCH3=                1.08793792 ANGSTROM
 AOCH3=             107.21326608 DEGREE
 AHH3=              161.63859117 DEGREE

 **********************************************************************************************************************************

 Geometry written to block  1 of record 701

 Recomputing wavefunction for reoriented structure

 Current geometry (xyz format, in Angstrom)


 Dump information in style XYZ to ch3oh_maxima_mp2.xyz                                                            

    6
 CCSD/AUG-CC-PVTZ  ENERGY=-115.54617413
 C         -0.0000939850        0.0125771911       -0.7283271787
 O         -0.0004306760       -0.0643208866        0.6901098960
 H         -0.0036228407        0.8262755878        1.0414640371
 H         -1.0010659133        0.2156545577       -1.1182987817
 H          0.6819151727        0.7829089493       -1.0954451526
 H          0.3307298204       -0.9537247924       -1.1030604275

 **********************************************************************************************************************************


 **********************************************************************************************************************************
 DATASETS  * FILE   NREC   LENGTH (MB)   RECORD NAMES
              1      22      860.46       500      610      700      701      900      950      970     1001      129      960   
                                          VAR    BASINP    GEOM     GEOM    SYMINP    ZMAT    AOBASIS   BASIS     P2S    ABASIS    
                                         1100     1400     1410     1200     1210     1080     1600     1650     1300     1700   
                                           S        T        V       H0       H01     AOSYM     SMH    MOLCAS    ERIS     OPER   
                                         1380    55555   
                                         JKOP     CCSD   

              2      11        3.11       700     1000      520     2100     8500      200     9001      701     1001     2101   
                                         GEOM     BASIS   MCVARS     RHF     CPHF    OPTIONS  DEN_MP2   GEOM     BASIS     RHF  
                                         9001(1)
                                        DEN_MP2    

 PROGRAMS   *        TOTAL      OPTG    HF-SCF      CCSD    HF-SCF      CCSD    HF-SCF      CCSD    HF-SCF      CCSD    HF-SCF
 CPU TIMES  *    299368.17    759.88     25.03    769.25     83.67    774.64     93.79    792.66    102.06    852.60    110.75
 REAL TIME  *     52228.01 SEC
 DISK USED  *         2.42 GB
 **********************************************************************************************************************************
 SETTING XXX            =    "MMM"
 SETTING TAU            =        41.54041934  DEGREE                          


 XXX       RCO          ROH          RCH1         RCH2         RCH3           ACOH           AOCH1          AOCH2          AOCH3          AHH1          AHH2           AHH3          TAU
 "MMM"   1.42052003   0.95740378   1.09328087   1.09239330   1.08793792   108.42679299   111.46998569   111.95613881   107.21326608   -79.51733316   42.50000000   161.63859117   41.54041934
                                                  

 DO I                   =       -75.00000000   
 SETTING RCO            =         1.50000000                                  
 SETTING ROH            =         1.00000000                                  
 SETTING RCH1           =         1.50000000                                  
 SETTING RCH2           =         1.50000001                                  
 SETTING RCH3           =         1.50000002                                  
 SETTING ACOH           =       110.00000000                                  
 SETTING AOCH1          =       115.00000000                                  
 SETTING AOCH2          =       115.00000001                                  
 SETTING AOCH3          =       115.00000002                                  
 SETTING AHH1           =       -75.00000000                                  
 SETTING AHH2           =        45.00000000                                  
 SETTING AHH3           =       165.00000000                                  


 PROGRAM * OPT (Geometry optimization)     Authors: F. Eckert and H.-J. Werner


 BFGS update of hessian

 Geometry optimization using procedure=RUNCCSD

 Running procedure: RUNCCSD


 Recomputing integrals since geometry changed


 PROGRAM * SEWARD (Integral evaluation for generally contracted gaussian basis sets)     Author: Roland Lindh, 1990

 Geometry written to block  1 of record 701

 Orientation using atomic masses  
 Molecule type: Asymmetric top
 Rotational constants:      19.1393769     19.7418884     79.0358267 GHz  (calculated with average atomic masses)

 Point group  C1  



 ATOMIC COORDINATES

 NR  ATOM    CHARGE       X              Y              Z

   1  C       6.00   -0.000000002    0.020571053   -1.412779028
   2  O       8.00    0.000000001   -0.132718373    1.417662317
   3  H       1.00    0.000000000    1.605492810    2.159070915
   4  H1      1.00   -2.481473356    0.749289784   -2.573018170
   5  H2      1.00    1.816564577    1.899260379   -2.510738732
   6  H3      1.00    0.664908788   -2.392488290   -2.743168814

 Bond lengths in Bohr (Angstrom)

 1-2  2.834589187  2-3  1.889726125
     ( 1.500000000)     ( 1.000000000)

 Bond angles

  1-2-3  110.00000000

 NUCLEAR CHARGE:                   18
 NUMBER OF PRIMITIVE AOS:         242
 NUMBER OF SYMMETRY AOS:          216
 NUMBER OF CONTRACTIONS:          184   (  184A   )
 NUMBER OF INNER CORE ORBITALS:     0   (    0A   )
 NUMBER OF OUTER CORE ORBITALS:     2   (    2A   )
 NUMBER OF VALENCE ORBITALS:       12   (   12A   )


 NUCLEAR REPULSION ENERGY   35.28761493


 Eigenvalues of metric

         1 0.217E-03 0.317E-03 0.452E-03 0.491E-03 0.640E-03 0.695E-03 0.217E-02 0.248E-02


 Contracted 2-electron integrals neglected if value below      1.0D-11
 AO integral compression algorithm  1   Integral accuracy      1.0D-11

     643.564 MB (compressed) written to integral file ( 47.4%)


 NUMBER OF SORTED TWO-ELECTRON INTEGRALS:  144848710.     BUFFER LENGTH:  32768
 NUMBER OF SEGMENTS:  10  SEGMENT LENGTH:   15999503      RECORD LENGTH: 524288

 Memory used in sort:      16.56 MW

 SORT1 READ   169623812. AND WROTE   134187402. INTEGRALS IN    389 RECORDS. CPU TIME:     1.44 SEC, REAL TIME:     2.23 SEC
 SORT2 READ   134187402. AND WROTE   144848710. INTEGRALS IN   2455 RECORDS. CPU TIME:     1.27 SEC, REAL TIME:     1.70 SEC

 FILE SIZES:   FILE 1:   675.1 MBYTE,  FILE 4:  1631.6 MBYTE,   TOTAL:   2306.7 MBYTE

 OPERATOR DM      FOR CENTER  0  COORDINATES:    0.000000    0.000000    0.000000


 **********************************************************************************************************************************
 DATASETS  * FILE   NREC   LENGTH (MB)   RECORD NAMES
              1      20      567.15       500      610      700      701      900      950      970     1001      129      960   
                                          VAR    BASINP    GEOM     GEOM    SYMINP    ZMAT    AOBASIS   BASIS     P2S    ABASIS    
                                         1100     1400     1410     1200     1210     1080     1600     1650     1300     1700   
                                           S        T        V       H0       H01     AOSYM     SMH    MOLCAS    ERIS     OPER   

              2      11        3.11       700     1000      520     2100     8500      200     9001      701     1001     2101   
                                         GEOM     BASIS   MCVARS     RHF     CPHF    OPTIONS  DEN_MP2   GEOM     BASIS     RHF  
                                         9001(1)
                                        DEN_MP2    

 PROGRAMS   *        TOTAL       INT      CCSD    HF-SCF      CCSD    HF-SCF      CCSD    HF-SCF      CCSD    HF-SCF      CCSD
 CPU TIMES  *    299393.79     25.61    759.88     25.03    769.25     83.67    774.64     93.79    792.66    102.06    852.60
 REAL TIME  *     52238.16 SEC
 DISK USED  *         2.42 GB
 **********************************************************************************************************************************


 Program * Restricted Hartree-Fock

 Molecular orbitals read from record     2101.2  Type=RHF/CANONICAL (state 1.1)

 Initial occupancy:   9

 NELEC=   18   SYM=1   MS2= 0   THRE=1.0D-09   THRD=1.0D-07   THRG=1.0D-07  HFMA2=F  DIIS_START=2   DIIS_MAX=10   DIIS_INCORE=F

 Level shifts:    0.00 (CLOSED)    0.00 (OPEN)    0.30 (GAP_MIN)

 ITER           ETOT              DE          GRAD        DDIFF     DIIS  NEXP   TIME(IT)  TIME(TOT)  DIAG
   1     -114.79715303    -114.79715303     0.00D+00     0.51D-01     0     0      11.63     11.64    start
   2     -114.88117912      -0.08402609     0.76D-02     0.16D-01     1     0      12.29     23.93    diag
   3     -114.89473171      -0.01355259     0.29D-02     0.30D-02     2     0      11.96     35.89    diag
   4     -114.89694074      -0.00220902     0.97D-03     0.10D-02     3     0      12.81     48.70    diag
   5     -114.89709209      -0.00015136     0.18D-03     0.27D-03     4     0      12.18     60.88    diag
   6     -114.89710351      -0.00001142     0.58D-04     0.77D-04     5     0      13.39     74.27    diag
   7     -114.89710491      -0.00000140     0.24D-04     0.24D-04     6     0      13.35     87.62    diag
   8     -114.89710508      -0.00000017     0.63D-05     0.87D-05     7     0      14.73    102.35    fixocc
   9     -114.89710509      -0.00000001     0.13D-05     0.21D-05     8     0      13.90    116.25    diag
  10     -114.89710509      -0.00000000     0.29D-06     0.43D-06     9     0      14.75    131.00    diag/orth
  11     -114.89710509      -0.00000000     0.61D-07     0.87D-07     9     0      15.70    146.70    diag
  12     -114.89710509      -0.00000000     0.14D-07     0.15D-07     0     0      15.07    161.77    diag

 Final occupancy:   9

 !RHF STATE 1.1 Energy               -114.897105087507
  RHF One-electron energy            -226.716650430460
  RHF Two-electron energy              76.531930410277
  RHF Kinetic energy                  113.551214176720
  RHF Nuclear energy                   35.287614932676
  RHF Virial quotient                  -1.011852721440

 !RHF STATE 1.1 Dipole moment           0.01700312     0.55701338    -0.21910499
 Dipole moment /Debye                   0.04321763     1.41578680    -0.55690934

 Orbital energies:

           1.1          2.1          3.1          4.1          5.1          6.1          7.1          8.1          9.1         10.1
    -20.596719   -11.402251    -1.346783    -0.839016    -0.658916    -0.564356    -0.561410    -0.440398    -0.416546     0.024693

          11.1
      0.038282


 HOMO      9.1    -0.416546 =     -11.3348eV
 LUMO     10.1     0.024693 =       0.6719eV
 LUMO-HOMO         0.441239 =      12.0067eV

 Orbitals saved in record  2101.2


 **********************************************************************************************************************************
 DATASETS  * FILE   NREC   LENGTH (MB)   RECORD NAMES
              1      20      567.15       500      610      700      701      900      950      970     1001      129      960   
                                          VAR    BASINP    GEOM     GEOM    SYMINP    ZMAT    AOBASIS   BASIS     P2S    ABASIS    
                                         1100     1400     1410     1200     1210     1080     1600     1650     1300     1700   
                                           S        T        V       H0       H01     AOSYM     SMH    MOLCAS    ERIS     OPER   

              2      11        3.11       700     1000      520     2100     8500      200     9001      701     1001     2101   
                                         GEOM     BASIS   MCVARS     RHF     CPHF    OPTIONS  DEN_MP2   GEOM     BASIS     RHF  
                                         9001(1)
                                        DEN_MP2    

 PROGRAMS   *        TOTAL    HF-SCF       INT      CCSD    HF-SCF      CCSD    HF-SCF      CCSD    HF-SCF      CCSD    HF-SCF
 CPU TIMES  *    299555.59    161.79     25.61    759.88     25.03    769.25     83.67    774.64     93.79    792.66    102.06
 REAL TIME  *     52263.47 SEC
 DISK USED  *         2.42 GB
 **********************************************************************************************************************************


 PROGRAM * CCSD (Closed-shell coupled cluster)     Authors: C. Hampel, H.-J. Werner, 1991, M. Deegan, P.J. Knowles, 1992


 Convergence thresholds:  THRVAR = 1.00D-12  THRDEN = 1.00D-08

 Using ITF CCSD gradient implementation

 Number of core orbitals:           2 (   2 )
 Number of closed-shell orbitals:   7 (   7 )
 Number of external orbitals:     175 ( 175 )

 Molecular orbitals read from record     2101.2  Type=RHF/CANONICAL (state 1.1)

 Integral transformation finished. Total CPU:  20.47 sec, npass=  1  Memory used:  27.38 MW
  Reference energy                   -114.897105087508

  MP2 correlation energy               -0.461353701066
  MP2 total energy                   -115.358458788574

 ITER.      SQ.NORM     CORR.ENERGY   TOTAL ENERGY   ENERGY CHANGE        DEN1      VAR(S)    VAR(P)  DIIS     TIME
   1      1.16172467    -0.47899670  -115.37610179    -0.01764300    -0.00042182  3.43e-03  3.96e-03  1  1    26.63
   2      1.17908510    -0.48100021  -115.37810529    -0.00200350    -0.01440415  1.52e-04  8.86e-04  2  2    52.76
   3      1.18573403    -0.48182924  -115.37893433    -0.00082903    -0.00231758  1.83e-05  1.97e-04  3  3    79.76
   4      1.19094351    -0.48194872  -115.37905381    -0.00011948    -0.00238742  2.49e-06  3.17e-05  4  4   107.67
   5      1.19296947    -0.48193646  -115.37904155     0.00001226    -0.00073643  1.53e-07  3.70e-06  5  5   134.66
   6      1.19368545    -0.48191696  -115.37902205     0.00001950    -0.00024328  9.12e-09  2.92e-07  6  0   162.43
   7      1.19379316    -0.48191100  -115.37901608     0.00000596    -0.00003691  4.74e-09  4.25e-08  6  1   190.82
   8      1.19380965    -0.48190876  -115.37901385     0.00000223    -0.00000544  9.71e-11  6.86e-09  6  2   218.54
   9      1.19381399    -0.48190855  -115.37901364     0.00000021    -0.00000113  5.85e-11  9.65e-10  6  3   244.99
  10      1.19381692    -0.48190848  -115.37901357     0.00000007    -0.00000079  2.15e-12  8.00e-11  6  4   273.01
  11      1.19381700    -0.48190846  -115.37901355     0.00000002    -0.00000003  2.93e-13  1.11e-11  6  5   298.70
  12      1.19381673    -0.48190847  -115.37901356    -0.00000001     0.00000006  7.40e-14  1.61e-12  6  0   326.60
  13      1.19381646    -0.48190847  -115.37901356     0.00000000     0.00000007  6.61e-15  1.98e-13         352.80

 Norm of t1 vector:      0.07518898     S-energy:      0.00000000   T1 diagnostic:  0.01420938

 Time per iteration:                     27.14 sec

 RESULTS
 =======

  Reference energy                   -114.897105087508
  CCSD correlation energy              -0.481908470287
 !CCSD total energy                  -115.379013557795

 Starting CP-CCSD iterations.   Author: W. Gyorffy (2012)

 ITER.      NRM1           NRM2      VAR(S)+VAR(P)   DIIS    TIME
   1     0.00310595     0.44834280     1.85e-03      1  1   29.29
   2     0.00284512     0.44050408     1.23e-04      2  2   59.89
   3     0.00265549     0.43964271     1.61e-05      3  3   89.10
   4     0.00256935     0.43877793     3.03e-06      4  4  112.91
   5     0.00250983     0.43854970     3.73e-07      5  5  134.29
   6     0.00248635     0.43846420     4.38e-08      6  0  156.88
   7     0.00247865     0.43845747     5.14e-09      6  1  198.96
   8     0.00247623     0.43845694     7.63e-10      6  2  226.92
   9     0.00247544     0.43845807     1.12e-10      6  3  255.19
  10     0.00247531     0.43845885     1.70e-11      6  4  283.90
  11     0.00247529     0.43845910     2.35e-12      6  5  311.92
  12     0.00247529     0.43845918     3.43e-13            336.85


 Time per iteration:                     28.07 sec

 CPHF start vector      0.2 not found

 Starting Coupled-perturbed Hartree-Fock, convergence threshold= 1.0D-06

 ITER   MIC  DIIS      VAR         VARC       CPU
   1     0     1    0.11D-01    0.16D-02     9.75
   2     4     2    0.40D-03    0.88D-04    18.43
   3     4     3    0.89D-05    0.13D-05    26.89
   4     3     4    0.36D-06    0.75D-07    36.66

 CPHF convergence reached in  4 macroiterations and   11 microiterations.   Accuracy: 3.6488D-07

 CPHF solution written to record  8500.2

 Dipole moments (unrelaxed):            0.01888459     0.52194557    -0.20705603
 Orbital relaxation contribution:      -0.00050949     0.00501071    -0.00018136
 !CCSD STATE 1.1 Dipole moment          0.01837511     0.52695628    -0.20723739
 Dipole moment /Debye                   0.04670487     1.33938928    -0.52674491

 CPU-time for coupled-perturbed hartree-fock:         36.68 sec

 Number of N-1 electron functions:               7
 Number of N-2 electron functions:              28
 Number of singly external CSFs:              1225
 Number of doubly external CSFs:            750925
 Total number of CSFs:                      752151

 CCSD gradient info saved on record        55555.1




 **********************************************************************************************************************************
 DATASETS  * FILE   NREC   LENGTH (MB)   RECORD NAMES
              1      22      803.16       500      610      700      701      900      950      970     1001      129      960   
                                          VAR    BASINP    GEOM     GEOM    SYMINP    ZMAT    AOBASIS   BASIS     P2S    ABASIS    
                                         1100     1400     1410     1200     1210     1080     1600     1650     1300     1700   
                                           S        T        V       H0       H01     AOSYM     SMH    MOLCAS    ERIS     OPER   
                                         1380    55555   
                                         JKOP     CCSD   

              2      11        3.11       700     1000      520     2100     8500      200     9001      701     1001     2101   
                                         GEOM     BASIS   MCVARS     RHF     CPHF    OPTIONS  DEN_MP2   GEOM     BASIS     RHF  
                                         9001(1)
                                        DEN_MP2    

 PROGRAMS   *        TOTAL      CCSD    HF-SCF       INT      CCSD    HF-SCF      CCSD    HF-SCF      CCSD    HF-SCF      CCSD
 CPU TIMES  *    300516.17    960.57    161.79     25.61    759.88     25.03    769.25     83.67    774.64     93.79    792.66
 REAL TIME  *     52401.69 SEC
 DISK USED  *         2.42 GB
 **********************************************************************************************************************************

 Inactive variables:    AHH2

 Active variables:      RCO ROH ACOH RCH1 AOCH1 AHH1
                        RCH2 AOCH2 RCH3 AOCH3 AHH3

 Geometry written to block  1 of record 701

 XYZ inputs for each point on the optimization path will be saved in files ch3oh_maxima_mp2_xx.xyz

 Making model hessian for Z-matrix coordinates

 Entering Rational Function Geometry Optimization

 ITER.   ENERGY(OLD)    ENERGY(NEW)      DE          GRADMAX     GRADNORM    GRADRMS     STEPMAX     STEPLEN     STEPRMS   CPU-time
   1  -115.37901356  -115.42990966    -0.05089610  0.09632195  0.18529360  0.05586812  0.16868220  0.29406635  0.02673330   2513.23
   2  -115.42990966  -115.47727674    -0.04736708  0.09405905  0.17143156  0.05168856  0.17624301  0.30000000  0.02727273   3872.05
   3  -115.47727674  -115.51659916    -0.03932242  0.08412077  0.14975344  0.04515236  0.17542581  0.30000000  0.02727273   5140.24
   4  -115.51659916  -115.54164299    -0.02504383  0.06357934  0.11226294  0.03384855  0.17209158  0.30000000  0.02727273   6480.16
   5  -115.54164299  -115.54538472    -0.00374173  0.02933006  0.05088442  0.01534223  0.14025841  0.24203199  0.02200291   7754.61
   6  -115.54538472  -115.54623011    -0.00084539  0.01609384  0.02574390  0.00776208  0.04558174  0.07816096  0.00710554   8979.37
   7  -115.54623011  -115.54625038    -0.00002026  0.00230584  0.00368935  0.00111238  0.00619123  0.00969731  0.00088157  10159.04
   8  -115.54625038  -115.54625220    -0.00000182  0.00097890  0.00109144  0.00032908  0.00192996  0.00283969  0.00025815  11357.99
   9  -115.54625220  -115.54625257    -0.00000037  0.00043384  0.00047184  0.00014227  0.00124459  0.00149340  0.00013576  12525.66
  10  -115.54625257  -115.54625259    -0.00000002  0.00006093  0.00011161  0.00003365  0.00019548  0.00034146  0.00003104  13694.72

 END OF GEOMETRY OPTIMIZATION.

 Optimized variables
 RCO=                 1.42033715 ANGSTROM
 ROH=                 0.95751330 ANGSTROM
 ACOH=              108.40452216 DEGREE
 RCH1=                1.09329932 ANGSTROM
 AOCH1=             111.53916600 DEGREE
 AHH1=              -77.12733450 DEGREE
 RCH2=                1.09250140 ANGSTROM
 AOCH2=             111.94969925 DEGREE
 RCH3=                1.08787532 ANGSTROM
 AOCH3=             107.12770720 DEGREE
 AHH3=              164.06413518 DEGREE

 **********************************************************************************************************************************

 Geometry written to block  1 of record 701

 Recomputing wavefunction for reoriented structure

 Current geometry (xyz format, in Angstrom)


 Dump information in style XYZ to ch3oh_maxima_mp2.xyz                                                            

    6
 CCSD/AUG-CC-PVTZ  ENERGY=-115.54625259
 C         -0.0001090760        0.0126501362       -0.7282292270
 O         -0.0003455590       -0.0642577404        0.6900241890
 H         -0.0038583141        0.8265710054        1.0410847502
 H         -0.9922907813        0.2568482081       -1.1171330266
 H          0.7137404221        0.7529435143       -1.0969349529
 H          0.2891936495       -0.9671200097       -1.1021638666

 **********************************************************************************************************************************


 **********************************************************************************************************************************
 DATASETS  * FILE   NREC   LENGTH (MB)   RECORD NAMES
              1      22      859.96       500      610      700      701      900      950      970     1001      129      960   
                                          VAR    BASINP    GEOM     GEOM    SYMINP    ZMAT    AOBASIS   BASIS     P2S    ABASIS    
                                         1100     1400     1410     1200     1210     1080     1600     1650     1300     1700   
                                           S        T        V       H0       H01     AOSYM     SMH    MOLCAS    ERIS     OPER   
                                         1380    55555   
                                         JKOP     CCSD   

              2      11        3.11       700     1000      520     2100     8500      200     9001      701     1001     2101   
                                         GEOM     BASIS   MCVARS     RHF     CPHF    OPTIONS  DEN_MP2   GEOM     BASIS     RHF  
                                         9001(1)
                                        DEN_MP2    

 PROGRAMS   *        TOTAL      OPTG    HF-SCF      CCSD    HF-SCF      CCSD    HF-SCF      CCSD    HF-SCF      CCSD    HF-SCF
 CPU TIMES  *    313861.41    775.15     23.35    805.98     80.40    766.44     92.70    830.07    103.15    798.12    102.70
 REAL TIME  *     54430.76 SEC
 DISK USED  *         2.42 GB
 **********************************************************************************************************************************
 SETTING XXX            =    "MMM"
 SETTING TAU            =        43.97893356  DEGREE                          


 XXX       RCO          ROH          RCH1         RCH2         RCH3           ACOH           AOCH1          AOCH2          AOCH3          AHH1          AHH2           AHH3          TAU
 "MMM"   1.42033715   0.95751330   1.09329932   1.09250140   1.08787532   108.40452216   111.53916600   111.94969925   107.12770720   -77.12733450   45.00000000   164.06413518   43.97893356
                                                  

 DO I                   =       -72.50000000   
 SETTING RCO            =         1.50000000                                  
 SETTING ROH            =         1.00000000                                  
 SETTING RCH1           =         1.50000000                                  
 SETTING RCH2           =         1.50000001                                  
 SETTING RCH3           =         1.50000002                                  
 SETTING ACOH           =       110.00000000                                  
 SETTING AOCH1          =       115.00000000                                  
 SETTING AOCH2          =       115.00000001                                  
 SETTING AOCH3          =       115.00000002                                  
 SETTING AHH1           =       -72.50000000                                  
 SETTING AHH2           =        47.50000000                                  
 SETTING AHH3           =       167.50000000                                  


 PROGRAM * OPT (Geometry optimization)     Authors: F. Eckert and H.-J. Werner


 BFGS update of hessian

 Geometry optimization using procedure=RUNCCSD

 Running procedure: RUNCCSD


 Recomputing integrals since geometry changed


 PROGRAM * SEWARD (Integral evaluation for generally contracted gaussian basis sets)     Author: Roland Lindh, 1990

 Geometry written to block  1 of record 701

 Orientation using atomic masses  
 Molecule type: Asymmetric top
 Rotational constants:      19.1393769     19.7418884     79.0358267 GHz  (calculated with average atomic masses)

 Point group  C1  



 ATOMIC COORDINATES

 NR  ATOM    CHARGE       X              Y              Z

   1  C       6.00   -0.000000002    0.020571053   -1.412779028
   2  O       8.00    0.000000001   -0.132718373    1.417662317
   3  H       1.00   -0.000000004    1.605492809    2.159070916
   4  H1      1.00   -2.450108631    0.856739818   -2.567198952
   5  H2      1.00    1.894073041    1.818412460   -2.515117248
   6  H3      1.00    0.556035599   -2.419090406   -2.744609516

 Bond lengths in Bohr (Angstrom)

 1-2  2.834589187  2-3  1.889726125
     ( 1.500000000)     ( 1.000000000)

 Bond angles

  1-2-3  110.00000000

 NUCLEAR CHARGE:                   18
 NUMBER OF PRIMITIVE AOS:         242
 NUMBER OF SYMMETRY AOS:          216
 NUMBER OF CONTRACTIONS:          184   (  184A   )
 NUMBER OF INNER CORE ORBITALS:     0   (    0A   )
 NUMBER OF OUTER CORE ORBITALS:     2   (    2A   )
 NUMBER OF VALENCE ORBITALS:       12   (   12A   )


 NUCLEAR REPULSION ENERGY   35.28752184


 Eigenvalues of metric

         1 0.215E-03 0.316E-03 0.454E-03 0.493E-03 0.641E-03 0.694E-03 0.217E-02 0.248E-02


 Contracted 2-electron integrals neglected if value below      1.0D-11
 AO integral compression algorithm  1   Integral accuracy      1.0D-11

     644.874 MB (compressed) written to integral file ( 47.5%)


 NUMBER OF SORTED TWO-ELECTRON INTEGRALS:  144848710.     BUFFER LENGTH:  32768
 NUMBER OF SEGMENTS:  10  SEGMENT LENGTH:   15999503      RECORD LENGTH: 524288

 Memory used in sort:      16.56 MW

 SORT1 READ   169623812. AND WROTE   134795468. INTEGRALS IN    391 RECORDS. CPU TIME:     1.17 SEC, REAL TIME:     1.70 SEC
 SORT2 READ   134795468. AND WROTE   144848710. INTEGRALS IN   2460 RECORDS. CPU TIME:     1.26 SEC, REAL TIME:     1.67 SEC

 FILE SIZES:   FILE 1:   676.4 MBYTE,  FILE 4:  1640.0 MBYTE,   TOTAL:   2316.4 MBYTE

 OPERATOR DM      FOR CENTER  0  COORDINATES:    0.000000    0.000000    0.000000


 **********************************************************************************************************************************
 DATASETS  * FILE   NREC   LENGTH (MB)   RECORD NAMES
              1      20      567.63       500      610      700      701      900      950      970     1001      129      960   
                                          VAR    BASINP    GEOM     GEOM    SYMINP    ZMAT    AOBASIS   BASIS     P2S    ABASIS    
                                         1100     1400     1410     1200     1210     1080     1600     1650     1300     1700   
                                           S        T        V       H0       H01     AOSYM     SMH    MOLCAS    ERIS     OPER   

              2      11        3.11       700     1000      520     2100     8500      200     9001      701     1001     2101   
                                         GEOM     BASIS   MCVARS     RHF     CPHF    OPTIONS  DEN_MP2   GEOM     BASIS     RHF  
                                         9001(1)
                                        DEN_MP2    

 PROGRAMS   *        TOTAL       INT      CCSD    HF-SCF      CCSD    HF-SCF      CCSD    HF-SCF      CCSD    HF-SCF      CCSD
 CPU TIMES  *    313881.98     20.56    775.15     23.35    805.98     80.40    766.44     92.70    830.07    103.15    798.12
 REAL TIME  *     54439.22 SEC
 DISK USED  *         2.42 GB
 **********************************************************************************************************************************


 Program * Restricted Hartree-Fock

 Molecular orbitals read from record     2101.2  Type=RHF/CANONICAL (state 1.1)

 Initial occupancy:   9

 NELEC=   18   SYM=1   MS2= 0   THRE=1.0D-09   THRD=1.0D-07   THRG=1.0D-07  HFMA2=F  DIIS_START=2   DIIS_MAX=10   DIIS_INCORE=F

 Level shifts:    0.00 (CLOSED)    0.00 (OPEN)    0.30 (GAP_MIN)

 ITER           ETOT              DE          GRAD        DDIFF     DIIS  NEXP   TIME(IT)  TIME(TOT)  DIAG
   1     -114.79715213    -114.79715213     0.00D+00     0.51D-01     0     0      10.35     10.36    start
   2     -114.88120513      -0.08405300     0.76D-02     0.16D-01     1     0      13.18     23.54    diag
   3     -114.89476357      -0.01355844     0.29D-02     0.30D-02     2     0      16.32     39.86    diag
   4     -114.89697703      -0.00221346     0.97D-03     0.10D-02     3     0      15.44     55.30    diag
   5     -114.89712902      -0.00015199     0.19D-03     0.27D-03     4     0      14.84     70.14    diag
   6     -114.89714047      -0.00001145     0.58D-04     0.77D-04     5     0      13.50     83.64    diag
   7     -114.89714188      -0.00000141     0.24D-04     0.24D-04     6     0      14.99     98.63    diag
   8     -114.89714204      -0.00000017     0.63D-05     0.87D-05     7     0      15.63    114.26    fixocc
   9     -114.89714205      -0.00000001     0.13D-05     0.21D-05     8     0      15.63    129.89    diag
  10     -114.89714205      -0.00000000     0.29D-06     0.43D-06     9     0      15.48    145.37    diag/orth
  11     -114.89714205      -0.00000000     0.61D-07     0.86D-07     9     0      15.23    160.60    diag
  12     -114.89714205      -0.00000000     0.14D-07     0.14D-07     0     0      16.64    177.24    diag

 Final occupancy:   9

 !RHF STATE 1.1 Energy               -114.897142054013
  RHF One-electron energy            -226.716477020518
  RHF Two-electron energy              76.531813125122
  RHF Kinetic energy                  113.551129329713
  RHF Nuclear energy                   35.287521841383
  RHF Virial quotient                  -1.011853803060

 !RHF STATE 1.1 Dipole moment           0.01463518     0.55482978    -0.21942544
 Dipole moment /Debye                   0.03719891     1.41023664    -0.55772384

 Orbital energies:

           1.1          2.1          3.1          4.1          5.1          6.1          7.1          8.1          9.1         10.1
    -20.596735   -11.402247    -1.346787    -0.839021    -0.658870    -0.564391    -0.561419    -0.440399    -0.416556     0.024708

          11.1
      0.038279


 HOMO      9.1    -0.416556 =     -11.3351eV
 LUMO     10.1     0.024708 =       0.6723eV
 LUMO-HOMO         0.441264 =      12.0074eV

 Orbitals saved in record  2101.2


 **********************************************************************************************************************************
 DATASETS  * FILE   NREC   LENGTH (MB)   RECORD NAMES
              1      20      567.63       500      610      700      701      900      950      970     1001      129      960   
                                          VAR    BASINP    GEOM     GEOM    SYMINP    ZMAT    AOBASIS   BASIS     P2S    ABASIS    
                                         1100     1400     1410     1200     1210     1080     1600     1650     1300     1700   
                                           S        T        V       H0       H01     AOSYM     SMH    MOLCAS    ERIS     OPER   

              2      11        3.11       700     1000      520     2100     8500      200     9001      701     1001     2101   
                                         GEOM     BASIS   MCVARS     RHF     CPHF    OPTIONS  DEN_MP2   GEOM     BASIS     RHF  
                                         9001(1)
                                        DEN_MP2    

 PROGRAMS   *        TOTAL    HF-SCF       INT      CCSD    HF-SCF      CCSD    HF-SCF      CCSD    HF-SCF      CCSD    HF-SCF
 CPU TIMES  *    314059.26    177.28     20.56    775.15     23.35    805.98     80.40    766.44     92.70    830.07    103.15
 REAL TIME  *     54466.73 SEC
 DISK USED  *         2.42 GB
 **********************************************************************************************************************************


 PROGRAM * CCSD (Closed-shell coupled cluster)     Authors: C. Hampel, H.-J. Werner, 1991, M. Deegan, P.J. Knowles, 1992


 Convergence thresholds:  THRVAR = 1.00D-12  THRDEN = 1.00D-08

 Using ITF CCSD gradient implementation

 Number of core orbitals:           2 (   2 )
 Number of closed-shell orbitals:   7 (   7 )
 Number of external orbitals:     175 ( 175 )

 Molecular orbitals read from record     2101.2  Type=RHF/CANONICAL (state 1.1)

 Integral transformation finished. Total CPU:  21.20 sec, npass=  1  Memory used:  27.38 MW
  Reference energy                   -114.897142054013

  MP2 correlation energy               -0.461346714737
  MP2 total energy                   -115.358488768750

 ITER.      SQ.NORM     CORR.ENERGY   TOTAL ENERGY   ENERGY CHANGE        DEN1      VAR(S)    VAR(P)  DIIS     TIME
   1      1.16171999    -0.47898975  -115.37613181    -0.01764304    -0.00042231  3.43e-03  3.96e-03  1  1    26.84
   2      1.17907821    -0.48099288  -115.37813494    -0.00200313    -0.01440376  1.52e-04  8.85e-04  2  2    54.00
   3      1.18572509    -0.48182180  -115.37896385    -0.00082891    -0.00231727  1.83e-05  1.97e-04  3  3    80.10
   4      1.19093289    -0.48194126  -115.37908332    -0.00011946    -0.00238722  2.49e-06  3.17e-05  4  4   106.94
   5      1.19295829    -0.48192902  -115.37907107     0.00001225    -0.00073645  1.53e-07  3.70e-06  5  5   134.02
   6      1.19367395    -0.48190952  -115.37905157     0.00001950    -0.00024326  9.11e-09  2.92e-07  6  0   158.85
   7      1.19378155    -0.48190355  -115.37904561     0.00000596    -0.00003688  4.74e-09  4.25e-08  6  1   180.96
   8      1.19379798    -0.48190132  -115.37904338     0.00000223    -0.00000542  9.72e-11  6.86e-09  6  2   204.21
   9      1.19380229    -0.48190111  -115.37904316     0.00000021    -0.00000113  5.85e-11  9.68e-10  6  3   226.35
  10      1.19380523    -0.48190104  -115.37904310     0.00000007    -0.00000079  2.15e-12  8.01e-11  6  4   252.27
  11      1.19380531    -0.48190102  -115.37904308     0.00000002    -0.00000003  2.93e-13  1.11e-11  6  5   273.28
  12      1.19380505    -0.48190103  -115.37904309    -0.00000001     0.00000006  7.39e-14  1.61e-12  6  0   297.56
  13      1.19380477    -0.48190103  -115.37904308     0.00000000     0.00000007  6.64e-15  1.98e-13         319.14

 Norm of t1 vector:      0.07515813     S-energy:      0.00000000   T1 diagnostic:  0.01420355

 Time per iteration:                     24.55 sec

 RESULTS
 =======

  Reference energy                   -114.897142054013
  CCSD correlation energy              -0.481901030343
 !CCSD total energy                  -115.379043084356

 Starting CP-CCSD iterations.   Author: W. Gyorffy (2012)

 ITER.      NRM1           NRM2      VAR(S)+VAR(P)   DIIS    TIME
   1     0.00310284     0.44832388     1.85e-03      1  1   29.22
   2     0.00284228     0.44048722     1.23e-04      2  2   56.45
   3     0.00265295     0.43962630     1.61e-05      3  3   82.90
   4     0.00256702     0.43876207     3.02e-06      4  4  106.20
   5     0.00250767     0.43853419     3.71e-07      5  5  135.21
   6     0.00248430     0.43844890     4.35e-08      6  0  164.97
   7     0.00247666     0.43844224     5.06e-09      6  1  189.46
   8     0.00247426     0.43844177     7.47e-10      6  2  214.77
   9     0.00247349     0.43844293     1.09e-10      6  3  242.32
  10     0.00247336     0.43844372     1.66e-11      6  4  266.78
  11     0.00247334     0.43844398     2.26e-12      6  5  289.03
  12     0.00247334     0.43844406     3.23e-13            311.39


 Time per iteration:                     25.95 sec

 CPHF start vector      0.2 not found

 Starting Coupled-perturbed Hartree-Fock, convergence threshold= 1.0D-06

 ITER   MIC  DIIS      VAR         VARC       CPU
   1     0     1    0.11D-01    0.16D-02     9.09
   2     4     2    0.40D-03    0.88D-04    17.67
   3     4     3    0.89D-05    0.13D-05    27.66
   4     3     4    0.37D-06    0.76D-07    38.51

 CPHF convergence reached in  4 macroiterations and   11 microiterations.   Accuracy: 3.6504D-07

 CPHF solution written to record  8500.2

 Dipole moments (unrelaxed):            0.01625399     0.51955569    -0.20733743
 Orbital relaxation contribution:      -0.00043843     0.00506957    -0.00017976
 !CCSD STATE 1.1 Dipole moment          0.01581557     0.52462526    -0.20751719
 Dipole moment /Debye                   0.04019916     1.33346441    -0.52745609

 CPU-time for coupled-perturbed hartree-fock:         38.52 sec

 Number of N-1 electron functions:               7
 Number of N-2 electron functions:              28
 Number of singly external CSFs:              1225
 Number of doubly external CSFs:            750925
 Total number of CSFs:                      752151

 CCSD gradient info saved on record        55555.1




 **********************************************************************************************************************************
 DATASETS  * FILE   NREC   LENGTH (MB)   RECORD NAMES
              1      22      803.63       500      610      700      701      900      950      970     1001      129      960   
                                          VAR    BASINP    GEOM     GEOM    SYMINP    ZMAT    AOBASIS   BASIS     P2S    ABASIS    
                                         1100     1400     1410     1200     1210     1080     1600     1650     1300     1700   
                                           S        T        V       H0       H01     AOSYM     SMH    MOLCAS    ERIS     OPER   
                                         1380    55555   
                                         JKOP     CCSD   

              2      11        3.11       700     1000      520     2100     8500      200     9001      701     1001     2101   
                                         GEOM     BASIS   MCVARS     RHF     CPHF    OPTIONS  DEN_MP2   GEOM     BASIS     RHF  
                                         9001(1)
                                        DEN_MP2    

 PROGRAMS   *        TOTAL      CCSD    HF-SCF       INT      CCSD    HF-SCF      CCSD    HF-SCF      CCSD    HF-SCF      CCSD
 CPU TIMES  *    314961.12    901.85    177.28     20.56    775.15     23.35    805.98     80.40    766.44     92.70    830.07
 REAL TIME  *     54590.61 SEC
 DISK USED  *         2.42 GB
 **********************************************************************************************************************************

 Inactive variables:    AHH2

 Active variables:      RCO ROH ACOH RCH1 AOCH1 AHH1
                        RCH2 AOCH2 RCH3 AOCH3 AHH3

 Geometry written to block  1 of record 701

 XYZ inputs for each point on the optimization path will be saved in files ch3oh_maxima_mp2_xx.xyz

 Making model hessian for Z-matrix coordinates

 Entering Rational Function Geometry Optimization

 ITER.   ENERGY(OLD)    ENERGY(NEW)      DE          GRADMAX     GRADNORM    GRADRMS     STEPMAX     STEPLEN     STEPRMS   CPU-time
   1  -115.37904308  -115.42993419    -0.05089110  0.09640563  0.18534840  0.05588465  0.16875818  0.29394228  0.02672203   2510.93
   2  -115.42993419  -115.47731486    -0.04738068  0.09413931  0.17149126  0.05170656  0.17637431  0.30000000  0.02727273   3836.55
   3  -115.47731486  -115.51664661    -0.03933175  0.08418795  0.14979939  0.04516621  0.17552641  0.30000000  0.02727273   5185.54
   4  -115.51664661  -115.54170065    -0.02505404  0.06360320  0.11230070  0.03385994  0.17206470  0.30000000  0.02727273   6613.43
   5  -115.54170065  -115.54545231    -0.00375166  0.02936727  0.05093191  0.01535655  0.14047294  0.24238869  0.02203534   7863.82
   6  -115.54545231  -115.54629997    -0.00084766  0.01616025  0.02577796  0.00777235  0.04565265  0.07824694  0.00711336   9028.63
   7  -115.54629997  -115.54632035    -0.00002038  0.00231077  0.00369682  0.00111463  0.00620427  0.00973463  0.00088497  10278.56
   8  -115.54632035  -115.54632219    -0.00000185  0.00098683  0.00110005  0.00033168  0.00194484  0.00286414  0.00026038  11454.76
   9  -115.54632219  -115.54632256    -0.00000037  0.00043452  0.00047284  0.00014257  0.00124203  0.00148913  0.00013538  12651.89
  10  -115.54632256  -115.54632258    -0.00000002  0.00006199  0.00011257  0.00003394  0.00019871  0.00034575  0.00003143  13782.24

 END OF GEOMETRY OPTIMIZATION.

 Optimized variables
 RCO=                 1.42017329 ANGSTROM
 ROH=                 0.95761143 ANGSTROM
 ACOH=              108.38499607 DEGREE
 RCH1=                1.09330104 ANGSTROM
 AOCH1=             111.60303960 DEGREE
 AHH1=              -74.73527276 DEGREE
 RCH2=                1.09260508 ANGSTROM
 AOCH2=             111.94244758 DEGREE
 RCH3=                1.08782677 ANGSTROM
 AOCH3=             107.05084250 DEGREE
 AHH3=              166.49065941 DEGREE

 **********************************************************************************************************************************

 Geometry written to block  1 of record 701

 Recomputing wavefunction for reoriented structure

 Current geometry (xyz format, in Angstrom)


 Dump information in style XYZ to ch3oh_maxima_mp2.xyz                                                            

    6
 CCSD/AUG-CC-PVTZ  ENERGY=-115.54632258
 C         -0.0001178942        0.0127287280       -0.7281411446
 O         -0.0002644442       -0.0642012743        0.6899469824
 H         -0.0039016434        0.8268301409        1.0407595352
 H         -0.9817722702        0.2978824790       -1.1158900168
 H          0.7443998466        0.7214720727       -1.0984951315
 H          0.2468765582       -0.9787748109       -1.1013455778

 **********************************************************************************************************************************


 **********************************************************************************************************************************
 DATASETS  * FILE   NREC   LENGTH (MB)   RECORD NAMES
              1      22      859.18       500      610      700      701      900      950      970     1001      129      960   
                                          VAR    BASINP    GEOM     GEOM    SYMINP    ZMAT    AOBASIS   BASIS     P2S    ABASIS    
                                         1100     1400     1410     1200     1210     1080     1600     1650     1300     1700   
                                           S        T        V       H0       H01     AOSYM     SMH    MOLCAS    ERIS     OPER   
                                         1380    55555   
                                         JKOP     CCSD   

              2      11        3.11       700     1000      520     2100     8500      200     9001      701     1001     2101   
                                         GEOM     BASIS   MCVARS     RHF     CPHF    OPTIONS  DEN_MP2   GEOM     BASIS     RHF  
                                         9001(1)
                                        DEN_MP2    

 PROGRAMS   *        TOTAL      OPTG    HF-SCF      CCSD    HF-SCF      CCSD    HF-SCF      CCSD    HF-SCF      CCSD    HF-SCF
 CPU TIMES  *    328534.94    865.00     26.26    735.23     84.06    774.58    121.88    771.35     96.44    777.24    140.05
 REAL TIME  *     56688.12 SEC
 DISK USED  *         2.42 GB
 **********************************************************************************************************************************
 SETTING XXX            =    "MMM"
 SETTING TAU            =        46.41846222  DEGREE                          


 XXX       RCO          ROH          RCH1         RCH2         RCH3           ACOH           AOCH1          AOCH2          AOCH3          AHH1          AHH2           AHH3          TAU
 "MMM"   1.42017329   0.95761143   1.09330104   1.09260508   1.08782677   108.38499607   111.60303960   111.94244758   107.05084250   -74.73527276   47.50000000   166.49065941   46.41846222
                                                  

 DO I                   =       -70.00000000   
 SETTING RCO            =         1.50000000                                  
 SETTING ROH            =         1.00000000                                  
 SETTING RCH1           =         1.50000000                                  
 SETTING RCH2           =         1.50000001                                  
 SETTING RCH3           =         1.50000002                                  
 SETTING ACOH           =       110.00000000                                  
 SETTING AOCH1          =       115.00000000                                  
 SETTING AOCH2          =       115.00000001                                  
 SETTING AOCH3          =       115.00000002                                  
 SETTING AHH1           =       -70.00000000                                  
 SETTING AHH2           =        50.00000000                                  
 SETTING AHH3           =       170.00000000                                  


 PROGRAM * OPT (Geometry optimization)     Authors: F. Eckert and H.-J. Werner


 BFGS update of hessian

 Geometry optimization using procedure=RUNCCSD

 Running procedure: RUNCCSD


 Recomputing integrals since geometry changed


 PROGRAM * SEWARD (Integral evaluation for generally contracted gaussian basis sets)     Author: Roland Lindh, 1990

 Geometry written to block  1 of record 701

 Orientation using atomic masses  
 Molecule type: Asymmetric top
 Rotational constants:      19.1393770     19.7418884     79.0358267 GHz  (calculated with average atomic masses)

 Point group  C1  



 ATOMIC COORDINATES

 NR  ATOM    CHARGE       X              Y              Z

   1  C       6.00   -0.000000002    0.020571053   -1.412779028
   2  O       8.00    0.000000002   -0.132718373    1.417662317
   3  H       1.00   -0.000000007    1.605492809    2.159070916
   4  H1      1.00   -2.414079986    0.962721476   -2.561459258
   5  H2      1.00    1.967976029    1.734265566   -2.519674428
   6  H3      1.00    0.446103965   -2.440925171   -2.745792031

 Bond lengths in Bohr (Angstrom)

 1-2  2.834589187  2-3  1.889726125
     ( 1.500000000)     ( 1.000000000)

 Bond angles

  1-2-3  110.00000000

 NUCLEAR CHARGE:                   18
 NUMBER OF PRIMITIVE AOS:         242
 NUMBER OF SYMMETRY AOS:          216
 NUMBER OF CONTRACTIONS:          184   (  184A   )
 NUMBER OF INNER CORE ORBITALS:     0   (    0A   )
 NUMBER OF OUTER CORE ORBITALS:     2   (    2A   )
 NUMBER OF VALENCE ORBITALS:       12   (   12A   )


 NUCLEAR REPULSION ENERGY   35.28744346


 Eigenvalues of metric

         1 0.213E-03 0.316E-03 0.455E-03 0.495E-03 0.642E-03 0.694E-03 0.217E-02 0.248E-02


 Contracted 2-electron integrals neglected if value below      1.0D-11
 AO integral compression algorithm  1   Integral accuracy      1.0D-11

     646.447 MB (compressed) written to integral file ( 47.6%)


 NUMBER OF SORTED TWO-ELECTRON INTEGRALS:  144848710.     BUFFER LENGTH:  32768
 NUMBER OF SEGMENTS:  10  SEGMENT LENGTH:   15999503      RECORD LENGTH: 524288

 Memory used in sort:      16.56 MW

 SORT1 READ   169623812. AND WROTE   135453631. INTEGRALS IN    393 RECORDS. CPU TIME:     1.18 SEC, REAL TIME:     1.77 SEC
 SORT2 READ   135453631. AND WROTE   144848710. INTEGRALS IN   2466 RECORDS. CPU TIME:     1.28 SEC, REAL TIME:     1.69 SEC

 FILE SIZES:   FILE 1:   678.0 MBYTE,  FILE 4:  1648.4 MBYTE,   TOTAL:   2326.4 MBYTE

 OPERATOR DM      FOR CENTER  0  COORDINATES:    0.000000    0.000000    0.000000


 **********************************************************************************************************************************
 DATASETS  * FILE   NREC   LENGTH (MB)   RECORD NAMES
              1      20      568.26       500      610      700      701      900      950      970     1001      129      960   
                                          VAR    BASINP    GEOM     GEOM    SYMINP    ZMAT    AOBASIS   BASIS     P2S    ABASIS    
                                         1100     1400     1410     1200     1210     1080     1600     1650     1300     1700   
                                           S        T        V       H0       H01     AOSYM     SMH    MOLCAS    ERIS     OPER   

              2      11        3.11       700     1000      520     2100     8500      200     9001      701     1001     2101   
                                         GEOM     BASIS   MCVARS     RHF     CPHF    OPTIONS  DEN_MP2   GEOM     BASIS     RHF  
                                         9001(1)
                                        DEN_MP2    

 PROGRAMS   *        TOTAL       INT      CCSD    HF-SCF      CCSD    HF-SCF      CCSD    HF-SCF      CCSD    HF-SCF      CCSD
 CPU TIMES  *    328555.92     20.96    865.00     26.26    735.23     84.06    774.58    121.88    771.35     96.44    777.24
 REAL TIME  *     56696.72 SEC
 DISK USED  *         2.42 GB
 **********************************************************************************************************************************


 Program * Restricted Hartree-Fock

 Molecular orbitals read from record     2101.2  Type=RHF/CANONICAL (state 1.1)

 Initial occupancy:   9

 NELEC=   18   SYM=1   MS2= 0   THRE=1.0D-09   THRD=1.0D-07   THRG=1.0D-07  HFMA2=F  DIIS_START=2   DIIS_MAX=10   DIIS_INCORE=F

 Level shifts:    0.00 (CLOSED)    0.00 (OPEN)    0.30 (GAP_MIN)

 ITER           ETOT              DE          GRAD        DDIFF     DIIS  NEXP   TIME(IT)  TIME(TOT)  DIAG
   1     -114.79714276    -114.79714276     0.00D+00     0.51D-01     0     0       8.88      8.89    start
   2     -114.88122483      -0.08408207     0.76D-02     0.16D-01     1     0       9.47     18.36    diag
   3     -114.89478992      -0.01356509     0.29D-02     0.30D-02     2     0      19.91     38.27    diag
   4     -114.89700750      -0.00221758     0.97D-03     0.10D-02     3     0       9.54     47.81    diag
   5     -114.89716009      -0.00015260     0.19D-03     0.27D-03     4     0       9.67     57.48    diag
   6     -114.89717157      -0.00001147     0.58D-04     0.77D-04     5     0       9.24     66.72    diag
   7     -114.89717299      -0.00000142     0.24D-04     0.24D-04     6     0       8.61     75.33    diag
   8     -114.89717315      -0.00000017     0.63D-05     0.87D-05     7     0       9.78     85.11    fixocc
   9     -114.89717316      -0.00000001     0.13D-05     0.21D-05     8     0       8.52     93.63    diag
  10     -114.89717316      -0.00000000     0.29D-06     0.43D-06     9     0       9.80    103.43    diag/orth
  11     -114.89717316      -0.00000000     0.60D-07     0.86D-07     9     0       8.61    112.04    diag
  12     -114.89717316      -0.00000000     0.14D-07     0.14D-07     0     0       8.53    120.57    diag

 Final occupancy:   9

 !RHF STATE 1.1 Energy               -114.897173162801
  RHF One-electron energy            -226.716331113669
  RHF Two-electron energy              76.531714491755
  RHF Kinetic energy                  113.551058190754
  RHF Nuclear energy                   35.287443459113
  RHF Virial quotient                  -1.011854710942

 !RHF STATE 1.1 Dipole moment           0.01201830     0.55299071    -0.21969524
 Dipole moment /Debye                   0.03054746     1.40556219    -0.55840960

 Orbital energies:

           1.1          2.1          3.1          4.1          5.1          6.1          7.1          8.1          9.1         10.1
    -20.596748   -11.402244    -1.346790    -0.839026    -0.658832    -0.564421    -0.561427    -0.440400    -0.416564     0.024720

          11.1
      0.038277


 HOMO      9.1    -0.416564 =     -11.3353eV
 LUMO     10.1     0.024720 =       0.6727eV
 LUMO-HOMO         0.441284 =      12.0079eV

 Orbitals saved in record  2101.2


 **********************************************************************************************************************************
 DATASETS  * FILE   NREC   LENGTH (MB)   RECORD NAMES
              1      20      568.26       500      610      700      701      900      950      970     1001      129      960   
                                          VAR    BASINP    GEOM     GEOM    SYMINP    ZMAT    AOBASIS   BASIS     P2S    ABASIS    
                                         1100     1400     1410     1200     1210     1080     1600     1650     1300     1700   
                                           S        T        V       H0       H01     AOSYM     SMH    MOLCAS    ERIS     OPER   

              2      11        3.11       700     1000      520     2100     8500      200     9001      701     1001     2101   
                                         GEOM     BASIS   MCVARS     RHF     CPHF    OPTIONS  DEN_MP2   GEOM     BASIS     RHF  
                                         9001(1)
                                        DEN_MP2    

 PROGRAMS   *        TOTAL    HF-SCF       INT      CCSD    HF-SCF      CCSD    HF-SCF      CCSD    HF-SCF      CCSD    HF-SCF
 CPU TIMES  *    328676.52    120.60     20.96    865.00     26.26    735.23     84.06    774.58    121.88    771.35     96.44
 REAL TIME  *     56716.39 SEC
 DISK USED  *         2.42 GB
 **********************************************************************************************************************************


 PROGRAM * CCSD (Closed-shell coupled cluster)     Authors: C. Hampel, H.-J. Werner, 1991, M. Deegan, P.J. Knowles, 1992


 Convergence thresholds:  THRVAR = 1.00D-12  THRDEN = 1.00D-08

 Using ITF CCSD gradient implementation

 Number of core orbitals:           2 (   2 )
 Number of closed-shell orbitals:   7 (   7 )
 Number of external orbitals:     175 ( 175 )

 Molecular orbitals read from record     2101.2  Type=RHF/CANONICAL (state 1.1)

 Integral transformation finished. Total CPU:  15.91 sec, npass=  1  Memory used:  27.38 MW
  Reference energy                   -114.897173162801

  MP2 correlation energy               -0.461340853663
  MP2 total energy                   -115.358514016464

 ITER.      SQ.NORM     CORR.ENERGY   TOTAL ENERGY   ENERGY CHANGE        DEN1      VAR(S)    VAR(P)  DIIS     TIME
   1      1.16171606    -0.47898393  -115.37615709    -0.01764307    -0.00042273  3.43e-03  3.96e-03  1  1    20.22
   2      1.17907241    -0.48098674  -115.37815991    -0.00200282    -0.01440343  1.52e-04  8.85e-04  2  2    40.80
   3      1.18571756    -0.48181556  -115.37898872    -0.00082881    -0.00231701  1.83e-05  1.97e-04  3  3    60.57
   4      1.19092396    -0.48193501  -115.37910817    -0.00011945    -0.00238707  2.48e-06  3.17e-05  4  4    83.07
   5      1.19294891    -0.48192277  -115.37909593     0.00001224    -0.00073647  1.53e-07  3.69e-06  5  5   107.74
   6      1.19366429    -0.48190327  -115.37907643     0.00001950    -0.00024324  9.10e-09  2.91e-07  6  0   132.51
   7      1.19377178    -0.48189731  -115.37907047     0.00000596    -0.00003686  4.73e-09  4.25e-08  6  1   157.04
   8      1.19378815    -0.48189508  -115.37906824     0.00000223    -0.00000540  9.74e-11  6.87e-09  6  2   181.73
   9      1.19379245    -0.48189487  -115.37906803     0.00000021    -0.00000112  5.85e-11  9.71e-10  6  3   206.37
  10      1.19379538    -0.48189480  -115.37906796     0.00000007    -0.00000079  2.15e-12  8.02e-11  6  4   231.03
  11      1.19379547    -0.48189478  -115.37906794     0.00000002    -0.00000003  2.93e-13  1.11e-11  6  5   255.52
  12      1.19379521    -0.48189479  -115.37906795    -0.00000001     0.00000006  7.39e-14  1.61e-12  6  0   280.52
  13      1.19379493    -0.48189479  -115.37906795     0.00000000     0.00000007  6.66e-15  1.98e-13         304.87

 Norm of t1 vector:      0.07513215     S-energy:      0.00000000   T1 diagnostic:  0.01419864

 Time per iteration:                     23.45 sec

 RESULTS
 =======

  Reference energy                   -114.897173162801
  CCSD correlation energy              -0.481894789365
 !CCSD total energy                  -115.379067952165

 Starting CP-CCSD iterations.   Author: W. Gyorffy (2012)

 ITER.      NRM1           NRM2      VAR(S)+VAR(P)   DIIS    TIME
   1     0.00310021     0.44830792     1.85e-03      1  1   28.16
   2     0.00283989     0.44047299     1.23e-04      2  2   55.98
   3     0.00265081     0.43961245     1.60e-05      3  3   84.16
   4     0.00256506     0.43874869     3.02e-06      4  4  112.24
   5     0.00250586     0.43852110     3.70e-07      5  5  140.82
   6     0.00248258     0.43843598     4.33e-08      6  0  165.47
   7     0.00247498     0.43842940     5.00e-09      6  1  193.05
   8     0.00247260     0.43842897     7.33e-10      6  2  220.70
   9     0.00247185     0.43843015     1.06e-10      6  3  248.46
  10     0.00247172     0.43843095     1.61e-11      6  4  272.40
  11     0.00247170     0.43843122     2.18e-12      6  5  296.30
  12     0.00247170     0.43843131     3.05e-13            318.71


 Time per iteration:                     26.56 sec

 CPHF start vector      0.2 not found

 Starting Coupled-perturbed Hartree-Fock, convergence threshold= 1.0D-06

 ITER   MIC  DIIS      VAR         VARC       CPU
   1     0     1    0.11D-01    0.16D-02     9.08
   2     4     2    0.40D-03    0.88D-04    18.93
   3     4     3    0.89D-05    0.13D-05    30.99
   4     3     4    0.37D-06    0.76D-07    40.59

 CPHF convergence reached in  4 macroiterations and   11 microiterations.   Accuracy: 3.6517D-07

 CPHF solution written to record  8500.2

 Dipole moments (unrelaxed):            0.01334723     0.51754303    -0.20757446
 Orbital relaxation contribution:      -0.00035996     0.00511912    -0.00017840
 !CCSD STATE 1.1 Dipole moment          0.01298727     0.52266215    -0.20775286
 Dipole moment /Debye                   0.03301034     1.32847468    -0.52805510

 CPU-time for coupled-perturbed hartree-fock:         40.59 sec

 Number of N-1 electron functions:               7
 Number of N-2 electron functions:              28
 Number of singly external CSFs:              1225
 Number of doubly external CSFs:            750925
 Total number of CSFs:                      752151

 CCSD gradient info saved on record        55555.1




 **********************************************************************************************************************************
 DATASETS  * FILE   NREC   LENGTH (MB)   RECORD NAMES
              1      22      804.27       500      610      700      701      900      950      970     1001      129      960   
                                          VAR    BASINP    GEOM     GEOM    SYMINP    ZMAT    AOBASIS   BASIS     P2S    ABASIS    
                                         1100     1400     1410     1200     1210     1080     1600     1650     1300     1700   
                                           S        T        V       H0       H01     AOSYM     SMH    MOLCAS    ERIS     OPER   
                                         1380    55555   
                                         JKOP     CCSD   

              2      11        3.11       700     1000      520     2100     8500      200     9001      701     1001     2101   
                                         GEOM     BASIS   MCVARS     RHF     CPHF    OPTIONS  DEN_MP2   GEOM     BASIS     RHF  
                                         9001(1)
                                        DEN_MP2    

 PROGRAMS   *        TOTAL      CCSD    HF-SCF       INT      CCSD    HF-SCF      CCSD    HF-SCF      CCSD    HF-SCF      CCSD
 CPU TIMES  *    329576.11    899.58    120.60     20.96    865.00     26.26    735.23     84.06    774.58    121.88    771.35
 REAL TIME  *     56839.63 SEC
 DISK USED  *         2.42 GB
 **********************************************************************************************************************************

 Inactive variables:    AHH2

 Active variables:      RCO ROH ACOH RCH1 AOCH1 AHH1
                        RCH2 AOCH2 RCH3 AOCH3 AHH3

 Geometry written to block  1 of record 701

 XYZ inputs for each point on the optimization path will be saved in files ch3oh_maxima_mp2_xx.xyz

 Making model hessian for Z-matrix coordinates

 Entering Rational Function Geometry Optimization

 ITER.   ENERGY(OLD)    ENERGY(NEW)      DE          GRADMAX     GRADNORM    GRADRMS     STEPMAX     STEPLEN     STEPRMS   CPU-time
   1  -115.37906795  -115.42995491    -0.05088696  0.09647495  0.18539464  0.05589859  0.16881964  0.29383888  0.02671263   2474.39
   2  -115.42995491  -115.47734679    -0.04739188  0.09420531  0.17154163  0.05172175  0.17647996  0.30000000  0.02727273   3724.60
   3  -115.47734679  -115.51668612    -0.03933933  0.08424358  0.14983860  0.04517804  0.17560345  0.30000000  0.02727273   5038.50
   4  -115.51668612  -115.54174960    -0.02506348  0.06362165  0.11233446  0.03387011  0.17202853  0.30000000  0.02727273   6283.69
   5  -115.54174960  -115.54551020    -0.00376060  0.02940074  0.05097470  0.01536945  0.14066904  0.24276966  0.02206997   7558.00
   6  -115.54551020  -115.54636021    -0.00085002  0.01622205  0.02581377  0.00778314  0.04572758  0.07834240  0.00712204   8796.97
   7  -115.54636021  -115.54638071    -0.00002049  0.00231355  0.00370445  0.00111693  0.00621311  0.00976771  0.00088797  10058.42
   8  -115.54638071  -115.54638258    -0.00000187  0.00099402  0.00110755  0.00033394  0.00195798  0.00288357  0.00026214  11300.93
   9  -115.54638258  -115.54638294    -0.00000037  0.00043525  0.00047371  0.00014283  0.00124028  0.00148545  0.00013504  12470.40
  10  -115.54638294  -115.54638297    -0.00000002  0.00006283  0.00011331  0.00003416  0.00020123  0.00034907  0.00003173  13611.92

 END OF GEOMETRY OPTIMIZATION.

 Optimized variables
 RCO=                 1.42003108 ANGSTROM
 ROH=                 0.95769660 ANGSTROM
 ACOH=              108.36851858 DEGREE
 RCH1=                1.09328682 ANGSTROM
 AOCH1=             111.66176779 DEGREE
 AHH1=              -72.34027724 DEGREE
 RCH2=                1.09270280 ANGSTROM
 AOCH2=             111.93408528 DEGREE
 RCH3=                1.08779209 ANGSTROM
 AOCH3=             106.98309187 DEGREE
 AHH3=              168.91862465 DEGREE

 **********************************************************************************************************************************

 Geometry written to block  1 of record 701

 Recomputing wavefunction for reoriented structure

 Current geometry (xyz format, in Angstrom)


 Dump information in style XYZ to ch3oh_maxima_mp2.xyz                                                            

    6
 CCSD/AUG-CC-PVTZ  ENERGY=-115.54638297
 C         -0.0001190214        0.0128122752       -0.7280643490
 O         -0.0001902964       -0.0641525668        0.6898794733
 H         -0.0037296041        0.8270487494        1.0404938917
 H         -0.9694818660        0.3387245048       -1.1145782205
 H          0.7738371086        0.6885100891       -1.1001178127
 H          0.2038133096       -0.9886421941       -1.1006125789

 **********************************************************************************************************************************


 **********************************************************************************************************************************
 DATASETS  * FILE   NREC   LENGTH (MB)   RECORD NAMES
              1      22      857.96       500      610      700      701      900      950      970     1001      129      960   
                                          VAR    BASINP    GEOM     GEOM    SYMINP    ZMAT    AOBASIS   BASIS     P2S    ABASIS    
                                         1100     1400     1410     1200     1210     1080     1600     1650     1300     1700   
                                           S        T        V       H0       H01     AOSYM     SMH    MOLCAS    ERIS     OPER   
                                         1380    55555   
                                         JKOP     CCSD   

              2      11        3.11       700     1000      520     2100     8500      200     9001      701     1001     2101   
                                         GEOM     BASIS   MCVARS     RHF     CPHF    OPTIONS  DEN_MP2   GEOM     BASIS     RHF  
                                         9001(1)
                                        DEN_MP2    

 PROGRAMS   *        TOTAL      OPTG    HF-SCF      CCSD    HF-SCF      CCSD    HF-SCF      CCSD    HF-SCF      CCSD    HF-SCF
 CPU TIMES  *    343003.40    838.75     17.76    788.87     73.88    824.60     82.74    810.98    129.06    791.12    143.11
 REAL TIME  *     58907.91 SEC
 DISK USED  *         2.42 GB
 **********************************************************************************************************************************
 SETTING XXX            =    "MMM"
 SETTING TAU            =        48.85944913  DEGREE                          


 XXX       RCO          ROH          RCH1         RCH2         RCH3           ACOH           AOCH1          AOCH2          AOCH3          AHH1          AHH2           AHH3          TAU
 "MMM"   1.42003108   0.95769660   1.09328682   1.09270280   1.08779209   108.36851858   111.66176779   111.93408528   106.98309187   -72.34027724   50.00000000   168.91862465   48.85944913
                                                  

 DO I                   =       -67.50000000   
 SETTING RCO            =         1.50000000                                  
 SETTING ROH            =         1.00000000                                  
 SETTING RCH1           =         1.50000000                                  
 SETTING RCH2           =         1.50000001                                  
 SETTING RCH3           =         1.50000002                                  
 SETTING ACOH           =       110.00000000                                  
 SETTING AOCH1          =       115.00000000                                  
 SETTING AOCH2          =       115.00000001                                  
 SETTING AOCH3          =       115.00000002                                  
 SETTING AHH1           =       -67.50000000                                  
 SETTING AHH2           =        52.50000000                                  
 SETTING AHH3           =       172.50000000                                  


 PROGRAM * OPT (Geometry optimization)     Authors: F. Eckert and H.-J. Werner


 BFGS update of hessian

 Geometry optimization using procedure=RUNCCSD

 Running procedure: RUNCCSD


 Recomputing integrals since geometry changed


 PROGRAM * SEWARD (Integral evaluation for generally contracted gaussian basis sets)     Author: Roland Lindh, 1990

 Geometry written to block  1 of record 701

 Orientation using atomic masses  
 Molecule type: Asymmetric top
 Rotational constants:      19.1393770     19.7418884     79.0358267 GHz  (calculated with average atomic masses)

 Point group  C1  



 ATOMIC COORDINATES

 NR  ATOM    CHARGE       X              Y              Z

   1  C       6.00   -0.000000002    0.020571053   -1.412779028
   2  O       8.00    0.000000002   -0.132718374    1.417662317
   3  H       1.00   -0.000000011    1.605492809    2.159070916
   4  H1      1.00   -2.373456003    1.067033016   -2.555810013
   5  H2      1.00    2.038132863    1.646979875   -2.524401596
   6  H3      1.00    0.335323146   -2.457951020   -2.746714107

 Bond lengths in Bohr (Angstrom)

 1-2  2.834589187  2-3  1.889726125
     ( 1.500000000)     ( 1.000000000)

 Bond angles

  1-2-3  110.00000000

 NUCLEAR CHARGE:                   18
 NUMBER OF PRIMITIVE AOS:         242
 NUMBER OF SYMMETRY AOS:          216
 NUMBER OF CONTRACTIONS:          184   (  184A   )
 NUMBER OF INNER CORE ORBITALS:     0   (    0A   )
 NUMBER OF OUTER CORE ORBITALS:     2   (    2A   )
 NUMBER OF VALENCE ORBITALS:       12   (   12A   )


 NUCLEAR REPULSION ENERGY   35.28738110


 Eigenvalues of metric

         1 0.212E-03 0.315E-03 0.456E-03 0.497E-03 0.643E-03 0.693E-03 0.217E-02 0.247E-02


 Contracted 2-electron integrals neglected if value below      1.0D-11
 AO integral compression algorithm  1   Integral accuracy      1.0D-11

     646.971 MB (compressed) written to integral file ( 47.7%)


 NUMBER OF SORTED TWO-ELECTRON INTEGRALS:  144848710.     BUFFER LENGTH:  32768
 NUMBER OF SEGMENTS:  10  SEGMENT LENGTH:   15999503      RECORD LENGTH: 524288

 Memory used in sort:      16.56 MW

 SORT1 READ   169623812. AND WROTE   135864447. INTEGRALS IN    393 RECORDS. CPU TIME:     1.59 SEC, REAL TIME:     2.23 SEC
 SORT2 READ   135864447. AND WROTE   144848710. INTEGRALS IN   2468 RECORDS. CPU TIME:     1.36 SEC, REAL TIME:     1.78 SEC

 FILE SIZES:   FILE 1:   678.5 MBYTE,  FILE 4:  1648.4 MBYTE,   TOTAL:   2326.9 MBYTE

 OPERATOR DM      FOR CENTER  0  COORDINATES:    0.000000    0.000000    0.000000


 **********************************************************************************************************************************
 DATASETS  * FILE   NREC   LENGTH (MB)   RECORD NAMES
              1      20      568.46       500      610      700      701      900      950      970     1001      129      960   
                                          VAR    BASINP    GEOM     GEOM    SYMINP    ZMAT    AOBASIS   BASIS     P2S    ABASIS    
                                         1100     1400     1410     1200     1210     1080     1600     1650     1300     1700   
                                           S        T        V       H0       H01     AOSYM     SMH    MOLCAS    ERIS     OPER   

              2      11        3.11       700     1000      520     2100     8500      200     9001      701     1001     2101   
                                         GEOM     BASIS   MCVARS     RHF     CPHF    OPTIONS  DEN_MP2   GEOM     BASIS     RHF  
                                         9001(1)
                                        DEN_MP2    

 PROGRAMS   *        TOTAL       INT      CCSD    HF-SCF      CCSD    HF-SCF      CCSD    HF-SCF      CCSD    HF-SCF      CCSD
 CPU TIMES  *    343031.48     28.08    838.75     17.76    788.87     73.88    824.60     82.74    810.98    129.06    791.12
 REAL TIME  *     58918.72 SEC
 DISK USED  *         2.42 GB
 **********************************************************************************************************************************


 Program * Restricted Hartree-Fock

 Molecular orbitals read from record     2101.2  Type=RHF/CANONICAL (state 1.1)

 Initial occupancy:   9

 NELEC=   18   SYM=1   MS2= 0   THRE=1.0D-09   THRD=1.0D-07   THRG=1.0D-07  HFMA2=F  DIIS_START=2   DIIS_MAX=10   DIIS_INCORE=F

 Level shifts:    0.00 (CLOSED)    0.00 (OPEN)    0.30 (GAP_MIN)

 ITER           ETOT              DE          GRAD        DDIFF     DIIS  NEXP   TIME(IT)  TIME(TOT)  DIAG
   1     -114.79712750    -114.79712750     0.00D+00     0.51D-01     0     0      13.75     13.76    start
   2     -114.88123821      -0.08411071     0.76D-02     0.16D-01     1     0      10.95     24.71    diag
   3     -114.89481045      -0.01357224     0.29D-02     0.30D-02     2     0      26.47     51.18    diag
   4     -114.89703166      -0.00222120     0.97D-03     0.10D-02     3     0      13.66     64.84    diag
   5     -114.89718480      -0.00015314     0.19D-03     0.27D-03     4     0      19.28     84.12    diag
   6     -114.89719630      -0.00001150     0.58D-04     0.77D-04     5     0      12.78     96.90    diag
   7     -114.89719773      -0.00000143     0.24D-04     0.24D-04     6     0      14.66    111.56    diag
   8     -114.89719789      -0.00000017     0.63D-05     0.87D-05     7     0      13.90    125.46    fixocc
   9     -114.89719790      -0.00000001     0.13D-05     0.21D-05     8     0      13.14    138.60    diag
  10     -114.89719790      -0.00000000     0.29D-06     0.43D-06     9     0      12.36    150.96    diag/orth
  11     -114.89719790      -0.00000000     0.60D-07     0.86D-07     9     0      12.46    163.42    diag
  12     -114.89719790      -0.00000000     0.14D-07     0.14D-07     0     0      10.98    174.40    diag

 Final occupancy:   9

 !RHF STATE 1.1 Energy               -114.897197902699
  RHF One-electron energy            -226.716215095515
  RHF Two-electron energy              76.531636096345
  RHF Kinetic energy                  113.551001790342
  RHF Nuclear energy                   35.287381096471
  RHF Virial quotient                  -1.011855431402

 !RHF STATE 1.1 Dipole moment           0.00919709     0.55152718    -0.21990989
 Dipole moment /Debye                   0.02337668     1.40184228    -0.55895518

 Orbital energies:

           1.1          2.1          3.1          4.1          5.1          6.1          7.1          8.1          9.1         10.1
    -20.596758   -11.402241    -1.346792    -0.839030    -0.658801    -0.564445    -0.561433    -0.440401    -0.416570     0.024730

          11.1
      0.038276


 HOMO      9.1    -0.416570 =     -11.3354eV
 LUMO     10.1     0.024730 =       0.6729eV
 LUMO-HOMO         0.441300 =      12.0084eV

 Orbitals saved in record  2101.2


 **********************************************************************************************************************************
 DATASETS  * FILE   NREC   LENGTH (MB)   RECORD NAMES
              1      20      568.46       500      610      700      701      900      950      970     1001      129      960   
                                          VAR    BASINP    GEOM     GEOM    SYMINP    ZMAT    AOBASIS   BASIS     P2S    ABASIS    
                                         1100     1400     1410     1200     1210     1080     1600     1650     1300     1700   
                                           S        T        V       H0       H01     AOSYM     SMH    MOLCAS    ERIS     OPER   

              2      11        3.11       700     1000      520     2100     8500      200     9001      701     1001     2101   
                                         GEOM     BASIS   MCVARS     RHF     CPHF    OPTIONS  DEN_MP2   GEOM     BASIS     RHF  
                                         9001(1)
                                        DEN_MP2    

 PROGRAMS   *        TOTAL    HF-SCF       INT      CCSD    HF-SCF      CCSD    HF-SCF      CCSD    HF-SCF      CCSD    HF-SCF
 CPU TIMES  *    343205.92    174.43     28.08    838.75     17.76    788.87     73.88    824.60     82.74    810.98    129.06
 REAL TIME  *     58946.01 SEC
 DISK USED  *         2.42 GB
 **********************************************************************************************************************************


 PROGRAM * CCSD (Closed-shell coupled cluster)     Authors: C. Hampel, H.-J. Werner, 1991, M. Deegan, P.J. Knowles, 1992


 Convergence thresholds:  THRVAR = 1.00D-12  THRDEN = 1.00D-08

 Using ITF CCSD gradient implementation

 Number of core orbitals:           2 (   2 )
 Number of closed-shell orbitals:   7 (   7 )
 Number of external orbitals:     175 ( 175 )

 Molecular orbitals read from record     2101.2  Type=RHF/CANONICAL (state 1.1)

 Integral transformation finished. Total CPU:  19.75 sec, npass=  1  Memory used:  27.38 MW
  Reference energy                   -114.897197902699

  MP2 correlation energy               -0.461336204310
  MP2 total energy                   -115.358534107009

 ITER.      SQ.NORM     CORR.ENERGY   TOTAL ENERGY   ENERGY CHANGE        DEN1      VAR(S)    VAR(P)  DIIS     TIME
   1      1.16171293    -0.47897930  -115.37617721    -0.01764310    -0.00042306  3.43e-03  3.96e-03  1  1    26.19
   2      1.17906779    -0.48098187  -115.37817978    -0.00200257    -0.01440317  1.52e-04  8.85e-04  2  2    52.33
   3      1.18571157    -0.48181061  -115.37900851    -0.00082873    -0.00231680  1.83e-05  1.97e-04  3  3    80.66
   4      1.19091687    -0.48193005  -115.37912795    -0.00011944    -0.00238696  2.48e-06  3.17e-05  4  4   105.98
   5      1.19294146    -0.48191781  -115.37911572     0.00001223    -0.00073648  1.53e-07  3.69e-06  5  5   125.64
   6      1.19365660    -0.48189832  -115.37909622     0.00001949    -0.00024322  9.09e-09  2.91e-07  6  0   145.48
   7      1.19376401    -0.48189236  -115.37909026     0.00000596    -0.00003684  4.73e-09  4.24e-08  6  1   166.11
   8      1.19378033    -0.48189013  -115.37908803     0.00000223    -0.00000539  9.75e-11  6.87e-09  6  2   185.98
   9      1.19378461    -0.48188992  -115.37908782     0.00000021    -0.00000112  5.85e-11  9.74e-10  6  3   206.85
  10      1.19378755    -0.48188985  -115.37908775     0.00000007    -0.00000079  2.15e-12  8.03e-11  6  4   226.73
  11      1.19378764    -0.48188983  -115.37908773     0.00000002    -0.00000003  2.93e-13  1.11e-11  6  5   247.17
  12      1.19378738    -0.48188984  -115.37908774    -0.00000001     0.00000006  7.38e-14  1.60e-12  6  0   268.16
  13      1.19378710    -0.48188984  -115.37908774     0.00000000     0.00000007  6.68e-15  1.98e-13         292.79

 Norm of t1 vector:      0.07511147     S-energy:      0.00000000   T1 diagnostic:  0.01419473

 Time per iteration:                     22.52 sec

 RESULTS
 =======

  Reference energy                   -114.897197902699
  CCSD correlation energy              -0.481889839322
 !CCSD total energy                  -115.379087742021

 Starting CP-CCSD iterations.   Author: W. Gyorffy (2012)

 ITER.      NRM1           NRM2      VAR(S)+VAR(P)   DIIS    TIME
   1     0.00309812     0.44829520     1.85e-03      1  1   27.70
   2     0.00283799     0.44046166     1.23e-04      2  2   57.11
   3     0.00264910     0.43960142     1.60e-05      3  3   85.83
   4     0.00256350     0.43873802     3.02e-06      4  4  112.03
   5     0.00250441     0.43851067     3.69e-07      5  5  135.20
   6     0.00248121     0.43842568     4.31e-08      6  0  159.33
   7     0.00247364     0.43841916     4.95e-09      6  1  182.29
   8     0.00247128     0.43841877     7.21e-10      6  2  203.83
   9     0.00247054     0.43841996     1.04e-10      6  3  227.17
  10     0.00247041     0.43842077     1.58e-11      6  4  249.39
  11     0.00247039     0.43842105     2.11e-12      6  5  271.45
  12     0.00247039     0.43842114     2.89e-13            294.24


 Time per iteration:                     24.52 sec

 CPHF start vector      0.2 not found

 Starting Coupled-perturbed Hartree-Fock, convergence threshold= 1.0D-06

 ITER   MIC  DIIS      VAR         VARC       CPU
   1     0     1    0.11D-01    0.16D-02     9.75
   2     4     2    0.40D-03    0.88D-04    18.25
   3     4     3    0.89D-05    0.13D-05    26.80
   4     3     4    0.37D-06    0.76D-07    35.24

 CPHF convergence reached in  4 macroiterations and   11 microiterations.   Accuracy: 3.6527D-07

 CPHF solution written to record  8500.2

 Dipole moments (unrelaxed):            0.01021381     0.51594145    -0.20776310
 Orbital relaxation contribution:      -0.00027542     0.00515854    -0.00017731
 !CCSD STATE 1.1 Dipole moment          0.00993839     0.52109998    -0.20794041
 Dipole moment /Debye                   0.02526087     1.32450405    -0.52853181

 CPU-time for coupled-perturbed hartree-fock:         35.25 sec

 Number of N-1 electron functions:               7
 Number of N-2 electron functions:              28
 Number of singly external CSFs:              1225
 Number of doubly external CSFs:            750925
 Total number of CSFs:                      752151

 CCSD gradient info saved on record        55555.1




 **********************************************************************************************************************************
 DATASETS  * FILE   NREC   LENGTH (MB)   RECORD NAMES
              1      22      804.46       500      610      700      701      900      950      970     1001      129      960   
                                          VAR    BASINP    GEOM     GEOM    SYMINP    ZMAT    AOBASIS   BASIS     P2S    ABASIS    
                                         1100     1400     1410     1200     1210     1080     1600     1650     1300     1700   
                                           S        T        V       H0       H01     AOSYM     SMH    MOLCAS    ERIS     OPER   
                                         1380    55555   
                                         JKOP     CCSD   

              2      11        3.11       700     1000      520     2100     8500      200     9001      701     1001     2101   
                                         GEOM     BASIS   MCVARS     RHF     CPHF    OPTIONS  DEN_MP2   GEOM     BASIS     RHF  
                                         9001(1)
                                        DEN_MP2    

 PROGRAMS   *        TOTAL      CCSD    HF-SCF       INT      CCSD    HF-SCF      CCSD    HF-SCF      CCSD    HF-SCF      CCSD
 CPU TIMES  *    344052.67    846.74    174.43     28.08    838.75     17.76    788.87     73.88    824.60     82.74    810.98
 REAL TIME  *     59066.75 SEC
 DISK USED  *         2.42 GB
 **********************************************************************************************************************************

 Inactive variables:    AHH2

 Active variables:      RCO ROH ACOH RCH1 AOCH1 AHH1
                        RCH2 AOCH2 RCH3 AOCH3 AHH3

 Geometry written to block  1 of record 701

 XYZ inputs for each point on the optimization path will be saved in files ch3oh_maxima_mp2_xx.xyz

 Making model hessian for Z-matrix coordinates

 Entering Rational Function Geometry Optimization

 ITER.   ENERGY(OLD)    ENERGY(NEW)      DE          GRADMAX     GRADNORM    GRADRMS     STEPMAX     STEPLEN     STEPRMS   CPU-time
   1  -115.37908774  -115.42997088    -0.05088314  0.09652942  0.18543153  0.05590971  0.16886435  0.29375670  0.02670515   2310.90
   2  -115.42997088  -115.47737171    -0.04740082  0.09425665  0.17158180  0.05173386  0.17655736  0.30000000  0.02727273   3646.53
   3  -115.47737171  -115.51671721    -0.03934550  0.08428704  0.14987006  0.04518752  0.17566180  0.30000000  0.02727273   4900.88
   4  -115.51671721  -115.54178894    -0.02507173  0.06363694  0.11236304  0.03387873  0.17199479  0.30000000  0.02727273   6180.33
   5  -115.54178894  -115.54555769    -0.00376875  0.02942634  0.05101386  0.01538126  0.14083053  0.24311700  0.02210155   7510.72
   6  -115.54555769  -115.54640986    -0.00085217  0.01626965  0.02584600  0.00779286  0.04578936  0.07843262  0.00713024   8755.54
   7  -115.54640986  -115.54643046    -0.00002059  0.00231378  0.00371079  0.00111884  0.00621605  0.00979795  0.00089072   9995.98
   8  -115.54643046  -115.54643234    -0.00000188  0.00099931  0.00111321  0.00033564  0.00196717  0.00289715  0.00026338  11463.49
   9  -115.54643234  -115.54643271    -0.00000037  0.00043564  0.00047419  0.00014297  0.00123818  0.00148169  0.00013470  12702.60
  10  -115.54643271  -115.54643273    -0.00000002  0.00006354  0.00011392  0.00003435  0.00020348  0.00035236  0.00003203  13883.03

 END OF GEOMETRY OPTIMIZATION.

 Optimized variables
 RCO=                 1.41991278 ANGSTROM
 ROH=                 0.95776741 ANGSTROM
 ACOH=              108.35540278 DEGREE
 RCH1=                1.09325706 ANGSTROM
 AOCH1=             111.71555683 DEGREE
 AHH1=              -69.94133781 DEGREE
 RCH2=                1.09279344 ANGSTROM
 AOCH2=             111.92424637 DEGREE
 RCH3=                1.08777125 ANGSTROM
 AOCH3=             106.92487593 DEGREE
 AHH3=              171.34852516 DEGREE

 **********************************************************************************************************************************

 Geometry written to block  1 of record 701

 Recomputing wavefunction for reoriented structure

 Current geometry (xyz format, in Angstrom)


 Dump information in style XYZ to ch3oh_maxima_mp2.xyz                                                            

    6
 CCSD/AUG-CC-PVTZ  ENERGY=-115.54643273
 C         -0.0001113032        0.0128997910       -0.7280000870
 O         -0.0001257318       -0.0641125928        0.6898226818
 H         -0.0033256065        0.8272227219        1.0402931170
 H         -0.9553886924        0.3793313704       -1.1132065346
 H          0.8019880898        0.6540801933       -1.1017938137
 H          0.1600483272       -0.9966705308       -1.0999717867

 **********************************************************************************************************************************


 **********************************************************************************************************************************
 DATASETS  * FILE   NREC   LENGTH (MB)   RECORD NAMES
              1      22      856.22       500      610      700      701      900      950      970     1001      129      960   
                                          VAR    BASINP    GEOM     GEOM    SYMINP    ZMAT    AOBASIS   BASIS     P2S    ABASIS    
                                         1100     1400     1410     1200     1210     1080     1600     1650     1300     1700   
                                           S        T        V       H0       H01     AOSYM     SMH    MOLCAS    ERIS     OPER   
                                         1380    55555   
                                         JKOP     CCSD   

              2      11        3.11       700     1000      520     2100     8500      200     9001      701     1001     2101   
                                         GEOM     BASIS   MCVARS     RHF     CPHF    OPTIONS  DEN_MP2   GEOM     BASIS     RHF  
                                         9001(1)
                                        DEN_MP2    

 PROGRAMS   *        TOTAL      OPTG    HF-SCF      CCSD    HF-SCF      CCSD    HF-SCF      CCSD    HF-SCF      CCSD    HF-SCF
 CPU TIMES  *    357701.09    792.19     22.45    782.97     97.59    852.45     81.95   1075.72    114.13    873.66    111.92
 REAL TIME  *     61140.91 SEC
 DISK USED  *         2.42 GB
 **********************************************************************************************************************************
 SETTING XXX            =    "MMM"
 SETTING TAU            =        51.30239579  DEGREE                          


 XXX       RCO          ROH          RCH1         RCH2         RCH3           ACOH           AOCH1          AOCH2          AOCH3          AHH1          AHH2           AHH3          TAU
 "MMM"   1.41991278   0.95776741   1.09325706   1.09279344   1.08777125   108.35540278   111.71555683   111.92424637   106.92487593   -69.94133781   52.50000000   171.34852516   51.30239579
                                                  

 DO I                   =       -65.00000000   
 SETTING RCO            =         1.50000000                                  
 SETTING ROH            =         1.00000000                                  
 SETTING RCH1           =         1.50000000                                  
 SETTING RCH2           =         1.50000001                                  
 SETTING RCH3           =         1.50000002                                  
 SETTING ACOH           =       110.00000000                                  
 SETTING AOCH1          =       115.00000000                                  
 SETTING AOCH2          =       115.00000001                                  
 SETTING AOCH3          =       115.00000002                                  
 SETTING AHH1           =       -65.00000000                                  
 SETTING AHH2           =        55.00000000                                  
 SETTING AHH3           =       175.00000000                                  


 PROGRAM * OPT (Geometry optimization)     Authors: F. Eckert and H.-J. Werner


 BFGS update of hessian

 Geometry optimization using procedure=RUNCCSD

 Running procedure: RUNCCSD


 Recomputing integrals since geometry changed


 PROGRAM * SEWARD (Integral evaluation for generally contracted gaussian basis sets)     Author: Roland Lindh, 1990

 Geometry written to block  1 of record 701

 Orientation using atomic masses  
 Molecule type: Asymmetric top
 Rotational constants:      19.1393770     19.7418884     79.0358267 GHz  (calculated with average atomic masses)

 Point group  C1  



 ATOMIC COORDINATES

 NR  ATOM    CHARGE       X              Y              Z

   1  C       6.00   -0.000000002    0.020571053   -1.412779028
   2  O       8.00    0.000000002   -0.132718374    1.417662317
   3  H       1.00   -0.000000014    1.605492809    2.159070916
   4  H1      1.00   -2.328314012    1.169475874   -2.550261971
   5  H2      1.00    2.104409996    1.556721541   -2.529289756
   6  H3      1.00    0.223904021   -2.470135544   -2.747373989

 Bond lengths in Bohr (Angstrom)

 1-2  2.834589187  2-3  1.889726125
     ( 1.500000000)     ( 1.000000000)

 Bond angles

  1-2-3  110.00000000

 NUCLEAR CHARGE:                   18
 NUMBER OF PRIMITIVE AOS:         242
 NUMBER OF SYMMETRY AOS:          216
 NUMBER OF CONTRACTIONS:          184   (  184A   )
 NUMBER OF INNER CORE ORBITALS:     0   (    0A   )
 NUMBER OF OUTER CORE ORBITALS:     2   (    2A   )
 NUMBER OF VALENCE ORBITALS:       12   (   12A   )


 NUCLEAR REPULSION ENERGY   35.28733579


 Eigenvalues of metric

         1 0.211E-03 0.314E-03 0.456E-03 0.498E-03 0.643E-03 0.693E-03 0.218E-02 0.247E-02


 Contracted 2-electron integrals neglected if value below      1.0D-11
 AO integral compression algorithm  1   Integral accuracy      1.0D-11

     647.234 MB (compressed) written to integral file ( 47.7%)


 NUMBER OF SORTED TWO-ELECTRON INTEGRALS:  144848710.     BUFFER LENGTH:  32768
 NUMBER OF SEGMENTS:  10  SEGMENT LENGTH:   15999503      RECORD LENGTH: 524288

 Memory used in sort:      16.56 MW

 SORT1 READ   169623812. AND WROTE   136144918. INTEGRALS IN    395 RECORDS. CPU TIME:     1.21 SEC, REAL TIME:     1.75 SEC
 SORT2 READ   136144918. AND WROTE   144848710. INTEGRALS IN   2469 RECORDS. CPU TIME:     1.28 SEC, REAL TIME:     1.71 SEC

 FILE SIZES:   FILE 1:   678.8 MBYTE,  FILE 4:  1656.8 MBYTE,   TOTAL:   2335.6 MBYTE

 OPERATOR DM      FOR CENTER  0  COORDINATES:    0.000000    0.000000    0.000000


 **********************************************************************************************************************************
 DATASETS  * FILE   NREC   LENGTH (MB)   RECORD NAMES
              1      20      568.21       500      610      700      701      900      950      970     1001      129      960   
                                          VAR    BASINP    GEOM     GEOM    SYMINP    ZMAT    AOBASIS   BASIS     P2S    ABASIS    
                                         1100     1400     1410     1200     1210     1080     1600     1650     1300     1700   
                                           S        T        V       H0       H01     AOSYM     SMH    MOLCAS    ERIS     OPER   

              2      11        3.11       700     1000      520     2100     8500      200     9001      701     1001     2101   
                                         GEOM     BASIS   MCVARS     RHF     CPHF    OPTIONS  DEN_MP2   GEOM     BASIS     RHF  
                                         9001(1)
                                        DEN_MP2    

 PROGRAMS   *        TOTAL       INT      CCSD    HF-SCF      CCSD    HF-SCF      CCSD    HF-SCF      CCSD    HF-SCF      CCSD
 CPU TIMES  *    357722.15     21.04    792.19     22.45    782.97     97.59    852.45     81.95   1075.72    114.13    873.66
 REAL TIME  *     61149.54 SEC
 DISK USED  *         2.42 GB
 **********************************************************************************************************************************


 Program * Restricted Hartree-Fock

 Molecular orbitals read from record     2101.2  Type=RHF/CANONICAL (state 1.1)

 Initial occupancy:   9

 NELEC=   18   SYM=1   MS2= 0   THRE=1.0D-09   THRD=1.0D-07   THRG=1.0D-07  HFMA2=F  DIIS_START=2   DIIS_MAX=10   DIIS_INCORE=F

 Level shifts:    0.00 (CLOSED)    0.00 (OPEN)    0.30 (GAP_MIN)

 ITER           ETOT              DE          GRAD        DDIFF     DIIS  NEXP   TIME(IT)  TIME(TOT)  DIAG
   1     -114.79710906    -114.79710906     0.00D+00     0.51D-01     0     0       8.72      8.73    start
   2     -114.88124538      -0.08413632     0.76D-02     0.16D-01     1     0       9.91     18.64    diag
   3     -114.89482496      -0.01357958     0.29D-02     0.30D-02     2     0       8.52     27.16    diag
   4     -114.89704913      -0.00222417     0.97D-03     0.10D-02     3     0       9.91     37.07    diag
   5     -114.89720273      -0.00015361     0.19D-03     0.27D-03     4     0       9.62     46.69    diag
   6     -114.89721426      -0.00001153     0.58D-04     0.77D-04     5     0      11.58     58.27    diag
   7     -114.89721569      -0.00000143     0.25D-04     0.24D-04     6     0      10.96     69.23    diag
   8     -114.89721586      -0.00000016     0.62D-05     0.87D-05     7     0      11.02     80.25    fixocc
   9     -114.89721587      -0.00000001     0.13D-05     0.21D-05     8     0       9.95     90.20    diag
  10     -114.89721587      -0.00000000     0.29D-06     0.43D-06     9     0       8.54     98.74    diag/orth
  11     -114.89721587      -0.00000000     0.60D-07     0.85D-07     9     0      10.86    109.60    diag
  12     -114.89721587      -0.00000000     0.14D-07     0.14D-07     0     0       9.57    119.17    diag

 Final occupancy:   9

 !RHF STATE 1.1 Energy               -114.897215868595
  RHF One-electron energy            -226.716130855023
  RHF Two-electron energy              76.531579192106
  RHF Kinetic energy                  113.550960938677
  RHF Nuclear energy                   35.287335794323
  RHF Virial quotient                  -1.011855953651

 !RHF STATE 1.1 Dipole moment           0.00621959     0.55046386    -0.22006580
 Dipole moment /Debye                   0.01580863     1.39913956    -0.55935148

 Orbital energies:

           1.1          2.1          3.1          4.1          5.1          6.1          7.1          8.1          9.1         10.1
    -20.596765   -11.402239    -1.346794    -0.839033    -0.658779    -0.564462    -0.561438    -0.440402    -0.416574     0.024737

          11.1
      0.038275


 HOMO      9.1    -0.416574 =     -11.3356eV
 LUMO     10.1     0.024737 =       0.6731eV
 LUMO-HOMO         0.441312 =      12.0087eV

 Orbitals saved in record  2101.2


 **********************************************************************************************************************************
 DATASETS  * FILE   NREC   LENGTH (MB)   RECORD NAMES
              1      20      568.21       500      610      700      701      900      950      970     1001      129      960   
                                          VAR    BASINP    GEOM     GEOM    SYMINP    ZMAT    AOBASIS   BASIS     P2S    ABASIS    
                                         1100     1400     1410     1200     1210     1080     1600     1650     1300     1700   
                                           S        T        V       H0       H01     AOSYM     SMH    MOLCAS    ERIS     OPER   

              2      11        3.11       700     1000      520     2100     8500      200     9001      701     1001     2101   
                                         GEOM     BASIS   MCVARS     RHF     CPHF    OPTIONS  DEN_MP2   GEOM     BASIS     RHF  
                                         9001(1)
                                        DEN_MP2    

 PROGRAMS   *        TOTAL    HF-SCF       INT      CCSD    HF-SCF      CCSD    HF-SCF      CCSD    HF-SCF      CCSD    HF-SCF
 CPU TIMES  *    357841.35    119.20     21.04    792.19     22.45    782.97     97.59    852.45     81.95   1075.72    114.13
 REAL TIME  *     61168.36 SEC
 DISK USED  *         2.42 GB
 **********************************************************************************************************************************


 PROGRAM * CCSD (Closed-shell coupled cluster)     Authors: C. Hampel, H.-J. Werner, 1991, M. Deegan, P.J. Knowles, 1992


 Convergence thresholds:  THRVAR = 1.00D-12  THRDEN = 1.00D-08

 Using ITF CCSD gradient implementation

 Number of core orbitals:           2 (   2 )
 Number of closed-shell orbitals:   7 (   7 )
 Number of external orbitals:     175 ( 175 )

 Molecular orbitals read from record     2101.2  Type=RHF/CANONICAL (state 1.1)

 Integral transformation finished. Total CPU:  15.61 sec, npass=  1  Memory used:  27.38 MW
  Reference energy                   -114.897215868595

  MP2 correlation energy               -0.461332834847
  MP2 total energy                   -115.358548703442

 ITER.      SQ.NORM     CORR.ENERGY   TOTAL ENERGY   ENERGY CHANGE        DEN1      VAR(S)    VAR(P)  DIIS     TIME
   1      1.16171065    -0.47897596  -115.37619183    -0.01764312    -0.00042330  3.43e-03  3.96e-03  1  1    22.54
   2      1.17906444    -0.48097834  -115.37819421    -0.00200239    -0.01440298  1.52e-04  8.85e-04  2  2    43.15
   3      1.18570722    -0.48180702  -115.37902289    -0.00082867    -0.00231665  1.83e-05  1.97e-04  3  3    65.76
   4      1.19091173    -0.48192645  -115.37914232    -0.00011944    -0.00238688  2.48e-06  3.17e-05  4  4    90.69
   5      1.19293605    -0.48191422  -115.37913009     0.00001223    -0.00073648  1.53e-07  3.69e-06  5  5   114.58
   6      1.19365102    -0.48189473  -115.37911060     0.00001949    -0.00024320  9.09e-09  2.91e-07  6  0   139.99
   7      1.19375836    -0.48188877  -115.37910464     0.00000596    -0.00003682  4.73e-09  4.24e-08  6  1   164.77
   8      1.19377465    -0.48188654  -115.37910241     0.00000222    -0.00000538  9.76e-11  6.87e-09  6  2   184.82
   9      1.19377892    -0.48188633  -115.37910220     0.00000021    -0.00000111  5.85e-11  9.76e-10  6  3   205.75
  10      1.19378186    -0.48188626  -115.37910213     0.00000007    -0.00000079  2.15e-12  8.03e-11  6  4   225.80
  11      1.19378195    -0.48188624  -115.37910211     0.00000002    -0.00000003  2.93e-13  1.11e-11  6  5   248.51
  12      1.19378169    -0.48188625  -115.37910212    -0.00000001     0.00000006  7.38e-14  1.60e-12  6  0   273.20
  13      1.19378142    -0.48188625  -115.37910212     0.00000000     0.00000007  6.70e-15  1.98e-13         295.88

 Norm of t1 vector:      0.07509644     S-energy:      0.00000000   T1 diagnostic:  0.01419189

 Time per iteration:                     22.76 sec

 RESULTS
 =======

  Reference energy                   -114.897215868595
  CCSD correlation energy              -0.481886251950
 !CCSD total energy                  -115.379102120545

 Starting CP-CCSD iterations.   Author: W. Gyorffy (2012)

 ITER.      NRM1           NRM2      VAR(S)+VAR(P)   DIIS    TIME
   1     0.00309661     0.44828595     1.85e-03      1  1   21.78
   2     0.00283660     0.44045342     1.22e-04      2  2   44.04
   3     0.00264786     0.43959340     1.60e-05      3  3   70.52
   4     0.00256236     0.43873027     3.01e-06      4  4  100.13
   5     0.00250336     0.43850308     3.69e-07      5  5  129.72
   6     0.00248021     0.43841819     4.29e-08      6  0  159.81
   7     0.00247267     0.43841172     4.91e-09      6  1  189.80
   8     0.00247033     0.43841135     7.13e-10      6  2  219.73
   9     0.00246958     0.43841255     1.03e-10      6  3  249.92
  10     0.00246946     0.43841337     1.55e-11      6  4  278.89
  11     0.00246944     0.43841365     2.06e-12      6  5  308.61
  12     0.00246944     0.43841375     2.76e-13            342.12


 Time per iteration:                     28.51 sec

 CPHF start vector      0.2 not found

 Starting Coupled-perturbed Hartree-Fock, convergence threshold= 1.0D-06

 ITER   MIC  DIIS      VAR         VARC       CPU
   1     0     1    0.11D-01    0.16D-02    13.25
   2     4     2    0.40D-03    0.88D-04    26.35
   3     4     3    0.89D-05    0.13D-05    42.58
   4     3     4    0.37D-06    0.76D-07    56.88

 CPHF convergence reached in  4 macroiterations and   11 microiterations.   Accuracy: 3.6535D-07

 CPHF solution written to record  8500.2

 Dipole moments (unrelaxed):            0.00690703     0.51477786    -0.20790017
 Orbital relaxation contribution:      -0.00018623     0.00518717    -0.00017651
 !CCSD STATE 1.1 Dipole moment          0.00672080     0.51996503    -0.20807668
 Dipole moment /Debye                   0.01708257     1.32161928    -0.52887817

 CPU-time for coupled-perturbed hartree-fock:         56.89 sec

 Number of N-1 electron functions:               7
 Number of N-2 electron functions:              28
 Number of singly external CSFs:              1225
 Number of doubly external CSFs:            750925
 Total number of CSFs:                      752151

 CCSD gradient info saved on record        55555.1




 **********************************************************************************************************************************
 DATASETS  * FILE   NREC   LENGTH (MB)   RECORD NAMES
              1      22      804.22       500      610      700      701      900      950      970     1001      129      960   
                                          VAR    BASINP    GEOM     GEOM    SYMINP    ZMAT    AOBASIS   BASIS     P2S    ABASIS    
                                         1100     1400     1410     1200     1210     1080     1600     1650     1300     1700   
                                           S        T        V       H0       H01     AOSYM     SMH    MOLCAS    ERIS     OPER   
                                         1380    55555   
                                         JKOP     CCSD   

              2      11        3.11       700     1000      520     2100     8500      200     9001      701     1001     2101   
                                         GEOM     BASIS   MCVARS     RHF     CPHF    OPTIONS  DEN_MP2   GEOM     BASIS     RHF  
                                         9001(1)
                                        DEN_MP2    

 PROGRAMS   *        TOTAL      CCSD    HF-SCF       INT      CCSD    HF-SCF      CCSD    HF-SCF      CCSD    HF-SCF      CCSD
 CPU TIMES  *    358804.89    963.53    119.20     21.04    792.19     22.45    782.97     97.59    852.45     81.95   1075.72
 REAL TIME  *     61302.74 SEC
 DISK USED  *         2.42 GB
 **********************************************************************************************************************************

 Inactive variables:    AHH2

 Active variables:      RCO ROH ACOH RCH1 AOCH1 AHH1
                        RCH2 AOCH2 RCH3 AOCH3 AHH3

 Geometry written to block  1 of record 701

 XYZ inputs for each point on the optimization path will be saved in files ch3oh_maxima_mp2_xx.xyz

 Making model hessian for Z-matrix coordinates

 Entering Rational Function Geometry Optimization

 ITER.   ENERGY(OLD)    ENERGY(NEW)      DE          GRADMAX     GRADNORM    GRADRMS     STEPMAX     STEPLEN     STEPRMS   CPU-time
   1  -115.37910212  -115.42998292    -0.05088080  0.09656862  0.18545847  0.05591783  0.16889747  0.29369776  0.02669980   2350.77
   2  -115.42998292  -115.47739065    -0.04740773  0.09429288  0.17161151  0.05174282  0.17661155  0.30000000  0.02727273   3648.33
   3  -115.47739065  -115.51674089    -0.03935024  0.08431751  0.14989328  0.04519453  0.17570047  0.30000000  0.02727273   4898.74
   4  -115.51674089  -115.54181901    -0.02507812  0.06364636  0.11238479  0.03388529  0.17196299  0.30000000  0.02727273   6178.30
   5  -115.54181901  -115.54559432    -0.00377531  0.02944323  0.05104372  0.01539026  0.14093869  0.24339351  0.02212668   7370.14
   6  -115.54559432  -115.54644809    -0.00085377  0.01630384  0.02586870  0.00779971  0.04583174  0.07849642  0.00713604   8799.13
   7  -115.54644809  -115.54646874    -0.00002066  0.00231110  0.00371467  0.00112001  0.00621152  0.00982204  0.00089291   9997.09
   8  -115.54646874  -115.54647064    -0.00000189  0.00100327  0.00111720  0.00033685  0.00197337  0.00290513  0.00026410  11194.58
   9  -115.54647064  -115.54647100    -0.00000037  0.00043569  0.00047427  0.00014300  0.00123579  0.00147764  0.00013433  12387.28
  10  -115.54647100  -115.54647102    -0.00000002  0.00006409  0.00011436  0.00003448  0.00020529  0.00035517  0.00003229  13601.03

 END OF GEOMETRY OPTIMIZATION.

 Optimized variables
 RCO=                 1.41982035 ANGSTROM
 ROH=                 0.95782267 ANGSTROM
 ACOH=              108.34583635 DEGREE
 RCH1=                1.09321243 ANGSTROM
 AOCH1=             111.76464734 DEGREE
 AHH1=              -67.53738262 DEGREE
 RCH2=                1.09287596 ANGSTROM
 AOCH2=             111.91247845 DEGREE
 RCH3=                1.08776400 ANGSTROM
 AOCH3=             106.87661643 DEGREE
 AHH3=              173.78089352 DEGREE

 **********************************************************************************************************************************

 Geometry written to block  1 of record 701

 Recomputing wavefunction for reoriented structure

 Current geometry (xyz format, in Angstrom)


 Dump information in style XYZ to ch3oh_maxima_mp2.xyz                                                            

    6
 CCSD/AUG-CC-PVTZ  ENERGY=-115.54647102
 C         -0.0000937949        0.0129900265       -0.7279494159
 O         -0.0000728851       -0.0640822071        0.6897775323
 H         -0.0026819626        0.8273488752        1.0401603099
 H         -0.9394631149        0.4196462856       -1.1117845171
 H          0.8287805177        0.6182155581       -1.1035120601
 H          0.1156391868       -1.0028045681       -1.0994298931

 **********************************************************************************************************************************


 **********************************************************************************************************************************
 DATASETS  * FILE   NREC   LENGTH (MB)   RECORD NAMES
              1      22      856.20       500      610      700      701      900      950      970     1001      129      960   
                                          VAR    BASINP    GEOM     GEOM    SYMINP    ZMAT    AOBASIS   BASIS     P2S    ABASIS    
                                         1100     1400     1410     1200     1210     1080     1600     1650     1300     1700   
                                           S        T        V       H0       H01     AOSYM     SMH    MOLCAS    ERIS     OPER   
                                         1380    55555   
                                         JKOP     CCSD   

              2      11        3.11       700     1000      520     2100     8500      200     9001      701     1001     2101   
                                         GEOM     BASIS   MCVARS     RHF     CPHF    OPTIONS  DEN_MP2   GEOM     BASIS     RHF  
                                         9001(1)
                                        DEN_MP2    

 PROGRAMS   *        TOTAL      OPTG    HF-SCF      CCSD    HF-SCF      CCSD    HF-SCF      CCSD    HF-SCF      CCSD    HF-SCF
 CPU TIMES  *    372097.73    770.98     24.60    863.78     79.24    812.05     83.21    840.41    102.67    814.38    123.14
 REAL TIME  *     63326.14 SEC
 DISK USED  *         2.42 GB
 **********************************************************************************************************************************
 SETTING XXX            =    "MMM"
 SETTING TAU            =        53.74783697  DEGREE                          


 XXX       RCO          ROH          RCH1         RCH2         RCH3           ACOH           AOCH1          AOCH2          AOCH3          AHH1          AHH2           AHH3          TAU
 "MMM"   1.41982035   0.95782267   1.09321243   1.09287596   1.08776400   108.34583635   111.76464734   111.91247845   106.87661643   -67.53738262   55.00000000   173.78089352   53.74783697
                                                  

 DO I                   =       -62.50000000   
 SETTING RCO            =         1.50000000                                  
 SETTING ROH            =         1.00000000                                  
 SETTING RCH1           =         1.50000000                                  
 SETTING RCH2           =         1.50000001                                  
 SETTING RCH3           =         1.50000002                                  
 SETTING ACOH           =       110.00000000                                  
 SETTING AOCH1          =       115.00000000                                  
 SETTING AOCH2          =       115.00000001                                  
 SETTING AOCH3          =       115.00000002                                  
 SETTING AHH1           =       -62.50000000                                  
 SETTING AHH2           =        57.50000000                                  
 SETTING AHH3           =       177.50000000                                  


 PROGRAM * OPT (Geometry optimization)     Authors: F. Eckert and H.-J. Werner


 BFGS update of hessian

 Geometry optimization using procedure=RUNCCSD

 Running procedure: RUNCCSD


 Recomputing integrals since geometry changed


 PROGRAM * SEWARD (Integral evaluation for generally contracted gaussian basis sets)     Author: Roland Lindh, 1990

 Geometry written to block  1 of record 701

 Orientation using atomic masses  
 Molecule type: Asymmetric top
 Rotational constants:      19.1393770     19.7418884     79.0358267 GHz  (calculated with average atomic masses)

 Point group  C1  



 ATOMIC COORDINATES

 NR  ATOM    CHARGE       X              Y              Z

   1  C       6.00   -0.000000002    0.020571053   -1.412779028
   2  O       8.00    0.000000002   -0.132718374    1.417662317
   3  H       1.00   -0.000000018    1.605492809    2.159070916
   4  H1      1.00   -2.278739943    1.269855044   -2.544825693
   5  H2      1.00    2.166681266    1.463662375   -2.534329601
   6  H3      1.00    0.112058682   -2.477455548   -2.747770422

 Bond lengths in Bohr (Angstrom)

 1-2  2.834589187  2-3  1.889726125
     ( 1.500000000)     ( 1.000000000)

 Bond angles

  1-2-3  110.00000000

 NUCLEAR CHARGE:                   18
 NUMBER OF PRIMITIVE AOS:         242
 NUMBER OF SYMMETRY AOS:          216
 NUMBER OF CONTRACTIONS:          184   (  184A   )
 NUMBER OF INNER CORE ORBITALS:     0   (    0A   )
 NUMBER OF OUTER CORE ORBITALS:     2   (    2A   )
 NUMBER OF VALENCE ORBITALS:       12   (   12A   )


 NUCLEAR REPULSION ENERGY   35.28730831


 Eigenvalues of metric

         1 0.211E-03 0.314E-03 0.457E-03 0.498E-03 0.644E-03 0.692E-03 0.218E-02 0.247E-02


 Contracted 2-electron integrals neglected if value below      1.0D-11
 AO integral compression algorithm  1   Integral accuracy      1.0D-11

     646.447 MB (compressed) written to integral file ( 47.6%)


 NUMBER OF SORTED TWO-ELECTRON INTEGRALS:  144848710.     BUFFER LENGTH:  32768
 NUMBER OF SEGMENTS:  10  SEGMENT LENGTH:   15999503      RECORD LENGTH: 524288

 Memory used in sort:      16.56 MW

 SORT1 READ   169623812. AND WROTE   136331144. INTEGRALS IN    394 RECORDS. CPU TIME:     1.19 SEC, REAL TIME:     1.81 SEC
 SORT2 READ   136331144. AND WROTE   144848710. INTEGRALS IN   2466 RECORDS. CPU TIME:     1.27 SEC, REAL TIME:     1.71 SEC

 FILE SIZES:   FILE 1:   678.0 MBYTE,  FILE 4:  1652.6 MBYTE,   TOTAL:   2330.6 MBYTE

 OPERATOR DM      FOR CENTER  0  COORDINATES:    0.000000    0.000000    0.000000


 **********************************************************************************************************************************
 DATASETS  * FILE   NREC   LENGTH (MB)   RECORD NAMES
              1      20      567.34       500      610      700      701      900      950      970     1001      129      960   
                                          VAR    BASINP    GEOM     GEOM    SYMINP    ZMAT    AOBASIS   BASIS     P2S    ABASIS    
                                         1100     1400     1410     1200     1210     1080     1600     1650     1300     1700   
                                           S        T        V       H0       H01     AOSYM     SMH    MOLCAS    ERIS     OPER   

              2      11        3.11       700     1000      520     2100     8500      200     9001      701     1001     2101   
                                         GEOM     BASIS   MCVARS     RHF     CPHF    OPTIONS  DEN_MP2   GEOM     BASIS     RHF  
                                         9001(1)
                                        DEN_MP2    

 PROGRAMS   *        TOTAL       INT      CCSD    HF-SCF      CCSD    HF-SCF      CCSD    HF-SCF      CCSD    HF-SCF      CCSD
 CPU TIMES  *    372119.50     21.77    770.98     24.60    863.78     79.24    812.05     83.21    840.41    102.67    814.38
 REAL TIME  *     63334.94 SEC
 DISK USED  *         2.42 GB
 **********************************************************************************************************************************


 Program * Restricted Hartree-Fock

 Molecular orbitals read from record     2101.2  Type=RHF/CANONICAL (state 1.1)

 Initial occupancy:   9

 NELEC=   18   SYM=1   MS2= 0   THRE=1.0D-09   THRD=1.0D-07   THRG=1.0D-07  HFMA2=F  DIIS_START=2   DIIS_MAX=10   DIIS_INCORE=F

 Level shifts:    0.00 (CLOSED)    0.00 (OPEN)    0.30 (GAP_MIN)

 ITER           ETOT              DE          GRAD        DDIFF     DIIS  NEXP   TIME(IT)  TIME(TOT)  DIAG
   1     -114.79708963    -114.79708963     0.00D+00     0.51D-01     0     0      15.81     15.82    start
   2     -114.88124649      -0.08415686     0.76D-02     0.16D-01     1     0      10.30     26.12    diag
   3     -114.89483329      -0.01358681     0.29D-02     0.30D-02     2     0       9.76     35.88    diag
   4     -114.89705964      -0.00222634     0.97D-03     0.10D-02     3     0       9.33     45.21    diag
   5     -114.89721361      -0.00015397     0.19D-03     0.27D-03     4     0       9.82     55.03    diag
   6     -114.89722515      -0.00001155     0.58D-04     0.77D-04     5     0       8.53     63.56    diag
   7     -114.89722659      -0.00000144     0.25D-04     0.24D-04     6     0       9.83     73.39    diag
   8     -114.89722676      -0.00000016     0.62D-05     0.87D-05     7     0       8.52     81.91    fixocc
   9     -114.89722677      -0.00000001     0.13D-05     0.21D-05     8     0       9.79     91.70    diag
  10     -114.89722677      -0.00000000     0.29D-06     0.43D-06     9     0       8.51    100.21    diag/orth
  11     -114.89722677      -0.00000000     0.60D-07     0.85D-07     9     0       9.82    110.03    diag
  12     -114.89722677      -0.00000000     0.14D-07     0.14D-07     0     0       8.52    118.55    diag

 Final occupancy:   9

 !RHF STATE 1.1 Energy               -114.897226766894
  RHF One-electron energy            -226.716079758023
  RHF Two-electron energy              76.531544683387
  RHF Kinetic energy                  113.550936197639
  RHF Nuclear energy                   35.287308307742
  RHF Virial quotient                  -1.011856270096

 !RHF STATE 1.1 Dipole moment           0.00313643     0.54981862    -0.22016040
 Dipole moment /Debye                   0.00797200     1.39749953    -0.55959192

 Orbital energies:

           1.1          2.1          3.1          4.1          5.1          6.1          7.1          8.1          9.1         10.1
    -20.596770   -11.402238    -1.346795    -0.839034    -0.658766    -0.564472    -0.561441    -0.440402    -0.416577     0.024742

          11.1
      0.038274


 HOMO      9.1    -0.416577 =     -11.3356eV
 LUMO     10.1     0.024742 =       0.6733eV
 LUMO-HOMO         0.441319 =      12.0089eV

 Orbitals saved in record  2101.2


 **********************************************************************************************************************************
 DATASETS  * FILE   NREC   LENGTH (MB)   RECORD NAMES
              1      20      567.34       500      610      700      701      900      950      970     1001      129      960   
                                          VAR    BASINP    GEOM     GEOM    SYMINP    ZMAT    AOBASIS   BASIS     P2S    ABASIS    
                                         1100     1400     1410     1200     1210     1080     1600     1650     1300     1700   
                                           S        T        V       H0       H01     AOSYM     SMH    MOLCAS    ERIS     OPER   

              2      11        3.11       700     1000      520     2100     8500      200     9001      701     1001     2101   
                                         GEOM     BASIS   MCVARS     RHF     CPHF    OPTIONS  DEN_MP2   GEOM     BASIS     RHF  
                                         9001(1)
                                        DEN_MP2    

 PROGRAMS   *        TOTAL    HF-SCF       INT      CCSD    HF-SCF      CCSD    HF-SCF      CCSD    HF-SCF      CCSD    HF-SCF
 CPU TIMES  *    372238.09    118.57     21.77    770.98     24.60    863.78     79.24    812.05     83.21    840.41    102.67
 REAL TIME  *     63353.69 SEC
 DISK USED  *         2.42 GB
 **********************************************************************************************************************************


 PROGRAM * CCSD (Closed-shell coupled cluster)     Authors: C. Hampel, H.-J. Werner, 1991, M. Deegan, P.J. Knowles, 1992


 Convergence thresholds:  THRVAR = 1.00D-12  THRDEN = 1.00D-08

 Using ITF CCSD gradient implementation

 Number of core orbitals:           2 (   2 )
 Number of closed-shell orbitals:   7 (   7 )
 Number of external orbitals:     175 ( 175 )

 Molecular orbitals read from record     2101.2  Type=RHF/CANONICAL (state 1.1)

 Integral transformation finished. Total CPU:  15.91 sec, npass=  1  Memory used:  27.38 MW
  Reference energy                   -114.897226766894

  MP2 correlation energy               -0.461330793680
  MP2 total energy                   -115.358557560574

 ITER.      SQ.NORM     CORR.ENERGY   TOTAL ENERGY   ENERGY CHANGE        DEN1      VAR(S)    VAR(P)  DIIS     TIME
   1      1.16170927    -0.47897393  -115.37620070    -0.01764313    -0.00042344  3.43e-03  3.96e-03  1  1    22.88
   2      1.17906240    -0.48097621  -115.37820297    -0.00200228    -0.01440286  1.52e-04  8.85e-04  2  2    43.63
   3      1.18570458    -0.48180484  -115.37903161    -0.00082864    -0.00231656  1.83e-05  1.97e-04  3  3    68.76
   4      1.19090862    -0.48192427  -115.37915104    -0.00011943    -0.00238683  2.48e-06  3.17e-05  4  4    93.89
   5      1.19293277    -0.48191205  -115.37913881     0.00001223    -0.00073649  1.53e-07  3.69e-06  5  5   118.24
   6      1.19364764    -0.48189255  -115.37911932     0.00001949    -0.00024319  9.09e-09  2.91e-07  6  0   144.86
   7      1.19375494    -0.48188659  -115.37911336     0.00000596    -0.00003681  4.72e-09  4.24e-08  6  1   170.90
   8      1.19377120    -0.48188437  -115.37911114     0.00000222    -0.00000537  9.77e-11  6.87e-09  6  2   197.12
   9      1.19377547    -0.48188416  -115.37911092     0.00000021    -0.00000111  5.85e-11  9.77e-10  6  3   223.50
  10      1.19377840    -0.48188409  -115.37911086     0.00000007    -0.00000079  2.15e-12  8.04e-11  6  4   251.38
  11      1.19377850    -0.48188407  -115.37911084     0.00000002    -0.00000004  2.93e-13  1.10e-11  6  5   278.79
  12      1.19377824    -0.48188408  -115.37911085    -0.00000001     0.00000006  7.37e-14  1.60e-12  6  0   305.39
  13      1.19377797    -0.48188408  -115.37911085     0.00000000     0.00000007  6.71e-15  1.98e-13         329.66

 Norm of t1 vector:      0.07508732     S-energy:      0.00000000   T1 diagnostic:  0.01419017

 Time per iteration:                     25.36 sec

 RESULTS
 =======

  Reference energy                   -114.897226766894
  CCSD correlation energy              -0.481884078941
 !CCSD total energy                  -115.379110845835

 Starting CP-CCSD iterations.   Author: W. Gyorffy (2012)

 ITER.      NRM1           NRM2      VAR(S)+VAR(P)   DIIS    TIME
   1     0.00309569     0.44828034     1.85e-03      1  1   27.67
   2     0.00283576     0.44044841     1.22e-04      2  2   55.35
   3     0.00264711     0.43958852     1.60e-05      3  3   83.85
   4     0.00256167     0.43872556     3.01e-06      4  4  113.51
   5     0.00250272     0.43849847     3.68e-07      5  5  142.98
   6     0.00247960     0.43841365     4.28e-08      6  0  172.62
   7     0.00247208     0.43840719     4.89e-09      6  1  201.74
   8     0.00246974     0.43840684     7.08e-10      6  2  230.42
   9     0.00246900     0.43840805     1.02e-10      6  3  258.22
  10     0.00246888     0.43840887     1.54e-11      6  4  285.81
  11     0.00246887     0.43840916     2.03e-12      6  5  312.99
  12     0.00246887     0.43840925     2.69e-13            341.70


 Time per iteration:                     28.48 sec

 CPHF start vector      0.2 not found

 Starting Coupled-perturbed Hartree-Fock, convergence threshold= 1.0D-06

 ITER   MIC  DIIS      VAR         VARC       CPU
   1     0     1    0.11D-01    0.16D-02    16.74
   2     4     2    0.40D-03    0.88D-04    25.41
   3     4     3    0.89D-05    0.13D-05    35.22
   4     3     4    0.37D-06    0.76D-07    44.89

 CPHF convergence reached in  4 macroiterations and   11 microiterations.   Accuracy: 3.6539D-07

 CPHF solution written to record  8500.2

 Dipole moments (unrelaxed):            0.00348306     0.51407180    -0.20798335
 Orbital relaxation contribution:      -0.00009391     0.00520454    -0.00017602
 !CCSD STATE 1.1 Dipole moment          0.00338914     0.51927635    -0.20815937
 Dipole moment /Debye                   0.00861435     1.31986882    -0.52908835

 CPU-time for coupled-perturbed hartree-fock:         44.90 sec

 Number of N-1 electron functions:               7
 Number of N-2 electron functions:              28
 Number of singly external CSFs:              1225
 Number of doubly external CSFs:            750925
 Total number of CSFs:                      752151

 CCSD gradient info saved on record        55555.1




 **********************************************************************************************************************************
 DATASETS  * FILE   NREC   LENGTH (MB)   RECORD NAMES
              1      22      803.35       500      610      700      701      900      950      970     1001      129      960   
                                          VAR    BASINP    GEOM     GEOM    SYMINP    ZMAT    AOBASIS   BASIS     P2S    ABASIS    
                                         1100     1400     1410     1200     1210     1080     1600     1650     1300     1700   
                                           S        T        V       H0       H01     AOSYM     SMH    MOLCAS    ERIS     OPER   
                                         1380    55555   
                                         JKOP     CCSD   

              2      11        3.11       700     1000      520     2100     8500      200     9001      701     1001     2101   
                                         GEOM     BASIS   MCVARS     RHF     CPHF    OPTIONS  DEN_MP2   GEOM     BASIS     RHF  
                                         9001(1)
                                        DEN_MP2    

 PROGRAMS   *        TOTAL      CCSD    HF-SCF       INT      CCSD    HF-SCF      CCSD    HF-SCF      CCSD    HF-SCF      CCSD
 CPU TIMES  *    373216.06    977.96    118.57     21.77    770.98     24.60    863.78     79.24    812.05     83.21    840.41
 REAL TIME  *     63487.65 SEC
 DISK USED  *         2.42 GB
 **********************************************************************************************************************************

 Inactive variables:    AHH2

 Active variables:      RCO ROH ACOH RCH1 AOCH1 AHH1
                        RCH2 AOCH2 RCH3 AOCH3 AHH3

 Geometry written to block  1 of record 701

 XYZ inputs for each point on the optimization path will be saved in files ch3oh_maxima_mp2_xx.xyz

 Making model hessian for Z-matrix coordinates

 Entering Rational Function Geometry Optimization

 ITER.   ENERGY(OLD)    ENERGY(NEW)      DE          GRADMAX     GRADNORM    GRADRMS     STEPMAX     STEPLEN     STEPRMS   CPU-time
   1  -115.37911085  -115.42999020    -0.05087936  0.09659226  0.18547499  0.05592281  0.16891653  0.29366188  0.02669653   2463.82
   2  -115.42999020  -115.47740233    -0.04741213  0.09431379  0.17163014  0.05174843  0.17663960  0.30000000  0.02727273   3767.78
   3  -115.47740233  -115.51675564    -0.03935331  0.08433525  0.14990813  0.04519900  0.17571852  0.30000000  0.02727273   5060.74
   4  -115.51675564  -115.54183858    -0.02508294  0.06365071  0.11240039  0.03388999  0.17193137  0.30000000  0.02727273   6486.81
   5  -115.54183858  -115.54561908    -0.00378050  0.02945373  0.05106676  0.01539721  0.14101110  0.24363207  0.02214837   7754.45
   6  -115.54561908  -115.54647420    -0.00085512  0.01632822  0.02588720  0.00780529  0.04586527  0.07855183  0.00714108   8978.61
   7  -115.54647420  -115.54649490    -0.00002070  0.00230637  0.00371683  0.00112067  0.00620189  0.00984211  0.00089474  10197.44
   8  -115.54649490  -115.54649680    -0.00000189  0.00100569  0.00111942  0.00033752  0.00197630  0.00290806  0.00026437  11397.68
   9  -115.54649680  -115.54649717    -0.00000037  0.00043548  0.00047402  0.00014292  0.00123336  0.00147366  0.00013397  12615.77
  10  -115.54649717  -115.54649719    -0.00000002  0.00006447  0.00011460  0.00003455  0.00020659  0.00035740  0.00003249  13766.75

 END OF GEOMETRY OPTIMIZATION.

 Optimized variables
 RCO=                 1.41975535 ANGSTROM
 ROH=                 0.95786147 ANGSTROM
 ACOH=              108.33996780 DEGREE
 RCH1=                1.09315370 ANGSTROM
 AOCH1=             111.80930398 DEGREE
 AHH1=              -65.12727864 DEGREE
 RCH2=                1.09294937 ANGSTROM
 AOCH2=             111.89827765 DEGREE
 RCH3=                1.08777010 ANGSTROM
 AOCH3=             106.83871357 DEGREE
 AHH3=              176.21629879 DEGREE

 **********************************************************************************************************************************

 Geometry written to block  1 of record 701

 Recomputing wavefunction for reoriented structure

 Current geometry (xyz format, in Angstrom)


 Dump information in style XYZ to ch3oh_maxima_mp2.xyz                                                            

    6
 CCSD/AUG-CC-PVTZ  ENERGY=-115.54649719
 C         -0.0000658330        0.0130815240       -0.7279132002
 O         -0.0000333278       -0.0640621030        0.6897447717
 H         -0.0018004630        0.8274244845        1.0400976587
 H         -0.9216792923        0.4595981331       -1.1103220990
 H          0.8541351513        0.5809620083       -1.1052602110
 H          0.0706581187       -1.0069879146       -1.0989930482

 **********************************************************************************************************************************


 **********************************************************************************************************************************
 DATASETS  * FILE   NREC   LENGTH (MB)   RECORD NAMES
              1      22      855.70       500      610      700      701      900      950      970     1001      129      960   
                                          VAR    BASINP    GEOM     GEOM    SYMINP    ZMAT    AOBASIS   BASIS     P2S    ABASIS    
                                         1100     1400     1410     1200     1210     1080     1600     1650     1300     1700   
                                           S        T        V       H0       H01     AOSYM     SMH    MOLCAS    ERIS     OPER   
                                         1380    55555   
                                         JKOP     CCSD   

              2      11        3.11       700     1000      520     2100     8500      200     9001      701     1001     2101   
                                         GEOM     BASIS   MCVARS     RHF     CPHF    OPTIONS  DEN_MP2   GEOM     BASIS     RHF  
                                         9001(1)
                                        DEN_MP2    

 PROGRAMS   *        TOTAL      OPTG    HF-SCF      CCSD    HF-SCF      CCSD    HF-SCF      CCSD    HF-SCF      CCSD    HF-SCF
 CPU TIMES  *    386693.97    810.70     18.78    804.15     74.03    856.37    101.63    828.49    116.32    812.09    144.87
 REAL TIME  *     65555.16 SEC
 DISK USED  *         2.42 GB
 **********************************************************************************************************************************
 SETTING XXX            =    "MMM"
 SETTING TAU            =        56.19634005  DEGREE                          


 XXX       RCO          ROH          RCH1         RCH2         RCH3           ACOH           AOCH1          AOCH2          AOCH3          AHH1          AHH2           AHH3          TAU
 "MMM"   1.41975535   0.95786147   1.09315370   1.09294937   1.08777010   108.33996780   111.80930398   111.89827765   106.83871357   -65.12727864   57.50000000   176.21629879   56.19634005
                                                  

 DO I                   =       -60.00000000   
 SETTING RCO            =         1.50000000                                  
 SETTING ROH            =         1.00000000                                  
 SETTING RCH1           =         1.50000000                                  
 SETTING RCH2           =         1.50000001                                  
 SETTING RCH3           =         1.50000002                                  
 SETTING ACOH           =       110.00000000                                  
 SETTING AOCH1          =       115.00000000                                  
 SETTING AOCH2          =       115.00000001                                  
 SETTING AOCH3          =       115.00000002                                  
 SETTING AHH1           =       -60.00000000                                  
 SETTING AHH2           =        60.00000000                                  
 SETTING AHH3           =       180.00000000                                  


 PROGRAM * OPT (Geometry optimization)     Authors: F. Eckert and H.-J. Werner


 BFGS update of hessian

 Geometry optimization using procedure=RUNCCSD

 Running procedure: RUNCCSD


 Recomputing integrals since geometry and symmetry changed


 Using spherical harmonics

 Library entry C      S aug-cc-pVTZ          selected for orbital group  1
 Library entry C      P aug-cc-pVTZ          selected for orbital group  1
 Library entry C      D aug-cc-pVTZ          selected for orbital group  1
 Library entry C      F aug-cc-pVTZ          selected for orbital group  1
 Library entry O      S aug-cc-pVTZ          selected for orbital group  2
 Library entry O      P aug-cc-pVTZ          selected for orbital group  2
 Library entry O      D aug-cc-pVTZ          selected for orbital group  2
 Library entry O      F aug-cc-pVTZ          selected for orbital group  2
 Library entry H      S aug-cc-pVTZ          selected for orbital group  3
 Library entry H      P aug-cc-pVTZ          selected for orbital group  3
 Library entry H      D aug-cc-pVTZ          selected for orbital group  3


 PROGRAM * SEWARD (Integral evaluation for generally contracted gaussian basis sets)     Author: Roland Lindh, 1990

 Geometry written to block  1 of record 702

 Orientation using atomic masses  
 Molecule type: Asymmetric top
 Symmetry elements: X
 Rotational constants:      19.1393770     19.7418884     79.0358267 GHz  (calculated with average atomic masses)

 Point group  Cs  



 ATOMIC COORDINATES

 NR  ATOM    CHARGE       X              Y              Z

   1  C       6.00    0.000000000    0.020571053   -1.412779028
   2  O       8.00    0.000000000   -0.132718374    1.417662317
   3  H       1.00    0.000000000    1.605492809    2.159070916
   4  H1      1.00   -2.224828149    1.367979485   -2.539511533
   5  H2      1.00    2.224828149    1.367979485   -2.539511533
   6  H3      1.00    0.000000000   -2.479897100   -2.747902650

 Bond lengths in Bohr (Angstrom)

 1-2  2.834589187  2-3  1.889726125
     ( 1.500000000)     ( 1.000000000)

 Bond angles

  1-2-3  110.00000000

 NUCLEAR CHARGE:                   18
 NUMBER OF PRIMITIVE AOS:         242
 NUMBER OF SYMMETRY AOS:          216
 NUMBER OF CONTRACTIONS:          184   (  115A'  +   69A"  )
 NUMBER OF INNER CORE ORBITALS:     0   (    0A'  +    0A"  )
 NUMBER OF OUTER CORE ORBITALS:     2   (    2A'  +    0A"  )
 NUMBER OF VALENCE ORBITALS:       12   (    9A'  +    3A"  )

 SYMMETRY CHANGED: INITIALIZING OCCUPATION


 NUCLEAR REPULSION ENERGY   35.28729909


 Eigenvalues of metric

         1 0.210E-03 0.314E-03 0.457E-03 0.644E-03 0.692E-03 0.218E-02 0.247E-02 0.339E-02
         2 0.499E-03 0.324E-02 0.541E-02 0.554E-02 0.925E-02 0.110E-01 0.130E-01 0.199E-01


 Contracted 2-electron integrals neglected if value below      1.0D-11
 AO integral compression algorithm  1   Integral accuracy      1.0D-11

     368.312 MB (compressed) written to integral file ( 51.5%)


 NUMBER OF SORTED TWO-ELECTRON INTEGRALS:   73489255.     BUFFER LENGTH:  32768
 NUMBER OF SEGMENTS:   5  SEGMENT LENGTH:   15997996      RECORD LENGTH: 524288

 Memory used in sort:      16.56 MW

 SORT1 READ    89369882. AND WROTE    72318377. INTEGRALS IN    210 RECORDS. CPU TIME:     0.85 SEC, REAL TIME:     1.24 SEC
 SORT2 READ    72318377. AND WROTE    73489255. INTEGRALS IN   1405 RECORDS. CPU TIME:     0.80 SEC, REAL TIME:     1.03 SEC

 FILE SIZES:   FILE 1:   399.5 MBYTE,  FILE 4:   880.8 MBYTE,   TOTAL:   1280.3 MBYTE

 OPERATOR DM      FOR CENTER  0  COORDINATES:    0.000000    0.000000    0.000000


 **********************************************************************************************************************************
 DATASETS  * FILE   NREC   LENGTH (MB)   RECORD NAMES
              1      20      326.75       500      610      701      702      900      950      970     1000      129      960   
                                          VAR    BASINP    GEOM     GEOM    SYMINP    ZMAT    AOBASIS   BASIS     P2S    ABASIS    
                                         1100     1400     1410     1200     1210     1080     1600     1650     1300     1700   
                                           S        T        V       H0       H01     AOSYM     SMH    MOLCAS    ERIS     OPER   

              2      12        3.12       700     1000      520     2100     8500      200     9001      701     1001     2101   
                                         GEOM     BASIS   MCVARS     RHF     CPHF    OPTIONS  DEN_MP2   GEOM     BASIS     RHF  
                                         9001(1)   702   
                                        DEN_MP2   GEOM   

 PROGRAMS   *        TOTAL       INT      CCSD    HF-SCF      CCSD    HF-SCF      CCSD    HF-SCF      CCSD    HF-SCF      CCSD
 CPU TIMES  *    386712.14     18.16    810.70     18.78    804.15     74.03    856.37    101.63    828.49    116.32    812.09
 REAL TIME  *     65562.30 SEC
 DISK USED  *         2.42 GB
 **********************************************************************************************************************************


 Program * Restricted Hartree-Fock

 Orbital guess generated from atomic densities. Full valence occupancy:   11   3

 Initial occupancy:   7   2

 NELEC=   18   SYM=1   MS2= 0   THRE=1.0D-09   THRD=1.0D-07   THRG=1.0D-07  HFMA2=F  DIIS_START=2   DIIS_MAX=10   DIIS_INCORE=F

 Level shifts:    0.00 (CLOSED)    0.00 (OPEN)    0.30 (GAP_MIN)

 ITER           ETOT              DE          GRAD        DDIFF     DIIS  NEXP   TIME(IT)  TIME(TOT)  DIAG
   1     -114.85290222    -114.85290222     0.00D+00     0.54D-01     0     0       1.29      2.76    start
   2     -114.88271325      -0.02981103     0.72D-02     0.72D-02     1     0       1.31      4.07    diag
   3     -114.89641802      -0.01370478     0.46D-02     0.30D-02     2     0       1.49      5.56    diag
   4     -114.89714780      -0.00072977     0.73D-03     0.63D-03     3     0       1.50      7.06    diag
   5     -114.89722271      -0.00007491     0.19D-03     0.23D-03     4     0       1.34      8.40    diag
   6     -114.89722915      -0.00000645     0.56D-04     0.74D-04     5     0       1.84     10.24    diag
   7     -114.89723029      -0.00000113     0.26D-04     0.29D-04     6     0       1.37     11.61    diag
   8     -114.89723041      -0.00000013     0.67D-05     0.11D-04     7     0       1.88     13.49    fixocc
   9     -114.89723042      -0.00000001     0.13D-05     0.22D-05     8     0       1.80     15.29    diag
  10     -114.89723042      -0.00000000     0.27D-06     0.40D-06     9     0       1.62     16.91    diag/orth
  11     -114.89723042      -0.00000000     0.72D-07     0.11D-06     9     0       1.44     18.35    diag
  12     -114.89723042      -0.00000000     0.14D-07     0.20D-07     9     0       1.52     19.87    diag
  13     -114.89723042       0.00000000     0.30D-08     0.35D-08     0     0       2.06     21.93    diag

 Final occupancy:   7   2

 !RHF STATE 1.1 Energy               -114.897230419148
  RHF One-electron energy            -226.716062476746
  RHF Two-electron energy              76.531532963164
  RHF Kinetic energy                  113.550928160654
  RHF Nuclear energy                   35.287299094433
  RHF Virial quotient                  -1.011856373878

 !RHF STATE 1.1 Dipole moment           0.00000000     0.54960222    -0.22019175
 Dipole moment /Debye                   0.00000000     1.39694950    -0.55967161

 Orbital energies:

           1.1          2.1          3.1          4.1          5.1          6.1          7.1          8.1          9.1
    -20.596772   -11.402238    -1.346796    -0.839035    -0.658761    -0.561442    -0.440402     0.024743     0.038274

           1.2          2.2          3.2          4.2
     -0.564476    -0.416578     0.049841     0.125852


 HOMO      2.2    -0.416578 =     -11.3357eV
 LUMO      8.1     0.024743 =       0.6733eV
 LUMO-HOMO         0.441321 =      12.0090eV

 Orbitals saved in record  2102.2


 **********************************************************************************************************************************
 DATASETS  * FILE   NREC   LENGTH (MB)   RECORD NAMES
              1      20      326.75       500      610      701      702      900      950      970     1000      129      960   
                                          VAR    BASINP    GEOM     GEOM    SYMINP    ZMAT    AOBASIS   BASIS     P2S    ABASIS    
                                         1100     1400     1410     1200     1210     1080     1600     1650     1300     1700   
                                           S        T        V       H0       H01     AOSYM     SMH    MOLCAS    ERIS     OPER   

              2      13        3.73       700     1000      520     2100     8500      200     9001      701     1001     2101   
                                         GEOM     BASIS   MCVARS     RHF     CPHF    OPTIONS  DEN_MP2   GEOM     BASIS     RHF  
                                         9001(1)   702     2102   
                                        DEN_MP2   GEOM      RHF  

 PROGRAMS   *        TOTAL    HF-SCF       INT      CCSD    HF-SCF      CCSD    HF-SCF      CCSD    HF-SCF      CCSD    HF-SCF
 CPU TIMES  *    386734.09     21.95     18.16    810.70     18.78    804.15     74.03    856.37    101.63    828.49    116.32
 REAL TIME  *     65569.03 SEC
 DISK USED  *         2.42 GB
 **********************************************************************************************************************************


 PROGRAM * CCSD (Closed-shell coupled cluster)     Authors: C. Hampel, H.-J. Werner, 1991, M. Deegan, P.J. Knowles, 1992


 Convergence thresholds:  THRVAR = 1.00D-12  THRDEN = 1.00D-08

 Using ITF CCSD gradient implementation

 Number of core orbitals:           2 (   2   0 )
 Number of closed-shell orbitals:   7 (   5   2 )
 Number of external orbitals:     175 ( 108  67 )

 Molecular orbitals read from record     2102.2  Type=RHF/CANONICAL (state 1.1)

 Integral transformation finished. Total CPU:   9.79 sec, npass=  1  Memory used:   8.42 MW
  Reference energy                   -114.897230419148

  MP2 correlation energy               -0.461330108465
  MP2 total energy                   -115.358560527613

 ITER.      SQ.NORM     CORR.ENERGY   TOTAL ENERGY   ENERGY CHANGE        DEN1      VAR(S)    VAR(P)  DIIS     TIME
   1      1.16170881    -0.47897325  -115.37620367    -0.01764314    -0.00042349  3.43e-03  3.96e-03  1  1    13.37
   2      1.17906172    -0.48097549  -115.37820591    -0.00200224    -0.01440282  1.52e-04  8.85e-04  2  2    23.63
   3      1.18570369    -0.48180412  -115.37903454    -0.00082863    -0.00231653  1.83e-05  1.97e-04  3  3    36.88
   4      1.19090757    -0.48192355  -115.37915397    -0.00011943    -0.00238681  2.48e-06  3.17e-05  4  4    49.46
   5      1.19293167    -0.48191132  -115.37914174     0.00001223    -0.00073649  1.53e-07  3.69e-06  5  5    63.56
   6      1.19364651    -0.48189183  -115.37912225     0.00001949    -0.00024319  9.08e-09  2.91e-07  6  0    77.42
   7      1.19375379    -0.48188586  -115.37911628     0.00000596    -0.00003681  4.72e-09  4.24e-08  6  1    89.53
   8      1.19377004    -0.48188364  -115.37911406     0.00000222    -0.00000537  9.77e-11  6.87e-09  6  2    99.32
   9      1.19377431    -0.48188343  -115.37911385     0.00000021    -0.00000111  5.86e-11  9.78e-10  6  3   111.72
  10      1.19377724    -0.48188336  -115.37911378     0.00000007    -0.00000079  2.15e-12  8.04e-11  6  4   125.01
  11      1.19377734    -0.48188334  -115.37911376     0.00000002    -0.00000004  2.93e-13  1.10e-11  6  5   138.91
  12      1.19377708    -0.48188335  -115.37911377    -0.00000001     0.00000006  7.37e-14  1.60e-12  6  0   152.85
  13      1.19377681    -0.48188335  -115.37911377     0.00000000     0.00000007  6.71e-15  1.98e-13         164.67

 Norm of t1 vector:      0.07508425     S-energy:      0.00000000   T1 diagnostic:  0.01418959

 Time per iteration:                     12.67 sec

 RESULTS
 =======

  Reference energy                   -114.897230419148
  CCSD correlation energy              -0.481883351492
 !CCSD total energy                  -115.379113770641

 Starting CP-CCSD iterations.   Author: W. Gyorffy (2012)

 ITER.      NRM1           NRM2      VAR(S)+VAR(P)   DIIS    TIME
   1     0.00309537     0.44827845     1.85e-03      1  1   14.00
   2     0.00283548     0.44044673     1.22e-04      2  2   28.97
   3     0.00264686     0.43958689     1.60e-05      3  3   46.23
   4     0.00256144     0.43872398     3.01e-06      4  4   58.22
   5     0.00250251     0.43849693     3.68e-07      5  5   66.90
   6     0.00247940     0.43841212     4.28e-08      6  0   75.17
   7     0.00247188     0.43840568     4.88e-09      6  1   84.54
   8     0.00246955     0.43840533     7.06e-10      6  2   97.91
   9     0.00246881     0.43840654     1.01e-10      6  3  108.78
  10     0.00246869     0.43840736     1.53e-11      6  4  120.30
  11     0.00246867     0.43840765     2.02e-12      6  5  132.51
  12     0.00246867     0.43840775     2.66e-13            145.04


 Time per iteration:                     12.09 sec

 CPHF start vector      0.2 not found

 Starting Coupled-perturbed Hartree-Fock, convergence threshold= 1.0D-06

 ITER   MIC  DIIS      VAR         VARC       CPU
   1     0     1    0.11D-01    0.16D-02     1.33
   2     4     2    0.40D-03    0.88D-04     2.70
   3     4     3    0.89D-05    0.13D-05     4.14
   4     3     4    0.37D-06    0.76D-07     5.58

 CPHF convergence reached in  4 macroiterations and   11 microiterations.   Accuracy: 3.6541D-07

 CPHF solution written to record  8500.2

 Dipole moments (unrelaxed):            0.00000000     0.51383513    -0.20801124
 Orbital relaxation contribution:      -0.00000000     0.00521025    -0.00017550
 !CCSD STATE 1.1 Dipole moment          0.00000000     0.51904539    -0.20818674
 Dipole moment /Debye                   0.00000000     1.31928178    -0.52915790

 CPU-time for coupled-perturbed hartree-fock:          5.58 sec

 Number of N-1 electron functions:               7
 Number of N-2 electron functions:              28
 Number of singly external CSFs:               674
 Number of doubly external CSFs:            379551
 Total number of CSFs:                      380226

 CCSD gradient info saved on record        55555.1




 **********************************************************************************************************************************
 DATASETS  * FILE   NREC   LENGTH (MB)   RECORD NAMES
              1      22      445.85       500      610      701      702      900      950      970     1000      129      960   
                                          VAR    BASINP    GEOM     GEOM    SYMINP    ZMAT    AOBASIS   BASIS     P2S    ABASIS    
                                         1100     1400     1410     1200     1210     1080     1600     1650     1300     1700   
                                           S        T        V       H0       H01     AOSYM     SMH    MOLCAS    ERIS     OPER   
                                         1380    55555   
                                         JKOP     CCSD   

              2      13        3.73       700     1000      520     2100     8500      200     9001      701     1001     2101   
                                         GEOM     BASIS   MCVARS     RHF     CPHF    OPTIONS  DEN_MP2   GEOM     BASIS     RHF  
                                         9001(1)   702     2102   
                                        DEN_MP2   GEOM      RHF  

 PROGRAMS   *        TOTAL      CCSD    HF-SCF       INT      CCSD    HF-SCF      CCSD    HF-SCF      CCSD    HF-SCF      CCSD
 CPU TIMES  *    387138.28    404.18     21.95     18.16    810.70     18.78    804.15     74.03    856.37    101.63    828.49
 REAL TIME  *     65635.59 SEC
 DISK USED  *         2.42 GB
 **********************************************************************************************************************************

 Inactive variables:    AHH2

 Active variables:      RCO ROH ACOH RCH1 AOCH1 AHH1
                        RCH2 AOCH2 RCH3 AOCH3 AHH3

 Geometry written to block  1 of record 702

 XYZ inputs for each point on the optimization path will be saved in files ch3oh_maxima_mp2_xx.xyz

 Making model hessian for Z-matrix coordinates

 Entering Rational Function Geometry Optimization
 The request for symmetry elements X, cannot be honoured
 ? Error
 ? Symmetry problem
 ? The problem occurs in zmatrix.f:zmat_orient

 GLOBAL ERROR fehler on processor   0                                         
