
 PROGRAM * ALASKA (Gradient of the energy)     Author: R. Lindh


 CCSD Gradient info restored from record   55555.1

 Number of core orbitals:           2 (   2   0 )
 Number of closed-shell orbitals:   7 (   5   2 )
 Number of external orbitals:     175 ( 108  67 )

 Integral thresholds in T2TRAN:            1.0D-10 (PROD)

 Available memory for Transformation: 497363190 words
 Memory needed for incore algorithm:    5963754 words
 Minimum memory needed:                 2459558 words

 Memory used for transformation:           9.04 MW
 Available memory for gradients:         490.32 MW

 CPU for transformation:                  56.06 sec
 CPU for integrals and gradient:          68.25 sec
 Total CPU:                              124.31 sec

 Prescreening statistics:
 ========================

 Total number of shell quadruplets:        1.18D+04
 Number of shell quadruplets processed:    1.18D+04 (100.00%)

 CCSD GRADIENT FOR STATE 1.1

 Atom          dE/dx               dE/dy               dE/dz

   1         0.000000000         0.000133535        -0.000086037
   2         0.000000000        -0.000619622         0.000146031
   3         0.000000000         0.000315213        -0.000116304
   4         0.000011713         0.000035053        -0.000072556
   5        -0.000011713         0.000035053        -0.000072556
   6         0.000000000         0.000100768         0.000201421

 Nuclear force contribution to virial =         0.000454803
 Reading points 1 to 1 from record 700.2,  wavefunction type=CCSD            

 Making model hessian for Z-matrix coordinates
 No hessian update for point  1

 Entering Rational Function Geometry Optimization

 Optimization point 1

 Variable                      Last           Current        Next           Gradient       Hessian

 E(CCSD) / Hartree           0.00000000  -115.54651189  -115.54651266
 RCO / ANGSTROM              0.00000000     1.41997934     1.41991765     0.00008733     2.23704867
 ROH / ANGSTROM              0.00000000     0.95818958     0.95798683     0.00047497     2.53973466
 ACOH / DEGREE               0.00000000   108.21042647   108.31062844    -0.00000705     0.00007353
 RCH1 / ANGSTROM             0.00000000     1.09312547     1.09307424     0.00009651     1.71423030
 AOCH1 / DEGREE              0.00000000   111.89503696   111.85307005     0.00000215     0.00007022
 AHH1 / DEGREE               0.00000000    61.38282783    61.36406578    -0.00000072     0.00004892
 RCH2 / ANGSTROM             0.00000000     1.08754749     1.08770894    -0.00030832     1.74804464
 AOCH2 / DEGREE              0.00000000   106.72939010   106.82398488    -0.00000557     0.00007648
 RCH3 / ANGSTROM             0.00000000     1.09312547     1.09307424     0.00009651     1.71423030
 AOCH3 / DEGREE              0.00000000   111.89503696   111.85307005     0.00000215     0.00007022
 AHH3 / DEGREE               0.00000000   298.61717217   298.63593422     0.00000072     0.00004892
 Convergence:                0.00000000  (line search)     0.00270997     0.00062906  (total)

 Geometry written to block  2 of record 700

 Running procedure: RUNCCSD


 Recomputing integrals since geometry changed


 PROGRAM * SEWARD (Integral evaluation for generally contracted gaussian basis sets)     Author: Roland Lindh, 1990

 Geometry written to block  2 of record 700

 Orientation using atomic masses  
 Molecule type: Asymmetric top
 Symmetry elements: X
 Rotational constants:      23.9608204     24.8241093    128.5898455 GHz  (calculated with average atomic masses)

 Point group  Cs  



 ATOMIC COORDINATES

 NR  ATOM    CHARGE       X              Y              Z

   1  C       6.00    0.000000000    0.024911026   -1.375705042
   2  O       8.00    0.000000000   -0.121083399    1.303575756
   3  H       1.00    0.000000000    1.564095960    1.964994825
   4  H1      1.00    1.682674736    0.984177773   -2.093452647
   5  H3      1.00   -1.682674736    0.984177773   -2.093452647
   6  H2      1.00    0.000000000   -1.907299814   -2.076794510

 Bond lengths in Bohr (Angstrom)

 1-2  2.683255479  1-4  2.065610947  1-5  2.065610947  1-6  2.055472007  2-3  1.810332747
     ( 1.419917651)     ( 1.093074240)     ( 1.093074240)     ( 1.087708944)     ( 0.957986834)

 Bond angles

  1-2-3  108.31062844   2-1-4  111.85307005   2-1-5  111.85307005   2-1-6  106.82398488

  4-1-5  109.09834369   4-1-6  108.54392623   5-1-6  108.54392623

 NUCLEAR CHARGE:                   18
 NUMBER OF PRIMITIVE AOS:         242
 NUMBER OF SYMMETRY AOS:          216
 NUMBER OF CONTRACTIONS:          184   (  115A'  +   69A"  )
 NUMBER OF INNER CORE ORBITALS:     0   (    0A'  +    0A"  )
 NUMBER OF OUTER CORE ORBITALS:     2   (    2A'  +    0A"  )
 NUMBER OF VALENCE ORBITALS:       12   (    9A'  +    3A"  )


 NUCLEAR REPULSION ENERGY   40.34577338

 Eigenvalues of metric

         1 0.607E-04 0.742E-04 0.202E-03 0.411E-03 0.484E-03 0.760E-03 0.101E-02 0.164E-02
         2 0.893E-04 0.780E-03 0.163E-02 0.268E-02 0.491E-02 0.523E-02 0.637E-02 0.689E-02


 Contracted 2-electron integrals neglected if value below      1.0D-11
 AO integral compression algorithm  1   Integral accuracy      1.0D-11

     382.468 MB (compressed) written to integral file ( 53.5%)


 NUMBER OF SORTED TWO-ELECTRON INTEGRALS:   73489255.     BUFFER LENGTH:  32768
 NUMBER OF SEGMENTS:   5  SEGMENT LENGTH:   15997996      RECORD LENGTH: 524288

 Memory used in sort:      16.56 MW

 SORT1 READ    89369882. AND WROTE    72723277. INTEGRALS IN    212 RECORDS. CPU TIME:     0.72 SEC, REAL TIME:     1.06 SEC
 SORT2 READ    72723277. AND WROTE    73489255. INTEGRALS IN   1459 RECORDS. CPU TIME:     0.84 SEC, REAL TIME:     1.05 SEC

 FILE SIZES:   FILE 1:   413.4 MBYTE,  FILE 4:   889.2 MBYTE,   TOTAL:   1302.6 MBYTE

 OPERATOR DM      FOR CENTER  0  COORDINATES:    0.000000    0.000000    0.000000

 Program * Restricted Hartree-Fock

 Molecular orbitals read from record     2101.2  Type=RHF/CANONICAL (state 1.1)

 NELEC=   18   SYM=1   MS2= 0   THRE=1.0D-09   THRD=1.0D-07   THRG=1.0D-07  HFMA2=F  DIIS_START=2   DIIS_MAX=10   DIIS_INCORE=F

 Level shifts:    0.00 (CLOSED)    0.00 (OPEN)    0.30 (GAP_MIN)

 ITER           ETOT              DE          GRAD        DDIFF     DIIS  NEXP   TIME(IT)  TIME(TOT)  DIAG
   1     -115.09224829    -115.09224829     0.00D+00     0.65D-01     0     0       1.37      1.37    start
   2     -115.09224907      -0.00000078     0.29D-04     0.39D-04     1     0       1.30      2.67    diag
   3     -115.09224914      -0.00000007     0.68D-05     0.70D-05     2     0       1.29      3.96    diag
   4     -115.09224915      -0.00000001     0.19D-05     0.20D-05     3     0       1.29      5.25    diag
   5     -115.09224915      -0.00000000     0.77D-06     0.81D-06     4     0       1.29      6.54    diag
   6     -115.09224915      -0.00000000     0.28D-06     0.28D-06     5     0       1.29      7.83    diag
   7     -115.09224915      -0.00000000     0.53D-07     0.83D-07     6     0       1.29      9.12    diag
   8     -115.09224915       0.00000000     0.11D-07     0.11D-07     0     0       1.30     10.42    fixocc

 Final occupancy:   7   2

 !RHF STATE 1.1 Energy               -115.092249151475
  RHF One-electron energy            -236.923116725409
  RHF Two-electron energy              81.485094189937
  RHF Kinetic energy                  114.923222092993
  RHF Nuclear energy                   40.345773383996
  RHF Virial quotient                  -1.001470782453

 !RHF STATE 1.1 Dipole moment           0.00000000     0.58911176    -0.39135562
 Dipole moment /Debye                   0.00000000     1.49737273    -0.99472676

 Orbital energies:

           1.1          2.1          3.1          4.1          5.1          6.1          7.1          8.1          9.1
    -20.558802   -11.271360    -1.358296    -0.926014    -0.691645    -0.593764    -0.504123     0.028522     0.042976

           1.2          2.2          3.2          4.2
     -0.620776    -0.451685     0.046616     0.129169


 HOMO      2.2    -0.451685 =     -12.2910eV
 LUMO      8.1     0.028522 =       0.7761eV
 LUMO-HOMO         0.480207 =      13.0671eV

 Orbitals saved in record  2101.2


 **********************************************************************************************************************************
 DATASETS  * FILE   NREC   LENGTH (MB)   RECORD NAMES
              1      19      336.40       500      610      700      900      950      970     1000      129      960     1100   
                                          VAR    BASINP    GEOM    SYMINP    ZMAT    AOBASIS   BASIS     P2S    ABASIS      S 
                                         1400     1410     1200     1210     1080     1600     1650     1300     1700   
                                           T        V       H0       H01     AOSYM     SMH    MOLCAS    ERIS     OPER   

              2       8        2.35       700     1000      520     2100      200     2101     8500     9001   
                                         GEOM     BASIS   MCVARS     RHF    OPTIONS    RHF     CPHF    DEN_MP2    

 PROGRAMS   *        TOTAL    HF-SCF      CCSD    HF-SCF       INT
 CPU TIMES  *      1520.65     24.55    852.37     14.53     14.24
 REAL TIME  *       183.10 SEC
 DISK USED  *         1.22 GB
 **********************************************************************************************************************************


 PROGRAM * CCSD (Closed-shell coupled cluster)     Authors: C. Hampel, H.-J. Werner, 1991, M. Deegan, P.J. Knowles, 1992


 Convergence thresholds:  THRVAR = 1.00D-12  THRDEN = 1.00D-08

 Using ITF CCSD gradient implementation

 Number of core orbitals:           2 (   2   0 )
 Number of closed-shell orbitals:   7 (   5   2 )
 Number of external orbitals:     175 ( 108  67 )

 Molecular orbitals read from record     2101.2  Type=RHF/CANONICAL (state 1.1)

 Integral transformation finished. Total CPU:   9.30 sec, npass=  1  Memory used:   8.42 MW
  Reference energy                   -115.092249151475

  MP2 correlation energy               -0.436734083096
  MP2 total energy                   -115.528983234571

 ITER.      SQ.NORM     CORR.ENERGY   TOTAL ENERGY   ENERGY CHANGE        DEN1      VAR(S)    VAR(P)  DIIS     TIME
   1      1.12038127    -0.45318258  -115.54543173    -0.01644850    -0.00558726  1.69e-03  1.94e-03  1  1    18.29
   2      1.12837125    -0.45416628  -115.54641544    -0.00098370    -0.00936416  4.22e-05  2.69e-04  2  2    35.04
   3      1.13075242    -0.45428522  -115.54653437    -0.00011893    -0.00140651  4.44e-06  3.49e-05  3  3    50.34
   4      1.13199879    -0.45428794  -115.54653710    -0.00000273    -0.00092419  1.40e-07  3.37e-06  4  4    66.71
   5      1.13230069    -0.45426730  -115.54651645     0.00002065    -0.00019150  1.82e-08  3.18e-07  5  5    82.45
   6      1.13237966    -0.45426480  -115.54651396     0.00000249    -0.00004911  3.43e-10  1.44e-08  6  0    97.65
   7      1.13238779    -0.45426364  -115.54651279     0.00000116    -0.00000617  6.13e-11  1.04e-09  6  1   114.20
   8      1.13238798    -0.45426350  -115.54651265     0.00000014    -0.00000046  4.13e-12  1.04e-10  6  2   131.04
   9      1.13238790    -0.45426348  -115.54651263     0.00000002     0.00000001  1.63e-13  1.09e-11  6  3   146.40
  10      1.13238795    -0.45426348  -115.54651263     0.00000000    -0.00000004  2.86e-14  7.46e-13         163.52

 Norm of t1 vector:      0.05241273     S-energy:      0.00000000   T1 diagnostic:  0.00990507

 Time per iteration:                     16.35 sec

 RESULTS
 =======

  Reference energy                   -115.092249151475
  CCSD correlation energy              -0.454263477787
 !CCSD total energy                  -115.546512629263

 Starting CP-CCSD iterations.   Author: W. Gyorffy (2012)

 ITER.      NRM1           NRM2      VAR(S)+VAR(P)   DIIS    TIME
   1     0.00162156     0.38315262     5.24e-04      1  1   15.66
   2     0.00147104     0.37935918     3.80e-05      2  2   32.93
   3     0.00136718     0.37887827     4.69e-06      3  3   49.63
   4     0.00131768     0.37848833     8.86e-07      4  4   65.21
   5     0.00129034     0.37839476     9.05e-08      5  5   82.12
   6     0.00128017     0.37836173     9.09e-09      6  0   98.83
   7     0.00127746     0.37835793     1.09e-09      6  1  115.92
   8     0.00127675     0.37835670     1.42e-10      6  2  132.10
   9     0.00127662     0.37835657     1.91e-11      6  3  147.98
  10     0.00127658     0.37835652     2.49e-12      6  4  165.93
  11     0.00127659     0.37835651     2.84e-13            183.28


 Time per iteration:                     16.66 sec


 CPHF trial vector read from record  8500.2

 Starting Coupled-perturbed Hartree-Fock, convergence threshold= 1.0D-06

 ITER   MIC  DIIS      VAR         VARC       CPU
   1     0     1    0.62D-03    0.63D-04     1.24
   2     3     2    0.26D-05    0.11D-05     2.47
   3     1     3    0.18D-06    0.35D-07     3.70

 CPHF convergence reached in  3 macroiterations and    4 microiterations.   Accuracy: 1.8281D-07

 CPHF solution written to record  8500.2

 Dipole moments (unrelaxed):            0.00000000     0.55188174    -0.36571749
 Orbital relaxation contribution:      -0.00000000     0.00434461    -0.00312387
 !CCSD STATE 1.1 Dipole moment          0.00000000     0.55622635    -0.36884136
 Dipole moment /Debye                   0.00000000     1.41378637    -0.93750122

 CPU-time for coupled-perturbed hartree-fock:          3.71 sec

 Number of N-1 electron functions:               7
 Number of N-2 electron functions:              28
 Number of singly external CSFs:               674
 Number of doubly external CSFs:            379551
 Total number of CSFs:                      380226

 CCSD gradient info saved on record        55555.1




 **********************************************************************************************************************************
 DATASETS  * FILE   NREC   LENGTH (MB)   RECORD NAMES
              1      21      455.50       500      610      700      900      950      970     1000      129      960     1100   
                                          VAR    BASINP    GEOM    SYMINP    ZMAT    AOBASIS   BASIS     P2S    ABASIS      S 
                                         1400     1410     1200     1210     1080     1600     1650     1300     1700     1380   
                                           T        V       H0       H01     AOSYM     SMH    MOLCAS    ERIS     OPER     JKOP   
                                        55555   
                                         CCSD   

              2       8        2.35       700     1000      520     2100      200     2101     8500     9001   
                                         GEOM     BASIS   MCVARS     RHF    OPTIONS    RHF     CPHF    DEN_MP2    

 PROGRAMS   *        TOTAL      CCSD      CCSD    HF-SCF       INT
 CPU TIMES  *      1992.52    471.86    852.37     14.53     14.24
 REAL TIME  *       245.31 SEC
 DISK USED  *         1.22 GB
 **********************************************************************************************************************************

 Current geometry (xyz format, in Angstrom)


 Dump information in style XYZ to ch3oh_maxima_mp2_1.xyz                                                          

    6
 CCSD/AUG-CC-PVTZ  OPTSTEP=1  ENERGY=-115.54651263
 C          0.0000000000        0.0131823475       -0.7279917571
 O          0.0000000000       -0.0640745754        0.6898225829
 H          0.0000000000        0.8276839376        1.0398304807
 H          0.8904331238        0.5208044489       -1.1078074327
 H          0.0000000000       -1.0092995958       -1.0989923265
 H         -0.8904331238        0.5208044489       -1.1078074327

 **********************************************************************************************************************************

 PROGRESS OF GEOMETRY OPTIMIZATION.    TOTAL CPU:      1111.2 SEC
   1  -115.54651189  -115.54651263    -0.00000074  0.00040372  0.00062906  0.00018967  0.00174885  0.00270997  0.00024636

 **********************************************************************************************************************************

 Current geometry (xyz format, in Angstrom)


 Dump information in style XYZ to ch3oh_maxima_mp2.xyz                                                            

    6
 CCSD/AUG-CC-PVTZ  ENERGY=-115.54651263
 C          0.0000000000        0.0131823475       -0.7279917571
 O          0.0000000000       -0.0640745754        0.6898225829
 H          0.0000000000        0.8276839376        1.0398304807
 H          0.8904331238        0.5208044489       -1.1078074327
 H          0.0000000000       -1.0092995958       -1.0989923265
 H         -0.8904331238        0.5208044489       -1.1078074327

 **********************************************************************************************************************************

 Current variables
 RCO=                 1.41991765 ANGSTROM
 ROH=                 0.95798683 ANGSTROM
 ACOH=              108.31062844 DEGREE
 RCH1=                1.09307424 ANGSTROM
 AOCH1=             111.85307005 DEGREE
 AHH1=               61.36406578 DEGREE
 RCH2=                1.08770894 ANGSTROM
 AOCH2=             106.82398488 DEGREE
 RCH3=                1.09307424 ANGSTROM
 AOCH3=             111.85307005 DEGREE
 AHH3=              298.63593422 DEGREE

 **********************************************************************************************************************************

 PROGRAM * ALASKA (Gradient of the energy)     Author: R. Lindh


 CCSD Gradient info restored from record   55555.1

 Number of core orbitals:           2 (   2   0 )
 Number of closed-shell orbitals:   7 (   5   2 )
 Number of external orbitals:     175 ( 108  67 )

 Integral thresholds in T2TRAN:            1.0D-10 (PROD)

 Available memory for Transformation: 497363190 words
 Memory needed for incore algorithm:    5963754 words
 Minimum memory needed:                 2459558 words

 Memory used for transformation:           9.04 MW
 Available memory for gradients:         490.32 MW

 CPU for transformation:                  56.50 sec
 CPU for integrals and gradient:          70.18 sec
 Total CPU:                              126.68 sec

 Prescreening statistics:
 ========================

 Total number of shell quadruplets:        1.18D+04
 Number of shell quadruplets processed:    1.18D+04 (100.00%)

 CCSD GRADIENT FOR STATE 1.1

 Atom          dE/dx               dE/dy               dE/dz

   1         0.000000000        -0.000108871        -0.000116440
   2         0.000000000        -0.000066402         0.000096286
   3         0.000000000         0.000093169         0.000010395
   4         0.000015791         0.000015992         0.000015917
   5        -0.000015791         0.000015992         0.000015917
   6         0.000000000         0.000050119        -0.000022075

 Nuclear force contribution to virial =         0.000425417
 Reading points 1 to 2 from record 700.2,  wavefunction type=CCSD            

 Making model hessian for Z-matrix coordinates
 BFGS update of hessian using  1 points

 Entering Rational Function Geometry Optimization

 Optimization point 2

 Variable                      Last           Current        Next           Gradient       Hessian

 E(CCSD) / Hartree        -115.54651189  -115.54651263  -115.54651268
 RCO / ANGSTROM              1.41997934     1.41991765     1.41982690     0.00019855     2.23988130
 ROH / ANGSTROM              0.95818958     0.95798683     0.95791024     0.00017107     2.45211646
 ACOH / DEGREE             108.21042647   108.31062844   108.32689785    -0.00000077     0.00006584
 RCH1 / ANGSTROM             1.09312547     1.09307424     1.09305452     0.00002789     1.71142796
 AOCH1 / DEGREE            111.89503696   111.85307005   111.86551325    -0.00000080     0.00007264
 AHH1 / DEGREE              61.38282783    61.36406578    61.37464819    -0.00000024     0.00004875
 RCH2 / ANGSTROM             1.08754749     1.08770894     1.08776481    -0.00007480     1.71958357
 AOCH2 / DEGREE            106.72939010   106.82398488   106.80473528     0.00000136     0.00008615
 RCH3 / ANGSTROM             1.09312547     1.09307424     1.09305452     0.00002789     1.71142796
 AOCH3 / DEGREE            111.89503696   111.85307005   111.86551325    -0.00000080     0.00007264
 AHH3 / DEGREE             298.61717217   298.63593422   298.62535181     0.00000024     0.00004875
 Convergence:                0.00000000  (line search)     0.00064834     0.00018381  (total)

 Geometry written to block  3 of record 700

 Running procedure: RUNCCSD


 Recomputing integrals since geometry changed


 PROGRAM * SEWARD (Integral evaluation for generally contracted gaussian basis sets)     Author: Roland Lindh, 1990

 Geometry written to block  3 of record 700

 Orientation using atomic masses  
 Molecule type: Asymmetric top
 Symmetry elements: X
 Rotational constants:      23.9628523     24.8258755    128.6018801 GHz  (calculated with average atomic masses)

 Point group  Cs  



 ATOMIC COORDINATES

 NR  ATOM    CHARGE       X              Y              Z

   1  C       6.00    0.000000000    0.024965303   -1.375619888
   2  O       8.00    0.000000000   -0.121047716    1.303488144
   3  H       1.00    0.000000000    1.563802135    1.965350338
   4  H1      1.00    1.682667436    0.983854645   -2.093781533
   5  H3      1.00   -1.682667436    0.983854645   -2.093781533
   6  H2      1.00    0.000000000   -1.907572923   -2.076116273

 Bond lengths in Bohr (Angstrom)

 1-2  2.683083981  1-4  2.065573678  1-5  2.065573678  1-6  2.055577578  2-3  1.810187997
     ( 1.419826898)     ( 1.093054518)     ( 1.093054518)     ( 1.087764810)     ( 0.957910236)

 Bond angles

  1-2-3  108.32689785   2-1-4  111.86551325   2-1-5  111.86551325   2-1-6  106.80473528

  4-1-5  109.10054935   4-1-6  108.53930568   5-1-6  108.53930568

 NUCLEAR CHARGE:                   18
 NUMBER OF PRIMITIVE AOS:         242
 NUMBER OF SYMMETRY AOS:          216
 NUMBER OF CONTRACTIONS:          184   (  115A'  +   69A"  )
 NUMBER OF INNER CORE ORBITALS:     0   (    0A'  +    0A"  )
 NUMBER OF OUTER CORE ORBITALS:     2   (    2A'  +    0A"  )
 NUMBER OF VALENCE ORBITALS:       12   (    9A'  +    3A"  )


 NUCLEAR REPULSION ENERGY   40.34731956

 Eigenvalues of metric

         1 0.607E-04 0.742E-04 0.202E-03 0.411E-03 0.484E-03 0.760E-03 0.101E-02 0.164E-02
         2 0.893E-04 0.780E-03 0.163E-02 0.268E-02 0.491E-02 0.523E-02 0.637E-02 0.689E-02


 Contracted 2-electron integrals neglected if value below      1.0D-11
 AO integral compression algorithm  1   Integral accuracy      1.0D-11

     382.468 MB (compressed) written to integral file ( 53.5%)


 NUMBER OF SORTED TWO-ELECTRON INTEGRALS:   73489255.     BUFFER LENGTH:  32768
 NUMBER OF SEGMENTS:   5  SEGMENT LENGTH:   15997996      RECORD LENGTH: 524288

 Memory used in sort:      16.56 MW

 SORT1 READ    89369882. AND WROTE    72723303. INTEGRALS IN    212 RECORDS. CPU TIME:     0.73 SEC, REAL TIME:     1.06 SEC
 SORT2 READ    72723303. AND WROTE    73489255. INTEGRALS IN   1459 RECORDS. CPU TIME:     0.82 SEC, REAL TIME:     1.06 SEC

 FILE SIZES:   FILE 1:   413.4 MBYTE,  FILE 4:   889.2 MBYTE,   TOTAL:   1302.6 MBYTE

 OPERATOR DM      FOR CENTER  0  COORDINATES:    0.000000    0.000000    0.000000

 Program * Restricted Hartree-Fock

 Molecular orbitals read from record     2101.2  Type=RHF/CANONICAL (state 1.1)

 NELEC=   18   SYM=1   MS2= 0   THRE=1.0D-09   THRD=1.0D-07   THRG=1.0D-07  HFMA2=F  DIIS_START=2   DIIS_MAX=10   DIIS_INCORE=F

 Level shifts:    0.00 (CLOSED)    0.00 (OPEN)    0.30 (GAP_MIN)

 ITER           ETOT              DE          GRAD        DDIFF     DIIS  NEXP   TIME(IT)  TIME(TOT)  DIAG
   1     -115.09225431    -115.09225431     0.00D+00     0.65D-01     0     0       1.55      1.56    start
   2     -115.09225434      -0.00000004     0.61D-05     0.80D-05     1     0       1.50      3.06    diag
   3     -115.09225435      -0.00000000     0.15D-05     0.20D-05     2     0       1.48      4.54    diag
   4     -115.09225435      -0.00000000     0.38D-06     0.45D-06     3     0       1.31      5.85    diag
   5     -115.09225435      -0.00000000     0.15D-06     0.14D-06     4     0       1.30      7.15    diag
   6     -115.09225435      -0.00000000     0.42D-07     0.52D-07     5     0       1.31      8.46    diag
   7     -115.09225435       0.00000000     0.90D-08     0.95D-08     0     0       1.29      9.75    diag

 Final occupancy:   7   2

 !RHF STATE 1.1 Energy               -115.092254348893
  RHF One-electron energy            -236.926068445525
  RHF Two-electron energy              81.486494532897
  RHF Kinetic energy                  114.923492422930
  RHF Nuclear energy                   40.347319563735
  RHF Virial quotient                  -1.001468471958

 !RHF STATE 1.1 Dipole moment           0.00000000     0.58908077    -0.39106810
 Dipole moment /Debye                   0.00000000     1.49729396    -0.99399596

 Orbital energies:

           1.1          2.1          3.1          4.1          5.1          6.1          7.1          8.1          9.1
    -20.558796   -11.271351    -1.358338    -0.926025    -0.691690    -0.593761    -0.504099     0.028523     0.042978

           1.2          2.2          3.2          4.2
     -0.620790    -0.451691     0.046616     0.129175


 HOMO      2.2    -0.451691 =     -12.2911eV
 LUMO      8.1     0.028523 =       0.7761eV
 LUMO-HOMO         0.480214 =      13.0673eV

 Orbitals saved in record  2101.2


 **********************************************************************************************************************************
 DATASETS  * FILE   NREC   LENGTH (MB)   RECORD NAMES
              1      19      336.40       500      610      700      900      950      970     1000      129      960     1100   
                                          VAR    BASINP    GEOM    SYMINP    ZMAT    AOBASIS   BASIS     P2S    ABASIS      S 
                                         1400     1410     1200     1210     1080     1600     1650     1300     1700   
                                           T        V       H0       H01     AOSYM     SMH    MOLCAS    ERIS     OPER   

              2       8        2.35       700     1000      520     2100      200     2101     8500     9001   
                                         GEOM     BASIS   MCVARS     RHF    OPTIONS    RHF     CPHF    DEN_MP2    

 PROGRAMS   *        TOTAL    HF-SCF      CCSD    HF-SCF       INT
 CPU TIMES  *      2144.37     23.89    852.37     14.53     14.24
 REAL TIME  *       275.04 SEC
 DISK USED  *         1.22 GB
 **********************************************************************************************************************************


 PROGRAM * CCSD (Closed-shell coupled cluster)     Authors: C. Hampel, H.-J. Werner, 1991, M. Deegan, P.J. Knowles, 1992


 Convergence thresholds:  THRVAR = 1.00D-12  THRDEN = 1.00D-08

 Using ITF CCSD gradient implementation

 Number of core orbitals:           2 (   2   0 )
 Number of closed-shell orbitals:   7 (   5   2 )
 Number of external orbitals:     175 ( 108  67 )

 Molecular orbitals read from record     2101.2  Type=RHF/CANONICAL (state 1.1)

 Integral transformation finished. Total CPU:   9.38 sec, npass=  1  Memory used:   8.42 MW
  Reference energy                   -115.092254348893

  MP2 correlation energy               -0.436728350975
  MP2 total energy                   -115.528982699868

 ITER.      SQ.NORM     CORR.ENERGY   TOTAL ENERGY   ENERGY CHANGE        DEN1      VAR(S)    VAR(P)  DIIS     TIME
   1      1.12037622    -0.45317746  -115.54543181    -0.01644911    -0.00558892  1.69e-03  1.94e-03  1  1    16.87
   2      1.12836529    -0.45416117  -115.54641552    -0.00098371    -0.00936329  4.22e-05  2.69e-04  2  2    32.94
   3      1.13074620    -0.45428009  -115.54653443    -0.00011892    -0.00140650  4.44e-06  3.49e-05  3  3    50.08
   4      1.13199233    -0.45428280  -115.54653715    -0.00000272    -0.00092407  1.40e-07  3.37e-06  4  4    65.43
   5      1.13229415    -0.45426216  -115.54651651     0.00002064    -0.00019146  1.82e-08  3.18e-07  5  5    80.85
   6      1.13237309    -0.45425967  -115.54651402     0.00000249    -0.00004910  3.43e-10  1.44e-08  6  0    97.29
   7      1.13238121    -0.45425851  -115.54651286     0.00000116    -0.00000617  6.13e-11  1.04e-09  6  1   115.16
   8      1.13238141    -0.45425837  -115.54651271     0.00000014    -0.00000046  4.13e-12  1.04e-10  6  2   130.19
   9      1.13238133    -0.45425835  -115.54651270     0.00000002     0.00000001  1.63e-13  1.09e-11  6  3   147.29
  10      1.13238138    -0.45425834  -115.54651269     0.00000000    -0.00000004  2.86e-14  7.46e-13         163.90

 Norm of t1 vector:      0.05240804     S-energy:      0.00000000   T1 diagnostic:  0.00990419

 Time per iteration:                     16.39 sec

 RESULTS
 =======

  Reference energy                   -115.092254348893
  CCSD correlation energy              -0.454258343377
 !CCSD total energy                  -115.546512692270

 Starting CP-CCSD iterations.   Author: W. Gyorffy (2012)

 ITER.      NRM1           NRM2      VAR(S)+VAR(P)   DIIS    TIME
   1     0.00162126     0.38314161     5.24e-04      1  1   16.51
   2     0.00147077     0.37934864     3.80e-05      2  2   33.54
   3     0.00136693     0.37886775     4.69e-06      3  3   50.88
   4     0.00131745     0.37847787     8.85e-07      4  4   67.47
   5     0.00129011     0.37838431     9.04e-08      5  5   83.72
   6     0.00127994     0.37835129     9.08e-09      6  0  100.72
   7     0.00127723     0.37834749     1.09e-09      6  1  117.23
   8     0.00127653     0.37834625     1.42e-10      6  2  133.41
   9     0.00127639     0.37834613     1.91e-11      6  3  149.75
  10     0.00127636     0.37834608     2.49e-12      6  4  166.79
  11     0.00127636     0.37834606     2.84e-13            183.43


 Time per iteration:                     16.68 sec


 CPHF trial vector read from record  8500.2

 Starting Coupled-perturbed Hartree-Fock, convergence threshold= 1.0D-06

 ITER   MIC  DIIS      VAR         VARC       CPU
   1     0     1    0.14D-03    0.13D-04     1.23
   2     3     2    0.51D-06    0.27D-06     2.47

 CPHF convergence reached in  2 macroiterations and    3 microiterations.   Accuracy: 5.0716D-07

 CPHF solution written to record  8500.2

 Dipole moments (unrelaxed):            0.00000000     0.55184647    -0.36545658
 Orbital relaxation contribution:      -0.00000000     0.00434667    -0.00312193
 !CCSD STATE 1.1 Dipole moment          0.00000000     0.55619315    -0.36857850
 Dipole moment /Debye                   0.00000000     1.41370197    -0.93683311

 CPU-time for coupled-perturbed hartree-fock:          2.48 sec

 Number of N-1 electron functions:               7
 Number of N-2 electron functions:              28
 Number of singly external CSFs:               674
 Number of doubly external CSFs:            379551
 Total number of CSFs:                      380226

 CCSD gradient info saved on record        55555.1




 **********************************************************************************************************************************
 DATASETS  * FILE   NREC   LENGTH (MB)   RECORD NAMES
              1      21      455.50       500      610      700      900      950      970     1000      129      960     1100   
                                          VAR    BASINP    GEOM    SYMINP    ZMAT    AOBASIS   BASIS     P2S    ABASIS      S 
                                         1400     1410     1200     1210     1080     1600     1650     1300     1700     1380   
                                           T        V       H0       H01     AOSYM     SMH    MOLCAS    ERIS     OPER     JKOP   
                                        55555   
                                         CCSD   

              2       8        2.35       700     1000      520     2100      200     2101     8500     9001   
                                         GEOM     BASIS   MCVARS     RHF    OPTIONS    RHF     CPHF    DEN_MP2    

 PROGRAMS   *        TOTAL      CCSD      CCSD    HF-SCF       INT
 CPU TIMES  *      2618.19    473.81    852.37     14.53     14.24
 REAL TIME  *       337.15 SEC
 DISK USED  *         1.22 GB
 **********************************************************************************************************************************

 Current geometry (xyz format, in Angstrom)


 Dump information in style XYZ to ch3oh_maxima_mp2_2.xyz                                                          

    6
 CCSD/AUG-CC-PVTZ  OPTSTEP=2  ENERGY=-115.54651269
 C          0.0000000000        0.0132110694       -0.7279466958
 O          0.0000000000       -0.0640556928        0.6897762205
 H          0.0000000000        0.8275284525        1.0400186104
 H          0.8904292609        0.5206334570       -1.1079814720
 H          0.0000000000       -1.0094441191       -1.0986334187
 H         -0.8904292609        0.5206334570       -1.1079814720

 **********************************************************************************************************************************

 PROGRESS OF GEOMETRY OPTIMIZATION.    TOTAL CPU:      1736.9 SEC
   1  -115.54651189  -115.54651263    -0.00000074  0.00040372  0.00062906  0.00018967  0.00174885  0.00270997  0.00024636
   2  -115.54651263  -115.54651269    -0.00000006  0.00010507  0.00018381  0.00005542  0.00033597  0.00064834  0.00005894

 **********************************************************************************************************************************

 Current geometry (xyz format, in Angstrom)


 Dump information in style XYZ to ch3oh_maxima_mp2.xyz                                                            

    6
 CCSD/AUG-CC-PVTZ  ENERGY=-115.54651269
 C          0.0000000000        0.0132110694       -0.7279466958
 O          0.0000000000       -0.0640556928        0.6897762205
 H          0.0000000000        0.8275284525        1.0400186104
 H          0.8904292609        0.5206334570       -1.1079814720
 H          0.0000000000       -1.0094441191       -1.0986334187
 H         -0.8904292609        0.5206334570       -1.1079814720

 **********************************************************************************************************************************

 Current variables
 RCO=                 1.41982690 ANGSTROM
 ROH=                 0.95791024 ANGSTROM
 ACOH=              108.32689785 DEGREE
 RCH1=                1.09305452 ANGSTROM
 AOCH1=             111.86551325 DEGREE
 AHH1=               61.37464819 DEGREE
 RCH2=                1.08776481 ANGSTROM
 AOCH2=             106.80473528 DEGREE
 RCH3=                1.09305452 ANGSTROM
 AOCH3=             111.86551325 DEGREE
 AHH3=              298.62535181 DEGREE

 **********************************************************************************************************************************

 Recomputing wavefunction for reoriented structure

 Running procedure: RUNCCSD


 Program * Restricted Hartree-Fock

 Molecular orbitals read from record     2101.2  Type=RHF/CANONICAL (state 1.1)

 NELEC=   18   SYM=1   MS2= 0   THRE=1.0D-10   THRD=1.0D-07   THRG=1.0D-07  HFMA2=F  DIIS_START=2   DIIS_MAX=10   DIIS_INCORE=F

 Level shifts:    0.00 (CLOSED)    0.00 (OPEN)    0.30 (GAP_MIN)

 ITER           ETOT              DE          GRAD        DDIFF     DIIS  NEXP   TIME(IT)  TIME(TOT)  DIAG
   1     -115.09225435    -115.09225435     0.00D+00     0.65D-01     0     0       1.43      1.44    start
   2     -115.09225435      -0.00000000     0.44D-08     0.45D-08     1     0       1.30      2.74    diag

 Final occupancy:   7   2

 !RHF STATE 1.1 Energy               -115.092254348894
  RHF One-electron energy            -236.926067252969
  RHF Two-electron energy              81.486493340340
  RHF Kinetic energy                  114.923491445107
  RHF Nuclear energy                   40.347319563735
  RHF Virial quotient                  -1.001468480479

 !RHF STATE 1.1 Dipole moment           0.00000000     0.58908058    -0.39106798
 Dipole moment /Debye                   0.00000000     1.49729349    -0.99399566

 Orbital energies:

           1.1          2.1          3.1          4.1          5.1          6.1          7.1          8.1          9.1
    -20.558795   -11.271351    -1.358338    -0.926025    -0.691689    -0.593761    -0.504099     0.028523     0.042978

           1.2          2.2          3.2          4.2
     -0.620790    -0.451691     0.046616     0.129175


 HOMO      2.2    -0.451691 =     -12.2911eV
 LUMO      8.1     0.028523 =       0.7761eV
 LUMO-HOMO         0.480213 =      13.0673eV

 Orbitals saved in record  2101.2


 **********************************************************************************************************************************
 DATASETS  * FILE   NREC   LENGTH (MB)   RECORD NAMES
              1      21      455.50       500      610      700      900      950      970     1000      129      960     1100   
                                          VAR    BASINP    GEOM    SYMINP    ZMAT    AOBASIS   BASIS     P2S    ABASIS      S 
                                         1400     1410     1200     1210     1080     1600     1650     1300     1700     1380   
                                           T        V       H0       H01     AOSYM     SMH    MOLCAS    ERIS     OPER     JKOP   
                                        55555   
                                         CCSD   

              2       8        2.35       700     1000      520     2100      200     2101     8500     9001   
                                         GEOM     BASIS   MCVARS     RHF    OPTIONS    RHF     CPHF    DEN_MP2    

 PROGRAMS   *        TOTAL    HF-SCF      CCSD    HF-SCF       INT
 CPU TIMES  *      2620.96      2.76    852.37     14.53     14.24
 REAL TIME  *       338.01 SEC
 DISK USED  *         1.22 GB
 **********************************************************************************************************************************


 PROGRAM * CCSD (Closed-shell coupled cluster)     Authors: C. Hampel, H.-J. Werner, 1991, M. Deegan, P.J. Knowles, 1992


 Convergence thresholds:  THRVAR = 1.00D-12  THRDEN = 1.00D-08

 Number of core orbitals:           2 (   2   0 )
 Number of closed-shell orbitals:   7 (   5   2 )
 Number of external orbitals:     175 ( 108  67 )

 Molecular orbitals read from record     2101.2  Type=RHF/CANONICAL (state 1.1)

 Number of N-1 electron functions:               7
 Number of N-2 electron functions:              28
 Number of singly external CSFs:               674
 Number of doubly external CSFs:            379551
 Total number of CSFs:                      380226

 Length of J-op  integral file:               0.00 MB
 Length of K-op  integral file:               1.27 MB
 Length of 3-ext integral record:             0.00 MB

 Integral transformation finished. Total CPU:   9.18 sec, npass=  1  Memory used:   8.42 MW

 Reference energy:                   -115.09225435

 MP2 singlet pair energy:              -0.28674375
 MP2 triplet pair energy:              -0.14998458
 MP2 correlation energy:               -0.43672833
 MP2 total energy:                   -115.52898268

 SCS-MP2 correlation energy:           -0.43741624   (PS=  1.200000  PT=  0.333333)
 SCS-MP2 total energy:               -115.52967059

 ITER.      SQ.NORM     CORR.ENERGY   TOTAL ENERGY   ENERGY CHANGE        DEN1      VAR(S)    VAR(P)  DIIS     TIME  TIME/IT
   1      1.12025847    -0.45309634  -115.54535068    -0.01636801    -0.00559587  0.16D-02  0.19D-02  1  1    76.18     5.83
   2      1.12852062    -0.45418853  -115.54644288    -0.00109220    -0.00965317  0.20D-04  0.25D-03  2  2   134.85     5.57
   3      1.13137903    -0.45427658  -115.54653093    -0.00008805    -0.00185064  0.16D-04  0.11D-04  3  3   197.82     5.61
   4      1.13215190    -0.45426177  -115.54651612     0.00001481    -0.00036610  0.93D-06  0.12D-05  4  4   259.51     5.61
   5      1.13232082    -0.45426319  -115.54651754    -0.00000142    -0.00005319  0.23D-06  0.10D-06  5  5   326.51     5.70
   6      1.13236751    -0.45425943  -115.54651378     0.00000376    -0.00000987  0.37D-07  0.97D-08  6  6   389.78     5.71
   7      1.13237783    -0.45425848  -115.54651283     0.00000095    -0.00000151  0.49D-08  0.21D-08  6  2   450.24     5.68
   8      1.13238040    -0.45425839  -115.54651274     0.00000009    -0.00000001  0.80D-09  0.27D-09  6  1   514.97     5.70
   9      1.13238144    -0.45425832  -115.54651267     0.00000007     0.00000019  0.75D-10  0.29D-10  6  3   576.56     5.69
  10      1.13238162    -0.45425832  -115.54651267     0.00000000     0.00000001  0.11D-10  0.41D-11  6  4   640.01     5.70
  11      1.13238147    -0.45425834  -115.54651269    -0.00000002     0.00000011  0.14D-11  0.71D-12  6  6   705.23     5.71
  12      1.13238143    -0.45425834  -115.54651269    -0.00000000     0.00000002  0.19D-12  0.62D-13  6  5   764.77     5.69
  13      1.13238140    -0.45425834  -115.54651269    -0.00000000     0.00000001  0.19D-13  0.93D-14  6  1   832.06     5.72

 Norm of t1 vector:      0.05240814      S-energy:     0.00000000      T1 diagnostic:  0.00990421
                                                                       D1 diagnostic:  0.02313328
                                                                       D2 diagnostic:  0.13786717 (internal)


 RESULTS
 =======

  Reference energy                   -115.092254348893
  CCSD singlet pair energy             -0.318125281257
  CCSD triplet pair energy             -0.136133063117
  CCSD correlation energy              -0.454258343194

 !CCSD total energy                  -115.546512692088

 Timing summary (sec):

 STEP                 CPU(USER)    SYS     CPU(TOT)    WALL
 Transformation         11.48      0.17     11.65      1.57
 CCSD iterations       822.07     24.38    846.45     74.50

 Program statistics:

 Available memory in ccsd:               499998883
 Min. memory needed in ccsd:               1222254
 Max. memory used in ccsd:                 1536732
 Max. memory used in cckext:               2035678 (13 integral passes)



 **********************************************************************************************************************************
 DATASETS  * FILE   NREC   LENGTH (MB)   RECORD NAMES
              1      21      455.50       500      610      700      900      950      970     1000      129      960     1100   
                                          VAR    BASINP    GEOM    SYMINP    ZMAT    AOBASIS   BASIS     P2S    ABASIS      S 
                                         1400     1410     1200     1210     1080     1600     1650     1300     1700     1380   
                                           T        V       H0       H01     AOSYM     SMH    MOLCAS    ERIS     OPER     JKOP   
                                        55555   
                                         CCSD   

              2       8        2.35       700     1000      520     2100      200     2101     8500     9001   
                                         GEOM     BASIS   MCVARS     RHF    OPTIONS    RHF     CPHF    DEN_MP2    

 PROGRAMS   *        TOTAL      CCSD      CCSD    HF-SCF       INT
 CPU TIMES  *      3454.59    833.61    852.37     14.53     14.24
 REAL TIME  *       414.13 SEC
 DISK USED  *         1.22 GB
 **********************************************************************************************************************************

 PROGRAM * ALASKA (Gradient of the energy)     Author: R. Lindh


 CCSD Gradient info restored from record   55555.1

 Number of core orbitals:           2 (   2 )
 Number of closed-shell orbitals:   7 (   7 )
 Number of external orbitals:     175 ( 175 )

 Integral thresholds in T2TRAN:            1.0D-10 (PROD)

 Available memory for Transformation: 497467824 words
 Memory needed for incore algorithm:   11782801 words
 Minimum memory needed:                 3718915 words

 Memory used for transformation:          16.57 MW
 Available memory for gradients:         482.90 MW

 CPU for transformation:                 160.63 sec
 CPU for integrals and gradient:         115.70 sec
 Total CPU:                              276.33 sec

 Prescreening statistics:
 ========================

 Total number of shell quadruplets:        2.22D+04
 Number of shell quadruplets processed:    2.22D+04 (100.00%)

 CCSD GRADIENT FOR STATE 1.1

 Atom          dE/dx               dE/dy               dE/dz

   1         0.004543655         0.000160468        -0.000103602
   2        -0.000189198        -0.000022054         0.000065331
   3        -0.000009258         0.000013811        -0.000003158
   4        -0.000227903         0.002287410         0.000756157
   5        -0.004172060        -0.000037600         0.000022341
   6         0.000054763        -0.002402035        -0.000737068

 Nuclear force contribution to virial =         0.000004490
 Reading points 1 to 1 from record 701.2,  wavefunction type=CCSD            

 Making model hessian for Z-matrix coordinates
 No hessian update for point  1

 Entering Rational Function Geometry Optimization

 Optimization point 1

 Variable                      Last           Current        Next           Gradient       Hessian

 E(CCSD) / Hartree           0.00000000  -115.54633358  -115.54652012
 RCO / ANGSTROM              0.00000000     1.41982690     1.41977975     0.00011798     2.23769577
 ROH / ANGSTROM              0.00000000     0.95791024     0.95790364     0.00002310     2.54143528
 ACOH / DEGREE               0.00000000   108.32689785   108.32869833    -0.00000026     0.00007352
 RCH1 / ANGSTROM             0.00000000     1.09305452     1.09224974     0.00139304     1.71455294
 AOCH1 / DEGREE              0.00000000   111.86551325   111.86427726    -0.00003515     0.00006964
 AHH1 / DEGREE               0.00000000    61.37464819    63.37464819    -0.00006988     0.00004804
 RCH2 / ANGSTROM             0.00000000     1.08776481     1.08782312    -0.00009296     1.74677645
 AOCH2 / DEGREE              0.00000000   106.80473528   106.77851452    -0.00000030     0.00007520
 RCH3 / ANGSTROM             0.00000000     1.09305452     1.09390500    -0.00146991     1.71458423
 AOCH3 / DEGREE              0.00000000   111.86551325   111.83112981     0.00003476     0.00006880
 AHH3 / DEGREE               0.00000000   298.62535181   300.62535181    -0.00007316     0.00004920
 Convergence:                0.00000000  (line search)     0.04942091     0.00654047  (total)

 Geometry written to block  2 of record 701

 Running procedure: RUNCCSD


 Recomputing integrals since geometry changed


 PROGRAM * SEWARD (Integral evaluation for generally contracted gaussian basis sets)     Author: Roland Lindh, 1990

 Geometry written to block  2 of record 701

 Orientation using atomic masses  
 Molecule type: Asymmetric top
 Rotational constants:      23.9668120     24.8289309    128.5685421 GHz  (calculated with average atomic masses)

 Point group  C1  



 ATOMIC COORDINATES

 NR  ATOM    CHARGE       X              Y              Z

   1  C       6.00    0.001436570    0.024923425   -1.375639051
   2  O       8.00    0.001045965   -0.121027137    1.303383132
   3  H       1.00   -0.014867109    1.563731866    1.965251212
   4  H1      1.00    1.706013791    0.939646834   -2.095369455
   5  H2      1.00   -0.066209372   -1.906889211   -2.075193319
   6  H3      1.00   -1.658659011    1.027621383   -2.091122191

 Bond lengths in Bohr (Angstrom)

 1-2  2.682994890  1-4  2.064052875  1-5  2.055687770  1-6  2.067180847  2-3  1.810175538
     ( 1.419779753)     ( 1.092249744)     ( 1.087823121)     ( 1.093904995)     ( 0.957903643)

 Bond angles

  1-2-3  108.32869833   2-1-4  111.86427726   2-1-5  106.77851452   2-1-6  111.83112981

  4-1-5  108.96415876   4-1-6  109.12062308   5-1-6  108.15666100

 NUCLEAR CHARGE:                   18
 NUMBER OF PRIMITIVE AOS:         242
 NUMBER OF SYMMETRY AOS:          216
 NUMBER OF CONTRACTIONS:          184   (  184A   )
 NUMBER OF INNER CORE ORBITALS:     0   (    0A   )
 NUMBER OF OUTER CORE ORBITALS:     2   (    2A   )
 NUMBER OF VALENCE ORBITALS:       12   (   12A   )


 NUCLEAR REPULSION ENERGY   40.34844155

 Eigenvalues of metric

         1 0.607E-04 0.743E-04 0.893E-04 0.202E-03 0.411E-03 0.484E-03 0.761E-03 0.781E-03


 Contracted 2-electron integrals neglected if value below      1.0D-11
 AO integral compression algorithm  1   Integral accuracy      1.0D-11

     708.837 MB (compressed) written to integral file ( 52.2%)


 NUMBER OF SORTED TWO-ELECTRON INTEGRALS:  144848710.     BUFFER LENGTH:  32768
 NUMBER OF SEGMENTS:  10  SEGMENT LENGTH:   15999503      RECORD LENGTH: 524288

 Memory used in sort:      16.56 MW

 SORT1 READ   169623812. AND WROTE   143539199. INTEGRALS IN    414 RECORDS. CPU TIME:     1.15 SEC, REAL TIME:     1.75 SEC
 SORT2 READ   143539199. AND WROTE   144848710. INTEGRALS IN   2704 RECORDS. CPU TIME:     1.26 SEC, REAL TIME:     1.71 SEC

 FILE SIZES:   FILE 1:   740.4 MBYTE,  FILE 4:  1736.5 MBYTE,   TOTAL:   2476.9 MBYTE

 OPERATOR DM      FOR CENTER  0  COORDINATES:    0.000000    0.000000    0.000000

 Program * Restricted Hartree-Fock

 Molecular orbitals read from record     2102.2  Type=RHF/CANONICAL (state 1.1)

 NELEC=   18   SYM=1   MS2= 0   THRE=1.0D-09   THRD=1.0D-06   THRG=1.0D-06  HFMA2=F  DIIS_START=2   DIIS_MAX=10   DIIS_INCORE=F

 Level shifts:    0.00 (CLOSED)    0.00 (OPEN)    0.30 (GAP_MIN)

 ITER           ETOT              DE          GRAD        DDIFF     DIIS  NEXP   TIME(IT)  TIME(TOT)  DIAG
   1     -115.08957908    -115.08957908     0.00D+00     0.47D-01     0     0       9.47      9.47    start
   2     -115.09189522      -0.00231614     0.10D-02     0.11D-02     1     0       9.40     18.87    diag
   3     -115.09221996      -0.00032474     0.29D-03     0.32D-03     2     0       8.75     27.62    diag
   4     -115.09224168      -0.00002172     0.65D-04     0.10D-03     3     0       9.24     36.86    diag
   5     -115.09224219      -0.00000051     0.12D-04     0.16D-04     4     0       9.05     45.91    diag
   6     -115.09224227      -0.00000008     0.54D-05     0.52D-05     5     0       9.28     55.19    diag
   7     -115.09224229      -0.00000002     0.18D-05     0.22D-05     6     0       9.27     64.46    diag
   8     -115.09224229      -0.00000000     0.54D-06     0.76D-06     7     0       9.19     73.65    fixocc
   9     -115.09224229      -0.00000000     0.12D-06     0.18D-06     8     0       9.39     83.04    diag
  10     -115.09224229      -0.00000000     0.25D-07     0.34D-07     0     0       9.34     92.38    diag/orth

 Final occupancy:   9

 !RHF STATE 1.1 Energy               -115.092242289415
  RHF One-electron energy            -236.928436796433
  RHF Two-electron energy              81.487752957413
  RHF Kinetic energy                  114.923591965957
  RHF Nuclear energy                   40.348441549606
  RHF Virial quotient                  -1.001467499584

 !RHF STATE 1.1 Dipole moment          -0.00683529     0.58911842    -0.39097498
 Dipole moment /Debye                  -0.01737359     1.49738968    -0.99375926

 Orbital energies:

           1.1          2.1          3.1          4.1          5.1          6.1          7.1          8.1          9.1         10.1
    -20.558762   -11.271358    -1.358345    -0.925995    -0.691683    -0.620882    -0.593700    -0.504046    -0.451697     0.028523

          11.1
      0.042982


 HOMO      9.1    -0.451697 =     -12.2913eV
 LUMO     10.1     0.028523 =       0.7761eV
 LUMO-HOMO         0.480219 =      13.0674eV

 Orbitals saved in record  2102.2


 **********************************************************************************************************************************
 DATASETS  * FILE   NREC   LENGTH (MB)   RECORD NAMES
              1      20      623.06       500      610      700      701      900      950      970     1001      129      960   
                                          VAR    BASINP    GEOM     GEOM    SYMINP    ZMAT    AOBASIS   BASIS     P2S    ABASIS    
                                         1100     1400     1410     1200     1210     1080     1600     1650     1300     1700   
                                           S        T        V       H0       H01     AOSYM     SMH    MOLCAS    ERIS     OPER   

              2      12        3.69       700     1000      520     2100      200     2101     8500     9001      701     1001   
                                         GEOM     BASIS   MCVARS     RHF    OPTIONS    RHF     CPHF    DEN_MP2   GEOM     BASIS   
                                         2102     9001(1)
                                          RHF    DEN_MP2    

 PROGRAMS   *        TOTAL    HF-SCF      CCSD    HF-SCF       INT      OPTG      CCSD    HF-SCF       INT
 CPU TIMES  *      4794.78    114.14    804.31    122.82     21.44   2573.31    852.37     14.53     14.24
 REAL TIME  *       622.23 SEC
 DISK USED  *         2.31 GB
 **********************************************************************************************************************************


 PROGRAM * CCSD (Closed-shell coupled cluster)     Authors: C. Hampel, H.-J. Werner, 1991, M. Deegan, P.J. Knowles, 1992


 Convergence thresholds:  THRVAR = 1.00D-12  THRDEN = 1.00D-08

 Using ITF CCSD gradient implementation

 Number of core orbitals:           2 (   2 )
 Number of closed-shell orbitals:   7 (   7 )
 Number of external orbitals:     175 ( 175 )

 Molecular orbitals read from record     2102.2  Type=RHF/CANONICAL (state 1.1)

 Integral transformation finished. Total CPU:  22.78 sec, npass=  1  Memory used:  27.38 MW
  Reference energy                   -115.092242289415

  MP2 correlation energy               -0.436728115933
  MP2 total energy                   -115.528970405349

 ITER.      SQ.NORM     CORR.ENERGY   TOTAL ENERGY   ENERGY CHANGE        DEN1      VAR(S)    VAR(P)  DIIS     TIME
   1      1.12037601    -0.45317756  -115.54541985    -0.01644944    -0.00558918  1.69e-03  1.94e-03  1  1    23.22
   2      1.12836531    -0.45416137  -115.54640366    -0.00098381    -0.00936334  4.22e-05  2.69e-04  2  2    45.99
   3      1.13074642    -0.45428028  -115.54652257    -0.00011892    -0.00140659  4.44e-06  3.49e-05  3  3    68.53
   4      1.13199264    -0.45428301  -115.54652530    -0.00000272    -0.00092410  1.40e-07  3.37e-06  4  4    92.76
   5      1.13229449    -0.45426236  -115.54650465     0.00002064    -0.00019147  1.82e-08  3.18e-07  5  5   116.82
   6      1.13237344    -0.45425987  -115.54650216     0.00000249    -0.00004910  3.43e-10  1.44e-08  6  0   139.36
   7      1.13238157    -0.45425871  -115.54650100     0.00000116    -0.00000617  6.13e-11  1.04e-09  6  1   161.99
   8      1.13238176    -0.45425857  -115.54650086     0.00000014    -0.00000046  4.13e-12  1.04e-10  6  2   184.15
   9      1.13238168    -0.45425855  -115.54650084     0.00000002     0.00000001  1.63e-13  1.09e-11  6  3   208.31
  10      1.13238174    -0.45425855  -115.54650084     0.00000000    -0.00000004  2.86e-14  7.46e-13         231.95

 Norm of t1 vector:      0.05240973     S-energy:      0.00000001   T1 diagnostic:  0.00990451

 Time per iteration:                     23.20 sec

 RESULTS
 =======

  Reference energy                   -115.092242289415
  CCSD correlation energy              -0.454258545959
 !CCSD total energy                  -115.546500835374

 Starting CP-CCSD iterations.   Author: W. Gyorffy (2012)

 ITER.      NRM1           NRM2      VAR(S)+VAR(P)   DIIS    TIME
   1     0.00162134     0.38313838     5.24e-04      1  1   25.61
   2     0.00147084     0.37934515     3.80e-05      2  2   51.84
   3     0.00136699     0.37886424     4.69e-06      3  3   77.38
   4     0.00131750     0.37847431     8.86e-07      4  4  102.65
   5     0.00129016     0.37838074     9.05e-08      5  5  127.21
   6     0.00127998     0.37834771     9.09e-09      6  0  152.50
   7     0.00127727     0.37834390     1.09e-09      6  1  180.65
   8     0.00127656     0.37834267     1.42e-10      6  2  206.48
   9     0.00127643     0.37834254     1.91e-11      6  3  232.35
  10     0.00127640     0.37834249     2.49e-12      6  4  259.26
  11     0.00127640     0.37834248     2.84e-13            286.14


 Time per iteration:                     26.01 sec


 CPHF trial vector read from record  8500.2

 Starting Coupled-perturbed Hartree-Fock, convergence threshold= 1.0D-06

 ITER   MIC  DIIS      VAR         VARC       CPU
   1     0     1    0.30D-01    0.75D-03     9.40
   2     3     2    0.21D-04    0.16D-04    18.19
   3     3     3    0.88D-06    0.28D-06    27.54

 CPHF convergence reached in  3 macroiterations and    6 microiterations.   Accuracy: 8.7793D-07

 CPHF solution written to record  8500.2

 Dipole moments (unrelaxed):           -0.00685071     0.55189381    -0.36537386
 Orbital relaxation contribution:       0.00002787     0.00434567    -0.00312283
 !CCSD STATE 1.1 Dipole moment         -0.00682284     0.55623948    -0.36849669
 Dipole moment /Debye                  -0.01734193     1.41381973    -0.93662515

 CPU-time for coupled-perturbed hartree-fock:         27.89 sec

 Number of N-1 electron functions:               7
 Number of N-2 electron functions:              28
 Number of singly external CSFs:              1225
 Number of doubly external CSFs:            750925
 Total number of CSFs:                      752151

 CCSD gradient info saved on record        55555.1




 **********************************************************************************************************************************
 DATASETS  * FILE   NREC   LENGTH (MB)   RECORD NAMES
              1      22      859.06       500      610      700      701      900      950      970     1001      129      960   
                                          VAR    BASINP    GEOM     GEOM    SYMINP    ZMAT    AOBASIS   BASIS     P2S    ABASIS    
                                         1100     1400     1410     1200     1210     1080     1600     1650     1300     1700   
                                           S        T        V       H0       H01     AOSYM     SMH    MOLCAS    ERIS     OPER   
                                         1380    55555   
                                         JKOP     CCSD   

              2      12        3.69       700     1000      520     2100      200     2101     8500     9001      701     1001   
                                         GEOM     BASIS   MCVARS     RHF    OPTIONS    RHF     CPHF    DEN_MP2   GEOM     BASIS   
                                         2102     9001(1)
                                          RHF    DEN_MP2    

 PROGRAMS   *        TOTAL      CCSD    HF-SCF      CCSD    HF-SCF       INT      OPTG      CCSD    HF-SCF       INT
 CPU TIMES  *      5582.21    787.41    114.14    804.31    122.82     21.44   2573.31    852.37     14.53     14.24
 REAL TIME  *       730.13 SEC
 DISK USED  *         2.31 GB
 **********************************************************************************************************************************

 Current geometry (xyz format, in Angstrom)


 Dump information in style XYZ to ch3oh_maxima_mp2_1.xyz                                                          

    6
 CCSD/AUG-CC-PVTZ  OPTSTEP=1  ENERGY=-115.54650084
 C          0.0007601999        0.0131889086       -0.7279568364
 O          0.0005535009       -0.0640448027        0.6897206505
 H         -0.0078673354        0.8274912675        1.0399661552
 H          0.9027836197        0.4972396909       -1.1088217639
 H         -0.0350364907       -1.0090823142       -1.0981450125
 H         -0.8777245494        0.5437938173       -1.1065742089

 **********************************************************************************************************************************

 PROGRESS OF GEOMETRY OPTIMIZATION.    TOTAL CPU:      2127.6 SEC
   1  -115.54633358  -115.54650084    -0.00016726  0.00419166  0.00654047  0.00197203  0.03490659  0.04942091  0.00449281

 **********************************************************************************************************************************

 Current geometry (xyz format, in Angstrom)


 Dump information in style XYZ to ch3oh_maxima_mp2.xyz                                                            

    6
 CCSD/AUG-CC-PVTZ  ENERGY=-115.54650084
 C          0.0007601999        0.0131889086       -0.7279568364
 O          0.0005535009       -0.0640448027        0.6897206505
 H         -0.0078673354        0.8274912675        1.0399661552
 H          0.9027836197        0.4972396909       -1.1088217639
 H         -0.0350364907       -1.0090823142       -1.0981450125
 H         -0.8777245494        0.5437938173       -1.1065742089

 **********************************************************************************************************************************

 Current variables
 RCO=                 1.41977975 ANGSTROM
 ROH=                 0.95790364 ANGSTROM
 ACOH=              108.32869833 DEGREE
 RCH1=                1.09224974 ANGSTROM
 AOCH1=             111.86427726 DEGREE
 AHH1=               63.37464819 DEGREE
 RCH2=                1.08782312 ANGSTROM
 AOCH2=             106.77851452 DEGREE
 RCH3=                1.09390500 ANGSTROM
 AOCH3=             111.83112981 DEGREE
 AHH3=              300.62535181 DEGREE

 **********************************************************************************************************************************

 PROGRAM * ALASKA (Gradient of the energy)     Author: R. Lindh


 CCSD Gradient info restored from record   55555.1

 Number of core orbitals:           2 (   2 )
 Number of closed-shell orbitals:   7 (   7 )
 Number of external orbitals:     175 ( 175 )

 Integral thresholds in T2TRAN:            1.0D-10 (PROD)

 Available memory for Transformation: 497467824 words
 Memory needed for incore algorithm:   11782801 words
 Minimum memory needed:                 3718915 words

 Memory used for transformation:          16.57 MW
 Available memory for gradients:         482.90 MW

 CPU for transformation:                 161.60 sec
 CPU for integrals and gradient:         115.28 sec
 Total CPU:                              276.88 sec

 Prescreening statistics:
 ========================

 Total number of shell quadruplets:        2.22D+04
 Number of shell quadruplets processed:    2.22D+04 (100.00%)

 CCSD GRADIENT FOR STATE 1.1

 Atom          dE/dx               dE/dy               dE/dz

   1         0.001766735        -0.000018247        -0.000111884
   2         0.000071965        -0.000032780        -0.000030554
   3        -0.000145940         0.000015742        -0.000010386
   4        -0.000402459         0.000162601         0.000316106
   5        -0.000800390        -0.000022619         0.000059767
   6        -0.000489911        -0.000104697        -0.000223049

 Nuclear force contribution to virial =         0.000073945
 Reading points 1 to 2 from record 701.2,  wavefunction type=CCSD            

 Making model hessian for Z-matrix coordinates
 BFGS update of hessian using  1 points

 Entering Rational Function Geometry Optimization

 Optimization point 2

 Variable                      Last           Current        Next           Gradient       Hessian

 E(CCSD) / Hartree        -115.54633358  -115.54650084  -115.54650591
 RCO / ANGSTROM              1.41982690     1.41977975     1.41981149    -0.00007548     2.23824389
 ROH / ANGSTROM              0.95791024     0.95790364     0.95789085     0.00002294     2.54156861
 ACOH / DEGREE             108.32689785   108.32869833   108.33697138    -0.00000050     0.00007356
 RCH1 / ANGSTROM             1.09305452     1.09224974     1.09272972    -0.00070020     1.72830281
 AOCH1 / DEGREE            111.86551325   111.86427726   111.86035369    -0.00000655     0.00007105
 AHH1 / DEGREE              61.37464819    63.37464819    63.78607410    -0.00001148     0.00004915
 RCH2 / ANGSTROM             1.08776481     1.08782312     1.08778418     0.00005151     1.74658379
 AOCH2 / DEGREE            106.80473528   106.77851452   106.80469295    -0.00000258     0.00007639
 RCH3 / ANGSTROM             1.09305452     1.09390500     1.09335189     0.00079340     1.72180098
 AOCH3 / DEGREE            111.86551325   111.83112981   111.88025411     0.00000236     0.00007063
 AHH3 / DEGREE             298.62535181   300.62535181   301.03068479    -0.00001161     0.00005062
 Convergence:                0.00000000  (line search)     0.01022273     0.00117190  (total)

 Geometry written to block  3 of record 701

 Running procedure: RUNCCSD


 Recomputing integrals since geometry changed


 PROGRAM * SEWARD (Integral evaluation for generally contracted gaussian basis sets)     Author: Roland Lindh, 1990

 Geometry written to block  3 of record 701

 Orientation using atomic masses  
 Molecule type: Asymmetric top
 Rotational constants:      23.9628284     24.8254761    128.6112128 GHz  (calculated with average atomic masses)

 Point group  C1  



 ATOMIC COORDINATES

 NR  ATOM    CHARGE       X              Y              Z

   1  C       6.00    0.000447797    0.024972351   -1.375603467
   2  O       8.00    0.000172267   -0.121045031    1.303475148
   3  H       1.00   -0.000278150    1.563652819    1.965623850
   4  H1      1.00    1.719703052    0.912497534   -2.097074042
   5  H2      1.00   -0.084878305   -1.905748111   -2.076023076
   6  H3      1.00   -1.642617184    1.053409652   -2.090845126

 Bond lengths in Bohr (Angstrom)

 1-2  2.683054859  1-4  2.064959896  1-5  2.055614184  1-6  2.066135630  2-3  1.810151362
     ( 1.419811487)     ( 1.092729718)     ( 1.087784181)     ( 1.093351890)     ( 0.957890849)

 Bond angles

  1-2-3  108.33697138   2-1-4  111.86035369   2-1-5  106.80469295   2-1-6  111.88025411

  4-1-5  108.61455942   4-1-6  109.09981959   5-1-6  108.45462777

 NUCLEAR CHARGE:                   18
 NUMBER OF PRIMITIVE AOS:         242
 NUMBER OF SYMMETRY AOS:          216
 NUMBER OF CONTRACTIONS:          184   (  184A   )
 NUMBER OF INNER CORE ORBITALS:     0   (    0A   )
 NUMBER OF OUTER CORE ORBITALS:     2   (    2A   )
 NUMBER OF VALENCE ORBITALS:       12   (   12A   )


 NUCLEAR REPULSION ENERGY   40.34747922

 Eigenvalues of metric

         1 0.607E-04 0.743E-04 0.893E-04 0.202E-03 0.411E-03 0.484E-03 0.760E-03 0.780E-03


 Contracted 2-electron integrals neglected if value below      1.0D-11
 AO integral compression algorithm  1   Integral accuracy      1.0D-11

     703.070 MB (compressed) written to integral file ( 51.8%)


 NUMBER OF SORTED TWO-ELECTRON INTEGRALS:  144848710.     BUFFER LENGTH:  32768
 NUMBER OF SEGMENTS:  10  SEGMENT LENGTH:   15999503      RECORD LENGTH: 524288

 Memory used in sort:      16.56 MW

 SORT1 READ   169623812. AND WROTE   143528847. INTEGRALS IN    414 RECORDS. CPU TIME:     1.17 SEC, REAL TIME:     1.77 SEC
 SORT2 READ   143528847. AND WROTE   144848710. INTEGRALS IN   2682 RECORDS. CPU TIME:     1.30 SEC, REAL TIME:     1.73 SEC

 FILE SIZES:   FILE 1:   734.6 MBYTE,  FILE 4:  1736.5 MBYTE,   TOTAL:   2471.1 MBYTE

 OPERATOR DM      FOR CENTER  0  COORDINATES:    0.000000    0.000000    0.000000

 Program * Restricted Hartree-Fock

 Molecular orbitals read from record     2102.2  Type=RHF/CANONICAL (state 1.1)

 NELEC=   18   SYM=1   MS2= 0   THRE=1.0D-09   THRD=1.0D-06   THRG=1.0D-06  HFMA2=F  DIIS_START=2   DIIS_MAX=10   DIIS_INCORE=F

 Level shifts:    0.00 (CLOSED)    0.00 (OPEN)    0.30 (GAP_MIN)

 ITER           ETOT              DE          GRAD        DDIFF     DIIS  NEXP   TIME(IT)  TIME(TOT)  DIAG
   1     -115.09216488    -115.09216488     0.00D+00     0.47D-01     0     0       9.69      9.70    start
   2     -115.09223773      -0.00007285     0.18D-03     0.19D-03     1     0       9.54     19.24    diag
   3     -115.09224799      -0.00001026     0.50D-04     0.58D-04     2     0       9.45     28.69    diag
   4     -115.09224866      -0.00000067     0.11D-04     0.18D-04     3     0       8.93     37.62    diag
   5     -115.09224868      -0.00000001     0.21D-05     0.26D-05     4     0       9.72     47.34    diag
   6     -115.09224868      -0.00000000     0.10D-05     0.96D-06     5     0       9.23     56.57    diag
   7     -115.09224868      -0.00000000     0.30D-06     0.37D-06     6     0       9.50     66.07    diag
   8     -115.09224868      -0.00000000     0.79D-07     0.78D-07     0     0       9.08     75.15    fixocc

 Final occupancy:   9

 !RHF STATE 1.1 Energy               -115.092248678468
  RHF One-electron energy            -236.926376639793
  RHF Two-electron energy              81.486648743750
  RHF Kinetic energy                  114.923539886408
  RHF Nuclear energy                   40.347479217576
  RHF Virial quotient                  -1.001468009010

 !RHF STATE 1.1 Dipole moment          -0.00149830     0.58915965    -0.39095723
 Dipole moment /Debye                  -0.00380831     1.49749446    -0.99371416

 Orbital energies:

           1.1          2.1          3.1          4.1          5.1          6.1          7.1          8.1          9.1         10.1
    -20.558790   -11.271348    -1.358341    -0.926032    -0.691700    -0.620798    -0.593762    -0.504074    -0.451694     0.028522

          11.1
      0.042978


 HOMO      9.1    -0.451694 =     -12.2912eV
 LUMO     10.1     0.028522 =       0.7761eV
 LUMO-HOMO         0.480216 =      13.0673eV

 Orbitals saved in record  2102.2


 **********************************************************************************************************************************
 DATASETS  * FILE   NREC   LENGTH (MB)   RECORD NAMES
              1      20      618.40       500      610      700      701      900      950      970     1001      129      960   
                                          VAR    BASINP    GEOM     GEOM    SYMINP    ZMAT    AOBASIS   BASIS     P2S    ABASIS    
                                         1100     1400     1410     1200     1210     1080     1600     1650     1300     1700   
                                           S        T        V       H0       H01     AOSYM     SMH    MOLCAS    ERIS     OPER   

              2      12        3.69       700     1000      520     2100      200     2101     8500     9001      701     1001   
                                         GEOM     BASIS   MCVARS     RHF    OPTIONS    RHF     CPHF    DEN_MP2   GEOM     BASIS   
                                         2102     9001(1)
                                          RHF    DEN_MP2    

 PROGRAMS   *        TOTAL    HF-SCF      CCSD    HF-SCF      CCSD    HF-SCF       INT      OPTG      CCSD    HF-SCF       INT
 CPU TIMES  *      5957.06     96.88    787.41    114.14    804.31    122.82     21.44   2573.31    852.37     14.53     14.24
 REAL TIME  *       797.34 SEC
 DISK USED  *         2.31 GB
 **********************************************************************************************************************************


 PROGRAM * CCSD (Closed-shell coupled cluster)     Authors: C. Hampel, H.-J. Werner, 1991, M. Deegan, P.J. Knowles, 1992


 Convergence thresholds:  THRVAR = 1.00D-12  THRDEN = 1.00D-08

 Using ITF CCSD gradient implementation

 Number of core orbitals:           2 (   2 )
 Number of closed-shell orbitals:   7 (   7 )
 Number of external orbitals:     175 ( 175 )

 Molecular orbitals read from record     2102.2  Type=RHF/CANONICAL (state 1.1)

 Integral transformation finished. Total CPU:  25.58 sec, npass=  1  Memory used:  27.38 MW
  Reference energy                   -115.092248678468

  MP2 correlation energy               -0.436727270450
  MP2 total energy                   -115.528975948918

 ITER.      SQ.NORM     CORR.ENERGY   TOTAL ENERGY   ENERGY CHANGE        DEN1      VAR(S)    VAR(P)  DIIS     TIME
   1      1.12037512    -0.45317657  -115.54542525    -0.01644930    -0.00558941  1.69e-03  1.94e-03  1  1    26.35
   2      1.12836402    -0.45416029  -115.54640897    -0.00098372    -0.00936304  4.22e-05  2.69e-04  2  2    49.94
   3      1.13074495    -0.45427921  -115.54652788    -0.00011892    -0.00140651  4.44e-06  3.49e-05  3  3    74.08
   4      1.13199105    -0.45428192  -115.54653060    -0.00000272    -0.00092404  1.40e-07  3.37e-06  4  4    97.46
   5      1.13229286    -0.45426128  -115.54650996     0.00002064    -0.00019146  1.82e-08  3.18e-07  5  5   120.35
   6      1.13237180    -0.45425879  -115.54650747     0.00000249    -0.00004909  3.43e-10  1.44e-08  6  0   144.28
   7      1.13237993    -0.45425763  -115.54650630     0.00000116    -0.00000617  6.13e-11  1.04e-09  6  1   169.46
   8      1.13238012    -0.45425748  -115.54650616     0.00000014    -0.00000046  4.13e-12  1.04e-10  6  2   194.02
   9      1.13238004    -0.45425747  -115.54650615     0.00000002     0.00000001  1.63e-13  1.09e-11  6  3   217.86
  10      1.13238009    -0.45425746  -115.54650614     0.00000000    -0.00000004  2.86e-14  7.46e-13         243.14

 Norm of t1 vector:      0.05240876     S-energy:      0.00000001   T1 diagnostic:  0.00990432

 Time per iteration:                     24.32 sec

 RESULTS
 =======

  Reference energy                   -115.092248678468
  CCSD correlation energy              -0.454257462948
 !CCSD total energy                  -115.546506141416

 Starting CP-CCSD iterations.   Author: W. Gyorffy (2012)

 ITER.      NRM1           NRM2      VAR(S)+VAR(P)   DIIS    TIME
   1     0.00162131     0.38314036     5.24e-04      1  1   26.41
   2     0.00147081     0.37934739     3.80e-05      2  2   51.44
   3     0.00136696     0.37886648     4.69e-06      3  3   76.78
   4     0.00131747     0.37847658     8.86e-07      4  4  103.99
   5     0.00129014     0.37838301     9.05e-08      5  5  133.29
   6     0.00127996     0.37834998     9.09e-09      6  0  160.57
   7     0.00127725     0.37834618     1.09e-09      6  1  187.40
   8     0.00127654     0.37834494     1.42e-10      6  2  213.52
   9     0.00127641     0.37834482     1.91e-11      6  3  239.35
  10     0.00127637     0.37834477     2.49e-12      6  4  265.39
  11     0.00127638     0.37834475     2.84e-13            290.09


 Time per iteration:                     26.37 sec


 CPHF trial vector read from record  8500.2

 Starting Coupled-perturbed Hartree-Fock, convergence threshold= 1.0D-06

 ITER   MIC  DIIS      VAR         VARC       CPU
   1     0     1    0.53D-02    0.13D-03     9.27
   2     3     2    0.36D-05    0.26D-05    18.96
   3     1     3    0.34D-06    0.45D-07    28.49

 CPHF convergence reached in  3 macroiterations and    4 microiterations.   Accuracy: 3.4460D-07

 CPHF solution written to record  8500.2

 Dipole moments (unrelaxed):           -0.00171498     0.55193107    -0.36536097
 Orbital relaxation contribution:       0.00003363     0.00434623    -0.00311981
 !CCSD STATE 1.1 Dipole moment         -0.00168135     0.55627730    -0.36848078
 Dipole moment /Debye                  -0.00427356     1.41391587    -0.93658472

 CPU-time for coupled-perturbed hartree-fock:         28.55 sec

 Number of N-1 electron functions:               7
 Number of N-2 electron functions:              28
 Number of singly external CSFs:              1225
 Number of doubly external CSFs:            750925
 Total number of CSFs:                      752151

 CCSD gradient info saved on record        55555.1




 **********************************************************************************************************************************
 DATASETS  * FILE   NREC   LENGTH (MB)   RECORD NAMES
              1      22      854.40       500      610      700      701      900      950      970     1001      129      960   
                                          VAR    BASINP    GEOM     GEOM    SYMINP    ZMAT    AOBASIS   BASIS     P2S    ABASIS    
                                         1100     1400     1410     1200     1210     1080     1600     1650     1300     1700   
                                           S        T        V       H0       H01     AOSYM     SMH    MOLCAS    ERIS     OPER   
                                         1380    55555   
                                         JKOP     CCSD   

              2      12        3.69       700     1000      520     2100      200     2101     8500     9001      701     1001   
                                         GEOM     BASIS   MCVARS     RHF    OPTIONS    RHF     CPHF    DEN_MP2   GEOM     BASIS   
                                         2102     9001(1)
                                          RHF    DEN_MP2    

 PROGRAMS   *        TOTAL      CCSD    HF-SCF      CCSD    HF-SCF      CCSD    HF-SCF       INT      OPTG      CCSD    HF-SCF
 CPU TIMES  *      6765.50    808.42     96.88    787.41    114.14    804.31    122.82     21.44   2573.31    852.37     14.53
 REAL TIME  *       907.81 SEC
 DISK USED  *         2.31 GB
 **********************************************************************************************************************************

 Current geometry (xyz format, in Angstrom)


 Dump information in style XYZ to ch3oh_maxima_mp2_2.xyz                                                          

    6
 CCSD/AUG-CC-PVTZ  OPTSTEP=2  ENERGY=-115.54650614
 C          0.0002369640        0.0132147992       -0.7279380059
 O          0.0000911600       -0.0640542720        0.6897693432
 H         -0.0001471908        0.8274494375        1.0401633466
 H          0.9100276647        0.4828729001       -1.1097237925
 H         -0.0449156646       -1.0084784700       -1.0985841009
 H         -0.8692355798        0.5574403815       -1.1064275920

 **********************************************************************************************************************************

 PROGRESS OF GEOMETRY OPTIMIZATION.    TOTAL CPU:      3310.9 SEC
   1  -115.54633358  -115.54650084    -0.00016726  0.00419166  0.00654047  0.00197203  0.03490659  0.04942091  0.00449281
   2  -115.54650084  -115.54650614    -0.00000531  0.00066517  0.00117190  0.00035334  0.00718074  0.01022273  0.00092934

 **********************************************************************************************************************************

 Current geometry (xyz format, in Angstrom)


 Dump information in style XYZ to ch3oh_maxima_mp2.xyz                                                            

    6
 CCSD/AUG-CC-PVTZ  ENERGY=-115.54650614
 C          0.0002369640        0.0132147992       -0.7279380059
 O          0.0000911600       -0.0640542720        0.6897693432
 H         -0.0001471908        0.8274494375        1.0401633466
 H          0.9100276647        0.4828729001       -1.1097237925
 H         -0.0449156646       -1.0084784700       -1.0985841009
 H         -0.8692355798        0.5574403815       -1.1064275920

 **********************************************************************************************************************************

 Current variables
 RCO=                 1.41981149 ANGSTROM
 ROH=                 0.95789085 ANGSTROM
 ACOH=              108.33697138 DEGREE
 RCH1=                1.09272972 ANGSTROM
 AOCH1=             111.86035369 DEGREE
 AHH1=               63.78607410 DEGREE
 RCH2=                1.08778418 ANGSTROM
 AOCH2=             106.80469295 DEGREE
 RCH3=                1.09335189 ANGSTROM
 AOCH3=             111.88025411 DEGREE
 AHH3=              301.03068479 DEGREE

 **********************************************************************************************************************************

 PROGRAM * ALASKA (Gradient of the energy)     Author: R. Lindh


 CCSD Gradient info restored from record   55555.1

 Number of core orbitals:           2 (   2 )
 Number of closed-shell orbitals:   7 (   7 )
 Number of external orbitals:     175 ( 175 )

 Integral thresholds in T2TRAN:            1.0D-10 (PROD)

 Available memory for Transformation: 497467824 words
 Memory needed for incore algorithm:   11782801 words
 Minimum memory needed:                 3718915 words

 Memory used for transformation:          16.57 MW
 Available memory for gradients:         482.90 MW

 CPU for transformation:                 162.43 sec
 CPU for integrals and gradient:         117.51 sec
 Total CPU:                              279.94 sec

 Prescreening statistics:
 ========================

 Total number of shell quadruplets:        2.22D+04
 Number of shell quadruplets processed:    2.22D+04 (100.00%)

 CCSD GRADIENT FOR STATE 1.1

 Atom          dE/dx               dE/dy               dE/dz

   1         0.000475499         0.000002727        -0.000043699
   2         0.000181660        -0.000008084         0.000050751
   3        -0.000170498         0.000001187         0.000004955
   4        -0.000169025        -0.000093695         0.000072723
   5        -0.000157201         0.000013548        -0.000000856
   6        -0.000160436         0.000084317        -0.000083874

 Nuclear force contribution to virial =         0.000127547
 Reading points 1 to 3 from record 701.2,  wavefunction type=CCSD            

 Making model hessian for Z-matrix coordinates
 BFGS update of hessian using  2 points

 Entering Rational Function Geometry Optimization

 Optimization point 3

 Variable                      Last           Current        Next           Gradient       Hessian

 E(CCSD) / Hartree        -115.54650084  -115.54650614  -115.54650624
 RCO / ANGSTROM              1.41977975     1.41981149     1.41976327     0.00010582     2.24079003
 ROH / ANGSTROM              0.95790364     0.95789085     0.95788879     0.00000559     2.54162001
 ACOH / DEGREE             108.32869833   108.33697138   108.33570003     0.00000013     0.00007357
 RCH1 / ANGSTROM             1.09224974     1.09272972     1.09297616    -0.00039005     1.68762740
 AOCH1 / DEGREE            111.86427726   111.86035369   111.85937238    -0.00000003     0.00007107
 AHH1 / DEGREE              63.37464819    63.78607410    63.79271750     0.00000019     0.00005022
 RCH2 / ANGSTROM             1.08782312     1.08778418     1.08779039    -0.00001116     1.74691048
 AOCH2 / DEGREE            106.77851452   106.80469295   106.80730048     0.00000012     0.00007649
 RCH3 / ANGSTROM             1.09390500     1.09335189     1.09311441     0.00037528     1.68035331
 AOCH3 / DEGREE            111.83112981   111.88025411   111.87248004     0.00000056     0.00007059
 AHH3 / DEGREE             300.62535181   301.03068479   301.05035312    -0.00000048     0.00005013
 Convergence:                0.00000000  (line search)     0.00076110     0.00029535  (total)

 Geometry written to block  4 of record 701

 Running procedure: RUNCCSD


 Recomputing integrals since geometry changed


 PROGRAM * SEWARD (Integral evaluation for generally contracted gaussian basis sets)     Author: Roland Lindh, 1990

 Geometry written to block  4 of record 701

 Orientation using atomic masses  
 Molecule type: Asymmetric top
 Rotational constants:      23.9642459     24.8273559    128.6067805 GHz  (calculated with average atomic masses)

 Point group  C1  



 ATOMIC COORDINATES

 NR  ATOM    CHARGE       X              Y              Z

   1  C       6.00    0.000334154    0.024951461   -1.375560873
   2  O       8.00    0.000230106   -0.121050808    1.303427323
   3  H       1.00   -0.000493291    1.563660529    1.965530846
   4  H1      1.00    1.719885511    0.912794143   -2.097268170
   5  H2      1.00   -0.084675262   -1.905766430   -2.076060485
   6  H3      1.00   -1.642351413    1.053464289   -2.090269012

 Bond lengths in Bohr (Angstrom)

 1-2  2.682963740  1-4  2.065425603  1-5  2.055625910  1-6  2.065686867  2-3  1.810147476
     ( 1.419763269)     ( 1.092976160)     ( 1.087790386)     ( 1.093114415)     ( 0.957888793)

 Bond angles

  1-2-3  108.33570003   2-1-4  111.85937238   2-1-5  106.80730048   2-1-6  111.87248004

  4-1-5  108.60821682   4-1-6  109.09477007   5-1-6  108.47307283

 NUCLEAR CHARGE:                   18
 NUMBER OF PRIMITIVE AOS:         242
 NUMBER OF SYMMETRY AOS:          216
 NUMBER OF CONTRACTIONS:          184   (  184A   )
 NUMBER OF INNER CORE ORBITALS:     0   (    0A   )
 NUMBER OF OUTER CORE ORBITALS:     2   (    2A   )
 NUMBER OF VALENCE ORBITALS:       12   (   12A   )


 NUCLEAR REPULSION ENERGY   40.34829987

 Eigenvalues of metric

         1 0.607E-04 0.743E-04 0.893E-04 0.202E-03 0.411E-03 0.484E-03 0.760E-03 0.780E-03


 Contracted 2-electron integrals neglected if value below      1.0D-11
 AO integral compression algorithm  1   Integral accuracy      1.0D-11

     701.759 MB (compressed) written to integral file ( 51.7%)


 NUMBER OF SORTED TWO-ELECTRON INTEGRALS:  144848710.     BUFFER LENGTH:  32768
 NUMBER OF SEGMENTS:  10  SEGMENT LENGTH:   15999503      RECORD LENGTH: 524288

 Memory used in sort:      16.56 MW

 SORT1 READ   169623812. AND WROTE   143503855. INTEGRALS IN    414 RECORDS. CPU TIME:     1.16 SEC, REAL TIME:     1.78 SEC
 SORT2 READ   143503855. AND WROTE   144848710. INTEGRALS IN   2677 RECORDS. CPU TIME:     1.29 SEC, REAL TIME:     1.73 SEC

 FILE SIZES:   FILE 1:   733.3 MBYTE,  FILE 4:  1736.5 MBYTE,   TOTAL:   2469.8 MBYTE

 OPERATOR DM      FOR CENTER  0  COORDINATES:    0.000000    0.000000    0.000000

 Program * Restricted Hartree-Fock

 Molecular orbitals read from record     2102.2  Type=RHF/CANONICAL (state 1.1)

 NELEC=   18   SYM=1   MS2= 0   THRE=1.0D-09   THRD=1.0D-07   THRG=1.0D-07  HFMA2=F  DIIS_START=2   DIIS_MAX=10   DIIS_INCORE=F

 Level shifts:    0.00 (CLOSED)    0.00 (OPEN)    0.30 (GAP_MIN)

 ITER           ETOT              DE          GRAD        DDIFF     DIIS  NEXP   TIME(IT)  TIME(TOT)  DIAG
   1     -115.09225022    -115.09225022     0.00D+00     0.47D-01     0     0       9.39      9.40    start
   2     -115.09225026      -0.00000004     0.48D-05     0.11D-04     1     0       9.48     18.88    diag
   3     -115.09225026      -0.00000000     0.11D-05     0.20D-05     2     0       9.51     28.39    diag
   4     -115.09225026      -0.00000000     0.31D-06     0.49D-06     3     0       9.37     37.76    diag
   5     -115.09225026      -0.00000000     0.14D-06     0.14D-06     4     0       9.28     47.04    diag
   6     -115.09225026      -0.00000000     0.32D-07     0.47D-07     5     0       9.50     56.54    diag
   7     -115.09225026      -0.00000000     0.87D-08     0.83D-08     0     0       9.23     65.77    diag

 Final occupancy:   9

 !RHF STATE 1.1 Energy               -115.092250262469
  RHF One-electron energy            -236.927972911974
  RHF Two-electron energy              81.487422780259
  RHF Kinetic energy                  114.923637439237
  RHF Nuclear energy                   40.348299869245
  RHF Virial quotient                  -1.001467172698

 !RHF STATE 1.1 Dipole moment          -0.00175654     0.58917609    -0.39089848
 Dipole moment /Debye                  -0.00446468     1.49753624    -0.99356484

 Orbital energies:

           1.1          2.1          3.1          4.1          5.1          6.1          7.1          8.1          9.1         10.1
    -20.558786   -11.271346    -1.358358    -0.926026    -0.691714    -0.620796    -0.593777    -0.504082    -0.451679     0.028522

          11.1
      0.042977


 HOMO      9.1    -0.451679 =     -12.2908eV
 LUMO     10.1     0.028522 =       0.7761eV
 LUMO-HOMO         0.480201 =      13.0669eV

 Orbitals saved in record  2102.2


 **********************************************************************************************************************************
 DATASETS  * FILE   NREC   LENGTH (MB)   RECORD NAMES
              1      20      617.33       500      610      700      701      900      950      970     1001      129      960   
                                          VAR    BASINP    GEOM     GEOM    SYMINP    ZMAT    AOBASIS   BASIS     P2S    ABASIS    
                                         1100     1400     1410     1200     1210     1080     1600     1650     1300     1700   
                                           S        T        V       H0       H01     AOSYM     SMH    MOLCAS    ERIS     OPER   

              2      12        3.69       700     1000      520     2100      200     2101     8500     9001      701     1001   
                                         GEOM     BASIS   MCVARS     RHF    OPTIONS    RHF     CPHF    DEN_MP2   GEOM     BASIS   
                                         2102     9001(1)
                                          RHF    DEN_MP2    

 PROGRAMS   *        TOTAL    HF-SCF      CCSD    HF-SCF      CCSD    HF-SCF      CCSD    HF-SCF       INT      OPTG      CCSD
 CPU TIMES  *      7133.85     87.29    808.42     96.88    787.41    114.14    804.31    122.82     21.44   2573.31    852.37
 REAL TIME  *       974.31 SEC
 DISK USED  *         2.31 GB
 **********************************************************************************************************************************


 PROGRAM * CCSD (Closed-shell coupled cluster)     Authors: C. Hampel, H.-J. Werner, 1991, M. Deegan, P.J. Knowles, 1992


 Convergence thresholds:  THRVAR = 1.00D-12  THRDEN = 1.00D-08

 Using ITF CCSD gradient implementation

 Number of core orbitals:           2 (   2 )
 Number of closed-shell orbitals:   7 (   7 )
 Number of external orbitals:     175 ( 175 )

 Molecular orbitals read from record     2102.2  Type=RHF/CANONICAL (state 1.1)

 Integral transformation finished. Total CPU:  22.17 sec, npass=  1  Memory used:  27.38 MW
  Reference energy                   -115.092250262469

  MP2 correlation energy               -0.436725495032
  MP2 total energy                   -115.528975757501

 ITER.      SQ.NORM     CORR.ENERGY   TOTAL ENERGY   ENERGY CHANGE        DEN1      VAR(S)    VAR(P)  DIIS     TIME
   1      1.12037341    -0.45317508  -115.54542534    -0.01644958    -0.00559001  1.69e-03  1.94e-03  1  1    24.15
   2      1.12836206    -0.45415883  -115.54640909    -0.00098376    -0.00936279  4.22e-05  2.69e-04  2  2    50.59
   3      1.13074292    -0.45427775  -115.54652801    -0.00011891    -0.00140652  4.44e-06  3.49e-05  3  3    74.05
   4      1.13198895    -0.45428046  -115.54653072    -0.00000272    -0.00092400  1.40e-07  3.37e-06  4  4    98.43
   5      1.13229074    -0.45425982  -115.54651008     0.00002064    -0.00019144  1.82e-08  3.18e-07  5  5   122.55
   6      1.13236967    -0.45425733  -115.54650759     0.00000249    -0.00004909  3.43e-10  1.44e-08  6  0   147.44
   7      1.13237780    -0.45425617  -115.54650643     0.00000116    -0.00000617  6.13e-11  1.04e-09  6  1   172.50
   8      1.13237799    -0.45425603  -115.54650629     0.00000014    -0.00000046  4.13e-12  1.04e-10  6  2   196.16
   9      1.13237791    -0.45425601  -115.54650627     0.00000002     0.00000001  1.63e-13  1.09e-11  6  3   219.37
  10      1.13237796    -0.45425600  -115.54650627     0.00000000    -0.00000004  2.86e-14  7.46e-13         243.45

 Norm of t1 vector:      0.05240749     S-energy:      0.00000000   T1 diagnostic:  0.00990408

 Time per iteration:                     24.35 sec

 RESULTS
 =======

  Reference energy                   -115.092250262469
  CCSD correlation energy              -0.454256004155
 !CCSD total energy                  -115.546506266624

 Starting CP-CCSD iterations.   Author: W. Gyorffy (2012)

 ITER.      NRM1           NRM2      VAR(S)+VAR(P)   DIIS    TIME
   1     0.00162126     0.38313583     5.24e-04      1  1   26.53
   2     0.00147076     0.37934308     3.80e-05      2  2   52.31
   3     0.00136692     0.37886217     4.69e-06      3  3   78.95
   4     0.00131743     0.37847230     8.86e-07      4  4  105.30
   5     0.00129010     0.37837874     9.04e-08      5  5  130.59
   6     0.00127992     0.37834571     9.08e-09      6  0  156.99
   7     0.00127721     0.37834190     1.09e-09      6  1  182.74
   8     0.00127650     0.37834067     1.42e-10      6  2  210.08
   9     0.00127637     0.37834054     1.91e-11      6  3  235.75
  10     0.00127634     0.37834049     2.49e-12      6  4  262.62
  11     0.00127634     0.37834048     2.84e-13            288.15


 Time per iteration:                     26.20 sec


 CPHF trial vector read from record  8500.2

 Starting Coupled-perturbed Hartree-Fock, convergence threshold= 1.0D-06

 ITER   MIC  DIIS      VAR         VARC       CPU
   1     0     1    0.11D-03    0.64D-05     9.18
   2     3     2    0.49D-06    0.17D-06    18.85

 CPHF convergence reached in  2 macroiterations and    3 microiterations.   Accuracy: 4.9268D-07

 CPHF solution written to record  8500.2

 Dipole moments (unrelaxed):           -0.00193532     0.55195117    -0.36531139
 Orbital relaxation contribution:       0.00002834     0.00434529    -0.00311945
 !CCSD STATE 1.1 Dipole moment         -0.00190699     0.55629646    -0.36843084
 Dipole moment /Debye                  -0.00484707     1.41396456    -0.93645778

 CPU-time for coupled-perturbed hartree-fock:         18.89 sec

 Number of N-1 electron functions:               7
 Number of N-2 electron functions:              28
 Number of singly external CSFs:              1225
 Number of doubly external CSFs:            750925
 Total number of CSFs:                      752151

 CCSD gradient info saved on record        55555.1




 **********************************************************************************************************************************
 DATASETS  * FILE   NREC   LENGTH (MB)   RECORD NAMES
              1      22      853.33       500      610      700      701      900      950      970     1001      129      960   
                                          VAR    BASINP    GEOM     GEOM    SYMINP    ZMAT    AOBASIS   BASIS     P2S    ABASIS    
                                         1100     1400     1410     1200     1210     1080     1600     1650     1300     1700   
                                           S        T        V       H0       H01     AOSYM     SMH    MOLCAS    ERIS     OPER   
                                         1380    55555   
                                         JKOP     CCSD   

              2      12        3.69       700     1000      520     2100      200     2101     8500     9001      701     1001   
                                         GEOM     BASIS   MCVARS     RHF    OPTIONS    RHF     CPHF    DEN_MP2   GEOM     BASIS   
                                         2102     9001(1)
                                          RHF    DEN_MP2    

 PROGRAMS   *        TOTAL      CCSD    HF-SCF      CCSD    HF-SCF      CCSD    HF-SCF      CCSD    HF-SCF       INT      OPTG
 CPU TIMES  *      7928.29    794.43     87.29    808.42     96.88    787.41    114.14    804.31    122.82     21.44   2573.31
 REAL TIME  *      1083.01 SEC
 DISK USED  *         2.31 GB
 **********************************************************************************************************************************

 Current geometry (xyz format, in Angstrom)


 Dump information in style XYZ to ch3oh_maxima_mp2_3.xyz                                                          

    6
 CCSD/AUG-CC-PVTZ  OPTSTEP=3  ENERGY=-115.54650627
 C          0.0001768265        0.0132037444       -0.7279154662
 O          0.0001217667       -0.0640573289        0.6897440356
 H         -0.0002610385        0.8274535176        1.0401141308
 H          0.9101242178        0.4830298586       -1.1098265205
 H         -0.0448082191       -1.0084881643       -1.0986038972
 H         -0.8690949401        0.5574692940       -1.1061227257

 **********************************************************************************************************************************

 PROGRESS OF GEOMETRY OPTIMIZATION.    TOTAL CPU:      4473.7 SEC
   1  -115.54633358  -115.54650084    -0.00016726  0.00419166  0.00654047  0.00197203  0.03490659  0.04942091  0.00449281
   2  -115.54650084  -115.54650614    -0.00000531  0.00066517  0.00117190  0.00035334  0.00718074  0.01022273  0.00092934
   3  -115.54650614  -115.54650627    -0.00000013  0.00020641  0.00029535  0.00008905  0.00046571  0.00076110  0.00006919

 **********************************************************************************************************************************

 Current geometry (xyz format, in Angstrom)


 Dump information in style XYZ to ch3oh_maxima_mp2.xyz                                                            

    6
 CCSD/AUG-CC-PVTZ  ENERGY=-115.54650627
 C          0.0001768265        0.0132037444       -0.7279154662
 O          0.0001217667       -0.0640573289        0.6897440356
 H         -0.0002610385        0.8274535176        1.0401141308
 H          0.9101242178        0.4830298586       -1.1098265205
 H         -0.0448082191       -1.0084881643       -1.0986038972
 H         -0.8690949401        0.5574692940       -1.1061227257

 **********************************************************************************************************************************

 Current variables
 RCO=                 1.41976327 ANGSTROM
 ROH=                 0.95788879 ANGSTROM
 ACOH=              108.33570003 DEGREE
 RCH1=                1.09297616 ANGSTROM
 AOCH1=             111.85937238 DEGREE
 AHH1=               63.79271750 DEGREE
 RCH2=                1.08779039 ANGSTROM
 AOCH2=             106.80730048 DEGREE
 RCH3=                1.09311441 ANGSTROM
 AOCH3=             111.87248004 DEGREE
 AHH3=              301.05035312 DEGREE

 **********************************************************************************************************************************

 Recomputing wavefunction for reoriented structure

 Running procedure: RUNCCSD


 Program * Restricted Hartree-Fock

 Molecular orbitals read from record     2102.2  Type=RHF/CANONICAL (state 1.1)

 NELEC=   18   SYM=1   MS2= 0   THRE=1.0D-09   THRD=1.0D-07   THRG=1.0D-07  HFMA2=F  DIIS_START=2   DIIS_MAX=10   DIIS_INCORE=F

 Level shifts:    0.00 (CLOSED)    0.00 (OPEN)    0.30 (GAP_MIN)

 ITER           ETOT              DE          GRAD        DDIFF     DIIS  NEXP   TIME(IT)  TIME(TOT)  DIAG
   1     -115.09225026    -115.09225026     0.00D+00     0.47D-01     0     0       9.64      9.67    start
   2     -115.09225026      -0.00000000     0.42D-08     0.37D-08     1     0       9.49     19.16    diag

 Final occupancy:   9

 !RHF STATE 1.1 Energy               -115.092250262469
  RHF One-electron energy            -236.927973080265
  RHF Two-electron energy              81.487422948551
  RHF Kinetic energy                  114.923637680406
  RHF Nuclear energy                   40.348299869245
  RHF Virial quotient                  -1.001467170597

 !RHF STATE 1.1 Dipole moment          -0.00175650     0.58917617    -0.39089859
 Dipole moment /Debye                  -0.00446458     1.49753644    -0.99356512

 Orbital energies:

           1.1          2.1          3.1          4.1          5.1          6.1          7.1          8.1          9.1         10.1
    -20.558786   -11.271346    -1.358358    -0.926026    -0.691714    -0.620796    -0.593777    -0.504082    -0.451679     0.028522

          11.1
      0.042977


 HOMO      9.1    -0.451679 =     -12.2908eV
 LUMO     10.1     0.028522 =       0.7761eV
 LUMO-HOMO         0.480201 =      13.0669eV

 Orbitals saved in record  2102.2


 **********************************************************************************************************************************
 DATASETS  * FILE   NREC   LENGTH (MB)   RECORD NAMES
              1      22      853.33       500      610      700      701      900      950      970     1001      129      960   
                                          VAR    BASINP    GEOM     GEOM    SYMINP    ZMAT    AOBASIS   BASIS     P2S    ABASIS    
                                         1100     1400     1410     1200     1210     1080     1600     1650     1300     1700   
                                           S        T        V       H0       H01     AOSYM     SMH    MOLCAS    ERIS     OPER   
                                         1380    55555   
                                         JKOP     CCSD   

              2      12        3.69       700     1000      520     2100      200     2101     8500     9001      701     1001   
                                         GEOM     BASIS   MCVARS     RHF    OPTIONS    RHF     CPHF    DEN_MP2   GEOM     BASIS   
                                         2102     9001(1)
                                          RHF    DEN_MP2    

 PROGRAMS   *        TOTAL    HF-SCF      CCSD    HF-SCF      CCSD    HF-SCF      CCSD    HF-SCF      CCSD    HF-SCF       INT
 CPU TIMES  *      7947.50     19.20    794.43     87.29    808.42     96.88    787.41    114.14    804.31    122.82     21.44
 REAL TIME  *      1086.10 SEC
 DISK USED  *         2.31 GB
 **********************************************************************************************************************************


 PROGRAM * CCSD (Closed-shell coupled cluster)     Authors: C. Hampel, H.-J. Werner, 1991, M. Deegan, P.J. Knowles, 1992


 Convergence thresholds:  THRVAR = 1.00D-12  THRDEN = 1.00D-08

 Number of core orbitals:           2 (   2 )
 Number of closed-shell orbitals:   7 (   7 )
 Number of external orbitals:     175 ( 175 )

 Molecular orbitals read from record     2102.2  Type=RHF/CANONICAL (state 1.1)

 Number of N-1 electron functions:               7
 Number of N-2 electron functions:              28
 Number of singly external CSFs:              1225
 Number of doubly external CSFs:            750925
 Total number of CSFs:                      752151

 Length of J-op  integral file:               0.00 MB
 Length of K-op  integral file:               2.36 MB
 Length of 3-ext integral record:             0.00 MB

 Integral transformation finished. Total CPU:  22.66 sec, npass=  1  Memory used:  27.38 MW

 Reference energy:                   -115.09225026

 MP2 singlet pair energy:              -0.28674157
 MP2 triplet pair energy:              -0.14998393
 MP2 correlation energy:               -0.43672549
 MP2 total energy:                   -115.52897576

 SCS-MP2 correlation energy:           -0.43741321   (PS=  1.200000  PT=  0.333333)
 SCS-MP2 total energy:               -115.52966348

 ITER.      SQ.NORM     CORR.ENERGY   TOTAL ENERGY   ENERGY CHANGE        DEN1      VAR(S)    VAR(P)  DIIS     TIME  TIME/IT
   1      1.12025567    -0.45309396  -115.54534422    -0.01636846    -0.00559693  0.16D-02  0.19D-02  1  1    50.90     3.18
   2      1.12851746    -0.45418620  -115.54643646    -0.00109224    -0.00965278  0.20D-04  0.25D-03  2  2    78.16     3.24
   3      1.13137564    -0.45427424  -115.54652450    -0.00008804    -0.00185049  0.16D-04  0.11D-04  3  3   102.29     3.12
   4      1.13214848    -0.45425943  -115.54650969     0.00001481    -0.00036607  0.93D-06  0.12D-05  4  4   127.97     3.10
   5      1.13231740    -0.45426085  -115.54651112    -0.00000142    -0.00005319  0.23D-06  0.10D-06  5  5   152.75     3.09
   6      1.13236410    -0.45425709  -115.54650735     0.00000376    -0.00000987  0.37D-07  0.97D-08  6  6   178.01     3.08
   7      1.13237442    -0.45425614  -115.54650640     0.00000095    -0.00000151  0.49D-08  0.21D-08  6  2   204.21     3.09
   8      1.13237700    -0.45425605  -115.54650631     0.00000009    -0.00000001  0.80D-09  0.27D-09  6  1   232.63     3.14
   9      1.13237803    -0.45425598  -115.54650624     0.00000007     0.00000019  0.75D-10  0.29D-10  6  3   258.40     3.13
  10      1.13237822    -0.45425598  -115.54650624     0.00000000     0.00000001  0.11D-10  0.41D-11  6  4   285.46     3.15
  11      1.13237806    -0.45425600  -115.54650626    -0.00000002     0.00000011  0.14D-11  0.71D-12  6  6   311.04     3.14
  12      1.13237802    -0.45425600  -115.54650626    -0.00000000     0.00000002  0.19D-12  0.62D-13  6  5   334.34     3.11
  13      1.13237799    -0.45425600  -115.54650627    -0.00000000     0.00000001  0.19D-13  0.94D-14  6  1   359.33     3.11

 Norm of t1 vector:      0.05240766      S-energy:     0.00000000      T1 diagnostic:  0.00990412
                                                                       D1 diagnostic:  0.02313511
                                                                       D2 diagnostic:  0.13786026 (internal)


 RESULTS
 =======

  Reference energy                   -115.092250262469
  CCSD singlet pair energy             -0.318122627455
  CCSD triplet pair energy             -0.136133378210
  CCSD correlation energy              -0.454256004686

 !CCSD total energy                  -115.546506267155

 Timing summary (sec):

 STEP                 CPU(USER)    SYS     CPU(TOT)    WALL
 Transformation         23.12      0.82     23.94      3.28
 CCSD iterations       337.71      7.03    344.74     40.52

 Program statistics:

 Available memory in ccsd:               499998879
 Min. memory needed in ccsd:               2385617
 Max. memory used in ccsd:                 3007350
 Max. memory used in cckext:               2165242 (13 integral passes)



 **********************************************************************************************************************************
 DATASETS  * FILE   NREC   LENGTH (MB)   RECORD NAMES
              1      22      853.33       500      610      700      701      900      950      970     1001      129      960   
                                          VAR    BASINP    GEOM     GEOM    SYMINP    ZMAT    AOBASIS   BASIS     P2S    ABASIS    
                                         1100     1400     1410     1200     1210     1080     1600     1650     1300     1700   
                                           S        T        V       H0       H01     AOSYM     SMH    MOLCAS    ERIS     OPER   
                                         1380    55555   
                                         JKOP     CCSD   

              2      12        3.69       700     1000      520     2100      200     2101     8500     9001      701     1001   
                                         GEOM     BASIS   MCVARS     RHF    OPTIONS    RHF     CPHF    DEN_MP2   GEOM     BASIS   
                                         2102     9001(1)
                                          RHF    DEN_MP2    

 PROGRAMS   *        TOTAL      CCSD    HF-SCF      CCSD    HF-SCF      CCSD    HF-SCF      CCSD    HF-SCF      CCSD    HF-SCF
 CPU TIMES  *      8308.37    360.85     19.20    794.43     87.29    808.42     96.88    787.41    114.14    804.31    122.82
 REAL TIME  *      1129.95 SEC
 DISK USED  *         2.31 GB
 **********************************************************************************************************************************

 PROGRAM * ALASKA (Gradient of the energy)     Author: R. Lindh


 CCSD Gradient info restored from record   55555.1

 Number of core orbitals:           2 (   2 )
 Number of closed-shell orbitals:   7 (   7 )
 Number of external orbitals:     175 ( 175 )

 Integral thresholds in T2TRAN:            1.0D-10 (PROD)

 Available memory for Transformation: 497467824 words
 Memory needed for incore algorithm:   11782801 words
 Minimum memory needed:                 3718915 words

 Memory used for transformation:          16.57 MW
 Available memory for gradients:         482.90 MW

 CPU for transformation:                 160.79 sec
 CPU for integrals and gradient:         116.36 sec
 Total CPU:                              277.15 sec

 Prescreening statistics:
 ========================

 Total number of shell quadruplets:        2.22D+04
 Number of shell quadruplets processed:    2.22D+04 (100.00%)

 CCSD GRADIENT FOR STATE 1.1

 Atom          dE/dx               dE/dy               dE/dz

   1         0.004774128        -0.000016392        -0.000069896
   2        -0.000016597        -0.000003433         0.000005578
   3        -0.000180018        -0.000005797        -0.000003442
   4        -0.000180442         0.002267245         0.000770570
   5        -0.004310894         0.000127490         0.000052514
   6        -0.000086177        -0.002369114        -0.000755324

 Nuclear force contribution to virial =        -0.000160174
 Reading points 1 to 1 from record 701.2,  wavefunction type=CCSD            

 Making model hessian for Z-matrix coordinates
 No hessian update for point  1

 Entering Rational Function Geometry Optimization

 Optimization point 1

 Variable                      Last           Current        Next           Gradient       Hessian

 E(CCSD) / Hartree           0.00000000  -115.54631505  -115.54650062
 RCO / ANGSTROM              0.00000000     1.41976327     1.41976422     0.00000480     2.23809431
 ROH / ANGSTROM              0.00000000     0.95788879     0.95789028     0.00000795     2.54157991
 ACOH / DEGREE               0.00000000   108.33570003   108.33398044    -0.00000015     0.00007354
 RCH1 / ANGSTROM             0.00000000     1.09297616     1.09223605     0.00128353     1.71498836
 AOCH1 / DEGREE              0.00000000   111.85937238   111.85339431    -0.00003492     0.00006972
 AHH1 / DEGREE               0.00000000    63.79271750    65.79271750    -0.00006991     0.00004803
 RCH2 / ANGSTROM             0.00000000     1.08779039     1.08783527    -0.00007524     1.74665113
 AOCH2 / DEGREE              0.00000000   106.80730048   106.79549267    -0.00000120     0.00007521
 RCH3 / ANGSTROM             0.00000000     1.09311441     1.09390624    -0.00136823     1.71425514
 AOCH3 / DEGREE              0.00000000   111.87248004   111.83518476     0.00003478     0.00006874
 AHH3 / DEGREE               0.00000000   301.05035312   303.05035312    -0.00007281     0.00004921
 Convergence:                0.00000000  (line search)     0.04941275     0.00651281  (total)

 Geometry written to block  2 of record 701

 Running procedure: RUNCCSD


 Recomputing integrals since geometry changed


 PROGRAM * SEWARD (Integral evaluation for generally contracted gaussian basis sets)     Author: Roland Lindh, 1990

 Geometry written to block  2 of record 701

 Orientation using atomic masses  
 Molecule type: Asymmetric top
 Rotational constants:      23.9677374     24.8278887    128.5743416 GHz  (calculated with average atomic masses)

 Point group  C1  



 ATOMIC COORDINATES

 NR  ATOM    CHARGE       X              Y              Z

   1  C       6.00    0.001748405    0.024835264   -1.375620443
   2  O       8.00    0.001283916   -0.121042122    1.303376314
   3  H       1.00   -0.015412714    1.563642826    1.965344502
   4  H1      1.00    1.741464913    0.867760698   -2.098856643
   5  H2      1.00   -0.150726611   -1.902058723   -2.075461522
   6  H3      1.00   -1.616540313    1.096054499   -2.087573616

 Bond lengths in Bohr (Angstrom)

 1-2  2.682965534  1-4  2.064026991  1-5  2.055710729  1-6  2.067183190  2-3  1.810150279
     ( 1.419764218)     ( 1.092236046)     ( 1.087835270)     ( 1.093906235)     ( 0.957890276)

 Bond angles

  1-2-3  108.33398044   2-1-4  111.85339431   2-1-5  106.79549267   2-1-6  111.83518476

  4-1-5  109.02772788   4-1-6  109.11915130   5-1-6  108.08431539

 NUCLEAR CHARGE:                   18
 NUMBER OF PRIMITIVE AOS:         242
 NUMBER OF SYMMETRY AOS:          216
 NUMBER OF CONTRACTIONS:          184   (  184A   )
 NUMBER OF INNER CORE ORBITALS:     0   (    0A   )
 NUMBER OF OUTER CORE ORBITALS:     2   (    2A   )
 NUMBER OF VALENCE ORBITALS:       12   (   12A   )


 NUCLEAR REPULSION ENERGY   40.34862530

 Eigenvalues of metric

         1 0.608E-04 0.744E-04 0.893E-04 0.202E-03 0.411E-03 0.484E-03 0.761E-03 0.781E-03


 Contracted 2-electron integrals neglected if value below      1.0D-11
 AO integral compression algorithm  1   Integral accuracy      1.0D-11

     710.410 MB (compressed) written to integral file ( 52.3%)


 NUMBER OF SORTED TWO-ELECTRON INTEGRALS:  144848710.     BUFFER LENGTH:  32768
 NUMBER OF SEGMENTS:  10  SEGMENT LENGTH:   15999503      RECORD LENGTH: 524288

 Memory used in sort:      16.56 MW

 SORT1 READ   169623812. AND WROTE   143554160. INTEGRALS IN    414 RECORDS. CPU TIME:     1.18 SEC, REAL TIME:     1.76 SEC
 SORT2 READ   143554160. AND WROTE   144848710. INTEGRALS IN   2710 RECORDS. CPU TIME:     1.27 SEC, REAL TIME:     1.71 SEC

 FILE SIZES:   FILE 1:   742.0 MBYTE,  FILE 4:  1736.5 MBYTE,   TOTAL:   2478.4 MBYTE

 OPERATOR DM      FOR CENTER  0  COORDINATES:    0.000000    0.000000    0.000000

 Program * Restricted Hartree-Fock

 Molecular orbitals read from record     2102.2  Type=RHF/CANONICAL (state 1.1)

 NELEC=   18   SYM=1   MS2= 0   THRE=1.0D-09   THRD=1.0D-06   THRG=1.0D-06  HFMA2=F  DIIS_START=2   DIIS_MAX=10   DIIS_INCORE=F

 Level shifts:    0.00 (CLOSED)    0.00 (OPEN)    0.30 (GAP_MIN)

 ITER           ETOT              DE          GRAD        DDIFF     DIIS  NEXP   TIME(IT)  TIME(TOT)  DIAG
   1     -115.08954468    -115.08954468     0.00D+00     0.47D-01     0     0       9.54      9.55    start
   2     -115.09187350      -0.00232882     0.10D-02     0.11D-02     1     0      10.61     20.16    diag
   3     -115.09220006      -0.00032656     0.29D-03     0.32D-03     2     0       9.35     29.51    diag
   4     -115.09222188      -0.00002183     0.65D-04     0.10D-03     3     0       9.47     38.98    diag
   5     -115.09222241      -0.00000052     0.12D-04     0.16D-04     4     0       9.26     48.24    diag
   6     -115.09222249      -0.00000008     0.56D-05     0.55D-05     5     0       9.16     57.40    diag
   7     -115.09222251      -0.00000002     0.18D-05     0.22D-05     6     0       9.22     66.62    diag
   8     -115.09222251      -0.00000000     0.56D-06     0.78D-06     7     0       9.50     76.12    fixocc
   9     -115.09222251      -0.00000000     0.13D-06     0.19D-06     8     0       9.34     85.46    diag
  10     -115.09222251      -0.00000000     0.25D-07     0.35D-07     0     0       9.44     94.90    diag/orth

 Final occupancy:   9

 !RHF STATE 1.1 Energy               -115.092222507319
  RHF One-electron energy            -236.928817032942
  RHF Two-electron energy              81.487969229601
  RHF Kinetic energy                  114.923642007972
  RHF Nuclear energy                   40.348625296022
  RHF Virial quotient                  -1.001466891376

 !RHF STATE 1.1 Dipole moment          -0.00864195     0.58937192    -0.39093447
 Dipole moment /Debye                  -0.02196565     1.49803400    -0.99365631

 Orbital energies:

           1.1          2.1          3.1          4.1          5.1          6.1          7.1          8.1          9.1         10.1
    -20.558747   -11.271356    -1.358345    -0.925995    -0.691679    -0.620942    -0.593692    -0.503968    -0.451716     0.028519

          11.1
      0.042983


 HOMO      9.1    -0.451716 =     -12.2918eV
 LUMO     10.1     0.028519 =       0.7760eV
 LUMO-HOMO         0.480235 =      13.0678eV

 Orbitals saved in record  2102.2


 **********************************************************************************************************************************
 DATASETS  * FILE   NREC   LENGTH (MB)   RECORD NAMES
              1      20      624.20       500      610      700      701      900      950      970     1001      129      960   
                                          VAR    BASINP    GEOM     GEOM    SYMINP    ZMAT    AOBASIS   BASIS     P2S    ABASIS    
                                         1100     1400     1410     1200     1210     1080     1600     1650     1300     1700   
                                           S        T        V       H0       H01     AOSYM     SMH    MOLCAS    ERIS     OPER   

              2      12        3.69       700     1000      520     2100      200     2101     8500     9001      701     1001   
                                         GEOM     BASIS   MCVARS     RHF    OPTIONS    RHF     CPHF    DEN_MP2   GEOM     BASIS   
                                         2102     9001(1)
                                          RHF    DEN_MP2    

 PROGRAMS   *        TOTAL    HF-SCF      CCSD    HF-SCF       INT      CCSD    HF-SCF      CCSD    HF-SCF      CCSD    HF-SCF
 CPU TIMES  *      9624.01    116.36    795.29    104.06     21.68    360.85     19.20    794.43     87.29    808.42     96.88
 REAL TIME  *      1335.41 SEC
 DISK USED  *         2.31 GB
 **********************************************************************************************************************************


 PROGRAM * CCSD (Closed-shell coupled cluster)     Authors: C. Hampel, H.-J. Werner, 1991, M. Deegan, P.J. Knowles, 1992


 Convergence thresholds:  THRVAR = 1.00D-12  THRDEN = 1.00D-08

 Using ITF CCSD gradient implementation

 Number of core orbitals:           2 (   2 )
 Number of closed-shell orbitals:   7 (   7 )
 Number of external orbitals:     175 ( 175 )

 Molecular orbitals read from record     2102.2  Type=RHF/CANONICAL (state 1.1)

 Integral transformation finished. Total CPU:  22.62 sec, npass=  1  Memory used:  27.38 MW
  Reference energy                   -115.092222507319

  MP2 correlation energy               -0.436728266024
  MP2 total energy                   -115.528950773343

 ITER.      SQ.NORM     CORR.ENERGY   TOTAL ENERGY   ENERGY CHANGE        DEN1      VAR(S)    VAR(P)  DIIS     TIME
   1      1.12037543    -0.45317808  -115.54540059    -0.01644981    -0.00558986  1.69e-03  1.94e-03  1  1    23.93
   2      1.12836476    -0.45416197  -115.54638448    -0.00098389    -0.00936310  4.22e-05  2.69e-04  2  2    46.82
   3      1.13074604    -0.45428089  -115.54650340    -0.00011892    -0.00140664  4.44e-06  3.49e-05  3  3    69.90
   4      1.13199234    -0.45428362  -115.54650613    -0.00000273    -0.00092408  1.40e-07  3.37e-06  4  4    93.60
   5      1.13229421    -0.45426298  -115.54648549     0.00002064    -0.00019147  1.82e-08  3.18e-07  5  5   119.06
   6      1.13237317    -0.45426049  -115.54648299     0.00000249    -0.00004910  3.44e-10  1.44e-08  6  0   143.50
   7      1.13238130    -0.45425932  -115.54648183     0.00000116    -0.00000617  6.13e-11  1.04e-09  6  1   167.71
   8      1.13238150    -0.45425918  -115.54648169     0.00000014    -0.00000046  4.13e-12  1.04e-10  6  2   190.72
   9      1.13238142    -0.45425916  -115.54648167     0.00000002     0.00000001  1.64e-13  1.10e-11  6  3   213.22
  10      1.13238147    -0.45425916  -115.54648167     0.00000000    -0.00000004  2.86e-14  7.46e-13         235.16

 Norm of t1 vector:      0.05241418     S-energy:      0.00000001   T1 diagnostic:  0.00990535

 Time per iteration:                     23.52 sec

 RESULTS
 =======

  Reference energy                   -115.092222507319
  CCSD correlation energy              -0.454259160095
 !CCSD total energy                  -115.546481667414

 Starting CP-CCSD iterations.   Author: W. Gyorffy (2012)

 ITER.      NRM1           NRM2      VAR(S)+VAR(P)   DIIS    TIME
   1     0.00162165     0.38313926     5.24e-04      1  1   25.51
   2     0.00147112     0.37934587     3.80e-05      2  2   51.73
   3     0.00136724     0.37886490     4.69e-06      3  3   76.40
   4     0.00131772     0.37847492     8.86e-07      4  4  102.83
   5     0.00129037     0.37838130     9.06e-08      5  5  127.73
   6     0.00128018     0.37834825     9.10e-09      6  0  153.97
   7     0.00127747     0.37834444     1.09e-09      6  1  178.47
   8     0.00127676     0.37834320     1.42e-10      6  2  202.50
   9     0.00127662     0.37834308     1.91e-11      6  3  229.35
  10     0.00127659     0.37834303     2.49e-12      6  4  257.09
  11     0.00127660     0.37834302     2.85e-13            283.33


 Time per iteration:                     25.76 sec


 CPHF trial vector read from record  8500.2

 Starting Coupled-perturbed Hartree-Fock, convergence threshold= 1.0D-06

 ITER   MIC  DIIS      VAR         VARC       CPU
   1     0     1    0.30D-01    0.75D-03     9.36
   2     3     2    0.21D-04    0.16D-04    18.99
   3     3     3    0.89D-06    0.28D-06    28.39

 CPHF convergence reached in  3 macroiterations and    6 microiterations.   Accuracy: 8.8772D-07

 CPHF solution written to record  8500.2

 Dipole moments (unrelaxed):           -0.00882390     0.55217286    -0.36535519
 Orbital relaxation contribution:       0.00005479     0.00434141    -0.00312002
 !CCSD STATE 1.1 Dipole moment         -0.00876911     0.55651427    -0.36847521
 Dipole moment /Debye                  -0.02228884     1.41451819    -0.93657056

 CPU-time for coupled-perturbed hartree-fock:         28.69 sec

 Number of N-1 electron functions:               7
 Number of N-2 electron functions:              28
 Number of singly external CSFs:              1225
 Number of doubly external CSFs:            750925
 Total number of CSFs:                      752151

 CCSD gradient info saved on record        55555.1




 **********************************************************************************************************************************
 DATASETS  * FILE   NREC   LENGTH (MB)   RECORD NAMES
              1      22      860.20       500      610      700      701      900      950      970     1001      129      960   
                                          VAR    BASINP    GEOM     GEOM    SYMINP    ZMAT    AOBASIS   BASIS     P2S    ABASIS    
                                         1100     1400     1410     1200     1210     1080     1600     1650     1300     1700   
                                           S        T        V       H0       H01     AOSYM     SMH    MOLCAS    ERIS     OPER   
                                         1380    55555   
                                         JKOP     CCSD   

              2      12        3.69       700     1000      520     2100      200     2101     8500     9001      701     1001   
                                         GEOM     BASIS   MCVARS     RHF    OPTIONS    RHF     CPHF    DEN_MP2   GEOM     BASIS   
                                         2102     9001(1)
                                          RHF    DEN_MP2    

 PROGRAMS   *        TOTAL      CCSD    HF-SCF      CCSD    HF-SCF       INT      CCSD    HF-SCF      CCSD    HF-SCF      CCSD
 CPU TIMES  *     10417.09    793.06    116.36    795.29    104.06     21.68    360.85     19.20    794.43     87.29    808.42
 REAL TIME  *      1444.00 SEC
 DISK USED  *         2.31 GB
 **********************************************************************************************************************************

 Current geometry (xyz format, in Angstrom)


 Dump information in style XYZ to ch3oh_maxima_mp2_1.xyz                                                          

    6
 CCSD/AUG-CC-PVTZ  OPTSTEP=1  ENERGY=-115.54648167
 C          0.0009252159        0.0131422556       -0.7279469893
 O          0.0006794189       -0.0640527324        0.6897170429
 H         -0.0081560569        0.8274441496        1.0400155220
 H          0.9215435456        0.4591991858       -1.1106671044
 H         -0.0797610876       -1.0065261300       -1.0982869395
 H         -0.8554362939        0.5800070628       -1.1046963835

 **********************************************************************************************************************************

 PROGRESS OF GEOMETRY OPTIMIZATION.    TOTAL CPU:      2108.7 SEC
   1  -115.54631505  -115.54648167    -0.00016662  0.00417163  0.00651281  0.00196369  0.03490659  0.04941275  0.00449207

 **********************************************************************************************************************************

 Current geometry (xyz format, in Angstrom)


 Dump information in style XYZ to ch3oh_maxima_mp2.xyz                                                            

    6
 CCSD/AUG-CC-PVTZ  ENERGY=-115.54648167
 C          0.0009252159        0.0131422556       -0.7279469893
 O          0.0006794189       -0.0640527324        0.6897170429
 H         -0.0081560569        0.8274441496        1.0400155220
 H          0.9215435456        0.4591991858       -1.1106671044
 H         -0.0797610876       -1.0065261300       -1.0982869395
 H         -0.8554362939        0.5800070628       -1.1046963835

 **********************************************************************************************************************************

 Current variables
 RCO=                 1.41976422 ANGSTROM
 ROH=                 0.95789028 ANGSTROM
 ACOH=              108.33398044 DEGREE
 RCH1=                1.09223605 ANGSTROM
 AOCH1=             111.85339431 DEGREE
 AHH1=               65.79271750 DEGREE
 RCH2=                1.08783527 ANGSTROM
 AOCH2=             106.79549267 DEGREE
 RCH3=                1.09390624 ANGSTROM
 AOCH3=             111.83518476 DEGREE
 AHH3=              303.05035312 DEGREE

 **********************************************************************************************************************************

 PROGRAM * ALASKA (Gradient of the energy)     Author: R. Lindh


 CCSD Gradient info restored from record   55555.1

 Number of core orbitals:           2 (   2 )
 Number of closed-shell orbitals:   7 (   7 )
 Number of external orbitals:     175 ( 175 )

 Integral thresholds in T2TRAN:            1.0D-10 (PROD)

 Available memory for Transformation: 497467824 words
 Memory needed for incore algorithm:   11782801 words
 Minimum memory needed:                 3718915 words

 Memory used for transformation:          16.57 MW
 Available memory for gradients:         482.90 MW

 CPU for transformation:                 159.41 sec
 CPU for integrals and gradient:         114.23 sec
 Total CPU:                              273.64 sec

 Prescreening statistics:
 ========================

 Total number of shell quadruplets:        2.22D+04
 Number of shell quadruplets processed:    2.22D+04 (100.00%)

 CCSD GRADIENT FOR STATE 1.1

 Atom          dE/dx               dE/dy               dE/dz

   1         0.001931900        -0.000106413        -0.000077542
   2         0.000243569        -0.000037630        -0.000066961
   3        -0.000315664         0.000025783        -0.000007695
   4        -0.000402265         0.000165605         0.000318322
   5        -0.000943369         0.000029220         0.000062919
   6        -0.000514170        -0.000076565        -0.000229044

 Nuclear force contribution to virial =         0.000011541
 Reading points 1 to 2 from record 701.2,  wavefunction type=CCSD            

 Making model hessian for Z-matrix coordinates
 BFGS update of hessian using  1 points

 Entering Rational Function Geometry Optimization

 Optimization point 2

 Variable                      Last           Current        Next           Gradient       Hessian

 E(CCSD) / Hartree        -115.54631505  -115.54648167  -115.54648673
 RCO / ANGSTROM              1.41976327     1.41976422     1.41982980    -0.00013963     2.23831404
 ROH / ANGSTROM              0.95788879     0.95789028     0.95786712     0.00004553     2.54167017
 ACOH / DEGREE             108.33570003   108.33398044   108.34251812    -0.00000055     0.00007357
 RCH1 / ANGSTROM             1.09297616     1.09223605     1.09273223    -0.00072371     1.72828712
 AOCH1 / DEGREE            111.85937238   111.85339431   111.84703618    -0.00000646     0.00007113
 AHH1 / DEGREE              63.79271750    65.79271750    66.19852463    -0.00001118     0.00004921
 RCH2 / ANGSTROM             1.08779039     1.08783527     1.08780335     0.00003999     1.74649467
 AOCH2 / DEGREE            106.80730048   106.79549267   106.82332515    -0.00000253     0.00007638
 RCH3 / ANGSTROM             1.09311441     1.09390624     1.09332474     0.00083474     1.72197227
 AOCH3 / DEGREE            111.87248004   111.83518476   111.88333172     0.00000234     0.00007057
 AHH3 / DEGREE             301.05035312   303.05035312   303.45886564    -0.00001176     0.00005053
 Convergence:                0.00000000  (line search)     0.01020215     0.00117882  (total)

 Geometry written to block  3 of record 701

 Running procedure: RUNCCSD


 Recomputing integrals since geometry changed


 PROGRAM * SEWARD (Integral evaluation for generally contracted gaussian basis sets)     Author: Roland Lindh, 1990

 Geometry written to block  3 of record 701

 Orientation using atomic masses  
 Molecule type: Asymmetric top
 Rotational constants:      23.9621420     24.8243111    128.6174936 GHz  (calculated with average atomic masses)

 Point group  C1  



 ATOMIC COORDINATES

 NR  ATOM    CHARGE       X              Y              Z

   1  C       6.00    0.000754246    0.024917995   -1.375619891
   2  O       8.00    0.000430835   -0.121072353    1.303494860
   3  H       1.00   -0.001115848    1.563526215    1.965771888
   4  H1      1.00    1.753827685    0.840582599   -2.100536278
   5  H2      1.00   -0.168981665   -1.900136295   -2.076372542
   6  H3      1.00   -1.599556861    1.120920790   -2.087298639

 Bond lengths in Bohr (Angstrom)

 1-2  2.683089475  1-4  2.064964648  1-5  2.055650402  1-6  2.066084318  2-3  1.810106513
     ( 1.419829805)     ( 1.092732233)     ( 1.087803346)     ( 1.093324737)     ( 0.957867116)

 Bond angles

  1-2-3  108.34251812   2-1-4  111.84703618   2-1-5  106.82332515   2-1-6  111.88333172

  4-1-5  108.68316451   4-1-6  109.09353510   5-1-6  108.38458875

 NUCLEAR CHARGE:                   18
 NUMBER OF PRIMITIVE AOS:         242
 NUMBER OF SYMMETRY AOS:          216
 NUMBER OF CONTRACTIONS:          184   (  184A   )
 NUMBER OF INNER CORE ORBITALS:     0   (    0A   )
 NUMBER OF OUTER CORE ORBITALS:     2   (    2A   )
 NUMBER OF VALENCE ORBITALS:       12   (   12A   )


 NUCLEAR REPULSION ENERGY   40.34720304

 Eigenvalues of metric

         1 0.608E-04 0.743E-04 0.893E-04 0.202E-03 0.411E-03 0.484E-03 0.760E-03 0.780E-03


 Contracted 2-electron integrals neglected if value below      1.0D-11
 AO integral compression algorithm  1   Integral accuracy      1.0D-11

     706.740 MB (compressed) written to integral file ( 52.1%)


 NUMBER OF SORTED TWO-ELECTRON INTEGRALS:  144848710.     BUFFER LENGTH:  32768
 NUMBER OF SEGMENTS:  10  SEGMENT LENGTH:   15999503      RECORD LENGTH: 524288

 Memory used in sort:      16.56 MW

 SORT1 READ   169623812. AND WROTE   143544831. INTEGRALS IN    414 RECORDS. CPU TIME:     1.15 SEC, REAL TIME:     1.77 SEC
 SORT2 READ   143544831. AND WROTE   144848710. INTEGRALS IN   2696 RECORDS. CPU TIME:     1.27 SEC, REAL TIME:     1.72 SEC

 FILE SIZES:   FILE 1:   738.3 MBYTE,  FILE 4:  1736.5 MBYTE,   TOTAL:   2474.8 MBYTE

 OPERATOR DM      FOR CENTER  0  COORDINATES:    0.000000    0.000000    0.000000

 Program * Restricted Hartree-Fock

 Molecular orbitals read from record     2102.2  Type=RHF/CANONICAL (state 1.1)

 NELEC=   18   SYM=1   MS2= 0   THRE=1.0D-09   THRD=1.0D-06   THRG=1.0D-06  HFMA2=F  DIIS_START=2   DIIS_MAX=10   DIIS_INCORE=F

 Level shifts:    0.00 (CLOSED)    0.00 (OPEN)    0.30 (GAP_MIN)

 ITER           ETOT              DE          GRAD        DDIFF     DIIS  NEXP   TIME(IT)  TIME(TOT)  DIAG
   1     -115.09214743    -115.09214743     0.00D+00     0.47D-01     0     0       9.27      9.27    start
   2     -115.09221813      -0.00007070     0.18D-03     0.19D-03     1     0       9.55     18.82    diag
   3     -115.09222809      -0.00000996     0.50D-04     0.57D-04     2     0       9.44     28.26    diag
   4     -115.09222874      -0.00000065     0.11D-04     0.18D-04     3     0       9.23     37.49    diag
   5     -115.09222876      -0.00000001     0.22D-05     0.26D-05     4     0       8.62     46.11    diag
   6     -115.09222876      -0.00000000     0.10D-05     0.98D-06     5     0       9.09     55.20    diag
   7     -115.09222876      -0.00000000     0.29D-06     0.37D-06     6     0       9.16     64.36    diag
   8     -115.09222876      -0.00000000     0.79D-07     0.79D-07     0     0       9.59     73.95    fixocc

 Final occupancy:   9

 !RHF STATE 1.1 Energy               -115.092228759836
  RHF One-electron energy            -236.925866139619
  RHF Two-electron energy              81.486434335843
  RHF Kinetic energy                  114.923552311083
  RHF Nuclear energy                   40.347203043940
  RHF Virial quotient                  -1.001467727418

 !RHF STATE 1.1 Dipole moment          -0.00342533     0.58945042    -0.39095117
 Dipole moment /Debye                  -0.00870632     1.49823352    -0.99369876

 Orbital energies:

           1.1          2.1          3.1          4.1          5.1          6.1          7.1          8.1          9.1         10.1
    -20.558772   -11.271351    -1.358330    -0.926035    -0.691705    -0.620803    -0.593773    -0.504046    -0.451684     0.028517

          11.1
      0.042977


 HOMO      9.1    -0.451684 =     -12.2910eV
 LUMO     10.1     0.028517 =       0.7760eV
 LUMO-HOMO         0.480202 =      13.0670eV

 Orbitals saved in record  2102.2


 **********************************************************************************************************************************
 DATASETS  * FILE   NREC   LENGTH (MB)   RECORD NAMES
              1      20      621.26       500      610      700      701      900      950      970     1001      129      960   
                                          VAR    BASINP    GEOM     GEOM    SYMINP    ZMAT    AOBASIS   BASIS     P2S    ABASIS    
                                         1100     1400     1410     1200     1210     1080     1600     1650     1300     1700   
                                           S        T        V       H0       H01     AOSYM     SMH    MOLCAS    ERIS     OPER   

              2      12        3.69       700     1000      520     2100      200     2101     8500     9001      701     1001   
                                         GEOM     BASIS   MCVARS     RHF    OPTIONS    RHF     CPHF    DEN_MP2   GEOM     BASIS   
                                         2102     9001(1)
                                          RHF    DEN_MP2    

 PROGRAMS   *        TOTAL    HF-SCF      CCSD    HF-SCF      CCSD    HF-SCF       INT      CCSD    HF-SCF      CCSD    HF-SCF
 CPU TIMES  *     10787.24     95.46    793.06    116.36    795.29    104.06     21.68    360.85     19.20    794.43     87.29
 REAL TIME  *      1510.58 SEC
 DISK USED  *         2.31 GB
 **********************************************************************************************************************************


 PROGRAM * CCSD (Closed-shell coupled cluster)     Authors: C. Hampel, H.-J. Werner, 1991, M. Deegan, P.J. Knowles, 1992


 Convergence thresholds:  THRVAR = 1.00D-12  THRDEN = 1.00D-08

 Using ITF CCSD gradient implementation

 Number of core orbitals:           2 (   2 )
 Number of closed-shell orbitals:   7 (   7 )
 Number of external orbitals:     175 ( 175 )

 Molecular orbitals read from record     2102.2  Type=RHF/CANONICAL (state 1.1)

 Integral transformation finished. Total CPU:  21.88 sec, npass=  1  Memory used:  27.38 MW
  Reference energy                   -115.092228759836

  MP2 correlation energy               -0.436727627070
  MP2 total energy                   -115.528956386906

 ITER.      SQ.NORM     CORR.ENERGY   TOTAL ENERGY   ENERGY CHANGE        DEN1      VAR(S)    VAR(P)  DIIS     TIME
   1      1.12037508    -0.45317726  -115.54540602    -0.01644963    -0.00558988  1.69e-03  1.94e-03  1  1    22.67
   2      1.12836415    -0.45416103  -115.54638979    -0.00098378    -0.00936291  4.22e-05  2.69e-04  2  2    45.16
   3      1.13074531    -0.45427995  -115.54650871    -0.00011892    -0.00140656  4.44e-06  3.49e-05  3  3    67.44
   4      1.13199152    -0.45428267  -115.54651143    -0.00000272    -0.00092403  1.40e-07  3.37e-06  4  4    89.61
   5      1.13229336    -0.45426203  -115.54649079     0.00002064    -0.00019145  1.82e-08  3.18e-07  5  5   112.46
   6      1.13237231    -0.45425954  -115.54648830     0.00000249    -0.00004909  3.44e-10  1.44e-08  6  0   135.38
   7      1.13238044    -0.45425837  -115.54648713     0.00000116    -0.00000617  6.13e-11  1.04e-09  6  1   159.89
   8      1.13238063    -0.45425823  -115.54648699     0.00000014    -0.00000046  4.13e-12  1.04e-10  6  2   184.30
   9      1.13238055    -0.45425822  -115.54648698     0.00000002     0.00000001  1.63e-13  1.10e-11  6  3   208.05
  10      1.13238061    -0.45425821  -115.54648697     0.00000000    -0.00000004  2.86e-14  7.46e-13         234.74

 Norm of t1 vector:      0.05241440     S-energy:      0.00000001   T1 diagnostic:  0.00990539

 Time per iteration:                     23.48 sec

 RESULTS
 =======

  Reference energy                   -115.092228759836
  CCSD correlation energy              -0.454258211528
 !CCSD total energy                  -115.546486971364

 Starting CP-CCSD iterations.   Author: W. Gyorffy (2012)

 ITER.      NRM1           NRM2      VAR(S)+VAR(P)   DIIS    TIME
   1     0.00162168     0.38314219     5.24e-04      1  1   24.80
   2     0.00147114     0.37934886     3.80e-05      2  2   49.66
   3     0.00136725     0.37886789     4.69e-06      3  3   74.68
   4     0.00131773     0.37847791     8.86e-07      4  4   99.92
   5     0.00129038     0.37838430     9.06e-08      5  5  129.16
   6     0.00128019     0.37835124     9.10e-09      6  0  156.49
   7     0.00127747     0.37834743     1.09e-09      6  1  183.37
   8     0.00127677     0.37834619     1.42e-10      6  2  210.60
   9     0.00127663     0.37834607     1.91e-11      6  3  235.51
  10     0.00127660     0.37834602     2.49e-12      6  4  264.94
  11     0.00127660     0.37834600     2.86e-13            290.49


 Time per iteration:                     26.41 sec


 CPHF trial vector read from record  8500.2

 Starting Coupled-perturbed Hartree-Fock, convergence threshold= 1.0D-06

 ITER   MIC  DIIS      VAR         VARC       CPU
   1     0     1    0.52D-02    0.13D-03     9.35
   2     3     2    0.35D-05    0.26D-05    18.47
   3     1     3    0.34D-06    0.45D-07    27.82

 CPHF convergence reached in  3 macroiterations and    4 microiterations.   Accuracy: 3.3985D-07

 CPHF solution written to record  8500.2

 Dipole moments (unrelaxed):           -0.00379793     0.55224418    -0.36536981
 Orbital relaxation contribution:       0.00005938     0.00434282    -0.00311745
 !CCSD STATE 1.1 Dipole moment         -0.00373854     0.55658700    -0.36848726
 Dipole moment /Debye                  -0.00950243     1.41470304    -0.93660119

 CPU-time for coupled-perturbed hartree-fock:         27.89 sec

 Number of N-1 electron functions:               7
 Number of N-2 electron functions:              28
 Number of singly external CSFs:              1225
 Number of doubly external CSFs:            750925
 Total number of CSFs:                      752151

 CCSD gradient info saved on record        55555.1




 **********************************************************************************************************************************
 DATASETS  * FILE   NREC   LENGTH (MB)   RECORD NAMES
              1      22      857.27       500      610      700      701      900      950      970     1001      129      960   
                                          VAR    BASINP    GEOM     GEOM    SYMINP    ZMAT    AOBASIS   BASIS     P2S    ABASIS    
                                         1100     1400     1410     1200     1210     1080     1600     1650     1300     1700   
                                           S        T        V       H0       H01     AOSYM     SMH    MOLCAS    ERIS     OPER   
                                         1380    55555   
                                         JKOP     CCSD   

              2      12        3.69       700     1000      520     2100      200     2101     8500     9001      701     1001   
                                         GEOM     BASIS   MCVARS     RHF    OPTIONS    RHF     CPHF    DEN_MP2   GEOM     BASIS   
                                         2102     9001(1)
                                          RHF    DEN_MP2    

 PROGRAMS   *        TOTAL      CCSD    HF-SCF      CCSD    HF-SCF      CCSD    HF-SCF       INT      CCSD    HF-SCF      CCSD
 CPU TIMES  *     11583.32    796.07     95.46    793.06    116.36    795.29    104.06     21.68    360.85     19.20    794.43
 REAL TIME  *      1619.49 SEC
 DISK USED  *         2.31 GB
 **********************************************************************************************************************************

 Current geometry (xyz format, in Angstrom)


 Dump information in style XYZ to ch3oh_maxima_mp2_2.xyz                                                          

    6
 CCSD/AUG-CC-PVTZ  OPTSTEP=2  ENERGY=-115.54648697
 C          0.0003991299        0.0131860350       -0.7279466970
 O          0.0002279881       -0.0640687298        0.6897797742
 H         -0.0005904814        0.8273824418        1.0402416849
 H          0.9280856426        0.4448171553       -1.1115559288
 H         -0.0894212463       -1.0055088249       -1.0987690306
 H         -0.8464490386        0.5931657374       -1.1045508719

 **********************************************************************************************************************************

 PROGRESS OF GEOMETRY OPTIMIZATION.    TOTAL CPU:      3274.9 SEC
   1  -115.54631505  -115.54648167    -0.00016662  0.00417163  0.00651281  0.00196369  0.03490659  0.04941275  0.00449207
   2  -115.54648167  -115.54648697    -0.00000530  0.00067400  0.00117882  0.00035543  0.00712989  0.01020215  0.00092747

 **********************************************************************************************************************************

 Current geometry (xyz format, in Angstrom)


 Dump information in style XYZ to ch3oh_maxima_mp2.xyz                                                            

    6
 CCSD/AUG-CC-PVTZ  ENERGY=-115.54648697
 C          0.0003991299        0.0131860350       -0.7279466970
 O          0.0002279881       -0.0640687298        0.6897797742
 H         -0.0005904814        0.8273824418        1.0402416849
 H          0.9280856426        0.4448171553       -1.1115559288
 H         -0.0894212463       -1.0055088249       -1.0987690306
 H         -0.8464490386        0.5931657374       -1.1045508719

 **********************************************************************************************************************************

 Current variables
 RCO=                 1.41982980 ANGSTROM
 ROH=                 0.95786712 ANGSTROM
 ACOH=              108.34251812 DEGREE
 RCH1=                1.09273223 ANGSTROM
 AOCH1=             111.84703618 DEGREE
 AHH1=               66.19852463 DEGREE
 RCH2=                1.08780335 ANGSTROM
 AOCH2=             106.82332515 DEGREE
 RCH3=                1.09332474 ANGSTROM
 AOCH3=             111.88333172 DEGREE
 AHH3=              303.45886564 DEGREE

 **********************************************************************************************************************************

 PROGRAM * ALASKA (Gradient of the energy)     Author: R. Lindh


 CCSD Gradient info restored from record   55555.1

 Number of core orbitals:           2 (   2 )
 Number of closed-shell orbitals:   7 (   7 )
 Number of external orbitals:     175 ( 175 )

 Integral thresholds in T2TRAN:            1.0D-10 (PROD)

 Available memory for Transformation: 497467824 words
 Memory needed for incore algorithm:   11782801 words
 Minimum memory needed:                 3718915 words

 Memory used for transformation:          16.57 MW
 Available memory for gradients:         482.90 MW

 CPU for transformation:                 160.38 sec
 CPU for integrals and gradient:         112.62 sec
 Total CPU:                              273.00 sec

 Prescreening statistics:
 ========================

 Total number of shell quadruplets:        2.22D+04
 Number of shell quadruplets processed:    2.22D+04 (100.00%)

 CCSD GRADIENT FOR STATE 1.1

 Atom          dE/dx               dE/dy               dE/dz

   1         0.000622050        -0.000040259        -0.000026665
   2         0.000353405        -0.000005517         0.000035727
   3        -0.000339086         0.000004145         0.000005640
   4        -0.000174360        -0.000085818         0.000072512
   5        -0.000302862         0.000032904        -0.000001317
   6        -0.000159147         0.000094545        -0.000085897

 Nuclear force contribution to virial =         0.000102462
 Reading points 1 to 3 from record 701.2,  wavefunction type=CCSD            

 Making model hessian for Z-matrix coordinates
 BFGS update of hessian using  2 points

 Entering Rational Function Geometry Optimization

 Optimization point 3

 Variable                      Last           Current        Next           Gradient       Hessian

 E(CCSD) / Hartree        -115.54648167  -115.54648697  -115.54648707
 RCO / ANGSTROM              1.41976422     1.41982980     1.41979530     0.00007819     2.24080534
 ROH / ANGSTROM              0.95789028     0.95786712     0.95786225     0.00001174     2.54172138
 ACOH / DEGREE             108.33398044   108.34251812   108.34135662     0.00000012     0.00007357
 RCH1 / ANGSTROM             1.09223605     1.09273223     1.09298050    -0.00039189     1.68562164
 AOCH1 / DEGREE            111.85339431   111.84703618   111.84585700     0.00000000     0.00007119
 AHH1 / DEGREE              65.79271750    66.19852463    66.20609225     0.00000014     0.00005015
 RCH2 / ANGSTROM             1.08783527     1.08780335     1.08780907    -0.00001012     1.74673690
 AOCH2 / DEGREE            106.79549267   106.82332515   106.82495796     0.00000017     0.00007651
 RCH3 / ANGSTROM             1.09390624     1.09332474     1.09308108     0.00038364     1.67690963
 AOCH3 / DEGREE            111.83518476   111.88333172   111.87533241     0.00000059     0.00007052
 AHH3 / DEGREE             303.05035312   303.45886564   303.47773217    -0.00000043     0.00005020
 Convergence:                0.00000000  (line search)     0.00076393     0.00029657  (total)

 Geometry written to block  4 of record 701

 Running procedure: RUNCCSD


 Recomputing integrals since geometry changed


 PROGRAM * SEWARD (Integral evaluation for generally contracted gaussian basis sets)     Author: Roland Lindh, 1990

 Geometry written to block  4 of record 701

 Orientation using atomic masses  
 Molecule type: Asymmetric top
 Rotational constants:      23.9632801     24.8258066    128.6130757 GHz  (calculated with average atomic masses)

 Point group  C1  



 ATOMIC COORDINATES

 NR  ATOM    CHARGE       X              Y              Z

   1  C       6.00    0.000638330    0.024905645   -1.375592437
   2  O       8.00    0.000491113   -0.121078886    1.303457347
   3  H       1.00   -0.001359461    1.563524774    1.965695496
   4  H1      1.00    1.754022462    0.840881994   -2.100743094
   5  H2      1.00   -0.168746671   -1.900173707   -2.076392901
   6  H3      1.00   -1.599318520    1.120911114   -2.086726779

 Bond lengths in Bohr (Angstrom)

 1-2  2.683024273  1-4  2.065433802  1-5  2.055661227  1-6  2.065623867  2-3  1.810097312
     ( 1.419795302)     ( 1.092980499)     ( 1.087809075)     ( 1.093081077)     ( 0.957862247)

 Bond angles

  1-2-3  108.34135662   2-1-4  111.84585700   2-1-5  106.82495796   2-1-6  111.87533241

  4-1-5  108.67665589   4-1-6  109.09004302   5-1-6  108.40297722

 NUCLEAR CHARGE:                   18
 NUMBER OF PRIMITIVE AOS:         242
 NUMBER OF SYMMETRY AOS:          216
 NUMBER OF CONTRACTIONS:          184   (  184A   )
 NUMBER OF INNER CORE ORBITALS:     0   (    0A   )
 NUMBER OF OUTER CORE ORBITALS:     2   (    2A   )
 NUMBER OF VALENCE ORBITALS:       12   (   12A   )


 NUCLEAR REPULSION ENERGY   40.34784955

 Eigenvalues of metric

         1 0.608E-04 0.743E-04 0.893E-04 0.202E-03 0.411E-03 0.484E-03 0.760E-03 0.780E-03


 Contracted 2-electron integrals neglected if value below      1.0D-11
 AO integral compression algorithm  1   Integral accuracy      1.0D-11

     705.167 MB (compressed) written to integral file ( 52.0%)


 NUMBER OF SORTED TWO-ELECTRON INTEGRALS:  144848710.     BUFFER LENGTH:  32768
 NUMBER OF SEGMENTS:  10  SEGMENT LENGTH:   15999503      RECORD LENGTH: 524288

 Memory used in sort:      16.56 MW

 SORT1 READ   169623812. AND WROTE   143526616. INTEGRALS IN    414 RECORDS. CPU TIME:     1.16 SEC, REAL TIME:     1.76 SEC
 SORT2 READ   143526616. AND WROTE   144848710. INTEGRALS IN   2690 RECORDS. CPU TIME:     1.27 SEC, REAL TIME:     1.72 SEC

 FILE SIZES:   FILE 1:   736.7 MBYTE,  FILE 4:  1736.5 MBYTE,   TOTAL:   2473.2 MBYTE

 OPERATOR DM      FOR CENTER  0  COORDINATES:    0.000000    0.000000    0.000000

 Program * Restricted Hartree-Fock

 Molecular orbitals read from record     2102.2  Type=RHF/CANONICAL (state 1.1)

 NELEC=   18   SYM=1   MS2= 0   THRE=1.0D-09   THRD=1.0D-07   THRG=1.0D-07  HFMA2=F  DIIS_START=2   DIIS_MAX=10   DIIS_INCORE=F

 Level shifts:    0.00 (CLOSED)    0.00 (OPEN)    0.30 (GAP_MIN)

 ITER           ETOT              DE          GRAD        DDIFF     DIIS  NEXP   TIME(IT)  TIME(TOT)  DIAG
   1     -115.09223008    -115.09223008     0.00D+00     0.47D-01     0     0       9.70      9.70    start
   2     -115.09223012      -0.00000004     0.49D-05     0.11D-04     1     0       8.91     18.61    diag
   3     -115.09223013      -0.00000000     0.11D-05     0.20D-05     2     0       9.28     27.89    diag
   4     -115.09223013      -0.00000000     0.31D-06     0.50D-06     3     0       9.77     37.66    diag
   5     -115.09223013      -0.00000000     0.13D-06     0.13D-06     4     0       9.07     46.73    diag
   6     -115.09223013      -0.00000000     0.33D-07     0.47D-07     5     0       9.45     56.18    diag
   7     -115.09223013      -0.00000000     0.88D-08     0.83D-08     0     0      12.19     68.37    diag

 Final occupancy:   9

 !RHF STATE 1.1 Energy               -115.092230128838
  RHF One-electron energy            -236.927128167257
  RHF Two-electron energy              81.487048490995
  RHF Kinetic energy                  114.923635518180
  RHF Nuclear energy                   40.347849547424
  RHF Virial quotient                  -1.001467014247

 !RHF STATE 1.1 Dipole moment          -0.00369626     0.58947087    -0.39091068
 Dipole moment /Debye                  -0.00939494     1.49828550    -0.99359585

 Orbital energies:

           1.1          2.1          3.1          4.1          5.1          6.1          7.1          8.1          9.1         10.1
    -20.558768   -11.271349    -1.358343    -0.926029    -0.691718    -0.620797    -0.593785    -0.504057    -0.451670     0.028517

          11.1
      0.042976


 HOMO      9.1    -0.451670 =     -12.2906eV
 LUMO     10.1     0.028517 =       0.7760eV
 LUMO-HOMO         0.480187 =      13.0665eV

 Orbitals saved in record  2102.2


 **********************************************************************************************************************************
 DATASETS  * FILE   NREC   LENGTH (MB)   RECORD NAMES
              1      20      620.23       500      610      700      701      900      950      970     1001      129      960   
                                          VAR    BASINP    GEOM     GEOM    SYMINP    ZMAT    AOBASIS   BASIS     P2S    ABASIS    
                                         1100     1400     1410     1200     1210     1080     1600     1650     1300     1700   
                                           S        T        V       H0       H01     AOSYM     SMH    MOLCAS    ERIS     OPER   

              2      12        3.69       700     1000      520     2100      200     2101     8500     9001      701     1001   
                                         GEOM     BASIS   MCVARS     RHF    OPTIONS    RHF     CPHF    DEN_MP2   GEOM     BASIS   
                                         2102     9001(1)
                                          RHF    DEN_MP2    

 PROGRAMS   *        TOTAL    HF-SCF      CCSD    HF-SCF      CCSD    HF-SCF      CCSD    HF-SCF       INT      CCSD    HF-SCF
 CPU TIMES  *     11947.26     89.81    796.07     95.46    793.06    116.36    795.29    104.06     21.68    360.85     19.20
 REAL TIME  *      1685.07 SEC
 DISK USED  *         2.31 GB
 **********************************************************************************************************************************


 PROGRAM * CCSD (Closed-shell coupled cluster)     Authors: C. Hampel, H.-J. Werner, 1991, M. Deegan, P.J. Knowles, 1992


 Convergence thresholds:  THRVAR = 1.00D-12  THRDEN = 1.00D-08

 Using ITF CCSD gradient implementation

 Number of core orbitals:           2 (   2 )
 Number of closed-shell orbitals:   7 (   7 )
 Number of external orbitals:     175 ( 175 )

 Molecular orbitals read from record     2102.2  Type=RHF/CANONICAL (state 1.1)

 Integral transformation finished. Total CPU:  23.88 sec, npass=  1  Memory used:  27.38 MW
  Reference energy                   -115.092230128838

  MP2 correlation energy               -0.436726100220
  MP2 total energy                   -115.528956229057

 ITER.      SQ.NORM     CORR.ENERGY   TOTAL ENERGY   ENERGY CHANGE        DEN1      VAR(S)    VAR(P)  DIIS     TIME
   1      1.12037366    -0.45317599  -115.54540612    -0.01644989    -0.00559038  1.69e-03  1.94e-03  1  1    29.29
   2      1.12836253    -0.45415979  -115.54638992    -0.00098380    -0.00936273  4.22e-05  2.69e-04  2  2    54.41
   3      1.13074364    -0.45427871  -115.54650884    -0.00011891    -0.00140657  4.44e-06  3.49e-05  3  3    76.22
   4      1.13198980    -0.45428143  -115.54651156    -0.00000272    -0.00092401  1.40e-07  3.37e-06  4  4    99.93
   5      1.13229162    -0.45426079  -115.54649092     0.00002064    -0.00019144  1.82e-08  3.18e-07  5  5   125.39
   6      1.13237056    -0.45425830  -115.54648842     0.00000249    -0.00004909  3.44e-10  1.44e-08  6  0   152.61
   7      1.13237869    -0.45425713  -115.54648726     0.00000116    -0.00000617  6.13e-11  1.04e-09  6  1   177.41
   8      1.13237888    -0.45425699  -115.54648712     0.00000014    -0.00000046  4.13e-12  1.04e-10  6  2   202.24
   9      1.13237880    -0.45425697  -115.54648710     0.00000002     0.00000001  1.63e-13  1.10e-11  6  3   225.48
  10      1.13237886    -0.45425697  -115.54648710     0.00000000    -0.00000004  2.86e-14  7.46e-13         249.04

 Norm of t1 vector:      0.05241353     S-energy:      0.00000000   T1 diagnostic:  0.00990523

 Time per iteration:                     24.91 sec

 RESULTS
 =======

  Reference energy                   -115.092230128838
  CCSD correlation energy              -0.454256968871
 !CCSD total energy                  -115.546487097709

 Starting CP-CCSD iterations.   Author: W. Gyorffy (2012)

 ITER.      NRM1           NRM2      VAR(S)+VAR(P)   DIIS    TIME
   1     0.00162163     0.38313832     5.24e-04      1  1   24.39
   2     0.00147110     0.37934514     3.80e-05      2  2   49.62
   3     0.00136722     0.37886417     4.69e-06      3  3   75.41
   4     0.00131770     0.37847420     8.86e-07      4  4  101.23
   5     0.00129035     0.37838059     9.06e-08      5  5  126.56
   6     0.00128016     0.37834754     9.10e-09      6  0  154.00
   7     0.00127744     0.37834373     1.09e-09      6  1  180.76
   8     0.00127674     0.37834249     1.42e-10      6  2  205.23
   9     0.00127660     0.37834237     1.91e-11      6  3  229.57
  10     0.00127657     0.37834232     2.49e-12      6  4  259.74
  11     0.00127657     0.37834230     2.85e-13            285.70


 Time per iteration:                     25.97 sec


 CPHF trial vector read from record  8500.2

 Starting Coupled-perturbed Hartree-Fock, convergence threshold= 1.0D-06

 ITER   MIC  DIIS      VAR         VARC       CPU
   1     0     1    0.11D-03    0.64D-05     9.43
   2     3     2    0.51D-06    0.17D-06    20.93

 CPHF convergence reached in  2 macroiterations and    3 microiterations.   Accuracy: 5.0598D-07

 CPHF solution written to record  8500.2

 Dipole moments (unrelaxed):           -0.00402969     0.55226631    -0.36533504
 Orbital relaxation contribution:       0.00005390     0.00434213    -0.00311743
 !CCSD STATE 1.1 Dipole moment         -0.00397579     0.55660844    -0.36845247
 Dipole moment /Debye                  -0.01010545     1.41475753    -0.93651275

 CPU-time for coupled-perturbed hartree-fock:         21.01 sec

 Number of N-1 electron functions:               7
 Number of N-2 electron functions:              28
 Number of singly external CSFs:              1225
 Number of doubly external CSFs:            750925
 Total number of CSFs:                      752151

 CCSD gradient info saved on record        55555.1




 **********************************************************************************************************************************
 DATASETS  * FILE   NREC   LENGTH (MB)   RECORD NAMES
              1      22      856.23       500      610      700      701      900      950      970     1001      129      960   
                                          VAR    BASINP    GEOM     GEOM    SYMINP    ZMAT    AOBASIS   BASIS     P2S    ABASIS    
                                         1100     1400     1410     1200     1210     1080     1600     1650     1300     1700   
                                           S        T        V       H0       H01     AOSYM     SMH    MOLCAS    ERIS     OPER   
                                         1380    55555   
                                         JKOP     CCSD   

              2      12        3.69       700     1000      520     2100      200     2101     8500     9001      701     1001   
                                         GEOM     BASIS   MCVARS     RHF    OPTIONS    RHF     CPHF    DEN_MP2   GEOM     BASIS   
                                         2102     9001(1)
                                          RHF    DEN_MP2    

 PROGRAMS   *        TOTAL      CCSD    HF-SCF      CCSD    HF-SCF      CCSD    HF-SCF      CCSD    HF-SCF       INT      CCSD
 CPU TIMES  *     12750.33    803.06     89.81    796.07     95.46    793.06    116.36    795.29    104.06     21.68    360.85
 REAL TIME  *      1794.58 SEC
 DISK USED  *         2.31 GB
 **********************************************************************************************************************************

 Current geometry (xyz format, in Angstrom)


 Dump information in style XYZ to ch3oh_maxima_mp2_3.xyz                                                          

    6
 CCSD/AUG-CC-PVTZ  OPTSTEP=3  ENERGY=-115.54648710
 C          0.0003377895        0.0131794999       -0.7279321690
 O          0.0002598856       -0.0640721870        0.6897599236
 H         -0.0007193960        0.8273816789        1.0402012599
 H          0.9281887143        0.4449755881       -1.1116653713
 H         -0.0892968927       -1.0055286225       -1.0987798039
 H         -0.8463229137        0.5931606169       -1.1042482569

 **********************************************************************************************************************************

 PROGRESS OF GEOMETRY OPTIMIZATION.    TOTAL CPU:      4442.0 SEC
   1  -115.54631505  -115.54648167    -0.00016662  0.00417163  0.00651281  0.00196369  0.03490659  0.04941275  0.00449207
   2  -115.54648167  -115.54648697    -0.00000530  0.00067400  0.00117882  0.00035543  0.00712989  0.01020215  0.00092747
   3  -115.54648697  -115.54648710    -0.00000013  0.00020738  0.00029657  0.00008942  0.00046915  0.00076393  0.00006945

 **********************************************************************************************************************************

 Current geometry (xyz format, in Angstrom)


 Dump information in style XYZ to ch3oh_maxima_mp2.xyz                                                            

    6
 CCSD/AUG-CC-PVTZ  ENERGY=-115.54648710
 C          0.0003377895        0.0131794999       -0.7279321690
 O          0.0002598856       -0.0640721870        0.6897599236
 H         -0.0007193960        0.8273816789        1.0402012599
 H          0.9281887143        0.4449755881       -1.1116653713
 H         -0.0892968927       -1.0055286225       -1.0987798039
 H         -0.8463229137        0.5931606169       -1.1042482569

 **********************************************************************************************************************************

 Current variables
 RCO=                 1.41979530 ANGSTROM
 ROH=                 0.95786225 ANGSTROM
 ACOH=              108.34135662 DEGREE
 RCH1=                1.09298050 ANGSTROM
 AOCH1=             111.84585700 DEGREE
 AHH1=               66.20609225 DEGREE
 RCH2=                1.08780907 ANGSTROM
 AOCH2=             106.82495796 DEGREE
 RCH3=                1.09308108 ANGSTROM
 AOCH3=             111.87533241 DEGREE
 AHH3=              303.47773217 DEGREE

 **********************************************************************************************************************************

 Recomputing wavefunction for reoriented structure

 Running procedure: RUNCCSD


 Program * Restricted Hartree-Fock

 Molecular orbitals read from record     2102.2  Type=RHF/CANONICAL (state 1.1)

 NELEC=   18   SYM=1   MS2= 0   THRE=1.0D-09   THRD=1.0D-07   THRG=1.0D-07  HFMA2=F  DIIS_START=2   DIIS_MAX=10   DIIS_INCORE=F

 Level shifts:    0.00 (CLOSED)    0.00 (OPEN)    0.30 (GAP_MIN)

 ITER           ETOT              DE          GRAD        DDIFF     DIIS  NEXP   TIME(IT)  TIME(TOT)  DIAG
   1     -115.09223013    -115.09223013     0.00D+00     0.47D-01     0     0       9.56      9.57    start
   2     -115.09223013      -0.00000000     0.43D-08     0.37D-08     1     0       9.44     19.01    diag

 Final occupancy:   9

 !RHF STATE 1.1 Energy               -115.092230128838
  RHF One-electron energy            -236.927128409788
  RHF Two-electron energy              81.487048733525
  RHF Kinetic energy                  114.923635822556
  RHF Nuclear energy                   40.347849547424
  RHF Virial quotient                  -1.001467011595

 !RHF STATE 1.1 Dipole moment          -0.00369621     0.58947095    -0.39091079
 Dipole moment /Debye                  -0.00939482     1.49828572    -0.99359612

 Orbital energies:

           1.1          2.1          3.1          4.1          5.1          6.1          7.1          8.1          9.1         10.1
    -20.558768   -11.271349    -1.358343    -0.926029    -0.691718    -0.620797    -0.593785    -0.504057    -0.451670     0.028517

          11.1
      0.042976


 HOMO      9.1    -0.451670 =     -12.2906eV
 LUMO     10.1     0.028517 =       0.7760eV
 LUMO-HOMO         0.480187 =      13.0665eV

 Orbitals saved in record  2102.2


 **********************************************************************************************************************************
 DATASETS  * FILE   NREC   LENGTH (MB)   RECORD NAMES
              1      22      856.23       500      610      700      701      900      950      970     1001      129      960   
                                          VAR    BASINP    GEOM     GEOM    SYMINP    ZMAT    AOBASIS   BASIS     P2S    ABASIS    
                                         1100     1400     1410     1200     1210     1080     1600     1650     1300     1700   
                                           S        T        V       H0       H01     AOSYM     SMH    MOLCAS    ERIS     OPER   
                                         1380    55555   
                                         JKOP     CCSD   

              2      12        3.69       700     1000      520     2100      200     2101     8500     9001      701     1001   
                                         GEOM     BASIS   MCVARS     RHF    OPTIONS    RHF     CPHF    DEN_MP2   GEOM     BASIS   
                                         2102     9001(1)
                                          RHF    DEN_MP2    

 PROGRAMS   *        TOTAL    HF-SCF      CCSD    HF-SCF      CCSD    HF-SCF      CCSD    HF-SCF      CCSD    HF-SCF       INT
 CPU TIMES  *     12769.40     19.05    803.06     89.81    796.07     95.46    793.06    116.36    795.29    104.06     21.68
 REAL TIME  *      1797.67 SEC
 DISK USED  *         2.31 GB
 **********************************************************************************************************************************


 PROGRAM * CCSD (Closed-shell coupled cluster)     Authors: C. Hampel, H.-J. Werner, 1991, M. Deegan, P.J. Knowles, 1992


 Convergence thresholds:  THRVAR = 1.00D-12  THRDEN = 1.00D-08

 Number of core orbitals:           2 (   2 )
 Number of closed-shell orbitals:   7 (   7 )
 Number of external orbitals:     175 ( 175 )

 Molecular orbitals read from record     2102.2  Type=RHF/CANONICAL (state 1.1)

 Number of N-1 electron functions:               7
 Number of N-2 electron functions:              28
 Number of singly external CSFs:              1225
 Number of doubly external CSFs:            750925
 Total number of CSFs:                      752151

 Length of J-op  integral file:               0.00 MB
 Length of K-op  integral file:               2.36 MB
 Length of 3-ext integral record:             0.00 MB

 Integral transformation finished. Total CPU:  20.83 sec, npass=  1  Memory used:  27.38 MW

 Reference energy:                   -115.09223013

 MP2 singlet pair energy:              -0.28674200
 MP2 triplet pair energy:              -0.14998410
 MP2 correlation energy:               -0.43672610
 MP2 total energy:                   -115.52895623

 SCS-MP2 correlation energy:           -0.43741384   (PS=  1.200000  PT=  0.333333)
 SCS-MP2 total energy:               -115.52964397

 ITER.      SQ.NORM     CORR.ENERGY   TOTAL ENERGY   ENERGY CHANGE        DEN1      VAR(S)    VAR(P)  DIIS     TIME  TIME/IT
   1      1.12025589    -0.45309487  -115.54532500    -0.01636877    -0.00559730  0.16D-02  0.19D-02  1  1    46.72     2.98
   2      1.12851788    -0.45418715  -115.54641728    -0.00109228    -0.00965276  0.20D-04  0.25D-03  2  2    73.38     3.10
   3      1.13137623    -0.45427521  -115.54650534    -0.00008806    -0.00185046  0.16D-04  0.11D-04  3  3   100.33     3.16
   4      1.13214922    -0.45426040  -115.54649053     0.00001481    -0.00036609  0.93D-06  0.12D-05  4  4   125.65     3.13
   5      1.13231822    -0.45426182  -115.54649195    -0.00000142    -0.00005320  0.23D-06  0.10D-06  5  5   149.59     3.08
   6      1.13236498    -0.45425806  -115.54648818     0.00000377    -0.00000988  0.37D-07  0.97D-08  6  6   173.07     3.04
   7      1.13237531    -0.45425711  -115.54648723     0.00000095    -0.00000151  0.49D-08  0.21D-08  6  2   196.93     3.01
   8      1.13237789    -0.45425702  -115.54648715     0.00000009    -0.00000001  0.80D-09  0.27D-09  6  1   223.75     3.04
   9      1.13237893    -0.45425694  -115.54648707     0.00000007     0.00000019  0.74D-10  0.29D-10  6  3   250.88     3.06
  10      1.13237911    -0.45425694  -115.54648707     0.00000000     0.00000001  0.11D-10  0.41D-11  6  4   275.32     3.05
  11      1.13237896    -0.45425696  -115.54648709    -0.00000002     0.00000011  0.14D-11  0.71D-12  6  6   301.47     3.06
  12      1.13237892    -0.45425697  -115.54648709    -0.00000000     0.00000002  0.19D-12  0.62D-13  6  5   326.51     3.05
  13      1.13237889    -0.45425697  -115.54648710    -0.00000000     0.00000001  0.19D-13  0.94D-14  6  1   352.11     3.05

 Norm of t1 vector:      0.05241370      S-energy:     0.00000000      T1 diagnostic:  0.00990526
                                                                       D1 diagnostic:  0.02314425
                                                                       D2 diagnostic:  0.13786210 (internal)


 RESULTS
 =======

  Reference energy                   -115.092230128838
  CCSD singlet pair energy             -0.318123120781
  CCSD triplet pair energy             -0.136133849617
  CCSD correlation energy              -0.454256969406

 !CCSD total energy                  -115.546487098245

 Timing summary (sec):

 STEP                 CPU(USER)    SYS     CPU(TOT)    WALL
 Transformation         21.30      0.82     22.12      3.14
 CCSD iterations       332.02      6.99    339.01     39.81

 Program statistics:

 Available memory in ccsd:               499998879
 Min. memory needed in ccsd:               2385617
 Max. memory used in ccsd:                 3007350
 Max. memory used in cckext:               2165242 (13 integral passes)



 **********************************************************************************************************************************
 DATASETS  * FILE   NREC   LENGTH (MB)   RECORD NAMES
              1      22      856.23       500      610      700      701      900      950      970     1001      129      960   
                                          VAR    BASINP    GEOM     GEOM    SYMINP    ZMAT    AOBASIS   BASIS     P2S    ABASIS    
                                         1100     1400     1410     1200     1210     1080     1600     1650     1300     1700   
                                           S        T        V       H0       H01     AOSYM     SMH    MOLCAS    ERIS     OPER   
                                         1380    55555   
                                         JKOP     CCSD   

              2      12        3.69       700     1000      520     2100      200     2101     8500     9001      701     1001   
                                         GEOM     BASIS   MCVARS     RHF    OPTIONS    RHF     CPHF    DEN_MP2   GEOM     BASIS   
                                         2102     9001(1)
                                          RHF    DEN_MP2    

 PROGRAMS   *        TOTAL      CCSD    HF-SCF      CCSD    HF-SCF      CCSD    HF-SCF      CCSD    HF-SCF      CCSD    HF-SCF
 CPU TIMES  *     13122.76    353.35     19.05    803.06     89.81    796.07     95.46    793.06    116.36    795.29    104.06
 REAL TIME  *      1840.66 SEC
 DISK USED  *         2.31 GB
 **********************************************************************************************************************************

 PROGRAM * ALASKA (Gradient of the energy)     Author: R. Lindh


 CCSD Gradient info restored from record   55555.1

 Number of core orbitals:           2 (   2 )
 Number of closed-shell orbitals:   7 (   7 )
 Number of external orbitals:     175 ( 175 )

 Integral thresholds in T2TRAN:            1.0D-10 (PROD)

 Available memory for Transformation: 497467824 words
 Memory needed for incore algorithm:   11782801 words
 Minimum memory needed:                 3718915 words

 Memory used for transformation:          16.57 MW
 Available memory for gradients:         482.90 MW

 CPU for transformation:                 162.14 sec
 CPU for integrals and gradient:         115.96 sec
 Total CPU:                              278.10 sec

 Prescreening statistics:
 ========================

 Total number of shell quadruplets:        2.22D+04
 Number of shell quadruplets processed:    2.22D+04 (100.00%)

 CCSD GRADIENT FOR STATE 1.1

 Atom          dE/dx               dE/dy               dE/dz

   1         0.004913804        -0.000224190        -0.000068628
   2         0.000153350         0.000003884        -0.000011260
   3        -0.000348435        -0.000012408        -0.000006177
   4        -0.000081609         0.002273779         0.000766793
   5        -0.004447965         0.000320979         0.000077781
   6        -0.000189146        -0.002362044        -0.000758508

 Nuclear force contribution to virial =        -0.000196889
 Reading points 1 to 1 from record 701.2,  wavefunction type=CCSD            

 Making model hessian for Z-matrix coordinates
 No hessian update for point  1

 Entering Rational Function Geometry Optimization

 Optimization point 1

 Variable                      Last           Current        Next           Gradient       Hessian

 E(CCSD) / Hartree           0.00000000  -115.54628328  -115.54646883
 RCO / ANGSTROM              0.00000000     1.41979530     1.41981004    -0.00003219     2.23787095
 ROH / ANGSTROM              0.00000000     0.95786225     0.95786358     0.00001390     2.54175188
 ACOH / DEGREE               0.00000000   108.34135662   108.33929999    -0.00000027     0.00007355
 RCH1 / ANGSTROM             0.00000000     1.09298050     1.09223681     0.00129117     1.71498406
 AOCH1 / DEGREE              0.00000000   111.84585700   111.83656509    -0.00003483     0.00006977
 AHH1 / DEGREE               0.00000000    66.20609225    68.20609225    -0.00006990     0.00004801
 RCH2 / ANGSTROM             0.00000000     1.08780907     1.08785488    -0.00008095     1.74654478
 AOCH2 / DEGREE              0.00000000   106.82495796   106.82330618    -0.00000172     0.00007520
 RCH3 / ANGSTROM             0.00000000     1.09308108     1.09386922    -0.00136099     1.71441625
 AOCH3 / DEGREE              0.00000000   111.87533241   111.83519662     0.00003488     0.00006869
 AHH3 / DEGREE               0.00000000   303.47773217   305.47773217    -0.00007280     0.00004924
 Convergence:                0.00000000  (line search)     0.04941316     0.00651270  (total)

 Geometry written to block  2 of record 701

 Running procedure: RUNCCSD


 Recomputing integrals since geometry changed


 PROGRAM * SEWARD (Integral evaluation for generally contracted gaussian basis sets)     Author: Roland Lindh, 1990

 Geometry written to block  2 of record 701

 Orientation using atomic masses  
 Molecule type: Asymmetric top
 Rotational constants:      23.9672149     24.8248929    128.5818334 GHz  (calculated with average atomic masses)

 Point group  C1  



 ATOMIC COORDINATES

 NR  ATOM    CHARGE       X              Y              Z

   1  C       6.00    0.002051456    0.024719045   -1.375663698
   2  O       8.00    0.001515196   -0.121076695    1.303424218
   3  H       1.00   -0.015927241    1.563513995    1.965475085
   4  H1      1.00    1.773931247    0.794572907   -2.102286297
   5  H2      1.00   -0.234985330   -1.893483739   -2.075956912
   6  H3      1.00   -1.571515867    1.162729831   -2.084024096

 Bond lengths in Bohr (Angstrom)

 1-2  2.683052133  1-4  2.064028431  1-5  2.055747782  1-6  2.067113234  2-3  1.810099827
     ( 1.419810045)     ( 1.092236808)     ( 1.087854878)     ( 1.093869216)     ( 0.957863578)

 Bond angles

  1-2-3  108.33929999   2-1-4  111.83656509   2-1-5  106.82330618   2-1-6  111.83519662

  4-1-5  109.09231527   4-1-6  109.11787832   5-1-6  108.01028875

 NUCLEAR CHARGE:                   18
 NUMBER OF PRIMITIVE AOS:         242
 NUMBER OF SYMMETRY AOS:          216
 NUMBER OF CONTRACTIONS:          184   (  184A   )
 NUMBER OF INNER CORE ORBITALS:     0   (    0A   )
 NUMBER OF OUTER CORE ORBITALS:     2   (    2A   )
 NUMBER OF VALENCE ORBITALS:       12   (   12A   )


 NUCLEAR REPULSION ENERGY   40.34796437

 Eigenvalues of metric

         1 0.608E-04 0.744E-04 0.893E-04 0.202E-03 0.411E-03 0.483E-03 0.761E-03 0.781E-03


 Contracted 2-electron integrals neglected if value below      1.0D-11
 AO integral compression algorithm  1   Integral accuracy      1.0D-11

     710.935 MB (compressed) written to integral file ( 52.4%)


 NUMBER OF SORTED TWO-ELECTRON INTEGRALS:  144848710.     BUFFER LENGTH:  32768
 NUMBER OF SEGMENTS:  10  SEGMENT LENGTH:   15999503      RECORD LENGTH: 524288

 Memory used in sort:      16.56 MW

 SORT1 READ   169623812. AND WROTE   143563181. INTEGRALS IN    414 RECORDS. CPU TIME:     1.16 SEC, REAL TIME:     1.78 SEC
 SORT2 READ   143563181. AND WROTE   144848710. INTEGRALS IN   2712 RECORDS. CPU TIME:     1.27 SEC, REAL TIME:     1.70 SEC

 FILE SIZES:   FILE 1:   742.5 MBYTE,  FILE 4:  1736.5 MBYTE,   TOTAL:   2479.0 MBYTE

 OPERATOR DM      FOR CENTER  0  COORDINATES:    0.000000    0.000000    0.000000

 Program * Restricted Hartree-Fock

 Molecular orbitals read from record     2102.2  Type=RHF/CANONICAL (state 1.1)

 NELEC=   18   SYM=1   MS2= 0   THRE=1.0D-09   THRD=1.0D-06   THRG=1.0D-06  HFMA2=F  DIIS_START=2   DIIS_MAX=10   DIIS_INCORE=F

 Level shifts:    0.00 (CLOSED)    0.00 (OPEN)    0.30 (GAP_MIN)

 ITER           ETOT              DE          GRAD        DDIFF     DIIS  NEXP   TIME(IT)  TIME(TOT)  DIAG
   1     -115.08950948    -115.08950948     0.00D+00     0.47D-01     0     0       9.28      9.28    start
   2     -115.09183913      -0.00232966     0.10D-02     0.11D-02     1     0       9.05     18.33    diag
   3     -115.09216584      -0.00032670     0.29D-03     0.32D-03     2     0       9.36     27.69    diag
   4     -115.09218763      -0.00002180     0.65D-04     0.10D-03     3     0       9.07     36.76    diag
   5     -115.09218816      -0.00000053     0.13D-04     0.16D-04     4     0       9.36     46.12    diag
   6     -115.09218824      -0.00000009     0.57D-05     0.56D-05     5     0       9.09     55.21    diag
   7     -115.09218826      -0.00000002     0.18D-05     0.22D-05     6     0       9.31     64.52    diag
   8     -115.09218826      -0.00000000     0.58D-06     0.79D-06     7     0      11.29     75.81    fixocc
   9     -115.09218826      -0.00000000     0.14D-06     0.21D-06     8     0       9.53     85.34    diag
  10     -115.09218826      -0.00000000     0.24D-07     0.35D-07     0     0       9.42     94.76    diag/orth

 Final occupancy:   9

 !RHF STATE 1.1 Energy               -115.092188261287
  RHF One-electron energy            -236.927588184463
  RHF Two-electron energy              81.487435554629
  RHF Kinetic energy                  114.923629431634
  RHF Nuclear energy                   40.347964368547
  RHF Virial quotient                  -1.001466702979

 !RHF STATE 1.1 Dipole moment          -0.01041483     0.58982407    -0.39099508
 Dipole moment /Debye                  -0.02647186     1.49918326    -0.99381038

 Orbital energies:

           1.1          2.1          3.1          4.1          5.1          6.1          7.1          8.1          9.1         10.1
    -20.558720   -11.271359    -1.358321    -0.925999    -0.691668    -0.621001    -0.593677    -0.503882    -0.451733     0.028512

          11.1
      0.042983


 HOMO      9.1    -0.451733 =     -12.2923eV
 LUMO     10.1     0.028512 =       0.7758eV
 LUMO-HOMO         0.480245 =      13.0681eV

 Orbitals saved in record  2102.2


 **********************************************************************************************************************************
 DATASETS  * FILE   NREC   LENGTH (MB)   RECORD NAMES
              1      20      624.75       500      610      700      701      900      950      970     1001      129      960   
                                          VAR    BASINP    GEOM     GEOM    SYMINP    ZMAT    AOBASIS   BASIS     P2S    ABASIS    
                                         1100     1400     1410     1200     1210     1080     1600     1650     1300     1700   
                                           S        T        V       H0       H01     AOSYM     SMH    MOLCAS    ERIS     OPER   

              2      12        3.69       700     1000      520     2100      200     2101     8500     9001      701     1001   
                                         GEOM     BASIS   MCVARS     RHF    OPTIONS    RHF     CPHF    DEN_MP2   GEOM     BASIS   
                                         2102     9001(1)
                                          RHF    DEN_MP2    

 PROGRAMS   *        TOTAL    HF-SCF      CCSD    HF-SCF       INT      CCSD    HF-SCF      CCSD    HF-SCF      CCSD    HF-SCF
 CPU TIMES  *     14439.41    116.22    798.90    100.93     21.38    353.35     19.05    803.06     89.81    796.07     95.46
 REAL TIME  *      2045.50 SEC
 DISK USED  *         2.31 GB
 **********************************************************************************************************************************


 PROGRAM * CCSD (Closed-shell coupled cluster)     Authors: C. Hampel, H.-J. Werner, 1991, M. Deegan, P.J. Knowles, 1992


 Convergence thresholds:  THRVAR = 1.00D-12  THRDEN = 1.00D-08

 Using ITF CCSD gradient implementation

 Number of core orbitals:           2 (   2 )
 Number of closed-shell orbitals:   7 (   7 )
 Number of external orbitals:     175 ( 175 )

 Molecular orbitals read from record     2102.2  Type=RHF/CANONICAL (state 1.1)

 Integral transformation finished. Total CPU:  23.27 sec, npass=  1  Memory used:  27.38 MW
  Reference energy                   -115.092188261287

  MP2 correlation energy               -0.436730354990
  MP2 total energy                   -115.528918616277

 ITER.      SQ.NORM     CORR.ENERGY   TOTAL ENERGY   ENERGY CHANGE        DEN1      VAR(S)    VAR(P)  DIIS     TIME
   1      1.12037639    -0.45318054  -115.54536880    -0.01645018    -0.00559027  1.69e-03  1.94e-03  1  1    22.57
   2      1.12836614    -0.45416452  -115.54635278    -0.00098398    -0.00936305  4.22e-05  2.69e-04  2  2    45.95
   3      1.13074783    -0.45428345  -115.54647171    -0.00011893    -0.00140672  4.44e-06  3.49e-05  3  3    71.39
   4      1.13199435    -0.45428618  -115.54647444    -0.00000274    -0.00092410  1.40e-07  3.37e-06  4  4    93.76
   5      1.13229628    -0.45426554  -115.54645380     0.00002064    -0.00019147  1.82e-08  3.18e-07  5  5   115.92
   6      1.13237527    -0.45426305  -115.54645131     0.00000249    -0.00004911  3.45e-10  1.44e-08  6  0   138.25
   7      1.13238341    -0.45426188  -115.54645015     0.00000116    -0.00000617  6.14e-11  1.04e-09  6  1   165.18
   8      1.13238360    -0.45426174  -115.54645000     0.00000014    -0.00000046  4.14e-12  1.04e-10  6  2   189.86
   9      1.13238352    -0.45426173  -115.54644999     0.00000002     0.00000001  1.64e-13  1.10e-11  6  3   213.26
  10      1.13238358    -0.45426172  -115.54644998     0.00000000    -0.00000004  2.86e-14  7.47e-13         235.39

 Norm of t1 vector:      0.05242389     S-energy:      0.00000001   T1 diagnostic:  0.00990718

 Time per iteration:                     23.54 sec

 RESULTS
 =======

  Reference energy                   -115.092188261287
  CCSD correlation energy              -0.454261720834
 !CCSD total energy                  -115.546449982121

 Starting CP-CCSD iterations.   Author: W. Gyorffy (2012)

 ITER.      NRM1           NRM2      VAR(S)+VAR(P)   DIIS    TIME
   1     0.00162228     0.38314486     5.24e-04      1  1   26.63
   2     0.00147169     0.37935083     3.80e-05      2  2   51.96
   3     0.00136773     0.37886976     4.69e-06      3  3   77.14
   4     0.00131817     0.37847963     8.87e-07      4  4  102.96
   5     0.00129079     0.37838595     9.08e-08      5  5  128.12
   6     0.00128058     0.37835286     9.13e-09      6  0  154.91
   7     0.00127786     0.37834904     1.09e-09      6  1  181.93
   8     0.00127715     0.37834780     1.42e-10      6  2  207.48
   9     0.00127701     0.37834767     1.91e-11      6  3  234.86
  10     0.00127698     0.37834762     2.50e-12      6  4  261.03
  11     0.00127699     0.37834761     2.87e-13            286.84


 Time per iteration:                     26.08 sec


 CPHF trial vector read from record  8500.2

 Starting Coupled-perturbed Hartree-Fock, convergence threshold= 1.0D-06

 ITER   MIC  DIIS      VAR         VARC       CPU
   1     0     1    0.30D-01    0.75D-03     9.85
   2     3     2    0.22D-04    0.16D-04    20.14
   3     3     3    0.90D-06    0.28D-06    29.57

 CPHF convergence reached in  3 macroiterations and    6 microiterations.   Accuracy: 8.9655D-07

 CPHF solution written to record  8500.2

 Dipole moments (unrelaxed):           -0.01075535     0.55266123    -0.36543336
 Orbital relaxation contribution:       0.00008074     0.00433549    -0.00311689
 !CCSD STATE 1.1 Dipole moment         -0.01067462     0.55699672    -0.36855026
 Dipole moment /Debye                  -0.02713217     1.41574445    -0.93676132

 CPU-time for coupled-perturbed hartree-fock:         29.64 sec

 Number of N-1 electron functions:               7
 Number of N-2 electron functions:              28
 Number of singly external CSFs:              1225
 Number of doubly external CSFs:            750925
 Total number of CSFs:                      752151

 CCSD gradient info saved on record        55555.1




 **********************************************************************************************************************************
 DATASETS  * FILE   NREC   LENGTH (MB)   RECORD NAMES
              1      22      860.75       500      610      700      701      900      950      970     1001      129      960   
                                          VAR    BASINP    GEOM     GEOM    SYMINP    ZMAT    AOBASIS   BASIS     P2S    ABASIS    
                                         1100     1400     1410     1200     1210     1080     1600     1650     1300     1700   
                                           S        T        V       H0       H01     AOSYM     SMH    MOLCAS    ERIS     OPER   
                                         1380    55555   
                                         JKOP     CCSD   

              2      12        3.69       700     1000      520     2100      200     2101     8500     9001      701     1001   
                                         GEOM     BASIS   MCVARS     RHF    OPTIONS    RHF     CPHF    DEN_MP2   GEOM     BASIS   
                                         2102     9001(1)
                                          RHF    DEN_MP2    

 PROGRAMS   *        TOTAL      CCSD    HF-SCF      CCSD    HF-SCF       INT      CCSD    HF-SCF      CCSD    HF-SCF      CCSD
 CPU TIMES  *     15243.14    803.72    116.22    798.90    100.93     21.38    353.35     19.05    803.06     89.81    796.07
 REAL TIME  *      2155.32 SEC
 DISK USED  *         2.31 GB
 **********************************************************************************************************************************

 Current geometry (xyz format, in Angstrom)


 Dump information in style XYZ to ch3oh_maxima_mp2_1.xyz                                                          

    6
 CCSD/AUG-CC-PVTZ  OPTSTEP=1  ENERGY=-115.54644998
 C          0.0010855838        0.0130807553       -0.7279698791
 O          0.0008018069       -0.0640710276        0.6897423923
 H         -0.0084283328        0.8273759753        1.0400846235
 H          0.9387239898        0.4204698747       -1.1124819992
 H         -0.1243488813       -1.0019884438       -1.0985490888
 H         -0.8316103833        0.6152901292       -1.1028180584

 **********************************************************************************************************************************

 PROGRESS OF GEOMETRY OPTIMIZATION.    TOTAL CPU:      2120.4 SEC
   1  -115.54628328  -115.54644998    -0.00016670  0.00417137  0.00651270  0.00196365  0.03490659  0.04941316  0.00449211

 **********************************************************************************************************************************

 Current geometry (xyz format, in Angstrom)


 Dump information in style XYZ to ch3oh_maxima_mp2.xyz                                                            

    6
 CCSD/AUG-CC-PVTZ  ENERGY=-115.54644998
 C          0.0010855838        0.0130807553       -0.7279698791
 O          0.0008018069       -0.0640710276        0.6897423923
 H         -0.0084283328        0.8273759753        1.0400846235
 H          0.9387239898        0.4204698747       -1.1124819992
 H         -0.1243488813       -1.0019884438       -1.0985490888
 H         -0.8316103833        0.6152901292       -1.1028180584

 **********************************************************************************************************************************

 Current variables
 RCO=                 1.41981004 ANGSTROM
 ROH=                 0.95786358 ANGSTROM
 ACOH=              108.33929999 DEGREE
 RCH1=                1.09223681 ANGSTROM
 AOCH1=             111.83656509 DEGREE
 AHH1=               68.20609225 DEGREE
 RCH2=                1.08785488 ANGSTROM
 AOCH2=             106.82330618 DEGREE
 RCH3=                1.09386922 ANGSTROM
 AOCH3=             111.83519662 DEGREE
 AHH3=              305.47773217 DEGREE

 **********************************************************************************************************************************

 PROGRAM * ALASKA (Gradient of the energy)     Author: R. Lindh


 CCSD Gradient info restored from record   55555.1

 Number of core orbitals:           2 (   2 )
 Number of closed-shell orbitals:   7 (   7 )
 Number of external orbitals:     175 ( 175 )

 Integral thresholds in T2TRAN:            1.0D-10 (PROD)

 Available memory for Transformation: 497467824 words
 Memory needed for incore algorithm:   11782801 words
 Minimum memory needed:                 3718915 words

 Memory used for transformation:          16.57 MW
 Available memory for gradients:         482.90 MW

 CPU for transformation:                 162.39 sec
 CPU for integrals and gradient:         117.84 sec
 Total CPU:                              280.23 sec

 Prescreening statistics:
 ========================

 Total number of shell quadruplets:        2.22D+04
 Number of shell quadruplets processed:    2.22D+04 (100.00%)

 CCSD GRADIENT FOR STATE 1.1

 Atom          dE/dx               dE/dy               dE/dz

   1         0.002071418        -0.000204303        -0.000063505
   2         0.000408947        -0.000047753        -0.000083702
   3        -0.000480585         0.000040103        -0.000007929
   4        -0.000385524         0.000176652         0.000316326
   5        -0.001085743         0.000096537         0.000067599
   6        -0.000528513        -0.000061235        -0.000228788

 Nuclear force contribution to virial =        -0.000001728
 Reading points 1 to 2 from record 701.2,  wavefunction type=CCSD            

 Making model hessian for Z-matrix coordinates
 BFGS update of hessian using  1 points

 Entering Rational Function Geometry Optimization

 Optimization point 2

 Variable                      Last           Current        Next           Gradient       Hessian

 E(CCSD) / Hartree        -115.54628328  -115.54644998  -115.54645510
 RCO / ANGSTROM              1.41979530     1.41981004     1.41989207    -0.00017209     2.23798604
 ROH / ANGSTROM              0.95786225     0.95786358     0.95782719     0.00007380     2.54185787
 ACOH / DEGREE             108.34135662   108.33929999   108.35046836    -0.00000074     0.00007358
 RCH1 / ANGSTROM             1.09298050     1.09223681     1.09272517    -0.00071134     1.72815572
 AOCH1 / DEGREE            111.84585700   111.83656509   111.82772867    -0.00000645     0.00007120
 AHH1 / DEGREE              66.20609225    68.20609225    68.60872880    -0.00001089     0.00004927
 RCH2 / ANGSTROM             1.08780907     1.08785488     1.08783387     0.00002284     1.74635779
 AOCH2 / DEGREE            106.82495796   106.82330618   106.85331033    -0.00000247     0.00007637
 RCH3 / ANGSTROM             1.09308108     1.09386922     1.09328034     0.00084473     1.72230489
 AOCH3 / DEGREE            111.87533241   111.83519662   111.88349749     0.00000228     0.00007053
 AHH3 / DEGREE             303.47773217   305.47773217   305.89475503    -0.00001215     0.00005046
 Convergence:                0.00000000  (line search)     0.01027258     0.00118373  (total)

 Geometry written to block  3 of record 701

 Running procedure: RUNCCSD


 Recomputing integrals since geometry changed


 PROGRAM * SEWARD (Integral evaluation for generally contracted gaussian basis sets)     Author: Roland Lindh, 1990

 Geometry written to block  3 of record 701

 Orientation using atomic masses  
 Molecule type: Asymmetric top
 Rotational constants:      23.9603158     24.8216159    128.6269745 GHz  (calculated with average atomic masses)

 Point group  C1  



 ATOMIC COORDINATES

 NR  ATOM    CHARGE       X              Y              Z

   1  C       6.00    0.001049613    0.024832689   -1.375681286
   2  O       8.00    0.000676401   -0.121118147    1.303553447
   3  H       1.00   -0.001867522    1.563328531    1.966007515
   4  H1      1.00    1.785005148    0.767266011   -2.103911509
   5  H2      1.00   -0.252868159   -1.890809015   -2.076950382
   6  H3      1.00   -1.553513816    1.186851243   -2.083779561

 Bond lengths in Bohr (Angstrom)

 1-2  2.683207138  1-4  2.064951294  1-5  2.055708081  1-6  2.066000422  2-3  1.810031070
     ( 1.419892069)     ( 1.092725166)     ( 1.087833869)     ( 1.093280341)     ( 0.957827193)

 Bond angles

  1-2-3  108.35046836   2-1-4  111.82772867   2-1-5  106.85331033   2-1-6  111.88349749

  4-1-5  108.75055020   4-1-6  109.08462785   5-1-6  108.31644202

 NUCLEAR CHARGE:                   18
 NUMBER OF PRIMITIVE AOS:         242
 NUMBER OF SYMMETRY AOS:          216
 NUMBER OF CONTRACTIONS:          184   (  184A   )
 NUMBER OF INNER CORE ORBITALS:     0   (    0A   )
 NUMBER OF OUTER CORE ORBITALS:     2   (    2A   )
 NUMBER OF VALENCE ORBITALS:       12   (   12A   )


 NUCLEAR REPULSION ENERGY   40.34632787

 Eigenvalues of metric

         1 0.608E-04 0.744E-04 0.893E-04 0.203E-03 0.411E-03 0.483E-03 0.760E-03 0.781E-03


 Contracted 2-electron integrals neglected if value below      1.0D-11
 AO integral compression algorithm  1   Integral accuracy      1.0D-11

     708.051 MB (compressed) written to integral file ( 52.2%)


 NUMBER OF SORTED TWO-ELECTRON INTEGRALS:  144848710.     BUFFER LENGTH:  32768
 NUMBER OF SEGMENTS:  10  SEGMENT LENGTH:   15999503      RECORD LENGTH: 524288

 Memory used in sort:      16.56 MW

 SORT1 READ   169623812. AND WROTE   143554728. INTEGRALS IN    414 RECORDS. CPU TIME:     1.17 SEC, REAL TIME:     1.76 SEC
 SORT2 READ   143554728. AND WROTE   144848710. INTEGRALS IN   2701 RECORDS. CPU TIME:     1.27 SEC, REAL TIME:     1.72 SEC

 FILE SIZES:   FILE 1:   739.6 MBYTE,  FILE 4:  1736.5 MBYTE,   TOTAL:   2476.1 MBYTE

 OPERATOR DM      FOR CENTER  0  COORDINATES:    0.000000    0.000000    0.000000

 Program * Restricted Hartree-Fock

 Molecular orbitals read from record     2102.2  Type=RHF/CANONICAL (state 1.1)

 NELEC=   18   SYM=1   MS2= 0   THRE=1.0D-09   THRD=1.0D-06   THRG=1.0D-06  HFMA2=F  DIIS_START=2   DIIS_MAX=10   DIIS_INCORE=F

 Level shifts:    0.00 (CLOSED)    0.00 (OPEN)    0.30 (GAP_MIN)

 ITER           ETOT              DE          GRAD        DDIFF     DIIS  NEXP   TIME(IT)  TIME(TOT)  DIAG
   1     -115.09211534    -115.09211534     0.00D+00     0.47D-01     0     0       9.71      9.71    start
   2     -115.09218474      -0.00006940     0.18D-03     0.19D-03     1     0       8.71     18.42    diag
   3     -115.09219452      -0.00000978     0.49D-04     0.56D-04     2     0       9.05     27.47    diag
   4     -115.09219516      -0.00000063     0.11D-04     0.18D-04     3     0       9.14     36.61    diag
   5     -115.09219517      -0.00000001     0.22D-05     0.26D-05     4     0       9.22     45.83    diag
   6     -115.09219517      -0.00000000     0.10D-05     0.10D-05     5     0       9.11     54.94    diag
   7     -115.09219517      -0.00000000     0.28D-06     0.36D-06     6     0       9.40     64.34    diag
   8     -115.09219517      -0.00000000     0.80D-07     0.80D-07     0     0       8.98     73.32    fixocc

 Final occupancy:   9

 !RHF STATE 1.1 Energy               -115.092195174268
  RHF One-electron energy            -236.924219776084
  RHF Two-electron energy              81.485696727983
  RHF Kinetic energy                  114.923533633812
  RHF Nuclear energy                   40.346327873833
  RHF Virial quotient                  -1.001467597933

 !RHF STATE 1.1 Dipole moment          -0.00527227     0.58993839    -0.39100099
 Dipole moment /Debye                  -0.01340077     1.49947381    -0.99382539

 Orbital energies:

           1.1          2.1          3.1          4.1          5.1          6.1          7.1          8.1          9.1         10.1
    -20.558742   -11.271357    -1.358301    -0.926041    -0.691709    -0.620806    -0.593782    -0.504007    -0.451670     0.028510

          11.1
      0.042975


 HOMO      9.1    -0.451670 =     -12.2906eV
 LUMO     10.1     0.028510 =       0.7758eV
 LUMO-HOMO         0.480180 =      13.0664eV

 Orbitals saved in record  2102.2


 **********************************************************************************************************************************
 DATASETS  * FILE   NREC   LENGTH (MB)   RECORD NAMES
              1      20      622.44       500      610      700      701      900      950      970     1001      129      960   
                                          VAR    BASINP    GEOM     GEOM    SYMINP    ZMAT    AOBASIS   BASIS     P2S    ABASIS    
                                         1100     1400     1410     1200     1210     1080     1600     1650     1300     1700   
                                           S        T        V       H0       H01     AOSYM     SMH    MOLCAS    ERIS     OPER   

              2      12        3.69       700     1000      520     2100      200     2101     8500     9001      701     1001   
                                         GEOM     BASIS   MCVARS     RHF    OPTIONS    RHF     CPHF    DEN_MP2   GEOM     BASIS   
                                         2102     9001(1)
                                          RHF    DEN_MP2    

 PROGRAMS   *        TOTAL    HF-SCF      CCSD    HF-SCF      CCSD    HF-SCF       INT      CCSD    HF-SCF      CCSD    HF-SCF
 CPU TIMES  *     15619.33     94.83    803.72    116.22    798.90    100.93     21.38    353.35     19.05    803.06     89.81
 REAL TIME  *      2223.16 SEC
 DISK USED  *         2.31 GB
 **********************************************************************************************************************************


 PROGRAM * CCSD (Closed-shell coupled cluster)     Authors: C. Hampel, H.-J. Werner, 1991, M. Deegan, P.J. Knowles, 1992


 Convergence thresholds:  THRVAR = 1.00D-12  THRDEN = 1.00D-08

 Using ITF CCSD gradient implementation

 Number of core orbitals:           2 (   2 )
 Number of closed-shell orbitals:   7 (   7 )
 Number of external orbitals:     175 ( 175 )

 Molecular orbitals read from record     2102.2  Type=RHF/CANONICAL (state 1.1)

 Integral transformation finished. Total CPU:  22.84 sec, npass=  1  Memory used:  27.38 MW
  Reference energy                   -115.092195174268

  MP2 correlation energy               -0.436729068635
  MP2 total energy                   -115.528924242903

 ITER.      SQ.NORM     CORR.ENERGY   TOTAL ENERGY   ENERGY CHANGE        DEN1      VAR(S)    VAR(P)  DIIS     TIME
   1      1.12037585    -0.45317914  -115.54537431    -0.01645007    -0.00559034  1.69e-03  1.94e-03  1  1    25.08
   2      1.12836534    -0.45416299  -115.54635816    -0.00098385    -0.00936287  4.22e-05  2.69e-04  2  2    50.01
   3      1.13074693    -0.45428190  -115.54647708    -0.00011892    -0.00140664  4.44e-06  3.49e-05  3  3    72.51
   4      1.13199336    -0.45428463  -115.54647980    -0.00000273    -0.00092404  1.40e-07  3.37e-06  4  4    94.92
   5      1.13229526    -0.45426399  -115.54645916     0.00002064    -0.00019145  1.83e-08  3.18e-07  5  5   117.51
   6      1.13237424    -0.45426149  -115.54645667     0.00000249    -0.00004910  3.45e-10  1.44e-08  6  0   140.85
   7      1.13238237    -0.45426033  -115.54645550     0.00000116    -0.00000617  6.14e-11  1.04e-09  6  1   165.54
   8      1.13238257    -0.45426019  -115.54645536     0.00000014    -0.00000046  4.14e-12  1.04e-10  6  2   187.18
   9      1.13238249    -0.45426017  -115.54645535     0.00000002     0.00000001  1.64e-13  1.10e-11  6  3   209.23
  10      1.13238254    -0.45426017  -115.54645534     0.00000000    -0.00000004  2.87e-14  7.47e-13         233.53

 Norm of t1 vector:      0.05242469     S-energy:      0.00000001   T1 diagnostic:  0.00990734

 Time per iteration:                     23.36 sec

 RESULTS
 =======

  Reference energy                   -115.092195174268
  CCSD correlation energy              -0.454260167301
 !CCSD total energy                  -115.546455341569

 Starting CP-CCSD iterations.   Author: W. Gyorffy (2012)

 ITER.      NRM1           NRM2      VAR(S)+VAR(P)   DIIS    TIME
   1     0.00162232     0.38314710     5.24e-04      1  1   26.06
   2     0.00147172     0.37935302     3.80e-05      2  2   51.15
   3     0.00136776     0.37887195     4.70e-06      3  3   78.20
   4     0.00131819     0.37848181     8.87e-07      4  4  109.14
   5     0.00129080     0.37838812     9.08e-08      5  5  134.76
   6     0.00128060     0.37835502     9.13e-09      6  0  159.12
   7     0.00127787     0.37835120     1.09e-09      6  1  183.92
   8     0.00127716     0.37834996     1.42e-10      6  2  209.85
   9     0.00127703     0.37834984     1.91e-11      6  3  235.45
  10     0.00127699     0.37834979     2.49e-12      6  4  264.43
  11     0.00127700     0.37834977     2.88e-13            290.29


 Time per iteration:                     26.39 sec


 CPHF trial vector read from record  8500.2

 Starting Coupled-perturbed Hartree-Fock, convergence threshold= 1.0D-06

 ITER   MIC  DIIS      VAR         VARC       CPU
   1     0     1    0.52D-02    0.13D-03     9.19
   2     3     2    0.35D-05    0.26D-05    18.30
   3     1     3    0.35D-06    0.45D-07    27.16

 CPHF convergence reached in  3 macroiterations and    4 microiterations.   Accuracy: 3.5251D-07

 CPHF solution written to record  8500.2

 Dipole moments (unrelaxed):           -0.00579612     0.55276637    -0.36543580
 Orbital relaxation contribution:       0.00008433     0.00433749    -0.00311429
 !CCSD STATE 1.1 Dipole moment         -0.00571179     0.55710386    -0.36855008
 Dipole moment /Debye                  -0.01451791     1.41601677    -0.93676087

 CPU-time for coupled-perturbed hartree-fock:         27.20 sec

 Number of N-1 electron functions:               7
 Number of N-2 electron functions:              28
 Number of singly external CSFs:              1225
 Number of doubly external CSFs:            750925
 Total number of CSFs:                      752151

 CCSD gradient info saved on record        55555.1




 **********************************************************************************************************************************
 DATASETS  * FILE   NREC   LENGTH (MB)   RECORD NAMES
              1      22      858.44       500      610      700      701      900      950      970     1001      129      960   
                                          VAR    BASINP    GEOM     GEOM    SYMINP    ZMAT    AOBASIS   BASIS     P2S    ABASIS    
                                         1100     1400     1410     1200     1210     1080     1600     1650     1300     1700   
                                           S        T        V       H0       H01     AOSYM     SMH    MOLCAS    ERIS     OPER   
                                         1380    55555   
                                         JKOP     CCSD   

              2      12        3.69       700     1000      520     2100      200     2101     8500     9001      701     1001   
                                         GEOM     BASIS   MCVARS     RHF    OPTIONS    RHF     CPHF    DEN_MP2   GEOM     BASIS   
                                         2102     9001(1)
                                          RHF    DEN_MP2    

 PROGRAMS   *        TOTAL      CCSD    HF-SCF      CCSD    HF-SCF      CCSD    HF-SCF       INT      CCSD    HF-SCF      CCSD
 CPU TIMES  *     16417.09    797.75     94.83    803.72    116.22    798.90    100.93     21.38    353.35     19.05    803.06
 REAL TIME  *      2332.07 SEC
 DISK USED  *         2.31 GB
 **********************************************************************************************************************************

 Current geometry (xyz format, in Angstrom)


 Dump information in style XYZ to ch3oh_maxima_mp2_2.xyz                                                          

    6
 CCSD/AUG-CC-PVTZ  OPTSTEP=2  ENERGY=-115.54645534
 C          0.0005554312        0.0131408929       -0.7279791862
 O          0.0003579360       -0.0640929634        0.6898107774
 H         -0.0009882503        0.8272778318        1.0403663733
 H          0.9445840454        0.4060196879       -1.1133420246
 H         -0.1338120668       -1.0005730409       -1.0990748101
 H         -0.8220841084        0.6280546303       -1.1026886561

 **********************************************************************************************************************************

 PROGRESS OF GEOMETRY OPTIMIZATION.    TOTAL CPU:      3294.3 SEC
   1  -115.54628328  -115.54644998    -0.00016670  0.00417137  0.00651270  0.00196365  0.03490659  0.04941316  0.00449211
   2  -115.54644998  -115.54645534    -0.00000536  0.00069606  0.00118373  0.00035691  0.00727842  0.01027258  0.00093387

 **********************************************************************************************************************************

 Current geometry (xyz format, in Angstrom)


 Dump information in style XYZ to ch3oh_maxima_mp2.xyz                                                            

    6
 CCSD/AUG-CC-PVTZ  ENERGY=-115.54645534
 C          0.0005554312        0.0131408929       -0.7279791862
 O          0.0003579360       -0.0640929634        0.6898107774
 H         -0.0009882503        0.8272778318        1.0403663733
 H          0.9445840454        0.4060196879       -1.1133420246
 H         -0.1338120668       -1.0005730409       -1.0990748101
 H         -0.8220841084        0.6280546303       -1.1026886561

 **********************************************************************************************************************************

 Current variables
 RCO=                 1.41989207 ANGSTROM
 ROH=                 0.95782719 ANGSTROM
 ACOH=              108.35046836 DEGREE
 RCH1=                1.09272517 ANGSTROM
 AOCH1=             111.82772867 DEGREE
 AHH1=               68.60872880 DEGREE
 RCH2=                1.08783387 ANGSTROM
 AOCH2=             106.85331033 DEGREE
 RCH3=                1.09328034 ANGSTROM
 AOCH3=             111.88349749 DEGREE
 AHH3=              305.89475503 DEGREE

 **********************************************************************************************************************************

 PROGRAM * ALASKA (Gradient of the energy)     Author: R. Lindh


 CCSD Gradient info restored from record   55555.1

 Number of core orbitals:           2 (   2 )
 Number of closed-shell orbitals:   7 (   7 )
 Number of external orbitals:     175 ( 175 )

 Integral thresholds in T2TRAN:            1.0D-10 (PROD)

 Available memory for Transformation: 497467824 words
 Memory needed for incore algorithm:   11782801 words
 Minimum memory needed:                 3718915 words

 Memory used for transformation:          16.57 MW
 Available memory for gradients:         482.90 MW

 CPU for transformation:                 161.40 sec
 CPU for integrals and gradient:         115.17 sec
 Total CPU:                              276.57 sec

 Prescreening statistics:
 ========================

 Total number of shell quadruplets:        2.22D+04
 Number of shell quadruplets processed:    2.22D+04 (100.00%)

 CCSD GRADIENT FOR STATE 1.1

 Atom          dE/dx               dE/dy               dE/dz

   1         0.000757611        -0.000097105        -0.000020370
   2         0.000520510        -0.000001783         0.000029806
   3        -0.000502586         0.000008047         0.000005662
   4        -0.000177829        -0.000076321         0.000072460
   5        -0.000443092         0.000064252        -0.000001116
   6        -0.000154615         0.000102911        -0.000086441

 Nuclear force contribution to virial =         0.000097379
 Reading points 1 to 3 from record 701.2,  wavefunction type=CCSD            

 Making model hessian for Z-matrix coordinates
 BFGS update of hessian using  2 points

 Entering Rational Function Geometry Optimization

 Optimization point 3

 Variable                      Last           Current        Next           Gradient       Hessian

 E(CCSD) / Hartree        -115.54644998  -115.54645534  -115.54645544
 RCO / ANGSTROM              1.41981004     1.41989207     1.41986346     0.00006628     2.24030820
 ROH / ANGSTROM              0.95786358     0.95782719     0.95781886     0.00001940     2.54185105
 ACOH / DEGREE             108.33929999   108.35046836   108.34996163     0.00000007     0.00007357
 RCH1 / ANGSTROM             1.09223681     1.09272517     1.09297217    -0.00039046     1.68695187
 AOCH1 / DEGREE            111.83656509   111.82772867   111.82680147     0.00000001     0.00007127
 AHH1 / DEGREE              68.20609225    68.60872880    68.61751646     0.00000007     0.00005001
 RCH2 / ANGSTROM             1.08785488     1.08783387     1.08783924    -0.00000900     1.74648800
 AOCH2 / DEGREE            106.82330618   106.85331033   106.85380656     0.00000022     0.00007651
 RCH3 / ANGSTROM             1.09386922     1.09328034     1.09303575     0.00038522     1.67692876
 AOCH3 / DEGREE            111.83519662   111.88349749   111.87550810     0.00000062     0.00007048
 AHH3 / DEGREE             305.47773217   305.89475503   305.91254489    -0.00000037     0.00005029
 Convergence:                0.00000000  (line search)     0.00075801     0.00029580  (total)

 Geometry written to block  4 of record 701

 Running procedure: RUNCCSD


 Recomputing integrals since geometry changed


 PROGRAM * SEWARD (Integral evaluation for generally contracted gaussian basis sets)     Author: Roland Lindh, 1990

 Geometry written to block  4 of record 701

 Orientation using atomic masses  
 Molecule type: Asymmetric top
 Rotational constants:      23.9613575     24.8229037    128.6229031 GHz  (calculated with average atomic masses)

 Point group  C1  



 ATOMIC COORDINATES

 NR  ATOM    CHARGE       X              Y              Z

   1  C       6.00    0.000933609    0.024830242   -1.375660980
   2  O       8.00    0.000736725   -0.121125115    1.303519379
   3  H       1.00   -0.002110658    1.563310393    1.965957589
   4  H1      1.00    1.785221872    0.767522949   -2.104135228
   5  H2      1.00   -0.252636756   -1.890864138   -2.076941659
   6  H3      1.00   -1.553294008    1.186807316   -2.083215844

 Bond lengths in Bohr (Angstrom)

 1-2  2.683153070  1-4  2.065418067  1-5  2.055718239  1-6  2.065538208  2-3  1.810015323
     ( 1.419863458)     ( 1.092972172)     ( 1.087839244)     ( 1.093035748)     ( 0.957818860)

 Bond angles

  1-2-3  108.34996163   2-1-4  111.82680147   2-1-5  106.85380656   2-1-6  111.87550810

  4-1-5  108.74350860   4-1-6  109.08274284   5-1-6  108.33452072

 NUCLEAR CHARGE:                   18
 NUMBER OF PRIMITIVE AOS:         242
 NUMBER OF SYMMETRY AOS:          216
 NUMBER OF CONTRACTIONS:          184   (  184A   )
 NUMBER OF INNER CORE ORBITALS:     0   (    0A   )
 NUMBER OF OUTER CORE ORBITALS:     2   (    2A   )
 NUMBER OF VALENCE ORBITALS:       12   (   12A   )


 NUCLEAR REPULSION ENERGY   40.34690854

 Eigenvalues of metric

         1 0.608E-04 0.744E-04 0.893E-04 0.203E-03 0.411E-03 0.483E-03 0.760E-03 0.781E-03


 Contracted 2-electron integrals neglected if value below      1.0D-11
 AO integral compression algorithm  1   Integral accuracy      1.0D-11

     707.002 MB (compressed) written to integral file ( 52.1%)


 NUMBER OF SORTED TWO-ELECTRON INTEGRALS:  144848710.     BUFFER LENGTH:  32768
 NUMBER OF SEGMENTS:  10  SEGMENT LENGTH:   15999503      RECORD LENGTH: 524288

 Memory used in sort:      16.56 MW

 SORT1 READ   169623812. AND WROTE   143541018. INTEGRALS IN    414 RECORDS. CPU TIME:     1.15 SEC, REAL TIME:     1.77 SEC
 SORT2 READ   143541018. AND WROTE   144848710. INTEGRALS IN   2697 RECORDS. CPU TIME:     1.25 SEC, REAL TIME:     1.70 SEC

 FILE SIZES:   FILE 1:   738.5 MBYTE,  FILE 4:  1736.5 MBYTE,   TOTAL:   2475.0 MBYTE

 OPERATOR DM      FOR CENTER  0  COORDINATES:    0.000000    0.000000    0.000000

 Program * Restricted Hartree-Fock

 Molecular orbitals read from record     2102.2  Type=RHF/CANONICAL (state 1.1)

 NELEC=   18   SYM=1   MS2= 0   THRE=1.0D-09   THRD=1.0D-07   THRG=1.0D-07  HFMA2=F  DIIS_START=2   DIIS_MAX=10   DIIS_INCORE=F

 Level shifts:    0.00 (CLOSED)    0.00 (OPEN)    0.30 (GAP_MIN)

 ITER           ETOT              DE          GRAD        DDIFF     DIIS  NEXP   TIME(IT)  TIME(TOT)  DIAG
   1     -115.09219650    -115.09219650     0.00D+00     0.47D-01     0     0       9.45      9.46    start
   2     -115.09219654      -0.00000004     0.49D-05     0.11D-04     1     0       9.48     18.94    diag
   3     -115.09219654      -0.00000000     0.11D-05     0.20D-05     2     0       9.41     28.35    diag
   4     -115.09219654      -0.00000000     0.30D-06     0.50D-06     3     0       9.14     37.49    diag
   5     -115.09219654      -0.00000000     0.12D-06     0.12D-06     4     0       9.48     46.97    diag
   6     -115.09219654      -0.00000000     0.33D-07     0.45D-07     5     0       9.44     56.41    diag
   7     -115.09219654      -0.00000000     0.87D-08     0.82D-08     0     0       9.28     65.69    diag

 Final occupancy:   9

 !RHF STATE 1.1 Energy               -115.092196543129
  RHF One-electron energy            -236.925355950902
  RHF Two-electron energy              81.486250869023
  RHF Kinetic energy                  114.923614425796
  RHF Nuclear energy                   40.346908538749
  RHF Virial quotient                  -1.001466905807

 !RHF STATE 1.1 Dipole moment          -0.00554161     0.58996097    -0.39096135
 Dipole moment /Debye                  -0.01408536     1.49953122    -0.99372463

 Orbital energies:

           1.1          2.1          3.1          4.1          5.1          6.1          7.1          8.1          9.1         10.1
    -20.558736   -11.271355    -1.358313    -0.926036    -0.691722    -0.620796    -0.593793    -0.504020    -0.451655     0.028510

          11.1
      0.042975


 HOMO      9.1    -0.451655 =     -12.2902eV
 LUMO     10.1     0.028510 =       0.7758eV
 LUMO-HOMO         0.480165 =      13.0659eV

 Orbitals saved in record  2102.2


 **********************************************************************************************************************************
 DATASETS  * FILE   NREC   LENGTH (MB)   RECORD NAMES
              1      20      621.56       500      610      700      701      900      950      970     1001      129      960   
                                          VAR    BASINP    GEOM     GEOM    SYMINP    ZMAT    AOBASIS   BASIS     P2S    ABASIS    
                                         1100     1400     1410     1200     1210     1080     1600     1650     1300     1700   
                                           S        T        V       H0       H01     AOSYM     SMH    MOLCAS    ERIS     OPER   

              2      12        3.69       700     1000      520     2100      200     2101     8500     9001      701     1001   
                                         GEOM     BASIS   MCVARS     RHF    OPTIONS    RHF     CPHF    DEN_MP2   GEOM     BASIS   
                                         2102     9001(1)
                                          RHF    DEN_MP2    

 PROGRAMS   *        TOTAL    HF-SCF      CCSD    HF-SCF      CCSD    HF-SCF      CCSD    HF-SCF       INT      CCSD    HF-SCF
 CPU TIMES  *     16781.99     87.20    797.75     94.83    803.72    116.22    798.90    100.93     21.38    353.35     19.05
 REAL TIME  *      2397.83 SEC
 DISK USED  *         2.31 GB
 **********************************************************************************************************************************


 PROGRAM * CCSD (Closed-shell coupled cluster)     Authors: C. Hampel, H.-J. Werner, 1991, M. Deegan, P.J. Knowles, 1992


 Convergence thresholds:  THRVAR = 1.00D-12  THRDEN = 1.00D-08

 Using ITF CCSD gradient implementation

 Number of core orbitals:           2 (   2 )
 Number of closed-shell orbitals:   7 (   7 )
 Number of external orbitals:     175 ( 175 )

 Molecular orbitals read from record     2102.2  Type=RHF/CANONICAL (state 1.1)

 Integral transformation finished. Total CPU:  22.76 sec, npass=  1  Memory used:  27.38 MW
  Reference energy                   -115.092196543129

  MP2 correlation energy               -0.436727542380
  MP2 total energy                   -115.528924085510

 ITER.      SQ.NORM     CORR.ENERGY   TOTAL ENERGY   ENERGY CHANGE        DEN1      VAR(S)    VAR(P)  DIIS     TIME
   1      1.12037447    -0.45317788  -115.54537442    -0.01645034    -0.00559083  1.69e-03  1.94e-03  1  1    23.62
   2      1.12836378    -0.45416175  -115.54635829    -0.00098387    -0.00936270  4.22e-05  2.69e-04  2  2    47.16
   3      1.13074532    -0.45428066  -115.54647720    -0.00011891    -0.00140665  4.44e-06  3.49e-05  3  3    69.79
   4      1.13199171    -0.45428339  -115.54647993    -0.00000273    -0.00092402  1.40e-07  3.37e-06  4  4    92.28
   5      1.13229358    -0.45426274  -115.54645929     0.00002064    -0.00019144  1.83e-08  3.18e-07  5  5   114.88
   6      1.13237256    -0.45426025  -115.54645680     0.00000249    -0.00004910  3.44e-10  1.44e-08  6  0   141.03
   7      1.13238069    -0.45425909  -115.54645563     0.00000116    -0.00000617  6.14e-11  1.04e-09  6  1   165.31
   8      1.13238088    -0.45425895  -115.54645549     0.00000014    -0.00000046  4.14e-12  1.04e-10  6  2   188.19
   9      1.13238080    -0.45425893  -115.54645547     0.00000002     0.00000001  1.64e-13  1.10e-11  6  3   211.00
  10      1.13238086    -0.45425893  -115.54645547     0.00000000    -0.00000004  2.87e-14  7.47e-13         238.67

 Norm of t1 vector:      0.05242396     S-energy:      0.00000000   T1 diagnostic:  0.00990720

 Time per iteration:                     23.87 sec

 RESULTS
 =======

  Reference energy                   -115.092196543129
  CCSD correlation energy              -0.454258925751
 !CCSD total energy                  -115.546455468881

 Starting CP-CCSD iterations.   Author: W. Gyorffy (2012)

 ITER.      NRM1           NRM2      VAR(S)+VAR(P)   DIIS    TIME
   1     0.00162228     0.38314334     5.24e-04      1  1   28.03
   2     0.00147168     0.37934938     3.80e-05      2  2   52.97
   3     0.00136773     0.37886831     4.69e-06      3  3   77.33
   4     0.00131816     0.37847818     8.87e-07      4  4  103.94
   5     0.00129077     0.37838450     9.08e-08      5  5  128.39
   6     0.00128057     0.37835140     9.13e-09      6  0  154.81
   7     0.00127784     0.37834758     1.09e-09      6  1  183.57
   8     0.00127713     0.37834634     1.42e-10      6  2  208.02
   9     0.00127700     0.37834621     1.91e-11      6  3  234.20
  10     0.00127696     0.37834616     2.49e-12      6  4  260.85
  11     0.00127697     0.37834615     2.87e-13            287.19


 Time per iteration:                     26.11 sec


 CPHF trial vector read from record  8500.2

 Starting Coupled-perturbed Hartree-Fock, convergence threshold= 1.0D-06

 ITER   MIC  DIIS      VAR         VARC       CPU
   1     0     1    0.11D-03    0.63D-05     9.39
   2     3     2    0.52D-06    0.17D-06    18.43

 CPHF convergence reached in  2 macroiterations and    3 microiterations.   Accuracy: 5.1970D-07

 CPHF solution written to record  8500.2

 Dipole moments (unrelaxed):           -0.00602647     0.55278893    -0.36540054
 Orbital relaxation contribution:       0.00007884     0.00433704    -0.00311441
 !CCSD STATE 1.1 Dipole moment         -0.00594763     0.55712597    -0.36851495
 Dipole moment /Debye                  -0.01511736     1.41607297    -0.93667158

 CPU-time for coupled-perturbed hartree-fock:         18.49 sec

 Number of N-1 electron functions:               7
 Number of N-2 electron functions:              28
 Number of singly external CSFs:              1225
 Number of doubly external CSFs:            750925
 Total number of CSFs:                      752151

 CCSD gradient info saved on record        55555.1




 **********************************************************************************************************************************
 DATASETS  * FILE   NREC   LENGTH (MB)   RECORD NAMES
              1      22      857.56       500      610      700      701      900      950      970     1001      129      960   
                                          VAR    BASINP    GEOM     GEOM    SYMINP    ZMAT    AOBASIS   BASIS     P2S    ABASIS    
                                         1100     1400     1410     1200     1210     1080     1600     1650     1300     1700   
                                           S        T        V       H0       H01     AOSYM     SMH    MOLCAS    ERIS     OPER   
                                         1380    55555   
                                         JKOP     CCSD   

              2      12        3.69       700     1000      520     2100      200     2101     8500     9001      701     1001   
                                         GEOM     BASIS   MCVARS     RHF    OPTIONS    RHF     CPHF    DEN_MP2   GEOM     BASIS   
                                         2102     9001(1)
                                          RHF    DEN_MP2    

 PROGRAMS   *        TOTAL      CCSD    HF-SCF      CCSD    HF-SCF      CCSD    HF-SCF      CCSD    HF-SCF       INT      CCSD
 CPU TIMES  *     17572.10    790.09     87.20    797.75     94.83    803.72    116.22    798.90    100.93     21.38    353.35
 REAL TIME  *      2505.70 SEC
 DISK USED  *         2.31 GB
 **********************************************************************************************************************************

 Current geometry (xyz format, in Angstrom)


 Dump information in style XYZ to ch3oh_maxima_mp2_3.xyz                                                          

    6
 CCSD/AUG-CC-PVTZ  OPTSTEP=3  ENERGY=-115.54645547
 C          0.0004940445        0.0131395983       -0.7279684403
 O          0.0003898583       -0.0640966505        0.6897927492
 H         -0.0011169119        0.8272682333        1.0403399535
 H          0.9446987309        0.4061556534       -1.1134604113
 H         -0.1336896140       -1.0006022105       -1.0990701945
 H         -0.8219677910        0.6280313851       -1.1023903499

 **********************************************************************************************************************************

 PROGRESS OF GEOMETRY OPTIMIZATION.    TOTAL CPU:      4449.3 SEC
   1  -115.54628328  -115.54644998    -0.00016670  0.00417137  0.00651270  0.00196365  0.03490659  0.04941316  0.00449211
   2  -115.54644998  -115.54645534    -0.00000536  0.00069606  0.00118373  0.00035691  0.00727842  0.01027258  0.00093387
   3  -115.54645534  -115.54645547    -0.00000013  0.00020662  0.00029580  0.00008919  0.00046677  0.00075801  0.00006891

 **********************************************************************************************************************************

 Current geometry (xyz format, in Angstrom)


 Dump information in style XYZ to ch3oh_maxima_mp2.xyz                                                            

    6
 CCSD/AUG-CC-PVTZ  ENERGY=-115.54645547
 C          0.0004940445        0.0131395983       -0.7279684403
 O          0.0003898583       -0.0640966505        0.6897927492
 H         -0.0011169119        0.8272682333        1.0403399535
 H          0.9446987309        0.4061556534       -1.1134604113
 H         -0.1336896140       -1.0006022105       -1.0990701945
 H         -0.8219677910        0.6280313851       -1.1023903499

 **********************************************************************************************************************************

 Current variables
 RCO=                 1.41986346 ANGSTROM
 ROH=                 0.95781886 ANGSTROM
 ACOH=              108.34996163 DEGREE
 RCH1=                1.09297217 ANGSTROM
 AOCH1=             111.82680147 DEGREE
 AHH1=               68.61751646 DEGREE
 RCH2=                1.08783924 ANGSTROM
 AOCH2=             106.85380656 DEGREE
 RCH3=                1.09303575 ANGSTROM
 AOCH3=             111.87550810 DEGREE
 AHH3=              305.91254489 DEGREE

 **********************************************************************************************************************************

 Recomputing wavefunction for reoriented structure

 Running procedure: RUNCCSD


 Program * Restricted Hartree-Fock

 Molecular orbitals read from record     2102.2  Type=RHF/CANONICAL (state 1.1)

 NELEC=   18   SYM=1   MS2= 0   THRE=1.0D-09   THRD=1.0D-07   THRG=1.0D-07  HFMA2=F  DIIS_START=2   DIIS_MAX=10   DIIS_INCORE=F

 Level shifts:    0.00 (CLOSED)    0.00 (OPEN)    0.30 (GAP_MIN)

 ITER           ETOT              DE          GRAD        DDIFF     DIIS  NEXP   TIME(IT)  TIME(TOT)  DIAG
   1     -115.09219654    -115.09219654     0.00D+00     0.47D-01     0     0       9.53      9.54    start
   2     -115.09219654      -0.00000000     0.43D-08     0.37D-08     1     0       9.38     18.92    diag

 Final occupancy:   9

 !RHF STATE 1.1 Energy               -115.092196543130
  RHF One-electron energy            -236.925356268020
  RHF Two-electron energy              81.486251186141
  RHF Kinetic energy                  114.923614804139
  RHF Nuclear energy                   40.346908538749
  RHF Virial quotient                  -1.001466902510

 !RHF STATE 1.1 Dipole moment          -0.00554156     0.58996106    -0.39096146
 Dipole moment /Debye                  -0.01408524     1.49953144    -0.99372491

 Orbital energies:

           1.1          2.1          3.1          4.1          5.1          6.1          7.1          8.1          9.1         10.1
    -20.558736   -11.271355    -1.358313    -0.926036    -0.691722    -0.620796    -0.593793    -0.504020    -0.451655     0.028510

          11.1
      0.042975


 HOMO      9.1    -0.451655 =     -12.2902eV
 LUMO     10.1     0.028510 =       0.7758eV
 LUMO-HOMO         0.480165 =      13.0659eV

 Orbitals saved in record  2102.2


 **********************************************************************************************************************************
 DATASETS  * FILE   NREC   LENGTH (MB)   RECORD NAMES
              1      22      857.56       500      610      700      701      900      950      970     1001      129      960   
                                          VAR    BASINP    GEOM     GEOM    SYMINP    ZMAT    AOBASIS   BASIS     P2S    ABASIS    
                                         1100     1400     1410     1200     1210     1080     1600     1650     1300     1700   
                                           S        T        V       H0       H01     AOSYM     SMH    MOLCAS    ERIS     OPER   
                                         1380    55555   
                                         JKOP     CCSD   

              2      12        3.69       700     1000      520     2100      200     2101     8500     9001      701     1001   
                                         GEOM     BASIS   MCVARS     RHF    OPTIONS    RHF     CPHF    DEN_MP2   GEOM     BASIS   
                                         2102     9001(1)
                                          RHF    DEN_MP2    

 PROGRAMS   *        TOTAL    HF-SCF      CCSD    HF-SCF      CCSD    HF-SCF      CCSD    HF-SCF      CCSD    HF-SCF       INT
 CPU TIMES  *     17591.06     18.94    790.09     87.20    797.75     94.83    803.72    116.22    798.90    100.93     21.38
 REAL TIME  *      2508.75 SEC
 DISK USED  *         2.31 GB
 **********************************************************************************************************************************


 PROGRAM * CCSD (Closed-shell coupled cluster)     Authors: C. Hampel, H.-J. Werner, 1991, M. Deegan, P.J. Knowles, 1992


 Convergence thresholds:  THRVAR = 1.00D-12  THRDEN = 1.00D-08

 Number of core orbitals:           2 (   2 )
 Number of closed-shell orbitals:   7 (   7 )
 Number of external orbitals:     175 ( 175 )

 Molecular orbitals read from record     2102.2  Type=RHF/CANONICAL (state 1.1)

 Number of N-1 electron functions:               7
 Number of N-2 electron functions:              28
 Number of singly external CSFs:              1225
 Number of doubly external CSFs:            750925
 Total number of CSFs:                      752151

 Length of J-op  integral file:               0.00 MB
 Length of K-op  integral file:               2.36 MB
 Length of 3-ext integral record:             0.00 MB

 Integral transformation finished. Total CPU:  21.95 sec, npass=  1  Memory used:  27.38 MW

 Reference energy:                   -115.09219654

 MP2 singlet pair energy:              -0.28674308
 MP2 triplet pair energy:              -0.14998446
 MP2 correlation energy:               -0.43672754
 MP2 total energy:                   -115.52892409

 SCS-MP2 correlation energy:           -0.43741537   (PS=  1.200000  PT=  0.333333)
 SCS-MP2 total energy:               -115.52961191

 ITER.      SQ.NORM     CORR.ENERGY   TOTAL ENERGY   ENERGY CHANGE        DEN1      VAR(S)    VAR(P)  DIIS     TIME  TIME/IT
   1      1.12025667    -0.45309674  -115.54529329    -0.01636920    -0.00559775  0.16D-02  0.19D-02  1  1    49.80     3.23
   2      1.12851905    -0.45418908  -115.54638563    -0.00109234    -0.00965279  0.20D-04  0.25D-03  2  2    74.56     3.11
   3      1.13137771    -0.45427718  -115.54647373    -0.00008810    -0.00185043  0.16D-04  0.11D-04  3  3    97.83     3.02
   4      1.13215096    -0.45426237  -115.54645891     0.00001482    -0.00036613  0.93D-06  0.12D-05  4  4   124.62     3.06
   5      1.13232010    -0.45426379  -115.54646033    -0.00000142    -0.00005321  0.23D-06  0.10D-06  5  5   148.82     3.02
   6      1.13236694    -0.45426001  -115.54645656     0.00000377    -0.00000989  0.37D-07  0.97D-08  6  6   174.96     3.04
   7      1.13237730    -0.45425906  -115.54645561     0.00000095    -0.00000152  0.49D-08  0.21D-08  6  2   201.65     3.06
   8      1.13237989    -0.45425897  -115.54645552     0.00000009    -0.00000001  0.81D-09  0.27D-09  6  1   225.27     3.03
   9      1.13238093    -0.45425890  -115.54645544     0.00000007     0.00000019  0.74D-10  0.29D-10  6  3   250.41     3.02
  10      1.13238111    -0.45425890  -115.54645544    -0.00000000     0.00000001  0.11D-10  0.41D-11  6  4   274.04     3.01
  11      1.13238096    -0.45425892  -115.54645546    -0.00000002     0.00000011  0.14D-11  0.71D-12  6  6   299.57     3.01
  12      1.13238092    -0.45425892  -115.54645547    -0.00000000     0.00000002  0.19D-12  0.62D-13  6  5   325.34     3.01
  13      1.13238089    -0.45425893  -115.54645547    -0.00000000     0.00000001  0.20D-13  0.94D-14  6  1   351.13     3.02

 Norm of t1 vector:      0.05242413      S-energy:     0.00000000      T1 diagnostic:  0.00990723
                                                                       D1 diagnostic:  0.02315949
                                                                       D2 diagnostic:  0.13786666 (internal)


 RESULTS
 =======

  Reference energy                   -115.092196543130
  CCSD singlet pair energy             -0.318124362069
  CCSD triplet pair energy             -0.136134565205
  CCSD correlation energy              -0.454258926323

 !CCSD total energy                  -115.546455469452

 Timing summary (sec):

 STEP                 CPU(USER)    SYS     CPU(TOT)    WALL
 Transformation         22.38      0.87     23.25      3.20
 CCSD iterations       329.87      6.74    336.61     39.39

 Program statistics:

 Available memory in ccsd:               499998879
 Min. memory needed in ccsd:               2385617
 Max. memory used in ccsd:                 3007350
 Max. memory used in cckext:               2165242 (13 integral passes)



 **********************************************************************************************************************************
 DATASETS  * FILE   NREC   LENGTH (MB)   RECORD NAMES
              1      22      857.56       500      610      700      701      900      950      970     1001      129      960   
                                          VAR    BASINP    GEOM     GEOM    SYMINP    ZMAT    AOBASIS   BASIS     P2S    ABASIS    
                                         1100     1400     1410     1200     1210     1080     1600     1650     1300     1700   
                                           S        T        V       H0       H01     AOSYM     SMH    MOLCAS    ERIS     OPER   
                                         1380    55555   
                                         JKOP     CCSD   

              2      12        3.69       700     1000      520     2100      200     2101     8500     9001      701     1001   
                                         GEOM     BASIS   MCVARS     RHF    OPTIONS    RHF     CPHF    DEN_MP2   GEOM     BASIS   
                                         2102     9001(1)
                                          RHF    DEN_MP2    

 PROGRAMS   *        TOTAL      CCSD    HF-SCF      CCSD    HF-SCF      CCSD    HF-SCF      CCSD    HF-SCF      CCSD    HF-SCF
 CPU TIMES  *     17943.35    352.28     18.94    790.09     87.20    797.75     94.83    803.72    116.22    798.90    100.93
 REAL TIME  *      2551.39 SEC
 DISK USED  *         2.31 GB
 **********************************************************************************************************************************

 PROGRAM * ALASKA (Gradient of the energy)     Author: R. Lindh


 CCSD Gradient info restored from record   55555.1

 Number of core orbitals:           2 (   2 )
 Number of closed-shell orbitals:   7 (   7 )
 Number of external orbitals:     175 ( 175 )

 Integral thresholds in T2TRAN:            1.0D-10 (PROD)

 Available memory for Transformation: 497467824 words
 Memory needed for incore algorithm:   11782801 words
 Minimum memory needed:                 3718915 words

 Memory used for transformation:          16.57 MW
 Available memory for gradients:         482.90 MW

 CPU for transformation:                 161.46 sec
 CPU for integrals and gradient:         116.38 sec
 Total CPU:                              277.84 sec

 Prescreening statistics:
 ========================

 Total number of shell quadruplets:        2.22D+04
 Number of shell quadruplets processed:    2.22D+04 (100.00%)

 CCSD GRADIENT FOR STATE 1.1

 Atom          dE/dx               dE/dy               dE/dz

   1         0.005041076        -0.000448650        -0.000073334
   2         0.000316835         0.000012948        -0.000023357
   3        -0.000511657        -0.000018239        -0.000009233
   4         0.000018408         0.002276098         0.000763287
   5        -0.004571760         0.000528729         0.000103746
   6        -0.000292902        -0.002350885        -0.000761109

 Nuclear force contribution to virial =        -0.000224171
 Reading points 1 to 1 from record 701.2,  wavefunction type=CCSD            

 Making model hessian for Z-matrix coordinates
 No hessian update for point  1

 Entering Rational Function Geometry Optimization

 Optimization point 1

 Variable                      Last           Current        Next           Gradient       Hessian

 E(CCSD) / Hartree           0.00000000  -115.54623940  -115.54642498
 RCO / ANGSTROM              0.00000000     1.41986346     1.41988831    -0.00006110     2.23740417
 ROH / ANGSTROM              0.00000000     0.95781886     0.95781991     0.00002016     2.54203201
 ACOH / DEGREE               0.00000000   108.34996163   108.34780506    -0.00000039     0.00007355
 RCH1 / ANGSTROM             0.00000000     1.09297217     1.09222532     0.00129833     1.71504808
 AOCH1 / DEGREE              0.00000000   111.82680147   111.81409462    -0.00003474     0.00006983
 AHH1 / DEGREE               0.00000000    68.61751646    70.61751646    -0.00006990     0.00004800
 RCH2 / ANGSTROM             0.00000000     1.08783924     1.08788620    -0.00008693     1.74636712
 AOCH2 / DEGREE              0.00000000   106.85380656   106.86234872    -0.00000225     0.00007518
 RCH3 / ANGSTROM             0.00000000     1.09303575     1.09382090    -0.00135512     1.71464031
 AOCH3 / DEGREE              0.00000000   111.87550810   111.83286782     0.00003498     0.00006865
 AHH3 / DEGREE               0.00000000   305.91254489   307.91254489    -0.00007281     0.00004927
 Convergence:                0.00000000  (line search)     0.04941426     0.00651344  (total)

 Geometry written to block  2 of record 701

 Running procedure: RUNCCSD


 Recomputing integrals since geometry changed


 PROGRAM * SEWARD (Integral evaluation for generally contracted gaussian basis sets)     Author: Roland Lindh, 1990

 Geometry written to block  2 of record 701

 Orientation using atomic masses  
 Molecule type: Asymmetric top
 Rotational constants:      23.9657927     24.8206549    128.5929813 GHz  (calculated with average atomic masses)

 Point group  C1  



 ATOMIC COORDINATES

 NR  ATOM    CHARGE       X              Y              Z

   1  C       6.00    0.002345274    0.024573376   -1.375740109
   2  O       8.00    0.001716415   -0.121129339    1.303500964
   3  H       1.00   -0.016163196    1.563307008    1.965707236
   4  H1      1.00    1.803469051    0.719809372   -2.105619407
   5  H2      1.00   -0.319121332   -1.881129142   -2.076667666
   6  H3      1.00   -1.523376992    1.227917244   -2.080520061

 Bond lengths in Bohr (Angstrom)

 1-2  2.683200030  1-4  2.064006720  1-5  2.055806971  1-6  2.067021935  2-3  1.810017302
     ( 1.419888308)     ( 1.092225319)     ( 1.087886199)     ( 1.093820902)     ( 0.957819907)

 Bond angles

  1-2-3  108.34780506   2-1-4  111.81409462   2-1-5  106.86234872   2-1-6  111.83286782

  4-1-5  109.15532194   4-1-6  109.11388901   5-1-6  107.93778407

 NUCLEAR CHARGE:                   18
 NUMBER OF PRIMITIVE AOS:         242
 NUMBER OF SYMMETRY AOS:          216
 NUMBER OF CONTRACTIONS:          184   (  184A   )
 NUMBER OF INNER CORE ORBITALS:     0   (    0A   )
 NUMBER OF OUTER CORE ORBITALS:     2   (    2A   )
 NUMBER OF VALENCE ORBITALS:       12   (   12A   )


 NUCLEAR REPULSION ENERGY   40.34686107

 Eigenvalues of metric

         1 0.609E-04 0.745E-04 0.893E-04 0.203E-03 0.411E-03 0.482E-03 0.761E-03 0.781E-03


 Contracted 2-electron integrals neglected if value below      1.0D-11
 AO integral compression algorithm  1   Integral accuracy      1.0D-11

     711.459 MB (compressed) written to integral file ( 52.4%)


 NUMBER OF SORTED TWO-ELECTRON INTEGRALS:  144848710.     BUFFER LENGTH:  32768
 NUMBER OF SEGMENTS:  10  SEGMENT LENGTH:   15999503      RECORD LENGTH: 524288

 Memory used in sort:      16.56 MW

 SORT1 READ   169623812. AND WROTE   143569567. INTEGRALS IN    414 RECORDS. CPU TIME:     1.13 SEC, REAL TIME:     1.76 SEC
 SORT2 READ   143569567. AND WROTE   144848710. INTEGRALS IN   2714 RECORDS. CPU TIME:     1.27 SEC, REAL TIME:     1.71 SEC

 FILE SIZES:   FILE 1:   743.0 MBYTE,  FILE 4:  1736.5 MBYTE,   TOTAL:   2479.5 MBYTE

 OPERATOR DM      FOR CENTER  0  COORDINATES:    0.000000    0.000000    0.000000

 Program * Restricted Hartree-Fock

 Molecular orbitals read from record     2102.2  Type=RHF/CANONICAL (state 1.1)

 NELEC=   18   SYM=1   MS2= 0   THRE=1.0D-09   THRD=1.0D-06   THRG=1.0D-06  HFMA2=F  DIIS_START=2   DIIS_MAX=10   DIIS_INCORE=F

 Level shifts:    0.00 (CLOSED)    0.00 (OPEN)    0.30 (GAP_MIN)

 ITER           ETOT              DE          GRAD        DDIFF     DIIS  NEXP   TIME(IT)  TIME(TOT)  DIAG
   1     -115.08948817    -115.08948817     0.00D+00     0.47D-01     0     0       9.62      9.62    start
   2     -115.09179541      -0.00230724     0.10D-02     0.11D-02     1     0       8.39     18.01    diag
   3     -115.09211901      -0.00032360     0.28D-03     0.32D-03     2     0       9.19     27.20    diag
   4     -115.09214053      -0.00002152     0.64D-04     0.10D-03     3     0       9.12     36.32    diag
   5     -115.09214105      -0.00000052     0.13D-04     0.16D-04     4     0       9.36     45.68    diag
   6     -115.09214114      -0.00000009     0.57D-05     0.58D-05     5     0       9.37     55.05    diag
   7     -115.09214116      -0.00000002     0.18D-05     0.22D-05     6     0       8.38     63.43    diag
   8     -115.09214116      -0.00000000     0.59D-06     0.79D-06     7     0       8.99     72.42    fixocc
   9     -115.09214116      -0.00000000     0.14D-06     0.21D-06     8     0       9.34     81.76    diag
  10     -115.09214116      -0.00000000     0.24D-07     0.35D-07     0     0       9.15     90.91    diag/orth

 Final occupancy:   9

 !RHF STATE 1.1 Energy               -115.092141158161
  RHF One-electron energy            -236.925523322902
  RHF Two-electron energy              81.486521095659
  RHF Kinetic energy                  114.923601894617
  RHF Nuclear energy                   40.346861069082
  RHF Virial quotient                  -1.001466533077

 !RHF STATE 1.1 Dipole moment          -0.01201380     0.59046774    -0.39108620
 Dipole moment /Debye                  -0.03053602     1.50081928    -0.99404196

 Orbital energies:

           1.1          2.1          3.1          4.1          5.1          6.1          7.1          8.1          9.1         10.1
    -20.558680   -11.271365    -1.358283    -0.926005    -0.691658    -0.621057    -0.593664    -0.503785    -0.451745     0.028502

          11.1
      0.042983


 HOMO      9.1    -0.451745 =     -12.2926eV
 LUMO     10.1     0.028502 =       0.7756eV
 LUMO-HOMO         0.480247 =      13.0682eV

 Orbitals saved in record  2102.2


 **********************************************************************************************************************************
 DATASETS  * FILE   NREC   LENGTH (MB)   RECORD NAMES
              1      20      625.05       500      610      700      701      900      950      970     1001      129      960   
                                          VAR    BASINP    GEOM     GEOM    SYMINP    ZMAT    AOBASIS   BASIS     P2S    ABASIS    
                                         1100     1400     1410     1200     1210     1080     1600     1650     1300     1700   
                                           S        T        V       H0       H01     AOSYM     SMH    MOLCAS    ERIS     OPER   

              2      12        3.69       700     1000      520     2100      200     2101     8500     9001      701     1001   
                                         GEOM     BASIS   MCVARS     RHF    OPTIONS    RHF     CPHF    DEN_MP2   GEOM     BASIS   
                                         2102     9001(1)
                                          RHF    DEN_MP2    

 PROGRAMS   *        TOTAL    HF-SCF      CCSD    HF-SCF       INT      CCSD    HF-SCF      CCSD    HF-SCF      CCSD    HF-SCF
 CPU TIMES  *     19298.04    112.28    841.21    100.94     21.31    352.28     18.94    790.09     87.20    797.75     94.83
 REAL TIME  *      2760.39 SEC
 DISK USED  *         2.31 GB
 **********************************************************************************************************************************


 PROGRAM * CCSD (Closed-shell coupled cluster)     Authors: C. Hampel, H.-J. Werner, 1991, M. Deegan, P.J. Knowles, 1992


 Convergence thresholds:  THRVAR = 1.00D-12  THRDEN = 1.00D-08

 Using ITF CCSD gradient implementation

 Number of core orbitals:           2 (   2 )
 Number of closed-shell orbitals:   7 (   7 )
 Number of external orbitals:     175 ( 175 )

 Molecular orbitals read from record     2102.2  Type=RHF/CANONICAL (state 1.1)

 Integral transformation finished. Total CPU:  23.05 sec, npass=  1  Memory used:  27.38 MW
  Reference energy                   -115.092141158161

  MP2 correlation energy               -0.436733109102
  MP2 total energy                   -115.528874267262

 ITER.      SQ.NORM     CORR.ENERGY   TOTAL ENERGY   ENERGY CHANGE        DEN1      VAR(S)    VAR(P)  DIIS     TIME
   1      1.12037779    -0.45318381  -115.54532497    -0.01645070    -0.00559079  1.69e-03  1.94e-03  1  1    24.39
   2      1.12836816    -0.45416791  -115.54630906    -0.00098410    -0.00936303  4.22e-05  2.69e-04  2  2    47.01
   3      1.13075043    -0.45428683  -115.54642799    -0.00011893    -0.00140683  4.44e-06  3.49e-05  3  3    71.65
   4      1.13199726    -0.45428958  -115.54643074    -0.00000275    -0.00092412  1.40e-07  3.37e-06  4  4    95.96
   5      1.13229927    -0.45426893  -115.54641009     0.00002065    -0.00019147  1.83e-08  3.18e-07  5  5   119.87
   6      1.13237831    -0.45426644  -115.54640760     0.00000249    -0.00004911  3.46e-10  1.44e-08  6  0   142.67
   7      1.13238645    -0.45426528  -115.54640644     0.00000116    -0.00000617  6.15e-11  1.04e-09  6  1   164.80
   8      1.13238665    -0.45426514  -115.54640629     0.00000014    -0.00000046  4.14e-12  1.04e-10  6  2   187.81
   9      1.13238657    -0.45426512  -115.54640628     0.00000002     0.00000001  1.65e-13  1.10e-11  6  3   212.54
  10      1.13238662    -0.45426511  -115.54640627     0.00000000    -0.00000004  2.87e-14  7.47e-13         234.17

 Norm of t1 vector:      0.05243775     S-energy:      0.00000001   T1 diagnostic:  0.00990980

 Time per iteration:                     23.42 sec

 RESULTS
 =======

  Reference energy                   -115.092141158161
  CCSD correlation energy              -0.454265114543
 !CCSD total energy                  -115.546406272704

 Starting CP-CCSD iterations.   Author: W. Gyorffy (2012)

 ITER.      NRM1           NRM2      VAR(S)+VAR(P)   DIIS    TIME
   1     0.00162316     0.38315268     5.25e-04      1  1   27.86
   2     0.00147248     0.37935768     3.80e-05      2  2   52.45
   3     0.00136843     0.37887647     4.70e-06      3  3   78.20
   4     0.00131880     0.37848614     8.89e-07      4  4  103.20
   5     0.00129137     0.37839236     9.11e-08      5  5  127.54
   6     0.00128114     0.37835920     9.17e-09      6  0  152.39
   7     0.00127841     0.37835537     1.10e-09      6  1  177.89
   8     0.00127770     0.37835412     1.42e-10      6  2  203.86
   9     0.00127756     0.37835400     1.92e-11      6  3  231.02
  10     0.00127753     0.37835395     2.50e-12      6  4  257.94
  11     0.00127753     0.37835394     2.90e-13            283.70


 Time per iteration:                     25.79 sec


 CPHF trial vector read from record  8500.2

 Starting Coupled-perturbed Hartree-Fock, convergence threshold= 1.0D-06

 ITER   MIC  DIIS      VAR         VARC       CPU
   1     0     1    0.30D-01    0.75D-03     8.98
   2     3     2    0.22D-04    0.16D-04    18.30
   3     3     3    0.90D-06    0.29D-06    27.63

 CPHF convergence reached in  3 macroiterations and    6 microiterations.   Accuracy: 9.0069D-07

 CPHF solution written to record  8500.2

 Dipole moments (unrelaxed):           -0.01251119     0.55335330    -0.36554608
 Orbital relaxation contribution:       0.00010617     0.00432762    -0.00311275
 !CCSD STATE 1.1 Dipole moment         -0.01240502     0.55768092    -0.36865882
 Dipole moment /Debye                  -0.03153042     1.41748350    -0.93703726

 CPU-time for coupled-perturbed hartree-fock:         27.68 sec

 Number of N-1 electron functions:               7
 Number of N-2 electron functions:              28
 Number of singly external CSFs:              1225
 Number of doubly external CSFs:            750925
 Total number of CSFs:                      752151

 CCSD gradient info saved on record        55555.1




 **********************************************************************************************************************************
 DATASETS  * FILE   NREC   LENGTH (MB)   RECORD NAMES
              1      22      861.05       500      610      700      701      900      950      970     1001      129      960   
                                          VAR    BASINP    GEOM     GEOM    SYMINP    ZMAT    AOBASIS   BASIS     P2S    ABASIS    
                                         1100     1400     1410     1200     1210     1080     1600     1650     1300     1700   
                                           S        T        V       H0       H01     AOSYM     SMH    MOLCAS    ERIS     OPER   
                                         1380    55555   
                                         JKOP     CCSD   

              2      12        3.69       700     1000      520     2100      200     2101     8500     9001      701     1001   
                                         GEOM     BASIS   MCVARS     RHF    OPTIONS    RHF     CPHF    DEN_MP2   GEOM     BASIS   
                                         2102     9001(1)
                                          RHF    DEN_MP2    

 PROGRAMS   *        TOTAL      CCSD    HF-SCF      CCSD    HF-SCF       INT      CCSD    HF-SCF      CCSD    HF-SCF      CCSD
 CPU TIMES  *     20085.15    787.09    112.28    841.21    100.94     21.31    352.28     18.94    790.09     87.20    797.75
 REAL TIME  *      2868.13 SEC
 DISK USED  *         2.31 GB
 **********************************************************************************************************************************

 Current geometry (xyz format, in Angstrom)


 Dump information in style XYZ to ch3oh_maxima_mp2_1.xyz                                                          

    6
 CCSD/AUG-CC-PVTZ  OPTSTEP=1  ENERGY=-115.54640627
 C          0.0012410654        0.0130036705       -0.7280103139
 O          0.0009082879       -0.0640988856        0.6897830045
 H         -0.0085531948        0.8272664422        1.0402074728
 H          0.9543547221        0.3809067157       -1.1142458051
 H         -0.1688717364       -0.9954506725       -1.0989252035
 H         -0.8061363878        0.6497858224       -1.1009638032

 **********************************************************************************************************************************

 PROGRESS OF GEOMETRY OPTIMIZATION.    TOTAL CPU:      2141.8 SEC
   1  -115.54623940  -115.54640627    -0.00016687  0.00417153  0.00651344  0.00196388  0.03490659  0.04941426  0.00449221

 **********************************************************************************************************************************

 Current geometry (xyz format, in Angstrom)


 Dump information in style XYZ to ch3oh_maxima_mp2.xyz                                                            

    6
 CCSD/AUG-CC-PVTZ  ENERGY=-115.54640627
 C          0.0012410654        0.0130036705       -0.7280103139
 O          0.0009082879       -0.0640988856        0.6897830045
 H         -0.0085531948        0.8272664422        1.0402074728
 H          0.9543547221        0.3809067157       -1.1142458051
 H         -0.1688717364       -0.9954506725       -1.0989252035
 H         -0.8061363878        0.6497858224       -1.1009638032

 **********************************************************************************************************************************

 Current variables
 RCO=                 1.41988831 ANGSTROM
 ROH=                 0.95781991 ANGSTROM
 ACOH=              108.34780506 DEGREE
 RCH1=                1.09222532 ANGSTROM
 AOCH1=             111.81409462 DEGREE
 AHH1=               70.61751646 DEGREE
 RCH2=                1.08788620 ANGSTROM
 AOCH2=             106.86234872 DEGREE
 RCH3=                1.09382090 ANGSTROM
 AOCH3=             111.83286782 DEGREE
 AHH3=              307.91254489 DEGREE

 **********************************************************************************************************************************

 PROGRAM * ALASKA (Gradient of the energy)     Author: R. Lindh


 CCSD Gradient info restored from record   55555.1

 Number of core orbitals:           2 (   2 )
 Number of closed-shell orbitals:   7 (   7 )
 Number of external orbitals:     175 ( 175 )

 Integral thresholds in T2TRAN:            1.0D-10 (PROD)

 Available memory for Transformation: 497467824 words
 Memory needed for incore algorithm:   11782801 words
 Minimum memory needed:                 3718915 words

 Memory used for transformation:          16.57 MW
 Available memory for gradients:         482.90 MW

 CPU for transformation:                 161.39 sec
 CPU for integrals and gradient:         116.22 sec
 Total CPU:                              277.61 sec

 Prescreening statistics:
 ========================

 Total number of shell quadruplets:        2.22D+04
 Number of shell quadruplets processed:    2.22D+04 (100.00%)

 CCSD GRADIENT FOR STATE 1.1

 Atom          dE/dx               dE/dy               dE/dz

   1         0.002203280        -0.000316794        -0.000053441
   2         0.000566321        -0.000054849        -0.000097351
   3        -0.000638394         0.000054240        -0.000008280
   4        -0.000368910         0.000187636         0.000314222
   5        -0.001219682         0.000175703         0.000072893
   6        -0.000542616        -0.000045935        -0.000228042

 Nuclear force contribution to virial =        -0.000009445
 Reading points 1 to 2 from record 701.2,  wavefunction type=CCSD            

 Making model hessian for Z-matrix coordinates
 BFGS update of hessian using  1 points

 Entering Rational Function Geometry Optimization

 Optimization point 2

 Variable                      Last           Current        Next           Gradient       Hessian

 E(CCSD) / Hartree        -115.54623940  -115.54640627  -115.54641148
 RCO / ANGSTROM              1.41986346     1.41988831     1.41998401    -0.00019922     2.23743506
 ROH / ANGSTROM              0.95781886     0.95781991     0.95777052     0.00010158     2.54215956
 ACOH / DEGREE             108.34996163   108.34780506   108.36163522    -0.00000093     0.00007358
 RCH1 / ANGSTROM             1.09297217     1.09222532     1.09270607    -0.00069889     1.72809385
 AOCH1 / DEGREE            111.82680147   111.81409462   111.80228120    -0.00000645     0.00007128
 AHH1 / DEGREE              68.61751646    70.61751646    71.01865359    -0.00001064     0.00004934
 RCH2 / ANGSTROM             1.08783924     1.08788620     1.08787618     0.00000566     1.74614946
 AOCH2 / DEGREE            106.85380656   106.86234872   106.89453192    -0.00000241     0.00007634
 RCH3 / ANGSTROM             1.09303575     1.09382090     1.09322532     0.00085327     1.72268787
 AOCH3 / DEGREE            111.87550810   111.83286782   111.88191927     0.00000222     0.00007050
 AHH3 / DEGREE             305.91254489   307.91254489   308.33974322    -0.00001257     0.00005038
 Convergence:                0.00000000  (line search)     0.01038708     0.00119150  (total)

 Geometry written to block  3 of record 701

 Running procedure: RUNCCSD


 Recomputing integrals since geometry changed


 PROGRAM * SEWARD (Integral evaluation for generally contracted gaussian basis sets)     Author: Roland Lindh, 1990

 Geometry written to block  3 of record 701

 Orientation using atomic masses  
 Molecule type: Asymmetric top
 Rotational constants:      23.9576632     24.8177461    128.6401093 GHz  (calculated with average atomic masses)

 Point group  C1  



 ATOMIC COORDINATES

 NR  ATOM    CHARGE       X              Y              Z

   1  C       6.00    0.001330425    0.024719593   -1.375772921
   2  O       8.00    0.000899363   -0.121181376    1.303638513
   3  H       1.00   -0.002451339    1.563049865    1.966344111
   4  H1      1.00    1.813231745    0.692507420   -2.107174214
   5  H2      1.00   -0.336474498   -1.877750607   -2.077741194
   6  H3      1.00   -1.504435679    1.251181435   -2.080320972

 Bond lengths in Bohr (Angstrom)

 1-2  2.683380874  1-4  2.064915211  1-5  2.055788044  1-6  2.065896456  2-3  1.809923978
     ( 1.419984007)     ( 1.092706072)     ( 1.087876183)     ( 1.093225325)     ( 0.957770523)

 Bond angles

  1-2-3  108.36163522   2-1-4  111.80228120   2-1-5  106.89453192   2-1-6  111.88191927

  4-1-5  108.81523125   4-1-6  109.07295062   5-1-6  108.25086190

 NUCLEAR CHARGE:                   18
 NUMBER OF PRIMITIVE AOS:         242
 NUMBER OF SYMMETRY AOS:          216
 NUMBER OF CONTRACTIONS:          184   (  184A   )
 NUMBER OF INNER CORE ORBITALS:     0   (    0A   )
 NUMBER OF OUTER CORE ORBITALS:     2   (    2A   )
 NUMBER OF VALENCE ORBITALS:       12   (   12A   )


 NUCLEAR REPULSION ENERGY   40.34504814

 Eigenvalues of metric

         1 0.609E-04 0.745E-04 0.893E-04 0.203E-03 0.412E-03 0.482E-03 0.761E-03 0.781E-03


 Contracted 2-electron integrals neglected if value below      1.0D-11
 AO integral compression algorithm  1   Integral accuracy      1.0D-11

     708.837 MB (compressed) written to integral file ( 52.2%)


 NUMBER OF SORTED TWO-ELECTRON INTEGRALS:  144848710.     BUFFER LENGTH:  32768
 NUMBER OF SEGMENTS:  10  SEGMENT LENGTH:   15999503      RECORD LENGTH: 524288

 Memory used in sort:      16.56 MW

 SORT1 READ   169623812. AND WROTE   143561035. INTEGRALS IN    414 RECORDS. CPU TIME:     1.15 SEC, REAL TIME:     1.77 SEC
 SORT2 READ   143561035. AND WROTE   144848710. INTEGRALS IN   2704 RECORDS. CPU TIME:     1.28 SEC, REAL TIME:     1.73 SEC

 FILE SIZES:   FILE 1:   740.4 MBYTE,  FILE 4:  1736.5 MBYTE,   TOTAL:   2476.9 MBYTE

 OPERATOR DM      FOR CENTER  0  COORDINATES:    0.000000    0.000000    0.000000

 Program * Restricted Hartree-Fock

 Molecular orbitals read from record     2102.2  Type=RHF/CANONICAL (state 1.1)

 NELEC=   18   SYM=1   MS2= 0   THRE=1.0D-09   THRD=1.0D-06   THRG=1.0D-06  HFMA2=F  DIIS_START=2   DIIS_MAX=10   DIIS_INCORE=F

 Level shifts:    0.00 (CLOSED)    0.00 (OPEN)    0.30 (GAP_MIN)

 ITER           ETOT              DE          GRAD        DDIFF     DIIS  NEXP   TIME(IT)  TIME(TOT)  DIAG
   1     -115.09207111    -115.09207111     0.00D+00     0.47D-01     0     0       9.60      9.60    start
   2     -115.09213867      -0.00006756     0.17D-03     0.18D-03     1     0       9.59     19.19    diag
   3     -115.09214819      -0.00000952     0.49D-04     0.55D-04     2     0       9.17     28.36    diag
   4     -115.09214880      -0.00000062     0.11D-04     0.17D-04     3     0       9.49     37.85    diag
   5     -115.09214882      -0.00000001     0.23D-05     0.26D-05     4     0       8.54     46.39    diag
   6     -115.09214882      -0.00000000     0.10D-05     0.10D-05     5     0       9.38     55.77    diag
   7     -115.09214882      -0.00000000     0.27D-06     0.35D-06     6     0       9.25     65.02    diag
   8     -115.09214882      -0.00000000     0.81D-07     0.82D-07     0     0       9.40     74.42    fixocc

 Final occupancy:   9

 !RHF STATE 1.1 Energy               -115.092148819195
  RHF One-electron energy            -236.921810203919
  RHF Two-electron energy              81.484613248947
  RHF Kinetic energy                  114.923503605561
  RHF Nuclear energy                   40.345048135778
  RHF Virial quotient                  -1.001467456250

 !RHF STATE 1.1 Dipole moment          -0.00697989     0.59061413    -0.39107631
 Dipole moment /Debye                  -0.01774112     1.50119138    -0.99401683

 Orbital energies:

           1.1          2.1          3.1          4.1          5.1          6.1          7.1          8.1          9.1         10.1
    -20.558699   -11.271366    -1.358260    -0.926050    -0.691714    -0.620807    -0.593793    -0.503957    -0.451650     0.028499

          11.1
      0.042973


 HOMO      9.1    -0.451650 =     -12.2900eV
 LUMO     10.1     0.028499 =       0.7755eV
 LUMO-HOMO         0.480149 =      13.0655eV

 Orbitals saved in record  2102.2


 **********************************************************************************************************************************
 DATASETS  * FILE   NREC   LENGTH (MB)   RECORD NAMES
              1      20      623.01       500      610      700      701      900      950      970     1001      129      960   
                                          VAR    BASINP    GEOM     GEOM    SYMINP    ZMAT    AOBASIS   BASIS     P2S    ABASIS    
                                         1100     1400     1410     1200     1210     1080     1600     1650     1300     1700   
                                           S        T        V       H0       H01     AOSYM     SMH    MOLCAS    ERIS     OPER   

              2      12        3.69       700     1000      520     2100      200     2101     8500     9001      701     1001   
                                         GEOM     BASIS   MCVARS     RHF    OPTIONS    RHF     CPHF    DEN_MP2   GEOM     BASIS   
                                         2102     9001(1)
                                          RHF    DEN_MP2    

 PROGRAMS   *        TOTAL    HF-SCF      CCSD    HF-SCF      CCSD    HF-SCF       INT      CCSD    HF-SCF      CCSD    HF-SCF
 CPU TIMES  *     20459.78     95.89    787.09    112.28    841.21    100.94     21.31    352.28     18.94    790.09     87.20
 REAL TIME  *      2935.54 SEC
 DISK USED  *         2.31 GB
 **********************************************************************************************************************************


 PROGRAM * CCSD (Closed-shell coupled cluster)     Authors: C. Hampel, H.-J. Werner, 1991, M. Deegan, P.J. Knowles, 1992


 Convergence thresholds:  THRVAR = 1.00D-12  THRDEN = 1.00D-08

 Using ITF CCSD gradient implementation

 Number of core orbitals:           2 (   2 )
 Number of closed-shell orbitals:   7 (   7 )
 Number of external orbitals:     175 ( 175 )

 Molecular orbitals read from record     2102.2  Type=RHF/CANONICAL (state 1.1)

 Integral transformation finished. Total CPU:  21.67 sec, npass=  1  Memory used:  27.38 MW
  Reference energy                   -115.092148819195

  MP2 correlation energy               -0.436731113580
  MP2 total energy                   -115.528879932775

 ITER.      SQ.NORM     CORR.ENERGY   TOTAL ENERGY   ENERGY CHANGE        DEN1      VAR(S)    VAR(P)  DIIS     TIME
   1      1.12037700    -0.45318178  -115.54533060    -0.01645066    -0.00559093  1.69e-03  1.94e-03  1  1    23.20
   2      1.12836709    -0.45416572  -115.54631454    -0.00098394    -0.00936284  4.22e-05  2.69e-04  2  2    46.95
   3      1.13074928    -0.45428464  -115.54643345    -0.00011891    -0.00140675  4.44e-06  3.49e-05  3  3    70.40
   4      1.13199602    -0.45428737  -115.54643619    -0.00000274    -0.00092406  1.40e-07  3.37e-06  4  4    95.65
   5      1.13229799    -0.45426672  -115.54641554     0.00002065    -0.00019145  1.83e-08  3.18e-07  5  5   117.98
   6      1.13237701    -0.45426423  -115.54641305     0.00000249    -0.00004911  3.46e-10  1.44e-08  6  0   141.57
   7      1.13238515    -0.45426307  -115.54641189     0.00000116    -0.00000617  6.14e-11  1.04e-09  6  1   165.36
   8      1.13238535    -0.45426293  -115.54641175     0.00000014    -0.00000046  4.14e-12  1.04e-10  6  2   188.43
   9      1.13238527    -0.45426291  -115.54641173     0.00000002     0.00000001  1.65e-13  1.10e-11  6  3   210.37
  10      1.13238533    -0.45426291  -115.54641173     0.00000000    -0.00000004  2.87e-14  7.47e-13         235.08

 Norm of t1 vector:      0.05243903     S-energy:      0.00000001   T1 diagnostic:  0.00991004

 Time per iteration:                     23.51 sec

 RESULTS
 =======

  Reference energy                   -115.092148819195
  CCSD correlation energy              -0.454262906174
 !CCSD total energy                  -115.546411725369

 Starting CP-CCSD iterations.   Author: W. Gyorffy (2012)

 ITER.      NRM1           NRM2      VAR(S)+VAR(P)   DIIS    TIME
   1     0.00162322     0.38315407     5.25e-04      1  1   24.73
   2     0.00147252     0.37935893     3.80e-05      2  2   52.27
   3     0.00136846     0.37887772     4.70e-06      3  3   78.27
   4     0.00131883     0.37848736     8.89e-07      4  4  104.46
   5     0.00129139     0.37839357     9.11e-08      5  5  130.57
   6     0.00128116     0.37836041     9.18e-09      6  0  157.30
   7     0.00127843     0.37835657     1.10e-09      6  1  182.92
   8     0.00127772     0.37835533     1.42e-10      6  2  210.67
   9     0.00127758     0.37835520     1.92e-11      6  3  236.08
  10     0.00127755     0.37835515     2.50e-12      6  4  262.43
  11     0.00127755     0.37835514     2.90e-13            288.67


 Time per iteration:                     26.24 sec


 CPHF trial vector read from record  8500.2

 Starting Coupled-perturbed Hartree-Fock, convergence threshold= 1.0D-06

 ITER   MIC  DIIS      VAR         VARC       CPU
   1     0     1    0.52D-02    0.13D-03     9.77
   2     3     2    0.35D-05    0.26D-05    19.05
   3     1     3    0.37D-06    0.46D-07    28.69

 CPHF convergence reached in  3 macroiterations and    4 microiterations.   Accuracy: 3.7113D-07

 CPHF solution written to record  8500.2

 Dipole moments (unrelaxed):           -0.00764996     0.55348829    -0.36553197
 Orbital relaxation contribution:       0.00010829     0.00433026    -0.00311006
 !CCSD STATE 1.1 Dipole moment         -0.00754168     0.55781855    -0.36864203
 Dipole moment /Debye                  -0.01916903     1.41783334    -0.93699458

 CPU-time for coupled-perturbed hartree-fock:         28.74 sec

 Number of N-1 electron functions:               7
 Number of N-2 electron functions:              28
 Number of singly external CSFs:              1225
 Number of doubly external CSFs:            750925
 Total number of CSFs:                      752151

 CCSD gradient info saved on record        55555.1




 **********************************************************************************************************************************
 DATASETS  * FILE   NREC   LENGTH (MB)   RECORD NAMES
              1      22      859.01       500      610      700      701      900      950      970     1001      129      960   
                                          VAR    BASINP    GEOM     GEOM    SYMINP    ZMAT    AOBASIS   BASIS     P2S    ABASIS    
                                         1100     1400     1410     1200     1210     1080     1600     1650     1300     1700   
                                           S        T        V       H0       H01     AOSYM     SMH    MOLCAS    ERIS     OPER   
                                         1380    55555   
                                         JKOP     CCSD   

              2      12        3.69       700     1000      520     2100      200     2101     8500     9001      701     1001   
                                         GEOM     BASIS   MCVARS     RHF    OPTIONS    RHF     CPHF    DEN_MP2   GEOM     BASIS   
                                         2102     9001(1)
                                          RHF    DEN_MP2    

 PROGRAMS   *        TOTAL      CCSD    HF-SCF      CCSD    HF-SCF      CCSD    HF-SCF       INT      CCSD    HF-SCF      CCSD
 CPU TIMES  *     21256.54    796.75     95.89    787.09    112.28    841.21    100.94     21.31    352.28     18.94    790.09
 REAL TIME  *      3044.67 SEC
 DISK USED  *         2.31 GB
 **********************************************************************************************************************************

 Current geometry (xyz format, in Angstrom)


 Dump information in style XYZ to ch3oh_maxima_mp2_2.xyz                                                          

    6
 CCSD/AUG-CC-PVTZ  OPTSTEP=2  ENERGY=-115.54641173
 C          0.0007040305        0.0130810451       -0.7280276773
 O          0.0004759224       -0.0641264225        0.6898557926
 H         -0.0012971925        0.8271303678        1.0405444921
 H          0.9595209176        0.3664591453       -1.1150685734
 H         -0.1780546363       -0.9936628291       -1.0994932900
 H         -0.7961130767        0.6620967022       -1.1008584498

 **********************************************************************************************************************************

 PROGRESS OF GEOMETRY OPTIMIZATION.    TOTAL CPU:      3313.2 SEC
   1  -115.54623940  -115.54640627    -0.00016687  0.00417153  0.00651344  0.00196388  0.03490659  0.04941426  0.00449221
   2  -115.54640627  -115.54641173    -0.00000545  0.00072017  0.00119150  0.00035925  0.00745602  0.01038708  0.00094428

 **********************************************************************************************************************************

 Current geometry (xyz format, in Angstrom)


 Dump information in style XYZ to ch3oh_maxima_mp2.xyz                                                            

    6
 CCSD/AUG-CC-PVTZ  ENERGY=-115.54641173
 C          0.0007040305        0.0130810451       -0.7280276773
 O          0.0004759224       -0.0641264225        0.6898557926
 H         -0.0012971925        0.8271303678        1.0405444921
 H          0.9595209176        0.3664591453       -1.1150685734
 H         -0.1780546363       -0.9936628291       -1.0994932900
 H         -0.7961130767        0.6620967022       -1.1008584498

 **********************************************************************************************************************************

 Current variables
 RCO=                 1.41998401 ANGSTROM
 ROH=                 0.95777052 ANGSTROM
 ACOH=              108.36163522 DEGREE
 RCH1=                1.09270607 ANGSTROM
 AOCH1=             111.80228120 DEGREE
 AHH1=               71.01865359 DEGREE
 RCH2=                1.08787618 ANGSTROM
 AOCH2=             106.89453192 DEGREE
 RCH3=                1.09322532 ANGSTROM
 AOCH3=             111.88191927 DEGREE
 AHH3=              308.33974322 DEGREE

 **********************************************************************************************************************************

 PROGRAM * ALASKA (Gradient of the energy)     Author: R. Lindh


 CCSD Gradient info restored from record   55555.1

 Number of core orbitals:           2 (   2 )
 Number of closed-shell orbitals:   7 (   7 )
 Number of external orbitals:     175 ( 175 )

 Integral thresholds in T2TRAN:            1.0D-10 (PROD)

 Available memory for Transformation: 497467824 words
 Memory needed for incore algorithm:   11782801 words
 Minimum memory needed:                 3718915 words

 Memory used for transformation:          16.57 MW
 Available memory for gradients:         482.90 MW

 CPU for transformation:                 160.90 sec
 CPU for integrals and gradient:         115.54 sec
 Total CPU:                              276.44 sec

 Prescreening statistics:
 ========================

 Total number of shell quadruplets:        2.22D+04
 Number of shell quadruplets processed:    2.22D+04 (100.00%)

 CCSD GRADIENT FOR STATE 1.1

 Atom          dE/dx               dE/dy               dE/dz

   1         0.000883137        -0.000167052        -0.000016263
   2         0.000680533         0.000004408         0.000025317
   3        -0.000658560         0.000011760         0.000005525
   4        -0.000181010        -0.000066782         0.000072631
   5        -0.000574468         0.000106647        -0.000000205
   6        -0.000149633         0.000111019        -0.000087005

 Nuclear force contribution to virial =         0.000094333
 Reading points 1 to 3 from record 701.2,  wavefunction type=CCSD            

 Making model hessian for Z-matrix coordinates
 BFGS update of hessian using  2 points

 Entering Rational Function Geometry Optimization

 Optimization point 3

 Variable                      Last           Current        Next           Gradient       Hessian

 E(CCSD) / Hartree        -115.54640627  -115.54641173  -115.54641183
 RCO / ANGSTROM              1.41988831     1.41998401     1.41996019     0.00005653     2.23950986
 ROH / ANGSTROM              0.95781991     0.95777052     0.95775885     0.00002681     2.54203711
 ACOH / DEGREE             108.34780506   108.36163522   108.36183914     0.00000002     0.00007357
 RCH1 / ANGSTROM             1.09222532     1.09270607     1.09295206    -0.00038958     1.68854513
 AOCH1 / DEGREE            111.81409462   111.80228120   111.80167742     0.00000001     0.00007134
 AHH1 / DEGREE              70.61751646    71.01865359    71.02863039     0.00000000     0.00004988
 RCH2 / ANGSTROM             1.08788620     1.08787618     1.08788126    -0.00000799     1.74617975
 AOCH2 / DEGREE            106.86234872   106.89453192   106.89395419     0.00000027     0.00007649
 RCH3 / ANGSTROM             1.09382090     1.09322532     1.09297998     0.00038672     1.67743851
 AOCH3 / DEGREE            111.83286782   111.88191927   111.87390249     0.00000065     0.00007044
 AHH3 / DEGREE             307.91254489   308.33974322   308.35648332    -0.00000031     0.00005039
 Convergence:                0.00000000  (line search)     0.00075441     0.00029566  (total)

 Geometry written to block  4 of record 701

 Running procedure: RUNCCSD


 Recomputing integrals since geometry changed


 PROGRAM * SEWARD (Integral evaluation for generally contracted gaussian basis sets)     Author: Roland Lindh, 1990

 Geometry written to block  4 of record 701

 Orientation using atomic masses  
 Molecule type: Asymmetric top
 Rotational constants:      23.9586304     24.8188531    128.6364074 GHz  (calculated with average atomic masses)

 Point group  C1  



 ATOMIC COORDINATES

 NR  ATOM    CHARGE       X              Y              Z

   1  C       6.00    0.001215014    0.024726988   -1.375758608
   2  O       8.00    0.000958988   -0.121188909    1.303606964
   3  H       1.00   -0.002682865    1.563014484    1.966321550
   4  H1      1.00    1.813471145    0.692708698   -2.107416254
   5  H2      1.00   -0.336261029   -1.877820217   -2.077704485
   6  H3      1.00   -1.504228193    1.251116603   -2.079762856

 Bond lengths in Bohr (Angstrom)

 1-2  2.683335868  1-4  2.065380052  1-5  2.055797646  1-6  2.065432816  2-3  1.809901919
     ( 1.419960191)     ( 1.092952055)     ( 1.087881264)     ( 1.092979977)     ( 0.957758850)

 Bond angles

  1-2-3  108.36183914   2-1-4  111.80167742   2-1-5  106.89395419   2-1-6  111.87390249

  4-1-5  108.80761840   4-1-6  109.07260842   5-1-6  108.26863767

 NUCLEAR CHARGE:                   18
 NUMBER OF PRIMITIVE AOS:         242
 NUMBER OF SYMMETRY AOS:          216
 NUMBER OF CONTRACTIONS:          184   (  184A   )
 NUMBER OF INNER CORE ORBITALS:     0   (    0A   )
 NUMBER OF OUTER CORE ORBITALS:     2   (    2A   )
 NUMBER OF VALENCE ORBITALS:       12   (   12A   )


 NUCLEAR REPULSION ENERGY   40.34557642

 Eigenvalues of metric

         1 0.609E-04 0.745E-04 0.893E-04 0.203E-03 0.412E-03 0.482E-03 0.761E-03 0.781E-03


 Contracted 2-electron integrals neglected if value below      1.0D-11
 AO integral compression algorithm  1   Integral accuracy      1.0D-11

     707.789 MB (compressed) written to integral file ( 52.2%)


 NUMBER OF SORTED TWO-ELECTRON INTEGRALS:  144848710.     BUFFER LENGTH:  32768
 NUMBER OF SEGMENTS:  10  SEGMENT LENGTH:   15999503      RECORD LENGTH: 524288

 Memory used in sort:      16.56 MW

 SORT1 READ   169623812. AND WROTE   143550674. INTEGRALS IN    414 RECORDS. CPU TIME:     1.16 SEC, REAL TIME:     1.76 SEC
 SORT2 READ   143550674. AND WROTE   144848710. INTEGRALS IN   2700 RECORDS. CPU TIME:     1.23 SEC, REAL TIME:     1.70 SEC

 FILE SIZES:   FILE 1:   739.3 MBYTE,  FILE 4:  1736.5 MBYTE,   TOTAL:   2475.8 MBYTE

 OPERATOR DM      FOR CENTER  0  COORDINATES:    0.000000    0.000000    0.000000

 Program * Restricted Hartree-Fock

 Molecular orbitals read from record     2102.2  Type=RHF/CANONICAL (state 1.1)

 NELEC=   18   SYM=1   MS2= 0   THRE=1.0D-09   THRD=1.0D-07   THRG=1.0D-07  HFMA2=F  DIIS_START=2   DIIS_MAX=10   DIIS_INCORE=F

 Level shifts:    0.00 (CLOSED)    0.00 (OPEN)    0.30 (GAP_MIN)

 ITER           ETOT              DE          GRAD        DDIFF     DIIS  NEXP   TIME(IT)  TIME(TOT)  DIAG
   1     -115.09215017    -115.09215017     0.00D+00     0.47D-01     0     0       9.56      9.56    start
   2     -115.09215021      -0.00000004     0.48D-05     0.11D-04     1     0       8.38     17.94    diag
   3     -115.09215021      -0.00000000     0.11D-05     0.20D-05     2     0       9.35     27.29    diag
   4     -115.09215021      -0.00000000     0.29D-06     0.50D-06     3     0       9.47     36.76    diag
   5     -115.09215021      -0.00000000     0.10D-06     0.11D-06     4     0       9.34     46.10    diag
   6     -115.09215021      -0.00000000     0.33D-07     0.42D-07     5     0      10.35     56.45    diag
   7     -115.09215021      -0.00000000     0.87D-08     0.82D-08     0     0       8.89     65.34    diag

 Final occupancy:   9

 !RHF STATE 1.1 Energy               -115.092150212359
  RHF One-electron energy            -236.922846512710
  RHF Two-electron energy              81.485119876462
  RHF Kinetic energy                  114.923583008189
  RHF Nuclear energy                   40.345576423890
  RHF Virial quotient                  -1.001466776442

 !RHF STATE 1.1 Dipole moment          -0.00724320     0.59063878    -0.39103531
 Dipole moment /Debye                  -0.01841037     1.50125403    -0.99391261

 Orbital energies:

           1.1          2.1          3.1          4.1          5.1          6.1          7.1          8.1          9.1         10.1
    -20.558693   -11.271363    -1.358270    -0.926046    -0.691728    -0.620794    -0.593803    -0.503972    -0.451634     0.028499

          11.1
      0.042973


 HOMO      9.1    -0.451634 =     -12.2896eV
 LUMO     10.1     0.028499 =       0.7755eV
 LUMO-HOMO         0.480133 =      13.0651eV

 Orbitals saved in record  2102.2


 **********************************************************************************************************************************
 DATASETS  * FILE   NREC   LENGTH (MB)   RECORD NAMES
              1      20      622.27       500      610      700      701      900      950      970     1001      129      960   
                                          VAR    BASINP    GEOM     GEOM    SYMINP    ZMAT    AOBASIS   BASIS     P2S    ABASIS    
                                         1100     1400     1410     1200     1210     1080     1600     1650     1300     1700   
                                           S        T        V       H0       H01     AOSYM     SMH    MOLCAS    ERIS     OPER   

              2      12        3.69       700     1000      520     2100      200     2101     8500     9001      701     1001   
                                         GEOM     BASIS   MCVARS     RHF    OPTIONS    RHF     CPHF    DEN_MP2   GEOM     BASIS   
                                         2102     9001(1)
                                          RHF    DEN_MP2    

 PROGRAMS   *        TOTAL    HF-SCF      CCSD    HF-SCF      CCSD    HF-SCF      CCSD    HF-SCF       INT      CCSD    HF-SCF
 CPU TIMES  *     21620.93     86.82    796.75     95.89    787.09    112.28    841.21    100.94     21.31    352.28     18.94
 REAL TIME  *      3110.39 SEC
 DISK USED  *         2.31 GB
 **********************************************************************************************************************************


 PROGRAM * CCSD (Closed-shell coupled cluster)     Authors: C. Hampel, H.-J. Werner, 1991, M. Deegan, P.J. Knowles, 1992


 Convergence thresholds:  THRVAR = 1.00D-12  THRDEN = 1.00D-08

 Using ITF CCSD gradient implementation

 Number of core orbitals:           2 (   2 )
 Number of closed-shell orbitals:   7 (   7 )
 Number of external orbitals:     175 ( 175 )

 Molecular orbitals read from record     2102.2  Type=RHF/CANONICAL (state 1.1)

 Integral transformation finished. Total CPU:  22.07 sec, npass=  1  Memory used:  27.38 MW
  Reference energy                   -115.092150212359

  MP2 correlation energy               -0.436729559887
  MP2 total energy                   -115.528879772246

 ITER.      SQ.NORM     CORR.ENERGY   TOTAL ENERGY   ENERGY CHANGE        DEN1      VAR(S)    VAR(P)  DIIS     TIME
   1      1.12037564    -0.45318050  -115.54533071    -0.01645094    -0.00559142  1.69e-03  1.94e-03  1  1    23.08
   2      1.12836555    -0.45416446  -115.54631467    -0.00098396    -0.00936267  4.22e-05  2.69e-04  2  2    47.09
   3      1.13074770    -0.45428337  -115.54643358    -0.00011891    -0.00140676  4.44e-06  3.49e-05  3  3    72.56
   4      1.13199440    -0.45428610  -115.54643632    -0.00000273    -0.00092404  1.40e-07  3.37e-06  4  4   100.10
   5      1.13229635    -0.45426546  -115.54641567     0.00002065    -0.00019144  1.83e-08  3.18e-07  5  5   124.20
   6      1.13237537    -0.45426297  -115.54641318     0.00000249    -0.00004910  3.46e-10  1.44e-08  6  0   147.89
   7      1.13238351    -0.45426180  -115.54641202     0.00000116    -0.00000617  6.14e-11  1.04e-09  6  1   170.73
   8      1.13238370    -0.45426166  -115.54641187     0.00000014    -0.00000046  4.14e-12  1.04e-10  6  2   192.92
   9      1.13238362    -0.45426164  -115.54641186     0.00000002     0.00000001  1.65e-13  1.10e-11  6  3   215.79
  10      1.13238368    -0.45426164  -115.54641185     0.00000000    -0.00000004  2.87e-14  7.47e-13         238.35

 Norm of t1 vector:      0.05243840     S-energy:      0.00000000   T1 diagnostic:  0.00990993

 Time per iteration:                     23.84 sec

 RESULTS
 =======

  Reference energy                   -115.092150212359
  CCSD correlation energy              -0.454261640413
 !CCSD total energy                  -115.546411852772

 Starting CP-CCSD iterations.   Author: W. Gyorffy (2012)

 ITER.      NRM1           NRM2      VAR(S)+VAR(P)   DIIS    TIME
   1     0.00162318     0.38315036     5.25e-04      1  1   25.49
   2     0.00147249     0.37935531     3.80e-05      2  2   52.61
   3     0.00136843     0.37887410     4.70e-06      3  3   77.24
   4     0.00131880     0.37848375     8.89e-07      4  4  102.08
   5     0.00129136     0.37838996     9.11e-08      5  5  128.78
   6     0.00128113     0.37835680     9.18e-09      6  0  155.68
   7     0.00127840     0.37835296     1.10e-09      6  1  182.10
   8     0.00127768     0.37835172     1.42e-10      6  2  208.05
   9     0.00127755     0.37835160     1.92e-11      6  3  235.68
  10     0.00127751     0.37835154     2.50e-12      6  4  264.07
  11     0.00127752     0.37835153     2.90e-13            290.28


 Time per iteration:                     26.39 sec


 CPHF trial vector read from record  8500.2

 Starting Coupled-perturbed Hartree-Fock, convergence threshold= 1.0D-06

 ITER   MIC  DIIS      VAR         VARC       CPU
   1     0     1    0.11D-03    0.63D-05     9.13
   2     3     2    0.53D-06    0.17D-06    18.56

 CPHF convergence reached in  2 macroiterations and    3 microiterations.   Accuracy: 5.3384D-07

 CPHF solution written to record  8500.2

 Dipole moments (unrelaxed):           -0.00787486     0.55351126    -0.36549432
 Orbital relaxation contribution:       0.00010285     0.00433007    -0.00311030
 !CCSD STATE 1.1 Dipole moment         -0.00777201     0.55784133    -0.36860462
 Dipole moment /Debye                  -0.01975447     1.41789123    -0.93689950

 CPU-time for coupled-perturbed hartree-fock:         18.61 sec

 Number of N-1 electron functions:               7
 Number of N-2 electron functions:              28
 Number of singly external CSFs:              1225
 Number of doubly external CSFs:            750925
 Total number of CSFs:                      752151

 CCSD gradient info saved on record        55555.1




 **********************************************************************************************************************************
 DATASETS  * FILE   NREC   LENGTH (MB)   RECORD NAMES
              1      22      858.27       500      610      700      701      900      950      970     1001      129      960   
                                          VAR    BASINP    GEOM     GEOM    SYMINP    ZMAT    AOBASIS   BASIS     P2S    ABASIS    
                                         1100     1400     1410     1200     1210     1080     1600     1650     1300     1700   
                                           S        T        V       H0       H01     AOSYM     SMH    MOLCAS    ERIS     OPER   
                                         1380    55555   
                                         JKOP     CCSD   

              2      12        3.69       700     1000      520     2100      200     2101     8500     9001      701     1001   
                                         GEOM     BASIS   MCVARS     RHF    OPTIONS    RHF     CPHF    DEN_MP2   GEOM     BASIS   
                                         2102     9001(1)
                                          RHF    DEN_MP2    

 PROGRAMS   *        TOTAL      CCSD    HF-SCF      CCSD    HF-SCF      CCSD    HF-SCF      CCSD    HF-SCF       INT      CCSD
 CPU TIMES  *     22412.54    791.59     86.82    796.75     95.89    787.09    112.28    841.21    100.94     21.31    352.28
 REAL TIME  *      3218.41 SEC
 DISK USED  *         2.31 GB
 **********************************************************************************************************************************

 Current geometry (xyz format, in Angstrom)


 Dump information in style XYZ to ch3oh_maxima_mp2_3.xyz                                                          

    6
 CCSD/AUG-CC-PVTZ  OPTSTEP=3  ENERGY=-115.54641185
 C          0.0006429576        0.0130849584       -0.7280201029
 O          0.0005074747       -0.0641304089        0.6898390975
 H         -0.0014197112        0.8271116455        1.0405325536
 H          0.9596476023        0.3665656570       -1.1151966553
 H         -0.1779416735       -0.9936996650       -1.0994738645
 H         -0.7960032796        0.6620623942       -1.1005631076

 **********************************************************************************************************************************

 PROGRESS OF GEOMETRY OPTIMIZATION.    TOTAL CPU:      4469.2 SEC
   1  -115.54623940  -115.54640627    -0.00016687  0.00417153  0.00651344  0.00196388  0.03490659  0.04941426  0.00449221
   2  -115.54640627  -115.54641173    -0.00000545  0.00072017  0.00119150  0.00035925  0.00745602  0.01038708  0.00094428
   3  -115.54641173  -115.54641185    -0.00000013  0.00020615  0.00029566  0.00008914  0.00046484  0.00075441  0.00006858

 **********************************************************************************************************************************

 Current geometry (xyz format, in Angstrom)


 Dump information in style XYZ to ch3oh_maxima_mp2.xyz                                                            

    6
 CCSD/AUG-CC-PVTZ  ENERGY=-115.54641185
 C          0.0006429576        0.0130849584       -0.7280201029
 O          0.0005074747       -0.0641304089        0.6898390975
 H         -0.0014197112        0.8271116455        1.0405325536
 H          0.9596476023        0.3665656570       -1.1151966553
 H         -0.1779416735       -0.9936996650       -1.0994738645
 H         -0.7960032796        0.6620623942       -1.1005631076

 **********************************************************************************************************************************

 Current variables
 RCO=                 1.41996019 ANGSTROM
 ROH=                 0.95775885 ANGSTROM
 ACOH=              108.36183914 DEGREE
 RCH1=                1.09295206 ANGSTROM
 AOCH1=             111.80167742 DEGREE
 AHH1=               71.02863039 DEGREE
 RCH2=                1.08788126 ANGSTROM
 AOCH2=             106.89395419 DEGREE
 RCH3=                1.09297998 ANGSTROM
 AOCH3=             111.87390249 DEGREE
 AHH3=              308.35648332 DEGREE

 **********************************************************************************************************************************

 Recomputing wavefunction for reoriented structure

 Running procedure: RUNCCSD


 Program * Restricted Hartree-Fock

 Molecular orbitals read from record     2102.2  Type=RHF/CANONICAL (state 1.1)

 NELEC=   18   SYM=1   MS2= 0   THRE=1.0D-09   THRD=1.0D-07   THRG=1.0D-07  HFMA2=F  DIIS_START=2   DIIS_MAX=10   DIIS_INCORE=F

 Level shifts:    0.00 (CLOSED)    0.00 (OPEN)    0.30 (GAP_MIN)

 ITER           ETOT              DE          GRAD        DDIFF     DIIS  NEXP   TIME(IT)  TIME(TOT)  DIAG
   1     -115.09215021    -115.09215021     0.00D+00     0.47D-01     0     0      10.95     10.97    start
   2     -115.09215021       0.00000000     0.43D-08     0.38D-08     1     0       9.39     20.36    diag

 Final occupancy:   9

 !RHF STATE 1.1 Energy               -115.092150212359
  RHF One-electron energy            -236.922846948098
  RHF Two-electron energy              81.485120311849
  RHF Kinetic energy                  114.923583502503
  RHF Nuclear energy                   40.345576423890
  RHF Virial quotient                  -1.001466772134

 !RHF STATE 1.1 Dipole moment          -0.00724316     0.59063887    -0.39103543
 Dipole moment /Debye                  -0.01841027     1.50125427    -0.99391292

 Orbital energies:

           1.1          2.1          3.1          4.1          5.1          6.1          7.1          8.1          9.1         10.1
    -20.558693   -11.271363    -1.358270    -0.926046    -0.691728    -0.620794    -0.593803    -0.503972    -0.451634     0.028499

          11.1
      0.042973


 HOMO      9.1    -0.451634 =     -12.2896eV
 LUMO     10.1     0.028499 =       0.7755eV
 LUMO-HOMO         0.480133 =      13.0651eV

 Orbitals saved in record  2102.2


 **********************************************************************************************************************************
 DATASETS  * FILE   NREC   LENGTH (MB)   RECORD NAMES
              1      22      858.27       500      610      700      701      900      950      970     1001      129      960   
                                          VAR    BASINP    GEOM     GEOM    SYMINP    ZMAT    AOBASIS   BASIS     P2S    ABASIS    
                                         1100     1400     1410     1200     1210     1080     1600     1650     1300     1700   
                                           S        T        V       H0       H01     AOSYM     SMH    MOLCAS    ERIS     OPER   
                                         1380    55555   
                                         JKOP     CCSD   

              2      12        3.69       700     1000      520     2100      200     2101     8500     9001      701     1001   
                                         GEOM     BASIS   MCVARS     RHF    OPTIONS    RHF     CPHF    DEN_MP2   GEOM     BASIS   
                                         2102     9001(1)
                                          RHF    DEN_MP2    

 PROGRAMS   *        TOTAL    HF-SCF      CCSD    HF-SCF      CCSD    HF-SCF      CCSD    HF-SCF      CCSD    HF-SCF       INT
 CPU TIMES  *     22432.96     20.41    791.59     86.82    796.75     95.89    787.09    112.28    841.21    100.94     21.31
 REAL TIME  *      3221.78 SEC
 DISK USED  *         2.31 GB
 **********************************************************************************************************************************


 PROGRAM * CCSD (Closed-shell coupled cluster)     Authors: C. Hampel, H.-J. Werner, 1991, M. Deegan, P.J. Knowles, 1992


 Convergence thresholds:  THRVAR = 1.00D-12  THRDEN = 1.00D-08

 Number of core orbitals:           2 (   2 )
 Number of closed-shell orbitals:   7 (   7 )
 Number of external orbitals:     175 ( 175 )

 Molecular orbitals read from record     2102.2  Type=RHF/CANONICAL (state 1.1)

 Number of N-1 electron functions:               7
 Number of N-2 electron functions:              28
 Number of singly external CSFs:              1225
 Number of doubly external CSFs:            750925
 Total number of CSFs:                      752151

 Length of J-op  integral file:               0.00 MB
 Length of K-op  integral file:               2.36 MB
 Length of 3-ext integral record:             0.00 MB

 Integral transformation finished. Total CPU:  22.65 sec, npass=  1  Memory used:  27.38 MW

 Reference energy:                   -115.09215021

 MP2 singlet pair energy:              -0.28674461
 MP2 triplet pair energy:              -0.14998495
 MP2 correlation energy:               -0.43672956
 MP2 total energy:                   -115.52887978

 SCS-MP2 correlation energy:           -0.43741750   (PS=  1.200000  PT=  0.333333)
 SCS-MP2 total energy:               -115.52956771

 ITER.      SQ.NORM     CORR.ENERGY   TOTAL ENERGY   ENERGY CHANGE        DEN1      VAR(S)    VAR(P)  DIIS     TIME  TIME/IT
   1      1.12025778    -0.45309935  -115.54524956    -0.01636978    -0.00559834  0.16D-02  0.19D-02  1  1    49.44     3.15
   2      1.12852070    -0.45419177  -115.54634198    -0.00109242    -0.00965284  0.20D-04  0.25D-03  2  2    74.01     3.05
   3      1.13137981    -0.45427992  -115.54643013    -0.00008815    -0.00185039  0.16D-04  0.11D-04  3  3    98.68     3.00
   4      1.13215343    -0.45426509  -115.54641530     0.00001483    -0.00036618  0.93D-06  0.12D-05  4  4   123.37     3.00
   5      1.13232275    -0.45426651  -115.54641673    -0.00000142    -0.00005323  0.23D-06  0.10D-06  5  5   150.25     3.05
   6      1.13236972    -0.45426273  -115.54641294     0.00000378    -0.00000991  0.37D-07  0.98D-08  6  6   174.67     3.03
   7      1.13238011    -0.45426178  -115.54641199     0.00000095    -0.00000152  0.49D-08  0.21D-08  6  2   197.45     3.00
   8      1.13238270    -0.45426169  -115.54641190     0.00000009    -0.00000001  0.81D-09  0.27D-09  6  1   225.43     3.03
   9      1.13238375    -0.45426161  -115.54641183     0.00000007     0.00000019  0.74D-10  0.29D-10  6  3   250.85     3.05
  10      1.13238393    -0.45426161  -115.54641183    -0.00000000     0.00000001  0.11D-10  0.41D-11  6  4   276.12     3.05
  11      1.13238378    -0.45426164  -115.54641185    -0.00000002     0.00000011  0.14D-11  0.71D-12  6  6   300.14     3.03
  12      1.13238374    -0.45426164  -115.54641185    -0.00000000     0.00000002  0.19D-12  0.63D-13  6  5   324.52     3.03
  13      1.13238371    -0.45426164  -115.54641185    -0.00000000     0.00000001  0.20D-13  0.95D-14  6  1   350.45     3.03

 Norm of t1 vector:      0.05243858      S-energy:     0.00000000      T1 diagnostic:  0.00990996
                                                                       D1 diagnostic:  0.02318047
                                                                       D2 diagnostic:  0.13787321 (internal)


 RESULTS
 =======

  Reference energy                   -115.092150212359
  CCSD singlet pair energy             -0.318126113634
  CCSD triplet pair energy             -0.136135528294
  CCSD correlation energy              -0.454261641042

 !CCSD total energy                  -115.546411853401

 Timing summary (sec):

 STEP                 CPU(USER)    SYS     CPU(TOT)    WALL
 Transformation         23.11      0.86     23.97      3.40
 CCSD iterations       328.01      6.93    334.94     39.51

 Program statistics:

 Available memory in ccsd:               499998879
 Min. memory needed in ccsd:               2385617
 Max. memory used in ccsd:                 3007350
 Max. memory used in cckext:               2165242 (13 integral passes)



 **********************************************************************************************************************************
 DATASETS  * FILE   NREC   LENGTH (MB)   RECORD NAMES
              1      22      858.27       500      610      700      701      900      950      970     1001      129      960   
                                          VAR    BASINP    GEOM     GEOM    SYMINP    ZMAT    AOBASIS   BASIS     P2S    ABASIS    
                                         1100     1400     1410     1200     1210     1080     1600     1650     1300     1700   
                                           S        T        V       H0       H01     AOSYM     SMH    MOLCAS    ERIS     OPER   
                                         1380    55555   
                                         JKOP     CCSD   

              2      12        3.69       700     1000      520     2100      200     2101     8500     9001      701     1001   
                                         GEOM     BASIS   MCVARS     RHF    OPTIONS    RHF     CPHF    DEN_MP2   GEOM     BASIS   
                                         2102     9001(1)
                                          RHF    DEN_MP2    

 PROGRAMS   *        TOTAL      CCSD    HF-SCF      CCSD    HF-SCF      CCSD    HF-SCF      CCSD    HF-SCF      CCSD    HF-SCF
 CPU TIMES  *     22784.12    351.15     20.41    791.59     86.82    796.75     95.89    787.09    112.28    841.21    100.94
 REAL TIME  *      3264.75 SEC
 DISK USED  *         2.31 GB
 **********************************************************************************************************************************

 PROGRAM * ALASKA (Gradient of the energy)     Author: R. Lindh


 CCSD Gradient info restored from record   55555.1

 Number of core orbitals:           2 (   2 )
 Number of closed-shell orbitals:   7 (   7 )
 Number of external orbitals:     175 ( 175 )

 Integral thresholds in T2TRAN:            1.0D-10 (PROD)

 Available memory for Transformation: 497467824 words
 Memory needed for incore algorithm:   11782801 words
 Minimum memory needed:                 3718915 words

 Memory used for transformation:          16.57 MW
 Available memory for gradients:         482.90 MW

 CPU for transformation:                 159.66 sec
 CPU for integrals and gradient:         115.24 sec
 Total CPU:                              274.90 sec

 Prescreening statistics:
 ========================

 Total number of shell quadruplets:        2.22D+04
 Number of shell quadruplets processed:    2.22D+04 (100.00%)

 CCSD GRADIENT FOR STATE 1.1

 Atom          dE/dx               dE/dy               dE/dz

   1         0.005152263        -0.000690012        -0.000079646
   2         0.000471547         0.000024381        -0.000034379
   3        -0.000667221        -0.000023303        -0.000012233
   4         0.000119723         0.002274047         0.000759751
   5        -0.004678667         0.000749828         0.000129897
   6        -0.000397646        -0.002334940        -0.000763391

 Nuclear force contribution to virial =        -0.000249654
 Reading points 1 to 1 from record 701.2,  wavefunction type=CCSD            

 Making model hessian for Z-matrix coordinates
 No hessian update for point  1

 Entering Rational Function Geometry Optimization

 Optimization point 1

 Variable                      Last           Current        Next           Gradient       Hessian

 E(CCSD) / Hartree           0.00000000  -115.54618411  -115.54636974
 RCO / ANGSTROM              0.00000000     1.41996019     1.41999435    -0.00008818     2.23674139
 ROH / ANGSTROM              0.00000000     0.95775885     0.95775972     0.00002613     2.54241917
 ACOH / DEGREE               0.00000000   108.36183914   108.35958255    -0.00000052     0.00007355
 RCH1 / ANGSTROM             0.00000000     1.09295206     1.09220223     0.00130537     1.71517665
 AOCH1 / DEGREE              0.00000000   111.80167742   111.78542006    -0.00003466     0.00006989
 AHH1 / DEGREE               0.00000000    71.02863039    73.02863039    -0.00006989     0.00004801
 RCH2 / ANGSTROM             0.00000000     1.08788126     1.08792941    -0.00009283     1.74611600
 AOCH2 / DEGREE              0.00000000   106.89395419   106.91253474    -0.00000276     0.00007514
 RCH3 / ANGSTROM             0.00000000     1.09297998     1.09376228    -0.00134969     1.71491908
 AOCH3 / DEGREE              0.00000000   111.87390249   111.82903389     0.00003507     0.00006860
 AHH3 / DEGREE               0.00000000   308.35648332   310.35648332    -0.00007281     0.00004930
 Convergence:                0.00000000  (line search)     0.04941605     0.00651440  (total)

 Geometry written to block  2 of record 701

 Running procedure: RUNCCSD


 Recomputing integrals since geometry changed


 PROGRAM * SEWARD (Integral evaluation for generally contracted gaussian basis sets)     Author: Roland Lindh, 1990

 Geometry written to block  2 of record 701

 Orientation using atomic masses  
 Molecule type: Asymmetric top
 Rotational constants:      23.9635516     24.8153296    128.6077738 GHz  (calculated with average atomic masses)

 Point group  C1  



 ATOMIC COORDINATES

 NR  ATOM    CHARGE       X              Y              Z

   1  C       6.00    0.002624676    0.024399794   -1.375844782
   2  O       8.00    0.001880044   -0.121199135    1.303602588
   3  H       1.00   -0.016060736    1.563023213    1.966040601
   4  H1      1.00    1.830038530    0.643459869   -2.108829651
   5  H2      1.00   -0.403037449   -1.864958085   -2.077587674
   6  H3      1.00   -1.472059630    1.291555860   -2.077088973

 Bond lengths in Bohr (Angstrom)

 1-2  2.683400420  1-4  2.063963078  1-5  2.055888625  1-6  2.066911153  2-3  1.809903564
     ( 1.419994350)     ( 1.092202225)     ( 1.087929409)     ( 1.093762279)     ( 0.957759720)

 Bond angles

  1-2-3  108.35958255   2-1-4  111.78542006   2-1-5  106.91253474   2-1-6  111.82903389

  4-1-5  109.21571454   4-1-6  109.10697310   5-1-6  107.86786826

 NUCLEAR CHARGE:                   18
 NUMBER OF PRIMITIVE AOS:         242
 NUMBER OF SYMMETRY AOS:          216
 NUMBER OF CONTRACTIONS:          184   (  184A   )
 NUMBER OF INNER CORE ORBITALS:     0   (    0A   )
 NUMBER OF OUTER CORE ORBITALS:     2   (    2A   )
 NUMBER OF VALENCE ORBITALS:       12   (   12A   )


 NUCLEAR REPULSION ENERGY   40.34537685

 Eigenvalues of metric

         1 0.610E-04 0.746E-04 0.893E-04 0.203E-03 0.412E-03 0.481E-03 0.761E-03 0.781E-03


 Contracted 2-electron integrals neglected if value below      1.0D-11
 AO integral compression algorithm  1   Integral accuracy      1.0D-11

     711.459 MB (compressed) written to integral file ( 52.4%)


 NUMBER OF SORTED TWO-ELECTRON INTEGRALS:  144848710.     BUFFER LENGTH:  32768
 NUMBER OF SEGMENTS:  10  SEGMENT LENGTH:   15999503      RECORD LENGTH: 524288

 Memory used in sort:      16.56 MW

 SORT1 READ   169623812. AND WROTE   143574459. INTEGRALS IN    414 RECORDS. CPU TIME:     1.15 SEC, REAL TIME:     1.76 SEC
 SORT2 READ   143574459. AND WROTE   144848710. INTEGRALS IN   2714 RECORDS. CPU TIME:     1.24 SEC, REAL TIME:     1.69 SEC

 FILE SIZES:   FILE 1:   743.0 MBYTE,  FILE 4:  1736.5 MBYTE,   TOTAL:   2479.5 MBYTE

 OPERATOR DM      FOR CENTER  0  COORDINATES:    0.000000    0.000000    0.000000

 Program * Restricted Hartree-Fock

 Molecular orbitals read from record     2102.2  Type=RHF/CANONICAL (state 1.1)

 NELEC=   18   SYM=1   MS2= 0   THRE=1.0D-09   THRD=1.0D-06   THRG=1.0D-06  HFMA2=F  DIIS_START=2   DIIS_MAX=10   DIIS_INCORE=F

 Level shifts:    0.00 (CLOSED)    0.00 (OPEN)    0.30 (GAP_MIN)

 ITER           ETOT              DE          GRAD        DDIFF     DIIS  NEXP   TIME(IT)  TIME(TOT)  DIAG
   1     -115.08948283    -115.08948283     0.00D+00     0.47D-01     0     0       9.40      9.40    start
   2     -115.09174332      -0.00226050     0.10D-02     0.11D-02     1     0       9.44     18.84    diag
   3     -115.09206041      -0.00031709     0.28D-03     0.32D-03     2     0       9.48     28.32    diag
   4     -115.09208141      -0.00002100     0.64D-04     0.10D-03     3     0       9.12     37.44    diag
   5     -115.09208192      -0.00000051     0.13D-04     0.16D-04     4     0       9.11     46.55    diag
   6     -115.09208201      -0.00000009     0.57D-05     0.58D-05     5     0       9.37     55.92    diag
   7     -115.09208203      -0.00000001     0.18D-05     0.21D-05     6     0       9.41     65.33    diag
   8     -115.09208203      -0.00000000     0.59D-06     0.79D-06     7     0       9.11     74.44    fixocc
   9     -115.09208203      -0.00000000     0.14D-06     0.22D-06     8     0       9.04     83.48    diag
  10     -115.09208203      -0.00000000     0.24D-07     0.35D-07     0     0       9.41     92.89    diag/orth

 Final occupancy:   9

 !RHF STATE 1.1 Energy               -115.092082027918
  RHF One-electron energy            -236.922738983798
  RHF Two-electron energy              81.485280110696
  RHF Kinetic energy                  114.923564275808
  RHF Nuclear energy                   40.345376845183
  RHF Virial quotient                  -1.001466346377

 !RHF STATE 1.1 Dipole moment          -0.01339141     0.59129414    -0.39119911
 Dipole moment /Debye                  -0.03403756     1.50291979    -0.99432895

 Orbital energies:

           1.1          2.1          3.1          4.1          5.1          6.1          7.1          8.1          9.1         10.1
    -20.558629   -11.271373    -1.358233    -0.926014    -0.691650    -0.621108    -0.593655    -0.503678    -0.451749     0.028489

          11.1
      0.042982


 HOMO      9.1    -0.451749 =     -12.2927eV
 LUMO     10.1     0.028489 =       0.7752eV
 LUMO-HOMO         0.480238 =      13.0680eV

 Orbitals saved in record  2102.2


 **********************************************************************************************************************************
 DATASETS  * FILE   NREC   LENGTH (MB)   RECORD NAMES
              1      20      625.16       500      610      700      701      900      950      970     1001      129      960   
                                          VAR    BASINP    GEOM     GEOM    SYMINP    ZMAT    AOBASIS   BASIS     P2S    ABASIS    
                                         1100     1400     1410     1200     1210     1080     1600     1650     1300     1700   
                                           S        T        V       H0       H01     AOSYM     SMH    MOLCAS    ERIS     OPER   

              2      12        3.69       700     1000      520     2100      200     2101     8500     9001      701     1001   
                                         GEOM     BASIS   MCVARS     RHF    OPTIONS    RHF     CPHF    DEN_MP2   GEOM     BASIS   
                                         2102     9001(1)
                                          RHF    DEN_MP2    

 PROGRAMS   *        TOTAL    HF-SCF      CCSD    HF-SCF       INT      CCSD    HF-SCF      CCSD    HF-SCF      CCSD    HF-SCF
 CPU TIMES  *     24117.13    115.42    818.81    100.55     22.22    351.15     20.41    791.59     86.82    796.75     95.89
 REAL TIME  *      3471.82 SEC
 DISK USED  *         2.31 GB
 **********************************************************************************************************************************


 PROGRAM * CCSD (Closed-shell coupled cluster)     Authors: C. Hampel, H.-J. Werner, 1991, M. Deegan, P.J. Knowles, 1992


 Convergence thresholds:  THRVAR = 1.00D-12  THRDEN = 1.00D-08

 Using ITF CCSD gradient implementation

 Number of core orbitals:           2 (   2 )
 Number of closed-shell orbitals:   7 (   7 )
 Number of external orbitals:     175 ( 175 )

 Molecular orbitals read from record     2102.2  Type=RHF/CANONICAL (state 1.1)

 Integral transformation finished. Total CPU:  22.57 sec, npass=  1  Memory used:  27.38 MW
  Reference energy                   -115.092082027918

  MP2 correlation energy               -0.436736354938
  MP2 total energy                   -115.528818382856

 ITER.      SQ.NORM     CORR.ENERGY   TOTAL ENERGY   ENERGY CHANGE        DEN1      VAR(S)    VAR(P)  DIIS     TIME
   1      1.12037951    -0.45318773  -115.54526976    -0.01645138    -0.00559145  1.69e-03  1.94e-03  1  1    24.35
   2      1.12837066    -0.45417196  -115.54625399    -0.00098423    -0.00936300  4.22e-05  2.70e-04  2  2    47.48
   3      1.13075367    -0.45429089  -115.54637292    -0.00011893    -0.00140697  4.44e-06  3.49e-05  3  3    69.88
   4      1.13200090    -0.45429365  -115.54637567    -0.00000276    -0.00092415  1.41e-07  3.37e-06  4  4    92.25
   5      1.13230301    -0.45427300  -115.54635502     0.00002065    -0.00019147  1.83e-08  3.19e-07  5  5   115.10
   6      1.13238210    -0.45427051  -115.54635253     0.00000249    -0.00004912  3.48e-10  1.44e-08  6  0   138.84
   7      1.13239025    -0.45426934  -115.54635137     0.00000116    -0.00000618  6.15e-11  1.04e-09  6  1   162.76
   8      1.13239045    -0.45426920  -115.54635123     0.00000014    -0.00000046  4.15e-12  1.04e-10  6  2   185.91
   9      1.13239037    -0.45426918  -115.54635121     0.00000002     0.00000001  1.66e-13  1.10e-11  6  3   208.73
  10      1.13239042    -0.45426918  -115.54635121     0.00000000    -0.00000004  2.88e-14  7.48e-13         232.28

 Norm of t1 vector:      0.05245544     S-energy:      0.00000001   T1 diagnostic:  0.00991315

 Time per iteration:                     23.23 sec

 RESULTS
 =======

  Reference energy                   -115.092082027918
  CCSD correlation energy              -0.454269177524
 !CCSD total energy                  -115.546351205442

 Starting CP-CCSD iterations.   Author: W. Gyorffy (2012)

 ITER.      NRM1           NRM2      VAR(S)+VAR(P)   DIIS    TIME
   1     0.00162427     0.38316235     5.25e-04      1  1   24.77
   2     0.00147348     0.37936608     3.80e-05      2  2   50.99
   3     0.00136931     0.37888470     4.71e-06      3  3   76.75
   4     0.00131960     0.37849410     8.91e-07      4  4  101.52
   5     0.00129211     0.37840019     9.15e-08      5  5  127.67
   6     0.00128185     0.37836697     9.22e-09      6  0  154.37
   7     0.00127911     0.37836311     1.10e-09      6  1  179.59
   8     0.00127839     0.37836186     1.43e-10      6  2  204.93
   9     0.00127826     0.37836174     1.92e-11      6  3  231.96
  10     0.00127822     0.37836169     2.51e-12      6  4  257.54
  11     0.00127823     0.37836168     2.93e-13            282.15


 Time per iteration:                     25.65 sec


 CPHF trial vector read from record  8500.2

 Starting Coupled-perturbed Hartree-Fock, convergence threshold= 1.0D-06

 ITER   MIC  DIIS      VAR         VARC       CPU
   1     0     1    0.30D-01    0.74D-03     9.29
   2     3     2    0.22D-04    0.16D-04    18.43
   3     3     3    0.90D-06    0.28D-06    27.76

 CPHF convergence reached in  3 macroiterations and    6 microiterations.   Accuracy: 8.9927D-07

 CPHF solution written to record  8500.2

 Dipole moments (unrelaxed):           -0.01404252     0.55423986    -0.36568524
 Orbital relaxation contribution:       0.00013077     0.00431789    -0.00310756
 !CCSD STATE 1.1 Dipole moment         -0.01391174     0.55855775    -0.36879281
 Dipole moment /Debye                  -0.03536012     1.41971219    -0.93737781

 CPU-time for coupled-perturbed hartree-fock:         27.81 sec

 Number of N-1 electron functions:               7
 Number of N-2 electron functions:              28
 Number of singly external CSFs:              1225
 Number of doubly external CSFs:            750925
 Total number of CSFs:                      752151

 CCSD gradient info saved on record        55555.1




 **********************************************************************************************************************************
 DATASETS  * FILE   NREC   LENGTH (MB)   RECORD NAMES
              1      22      861.16       500      610      700      701      900      950      970     1001      129      960   
                                          VAR    BASINP    GEOM     GEOM    SYMINP    ZMAT    AOBASIS   BASIS     P2S    ABASIS    
                                         1100     1400     1410     1200     1210     1080     1600     1650     1300     1700   
                                           S        T        V       H0       H01     AOSYM     SMH    MOLCAS    ERIS     OPER   
                                         1380    55555   
                                         JKOP     CCSD   

              2      12        3.69       700     1000      520     2100      200     2101     8500     9001      701     1001   
                                         GEOM     BASIS   MCVARS     RHF    OPTIONS    RHF     CPHF    DEN_MP2   GEOM     BASIS   
                                         2102     9001(1)
                                          RHF    DEN_MP2    

 PROGRAMS   *        TOTAL      CCSD    HF-SCF      CCSD    HF-SCF       INT      CCSD    HF-SCF      CCSD    HF-SCF      CCSD
 CPU TIMES  *     24904.38    787.23    115.42    818.81    100.55     22.22    351.15     20.41    791.59     86.82    796.75
 REAL TIME  *      3579.16 SEC
 DISK USED  *         2.31 GB
 **********************************************************************************************************************************

 Current geometry (xyz format, in Angstrom)


 Dump information in style XYZ to ch3oh_maxima_mp2_1.xyz                                                          

    6
 CCSD/AUG-CC-PVTZ  OPTSTEP=1  ENERGY=-115.54635121
 C          0.0013889190        0.0129118148       -0.7280657044
 O          0.0009948766       -0.0641358203        0.6898367818
 H         -0.0084989753        0.8271162645        1.0403838818
 H          0.9684146851        0.3405042990       -1.1159445931
 H         -0.2132782329       -0.9868933178       -1.0994120509
 H         -0.7789804091        0.6834619280       -1.0991481497

 **********************************************************************************************************************************

 PROGRESS OF GEOMETRY OPTIMIZATION.    TOTAL CPU:      2120.3 SEC
   1  -115.54618411  -115.54635121    -0.00016709  0.00417142  0.00651440  0.00196417  0.03490659  0.04941605  0.00449237

 **********************************************************************************************************************************

 Current geometry (xyz format, in Angstrom)


 Dump information in style XYZ to ch3oh_maxima_mp2.xyz                                                            

    6
 CCSD/AUG-CC-PVTZ  ENERGY=-115.54635121
 C          0.0013889190        0.0129118148       -0.7280657044
 O          0.0009948766       -0.0641358203        0.6898367818
 H         -0.0084989753        0.8271162645        1.0403838818
 H          0.9684146851        0.3405042990       -1.1159445931
 H         -0.2132782329       -0.9868933178       -1.0994120509
 H         -0.7789804091        0.6834619280       -1.0991481497

 **********************************************************************************************************************************

 Current variables
 RCO=                 1.41999435 ANGSTROM
 ROH=                 0.95775972 ANGSTROM
 ACOH=              108.35958255 DEGREE
 RCH1=                1.09220223 ANGSTROM
 AOCH1=             111.78542006 DEGREE
 AHH1=               73.02863039 DEGREE
 RCH2=                1.08792941 ANGSTROM
 AOCH2=             106.91253474 DEGREE
 RCH3=                1.09376228 ANGSTROM
 AOCH3=             111.82903389 DEGREE
 AHH3=              310.35648332 DEGREE

 **********************************************************************************************************************************

 PROGRAM * ALASKA (Gradient of the energy)     Author: R. Lindh


 CCSD Gradient info restored from record   55555.1

 Number of core orbitals:           2 (   2 )
 Number of closed-shell orbitals:   7 (   7 )
 Number of external orbitals:     175 ( 175 )

 Integral thresholds in T2TRAN:            1.0D-10 (PROD)

 Available memory for Transformation: 497467824 words
 Memory needed for incore algorithm:   11782801 words
 Minimum memory needed:                 3718915 words

 Memory used for transformation:          16.57 MW
 Available memory for gradients:         482.90 MW

 CPU for transformation:                 161.77 sec
 CPU for integrals and gradient:         116.61 sec
 Total CPU:                              278.38 sec

 Prescreening statistics:
 ========================

 Total number of shell quadruplets:        2.22D+04
 Number of shell quadruplets processed:    2.22D+04 (100.00%)

 CCSD GRADIENT FOR STATE 1.1

 Atom          dE/dx               dE/dy               dE/dz

   1         0.002323999        -0.000443190        -0.000045024
   2         0.000713445        -0.000058581        -0.000109682
   3        -0.000786684         0.000067941        -0.000008612
   4        -0.000352333         0.000198594         0.000311703
   5        -0.001342005         0.000265439         0.000078634
   6        -0.000556422        -0.000030204        -0.000227019

 Nuclear force contribution to virial =        -0.000015644
 Reading points 1 to 2 from record 701.2,  wavefunction type=CCSD            

 Making model hessian for Z-matrix coordinates
 BFGS update of hessian using  1 points

 Entering Rational Function Geometry Optimization

 Optimization point 2

 Variable                      Last           Current        Next           Gradient       Hessian

 E(CCSD) / Hartree        -115.54618411  -115.54635121  -115.54635653
 RCO / ANGSTROM              1.41996019     1.41999435     1.42010267    -0.00022413     2.23668808
 ROH / ANGSTROM              0.95775885     0.95775972     0.95769784     0.00012826     2.54257187
 ACOH / DEGREE             108.36183914   108.35958255   108.37595597    -0.00000111     0.00007359
 RCH1 / ANGSTROM             1.09295206     1.09220223     1.09267538    -0.00068613     1.72809688
 AOCH1 / DEGREE            111.80167742   111.78542006   111.77005576    -0.00000643     0.00007136
 AHH1 / DEGREE              71.02863039    73.02863039    73.42975846    -0.00001042     0.00004941
 RCH2 / ANGSTROM             1.08788126     1.08792941     1.08793031    -0.00001130     1.74586865
 AOCH2 / DEGREE            106.89395419   106.91253474   106.94687002    -0.00000235     0.00007630
 RCH3 / ANGSTROM             1.09297998     1.09376228     1.09316043     0.00086076     1.72311743
 AOCH3 / DEGREE            111.87390249   111.82903389   111.87931279     0.00000216     0.00007048
 AHH3 / DEGREE             308.35648332   310.35648332   310.79522170    -0.00001301     0.00005031
 Convergence:                0.00000000  (line search)     0.01053953     0.00120152  (total)

 Geometry written to block  3 of record 701

 Running procedure: RUNCCSD


 Recomputing integrals since geometry changed


 PROGRAM * SEWARD (Integral evaluation for generally contracted gaussian basis sets)     Author: Roland Lindh, 1990

 Geometry written to block  3 of record 701

 Orientation using atomic masses  
 Molecule type: Asymmetric top
 Rotational constants:      23.9542363     24.8128154    128.6567665 GHz  (calculated with average atomic masses)

 Point group  C1  



 ATOMIC COORDINATES

 NR  ATOM    CHARGE       X              Y              Z

   1  C       6.00    0.001592177    0.024581023   -1.375891718
   2  O       8.00    0.001093103   -0.121261072    1.303747485
   3  H       1.00   -0.002820002    1.562693150    1.966778798
   4  H1      1.00    1.838473027    0.616318776   -2.110296579
   5  H2      1.00   -0.419692698   -1.860945154   -2.078739570
   6  H3      1.00   -1.452284553    1.313837624   -2.076949040

 Bond lengths in Bohr (Angstrom)

 1-2  2.683605117  1-4  2.064857216  1-5  2.055890321  1-6  2.065773825  2-3  1.809786633
     ( 1.420102671)     ( 1.092675382)     ( 1.087930306)     ( 1.093160431)     ( 0.957697843)

 Bond angles

  1-2-3  108.37595597   2-1-4  111.77005576   2-1-5  106.94687002   2-1-6  111.87931279

  4-1-5  108.87637665   4-1-6  109.05849095   5-1-6  108.18872992

 NUCLEAR CHARGE:                   18
 NUMBER OF PRIMITIVE AOS:         242
 NUMBER OF SYMMETRY AOS:          216
 NUMBER OF CONTRACTIONS:          184   (  184A   )
 NUMBER OF INNER CORE ORBITALS:     0   (    0A   )
 NUMBER OF OUTER CORE ORBITALS:     2   (    2A   )
 NUMBER OF VALENCE ORBITALS:       12   (   12A   )


 NUCLEAR REPULSION ENERGY   40.34340270

 Eigenvalues of metric

         1 0.610E-04 0.746E-04 0.893E-04 0.203E-03 0.412E-03 0.480E-03 0.761E-03 0.781E-03


 Contracted 2-electron integrals neglected if value below      1.0D-11
 AO integral compression algorithm  1   Integral accuracy      1.0D-11

     709.362 MB (compressed) written to integral file ( 52.3%)


 NUMBER OF SORTED TWO-ELECTRON INTEGRALS:  144848710.     BUFFER LENGTH:  32768
 NUMBER OF SEGMENTS:  10  SEGMENT LENGTH:   15999503      RECORD LENGTH: 524288

 Memory used in sort:      16.56 MW

 SORT1 READ   169623812. AND WROTE   143565730. INTEGRALS IN    414 RECORDS. CPU TIME:     1.16 SEC, REAL TIME:     1.77 SEC
 SORT2 READ   143565730. AND WROTE   144848710. INTEGRALS IN   2706 RECORDS. CPU TIME:     1.27 SEC, REAL TIME:     1.72 SEC

 FILE SIZES:   FILE 1:   740.9 MBYTE,  FILE 4:  1736.5 MBYTE,   TOTAL:   2477.4 MBYTE

 OPERATOR DM      FOR CENTER  0  COORDINATES:    0.000000    0.000000    0.000000

 Program * Restricted Hartree-Fock

 Molecular orbitals read from record     2102.2  Type=RHF/CANONICAL (state 1.1)

 NELEC=   18   SYM=1   MS2= 0   THRE=1.0D-09   THRD=1.0D-06   THRG=1.0D-06  HFMA2=F  DIIS_START=2   DIIS_MAX=10   DIIS_INCORE=F

 Level shifts:    0.00 (CLOSED)    0.00 (OPEN)    0.30 (GAP_MIN)

 ITER           ETOT              DE          GRAD        DDIFF     DIIS  NEXP   TIME(IT)  TIME(TOT)  DIAG
   1     -115.09201560    -115.09201560     0.00D+00     0.47D-01     0     0       9.62      9.63    start
   2     -115.09208068      -0.00006508     0.17D-03     0.18D-03     1     0       9.52     19.15    diag
   3     -115.09208985      -0.00000917     0.48D-04     0.54D-04     2     0       9.85     29.00    diag
   4     -115.09209044      -0.00000059     0.11D-04     0.17D-04     3     0       9.20     38.20    diag
   5     -115.09209046      -0.00000001     0.24D-05     0.25D-05     4     0       9.12     47.32    diag
   6     -115.09209046      -0.00000000     0.10D-05     0.11D-05     5     0       9.26     56.58    diag
   7     -115.09209046      -0.00000000     0.26D-06     0.34D-06     6     0       8.78     65.36    diag
   8     -115.09209046      -0.00000000     0.81D-07     0.82D-07     0     0       8.82     74.18    fixocc

 Final occupancy:   9

 !RHF STATE 1.1 Energy               -115.092090460110
  RHF One-electron energy            -236.918711067194
  RHF Two-electron energy              81.483217908456
  RHF Kinetic energy                  114.923464717041
  RHF Nuclear energy                   40.343402698627
  RHF Virial quotient                  -1.001467287325

 !RHF STATE 1.1 Dipole moment          -0.00850610     0.59146791    -0.39117233
 Dipole moment /Debye                  -0.02162036     1.50336147    -0.99426088

 Orbital energies:

           1.1          2.1          3.1          4.1          5.1          6.1          7.1          8.1          9.1         10.1
    -20.558645   -11.271377    -1.358207    -0.926062    -0.691721    -0.620804    -0.593808    -0.503897    -0.451622     0.028486

          11.1
      0.042970


 HOMO      9.1    -0.451622 =     -12.2893eV
 LUMO     10.1     0.028486 =       0.7751eV
 LUMO-HOMO         0.480108 =      13.0644eV

 Orbitals saved in record  2102.2


 **********************************************************************************************************************************
 DATASETS  * FILE   NREC   LENGTH (MB)   RECORD NAMES
              1      20      623.39       500      610      700      701      900      950      970     1001      129      960   
                                          VAR    BASINP    GEOM     GEOM    SYMINP    ZMAT    AOBASIS   BASIS     P2S    ABASIS    
                                         1100     1400     1410     1200     1210     1080     1600     1650     1300     1700   
                                           S        T        V       H0       H01     AOSYM     SMH    MOLCAS    ERIS     OPER   

              2      12        3.69       700     1000      520     2100      200     2101     8500     9001      701     1001   
                                         GEOM     BASIS   MCVARS     RHF    OPTIONS    RHF     CPHF    DEN_MP2   GEOM     BASIS   
                                         2102     9001(1)
                                          RHF    DEN_MP2    

 PROGRAMS   *        TOTAL    HF-SCF      CCSD    HF-SCF      CCSD    HF-SCF       INT      CCSD    HF-SCF      CCSD    HF-SCF
 CPU TIMES  *     25279.53     95.67    787.23    115.42    818.81    100.55     22.22    351.15     20.41    791.59     86.82
 REAL TIME  *      3646.69 SEC
 DISK USED  *         2.31 GB
 **********************************************************************************************************************************


 PROGRAM * CCSD (Closed-shell coupled cluster)     Authors: C. Hampel, H.-J. Werner, 1991, M. Deegan, P.J. Knowles, 1992


 Convergence thresholds:  THRVAR = 1.00D-12  THRDEN = 1.00D-08

 Using ITF CCSD gradient implementation

 Number of core orbitals:           2 (   2 )
 Number of closed-shell orbitals:   7 (   7 )
 Number of external orbitals:     175 ( 175 )

 Molecular orbitals read from record     2102.2  Type=RHF/CANONICAL (state 1.1)

 Integral transformation finished. Total CPU:  21.97 sec, npass=  1  Memory used:  27.38 MW
  Reference energy                   -115.092090460110

  MP2 correlation energy               -0.436733657966
  MP2 total energy                   -115.528824118076

 ITER.      SQ.NORM     CORR.ENERGY   TOTAL ENERGY   ENERGY CHANGE        DEN1      VAR(S)    VAR(P)  DIIS     TIME
   1      1.12037845    -0.45318507  -115.54527553    -0.01645141    -0.00559167  1.69e-03  1.94e-03  1  1    23.25
   2      1.12836931    -0.45416913  -115.54625959    -0.00098406    -0.00936280  4.22e-05  2.70e-04  2  2    46.93
   3      1.13075225    -0.45428804  -115.54637850    -0.00011891    -0.00140689  4.44e-06  3.49e-05  3  3    70.84
   4      1.13199939    -0.45429079  -115.54638125    -0.00000275    -0.00092409  1.41e-07  3.37e-06  4  4    93.22
   5      1.13230146    -0.45427014  -115.54636060     0.00002065    -0.00019144  1.83e-08  3.19e-07  5  5   116.31
   6      1.13238053    -0.45426765  -115.54635811     0.00000249    -0.00004911  3.48e-10  1.44e-08  6  0   140.73
   7      1.13238868    -0.45426648  -115.54635694     0.00000116    -0.00000618  6.15e-11  1.04e-09  6  1   163.56
   8      1.13238888    -0.45426634  -115.54635680     0.00000014    -0.00000046  4.15e-12  1.04e-10  6  2   191.70
   9      1.13238880    -0.45426633  -115.54635679     0.00000002     0.00000001  1.66e-13  1.10e-11  6  3   214.59
  10      1.13238885    -0.45426632  -115.54635678     0.00000000    -0.00000004  2.88e-14  7.48e-13         239.50

 Norm of t1 vector:      0.05245714     S-energy:      0.00000002   T1 diagnostic:  0.00991347

 Time per iteration:                     23.95 sec

 RESULTS
 =======

  Reference energy                   -115.092090460110
  CCSD correlation energy              -0.454266321120
 !CCSD total energy                  -115.546356781231

 Starting CP-CCSD iterations.   Author: W. Gyorffy (2012)

 ITER.      NRM1           NRM2      VAR(S)+VAR(P)   DIIS    TIME
   1     0.00162434     0.38316287     5.25e-04      1  1   26.83
   2     0.00147354     0.37936638     3.80e-05      2  2   55.26
   3     0.00136935     0.37888500     4.71e-06      3  3   81.57
   4     0.00131963     0.37849435     8.91e-07      4  4  108.26
   5     0.00129214     0.37840043     9.15e-08      5  5  134.69
   6     0.00128187     0.37836720     9.23e-09      6  0  161.53
   7     0.00127912     0.37836334     1.10e-09      6  1  186.18
   8     0.00127841     0.37836209     1.43e-10      6  2  212.56
   9     0.00127827     0.37836197     1.92e-11      6  3  241.70
  10     0.00127824     0.37836192     2.51e-12      6  4  267.70
  11     0.00127824     0.37836190     2.93e-13            292.46


 Time per iteration:                     26.59 sec


 CPHF trial vector read from record  8500.2

 Starting Coupled-perturbed Hartree-Fock, convergence threshold= 1.0D-06

 ITER   MIC  DIIS      VAR         VARC       CPU
   1     0     1    0.51D-02    0.13D-03     9.02
   2     3     2    0.35D-05    0.25D-05    18.07
   3     1     3    0.39D-06    0.46D-07    26.92

 CPHF convergence reached in  3 macroiterations and    4 microiterations.   Accuracy: 3.8790D-07

 CPHF solution written to record  8500.2

 Dipole moments (unrelaxed):           -0.00931572     0.55439954    -0.36565368
 Orbital relaxation contribution:       0.00013093     0.00432126    -0.00310479
 !CCSD STATE 1.1 Dipole moment         -0.00918479     0.55872080    -0.36875847
 Dipole moment /Debye                  -0.02334540     1.42012663    -0.93729053

 CPU-time for coupled-perturbed hartree-fock:         26.99 sec

 Number of N-1 electron functions:               7
 Number of N-2 electron functions:              28
 Number of singly external CSFs:              1225
 Number of doubly external CSFs:            750925
 Total number of CSFs:                      752151

 CCSD gradient info saved on record        55555.1




 **********************************************************************************************************************************
 DATASETS  * FILE   NREC   LENGTH (MB)   RECORD NAMES
              1      22      859.40       500      610      700      701      900      950      970     1001      129      960   
                                          VAR    BASINP    GEOM     GEOM    SYMINP    ZMAT    AOBASIS   BASIS     P2S    ABASIS    
                                         1100     1400     1410     1200     1210     1080     1600     1650     1300     1700   
                                           S        T        V       H0       H01     AOSYM     SMH    MOLCAS    ERIS     OPER   
                                         1380    55555   
                                         JKOP     CCSD   

              2      12        3.69       700     1000      520     2100      200     2101     8500     9001      701     1001   
                                         GEOM     BASIS   MCVARS     RHF    OPTIONS    RHF     CPHF    DEN_MP2   GEOM     BASIS   
                                         2102     9001(1)
                                          RHF    DEN_MP2    

 PROGRAMS   *        TOTAL      CCSD    HF-SCF      CCSD    HF-SCF      CCSD    HF-SCF       INT      CCSD    HF-SCF      CCSD
 CPU TIMES  *     26089.53    809.99     95.67    787.23    115.42    818.81    100.55     22.22    351.15     20.41    791.59
 REAL TIME  *      3757.26 SEC
 DISK USED  *         2.31 GB
 **********************************************************************************************************************************

 Current geometry (xyz format, in Angstrom)


 Dump information in style XYZ to ch3oh_maxima_mp2_2.xyz                                                          

    6
 CCSD/AUG-CC-PVTZ  OPTSTEP=2  ENERGY=-115.54635678
 C          0.0008425440        0.0130077174       -0.7280905419
 O          0.0005784454       -0.0641685956        0.6899134580
 H         -0.0014922808        0.8269416029        1.0407745190
 H          0.9728780286        0.3261418507       -1.1167208577
 H         -0.2220918114       -0.9847697661       -1.1000216079
 H         -0.7685158894        0.6952529292       -1.0990741002

 **********************************************************************************************************************************

 PROGRESS OF GEOMETRY OPTIMIZATION.    TOTAL CPU:      3305.4 SEC
   1  -115.54618411  -115.54635121    -0.00016709  0.00417142  0.00651440  0.00196417  0.03490659  0.04941605  0.00449237
   2  -115.54635121  -115.54635678    -0.00000558  0.00074559  0.00120152  0.00036227  0.00765743  0.01053953  0.00095814

 **********************************************************************************************************************************

 Current geometry (xyz format, in Angstrom)


 Dump information in style XYZ to ch3oh_maxima_mp2.xyz                                                            

    6
 CCSD/AUG-CC-PVTZ  ENERGY=-115.54635678
 C          0.0008425440        0.0130077174       -0.7280905419
 O          0.0005784454       -0.0641685956        0.6899134580
 H         -0.0014922808        0.8269416029        1.0407745190
 H          0.9728780286        0.3261418507       -1.1167208577
 H         -0.2220918114       -0.9847697661       -1.1000216079
 H         -0.7685158894        0.6952529292       -1.0990741002

 **********************************************************************************************************************************

 Current variables
 RCO=                 1.42010267 ANGSTROM
 ROH=                 0.95769784 ANGSTROM
 ACOH=              108.37595597 DEGREE
 RCH1=                1.09267538 ANGSTROM
 AOCH1=             111.77005576 DEGREE
 AHH1=               73.42975846 DEGREE
 RCH2=                1.08793031 ANGSTROM
 AOCH2=             106.94687002 DEGREE
 RCH3=                1.09316043 ANGSTROM
 AOCH3=             111.87931279 DEGREE
 AHH3=              310.79522170 DEGREE

 **********************************************************************************************************************************

 PROGRAM * ALASKA (Gradient of the energy)     Author: R. Lindh


 CCSD Gradient info restored from record   55555.1

 Number of core orbitals:           2 (   2 )
 Number of closed-shell orbitals:   7 (   7 )
 Number of external orbitals:     175 ( 175 )

 Integral thresholds in T2TRAN:            1.0D-10 (PROD)

 Available memory for Transformation: 497467824 words
 Memory needed for incore algorithm:   11782801 words
 Minimum memory needed:                 3718915 words

 Memory used for transformation:          16.57 MW
 Available memory for gradients:         482.90 MW

 CPU for transformation:                 161.52 sec
 CPU for integrals and gradient:         115.69 sec
 Total CPU:                              277.21 sec

 Prescreening statistics:
 ========================

 Total number of shell quadruplets:        2.22D+04
 Number of shell quadruplets processed:    2.22D+04 (100.00%)

 CCSD GRADIENT FOR STATE 1.1

 Atom          dE/dx               dE/dy               dE/dz

   1         0.000995835        -0.000248550        -0.000013217
   2         0.000831106         0.000012887         0.000021399
   3        -0.000804594         0.000015236         0.000005269
   4        -0.000183791        -0.000057164         0.000072922
   5        -0.000694291         0.000158706         0.000001288
   6        -0.000144265         0.000118884        -0.000087661

 Nuclear force contribution to virial =         0.000091478
 Reading points 1 to 3 from record 701.2,  wavefunction type=CCSD            

 Making model hessian for Z-matrix coordinates
 BFGS update of hessian using  2 points

 Entering Rational Function Geometry Optimization

 Optimization point 3

 Variable                      Last           Current        Next           Gradient       Hessian

 E(CCSD) / Hartree        -115.54635121  -115.54635678  -115.54635688
 RCO / ANGSTROM              1.41999435     1.42010267     1.42008331     0.00004742     2.23844850
 ROH / ANGSTROM              0.95775972     0.95769784     0.95768305     0.00003373     2.54229446
 ACOH / DEGREE             108.35958255   108.37595597   108.37687883    -0.00000003     0.00007356
 RCH1 / ANGSTROM             1.09220223     1.09267538     1.09292043    -0.00038894     1.69040751
 AOCH1 / DEGREE            111.78542006   111.77005576   111.76979169     0.00000001     0.00007150
 AHH1 / DEGREE              73.02863039    73.42975846    73.44085811    -0.00000006     0.00005021
 RCH2 / ANGSTROM             1.08792941     1.08793031     1.08793511    -0.00000704     1.74581229
 AOCH2 / DEGREE            106.91253474   106.94687002   106.94527210     0.00000031     0.00007646
 RCH3 / ANGSTROM             1.09376228     1.09316043     1.09291437     0.00038830     1.67835812
 AOCH3 / DEGREE            111.82903389   111.87931279   111.87124664     0.00000068     0.00007114
 AHH3 / DEGREE             310.35648332   310.79522170   310.81097871    -0.00000025     0.00005070
 Convergence:                0.00000000  (line search)     0.00075292     0.00029596  (total)

 Geometry written to block  4 of record 701

 Running procedure: RUNCCSD


 Recomputing integrals since geometry changed


 PROGRAM * SEWARD (Integral evaluation for generally contracted gaussian basis sets)     Author: Roland Lindh, 1990

 Geometry written to block  4 of record 701

 Orientation using atomic masses  
 Molecule type: Asymmetric top
 Rotational constants:      23.9551323     24.8137531    128.6534306 GHz  (calculated with average atomic masses)

 Point group  C1  



 ATOMIC COORDINATES

 NR  ATOM    CHARGE       X              Y              Z

   1  C       6.00    0.001477986    0.024597979   -1.375883025
   2  O       8.00    0.001151369   -0.121269291    1.303718194
   3  H       1.00   -0.003031088    1.562640811    1.966783635
   4  H1      1.00    1.838733498    0.616454395   -2.110557143
   5  H2      1.00   -0.419508485   -1.861025118   -2.078676221
   6  H3      1.00   -1.452082270    1.313762730   -2.076395298

 Bond lengths in Bohr (Angstrom)

 1-2  2.683568531  1-4  2.065320288  1-5  2.055899401  1-6  2.065308843  2-3  1.809758687
     ( 1.420083311)     ( 1.092920430)     ( 1.087935111)     ( 1.092914373)     ( 0.957683054)

 Bond angles

  1-2-3  108.37687883   2-1-4  111.76979169   2-1-5  106.94527210   2-1-6  111.87124664

  4-1-5  108.86821307   4-1-6  109.05959274   5-1-6  108.20624032

 NUCLEAR CHARGE:                   18
 NUMBER OF PRIMITIVE AOS:         242
 NUMBER OF SYMMETRY AOS:          216
 NUMBER OF CONTRACTIONS:          184   (  184A   )
 NUMBER OF INNER CORE ORBITALS:     0   (    0A   )
 NUMBER OF OUTER CORE ORBITALS:     2   (    2A   )
 NUMBER OF VALENCE ORBITALS:       12   (   12A   )


 NUCLEAR REPULSION ENERGY   40.34388171

 Eigenvalues of metric

         1 0.610E-04 0.745E-04 0.893E-04 0.203E-03 0.412E-03 0.480E-03 0.761E-03 0.782E-03


 Contracted 2-electron integrals neglected if value below      1.0D-11
 AO integral compression algorithm  1   Integral accuracy      1.0D-11

     708.575 MB (compressed) written to integral file ( 52.2%)


 NUMBER OF SORTED TWO-ELECTRON INTEGRALS:  144848710.     BUFFER LENGTH:  32768
 NUMBER OF SEGMENTS:  10  SEGMENT LENGTH:   15999503      RECORD LENGTH: 524288

 Memory used in sort:      16.56 MW

 SORT1 READ   169623812. AND WROTE   143557975. INTEGRALS IN    414 RECORDS. CPU TIME:     1.14 SEC, REAL TIME:     1.77 SEC
 SORT2 READ   143557975. AND WROTE   144848710. INTEGRALS IN   2703 RECORDS. CPU TIME:     1.28 SEC, REAL TIME:     1.71 SEC

 FILE SIZES:   FILE 1:   740.1 MBYTE,  FILE 4:  1736.5 MBYTE,   TOTAL:   2476.6 MBYTE

 OPERATOR DM      FOR CENTER  0  COORDINATES:    0.000000    0.000000    0.000000

 Program * Restricted Hartree-Fock

 Molecular orbitals read from record     2102.2  Type=RHF/CANONICAL (state 1.1)

 NELEC=   18   SYM=1   MS2= 0   THRE=1.0D-09   THRD=1.0D-07   THRG=1.0D-07  HFMA2=F  DIIS_START=2   DIIS_MAX=10   DIIS_INCORE=F

 Level shifts:    0.00 (CLOSED)    0.00 (OPEN)    0.30 (GAP_MIN)

 ITER           ETOT              DE          GRAD        DDIFF     DIIS  NEXP   TIME(IT)  TIME(TOT)  DIAG
   1     -115.09209184    -115.09209184     0.00D+00     0.47D-01     0     0       9.35      9.36    start
   2     -115.09209188      -0.00000004     0.48D-05     0.11D-04     1     0       9.42     18.78    diag
   3     -115.09209188      -0.00000000     0.11D-05     0.20D-05     2     0      11.11     29.89    diag
   4     -115.09209188      -0.00000000     0.29D-06     0.51D-06     3     0       9.46     39.35    diag
   5     -115.09209188      -0.00000000     0.89D-07     0.10D-06     4     0       9.44     48.79    diag
   6     -115.09209188      -0.00000000     0.32D-07     0.38D-07     5     0       9.06     57.85    diag
   7     -115.09209188      -0.00000000     0.87D-08     0.83D-08     0     0       9.28     67.13    diag

 Final occupancy:   9

 !RHF STATE 1.1 Energy               -115.092091881062
  RHF One-electron energy            -236.919653581243
  RHF Two-electron energy              81.483679986151
  RHF Kinetic energy                  114.923542673479
  RHF Nuclear energy                   40.343881714030
  RHF Virial quotient                  -1.001466620360

 !RHF STATE 1.1 Dipole moment          -0.00875973     0.59149478    -0.39112941
 Dipole moment /Debye                  -0.02226502     1.50342978    -0.99415179

 Orbital energies:

           1.1          2.1          3.1          4.1          5.1          6.1          7.1          8.1          9.1         10.1
    -20.558638   -11.271374    -1.358215    -0.926059    -0.691736    -0.620788    -0.593817    -0.503914    -0.451606     0.028486

          11.1
      0.042970


 HOMO      9.1    -0.451606 =     -12.2888eV
 LUMO     10.1     0.028486 =       0.7751eV
 LUMO-HOMO         0.480092 =      13.0640eV

 Orbitals saved in record  2102.2


 **********************************************************************************************************************************
 DATASETS  * FILE   NREC   LENGTH (MB)   RECORD NAMES
              1      20      622.82       500      610      700      701      900      950      970     1001      129      960   
                                          VAR    BASINP    GEOM     GEOM    SYMINP    ZMAT    AOBASIS   BASIS     P2S    ABASIS    
                                         1100     1400     1410     1200     1210     1080     1600     1650     1300     1700   
                                           S        T        V       H0       H01     AOSYM     SMH    MOLCAS    ERIS     OPER   

              2      12        3.69       700     1000      520     2100      200     2101     8500     9001      701     1001   
                                         GEOM     BASIS   MCVARS     RHF    OPTIONS    RHF     CPHF    DEN_MP2   GEOM     BASIS   
                                         2102     9001(1)
                                          RHF    DEN_MP2    

 PROGRAMS   *        TOTAL    HF-SCF      CCSD    HF-SCF      CCSD    HF-SCF      CCSD    HF-SCF       INT      CCSD    HF-SCF
 CPU TIMES  *     26456.52     88.60    809.99     95.67    787.23    115.42    818.81    100.55     22.22    351.15     20.41
 REAL TIME  *      3823.28 SEC
 DISK USED  *         2.31 GB
 **********************************************************************************************************************************


 PROGRAM * CCSD (Closed-shell coupled cluster)     Authors: C. Hampel, H.-J. Werner, 1991, M. Deegan, P.J. Knowles, 1992


 Convergence thresholds:  THRVAR = 1.00D-12  THRDEN = 1.00D-08

 Using ITF CCSD gradient implementation

 Number of core orbitals:           2 (   2 )
 Number of closed-shell orbitals:   7 (   7 )
 Number of external orbitals:     175 ( 175 )

 Molecular orbitals read from record     2102.2  Type=RHF/CANONICAL (state 1.1)

 Integral transformation finished. Total CPU:  22.72 sec, npass=  1  Memory used:  27.38 MW
  Reference energy                   -115.092091881062

  MP2 correlation energy               -0.436732074595
  MP2 total energy                   -115.528823955657

 ITER.      SQ.NORM     CORR.ENERGY   TOTAL ENERGY   ENERGY CHANGE        DEN1      VAR(S)    VAR(P)  DIIS     TIME
   1      1.12037711    -0.45318377  -115.54527565    -0.01645170    -0.00559216  1.69e-03  1.94e-03  1  1    23.96
   2      1.12836780    -0.45416784  -115.54625973    -0.00098407    -0.00936263  4.22e-05  2.70e-04  2  2    47.88
   3      1.13075070    -0.45428675  -115.54637863    -0.00011890    -0.00140690  4.44e-06  3.49e-05  3  3    72.80
   4      1.13199779    -0.45428949  -115.54638138    -0.00000274    -0.00092406  1.41e-07  3.37e-06  4  4    96.96
   5      1.13229984    -0.45426884  -115.54636073     0.00002065    -0.00019143  1.83e-08  3.18e-07  5  5   119.60
   6      1.13237891    -0.45426636  -115.54635824     0.00000249    -0.00004911  3.47e-10  1.44e-08  6  0   143.10
   7      1.13238706    -0.45426519  -115.54635707     0.00000116    -0.00000618  6.15e-11  1.04e-09  6  1   165.69
   8      1.13238726    -0.45426505  -115.54635693     0.00000014    -0.00000046  4.15e-12  1.04e-10  6  2   189.90
   9      1.13238718    -0.45426503  -115.54635691     0.00000002     0.00000001  1.66e-13  1.10e-11  6  3   213.56
  10      1.13238723    -0.45426503  -115.54635691     0.00000000    -0.00000004  2.88e-14  7.48e-13         239.21

 Norm of t1 vector:      0.05245661     S-energy:      0.00000000   T1 diagnostic:  0.00991337

 Time per iteration:                     23.93 sec

 RESULTS
 =======

  Reference energy                   -115.092091881062
  CCSD correlation energy              -0.454265027374
 !CCSD total energy                  -115.546356908436

 Starting CP-CCSD iterations.   Author: W. Gyorffy (2012)

 ITER.      NRM1           NRM2      VAR(S)+VAR(P)   DIIS    TIME
   1     0.00162430     0.38315920     5.25e-04      1  1   26.54
   2     0.00147350     0.37936277     3.80e-05      2  2   52.94
   3     0.00136932     0.37888139     4.71e-06      3  3   79.25
   4     0.00131960     0.37849075     8.91e-07      4  4  104.96
   5     0.00129211     0.37839684     9.15e-08      5  5  130.96
   6     0.00128184     0.37836360     9.23e-09      6  0  155.23
   7     0.00127909     0.37835974     1.10e-09      6  1  180.29
   8     0.00127838     0.37835849     1.43e-10      6  2  208.02
   9     0.00127824     0.37835837     1.92e-11      6  3  234.13
  10     0.00127821     0.37835832     2.50e-12      6  4  259.10
  11     0.00127821     0.37835831     2.93e-13            284.14


 Time per iteration:                     25.83 sec


 CPHF trial vector read from record  8500.2

 Starting Coupled-perturbed Hartree-Fock, convergence threshold= 1.0D-06

 ITER   MIC  DIIS      VAR         VARC       CPU
   1     0     1    0.11D-03    0.63D-05     9.12
   2     3     2    0.54D-06    0.17D-06    18.70

 CPHF convergence reached in  2 macroiterations and    3 microiterations.   Accuracy: 5.4249D-07

 CPHF solution written to record  8500.2

 Dipole moments (unrelaxed):           -0.00953183     0.55442313    -0.36561320
 Orbital relaxation contribution:       0.00012560     0.00432132    -0.00310513
 !CCSD STATE 1.1 Dipole moment         -0.00940623     0.55874445    -0.36871833
 Dipole moment /Debye                  -0.02390826     1.42018673    -0.93718850

 CPU-time for coupled-perturbed hartree-fock:         18.78 sec

 Number of N-1 electron functions:               7
 Number of N-2 electron functions:              28
 Number of singly external CSFs:              1225
 Number of doubly external CSFs:            750925
 Total number of CSFs:                      752151

 CCSD gradient info saved on record        55555.1




 **********************************************************************************************************************************
 DATASETS  * FILE   NREC   LENGTH (MB)   RECORD NAMES
              1      22      858.82       500      610      700      701      900      950      970     1001      129      960   
                                          VAR    BASINP    GEOM     GEOM    SYMINP    ZMAT    AOBASIS   BASIS     P2S    ABASIS    
                                         1100     1400     1410     1200     1210     1080     1600     1650     1300     1700   
                                           S        T        V       H0       H01     AOSYM     SMH    MOLCAS    ERIS     OPER   
                                         1380    55555   
                                         JKOP     CCSD   

              2      12        3.69       700     1000      520     2100      200     2101     8500     9001      701     1001   
                                         GEOM     BASIS   MCVARS     RHF    OPTIONS    RHF     CPHF    DEN_MP2   GEOM     BASIS   
                                         2102     9001(1)
                                          RHF    DEN_MP2    

 PROGRAMS   *        TOTAL      CCSD    HF-SCF      CCSD    HF-SCF      CCSD    HF-SCF      CCSD    HF-SCF       INT      CCSD
 CPU TIMES  *     27244.76    788.22     88.60    809.99     95.67    787.23    115.42    818.81    100.55     22.22    351.15
 REAL TIME  *      3930.61 SEC
 DISK USED  *         2.31 GB
 **********************************************************************************************************************************

 Current geometry (xyz format, in Angstrom)


 Dump information in style XYZ to ch3oh_maxima_mp2_3.xyz                                                          

    6
 CCSD/AUG-CC-PVTZ  OPTSTEP=3  ENERGY=-115.54635691
 C          0.0007821163        0.0130166898       -0.7280859419
 O          0.0006092783       -0.0641729451        0.6898979577
 H         -0.0016039826        0.8269139061        1.0407770784
 H          0.9730158638        0.3262136171       -1.1168587423
 H         -0.2219943301       -0.9848120815       -1.0999880848
 H         -0.7684088456        0.6952132972       -1.0987810727

 **********************************************************************************************************************************

 PROGRESS OF GEOMETRY OPTIMIZATION.    TOTAL CPU:      4460.6 SEC
   1  -115.54618411  -115.54635121    -0.00016709  0.00417142  0.00651440  0.00196417  0.03490659  0.04941605  0.00449237
   2  -115.54635121  -115.54635678    -0.00000558  0.00074559  0.00120152  0.00036227  0.00765743  0.01053953  0.00095814
   3  -115.54635678  -115.54635691    -0.00000013  0.00020582  0.00029596  0.00008923  0.00046498  0.00075292  0.00006845

 **********************************************************************************************************************************

 Current geometry (xyz format, in Angstrom)


 Dump information in style XYZ to ch3oh_maxima_mp2.xyz                                                            

    6
 CCSD/AUG-CC-PVTZ  ENERGY=-115.54635691
 C          0.0007821163        0.0130166898       -0.7280859419
 O          0.0006092783       -0.0641729451        0.6898979577
 H         -0.0016039826        0.8269139061        1.0407770784
 H          0.9730158638        0.3262136171       -1.1168587423
 H         -0.2219943301       -0.9848120815       -1.0999880848
 H         -0.7684088456        0.6952132972       -1.0987810727

 **********************************************************************************************************************************

 Current variables
 RCO=                 1.42008331 ANGSTROM
 ROH=                 0.95768305 ANGSTROM
 ACOH=              108.37687883 DEGREE
 RCH1=                1.09292043 ANGSTROM
 AOCH1=             111.76979169 DEGREE
 AHH1=               73.44085811 DEGREE
 RCH2=                1.08793511 ANGSTROM
 AOCH2=             106.94527210 DEGREE
 RCH3=                1.09291437 ANGSTROM
 AOCH3=             111.87124664 DEGREE
 AHH3=              310.81097871 DEGREE

 **********************************************************************************************************************************

 Recomputing wavefunction for reoriented structure

 Running procedure: RUNCCSD


 Program * Restricted Hartree-Fock

 Molecular orbitals read from record     2102.2  Type=RHF/CANONICAL (state 1.1)

 NELEC=   18   SYM=1   MS2= 0   THRE=1.0D-09   THRD=1.0D-07   THRG=1.0D-07  HFMA2=F  DIIS_START=2   DIIS_MAX=10   DIIS_INCORE=F

 Level shifts:    0.00 (CLOSED)    0.00 (OPEN)    0.30 (GAP_MIN)

 ITER           ETOT              DE          GRAD        DDIFF     DIIS  NEXP   TIME(IT)  TIME(TOT)  DIAG
   1     -115.09209188    -115.09209188     0.00D+00     0.47D-01     0     0      11.21     11.22    start
   2     -115.09209188      -0.00000000     0.45D-08     0.40D-08     1     0       9.59     20.81    diag

 Final occupancy:   9

 !RHF STATE 1.1 Energy               -115.092091881062
  RHF One-electron energy            -236.919654217420
  RHF Two-electron energy              81.483680622328
  RHF Kinetic energy                  114.923543362266
  RHF Nuclear energy                   40.343881714030
  RHF Virial quotient                  -1.001466614358

 !RHF STATE 1.1 Dipole moment          -0.00875970     0.59149490    -0.39112955
 Dipole moment /Debye                  -0.02226493     1.50343007    -0.99415215

 Orbital energies:

           1.1          2.1          3.1          4.1          5.1          6.1          7.1          8.1          9.1         10.1
    -20.558639   -11.271374    -1.358215    -0.926059    -0.691736    -0.620788    -0.593817    -0.503914    -0.451606     0.028486

          11.1
      0.042970


 HOMO      9.1    -0.451606 =     -12.2888eV
 LUMO     10.1     0.028486 =       0.7751eV
 LUMO-HOMO         0.480092 =      13.0640eV

 Orbitals saved in record  2102.2


 **********************************************************************************************************************************
 DATASETS  * FILE   NREC   LENGTH (MB)   RECORD NAMES
              1      22      858.82       500      610      700      701      900      950      970     1001      129      960   
                                          VAR    BASINP    GEOM     GEOM    SYMINP    ZMAT    AOBASIS   BASIS     P2S    ABASIS    
                                         1100     1400     1410     1200     1210     1080     1600     1650     1300     1700   
                                           S        T        V       H0       H01     AOSYM     SMH    MOLCAS    ERIS     OPER   
                                         1380    55555   
                                         JKOP     CCSD   

              2      12        3.69       700     1000      520     2100      200     2101     8500     9001      701     1001   
                                         GEOM     BASIS   MCVARS     RHF    OPTIONS    RHF     CPHF    DEN_MP2   GEOM     BASIS   
                                         2102     9001(1)
                                          RHF    DEN_MP2    

 PROGRAMS   *        TOTAL    HF-SCF      CCSD    HF-SCF      CCSD    HF-SCF      CCSD    HF-SCF      CCSD    HF-SCF       INT
 CPU TIMES  *     27265.62     20.85    788.22     88.60    809.99     95.67    787.23    115.42    818.81    100.55     22.22
 REAL TIME  *      3934.02 SEC
 DISK USED  *         2.31 GB
 **********************************************************************************************************************************


 PROGRAM * CCSD (Closed-shell coupled cluster)     Authors: C. Hampel, H.-J. Werner, 1991, M. Deegan, P.J. Knowles, 1992


 Convergence thresholds:  THRVAR = 1.00D-12  THRDEN = 1.00D-08

 Number of core orbitals:           2 (   2 )
 Number of closed-shell orbitals:   7 (   7 )
 Number of external orbitals:     175 ( 175 )

 Molecular orbitals read from record     2102.2  Type=RHF/CANONICAL (state 1.1)

 Number of N-1 electron functions:               7
 Number of N-2 electron functions:              28
 Number of singly external CSFs:              1225
 Number of doubly external CSFs:            750925
 Total number of CSFs:                      752151

 Length of J-op  integral file:               0.00 MB
 Length of K-op  integral file:               2.36 MB
 Length of 3-ext integral record:             0.00 MB

 Integral transformation finished. Total CPU:  21.20 sec, npass=  1  Memory used:  27.38 MW

 Reference energy:                   -115.09209188

 MP2 singlet pair energy:              -0.28674652
 MP2 triplet pair energy:              -0.14998556
 MP2 correlation energy:               -0.43673208
 MP2 total energy:                   -115.52882396

 SCS-MP2 correlation energy:           -0.43742017   (PS=  1.200000  PT=  0.333333)
 SCS-MP2 total energy:               -115.52951205

 ITER.      SQ.NORM     CORR.ENERGY   TOTAL ENERGY   ENERGY CHANGE        DEN1      VAR(S)    VAR(P)  DIIS     TIME  TIME/IT
   1      1.12025918    -0.45310260  -115.54519448    -0.01637051    -0.00559908  0.16D-02  0.19D-02  1  1    51.87     3.46
   2      1.12852280    -0.45419511  -115.54628699    -0.00109251    -0.00965290  0.20D-04  0.25D-03  2  2    76.48     3.22
   3      1.13138246    -0.45428333  -115.54637521    -0.00008822    -0.00185034  0.16D-04  0.11D-04  3  3   104.39     3.26
   4      1.13215654    -0.45426849  -115.54636037     0.00001483    -0.00036625  0.93D-06  0.12D-05  4  4   131.12     3.25
   5      1.13232609    -0.45426991  -115.54636180    -0.00000142    -0.00005325  0.24D-06  0.10D-06  5  5   159.07     3.27
   6      1.13237322    -0.45426612  -115.54635800     0.00000379    -0.00000994  0.37D-07  0.98D-08  6  6   185.89     3.27
   7      1.13238366    -0.45426517  -115.54635705     0.00000095    -0.00000152  0.49D-08  0.21D-08  6  2   210.53     3.22
   8      1.13238626    -0.45426508  -115.54635696     0.00000009    -0.00000001  0.81D-09  0.27D-09  6  1   234.65     3.18
   9      1.13238730    -0.45426500  -115.54635688     0.00000007     0.00000019  0.74D-10  0.29D-10  6  3   259.07     3.16
  10      1.13238749    -0.45426500  -115.54635688    -0.00000000     0.00000001  0.11D-10  0.41D-11  6  4   281.06     3.11
  11      1.13238733    -0.45426502  -115.54635690    -0.00000002     0.00000011  0.14D-11  0.71D-12  6  6   306.62     3.10
  12      1.13238729    -0.45426502  -115.54635691    -0.00000000     0.00000002  0.19D-12  0.63D-13  6  5   330.14     3.08
  13      1.13238727    -0.45426503  -115.54635691    -0.00000000     0.00000001  0.21D-13  0.96D-14  6  1   355.25     3.08

 Norm of t1 vector:      0.05245680      S-energy:     0.00000000      T1 diagnostic:  0.00991340
                                                                       D1 diagnostic:  0.02320677
                                                                       D2 diagnostic:  0.13788160 (internal)


 RESULTS
 =======

  Reference energy                   -115.092091881062
  CCSD singlet pair energy             -0.318128310470
  CCSD triplet pair energy             -0.136136718412
  CCSD correlation energy              -0.454265028094

 !CCSD total energy                  -115.546356909157

 Timing summary (sec):

 STEP                 CPU(USER)    SYS     CPU(TOT)    WALL
 Transformation         21.64      0.90     22.54      3.12
 CCSD iterations       334.58      6.79    341.37     40.10

 Program statistics:

 Available memory in ccsd:               499998879
 Min. memory needed in ccsd:               2385617
 Max. memory used in ccsd:                 3007350
 Max. memory used in cckext:               2165242 (13 integral passes)



 **********************************************************************************************************************************
 DATASETS  * FILE   NREC   LENGTH (MB)   RECORD NAMES
              1      22      858.82       500      610      700      701      900      950      970     1001      129      960   
                                          VAR    BASINP    GEOM     GEOM    SYMINP    ZMAT    AOBASIS   BASIS     P2S    ABASIS    
                                         1100     1400     1410     1200     1210     1080     1600     1650     1300     1700   
                                           S        T        V       H0       H01     AOSYM     SMH    MOLCAS    ERIS     OPER   
                                         1380    55555   
                                         JKOP     CCSD   

              2      12        3.69       700     1000      520     2100      200     2101     8500     9001      701     1001   
                                         GEOM     BASIS   MCVARS     RHF    OPTIONS    RHF     CPHF    DEN_MP2   GEOM     BASIS   
                                         2102     9001(1)
                                          RHF    DEN_MP2    

 PROGRAMS   *        TOTAL      CCSD    HF-SCF      CCSD    HF-SCF      CCSD    HF-SCF      CCSD    HF-SCF      CCSD    HF-SCF
 CPU TIMES  *     27621.90    356.26     20.85    788.22     88.60    809.99     95.67    787.23    115.42    818.81    100.55
 REAL TIME  *      3977.29 SEC
 DISK USED  *         2.31 GB
 **********************************************************************************************************************************

 PROGRAM * ALASKA (Gradient of the energy)     Author: R. Lindh


 CCSD Gradient info restored from record   55555.1

 Number of core orbitals:           2 (   2 )
 Number of closed-shell orbitals:   7 (   7 )
 Number of external orbitals:     175 ( 175 )

 Integral thresholds in T2TRAN:            1.0D-10 (PROD)

 Available memory for Transformation: 497467824 words
 Memory needed for incore algorithm:   11782801 words
 Minimum memory needed:                 3718915 words

 Memory used for transformation:          16.57 MW
 Available memory for gradients:         482.90 MW

 CPU for transformation:                 160.45 sec
 CPU for integrals and gradient:         114.84 sec
 Total CPU:                              275.29 sec

 Prescreening statistics:
 ========================

 Total number of shell quadruplets:        2.22D+04
 Number of shell quadruplets processed:    2.22D+04 (100.00%)

 CCSD GRADIENT FOR STATE 1.1

 Atom          dE/dx               dE/dy               dE/dz

   1         0.005243848        -0.000947082        -0.000086976
   2         0.000615338         0.000037784        -0.000044639
   3        -0.000812736        -0.000027254        -0.000015124
   4         0.000222323         0.002267559         0.000756200
   5        -0.004765553         0.000982916         0.000155992
   6        -0.000503221        -0.002313924        -0.000765452

 Nuclear force contribution to virial =        -0.000273913
 Reading points 1 to 1 from record 701.2,  wavefunction type=CCSD            

 Making model hessian for Z-matrix coordinates
 No hessian update for point  1

 Entering Rational Function Geometry Optimization

 Optimization point 1

 Variable                      Last           Current        Next           Gradient       Hessian

 E(CCSD) / Hartree           0.00000000  -115.54611825  -115.54629725
 RCO / ANGSTROM              0.00000000     1.42008331     1.42012013    -0.00011393     2.23594426
 ROH / ANGSTROM              0.00000000     0.95768305     0.95769188     0.00003164     2.54301225
 ACOH / DEGREE               0.00000000   108.37687883   108.37031728    -0.00000064     0.00007359
 RCH1 / ANGSTROM             0.00000000     1.09292043     1.09216163     0.00131240     1.71536887
 AOCH1 / DEGREE              0.00000000   111.76979169   111.80775342    -0.00003458     0.00007054
 AHH1 / DEGREE               0.00000000    73.44085811    75.44085811    -0.00006990     0.00004880
 RCH2 / ANGSTROM             0.00000000     1.08793511     1.08798437    -0.00009853     1.74579110
 AOCH2 / DEGREE              0.00000000   106.94527210   106.97748511    -0.00000325     0.00007517
 RCH3 / ANGSTROM             0.00000000     1.09291437     1.09369950    -0.00134464     1.71524902
 AOCH3 / DEGREE              0.00000000   111.87124664   111.77155878     0.00003516     0.00006885
 AHH3 / DEGREE               0.00000000   310.81097871   312.81097871    -0.00007280     0.00005070
 Convergence:                0.00000000  (line search)     0.04944700     0.00651564  (total)

 Geometry written to block  2 of record 701

 Running procedure: RUNCCSD


 Recomputing integrals since geometry changed


 PROGRAM * SEWARD (Integral evaluation for generally contracted gaussian basis sets)     Author: Roland Lindh, 1990

 Geometry written to block  2 of record 701

 Orientation using atomic masses  
 Molecule type: Asymmetric top
 Rotational constants:      23.9600973     24.8093563    128.6292406 GHz  (calculated with average atomic masses)

 Point group  C1  



 ATOMIC COORDINATES

 NR  ATOM    CHARGE       X              Y              Z

   1  C       6.00    0.002866653    0.024205301   -1.375956933
   2  O       8.00    0.002021789   -0.121317251    1.303732601
   3  H       1.00   -0.014256119    1.562700325    1.966383885
   4  H1      1.00    1.853165920    0.564066989   -2.113906072
   5  H2      1.00   -0.488058819   -1.844505909   -2.078819460
   6  H3      1.00   -1.417103708    1.355011997   -2.071851353

 Bond lengths in Bohr (Angstrom)

 1-2  2.683638113  1-4  2.063886371  1-5  2.055992494  1-6  2.066792523  2-3  1.809775371
     ( 1.420120132)     ( 1.092161634)     ( 1.087984374)     ( 1.093699503)     ( 0.957691883)

 Bond angles

  1-2-3  108.37031728   2-1-4  111.80775342   2-1-5  106.97748511   2-1-6  111.77155878

  4-1-5  109.24342133   4-1-6  109.09424401   5-1-6  107.82381512

 NUCLEAR CHARGE:                   18
 NUMBER OF PRIMITIVE AOS:         242
 NUMBER OF SYMMETRY AOS:          216
 NUMBER OF CONTRACTIONS:          184   (  184A   )
 NUMBER OF INNER CORE ORBITALS:     0   (    0A   )
 NUMBER OF OUTER CORE ORBITALS:     2   (    2A   )
 NUMBER OF VALENCE ORBITALS:       12   (   12A   )


 NUCLEAR REPULSION ENERGY   40.34356914

 Eigenvalues of metric

         1 0.611E-04 0.748E-04 0.893E-04 0.204E-03 0.412E-03 0.480E-03 0.761E-03 0.782E-03


 Contracted 2-electron integrals neglected if value below      1.0D-11
 AO integral compression algorithm  1   Integral accuracy      1.0D-11

     711.983 MB (compressed) written to integral file ( 52.5%)


 NUMBER OF SORTED TWO-ELECTRON INTEGRALS:  144848710.     BUFFER LENGTH:  32768
 NUMBER OF SEGMENTS:  10  SEGMENT LENGTH:   15999503      RECORD LENGTH: 524288

 Memory used in sort:      16.56 MW

 SORT1 READ   169623812. AND WROTE   143577926. INTEGRALS IN    414 RECORDS. CPU TIME:     1.15 SEC, REAL TIME:     1.76 SEC
 SORT2 READ   143577926. AND WROTE   144848710. INTEGRALS IN   2716 RECORDS. CPU TIME:     1.26 SEC, REAL TIME:     1.70 SEC

 FILE SIZES:   FILE 1:   743.5 MBYTE,  FILE 4:  1736.5 MBYTE,   TOTAL:   2480.0 MBYTE

 OPERATOR DM      FOR CENTER  0  COORDINATES:    0.000000    0.000000    0.000000

 Program * Restricted Hartree-Fock

 Molecular orbitals read from record     2102.2  Type=RHF/CANONICAL (state 1.1)

 NELEC=   18   SYM=1   MS2= 0   THRE=1.0D-09   THRD=1.0D-06   THRG=1.0D-06  HFMA2=F  DIIS_START=2   DIIS_MAX=10   DIIS_INCORE=F

 Level shifts:    0.00 (CLOSED)    0.00 (OPEN)    0.30 (GAP_MIN)

 ITER           ETOT              DE          GRAD        DDIFF     DIIS  NEXP   TIME(IT)  TIME(TOT)  DIAG
   1     -115.08944239    -115.08944239     0.00D+00     0.47D-01     0     0       9.57      9.57    start
   2     -115.09167665      -0.00223426     0.10D-02     0.11D-02     1     0       9.17     18.74    diag
   3     -115.09199020      -0.00031355     0.28D-03     0.32D-03     2     0       9.25     27.99    diag
   4     -115.09201091      -0.00002071     0.63D-04     0.10D-03     3     0       9.51     37.50    diag
   5     -115.09201143      -0.00000052     0.13D-04     0.16D-04     4     0       8.72     46.22    diag
   6     -115.09201152      -0.00000009     0.58D-05     0.60D-05     5     0       9.46     55.68    diag
   7     -115.09201154      -0.00000001     0.18D-05     0.21D-05     6     0       9.08     64.76    diag
   8     -115.09201154      -0.00000000     0.60D-06     0.80D-06     7     0      10.79     75.55    fixocc
   9     -115.09201154      -0.00000000     0.14D-06     0.22D-06     8     0       9.34     84.89    diag
  10     -115.09201154      -0.00000000     0.24D-07     0.36D-07     0     0       9.31     94.20    diag/orth

 Final occupancy:   9

 !RHF STATE 1.1 Energy               -115.092011537959
  RHF One-electron energy            -236.919288013789
  RHF Two-electron energy              81.483707331765
  RHF Kinetic energy                  114.923494481704
  RHF Nuclear energy                   40.343569144065
  RHF Virial quotient                  -1.001466341213

 !RHF STATE 1.1 Dipole moment          -0.01401385     0.59229252    -0.39135420
 Dipole moment /Debye                  -0.03561965     1.50545743    -0.99472316

 Orbital energies:

           1.1          2.1          3.1          4.1          5.1          6.1          7.1          8.1          9.1         10.1
    -20.558575   -11.271386    -1.358177    -0.926026    -0.691649    -0.621127    -0.593689    -0.503563    -0.451745     0.028474

          11.1
      0.042977


 HOMO      9.1    -0.451745 =     -12.2926eV
 LUMO     10.1     0.028474 =       0.7748eV
 LUMO-HOMO         0.480219 =      13.0674eV

 Orbitals saved in record  2102.2


 **********************************************************************************************************************************
 DATASETS  * FILE   NREC   LENGTH (MB)   RECORD NAMES
              1      20      625.48       500      610      700      701      900      950      970     1001      129      960   
                                          VAR    BASINP    GEOM     GEOM    SYMINP    ZMAT    AOBASIS   BASIS     P2S    ABASIS    
                                         1100     1400     1410     1200     1210     1080     1600     1650     1300     1700   
                                           S        T        V       H0       H01     AOSYM     SMH    MOLCAS    ERIS     OPER   

              2      12        3.69       700     1000      520     2100      200     2101     8500     9001      701     1001   
                                         GEOM     BASIS   MCVARS     RHF    OPTIONS    RHF     CPHF    DEN_MP2   GEOM     BASIS   
                                         2102     9001(1)
                                          RHF    DEN_MP2    

 PROGRAMS   *        TOTAL    HF-SCF      CCSD    HF-SCF       INT      CCSD    HF-SCF      CCSD    HF-SCF      CCSD    HF-SCF
 CPU TIMES  *     28942.17    115.63    805.37    101.52     21.34    356.26     20.85    788.22     88.60    809.99     95.67
 REAL TIME  *      4182.26 SEC
 DISK USED  *         2.31 GB
 **********************************************************************************************************************************


 PROGRAM * CCSD (Closed-shell coupled cluster)     Authors: C. Hampel, H.-J. Werner, 1991, M. Deegan, P.J. Knowles, 1992


 Convergence thresholds:  THRVAR = 1.00D-12  THRDEN = 1.00D-08

 Using ITF CCSD gradient implementation

 Number of core orbitals:           2 (   2 )
 Number of closed-shell orbitals:   7 (   7 )
 Number of external orbitals:     175 ( 175 )

 Molecular orbitals read from record     2102.2  Type=RHF/CANONICAL (state 1.1)

 Integral transformation finished. Total CPU:  22.23 sec, npass=  1  Memory used:  27.38 MW
  Reference energy                   -115.092011537959

  MP2 correlation energy               -0.436740516318
  MP2 total energy                   -115.528752054277

 ITER.      SQ.NORM     CORR.ENERGY   TOTAL ENERGY   ENERGY CHANGE        DEN1      VAR(S)    VAR(P)  DIIS     TIME
   1      1.12038175    -0.45319272  -115.54520426    -0.01645220    -0.00559224  1.69e-03  1.94e-03  1  1    25.26
   2      1.12837387    -0.45417711  -115.54618865    -0.00098439    -0.00936299  4.22e-05  2.70e-04  2  2    47.84
   3      1.13075778    -0.45429604  -115.54630758    -0.00011894    -0.00140713  4.45e-06  3.49e-05  3  3    70.69
   4      1.13200550    -0.45429882  -115.54631035    -0.00000277    -0.00092420  1.41e-07  3.37e-06  4  4    94.21
   5      1.13230774    -0.45427816  -115.54628970     0.00002066    -0.00019147  1.83e-08  3.19e-07  5  5   118.23
   6      1.13238689    -0.45427567  -115.54628721     0.00000249    -0.00004913  3.50e-10  1.44e-08  6  0   141.79
   7      1.13239506    -0.45427451  -115.54628604     0.00000117    -0.00000618  6.16e-11  1.05e-09  6  1   165.33
   8      1.13239526    -0.45427436  -115.54628590     0.00000014    -0.00000046  4.16e-12  1.05e-10  6  2   187.74
   9      1.13239518    -0.45427435  -115.54628588     0.00000002     0.00000001  1.68e-13  1.10e-11  6  3   211.54
  10      1.13239523    -0.45427434  -115.54628588     0.00000000    -0.00000004  2.89e-14  7.49e-13         233.74

 Norm of t1 vector:      0.05247717     S-energy:      0.00000001   T1 diagnostic:  0.00991725

 Time per iteration:                     23.38 sec

 RESULTS
 =======

  Reference energy                   -115.092011537959
  CCSD correlation energy              -0.454274342454
 !CCSD total energy                  -115.546285880413

 Starting CP-CCSD iterations.   Author: W. Gyorffy (2012)

 ITER.      NRM1           NRM2      VAR(S)+VAR(P)   DIIS    TIME
   1     0.00162566     0.38317441     5.25e-04      1  1   26.96
   2     0.00147472     0.37937662     3.81e-05      2  2   51.52
   3     0.00137041     0.37889503     4.71e-06      3  3   79.14
   4     0.00132060     0.37850411     8.93e-07      4  4  105.73
   5     0.00129305     0.37841005     9.19e-08      5  5  130.27
   6     0.00128274     0.37837674     9.29e-09      6  0  155.11
   7     0.00127998     0.37837286     1.11e-09      6  1  179.77
   8     0.00127926     0.37837160     1.44e-10      6  2  205.07
   9     0.00127913     0.37837148     1.93e-11      6  3  230.92
  10     0.00127909     0.37837143     2.51e-12      6  4  257.14
  11     0.00127910     0.37837142     2.96e-13            282.01


 Time per iteration:                     25.64 sec


 CPHF trial vector read from record  8500.2

 Starting Coupled-perturbed Hartree-Fock, convergence threshold= 1.0D-06

 ITER   MIC  DIIS      VAR         VARC       CPU
   1     0     1    0.30D-01    0.73D-03     9.34
   2     3     2    0.22D-04    0.16D-04    18.69
   3     3     3    0.89D-06    0.28D-06    28.14

 CPHF convergence reached in  3 macroiterations and    6 microiterations.   Accuracy: 8.9250D-07

 CPHF solution written to record  8500.2

 Dipole moments (unrelaxed):           -0.01488738     0.55531621    -0.36586695
 Orbital relaxation contribution:       0.00016514     0.00430504    -0.00310156
 !CCSD STATE 1.1 Dipole moment         -0.01472224     0.55962125    -0.36896851
 Dipole moment /Debye                  -0.03742019     1.42241533    -0.93782442

 CPU-time for coupled-perturbed hartree-fock:         28.21 sec

 Number of N-1 electron functions:               7
 Number of N-2 electron functions:              28
 Number of singly external CSFs:              1225
 Number of doubly external CSFs:            750925
 Total number of CSFs:                      752151

 CCSD gradient info saved on record        55555.1




 **********************************************************************************************************************************
 DATASETS  * FILE   NREC   LENGTH (MB)   RECORD NAMES
              1      22      861.48       500      610      700      701      900      950      970     1001      129      960   
                                          VAR    BASINP    GEOM     GEOM    SYMINP    ZMAT    AOBASIS   BASIS     P2S    ABASIS    
                                         1100     1400     1410     1200     1210     1080     1600     1650     1300     1700   
                                           S        T        V       H0       H01     AOSYM     SMH    MOLCAS    ERIS     OPER   
                                         1380    55555   
                                         JKOP     CCSD   

              2      12        3.69       700     1000      520     2100      200     2101     8500     9001      701     1001   
                                         GEOM     BASIS   MCVARS     RHF    OPTIONS    RHF     CPHF    DEN_MP2   GEOM     BASIS   
                                         2102     9001(1)
                                          RHF    DEN_MP2    

 PROGRAMS   *        TOTAL      CCSD    HF-SCF      CCSD    HF-SCF       INT      CCSD    HF-SCF      CCSD    HF-SCF      CCSD
 CPU TIMES  *     29730.12    787.94    115.63    805.37    101.52     21.34    356.26     20.85    788.22     88.60    809.99
 REAL TIME  *      4290.10 SEC
 DISK USED  *         2.31 GB
 **********************************************************************************************************************************

 Current geometry (xyz format, in Angstrom)


 Dump information in style XYZ to ch3oh_maxima_mp2_1.xyz                                                          

    6
 CCSD/AUG-CC-PVTZ  OPTSTEP=1  ENERGY=-115.54628588
 C          0.0015169672        0.0128088936       -0.7281250520
 O          0.0010698846       -0.0641983244        0.6899055814
 H         -0.0075440133        0.8269453997        1.0405655400
 H          0.9806531729        0.2984913962       -1.1186309194
 H         -0.2582696044       -0.9760704925       -1.1000638839
 H         -0.7498989878        0.7170414694       -1.0963765204

 **********************************************************************************************************************************

 PROGRESS OF GEOMETRY OPTIMIZATION.    TOTAL CPU:      2108.2 SEC
   1  -115.54611825  -115.54628588    -0.00016763  0.00417086  0.00651564  0.00196454  0.03490659  0.04944700  0.00449518

 **********************************************************************************************************************************

 Current geometry (xyz format, in Angstrom)


 Dump information in style XYZ to ch3oh_maxima_mp2.xyz                                                            

    6
 CCSD/AUG-CC-PVTZ  ENERGY=-115.54628588
 C          0.0015169672        0.0128088936       -0.7281250520
 O          0.0010698846       -0.0641983244        0.6899055814
 H         -0.0075440133        0.8269453997        1.0405655400
 H          0.9806531729        0.2984913962       -1.1186309194
 H         -0.2582696044       -0.9760704925       -1.1000638839
 H         -0.7498989878        0.7170414694       -1.0963765204

 **********************************************************************************************************************************

 Current variables
 RCO=                 1.42012013 ANGSTROM
 ROH=                 0.95769188 ANGSTROM
 ACOH=              108.37031728 DEGREE
 RCH1=                1.09216163 ANGSTROM
 AOCH1=             111.80775342 DEGREE
 AHH1=               75.44085811 DEGREE
 RCH2=                1.08798437 ANGSTROM
 AOCH2=             106.97748511 DEGREE
 RCH3=                1.09369950 ANGSTROM
 AOCH3=             111.77155878 DEGREE
 AHH3=              312.81097871 DEGREE

 **********************************************************************************************************************************

 PROGRAM * ALASKA (Gradient of the energy)     Author: R. Lindh


 CCSD Gradient info restored from record   55555.1

 Number of core orbitals:           2 (   2 )
 Number of closed-shell orbitals:   7 (   7 )
 Number of external orbitals:     175 ( 175 )

 Integral thresholds in T2TRAN:            1.0D-10 (PROD)

 Available memory for Transformation: 497467824 words
 Memory needed for incore algorithm:   11782801 words
 Minimum memory needed:                 3718915 words

 Memory used for transformation:          16.57 MW
 Available memory for gradients:         482.90 MW

 CPU for transformation:                 160.20 sec
 CPU for integrals and gradient:         114.81 sec
 Total CPU:                              275.01 sec

 Prescreening statistics:
 ========================

 Total number of shell quadruplets:        2.22D+04
 Number of shell quadruplets processed:    2.22D+04 (100.00%)

 CCSD GRADIENT FOR STATE 1.1

 Atom          dE/dx               dE/dy               dE/dz

   1         0.002557586        -0.000612104        -0.000024960
   2         0.000731968        -0.000043055        -0.000115709
   3        -0.000926256         0.000092945        -0.000008390
   4        -0.000375275         0.000178290         0.000206721
   5        -0.001404933         0.000357987         0.000076494
   6        -0.000583090         0.000025937        -0.000134157

 Nuclear force contribution to virial =        -0.000001446
 Reading points 1 to 2 from record 701.2,  wavefunction type=CCSD            

 Making model hessian for Z-matrix coordinates
 BFGS update of hessian using  1 points

 Entering Rational Function Geometry Optimization

 Optimization point 2

 Variable                      Last           Current        Next           Gradient       Hessian

 E(CCSD) / Hartree        -115.54611825  -115.54628588  -115.54629115
 RCO / ANGSTROM              1.42008331     1.42012013     1.42023339    -0.00023916     2.23580096
 ROH / ANGSTROM              0.95768305     0.95769188     0.95761255     0.00017337     2.54306353
 ACOH / DEGREE             108.37687883   108.37031728   108.38863516    -0.00000140     0.00007372
 RCH1 / ANGSTROM             1.09292043     1.09216163     1.09263296    -0.00068732     1.72839103
 AOCH1 / DEGREE            111.76979169   111.80775342   111.72207347    -0.00000240     0.00007171
 AHH1 / DEGREE              73.44085811    75.44085811    75.84997332    -0.00000938     0.00005003
 RCH2 / ANGSTROM             1.08793511     1.08798437     1.08799805    -0.00003035     1.74551319
 AOCH2 / DEGREE            106.94527210   106.97748511   107.01122907    -0.00000198     0.00007625
 RCH3 / ANGSTROM             1.09291437     1.09369950     1.09309391     0.00087396     1.72363177
 AOCH3 / DEGREE            111.87124664   111.77155878   111.88472407    -0.00000141     0.00007140
 AHH3 / DEGREE             310.81097871   312.81097871   313.26563339    -0.00001268     0.00005086
 Convergence:                0.00000000  (line search)     0.01107752     0.00110995  (total)

 Geometry written to block  3 of record 701

 Running procedure: RUNCCSD


 Recomputing integrals since geometry changed


 PROGRAM * SEWARD (Integral evaluation for generally contracted gaussian basis sets)     Author: Roland Lindh, 1990

 Geometry written to block  3 of record 701

 Orientation using atomic masses  
 Molecule type: Asymmetric top
 Rotational constants:      23.9505161     24.8073426    128.6749918 GHz  (calculated with average atomic masses)

 Point group  C1  



 ATOMIC COORDINATES

 NR  ATOM    CHARGE       X              Y              Z

   1  C       6.00    0.001828325    0.024425218   -1.376016896
   2  O       8.00    0.001230472   -0.121354634    1.303873057
   3  H       1.00   -0.002878889    1.562321202    1.967170178
   4  H1      1.00    1.860864524    0.538440598   -2.112954404
   5  H2      1.00   -0.502486767   -1.840336324   -2.079964377
   6  H3      1.00   -1.396817622    1.374820709   -2.073959363

 Bond lengths in Bohr (Angstrom)

 1-2  2.683852135  1-4  2.064777056  1-5  2.056018331  1-6  2.065648120  2-3  1.809625453
     ( 1.420233387)     ( 1.092632964)     ( 1.087998046)     ( 1.093093911)     ( 0.957612550)

 Bond angles

  1-2-3  108.38863516   2-1-4  111.72207347   2-1-5  107.01122907   2-1-6  111.88472407

  4-1-5  108.93124885   4-1-6  109.04387553   5-1-6  108.12904808

 NUCLEAR CHARGE:                   18
 NUMBER OF PRIMITIVE AOS:         242
 NUMBER OF SYMMETRY AOS:          216
 NUMBER OF CONTRACTIONS:          184   (  184A   )
 NUMBER OF INNER CORE ORBITALS:     0   (    0A   )
 NUMBER OF OUTER CORE ORBITALS:     2   (    2A   )
 NUMBER OF VALENCE ORBITALS:       12   (   12A   )


 NUCLEAR REPULSION ENERGY   40.34161605

 Eigenvalues of metric

         1 0.611E-04 0.746E-04 0.894E-04 0.204E-03 0.412E-03 0.479E-03 0.761E-03 0.782E-03


 Contracted 2-electron integrals neglected if value below      1.0D-11
 AO integral compression algorithm  1   Integral accuracy      1.0D-11

     709.886 MB (compressed) written to integral file ( 52.3%)


 NUMBER OF SORTED TWO-ELECTRON INTEGRALS:  144848710.     BUFFER LENGTH:  32768
 NUMBER OF SEGMENTS:  10  SEGMENT LENGTH:   15999503      RECORD LENGTH: 524288

 Memory used in sort:      16.56 MW

 SORT1 READ   169623812. AND WROTE   143570933. INTEGRALS IN    414 RECORDS. CPU TIME:     1.14 SEC, REAL TIME:     1.76 SEC
 SORT2 READ   143570933. AND WROTE   144848710. INTEGRALS IN   2708 RECORDS. CPU TIME:     1.25 SEC, REAL TIME:     1.71 SEC

 FILE SIZES:   FILE 1:   741.4 MBYTE,  FILE 4:  1736.5 MBYTE,   TOTAL:   2477.9 MBYTE

 OPERATOR DM      FOR CENTER  0  COORDINATES:    0.000000    0.000000    0.000000

 Program * Restricted Hartree-Fock

 Molecular orbitals read from record     2102.2  Type=RHF/CANONICAL (state 1.1)

 NELEC=   18   SYM=1   MS2= 0   THRE=1.0D-09   THRD=1.0D-06   THRG=1.0D-06  HFMA2=F  DIIS_START=2   DIIS_MAX=10   DIIS_INCORE=F

 Level shifts:    0.00 (CLOSED)    0.00 (OPEN)    0.30 (GAP_MIN)

 ITER           ETOT              DE          GRAD        DDIFF     DIIS  NEXP   TIME(IT)  TIME(TOT)  DIAG
   1     -115.09195620    -115.09195620     0.00D+00     0.47D-01     0     0       9.66      9.67    start
   2     -115.09201237      -0.00005617     0.16D-03     0.17D-03     1     0       8.80     18.47    diag
   3     -115.09202028      -0.00000791     0.44D-04     0.51D-04     2     0       9.54     28.01    diag
   4     -115.09202078      -0.00000050     0.99D-05     0.16D-04     3     0       9.32     37.33    diag
   5     -115.09202079      -0.00000001     0.19D-05     0.23D-05     4     0       9.03     46.36    diag
   6     -115.09202079      -0.00000000     0.88D-06     0.86D-06     5     0       9.39     55.75    diag
   7     -115.09202079      -0.00000000     0.22D-06     0.29D-06     6     0       9.50     65.25    diag
   8     -115.09202079      -0.00000000     0.71D-07     0.73D-07     0     0      10.01     75.26    fixocc

 Final occupancy:   9

 !RHF STATE 1.1 Energy               -115.092020788281
  RHF One-electron energy            -236.915339879815
  RHF Two-electron energy              81.481703045816
  RHF Kinetic energy                  114.923436927025
  RHF Nuclear energy                   40.341616045718
  RHF Virial quotient                  -1.001466923247

 !RHF STATE 1.1 Dipole moment          -0.00978537     0.59249257    -0.39130191
 Dipole moment /Debye                  -0.02487193     1.50596591    -0.99459026

 Orbital energies:

           1.1          2.1          3.1          4.1          5.1          6.1          7.1          8.1          9.1         10.1
    -20.558583   -11.271388    -1.358150    -0.926073    -0.691731    -0.620803    -0.593824    -0.503831    -0.451587     0.028470

          11.1
      0.042967


 HOMO      9.1    -0.451587 =     -12.2883eV
 LUMO     10.1     0.028470 =       0.7747eV
 LUMO-HOMO         0.480057 =      13.0630eV

 Orbitals saved in record  2102.2


 **********************************************************************************************************************************
 DATASETS  * FILE   NREC   LENGTH (MB)   RECORD NAMES
              1      20      623.88       500      610      700      701      900      950      970     1001      129      960   
                                          VAR    BASINP    GEOM     GEOM    SYMINP    ZMAT    AOBASIS   BASIS     P2S    ABASIS    
                                         1100     1400     1410     1200     1210     1080     1600     1650     1300     1700   
                                           S        T        V       H0       H01     AOSYM     SMH    MOLCAS    ERIS     OPER   

              2      12        3.69       700     1000      520     2100      200     2101     8500     9001      701     1001   
                                         GEOM     BASIS   MCVARS     RHF    OPTIONS    RHF     CPHF    DEN_MP2   GEOM     BASIS   
                                         2102     9001(1)
                                          RHF    DEN_MP2    

 PROGRAMS   *        TOTAL    HF-SCF      CCSD    HF-SCF      CCSD    HF-SCF       INT      CCSD    HF-SCF      CCSD    HF-SCF
 CPU TIMES  *     30103.04     96.78    787.94    115.63    805.37    101.52     21.34    356.26     20.85    788.22     88.60
 REAL TIME  *      4357.06 SEC
 DISK USED  *         2.31 GB
 **********************************************************************************************************************************


 PROGRAM * CCSD (Closed-shell coupled cluster)     Authors: C. Hampel, H.-J. Werner, 1991, M. Deegan, P.J. Knowles, 1992


 Convergence thresholds:  THRVAR = 1.00D-12  THRDEN = 1.00D-08

 Using ITF CCSD gradient implementation

 Number of core orbitals:           2 (   2 )
 Number of closed-shell orbitals:   7 (   7 )
 Number of external orbitals:     175 ( 175 )

 Molecular orbitals read from record     2102.2  Type=RHF/CANONICAL (state 1.1)

 Integral transformation finished. Total CPU:  22.97 sec, npass=  1  Memory used:  27.38 MW
  Reference energy                   -115.092020788281

  MP2 correlation energy               -0.436736838868
  MP2 total energy                   -115.528757627149

 ITER.      SQ.NORM     CORR.ENERGY   TOTAL ENERGY   ENERGY CHANGE        DEN1      VAR(S)    VAR(P)  DIIS     TIME
   1      1.12038014    -0.45318914  -115.54520993    -0.01645230    -0.00559258  1.69e-03  1.94e-03  1  1    24.47
   2      1.12837189    -0.45417335  -115.54619413    -0.00098420    -0.00936273  4.22e-05  2.70e-04  2  2    48.72
   3      1.13075571    -0.45429226  -115.54631305    -0.00011891    -0.00140705  4.45e-06  3.49e-05  3  3    73.16
   4      1.13200331    -0.45429502  -115.54631581    -0.00000276    -0.00092412  1.41e-07  3.37e-06  4  4    95.62
   5      1.13230549    -0.45427436  -115.54629515     0.00002066    -0.00019143  1.83e-08  3.19e-07  5  5   118.52
   6      1.13238462    -0.45427187  -115.54629266     0.00000249    -0.00004912  3.49e-10  1.44e-08  6  0   142.21
   7      1.13239278    -0.45427071  -115.54629150     0.00000116    -0.00000618  6.16e-11  1.05e-09  6  1   165.73
   8      1.13239298    -0.45427057  -115.54629136     0.00000014    -0.00000046  4.16e-12  1.05e-10  6  2   188.72
   9      1.13239290    -0.45427055  -115.54629134     0.00000002     0.00000001  1.68e-13  1.10e-11  6  3   213.49
  10      1.13239296    -0.45427054  -115.54629133     0.00000000    -0.00000004  2.89e-14  7.49e-13         237.03

 Norm of t1 vector:      0.05247831     S-energy:      0.00000002   T1 diagnostic:  0.00991747

 Time per iteration:                     23.71 sec

 RESULTS
 =======

  Reference energy                   -115.092020788281
  CCSD correlation energy              -0.454270544712
 !CCSD total energy                  -115.546291332993

 Starting CP-CCSD iterations.   Author: W. Gyorffy (2012)

 ITER.      NRM1           NRM2      VAR(S)+VAR(P)   DIIS    TIME
   1     0.00162567     0.38317322     5.25e-04      1  1   28.73
   2     0.00147472     0.37937519     3.81e-05      2  2   55.64
   3     0.00137040     0.37889360     4.71e-06      3  3   83.50
   4     0.00132058     0.37850263     8.93e-07      4  4  110.02
   5     0.00129301     0.37840856     9.19e-08      5  5  134.72
   6     0.00128270     0.37837524     9.29e-09      6  0  162.81
   7     0.00127995     0.37837136     1.11e-09      6  1  190.30
   8     0.00127923     0.37837010     1.44e-10      6  2  215.95
   9     0.00127909     0.37836998     1.92e-11      6  3  246.66
  10     0.00127905     0.37836992     2.51e-12      6  4  274.99
  11     0.00127906     0.37836991     2.96e-13            299.53


 Time per iteration:                     27.23 sec


 CPHF trial vector read from record  8500.2

 Starting Coupled-perturbed Hartree-Fock, convergence threshold= 1.0D-06

 ITER   MIC  DIIS      VAR         VARC       CPU
   1     0     1    0.48D-02    0.13D-03     9.31
   2     3     2    0.34D-05    0.25D-05    18.71
   3     1     3    0.37D-06    0.62D-07    28.14

 CPHF convergence reached in  3 macroiterations and    4 microiterations.   Accuracy: 3.7050D-07

 CPHF solution written to record  8500.2

 Dipole moments (unrelaxed):           -0.01072112     0.55548957    -0.36581399
 Orbital relaxation contribution:       0.00015076     0.00431110    -0.00309856
 !CCSD STATE 1.1 Dipole moment         -0.01057036     0.55980067    -0.36891254
 Dipole moment /Debye                  -0.02686718     1.42287137    -0.93768216

 CPU-time for coupled-perturbed hartree-fock:         28.21 sec

 Number of N-1 electron functions:               7
 Number of N-2 electron functions:              28
 Number of singly external CSFs:              1225
 Number of doubly external CSFs:            750925
 Total number of CSFs:                      752151

 CCSD gradient info saved on record        55555.1




 **********************************************************************************************************************************
 DATASETS  * FILE   NREC   LENGTH (MB)   RECORD NAMES
              1      22      859.88       500      610      700      701      900      950      970     1001      129      960   
                                          VAR    BASINP    GEOM     GEOM    SYMINP    ZMAT    AOBASIS   BASIS     P2S    ABASIS    
                                         1100     1400     1410     1200     1210     1080     1600     1650     1300     1700   
                                           S        T        V       H0       H01     AOSYM     SMH    MOLCAS    ERIS     OPER   
                                         1380    55555   
                                         JKOP     CCSD   

              2      12        3.69       700     1000      520     2100      200     2101     8500     9001      701     1001   
                                         GEOM     BASIS   MCVARS     RHF    OPTIONS    RHF     CPHF    DEN_MP2   GEOM     BASIS   
                                         2102     9001(1)
                                          RHF    DEN_MP2    

 PROGRAMS   *        TOTAL      CCSD    HF-SCF      CCSD    HF-SCF      CCSD    HF-SCF       INT      CCSD    HF-SCF      CCSD
 CPU TIMES  *     30917.05    814.00     96.78    787.94    115.63    805.37    101.52     21.34    356.26     20.85    788.22
 REAL TIME  *      4468.19 SEC
 DISK USED  *         2.31 GB
 **********************************************************************************************************************************

 Current geometry (xyz format, in Angstrom)


 Dump information in style XYZ to ch3oh_maxima_mp2_2.xyz                                                          

    6
 CCSD/AUG-CC-PVTZ  OPTSTEP=2  ENERGY=-115.54629133
 C          0.0009675078        0.0129252689       -0.7281567832
 O          0.0006511378       -0.0642181069        0.6899799076
 H         -0.0015234425        0.8267447763        1.0409816279
 H          0.9847270988        0.2849304941       -1.1181273183
 H         -0.2659045456       -0.9738640432       -1.1006697479
 H         -0.7391640533        0.7275237884       -1.0974920314

 **********************************************************************************************************************************

 PROGRESS OF GEOMETRY OPTIMIZATION.    TOTAL CPU:      3295.1 SEC
   1  -115.54611825  -115.54628588    -0.00016763  0.00417086  0.00651564  0.00196454  0.03490659  0.04944700  0.00449518
   2  -115.54628588  -115.54629133    -0.00000545  0.00072644  0.00110995  0.00033466  0.00793522  0.01107752  0.00100705

 **********************************************************************************************************************************

 Current geometry (xyz format, in Angstrom)


 Dump information in style XYZ to ch3oh_maxima_mp2.xyz                                                            

    6
 CCSD/AUG-CC-PVTZ  ENERGY=-115.54629133
 C          0.0009675078        0.0129252689       -0.7281567832
 O          0.0006511378       -0.0642181069        0.6899799076
 H         -0.0015234425        0.8267447763        1.0409816279
 H          0.9847270988        0.2849304941       -1.1181273183
 H         -0.2659045456       -0.9738640432       -1.1006697479
 H         -0.7391640533        0.7275237884       -1.0974920314

 **********************************************************************************************************************************

 Current variables
 RCO=                 1.42023339 ANGSTROM
 ROH=                 0.95761255 ANGSTROM
 ACOH=              108.38863516 DEGREE
 RCH1=                1.09263296 ANGSTROM
 AOCH1=             111.72207347 DEGREE
 AHH1=               75.84997332 DEGREE
 RCH2=                1.08799805 ANGSTROM
 AOCH2=             107.01122907 DEGREE
 RCH3=                1.09309391 ANGSTROM
 AOCH3=             111.88472407 DEGREE
 AHH3=              313.26563339 DEGREE

 **********************************************************************************************************************************

 PROGRAM * ALASKA (Gradient of the energy)     Author: R. Lindh


 CCSD Gradient info restored from record   55555.1

 Number of core orbitals:           2 (   2 )
 Number of closed-shell orbitals:   7 (   7 )
 Number of external orbitals:     175 ( 175 )

 Integral thresholds in T2TRAN:            1.0D-10 (PROD)

 Available memory for Transformation: 497467824 words
 Memory needed for incore algorithm:   11782801 words
 Minimum memory needed:                 3718915 words

 Memory used for transformation:          16.57 MW
 Available memory for gradients:         482.90 MW

 CPU for transformation:                 162.80 sec
 CPU for integrals and gradient:         118.50 sec
 Total CPU:                              281.30 sec

 Prescreening statistics:
 ========================

 Total number of shell quadruplets:        2.22D+04
 Number of shell quadruplets processed:    2.22D+04 (100.00%)

 CCSD GRADIENT FOR STATE 1.1

 Atom          dE/dx               dE/dy               dE/dz

   1         0.001071009        -0.000323827         0.000003526
   2         0.000988487         0.000008834         0.000013670
   3        -0.000938314         0.000022679        -0.000003129
   4        -0.000180771        -0.000052157         0.000087412
   5        -0.000798592         0.000219397         0.000001481
   6        -0.000141819         0.000125074        -0.000102960

 Nuclear force contribution to virial =         0.000067993
 Reading points 1 to 3 from record 701.2,  wavefunction type=CCSD            

 Making model hessian for Z-matrix coordinates
 BFGS update of hessian using  2 points

 Entering Rational Function Geometry Optimization

 Optimization point 3

 Variable                      Last           Current        Next           Gradient       Hessian

 E(CCSD) / Hartree        -115.54628588  -115.54629133  -115.54629145
 RCO / ANGSTROM              1.42012013     1.42023339     1.42022836     0.00001664     2.23599468
 ROH / ANGSTROM              0.95769188     0.95761255     0.95759324     0.00004173     2.54241490
 ACOH / DEGREE             108.37031728   108.38863516   108.39439191    -0.00000037     0.00007361
 RCH1 / ANGSTROM             1.09216163     1.09263296     1.09287710    -0.00039106     1.69002197
 AOCH1 / DEGREE            111.80775342   111.72207347   111.73116213    -0.00000053     0.00007137
 AHH1 / DEGREE              75.44085811    75.84997332    75.85558556     0.00000004     0.00005039
 RCH2 / ANGSTROM             1.08798437     1.08799805     1.08800292    -0.00000682     1.74536454
 AOCH2 / DEGREE            106.97748511   107.01122907   107.00860215     0.00000042     0.00007642
 RCH3 / ANGSTROM             1.09369950     1.09309391     1.09284113     0.00040172     1.67582152
 AOCH3 / DEGREE            111.77155878   111.88472407   111.86763629     0.00000118     0.00007198
 AHH3 / DEGREE             312.81097871   313.26563339   313.27844582    -0.00000033     0.00005065
 Convergence:                0.00000000  (line search)     0.00079274     0.00030898  (total)

 Geometry written to block  4 of record 701

 Running procedure: RUNCCSD


 Recomputing integrals since geometry changed


 PROGRAM * SEWARD (Integral evaluation for generally contracted gaussian basis sets)     Author: Roland Lindh, 1990

 Geometry written to block  4 of record 701

 Orientation using atomic masses  
 Molecule type: Asymmetric top
 Rotational constants:      23.9508987     24.8077718    128.6738109 GHz  (calculated with average atomic masses)

 Point group  C1  



 ATOMIC COORDINATES

 NR  ATOM    CHARGE       X              Y              Z

   1  C       6.00    0.001716605    0.024444314   -1.376028001
   2  O       8.00    0.001307905   -0.121366331    1.303850799
   3  H       1.00   -0.003097727    1.562200331    1.967323566
   4  H1      1.00    1.860950417    0.538759102   -2.113550640
   5  H2      1.00   -0.502277617   -1.840449530   -2.079881681
   6  H3      1.00   -1.396791652    1.374694402   -2.073113576

 Bond lengths in Bohr (Angstrom)

 1-2  2.683842636  1-4  2.065238416  1-5  2.056027535  1-6  2.065170440  2-3  1.809588967
     ( 1.420228361)     ( 1.092877105)     ( 1.088002917)     ( 1.092841133)     ( 0.957593242)

 Bond angles

  1-2-3  108.39439191   2-1-4  111.73116213   2-1-5  107.00860215   2-1-6  111.86763629

  4-1-5  108.92372879   4-1-6  109.04281510   5-1-6  108.14884156

 NUCLEAR CHARGE:                   18
 NUMBER OF PRIMITIVE AOS:         242
 NUMBER OF SYMMETRY AOS:          216
 NUMBER OF CONTRACTIONS:          184   (  184A   )
 NUMBER OF INNER CORE ORBITALS:     0   (    0A   )
 NUMBER OF OUTER CORE ORBITALS:     2   (    2A   )
 NUMBER OF VALENCE ORBITALS:       12   (   12A   )


 NUCLEAR REPULSION ENERGY   40.34186751

 Eigenvalues of metric

         1 0.611E-04 0.746E-04 0.894E-04 0.204E-03 0.412E-03 0.478E-03 0.761E-03 0.782E-03


 Contracted 2-electron integrals neglected if value below      1.0D-11
 AO integral compression algorithm  1   Integral accuracy      1.0D-11

     709.362 MB (compressed) written to integral file ( 52.3%)


 NUMBER OF SORTED TWO-ELECTRON INTEGRALS:  144848710.     BUFFER LENGTH:  32768
 NUMBER OF SEGMENTS:  10  SEGMENT LENGTH:   15999503      RECORD LENGTH: 524288

 Memory used in sort:      16.56 MW

 SORT1 READ   169623812. AND WROTE   143564259. INTEGRALS IN    414 RECORDS. CPU TIME:     1.13 SEC, REAL TIME:     1.75 SEC
 SORT2 READ   143564259. AND WROTE   144848710. INTEGRALS IN   2706 RECORDS. CPU TIME:     1.24 SEC, REAL TIME:     1.72 SEC

 FILE SIZES:   FILE 1:   740.9 MBYTE,  FILE 4:  1736.5 MBYTE,   TOTAL:   2477.4 MBYTE

 OPERATOR DM      FOR CENTER  0  COORDINATES:    0.000000    0.000000    0.000000

 Program * Restricted Hartree-Fock

 Molecular orbitals read from record     2102.2  Type=RHF/CANONICAL (state 1.1)

 NELEC=   18   SYM=1   MS2= 0   THRE=1.0D-09   THRD=1.0D-07   THRG=1.0D-07  HFMA2=F  DIIS_START=2   DIIS_MAX=10   DIIS_INCORE=F

 Level shifts:    0.00 (CLOSED)    0.00 (OPEN)    0.30 (GAP_MIN)

 ITER           ETOT              DE          GRAD        DDIFF     DIIS  NEXP   TIME(IT)  TIME(TOT)  DIAG
   1     -115.09202239    -115.09202239     0.00D+00     0.47D-01     0     0       9.48      9.49    start
   2     -115.09202245      -0.00000006     0.56D-05     0.12D-04     1     0       9.66     19.15    diag
   3     -115.09202245      -0.00000001     0.14D-05     0.21D-05     2     0       9.37     28.52    diag
   4     -115.09202245      -0.00000000     0.39D-06     0.62D-06     3     0       9.02     37.54    diag
   5     -115.09202245      -0.00000000     0.13D-06     0.15D-06     4     0       9.00     46.54    diag
   6     -115.09202245      -0.00000000     0.51D-07     0.55D-07     5     0       8.78     55.32    diag
   7     -115.09202245       0.00000000     0.14D-07     0.13D-07     0     0       9.19     64.51    diag

 Final occupancy:   9

 !RHF STATE 1.1 Energy               -115.092022453139
  RHF One-electron energy            -236.915855169730
  RHF Two-electron energy              81.481965204650
  RHF Kinetic energy                  114.923493091595
  RHF Nuclear energy                   40.341867511941
  RHF Virial quotient                  -1.001466448304

 !RHF STATE 1.1 Dipole moment          -0.01004485     0.59251891    -0.39124180
 Dipole moment /Debye                  -0.02553146     1.50603285    -0.99443746

 Orbital energies:

           1.1          2.1          3.1          4.1          5.1          6.1          7.1          8.1          9.1         10.1
    -20.558574   -11.271387    -1.358151    -0.926073    -0.691747    -0.620776    -0.593837    -0.503848    -0.451569     0.028470

          11.1
      0.042966


 HOMO      9.1    -0.451569 =     -12.2878eV
 LUMO     10.1     0.028470 =       0.7747eV
 LUMO-HOMO         0.480040 =      13.0625eV

 Orbitals saved in record  2102.2


 **********************************************************************************************************************************
 DATASETS  * FILE   NREC   LENGTH (MB)   RECORD NAMES
              1      20      623.35       500      610      700      701      900      950      970     1001      129      960   
                                          VAR    BASINP    GEOM     GEOM    SYMINP    ZMAT    AOBASIS   BASIS     P2S    ABASIS    
                                         1100     1400     1410     1200     1210     1080     1600     1650     1300     1700   
                                           S        T        V       H0       H01     AOSYM     SMH    MOLCAS    ERIS     OPER   

              2      12        3.69       700     1000      520     2100      200     2101     8500     9001      701     1001   
                                         GEOM     BASIS   MCVARS     RHF    OPTIONS    RHF     CPHF    DEN_MP2   GEOM     BASIS   
                                         2102     9001(1)
                                          RHF    DEN_MP2    

 PROGRAMS   *        TOTAL    HF-SCF      CCSD    HF-SCF      CCSD    HF-SCF      CCSD    HF-SCF       INT      CCSD    HF-SCF
 CPU TIMES  *     31285.55     86.09    814.00     96.78    787.94    115.63    805.37    101.52     21.34    356.26     20.85
 REAL TIME  *      4534.72 SEC
 DISK USED  *         2.31 GB
 **********************************************************************************************************************************


 PROGRAM * CCSD (Closed-shell coupled cluster)     Authors: C. Hampel, H.-J. Werner, 1991, M. Deegan, P.J. Knowles, 1992


 Convergence thresholds:  THRVAR = 1.00D-12  THRDEN = 1.00D-08

 Using ITF CCSD gradient implementation

 Number of core orbitals:           2 (   2 )
 Number of closed-shell orbitals:   7 (   7 )
 Number of external orbitals:     175 ( 175 )

 Molecular orbitals read from record     2102.2  Type=RHF/CANONICAL (state 1.1)

 Integral transformation finished. Total CPU:  22.26 sec, npass=  1  Memory used:  27.38 MW
  Reference energy                   -115.092022453139

  MP2 correlation energy               -0.436735035646
  MP2 total energy                   -115.528757488785

 ITER.      SQ.NORM     CORR.ENERGY   TOTAL ENERGY   ENERGY CHANGE        DEN1      VAR(S)    VAR(P)  DIIS     TIME
   1      1.12037888    -0.45318763  -115.54521008    -0.01645259    -0.00559303  1.69e-03  1.94e-03  1  1    23.87
   2      1.12837048    -0.45417183  -115.54619429    -0.00098421    -0.00936259  4.22e-05  2.70e-04  2  2    46.61
   3      1.13075429    -0.45429074  -115.54631319    -0.00011890    -0.00140706  4.45e-06  3.49e-05  3  3    71.44
   4      1.13200186    -0.45429349  -115.54631595    -0.00000276    -0.00092410  1.41e-07  3.37e-06  4  4    94.52
   5      1.13230402    -0.45427284  -115.54629529     0.00002066    -0.00019143  1.83e-08  3.19e-07  5  5   116.93
   6      1.13238315    -0.45427035  -115.54629280     0.00000249    -0.00004912  3.49e-10  1.44e-08  6  0   139.85
   7      1.13239131    -0.45426918  -115.54629164     0.00000116    -0.00000618  6.16e-11  1.05e-09  6  1   165.05
   8      1.13239151    -0.45426904  -115.54629150     0.00000014    -0.00000046  4.16e-12  1.05e-10  6  2   188.80
   9      1.13239143    -0.45426903  -115.54629148     0.00000002     0.00000001  1.68e-13  1.10e-11  6  3   212.69
  10      1.13239148    -0.45426902  -115.54629147     0.00000000    -0.00000004  2.89e-14  7.49e-13         235.50

 Norm of t1 vector:      0.05247833     S-energy:      0.00000000   T1 diagnostic:  0.00991747

 Time per iteration:                     23.55 sec

 RESULTS
 =======

  Reference energy                   -115.092022453139
  CCSD correlation energy              -0.454269021480
 !CCSD total energy                  -115.546291474619

 Starting CP-CCSD iterations.   Author: W. Gyorffy (2012)

 ITER.      NRM1           NRM2      VAR(S)+VAR(P)   DIIS    TIME
   1     0.00162565     0.38316974     5.25e-04      1  1   24.18
   2     0.00147471     0.37937167     3.81e-05      2  2   49.49
   3     0.00137038     0.37889009     4.71e-06      3  3   76.91
   4     0.00132056     0.37849911     8.93e-07      4  4  102.03
   5     0.00129299     0.37840503     9.20e-08      5  5  128.65
   6     0.00128268     0.37837171     9.29e-09      6  0  152.53
   7     0.00127992     0.37836783     1.11e-09      6  1  177.33
   8     0.00127921     0.37836657     1.44e-10      6  2  201.80
   9     0.00127907     0.37836645     1.92e-11      6  3  227.19
  10     0.00127903     0.37836640     2.51e-12      6  4  252.12
  11     0.00127904     0.37836639     2.96e-13            276.01


 Time per iteration:                     25.09 sec


 CPHF trial vector read from record  8500.2

 Starting Coupled-perturbed Hartree-Fock, convergence threshold= 1.0D-06

 ITER   MIC  DIIS      VAR         VARC       CPU
   1     0     1    0.18D-03    0.99D-05     9.37
   2     3     2    0.61D-06    0.23D-06    18.74

 CPHF convergence reached in  2 macroiterations and    3 microiterations.   Accuracy: 6.1017D-07

 CPHF solution written to record  8500.2

 Dipole moments (unrelaxed):           -0.01095025     0.55551356    -0.36575528
 Orbital relaxation contribution:       0.00014682     0.00431106    -0.00309909
 !CCSD STATE 1.1 Dipole moment         -0.01080343     0.55982461    -0.36885436
 Dipole moment /Debye                  -0.02745957     1.42293224    -0.93753428

 CPU-time for coupled-perturbed hartree-fock:         18.79 sec

 Number of N-1 electron functions:               7
 Number of N-2 electron functions:              28
 Number of singly external CSFs:              1225
 Number of doubly external CSFs:            750925
 Total number of CSFs:                      752151

 CCSD gradient info saved on record        55555.1




 **********************************************************************************************************************************
 DATASETS  * FILE   NREC   LENGTH (MB)   RECORD NAMES
              1      22      859.35       500      610      700      701      900      950      970     1001      129      960   
                                          VAR    BASINP    GEOM     GEOM    SYMINP    ZMAT    AOBASIS   BASIS     P2S    ABASIS    
                                         1100     1400     1410     1200     1210     1080     1600     1650     1300     1700   
                                           S        T        V       H0       H01     AOSYM     SMH    MOLCAS    ERIS     OPER   
                                         1380    55555   
                                         JKOP     CCSD   

              2      12        3.69       700     1000      520     2100      200     2101     8500     9001      701     1001   
                                         GEOM     BASIS   MCVARS     RHF    OPTIONS    RHF     CPHF    DEN_MP2   GEOM     BASIS   
                                         2102     9001(1)
                                          RHF    DEN_MP2    

 PROGRAMS   *        TOTAL      CCSD    HF-SCF      CCSD    HF-SCF      CCSD    HF-SCF      CCSD    HF-SCF       INT      CCSD
 CPU TIMES  *     32048.58    763.02     86.09    814.00     96.78    787.94    115.63    805.37    101.52     21.34    356.26
 REAL TIME  *      4639.59 SEC
 DISK USED  *         2.31 GB
 **********************************************************************************************************************************

 Current geometry (xyz format, in Angstrom)


 Dump information in style XYZ to ch3oh_maxima_mp2_3.xyz                                                          

    6
 CCSD/AUG-CC-PVTZ  OPTSTEP=3  ENERGY=-115.54629147
 C          0.0009083880        0.0129353738       -0.7281626596
 O          0.0006921138       -0.0642242967        0.6899681293
 H         -0.0016392467        0.8266808142        1.0410627976
 H          0.9847725513        0.2850990389       -1.1184428328
 H         -0.2657938685       -0.9739239489       -1.1006259870
 H         -0.7391503108        0.7274569495       -1.0970444603

 **********************************************************************************************************************************

 PROGRESS OF GEOMETRY OPTIMIZATION.    TOTAL CPU:      4426.7 SEC
   1  -115.54611825  -115.54628588    -0.00016763  0.00417086  0.00651564  0.00196454  0.03490659  0.04944700  0.00449518
   2  -115.54628588  -115.54629133    -0.00000545  0.00072644  0.00110995  0.00033466  0.00793522  0.01107752  0.00100705
   3  -115.54629133  -115.54629147    -0.00000014  0.00021258  0.00030898  0.00009316  0.00047768  0.00079274  0.00007207

 **********************************************************************************************************************************

 Current geometry (xyz format, in Angstrom)


 Dump information in style XYZ to ch3oh_maxima_mp2.xyz                                                            

    6
 CCSD/AUG-CC-PVTZ  ENERGY=-115.54629147
 C          0.0009083880        0.0129353738       -0.7281626596
 O          0.0006921138       -0.0642242967        0.6899681293
 H         -0.0016392467        0.8266808142        1.0410627976
 H          0.9847725513        0.2850990389       -1.1184428328
 H         -0.2657938685       -0.9739239489       -1.1006259870
 H         -0.7391503108        0.7274569495       -1.0970444603

 **********************************************************************************************************************************

 Current variables
 RCO=                 1.42022836 ANGSTROM
 ROH=                 0.95759324 ANGSTROM
 ACOH=              108.39439191 DEGREE
 RCH1=                1.09287710 ANGSTROM
 AOCH1=             111.73116213 DEGREE
 AHH1=               75.85558556 DEGREE
 RCH2=                1.08800292 ANGSTROM
 AOCH2=             107.00860215 DEGREE
 RCH3=                1.09284113 ANGSTROM
 AOCH3=             111.86763629 DEGREE
 AHH3=              313.27844582 DEGREE

 **********************************************************************************************************************************

 Recomputing wavefunction for reoriented structure

 Running procedure: RUNCCSD


 Program * Restricted Hartree-Fock

 Molecular orbitals read from record     2102.2  Type=RHF/CANONICAL (state 1.1)

 NELEC=   18   SYM=1   MS2= 0   THRE=1.0D-09   THRD=1.0D-07   THRG=1.0D-07  HFMA2=F  DIIS_START=2   DIIS_MAX=10   DIIS_INCORE=F

 Level shifts:    0.00 (CLOSED)    0.00 (OPEN)    0.30 (GAP_MIN)

 ITER           ETOT              DE          GRAD        DDIFF     DIIS  NEXP   TIME(IT)  TIME(TOT)  DIAG
   1     -115.09202245    -115.09202245     0.00D+00     0.47D-01     0     0       9.48      9.49    start
   2     -115.09202245       0.00000000     0.75D-08     0.66D-08     1     0       8.76     18.25    diag

 Final occupancy:   9

 !RHF STATE 1.1 Energy               -115.092022453139
  RHF One-electron energy            -236.915853688568
  RHF Two-electron energy              81.481963723488
  RHF Kinetic energy                  114.923491629394
  RHF Nuclear energy                   40.341867511941
  RHF Virial quotient                  -1.001466461046

 !RHF STATE 1.1 Dipole moment          -0.01004482     0.59251877    -0.39124166
 Dipole moment /Debye                  -0.02553139     1.50603248    -0.99443711

 Orbital energies:

           1.1          2.1          3.1          4.1          5.1          6.1          7.1          8.1          9.1         10.1
    -20.558574   -11.271387    -1.358151    -0.926073    -0.691747    -0.620776    -0.593837    -0.503848    -0.451569     0.028470

          11.1
      0.042966


 HOMO      9.1    -0.451569 =     -12.2878eV
 LUMO     10.1     0.028470 =       0.7747eV
 LUMO-HOMO         0.480040 =      13.0625eV

 Orbitals saved in record  2102.2


 **********************************************************************************************************************************
 DATASETS  * FILE   NREC   LENGTH (MB)   RECORD NAMES
              1      22      859.35       500      610      700      701      900      950      970     1001      129      960   
                                          VAR    BASINP    GEOM     GEOM    SYMINP    ZMAT    AOBASIS   BASIS     P2S    ABASIS    
                                         1100     1400     1410     1200     1210     1080     1600     1650     1300     1700   
                                           S        T        V       H0       H01     AOSYM     SMH    MOLCAS    ERIS     OPER   
                                         1380    55555   
                                         JKOP     CCSD   

              2      12        3.69       700     1000      520     2100      200     2101     8500     9001      701     1001   
                                         GEOM     BASIS   MCVARS     RHF    OPTIONS    RHF     CPHF    DEN_MP2   GEOM     BASIS   
                                         2102     9001(1)
                                          RHF    DEN_MP2    

 PROGRAMS   *        TOTAL    HF-SCF      CCSD    HF-SCF      CCSD    HF-SCF      CCSD    HF-SCF      CCSD    HF-SCF       INT
 CPU TIMES  *     32066.89     18.30    763.02     86.09    814.00     96.78    787.94    115.63    805.37    101.52     21.34
 REAL TIME  *      4642.54 SEC
 DISK USED  *         2.31 GB
 **********************************************************************************************************************************


 PROGRAM * CCSD (Closed-shell coupled cluster)     Authors: C. Hampel, H.-J. Werner, 1991, M. Deegan, P.J. Knowles, 1992


 Convergence thresholds:  THRVAR = 1.00D-12  THRDEN = 1.00D-08

 Number of core orbitals:           2 (   2 )
 Number of closed-shell orbitals:   7 (   7 )
 Number of external orbitals:     175 ( 175 )

 Molecular orbitals read from record     2102.2  Type=RHF/CANONICAL (state 1.1)

 Number of N-1 electron functions:               7
 Number of N-2 electron functions:              28
 Number of singly external CSFs:              1225
 Number of doubly external CSFs:            750925
 Total number of CSFs:                      752151

 Length of J-op  integral file:               0.00 MB
 Length of K-op  integral file:               2.36 MB
 Length of 3-ext integral record:             0.00 MB

 Integral transformation finished. Total CPU:  20.94 sec, npass=  1  Memory used:  27.38 MW

 Reference energy:                   -115.09202245

 MP2 singlet pair energy:              -0.28674875
 MP2 triplet pair energy:              -0.14998626
 MP2 correlation energy:               -0.43673501
 MP2 total energy:                   -115.52875747

 SCS-MP2 correlation energy:           -0.43742329   (PS=  1.200000  PT=  0.333333)
 SCS-MP2 total energy:               -115.52944574

 ITER.      SQ.NORM     CORR.ENERGY   TOTAL ENERGY   ENERGY CHANGE        DEN1      VAR(S)    VAR(P)  DIIS     TIME  TIME/IT
   1      1.12026085    -0.45310642  -115.54512887    -0.01637141    -0.00559999  0.16D-02  0.19D-02  1  1    45.07     2.71
   2      1.12852530    -0.45419905  -115.54622150    -0.00109263    -0.00965298  0.20D-04  0.25D-03  2  2    68.76     2.79
   3      1.13138562    -0.45428735  -115.54630980    -0.00008829    -0.00185029  0.16D-04  0.11D-04  3  3    91.88     2.77
   4      1.13216024    -0.45427250  -115.54629495     0.00001484    -0.00036633  0.94D-06  0.12D-05  4  4   114.22     2.76
   5      1.13233007    -0.45427392  -115.54629638    -0.00000142    -0.00005328  0.24D-06  0.10D-06  5  5   136.50     2.74
   6      1.13237739    -0.45427012  -115.54629257     0.00000381    -0.00000996  0.37D-07  0.98D-08  6  6   157.78     2.71
   7      1.13238788    -0.45426916  -115.54629161     0.00000096    -0.00000152  0.49D-08  0.21D-08  6  2   180.23     2.71
   8      1.13239049    -0.45426907  -115.54629152     0.00000009    -0.00000001  0.81D-09  0.27D-09  6  1   204.07     2.73
   9      1.13239154    -0.45426899  -115.54629145     0.00000007     0.00000019  0.74D-10  0.30D-10  6  3   228.79     2.76
  10      1.13239172    -0.45426899  -115.54629145    -0.00000000     0.00000001  0.11D-10  0.41D-11  6  4   254.63     2.79
  11      1.13239157    -0.45426902  -115.54629147    -0.00000002     0.00000011  0.14D-11  0.71D-12  6  6   281.24     2.83
  12      1.13239153    -0.45426902  -115.54629147    -0.00000000     0.00000002  0.20D-12  0.63D-13  6  5   303.70     2.82
  13      1.13239150    -0.45426902  -115.54629147    -0.00000000     0.00000001  0.21D-13  0.97D-14  6  1   327.32     2.82

 Norm of t1 vector:      0.05247840      S-energy:     0.00000000      T1 diagnostic:  0.00991749
                                                                       D1 diagnostic:  0.02323787
                                                                       D2 diagnostic:  0.13789150 (internal)


 RESULTS
 =======

  Reference energy                   -115.092022453139
  CCSD singlet pair energy             -0.318130896675
  CCSD triplet pair energy             -0.136138126216
  CCSD correlation energy              -0.454269020894

 !CCSD total energy                  -115.546291474032

 Timing summary (sec):

 STEP                 CPU(USER)    SYS     CPU(TOT)    WALL
 Transformation         21.38      0.76     22.14      3.12
 CCSD iterations       306.81      6.63    313.44     36.77

 Program statistics:

 Available memory in ccsd:               499998879
 Min. memory needed in ccsd:               2385617
 Max. memory used in ccsd:                 3007350
 Max. memory used in cckext:               2165242 (13 integral passes)



 **********************************************************************************************************************************
 DATASETS  * FILE   NREC   LENGTH (MB)   RECORD NAMES
              1      22      859.35       500      610      700      701      900      950      970     1001      129      960   
                                          VAR    BASINP    GEOM     GEOM    SYMINP    ZMAT    AOBASIS   BASIS     P2S    ABASIS    
                                         1100     1400     1410     1200     1210     1080     1600     1650     1300     1700   
                                           S        T        V       H0       H01     AOSYM     SMH    MOLCAS    ERIS     OPER   
                                         1380    55555   
                                         JKOP     CCSD   

              2      12        3.69       700     1000      520     2100      200     2101     8500     9001      701     1001   
                                         GEOM     BASIS   MCVARS     RHF    OPTIONS    RHF     CPHF    DEN_MP2   GEOM     BASIS   
                                         2102     9001(1)
                                          RHF    DEN_MP2    

 PROGRAMS   *        TOTAL      CCSD    HF-SCF      CCSD    HF-SCF      CCSD    HF-SCF      CCSD    HF-SCF      CCSD    HF-SCF
 CPU TIMES  *     32395.13    328.23     18.30    763.02     86.09    814.00     96.78    787.94    115.63    805.37    101.52
 REAL TIME  *      4682.48 SEC
 DISK USED  *         2.31 GB
 **********************************************************************************************************************************

 PROGRAM * ALASKA (Gradient of the energy)     Author: R. Lindh


 CCSD Gradient info restored from record   55555.1

 Number of core orbitals:           2 (   2 )
 Number of closed-shell orbitals:   7 (   7 )
 Number of external orbitals:     175 ( 175 )

 Integral thresholds in T2TRAN:            1.0D-10 (PROD)

 Available memory for Transformation: 497467824 words
 Memory needed for incore algorithm:   11782801 words
 Minimum memory needed:                 3718915 words

 Memory used for transformation:          16.57 MW
 Available memory for gradients:         482.90 MW

 CPU for transformation:                 159.09 sec
 CPU for integrals and gradient:         114.22 sec
 Total CPU:                              273.31 sec

 Prescreening statistics:
 ========================

 Total number of shell quadruplets:        2.22D+04
 Number of shell quadruplets processed:    2.22D+04 (100.00%)

 CCSD GRADIENT FOR STATE 1.1

 Atom          dE/dx               dE/dy               dE/dz

   1         0.005313541        -0.001219654        -0.000091332
   2         0.000745181         0.000052794        -0.000054546
   3        -0.000945951        -0.000028794        -0.000018288
   4         0.000324791         0.002256274         0.000751213
   5        -0.004828280         0.001224978         0.000179712
   6        -0.000609282        -0.002285597        -0.000766758

 Nuclear force contribution to virial =        -0.000294547
 Reading points 1 to 1 from record 701.2,  wavefunction type=CCSD            

 Making model hessian for Z-matrix coordinates
 No hessian update for point  1

 Entering Rational Function Geometry Optimization

 Optimization point 1

 Variable                      Last           Current        Next           Gradient       Hessian

 E(CCSD) / Hartree           0.00000000  -115.54604295  -115.54621891
 RCO / ANGSTROM              0.00000000     1.42022836     1.42027599    -0.00013991     2.23496164
 ROH / ANGSTROM              0.00000000     0.95759324     0.95760420     0.00003793     2.54362571
 ACOH / DEGREE               0.00000000   108.39439191   108.37594547    -0.00000077     0.00007372
 RCH1 / ANGSTROM             0.00000000     1.09287710     1.09211465     0.00131791     1.71562604
 AOCH1 / DEGREE              0.00000000   111.73116213   111.77968463    -0.00003444     0.00007062
 AHH1 / DEGREE               0.00000000    75.85558556    77.85558556    -0.00006993     0.00004880
 RCH2 / ANGSTROM             0.00000000     1.08800292     1.08805341    -0.00010090     1.74537980
 AOCH2 / DEGREE              0.00000000   107.00860215   107.04067498    -0.00000367     0.00007514
 RCH3 / ANGSTROM             0.00000000     1.09284113     1.09362286    -0.00133844     1.71561879
 AOCH3 / DEGREE              0.00000000   111.86763629   111.76389307     0.00003523     0.00006876
 AHH3 / DEGREE               0.00000000   313.27844582   315.27844582    -0.00007272     0.00005177
 Convergence:                0.00000000  (line search)     0.04945329     0.00651332  (total)

 Geometry written to block  2 of record 701

 Running procedure: RUNCCSD


 Recomputing integrals since geometry changed


 PROGRAM * SEWARD (Integral evaluation for generally contracted gaussian basis sets)     Author: Roland Lindh, 1990

 Geometry written to block  2 of record 701

 Orientation using atomic masses  
 Molecule type: Asymmetric top
 Rotational constants:      23.9561967     24.8027820    128.6484010 GHz  (calculated with average atomic masses)

 Point group  C1  



 ATOMIC COORDINATES

 NR  ATOM    CHARGE       X              Y              Z

   1  C       6.00    0.003093503    0.023964832   -1.376097770
   2  O       8.00    0.002115496   -0.121408081    1.303894807
   3  H       1.00   -0.013343952    1.562438890    1.966546698
   4  H1      1.00    1.873306405    0.484593080   -2.117303414
   5  H2      1.00   -0.571156341   -1.820670728   -2.079801087
   6  H3      1.00   -1.359249530    1.415219454   -2.068531688

 Bond lengths in Bohr (Angstrom)

 1-2  2.683932646  1-4  2.063797589  1-5  2.056122952  1-6  2.066647695  2-3  1.809609666
     ( 1.420275992)     ( 1.092114652)     ( 1.088053409)     ( 1.093622863)     ( 0.957604196)

 Bond angles

  1-2-3  108.37594547   2-1-4  111.77968463   2-1-5  107.04067498   2-1-6  111.76389307

  4-1-5  109.29370441   4-1-6  109.07375110   5-1-6  107.76854918

 NUCLEAR CHARGE:                   18
 NUMBER OF PRIMITIVE AOS:         242
 NUMBER OF SYMMETRY AOS:          216
 NUMBER OF CONTRACTIONS:          184   (  184A   )
 NUMBER OF INNER CORE ORBITALS:     0   (    0A   )
 NUMBER OF OUTER CORE ORBITALS:     2   (    2A   )
 NUMBER OF VALENCE ORBITALS:       12   (   12A   )


 NUCLEAR REPULSION ENERGY   40.34150905

 Eigenvalues of metric

         1 0.612E-04 0.748E-04 0.895E-04 0.204E-03 0.412E-03 0.478E-03 0.761E-03 0.782E-03


 Contracted 2-electron integrals neglected if value below      1.0D-11
 AO integral compression algorithm  1   Integral accuracy      1.0D-11

     712.507 MB (compressed) written to integral file ( 52.5%)


 NUMBER OF SORTED TWO-ELECTRON INTEGRALS:  144848710.     BUFFER LENGTH:  32768
 NUMBER OF SEGMENTS:  10  SEGMENT LENGTH:   15999503      RECORD LENGTH: 524288

 Memory used in sort:      16.56 MW

 SORT1 READ   169623812. AND WROTE   143581245. INTEGRALS IN    414 RECORDS. CPU TIME:     1.12 SEC, REAL TIME:     1.73 SEC
 SORT2 READ   143581245. AND WROTE   144848710. INTEGRALS IN   2718 RECORDS. CPU TIME:     1.23 SEC, REAL TIME:     1.67 SEC

 FILE SIZES:   FILE 1:   744.1 MBYTE,  FILE 4:  1736.5 MBYTE,   TOTAL:   2480.5 MBYTE

 OPERATOR DM      FOR CENTER  0  COORDINATES:    0.000000    0.000000    0.000000

 Program * Restricted Hartree-Fock

 Molecular orbitals read from record     2102.2  Type=RHF/CANONICAL (state 1.1)

 NELEC=   18   SYM=1   MS2= 0   THRE=1.0D-09   THRD=1.0D-06   THRG=1.0D-06  HFMA2=F  DIIS_START=2   DIIS_MAX=10   DIIS_INCORE=F

 Level shifts:    0.00 (CLOSED)    0.00 (OPEN)    0.30 (GAP_MIN)

 ITER           ETOT              DE          GRAD        DDIFF     DIIS  NEXP   TIME(IT)  TIME(TOT)  DIAG
   1     -115.08947462    -115.08947462     0.00D+00     0.47D-01     0     0       8.98      8.99    start
   2     -115.09160978      -0.00213516     0.98D-03     0.10D-02     1     0       8.26     17.25    diag
   3     -115.09190954      -0.00029976     0.27D-03     0.31D-03     2     0       8.88     26.13    diag
   4     -115.09192922      -0.00001968     0.62D-04     0.98D-04     3     0       8.68     34.81    diag
   5     -115.09192971      -0.00000049     0.13D-04     0.15D-04     4     0       8.36     43.17    diag
   6     -115.09192980      -0.00000009     0.56D-05     0.59D-05     5     0       9.24     52.41    diag
   7     -115.09192981      -0.00000001     0.17D-05     0.20D-05     6     0       8.35     60.76    diag
   8     -115.09192981      -0.00000000     0.59D-06     0.78D-06     7     0       9.15     69.91    fixocc
   9     -115.09192981      -0.00000000     0.14D-06     0.22D-06     8     0       8.33     78.24    diag
  10     -115.09192981      -0.00000000     0.23D-07     0.35D-07     0     0       8.63     86.87    diag/orth

 Final occupancy:   9

 !RHF STATE 1.1 Energy               -115.091929811055
  RHF One-electron energy            -236.915352887246
  RHF Two-electron energy              81.481914025610
  RHF Kinetic energy                  114.923458287152
  RHF Nuclear energy                   40.341509050581
  RHF Virial quotient                  -1.001465945477

 !RHF STATE 1.1 Dipole moment          -0.01482710     0.59347122    -0.39159692
 Dipole moment /Debye                  -0.03768673     1.50845339    -0.99534010

 Orbital energies:

           1.1          2.1          3.1          4.1          5.1          6.1          7.1          8.1          9.1         10.1
    -20.558514   -11.271399    -1.358117    -0.926036    -0.691660    -0.621150    -0.593685    -0.503467    -0.451735     0.028455

          11.1
      0.042975


 HOMO      9.1    -0.451735 =     -12.2923eV
 LUMO     10.1     0.028455 =       0.7743eV
 LUMO-HOMO         0.480190 =      13.0666eV

 Orbitals saved in record  2102.2


 **********************************************************************************************************************************
 DATASETS  * FILE   NREC   LENGTH (MB)   RECORD NAMES
              1      20      625.75       500      610      700      701      900      950      970     1001      129      960   
                                          VAR    BASINP    GEOM     GEOM    SYMINP    ZMAT    AOBASIS   BASIS     P2S    ABASIS    
                                         1100     1400     1410     1200     1210     1080     1600     1650     1300     1700   
                                           S        T        V       H0       H01     AOSYM     SMH    MOLCAS    ERIS     OPER   

              2      12        3.69       700     1000      520     2100      200     2101     8500     9001      701     1001   
                                         GEOM     BASIS   MCVARS     RHF    OPTIONS    RHF     CPHF    DEN_MP2   GEOM     BASIS   
                                         2102     9001(1)
                                          RHF    DEN_MP2    

 PROGRAMS   *        TOTAL    HF-SCF      CCSD    HF-SCF       INT      CCSD    HF-SCF      CCSD    HF-SCF      CCSD    HF-SCF
 CPU TIMES  *     33647.87    108.06    746.90    102.12     21.22    328.23     18.30    763.02     86.09    814.00     96.78
 REAL TIME  *      4877.95 SEC
 DISK USED  *         2.31 GB
 **********************************************************************************************************************************


 PROGRAM * CCSD (Closed-shell coupled cluster)     Authors: C. Hampel, H.-J. Werner, 1991, M. Deegan, P.J. Knowles, 1992


 Convergence thresholds:  THRVAR = 1.00D-12  THRDEN = 1.00D-08

 Using ITF CCSD gradient implementation

 Number of core orbitals:           2 (   2 )
 Number of closed-shell orbitals:   7 (   7 )
 Number of external orbitals:     175 ( 175 )

 Molecular orbitals read from record     2102.2  Type=RHF/CANONICAL (state 1.1)

 Integral transformation finished. Total CPU:  24.86 sec, npass=  1  Memory used:  27.38 MW
  Reference energy                   -115.091929811055

  MP2 correlation energy               -0.436746271320
  MP2 total energy                   -115.528676082374

 ITER.      SQ.NORM     CORR.ENERGY   TOTAL ENERGY   ENERGY CHANGE        DEN1      VAR(S)    VAR(P)  DIIS     TIME
   1      1.12038474    -0.45319917  -115.54512898    -0.01645290    -0.00559274  1.69e-03  1.94e-03  1  1    21.63
   2      1.12837802    -0.45418371  -115.54611352    -0.00098454    -0.00936310  4.22e-05  2.70e-04  2  2    43.41
   3      1.13076294    -0.45430265  -115.54623246    -0.00011894    -0.00140730  4.45e-06  3.49e-05  3  3    65.94
   4      1.13201124    -0.45430543  -115.54623524    -0.00000279    -0.00092426  1.41e-07  3.38e-06  4  4    86.12
   5      1.13231362    -0.45428477  -115.54621458     0.00002066    -0.00019147  1.83e-08  3.19e-07  5  5   106.61
   6      1.13239285    -0.45428228  -115.54621209     0.00000249    -0.00004914  3.52e-10  1.44e-08  6  0   128.30
   7      1.13240102    -0.45428112  -115.54621093     0.00000117    -0.00000618  6.18e-11  1.05e-09  6  1   149.37
   8      1.13240122    -0.45428098  -115.54621079     0.00000014    -0.00000046  4.17e-12  1.05e-10  6  2   170.97
   9      1.13240115    -0.45428096  -115.54621077     0.00000002     0.00000001  1.70e-13  1.10e-11  6  3   194.25
  10      1.13240120    -0.45428095  -115.54621076     0.00000000    -0.00000004  2.90e-14  7.51e-13         215.43

 Norm of t1 vector:      0.05250197     S-energy:      0.00000001   T1 diagnostic:  0.00992194

 Time per iteration:                     21.55 sec

 RESULTS
 =======

  Reference energy                   -115.091929811055
  CCSD correlation energy              -0.454280953259
 !CCSD total energy                  -115.546210764314

 Starting CP-CCSD iterations.   Author: W. Gyorffy (2012)

 ITER.      NRM1           NRM2      VAR(S)+VAR(P)   DIIS    TIME
   1     0.00162722     0.38318915     5.25e-04      1  1   25.02
   2     0.00147613     0.37938958     3.81e-05      2  2   51.31
   3     0.00137165     0.37890776     4.72e-06      3  3   76.51
   4     0.00132173     0.37851646     8.95e-07      4  4  102.83
   5     0.00129410     0.37842223     9.24e-08      5  5  130.89
   6     0.00128374     0.37838882     9.35e-09      6  0  156.83
   7     0.00128097     0.37838492     1.11e-09      6  1  182.53
   8     0.00128025     0.37838365     1.44e-10      6  2  208.03
   9     0.00128011     0.37838353     1.93e-11      6  3  231.53
  10     0.00128007     0.37838348     2.52e-12      6  4  255.75
  11     0.00128008     0.37838347     2.99e-13            279.85


 Time per iteration:                     25.44 sec


 CPHF trial vector read from record  8500.2

 Starting Coupled-perturbed Hartree-Fock, convergence threshold= 1.0D-06

 ITER   MIC  DIIS      VAR         VARC       CPU
   1     0     1    0.30D-01    0.72D-03     9.26
   2     3     2    0.21D-04    0.15D-04    18.60
   3     3     3    0.88D-06    0.27D-06    27.91

 CPHF convergence reached in  3 macroiterations and    6 microiterations.   Accuracy: 8.7595D-07

 CPHF solution written to record  8500.2

 Dipole moments (unrelaxed):           -0.01585066     0.55657104    -0.36613160
 Orbital relaxation contribution:       0.00018846     0.00429279    -0.00309581
 !CCSD STATE 1.1 Dipole moment         -0.01566220     0.56086383    -0.36922742
 Dipole moment /Debye                  -0.03980935     1.42557366    -0.93848249

 CPU-time for coupled-perturbed hartree-fock:         27.93 sec

 Number of N-1 electron functions:               7
 Number of N-2 electron functions:              28
 Number of singly external CSFs:              1225
 Number of doubly external CSFs:            750925
 Total number of CSFs:                      752151

 CCSD gradient info saved on record        55555.1




 **********************************************************************************************************************************
 DATASETS  * FILE   NREC   LENGTH (MB)   RECORD NAMES
              1      22      861.76       500      610      700      701      900      950      970     1001      129      960   
                                          VAR    BASINP    GEOM     GEOM    SYMINP    ZMAT    AOBASIS   BASIS     P2S    ABASIS    
                                         1100     1400     1410     1200     1210     1080     1600     1650     1300     1700   
                                           S        T        V       H0       H01     AOSYM     SMH    MOLCAS    ERIS     OPER   
                                         1380    55555   
                                         JKOP     CCSD   

              2      12        3.69       700     1000      520     2100      200     2101     8500     9001      701     1001   
                                         GEOM     BASIS   MCVARS     RHF    OPTIONS    RHF     CPHF    DEN_MP2   GEOM     BASIS   
                                         2102     9001(1)
                                          RHF    DEN_MP2    

 PROGRAMS   *        TOTAL      CCSD    HF-SCF      CCSD    HF-SCF       INT      CCSD    HF-SCF      CCSD    HF-SCF      CCSD
 CPU TIMES  *     34403.21    755.34    108.06    746.90    102.12     21.22    328.23     18.30    763.02     86.09    814.00
 REAL TIME  *      4980.77 SEC
 DISK USED  *         2.31 GB
 **********************************************************************************************************************************

 Current geometry (xyz format, in Angstrom)


 Dump information in style XYZ to ch3oh_maxima_mp2_1.xyz                                                          

    6
 CCSD/AUG-CC-PVTZ  OPTSTEP=1  ENERGY=-115.54621076
 C          0.0016370114        0.0126816432       -0.7281995797
 O          0.0011194725       -0.0642463896        0.6899914172
 H         -0.0070613152        0.8268070538        1.0406516969
 H          0.9913110586        0.2564356145       -1.1204287152
 H         -0.3022429197       -0.9634574579       -1.1005833384
 H         -0.7192838754        0.7489018836       -1.0946198292

 **********************************************************************************************************************************

 PROGRESS OF GEOMETRY OPTIMIZATION.    TOTAL CPU:      2008.1 SEC
   1  -115.54604295  -115.54621076    -0.00016781  0.00416648  0.00651332  0.00196384  0.03490659  0.04945329  0.00449575

 **********************************************************************************************************************************

 Current geometry (xyz format, in Angstrom)


 Dump information in style XYZ to ch3oh_maxima_mp2.xyz                                                            

    6
 CCSD/AUG-CC-PVTZ  ENERGY=-115.54621076
 C          0.0016370114        0.0126816432       -0.7281995797
 O          0.0011194725       -0.0642463896        0.6899914172
 H         -0.0070613152        0.8268070538        1.0406516969
 H          0.9913110586        0.2564356145       -1.1204287152
 H         -0.3022429197       -0.9634574579       -1.1005833384
 H         -0.7192838754        0.7489018836       -1.0946198292

 **********************************************************************************************************************************

 Current variables
 RCO=                 1.42027599 ANGSTROM
 ROH=                 0.95760420 ANGSTROM
 ACOH=              108.37594547 DEGREE
 RCH1=                1.09211465 ANGSTROM
 AOCH1=             111.77968463 DEGREE
 AHH1=               77.85558556 DEGREE
 RCH2=                1.08805341 ANGSTROM
 AOCH2=             107.04067498 DEGREE
 RCH3=                1.09362286 ANGSTROM
 AOCH3=             111.76389307 DEGREE
 AHH3=              315.27844582 DEGREE

 **********************************************************************************************************************************

 PROGRAM * ALASKA (Gradient of the energy)     Author: R. Lindh


 CCSD Gradient info restored from record   55555.1

 Number of core orbitals:           2 (   2 )
 Number of closed-shell orbitals:   7 (   7 )
 Number of external orbitals:     175 ( 175 )

 Integral thresholds in T2TRAN:            1.0D-10 (PROD)

 Available memory for Transformation: 497467824 words
 Memory needed for incore algorithm:   11782801 words
 Minimum memory needed:                 3718915 words

 Memory used for transformation:          16.57 MW
 Available memory for gradients:         482.90 MW

 CPU for transformation:                 157.23 sec
 CPU for integrals and gradient:         112.99 sec
 Total CPU:                              270.22 sec

 Prescreening statistics:
 ========================

 Total number of shell quadruplets:        2.22D+04
 Number of shell quadruplets processed:    2.22D+04 (100.00%)

 CCSD GRADIENT FOR STATE 1.1

 Atom          dE/dx               dE/dy               dE/dz

   1         0.002670248        -0.000738991        -0.000005333
   2         0.000831256        -0.000072467        -0.000111410
   3        -0.001050433         0.000112818        -0.000030579
   4        -0.000374246         0.000192879         0.000176188
   5        -0.001491066         0.000452711         0.000100597
   6        -0.000585758         0.000053049        -0.000129462

 Nuclear force contribution to virial =        -0.000030083
 Reading points 1 to 2 from record 701.2,  wavefunction type=CCSD            

 Making model hessian for Z-matrix coordinates
 BFGS update of hessian using  1 points

 Entering Rational Function Geometry Optimization

 Optimization point 2

 Variable                      Last           Current        Next           Gradient       Hessian

 E(CCSD) / Hartree        -115.54604295  -115.54621076  -115.54621624
 RCO / ANGSTROM              1.42022836     1.42027599     1.42040307    -0.00027191     2.23479358
 ROH / ANGSTROM              0.95759324     0.95760420     0.95751482     0.00019418     2.54381268
 ACOH / DEGREE             108.39439191   108.37594547   108.40557935    -0.00000228     0.00007376
 RCH1 / ANGSTROM             1.09287710     1.09211465     1.09258085    -0.00067911     1.72863268
 AOCH1 / DEGREE            111.73116213   111.77968463   111.67364903    -0.00000125     0.00007288
 AHH1 / DEGREE              75.85558556    77.85558556    78.26568587    -0.00000934     0.00005032
 RCH2 / ANGSTROM             1.08800292     1.08805341     1.08807484    -0.00004562     1.74508599
 AOCH2 / DEGREE            107.00860215   107.04067498   107.08954972    -0.00000260     0.00007630
 RCH3 / ANGSTROM             1.09284113     1.09362286     1.09301513     0.00087914     1.72414471
 AOCH3 / DEGREE            111.86763629   111.76389307   111.88003816    -0.00000158     0.00007138
 AHH3 / DEGREE             313.27844582   315.27844582   315.74720988    -0.00001273     0.00005096
 Convergence:                0.00000000  (line search)     0.01135253     0.00111722  (total)

 Geometry written to block  3 of record 701

 Running procedure: RUNCCSD


 Recomputing integrals since geometry changed


 PROGRAM * SEWARD (Integral evaluation for generally contracted gaussian basis sets)     Author: Roland Lindh, 1990

 Geometry written to block  3 of record 701

 Orientation using atomic masses  
 Molecule type: Asymmetric top
 Rotational constants:      23.9455175     24.8005602    128.6970710 GHz  (calculated with average atomic masses)

 Point group  C1  



 ATOMIC COORDINATES

 NR  ATOM    CHARGE       X              Y              Z

   1  C       6.00    0.002039403    0.024237748   -1.376182799
   2  O       8.00    0.001349056   -0.121468382    1.304032270
   3  H       1.00   -0.002719280    1.561862130    1.967702178
   4  H1      1.00    1.879951521    0.459527546   -2.115687014
   5  H2      1.00   -0.584522657   -1.815946592   -2.081501674
   6  H3      1.00   -1.338425952    1.433842638   -2.070771748

 Bond lengths in Bohr (Angstrom)

 1-2  2.684172790  1-4  2.064678575  1-5  2.056163459  1-6  2.065499244  2-3  1.809440773
     ( 1.420403071)     ( 1.092580850)     ( 1.088074844)     ( 1.093015129)     ( 0.957514822)

 Bond angles

  1-2-3  108.40557935   2-1-4  111.67364903   2-1-5  107.08954972   2-1-6  111.88003816

  4-1-5  108.98286202   4-1-6  109.02305902   5-1-6  108.07609979

 NUCLEAR CHARGE:                   18
 NUMBER OF PRIMITIVE AOS:         242
 NUMBER OF SYMMETRY AOS:          216
 NUMBER OF CONTRACTIONS:          184   (  184A   )
 NUMBER OF INNER CORE ORBITALS:     0   (    0A   )
 NUMBER OF OUTER CORE ORBITALS:     2   (    2A   )
 NUMBER OF VALENCE ORBITALS:       12   (   12A   )


 NUCLEAR REPULSION ENERGY   40.33924341

 Eigenvalues of metric

         1 0.612E-04 0.747E-04 0.896E-04 0.204E-03 0.413E-03 0.477E-03 0.761E-03 0.783E-03


 Contracted 2-electron integrals neglected if value below      1.0D-11
 AO integral compression algorithm  1   Integral accuracy      1.0D-11

     710.410 MB (compressed) written to integral file ( 52.4%)


 NUMBER OF SORTED TWO-ELECTRON INTEGRALS:  144848710.     BUFFER LENGTH:  32768
 NUMBER OF SEGMENTS:  10  SEGMENT LENGTH:   15999503      RECORD LENGTH: 524288

 Memory used in sort:      16.56 MW

 SORT1 READ   169623812. AND WROTE   143574412. INTEGRALS IN    414 RECORDS. CPU TIME:     1.14 SEC, REAL TIME:     1.71 SEC
 SORT2 READ   143574412. AND WROTE   144848710. INTEGRALS IN   2710 RECORDS. CPU TIME:     1.25 SEC, REAL TIME:     1.68 SEC

 FILE SIZES:   FILE 1:   742.0 MBYTE,  FILE 4:  1736.5 MBYTE,   TOTAL:   2478.4 MBYTE

 OPERATOR DM      FOR CENTER  0  COORDINATES:    0.000000    0.000000    0.000000

 Program * Restricted Hartree-Fock

 Molecular orbitals read from record     2102.2  Type=RHF/CANONICAL (state 1.1)

 NELEC=   18   SYM=1   MS2= 0   THRE=1.0D-09   THRD=1.0D-06   THRG=1.0D-06  HFMA2=F  DIIS_START=2   DIIS_MAX=10   DIIS_INCORE=F

 Level shifts:    0.00 (CLOSED)    0.00 (OPEN)    0.30 (GAP_MIN)

 ITER           ETOT              DE          GRAD        DDIFF     DIIS  NEXP   TIME(IT)  TIME(TOT)  DIAG
   1     -115.09188025    -115.09188025     0.00D+00     0.47D-01     0     0       9.14      9.15    start
   2     -115.09193309      -0.00005284     0.15D-03     0.16D-03     1     0       9.32     18.47    diag
   3     -115.09194052      -0.00000744     0.43D-04     0.49D-04     2     0       8.98     27.45    diag
   4     -115.09194099      -0.00000047     0.96D-05     0.16D-04     3     0       9.26     36.71    diag
   5     -115.09194100      -0.00000001     0.19D-05     0.22D-05     4     0       9.12     45.83    diag
   6     -115.09194100      -0.00000000     0.85D-06     0.85D-06     5     0       9.28     55.11    diag
   7     -115.09194100      -0.00000000     0.21D-06     0.27D-06     6     0       9.02     64.13    diag
   8     -115.09194100      -0.00000000     0.70D-07     0.71D-07     0     0       8.94     73.07    fixocc

 Final occupancy:   9

 !RHF STATE 1.1 Energy               -115.091941002134
  RHF One-electron energy            -236.910853375295
  RHF Two-electron energy              81.479668965228
  RHF Kinetic energy                  114.923364589472
  RHF Nuclear energy                   40.339243407933
  RHF Virial quotient                  -1.001466859357

 !RHF STATE 1.1 Dipole moment          -0.01084163     0.59366784    -0.39146634
 Dipole moment /Debye                  -0.02755666     1.50895314    -0.99500819

 Orbital energies:

           1.1          2.1          3.1          4.1          5.1          6.1          7.1          8.1          9.1         10.1
    -20.558511   -11.271404    -1.358076    -0.926088    -0.691740    -0.620788    -0.593850    -0.503761    -0.451543     0.028452

          11.1
      0.042962


 HOMO      9.1    -0.451543 =     -12.2871eV
 LUMO     10.1     0.028452 =       0.7742eV
 LUMO-HOMO         0.479995 =      13.0613eV

 Orbitals saved in record  2102.2


 **********************************************************************************************************************************
 DATASETS  * FILE   NREC   LENGTH (MB)   RECORD NAMES
              1      20      624.23       500      610      700      701      900      950      970     1001      129      960   
                                          VAR    BASINP    GEOM     GEOM    SYMINP    ZMAT    AOBASIS   BASIS     P2S    ABASIS    
                                         1100     1400     1410     1200     1210     1080     1600     1650     1300     1700   
                                           S        T        V       H0       H01     AOSYM     SMH    MOLCAS    ERIS     OPER   

              2      12        3.69       700     1000      520     2100      200     2101     8500     9001      701     1001   
                                         GEOM     BASIS   MCVARS     RHF    OPTIONS    RHF     CPHF    DEN_MP2   GEOM     BASIS   
                                         2102     9001(1)
                                          RHF    DEN_MP2    

 PROGRAMS   *        TOTAL    HF-SCF      CCSD    HF-SCF      CCSD    HF-SCF       INT      CCSD    HF-SCF      CCSD    HF-SCF
 CPU TIMES  *     34769.84     95.32    755.34    108.06    746.90    102.12     21.22    328.23     18.30    763.02     86.09
 REAL TIME  *      5046.40 SEC
 DISK USED  *         2.31 GB
 **********************************************************************************************************************************


 PROGRAM * CCSD (Closed-shell coupled cluster)     Authors: C. Hampel, H.-J. Werner, 1991, M. Deegan, P.J. Knowles, 1992


 Convergence thresholds:  THRVAR = 1.00D-12  THRDEN = 1.00D-08

 Using ITF CCSD gradient implementation

 Number of core orbitals:           2 (   2 )
 Number of closed-shell orbitals:   7 (   7 )
 Number of external orbitals:     175 ( 175 )

 Molecular orbitals read from record     2102.2  Type=RHF/CANONICAL (state 1.1)

 Integral transformation finished. Total CPU:  21.91 sec, npass=  1  Memory used:  27.38 MW
  Reference energy                   -115.091941002134

  MP2 correlation energy               -0.436740511544
  MP2 total energy                   -115.528681513678

 ITER.      SQ.NORM     CORR.ENERGY   TOTAL ENERGY   ENERGY CHANGE        DEN1      VAR(S)    VAR(P)  DIIS     TIME
   1      1.12038246    -0.45319384  -115.54513484    -0.01645333    -0.00559354  1.69e-03  1.94e-03  1  1    22.98
   2      1.12837530    -0.45417820  -115.54611921    -0.00098436    -0.00936273  4.22e-05  2.70e-04  2  2    47.08
   3      1.13076017    -0.45429711  -115.54623811    -0.00011891    -0.00140724  4.45e-06  3.49e-05  3  3    68.42
   4      1.13200832    -0.45429989  -115.54624089    -0.00000277    -0.00092416  1.41e-07  3.37e-06  4  4    88.79
   5      1.13231063    -0.45427923  -115.54622023     0.00002066    -0.00019143  1.83e-08  3.19e-07  5  5   110.09
   6      1.13238984    -0.45427674  -115.54621774     0.00000249    -0.00004913  3.52e-10  1.44e-08  6  0   133.09
   7      1.13239801    -0.45427557  -115.54621658     0.00000117    -0.00000618  6.17e-11  1.05e-09  6  1   154.55
   8      1.13239821    -0.45427543  -115.54621643     0.00000014    -0.00000046  4.17e-12  1.05e-10  6  2   177.40
   9      1.13239813    -0.45427541  -115.54621642     0.00000002     0.00000001  1.69e-13  1.10e-11  6  3   198.58
  10      1.13239819    -0.45427541  -115.54621641     0.00000000    -0.00000004  2.90e-14  7.51e-13         222.48

 Norm of t1 vector:      0.05250325     S-energy:      0.00000002   T1 diagnostic:  0.00992218

 Time per iteration:                     22.25 sec

 RESULTS
 =======

  Reference energy                   -115.091941002134
  CCSD correlation energy              -0.454275409945
 !CCSD total energy                  -115.546216412079

 Starting CP-CCSD iterations.   Author: W. Gyorffy (2012)

 ITER.      NRM1           NRM2      VAR(S)+VAR(P)   DIIS    TIME
   1     0.00162722     0.38318589     5.25e-04      1  1   25.62
   2     0.00147612     0.37938599     3.81e-05      2  2   55.57
   3     0.00137162     0.37890416     4.72e-06      3  3   80.87
   4     0.00132168     0.37851281     8.96e-07      4  4  104.77
   5     0.00129404     0.37841856     9.25e-08      5  5  132.54
   6     0.00128368     0.37838514     9.36e-09      6  0  163.31
   7     0.00128091     0.37838123     1.12e-09      6  1  188.37
   8     0.00128018     0.37837996     1.44e-10      6  2  212.21
   9     0.00128005     0.37837984     1.93e-11      6  3  235.10
  10     0.00128001     0.37837979     2.51e-12      6  4  258.43
  11     0.00128002     0.37837978     3.00e-13            281.28


 Time per iteration:                     25.57 sec


 CPHF trial vector read from record  8500.2

 Starting Coupled-perturbed Hartree-Fock, convergence threshold= 1.0D-06

 ITER   MIC  DIIS      VAR         VARC       CPU
   1     0     1    0.46D-02    0.13D-03     8.43
   2     3     2    0.34D-05    0.25D-05    17.11
   3     1     3    0.38D-06    0.66D-07    25.38

 CPHF convergence reached in  3 macroiterations and    4 microiterations.   Accuracy: 3.8498D-07

 CPHF solution written to record  8500.2

 Dipole moments (unrelaxed):           -0.01189845     0.55674271    -0.36601075
 Orbital relaxation contribution:       0.00016979     0.00429876    -0.00309156
 !CCSD STATE 1.1 Dipole moment         -0.01172866     0.56104146    -0.36910231
 Dipole moment /Debye                  -0.02981127     1.42602516    -0.93816450

 CPU-time for coupled-perturbed hartree-fock:         25.68 sec

 Number of N-1 electron functions:               7
 Number of N-2 electron functions:              28
 Number of singly external CSFs:              1225
 Number of doubly external CSFs:            750925
 Total number of CSFs:                      752151

 CCSD gradient info saved on record        55555.1




 **********************************************************************************************************************************
 DATASETS  * FILE   NREC   LENGTH (MB)   RECORD NAMES
              1      22      860.23       500      610      700      701      900      950      970     1001      129      960   
                                          VAR    BASINP    GEOM     GEOM    SYMINP    ZMAT    AOBASIS   BASIS     P2S    ABASIS    
                                         1100     1400     1410     1200     1210     1080     1600     1650     1300     1700   
                                           S        T        V       H0       H01     AOSYM     SMH    MOLCAS    ERIS     OPER   
                                         1380    55555   
                                         JKOP     CCSD   

              2      12        3.69       700     1000      520     2100      200     2101     8500     9001      701     1001   
                                         GEOM     BASIS   MCVARS     RHF    OPTIONS    RHF     CPHF    DEN_MP2   GEOM     BASIS   
                                         2102     9001(1)
                                          RHF    DEN_MP2    

 PROGRAMS   *        TOTAL      CCSD    HF-SCF      CCSD    HF-SCF      CCSD    HF-SCF       INT      CCSD    HF-SCF      CCSD
 CPU TIMES  *     35535.47    765.61     95.32    755.34    108.06    746.90    102.12     21.22    328.23     18.30    763.02
 REAL TIME  *      5154.93 SEC
 DISK USED  *         2.31 GB
 **********************************************************************************************************************************

 Current geometry (xyz format, in Angstrom)


 Dump information in style XYZ to ch3oh_maxima_mp2_2.xyz                                                          

    6
 CCSD/AUG-CC-PVTZ  OPTSTEP=2  ENERGY=-115.54621641
 C          0.0010792055        0.0128260637       -0.7282445751
 O          0.0007138898       -0.0642782998        0.6900641597
 H         -0.0014389808        0.8265018458        1.0412631506
 H          0.9948275024        0.2431715054       -1.1195733532
 H         -0.3093160694       -0.9609575528       -1.1014832505
 H         -0.7082645125        0.7587568482       -1.0958052183

 **********************************************************************************************************************************

 PROGRESS OF GEOMETRY OPTIMIZATION.    TOTAL CPU:      3140.4 SEC
   1  -115.54604295  -115.54621076    -0.00016781  0.00416648  0.00651332  0.00196384  0.03490659  0.04945329  0.00449575
   2  -115.54621076  -115.54621641    -0.00000565  0.00072921  0.00111722  0.00033686  0.00818148  0.01135253  0.00103205

 **********************************************************************************************************************************

 Current geometry (xyz format, in Angstrom)


 Dump information in style XYZ to ch3oh_maxima_mp2.xyz                                                            

    6
 CCSD/AUG-CC-PVTZ  ENERGY=-115.54621641
 C          0.0010792055        0.0128260637       -0.7282445751
 O          0.0007138898       -0.0642782998        0.6900641597
 H         -0.0014389808        0.8265018458        1.0412631506
 H          0.9948275024        0.2431715054       -1.1195733532
 H         -0.3093160694       -0.9609575528       -1.1014832505
 H         -0.7082645125        0.7587568482       -1.0958052183

 **********************************************************************************************************************************

 Current variables
 RCO=                 1.42040307 ANGSTROM
 ROH=                 0.95751482 ANGSTROM
 ACOH=              108.40557935 DEGREE
 RCH1=                1.09258085 ANGSTROM
 AOCH1=             111.67364903 DEGREE
 AHH1=               78.26568587 DEGREE
 RCH2=                1.08807484 ANGSTROM
 AOCH2=             107.08954972 DEGREE
 RCH3=                1.09301513 ANGSTROM
 AOCH3=             111.88003816 DEGREE
 AHH3=              315.74720988 DEGREE

 **********************************************************************************************************************************

 PROGRAM * ALASKA (Gradient of the energy)     Author: R. Lindh


 CCSD Gradient info restored from record   55555.1

 Number of core orbitals:           2 (   2 )
 Number of closed-shell orbitals:   7 (   7 )
 Number of external orbitals:     175 ( 175 )

 Integral thresholds in T2TRAN:            1.0D-10 (PROD)

 Available memory for Transformation: 497467824 words
 Memory needed for incore algorithm:   11782801 words
 Minimum memory needed:                 3718915 words

 Memory used for transformation:          16.57 MW
 Available memory for gradients:         482.90 MW

 CPU for transformation:                 151.79 sec
 CPU for integrals and gradient:         106.28 sec
 Total CPU:                              258.07 sec

 Prescreening statistics:
 ========================

 Total number of shell quadruplets:        2.22D+04
 Number of shell quadruplets processed:    2.22D+04 (100.00%)

 CCSD GRADIENT FOR STATE 1.1

 Atom          dE/dx               dE/dy               dE/dz

   1         0.001150688        -0.000431120         0.000008056
   2         0.001113654         0.000019418         0.000015300
   3        -0.001057230         0.000030525        -0.000006203
   4        -0.000182695        -0.000041232         0.000088395
   5        -0.000887601         0.000287375        -0.000003185
   6        -0.000136816         0.000135034        -0.000102363

 Nuclear force contribution to virial =         0.000081132
 Reading points 1 to 3 from record 701.2,  wavefunction type=CCSD            

 Making model hessian for Z-matrix coordinates
 BFGS update of hessian using  2 points

 Entering Rational Function Geometry Optimization

 Optimization point 3

 Variable                      Last           Current        Next           Gradient       Hessian

 E(CCSD) / Hartree        -115.54621076  -115.54621641  -115.54621653
 RCO / ANGSTROM              1.42027599     1.42040307     1.42040036     0.00001201     2.23473228
 ROH / ANGSTROM              0.95760420     0.95751482     0.95749032     0.00005386     2.54277633
 ACOH / DEGREE             108.37594547   108.40557935   108.41394571    -0.00000055     0.00007353
 RCH1 / ANGSTROM             1.09211465     1.09258085     1.09282370    -0.00039027     1.69222324
 AOCH1 / DEGREE            111.77968463   111.67364903   111.68373208    -0.00000055     0.00007264
 AHH1 / DEGREE              77.85558556    78.26568587    78.27479591    -0.00000007     0.00005045
 RCH2 / ANGSTROM             1.08805341     1.08807484     1.08807985    -0.00000546     1.74487581
 AOCH2 / DEGREE            107.04067498   107.08954972   107.08155214     0.00000073     0.00007668
 RCH3 / ANGSTROM             1.09362286     1.09301513     1.09275946     0.00040699     1.67732413
 AOCH3 / DEGREE            111.76389307   111.88003816   111.86508106     0.00000114     0.00007195
 AHH3 / DEGREE             315.27844582   315.74720988   315.75785246    -0.00000025     0.00005094
 Convergence:                0.00000000  (line search)     0.00080373     0.00031320  (total)

 Geometry written to block  4 of record 701

 Running procedure: RUNCCSD


 Recomputing integrals since geometry changed


 PROGRAM * SEWARD (Integral evaluation for generally contracted gaussian basis sets)     Author: Roland Lindh, 1990

 Geometry written to block  4 of record 701

 Orientation using atomic masses  
 Molecule type: Asymmetric top
 Rotational constants:      23.9459099     24.8008595    128.6966421 GHz  (calculated with average atomic masses)

 Point group  C1  



 ATOMIC COORDINATES

 NR  ATOM    CHARGE       X              Y              Z

   1  C       6.00    0.001930028    0.024273238   -1.376200549
   2  O       8.00    0.001423737   -0.121475775    1.304007106
   3  H       1.00   -0.002893793    1.561703353    1.967933110
   4  H1      1.00    1.880072361    0.459686567   -2.116328547
   5  H2      1.00   -0.584386027   -1.816104127   -2.081247873
   6  H3      1.00   -1.338390990    1.433694354   -2.070003990

 Bond lengths in Bohr (Angstrom)

 1-2  2.684167675  1-4  2.065137488  1-5  2.056172923  1-6  2.065016108  2-3  1.809394472
     ( 1.420400364)     ( 1.092823696)     ( 1.088079852)     ( 1.092759465)     ( 0.957490320)

 Bond angles

  1-2-3  108.41394571   2-1-4  111.68373208   2-1-5  107.08155214   2-1-6  111.86508106

  4-1-5  108.97475856   4-1-6  109.02459039   5-1-6  108.09587206

 NUCLEAR CHARGE:                   18
 NUMBER OF PRIMITIVE AOS:         242
 NUMBER OF SYMMETRY AOS:          216
 NUMBER OF CONTRACTIONS:          184   (  184A   )
 NUMBER OF INNER CORE ORBITALS:     0   (    0A   )
 NUMBER OF OUTER CORE ORBITALS:     2   (    2A   )
 NUMBER OF VALENCE ORBITALS:       12   (   12A   )


 NUCLEAR REPULSION ENERGY   40.33949328

 Eigenvalues of metric

         1 0.612E-04 0.747E-04 0.896E-04 0.204E-03 0.413E-03 0.476E-03 0.761E-03 0.783E-03


 Contracted 2-electron integrals neglected if value below      1.0D-11
 AO integral compression algorithm  1   Integral accuracy      1.0D-11

     709.886 MB (compressed) written to integral file ( 52.3%)


 NUMBER OF SORTED TWO-ELECTRON INTEGRALS:  144848710.     BUFFER LENGTH:  32768
 NUMBER OF SEGMENTS:  10  SEGMENT LENGTH:   15999503      RECORD LENGTH: 524288

 Memory used in sort:      16.56 MW

 SORT1 READ   169623812. AND WROTE   143569290. INTEGRALS IN    414 RECORDS. CPU TIME:     1.14 SEC, REAL TIME:     1.71 SEC
 SORT2 READ   143569290. AND WROTE   144848710. INTEGRALS IN   2708 RECORDS. CPU TIME:     1.24 SEC, REAL TIME:     1.68 SEC

 FILE SIZES:   FILE 1:   741.4 MBYTE,  FILE 4:  1736.5 MBYTE,   TOTAL:   2477.9 MBYTE

 OPERATOR DM      FOR CENTER  0  COORDINATES:    0.000000    0.000000    0.000000

 Program * Restricted Hartree-Fock

 Molecular orbitals read from record     2102.2  Type=RHF/CANONICAL (state 1.1)

 NELEC=   18   SYM=1   MS2= 0   THRE=1.0D-09   THRD=1.0D-07   THRG=1.0D-07  HFMA2=F  DIIS_START=2   DIIS_MAX=10   DIIS_INCORE=F

 Level shifts:    0.00 (CLOSED)    0.00 (OPEN)    0.30 (GAP_MIN)

 ITER           ETOT              DE          GRAD        DDIFF     DIIS  NEXP   TIME(IT)  TIME(TOT)  DIAG
   1     -115.09194278    -115.09194278     0.00D+00     0.47D-01     0     0       8.62      8.63    start
   2     -115.09194284      -0.00000006     0.55D-05     0.12D-04     1     0       9.36     17.99    diag
   3     -115.09194285      -0.00000001     0.13D-05     0.21D-05     2     0       9.35     27.34    diag
   4     -115.09194285      -0.00000000     0.39D-06     0.61D-06     3     0       9.06     36.40    diag
   5     -115.09194285      -0.00000000     0.16D-06     0.17D-06     4     0       9.33     45.73    diag
   6     -115.09194285      -0.00000000     0.51D-07     0.62D-07     5     0       9.26     54.99    diag
   7     -115.09194285      -0.00000000     0.14D-07     0.13D-07     0     0       9.29     64.28    diag

 Final occupancy:   9

 !RHF STATE 1.1 Energy               -115.091942849658
  RHF One-electron energy            -236.911375371132
  RHF Two-electron energy              81.479939246110
  RHF Kinetic energy                  114.923431033119
  RHF Nuclear energy                   40.339493275365
  RHF Virial quotient                  -1.001466296429

 !RHF STATE 1.1 Dipole moment          -0.01108287     0.59369256    -0.39138165
 Dipole moment /Debye                  -0.02816983     1.50901596    -0.99479294

 Orbital energies:

           1.1          2.1          3.1          4.1          5.1          6.1          7.1          8.1          9.1         10.1
    -20.558501   -11.271402    -1.358076    -0.926090    -0.691759    -0.620758    -0.593858    -0.503779    -0.451526     0.028452

          11.1
      0.042962


 HOMO      9.1    -0.451526 =     -12.2866eV
 LUMO     10.1     0.028452 =       0.7742eV
 LUMO-HOMO         0.479978 =      13.0609eV

 Orbitals saved in record  2102.2


 **********************************************************************************************************************************
 DATASETS  * FILE   NREC   LENGTH (MB)   RECORD NAMES
              1      20      623.79       500      610      700      701      900      950      970     1001      129      960   
                                          VAR    BASINP    GEOM     GEOM    SYMINP    ZMAT    AOBASIS   BASIS     P2S    ABASIS    
                                         1100     1400     1410     1200     1210     1080     1600     1650     1300     1700   
                                           S        T        V       H0       H01     AOSYM     SMH    MOLCAS    ERIS     OPER   

              2      12        3.69       700     1000      520     2100      200     2101     8500     9001      701     1001   
                                         GEOM     BASIS   MCVARS     RHF    OPTIONS    RHF     CPHF    DEN_MP2   GEOM     BASIS   
                                         2102     9001(1)
                                          RHF    DEN_MP2    

 PROGRAMS   *        TOTAL    HF-SCF      CCSD    HF-SCF      CCSD    HF-SCF      CCSD    HF-SCF       INT      CCSD    HF-SCF
 CPU TIMES  *     35880.15     85.53    765.61     95.32    755.34    108.06    746.90    102.12     21.22    328.23     18.30
 REAL TIME  *      5217.79 SEC
 DISK USED  *         2.31 GB
 **********************************************************************************************************************************


 PROGRAM * CCSD (Closed-shell coupled cluster)     Authors: C. Hampel, H.-J. Werner, 1991, M. Deegan, P.J. Knowles, 1992


 Convergence thresholds:  THRVAR = 1.00D-12  THRDEN = 1.00D-08

 Using ITF CCSD gradient implementation

 Number of core orbitals:           2 (   2 )
 Number of closed-shell orbitals:   7 (   7 )
 Number of external orbitals:     175 ( 175 )

 Molecular orbitals read from record     2102.2  Type=RHF/CANONICAL (state 1.1)

 Integral transformation finished. Total CPU:  28.25 sec, npass=  1  Memory used:  27.38 MW
  Reference energy                   -115.091942849658

  MP2 correlation energy               -0.436738572918
  MP2 total energy                   -115.528681422576

 ITER.      SQ.NORM     CORR.ENERGY   TOTAL ENERGY   ENERGY CHANGE        DEN1      VAR(S)    VAR(P)  DIIS     TIME
   1      1.12038105    -0.45319216  -115.54513501    -0.01645359    -0.00559396  1.69e-03  1.94e-03  1  1    22.71
   2      1.12837373    -0.45417652  -115.54611937    -0.00098436    -0.00936257  4.22e-05  2.70e-04  2  2    44.57
   3      1.13075858    -0.45429541  -115.54623826    -0.00011890    -0.00140725  4.45e-06  3.49e-05  3  3    68.06
   4      1.13200669    -0.45429819  -115.54624104    -0.00000277    -0.00092414  1.41e-07  3.37e-06  4  4    88.90
   5      1.13230898    -0.45427753  -115.54622038     0.00002066    -0.00019142  1.83e-08  3.19e-07  5  5   111.31
   6      1.13238818    -0.45427504  -115.54621789     0.00000249    -0.00004913  3.52e-10  1.44e-08  6  0   131.89
   7      1.13239636    -0.45427387  -115.54621672     0.00000117    -0.00000618  6.17e-11  1.05e-09  6  1   153.86
   8      1.13239656    -0.45427373  -115.54621658     0.00000014    -0.00000046  4.16e-12  1.05e-10  6  2   176.17
   9      1.13239648    -0.45427371  -115.54621656     0.00000002     0.00000001  1.70e-13  1.10e-11  6  3   197.03
  10      1.13239653    -0.45427371  -115.54621656     0.00000000    -0.00000004  2.90e-14  7.51e-13         217.42

 Norm of t1 vector:      0.05250324     S-energy:      0.00000000   T1 diagnostic:  0.00992218

 Time per iteration:                     21.75 sec

 RESULTS
 =======

  Reference energy                   -115.091942849658
  CCSD correlation energy              -0.454273709719
 !CCSD total energy                  -115.546216559377

 Starting CP-CCSD iterations.   Author: W. Gyorffy (2012)

 ITER.      NRM1           NRM2      VAR(S)+VAR(P)   DIIS    TIME
   1     0.00162719     0.38318212     5.25e-04      1  1   22.93
   2     0.00147609     0.37938215     3.81e-05      2  2   49.28
   3     0.00137159     0.37890034     4.72e-06      3  3   75.14
   4     0.00132165     0.37850897     8.96e-07      4  4  103.00
   5     0.00129401     0.37841471     9.25e-08      5  5  129.30
   6     0.00128365     0.37838129     9.36e-09      6  0  154.53
   7     0.00128088     0.37837738     1.12e-09      6  1  179.98
   8     0.00128015     0.37837611     1.44e-10      6  2  204.74
   9     0.00128002     0.37837599     1.93e-11      6  3  229.79
  10     0.00127998     0.37837594     2.51e-12      6  4  254.22
  11     0.00127999     0.37837593     3.00e-13            278.76


 Time per iteration:                     25.34 sec


 CPHF trial vector read from record  8500.2

 Starting Coupled-perturbed Hartree-Fock, convergence threshold= 1.0D-06

 ITER   MIC  DIIS      VAR         VARC       CPU
   1     0     1    0.17D-03    0.11D-04     9.36
   2     3     2    0.62D-06    0.24D-06    18.81

 CPHF convergence reached in  2 macroiterations and    3 microiterations.   Accuracy: 6.2421D-07

 CPHF solution written to record  8500.2

 Dipole moments (unrelaxed):           -0.01211076     0.55676215    -0.36592752
 Orbital relaxation contribution:       0.00016607     0.00429939    -0.00309213
 !CCSD STATE 1.1 Dipole moment         -0.01194469     0.56106154    -0.36901965
 Dipole moment /Debye                  -0.03036036     1.42607619    -0.93795438

 CPU-time for coupled-perturbed hartree-fock:         18.85 sec

 Number of N-1 electron functions:               7
 Number of N-2 electron functions:              28
 Number of singly external CSFs:              1225
 Number of doubly external CSFs:            750925
 Total number of CSFs:                      752151

 CCSD gradient info saved on record        55555.1




 **********************************************************************************************************************************
 DATASETS  * FILE   NREC   LENGTH (MB)   RECORD NAMES
              1      22      859.80       500      610      700      701      900      950      970     1001      129      960   
                                          VAR    BASINP    GEOM     GEOM    SYMINP    ZMAT    AOBASIS   BASIS     P2S    ABASIS    
                                         1100     1400     1410     1200     1210     1080     1600     1650     1300     1700   
                                           S        T        V       H0       H01     AOSYM     SMH    MOLCAS    ERIS     OPER   
                                         1380    55555   
                                         JKOP     CCSD   

              2      12        3.69       700     1000      520     2100      200     2101     8500     9001      701     1001   
                                         GEOM     BASIS   MCVARS     RHF    OPTIONS    RHF     CPHF    DEN_MP2   GEOM     BASIS   
                                         2102     9001(1)
                                          RHF    DEN_MP2    

 PROGRAMS   *        TOTAL      CCSD    HF-SCF      CCSD    HF-SCF      CCSD    HF-SCF      CCSD    HF-SCF       INT      CCSD
 CPU TIMES  *     36638.20    758.04     85.53    765.61     95.32    755.34    108.06    746.90    102.12     21.22    328.23
 REAL TIME  *      5321.91 SEC
 DISK USED  *         2.31 GB
 **********************************************************************************************************************************

 Current geometry (xyz format, in Angstrom)


 Dump information in style XYZ to ch3oh_maxima_mp2_3.xyz                                                          

    6
 CCSD/AUG-CC-PVTZ  OPTSTEP=3  ENERGY=-115.54621656
 C          0.0010213267        0.0128448445       -0.7282539684
 O          0.0007534091       -0.0642822118        0.6900508436
 H         -0.0015313293        0.8264178247        1.0413853545
 H          0.9948914485        0.2432556555       -1.1199128380
 H         -0.3092437677       -0.9610409165       -1.1013489444
 H         -0.7082460114        0.7586783794       -1.0953989382

 **********************************************************************************************************************************

 PROGRESS OF GEOMETRY OPTIMIZATION.    TOTAL CPU:      4243.1 SEC
   1  -115.54604295  -115.54621076    -0.00016781  0.00416648  0.00651332  0.00196384  0.03490659  0.04945329  0.00449575
   2  -115.54621076  -115.54621641    -0.00000565  0.00072921  0.00111722  0.00033686  0.00818148  0.01135253  0.00103205
   3  -115.54621641  -115.54621656    -0.00000015  0.00021537  0.00031320  0.00009443  0.00048314  0.00080373  0.00007307

 **********************************************************************************************************************************

 Current geometry (xyz format, in Angstrom)


 Dump information in style XYZ to ch3oh_maxima_mp2.xyz                                                            

    6
 CCSD/AUG-CC-PVTZ  ENERGY=-115.54621656
 C          0.0010213267        0.0128448445       -0.7282539684
 O          0.0007534091       -0.0642822118        0.6900508436
 H         -0.0015313293        0.8264178247        1.0413853545
 H          0.9948914485        0.2432556555       -1.1199128380
 H         -0.3092437677       -0.9610409165       -1.1013489444
 H         -0.7082460114        0.7586783794       -1.0953989382

 **********************************************************************************************************************************

 Current variables
 RCO=                 1.42040036 ANGSTROM
 ROH=                 0.95749032 ANGSTROM
 ACOH=              108.41394571 DEGREE
 RCH1=                1.09282370 ANGSTROM
 AOCH1=             111.68373208 DEGREE
 AHH1=               78.27479591 DEGREE
 RCH2=                1.08807985 ANGSTROM
 AOCH2=             107.08155214 DEGREE
 RCH3=                1.09275946 ANGSTROM
 AOCH3=             111.86508106 DEGREE
 AHH3=              315.75785246 DEGREE

 **********************************************************************************************************************************

 Recomputing wavefunction for reoriented structure

 Running procedure: RUNCCSD


 Program * Restricted Hartree-Fock

 Molecular orbitals read from record     2102.2  Type=RHF/CANONICAL (state 1.1)

 NELEC=   18   SYM=1   MS2= 0   THRE=1.0D-09   THRD=1.0D-07   THRG=1.0D-07  HFMA2=F  DIIS_START=2   DIIS_MAX=10   DIIS_INCORE=F

 Level shifts:    0.00 (CLOSED)    0.00 (OPEN)    0.30 (GAP_MIN)

 ITER           ETOT              DE          GRAD        DDIFF     DIIS  NEXP   TIME(IT)  TIME(TOT)  DIAG
   1     -115.09194285    -115.09194285     0.00D+00     0.47D-01     0     0       9.40      9.42    start
   2     -115.09194285       0.00000000     0.71D-08     0.62D-08     1     0      10.09     19.51    diag

 Final occupancy:   9

 !RHF STATE 1.1 Energy               -115.091942849658
  RHF One-electron energy            -236.911374147542
  RHF Two-electron energy              81.479938022520
  RHF Kinetic energy                  114.923429890978
  RHF Nuclear energy                   40.339493275365
  RHF Virial quotient                  -1.001466306382

 !RHF STATE 1.1 Dipole moment          -0.01108285     0.59369243    -0.39138156
 Dipole moment /Debye                  -0.02816979     1.50901564    -0.99479270

 Orbital energies:

           1.1          2.1          3.1          4.1          5.1          6.1          7.1          8.1          9.1         10.1
    -20.558500   -11.271402    -1.358075    -0.926090    -0.691759    -0.620758    -0.593858    -0.503779    -0.451526     0.028452

          11.1
      0.042962


 HOMO      9.1    -0.451526 =     -12.2866eV
 LUMO     10.1     0.028452 =       0.7742eV
 LUMO-HOMO         0.479978 =      13.0609eV

 Orbitals saved in record  2102.2


 **********************************************************************************************************************************
 DATASETS  * FILE   NREC   LENGTH (MB)   RECORD NAMES
              1      22      859.80       500      610      700      701      900      950      970     1001      129      960   
                                          VAR    BASINP    GEOM     GEOM    SYMINP    ZMAT    AOBASIS   BASIS     P2S    ABASIS    
                                         1100     1400     1410     1200     1210     1080     1600     1650     1300     1700   
                                           S        T        V       H0       H01     AOSYM     SMH    MOLCAS    ERIS     OPER   
                                         1380    55555   
                                         JKOP     CCSD   

              2      12        3.69       700     1000      520     2100      200     2101     8500     9001      701     1001   
                                         GEOM     BASIS   MCVARS     RHF    OPTIONS    RHF     CPHF    DEN_MP2   GEOM     BASIS   
                                         2102     9001(1)
                                          RHF    DEN_MP2    

 PROGRAMS   *        TOTAL    HF-SCF      CCSD    HF-SCF      CCSD    HF-SCF      CCSD    HF-SCF      CCSD    HF-SCF       INT
 CPU TIMES  *     36657.76     19.54    758.04     85.53    765.61     95.32    755.34    108.06    746.90    102.12     21.22
 REAL TIME  *      5325.08 SEC
 DISK USED  *         2.31 GB
 **********************************************************************************************************************************


 PROGRAM * CCSD (Closed-shell coupled cluster)     Authors: C. Hampel, H.-J. Werner, 1991, M. Deegan, P.J. Knowles, 1992


 Convergence thresholds:  THRVAR = 1.00D-12  THRDEN = 1.00D-08

 Number of core orbitals:           2 (   2 )
 Number of closed-shell orbitals:   7 (   7 )
 Number of external orbitals:     175 ( 175 )

 Molecular orbitals read from record     2102.2  Type=RHF/CANONICAL (state 1.1)

 Number of N-1 electron functions:               7
 Number of N-2 electron functions:              28
 Number of singly external CSFs:              1225
 Number of doubly external CSFs:            750925
 Total number of CSFs:                      752151

 Length of J-op  integral file:               0.00 MB
 Length of K-op  integral file:               2.36 MB
 Length of 3-ext integral record:             0.00 MB

 Integral transformation finished. Total CPU:  25.31 sec, npass=  1  Memory used:  27.38 MW

 Reference energy:                   -115.09194285

 MP2 singlet pair energy:              -0.28675144
 MP2 triplet pair energy:              -0.14998711
 MP2 correlation energy:               -0.43673855
 MP2 total energy:                   -115.52868140

 SCS-MP2 correlation energy:           -0.43742704   (PS=  1.200000  PT=  0.333333)
 SCS-MP2 total energy:               -115.52936989

 ITER.      SQ.NORM     CORR.ENERGY   TOTAL ENERGY   ENERGY CHANGE        DEN1      VAR(S)    VAR(P)  DIIS     TIME  TIME/IT
   1      1.12026292    -0.45311093  -115.54505378    -0.01637237    -0.00560092  0.16D-02  0.19D-02  1  1    53.65     3.36
   2      1.12852833    -0.45420368  -115.54614653    -0.00109275    -0.00965309  0.20D-04  0.25D-03  2  2    76.83     3.08
   3      1.13138944    -0.45429206  -115.54623491    -0.00008838    -0.00185024  0.16D-04  0.11D-04  3  3   102.36     3.07
   4      1.13216469    -0.45427721  -115.54622006     0.00001486    -0.00036642  0.94D-06  0.12D-05  4  4   128.28     3.09
   5      1.13233483    -0.45427863  -115.54622148    -0.00000142    -0.00005330  0.24D-06  0.10D-06  5  5   152.59     3.06
   6      1.13238236    -0.45427481  -115.54621766     0.00000382    -0.00000999  0.37D-07  0.98D-08  6  6   175.54     3.01
   7      1.13239291    -0.45427385  -115.54621670     0.00000096    -0.00000153  0.49D-08  0.22D-08  6  2   202.96     3.05
   8      1.13239554    -0.45427376  -115.54621661     0.00000009    -0.00000001  0.81D-09  0.27D-09  6  1   225.83     3.01
   9      1.13239659    -0.45427368  -115.54621653     0.00000008     0.00000019  0.74D-10  0.30D-10  6  3   248.87     2.99
  10      1.13239678    -0.45427368  -115.54621653    -0.00000000     0.00000001  0.11D-10  0.42D-11  6  4   274.54     3.00
  11      1.13239662    -0.45427370  -115.54621655    -0.00000002     0.00000011  0.14D-11  0.71D-12  6  6   302.21     3.02
  12      1.13239658    -0.45427371  -115.54621656    -0.00000000     0.00000002  0.20D-12  0.64D-13  6  5   326.06     3.01
  13      1.13239655    -0.45427371  -115.54621656    -0.00000000     0.00000001  0.22D-13  0.98D-14  6  1   348.80     2.99

 Norm of t1 vector:      0.05250334      S-energy:     0.00000000      T1 diagnostic:  0.00992220
                                                                       D1 diagnostic:  0.02327336
                                                                       D2 diagnostic:  0.13790357 (internal)


 RESULTS
 =======

  Reference energy                   -115.091942849658
  CCSD singlet pair energy             -0.318134000573
  CCSD triplet pair energy             -0.136139710463
  CCSD correlation energy              -0.454273709452

 !CCSD total energy                  -115.546216559110

 Timing summary (sec):

 STEP                 CPU(USER)    SYS     CPU(TOT)    WALL
 Transformation         25.90      1.17     27.07      3.54
 CCSD iterations       323.66      6.99    330.65     38.93

 Program statistics:

 Available memory in ccsd:               499998879
 Min. memory needed in ccsd:               2385617
 Max. memory used in ccsd:                 3007350
 Max. memory used in cckext:               2165242 (13 integral passes)



 **********************************************************************************************************************************
 DATASETS  * FILE   NREC   LENGTH (MB)   RECORD NAMES
              1      22      859.80       500      610      700      701      900      950      970     1001      129      960   
                                          VAR    BASINP    GEOM     GEOM    SYMINP    ZMAT    AOBASIS   BASIS     P2S    ABASIS    
                                         1100     1400     1410     1200     1210     1080     1600     1650     1300     1700   
                                           S        T        V       H0       H01     AOSYM     SMH    MOLCAS    ERIS     OPER   
                                         1380    55555   
                                         JKOP     CCSD   

              2      12        3.69       700     1000      520     2100      200     2101     8500     9001      701     1001   
                                         GEOM     BASIS   MCVARS     RHF    OPTIONS    RHF     CPHF    DEN_MP2   GEOM     BASIS   
                                         2102     9001(1)
                                          RHF    DEN_MP2    

 PROGRAMS   *        TOTAL      CCSD    HF-SCF      CCSD    HF-SCF      CCSD    HF-SCF      CCSD    HF-SCF      CCSD    HF-SCF
 CPU TIMES  *     37007.36    349.59     19.54    758.04     85.53    765.61     95.32    755.34    108.06    746.90    102.12
 REAL TIME  *      5367.60 SEC
 DISK USED  *         2.31 GB
 **********************************************************************************************************************************

 PROGRAM * ALASKA (Gradient of the energy)     Author: R. Lindh


 CCSD Gradient info restored from record   55555.1

 Number of core orbitals:           2 (   2 )
 Number of closed-shell orbitals:   7 (   7 )
 Number of external orbitals:     175 ( 175 )

 Integral thresholds in T2TRAN:            1.0D-10 (PROD)

 Available memory for Transformation: 497467824 words
 Memory needed for incore algorithm:   11782801 words
 Minimum memory needed:                 3718915 words

 Memory used for transformation:          16.57 MW
 Available memory for gradients:         482.90 MW

 CPU for transformation:                 162.30 sec
 CPU for integrals and gradient:         118.82 sec
 Total CPU:                              281.12 sec

 Prescreening statistics:
 ========================

 Total number of shell quadruplets:        2.22D+04
 Number of shell quadruplets processed:    2.22D+04 (100.00%)

 CCSD GRADIENT FOR STATE 1.1

 Atom          dE/dx               dE/dy               dE/dz

   1         0.005356059        -0.001499413        -0.000099790
   2         0.000861580         0.000065267        -0.000060839
   3        -0.001064694        -0.000028348        -0.000022572
   4         0.000430432         0.002239654         0.000747579
   5        -0.004866364         0.001476417         0.000205058
   6        -0.000717013        -0.002253576        -0.000769437

 Nuclear force contribution to virial =        -0.000310328
 Reading points 1 to 1 from record 701.2,  wavefunction type=CCSD            

 Making model hessian for Z-matrix coordinates
 No hessian update for point  1

 Entering Rational Function Geometry Optimization

 Optimization point 1

 Variable                      Last           Current        Next           Gradient       Hessian

 E(CCSD) / Hartree           0.00000000  -115.54595915  -115.54613509
 RCO / ANGSTROM              0.00000000     1.42040036     1.42045380    -0.00016110     2.23379834
 ROH / ANGSTROM              0.00000000     0.95749032     0.95750206     0.00004307     2.54432573
 ACOH / DEGREE               0.00000000   108.41394571   108.39647672    -0.00000094     0.00007370
 RCH1 / ANGSTROM             0.00000000     1.09282370     1.09205802     0.00132574     1.71594065
 AOCH1 / DEGREE              0.00000000   111.68373208   111.72883036    -0.00003437     0.00007070
 AHH1 / DEGREE               0.00000000    78.27479591    80.27479591    -0.00006992     0.00004882
 RCH2 / ANGSTROM             0.00000000     1.08807985     1.08813186    -0.00010671     1.74490916
 AOCH2 / DEGREE              0.00000000   107.08155214   107.12312821    -0.00000412     0.00007509
 RCH3 / ANGSTROM             0.00000000     1.09275946     1.09353731    -0.00133189     1.71603091
 AOCH3 / DEGREE              0.00000000   111.86508106   111.76048241     0.00003536     0.00006868
 AHH3 / DEGREE               0.00000000   315.75785246   317.75785246    -0.00007271     0.00005185
 Convergence:                0.00000000  (line search)     0.04945489     0.00651523  (total)

 Geometry written to block  2 of record 701

 Running procedure: RUNCCSD


 Recomputing integrals since geometry changed


 PROGRAM * SEWARD (Integral evaluation for generally contracted gaussian basis sets)     Author: Roland Lindh, 1990

 Geometry written to block  2 of record 701

 Orientation using atomic masses  
 Molecule type: Asymmetric top
 Rotational constants:      23.9515049     24.7948439    128.6735008 GHz  (calculated with average atomic masses)

 Point group  C1  



 ATOMIC COORDINATES

 NR  ATOM    CHARGE       X              Y              Z

   1  C       6.00    0.003300663    0.023727049   -1.376273725
   2  O       8.00    0.002140414   -0.121526712    1.304061737
   3  H       1.00   -0.012130615    1.561947559    1.967160035
   4  H1      1.00    1.890430955    0.403786586   -2.119989254
   5  H2      1.00   -0.653444309   -1.792825072   -2.081309655
   6  H3      1.00   -1.298163565    1.473388224   -2.065503609

 Bond lengths in Bohr (Angstrom)

 1-2  2.684268650  1-4  2.063690573  1-5  2.056271195  1-6  2.066486025  2-3  1.809416657
     ( 1.420453798)     ( 1.092058022)     ( 1.088131856)     ( 1.093537311)     ( 0.957502060)

 Bond angles

  1-2-3  108.39647672   2-1-4  111.72883036   2-1-5  107.12312821   2-1-6  111.76048241

  4-1-5  109.34113225   4-1-6  109.05784353   5-1-6  107.71145001

 NUCLEAR CHARGE:                   18
 NUMBER OF PRIMITIVE AOS:         242
 NUMBER OF SYMMETRY AOS:          216
 NUMBER OF CONTRACTIONS:          184   (  184A   )
 NUMBER OF INNER CORE ORBITALS:     0   (    0A   )
 NUMBER OF OUTER CORE ORBITALS:     2   (    2A   )
 NUMBER OF VALENCE ORBITALS:       12   (   12A   )


 NUCLEAR REPULSION ENERGY   40.33901135

 Eigenvalues of metric

         1 0.613E-04 0.749E-04 0.897E-04 0.205E-03 0.413E-03 0.476E-03 0.762E-03 0.783E-03


 Contracted 2-electron integrals neglected if value below      1.0D-11
 AO integral compression algorithm  1   Integral accuracy      1.0D-11

     712.770 MB (compressed) written to integral file ( 52.5%)


 NUMBER OF SORTED TWO-ELECTRON INTEGRALS:  144848710.     BUFFER LENGTH:  32768
 NUMBER OF SEGMENTS:  10  SEGMENT LENGTH:   15999503      RECORD LENGTH: 524288

 Memory used in sort:      16.56 MW

 SORT1 READ   169623812. AND WROTE   143583860. INTEGRALS IN    414 RECORDS. CPU TIME:     1.14 SEC, REAL TIME:     1.75 SEC
 SORT2 READ   143583860. AND WROTE   144848710. INTEGRALS IN   2719 RECORDS. CPU TIME:     1.25 SEC, REAL TIME:     1.70 SEC

 FILE SIZES:   FILE 1:   744.3 MBYTE,  FILE 4:  1736.5 MBYTE,   TOTAL:   2480.8 MBYTE

 OPERATOR DM      FOR CENTER  0  COORDINATES:    0.000000    0.000000    0.000000

 Program * Restricted Hartree-Fock

 Molecular orbitals read from record     2102.2  Type=RHF/CANONICAL (state 1.1)

 NELEC=   18   SYM=1   MS2= 0   THRE=1.0D-09   THRD=1.0D-06   THRG=1.0D-06  HFMA2=F  DIIS_START=2   DIIS_MAX=10   DIIS_INCORE=F

 Level shifts:    0.00 (CLOSED)    0.00 (OPEN)    0.30 (GAP_MIN)

 ITER           ETOT              DE          GRAD        DDIFF     DIIS  NEXP   TIME(IT)  TIME(TOT)  DIAG
   1     -115.08953075    -115.08953075     0.00D+00     0.47D-01     0     0       9.44      9.45    start
   2     -115.09153976      -0.00200901     0.95D-03     0.10D-02     1     0       8.30     17.75    diag
   3     -115.09182189      -0.00028213     0.27D-03     0.30D-03     2     0       9.03     26.78    diag
   4     -115.09184028      -0.00001839     0.60D-04     0.95D-04     3     0       9.18     35.96    diag
   5     -115.09184073      -0.00000045     0.13D-04     0.15D-04     4     0       9.08     45.04    diag
   6     -115.09184081      -0.00000008     0.54D-05     0.58D-05     5     0       8.57     53.61    diag
   7     -115.09184082      -0.00000001     0.16D-05     0.19D-05     6     0       9.30     62.91    diag
   8     -115.09184082      -0.00000000     0.58D-06     0.75D-06     7     0       9.44     72.35    fixocc
   9     -115.09184082      -0.00000000     0.13D-06     0.22D-06     8     0       9.39     81.74    diag
  10     -115.09184082      -0.00000000     0.22D-07     0.34D-07     0     0       9.39     91.13    diag/orth

 Final occupancy:   9

 !RHF STATE 1.1 Energy               -115.091840820463
  RHF One-electron energy            -236.910642576052
  RHF Two-electron energy              81.479790406897
  RHF Kinetic energy                  114.923386174024
  RHF Nuclear energy                   40.339011348692
  RHF Virial quotient                  -1.001465799539

 !RHF STATE 1.1 Dipole moment          -0.01536538     0.59476139    -0.39176054
 Dipole moment /Debye                  -0.03905489     1.51173265    -0.99575598

 Orbital energies:

           1.1          2.1          3.1          4.1          5.1          6.1          7.1          8.1          9.1         10.1
    -20.558435   -11.271414    -1.358036    -0.926054    -0.691662    -0.621173    -0.593695    -0.503350    -0.451713     0.028436

          11.1
      0.042971


 HOMO      9.1    -0.451713 =     -12.2917eV
 LUMO     10.1     0.028436 =       0.7738eV
 LUMO-HOMO         0.480148 =      13.0655eV

 Orbitals saved in record  2102.2


 **********************************************************************************************************************************
 DATASETS  * FILE   NREC   LENGTH (MB)   RECORD NAMES
              1      20      625.98       500      610      700      701      900      950      970     1001      129      960   
                                          VAR    BASINP    GEOM     GEOM    SYMINP    ZMAT    AOBASIS   BASIS     P2S    ABASIS    
                                         1100     1400     1410     1200     1210     1080     1600     1650     1300     1700   
                                           S        T        V       H0       H01     AOSYM     SMH    MOLCAS    ERIS     OPER   

              2      12        3.69       700     1000      520     2100      200     2101     8500     9001      701     1001   
                                         GEOM     BASIS   MCVARS     RHF    OPTIONS    RHF     CPHF    DEN_MP2   GEOM     BASIS   
                                         2102     9001(1)
                                          RHF    DEN_MP2    

 PROGRAMS   *        TOTAL    HF-SCF      CCSD    HF-SCF       INT      CCSD    HF-SCF      CCSD    HF-SCF      CCSD    HF-SCF
 CPU TIMES  *     38279.67    112.55    764.47     91.67     21.31    349.59     19.54    758.04     85.53    765.61     95.32
 REAL TIME  *      5566.78 SEC
 DISK USED  *         2.31 GB
 **********************************************************************************************************************************


 PROGRAM * CCSD (Closed-shell coupled cluster)     Authors: C. Hampel, H.-J. Werner, 1991, M. Deegan, P.J. Knowles, 1992


 Convergence thresholds:  THRVAR = 1.00D-12  THRDEN = 1.00D-08

 Using ITF CCSD gradient implementation

 Number of core orbitals:           2 (   2 )
 Number of closed-shell orbitals:   7 (   7 )
 Number of external orbitals:     175 ( 175 )

 Molecular orbitals read from record     2102.2  Type=RHF/CANONICAL (state 1.1)

 Integral transformation finished. Total CPU:  22.76 sec, npass=  1  Memory used:  27.38 MW
  Reference energy                   -115.091840820463

  MP2 correlation energy               -0.436750547886
  MP2 total energy                   -115.528591368350

 ITER.      SQ.NORM     CORR.ENERGY   TOTAL ENERGY   ENERGY CHANGE        DEN1      VAR(S)    VAR(P)  DIIS     TIME
   1      1.12038724    -0.45320452  -115.54504534    -0.01645398    -0.00559378  1.69e-03  1.94e-03  1  1    25.28
   2      1.12838171    -0.45418924  -115.54603006    -0.00098472    -0.00936307  4.22e-05  2.70e-04  2  2    48.41
   3      1.13076778    -0.45430818  -115.54614900    -0.00011894    -0.00140750  4.45e-06  3.49e-05  3  3    71.71
   4      1.13201669    -0.45431098  -115.54615180    -0.00000280    -0.00092431  1.42e-07  3.38e-06  4  4    93.55
   5      1.13231922    -0.45429032  -115.54613114     0.00002067    -0.00019147  1.84e-08  3.19e-07  5  5   116.60
   6      1.13239852    -0.45428783  -115.54612865     0.00000249    -0.00004916  3.55e-10  1.45e-08  6  0   140.10
   7      1.13240671    -0.45428666  -115.54612748     0.00000117    -0.00000619  6.19e-11  1.05e-09  6  1   164.55
   8      1.13240692    -0.45428652  -115.54612734     0.00000014    -0.00000046  4.18e-12  1.05e-10  6  2   186.74
   9      1.13240684    -0.45428650  -115.54612732     0.00000002     0.00000001  1.72e-13  1.10e-11  6  3   210.40
  10      1.13240689    -0.45428650  -115.54612732     0.00000000    -0.00000004  2.91e-14  7.52e-13         232.78

 Norm of t1 vector:      0.05252935     S-energy:      0.00000001   T1 diagnostic:  0.00992711

 Time per iteration:                     23.28 sec

 RESULTS
 =======

  Reference energy                   -115.091840820463
  CCSD correlation energy              -0.454286499120
 !CCSD total energy                  -115.546127319583

 Starting CP-CCSD iterations.   Author: W. Gyorffy (2012)

 ITER.      NRM1           NRM2      VAR(S)+VAR(P)   DIIS    TIME
   1     0.00162893     0.38320344     5.25e-04      1  1   23.89
   2     0.00147767     0.37940184     3.81e-05      2  2   48.17
   3     0.00137301     0.37891976     4.73e-06      3  3   72.33
   4     0.00132295     0.37852804     8.98e-07      4  4  102.49
   5     0.00129523     0.37843362     9.30e-08      5  5  128.30
   6     0.00128483     0.37840009     9.43e-09      6  0  154.67
   7     0.00128203     0.37839616     1.12e-09      6  1  180.10
   8     0.00128131     0.37839488     1.45e-10      6  2  205.17
   9     0.00128117     0.37839476     1.93e-11      6  3  232.46
  10     0.00128113     0.37839471     2.52e-12      6  4  259.07
  11     0.00128114     0.37839470     3.03e-13            282.57


 Time per iteration:                     25.69 sec


 CPHF trial vector read from record  8500.2

 Starting Coupled-perturbed Hartree-Fock, convergence threshold= 1.0D-06

 ITER   MIC  DIIS      VAR         VARC       CPU
   1     0     1    0.29D-01    0.70D-03     9.51
   2     3     2    0.21D-04    0.15D-04    18.93
   3     3     3    0.85D-06    0.27D-06    27.95

 CPHF convergence reached in  3 macroiterations and    6 microiterations.   Accuracy: 8.5394D-07

 CPHF solution written to record  8500.2

 Dipole moments (unrelaxed):           -0.01651920     0.55795221    -0.36633294
 Orbital relaxation contribution:       0.00020822     0.00427815    -0.00308796
 !CCSD STATE 1.1 Dipole moment         -0.01631098     0.56223036    -0.36942090
 Dipole moment /Debye                  -0.04145839     1.42904704    -0.93897427

 CPU-time for coupled-perturbed hartree-fock:         28.03 sec

 Number of N-1 electron functions:               7
 Number of N-2 electron functions:              28
 Number of singly external CSFs:              1225
 Number of doubly external CSFs:            750925
 Total number of CSFs:                      752151

 CCSD gradient info saved on record        55555.1




 **********************************************************************************************************************************
 DATASETS  * FILE   NREC   LENGTH (MB)   RECORD NAMES
              1      22      861.99       500      610      700      701      900      950      970     1001      129      960   
                                          VAR    BASINP    GEOM     GEOM    SYMINP    ZMAT    AOBASIS   BASIS     P2S    ABASIS    
                                         1100     1400     1410     1200     1210     1080     1600     1650     1300     1700   
                                           S        T        V       H0       H01     AOSYM     SMH    MOLCAS    ERIS     OPER   
                                         1380    55555   
                                         JKOP     CCSD   

              2      12        3.69       700     1000      520     2100      200     2101     8500     9001      701     1001   
                                         GEOM     BASIS   MCVARS     RHF    OPTIONS    RHF     CPHF    DEN_MP2   GEOM     BASIS   
                                         2102     9001(1)
                                          RHF    DEN_MP2    

 PROGRAMS   *        TOTAL      CCSD    HF-SCF      CCSD    HF-SCF       INT      CCSD    HF-SCF      CCSD    HF-SCF      CCSD
 CPU TIMES  *     39062.57    782.91    112.55    764.47     91.67     21.31    349.59     19.54    758.04     85.53    765.61
 REAL TIME  *      5674.16 SEC
 DISK USED  *         2.31 GB
 **********************************************************************************************************************************

 Current geometry (xyz format, in Angstrom)


 Dump information in style XYZ to ch3oh_maxima_mp2_1.xyz                                                          

    6
 CCSD/AUG-CC-PVTZ  OPTSTEP=1  ENERGY=-115.54612732
 C          0.0017466354        0.0125558135       -0.7282926910
 O          0.0011326582       -0.0643091666        0.6900797527
 H         -0.0064192448        0.8265470527        1.0409762609
 H          1.0003729801        0.2136746592       -1.1218500008
 H         -0.3457878368       -0.9487221712       -1.1013816382
 H         -0.6869585744        0.7796834710       -1.0930174392

 **********************************************************************************************************************************

 PROGRESS OF GEOMETRY OPTIMIZATION.    TOTAL CPU:      2055.2 SEC
   1  -115.54595915  -115.54612732    -0.00016817  0.00416604  0.00651523  0.00196442  0.03490659  0.04945489  0.00449590

 **********************************************************************************************************************************

 Current geometry (xyz format, in Angstrom)


 Dump information in style XYZ to ch3oh_maxima_mp2.xyz                                                            

    6
 CCSD/AUG-CC-PVTZ  ENERGY=-115.54612732
 C          0.0017466354        0.0125558135       -0.7282926910
 O          0.0011326582       -0.0643091666        0.6900797527
 H         -0.0064192448        0.8265470527        1.0409762609
 H          1.0003729801        0.2136746592       -1.1218500008
 H         -0.3457878368       -0.9487221712       -1.1013816382
 H         -0.6869585744        0.7796834710       -1.0930174392

 **********************************************************************************************************************************

 Current variables
 RCO=                 1.42045380 ANGSTROM
 ROH=                 0.95750206 ANGSTROM
 ACOH=              108.39647672 DEGREE
 RCH1=                1.09205802 ANGSTROM
 AOCH1=             111.72883036 DEGREE
 AHH1=               80.27479591 DEGREE
 RCH2=                1.08813186 ANGSTROM
 AOCH2=             107.12312821 DEGREE
 RCH3=                1.09353731 ANGSTROM
 AOCH3=             111.76048241 DEGREE
 AHH3=              317.75785246 DEGREE

 **********************************************************************************************************************************

 PROGRAM * ALASKA (Gradient of the energy)     Author: R. Lindh


 CCSD Gradient info restored from record   55555.1

 Number of core orbitals:           2 (   2 )
 Number of closed-shell orbitals:   7 (   7 )
 Number of external orbitals:     175 ( 175 )

 Integral thresholds in T2TRAN:            1.0D-10 (PROD)

 Available memory for Transformation: 497467824 words
 Memory needed for incore algorithm:   11782801 words
 Minimum memory needed:                 3718915 words

 Memory used for transformation:          16.57 MW
 Available memory for gradients:         482.90 MW

 CPU for transformation:                 161.03 sec
 CPU for integrals and gradient:         115.39 sec
 Total CPU:                              276.42 sec

 Prescreening statistics:
 ========================

 Total number of shell quadruplets:        2.22D+04
 Number of shell quadruplets processed:    2.22D+04 (100.00%)

 CCSD GRADIENT FOR STATE 1.1

 Atom          dE/dx               dE/dy               dE/dz

   1         0.002739039        -0.000900278         0.000000074
   2         0.000937206        -0.000063076        -0.000118099
   3        -0.001157017         0.000126365        -0.000029367
   4        -0.000359313         0.000205564         0.000171609
   5        -0.001564346         0.000561596         0.000105822
   6        -0.000595569         0.000069829        -0.000130038

 Nuclear force contribution to virial =        -0.000023436
 Reading points 1 to 2 from record 701.2,  wavefunction type=CCSD            

 Making model hessian for Z-matrix coordinates
 BFGS update of hessian using  1 points

 Entering Rational Function Geometry Optimization

 Optimization point 2

 Variable                      Last           Current        Next           Gradient       Hessian

 E(CCSD) / Hartree        -115.54595915  -115.54612732  -115.54613301
 RCO / ANGSTROM              1.42040036     1.42045380     1.42058736    -0.00028456     2.23355489
 ROH / ANGSTROM              0.95749032     0.95750206     0.95740169     0.00021908     2.54454489
 ACOH / DEGREE             108.41394571   108.39647672   108.42754964    -0.00000240     0.00007374
 RCH1 / ANGSTROM             1.09282370     1.09205802     1.09251703    -0.00066624     1.72885241
 AOCH1 / DEGREE            111.68373208   111.72883036   111.61762505    -0.00000116     0.00007300
 AHH1 / DEGREE              78.27479591    80.27479591    80.68853400    -0.00000919     0.00005041
 RCH2 / ANGSTROM             1.08807985     1.08813186     1.08816397    -0.00006194     1.74458848
 AOCH2 / DEGREE            107.08155214   107.12312821   107.17398336    -0.00000249     0.00007625
 RCH3 / ANGSTROM             1.09275946     1.09353731     1.09292523     0.00088334     1.72466490
 AOCH3 / DEGREE            111.86508106   111.76048241   111.87769600    -0.00000155     0.00007132
 AHH3 / DEGREE             315.75785246   317.75785246   318.24175314    -0.00001324     0.00005089
 Convergence:                0.00000000  (line search)     0.01160608     0.00113320  (total)

 Geometry written to block  3 of record 701

 Running procedure: RUNCCSD


 Recomputing integrals since geometry changed


 PROGRAM * SEWARD (Integral evaluation for generally contracted gaussian basis sets)     Author: Roland Lindh, 1990

 Geometry written to block  3 of record 701

 Orientation using atomic masses  
 Molecule type: Asymmetric top
 Rotational constants:      23.9400082     24.7931935    128.7225081 GHz  (calculated with average atomic masses)

 Point group  C1  



 ATOMIC COORDINATES

 NR  ATOM    CHARGE       X              Y              Z

   1  C       6.00    0.002219342    0.024042162   -1.376367451
   2  O       8.00    0.001426087   -0.121588569    1.304200462
   3  H       1.00   -0.002269397    1.561312693    1.968378113
   4  H1      1.00    1.895855053    0.379253326   -2.118235679
   5  H2      1.00   -0.665755078   -1.787827288   -2.083078226
   6  H3      1.00   -1.276913909    1.490785427   -2.067791842

 Bond lengths in Bohr (Angstrom)

 1-2  2.684521051  1-4  2.064557978  1-5  2.056331891  1-6  2.065329360  2-3  1.809226980
     ( 1.420587362)     ( 1.092517032)     ( 1.088163975)     ( 1.092925230)     ( 0.957401687)

 Bond angles

  1-2-3  108.42754964   2-1-4  111.61762505   2-1-5  107.17398336   2-1-6  111.87769600

  4-1-5  109.02908942   4-1-6  109.00061051   5-1-6  108.02959221

 NUCLEAR CHARGE:                   18
 NUMBER OF PRIMITIVE AOS:         242
 NUMBER OF SYMMETRY AOS:          216
 NUMBER OF CONTRACTIONS:          184   (  184A   )
 NUMBER OF INNER CORE ORBITALS:     0   (    0A   )
 NUMBER OF OUTER CORE ORBITALS:     2   (    2A   )
 NUMBER OF VALENCE ORBITALS:       12   (   12A   )


 NUCLEAR REPULSION ENERGY   40.33669851

 Eigenvalues of metric

         1 0.613E-04 0.747E-04 0.898E-04 0.205E-03 0.413E-03 0.474E-03 0.762E-03 0.783E-03


 Contracted 2-electron integrals neglected if value below      1.0D-11
 AO integral compression algorithm  1   Integral accuracy      1.0D-11

     710.672 MB (compressed) written to integral file ( 52.4%)


 NUMBER OF SORTED TWO-ELECTRON INTEGRALS:  144848710.     BUFFER LENGTH:  32768
 NUMBER OF SEGMENTS:  10  SEGMENT LENGTH:   15999503      RECORD LENGTH: 524288

 Memory used in sort:      16.56 MW

 SORT1 READ   169623812. AND WROTE   143576815. INTEGRALS IN    414 RECORDS. CPU TIME:     1.15 SEC, REAL TIME:     1.73 SEC
 SORT2 READ   143576815. AND WROTE   144848710. INTEGRALS IN   2711 RECORDS. CPU TIME:     1.25 SEC, REAL TIME:     1.69 SEC

 FILE SIZES:   FILE 1:   742.2 MBYTE,  FILE 4:  1736.5 MBYTE,   TOTAL:   2478.7 MBYTE

 OPERATOR DM      FOR CENTER  0  COORDINATES:    0.000000    0.000000    0.000000

 Program * Restricted Hartree-Fock

 Molecular orbitals read from record     2102.2  Type=RHF/CANONICAL (state 1.1)

 NELEC=   18   SYM=1   MS2= 0   THRE=1.0D-09   THRD=1.0D-06   THRG=1.0D-06  HFMA2=F  DIIS_START=2   DIIS_MAX=10   DIIS_INCORE=F

 Level shifts:    0.00 (CLOSED)    0.00 (OPEN)    0.30 (GAP_MIN)

 ITER           ETOT              DE          GRAD        DDIFF     DIIS  NEXP   TIME(IT)  TIME(TOT)  DIAG
   1     -115.09179606    -115.09179606     0.00D+00     0.47D-01     0     0       9.42      9.43    start
   2     -115.09184546      -0.00004941     0.15D-03     0.16D-03     1     0       9.25     18.68    diag
   3     -115.09185241      -0.00000695     0.41D-04     0.48D-04     2     0       9.00     27.68    diag
   4     -115.09185285      -0.00000044     0.93D-05     0.15D-04     3     0       9.43     37.11    diag
   5     -115.09185286      -0.00000001     0.18D-05     0.22D-05     4     0       9.22     46.33    diag
   6     -115.09185286      -0.00000000     0.81D-06     0.82D-06     5     0       8.95     55.28    diag
   7     -115.09185286      -0.00000000     0.20D-06     0.26D-06     6     0       9.24     64.52    diag
   8     -115.09185286      -0.00000000     0.69D-07     0.69D-07     0     0       9.43     73.95    fixocc

 Final occupancy:   9

 !RHF STATE 1.1 Energy               -115.091852858917
  RHF One-electron energy            -236.906055685361
  RHF Two-electron energy              81.477504319493
  RHF Kinetic energy                  114.923307239018
  RHF Nuclear energy                   40.336698506951
  RHF Virial quotient                  -1.001466592147

 !RHF STATE 1.1 Dipole moment          -0.01162429     0.59497148    -0.39161111
 Dipole moment /Debye                  -0.02954601     1.51226666    -0.99537615

 Orbital energies:

           1.1          2.1          3.1          4.1          5.1          6.1          7.1          8.1          9.1         10.1
    -20.558429   -11.271420    -1.357995    -0.926107    -0.691755    -0.620766    -0.593877    -0.503689    -0.451490     0.028432

          11.1
      0.042957


 HOMO      9.1    -0.451490 =     -12.2857eV
 LUMO     10.1     0.028432 =       0.7737eV
 LUMO-HOMO         0.479922 =      13.0593eV

 Orbitals saved in record  2102.2


 **********************************************************************************************************************************
 DATASETS  * FILE   NREC   LENGTH (MB)   RECORD NAMES
              1      20      624.37       500      610      700      701      900      950      970     1001      129      960   
                                          VAR    BASINP    GEOM     GEOM    SYMINP    ZMAT    AOBASIS   BASIS     P2S    ABASIS    
                                         1100     1400     1410     1200     1210     1080     1600     1650     1300     1700   
                                           S        T        V       H0       H01     AOSYM     SMH    MOLCAS    ERIS     OPER   

              2      12        3.69       700     1000      520     2100      200     2101     8500     9001      701     1001   
                                         GEOM     BASIS   MCVARS     RHF    OPTIONS    RHF     CPHF    DEN_MP2   GEOM     BASIS   
                                         2102     9001(1)
                                          RHF    DEN_MP2    

 PROGRAMS   *        TOTAL    HF-SCF      CCSD    HF-SCF      CCSD    HF-SCF       INT      CCSD    HF-SCF      CCSD    HF-SCF
 CPU TIMES  *     39440.50    100.36    782.91    112.55    764.47     91.67     21.31    349.59     19.54    758.04     85.53
 REAL TIME  *      5742.43 SEC
 DISK USED  *         2.31 GB
 **********************************************************************************************************************************


 PROGRAM * CCSD (Closed-shell coupled cluster)     Authors: C. Hampel, H.-J. Werner, 1991, M. Deegan, P.J. Knowles, 1992


 Convergence thresholds:  THRVAR = 1.00D-12  THRDEN = 1.00D-08

 Using ITF CCSD gradient implementation

 Number of core orbitals:           2 (   2 )
 Number of closed-shell orbitals:   7 (   7 )
 Number of external orbitals:     175 ( 175 )

 Molecular orbitals read from record     2102.2  Type=RHF/CANONICAL (state 1.1)

 Integral transformation finished. Total CPU:  22.72 sec, npass=  1  Memory used:  27.38 MW
  Reference energy                   -115.091852858917

  MP2 correlation energy               -0.436744112629
  MP2 total energy                   -115.528596971546

 ITER.      SQ.NORM     CORR.ENERGY   TOTAL ENERGY   ENERGY CHANGE        DEN1      VAR(S)    VAR(P)  DIIS     TIME
   1      1.12038461    -0.45319858  -115.54505144    -0.01645447    -0.00559466  1.69e-03  1.94e-03  1  1    23.50
   2      1.12837860    -0.45418311  -115.54603597    -0.00098453    -0.00936267  4.22e-05  2.70e-04  2  2    47.49
   3      1.13076461    -0.45430201  -115.54615487    -0.00011890    -0.00140745  4.45e-06  3.49e-05  3  3    71.17
   4      1.13201336    -0.45430481  -115.54615767    -0.00000279    -0.00092420  1.42e-07  3.38e-06  4  4    93.79
   5      1.13231581    -0.45428414  -115.54613700     0.00002067    -0.00019142  1.84e-08  3.19e-07  5  5   116.82
   6      1.13239509    -0.45428165  -115.54613451     0.00000249    -0.00004915  3.54e-10  1.45e-08  6  0   139.94
   7      1.13240328    -0.45428049  -115.54613335     0.00000117    -0.00000618  6.19e-11  1.05e-09  6  1   162.75
   8      1.13240348    -0.45428035  -115.54613320     0.00000014    -0.00000046  4.17e-12  1.05e-10  6  2   185.04
   9      1.13240340    -0.45428033  -115.54613319     0.00000002     0.00000001  1.71e-13  1.10e-11  6  3   208.22
  10      1.13240346    -0.45428032  -115.54613318     0.00000000    -0.00000004  2.91e-14  7.52e-13         230.17

 Norm of t1 vector:      0.05253070     S-energy:      0.00000001   T1 diagnostic:  0.00992737

 Time per iteration:                     23.02 sec

 RESULTS
 =======

  Reference energy                   -115.091852858917
  CCSD correlation energy              -0.454280323095
 !CCSD total energy                  -115.546133182011

 Starting CP-CCSD iterations.   Author: W. Gyorffy (2012)

 ITER.      NRM1           NRM2      VAR(S)+VAR(P)   DIIS    TIME
   1     0.00162892     0.38319904     5.25e-04      1  1   24.72
   2     0.00147765     0.37939707     3.82e-05      2  2   50.18
   3     0.00137296     0.37891499     4.73e-06      3  3   74.18
   4     0.00132289     0.37852320     8.99e-07      4  4  100.32
   5     0.00129517     0.37842876     9.31e-08      5  5  124.72
   6     0.00128475     0.37839522     9.44e-09      6  0  149.22
   7     0.00128196     0.37839128     1.12e-09      6  1  173.92
   8     0.00128123     0.37839001     1.45e-10      6  2  201.77
   9     0.00128109     0.37838989     1.93e-11      6  3  228.01
  10     0.00128106     0.37838983     2.51e-12      6  4  253.11
  11     0.00128106     0.37838982     3.03e-13            278.10


 Time per iteration:                     25.28 sec


 CPHF trial vector read from record  8500.2

 Starting Coupled-perturbed Hartree-Fock, convergence threshold= 1.0D-06

 ITER   MIC  DIIS      VAR         VARC       CPU
   1     0     1    0.46D-02    0.13D-03     9.43
   2     3     2    0.34D-05    0.25D-05    19.05
   3     1     3    0.38D-06    0.66D-07    28.44

 CPHF convergence reached in  3 macroiterations and    4 microiterations.   Accuracy: 3.8175D-07

 CPHF solution written to record  8500.2

 Dipole moments (unrelaxed):           -0.01279026     0.55813109    -0.36619363
 Orbital relaxation contribution:       0.00018661     0.00428555    -0.00308367
 !CCSD STATE 1.1 Dipole moment         -0.01260365     0.56241663    -0.36927731
 Dipole moment /Debye                  -0.03203528     1.42952050    -0.93860929

 CPU-time for coupled-perturbed hartree-fock:         28.50 sec

 Number of N-1 electron functions:               7
 Number of N-2 electron functions:              28
 Number of singly external CSFs:              1225
 Number of doubly external CSFs:            750925
 Total number of CSFs:                      752151

 CCSD gradient info saved on record        55555.1




 **********************************************************************************************************************************
 DATASETS  * FILE   NREC   LENGTH (MB)   RECORD NAMES
              1      22      860.38       500      610      700      701      900      950      970     1001      129      960   
                                          VAR    BASINP    GEOM     GEOM    SYMINP    ZMAT    AOBASIS   BASIS     P2S    ABASIS    
                                         1100     1400     1410     1200     1210     1080     1600     1650     1300     1700   
                                           S        T        V       H0       H01     AOSYM     SMH    MOLCAS    ERIS     OPER   
                                         1380    55555   
                                         JKOP     CCSD   

              2      12        3.69       700     1000      520     2100      200     2101     8500     9001      701     1001   
                                         GEOM     BASIS   MCVARS     RHF    OPTIONS    RHF     CPHF    DEN_MP2   GEOM     BASIS   
                                         2102     9001(1)
                                          RHF    DEN_MP2    

 PROGRAMS   *        TOTAL      CCSD    HF-SCF      CCSD    HF-SCF      CCSD    HF-SCF       INT      CCSD    HF-SCF      CCSD
 CPU TIMES  *     40222.53    782.02    100.36    782.91    112.55    764.47     91.67     21.31    349.59     19.54    758.04
 REAL TIME  *      5849.94 SEC
 DISK USED  *         2.31 GB
 **********************************************************************************************************************************

 Current geometry (xyz format, in Angstrom)


 Dump information in style XYZ to ch3oh_maxima_mp2_2.xyz                                                          

    6
 CCSD/AUG-CC-PVTZ  OPTSTEP=2  ENERGY=-115.54613318
 C          0.0011744253        0.0127225641       -0.7283422889
 O          0.0007546527       -0.0643418996        0.6901531627
 H         -0.0012009131        0.8262110962        1.0416208398
 H          1.0032432890        0.2006922171       -1.1209220488
 H         -0.3523024153       -0.9460774576       -1.1023175255
 H         -0.6757137409        0.7888896741       -1.0942283195

 **********************************************************************************************************************************

 PROGRESS OF GEOMETRY OPTIMIZATION.    TOTAL CPU:      3215.2 SEC
   1  -115.54595915  -115.54612732    -0.00016817  0.00416604  0.00651523  0.00196442  0.03490659  0.04945489  0.00449590
   2  -115.54612732  -115.54613318    -0.00000586  0.00075837  0.00113320  0.00034167  0.00844566  0.01160608  0.00105510

 **********************************************************************************************************************************

 Current geometry (xyz format, in Angstrom)


 Dump information in style XYZ to ch3oh_maxima_mp2.xyz                                                            

    6
 CCSD/AUG-CC-PVTZ  ENERGY=-115.54613318
 C          0.0011744253        0.0127225641       -0.7283422889
 O          0.0007546527       -0.0643418996        0.6901531627
 H         -0.0012009131        0.8262110962        1.0416208398
 H          1.0032432890        0.2006922171       -1.1209220488
 H         -0.3523024153       -0.9460774576       -1.1023175255
 H         -0.6757137409        0.7888896741       -1.0942283195

 **********************************************************************************************************************************

 Current variables
 RCO=                 1.42058736 ANGSTROM
 ROH=                 0.95740169 ANGSTROM
 ACOH=              108.42754964 DEGREE
 RCH1=                1.09251703 ANGSTROM
 AOCH1=             111.61762505 DEGREE
 AHH1=               80.68853400 DEGREE
 RCH2=                1.08816397 ANGSTROM
 AOCH2=             107.17398336 DEGREE
 RCH3=                1.09292523 ANGSTROM
 AOCH3=             111.87769600 DEGREE
 AHH3=              318.24175314 DEGREE

 **********************************************************************************************************************************

 PROGRAM * ALASKA (Gradient of the energy)     Author: R. Lindh


 CCSD Gradient info restored from record   55555.1

 Number of core orbitals:           2 (   2 )
 Number of closed-shell orbitals:   7 (   7 )
 Number of external orbitals:     175 ( 175 )

 Integral thresholds in T2TRAN:            1.0D-10 (PROD)

 Available memory for Transformation: 497467824 words
 Memory needed for incore algorithm:   11782801 words
 Minimum memory needed:                 3718915 words

 Memory used for transformation:          16.57 MW
 Available memory for gradients:         482.90 MW

 CPU for transformation:                 160.41 sec
 CPU for integrals and gradient:         114.40 sec
 Total CPU:                              274.81 sec

 Prescreening statistics:
 ========================

 Total number of shell quadruplets:        2.22D+04
 Number of shell quadruplets processed:    2.22D+04 (100.00%)

 CCSD GRADIENT FOR STATE 1.1

 Atom          dE/dx               dE/dy               dE/dz

   1         0.001212087        -0.000531424         0.000010698
   2         0.001221849         0.000030226         0.000012178
   3        -0.001159850         0.000033986        -0.000007745
   4        -0.000184321        -0.000031751         0.000088624
   5        -0.000959075         0.000356598        -0.000000719
   6        -0.000130690         0.000142365        -0.000103036

 Nuclear force contribution to virial =         0.000075020
 Reading points 1 to 3 from record 701.2,  wavefunction type=CCSD            

 Making model hessian for Z-matrix coordinates
 BFGS update of hessian using  2 points

 Entering Rational Function Geometry Optimization

 Optimization point 3

 Variable                      Last           Current        Next           Gradient       Hessian

 E(CCSD) / Hartree        -115.54612732  -115.54613318  -115.54613330
 RCO / ANGSTROM              1.42045380     1.42058736     1.42058938     0.00000175     2.23291842
 ROH / ANGSTROM              0.95750206     0.95740169     0.95737484     0.00005884     2.54327622
 ACOH / DEGREE             108.39647672   108.42754964   108.43706043    -0.00000063     0.00007348
 RCH1 / ANGSTROM             1.09205802     1.09251703     1.09275906    -0.00038998     1.69462139
 AOCH1 / DEGREE            111.72883036   111.61762505   111.62794684    -0.00000055     0.00007277
 AHH1 / DEGREE              80.27479591    80.68853400    80.69861852    -0.00000012     0.00005043
 RCH2 / ANGSTROM             1.08813186     1.08816397     1.08816873    -0.00000456     1.74431836
 AOCH2 / DEGREE            107.12312821   107.17398336   107.16509558     0.00000077     0.00007662
 RCH3 / ANGSTROM             1.09353731     1.09292523     1.09266861     0.00040920     1.67922776
 AOCH3 / DEGREE            111.76048241   111.87769600   111.86266189     0.00000116     0.00007188
 AHH3 / DEGREE             317.75785246   318.24175314   318.25177669    -0.00000021     0.00005098
 Convergence:                0.00000000  (line search)     0.00081335     0.00031517  (total)

 Geometry written to block  4 of record 701

 Running procedure: RUNCCSD


 Recomputing integrals since geometry changed


 PROGRAM * SEWARD (Integral evaluation for generally contracted gaussian basis sets)     Author: Roland Lindh, 1990

 Geometry written to block  4 of record 701

 Orientation using atomic masses  
 Molecule type: Asymmetric top
 Rotational constants:      23.9402975     24.7933141    128.7225399 GHz  (calculated with average atomic masses)

 Point group  C1  



 ATOMIC COORDINATES

 NR  ATOM    CHARGE       X              Y              Z

   1  C       6.00    0.002112069    0.024086505   -1.376391541
   2  O       8.00    0.001498789   -0.121597798    1.304177319
   3  H       1.00   -0.002415788    1.561132212    1.968649337
   4  H1      1.00    1.895989297    0.379345431   -2.118893068
   5  H2      1.00   -0.665660692   -1.787984332   -2.082802631
   6  H3      1.00   -1.276871869    1.490648945   -2.067026853

 Bond lengths in Bohr (Angstrom)

 1-2  2.684524857  1-4  2.065015345  1-5  2.056340878  1-6  2.064844409  2-3  1.809176242
     ( 1.420589377)     ( 1.092759061)     ( 1.088168730)     ( 1.092668605)     ( 0.957374838)

 Bond angles

  1-2-3  108.43706043   2-1-4  111.62794684   2-1-5  107.16509558   2-1-6  111.86266189

  4-1-5  109.02052242   4-1-6  109.00326595   5-1-6  108.04935970

 NUCLEAR CHARGE:                   18
 NUMBER OF PRIMITIVE AOS:         242
 NUMBER OF SYMMETRY AOS:          216
 NUMBER OF CONTRACTIONS:          184   (  184A   )
 NUMBER OF INNER CORE ORBITALS:     0   (    0A   )
 NUMBER OF OUTER CORE ORBITALS:     2   (    2A   )
 NUMBER OF VALENCE ORBITALS:       12   (   12A   )


 NUCLEAR REPULSION ENERGY   40.33688606

 Eigenvalues of metric

         1 0.613E-04 0.747E-04 0.898E-04 0.205E-03 0.413E-03 0.474E-03 0.762E-03 0.783E-03


 Contracted 2-electron integrals neglected if value below      1.0D-11
 AO integral compression algorithm  1   Integral accuracy      1.0D-11

     710.148 MB (compressed) written to integral file ( 52.3%)


 NUMBER OF SORTED TWO-ELECTRON INTEGRALS:  144848710.     BUFFER LENGTH:  32768
 NUMBER OF SEGMENTS:  10  SEGMENT LENGTH:   15999503      RECORD LENGTH: 524288

 Memory used in sort:      16.56 MW

 SORT1 READ   169623812. AND WROTE   143572983. INTEGRALS IN    414 RECORDS. CPU TIME:     1.16 SEC, REAL TIME:     1.74 SEC
 SORT2 READ   143572983. AND WROTE   144848710. INTEGRALS IN   2709 RECORDS. CPU TIME:     1.26 SEC, REAL TIME:     1.70 SEC

 FILE SIZES:   FILE 1:   741.7 MBYTE,  FILE 4:  1736.5 MBYTE,   TOTAL:   2478.2 MBYTE

 OPERATOR DM      FOR CENTER  0  COORDINATES:    0.000000    0.000000    0.000000

 Program * Restricted Hartree-Fock

 Molecular orbitals read from record     2102.2  Type=RHF/CANONICAL (state 1.1)

 NELEC=   18   SYM=1   MS2= 0   THRE=1.0D-09   THRD=1.0D-07   THRG=1.0D-07  HFMA2=F  DIIS_START=2   DIIS_MAX=10   DIIS_INCORE=F

 Level shifts:    0.00 (CLOSED)    0.00 (OPEN)    0.30 (GAP_MIN)

 ITER           ETOT              DE          GRAD        DDIFF     DIIS  NEXP   TIME(IT)  TIME(TOT)  DIAG
   1     -115.09185469    -115.09185469     0.00D+00     0.47D-01     0     0       9.53      9.54    start
   2     -115.09185475      -0.00000006     0.56D-05     0.12D-04     1     0       9.47     19.01    diag
   3     -115.09185476      -0.00000001     0.14D-05     0.21D-05     2     0       9.39     28.40    diag
   4     -115.09185476      -0.00000000     0.41D-06     0.61D-06     3     0       9.40     37.80    diag
   5     -115.09185476      -0.00000000     0.18D-06     0.19D-06     4     0       9.24     47.04    diag
   6     -115.09185476      -0.00000000     0.52D-07     0.65D-07     5     0       9.14     56.18    diag
   7     -115.09185476      -0.00000000     0.14D-07     0.13D-07     0     0       9.45     65.63    diag

 Final occupancy:   9

 !RHF STATE 1.1 Energy               -115.091854758223
  RHF One-electron energy            -236.906461185403
  RHF Two-electron energy              81.477720362981
  RHF Kinetic energy                  114.923369287452
  RHF Nuclear energy                   40.336886064198
  RHF Virial quotient                  -1.001466067970

 !RHF STATE 1.1 Dipole moment          -0.01185181     0.59499800    -0.39152190
 Dipole moment /Debye                  -0.03012429     1.51233407    -0.99514940

 Orbital energies:

           1.1          2.1          3.1          4.1          5.1          6.1          7.1          8.1          9.1         10.1
    -20.558418   -11.271419    -1.357992    -0.926109    -0.691775    -0.620733    -0.593886    -0.503708    -0.451472     0.028432

          11.1
      0.042957


 HOMO      9.1    -0.451472 =     -12.2852eV
 LUMO     10.1     0.028432 =       0.7737eV
 LUMO-HOMO         0.479904 =      13.0589eV

 Orbitals saved in record  2102.2


 **********************************************************************************************************************************
 DATASETS  * FILE   NREC   LENGTH (MB)   RECORD NAMES
              1      20      624.02       500      610      700      701      900      950      970     1001      129      960   
                                          VAR    BASINP    GEOM     GEOM    SYMINP    ZMAT    AOBASIS   BASIS     P2S    ABASIS    
                                         1100     1400     1410     1200     1210     1080     1600     1650     1300     1700   
                                           S        T        V       H0       H01     AOSYM     SMH    MOLCAS    ERIS     OPER   

              2      12        3.69       700     1000      520     2100      200     2101     8500     9001      701     1001   
                                         GEOM     BASIS   MCVARS     RHF    OPTIONS    RHF     CPHF    DEN_MP2   GEOM     BASIS   
                                         2102     9001(1)
                                          RHF    DEN_MP2    

 PROGRAMS   *        TOTAL    HF-SCF      CCSD    HF-SCF      CCSD    HF-SCF      CCSD    HF-SCF       INT      CCSD    HF-SCF
 CPU TIMES  *     40585.69     87.08    782.02    100.36    782.91    112.55    764.47     91.67     21.31    349.59     19.54
 REAL TIME  *      5915.42 SEC
 DISK USED  *         2.31 GB
 **********************************************************************************************************************************


 PROGRAM * CCSD (Closed-shell coupled cluster)     Authors: C. Hampel, H.-J. Werner, 1991, M. Deegan, P.J. Knowles, 1992


 Convergence thresholds:  THRVAR = 1.00D-12  THRDEN = 1.00D-08

 Using ITF CCSD gradient implementation

 Number of core orbitals:           2 (   2 )
 Number of closed-shell orbitals:   7 (   7 )
 Number of external orbitals:     175 ( 175 )

 Molecular orbitals read from record     2102.2  Type=RHF/CANONICAL (state 1.1)

 Integral transformation finished. Total CPU:  22.76 sec, npass=  1  Memory used:  27.38 MW
  Reference energy                   -115.091854758223

  MP2 correlation energy               -0.436742133557
  MP2 total energy                   -115.528596891781

 ITER.      SQ.NORM     CORR.ENERGY   TOTAL ENERGY   ENERGY CHANGE        DEN1      VAR(S)    VAR(P)  DIIS     TIME
   1      1.12038322    -0.45319686  -115.54505162    -0.01645472    -0.00559506  1.69e-03  1.94e-03  1  1    24.09
   2      1.12837706    -0.45418138  -115.54603613    -0.00098452    -0.00936252  4.22e-05  2.70e-04  2  2    47.68
   3      1.13076305    -0.45430026  -115.54615502    -0.00011889    -0.00140745  4.45e-06  3.49e-05  3  3    70.94
   4      1.13201176    -0.45430305  -115.54615781    -0.00000279    -0.00092418  1.42e-07  3.38e-06  4  4    94.51
   5      1.13231420    -0.45428239  -115.54613715     0.00002067    -0.00019141  1.84e-08  3.19e-07  5  5   117.71
   6      1.13239348    -0.45427990  -115.54613466     0.00000249    -0.00004914  3.54e-10  1.45e-08  6  0   142.18
   7      1.13240166    -0.45427874  -115.54613349     0.00000117    -0.00000618  6.19e-11  1.05e-09  6  1   165.21
   8      1.13240187    -0.45427859  -115.54613335     0.00000014    -0.00000046  4.17e-12  1.05e-10  6  2   188.64
   9      1.13240179    -0.45427858  -115.54613333     0.00000002     0.00000001  1.71e-13  1.10e-11  6  3   211.36
  10      1.13240185    -0.45427857  -115.54613333     0.00000000    -0.00000004  2.91e-14  7.52e-13         233.04

 Norm of t1 vector:      0.05253080     S-energy:      0.00000000   T1 diagnostic:  0.00992739

 Time per iteration:                     23.31 sec

 RESULTS
 =======

  Reference energy                   -115.091854758223
  CCSD correlation energy              -0.454278571750
 !CCSD total energy                  -115.546133329974

 Starting CP-CCSD iterations.   Author: W. Gyorffy (2012)

 ITER.      NRM1           NRM2      VAR(S)+VAR(P)   DIIS    TIME
   1     0.00162889     0.38319532     5.25e-04      1  1   24.49
   2     0.00147762     0.37939325     3.82e-05      2  2   51.56
   3     0.00137293     0.37891117     4.73e-06      3  3   76.74
   4     0.00132286     0.37851937     8.99e-07      4  4  101.25
   5     0.00129513     0.37842492     9.31e-08      5  5  129.14
   6     0.00128472     0.37839137     9.44e-09      6  0  154.35
   7     0.00128193     0.37838744     1.12e-09      6  1  182.13
   8     0.00128120     0.37838617     1.45e-10      6  2  207.02
   9     0.00128106     0.37838604     1.93e-11      6  3  232.04
  10     0.00128103     0.37838599     2.51e-12      6  4  255.88
  11     0.00128103     0.37838598     3.03e-13            280.38


 Time per iteration:                     25.49 sec


 CPHF trial vector read from record  8500.2

 Starting Coupled-perturbed Hartree-Fock, convergence threshold= 1.0D-06

 ITER   MIC  DIIS      VAR         VARC       CPU
   1     0     1    0.17D-03    0.11D-04    10.52
   2     3     2    0.63D-06    0.25D-06    20.69

 CPHF convergence reached in  2 macroiterations and    3 microiterations.   Accuracy: 6.2930D-07

 CPHF solution written to record  8500.2

 Dipole moments (unrelaxed):           -0.01299012     0.55815106    -0.36610530
 Orbital relaxation contribution:       0.00018308     0.00428643    -0.00308425
 !CCSD STATE 1.1 Dipole moment         -0.01280703     0.56243749    -0.36918954
 Dipole moment /Debye                  -0.03255223     1.42957351    -0.93838622

 CPU-time for coupled-perturbed hartree-fock:         20.71 sec

 Number of N-1 electron functions:               7
 Number of N-2 electron functions:              28
 Number of singly external CSFs:              1225
 Number of doubly external CSFs:            750925
 Total number of CSFs:                      752151

 CCSD gradient info saved on record        55555.1




 **********************************************************************************************************************************
 DATASETS  * FILE   NREC   LENGTH (MB)   RECORD NAMES
              1      22      860.02       500      610      700      701      900      950      970     1001      129      960   
                                          VAR    BASINP    GEOM     GEOM    SYMINP    ZMAT    AOBASIS   BASIS     P2S    ABASIS    
                                         1100     1400     1410     1200     1210     1080     1600     1650     1300     1700   
                                           S        T        V       H0       H01     AOSYM     SMH    MOLCAS    ERIS     OPER   
                                         1380    55555   
                                         JKOP     CCSD   

              2      12        3.69       700     1000      520     2100      200     2101     8500     9001      701     1001   
                                         GEOM     BASIS   MCVARS     RHF    OPTIONS    RHF     CPHF    DEN_MP2   GEOM     BASIS   
                                         2102     9001(1)
                                          RHF    DEN_MP2    

 PROGRAMS   *        TOTAL      CCSD    HF-SCF      CCSD    HF-SCF      CCSD    HF-SCF      CCSD    HF-SCF       INT      CCSD
 CPU TIMES  *     41356.71    771.00     87.08    782.02    100.36    782.91    112.55    764.47     91.67     21.31    349.59
 REAL TIME  *      6020.96 SEC
 DISK USED  *         2.31 GB
 **********************************************************************************************************************************

 Current geometry (xyz format, in Angstrom)


 Dump information in style XYZ to ch3oh_maxima_mp2_3.xyz                                                          

    6
 CCSD/AUG-CC-PVTZ  OPTSTEP=3  ENERGY=-115.54613333
 C          0.0011176586        0.0127460295       -0.7283550370
 O          0.0007931252       -0.0643467838        0.6901409163
 H         -0.0012783797        0.8261155896        1.0417643655
 H          1.0033143279        0.2007409573       -1.1212699240
 H         -0.3522524685       -0.9461605619       -1.1021716871
 H         -0.6756914941        0.7888174510       -1.0938235047

 **********************************************************************************************************************************

 PROGRESS OF GEOMETRY OPTIMIZATION.    TOTAL CPU:      4349.3 SEC
   1  -115.54595915  -115.54612732    -0.00016817  0.00416604  0.00651523  0.00196442  0.03490659  0.04945489  0.00449590
   2  -115.54612732  -115.54613318    -0.00000586  0.00075837  0.00113320  0.00034167  0.00844566  0.01160608  0.00105510
   3  -115.54613318  -115.54613333    -0.00000015  0.00021654  0.00031517  0.00009503  0.00048495  0.00081335  0.00007394

 **********************************************************************************************************************************

 Current geometry (xyz format, in Angstrom)


 Dump information in style XYZ to ch3oh_maxima_mp2.xyz                                                            

    6
 CCSD/AUG-CC-PVTZ  ENERGY=-115.54613333
 C          0.0011176586        0.0127460295       -0.7283550370
 O          0.0007931252       -0.0643467838        0.6901409163
 H         -0.0012783797        0.8261155896        1.0417643655
 H          1.0033143279        0.2007409573       -1.1212699240
 H         -0.3522524685       -0.9461605619       -1.1021716871
 H         -0.6756914941        0.7888174510       -1.0938235047

 **********************************************************************************************************************************

 Current variables
 RCO=                 1.42058938 ANGSTROM
 ROH=                 0.95737484 ANGSTROM
 ACOH=              108.43706043 DEGREE
 RCH1=                1.09275906 ANGSTROM
 AOCH1=             111.62794684 DEGREE
 AHH1=               80.69861852 DEGREE
 RCH2=                1.08816873 ANGSTROM
 AOCH2=             107.16509558 DEGREE
 RCH3=                1.09266861 ANGSTROM
 AOCH3=             111.86266189 DEGREE
 AHH3=              318.25177669 DEGREE

 **********************************************************************************************************************************

 Recomputing wavefunction for reoriented structure

 Running procedure: RUNCCSD


 Program * Restricted Hartree-Fock

 Molecular orbitals read from record     2102.2  Type=RHF/CANONICAL (state 1.1)

 NELEC=   18   SYM=1   MS2= 0   THRE=1.0D-09   THRD=1.0D-07   THRG=1.0D-07  HFMA2=F  DIIS_START=2   DIIS_MAX=10   DIIS_INCORE=F

 Level shifts:    0.00 (CLOSED)    0.00 (OPEN)    0.30 (GAP_MIN)

 ITER           ETOT              DE          GRAD        DDIFF     DIIS  NEXP   TIME(IT)  TIME(TOT)  DIAG
   1     -115.09185476    -115.09185476     0.00D+00     0.47D-01     0     0       9.27      9.28    start
   2     -115.09185476      -0.00000000     0.72D-08     0.62D-08     1     0       9.29     18.57    diag

 Final occupancy:   9

 !RHF STATE 1.1 Energy               -115.091854758223
  RHF One-electron energy            -236.906460105906
  RHF Two-electron energy              81.477719283485
  RHF Kinetic energy                  114.923368292573
  RHF Nuclear energy                   40.336886064198
  RHF Virial quotient                  -1.001466076640

 !RHF STATE 1.1 Dipole moment          -0.01185180     0.59499789    -0.39152182
 Dipole moment /Debye                  -0.03012426     1.51233378    -0.99514922

 Orbital energies:

           1.1          2.1          3.1          4.1          5.1          6.1          7.1          8.1          9.1         10.1
    -20.558417   -11.271419    -1.357992    -0.926109    -0.691774    -0.620733    -0.593886    -0.503708    -0.451472     0.028432

          11.1
      0.042957


 HOMO      9.1    -0.451472 =     -12.2852eV
 LUMO     10.1     0.028432 =       0.7737eV
 LUMO-HOMO         0.479904 =      13.0589eV

 Orbitals saved in record  2102.2


 **********************************************************************************************************************************
 DATASETS  * FILE   NREC   LENGTH (MB)   RECORD NAMES
              1      22      860.02       500      610      700      701      900      950      970     1001      129      960   
                                          VAR    BASINP    GEOM     GEOM    SYMINP    ZMAT    AOBASIS   BASIS     P2S    ABASIS    
                                         1100     1400     1410     1200     1210     1080     1600     1650     1300     1700   
                                           S        T        V       H0       H01     AOSYM     SMH    MOLCAS    ERIS     OPER   
                                         1380    55555   
                                         JKOP     CCSD   

              2      12        3.69       700     1000      520     2100      200     2101     8500     9001      701     1001   
                                         GEOM     BASIS   MCVARS     RHF    OPTIONS    RHF     CPHF    DEN_MP2   GEOM     BASIS   
                                         2102     9001(1)
                                          RHF    DEN_MP2    

 PROGRAMS   *        TOTAL    HF-SCF      CCSD    HF-SCF      CCSD    HF-SCF      CCSD    HF-SCF      CCSD    HF-SCF       INT
 CPU TIMES  *     41375.33     18.61    771.00     87.08    782.02    100.36    782.91    112.55    764.47     91.67     21.31
 REAL TIME  *      6023.94 SEC
 DISK USED  *         2.31 GB
 **********************************************************************************************************************************


 PROGRAM * CCSD (Closed-shell coupled cluster)     Authors: C. Hampel, H.-J. Werner, 1991, M. Deegan, P.J. Knowles, 1992


 Convergence thresholds:  THRVAR = 1.00D-12  THRDEN = 1.00D-08

 Number of core orbitals:           2 (   2 )
 Number of closed-shell orbitals:   7 (   7 )
 Number of external orbitals:     175 ( 175 )

 Molecular orbitals read from record     2102.2  Type=RHF/CANONICAL (state 1.1)

 Number of N-1 electron functions:               7
 Number of N-2 electron functions:              28
 Number of singly external CSFs:              1225
 Number of doubly external CSFs:            750925
 Total number of CSFs:                      752151

 Length of J-op  integral file:               0.00 MB
 Length of K-op  integral file:               2.36 MB
 Length of 3-ext integral record:             0.00 MB

 Integral transformation finished. Total CPU:  21.44 sec, npass=  1  Memory used:  27.38 MW

 Reference energy:                   -115.09185476

 MP2 singlet pair energy:              -0.28675420
 MP2 triplet pair energy:              -0.14998792
 MP2 correlation energy:               -0.43674211
 MP2 total energy:                   -115.52859687

 SCS-MP2 correlation energy:           -0.43743085   (PS=  1.200000  PT=  0.333333)
 SCS-MP2 total energy:               -115.52928561

 ITER.      SQ.NORM     CORR.ENERGY   TOTAL ENERGY   ENERGY CHANGE        DEN1      VAR(S)    VAR(P)  DIIS     TIME  TIME/IT
   1      1.12026498    -0.45311559  -115.54497035    -0.01637347    -0.00560202  0.16D-02  0.19D-02  1  1    48.15     3.15
   2      1.12853144    -0.45420848  -115.54606324    -0.00109289    -0.00965319  0.20D-04  0.25D-03  2  2    71.77     2.99
   3      1.13139339    -0.45429696  -115.54615172    -0.00008848    -0.00185017  0.16D-04  0.11D-04  3  3    96.06     2.95
   4      1.13216933    -0.45428209  -115.54613685     0.00001487    -0.00036652  0.94D-06  0.12D-05  4  4   119.08     2.91
   5      1.13233982    -0.45428351  -115.54613827    -0.00000142    -0.00005334  0.24D-06  0.10D-06  5  5   145.42     2.97
   6      1.13238759    -0.45427967  -115.54613443     0.00000384    -0.00001003  0.38D-07  0.99D-08  6  6   169.48     2.96
   7      1.13239821    -0.45427871  -115.54613347     0.00000096    -0.00000153  0.49D-08  0.22D-08  6  2   193.45     2.96
   8      1.13240085    -0.45427862  -115.54613338     0.00000009    -0.00000001  0.81D-09  0.27D-09  6  1   218.40     2.95
   9      1.13240191    -0.45427854  -115.54613330     0.00000008     0.00000019  0.74D-10  0.30D-10  6  3   245.14     2.98
  10      1.13240209    -0.45427854  -115.54613330    -0.00000000     0.00000001  0.11D-10  0.42D-11  6  4   268.70     2.97
  11      1.13240194    -0.45427857  -115.54613332    -0.00000002     0.00000011  0.14D-11  0.71D-12  6  6   293.68     2.97
  12      1.13240190    -0.45427857  -115.54613333    -0.00000000     0.00000002  0.20D-12  0.64D-13  6  5   321.38     3.00
  13      1.13240187    -0.45427857  -115.54613333    -0.00000000     0.00000001  0.23D-13  0.99D-14  6  1   345.51     2.99

 Norm of t1 vector:      0.05253090      S-energy:     0.00000000      T1 diagnostic:  0.00992741
                                                                       D1 diagnostic:  0.02331238
                                                                       D2 diagnostic:  0.13791674 (internal)


 RESULTS
 =======

  Reference energy                   -115.091854758223
  CCSD singlet pair energy             -0.318137173436
  CCSD triplet pair energy             -0.136141399606
  CCSD correlation energy              -0.454278571587

 !CCSD total energy                  -115.546133329810

 Timing summary (sec):

 STEP                 CPU(USER)    SYS     CPU(TOT)    WALL
 Transformation         21.87      0.85     22.72      3.15
 CCSD iterations       324.53      6.80    331.33     38.98

 Program statistics:

 Available memory in ccsd:               499998879
 Min. memory needed in ccsd:               2385617
 Max. memory used in ccsd:                 3007350
 Max. memory used in cckext:               2165242 (13 integral passes)



 **********************************************************************************************************************************
 DATASETS  * FILE   NREC   LENGTH (MB)   RECORD NAMES
              1      22      860.02       500      610      700      701      900      950      970     1001      129      960   
                                          VAR    BASINP    GEOM     GEOM    SYMINP    ZMAT    AOBASIS   BASIS     P2S    ABASIS    
                                         1100     1400     1410     1200     1210     1080     1600     1650     1300     1700   
                                           S        T        V       H0       H01     AOSYM     SMH    MOLCAS    ERIS     OPER   
                                         1380    55555   
                                         JKOP     CCSD   

              2      12        3.69       700     1000      520     2100      200     2101     8500     9001      701     1001   
                                         GEOM     BASIS   MCVARS     RHF    OPTIONS    RHF     CPHF    DEN_MP2   GEOM     BASIS   
                                         2102     9001(1)
                                          RHF    DEN_MP2    

 PROGRAMS   *        TOTAL      CCSD    HF-SCF      CCSD    HF-SCF      CCSD    HF-SCF      CCSD    HF-SCF      CCSD    HF-SCF
 CPU TIMES  *     41721.77    346.42     18.61    771.00     87.08    782.02    100.36    782.91    112.55    764.47     91.67
 REAL TIME  *      6066.12 SEC
 DISK USED  *         2.31 GB
 **********************************************************************************************************************************

 PROGRAM * ALASKA (Gradient of the energy)     Author: R. Lindh


 CCSD Gradient info restored from record   55555.1

 Number of core orbitals:           2 (   2 )
 Number of closed-shell orbitals:   7 (   7 )
 Number of external orbitals:     175 ( 175 )

 Integral thresholds in T2TRAN:            1.0D-10 (PROD)

 Available memory for Transformation: 497467824 words
 Memory needed for incore algorithm:   11782801 words
 Minimum memory needed:                 3718915 words

 Memory used for transformation:          16.57 MW
 Available memory for gradients:         482.90 MW

 CPU for transformation:                 162.51 sec
 CPU for integrals and gradient:         116.71 sec
 Total CPU:                              279.22 sec

 Prescreening statistics:
 ========================

 Total number of shell quadruplets:        2.22D+04
 Number of shell quadruplets processed:    2.22D+04 (100.00%)

 CCSD GRADIENT FOR STATE 1.1

 Atom          dE/dx               dE/dy               dE/dz

   1         0.005370849        -0.001789528        -0.000108990
   2         0.000960083         0.000081346        -0.000068757
   3        -0.001166691        -0.000027062        -0.000025074
   4         0.000536188         0.002218615         0.000743895
   5        -0.004876585         0.001732433         0.000229409
   6        -0.000823843        -0.002215804        -0.000770483

 Nuclear force contribution to virial =        -0.000330466
 Reading points 1 to 1 from record 701.2,  wavefunction type=CCSD            

 Making model hessian for Z-matrix coordinates
 No hessian update for point  1

 Entering Rational Function Geometry Optimization

 Optimization point 1

 Variable                      Last           Current        Next           Gradient       Hessian

 E(CCSD) / Hartree           0.00000000  -115.54586829  -115.54604430
 RCO / ANGSTROM              0.00000000     1.42058938     1.42064674    -0.00018243     2.23240835
 ROH / ANGSTROM              0.00000000     0.95737484     0.95739032     0.00004658     2.54487332
 ACOH / DEGREE               0.00000000   108.43706043   108.41844022    -0.00000104     0.00007362
 RCH1 / ANGSTROM             0.00000000     1.09275906     1.09199105     0.00133264     1.71631914
 AOCH1 / DEGREE              0.00000000   111.62794684   111.66734322    -0.00003430     0.00007078
 AHH1 / DEGREE               0.00000000    80.69861852    82.69861852    -0.00006996     0.00004884
 RCH2 / ANGSTROM             0.00000000     1.08816873     1.08822075    -0.00011118     1.74436346
 AOCH2 / DEGREE              0.00000000   107.16509558   107.22206617    -0.00000453     0.00007381
 RCH3 / ANGSTROM             0.00000000     1.09266861     1.09344388    -0.00132809     1.71649080
 AOCH3 / DEGREE              0.00000000   111.86266189   111.75939955     0.00003545     0.00006850
 AHH3 / DEGREE               0.00000000   318.25177669   320.25177669    -0.00007267     0.00005191
 Convergence:                0.00000000  (line search)     0.04945735     0.00651660  (total)

 Geometry written to block  2 of record 701

 Running procedure: RUNCCSD


 Recomputing integrals since geometry changed


 PROGRAM * SEWARD (Integral evaluation for generally contracted gaussian basis sets)     Author: Roland Lindh, 1990

 Geometry written to block  2 of record 701

 Orientation using atomic masses  
 Molecule type: Asymmetric top
 Rotational constants:      23.9460603     24.7861816    128.7032159 GHz  (calculated with average atomic masses)

 Point group  C1  



 ATOMIC COORDINATES

 NR  ATOM    CHARGE       X              Y              Z

   1  C       6.00    0.003478244    0.023474301   -1.376458010
   2  O       8.00    0.002104744   -0.121662181    1.304248839
   3  H       1.00   -0.010510083    1.561408298    1.967829415
   4  H1      1.00    1.904277886    0.321609524   -2.122361845
   5  H2      1.00   -0.734844683   -1.760995441   -2.083203439
   6  H3      1.00   -1.233780591    1.529437107   -2.062680552

 Bond lengths in Bohr (Angstrom)

 1-2  2.684633252  1-4  2.063564009  1-5  2.056439181  1-6  2.066309458  2-3  1.809205503
     ( 1.420646736)     ( 1.091991047)     ( 1.088220750)     ( 1.093443876)     ( 0.957390322)

 Bond angles

  1-2-3  108.41844022   2-1-4  111.66734322   2-1-5  107.22206617   2-1-6  111.75939955

  4-1-5  109.38133743   4-1-6  109.03886420   5-1-6  107.65689960

 NUCLEAR CHARGE:                   18
 NUMBER OF PRIMITIVE AOS:         242
 NUMBER OF SYMMETRY AOS:          216
 NUMBER OF CONTRACTIONS:          184   (  184A   )
 NUMBER OF INNER CORE ORBITALS:     0   (    0A   )
 NUMBER OF OUTER CORE ORBITALS:     2   (    2A   )
 NUMBER OF VALENCE ORBITALS:       12   (   12A   )


 NUCLEAR REPULSION ENERGY   40.33624769

 Eigenvalues of metric

         1 0.614E-04 0.748E-04 0.900E-04 0.205E-03 0.413E-03 0.473E-03 0.762E-03 0.784E-03


 Contracted 2-electron integrals neglected if value below      1.0D-11
 AO integral compression algorithm  1   Integral accuracy      1.0D-11

     712.770 MB (compressed) written to integral file ( 52.5%)


 NUMBER OF SORTED TWO-ELECTRON INTEGRALS:  144848710.     BUFFER LENGTH:  32768
 NUMBER OF SEGMENTS:  10  SEGMENT LENGTH:   15999503      RECORD LENGTH: 524288

 Memory used in sort:      16.56 MW

 SORT1 READ   169623812. AND WROTE   143584458. INTEGRALS IN    414 RECORDS. CPU TIME:     1.12 SEC, REAL TIME:     1.75 SEC
 SORT2 READ   143584458. AND WROTE   144848710. INTEGRALS IN   2719 RECORDS. CPU TIME:     1.25 SEC, REAL TIME:     1.68 SEC

 FILE SIZES:   FILE 1:   744.3 MBYTE,  FILE 4:  1736.5 MBYTE,   TOTAL:   2480.8 MBYTE

 OPERATOR DM      FOR CENTER  0  COORDINATES:    0.000000    0.000000    0.000000

 Program * Restricted Hartree-Fock

 Molecular orbitals read from record     2102.2  Type=RHF/CANONICAL (state 1.1)

 NELEC=   18   SYM=1   MS2= 0   THRE=1.0D-09   THRD=1.0D-06   THRG=1.0D-06  HFMA2=F  DIIS_START=2   DIIS_MAX=10   DIIS_INCORE=F

 Level shifts:    0.00 (CLOSED)    0.00 (OPEN)    0.30 (GAP_MIN)

 ITER           ETOT              DE          GRAD        DDIFF     DIIS  NEXP   TIME(IT)  TIME(TOT)  DIAG
   1     -115.08960491    -115.08960491     0.00D+00     0.47D-01     0     0       9.48      9.49    start
   2     -115.09146583      -0.00186092     0.91D-03     0.96D-03     1     0       9.36     18.85    diag
   3     -115.09172724      -0.00026141     0.26D-03     0.29D-03     2     0       8.30     27.15    diag
   4     -115.09174414      -0.00001690     0.58D-04     0.92D-04     3     0       9.36     36.51    diag
   5     -115.09174454      -0.00000041     0.12D-04     0.14D-04     4     0       9.21     45.72    diag
   6     -115.09174461      -0.00000007     0.51D-05     0.56D-05     5     0       9.38     55.10    diag
   7     -115.09174463      -0.00000001     0.15D-05     0.18D-05     6     0       9.28     64.38    diag
   8     -115.09174463      -0.00000000     0.55D-06     0.71D-06     7     0       9.45     73.83    fixocc
   9     -115.09174463      -0.00000000     0.13D-06     0.21D-06     8     0       9.41     83.24    diag
  10     -115.09174463      -0.00000000     0.20D-07     0.32D-07     0     0       8.92     92.16    diag/orth

 Final occupancy:   9

 !RHF STATE 1.1 Energy               -115.091744626384
  RHF One-electron energy            -236.905410254674
  RHF Two-electron energy              81.477417941298
  RHF Kinetic energy                  114.923301362495
  RHF Nuclear energy                   40.336247686992
  RHF Virial quotient                  -1.001465701576

 !RHF STATE 1.1 Dipole moment          -0.01556933     0.59617193    -0.39194185
 Dipole moment /Debye                  -0.03957328     1.51531790    -0.99621681

 Orbital energies:

           1.1          2.1          3.1          4.1          5.1          6.1          7.1          8.1          9.1         10.1
    -20.558351   -11.271431    -1.357950    -0.926074    -0.691667    -0.621184    -0.593718    -0.503233    -0.451680     0.028414

          11.1
      0.042966


 HOMO      9.1    -0.451680 =     -12.2908eV
 LUMO     10.1     0.028414 =       0.7732eV
 LUMO-HOMO         0.480094 =      13.0640eV

 Orbitals saved in record  2102.2


 **********************************************************************************************************************************
 DATASETS  * FILE   NREC   LENGTH (MB)   RECORD NAMES
              1      20      626.03       500      610      700      701      900      950      970     1001      129      960   
                                          VAR    BASINP    GEOM     GEOM    SYMINP    ZMAT    AOBASIS   BASIS     P2S    ABASIS    
                                         1100     1400     1410     1200     1210     1080     1600     1650     1300     1700   
                                           S        T        V       H0       H01     AOSYM     SMH    MOLCAS    ERIS     OPER   

              2      12        3.69       700     1000      520     2100      200     2101     8500     9001      701     1001   
                                         GEOM     BASIS   MCVARS     RHF    OPTIONS    RHF     CPHF    DEN_MP2   GEOM     BASIS   
                                         2102     9001(1)
                                          RHF    DEN_MP2    

 PROGRAMS   *        TOTAL    HF-SCF      CCSD    HF-SCF       INT      CCSD    HF-SCF      CCSD    HF-SCF      CCSD    HF-SCF
 CPU TIMES  *     43023.26    115.92    791.71     92.00     21.51    346.42     18.61    771.00     87.08    782.02    100.36
 REAL TIME  *      6268.36 SEC
 DISK USED  *         2.31 GB
 **********************************************************************************************************************************


 PROGRAM * CCSD (Closed-shell coupled cluster)     Authors: C. Hampel, H.-J. Werner, 1991, M. Deegan, P.J. Knowles, 1992


 Convergence thresholds:  THRVAR = 1.00D-12  THRDEN = 1.00D-08

 Using ITF CCSD gradient implementation

 Number of core orbitals:           2 (   2 )
 Number of closed-shell orbitals:   7 (   7 )
 Number of external orbitals:     175 ( 175 )

 Molecular orbitals read from record     2102.2  Type=RHF/CANONICAL (state 1.1)

 Integral transformation finished. Total CPU:  23.92 sec, npass=  1  Memory used:  27.38 MW
  Reference energy                   -115.091744626384

  MP2 correlation energy               -0.436754852758
  MP2 total energy                   -115.528499479141

 ITER.      SQ.NORM     CORR.ENERGY   TOTAL ENERGY   ENERGY CHANGE        DEN1      VAR(S)    VAR(P)  DIIS     TIME
   1      1.12038983    -0.45321004  -115.54495467    -0.01645519    -0.00559500  1.69e-03  1.94e-03  1  1    23.60
   2      1.12838556    -0.45419496  -115.54593959    -0.00098492    -0.00936299  4.22e-05  2.70e-04  2  2    49.68
   3      1.13077286    -0.45431390  -115.54605853    -0.00011894    -0.00140773  4.45e-06  3.49e-05  3  3    72.38
   4      1.13202242    -0.45431672  -115.54606135    -0.00000282    -0.00092436  1.42e-07  3.38e-06  4  4    96.07
   5      1.13232510    -0.45429605  -115.54604068     0.00002067    -0.00019146  1.84e-08  3.20e-07  5  5   118.71
   6      1.13240449    -0.45429356  -115.54603819     0.00000249    -0.00004917  3.58e-10  1.45e-08  6  0   141.71
   7      1.13241269    -0.45429240  -115.54603702     0.00000117    -0.00000619  6.20e-11  1.05e-09  6  1   165.26
   8      1.13241290    -0.45429225  -115.54603688     0.00000014    -0.00000046  4.19e-12  1.05e-10  6  2   188.38
   9      1.13241282    -0.45429224  -115.54603686     0.00000002     0.00000001  1.73e-13  1.10e-11  6  3   209.32
  10      1.13241287    -0.45429223  -115.54603686     0.00000000    -0.00000004  2.92e-14  7.53e-13         231.40

 Norm of t1 vector:      0.05255887     S-energy:      0.00000001   T1 diagnostic:  0.00993269

 Time per iteration:                     23.14 sec

 RESULTS
 =======

  Reference energy                   -115.091744626384
  CCSD correlation energy              -0.454292232560
 !CCSD total energy                  -115.546036858943

 Starting CP-CCSD iterations.   Author: W. Gyorffy (2012)

 ITER.      NRM1           NRM2      VAR(S)+VAR(P)   DIIS    TIME
   1     0.00163079     0.38321878     5.26e-04      1  1   27.59
   2     0.00147934     0.37941504     3.82e-05      2  2   51.10
   3     0.00137447     0.37893267     4.74e-06      3  3   78.86
   4     0.00132428     0.37854050     9.02e-07      4  4  105.84
   5     0.00129646     0.37844587     9.36e-08      5  5  132.13
   6     0.00128600     0.37841222     9.51e-09      6  0  156.65
   7     0.00128319     0.37840825     1.13e-09      6  1  182.30
   8     0.00128245     0.37840697     1.45e-10      6  2  209.87
   9     0.00128231     0.37840685     1.93e-11      6  3  235.97
  10     0.00128228     0.37840680     2.52e-12      6  4  262.29
  11     0.00128229     0.37840679     3.05e-13            287.87


 Time per iteration:                     26.17 sec


 CPHF trial vector read from record  8500.2

 Starting Coupled-perturbed Hartree-Fock, convergence threshold= 1.0D-06

 ITER   MIC  DIIS      VAR         VARC       CPU
   1     0     1    0.28D-01    0.67D-03     9.41
   2     3     2    0.20D-04    0.15D-04    18.89
   3     3     3    0.83D-06    0.26D-06    27.43

 CPHF convergence reached in  3 macroiterations and    6 microiterations.   Accuracy: 8.2530D-07

 CPHF solution written to record  8500.2

 Dipole moments (unrelaxed):           -0.01684047     0.55946197    -0.36655674
 Orbital relaxation contribution:       0.00022544     0.00426210    -0.00307904
 !CCSD STATE 1.1 Dipole moment         -0.01661503     0.56372406    -0.36963579
 Dipole moment /Debye                  -0.04223119     1.43284365    -0.93952046

 CPU-time for coupled-perturbed hartree-fock:         27.51 sec

 Number of N-1 electron functions:               7
 Number of N-2 electron functions:              28
 Number of singly external CSFs:              1225
 Number of doubly external CSFs:            750925
 Total number of CSFs:                      752151

 CCSD gradient info saved on record        55555.1




 **********************************************************************************************************************************
 DATASETS  * FILE   NREC   LENGTH (MB)   RECORD NAMES
              1      22      862.04       500      610      700      701      900      950      970     1001      129      960   
                                          VAR    BASINP    GEOM     GEOM    SYMINP    ZMAT    AOBASIS   BASIS     P2S    ABASIS    
                                         1100     1400     1410     1200     1210     1080     1600     1650     1300     1700   
                                           S        T        V       H0       H01     AOSYM     SMH    MOLCAS    ERIS     OPER   
                                         1380    55555   
                                         JKOP     CCSD   

              2      12        3.69       700     1000      520     2100      200     2101     8500     9001      701     1001   
                                         GEOM     BASIS   MCVARS     RHF    OPTIONS    RHF     CPHF    DEN_MP2   GEOM     BASIS   
                                         2102     9001(1)
                                          RHF    DEN_MP2    

 PROGRAMS   *        TOTAL      CCSD    HF-SCF      CCSD    HF-SCF       INT      CCSD    HF-SCF      CCSD    HF-SCF      CCSD
 CPU TIMES  *     43819.48    796.21    115.92    791.71     92.00     21.51    346.42     18.61    771.00     87.08    782.02
 REAL TIME  *      6377.48 SEC
 DISK USED  *         2.31 GB
 **********************************************************************************************************************************

 Current geometry (xyz format, in Angstrom)


 Dump information in style XYZ to ch3oh_maxima_mp2_1.xyz                                                          

    6
 CCSD/AUG-CC-PVTZ  OPTSTEP=1  ENERGY=-115.54603686
 C          0.0018406077        0.0124220650       -0.7283902105
 O          0.0011137827       -0.0643808537        0.6901787632
 H         -0.0055616963        0.8262616881        1.0413304813
 H          1.0077004606        0.1701884308       -1.1231055215
 H         -0.3888630598       -0.9318786558       -1.1023837856
 H         -0.6528885723        0.8093432623       -1.0915235416

 **********************************************************************************************************************************

 PROGRESS OF GEOMETRY OPTIMIZATION.    TOTAL CPU:      2097.7 SEC
   1  -115.54586829  -115.54603686    -0.00016857  0.00416354  0.00651660  0.00196483  0.03490659  0.04945735  0.00449612

 **********************************************************************************************************************************

 Current geometry (xyz format, in Angstrom)


 Dump information in style XYZ to ch3oh_maxima_mp2.xyz                                                            

    6
 CCSD/AUG-CC-PVTZ  ENERGY=-115.54603686
 C          0.0018406077        0.0124220650       -0.7283902105
 O          0.0011137827       -0.0643808537        0.6901787632
 H         -0.0055616963        0.8262616881        1.0413304813
 H          1.0077004606        0.1701884308       -1.1231055215
 H         -0.3888630598       -0.9318786558       -1.1023837856
 H         -0.6528885723        0.8093432623       -1.0915235416

 **********************************************************************************************************************************

 Current variables
 RCO=                 1.42064674 ANGSTROM
 ROH=                 0.95739032 ANGSTROM
 ACOH=              108.41844022 DEGREE
 RCH1=                1.09199105 ANGSTROM
 AOCH1=             111.66734322 DEGREE
 AHH1=               82.69861852 DEGREE
 RCH2=                1.08822075 ANGSTROM
 AOCH2=             107.22206617 DEGREE
 RCH3=                1.09344388 ANGSTROM
 AOCH3=             111.75939955 DEGREE
 AHH3=              320.25177669 DEGREE

 **********************************************************************************************************************************

 PROGRAM * ALASKA (Gradient of the energy)     Author: R. Lindh


 CCSD Gradient info restored from record   55555.1

 Number of core orbitals:           2 (   2 )
 Number of closed-shell orbitals:   7 (   7 )
 Number of external orbitals:     175 ( 175 )

 Integral thresholds in T2TRAN:            1.0D-10 (PROD)

 Available memory for Transformation: 497467824 words
 Memory needed for incore algorithm:   11782801 words
 Minimum memory needed:                 3718915 words

 Memory used for transformation:          16.57 MW
 Available memory for gradients:         482.90 MW

 CPU for transformation:                 161.27 sec
 CPU for integrals and gradient:         117.85 sec
 Total CPU:                              279.13 sec

 Prescreening statistics:
 ========================

 Total number of shell quadruplets:        2.22D+04
 Number of shell quadruplets processed:    2.22D+04 (100.00%)

 CCSD GRADIENT FOR STATE 1.1

 Atom          dE/dx               dE/dy               dE/dz

   1         0.002779535        -0.001073126         0.000014637
   2         0.001031108        -0.000047409        -0.000120572
   3        -0.001244869         0.000141407        -0.000027609
   4        -0.000343655         0.000217373         0.000169093
   5        -0.001616786         0.000678441         0.000098744
   6        -0.000605332         0.000083313        -0.000134293

 Nuclear force contribution to virial =        -0.000009900
 Reading points 1 to 2 from record 701.2,  wavefunction type=CCSD            

 Making model hessian for Z-matrix coordinates
 BFGS update of hessian using  1 points

 Entering Rational Function Geometry Optimization

 Optimization point 2

 Variable                      Last           Current        Next           Gradient       Hessian

 E(CCSD) / Hartree        -115.54586829  -115.54603686  -115.54604277
 RCO / ANGSTROM              1.42058938     1.42064674     1.42078250    -0.00028901     2.23209355
 ROH / ANGSTROM              0.95737484     0.95739032     0.95727927     0.00024586     2.54512910
 ACOH / DEGREE             108.43706043   108.41844022   108.45017186    -0.00000252     0.00007367
 RCH1 / ANGSTROM             1.09275906     1.09199105     1.09244398    -0.00065435     1.72915441
 AOCH1 / DEGREE            111.62794684   111.66734322   111.55276097    -0.00000114     0.00007312
 AHH1 / DEGREE              80.69861852    82.69861852    83.11746520    -0.00000905     0.00005050
 RCH2 / ANGSTROM             1.08816873     1.08822075     1.08826545    -0.00007970     1.74401992
 AOCH2 / DEGREE            107.16509558   107.22206617   107.26971148    -0.00000189     0.00007497
 RCH3 / ANGSTROM             1.09266861     1.09344388     1.09282924     0.00088397     1.72519645
 AOCH3 / DEGREE            111.86266189   111.75939955   111.87675999    -0.00000136     0.00007111
 AHH3 / DEGREE             318.25177669   320.25177669   320.75194175    -0.00001386     0.00005081
 Convergence:                0.00000000  (line search)     0.01187587     0.00115009  (total)

 Geometry written to block  3 of record 701

 Running procedure: RUNCCSD


 Recomputing integrals since geometry changed


 PROGRAM * SEWARD (Integral evaluation for generally contracted gaussian basis sets)     Author: Roland Lindh, 1990

 Geometry written to block  3 of record 701

 Orientation using atomic masses  
 Molecule type: Asymmetric top
 Rotational constants:      23.9340106     24.7854420    128.7502376 GHz  (calculated with average atomic masses)

 Point group  C1  



 ATOMIC COORDINATES

 NR  ATOM    CHARGE       X              Y              Z

   1  C       6.00    0.002363906    0.023833728   -1.376559866
   2  O       8.00    0.001460188   -0.121719633    1.304381509
   3  H       1.00   -0.001558474    1.560729543    1.969077612
   4  H1      1.00    1.908476366    0.297798950   -2.120541036
   5  H2      1.00   -0.745959676   -1.755945283   -2.084859244
   6  H3      1.00   -1.212305518    1.545505153   -2.064985899

 Bond lengths in Bohr (Angstrom)

 1-2  2.684889802  1-4  2.064419927  1-5  2.056523650  1-6  2.065147970  2-3  1.808995647
     ( 1.420782497)     ( 1.092443979)     ( 1.088265449)     ( 1.092829243)     ( 0.957279271)

 Bond angles

  1-2-3  108.45017186   2-1-4  111.55276097   2-1-5  107.26971148   2-1-6  111.87675999

  4-1-5  109.06875686   4-1-6  108.97484578   5-1-6  107.98947869

 NUCLEAR CHARGE:                   18
 NUMBER OF PRIMITIVE AOS:         242
 NUMBER OF SYMMETRY AOS:          216
 NUMBER OF CONTRACTIONS:          184   (  184A   )
 NUMBER OF INNER CORE ORBITALS:     0   (    0A   )
 NUMBER OF OUTER CORE ORBITALS:     2   (    2A   )
 NUMBER OF VALENCE ORBITALS:       12   (   12A   )


 NUCLEAR REPULSION ENERGY   40.33399890

 Eigenvalues of metric

         1 0.614E-04 0.747E-04 0.901E-04 0.205E-03 0.413E-03 0.472E-03 0.762E-03 0.784E-03


 Contracted 2-electron integrals neglected if value below      1.0D-11
 AO integral compression algorithm  1   Integral accuracy      1.0D-11

     710.410 MB (compressed) written to integral file ( 52.4%)


 NUMBER OF SORTED TWO-ELECTRON INTEGRALS:  144848710.     BUFFER LENGTH:  32768
 NUMBER OF SEGMENTS:  10  SEGMENT LENGTH:   15999503      RECORD LENGTH: 524288

 Memory used in sort:      16.56 MW

 SORT1 READ   169623812. AND WROTE   143576276. INTEGRALS IN    414 RECORDS. CPU TIME:     1.13 SEC, REAL TIME:     1.74 SEC
 SORT2 READ   143576276. AND WROTE   144848710. INTEGRALS IN   2710 RECORDS. CPU TIME:     1.24 SEC, REAL TIME:     1.70 SEC

 FILE SIZES:   FILE 1:   742.0 MBYTE,  FILE 4:  1736.5 MBYTE,   TOTAL:   2478.4 MBYTE

 OPERATOR DM      FOR CENTER  0  COORDINATES:    0.000000    0.000000    0.000000

 Program * Restricted Hartree-Fock

 Molecular orbitals read from record     2102.2  Type=RHF/CANONICAL (state 1.1)

 NELEC=   18   SYM=1   MS2= 0   THRE=1.0D-09   THRD=1.0D-06   THRG=1.0D-06  HFMA2=F  DIIS_START=2   DIIS_MAX=10   DIIS_INCORE=F

 Level shifts:    0.00 (CLOSED)    0.00 (OPEN)    0.30 (GAP_MIN)

 ITER           ETOT              DE          GRAD        DDIFF     DIIS  NEXP   TIME(IT)  TIME(TOT)  DIAG
   1     -115.09170527    -115.09170527     0.00D+00     0.47D-01     0     0       9.63      9.64    start
   2     -115.09175063      -0.00004536     0.14D-03     0.15D-03     1     0       9.18     18.82    diag
   3     -115.09175700      -0.00000638     0.40D-04     0.46D-04     2     0       8.39     27.21    diag
   4     -115.09175740      -0.00000040     0.89D-05     0.14D-04     3     0       9.51     36.72    diag
   5     -115.09175741      -0.00000001     0.17D-05     0.21D-05     4     0       8.39     45.11    diag
   6     -115.09175741      -0.00000000     0.76D-06     0.76D-06     5     0       9.35     54.46    diag
   7     -115.09175741      -0.00000000     0.19D-06     0.24D-06     6     0       8.84     63.30    diag
   8     -115.09175741      -0.00000000     0.66D-07     0.65D-07     0     0       9.34     72.64    fixocc

 Final occupancy:   9

 !RHF STATE 1.1 Energy               -115.091757411568
  RHF One-electron energy            -236.900959015547
  RHF Two-electron energy              81.475202706274
  RHF Kinetic energy                  114.923251218230
  RHF Nuclear energy                   40.333998897706
  RHF Virial quotient                  -1.001466249793

 !RHF STATE 1.1 Dipole moment          -0.01212497     0.59639027    -0.39176869
 Dipole moment /Debye                  -0.03081860     1.51587287    -0.99577669

 Orbital energies:

           1.1          2.1          3.1          4.1          5.1          6.1          7.1          8.1          9.1         10.1
    -20.558341   -11.271437    -1.357909    -0.926126    -0.691775    -0.620734    -0.593911    -0.503618    -0.451428     0.028410

          11.1
      0.042952


 HOMO      9.1    -0.451428 =     -12.2840eV
 LUMO     10.1     0.028410 =       0.7731eV
 LUMO-HOMO         0.479837 =      13.0570eV

 Orbitals saved in record  2102.2


 **********************************************************************************************************************************
 DATASETS  * FILE   NREC   LENGTH (MB)   RECORD NAMES
              1      20      624.25       500      610      700      701      900      950      970     1001      129      960   
                                          VAR    BASINP    GEOM     GEOM    SYMINP    ZMAT    AOBASIS   BASIS     P2S    ABASIS    
                                         1100     1400     1410     1200     1210     1080     1600     1650     1300     1700   
                                           S        T        V       H0       H01     AOSYM     SMH    MOLCAS    ERIS     OPER   

              2      12        3.69       700     1000      520     2100      200     2101     8500     9001      701     1001   
                                         GEOM     BASIS   MCVARS     RHF    OPTIONS    RHF     CPHF    DEN_MP2   GEOM     BASIS   
                                         2102     9001(1)
                                          RHF    DEN_MP2    

 PROGRAMS   *        TOTAL    HF-SCF      CCSD    HF-SCF      CCSD    HF-SCF       INT      CCSD    HF-SCF      CCSD    HF-SCF
 CPU TIMES  *     44193.74     93.99    796.21    115.92    791.71     92.00     21.51    346.42     18.61    771.00     87.08
 REAL TIME  *      6444.82 SEC
 DISK USED  *         2.31 GB
 **********************************************************************************************************************************


 PROGRAM * CCSD (Closed-shell coupled cluster)     Authors: C. Hampel, H.-J. Werner, 1991, M. Deegan, P.J. Knowles, 1992


 Convergence thresholds:  THRVAR = 1.00D-12  THRDEN = 1.00D-08

 Using ITF CCSD gradient implementation

 Number of core orbitals:           2 (   2 )
 Number of closed-shell orbitals:   7 (   7 )
 Number of external orbitals:     175 ( 175 )

 Molecular orbitals read from record     2102.2  Type=RHF/CANONICAL (state 1.1)

 Integral transformation finished. Total CPU:  22.17 sec, npass=  1  Memory used:  27.38 MW
  Reference energy                   -115.091757411568

  MP2 correlation energy               -0.436747902516
  MP2 total energy                   -115.528505314085

 ITER.      SQ.NORM     CORR.ENERGY   TOTAL ENERGY   ENERGY CHANGE        DEN1      VAR(S)    VAR(P)  DIIS     TIME
   1      1.12038684    -0.45320361  -115.54496102    -0.01645571    -0.00559590  1.69e-03  1.94e-03  1  1    25.11
   2      1.12838206    -0.45418832  -115.54594574    -0.00098471    -0.00936258  4.22e-05  2.70e-04  2  2    49.47
   3      1.13076929    -0.45430722  -115.54606464    -0.00011890    -0.00140767  4.45e-06  3.49e-05  3  3    72.98
   4      1.13201869    -0.45431003  -115.54606744    -0.00000281    -0.00092425  1.42e-07  3.38e-06  4  4    97.36
   5      1.13232129    -0.45428936  -115.54604677     0.00002067    -0.00019141  1.84e-08  3.20e-07  5  5   122.01
   6      1.13240065    -0.45428687  -115.54604429     0.00000248    -0.00004916  3.57e-10  1.45e-08  6  0   145.88
   7      1.13240885    -0.45428571  -115.54604312     0.00000117    -0.00000619  6.20e-11  1.05e-09  6  1   169.38
   8      1.13240906    -0.45428557  -115.54604298     0.00000014    -0.00000046  4.18e-12  1.05e-10  6  2   192.32
   9      1.13240898    -0.45428555  -115.54604296     0.00000002     0.00000001  1.73e-13  1.10e-11  6  3   216.88
  10      1.13240904    -0.45428554  -115.54604295     0.00000000    -0.00000004  2.92e-14  7.53e-13         240.15

 Norm of t1 vector:      0.05256028     S-energy:      0.00000001   T1 diagnostic:  0.00993296

 Time per iteration:                     24.02 sec

 RESULTS
 =======

  Reference energy                   -115.091757411568
  CCSD correlation energy              -0.454285543326
 !CCSD total energy                  -115.546042954894

 Starting CP-CCSD iterations.   Author: W. Gyorffy (2012)

 ITER.      NRM1           NRM2      VAR(S)+VAR(P)   DIIS    TIME
   1     0.00163076     0.38321309     5.26e-04      1  1   24.86
   2     0.00147930     0.37940890     3.82e-05      2  2   50.74
   3     0.00137441     0.37892654     4.74e-06      3  3   76.21
   4     0.00132420     0.37853429     9.02e-07      4  4  101.75
   5     0.00129638     0.37843963     9.37e-08      5  5  129.15
   6     0.00128591     0.37840597     9.52e-09      6  0  156.53
   7     0.00128309     0.37840200     1.13e-09      6  1  182.93
   8     0.00128236     0.37840072     1.45e-10      6  2  209.76
   9     0.00128222     0.37840060     1.93e-11      6  3  235.85
  10     0.00128219     0.37840055     2.51e-12      6  4  261.32
  11     0.00128219     0.37840054     3.06e-13            287.95


 Time per iteration:                     26.18 sec


 CPHF trial vector read from record  8500.2

 Starting Coupled-perturbed Hartree-Fock, convergence threshold= 1.0D-06

 ITER   MIC  DIIS      VAR         VARC       CPU
   1     0     1    0.44D-02    0.12D-03     9.24
   2     3     2    0.33D-05    0.24D-05    18.68
   3     1     3    0.38D-06    0.66D-07    28.09

 CPHF convergence reached in  3 macroiterations and    4 microiterations.   Accuracy: 3.7630D-07

 CPHF solution written to record  8500.2

 Dipole moments (unrelaxed):           -0.01338547     0.55964088    -0.36639306
 Orbital relaxation contribution:       0.00020076     0.00427138    -0.00307505
 !CCSD STATE 1.1 Dipole moment         -0.01318471     0.56391226    -0.36946811
 Dipole moment /Debye                  -0.03351218     1.43332200    -0.93909427

 CPU-time for coupled-perturbed hartree-fock:         28.44 sec

 Number of N-1 electron functions:               7
 Number of N-2 electron functions:              28
 Number of singly external CSFs:              1225
 Number of doubly external CSFs:            750925
 Total number of CSFs:                      752151

 CCSD gradient info saved on record        55555.1




 **********************************************************************************************************************************
 DATASETS  * FILE   NREC   LENGTH (MB)   RECORD NAMES
              1      22      860.25       500      610      700      701      900      950      970     1001      129      960   
                                          VAR    BASINP    GEOM     GEOM    SYMINP    ZMAT    AOBASIS   BASIS     P2S    ABASIS    
                                         1100     1400     1410     1200     1210     1080     1600     1650     1300     1700   
                                           S        T        V       H0       H01     AOSYM     SMH    MOLCAS    ERIS     OPER   
                                         1380    55555   
                                         JKOP     CCSD   

              2      12        3.69       700     1000      520     2100      200     2101     8500     9001      701     1001   
                                         GEOM     BASIS   MCVARS     RHF    OPTIONS    RHF     CPHF    DEN_MP2   GEOM     BASIS   
                                         2102     9001(1)
                                          RHF    DEN_MP2    

 PROGRAMS   *        TOTAL      CCSD    HF-SCF      CCSD    HF-SCF      CCSD    HF-SCF       INT      CCSD    HF-SCF      CCSD
 CPU TIMES  *     44991.69    797.94     93.99    796.21    115.92    791.71     92.00     21.51    346.42     18.61    771.00
 REAL TIME  *      6553.83 SEC
 DISK USED  *         2.31 GB
 **********************************************************************************************************************************

 Current geometry (xyz format, in Angstrom)


 Dump information in style XYZ to ch3oh_maxima_mp2_2.xyz                                                          

    6
 CCSD/AUG-CC-PVTZ  OPTSTEP=2  ENERGY=-115.54604295
 C          0.0012509250        0.0126122657       -0.7284441105
 O          0.0007726981       -0.0644112558        0.6902489686
 H         -0.0008247090        0.8259025063        1.0419909985
 H          1.0099222005        0.1575884179       -1.1221419908
 H         -0.3947448609       -0.9292062274       -1.1032600000
 H         -0.6415244527        0.8178461063       -1.0927434788

 **********************************************************************************************************************************

 PROGRESS OF GEOMETRY OPTIMIZATION.    TOTAL CPU:      3269.9 SEC
   1  -115.54586829  -115.54603686    -0.00016857  0.00416354  0.00651660  0.00196483  0.03490659  0.04945735  0.00449612
   2  -115.54603686  -115.54604295    -0.00000610  0.00079395  0.00115009  0.00034676  0.00872953  0.01187587  0.00107962

 **********************************************************************************************************************************

 Current geometry (xyz format, in Angstrom)


 Dump information in style XYZ to ch3oh_maxima_mp2.xyz                                                            

    6
 CCSD/AUG-CC-PVTZ  ENERGY=-115.54604295
 C          0.0012509250        0.0126122657       -0.7284441105
 O          0.0007726981       -0.0644112558        0.6902489686
 H         -0.0008247090        0.8259025063        1.0419909985
 H          1.0099222005        0.1575884179       -1.1221419908
 H         -0.3947448609       -0.9292062274       -1.1032600000
 H         -0.6415244527        0.8178461063       -1.0927434788

 **********************************************************************************************************************************

 Current variables
 RCO=                 1.42078250 ANGSTROM
 ROH=                 0.95727927 ANGSTROM
 ACOH=              108.45017186 DEGREE
 RCH1=                1.09244398 ANGSTROM
 AOCH1=             111.55276097 DEGREE
 AHH1=               83.11746520 DEGREE
 RCH2=                1.08826545 ANGSTROM
 AOCH2=             107.26971148 DEGREE
 RCH3=                1.09282924 ANGSTROM
 AOCH3=             111.87675999 DEGREE
 AHH3=              320.75194175 DEGREE

 **********************************************************************************************************************************

 PROGRAM * ALASKA (Gradient of the energy)     Author: R. Lindh


 CCSD Gradient info restored from record   55555.1

 Number of core orbitals:           2 (   2 )
 Number of closed-shell orbitals:   7 (   7 )
 Number of external orbitals:     175 ( 175 )

 Integral thresholds in T2TRAN:            1.0D-10 (PROD)

 Available memory for Transformation: 497467824 words
 Memory needed for incore algorithm:   11782801 words
 Minimum memory needed:                 3718915 words

 Memory used for transformation:          16.57 MW
 Available memory for gradients:         482.90 MW

 CPU for transformation:                 160.09 sec
 CPU for integrals and gradient:         115.19 sec
 Total CPU:                              275.28 sec

 Prescreening statistics:
 ========================

 Total number of shell quadruplets:        2.22D+04
 Number of shell quadruplets processed:    2.22D+04 (100.00%)

 CCSD GRADIENT FOR STATE 1.1

 Atom          dE/dx               dE/dy               dE/dz

   1         0.001252077        -0.000632583         0.000020192
   2         0.001312327         0.000039014         0.000007874
   3        -0.001243944         0.000039047        -0.000011536
   4        -0.000185566        -0.000021691         0.000088222
   5        -0.001011193         0.000426845        -0.000000149
   6        -0.000123701         0.000149368        -0.000104603

 Nuclear force contribution to virial =         0.000061924
 Reading points 1 to 3 from record 701.2,  wavefunction type=CCSD            

 Making model hessian for Z-matrix coordinates
 BFGS update of hessian using  2 points

 Entering Rational Function Geometry Optimization

 Optimization point 3

 Variable                      Last           Current        Next           Gradient       Hessian

 E(CCSD) / Hartree        -115.54603686  -115.54604295  -115.54604308
 RCO / ANGSTROM              1.42064674     1.42078250     1.42079219    -0.00001495     2.23062091
 ROH / ANGSTROM              0.95739032     0.95727927     0.95724951     0.00006454     2.54358395
 ACOH / DEGREE             108.41844022   108.45017186   108.46198875    -0.00000080     0.00007336
 RCH1 / ANGSTROM             1.09199105     1.09244398     1.09268521    -0.00038930     1.69697755
 AOCH1 / DEGREE            111.66734322   111.55276097   111.56341603    -0.00000053     0.00007289
 AHH1 / DEGREE              82.69861852    83.11746520    83.12908591    -0.00000019     0.00005041
 RCH2 / ANGSTROM             1.08822075     1.08826545     1.08826955    -0.00000265     1.74370481
 AOCH2 / DEGREE            107.22206617   107.26971148   107.25851925     0.00000088     0.00007530
 RCH3 / ANGSTROM             1.09344388     1.09282924     1.09257141     0.00041137     1.68140992
 AOCH3 / DEGREE            111.75939955   111.87675999   111.86129060     0.00000122     0.00007163
 AHH3 / DEGREE             320.25177669   320.75194175   320.76112861    -0.00000016     0.00005103
 Convergence:                0.00000000  (line search)     0.00083892     0.00031889  (total)

 Geometry written to block  4 of record 701

 Running procedure: RUNCCSD


 Recomputing integrals since geometry changed


 PROGRAM * SEWARD (Integral evaluation for generally contracted gaussian basis sets)     Author: Roland Lindh, 1990

 Geometry written to block  4 of record 701

 Orientation using atomic masses  
 Molecule type: Asymmetric top
 Rotational constants:      23.9341470     24.7853231    128.7504767 GHz  (calculated with average atomic masses)

 Point group  C1  



 ATOMIC COORDINATES

 NR  ATOM    CHARGE       X              Y              Z

   1  C       6.00    0.002259207    0.023889183   -1.376596070
   2  O       8.00    0.001530326   -0.121729882    1.304360141
   3  H       1.00   -0.001655094    1.560513457    1.969423273
   4  H1      1.00    1.908622793    0.297782369   -2.121225113
   5  H2      1.00   -0.745936396   -1.756101914   -2.084520117
   6  H3      1.00   -1.212244309    1.545396320   -2.064216018

 Bond lengths in Bohr (Angstrom)

 1-2  2.684908126  1-4  2.064875786  1-5  2.056531406  1-6  2.064660735  2-3  1.808939404
     ( 1.420792194)     ( 1.092685209)     ( 1.088269554)     ( 1.092571409)     ( 0.957249509)

 Bond angles

  1-2-3  108.46198875   2-1-4  111.56341603   2-1-5  107.25851925   2-1-6  111.86129060

  4-1-5  109.05994761   4-1-6  108.97937389   5-1-6  108.00995854

 NUCLEAR CHARGE:                   18
 NUMBER OF PRIMITIVE AOS:         242
 NUMBER OF SYMMETRY AOS:          216
 NUMBER OF CONTRACTIONS:          184   (  184A   )
 NUMBER OF INNER CORE ORBITALS:     0   (    0A   )
 NUMBER OF OUTER CORE ORBITALS:     2   (    2A   )
 NUMBER OF VALENCE ORBITALS:       12   (   12A   )


 NUCLEAR REPULSION ENERGY   40.33408616

 Eigenvalues of metric

         1 0.614E-04 0.746E-04 0.901E-04 0.205E-03 0.413E-03 0.472E-03 0.762E-03 0.784E-03


 Contracted 2-electron integrals neglected if value below      1.0D-11
 AO integral compression algorithm  1   Integral accuracy      1.0D-11

     710.148 MB (compressed) written to integral file ( 52.3%)


 NUMBER OF SORTED TWO-ELECTRON INTEGRALS:  144848710.     BUFFER LENGTH:  32768
 NUMBER OF SEGMENTS:  10  SEGMENT LENGTH:   15999503      RECORD LENGTH: 524288

 Memory used in sort:      16.56 MW

 SORT1 READ   169623812. AND WROTE   143573228. INTEGRALS IN    414 RECORDS. CPU TIME:     1.15 SEC, REAL TIME:     1.77 SEC
 SORT2 READ   143573228. AND WROTE   144848710. INTEGRALS IN   2709 RECORDS. CPU TIME:     1.26 SEC, REAL TIME:     1.72 SEC

 FILE SIZES:   FILE 1:   741.7 MBYTE,  FILE 4:  1736.5 MBYTE,   TOTAL:   2478.2 MBYTE

 OPERATOR DM      FOR CENTER  0  COORDINATES:    0.000000    0.000000    0.000000

 Program * Restricted Hartree-Fock

 Molecular orbitals read from record     2102.2  Type=RHF/CANONICAL (state 1.1)

 NELEC=   18   SYM=1   MS2= 0   THRE=1.0D-09   THRD=1.0D-07   THRG=1.0D-07  HFMA2=F  DIIS_START=2   DIIS_MAX=10   DIIS_INCORE=F

 Level shifts:    0.00 (CLOSED)    0.00 (OPEN)    0.30 (GAP_MIN)

 ITER           ETOT              DE          GRAD        DDIFF     DIIS  NEXP   TIME(IT)  TIME(TOT)  DIAG
   1     -115.09175933    -115.09175933     0.00D+00     0.47D-01     0     0      10.11     10.11    start
   2     -115.09175939      -0.00000006     0.57D-05     0.13D-04     1     0      11.63     21.74    diag
   3     -115.09175940      -0.00000001     0.14D-05     0.22D-05     2     0       9.65     31.39    diag
   4     -115.09175940      -0.00000000     0.43D-06     0.61D-06     3     0       9.41     40.80    diag
   5     -115.09175940      -0.00000000     0.21D-06     0.21D-06     4     0       9.48     50.28    diag
   6     -115.09175940      -0.00000000     0.54D-07     0.69D-07     5     0      10.57     60.85    diag
   7     -115.09175940      -0.00000000     0.15D-07     0.14D-07     0     0      11.03     71.88    diag

 Final occupancy:   9

 !RHF STATE 1.1 Energy               -115.091759401359
  RHF One-electron energy            -236.901183501215
  RHF Two-electron energy              81.475337936075
  RHF Kinetic energy                  114.923305550763
  RHF Nuclear energy                   40.334086163781
  RHF Virial quotient                  -1.001465793642

 !RHF STATE 1.1 Dipole moment          -0.01233036     0.59641592    -0.39166915
 Dipole moment /Debye                  -0.03134064     1.51593805    -0.99552367

 Orbital energies:

           1.1          2.1          3.1          4.1          5.1          6.1          7.1          8.1          9.1         10.1
    -20.558328   -11.271437    -1.357902    -0.926130    -0.691794    -0.620697    -0.593919    -0.503638    -0.451409     0.028410

          11.1
      0.042951


 HOMO      9.1    -0.451409 =     -12.2835eV
 LUMO     10.1     0.028410 =       0.7731eV
 LUMO-HOMO         0.479819 =      13.0565eV

 Orbitals saved in record  2102.2


 **********************************************************************************************************************************
 DATASETS  * FILE   NREC   LENGTH (MB)   RECORD NAMES
              1      20      623.94       500      610      700      701      900      950      970     1001      129      960   
                                          VAR    BASINP    GEOM     GEOM    SYMINP    ZMAT    AOBASIS   BASIS     P2S    ABASIS    
                                         1100     1400     1410     1200     1210     1080     1600     1650     1300     1700   
                                           S        T        V       H0       H01     AOSYM     SMH    MOLCAS    ERIS     OPER   

              2      12        3.69       700     1000      520     2100      200     2101     8500     9001      701     1001   
                                         GEOM     BASIS   MCVARS     RHF    OPTIONS    RHF     CPHF    DEN_MP2   GEOM     BASIS   
                                         2102     9001(1)
                                          RHF    DEN_MP2    

 PROGRAMS   *        TOTAL    HF-SCF      CCSD    HF-SCF      CCSD    HF-SCF      CCSD    HF-SCF       INT      CCSD    HF-SCF
 CPU TIMES  *     45361.44     93.42    797.94     93.99    796.21    115.92    791.71     92.00     21.51    346.42     18.61
 REAL TIME  *      6620.20 SEC
 DISK USED  *         2.31 GB
 **********************************************************************************************************************************


 PROGRAM * CCSD (Closed-shell coupled cluster)     Authors: C. Hampel, H.-J. Werner, 1991, M. Deegan, P.J. Knowles, 1992


 Convergence thresholds:  THRVAR = 1.00D-12  THRDEN = 1.00D-08

 Using ITF CCSD gradient implementation

 Number of core orbitals:           2 (   2 )
 Number of closed-shell orbitals:   7 (   7 )
 Number of external orbitals:     175 ( 175 )

 Molecular orbitals read from record     2102.2  Type=RHF/CANONICAL (state 1.1)

 Integral transformation finished. Total CPU:  22.44 sec, npass=  1  Memory used:  27.38 MW
  Reference energy                   -115.091759401359

  MP2 correlation energy               -0.436745856899
  MP2 total energy                   -115.528505258258

 ITER.      SQ.NORM     CORR.ENERGY   TOTAL ENERGY   ENERGY CHANGE        DEN1      VAR(S)    VAR(P)  DIIS     TIME
   1      1.12038550    -0.45320181  -115.54496121    -0.01645595    -0.00559627  1.69e-03  1.94e-03  1  1    23.35
   2      1.12838059    -0.45418651  -115.54594591    -0.00098469    -0.00936245  4.22e-05  2.70e-04  2  2    50.02
   3      1.13076782    -0.45430539  -115.54606479    -0.00011888    -0.00140768  4.45e-06  3.49e-05  3  3    74.52
   4      1.13201718    -0.45430819  -115.54606760    -0.00000281    -0.00092422  1.42e-07  3.38e-06  4  4    98.35
   5      1.13231977    -0.45428752  -115.54604692     0.00002067    -0.00019140  1.84e-08  3.20e-07  5  5   121.22
   6      1.13239913    -0.45428504  -115.54604444     0.00000248    -0.00004915  3.57e-10  1.45e-08  6  0   143.53
   7      1.13240733    -0.45428387  -115.54604327     0.00000117    -0.00000619  6.20e-11  1.05e-09  6  1   166.52
   8      1.13240754    -0.45428373  -115.54604313     0.00000014    -0.00000046  4.18e-12  1.05e-10  6  2   189.10
   9      1.13240746    -0.45428371  -115.54604311     0.00000002     0.00000001  1.73e-13  1.10e-11  6  3   210.78
  10      1.13240751    -0.45428371  -115.54604311     0.00000000    -0.00000004  2.92e-14  7.53e-13         232.75

 Norm of t1 vector:      0.05256058     S-energy:      0.00000000   T1 diagnostic:  0.00993302

 Time per iteration:                     23.28 sec

 RESULTS
 =======

  Reference energy                   -115.091759401359
  CCSD correlation energy              -0.454283706207
 !CCSD total energy                  -115.546043107566

 Starting CP-CCSD iterations.   Author: W. Gyorffy (2012)

 ITER.      NRM1           NRM2      VAR(S)+VAR(P)   DIIS    TIME
   1     0.00163073     0.38320942     5.26e-04      1  1   24.46
   2     0.00147928     0.37940508     3.82e-05      2  2   50.96
   3     0.00137438     0.37892272     4.74e-06      3  3   76.30
   4     0.00132417     0.37853044     9.02e-07      4  4  102.06
   5     0.00129635     0.37843578     9.37e-08      5  5  127.63
   6     0.00128588     0.37840211     9.53e-09      6  0  153.56
   7     0.00128306     0.37839814     1.13e-09      6  1  180.15
   8     0.00128233     0.37839686     1.45e-10      6  2  208.28
   9     0.00128219     0.37839674     1.93e-11      6  3  234.79
  10     0.00128215     0.37839669     2.51e-12      6  4  264.82
  11     0.00128216     0.37839668     3.06e-13            290.43


 Time per iteration:                     26.40 sec


 CPHF trial vector read from record  8500.2

 Starting Coupled-perturbed Hartree-Fock, convergence threshold= 1.0D-06

 ITER   MIC  DIIS      VAR         VARC       CPU
   1     0     1    0.18D-03    0.12D-04     9.14
   2     3     2    0.64D-06    0.27D-06    18.42

 CPHF convergence reached in  2 macroiterations and    3 microiterations.   Accuracy: 6.4074D-07

 CPHF solution written to record  8500.2

 Dipole moments (unrelaxed):           -0.01356535     0.55965871    -0.36629373
 Orbital relaxation contribution:       0.00019759     0.00427257    -0.00307567
 !CCSD STATE 1.1 Dipole moment         -0.01336776     0.56393128    -0.36936940
 Dipole moment /Debye                  -0.03397745     1.43337035    -0.93884338

 CPU-time for coupled-perturbed hartree-fock:         18.47 sec

 Number of N-1 electron functions:               7
 Number of N-2 electron functions:              28
 Number of singly external CSFs:              1225
 Number of doubly external CSFs:            750925
 Total number of CSFs:                      752151

 CCSD gradient info saved on record        55555.1




 **********************************************************************************************************************************
 DATASETS  * FILE   NREC   LENGTH (MB)   RECORD NAMES
              1      22      859.94       500      610      700      701      900      950      970     1001      129      960   
                                          VAR    BASINP    GEOM     GEOM    SYMINP    ZMAT    AOBASIS   BASIS     P2S    ABASIS    
                                         1100     1400     1410     1200     1210     1080     1600     1650     1300     1700   
                                           S        T        V       H0       H01     AOSYM     SMH    MOLCAS    ERIS     OPER   
                                         1380    55555   
                                         JKOP     CCSD   

              2      12        3.69       700     1000      520     2100      200     2101     8500     9001      701     1001   
                                         GEOM     BASIS   MCVARS     RHF    OPTIONS    RHF     CPHF    DEN_MP2   GEOM     BASIS   
                                         2102     9001(1)
                                          RHF    DEN_MP2    

 PROGRAMS   *        TOTAL      CCSD    HF-SCF      CCSD    HF-SCF      CCSD    HF-SCF      CCSD    HF-SCF       INT      CCSD
 CPU TIMES  *     46147.87    786.41     93.42    797.94     93.99    796.21    115.92    791.71     92.00     21.51    346.42
 REAL TIME  *      6727.64 SEC
 DISK USED  *         2.31 GB
 **********************************************************************************************************************************

 Current geometry (xyz format, in Angstrom)


 Dump information in style XYZ to ch3oh_maxima_mp2_3.xyz                                                          

    6
 CCSD/AUG-CC-PVTZ  OPTSTEP=3  ENERGY=-115.54604311
 C          0.0011955208        0.0126416113       -0.7284632687
 O          0.0008098138       -0.0644166796        0.6902376614
 H         -0.0008758382        0.8257881589        1.0421739144
 H          1.0099996861        0.1575796434       -1.1225039888
 H         -0.3947325416       -0.9292891130       -1.1030805417
 H         -0.6414920626        0.8177885142       -1.0923360751

 **********************************************************************************************************************************

 PROGRESS OF GEOMETRY OPTIMIZATION.    TOTAL CPU:      4426.1 SEC
   1  -115.54586829  -115.54603686    -0.00016857  0.00416354  0.00651660  0.00196483  0.03490659  0.04945735  0.00449612
   2  -115.54603686  -115.54604295    -0.00000610  0.00079395  0.00115009  0.00034676  0.00872953  0.01187587  0.00107962
   3  -115.54604295  -115.54604311    -0.00000015  0.00021769  0.00031889  0.00009615  0.00048723  0.00083892  0.00007627

 **********************************************************************************************************************************

 Current geometry (xyz format, in Angstrom)


 Dump information in style XYZ to ch3oh_maxima_mp2.xyz                                                            

    6
 CCSD/AUG-CC-PVTZ  ENERGY=-115.54604311
 C          0.0011955208        0.0126416113       -0.7284632687
 O          0.0008098138       -0.0644166796        0.6902376614
 H         -0.0008758382        0.8257881589        1.0421739144
 H          1.0099996861        0.1575796434       -1.1225039888
 H         -0.3947325416       -0.9292891130       -1.1030805417
 H         -0.6414920626        0.8177885142       -1.0923360751

 **********************************************************************************************************************************

 Current variables
 RCO=                 1.42079219 ANGSTROM
 ROH=                 0.95724951 ANGSTROM
 ACOH=              108.46198875 DEGREE
 RCH1=                1.09268521 ANGSTROM
 AOCH1=             111.56341603 DEGREE
 AHH1=               83.12908591 DEGREE
 RCH2=                1.08826955 ANGSTROM
 AOCH2=             107.25851925 DEGREE
 RCH3=                1.09257141 ANGSTROM
 AOCH3=             111.86129060 DEGREE
 AHH3=              320.76112861 DEGREE

 **********************************************************************************************************************************

 Recomputing wavefunction for reoriented structure

 Running procedure: RUNCCSD


 Program * Restricted Hartree-Fock

 Molecular orbitals read from record     2102.2  Type=RHF/CANONICAL (state 1.1)

 NELEC=   18   SYM=1   MS2= 0   THRE=1.0D-09   THRD=1.0D-07   THRG=1.0D-07  HFMA2=F  DIIS_START=2   DIIS_MAX=10   DIIS_INCORE=F

 Level shifts:    0.00 (CLOSED)    0.00 (OPEN)    0.30 (GAP_MIN)

 ITER           ETOT              DE          GRAD        DDIFF     DIIS  NEXP   TIME(IT)  TIME(TOT)  DIAG
   1     -115.09175940    -115.09175940     0.00D+00     0.47D-01     0     0       9.32      9.33    start
   2     -115.09175940      -0.00000000     0.74D-08     0.65D-08     1     0       9.54     18.87    diag

 Final occupancy:   9

 !RHF STATE 1.1 Energy               -115.091759401360
  RHF One-electron energy            -236.901182513151
  RHF Two-electron energy              81.475336948010
  RHF Kinetic energy                  114.923304654225
  RHF Nuclear energy                   40.334086163781
  RHF Virial quotient                  -1.001465801455

 !RHF STATE 1.1 Dipole moment          -0.01233036     0.59641580    -0.39166909
 Dipole moment /Debye                  -0.03134064     1.51593776    -0.99552352

 Orbital energies:

           1.1          2.1          3.1          4.1          5.1          6.1          7.1          8.1          9.1         10.1
    -20.558328   -11.271436    -1.357902    -0.926130    -0.691794    -0.620697    -0.593919    -0.503638    -0.451409     0.028410

          11.1
      0.042951


 HOMO      9.1    -0.451409 =     -12.2835eV
 LUMO     10.1     0.028410 =       0.7731eV
 LUMO-HOMO         0.479819 =      13.0565eV

 Orbitals saved in record  2102.2


 **********************************************************************************************************************************
 DATASETS  * FILE   NREC   LENGTH (MB)   RECORD NAMES
              1      22      859.94       500      610      700      701      900      950      970     1001      129      960   
                                          VAR    BASINP    GEOM     GEOM    SYMINP    ZMAT    AOBASIS   BASIS     P2S    ABASIS    
                                         1100     1400     1410     1200     1210     1080     1600     1650     1300     1700   
                                           S        T        V       H0       H01     AOSYM     SMH    MOLCAS    ERIS     OPER   
                                         1380    55555   
                                         JKOP     CCSD   

              2      12        3.69       700     1000      520     2100      200     2101     8500     9001      701     1001   
                                         GEOM     BASIS   MCVARS     RHF    OPTIONS    RHF     CPHF    DEN_MP2   GEOM     BASIS   
                                         2102     9001(1)
                                          RHF    DEN_MP2    

 PROGRAMS   *        TOTAL    HF-SCF      CCSD    HF-SCF      CCSD    HF-SCF      CCSD    HF-SCF      CCSD    HF-SCF       INT
 CPU TIMES  *     46166.79     18.90    786.41     93.42    797.94     93.99    796.21    115.92    791.71     92.00     21.51
 REAL TIME  *      6730.69 SEC
 DISK USED  *         2.31 GB
 **********************************************************************************************************************************


 PROGRAM * CCSD (Closed-shell coupled cluster)     Authors: C. Hampel, H.-J. Werner, 1991, M. Deegan, P.J. Knowles, 1992


 Convergence thresholds:  THRVAR = 1.00D-12  THRDEN = 1.00D-08

 Number of core orbitals:           2 (   2 )
 Number of closed-shell orbitals:   7 (   7 )
 Number of external orbitals:     175 ( 175 )

 Molecular orbitals read from record     2102.2  Type=RHF/CANONICAL (state 1.1)

 Number of N-1 electron functions:               7
 Number of N-2 electron functions:              28
 Number of singly external CSFs:              1225
 Number of doubly external CSFs:            750925
 Total number of CSFs:                      752151

 Length of J-op  integral file:               0.00 MB
 Length of K-op  integral file:               2.36 MB
 Length of 3-ext integral record:             0.00 MB

 Integral transformation finished. Total CPU:  23.07 sec, npass=  1  Memory used:  27.38 MW

 Reference energy:                   -115.09175940

 MP2 singlet pair energy:              -0.28675709
 MP2 triplet pair energy:              -0.14998875
 MP2 correlation energy:               -0.43674584
 MP2 total energy:                   -115.52850524

 SCS-MP2 correlation energy:           -0.43743484   (PS=  1.200000  PT=  0.333333)
 SCS-MP2 total energy:               -115.52919424

 ITER.      SQ.NORM     CORR.ENERGY   TOTAL ENERGY   ENERGY CHANGE        DEN1      VAR(S)    VAR(P)  DIIS     TIME  TIME/IT
   1      1.12026714    -0.45312051  -115.54487991    -0.01637467    -0.00560323  0.16D-02  0.19D-02  1  1    48.98     2.98
   2      1.12853472    -0.45421354  -115.54597295    -0.00109304    -0.00965328  0.20D-04  0.25D-03  2  2    73.38     2.96
   3      1.13139760    -0.45430213  -115.54606153    -0.00008859    -0.00185011  0.16D-04  0.11D-04  3  3    97.35     2.94
   4      1.13217428    -0.45428725  -115.54604665     0.00001488    -0.00036662  0.95D-06  0.12D-05  4  4   121.60     2.93
   5      1.13234515    -0.45428867  -115.54604807    -0.00000142    -0.00005337  0.24D-06  0.10D-06  5  5   146.44     2.95
   6      1.13239317    -0.45428481  -115.54604421     0.00000386    -0.00001006  0.38D-07  0.99D-08  6  6   174.92     3.04
   7      1.13240386    -0.45428385  -115.54604325     0.00000097    -0.00000154  0.50D-08  0.22D-08  6  2   204.17     3.10
   8      1.13240652    -0.45428376  -115.54604316     0.00000009    -0.00000000  0.81D-09  0.27D-09  6  1   232.54     3.14
   9      1.13240758    -0.45428368  -115.54604308     0.00000008     0.00000019  0.73D-10  0.30D-10  6  3   261.08     3.17
  10      1.13240776    -0.45428368  -115.54604308    -0.00000000     0.00000001  0.11D-10  0.42D-11  6  4   288.87     3.19
  11      1.13240761    -0.45428370  -115.54604310    -0.00000002     0.00000011  0.15D-11  0.71D-12  6  6   315.74     3.20
  12      1.13240756    -0.45428370  -115.54604310    -0.00000000     0.00000002  0.20D-12  0.65D-13  6  5   339.61     3.17
  13      1.13240754    -0.45428371  -115.54604311    -0.00000000     0.00000001  0.24D-13  0.10D-13  6  1   363.04     3.14

 Norm of t1 vector:      0.05256068      S-energy:     0.00000000      T1 diagnostic:  0.00993304
                                                                       D1 diagnostic:  0.02335433
                                                                       D2 diagnostic:  0.13793094 (internal)


 RESULTS
 =======

  Reference energy                   -115.091759401360
  CCSD singlet pair energy             -0.318140504246
  CCSD triplet pair energy             -0.136143203200
  CCSD correlation energy              -0.454283706118

 !CCSD total energy                  -115.546043107478

 Timing summary (sec):

 STEP                 CPU(USER)    SYS     CPU(TOT)    WALL
 Transformation         23.52      0.85     24.37      3.26
 CCSD iterations       340.18      7.16    347.34     40.92

 Program statistics:

 Available memory in ccsd:               499998879
 Min. memory needed in ccsd:               2385617
 Max. memory used in ccsd:                 3007350
 Max. memory used in cckext:               2165242 (13 integral passes)



 **********************************************************************************************************************************
 DATASETS  * FILE   NREC   LENGTH (MB)   RECORD NAMES
              1      22      859.94       500      610      700      701      900      950      970     1001      129      960   
                                          VAR    BASINP    GEOM     GEOM    SYMINP    ZMAT    AOBASIS   BASIS     P2S    ABASIS    
                                         1100     1400     1410     1200     1210     1080     1600     1650     1300     1700   
                                           S        T        V       H0       H01     AOSYM     SMH    MOLCAS    ERIS     OPER   
                                         1380    55555   
                                         JKOP     CCSD   

              2      12        3.69       700     1000      520     2100      200     2101     8500     9001      701     1001   
                                         GEOM     BASIS   MCVARS     RHF    OPTIONS    RHF     CPHF    DEN_MP2   GEOM     BASIS   
                                         2102     9001(1)
                                          RHF    DEN_MP2    

 PROGRAMS   *        TOTAL      CCSD    HF-SCF      CCSD    HF-SCF      CCSD    HF-SCF      CCSD    HF-SCF      CCSD    HF-SCF
 CPU TIMES  *     46530.53    363.73     18.90    786.41     93.42    797.94     93.99    796.21    115.92    791.71     92.00
 REAL TIME  *      6774.92 SEC
 DISK USED  *         2.31 GB
 **********************************************************************************************************************************

 PROGRAM * ALASKA (Gradient of the energy)     Author: R. Lindh


 CCSD Gradient info restored from record   55555.1

 Number of core orbitals:           2 (   2 )
 Number of closed-shell orbitals:   7 (   7 )
 Number of external orbitals:     175 ( 175 )

 Integral thresholds in T2TRAN:            1.0D-10 (PROD)

 Available memory for Transformation: 497467824 words
 Memory needed for incore algorithm:   11782801 words
 Minimum memory needed:                 3718915 words

 Memory used for transformation:          16.57 MW
 Available memory for gradients:         482.90 MW

 CPU for transformation:                 161.26 sec
 CPU for integrals and gradient:         117.84 sec
 Total CPU:                              279.10 sec

 Prescreening statistics:
 ========================

 Total number of shell quadruplets:        2.22D+04
 Number of shell quadruplets processed:    2.22D+04 (100.00%)

 CCSD GRADIENT FOR STATE 1.1

 Atom          dE/dx               dE/dy               dE/dz

   1         0.005355269        -0.002082757        -0.000116437
   2         0.001039451         0.000096194        -0.000077265
   3        -0.001250288        -0.000023491        -0.000028045
   4         0.000643087         0.002192135         0.000739573
   5        -0.004856870         0.001989696         0.000253196
   6        -0.000930649        -0.002171777        -0.000771023

 Nuclear force contribution to virial =        -0.000352131
 Reading points 1 to 1 from record 701.2,  wavefunction type=CCSD            

 Making model hessian for Z-matrix coordinates
 No hessian update for point  1

 Entering Rational Function Geometry Optimization

 Optimization point 1

 Variable                      Last           Current        Next           Gradient       Hessian

 E(CCSD) / Hartree           0.00000000  -115.54577185  -115.54594784
 RCO / ANGSTROM              0.00000000     1.42079219     1.42085682    -0.00020584     2.23102521
 ROH / ANGSTROM              0.00000000     0.95724951     0.95726648     0.00004920     2.54573415
 ACOH / DEGREE               0.00000000   108.46198875   108.44380841    -0.00000115     0.00007361
 RCH1 / ANGSTROM             0.00000000     1.09268521     1.09191408     0.00134062     1.71674651
 AOCH1 / DEGREE              0.00000000   111.56341603   111.59877558    -0.00003421     0.00007085
 AHH1 / DEGREE               0.00000000    83.12908591    85.12908591    -0.00007000     0.00004888
 RCH2 / ANGSTROM             0.00000000     1.08826955     1.08832203    -0.00011465     1.74373983
 AOCH2 / DEGREE              0.00000000   107.25851925   107.32416411    -0.00000494     0.00007375
 RCH3 / ANGSTROM             0.00000000     1.09257141     1.09334410    -0.00132429     1.71698297
 AOCH3 / DEGREE              0.00000000   111.86129060   111.75831781     0.00003554     0.00006845
 AHH3 / DEGREE               0.00000000   320.76112861   322.76112861    -0.00007261     0.00005198
 Convergence:                0.00000000  (line search)     0.04945953     0.00651724  (total)

 Geometry written to block  2 of record 701

 Running procedure: RUNCCSD


 Recomputing integrals since geometry changed


 PROGRAM * SEWARD (Integral evaluation for generally contracted gaussian basis sets)     Author: Roland Lindh, 1990

 Geometry written to block  2 of record 701

 Orientation using atomic masses  
 Molecule type: Asymmetric top
 Rotational constants:      23.9400566     24.7772889    128.7330228 GHz  (calculated with average atomic masses)

 Point group  C1  



 ATOMIC COORDINATES

 NR  ATOM    CHARGE       X              Y              Z

   1  C       6.00    0.003616492    0.023210402   -1.376667111
   2  O       8.00    0.002024464   -0.121798969    1.304444086
   3  H       1.00   -0.008527972    1.560810461    1.968591606
   4  H1      1.00    1.914668701    0.238194758   -2.124569096
   5  H2      1.00   -0.815155559   -1.725374603   -2.085040000
   6  H3      1.00   -1.166215724    1.583144874   -2.060006423

 Bond lengths in Bohr (Angstrom)

 1-2  2.685030261  1-4  2.063418571  1-5  2.056630579  1-6  2.066120903  2-3  1.808971469
     ( 1.420856825)     ( 1.091914084)     ( 1.088322033)     ( 1.093344097)     ( 0.957266477)

 Bond angles

  1-2-3  108.44380841   2-1-4  111.59877558   2-1-5  107.32416411   2-1-6  111.75831781

  4-1-5  109.41792633   4-1-6  109.01694979   5-1-6  107.61341904

 NUCLEAR CHARGE:                   18
 NUMBER OF PRIMITIVE AOS:         242
 NUMBER OF SYMMETRY AOS:          216
 NUMBER OF CONTRACTIONS:          184   (  184A   )
 NUMBER OF INNER CORE ORBITALS:     0   (    0A   )
 NUMBER OF OUTER CORE ORBITALS:     2   (    2A   )
 NUMBER OF VALENCE ORBITALS:       12   (   12A   )


 NUCLEAR REPULSION ENERGY   40.33330070

 Eigenvalues of metric

         1 0.615E-04 0.748E-04 0.904E-04 0.206E-03 0.413E-03 0.471E-03 0.763E-03 0.784E-03


 Contracted 2-electron integrals neglected if value below      1.0D-11
 AO integral compression algorithm  1   Integral accuracy      1.0D-11

     712.770 MB (compressed) written to integral file ( 52.5%)


 NUMBER OF SORTED TWO-ELECTRON INTEGRALS:  144848710.     BUFFER LENGTH:  32768
 NUMBER OF SEGMENTS:  10  SEGMENT LENGTH:   15999503      RECORD LENGTH: 524288

 Memory used in sort:      16.56 MW

 SORT1 READ   169623812. AND WROTE   143581380. INTEGRALS IN    414 RECORDS. CPU TIME:     1.15 SEC, REAL TIME:     1.79 SEC
 SORT2 READ   143581380. AND WROTE   144848710. INTEGRALS IN   2719 RECORDS. CPU TIME:     1.25 SEC, REAL TIME:     1.72 SEC

 FILE SIZES:   FILE 1:   744.3 MBYTE,  FILE 4:  1736.5 MBYTE,   TOTAL:   2480.8 MBYTE

 OPERATOR DM      FOR CENTER  0  COORDINATES:    0.000000    0.000000    0.000000

 Program * Restricted Hartree-Fock

 Molecular orbitals read from record     2102.2  Type=RHF/CANONICAL (state 1.1)

 NELEC=   18   SYM=1   MS2= 0   THRE=1.0D-09   THRD=1.0D-06   THRG=1.0D-06  HFMA2=F  DIIS_START=2   DIIS_MAX=10   DIIS_INCORE=F

 Level shifts:    0.00 (CLOSED)    0.00 (OPEN)    0.30 (GAP_MIN)

 ITER           ETOT              DE          GRAD        DDIFF     DIIS  NEXP   TIME(IT)  TIME(TOT)  DIAG
   1     -115.08969780    -115.08969780     0.00D+00     0.47D-01     0     0       9.62      9.63    start
   2     -115.09138940      -0.00169161     0.87D-03     0.92D-03     1     0       9.39     19.02    diag
   3     -115.09162712      -0.00023772     0.24D-03     0.27D-03     2     0       9.48     28.50    diag
   4     -115.09164236      -0.00001523     0.55D-04     0.88D-04     3     0       9.29     37.79    diag
   5     -115.09164272      -0.00000036     0.12D-04     0.14D-04     4     0       9.45     47.24    diag
   6     -115.09164278      -0.00000006     0.48D-05     0.53D-05     5     0       9.48     56.72    diag
   7     -115.09164279      -0.00000001     0.14D-05     0.17D-05     6     0       9.23     65.95    diag
   8     -115.09164279      -0.00000000     0.52D-06     0.66D-06     7     0       9.23     75.18    fixocc
   9     -115.09164279      -0.00000000     0.12D-06     0.21D-06     8     0       9.37     84.55    diag
  10     -115.09164279      -0.00000000     0.19D-07     0.30D-07     0     0       9.46     94.01    diag/orth

 Final occupancy:   9

 !RHF STATE 1.1 Energy               -115.091642788266
  RHF One-electron energy            -236.899848743739
  RHF Two-electron energy              81.474905258295
  RHF Kinetic energy                  114.923221611273
  RHF Nuclear energy                   40.333300697178
  RHF Virial quotient                  -1.001465510405

 !RHF STATE 1.1 Dipole moment          -0.01544026     0.59767689    -0.39211888
 Dipole moment /Debye                  -0.03924522     1.51914313    -0.99666677

 Orbital energies:

           1.1          2.1          3.1          4.1          5.1          6.1          7.1          8.1          9.1         10.1
    -20.558258   -11.271450    -1.357855    -0.926096    -0.691678    -0.621181    -0.593740    -0.503126    -0.451636     0.028391

          11.1
      0.042960


 HOMO      9.1    -0.451636 =     -12.2896eV
 LUMO     10.1     0.028391 =       0.7725eV
 LUMO-HOMO         0.480026 =      13.0622eV

 Orbitals saved in record  2102.2


 **********************************************************************************************************************************
 DATASETS  * FILE   NREC   LENGTH (MB)   RECORD NAMES
              1      20      626.02       500      610      700      701      900      950      970     1001      129      960   
                                          VAR    BASINP    GEOM     GEOM    SYMINP    ZMAT    AOBASIS   BASIS     P2S    ABASIS    
                                         1100     1400     1410     1200     1210     1080     1600     1650     1300     1700   
                                           S        T        V       H0       H01     AOSYM     SMH    MOLCAS    ERIS     OPER   

              2      12        3.69       700     1000      520     2100      200     2101     8500     9001      701     1001   
                                         GEOM     BASIS   MCVARS     RHF    OPTIONS    RHF     CPHF    DEN_MP2   GEOM     BASIS   
                                         2102     9001(1)
                                          RHF    DEN_MP2    

 PROGRAMS   *        TOTAL    HF-SCF      CCSD    HF-SCF       INT      CCSD    HF-SCF      CCSD    HF-SCF      CCSD    HF-SCF
 CPU TIMES  *     47844.57    115.42    804.17     92.59     21.62    363.73     18.90    786.41     93.42    797.94     93.99
 REAL TIME  *      6978.95 SEC
 DISK USED  *         2.31 GB
 **********************************************************************************************************************************


 PROGRAM * CCSD (Closed-shell coupled cluster)     Authors: C. Hampel, H.-J. Werner, 1991, M. Deegan, P.J. Knowles, 1992


 Convergence thresholds:  THRVAR = 1.00D-12  THRDEN = 1.00D-08

 Using ITF CCSD gradient implementation

 Number of core orbitals:           2 (   2 )
 Number of closed-shell orbitals:   7 (   7 )
 Number of external orbitals:     175 ( 175 )

 Molecular orbitals read from record     2102.2  Type=RHF/CANONICAL (state 1.1)

 Integral transformation finished. Total CPU:  22.38 sec, npass=  1  Memory used:  27.38 MW
  Reference energy                   -115.091642788265

  MP2 correlation energy               -0.436759174737
  MP2 total energy                   -115.528401963002

 ITER.      SQ.NORM     CORR.ENERGY   TOTAL ENERGY   ENERGY CHANGE        DEN1      VAR(S)    VAR(P)  DIIS     TIME
   1      1.12039247    -0.45321564  -115.54485842    -0.01645646    -0.00559625  1.69e-03  1.94e-03  1  1    26.80
   2      1.12838954    -0.45420075  -115.54584354    -0.00098512    -0.00936293  4.22e-05  2.70e-04  2  2    49.68
   3      1.13077816    -0.45431969  -115.54596248    -0.00011894    -0.00140797  4.46e-06  3.49e-05  3  3    73.17
   4      1.13202841    -0.45432253  -115.54596532    -0.00000284    -0.00092441  1.42e-07  3.38e-06  4  4    96.32
   5      1.13233126    -0.45430185  -115.54594464     0.00002068    -0.00019145  1.84e-08  3.20e-07  5  5   118.77
   6      1.13241073    -0.45429937  -115.54594215     0.00000248    -0.00004918  3.60e-10  1.45e-08  6  0   143.30
   7      1.13241895    -0.45429820  -115.54594099     0.00000117    -0.00000619  6.22e-11  1.05e-09  6  1   166.64
   8      1.13241916    -0.45429806  -115.54594085     0.00000014    -0.00000046  4.20e-12  1.05e-10  6  2   190.09
   9      1.13241908    -0.45429804  -115.54594083     0.00000002     0.00000001  1.75e-13  1.11e-11  6  3   212.94
  10      1.13241914    -0.45429803  -115.54594082     0.00000000    -0.00000004  2.92e-14  7.55e-13         235.14

 Norm of t1 vector:      0.05259043     S-energy:      0.00000001   T1 diagnostic:  0.00993866

 Time per iteration:                     23.52 sec

 RESULTS
 =======

  Reference energy                   -115.091642788265
  CCSD correlation energy              -0.454298034341
 !CCSD total energy                  -115.545940822607

 Starting CP-CCSD iterations.   Author: W. Gyorffy (2012)

 ITER.      NRM1           NRM2      VAR(S)+VAR(P)   DIIS    TIME
   1     0.00163276     0.38323456     5.26e-04      1  1   25.15
   2     0.00148110     0.37942847     3.82e-05      2  2   54.16
   3     0.00137602     0.37894580     4.75e-06      3  3   79.55
   4     0.00132568     0.37855313     9.05e-07      4  4  104.74
