
 Working directory              : /tmp/asmola/molpro.X1w2bsCI8U/
 Global scratch directory       : /tmp/asmola/molpro.X1w2bsCI8U/
 Wavefunction directory         : /home/asmola/wfu/
 Main file repository           : /tmp/asmola/molpro.X1w2bsCI8U/

 id        : uclcc

 Nodes                        nprocs
 vincent.theory.phys.ucl.ac.uk    1
 GA implementation: MPI file
 GA implementation (serial work in mppx): MPI file

 Using customized tuning parameters: mindgm=1; mindgv=20; mindgc=4; mindgr=1; noblas=0; minvec=7
 default implementation of scratch files=df  


 Variables initialized (1015), CPU time= 0.00 sec
 ***,Methanol Ground State Energy with CCSD(T) and aug-cc-pVTZ
 memory,500,m;
 
 symmetry,nosym
 geometry={angstrom
 c
 o , 1, rco
 h , 2, roh, 1, acoh
 h1, 1, rch1, 2, aoch1  3  ahh1
 h2, 1, rch2, 2, aoch2, 3, ahh2
 h3, 1, rch3, 2, aoch3, 3, ahh3
 }
 
 rco= 1.41997934
 roh= 0.95818958
 rch1= 1.09312547
 rch2= 1.08754749
 rch3= 1.09312547
 acoh= 108.21042647
 aoch1= 111.89503696
 aoch2= 106.72939010
 aoch3= 111.89503696
 ahh1=61.38282783
 ahh2=180.00
 ahh3=298.61717217
 
 
 Sa = -1.6936112928100562
 Sb = 2.9334208074194277
 tau = 60
 ahh1 = tau+1.0/3.0*sqrt(2.0)*Sb
 ahh2 = 120.0+tau-1.0/6.0*sqrt(2.0)*Sb-1.0/6.0*sqrt(6.0)*Sa
 ahh3 = 240.0+tau+1.0/6.0*sqrt(6.0)*Sa-1.0/6.0*sqrt(2.0)*Sb
 
 
 basis=aug-cc-pVTZ
 
 hf
 runccsd = {hf;ccsd}
 
 
 do i = 185, 300, 5
     ahh2 = i
 
     geometry={angstrom
     c
     o , 1, rco
     h , 2, roh, 1, acoh
     h1, 1, rch1, 2, aoch1  3  ahh1
     h2, 1, rch2, 2, aoch2, 3, ahh2
     h3, 1, rch3, 2, aoch3, 3, ahh3
     }
 
     {OPTG,procedure=runccsd,savexyz=CH3OH_maxima_mp2.xyz
     active,rco,roh,rch1,rch2,rch3,acoh,aoch1,aoch2,aoch3,ahh1,ahh3;
     END}
 
 enddo
 
 Commands initialized (818), CPU time= 0.01 sec, 672 directives.
 Default parameters read. Elapsed time= 0.12 sec

 Checking input...
 Passed
1


                                         ***  PROGRAM SYSTEM MOLPRO  ***
                                       Copyright, TTI GmbH Stuttgart, 2015
                                    Version 2022.1 linked Mar  3 2022 23:20:00


 **********************************************************************************************************************************
 LABEL *   Methanol Ground State Energy with CCSD(T) and aug-cc-pVTZ                     
  (14 PROC) 64 bit serial version                                                        DATE: 17-Feb-25          TIME: 11:18:05  
 **********************************************************************************************************************************

 SHA1:             31073afc4d8441e10870424e0d77336a33bc4286
 **********************************************************************************************************************************

 Memory per process:       500 MW
 Total memory per node:    500 MW

 GA preallocation disabled
 GA check disabled

 Variable memory set to 500.0 MW

 ZSYMEL=NOSYM

 SETTING RCO            =         1.41997934                                  
 SETTING ROH            =         0.95818958                                  
 SETTING RCH1           =         1.09312547                                  
 SETTING RCH2           =         1.08754749                                  
 SETTING RCH3           =         1.09312547                                  
 SETTING ACOH           =       108.21042647                                  
 SETTING AOCH1          =       111.89503696                                  
 SETTING AOCH2          =       106.72939010                                  
 SETTING AOCH3          =       111.89503696                                  
 SETTING AHH1           =        61.38282783                                  
 SETTING AHH2           =       180.00000000                                  
 SETTING AHH3           =       298.61717217                                  
 SETTING SA             =        -1.69361129                                  
 SETTING SB             =         2.93342081                                  
 SETTING TAU            =        60.00000000                                  
 SETTING AHH1           =        61.38282783                                  
 SETTING AHH2           =       180.00000000                                  
 SETTING AHH3           =       298.61717217                                  
 SETTING BASIS          =    AUG-CC-PVTZ


 Recomputing integrals since basis changed


 Using spherical harmonics

 Library entry C      S aug-cc-pVTZ          selected for orbital group  1
 Library entry C      P aug-cc-pVTZ          selected for orbital group  1
 Library entry C      D aug-cc-pVTZ          selected for orbital group  1
 Library entry C      F aug-cc-pVTZ          selected for orbital group  1
 Library entry O      S aug-cc-pVTZ          selected for orbital group  2
 Library entry O      P aug-cc-pVTZ          selected for orbital group  2
 Library entry O      D aug-cc-pVTZ          selected for orbital group  2
 Library entry O      F aug-cc-pVTZ          selected for orbital group  2
 Library entry H      S aug-cc-pVTZ          selected for orbital group  3
 Library entry H      P aug-cc-pVTZ          selected for orbital group  3
 Library entry H      D aug-cc-pVTZ          selected for orbital group  3


 PROGRAM * SEWARD (Integral evaluation for generally contracted gaussian basis sets)     Author: Roland Lindh, 1990

 Geometry written to block  1 of record 700

 Orientation using atomic masses  
 Molecule type: Asymmetric top
 Rotational constants:      23.9613761     24.8267954    128.5481154 GHz  (calculated with average atomic masses)

 Point group  C1  



 ATOMIC COORDINATES

 NR  ATOM    CHARGE       X              Y              Z

   1  C       6.00   -0.000000000    0.024794255   -1.375691575
   2  O       8.00   -0.000000000   -0.120926336    1.303720879
   3  H       1.00   -0.000000000    1.565832922    1.962154785
   4  H1      1.00    1.682559542    0.983287284   -2.095019762
   5  H2      1.00    0.000000000   -1.908357421   -2.073284295
   6  H3      1.00   -1.682559542    0.983287284   -2.095019762

 Bond lengths in Bohr (Angstrom)

 1-2  2.683372055  1-4  2.065707758  1-5  2.055166904  1-6  2.065707758  2-3  1.810715882
     ( 1.419979340)     ( 1.093125470)     ( 1.087547490)     ( 1.093125470)     ( 0.958189580)

 Bond angles

  1-2-3  108.21042647   2-1-4  111.89503696   2-1-5  106.72939010   2-1-6  111.89503696

  4-1-5  108.55746630   4-1-6  109.07978552   5-1-6  108.55746630

 NUCLEAR CHARGE:                   18
 NUMBER OF PRIMITIVE AOS:         242
 NUMBER OF SYMMETRY AOS:          216
 NUMBER OF CONTRACTIONS:          184   (  184A   )
 NUMBER OF INNER CORE ORBITALS:     0   (    0A   )
 NUMBER OF OUTER CORE ORBITALS:     2   (    2A   )
 NUMBER OF VALENCE ORBITALS:       12   (   12A   )


 NUCLEAR REPULSION ENERGY   40.34537859


 Eigenvalues of metric

         1 0.607E-04 0.742E-04 0.893E-04 0.202E-03 0.410E-03 0.485E-03 0.761E-03 0.781E-03


 Contracted 2-electron integrals neglected if value below      1.0D-11
 AO integral compression algorithm  1   Integral accuracy      1.0D-11

     608.174 MB (compressed) written to integral file ( 44.8%)


 NUMBER OF SORTED TWO-ELECTRON INTEGRALS:  144848710.     BUFFER LENGTH:  32768
 NUMBER OF SEGMENTS:  10  SEGMENT LENGTH:   15999503      RECORD LENGTH: 524288

 Memory used in sort:      16.56 MW

 SORT1 READ   169623812. AND WROTE   121049905. INTEGRALS IN    351 RECORDS. CPU TIME:     1.05 SEC, REAL TIME:     1.52 SEC
 SORT2 READ   121049905. AND WROTE   144848710. INTEGRALS IN   2320 RECORDS. CPU TIME:     1.20 SEC, REAL TIME:     1.58 SEC

 FILE SIZES:   FILE 1:   639.5 MBYTE,  FILE 4:  1472.2 MBYTE,   TOTAL:   2111.7 MBYTE

 OPERATOR DM      FOR CENTER  0  COORDINATES:    0.000000    0.000000    0.000000


 **********************************************************************************************************************************
 DATASETS  * FILE   NREC   LENGTH (MB)   RECORD NAMES
              1      19      540.07       500      610      700      900      950      970     1000      129      960     1100   
                                          VAR    BASINP    GEOM    SYMINP    ZMAT    AOBASIS   BASIS     P2S    ABASIS      S 
                                         1400     1410     1200     1210     1080     1600     1650     1300     1700   
                                           T        V       H0       H01     AOSYM     SMH    MOLCAS    ERIS     OPER   

 PROGRAMS   *        TOTAL       INT
 CPU TIMES  *        20.38     20.15
 REAL TIME  *         8.31 SEC
 DISK USED  *         1.97 GB
 **********************************************************************************************************************************


 Program * Restricted Hartree-Fock

 Orbital guess generated from atomic densities. Full valence occupancy:   14

 Initial occupancy:   9

 NELEC=   18   SYM=1   MS2= 0   THRE=1.0D-08   THRD=1.0D-06   THRG=1.0D-06  HFMA2=F  DIIS_START=2   DIIS_MAX=10   DIIS_INCORE=F

 Level shifts:    0.00 (CLOSED)    0.00 (OPEN)    0.30 (GAP_MIN)

 ITER           ETOT              DE          GRAD        DDIFF     DIIS  NEXP   TIME(IT)  TIME(TOT)  DIAG
   1     -115.05633764    -115.05633764     0.00D+00     0.46D-01     0     0       8.46     17.52    start
   2     -115.08437699      -0.02803935     0.49D-02     0.53D-02     1     0       8.99     26.51    diag
   3     -115.09166827      -0.00729129     0.27D-02     0.17D-02     2     0       9.23     35.74    diag
   4     -115.09219404      -0.00052576     0.53D-03     0.45D-03     3     0       9.30     45.04    diag
   5     -115.09222616      -0.00003213     0.10D-03     0.10D-03     4     0       9.17     54.21    diag
   6     -115.09222762      -0.00000146     0.19D-04     0.26D-04     5     0       8.93     63.14    diag
   7     -115.09222769      -0.00000007     0.40D-05     0.60D-05     6     0       8.80     71.94    diag
   8     -115.09222769      -0.00000000     0.99D-06     0.16D-05     7     0       9.21     81.15    fixocc
   9     -115.09222769      -0.00000000     0.30D-06     0.44D-06     8     0      10.00     91.15    diag
  10     -115.09222769      -0.00000000     0.77D-07     0.87D-07     0     0      11.77    102.92    diag/orth

 Final occupancy:   9

 !RHF STATE 1.1 Energy               -115.092227693869
  RHF One-electron energy            -236.922129700460
  RHF Two-electron energy              81.484523413764
  RHF Kinetic energy                  114.923123792219
  RHF Nuclear energy                   40.345378592827
  RHF Virial quotient                  -1.001471452359

 !RHF STATE 1.1 Dipole moment          -0.00000000     0.58930356    -0.39215944
 Dipole moment /Debye                  -0.00000000     1.49786025    -0.99676986

 Orbital energies:

           1.1          2.1          3.1          4.1          5.1          6.1          7.1          8.1          9.1         10.1
    -20.558889   -11.271344    -1.358314    -0.925968    -0.691674    -0.620739    -0.593608    -0.504289    -0.451724     0.028517

          11.1
      0.042984


 HOMO      9.1    -0.451724 =     -12.2920eV
 LUMO     10.1     0.028517 =       0.7760eV
 LUMO-HOMO         0.480241 =      13.0680eV

 Orbitals saved in record  2100.2


 **********************************************************************************************************************************
 DATASETS  * FILE   NREC   LENGTH (MB)   RECORD NAMES
              1      19      540.07       500      610      700      900      950      970     1000      129      960     1100   
                                          VAR    BASINP    GEOM    SYMINP    ZMAT    AOBASIS   BASIS     P2S    ABASIS      S 
                                         1400     1410     1200     1210     1080     1600     1650     1300     1700   
                                           T        V       H0       H01     AOSYM     SMH    MOLCAS    ERIS     OPER   

              2       4        0.96       700     1000      520     2100   
                                         GEOM     BASIS   MCVARS     RHF  

 PROGRAMS   *        TOTAL    HF-SCF       INT
 CPU TIMES  *       123.33    102.94     20.15
 REAL TIME  *        24.33 SEC
 DISK USED  *         1.97 GB
 **********************************************************************************************************************************

 DO I                   =       185.00000000   
 SETTING AHH2           =       185.00000000                                  


 PROGRAM * OPT (Geometry optimization)     Authors: F. Eckert and H.-J. Werner


 BFGS update of hessian

 Geometry optimization using procedure=RUNCCSD

 Running procedure: RUNCCSD


 Recomputing integrals since geometry changed


 PROGRAM * SEWARD (Integral evaluation for generally contracted gaussian basis sets)     Author: Roland Lindh, 1990

 Geometry written to block  1 of record 700

 Orientation using atomic masses  
 Molecule type: Asymmetric top
 Rotational constants:      23.9572164     24.8317026    128.5672539 GHz  (calculated with average atomic masses)

 Point group  C1  



 ATOMIC COORDINATES

 NR  ATOM    CHARGE       X              Y              Z

   1  C       6.00    0.010313091    0.025709088   -1.375655282
   2  O       8.00    0.012881426   -0.120171962    1.303747209
   3  H       1.00   -0.201661520    1.553055772    1.961753498
   4  H1      1.00    1.564132502    1.187219387   -2.085364804
   5  H2      1.00    0.084734179   -1.905969996   -2.073357526
   6  H3      1.00   -1.774571503    0.766868958   -2.105050630

 Bond lengths in Bohr (Angstrom)

 1-2  2.683372055  1-4  2.065707758  1-5  2.055166904  1-6  2.065707758  2-3  1.810715882
     ( 1.419979340)     ( 1.093125470)     ( 1.087547490)     ( 1.093125470)     ( 0.958189580)

 Bond angles

  1-2-3  108.21042647   2-1-4  111.89503696   2-1-5  106.72939010   2-1-6  111.89503696

  4-1-5  112.62024591   4-1-6  109.07978552   5-1-6  104.39768236

 NUCLEAR CHARGE:                   18
 NUMBER OF PRIMITIVE AOS:         242
 NUMBER OF SYMMETRY AOS:          216
 NUMBER OF CONTRACTIONS:          184   (  184A   )
 NUMBER OF INNER CORE ORBITALS:     0   (    0A   )
 NUMBER OF OUTER CORE ORBITALS:     2   (    2A   )
 NUMBER OF VALENCE ORBITALS:       12   (   12A   )


 NUCLEAR REPULSION ENERGY   40.34643074

 Eigenvalues of metric

         1 0.611E-04 0.739E-04 0.893E-04 0.202E-03 0.410E-03 0.485E-03 0.752E-03 0.779E-03


 Contracted 2-electron integrals neglected if value below      1.0D-11
 AO integral compression algorithm  1   Integral accuracy      1.0D-11

     714.342 MB (compressed) written to integral file ( 52.6%)


 NUMBER OF SORTED TWO-ELECTRON INTEGRALS:  144848710.     BUFFER LENGTH:  32768
 NUMBER OF SEGMENTS:  10  SEGMENT LENGTH:   15999503      RECORD LENGTH: 524288

 Memory used in sort:      16.56 MW

 SORT1 READ   169623812. AND WROTE   143583829. INTEGRALS IN    414 RECORDS. CPU TIME:     1.15 SEC, REAL TIME:     1.69 SEC
 SORT2 READ   143583829. AND WROTE   144848710. INTEGRALS IN   2725 RECORDS. CPU TIME:     1.22 SEC, REAL TIME:     1.65 SEC

 FILE SIZES:   FILE 1:   745.6 MBYTE,  FILE 4:  1736.5 MBYTE,   TOTAL:   2482.1 MBYTE

 OPERATOR DM      FOR CENTER  0  COORDINATES:    0.000000    0.000000    0.000000


 **********************************************************************************************************************************
 DATASETS  * FILE   NREC   LENGTH (MB)   RECORD NAMES
              1      19      626.90       500      610      700      900      950      970     1000      129      960     1100   
                                          VAR    BASINP    GEOM    SYMINP    ZMAT    AOBASIS   BASIS     P2S    ABASIS      S 
                                         1400     1410     1200     1210     1080     1600     1650     1300     1700   
                                           T        V       H0       H01     AOSYM     SMH    MOLCAS    ERIS     OPER   

              2       5        1.38       700     1000      520     2100      200   
                                         GEOM     BASIS   MCVARS     RHF    OPTIONS    

 PROGRAMS   *        TOTAL       INT    HF-SCF       INT
 CPU TIMES  *       144.47     21.12    102.94     20.15
 REAL TIME  *        32.78 SEC
 DISK USED  *         2.31 GB
 **********************************************************************************************************************************


 Program * Restricted Hartree-Fock

 Molecular orbitals read from record     2100.2  Type=RHF/CANONICAL  

 Initial occupancy:   9

 NELEC=   18   SYM=1   MS2= 0   THRE=1.0D-08   THRD=1.0D-06   THRG=1.0D-06  HFMA2=F  DIIS_START=2   DIIS_MAX=10   DIIS_INCORE=F

 Level shifts:    0.00 (CLOSED)    0.00 (OPEN)    0.30 (GAP_MIN)

 ITER           ETOT              DE          GRAD        DDIFF     DIIS  NEXP   TIME(IT)  TIME(TOT)  DIAG
   1     -115.08545556    -115.08545556     0.00D+00     0.47D-01     0     0       9.37      9.38    start
   2     -115.09072611      -0.00527056     0.16D-02     0.17D-02     1     0       9.29     18.67    diag
   3     -115.09137947      -0.00065336     0.43D-03     0.48D-03     2     0       9.25     27.92    diag
   4     -115.09142925      -0.00004977     0.10D-03     0.14D-03     3     0       9.31     37.23    diag
   5     -115.09143270      -0.00000345     0.39D-04     0.35D-04     4     0       9.29     46.52    diag
   6     -115.09143329      -0.00000059     0.12D-04     0.15D-04     5     0       9.29     55.81    diag
   7     -115.09143334      -0.00000006     0.34D-05     0.44D-05     6     0       8.25     64.06    diag
   8     -115.09143335      -0.00000000     0.11D-05     0.14D-05     7     0       9.01     73.07    fixocc
   9     -115.09143335      -0.00000000     0.27D-06     0.40D-06     8     0       8.27     81.34    diag
  10     -115.09143335      -0.00000000     0.46D-07     0.65D-07     0     0       9.11     90.45    diag/orth

 Final occupancy:   9

 !RHF STATE 1.1 Energy               -115.091433349879
  RHF One-electron energy            -236.923062366157
  RHF Two-electron energy              81.485198276026
  RHF Kinetic energy                  114.922957128042
  RHF Nuclear energy                   40.346430740253
  RHF Virial quotient                  -1.001465992749

 !RHF STATE 1.1 Dipole moment          -0.08194119     0.58428129    -0.39254288
 Dipole moment /Debye                  -0.20827372     1.48509492    -0.99774448

 Orbital energies:

           1.1          2.1          3.1          4.1          5.1          6.1          7.1          8.1          9.1         10.1
    -20.558894   -11.271351    -1.358312    -0.926140    -0.691644    -0.622420    -0.592222    -0.503828    -0.451523     0.028507

          11.1
      0.042958


 HOMO      9.1    -0.451523 =     -12.2866eV
 LUMO     10.1     0.028507 =       0.7757eV
 LUMO-HOMO         0.480030 =      13.0623eV

 Orbitals saved in record  2101.2


 **********************************************************************************************************************************
 DATASETS  * FILE   NREC   LENGTH (MB)   RECORD NAMES
              1      19      626.90       500      610      700      900      950      970     1000      129      960     1100   
                                          VAR    BASINP    GEOM    SYMINP    ZMAT    AOBASIS   BASIS     P2S    ABASIS      S 
                                         1400     1410     1200     1210     1080     1600     1650     1300     1700   
                                           T        V       H0       H01     AOSYM     SMH    MOLCAS    ERIS     OPER   

              2       6        2.22       700     1000      520     2100      200     2101   
                                         GEOM     BASIS   MCVARS     RHF    OPTIONS    RHF  

 PROGRAMS   *        TOTAL    HF-SCF       INT    HF-SCF       INT
 CPU TIMES  *       234.95     90.48     21.12    102.94     20.15
 REAL TIME  *        47.00 SEC
 DISK USED  *         2.31 GB
 **********************************************************************************************************************************


 PROGRAM * CCSD (Closed-shell coupled cluster)     Authors: C. Hampel, H.-J. Werner, 1991, M. Deegan, P.J. Knowles, 1992


 Convergence thresholds:  THRVAR = 1.00D-12  THRDEN = 1.00D-08

 Using ITF CCSD gradient implementation

 Number of core orbitals:           2 (   2 )
 Number of closed-shell orbitals:   7 (   7 )
 Number of external orbitals:     175 ( 175 )

 Molecular orbitals read from record     2101.2  Type=RHF/CANONICAL  

 Integral transformation finished. Total CPU:  20.70 sec, npass=  1  Memory used:  27.38 MW
  Reference energy                   -115.091433349879

  MP2 correlation energy               -0.436840886624
  MP2 total energy                   -115.528274236503

 ITER.      SQ.NORM     CORR.ENERGY   TOTAL ENERGY   ENERGY CHANGE        DEN1      VAR(S)    VAR(P)  DIIS     TIME
   1      1.12044540    -0.45327981  -115.54471316    -0.01643892    -0.00557163  1.69e-03  1.94e-03  1  1    20.93
   2      1.12844354    -0.45426421  -115.54569756    -0.00098440    -0.00936916  4.23e-05  2.70e-04  2  2    42.13
   3      1.13082767    -0.45438350  -115.54581685    -0.00011930    -0.00140681  4.45e-06  3.50e-05  3  3    63.17
   4      1.13207697    -0.45438635  -115.54581970    -0.00000285    -0.00092540  1.41e-07  3.39e-06  4  4    83.06
   5      1.13238005    -0.45436567  -115.54579902     0.00002068    -0.00019200  1.83e-08  3.20e-07  5  5   103.98
   6      1.13245944    -0.45436317  -115.54579652     0.00000250    -0.00004927  3.46e-10  1.45e-08  6  0   123.80
   7      1.13246764    -0.45436200  -115.54579535     0.00000117    -0.00000620  6.20e-11  1.05e-09  6  1   145.60
   8      1.13246783    -0.45436186  -115.54579521     0.00000014    -0.00000046  4.15e-12  1.05e-10  6  2   166.69
   9      1.13246775    -0.45436184  -115.54579519     0.00000002     0.00000002  1.64e-13  1.10e-11  6  3   186.56
  10      1.13246780    -0.45436184  -115.54579519     0.00000000    -0.00000004  2.91e-14  7.53e-13         207.45

 Norm of t1 vector:      0.05244474     S-energy:      0.00000001   T1 diagnostic:  0.00991112

 Time per iteration:                     20.75 sec

 RESULTS
 =======

  Reference energy                   -115.091433349879
  CCSD correlation energy              -0.454361835883
 !CCSD total energy                  -115.545795185762

 Starting CP-CCSD iterations.   Author: W. Gyorffy (2012)

 ITER.      NRM1           NRM2      VAR(S)+VAR(P)   DIIS    TIME
   1     0.00162399     0.38334893     5.25e-04      1  1   23.82
   2     0.00147332     0.37955254     3.80e-05      2  2   45.77
   3     0.00136931     0.37907127     4.70e-06      3  3   67.73
   4     0.00131976     0.37868104     8.88e-07      4  4   91.44
   5     0.00129236     0.37858735     9.06e-08      5  5  114.27
   6     0.00128216     0.37855425     9.09e-09      6  0  137.61
   7     0.00127945     0.37855043     1.09e-09      6  1  162.17
   8     0.00127874     0.37854919     1.42e-10      6  2  185.25
   9     0.00127861     0.37854906     1.91e-11      6  3  208.89
  10     0.00127857     0.37854901     2.51e-12      6  4  231.02
  11     0.00127858     0.37854899     2.88e-13            254.40


 Time per iteration:                     23.13 sec


 Starting Coupled-perturbed Hartree-Fock, convergence threshold= 1.0D-06

 ITER   MIC  DIIS      VAR         VARC       CPU
   1     0     1    0.47D-02    0.12D-02     9.42
   2     4     2    0.18D-03    0.52D-04    18.09
   3     4     3    0.45D-05    0.85D-06    27.38
   4     2     4    0.46D-06    0.42D-07    36.62

 CPHF convergence reached in  4 macroiterations and   10 microiterations.   Accuracy: 4.5924D-07

 CPHF solution written to record  8500.2

 Dipole moments (unrelaxed):           -0.07815812     0.54718785    -0.36678214
 Orbital relaxation contribution:      -0.00022228     0.00434863    -0.00314255
 !CCSD STATE 1.1 Dipole moment         -0.07838040     0.55153648    -0.36992468
 Dipole moment /Debye                  -0.19922311     1.40186591    -0.94025476

 CPU-time for coupled-perturbed hartree-fock:         36.64 sec

 Number of N-1 electron functions:               7
 Number of N-2 electron functions:              28
 Number of singly external CSFs:              1225
 Number of doubly external CSFs:            750925
 Total number of CSFs:                      752151

 CCSD gradient info saved on record        55555.1




 **********************************************************************************************************************************
 DATASETS  * FILE   NREC   LENGTH (MB)   RECORD NAMES
              1      21      862.90       500      610      700      900      950      970     1000      129      960     1100   
                                          VAR    BASINP    GEOM    SYMINP    ZMAT    AOBASIS   BASIS     P2S    ABASIS      S 
                                         1400     1410     1200     1210     1080     1600     1650     1300     1700     1380   
                                           T        V       H0       H01     AOSYM     SMH    MOLCAS    ERIS     OPER     JKOP   
                                        55555   
                                         CCSD   

              2       7        3.12       700     1000      520     2100      200     2101     8500   
                                         GEOM     BASIS   MCVARS     RHF    OPTIONS    RHF     CPHF   

 PROGRAMS   *        TOTAL      CCSD    HF-SCF       INT    HF-SCF       INT
 CPU TIMES  *       960.62    725.66     90.48     21.12    102.94     20.15
 REAL TIME  *       146.83 SEC
 DISK USED  *         2.31 GB
 **********************************************************************************************************************************

 Inactive variables:    AHH2

 Active variables:      RCO ROH ACOH RCH1 AOCH1 AHH1
                        RCH2 AOCH2 RCH3 AOCH3 AHH3

 Geometry written to block  1 of record 700

 XYZ inputs for each point on the optimization path will be saved in files ch3oh_maxima_mp2_xx.xyz

 *** Long output written to logfile /scratch/vol1/asmola/Methanol/MolPro/RunMolPro/CH3OH_MEP_AUG-PVTZ-FREEZE-AHH2.log ***


 Making model hessian for Z-matrix coordinates

 Entering Rational Function Geometry Optimization

 ITER.   ENERGY(OLD)    ENERGY(NEW)      DE          GRADMAX     GRADNORM    GRADRMS     STEPMAX     STEPLEN     STEPRMS   CPU-time
   1  -115.54579519  -115.54625535    -0.00046017  0.00850804  0.01310790  0.00395218  0.03490659  0.04968219  0.00451656   1971.44
   2  -115.54625535  -115.54646488    -0.00020953  0.00491232  0.00733717  0.00221224  0.03490659  0.04951434  0.00450130   3091.97
   3  -115.54646488  -115.54648692    -0.00002204  0.00141199  0.00240583  0.00072539  0.01478841  0.02081651  0.00189241   4203.79
   4  -115.54648692  -115.54648709    -0.00000017  0.00023996  0.00035208  0.00010616  0.00057726  0.00096996  0.00008818   5295.70

 END OF GEOMETRY OPTIMIZATION.

 Optimized variables
 RCO=                 1.41981480 ANGSTROM
 ROH=                 0.95785412 ANGSTROM
 ACOH=              108.34330051 DEGREE
 RCH1=                1.09294560 ANGSTROM
 AOCH1=             111.84675947 DEGREE
 AHH1=               66.20949697 DEGREE
 RCH2=                1.08780307 ANGSTROM
 AOCH2=             106.82034900 DEGREE
 RCH3=                1.09307970 ANGSTROM
 AOCH3=             111.88050406 DEGREE
 AHH3=              303.47717369 DEGREE

 **********************************************************************************************************************************

 Geometry written to block  1 of record 700

 Recomputing wavefunction for reoriented structure

 Current geometry (xyz format, in Angstrom)


 Dump information in style XYZ to ch3oh_maxima_mp2.xyz                                                            

    6
 CCSD/AUG-CC-PVTZ  ENERGY=-115.54648709
 C          0.0003400378        0.0131832794       -0.7279429076
 O          0.0002547651       -0.0640672814        0.6897687738
 H         -0.0006881655        0.8273677091        1.0402360043
 H          0.9281990645        0.4448693396       -1.1116809140
 H         -0.0893379433       -1.0055457829       -1.0987049244
 H         -0.8462689556        0.5931750891       -1.1043548550

 **********************************************************************************************************************************


 **********************************************************************************************************************************
 DATASETS  * FILE   NREC   LENGTH (MB)   RECORD NAMES
              1      21      856.07       500      610      700      900      950      970     1000      129      960     1100   
                                          VAR    BASINP    GEOM    SYMINP    ZMAT    AOBASIS   BASIS     P2S    ABASIS      S 
                                         1400     1410     1200     1210     1080     1600     1650     1300     1700     1380   
                                           T        V       H0       H01     AOSYM     SMH    MOLCAS    ERIS     OPER     JKOP   
                                        55555   
                                         CCSD   

              2       8        3.26       700     1000      520     2100      200     2101     8500     9001   
                                         GEOM     BASIS   MCVARS     RHF    OPTIONS    RHF     CPHF    DEN_MP2    

 PROGRAMS   *        TOTAL      OPTG    HF-SCF      CCSD    HF-SCF      CCSD    HF-SCF      CCSD    HF-SCF      CCSD    HF-SCF
 CPU TIMES  *      5762.02    325.11     17.86    724.81     89.24    738.75     94.66    732.16    118.93    750.85    114.93
 REAL TIME  *       864.63 SEC
 DISK USED  *         2.31 GB
 **********************************************************************************************************************************

 DO I                   =       190.00000000   
 SETTING AHH2           =       190.00000000                                  


 PROGRAM * OPT (Geometry optimization)     Authors: F. Eckert and H.-J. Werner


 BFGS update of hessian

 Geometry optimization using procedure=RUNCCSD

 Running procedure: RUNCCSD


 Recomputing integrals since geometry changed


 PROGRAM * SEWARD (Integral evaluation for generally contracted gaussian basis sets)     Author: Roland Lindh, 1990

 Geometry written to block  1 of record 700

 Orientation using atomic masses  
 Molecule type: Asymmetric top
 Rotational constants:      23.9775839     24.8114166    128.6218380 GHz  (calculated with average atomic masses)

 Point group  C1  



 ATOMIC COORDINATES

 NR  ATOM    CHARGE       X              Y              Z

   1  C       6.00    0.010938855    0.024707012   -1.375611281
   2  O       8.00    0.013617459   -0.119969941    1.303545000
   3  H       1.00   -0.206092924    1.550750663    1.964466082
   4  H1      1.00    1.650686884    1.056633516   -2.091221836
   5  H2      1.00   -0.080075857   -1.905986514   -2.075493590
   6  H3      1.00   -1.711024607    0.908510814   -2.097084722

 Bond lengths in Bohr (Angstrom)

 1-2  2.683061121  1-4  2.065367854  1-5  2.055649877  1-6  2.065621275  2-3  1.810081950
     ( 1.419814801)     ( 1.092945600)     ( 1.087803068)     ( 1.093079705)     ( 0.957854118)

 Bond angles

  1-2-3  108.34330051   2-1-4  111.84675947   2-1-5  106.82034900   2-1-6  111.88050406

  4-1-5  112.73366247   4-1-6  109.08965997   5-1-6  104.24260914

 NUCLEAR CHARGE:                   18
 NUMBER OF PRIMITIVE AOS:         242
 NUMBER OF SYMMETRY AOS:          216
 NUMBER OF CONTRACTIONS:          184   (  184A   )
 NUMBER OF INNER CORE ORBITALS:     0   (    0A   )
 NUMBER OF OUTER CORE ORBITALS:     2   (    2A   )
 NUMBER OF VALENCE ORBITALS:       12   (   12A   )


 NUCLEAR REPULSION ENERGY   40.34897966

 Eigenvalues of metric

         1 0.612E-04 0.740E-04 0.894E-04 0.202E-03 0.410E-03 0.487E-03 0.752E-03 0.777E-03


 Contracted 2-electron integrals neglected if value below      1.0D-11
 AO integral compression algorithm  1   Integral accuracy      1.0D-11

     714.342 MB (compressed) written to integral file ( 52.6%)


 NUMBER OF SORTED TWO-ELECTRON INTEGRALS:  144848710.     BUFFER LENGTH:  32768
 NUMBER OF SEGMENTS:  10  SEGMENT LENGTH:   15999503      RECORD LENGTH: 524288

 Memory used in sort:      16.56 MW

 SORT1 READ   169623812. AND WROTE   143582126. INTEGRALS IN    414 RECORDS. CPU TIME:     1.12 SEC, REAL TIME:     1.69 SEC
 SORT2 READ   143582126. AND WROTE   144848710. INTEGRALS IN   2725 RECORDS. CPU TIME:     1.26 SEC, REAL TIME:     1.63 SEC

 FILE SIZES:   FILE 1:   745.6 MBYTE,  FILE 4:  1736.5 MBYTE,   TOTAL:   2482.1 MBYTE

 OPERATOR DM      FOR CENTER  0  COORDINATES:    0.000000    0.000000    0.000000


 **********************************************************************************************************************************
 DATASETS  * FILE   NREC   LENGTH (MB)   RECORD NAMES
              1      19      626.93       500      610      700      900      950      970     1000      129      960     1100   
                                          VAR    BASINP    GEOM    SYMINP    ZMAT    AOBASIS   BASIS     P2S    ABASIS      S 
                                         1400     1410     1200     1210     1080     1600     1650     1300     1700   
                                           T        V       H0       H01     AOSYM     SMH    MOLCAS    ERIS     OPER   

              2       8        3.26       700     1000      520     2100      200     2101     8500     9001   
                                         GEOM     BASIS   MCVARS     RHF    OPTIONS    RHF     CPHF    DEN_MP2    

 PROGRAMS   *        TOTAL       INT      CCSD    HF-SCF      CCSD    HF-SCF      CCSD    HF-SCF      CCSD    HF-SCF      CCSD
 CPU TIMES  *      5783.19     21.17    325.11     17.86    724.81     89.24    738.75     94.66    732.16    118.93    750.85
 REAL TIME  *       873.12 SEC
 DISK USED  *         2.31 GB
 **********************************************************************************************************************************


 Program * Restricted Hartree-Fock

 Molecular orbitals read from record     2101.2  Type=RHF/CANONICAL (state 1.1)

 Initial occupancy:   9

 NELEC=   18   SYM=1   MS2= 0   THRE=1.0D-09   THRD=1.0D-07   THRG=1.0D-07  HFMA2=F  DIIS_START=2   DIIS_MAX=10   DIIS_INCORE=F

 Level shifts:    0.00 (CLOSED)    0.00 (OPEN)    0.30 (GAP_MIN)

 ITER           ETOT              DE          GRAD        DDIFF     DIIS  NEXP   TIME(IT)  TIME(TOT)  DIAG
   1     -115.08516648    -115.08516648     0.00D+00     0.47D-01     0     0       9.37      9.38    start
   2     -115.09064350      -0.00547702     0.17D-02     0.18D-02     1     0       9.24     18.62    diag
   3     -115.09132266      -0.00067916     0.43D-03     0.49D-03     2     0       8.98     27.60    diag
   4     -115.09137395      -0.00005129     0.10D-03     0.14D-03     3     0       8.10     35.70    diag
   5     -115.09137744      -0.00000349     0.39D-04     0.35D-04     4     0       9.29     44.99    diag
   6     -115.09137803      -0.00000059     0.12D-04     0.15D-04     5     0       8.91     53.90    diag
   7     -115.09137809      -0.00000006     0.34D-05     0.45D-05     6     0       9.17     63.07    diag
   8     -115.09137810      -0.00000000     0.11D-05     0.14D-05     7     0       8.98     72.05    fixocc
   9     -115.09137810      -0.00000000     0.27D-06     0.39D-06     8     0       8.18     80.23    diag
  10     -115.09137810      -0.00000000     0.47D-07     0.86D-07     9     0       8.32     88.55    diag/orth
  11     -115.09137810      -0.00000000     0.96D-08     0.12D-07     0     0       8.20     96.75    diag

 Final occupancy:   9

 !RHF STATE 1.1 Energy               -115.091378095704
  RHF One-electron energy            -236.928401120800
  RHF Two-electron energy              81.488043367461
  RHF Kinetic energy                  114.923556878784
  RHF Nuclear energy                   40.348979657636
  RHF Virial quotient                  -1.001460285615

 !RHF STATE 1.1 Dipole moment          -0.08688540     0.58470424    -0.39174352
 Dipole moment /Debye                  -0.22084067     1.48616994    -0.99571271

 Orbital energies:

           1.1          2.1          3.1          4.1          5.1          6.1          7.1          8.1          9.1         10.1
    -20.558742   -11.271338    -1.358317    -0.926198    -0.691542    -0.623373    -0.591837    -0.502754    -0.452055     0.028501

          11.1
      0.043001


 HOMO      9.1    -0.452055 =     -12.3011eV
 LUMO     10.1     0.028501 =       0.7756eV
 LUMO-HOMO         0.480557 =      13.0766eV

 Orbitals saved in record  2101.2


 **********************************************************************************************************************************
 DATASETS  * FILE   NREC   LENGTH (MB)   RECORD NAMES
              1      19      626.93       500      610      700      900      950      970     1000      129      960     1100   
                                          VAR    BASINP    GEOM    SYMINP    ZMAT    AOBASIS   BASIS     P2S    ABASIS      S 
                                         1400     1410     1200     1210     1080     1600     1650     1300     1700   
                                           T        V       H0       H01     AOSYM     SMH    MOLCAS    ERIS     OPER   

              2       8        3.26       700     1000      520     2100      200     2101     8500     9001   
                                         GEOM     BASIS   MCVARS     RHF    OPTIONS    RHF     CPHF    DEN_MP2    

 PROGRAMS   *        TOTAL    HF-SCF       INT      CCSD    HF-SCF      CCSD    HF-SCF      CCSD    HF-SCF      CCSD    HF-SCF
 CPU TIMES  *      5879.97     96.78     21.17    325.11     17.86    724.81     89.24    738.75     94.66    732.16    118.93
 REAL TIME  *       888.38 SEC
 DISK USED  *         2.31 GB
 **********************************************************************************************************************************


 PROGRAM * CCSD (Closed-shell coupled cluster)     Authors: C. Hampel, H.-J. Werner, 1991, M. Deegan, P.J. Knowles, 1992


 Convergence thresholds:  THRVAR = 1.00D-12  THRDEN = 1.00D-08

 Using ITF CCSD gradient implementation

 Number of core orbitals:           2 (   2 )
 Number of closed-shell orbitals:   7 (   7 )
 Number of external orbitals:     175 ( 175 )

 Molecular orbitals read from record     2101.2  Type=RHF/CANONICAL (state 1.1)

 Integral transformation finished. Total CPU:  21.06 sec, npass=  1  Memory used:  27.38 MW
  Reference energy                   -115.091378095704

  MP2 correlation energy               -0.436816429948
  MP2 total energy                   -115.528194525651

 ITER.      SQ.NORM     CORR.ENERGY   TOTAL ENERGY   ENERGY CHANGE        DEN1      VAR(S)    VAR(P)  DIIS     TIME
   1      1.12042829    -0.45326077  -115.54463886    -0.01644434    -0.00558199  1.69e-03  1.94e-03  1  1    19.63
   2      1.12842384    -0.45424580  -115.54562389    -0.00098503    -0.00936507  4.22e-05  2.70e-04  2  2    39.55
   3      1.13080787    -0.45436508  -115.54574318    -0.00011928    -0.00140715  4.45e-06  3.50e-05  3  3    60.68
   4      1.13205674    -0.45436792  -115.54574602    -0.00000284    -0.00092498  1.41e-07  3.39e-06  4  4    80.65
   5      1.13235966    -0.45434726  -115.54572536     0.00002066    -0.00019189  1.82e-08  3.20e-07  5  5   100.71
   6      1.13243902    -0.45434476  -115.54572286     0.00000250    -0.00004924  3.47e-10  1.45e-08  6  0   120.53
   7      1.13244722    -0.45434359  -115.54572169     0.00000117    -0.00000620  6.19e-11  1.05e-09  6  1   141.40
   8      1.13244742    -0.45434345  -115.54572155     0.00000014    -0.00000046  4.16e-12  1.05e-10  6  2   163.11
   9      1.13244733    -0.45434343  -115.54572153     0.00000002     0.00000002  1.65e-13  1.10e-11  6  3   182.85
  10      1.13244739    -0.45434343  -115.54572152     0.00000000    -0.00000004  2.90e-14  7.52e-13         203.52

 Norm of t1 vector:      0.05244319     S-energy:      0.00000000   T1 diagnostic:  0.00991083

 Time per iteration:                     20.35 sec

 RESULTS
 =======

  Reference energy                   -115.091378095704
  CCSD correlation energy              -0.454343429195
 !CCSD total energy                  -115.545721524898

 Starting CP-CCSD iterations.   Author: W. Gyorffy (2012)

 ITER.      NRM1           NRM2      VAR(S)+VAR(P)   DIIS    TIME
   1     0.00162402     0.38331995     5.25e-04      1  1   22.58
   2     0.00147329     0.37952463     3.80e-05      2  2   44.61
   3     0.00136925     0.37904310     4.70e-06      3  3   67.03
   4     0.00131966     0.37865290     8.88e-07      4  4   89.12
   5     0.00129224     0.37855911     9.08e-08      5  5  110.78
   6     0.00128202     0.37852595     9.12e-09      6  0  132.82
   7     0.00127930     0.37852212     1.09e-09      6  1  154.79
   8     0.00127859     0.37852087     1.42e-10      6  2  178.30
   9     0.00127845     0.37852074     1.92e-11      6  3  201.37
  10     0.00127842     0.37852069     2.50e-12      6  4  224.17
  11     0.00127842     0.37852068     2.86e-13            246.31


 Time per iteration:                     22.39 sec


 Starting Coupled-perturbed Hartree-Fock, convergence threshold= 1.0D-06

 ITER   MIC  DIIS      VAR         VARC       CPU
   1     0     1    0.47D-02    0.12D-02     9.06
   2     4     2    0.18D-03    0.52D-04    18.32
   3     4     3    0.45D-05    0.85D-06    28.24
   4     2     4    0.46D-06    0.41D-07    37.36

 CPHF convergence reached in  4 macroiterations and   10 microiterations.   Accuracy: 4.5824D-07

 CPHF solution written to record  8500.2

 Dipole moments (unrelaxed):           -0.08336669     0.54775543    -0.36616915
 Orbital relaxation contribution:      -0.00017561     0.00431116    -0.00312170
 !CCSD STATE 1.1 Dipole moment         -0.08354230     0.55206659    -0.36929085
 Dipole moment /Debye                  -0.21234335     1.40321332    -0.93864371

 CPU-time for coupled-perturbed hartree-fock:         37.38 sec

 Number of N-1 electron functions:               7
 Number of N-2 electron functions:              28
 Number of singly external CSFs:              1225
 Number of doubly external CSFs:            750925
 Total number of CSFs:                      752151

 CCSD gradient info saved on record        55555.1




 **********************************************************************************************************************************
 DATASETS  * FILE   NREC   LENGTH (MB)   RECORD NAMES
              1      21      862.94       500      610      700      900      950      970     1000      129      960     1100   
                                          VAR    BASINP    GEOM    SYMINP    ZMAT    AOBASIS   BASIS     P2S    ABASIS      S 
                                         1400     1410     1200     1210     1080     1600     1650     1300     1700     1380   
                                           T        V       H0       H01     AOSYM     SMH    MOLCAS    ERIS     OPER     JKOP   
                                        55555   
                                         CCSD   

              2       8        3.26       700     1000      520     2100      200     2101     8500     9001   
                                         GEOM     BASIS   MCVARS     RHF    OPTIONS    RHF     CPHF    DEN_MP2    

 PROGRAMS   *        TOTAL      CCSD    HF-SCF       INT      CCSD    HF-SCF      CCSD    HF-SCF      CCSD    HF-SCF      CCSD
 CPU TIMES  *      6583.80    703.81     96.78     21.17    325.11     17.86    724.81     89.24    738.75     94.66    732.16
 REAL TIME  *       984.83 SEC
 DISK USED  *         2.31 GB
 **********************************************************************************************************************************

 Inactive variables:    AHH2

 Active variables:      RCO ROH ACOH RCH1 AOCH1 AHH1
                        RCH2 AOCH2 RCH3 AOCH3 AHH3

 Geometry written to block  1 of record 700

 XYZ inputs for each point on the optimization path will be saved in files ch3oh_maxima_mp2_xx.xyz

 Making model hessian for Z-matrix coordinates

 Entering Rational Function Geometry Optimization

 ITER.   ENERGY(OLD)    ENERGY(NEW)      DE          GRADMAX     GRADNORM    GRADRMS     STEPMAX     STEPLEN     STEPRMS   CPU-time
   1  -115.54572152  -115.54617980    -0.00045828  0.00853145  0.01306088  0.00393800  0.03490659  0.04959747  0.00450886   1914.44
   2  -115.54617980  -115.54638955    -0.00020975  0.00489863  0.00733291  0.00221095  0.03490659  0.04948352  0.00449850   3002.78
   3  -115.54638955  -115.54641169    -0.00002215  0.00146775  0.00239639  0.00072254  0.01513098  0.02091831  0.00190166   4096.60
   4  -115.54641169  -115.54641185    -0.00000015  0.00022488  0.00032747  0.00009873  0.00054260  0.00089105  0.00008100   5166.39

 END OF GEOMETRY OPTIMIZATION.

 Optimized variables
 RCO=                 1.42001566 ANGSTROM
 ROH=                 0.95775822 ANGSTROM
 ACOH=              108.35972605 DEGREE
 RCH1=                1.09292116 ANGSTROM
 AOCH1=             111.80043615 DEGREE
 AHH1=               71.03097584 DEGREE
 RCH2=                1.08787136 ANGSTROM
 AOCH2=             106.89064266 DEGREE
 RCH3=                1.09297332 ANGSTROM
 AOCH3=             111.87746029 DEGREE
 AHH3=              308.35625196 DEGREE

 **********************************************************************************************************************************

 Geometry written to block  1 of record 700

 Recomputing wavefunction for reoriented structure

 Current geometry (xyz format, in Angstrom)


 Dump information in style XYZ to ch3oh_maxima_mp2.xyz                                                            

    6
 CCSD/AUG-CC-PVTZ  ENERGY=-115.54641185
 C          0.0006449046        0.0130857292       -0.7280495117
 O          0.0005037003       -0.0641269777        0.6898653888
 H         -0.0014076006        0.8271288608        1.0405221712
 H          0.9596522152        0.3664991215       -1.1151936855
 H         -0.1779592809       -0.9937090600       -1.0994373024
 H         -0.7959656835        0.6620574584       -1.1006591424

 **********************************************************************************************************************************


 **********************************************************************************************************************************
 DATASETS  * FILE   NREC   LENGTH (MB)   RECORD NAMES
              1      21      858.09       500      610      700      900      950      970     1000      129      960     1100   
                                          VAR    BASINP    GEOM    SYMINP    ZMAT    AOBASIS   BASIS     P2S    ABASIS      S 
                                         1400     1410     1200     1210     1080     1600     1650     1300     1700     1380   
                                           T        V       H0       H01     AOSYM     SMH    MOLCAS    ERIS     OPER     JKOP   
                                        55555   
                                         CCSD   

              2       8        3.26       700     1000      520     2100      200     2101     8500     9001   
                                         GEOM     BASIS   MCVARS     RHF    OPTIONS    RHF     CPHF    DEN_MP2    

 PROGRAMS   *        TOTAL      OPTG    HF-SCF      CCSD    HF-SCF      CCSD    HF-SCF      CCSD    HF-SCF      CCSD    HF-SCF
 CPU TIMES  *     11262.23    315.05     18.74    720.85     86.26    722.61    103.44    706.58    112.20    713.23    113.51
 REAL TIME  *      1682.59 SEC
 DISK USED  *         2.31 GB
 **********************************************************************************************************************************

 DO I                   =       195.00000000   
 SETTING AHH2           =       195.00000000                                  


 PROGRAM * OPT (Geometry optimization)     Authors: F. Eckert and H.-J. Werner


 BFGS update of hessian

 Geometry optimization using procedure=RUNCCSD

 Running procedure: RUNCCSD


 Recomputing integrals since geometry changed


 PROGRAM * SEWARD (Integral evaluation for generally contracted gaussian basis sets)     Author: Roland Lindh, 1990

 Geometry written to block  1 of record 700

 Orientation using atomic masses  
 Molecule type: Asymmetric top
 Rotational constants:      23.9911458     24.7850341    128.6275574 GHz  (calculated with average atomic masses)

 Point group  C1  



 ATOMIC COORDINATES

 NR  ATOM    CHARGE       X              Y              Z

   1  C       6.00    0.011524140    0.023353038   -1.375847391
   2  O       8.00    0.013876617   -0.119794370    1.303771475
   3  H       1.00   -0.204401356    1.551142033    1.964125086
   4  H1      1.00    1.730172943    0.912365457   -2.097967044
   5  H2      1.00   -0.251979706   -1.891457499   -2.076056881
   6  H3      1.00   -1.631386567    1.051206055   -2.090216564

 Bond lengths in Bohr (Angstrom)

 1-2  2.683440698  1-4  2.065321665  1-5  2.055778927  1-6  2.065420230  2-3  1.809900723
     ( 1.420015664)     ( 1.092921159)     ( 1.087871359)     ( 1.092973317)     ( 0.957758217)

 Bond angles

  1-2-3  108.35972605   2-1-4  111.80043615   2-1-5  106.89064266   2-1-6  111.87746029

  4-1-5  112.86141967   4-1-6  109.07328418   5-1-6  104.10864770

 NUCLEAR CHARGE:                   18
 NUMBER OF PRIMITIVE AOS:         242
 NUMBER OF SYMMETRY AOS:          216
 NUMBER OF CONTRACTIONS:          184   (  184A   )
 NUMBER OF INNER CORE ORBITALS:     0   (    0A   )
 NUMBER OF OUTER CORE ORBITALS:     2   (    2A   )
 NUMBER OF VALENCE ORBITALS:       12   (   12A   )


 NUCLEAR REPULSION ENERGY   40.34641213

 Eigenvalues of metric

         1 0.614E-04 0.741E-04 0.896E-04 0.203E-03 0.410E-03 0.487E-03 0.751E-03 0.777E-03


 Contracted 2-electron integrals neglected if value below      1.0D-11
 AO integral compression algorithm  1   Integral accuracy      1.0D-11

     714.605 MB (compressed) written to integral file ( 52.7%)


 NUMBER OF SORTED TWO-ELECTRON INTEGRALS:  144848710.     BUFFER LENGTH:  32768
 NUMBER OF SEGMENTS:  10  SEGMENT LENGTH:   15999503      RECORD LENGTH: 524288

 Memory used in sort:      16.56 MW

 SORT1 READ   169623812. AND WROTE   143579318. INTEGRALS IN    414 RECORDS. CPU TIME:     1.13 SEC, REAL TIME:     1.68 SEC
 SORT2 READ   143579318. AND WROTE   144848710. INTEGRALS IN   2726 RECORDS. CPU TIME:     1.21 SEC, REAL TIME:     1.63 SEC

 FILE SIZES:   FILE 1:   745.9 MBYTE,  FILE 4:  1736.5 MBYTE,   TOTAL:   2482.4 MBYTE

 OPERATOR DM      FOR CENTER  0  COORDINATES:    0.000000    0.000000    0.000000


 **********************************************************************************************************************************
 DATASETS  * FILE   NREC   LENGTH (MB)   RECORD NAMES
              1      19      627.21       500      610      700      900      950      970     1000      129      960     1100   
                                          VAR    BASINP    GEOM    SYMINP    ZMAT    AOBASIS   BASIS     P2S    ABASIS      S 
                                         1400     1410     1200     1210     1080     1600     1650     1300     1700   
                                           T        V       H0       H01     AOSYM     SMH    MOLCAS    ERIS     OPER   

              2       8        3.26       700     1000      520     2100      200     2101     8500     9001   
                                         GEOM     BASIS   MCVARS     RHF    OPTIONS    RHF     CPHF    DEN_MP2    

 PROGRAMS   *        TOTAL       INT      CCSD    HF-SCF      CCSD    HF-SCF      CCSD    HF-SCF      CCSD    HF-SCF      CCSD
 CPU TIMES  *     11283.28     21.05    315.05     18.74    720.85     86.26    722.61    103.44    706.58    112.20    713.23
 REAL TIME  *      1691.05 SEC
 DISK USED  *         2.32 GB
 **********************************************************************************************************************************


 Program * Restricted Hartree-Fock

 Molecular orbitals read from record     2101.2  Type=RHF/CANONICAL (state 1.1)

 Initial occupancy:   9

 NELEC=   18   SYM=1   MS2= 0   THRE=1.0D-09   THRD=1.0D-07   THRG=1.0D-07  HFMA2=F  DIIS_START=2   DIIS_MAX=10   DIIS_INCORE=F

 Level shifts:    0.00 (CLOSED)    0.00 (OPEN)    0.30 (GAP_MIN)

 ITER           ETOT              DE          GRAD        DDIFF     DIIS  NEXP   TIME(IT)  TIME(TOT)  DIAG
   1     -115.08523803    -115.08523803     0.00D+00     0.47D-01     0     0       9.60      9.60    start
   2     -115.09053325      -0.00529521     0.16D-02     0.18D-02     1     0       8.87     18.47    diag
   3     -115.09118765      -0.00065440     0.43D-03     0.48D-03     2     0       8.62     27.09    diag
   4     -115.09123670      -0.00004905     0.10D-03     0.14D-03     3     0       9.14     36.23    diag
   5     -115.09123990      -0.00000320     0.37D-04     0.34D-04     4     0       9.13     45.36    diag
   6     -115.09124045      -0.00000055     0.12D-04     0.15D-04     5     0       8.91     54.27    diag
   7     -115.09124051      -0.00000006     0.33D-05     0.44D-05     6     0       9.23     63.50    diag
   8     -115.09124051      -0.00000000     0.99D-06     0.14D-05     7     0       9.29     72.79    fixocc
   9     -115.09124051      -0.00000000     0.26D-06     0.37D-06     8     0       8.89     81.68    diag
  10     -115.09124051      -0.00000000     0.47D-07     0.85D-07     9     0       9.20     90.88    diag/orth
  11     -115.09124051       0.00000000     0.95D-08     0.12D-07     0     0       9.30    100.18    diag

 Final occupancy:   9

 !RHF STATE 1.1 Energy               -115.091240509827
  RHF One-electron energy            -236.923735248985
  RHF Two-electron energy              81.486082611912
  RHF Kinetic energy                  114.923490813979
  RHF Nuclear energy                   40.346412127245
  RHF Virial quotient                  -1.001459664118

 !RHF STATE 1.1 Dipole moment          -0.08934182     0.58648328    -0.39238199
 Dipole moment /Debye                  -0.22708426     1.49069180    -0.99733554

 Orbital energies:

           1.1          2.1          3.1          4.1          5.1          6.1          7.1          8.1          9.1         10.1
    -20.558640   -11.271339    -1.358214    -0.926203    -0.691404    -0.624182    -0.591352    -0.501855    -0.452595     0.028478

          11.1
      0.043045


 HOMO      9.1    -0.452595 =     -12.3157eV
 LUMO     10.1     0.028478 =       0.7749eV
 LUMO-HOMO         0.481073 =      13.0907eV

 Orbitals saved in record  2101.2


 **********************************************************************************************************************************
 DATASETS  * FILE   NREC   LENGTH (MB)   RECORD NAMES
              1      19      627.21       500      610      700      900      950      970     1000      129      960     1100   
                                          VAR    BASINP    GEOM    SYMINP    ZMAT    AOBASIS   BASIS     P2S    ABASIS      S 
                                         1400     1410     1200     1210     1080     1600     1650     1300     1700   
                                           T        V       H0       H01     AOSYM     SMH    MOLCAS    ERIS     OPER   

              2       8        3.26       700     1000      520     2100      200     2101     8500     9001   
                                         GEOM     BASIS   MCVARS     RHF    OPTIONS    RHF     CPHF    DEN_MP2    

 PROGRAMS   *        TOTAL    HF-SCF       INT      CCSD    HF-SCF      CCSD    HF-SCF      CCSD    HF-SCF      CCSD    HF-SCF
 CPU TIMES  *     11383.51    100.22     21.05    315.05     18.74    720.85     86.26    722.61    103.44    706.58    112.20
 REAL TIME  *      1706.79 SEC
 DISK USED  *         2.32 GB
 **********************************************************************************************************************************


 PROGRAM * CCSD (Closed-shell coupled cluster)     Authors: C. Hampel, H.-J. Werner, 1991, M. Deegan, P.J. Knowles, 1992


 Convergence thresholds:  THRVAR = 1.00D-12  THRDEN = 1.00D-08

 Using ITF CCSD gradient implementation

 Number of core orbitals:           2 (   2 )
 Number of closed-shell orbitals:   7 (   7 )
 Number of external orbitals:     175 ( 175 )

 Molecular orbitals read from record     2101.2  Type=RHF/CANONICAL (state 1.1)

 Integral transformation finished. Total CPU:  21.96 sec, npass=  1  Memory used:  27.38 MW
  Reference energy                   -115.091240509828

  MP2 correlation energy               -0.436829505211
  MP2 total energy                   -115.528070015039

 ITER.      SQ.NORM     CORR.ENERGY   TOTAL ENERGY   ENERGY CHANGE        DEN1      VAR(S)    VAR(P)  DIIS     TIME
   1      1.12043520    -0.45327469  -115.54451520    -0.01644518    -0.00558280  1.69e-03  1.94e-03  1  1    20.19
   2      1.12843263    -0.45426017  -115.54550068    -0.00098548    -0.00936511  4.22e-05  2.70e-04  2  2    40.69
   3      1.13081807    -0.45437949  -115.54562000    -0.00011932    -0.00140746  4.45e-06  3.50e-05  3  3    61.48
   4      1.13206784    -0.45438237  -115.54562288    -0.00000288    -0.00092513  1.41e-07  3.39e-06  4  4    81.78
   5      1.13237099    -0.45436170  -115.54560221     0.00002067    -0.00019192  1.83e-08  3.20e-07  5  5   101.76
   6      1.13245045    -0.45435920  -115.54559971     0.00000250    -0.00004926  3.51e-10  1.45e-08  6  0   122.36
   7      1.13245867    -0.45435803  -115.54559854     0.00000117    -0.00000621  6.21e-11  1.05e-09  6  1   143.64
   8      1.13245887    -0.45435789  -115.54559840     0.00000014    -0.00000046  4.17e-12  1.05e-10  6  2   165.81
   9      1.13245878    -0.45435787  -115.54559838     0.00000002     0.00000002  1.68e-13  1.11e-11  6  3   187.27
  10      1.13245884    -0.45435787  -115.54559838     0.00000000    -0.00000004  2.90e-14  7.54e-13         209.45

 Norm of t1 vector:      0.05247454     S-energy:      0.00000000   T1 diagnostic:  0.00991676

 Time per iteration:                     20.95 sec

 RESULTS
 =======

  Reference energy                   -115.091240509828
  CCSD correlation energy              -0.454357868812
 !CCSD total energy                  -115.545598378640

 Starting CP-CCSD iterations.   Author: W. Gyorffy (2012)

 ITER.      NRM1           NRM2      VAR(S)+VAR(P)   DIIS    TIME
   1     0.00162612     0.38335170     5.25e-04      1  1   26.44
   2     0.00147517     0.37955453     3.80e-05      2  2   51.04
   3     0.00137093     0.37907264     4.71e-06      3  3   75.66
   4     0.00132119     0.37868201     8.91e-07      4  4  100.03
   5     0.00129368     0.37858799     9.14e-08      5  5  122.68
   6     0.00128340     0.37855471     9.20e-09      6  0  145.75
   7     0.00128066     0.37855084     1.10e-09      6  1  173.65
   8     0.00127995     0.37854958     1.42e-10      6  2  202.25
   9     0.00127981     0.37854946     1.92e-11      6  3  228.81
  10     0.00127978     0.37854940     2.51e-12      6  4  253.13
  11     0.00127978     0.37854939     2.87e-13            275.65


 Time per iteration:                     25.06 sec


 Starting Coupled-perturbed Hartree-Fock, convergence threshold= 1.0D-06

 ITER   MIC  DIIS      VAR         VARC       CPU
   1     0     1    0.47D-02    0.12D-02     9.25
   2     4     2    0.18D-03    0.52D-04    18.68
   3     4     3    0.45D-05    0.84D-06    27.35
   4     2     4    0.46D-06    0.41D-07    37.38

 CPHF convergence reached in  4 macroiterations and   10 microiterations.   Accuracy: 4.5725D-07

 CPHF solution written to record  8500.2

 Dipole moments (unrelaxed):           -0.08618678     0.54964543    -0.36684486
 Orbital relaxation contribution:      -0.00012001     0.00427735    -0.00311392
 !CCSD STATE 1.1 Dipole moment         -0.08630679     0.55392278    -0.36995878
 Dipole moment /Debye                  -0.21936998     1.40793128    -0.94034143

 CPU-time for coupled-perturbed hartree-fock:         37.43 sec

 Number of N-1 electron functions:               7
 Number of N-2 electron functions:              28
 Number of singly external CSFs:              1225
 Number of doubly external CSFs:            750925
 Total number of CSFs:                      752151

 CCSD gradient info saved on record        55555.1




 **********************************************************************************************************************************
 DATASETS  * FILE   NREC   LENGTH (MB)   RECORD NAMES
              1      21      863.21       500      610      700      900      950      970     1000      129      960     1100   
                                          VAR    BASINP    GEOM    SYMINP    ZMAT    AOBASIS   BASIS     P2S    ABASIS      S 
                                         1400     1410     1200     1210     1080     1600     1650     1300     1700     1380   
                                           T        V       H0       H01     AOSYM     SMH    MOLCAS    ERIS     OPER     JKOP   
                                        55555   
                                         CCSD   

              2       8        3.26       700     1000      520     2100      200     2101     8500     9001   
                                         GEOM     BASIS   MCVARS     RHF    OPTIONS    RHF     CPHF    DEN_MP2    

 PROGRAMS   *        TOTAL      CCSD    HF-SCF       INT      CCSD    HF-SCF      CCSD    HF-SCF      CCSD    HF-SCF      CCSD
 CPU TIMES  *     12133.86    750.35    100.22     21.05    315.05     18.74    720.85     86.26    722.61    103.44    706.58
 REAL TIME  *      1809.41 SEC
 DISK USED  *         2.32 GB
 **********************************************************************************************************************************

 Inactive variables:    AHH2

 Active variables:      RCO ROH ACOH RCH1 AOCH1 AHH1
                        RCH2 AOCH2 RCH3 AOCH3 AHH3

 Geometry written to block  1 of record 700

 XYZ inputs for each point on the optimization path will be saved in files ch3oh_maxima_mp2_xx.xyz

 Making model hessian for Z-matrix coordinates

 Entering Rational Function Geometry Optimization

 ITER.   ENERGY(OLD)    ENERGY(NEW)      DE          GRADMAX     GRADNORM    GRADRMS     STEPMAX     STEPLEN     STEPRMS   CPU-time
   1  -115.54559838  -115.54606093    -0.00046255  0.00853013  0.01306614  0.00393959  0.03490659  0.04965564  0.00451415   1995.25
   2  -115.54606093  -115.54626764    -0.00020671  0.00493738  0.00717708  0.00216397  0.03490659  0.04957542  0.00450686   3090.18
   3  -115.54626764  -115.54629132    -0.00002367  0.00159140  0.00249813  0.00075321  0.01586480  0.02149072  0.00195370   4179.96
   4  -115.54629132  -115.54629147    -0.00000016  0.00022386  0.00032634  0.00009840  0.00066704  0.00099235  0.00009021   5236.61

 END OF GEOMETRY OPTIMIZATION.

 Optimized variables
 RCO=                 1.42027191 ANGSTROM
 ROH=                 0.95759044 ANGSTROM
 ACOH=              108.39231254 DEGREE
 RCH1=                1.09284823 ANGSTROM
 AOCH1=             111.72914571 DEGREE
 AHH1=               75.85924477 DEGREE
 RCH2=                1.08799956 ANGSTROM
 AOCH2=             107.00461108 DEGREE
 RCH3=                1.09283271 ANGSTROM
 AOCH3=             111.87259001 DEGREE
 AHH3=              313.27672224 DEGREE

 **********************************************************************************************************************************

 Geometry written to block  1 of record 700

 Recomputing wavefunction for reoriented structure

 Current geometry (xyz format, in Angstrom)


 Dump information in style XYZ to ch3oh_maxima_mp2.xyz                                                            

    6
 CCSD/AUG-CC-PVTZ  ENERGY=-115.54629147
 C          0.0009116331        0.0129395990       -0.7281855815
 O          0.0006875105       -0.0642204370        0.6899887980
 H         -0.0016291777        0.8266953431        1.0410488407
 H          0.9847863365        0.2850163753       -1.1184189072
 H         -0.2658118388       -0.9739376573       -1.1005763778
 H         -0.7391217950        0.7274271776       -1.0971589735

 **********************************************************************************************************************************


 **********************************************************************************************************************************
 DATASETS  * FILE   NREC   LENGTH (MB)   RECORD NAMES
              1      21      859.16       500      610      700      900      950      970     1000      129      960     1100   
                                          VAR    BASINP    GEOM    SYMINP    ZMAT    AOBASIS   BASIS     P2S    ABASIS      S 
                                         1400     1410     1200     1210     1080     1600     1650     1300     1700     1380   
                                           T        V       H0       H01     AOSYM     SMH    MOLCAS    ERIS     OPER     JKOP   
                                        55555   
                                         CCSD   

              2       8        3.26       700     1000      520     2100      200     2101     8500     9001   
                                         GEOM     BASIS   MCVARS     RHF    OPTIONS    RHF     CPHF    DEN_MP2    

 PROGRAMS   *        TOTAL      OPTG    HF-SCF      CCSD    HF-SCF      CCSD    HF-SCF      CCSD    HF-SCF      CCSD    HF-SCF
 CPU TIMES  *     16838.88    321.00     19.02    701.91     87.01    713.56    106.66    707.92    115.71    728.60    114.69
 REAL TIME  *      2512.16 SEC
 DISK USED  *         2.32 GB
 **********************************************************************************************************************************

 DO I                   =       200.00000000   
 SETTING AHH2           =       200.00000000                                  


 PROGRAM * OPT (Geometry optimization)     Authors: F. Eckert and H.-J. Werner


 BFGS update of hessian

 Geometry optimization using procedure=RUNCCSD

 Running procedure: RUNCCSD


 Recomputing integrals since geometry changed


 PROGRAM * SEWARD (Integral evaluation for generally contracted gaussian basis sets)     Author: Roland Lindh, 1990

 Geometry written to block  1 of record 700

 Orientation using atomic masses  
 Molecule type: Asymmetric top
 Rotational constants:      24.0022431     24.7562152    128.6498102 GHz  (calculated with average atomic masses)

 Point group  C1  



 ATOMIC COORDINATES

 NR  ATOM    CHARGE       X              Y              Z

   1  C       6.00    0.012034156    0.021847157   -1.376138699
   2  O       8.00    0.013511231   -0.119761589    1.304047452
   3  H       1.00   -0.194788629    1.552161170    1.964258411
   4  H1      1.00    1.801202773    0.752495941   -2.104158167
   5  H2      1.00   -0.431315188   -1.859345734   -2.077407391
   6  H3      1.00   -1.532971289    1.195368985   -2.083717610

 Bond lengths in Bohr (Angstrom)

 1-2  2.683924928  1-4  2.065183850  1-5  2.056021185  1-6  2.065154528  2-3  1.809583668
     ( 1.420271908)     ( 1.092848230)     ( 1.087999556)     ( 1.092832713)     ( 0.957590438)

 Bond angles

  1-2-3  108.39231254   2-1-4  111.72914571   2-1-5  107.00461108   2-1-6  111.87259001

  4-1-5  112.97233028   4-1-6  109.04530745   5-1-6  103.98943231

 NUCLEAR CHARGE:                   18
 NUMBER OF PRIMITIVE AOS:         242
 NUMBER OF SYMMETRY AOS:          216
 NUMBER OF CONTRACTIONS:          184   (  184A   )
 NUMBER OF INNER CORE ORBITALS:     0   (    0A   )
 NUMBER OF OUTER CORE ORBITALS:     2   (    2A   )
 NUMBER OF VALENCE ORBITALS:       12   (   12A   )


 NUCLEAR REPULSION ENERGY   40.34309879

 Eigenvalues of metric

         1 0.615E-04 0.743E-04 0.901E-04 0.203E-03 0.411E-03 0.486E-03 0.751E-03 0.777E-03


 Contracted 2-electron integrals neglected if value below      1.0D-11
 AO integral compression algorithm  1   Integral accuracy      1.0D-11

     714.342 MB (compressed) written to integral file ( 52.6%)


 NUMBER OF SORTED TWO-ELECTRON INTEGRALS:  144848710.     BUFFER LENGTH:  32768
 NUMBER OF SEGMENTS:  10  SEGMENT LENGTH:   15999503      RECORD LENGTH: 524288

 Memory used in sort:      16.56 MW

 SORT1 READ   169623812. AND WROTE   143586004. INTEGRALS IN    414 RECORDS. CPU TIME:     1.13 SEC, REAL TIME:     1.68 SEC
 SORT2 READ   143586004. AND WROTE   144848710. INTEGRALS IN   2725 RECORDS. CPU TIME:     1.23 SEC, REAL TIME:     1.62 SEC

 FILE SIZES:   FILE 1:   745.6 MBYTE,  FILE 4:  1736.5 MBYTE,   TOTAL:   2482.1 MBYTE

 OPERATOR DM      FOR CENTER  0  COORDINATES:    0.000000    0.000000    0.000000


 **********************************************************************************************************************************
 DATASETS  * FILE   NREC   LENGTH (MB)   RECORD NAMES
              1      19      627.02       500      610      700      900      950      970     1000      129      960     1100   
                                          VAR    BASINP    GEOM    SYMINP    ZMAT    AOBASIS   BASIS     P2S    ABASIS      S 
                                         1400     1410     1200     1210     1080     1600     1650     1300     1700   
                                           T        V       H0       H01     AOSYM     SMH    MOLCAS    ERIS     OPER   

              2       8        3.26       700     1000      520     2100      200     2101     8500     9001   
                                         GEOM     BASIS   MCVARS     RHF    OPTIONS    RHF     CPHF    DEN_MP2    

 PROGRAMS   *        TOTAL       INT      CCSD    HF-SCF      CCSD    HF-SCF      CCSD    HF-SCF      CCSD    HF-SCF      CCSD
 CPU TIMES  *     16859.95     21.07    321.00     19.02    701.91     87.01    713.56    106.66    707.92    115.71    728.60
 REAL TIME  *      2520.61 SEC
 DISK USED  *         2.32 GB
 **********************************************************************************************************************************


 Program * Restricted Hartree-Fock

 Molecular orbitals read from record     2101.2  Type=RHF/CANONICAL (state 1.1)

 Initial occupancy:   9

 NELEC=   18   SYM=1   MS2= 0   THRE=1.0D-09   THRD=1.0D-07   THRG=1.0D-07  HFMA2=F  DIIS_START=2   DIIS_MAX=10   DIIS_INCORE=F

 Level shifts:    0.00 (CLOSED)    0.00 (OPEN)    0.30 (GAP_MIN)

 ITER           ETOT              DE          GRAD        DDIFF     DIIS  NEXP   TIME(IT)  TIME(TOT)  DIAG
   1     -115.08572666    -115.08572666     0.00D+00     0.47D-01     0     0       9.55      9.56    start
   2     -115.09044032      -0.00471366     0.16D-02     0.17D-02     1     0       9.25     18.81    diag
   3     -115.09101792      -0.00057760     0.40D-03     0.45D-03     2     0       9.29     28.10    diag
   4     -115.09106097      -0.00004305     0.95D-04     0.13D-03     3     0       9.27     37.37    diag
   5     -115.09106359      -0.00000262     0.34D-04     0.31D-04     4     0       9.48     46.85    diag
   6     -115.09106406      -0.00000047     0.11D-04     0.14D-04     5     0       9.12     55.97    diag
   7     -115.09106411      -0.00000005     0.31D-05     0.41D-05     6     0       9.31     65.28    diag
   8     -115.09106412      -0.00000000     0.90D-06     0.13D-05     7     0       9.32     74.60    fixocc
   9     -115.09106412      -0.00000000     0.24D-06     0.33D-06     8     0       9.35     83.95    diag
  10     -115.09106412      -0.00000000     0.45D-07     0.81D-07     9     0       9.15     93.10    diag/orth
  11     -115.09106412      -0.00000000     0.92D-08     0.11D-07     0     0       9.04    102.14    diag

 Final occupancy:   9

 !RHF STATE 1.1 Energy               -115.091064116434
  RHF One-electron energy            -236.917668955233
  RHF Two-electron energy              81.483506050589
  RHF Kinetic energy                  114.923471407015
  RHF Nuclear energy                   40.343098788210
  RHF Virial quotient                  -1.001458298356

 !RHF STATE 1.1 Dipole moment          -0.08839444     0.58943312    -0.39297416
 Dipole moment /Debye                  -0.22467626     1.49818955    -0.99884067

 Orbital energies:

           1.1          2.1          3.1          4.1          5.1          6.1          7.1          8.1          9.1         10.1
    -20.558494   -11.271348    -1.358084    -0.926218    -0.691309    -0.624891    -0.590940    -0.500967    -0.453076     0.028443

          11.1
      0.043083


 HOMO      9.1    -0.453076 =     -12.3288eV
 LUMO     10.1     0.028443 =       0.7740eV
 LUMO-HOMO         0.481519 =      13.1028eV

 Orbitals saved in record  2101.2


 **********************************************************************************************************************************
 DATASETS  * FILE   NREC   LENGTH (MB)   RECORD NAMES
              1      19      627.02       500      610      700      900      950      970     1000      129      960     1100   
                                          VAR    BASINP    GEOM    SYMINP    ZMAT    AOBASIS   BASIS     P2S    ABASIS      S 
                                         1400     1410     1200     1210     1080     1600     1650     1300     1700   
                                           T        V       H0       H01     AOSYM     SMH    MOLCAS    ERIS     OPER   

              2       8        3.26       700     1000      520     2100      200     2101     8500     9001   
                                         GEOM     BASIS   MCVARS     RHF    OPTIONS    RHF     CPHF    DEN_MP2    

 PROGRAMS   *        TOTAL    HF-SCF       INT      CCSD    HF-SCF      CCSD    HF-SCF      CCSD    HF-SCF      CCSD    HF-SCF
 CPU TIMES  *     16962.14    102.18     21.07    321.00     19.02    701.91     87.01    713.56    106.66    707.92    115.71
 REAL TIME  *      2536.64 SEC
 DISK USED  *         2.32 GB
 **********************************************************************************************************************************


 PROGRAM * CCSD (Closed-shell coupled cluster)     Authors: C. Hampel, H.-J. Werner, 1991, M. Deegan, P.J. Knowles, 1992


 Convergence thresholds:  THRVAR = 1.00D-12  THRDEN = 1.00D-08

 Using ITF CCSD gradient implementation

 Number of core orbitals:           2 (   2 )
 Number of closed-shell orbitals:   7 (   7 )
 Number of external orbitals:     175 ( 175 )

 Molecular orbitals read from record     2101.2  Type=RHF/CANONICAL (state 1.1)

 Integral transformation finished. Total CPU:  20.98 sec, npass=  1  Memory used:  27.38 MW
  Reference energy                   -115.091064116433

  MP2 correlation energy               -0.436841544744
  MP2 total energy                   -115.527905661178

 ITER.      SQ.NORM     CORR.ENERGY   TOTAL ENERGY   ENERGY CHANGE        DEN1      VAR(S)    VAR(P)  DIIS     TIME
   1      1.12044113    -0.45328845  -115.54435257    -0.01644691    -0.00558482  1.69e-03  1.94e-03  1  1    22.72
   2      1.12844072    -0.45427448  -115.54533859    -0.00098602    -0.00936483  4.22e-05  2.70e-04  2  2    43.47
   3      1.13082811    -0.45439384  -115.54545795    -0.00011936    -0.00140790  4.45e-06  3.50e-05  3  3    63.32
   4      1.13207897    -0.45439675  -115.54546086    -0.00000291    -0.00092526  1.41e-07  3.39e-06  4  4    84.78
   5      1.13238239    -0.45437607  -115.54544019     0.00002068    -0.00019192  1.83e-08  3.21e-07  5  5   106.15
   6      1.13246197    -0.45437357  -115.54543769     0.00000250    -0.00004927  3.56e-10  1.45e-08  6  0   127.73
   7      1.13247021    -0.45437240  -115.54543652     0.00000117    -0.00000621  6.22e-11  1.06e-09  6  1   150.27
   8      1.13247041    -0.45437226  -115.54543638     0.00000014    -0.00000046  4.19e-12  1.06e-10  6  2   172.94
   9      1.13247033    -0.45437224  -115.54543636     0.00000002     0.00000002  1.71e-13  1.11e-11  6  3   193.71
  10      1.13247038    -0.45437224  -115.54543636     0.00000000    -0.00000004  2.91e-14  7.56e-13         213.32

 Norm of t1 vector:      0.05251850     S-energy:      0.00000000   T1 diagnostic:  0.00992506

 Time per iteration:                     21.33 sec

 RESULTS
 =======

  Reference energy                   -115.091064116433
  CCSD correlation energy              -0.454372239116
 !CCSD total energy                  -115.545436355549

 Starting CP-CCSD iterations.   Author: W. Gyorffy (2012)

 ITER.      NRM1           NRM2      VAR(S)+VAR(P)   DIIS    TIME
   1     0.00162901     0.38338488     5.26e-04      1  1   22.19
   2     0.00147776     0.37958498     3.81e-05      2  2   44.73
   3     0.00137323     0.37910261     4.72e-06      3  3   66.48
   4     0.00132328     0.37871135     8.95e-07      4  4   88.38
   5     0.00129562     0.37861701     9.23e-08      5  5  110.52
   6     0.00128527     0.37858355     9.32e-09      6  0  135.09
   7     0.00128250     0.37857962     1.11e-09      6  1  157.56
   8     0.00128178     0.37857835     1.43e-10      6  2  179.65
   9     0.00128164     0.37857822     1.93e-11      6  3  202.05
  10     0.00128160     0.37857817     2.51e-12      6  4  224.43
  11     0.00128161     0.37857816     2.90e-13            249.88


 Time per iteration:                     22.72 sec


 Starting Coupled-perturbed Hartree-Fock, convergence threshold= 1.0D-06

 ITER   MIC  DIIS      VAR         VARC       CPU
   1     0     1    0.47D-02    0.12D-02     9.26
   2     4     2    0.18D-03    0.52D-04    18.50
   3     4     3    0.45D-05    0.84D-06    27.71
   4     2     4    0.46D-06    0.40D-07    36.95

 CPHF convergence reached in  4 macroiterations and   10 microiterations.   Accuracy: 4.5583D-07

 CPHF solution written to record  8500.2

 Dipole moments (unrelaxed):           -0.08573774     0.55274252    -0.36750532
 Orbital relaxation contribution:      -0.00005255     0.00423633    -0.00310106
 !CCSD STATE 1.1 Dipole moment         -0.08579029     0.55697884    -0.37060638
 Dipole moment /Debye                  -0.21805716     1.41569901    -0.94198745

 CPU-time for coupled-perturbed hartree-fock:         37.00 sec

 Number of N-1 electron functions:               7
 Number of N-2 electron functions:              28
 Number of singly external CSFs:              1225
 Number of doubly external CSFs:            750925
 Total number of CSFs:                      752151

 CCSD gradient info saved on record        55555.1




 **********************************************************************************************************************************
 DATASETS  * FILE   NREC   LENGTH (MB)   RECORD NAMES
              1      21      863.03       500      610      700      900      950      970     1000      129      960     1100   
                                          VAR    BASINP    GEOM    SYMINP    ZMAT    AOBASIS   BASIS     P2S    ABASIS      S 
                                         1400     1410     1200     1210     1080     1600     1650     1300     1700     1380   
                                           T        V       H0       H01     AOSYM     SMH    MOLCAS    ERIS     OPER     JKOP   
                                        55555   
                                         CCSD   

              2       8        3.26       700     1000      520     2100      200     2101     8500     9001   
                                         GEOM     BASIS   MCVARS     RHF    OPTIONS    RHF     CPHF    DEN_MP2    

 PROGRAMS   *        TOTAL      CCSD    HF-SCF       INT      CCSD    HF-SCF      CCSD    HF-SCF      CCSD    HF-SCF      CCSD
 CPU TIMES  *     17684.92    722.77    102.18     21.07    321.00     19.02    701.91     87.01    713.56    106.66    707.92
 REAL TIME  *      2635.85 SEC
 DISK USED  *         2.32 GB
 **********************************************************************************************************************************

 Inactive variables:    AHH2

 Active variables:      RCO ROH ACOH RCH1 AOCH1 AHH1
                        RCH2 AOCH2 RCH3 AOCH3 AHH3

 Geometry written to block  1 of record 700

 XYZ inputs for each point on the optimization path will be saved in files ch3oh_maxima_mp2_xx.xyz

 Making model hessian for Z-matrix coordinates

 Entering Rational Function Geometry Optimization

 ITER.   ENERGY(OLD)    ENERGY(NEW)      DE          GRADMAX     GRADNORM    GRADRMS     STEPMAX     STEPLEN     STEPRMS   CPU-time
   1  -115.54543636  -115.54590390    -0.00046754  0.00852871  0.01307174  0.00394128  0.03490659  0.04978802  0.00452618   1962.81
   2  -115.54590390  -115.54610730    -0.00020340  0.00492276  0.00698410  0.00210579  0.03490659  0.04983313  0.00453028   3070.48
   3  -115.54610730  -115.54613314    -0.00002584  0.00174459  0.00264181  0.00079653  0.01678382  0.02237066  0.00203370   4159.02
   4  -115.54613314  -115.54613332    -0.00000018  0.00023308  0.00034551  0.00010417  0.00076581  0.00108055  0.00009823   5257.34

 END OF GEOMETRY OPTIMIZATION.

 Optimized variables
 RCO=                 1.42066082 ANGSTROM
 ROH=                 0.95737163 ANGSTROM
 ACOH=              108.43414568 DEGREE
 RCH1=                1.09272117 ANGSTROM
 AOCH1=             111.62469801 DEGREE
 AHH1=               80.70141350 DEGREE
 RCH2=                1.08817102 ANGSTROM
 AOCH2=             107.16156661 DEGREE
 RCH3=                1.09265178 ANGSTROM
 AOCH3=             111.86594501 DEGREE
 AHH3=              318.25075772 DEGREE

 **********************************************************************************************************************************

 Geometry written to block  1 of record 700

 Recomputing wavefunction for reoriented structure

 Current geometry (xyz format, in Angstrom)


 Dump information in style XYZ to ch3oh_maxima_mp2.xyz                                                            

    6
 CCSD/AUG-CC-PVTZ  ENERGY=-115.54613332
 C          0.0011212759        0.0127494482       -0.7283938826
 O          0.0007893100       -0.0643436528        0.6901735992
 H         -0.0012783053        0.8261345255        1.0417483083
 H          1.0033169281        0.2006823319       -1.1212356535
 H         -0.3522605635       -0.9461799241       -1.1021476884
 H         -0.6756686197        0.7887860657       -1.0939216068

 **********************************************************************************************************************************


 **********************************************************************************************************************************
 DATASETS  * FILE   NREC   LENGTH (MB)   RECORD NAMES
              1      21      859.81       500      610      700      900      950      970     1000      129      960     1100   
                                          VAR    BASINP    GEOM    SYMINP    ZMAT    AOBASIS   BASIS     P2S    ABASIS      S 
                                         1400     1410     1200     1210     1080     1600     1650     1300     1700     1380   
                                           T        V       H0       H01     AOSYM     SMH    MOLCAS    ERIS     OPER     JKOP   
                                        55555   
                                         CCSD   

              2       8        3.26       700     1000      520     2100      200     2101     8500     9001   
                                         GEOM     BASIS   MCVARS     RHF    OPTIONS    RHF     CPHF    DEN_MP2    

 PROGRAMS   *        TOTAL      OPTG    HF-SCF      CCSD    HF-SCF      CCSD    HF-SCF      CCSD    HF-SCF      CCSD    HF-SCF
 CPU TIMES  *     22441.94    326.77     18.93    741.07     87.72    713.69    106.19    733.53    104.49    733.00    116.65
 REAL TIME  *      3343.85 SEC
 DISK USED  *         2.32 GB
 **********************************************************************************************************************************

 DO I                   =       205.00000000   
 SETTING AHH2           =       205.00000000                                  


 PROGRAM * OPT (Geometry optimization)     Authors: F. Eckert and H.-J. Werner


 BFGS update of hessian

 Geometry optimization using procedure=RUNCCSD

 Running procedure: RUNCCSD


 Recomputing integrals since geometry changed


 PROGRAM * SEWARD (Integral evaluation for generally contracted gaussian basis sets)     Author: Roland Lindh, 1990

 Geometry written to block  1 of record 700

 Orientation using atomic masses  
 Molecule type: Asymmetric top
 Rotational constants:      24.0082328     24.7244171    128.6830502 GHz  (calculated with average atomic masses)

 Point group  C1  



 ATOMIC COORDINATES

 NR  ATOM    CHARGE       X              Y              Z

   1  C       6.00    0.012423427    0.020191073   -1.376565854
   2  O       8.00    0.012404045   -0.119871648    1.304437876
   3  H       1.00   -0.176031684    1.553921091    1.964745819
   4  H1      1.00    1.861309115    0.575462122   -2.109565457
   5  H2      1.00   -0.617410533   -1.806720799   -2.079600569
   6  H3      1.00   -1.412803164    1.339499498   -2.077711752

 Bond lengths in Bohr (Angstrom)

 1-2  2.684659860  1-4  2.064943738  1-5  2.056345208  1-6  2.064812613  2-3  1.809170179
     ( 1.420660817)     ( 1.092721168)     ( 1.088171022)     ( 1.092651780)     ( 0.957371630)

 Bond angles

  1-2-3  108.43414568   2-1-4  111.62469801   2-1-5  107.16156661   2-1-6  111.86594501

  4-1-5  113.06540873   4-1-6  109.00619021   5-1-6  103.89546466

 NUCLEAR CHARGE:                   18
 NUMBER OF PRIMITIVE AOS:         242
 NUMBER OF SYMMETRY AOS:          216
 NUMBER OF CONTRACTIONS:          184   (  184A   )
 NUMBER OF INNER CORE ORBITALS:     0   (    0A   )
 NUMBER OF OUTER CORE ORBITALS:     2   (    2A   )
 NUMBER OF VALENCE ORBITALS:       12   (   12A   )


 NUCLEAR REPULSION ENERGY   40.33795562

 Eigenvalues of metric

         1 0.617E-04 0.743E-04 0.908E-04 0.204E-03 0.411E-03 0.483E-03 0.750E-03 0.777E-03


 Contracted 2-electron integrals neglected if value below      1.0D-11
 AO integral compression algorithm  1   Integral accuracy      1.0D-11

     707.789 MB (compressed) written to integral file ( 52.2%)


 NUMBER OF SORTED TWO-ELECTRON INTEGRALS:  144848710.     BUFFER LENGTH:  32768
 NUMBER OF SEGMENTS:  10  SEGMENT LENGTH:   15999503      RECORD LENGTH: 524288

 Memory used in sort:      16.56 MW

 SORT1 READ   169623812. AND WROTE   143457292. INTEGRALS IN    414 RECORDS. CPU TIME:     1.10 SEC, REAL TIME:     1.69 SEC
 SORT2 READ   143457292. AND WROTE   144848710. INTEGRALS IN   2700 RECORDS. CPU TIME:     1.23 SEC, REAL TIME:     1.64 SEC

 FILE SIZES:   FILE 1:   739.1 MBYTE,  FILE 4:  1736.5 MBYTE,   TOTAL:   2475.6 MBYTE

 OPERATOR DM      FOR CENTER  0  COORDINATES:    0.000000    0.000000    0.000000


 **********************************************************************************************************************************
 DATASETS  * FILE   NREC   LENGTH (MB)   RECORD NAMES
              1      19      621.80       500      610      700      900      950      970     1000      129      960     1100   
                                          VAR    BASINP    GEOM    SYMINP    ZMAT    AOBASIS   BASIS     P2S    ABASIS      S 
                                         1400     1410     1200     1210     1080     1600     1650     1300     1700   
                                           T        V       H0       H01     AOSYM     SMH    MOLCAS    ERIS     OPER   

              2       8        3.26       700     1000      520     2100      200     2101     8500     9001   
                                         GEOM     BASIS   MCVARS     RHF    OPTIONS    RHF     CPHF    DEN_MP2    

 PROGRAMS   *        TOTAL       INT      CCSD    HF-SCF      CCSD    HF-SCF      CCSD    HF-SCF      CCSD    HF-SCF      CCSD
 CPU TIMES  *     22462.97     21.02    326.77     18.93    741.07     87.72    713.69    106.19    733.53    104.49    733.00
 REAL TIME  *      3352.33 SEC
 DISK USED  *         2.32 GB
 **********************************************************************************************************************************


 Program * Restricted Hartree-Fock

 Molecular orbitals read from record     2101.2  Type=RHF/CANONICAL (state 1.1)

 Initial occupancy:   9

 NELEC=   18   SYM=1   MS2= 0   THRE=1.0D-09   THRD=1.0D-07   THRG=1.0D-07  HFMA2=F  DIIS_START=2   DIIS_MAX=10   DIIS_INCORE=F

 Level shifts:    0.00 (CLOSED)    0.00 (OPEN)    0.30 (GAP_MIN)

 ITER           ETOT              DE          GRAD        DDIFF     DIIS  NEXP   TIME(IT)  TIME(TOT)  DIAG
   1     -115.08661773    -115.08661773     0.00D+00     0.47D-01     0     0       9.61      9.62    start
   2     -115.09036950      -0.00375177     0.14D-02     0.15D-02     1     0       8.17     17.79    diag
   3     -115.09082139      -0.00045190     0.36D-03     0.40D-03     2     0       9.22     27.01    diag
   4     -115.09085510      -0.00003370     0.84D-04     0.12D-03     3     0       9.44     36.45    diag
   5     -115.09085696      -0.00000187     0.27D-04     0.26D-04     4     0       9.37     45.82    diag
   6     -115.09085731      -0.00000035     0.10D-04     0.12D-04     5     0       9.42     55.24    diag
   7     -115.09085735      -0.00000004     0.27D-05     0.36D-05     6     0       9.14     64.38    diag
   8     -115.09085735      -0.00000000     0.76D-06     0.11D-05     7     0       9.41     73.79    fixocc
   9     -115.09085735      -0.00000000     0.20D-06     0.28D-06     8     0       9.39     83.18    diag
  10     -115.09085735      -0.00000000     0.40D-07     0.71D-07     9     0       9.00     92.18    diag/orth
  11     -115.09085735      -0.00000000     0.85D-08     0.11D-07     0     0       9.20    101.38    diag

 Final occupancy:   9

 !RHF STATE 1.1 Energy               -115.090857354608
  RHF One-electron energy            -236.908108860763
  RHF Two-electron energy              81.479295884471
  RHF Kinetic energy                  114.923364675044
  RHF Nuclear energy                   40.337955621684
  RHF Virial quotient                  -1.001457429306

 !RHF STATE 1.1 Dipole moment          -0.08333486     0.59349118    -0.39369345
 Dipole moment /Debye                  -0.21181609     1.50850412    -1.00066895

 Orbital energies:

           1.1          2.1          3.1          4.1          5.1          6.1          7.1          8.1          9.1         10.1
    -20.558313   -11.271371    -1.357902    -0.926245    -0.691241    -0.625463    -0.590585    -0.500162    -0.453476     0.028400

          11.1
      0.043113


 HOMO      9.1    -0.453476 =     -12.3397eV
 LUMO     10.1     0.028400 =       0.7728eV
 LUMO-HOMO         0.481875 =      13.1125eV

 Orbitals saved in record  2101.2


 **********************************************************************************************************************************
 DATASETS  * FILE   NREC   LENGTH (MB)   RECORD NAMES
              1      19      621.80       500      610      700      900      950      970     1000      129      960     1100   
                                          VAR    BASINP    GEOM    SYMINP    ZMAT    AOBASIS   BASIS     P2S    ABASIS      S 
                                         1400     1410     1200     1210     1080     1600     1650     1300     1700   
                                           T        V       H0       H01     AOSYM     SMH    MOLCAS    ERIS     OPER   

              2       8        3.26       700     1000      520     2100      200     2101     8500     9001   
                                         GEOM     BASIS   MCVARS     RHF    OPTIONS    RHF     CPHF    DEN_MP2    

 PROGRAMS   *        TOTAL    HF-SCF       INT      CCSD    HF-SCF      CCSD    HF-SCF      CCSD    HF-SCF      CCSD    HF-SCF
 CPU TIMES  *     22564.38    101.41     21.02    326.77     18.93    741.07     87.72    713.69    106.19    733.53    104.49
 REAL TIME  *      3368.33 SEC
 DISK USED  *         2.32 GB
 **********************************************************************************************************************************


 PROGRAM * CCSD (Closed-shell coupled cluster)     Authors: C. Hampel, H.-J. Werner, 1991, M. Deegan, P.J. Knowles, 1992


 Convergence thresholds:  THRVAR = 1.00D-12  THRDEN = 1.00D-08

 Using ITF CCSD gradient implementation

 Number of core orbitals:           2 (   2 )
 Number of closed-shell orbitals:   7 (   7 )
 Number of external orbitals:     175 ( 175 )

 Molecular orbitals read from record     2101.2  Type=RHF/CANONICAL (state 1.1)

 Integral transformation finished. Total CPU:  21.60 sec, npass=  1  Memory used:  27.38 MW
  Reference energy                   -115.090857354608

  MP2 correlation energy               -0.436854603384
  MP2 total energy                   -115.527711957992

 ITER.      SQ.NORM     CORR.ENERGY   TOTAL ENERGY   ENERGY CHANGE        DEN1      VAR(S)    VAR(P)  DIIS     TIME
   1      1.12044847    -0.45330362  -115.54416097    -0.01644902    -0.00558691  1.69e-03  1.94e-03  1  1    20.38
   2      1.12845086    -0.45429019  -115.54514754    -0.00098657    -0.00936476  4.22e-05  2.70e-04  2  2    44.49
   3      1.13084076    -0.45440958  -115.54526693    -0.00011939    -0.00140841  4.46e-06  3.50e-05  3  3    66.02
   4      1.13209300    -0.45441253  -115.54526988    -0.00000295    -0.00092542  1.42e-07  3.39e-06  4  4    86.43
   5      1.13239672    -0.45439184  -115.54524919     0.00002069    -0.00019190  1.84e-08  3.22e-07  5  5   110.65
   6      1.13247645    -0.45438934  -115.54524670     0.00000250    -0.00004929  3.62e-10  1.46e-08  6  0   131.67
   7      1.13248472    -0.45438817  -115.54524553     0.00000117    -0.00000622  6.25e-11  1.06e-09  6  1   153.64
   8      1.13248492    -0.45438803  -115.54524539     0.00000014    -0.00000046  4.22e-12  1.06e-10  6  2   175.81
   9      1.13248484    -0.45438801  -115.54524537     0.00000002     0.00000001  1.75e-13  1.11e-11  6  3   196.59
  10      1.13248490    -0.45438801  -115.54524536     0.00000000    -0.00000004  2.92e-14  7.59e-13         217.49

 Norm of t1 vector:      0.05257543     S-energy:      0.00000000   T1 diagnostic:  0.00993582

 Time per iteration:                     21.75 sec

 RESULTS
 =======

  Reference energy                   -115.090857354608
  CCSD correlation energy              -0.454388009353
 !CCSD total energy                  -115.545245363962

 Starting CP-CCSD iterations.   Author: W. Gyorffy (2012)

 ITER.      NRM1           NRM2      VAR(S)+VAR(P)   DIIS    TIME
   1     0.00163267     0.38342377     5.26e-04      1  1   22.92
   2     0.00148104     0.37962001     3.82e-05      2  2   45.21
   3     0.00137613     0.37913705     4.74e-06      3  3   68.47
   4     0.00132591     0.37874494     9.01e-07      4  4   92.27
   5     0.00129808     0.37865019     9.35e-08      5  5  120.47
   6     0.00128762     0.37861650     9.47e-09      6  0  147.93
   7     0.00128481     0.37861251     1.12e-09      6  1  172.45
   8     0.00128408     0.37861122     1.44e-10      6  2  196.51
   9     0.00128394     0.37861109     1.93e-11      6  3  219.64
  10     0.00128391     0.37861104     2.51e-12      6  4  244.61
  11     0.00128391     0.37861103     2.94e-13            268.03


 Time per iteration:                     24.37 sec


 Starting Coupled-perturbed Hartree-Fock, convergence threshold= 1.0D-06

 ITER   MIC  DIIS      VAR         VARC       CPU
   1     0     1    0.47D-02    0.12D-02     9.29
   2     4     2    0.18D-03    0.52D-04    18.47
   3     4     3    0.45D-05    0.84D-06    27.80
   4     2     4    0.45D-06    0.40D-07    37.09

 CPHF convergence reached in  4 macroiterations and   10 microiterations.   Accuracy: 4.5402D-07

 CPHF solution written to record  8500.2

 Dipole moments (unrelaxed):           -0.08131683     0.55697955    -0.36829549
 Orbital relaxation contribution:       0.00002619     0.00418857    -0.00308587
 !CCSD STATE 1.1 Dipole moment         -0.08129064     0.56116811    -0.37138136
 Dipole moment /Debye                  -0.20662020     1.42634707    -0.94395726

 CPU-time for coupled-perturbed hartree-fock:         37.11 sec

 Number of N-1 electron functions:               7
 Number of N-2 electron functions:              28
 Number of singly external CSFs:              1225
 Number of doubly external CSFs:            750925
 Total number of CSFs:                      752151

 CCSD gradient info saved on record        55555.1




 **********************************************************************************************************************************
 DATASETS  * FILE   NREC   LENGTH (MB)   RECORD NAMES
              1      21      857.80       500      610      700      900      950      970     1000      129      960     1100   
                                          VAR    BASINP    GEOM    SYMINP    ZMAT    AOBASIS   BASIS     P2S    ABASIS      S 
                                         1400     1410     1200     1210     1080     1600     1650     1300     1700     1380   
                                           T        V       H0       H01     AOSYM     SMH    MOLCAS    ERIS     OPER     JKOP   
                                        55555   
                                         CCSD   

              2       8        3.26       700     1000      520     2100      200     2101     8500     9001   
                                         GEOM     BASIS   MCVARS     RHF    OPTIONS    RHF     CPHF    DEN_MP2    

 PROGRAMS   *        TOTAL      CCSD    HF-SCF       INT      CCSD    HF-SCF      CCSD    HF-SCF      CCSD    HF-SCF      CCSD
 CPU TIMES  *     23318.76    754.37    101.41     21.02    326.77     18.93    741.07     87.72    713.69    106.19    733.53
 REAL TIME  *      3505.30 SEC
 DISK USED  *         2.32 GB
 **********************************************************************************************************************************

 Inactive variables:    AHH2

 Active variables:      RCO ROH ACOH RCH1 AOCH1 AHH1
                        RCH2 AOCH2 RCH3 AOCH3 AHH3

 Geometry written to block  1 of record 700

 XYZ inputs for each point on the optimization path will be saved in files ch3oh_maxima_mp2_xx.xyz

 Making model hessian for Z-matrix coordinates

 Entering Rational Function Geometry Optimization

 ITER.   ENERGY(OLD)    ENERGY(NEW)      DE          GRADMAX     GRADNORM    GRADRMS     STEPMAX     STEPLEN     STEPRMS   CPU-time
   1  -115.54524536  -115.54571334    -0.00046798  0.00851879  0.01307666  0.00394276  0.03490659  0.04980230  0.00452748   2028.36
   2  -115.54571334  -115.54591903    -0.00020569  0.00500371  0.00703139  0.00212004  0.03490659  0.04985222  0.00453202   3167.56
   3  -115.54591903  -115.54594715    -0.00002811  0.00186974  0.00274677  0.00082818  0.01784358  0.02345429  0.00213221   4292.90
   4  -115.54594715  -115.54594734    -0.00000019  0.00023686  0.00035466  0.00010693  0.00083873  0.00115915  0.00010538   5378.76

 END OF GEOMETRY OPTIMIZATION.

 Optimized variables
 RCO=                 1.42108624 ANGSTROM
 ROH=                 0.95711110 ANGSTROM
 ACOH=              108.48646986 DEGREE
 RCH1=                1.09255914 ANGSTROM
 AOCH1=             111.48498105 DEGREE
 AHH1=               85.57010159 DEGREE
 RCH2=                1.08838802 ANGSTROM
 AOCH2=             107.35891356 DEGREE
 RCH3=                1.09244660 ANGSTROM
 AOCH3=             111.86551803 DEGREE
 AHH3=              323.28611206 DEGREE

 **********************************************************************************************************************************

 Geometry written to block  1 of record 700

 Recomputing wavefunction for reoriented structure

 Current geometry (xyz format, in Angstrom)


 Dump information in style XYZ to ch3oh_maxima_mp2.xyz                                                            

    6
 CCSD/AUG-CC-PVTZ  ENERGY=-115.54594734
 C          0.0012578052        0.0125384022       -0.7286209622
 O          0.0007993489       -0.0644875801        0.6903761821
 H         -0.0003514738        0.8254508921        1.0426116977
 H          1.0148990994        0.1137932835       -1.1235440689
 H         -0.4365680127       -0.9104646722       -1.1040705018
 H         -0.6056564586        0.8454430100       -1.0910634704

 **********************************************************************************************************************************


 **********************************************************************************************************************************
 DATASETS  * FILE   NREC   LENGTH (MB)   RECORD NAMES
              1      21      859.58       500      610      700      900      950      970     1000      129      960     1100   
                                          VAR    BASINP    GEOM    SYMINP    ZMAT    AOBASIS   BASIS     P2S    ABASIS      S 
                                         1400     1410     1200     1210     1080     1600     1650     1300     1700     1380   
                                           T        V       H0       H01     AOSYM     SMH    MOLCAS    ERIS     OPER     JKOP   
                                        55555   
                                         CCSD   

              2       8        3.26       700     1000      520     2100      200     2101     8500     9001   
                                         GEOM     BASIS   MCVARS     RHF    OPTIONS    RHF     CPHF    DEN_MP2    

 PROGRAMS   *        TOTAL      OPTG    HF-SCF      CCSD    HF-SCF      CCSD    HF-SCF      CCSD    HF-SCF      CCSD    HF-SCF
 CPU TIMES  *     28182.91    343.68     18.51    731.12     85.19    744.21    108.36    764.56    103.77    755.96    115.35
 REAL TIME  *      4227.24 SEC
 DISK USED  *         2.32 GB
 **********************************************************************************************************************************

 DO I                   =       210.00000000   
 SETTING AHH2           =       210.00000000                                  


 PROGRAM * OPT (Geometry optimization)     Authors: F. Eckert and H.-J. Werner


 BFGS update of hessian

 Geometry optimization using procedure=RUNCCSD

 Running procedure: RUNCCSD


 Recomputing integrals since geometry changed


 PROGRAM * SEWARD (Integral evaluation for generally contracted gaussian basis sets)     Author: Roland Lindh, 1990

 Geometry written to block  1 of record 700

 Orientation using atomic masses  
 Molecule type: Asymmetric top
 Rotational constants:      24.0103939     24.6932748    128.7268660 GHz  (calculated with average atomic masses)

 Point group  C1  



 ATOMIC COORDINATES

 NR  ATOM    CHARGE       X              Y              Z

   1  C       6.00    0.012637707    0.018432194   -1.377027742
   2  O       8.00    0.010477755   -0.120094633    1.304859925
   3  H       1.00   -0.147417299    1.556162189    1.965577578
   4  H1      1.00    1.906975746    0.380491528   -2.113997674
   5  H2      1.00   -0.808233133   -1.730492133   -2.082490011
   6  H3      1.00   -1.268238320    1.480499319   -2.072417153

 Bond lengths in Bohr (Angstrom)

 1-2  2.685463797  1-4  2.064637558  1-5  2.056755272  1-6  2.064424886  2-3  1.808677859
     ( 1.421086242)     ( 1.092559145)     ( 1.088388019)     ( 1.092446603)     ( 0.957111105)

 Bond angles

  1-2-3  108.48646986   2-1-4  111.48498105   2-1-5  107.35891356   2-1-6  111.86551803

  4-1-5  113.13337794   4-1-6  108.95608121   5-1-6  103.83088988

 NUCLEAR CHARGE:                   18
 NUMBER OF PRIMITIVE AOS:         242
 NUMBER OF SYMMETRY AOS:          216
 NUMBER OF CONTRACTIONS:          184   (  184A   )
 NUMBER OF INNER CORE ORBITALS:     0   (    0A   )
 NUMBER OF OUTER CORE ORBITALS:     2   (    2A   )
 NUMBER OF VALENCE ORBITALS:       12   (   12A   )


 NUCLEAR REPULSION ENERGY   40.33226308

 Eigenvalues of metric

         1 0.617E-04 0.741E-04 0.917E-04 0.206E-03 0.413E-03 0.479E-03 0.751E-03 0.778E-03


 Contracted 2-electron integrals neglected if value below      1.0D-11
 AO integral compression algorithm  1   Integral accuracy      1.0D-11

     714.867 MB (compressed) written to integral file ( 52.7%)


 NUMBER OF SORTED TWO-ELECTRON INTEGRALS:  144848710.     BUFFER LENGTH:  32768
 NUMBER OF SEGMENTS:  10  SEGMENT LENGTH:   15999503      RECORD LENGTH: 524288

 Memory used in sort:      16.56 MW

 SORT1 READ   169623812. AND WROTE   143595211. INTEGRALS IN    414 RECORDS. CPU TIME:     1.12 SEC, REAL TIME:     1.70 SEC
 SORT2 READ   143595211. AND WROTE   144848710. INTEGRALS IN   2727 RECORDS. CPU TIME:     1.21 SEC, REAL TIME:     1.65 SEC

 FILE SIZES:   FILE 1:   746.2 MBYTE,  FILE 4:  1736.5 MBYTE,   TOTAL:   2482.6 MBYTE

 OPERATOR DM      FOR CENTER  0  COORDINATES:    0.000000    0.000000    0.000000


 **********************************************************************************************************************************
 DATASETS  * FILE   NREC   LENGTH (MB)   RECORD NAMES
              1      19      627.39       500      610      700      900      950      970     1000      129      960     1100   
                                          VAR    BASINP    GEOM    SYMINP    ZMAT    AOBASIS   BASIS     P2S    ABASIS      S 
                                         1400     1410     1200     1210     1080     1600     1650     1300     1700   
                                           T        V       H0       H01     AOSYM     SMH    MOLCAS    ERIS     OPER   

              2       8        3.26       700     1000      520     2100      200     2101     8500     9001   
                                         GEOM     BASIS   MCVARS     RHF    OPTIONS    RHF     CPHF    DEN_MP2    

 PROGRAMS   *        TOTAL       INT      CCSD    HF-SCF      CCSD    HF-SCF      CCSD    HF-SCF      CCSD    HF-SCF      CCSD
 CPU TIMES  *     28203.47     20.54    343.68     18.51    731.12     85.19    744.21    108.36    764.56    103.77    755.96
 REAL TIME  *      4235.71 SEC
 DISK USED  *         2.32 GB
 **********************************************************************************************************************************


 Program * Restricted Hartree-Fock

 Molecular orbitals read from record     2101.2  Type=RHF/CANONICAL (state 1.1)

 Initial occupancy:   9

 NELEC=   18   SYM=1   MS2= 0   THRE=1.0D-09   THRD=1.0D-07   THRG=1.0D-07  HFMA2=F  DIIS_START=2   DIIS_MAX=10   DIIS_INCORE=F

 Level shifts:    0.00 (CLOSED)    0.00 (OPEN)    0.30 (GAP_MIN)

 ITER           ETOT              DE          GRAD        DDIFF     DIIS  NEXP   TIME(IT)  TIME(TOT)  DIAG
   1     -115.08777843    -115.08777843     0.00D+00     0.47D-01     0     0       9.52      9.53    start
   2     -115.09031683      -0.00253840     0.12D-02     0.13D-02     1     0       9.30     18.83    diag
   3     -115.09061177      -0.00029495     0.29D-03     0.33D-03     2     0       8.92     27.75    diag
   4     -115.09063412      -0.00002234     0.68D-04     0.95D-04     3     0       9.41     37.16    diag
   5     -115.09063524      -0.00000112     0.20D-04     0.21D-04     4     0       9.40     46.56    diag
   6     -115.09063545      -0.00000021     0.83D-05     0.89D-05     5     0       9.31     55.87    diag
   7     -115.09063548      -0.00000003     0.22D-05     0.30D-05     6     0       9.43     65.30    diag
   8     -115.09063548      -0.00000000     0.60D-06     0.87D-06     7     0       9.39     74.69    fixocc
   9     -115.09063548      -0.00000000     0.15D-06     0.22D-06     8     0       9.34     84.03    diag
  10     -115.09063548      -0.00000000     0.34D-07     0.57D-07     9     0       9.00     93.03    diag/orth
  11     -115.09063548      -0.00000000     0.75D-08     0.97D-08     0     0       9.39    102.42    diag

 Final occupancy:   9

 !RHF STATE 1.1 Energy               -115.090635478878
  RHF One-electron energy            -236.897492051770
  RHF Two-electron energy              81.474593496507
  RHF Kinetic energy                  114.923275581482
  RHF Nuclear energy                   40.332263076384
  RHF Virial quotient                  -1.001456275037

 !RHF STATE 1.1 Dipole moment          -0.07365967     0.59840477    -0.39435774
 Dipole moment /Debye                  -0.18722420     1.52099321    -1.00235739

 Orbital energies:

           1.1          2.1          3.1          4.1          5.1          6.1          7.1          8.1          9.1         10.1
    -20.558109   -11.271401    -1.357704    -0.926278    -0.691228    -0.625880    -0.590307    -0.499482    -0.453763     0.028349

          11.1
      0.043132


 HOMO      9.1    -0.453763 =     -12.3475eV
 LUMO     10.1     0.028349 =       0.7714eV
 LUMO-HOMO         0.482112 =      13.1189eV

 Orbitals saved in record  2101.2


 **********************************************************************************************************************************
 DATASETS  * FILE   NREC   LENGTH (MB)   RECORD NAMES
              1      19      627.39       500      610      700      900      950      970     1000      129      960     1100   
                                          VAR    BASINP    GEOM    SYMINP    ZMAT    AOBASIS   BASIS     P2S    ABASIS      S 
                                         1400     1410     1200     1210     1080     1600     1650     1300     1700   
                                           T        V       H0       H01     AOSYM     SMH    MOLCAS    ERIS     OPER   

              2       8        3.26       700     1000      520     2100      200     2101     8500     9001   
                                         GEOM     BASIS   MCVARS     RHF    OPTIONS    RHF     CPHF    DEN_MP2    

 PROGRAMS   *        TOTAL    HF-SCF       INT      CCSD    HF-SCF      CCSD    HF-SCF      CCSD    HF-SCF      CCSD    HF-SCF
 CPU TIMES  *     28305.93    102.45     20.54    343.68     18.51    731.12     85.19    744.21    108.36    764.56    103.77
 REAL TIME  *      4251.79 SEC
 DISK USED  *         2.32 GB
 **********************************************************************************************************************************


 PROGRAM * CCSD (Closed-shell coupled cluster)     Authors: C. Hampel, H.-J. Werner, 1991, M. Deegan, P.J. Knowles, 1992


 Convergence thresholds:  THRVAR = 1.00D-12  THRDEN = 1.00D-08

 Using ITF CCSD gradient implementation

 Number of core orbitals:           2 (   2 )
 Number of closed-shell orbitals:   7 (   7 )
 Number of external orbitals:     175 ( 175 )

 Molecular orbitals read from record     2101.2  Type=RHF/CANONICAL (state 1.1)

 Integral transformation finished. Total CPU:  21.19 sec, npass=  1  Memory used:  27.38 MW
  Reference energy                   -115.090635478878

  MP2 correlation energy               -0.436865488598
  MP2 total energy                   -115.527500967476

 ITER.      SQ.NORM     CORR.ENERGY   TOTAL ENERGY   ENERGY CHANGE        DEN1      VAR(S)    VAR(P)  DIIS     TIME
   1      1.12045466    -0.45331717  -115.54395265    -0.01645168    -0.00558974  1.69e-03  1.94e-03  1  1    21.54
   2      1.12845996    -0.45430431  -115.54493979    -0.00098714    -0.00936452  4.22e-05  2.70e-04  2  2    44.18
   3      1.13085265    -0.45442372  -115.54505920    -0.00011941    -0.00140899  4.47e-06  3.50e-05  3  3    65.83
   4      1.13210636    -0.45442670  -115.54506218    -0.00000299    -0.00092557  1.43e-07  3.39e-06  4  4    88.62
   5      1.13241038    -0.45440600  -115.54504148     0.00002070    -0.00019185  1.85e-08  3.22e-07  5  5   110.38
   6      1.13249027    -0.45440351  -115.54503899     0.00000249    -0.00004931  3.68e-10  1.46e-08  6  0   131.92
   7      1.13249856    -0.45440234  -115.54503782     0.00000117    -0.00000622  6.27e-11  1.06e-09  6  1   153.50
   8      1.13249878    -0.45440220  -115.54503768     0.00000014    -0.00000046  4.24e-12  1.06e-10  6  2   174.50
   9      1.13249870    -0.45440218  -115.54503766     0.00000002     0.00000001  1.79e-13  1.12e-11  6  3   195.48
  10      1.13249875    -0.45440217  -115.54503765     0.00000000    -0.00000004  2.92e-14  7.62e-13         216.88

 Norm of t1 vector:      0.05263947     S-energy:      0.00000000   T1 diagnostic:  0.00994792

 Time per iteration:                     21.69 sec

 RESULTS
 =======

  Reference energy                   -115.090635478878
  CCSD correlation energy              -0.454402174336
 !CCSD total energy                  -115.545037653214

 Starting CP-CCSD iterations.   Author: W. Gyorffy (2012)

 ITER.      NRM1           NRM2      VAR(S)+VAR(P)   DIIS    TIME
   1     0.00163677     0.38346121     5.27e-04      1  1   23.12
   2     0.00148472     0.37965306     3.83e-05      2  2   45.35
   3     0.00137937     0.37916945     4.76e-06      3  3   68.77
   4     0.00132885     0.37877637     9.08e-07      4  4   91.80
   5     0.00130081     0.37868116     9.48e-08      5  5  114.49
   6     0.00129023     0.37864719     9.64e-09      6  0  137.01
   7     0.00128737     0.37864314     1.14e-09      6  1  160.15
   8     0.00128663     0.37864183     1.45e-10      6  2  183.19
   9     0.00128650     0.37864170     1.93e-11      6  3  206.34
  10     0.00128646     0.37864165     2.50e-12      6  4  228.60
  11     0.00128647     0.37864164     2.97e-13            254.38


 Time per iteration:                     23.13 sec


 Starting Coupled-perturbed Hartree-Fock, convergence threshold= 1.0D-06

 ITER   MIC  DIIS      VAR         VARC       CPU
   1     0     1    0.47D-02    0.12D-02     9.23
   2     4     2    0.18D-03    0.52D-04    17.79
   3     4     3    0.45D-05    0.83D-06    26.93
   4     2     4    0.45D-06    0.39D-07    36.24

 CPHF convergence reached in  4 macroiterations and   10 microiterations.   Accuracy: 4.5193D-07

 CPHF solution written to record  8500.2

 Dipole moments (unrelaxed):           -0.07241649     0.56210262    -0.36904758
 Orbital relaxation contribution:       0.00011443     0.00413507    -0.00306776
 !CCSD STATE 1.1 Dipole moment         -0.07230206     0.56623769    -0.37211533
 Dipole moment /Debye                  -0.18377351     1.43923264    -0.94582284

 CPU-time for coupled-perturbed hartree-fock:         36.48 sec

 Number of N-1 electron functions:               7
 Number of N-2 electron functions:              28
 Number of singly external CSFs:              1225
 Number of doubly external CSFs:            750925
 Total number of CSFs:                      752151

 CCSD gradient info saved on record        55555.1




 **********************************************************************************************************************************
 DATASETS  * FILE   NREC   LENGTH (MB)   RECORD NAMES
              1      21      863.39       500      610      700      900      950      970     1000      129      960     1100   
                                          VAR    BASINP    GEOM    SYMINP    ZMAT    AOBASIS   BASIS     P2S    ABASIS      S 
                                         1400     1410     1200     1210     1080     1600     1650     1300     1700     1380   
                                           T        V       H0       H01     AOSYM     SMH    MOLCAS    ERIS     OPER     JKOP   
                                        55555   
                                         CCSD   

              2       8        3.26       700     1000      520     2100      200     2101     8500     9001   
                                         GEOM     BASIS   MCVARS     RHF    OPTIONS    RHF     CPHF    DEN_MP2    

 PROGRAMS   *        TOTAL      CCSD    HF-SCF       INT      CCSD    HF-SCF      CCSD    HF-SCF      CCSD    HF-SCF      CCSD
 CPU TIMES  *     29038.79    732.85    102.45     20.54    343.68     18.51    731.12     85.19    744.21    108.36    764.56
 REAL TIME  *      4352.91 SEC
 DISK USED  *         2.32 GB
 **********************************************************************************************************************************

 Inactive variables:    AHH2

 Active variables:      RCO ROH ACOH RCH1 AOCH1 AHH1
                        RCH2 AOCH2 RCH3 AOCH3 AHH3

 Geometry written to block  1 of record 700

 XYZ inputs for each point on the optimization path will be saved in files ch3oh_maxima_mp2_xx.xyz

 Making model hessian for Z-matrix coordinates

 Entering Rational Function Geometry Optimization

 ITER.   ENERGY(OLD)    ENERGY(NEW)      DE          GRADMAX     GRADNORM    GRADRMS     STEPMAX     STEPLEN     STEPRMS   CPU-time
   1  -115.54503765  -115.54550598    -0.00046833  0.00850487  0.01308325  0.00394475  0.03490659  0.04984441  0.00453131   2006.19
   2  -115.54550598  -115.54571454    -0.00020856  0.00510404  0.00709706  0.00213985  0.03490659  0.04985620  0.00453238   3117.68
   3  -115.54571454  -115.54574535    -0.00003081  0.00199010  0.00285930  0.00086211  0.01904346  0.02473938  0.00224903   4215.54
   4  -115.54574535  -115.54574556    -0.00000021  0.00024099  0.00036358  0.00010962  0.00091854  0.00124673  0.00011334   5302.81

 END OF GEOMETRY OPTIMIZATION.

 Optimized variables
 RCO=                 1.42155132 ANGSTROM
 ROH=                 0.95682806 ANGSTROM
 ACOH=              108.54359277 DEGREE
 RCH1=                1.09235922 ANGSTROM
 AOCH1=             111.30617531 DEGREE
 AHH1=               90.47359851 DEGREE
 RCH2=                1.08864805 ANGSTROM
 AOCH2=             107.59270837 DEGREE
 RCH3=                1.09222309 ANGSTROM
 AOCH3=             111.87237669 DEGREE
 AHH3=              328.39018600 DEGREE

 **********************************************************************************************************************************

 Geometry written to block  1 of record 700

 Recomputing wavefunction for reoriented structure

 Current geometry (xyz format, in Angstrom)


 Dump information in style XYZ to ch3oh_maxima_mp2.xyz                                                            

    6
 CCSD/AUG-CC-PVTZ  ENERGY=-115.54574556
 C          0.0013090710        0.0123269464       -0.7288688275
 O          0.0007241889       -0.0646427985        0.6905970843
 H          0.0009928169        0.8247017311        1.0435647424
 H          1.0191325070        0.0249540844       -1.1252583825
 H         -0.5178111390       -0.8670036478       -1.1062896813
 H         -0.5294088933        0.8965539724       -1.0886358262

 **********************************************************************************************************************************


 **********************************************************************************************************************************
 DATASETS  * FILE   NREC   LENGTH (MB)   RECORD NAMES
              1      21      857.81       500      610      700      900      950      970     1000      129      960     1100   
                                          VAR    BASINP    GEOM    SYMINP    ZMAT    AOBASIS   BASIS     P2S    ABASIS      S 
                                         1400     1410     1200     1210     1080     1600     1650     1300     1700     1380   
                                           T        V       H0       H01     AOSYM     SMH    MOLCAS    ERIS     OPER     JKOP   
                                        55555   
                                         CCSD   

              2       8        3.26       700     1000      520     2100      200     2101     8500     9001   
                                         GEOM     BASIS   MCVARS     RHF    OPTIONS    RHF     CPHF    DEN_MP2    

 PROGRAMS   *        TOTAL      OPTG    HF-SCF      CCSD    HF-SCF      CCSD    HF-SCF      CCSD    HF-SCF      CCSD    HF-SCF
 CPU TIMES  *     33823.98    319.48     18.74    727.21     86.46    718.78    101.76    725.55    110.29    765.56    111.88
 REAL TIME  *      5065.62 SEC
 DISK USED  *         2.32 GB
 **********************************************************************************************************************************

 DO I                   =       215.00000000   
 SETTING AHH2           =       215.00000000                                  


 PROGRAM * OPT (Geometry optimization)     Authors: F. Eckert and H.-J. Werner


 BFGS update of hessian

 Geometry optimization using procedure=RUNCCSD

 Running procedure: RUNCCSD


 Recomputing integrals since geometry changed


 PROGRAM * SEWARD (Integral evaluation for generally contracted gaussian basis sets)     Author: Roland Lindh, 1990

 Geometry written to block  1 of record 700

 Orientation using atomic masses  
 Molecule type: Asymmetric top
 Rotational constants:      24.0077537     24.6643725    128.7758816 GHz  (calculated with average atomic masses)

 Point group  C1  



 ATOMIC COORDINATES

 NR  ATOM    CHARGE       X              Y              Z

   1  C       6.00    0.012622313    0.016631560   -1.377528011
   2  O       8.00    0.007744552   -0.120374164    1.305314246
   3  H       1.00   -0.109333794    1.558419611    1.966619886
   4  H1      1.00    1.933752738    0.168868435   -2.117291609
   5  H2      1.00   -0.999734744   -1.628207788   -2.085977421
   6  H3      1.00   -1.098028635    1.613474778   -2.067928317

 Bond lengths in Bohr (Angstrom)

 1-2  2.686342669  1-4  2.064259760  1-5  2.057246670  1-6  2.064002512  2-3  1.808142977
     ( 1.421551321)     ( 1.092359222)     ( 1.088648055)     ( 1.092223093)     ( 0.956828058)

 Bond angles

  1-2-3  108.54359277   2-1-4  111.30617531   2-1-5  107.59270837   2-1-6  111.87237669

  4-1-5  113.17417203   4-1-6  108.89686226   5-1-6  103.80291467

 NUCLEAR CHARGE:                   18
 NUMBER OF PRIMITIVE AOS:         242
 NUMBER OF SYMMETRY AOS:          216
 NUMBER OF CONTRACTIONS:          184   (  184A   )
 NUMBER OF INNER CORE ORBITALS:     0   (    0A   )
 NUMBER OF OUTER CORE ORBITALS:     2   (    2A   )
 NUMBER OF VALENCE ORBITALS:       12   (   12A   )


 NUCLEAR REPULSION ENERGY   40.32598510

 Eigenvalues of metric

         1 0.617E-04 0.737E-04 0.930E-04 0.207E-03 0.414E-03 0.474E-03 0.751E-03 0.780E-03


 Contracted 2-electron integrals neglected if value below      1.0D-11
 AO integral compression algorithm  1   Integral accuracy      1.0D-11

     715.653 MB (compressed) written to integral file ( 52.7%)


 NUMBER OF SORTED TWO-ELECTRON INTEGRALS:  144848710.     BUFFER LENGTH:  32768
 NUMBER OF SEGMENTS:  10  SEGMENT LENGTH:   15999503      RECORD LENGTH: 524288

 Memory used in sort:      16.56 MW

 SORT1 READ   169623812. AND WROTE   143601528. INTEGRALS IN    414 RECORDS. CPU TIME:     1.13 SEC, REAL TIME:     1.70 SEC
 SORT2 READ   143601528. AND WROTE   144848710. INTEGRALS IN   2730 RECORDS. CPU TIME:     1.23 SEC, REAL TIME:     1.62 SEC

 FILE SIZES:   FILE 1:   746.9 MBYTE,  FILE 4:  1736.5 MBYTE,   TOTAL:   2483.4 MBYTE

 OPERATOR DM      FOR CENTER  0  COORDINATES:    0.000000    0.000000    0.000000


 **********************************************************************************************************************************
 DATASETS  * FILE   NREC   LENGTH (MB)   RECORD NAMES
              1      19      627.96       500      610      700      900      950      970     1000      129      960     1100   
                                          VAR    BASINP    GEOM    SYMINP    ZMAT    AOBASIS   BASIS     P2S    ABASIS      S 
                                         1400     1410     1200     1210     1080     1600     1650     1300     1700   
                                           T        V       H0       H01     AOSYM     SMH    MOLCAS    ERIS     OPER   

              2       8        3.26       700     1000      520     2100      200     2101     8500     9001   
                                         GEOM     BASIS   MCVARS     RHF    OPTIONS    RHF     CPHF    DEN_MP2    

 PROGRAMS   *        TOTAL       INT      CCSD    HF-SCF      CCSD    HF-SCF      CCSD    HF-SCF      CCSD    HF-SCF      CCSD
 CPU TIMES  *     33845.03     21.04    319.48     18.74    727.21     86.46    718.78    101.76    725.55    110.29    765.56
 REAL TIME  *      5074.11 SEC
 DISK USED  *         2.32 GB
 **********************************************************************************************************************************


 Program * Restricted Hartree-Fock

 Molecular orbitals read from record     2101.2  Type=RHF/CANONICAL (state 1.1)

 Initial occupancy:   9

 NELEC=   18   SYM=1   MS2= 0   THRE=1.0D-09   THRD=1.0D-07   THRG=1.0D-07  HFMA2=F  DIIS_START=2   DIIS_MAX=10   DIIS_INCORE=F

 Level shifts:    0.00 (CLOSED)    0.00 (OPEN)    0.30 (GAP_MIN)

 ITER           ETOT              DE          GRAD        DDIFF     DIIS  NEXP   TIME(IT)  TIME(TOT)  DIAG
   1     -115.08892623    -115.08892623     0.00D+00     0.47D-01     0     0       9.61      9.61    start
   2     -115.09025908      -0.00133284     0.87D-03     0.98D-03     1     0       8.58     18.19    diag
   3     -115.09040071      -0.00014163     0.21D-03     0.24D-03     2     0       9.39     27.58    diag
   4     -115.09041195      -0.00001124     0.48D-04     0.65D-04     3     0       9.20     36.78    diag
   5     -115.09041256      -0.00000061     0.12D-04     0.16D-04     4     0       9.27     46.05    diag
   6     -115.09041264      -0.00000008     0.52D-05     0.50D-05     5     0       9.21     55.26    diag
   7     -115.09041265      -0.00000001     0.18D-05     0.22D-05     6     0       9.19     64.45    diag
   8     -115.09041265      -0.00000000     0.44D-06     0.64D-06     7     0       9.19     73.64    fixocc
   9     -115.09041265      -0.00000000     0.11D-06     0.16D-06     8     0       8.51     82.15    diag
  10     -115.09041265      -0.00000000     0.26D-07     0.40D-07     9     0       8.97     91.12    diag/orth
  11     -115.09041265      -0.00000000     0.63D-08     0.87D-08     0     0       9.26    100.38    diag

 Final occupancy:   9

 !RHF STATE 1.1 Energy               -115.090412650017
  RHF One-electron energy            -236.885732726628
  RHF Two-electron energy              81.469334981185
  RHF Kinetic energy                  114.923171825694
  RHF Nuclear energy                   40.325985095426
  RHF Virial quotient                  -1.001455240242

 !RHF STATE 1.1 Dipole moment          -0.05930647     0.60373540    -0.39500512
 Dipole moment /Debye                  -0.15074201     1.53454232    -1.00400288

 Orbital energies:

           1.1          2.1          3.1          4.1          5.1          6.1          7.1          8.1          9.1         10.1
    -20.557893   -11.271439    -1.357492    -0.926315    -0.691269    -0.626123    -0.590100    -0.498982    -0.453918     0.028294

          11.1
      0.043142


 HOMO      9.1    -0.453918 =     -12.3517eV
 LUMO     10.1     0.028294 =       0.7699eV
 LUMO-HOMO         0.482212 =      13.1217eV

 Orbitals saved in record  2101.2


 **********************************************************************************************************************************
 DATASETS  * FILE   NREC   LENGTH (MB)   RECORD NAMES
              1      19      627.96       500      610      700      900      950      970     1000      129      960     1100   
                                          VAR    BASINP    GEOM    SYMINP    ZMAT    AOBASIS   BASIS     P2S    ABASIS      S 
                                         1400     1410     1200     1210     1080     1600     1650     1300     1700   
                                           T        V       H0       H01     AOSYM     SMH    MOLCAS    ERIS     OPER   

              2       8        3.26       700     1000      520     2100      200     2101     8500     9001   
                                         GEOM     BASIS   MCVARS     RHF    OPTIONS    RHF     CPHF    DEN_MP2    

 PROGRAMS   *        TOTAL    HF-SCF       INT      CCSD    HF-SCF      CCSD    HF-SCF      CCSD    HF-SCF      CCSD    HF-SCF
 CPU TIMES  *     33945.46    100.43     21.04    319.48     18.74    727.21     86.46    718.78    101.76    725.55    110.29
 REAL TIME  *      5089.89 SEC
 DISK USED  *         2.32 GB
 **********************************************************************************************************************************


 PROGRAM * CCSD (Closed-shell coupled cluster)     Authors: C. Hampel, H.-J. Werner, 1991, M. Deegan, P.J. Knowles, 1992


 Convergence thresholds:  THRVAR = 1.00D-12  THRDEN = 1.00D-08

 Using ITF CCSD gradient implementation

 Number of core orbitals:           2 (   2 )
 Number of closed-shell orbitals:   7 (   7 )
 Number of external orbitals:     175 ( 175 )

 Molecular orbitals read from record     2101.2  Type=RHF/CANONICAL (state 1.1)

 Integral transformation finished. Total CPU:  20.68 sec, npass=  1  Memory used:  27.38 MW
  Reference energy                   -115.090412650017

  MP2 correlation energy               -0.436874330791
  MP2 total energy                   -115.527286980809

 ITER.      SQ.NORM     CORR.ENERGY   TOTAL ENERGY   ENERGY CHANGE        DEN1      VAR(S)    VAR(P)  DIIS     TIME
   1      1.12046014    -0.45332894  -115.54374159    -0.01645461    -0.00559279  1.69e-03  1.94e-03  1  1    19.69
   2      1.12846842    -0.45431661  -115.54472926    -0.00098768    -0.00936429  4.22e-05  2.70e-04  2  2    39.74
   3      1.13086405    -0.45443603  -115.54484868    -0.00011942    -0.00140957  4.48e-06  3.51e-05  3  3    60.46
   4      1.13211929    -0.45443905  -115.54485170    -0.00000302    -0.00092571  1.44e-07  3.39e-06  4  4    81.63
   5      1.13242359    -0.45441834  -115.54483099     0.00002072    -0.00019179  1.86e-08  3.23e-07  5  5   102.05
   6      1.13250364    -0.45441585  -115.54482850     0.00000249    -0.00004932  3.75e-10  1.47e-08  6  0   121.94
   7      1.13251196    -0.45441468  -115.54482733     0.00000117    -0.00000623  6.30e-11  1.06e-09  6  1   142.20
   8      1.13251219    -0.45441453  -115.54482718     0.00000014    -0.00000046  4.27e-12  1.06e-10  6  2   162.32
   9      1.13251211    -0.45441452  -115.54482717     0.00000002     0.00000001  1.83e-13  1.12e-11  6  3   183.38
  10      1.13251217    -0.45441451  -115.54482716     0.00000000    -0.00000004  2.93e-14  7.65e-13         203.62

 Norm of t1 vector:      0.05270745     S-energy:      0.00000000   T1 diagnostic:  0.00996077

 Time per iteration:                     20.37 sec

 RESULTS
 =======

  Reference energy                   -115.090412650017
  CCSD correlation energy              -0.454414511090
 !CCSD total energy                  -115.544827161108

 Starting CP-CCSD iterations.   Author: W. Gyorffy (2012)

 ITER.      NRM1           NRM2      VAR(S)+VAR(P)   DIIS    TIME
   1     0.00164109     0.38349664     5.27e-04      1  1   23.08
   2     0.00148859     0.37968371     3.84e-05      2  2   45.37
   3     0.00138278     0.37919945     4.78e-06      3  3   67.08
   4     0.00133193     0.37880531     9.15e-07      4  4   89.33
   5     0.00130368     0.37870961     9.62e-08      5  5  111.58
   6     0.00129297     0.37867537     9.82e-09      6  0  136.26
   7     0.00129007     0.37867124     1.15e-09      6  1  158.92
   8     0.00128932     0.37866991     1.46e-10      6  2  182.26
   9     0.00128918     0.37866978     1.92e-11      6  3  208.05
  10     0.00128914     0.37866973     2.48e-12      6  4  231.38
  11     0.00128915     0.37866972     2.98e-13            253.29


 Time per iteration:                     23.03 sec


 Starting Coupled-perturbed Hartree-Fock, convergence threshold= 1.0D-06

 ITER   MIC  DIIS      VAR         VARC       CPU
   1     0     1    0.47D-02    0.12D-02     9.25
   2     4     2    0.18D-03    0.52D-04    18.68
   3     4     3    0.45D-05    0.83D-06    28.01
   4     2     4    0.45D-06    0.38D-07    37.02

 CPHF convergence reached in  4 macroiterations and   10 microiterations.   Accuracy: 4.4966D-07

 CPHF solution written to record  8500.2

 Dipole moments (unrelaxed):           -0.05895046     0.56766743    -0.36978528
 Orbital relaxation contribution:       0.00020851     0.00407776    -0.00304867
 !CCSD STATE 1.1 Dipole moment         -0.05874195     0.57174519    -0.37283394
 Dipole moment /Debye                  -0.14930714     1.45323132    -0.94764935

 CPU-time for coupled-perturbed hartree-fock:         37.06 sec

 Number of N-1 electron functions:               7
 Number of N-2 electron functions:              28
 Number of singly external CSFs:              1225
 Number of doubly external CSFs:            750925
 Total number of CSFs:                      752151

 CCSD gradient info saved on record        55555.1




 **********************************************************************************************************************************
 DATASETS  * FILE   NREC   LENGTH (MB)   RECORD NAMES
              1      21      863.96       500      610      700      900      950      970     1000      129      960     1100   
                                          VAR    BASINP    GEOM    SYMINP    ZMAT    AOBASIS   BASIS     P2S    ABASIS      S 
                                         1400     1410     1200     1210     1080     1600     1650     1300     1700     1380   
                                           T        V       H0       H01     AOSYM     SMH    MOLCAS    ERIS     OPER     JKOP   
                                        55555   
                                         CCSD   

              2       8        3.26       700     1000      520     2100      200     2101     8500     9001   
                                         GEOM     BASIS   MCVARS     RHF    OPTIONS    RHF     CPHF    DEN_MP2    

 PROGRAMS   *        TOTAL      CCSD    HF-SCF       INT      CCSD    HF-SCF      CCSD    HF-SCF      CCSD    HF-SCF      CCSD
 CPU TIMES  *     34662.22    716.75    100.43     21.04    319.48     18.74    727.21     86.46    718.78    101.76    725.55
 REAL TIME  *      5188.36 SEC
 DISK USED  *         2.32 GB
 **********************************************************************************************************************************

 Inactive variables:    AHH2

 Active variables:      RCO ROH ACOH RCH1 AOCH1 AHH1
                        RCH2 AOCH2 RCH3 AOCH3 AHH3

 Geometry written to block  1 of record 700

 XYZ inputs for each point on the optimization path will be saved in files ch3oh_maxima_mp2_xx.xyz

 Making model hessian for Z-matrix coordinates

 Entering Rational Function Geometry Optimization

 ITER.   ENERGY(OLD)    ENERGY(NEW)      DE          GRADMAX     GRADNORM    GRADRMS     STEPMAX     STEPLEN     STEPRMS   CPU-time
   1  -115.54482716  -115.54529616    -0.00046900  0.00848404  0.01308861  0.00394636  0.03490659  0.04987209  0.00453383   1975.77
   2  -115.54529616  -115.54550733    -0.00021116  0.00516745  0.00714615  0.00215465  0.03490659  0.04990120  0.00453647   3108.15
   3  -115.54550733  -115.54554132    -0.00003399  0.00211980  0.00299536  0.00090314  0.02029714  0.02614330  0.00237666   4196.01
   4  -115.54554132  -115.54554154    -0.00000022  0.00024819  0.00037428  0.00011285  0.00097546  0.00131407  0.00011946   5261.84

 END OF GEOMETRY OPTIMIZATION.

 Optimized variables
 RCO=                 1.42203045 ANGSTROM
 ROH=                 0.95654106 ANGSTROM
 ACOH=              108.60254210 DEGREE
 RCH1=                1.09212278 ANGSTROM
 AOCH1=             111.08582238 DEGREE
 AHH1=               95.41729502 DEGREE
 RCH2=                1.08894703 ANGSTROM
 AOCH2=             107.86041208 DEGREE
 RCH3=                1.09199079 ANGSTROM
 AOCH3=             111.88701877 DEGREE
 AHH3=              333.56757204 DEGREE

 **********************************************************************************************************************************

 Geometry written to block  1 of record 700

 Recomputing wavefunction for reoriented structure

 Current geometry (xyz format, in Angstrom)


 Dump information in style XYZ to ch3oh_maxima_mp2.xyz                                                            

    6
 CCSD/AUG-CC-PVTZ  ENERGY=-115.54554154
 C          0.0012682261        0.0121381693       -0.7291242187
 O          0.0005845653       -0.0647995902        0.6908232157
 H          0.0024433821        0.8239269288        1.0445639744
 H          1.0156874316       -0.0649322791       -1.1262967213
 H         -0.5949409008       -0.8162417885       -1.1087647782
 H         -0.4475816006        0.9411916314       -1.0866677494

 **********************************************************************************************************************************


 **********************************************************************************************************************************
 DATASETS  * FILE   NREC   LENGTH (MB)   RECORD NAMES
              1      21      857.92       500      610      700      900      950      970     1000      129      960     1100   
                                          VAR    BASINP    GEOM    SYMINP    ZMAT    AOBASIS   BASIS     P2S    ABASIS      S 
                                         1400     1410     1200     1210     1080     1600     1650     1300     1700     1380   
                                           T        V       H0       H01     AOSYM     SMH    MOLCAS    ERIS     OPER     JKOP   
                                        55555   
                                         CCSD   

              2       8        3.26       700     1000      520     2100      200     2101     8500     9001   
                                         GEOM     BASIS   MCVARS     RHF    OPTIONS    RHF     CPHF    DEN_MP2    

 PROGRAMS   *        TOTAL      OPTG    HF-SCF      CCSD    HF-SCF      CCSD    HF-SCF      CCSD    HF-SCF      CCSD    HF-SCF
 CPU TIMES  *     39418.07    313.34     18.87    706.59     87.65    716.70     96.75    751.16    103.91    751.77    115.43
 REAL TIME  *      5896.45 SEC
 DISK USED  *         2.32 GB
 **********************************************************************************************************************************

 DO I                   =       220.00000000   
 SETTING AHH2           =       220.00000000                                  


 PROGRAM * OPT (Geometry optimization)     Authors: F. Eckert and H.-J. Werner


 BFGS update of hessian

 Geometry optimization using procedure=RUNCCSD

 Running procedure: RUNCCSD


 Recomputing integrals since geometry changed


 PROGRAM * SEWARD (Integral evaluation for generally contracted gaussian basis sets)     Author: Roland Lindh, 1990

 Geometry written to block  1 of record 700

 Orientation using atomic masses  
 Molecule type: Asymmetric top
 Rotational constants:      24.0001195     24.6397524    128.8263729 GHz  (calculated with average atomic masses)

 Point group  C1  



 ATOMIC COORDINATES

 NR  ATOM    CHARGE       X              Y              Z

   1  C       6.00    0.012327521    0.014878998   -1.378041437
   2  O       8.00    0.004350169   -0.120634165    1.305775780
   3  H       1.00   -0.063850685    1.559989908    1.967796494
   4  H1      1.00    1.937159129   -0.055087478   -2.119291660
   5  H2      1.00   -1.185601607   -1.499281223   -2.089991865
   6  H3      1.00   -0.903658128    1.731945138   -2.064298352

 Bond lengths in Bohr (Angstrom)

 1-2  2.687248093  1-4  2.063812956  1-5  2.057811649  1-6  2.063563518  2-3  1.807600636
     ( 1.422030451)     ( 1.092122784)     ( 1.088947029)     ( 1.091990787)     ( 0.956541063)

 Bond angles

  1-2-3  108.60254210   2-1-4  111.08582238   2-1-5  107.86041208   2-1-6  111.88701877

  4-1-5  113.18665809   4-1-6  108.82983326   5-1-6  103.81572831

 NUCLEAR CHARGE:                   18
 NUMBER OF PRIMITIVE AOS:         242
 NUMBER OF SYMMETRY AOS:          216
 NUMBER OF CONTRACTIONS:          184   (  184A   )
 NUMBER OF INNER CORE ORBITALS:     0   (    0A   )
 NUMBER OF OUTER CORE ORBITALS:     2   (    2A   )
 NUMBER OF VALENCE ORBITALS:       12   (   12A   )


 NUCLEAR REPULSION ENERGY   40.31946807

 Eigenvalues of metric

         1 0.617E-04 0.733E-04 0.943E-04 0.208E-03 0.415E-03 0.469E-03 0.753E-03 0.782E-03


 Contracted 2-electron integrals neglected if value below      1.0D-11
 AO integral compression algorithm  1   Integral accuracy      1.0D-11

     715.653 MB (compressed) written to integral file ( 52.7%)


 NUMBER OF SORTED TWO-ELECTRON INTEGRALS:  144848710.     BUFFER LENGTH:  32768
 NUMBER OF SEGMENTS:  10  SEGMENT LENGTH:   15999503      RECORD LENGTH: 524288

 Memory used in sort:      16.56 MW

 SORT1 READ   169623812. AND WROTE   143611919. INTEGRALS IN    414 RECORDS. CPU TIME:     1.12 SEC, REAL TIME:     1.69 SEC
 SORT2 READ   143611919. AND WROTE   144848710. INTEGRALS IN   2730 RECORDS. CPU TIME:     1.22 SEC, REAL TIME:     1.64 SEC

 FILE SIZES:   FILE 1:   746.9 MBYTE,  FILE 4:  1736.5 MBYTE,   TOTAL:   2483.4 MBYTE

 OPERATOR DM      FOR CENTER  0  COORDINATES:    0.000000    0.000000    0.000000


 **********************************************************************************************************************************
 DATASETS  * FILE   NREC   LENGTH (MB)   RECORD NAMES
              1      19      627.85       500      610      700      900      950      970     1000      129      960     1100   
                                          VAR    BASINP    GEOM    SYMINP    ZMAT    AOBASIS   BASIS     P2S    ABASIS      S 
                                         1400     1410     1200     1210     1080     1600     1650     1300     1700   
                                           T        V       H0       H01     AOSYM     SMH    MOLCAS    ERIS     OPER   

              2       8        3.26       700     1000      520     2100      200     2101     8500     9001   
                                         GEOM     BASIS   MCVARS     RHF    OPTIONS    RHF     CPHF    DEN_MP2    

 PROGRAMS   *        TOTAL       INT      CCSD    HF-SCF      CCSD    HF-SCF      CCSD    HF-SCF      CCSD    HF-SCF      CCSD
 CPU TIMES  *     39439.17     21.08    313.34     18.87    706.59     87.65    716.70     96.75    751.16    103.91    751.77
 REAL TIME  *      5905.06 SEC
 DISK USED  *         2.32 GB
 **********************************************************************************************************************************


 Program * Restricted Hartree-Fock

 Molecular orbitals read from record     2101.2  Type=RHF/CANONICAL (state 1.1)

 Initial occupancy:   9

 NELEC=   18   SYM=1   MS2= 0   THRE=1.0D-09   THRD=1.0D-07   THRG=1.0D-07  HFMA2=F  DIIS_START=2   DIIS_MAX=10   DIIS_INCORE=F

 Level shifts:    0.00 (CLOSED)    0.00 (OPEN)    0.30 (GAP_MIN)

 ITER           ETOT              DE          GRAD        DDIFF     DIIS  NEXP   TIME(IT)  TIME(TOT)  DIAG
   1     -115.08967037    -115.08967037     0.00D+00     0.47D-01     0     0       9.67      9.68    start
   2     -115.09016154      -0.00049117     0.56D-03     0.70D-03     1     0       9.37     19.05    diag
   3     -115.09020078      -0.00003924     0.12D-03     0.14D-03     2     0      11.37     30.42    diag
   4     -115.09020407      -0.00000329     0.28D-04     0.32D-04     3     0      12.68     43.10    diag
   5     -115.09020437      -0.00000030     0.77D-05     0.10D-04     4     0       9.55     52.65    diag
   6     -115.09020441      -0.00000003     0.29D-05     0.33D-05     5     0       9.27     61.92    diag
   7     -115.09020441      -0.00000000     0.12D-05     0.13D-05     6     0       9.34     71.26    diag
   8     -115.09020441      -0.00000000     0.28D-06     0.39D-06     7     0       9.30     80.56    fixocc
   9     -115.09020441      -0.00000000     0.65D-07     0.96D-07     8     0       9.31     89.87    diag
  10     -115.09020441      -0.00000000     0.18D-07     0.24D-07     0     0       9.29     99.16    diag/orth

 Final occupancy:   9

 !RHF STATE 1.1 Energy               -115.090204411055
  RHF One-electron energy            -236.873483778149
  RHF Two-electron energy              81.463811298509
  RHF Kinetic energy                  114.923058350997
  RHF Nuclear energy                   40.319468068586
  RHF Virial quotient                  -1.001454417090

 !RHF STATE 1.1 Dipole moment          -0.04093751     0.60887176    -0.39560760
 Dipole moment /Debye                  -0.10405276     1.54759766    -1.00553422

 Orbital energies:

           1.1          2.1          3.1          4.1          5.1          6.1          7.1          8.1          9.1         10.1
    -20.557680   -11.271483    -1.357279    -0.926354    -0.691362    -0.626181    -0.589966    -0.498699    -0.453930     0.028238

          11.1
      0.043143


 HOMO      9.1    -0.453930 =     -12.3521eV
 LUMO     10.1     0.028238 =       0.7684eV
 LUMO-HOMO         0.482167 =      13.1204eV

 Orbitals saved in record  2101.2


 **********************************************************************************************************************************
 DATASETS  * FILE   NREC   LENGTH (MB)   RECORD NAMES
              1      19      627.85       500      610      700      900      950      970     1000      129      960     1100   
                                          VAR    BASINP    GEOM    SYMINP    ZMAT    AOBASIS   BASIS     P2S    ABASIS      S 
                                         1400     1410     1200     1210     1080     1600     1650     1300     1700   
                                           T        V       H0       H01     AOSYM     SMH    MOLCAS    ERIS     OPER   

              2       8        3.26       700     1000      520     2100      200     2101     8500     9001   
                                         GEOM     BASIS   MCVARS     RHF    OPTIONS    RHF     CPHF    DEN_MP2    

 PROGRAMS   *        TOTAL    HF-SCF       INT      CCSD    HF-SCF      CCSD    HF-SCF      CCSD    HF-SCF      CCSD    HF-SCF
 CPU TIMES  *     39538.38     99.20     21.08    313.34     18.87    706.59     87.65    716.70     96.75    751.16    103.91
 REAL TIME  *      5920.55 SEC
 DISK USED  *         2.32 GB
 **********************************************************************************************************************************


 PROGRAM * CCSD (Closed-shell coupled cluster)     Authors: C. Hampel, H.-J. Werner, 1991, M. Deegan, P.J. Knowles, 1992


 Convergence thresholds:  THRVAR = 1.00D-12  THRDEN = 1.00D-08

 Using ITF CCSD gradient implementation

 Number of core orbitals:           2 (   2 )
 Number of closed-shell orbitals:   7 (   7 )
 Number of external orbitals:     175 ( 175 )

 Molecular orbitals read from record     2101.2  Type=RHF/CANONICAL (state 1.1)

 Integral transformation finished. Total CPU:  20.70 sec, npass=  1  Memory used:  27.38 MW
  Reference energy                   -115.090204411055

  MP2 correlation energy               -0.436880418929
  MP2 total energy                   -115.527084829984

 ITER.      SQ.NORM     CORR.ENERGY   TOTAL ENERGY   ENERGY CHANGE        DEN1      VAR(S)    VAR(P)  DIIS     TIME
   1      1.12046451    -0.45333799  -115.54354240    -0.01645757    -0.00559582  1.70e-03  1.94e-03  1  1    22.36
   2      1.12847567    -0.45432614  -115.54453055    -0.00098814    -0.00936409  4.21e-05  2.71e-04  2  2    44.81
   3      1.13087414    -0.45444555  -115.54464996    -0.00011941    -0.00141011  4.48e-06  3.51e-05  3  3    65.80
   4      1.13213087    -0.45444860  -115.54465302    -0.00000305    -0.00092583  1.44e-07  3.40e-06  4  4    87.44
   5      1.13243544    -0.45442787  -115.54463228     0.00002073    -0.00019172  1.86e-08  3.23e-07  5  5   107.08
   6      1.13251564    -0.45442539  -115.54462980     0.00000248    -0.00004933  3.81e-10  1.47e-08  6  0   126.17
   7      1.13252399    -0.45442422  -115.54462863     0.00000117    -0.00000623  6.33e-11  1.07e-09  6  1   146.96
   8      1.13252422    -0.45442407  -115.54462848     0.00000014    -0.00000047  4.29e-12  1.07e-10  6  2   168.03
   9      1.13252415    -0.45442405  -115.54462847     0.00000002     0.00000001  1.87e-13  1.13e-11  6  3   190.22
  10      1.13252420    -0.45442405  -115.54462846     0.00000000    -0.00000004  2.93e-14  7.68e-13         210.10

 Norm of t1 vector:      0.05277493     S-energy:      0.00000001   T1 diagnostic:  0.00997352

 Time per iteration:                     21.01 sec

 RESULTS
 =======

  Reference energy                   -115.090204411055
  CCSD correlation energy              -0.454424050333
 !CCSD total energy                  -115.544628461388

 Starting CP-CCSD iterations.   Author: W. Gyorffy (2012)

 ITER.      NRM1           NRM2      VAR(S)+VAR(P)   DIIS    TIME
   1     0.00164535     0.38352759     5.28e-04      1  1   24.62
   2     0.00149241     0.37970982     3.85e-05      2  2   49.30
   3     0.00138614     0.37922491     4.81e-06      3  3   71.44
   4     0.00133497     0.37882972     9.22e-07      4  4   94.77
   5     0.00130650     0.37873354     9.76e-08      5  5  117.30
   6     0.00129566     0.37869901     1.00e-08      6  0  142.14
   7     0.00129272     0.37869481     1.16e-09      6  1  164.71
   8     0.00129196     0.37869346     1.46e-10      6  2  188.92
   9     0.00129182     0.37869334     1.91e-11      6  3  211.19
  10     0.00129178     0.37869328     2.45e-12      6  4  232.94
  11     0.00129179     0.37869328     2.98e-13            258.03


 Time per iteration:                     23.46 sec


 Starting Coupled-perturbed Hartree-Fock, convergence threshold= 1.0D-06

 ITER   MIC  DIIS      VAR         VARC       CPU
   1     0     1    0.47D-02    0.12D-02     9.24
   2     4     2    0.18D-03    0.52D-04    17.83
   3     4     3    0.45D-05    0.83D-06    27.87
   4     2     4    0.45D-06    0.37D-07    37.24

 CPHF convergence reached in  4 macroiterations and   10 microiterations.   Accuracy: 4.4734D-07

 CPHF solution written to record  8500.2

 Dipole moments (unrelaxed):           -0.04152511     0.57305600    -0.37047377
 Orbital relaxation contribution:       0.00030159     0.00401917    -0.00302990
 !CCSD STATE 1.1 Dipole moment         -0.04122353     0.57707517    -0.37350367
 Dipole moment /Debye                  -0.10477975     1.46677877    -0.94935163

 CPU-time for coupled-perturbed hartree-fock:         37.29 sec

 Number of N-1 electron functions:               7
 Number of N-2 electron functions:              28
 Number of singly external CSFs:              1225
 Number of doubly external CSFs:            750925
 Total number of CSFs:                      752151

 CCSD gradient info saved on record        55555.1




 **********************************************************************************************************************************
 DATASETS  * FILE   NREC   LENGTH (MB)   RECORD NAMES
              1      21      863.85       500      610      700      900      950      970     1000      129      960     1100   
                                          VAR    BASINP    GEOM    SYMINP    ZMAT    AOBASIS   BASIS     P2S    ABASIS      S 
                                         1400     1410     1200     1210     1080     1600     1650     1300     1700     1380   
                                           T        V       H0       H01     AOSYM     SMH    MOLCAS    ERIS     OPER     JKOP   
                                        55555   
                                         CCSD   

              2       8        3.26       700     1000      520     2100      200     2101     8500     9001   
                                         GEOM     BASIS   MCVARS     RHF    OPTIONS    RHF     CPHF    DEN_MP2    

 PROGRAMS   *        TOTAL      CCSD    HF-SCF       INT      CCSD    HF-SCF      CCSD    HF-SCF      CCSD    HF-SCF      CCSD
 CPU TIMES  *     40262.11    723.73     99.20     21.08    313.34     18.87    706.59     87.65    716.70     96.75    751.16
 REAL TIME  *      6019.66 SEC
 DISK USED  *         2.32 GB
 **********************************************************************************************************************************

 Inactive variables:    AHH2

 Active variables:      RCO ROH ACOH RCH1 AOCH1 AHH1
                        RCH2 AOCH2 RCH3 AOCH3 AHH3

 Geometry written to block  1 of record 700

 XYZ inputs for each point on the optimization path will be saved in files ch3oh_maxima_mp2_xx.xyz

 Making model hessian for Z-matrix coordinates

 Entering Rational Function Geometry Optimization

 ITER.   ENERGY(OLD)    ENERGY(NEW)      DE          GRADMAX     GRADNORM    GRADRMS     STEPMAX     STEPLEN     STEPRMS   CPU-time
   1  -115.54462846  -115.54509808    -0.00046962  0.00845423  0.01309200  0.00394739  0.03490659  0.04989682  0.00453607   1927.14
   2  -115.54509808  -115.54531183    -0.00021375  0.00521996  0.00719537  0.00216949  0.03490659  0.04995029  0.00454094   2996.13
   3  -115.54531183  -115.54534929    -0.00003746  0.00224142  0.00313719  0.00094590  0.02154611  0.02760557  0.00250960   4085.75
   4  -115.54534929  -115.54534953    -0.00000023  0.00025506  0.00038465  0.00011598  0.00102169  0.00137387  0.00012490   5163.66

 END OF GEOMETRY OPTIMIZATION.

 Optimized variables
 RCO=                 1.42248347 ANGSTROM
 ROH=                 0.95627080 ANGSTROM
 ACOH=              108.65901840 DEGREE
 RCH1=                1.09185659 ANGSTROM
 AOCH1=             110.82459818 DEGREE
 AHH1=              100.40578704 DEGREE
 RCH2=                1.08928180 ANGSTROM
 AOCH2=             108.15703151 DEGREE
 RCH3=                1.09176224 ANGSTROM
 AOCH3=             111.90991218 DEGREE
 AHH3=              338.81895681 DEGREE

 **********************************************************************************************************************************

 Geometry written to block  1 of record 700

 Recomputing wavefunction for reoriented structure

 Current geometry (xyz format, in Angstrom)


 Dump information in style XYZ to ch3oh_maxima_mp2.xyz                                                            

    6
 CCSD/AUG-CC-PVTZ  ENERGY=-115.54534953
 C          0.0011354898        0.0119961835       -0.7293650270
 O          0.0004114700       -0.0649469536        0.6910357752
 H          0.0036218290        0.8231801504        1.0455407473
 H          1.0043857974       -0.1548143917       -1.1266229646
 H         -0.6669451182       -0.7588784473       -1.1114061880
 H         -0.3611248540        0.9784882914       -1.0851813393

 **********************************************************************************************************************************


 **********************************************************************************************************************************
 DATASETS  * FILE   NREC   LENGTH (MB)   RECORD NAMES
              1      21      860.86       500      610      700      900      950      970     1000      129      960     1100   
                                          VAR    BASINP    GEOM    SYMINP    ZMAT    AOBASIS   BASIS     P2S    ABASIS      S 
                                         1400     1410     1200     1210     1080     1600     1650     1300     1700     1380   
                                           T        V       H0       H01     AOSYM     SMH    MOLCAS    ERIS     OPER     JKOP   
                                        55555   
                                         CCSD   

              2       8        3.26       700     1000      520     2100      200     2101     8500     9001   
                                         GEOM     BASIS   MCVARS     RHF    OPTIONS    RHF     CPHF    DEN_MP2    

 PROGRAMS   *        TOTAL      OPTG    HF-SCF      CCSD    HF-SCF      CCSD    HF-SCF      CCSD    HF-SCF      CCSD    HF-SCF
 CPU TIMES  *     44919.34    319.82     17.76    727.29     85.68    712.34     94.74    702.26     99.57    709.64    105.29
 REAL TIME  *      6714.25 SEC
 DISK USED  *         2.32 GB
 **********************************************************************************************************************************

 DO I                   =       225.00000000   
 SETTING AHH2           =       225.00000000                                  


 PROGRAM * OPT (Geometry optimization)     Authors: F. Eckert and H.-J. Werner


 BFGS update of hessian

 Geometry optimization using procedure=RUNCCSD

 Running procedure: RUNCCSD


 Recomputing integrals since geometry changed


 PROGRAM * SEWARD (Integral evaluation for generally contracted gaussian basis sets)     Author: Roland Lindh, 1990

 Geometry written to block  1 of record 700

 Orientation using atomic masses  
 Molecule type: Asymmetric top
 Rotational constants:      23.9880694     24.6214681    128.8740154 GHz  (calculated with average atomic masses)

 Point group  C1  



 ATOMIC COORDINATES

 NR  ATOM    CHARGE       X              Y              Z

   1  C       6.00    0.011723050    0.013285515   -1.378526072
   2  O       8.00    0.000578019   -0.120799870    1.306208721
   3  H       1.00   -0.014677666    1.560292520    1.968982863
   4  H1      1.00    1.914112989   -0.284173230   -2.119929244
   5  H2      1.00   -1.358241946   -1.346110693   -2.094368723
   6  H3      1.00   -0.690064849    1.829176595   -2.061567417

 Bond lengths in Bohr (Angstrom)

 1-2  2.688104167  1-4  2.063309925  1-5  2.058444278  1-6  2.063131636  2-3  1.807089905
     ( 1.422483465)     ( 1.091856592)     ( 1.089281802)     ( 1.091762245)     ( 0.956270796)

 Bond angles

  1-2-3  108.65901840   2-1-4  110.82459818   2-1-5  108.15703151   2-1-6  111.90991218

  4-1-5  113.17008985   4-1-6  108.75694612   5-1-6  103.87123272

 NUCLEAR CHARGE:                   18
 NUMBER OF PRIMITIVE AOS:         242
 NUMBER OF SYMMETRY AOS:          216
 NUMBER OF CONTRACTIONS:          184   (  184A   )
 NUMBER OF INNER CORE ORBITALS:     0   (    0A   )
 NUMBER OF OUTER CORE ORBITALS:     2   (    2A   )
 NUMBER OF VALENCE ORBITALS:       12   (   12A   )


 NUCLEAR REPULSION ENERGY   40.31325752

 Eigenvalues of metric

         1 0.616E-04 0.729E-04 0.955E-04 0.209E-03 0.417E-03 0.463E-03 0.754E-03 0.784E-03


 Contracted 2-electron integrals neglected if value below      1.0D-11
 AO integral compression algorithm  1   Integral accuracy      1.0D-11

     715.915 MB (compressed) written to integral file ( 52.7%)


 NUMBER OF SORTED TWO-ELECTRON INTEGRALS:  144848710.     BUFFER LENGTH:  32768
 NUMBER OF SEGMENTS:  10  SEGMENT LENGTH:   15999503      RECORD LENGTH: 524288

 Memory used in sort:      16.56 MW

 SORT1 READ   169623812. AND WROTE   143619292. INTEGRALS IN    414 RECORDS. CPU TIME:     1.12 SEC, REAL TIME:     1.69 SEC
 SORT2 READ   143619292. AND WROTE   144848710. INTEGRALS IN   2731 RECORDS. CPU TIME:     1.23 SEC, REAL TIME:     1.64 SEC

 FILE SIZES:   FILE 1:   747.2 MBYTE,  FILE 4:  1736.5 MBYTE,   TOTAL:   2483.7 MBYTE

 OPERATOR DM      FOR CENTER  0  COORDINATES:    0.000000    0.000000    0.000000


 **********************************************************************************************************************************
 DATASETS  * FILE   NREC   LENGTH (MB)   RECORD NAMES
              1      19      628.04       500      610      700      900      950      970     1000      129      960     1100   
                                          VAR    BASINP    GEOM    SYMINP    ZMAT    AOBASIS   BASIS     P2S    ABASIS      S 
                                         1400     1410     1200     1210     1080     1600     1650     1300     1700   
                                           T        V       H0       H01     AOSYM     SMH    MOLCAS    ERIS     OPER   

              2       8        3.26       700     1000      520     2100      200     2101     8500     9001   
                                         GEOM     BASIS   MCVARS     RHF    OPTIONS    RHF     CPHF    DEN_MP2    

 PROGRAMS   *        TOTAL       INT      CCSD    HF-SCF      CCSD    HF-SCF      CCSD    HF-SCF      CCSD    HF-SCF      CCSD
 CPU TIMES  *     44940.49     21.15    319.82     17.76    727.29     85.68    712.34     94.74    702.26     99.57    709.64
 REAL TIME  *      6722.81 SEC
 DISK USED  *         2.32 GB
 **********************************************************************************************************************************


 Program * Restricted Hartree-Fock

 Molecular orbitals read from record     2101.2  Type=RHF/CANONICAL (state 1.1)

 Initial occupancy:   9

 NELEC=   18   SYM=1   MS2= 0   THRE=1.0D-09   THRD=1.0D-07   THRG=1.0D-07  HFMA2=F  DIIS_START=2   DIIS_MAX=10   DIIS_INCORE=F

 Level shifts:    0.00 (CLOSED)    0.00 (OPEN)    0.30 (GAP_MIN)

 ITER           ETOT              DE          GRAD        DDIFF     DIIS  NEXP   TIME(IT)  TIME(TOT)  DIAG
   1     -115.08965865    -115.08965865     0.00D+00     0.47D-01     0     0       9.37      9.37    start
   2     -115.08999504      -0.00033639     0.45D-03     0.60D-03     1     0       9.27     18.64    diag
   3     -115.09002325      -0.00002821     0.93D-04     0.12D-03     2     0       8.93     27.57    diag
   4     -115.09002581      -0.00000256     0.25D-04     0.30D-04     3     0       8.16     35.73    diag
   5     -115.09002600      -0.00000020     0.77D-05     0.97D-05     4     0       8.35     44.08    diag
   6     -115.09002602      -0.00000002     0.31D-05     0.30D-05     5     0       8.73     52.81    diag
   7     -115.09002603      -0.00000000     0.78D-06     0.98D-06     6     0       8.86     61.67    diag
   8     -115.09002603      -0.00000000     0.22D-06     0.33D-06     7     0       9.27     70.94    fixocc
   9     -115.09002603      -0.00000000     0.63D-07     0.93D-07     8     0       9.30     80.24    diag
  10     -115.09002603      -0.00000000     0.18D-07     0.22D-07     0     0       9.23     89.47    diag/orth

 Final occupancy:   9

 !RHF STATE 1.1 Energy               -115.090026025330
  RHF One-electron energy            -236.861771195147
  RHF Two-electron energy              81.458487653299
  RHF Kinetic energy                  114.922949263184
  RHF Nuclear energy                   40.313257516517
  RHF Virial quotient                  -1.001453815476

 !RHF STATE 1.1 Dipole moment          -0.01997626     0.61318594    -0.39612217
 Dipole moment /Debye                  -0.05077458     1.55856320    -1.00684213

 Orbital energies:

           1.1          2.1          3.1          4.1          5.1          6.1          7.1          8.1          9.1         10.1
    -20.557484   -11.271529    -1.357080    -0.926390    -0.691506    -0.626054    -0.589909    -0.498649    -0.453798     0.028185

          11.1
      0.043138


 HOMO      9.1    -0.453798 =     -12.3485eV
 LUMO     10.1     0.028185 =       0.7670eV
 LUMO-HOMO         0.481983 =      13.1154eV

 Orbitals saved in record  2101.2


 **********************************************************************************************************************************
 DATASETS  * FILE   NREC   LENGTH (MB)   RECORD NAMES
              1      19      628.04       500      610      700      900      950      970     1000      129      960     1100   
                                          VAR    BASINP    GEOM    SYMINP    ZMAT    AOBASIS   BASIS     P2S    ABASIS      S 
                                         1400     1410     1200     1210     1080     1600     1650     1300     1700   
                                           T        V       H0       H01     AOSYM     SMH    MOLCAS    ERIS     OPER   

              2       8        3.26       700     1000      520     2100      200     2101     8500     9001   
                                         GEOM     BASIS   MCVARS     RHF    OPTIONS    RHF     CPHF    DEN_MP2    

 PROGRAMS   *        TOTAL    HF-SCF       INT      CCSD    HF-SCF      CCSD    HF-SCF      CCSD    HF-SCF      CCSD    HF-SCF
 CPU TIMES  *     45030.00     89.51     21.15    319.82     17.76    727.29     85.68    712.34     94.74    702.26     99.57
 REAL TIME  *      6736.92 SEC
 DISK USED  *         2.32 GB
 **********************************************************************************************************************************


 PROGRAM * CCSD (Closed-shell coupled cluster)     Authors: C. Hampel, H.-J. Werner, 1991, M. Deegan, P.J. Knowles, 1992


 Convergence thresholds:  THRVAR = 1.00D-12  THRDEN = 1.00D-08

 Using ITF CCSD gradient implementation

 Number of core orbitals:           2 (   2 )
 Number of closed-shell orbitals:   7 (   7 )
 Number of external orbitals:     175 ( 175 )

 Molecular orbitals read from record     2101.2  Type=RHF/CANONICAL (state 1.1)

 Integral transformation finished. Total CPU:  21.49 sec, npass=  1  Memory used:  27.38 MW
  Reference energy                   -115.090026025330

  MP2 correlation energy               -0.436883152410
  MP2 total energy                   -115.526909177740

 ITER.      SQ.NORM     CORR.ENERGY   TOTAL ENERGY   ENERGY CHANGE        DEN1      VAR(S)    VAR(P)  DIIS     TIME
   1      1.12046731    -0.45334363  -115.54336966    -0.01646048    -0.00559875  1.70e-03  1.94e-03  1  1    20.74
   2      1.12848101    -0.45433215  -115.54435818    -0.00098852    -0.00936392  4.21e-05  2.71e-04  2  2    42.72
   3      1.13088205    -0.45445155  -115.54447757    -0.00011940    -0.00141058  4.49e-06  3.51e-05  3  3    63.11
   4      1.13214009    -0.45445463  -115.54448065    -0.00000308    -0.00092593  1.45e-07  3.40e-06  4  4    83.49
   5      1.13244490    -0.45443388  -115.54445990     0.00002075    -0.00019165  1.87e-08  3.24e-07  5  5   103.85
   6      1.13252523    -0.45443140  -115.54445743     0.00000248    -0.00004934  3.86e-10  1.48e-08  6  0   124.19
   7      1.13253361    -0.45443023  -115.54445625     0.00000117    -0.00000624  6.35e-11  1.07e-09  6  1   147.01
   8      1.13253385    -0.45443008  -115.54445611     0.00000014    -0.00000047  4.31e-12  1.07e-10  6  2   169.30
   9      1.13253378    -0.45443007  -115.54445609     0.00000002     0.00000001  1.90e-13  1.14e-11  6  3   189.55
  10      1.13253383    -0.45443006  -115.54445609     0.00000000    -0.00000004  2.93e-14  7.71e-13         209.33

 Norm of t1 vector:      0.05283707     S-energy:      0.00000001   T1 diagnostic:  0.00998527

 Time per iteration:                     20.94 sec

 RESULTS
 =======

  Reference energy                   -115.090026025330
  CCSD correlation energy              -0.454430061596
 !CCSD total energy                  -115.544456086926

 Starting CP-CCSD iterations.   Author: W. Gyorffy (2012)

 ITER.      NRM1           NRM2      VAR(S)+VAR(P)   DIIS    TIME
   1     0.00164925     0.38355151     5.29e-04      1  1   22.12
   2     0.00149591     0.37972922     3.86e-05      2  2   45.72
   3     0.00138922     0.37924373     4.83e-06      3  3   66.62
   4     0.00133775     0.37884756     9.29e-07      4  4   89.22
   5     0.00130908     0.37875093     9.89e-08      5  5  111.49
   6     0.00129812     0.37871616     1.02e-08      6  0  133.47
   7     0.00129513     0.37871189     1.17e-09      6  1  155.72
   8     0.00129436     0.37871052     1.46e-10      6  2  181.90
   9     0.00129422     0.37871040     1.90e-11      6  3  205.29
  10     0.00129419     0.37871034     2.42e-12      6  4  227.46
  11     0.00129419     0.37871034     2.97e-13            249.67


 Time per iteration:                     22.70 sec


 Starting Coupled-perturbed Hartree-Fock, convergence threshold= 1.0D-06

 ITER   MIC  DIIS      VAR         VARC       CPU
   1     0     1    0.47D-02    0.12D-02     9.29
   2     4     2    0.18D-03    0.52D-04    18.61
   3     4     3    0.45D-05    0.82D-06    27.41
   4     2     4    0.45D-06    0.36D-07    35.78

 CPHF convergence reached in  4 macroiterations and   10 microiterations.   Accuracy: 4.4511D-07

 CPHF solution written to record  8500.2

 Dipole moments (unrelaxed):           -0.02148091     0.57762512    -0.37106477
 Orbital relaxation contribution:       0.00038421     0.00396339    -0.00301286
 !CCSD STATE 1.1 Dipole moment         -0.02109670     0.58158851    -0.37407762
 Dipole moment /Debye                  -0.05362247     1.47825053    -0.95081048

 CPU-time for coupled-perturbed hartree-fock:         35.81 sec

 Number of N-1 electron functions:               7
 Number of N-2 electron functions:              28
 Number of singly external CSFs:              1225
 Number of doubly external CSFs:            750925
 Total number of CSFs:                      752151

 CCSD gradient info saved on record        55555.1




 **********************************************************************************************************************************
 DATASETS  * FILE   NREC   LENGTH (MB)   RECORD NAMES
              1      21      864.04       500      610      700      900      950      970     1000      129      960     1100   
                                          VAR    BASINP    GEOM    SYMINP    ZMAT    AOBASIS   BASIS     P2S    ABASIS      S 
                                         1400     1410     1200     1210     1080     1600     1650     1300     1700     1380   
                                           T        V       H0       H01     AOSYM     SMH    MOLCAS    ERIS     OPER     JKOP   
                                        55555   
                                         CCSD   

              2       8        3.26       700     1000      520     2100      200     2101     8500     9001   
                                         GEOM     BASIS   MCVARS     RHF    OPTIONS    RHF     CPHF    DEN_MP2    

 PROGRAMS   *        TOTAL      CCSD    HF-SCF       INT      CCSD    HF-SCF      CCSD    HF-SCF      CCSD    HF-SCF      CCSD
 CPU TIMES  *     45743.45    713.44     89.51     21.15    319.82     17.76    727.29     85.68    712.34     94.74    702.26
 REAL TIME  *      6834.81 SEC
 DISK USED  *         2.32 GB
 **********************************************************************************************************************************

 Inactive variables:    AHH2

 Active variables:      RCO ROH ACOH RCH1 AOCH1 AHH1
                        RCH2 AOCH2 RCH3 AOCH3 AHH3

 Geometry written to block  1 of record 700

 XYZ inputs for each point on the optimization path will be saved in files ch3oh_maxima_mp2_xx.xyz

 Making model hessian for Z-matrix coordinates

 Entering Rational Function Geometry Optimization

 ITER.   ENERGY(OLD)    ENERGY(NEW)      DE          GRADMAX     GRADNORM    GRADRMS     STEPMAX     STEPLEN     STEPRMS   CPU-time
   1  -115.54445609  -115.54492615    -0.00047006  0.00841492  0.01309206  0.00394740  0.03490659  0.04991810  0.00453801   1916.09
   2  -115.54492615  -115.54514229    -0.00021614  0.00525846  0.00724013  0.00218298  0.03490659  0.04999770  0.00454525   3009.18
   3  -115.54514229  -115.54518322    -0.00004093  0.00234781  0.00327209  0.00098657  0.02271943  0.02902738  0.00263885   4109.89
   4  -115.54518322  -115.54518347    -0.00000025  0.00026137  0.00039401  0.00011880  0.00105065  0.00142305  0.00012937   5166.36

 END OF GEOMETRY OPTIMIZATION.

 Optimized variables
 RCO=                 1.42287669 ANGSTROM
 ROH=                 0.95603730 ANGSTROM
 ACOH=              108.70883390 DEGREE
 RCH1=                1.09156577 ANGSTROM
 AOCH1=             110.52483292 DEGREE
 AHH1=              105.44000360 DEGREE
 RCH2=                1.08964724 ANGSTROM
 AOCH2=             108.47723716 DEGREE
 RCH3=                1.09155009 ANGSTROM
 AOCH3=             111.93971067 DEGREE
 AHH3=              344.14079447 DEGREE

 **********************************************************************************************************************************

 Geometry written to block  1 of record 700

 Recomputing wavefunction for reoriented structure

 Current geometry (xyz format, in Angstrom)


 Dump information in style XYZ to ch3oh_maxima_mp2.xyz                                                            

    6
 CCSD/AUG-CC-PVTZ  ENERGY=-115.54518347
 C          0.0009197129        0.0119207715       -0.7295731037
 O          0.0002405898       -0.0650750595        0.6912186706
 H          0.0041369743        0.8225160731        1.0464286452
 H          0.9852567957       -0.2435451404       -1.1262259678
 H         -0.7329482482       -0.6958147357       -1.1141239759
 H         -0.2712241441        1.0077515168       -1.0841720892

 **********************************************************************************************************************************


 **********************************************************************************************************************************
 DATASETS  * FILE   NREC   LENGTH (MB)   RECORD NAMES
              1      21      861.10       500      610      700      900      950      970     1000      129      960     1100   
                                          VAR    BASINP    GEOM    SYMINP    ZMAT    AOBASIS   BASIS     P2S    ABASIS      S 
                                         1400     1410     1200     1210     1080     1600     1650     1300     1700     1380   
                                           T        V       H0       H01     AOSYM     SMH    MOLCAS    ERIS     OPER     JKOP   
                                        55555   
                                         CCSD   

              2       8        3.26       700     1000      520     2100      200     2101     8500     9001   
                                         GEOM     BASIS   MCVARS     RHF    OPTIONS    RHF     CPHF    DEN_MP2    

 PROGRAMS   *        TOTAL      OPTG    HF-SCF      CCSD    HF-SCF      CCSD    HF-SCF      CCSD    HF-SCF      CCSD    HF-SCF
 CPU TIMES  *     50414.94    310.11     19.10    698.41     87.56    714.91    104.08    720.41     93.94    717.91    104.72
 REAL TIME  *      7533.52 SEC
 DISK USED  *         2.32 GB
 **********************************************************************************************************************************

 DO I                   =       230.00000000   
 SETTING AHH2           =       230.00000000                                  


 PROGRAM * OPT (Geometry optimization)     Authors: F. Eckert and H.-J. Werner


 BFGS update of hessian

 Geometry optimization using procedure=RUNCCSD

 Running procedure: RUNCCSD


 Recomputing integrals since geometry changed


 PROGRAM * SEWARD (Integral evaluation for generally contracted gaussian basis sets)     Author: Roland Lindh, 1990

 Geometry written to block  1 of record 700

 Orientation using atomic masses  
 Molecule type: Asymmetric top
 Rotational constants:      23.9726097     24.6108068    128.9146160 GHz  (calculated with average atomic masses)

 Point group  C1  



 ATOMIC COORDINATES

 NR  ATOM    CHARGE       X              Y              Z

   1  C       6.00    0.010813606    0.011957962   -1.378947402
   2  O       8.00   -0.003203122   -0.120830010    1.306582429
   3  H       1.00    0.033509337    1.559179426    1.970058055
   4  H1      1.00    1.864211561   -0.509526898   -2.119183713
   5  H2      1.00   -1.510583651   -1.174209777   -2.098942422
   6  H3      1.00   -0.465152003    1.900040491   -2.059725711

 Bond lengths in Bohr (Angstrom)

 1-2  2.688847260  1-4  2.062760343  1-5  2.059134854  1-6  2.062730716  2-3  1.806648669
     ( 1.422876694)     ( 1.091565765)     ( 1.089647239)     ( 1.091550087)     ( 0.956037304)

 Bond angles

  1-2-3  108.70883390   2-1-4  110.52483292   2-1-5  108.47723716   2-1-6  111.93971067

  4-1-5  113.12591595   4-1-6  108.68068081   5-1-6  103.96863698

 NUCLEAR CHARGE:                   18
 NUMBER OF PRIMITIVE AOS:         242
 NUMBER OF SYMMETRY AOS:          216
 NUMBER OF CONTRACTIONS:          184   (  184A   )
 NUMBER OF INNER CORE ORBITALS:     0   (    0A   )
 NUMBER OF OUTER CORE ORBITALS:     2   (    2A   )
 NUMBER OF VALENCE ORBITALS:       12   (   12A   )


 NUCLEAR REPULSION ENERGY   40.30781938

 Eigenvalues of metric

         1 0.615E-04 0.725E-04 0.966E-04 0.209E-03 0.418E-03 0.459E-03 0.756E-03 0.786E-03


 Contracted 2-electron integrals neglected if value below      1.0D-11
 AO integral compression algorithm  1   Integral accuracy      1.0D-11

     716.440 MB (compressed) written to integral file ( 52.8%)


 NUMBER OF SORTED TWO-ELECTRON INTEGRALS:  144848710.     BUFFER LENGTH:  32768
 NUMBER OF SEGMENTS:  10  SEGMENT LENGTH:   15999503      RECORD LENGTH: 524288

 Memory used in sort:      16.56 MW

 SORT1 READ   169623812. AND WROTE   143624476. INTEGRALS IN    414 RECORDS. CPU TIME:     1.13 SEC, REAL TIME:     1.68 SEC
 SORT2 READ   143624476. AND WROTE   144848710. INTEGRALS IN   2733 RECORDS. CPU TIME:     1.19 SEC, REAL TIME:     1.63 SEC

 FILE SIZES:   FILE 1:   747.7 MBYTE,  FILE 4:  1736.5 MBYTE,   TOTAL:   2484.2 MBYTE

 OPERATOR DM      FOR CENTER  0  COORDINATES:    0.000000    0.000000    0.000000


 **********************************************************************************************************************************
 DATASETS  * FILE   NREC   LENGTH (MB)   RECORD NAMES
              1      19      628.52       500      610      700      900      950      970     1000      129      960     1100   
                                          VAR    BASINP    GEOM    SYMINP    ZMAT    AOBASIS   BASIS     P2S    ABASIS      S 
                                         1400     1410     1200     1210     1080     1600     1650     1300     1700   
                                           T        V       H0       H01     AOSYM     SMH    MOLCAS    ERIS     OPER   

              2       8        3.26       700     1000      520     2100      200     2101     8500     9001   
                                         GEOM     BASIS   MCVARS     RHF    OPTIONS    RHF     CPHF    DEN_MP2    

 PROGRAMS   *        TOTAL       INT      CCSD    HF-SCF      CCSD    HF-SCF      CCSD    HF-SCF      CCSD    HF-SCF      CCSD
 CPU TIMES  *     50436.51     21.57    310.11     19.10    698.41     87.56    714.91    104.08    720.41     93.94    717.91
 REAL TIME  *      7542.21 SEC
 DISK USED  *         2.32 GB
 **********************************************************************************************************************************


 Program * Restricted Hartree-Fock

 Molecular orbitals read from record     2101.2  Type=RHF/CANONICAL (state 1.1)

 Initial occupancy:   9

 NELEC=   18   SYM=1   MS2= 0   THRE=1.0D-09   THRD=1.0D-07   THRG=1.0D-07  HFMA2=F  DIIS_START=2   DIIS_MAX=10   DIIS_INCORE=F

 Level shifts:    0.00 (CLOSED)    0.00 (OPEN)    0.30 (GAP_MIN)

 ITER           ETOT              DE          GRAD        DDIFF     DIIS  NEXP   TIME(IT)  TIME(TOT)  DIAG
   1     -115.08875857    -115.08875857     0.00D+00     0.47D-01     0     0       9.61      9.61    start
   2     -115.08975680      -0.00099823     0.69D-03     0.81D-03     1     0       9.40     19.01    diag
   3     -115.08988115      -0.00012435     0.18D-03     0.21D-03     2     0       9.30     28.31    diag
   4     -115.08989060      -0.00000944     0.45D-04     0.65D-04     3     0       9.07     37.38    diag
   5     -115.08989094      -0.00000035     0.11D-04     0.15D-04     4     0       9.36     46.74    diag
   6     -115.08989097      -0.00000002     0.38D-05     0.38D-05     5     0       9.32     56.06    diag
   7     -115.08989097      -0.00000000     0.78D-06     0.12D-05     6     0       9.00     65.06    diag
   8     -115.08989097      -0.00000000     0.16D-06     0.26D-06     7     0       8.21     73.27    fixocc
   9     -115.08989097      -0.00000000     0.59D-07     0.81D-07     8     0       9.33     82.60    diag
  10     -115.08989097      -0.00000000     0.21D-07     0.23D-07     0     0       9.41     92.01    diag/orth

 Final occupancy:   9

 !RHF STATE 1.1 Energy               -115.089890967548
  RHF One-electron energy            -236.851477374630
  RHF Two-electron energy              81.453767029413
  RHF Kinetic energy                  114.922855503227
  RHF Nuclear energy                   40.307819377670
  RHF Virial quotient                  -1.001453457309

 !RHF STATE 1.1 Dipole moment           0.00162754     0.61622327    -0.39651944
 Dipole moment /Debye                   0.00413678     1.56628332    -1.00785188

 Orbital energies:

           1.1          2.1          3.1          4.1          5.1          6.1          7.1          8.1          9.1         10.1
    -20.557319   -11.271574    -1.356912    -0.926419    -0.691695    -0.625756    -0.589926    -0.498830    -0.453542     0.028139

          11.1
      0.043128


 HOMO      9.1    -0.453542 =     -12.3415eV
 LUMO     10.1     0.028139 =       0.7657eV
 LUMO-HOMO         0.481681 =      13.1072eV

 Orbitals saved in record  2101.2


 **********************************************************************************************************************************
 DATASETS  * FILE   NREC   LENGTH (MB)   RECORD NAMES
              1      19      628.52       500      610      700      900      950      970     1000      129      960     1100   
                                          VAR    BASINP    GEOM    SYMINP    ZMAT    AOBASIS   BASIS     P2S    ABASIS      S 
                                         1400     1410     1200     1210     1080     1600     1650     1300     1700   
                                           T        V       H0       H01     AOSYM     SMH    MOLCAS    ERIS     OPER   

              2       8        3.26       700     1000      520     2100      200     2101     8500     9001   
                                         GEOM     BASIS   MCVARS     RHF    OPTIONS    RHF     CPHF    DEN_MP2    

 PROGRAMS   *        TOTAL    HF-SCF       INT      CCSD    HF-SCF      CCSD    HF-SCF      CCSD    HF-SCF      CCSD    HF-SCF
 CPU TIMES  *     50528.57     92.06     21.57    310.11     19.10    698.41     87.56    714.91    104.08    720.41     93.94
 REAL TIME  *      7556.61 SEC
 DISK USED  *         2.32 GB
 **********************************************************************************************************************************


 PROGRAM * CCSD (Closed-shell coupled cluster)     Authors: C. Hampel, H.-J. Werner, 1991, M. Deegan, P.J. Knowles, 1992


 Convergence thresholds:  THRVAR = 1.00D-12  THRDEN = 1.00D-08

 Using ITF CCSD gradient implementation

 Number of core orbitals:           2 (   2 )
 Number of closed-shell orbitals:   7 (   7 )
 Number of external orbitals:     175 ( 175 )

 Molecular orbitals read from record     2101.2  Type=RHF/CANONICAL (state 1.1)

 Integral transformation finished. Total CPU:  21.22 sec, npass=  1  Memory used:  27.38 MW
  Reference energy                   -115.089890967547

  MP2 correlation energy               -0.436882464432
  MP2 total energy                   -115.526773431979

 ITER.      SQ.NORM     CORR.ENERGY   TOTAL ENERGY   ENERGY CHANGE        DEN1      VAR(S)    VAR(P)  DIIS     TIME
   1      1.12046834    -0.45334555  -115.54323652    -0.01646308    -0.00560134  1.70e-03  1.94e-03  1  1    19.62
   2      1.12848408    -0.45433432  -115.54422529    -0.00098877    -0.00936380  4.21e-05  2.71e-04  2  2    40.84
   3      1.13088720    -0.45445369  -115.54434465    -0.00011937    -0.00141093  4.50e-06  3.51e-05  3  3    61.28
   4      1.13214631    -0.45445679  -115.54434776    -0.00000310    -0.00092600  1.46e-07  3.40e-06  4  4    81.61
   5      1.13245130    -0.45443603  -115.54432700     0.00002076    -0.00019160  1.88e-08  3.24e-07  5  5   101.79
   6      1.13253175    -0.45443355  -115.54432452     0.00000247    -0.00004934  3.91e-10  1.48e-08  6  0   121.53
   7      1.13254014    -0.45443238  -115.54432335     0.00000118    -0.00000624  6.37e-11  1.07e-09  6  1   141.62
   8      1.13254039    -0.45443224  -115.54432320     0.00000014    -0.00000047  4.32e-12  1.07e-10  6  2   161.31
   9      1.13254032    -0.45443222  -115.54432318     0.00000002     0.00000001  1.92e-13  1.14e-11  6  3   181.15
  10      1.13254038    -0.45443221  -115.54432318     0.00000000    -0.00000004  2.92e-14  7.73e-13         202.28

 Norm of t1 vector:      0.05288947     S-energy:      0.00000001   T1 diagnostic:  0.00999517

 Time per iteration:                     20.23 sec

 RESULTS
 =======

  Reference energy                   -115.089890967547
  CCSD correlation energy              -0.454432212328
 !CCSD total energy                  -115.544323179875

 Starting CP-CCSD iterations.   Author: W. Gyorffy (2012)

 ITER.      NRM1           NRM2      VAR(S)+VAR(P)   DIIS    TIME
   1     0.00165252     0.38356666     5.29e-04      1  1   22.32
   2     0.00149884     0.37974050     3.86e-05      2  2   44.20
   3     0.00139179     0.37925453     4.85e-06      3  3   66.93
   4     0.00134007     0.37885753     9.35e-07      4  4   89.12
   5     0.00131123     0.37876053     1.00e-07      5  5  112.55
   6     0.00130017     0.37872554     1.03e-08      6  0  136.27
   7     0.00129715     0.37872121     1.18e-09      6  1  158.14
   8     0.00129637     0.37871984     1.46e-10      6  2  180.53
   9     0.00129623     0.37871971     1.88e-11      6  3  204.27
  10     0.00129620     0.37871966     2.38e-12      6  4  228.03
  11     0.00129620     0.37871966     2.94e-13            251.45


 Time per iteration:                     22.86 sec


 Starting Coupled-perturbed Hartree-Fock, convergence threshold= 1.0D-06

 ITER   MIC  DIIS      VAR         VARC       CPU
   1     0     1    0.47D-02    0.12D-02     8.97
   2     4     2    0.18D-03    0.52D-04    18.17
   3     4     3    0.45D-05    0.82D-06    26.32
   4     2     4    0.44D-06    0.35D-07    34.94

 CPHF convergence reached in  4 macroiterations and   10 microiterations.   Accuracy: 4.4316D-07

 CPHF solution written to record  8500.2

 Dipole moments (unrelaxed):           -0.00067584     0.58089675    -0.37152231
 Orbital relaxation contribution:       0.00044795     0.00391488    -0.00299910
 !CCSD STATE 1.1 Dipole moment         -0.00022789     0.58481163    -0.37452141
 Dipole moment /Debye                  -0.00057923     1.48644291    -0.95193847

 CPU-time for coupled-perturbed hartree-fock:         34.99 sec

 Number of N-1 electron functions:               7
 Number of N-2 electron functions:              28
 Number of singly external CSFs:              1225
 Number of doubly external CSFs:            750925
 Total number of CSFs:                      752151

 CCSD gradient info saved on record        55555.1




 **********************************************************************************************************************************
 DATASETS  * FILE   NREC   LENGTH (MB)   RECORD NAMES
              1      21      864.53       500      610      700      900      950      970     1000      129      960     1100   
                                          VAR    BASINP    GEOM    SYMINP    ZMAT    AOBASIS   BASIS     P2S    ABASIS      S 
                                         1400     1410     1200     1210     1080     1600     1650     1300     1700     1380   
                                           T        V       H0       H01     AOSYM     SMH    MOLCAS    ERIS     OPER     JKOP   
                                        55555   
                                         CCSD   

              2       8        3.26       700     1000      520     2100      200     2101     8500     9001   
                                         GEOM     BASIS   MCVARS     RHF    OPTIONS    RHF     CPHF    DEN_MP2    

 PROGRAMS   *        TOTAL      CCSD    HF-SCF       INT      CCSD    HF-SCF      CCSD    HF-SCF      CCSD    HF-SCF      CCSD
 CPU TIMES  *     51239.16    710.58     92.06     21.57    310.11     19.10    698.41     87.56    714.91    104.08    720.41
 REAL TIME  *      7654.18 SEC
 DISK USED  *         2.32 GB
 **********************************************************************************************************************************

 Inactive variables:    AHH2

 Active variables:      RCO ROH ACOH RCH1 AOCH1 AHH1
                        RCH2 AOCH2 RCH3 AOCH3 AHH3

 Geometry written to block  1 of record 700

 XYZ inputs for each point on the optimization path will be saved in files ch3oh_maxima_mp2_xx.xyz

 Making model hessian for Z-matrix coordinates

 Entering Rational Function Geometry Optimization

 ITER.   ENERGY(OLD)    ENERGY(NEW)      DE          GRADMAX     GRADNORM    GRADRMS     STEPMAX     STEPLEN     STEPRMS   CPU-time
   1  -115.54432318  -115.54479338    -0.00047020  0.00836496  0.01308680  0.00394582  0.03490659  0.04993579  0.00453962   1893.92
   2  -115.54479338  -115.54501150    -0.00021811  0.00528002  0.00727655  0.00219396  0.03490659  0.05004033  0.00454912   2976.26
   3  -115.54501150  -115.54505563    -0.00004413  0.00242998  0.00338992  0.00102210  0.02374344  0.03031746  0.00275613   4043.91
   4  -115.54505563  -115.54505589    -0.00000026  0.00026666  0.00040052  0.00012076  0.00105673  0.00144997  0.00013182   5103.02

 END OF GEOMETRY OPTIMIZATION.

 Optimized variables
 RCO=                 1.42317833 ANGSTROM
 ROH=                 0.95585915 ANGSTROM
 ACOH=              108.74830768 DEGREE
 RCH1=                1.09125586 ANGSTROM
 AOCH1=             110.19126523 DEGREE
 AHH1=              110.51735786 DEGREE
 RCH2=                1.09003602 ANGSTROM
 AOCH2=             108.81455353 DEGREE
 RCH3=                1.09136629 ANGSTROM
 AOCH3=             111.97400127 DEGREE
 AHH3=              349.52436231 DEGREE

 **********************************************************************************************************************************

 Geometry written to block  1 of record 700

 Recomputing wavefunction for reoriented structure

 Current geometry (xyz format, in Angstrom)


 Dump information in style XYZ to ch3oh_maxima_mp2.xyz                                                            

    6
 CCSD/AUG-CC-PVTZ  ENERGY=-115.54505589
 C          0.0006387118        0.0119247806       -0.7297316590
 O          0.0001043228       -0.0651754810        0.6913565919
 H          0.0036885316        0.8219848022        1.0471662439
 H          0.9585296554       -0.3300450970       -1.1251313292
 H         -0.7923323434       -0.6280324488       -1.1168106753
 H         -0.1791529325        1.0285467099       -1.0836174975

 **********************************************************************************************************************************


 **********************************************************************************************************************************
 DATASETS  * FILE   NREC   LENGTH (MB)   RECORD NAMES
              1      21      860.67       500      610      700      900      950      970     1000      129      960     1100   
                                          VAR    BASINP    GEOM    SYMINP    ZMAT    AOBASIS   BASIS     P2S    ABASIS      S 
                                         1400     1410     1200     1210     1080     1600     1650     1300     1700     1380   
                                           T        V       H0       H01     AOSYM     SMH    MOLCAS    ERIS     OPER     JKOP   
                                        55555   
                                         CCSD   

              2       8        3.26       700     1000      520     2100      200     2101     8500     9001   
                                         GEOM     BASIS   MCVARS     RHF    OPTIONS    RHF     CPHF    DEN_MP2    

 PROGRAMS   *        TOTAL      OPTG    HF-SCF      CCSD    HF-SCF      CCSD    HF-SCF      CCSD    HF-SCF      CCSD    HF-SCF
 CPU TIMES  *     55854.67    317.67     19.02    703.98     86.69    703.07     94.76    714.33     96.22    710.44     93.33
 REAL TIME  *      8342.50 SEC
 DISK USED  *         2.32 GB
 **********************************************************************************************************************************

 DO I                   =       235.00000000   
 SETTING AHH2           =       235.00000000                                  


 PROGRAM * OPT (Geometry optimization)     Authors: F. Eckert and H.-J. Werner


 BFGS update of hessian

 Geometry optimization using procedure=RUNCCSD

 Running procedure: RUNCCSD


 Recomputing integrals since geometry changed


 PROGRAM * SEWARD (Integral evaluation for generally contracted gaussian basis sets)     Author: Roland Lindh, 1990

 Geometry written to block  1 of record 700

 Orientation using atomic masses  
 Molecule type: Asymmetric top
 Rotational constants:      23.9553114     24.6083449    128.9444553 GHz  (calculated with average atomic masses)

 Point group  C1  



 ATOMIC COORDINATES

 NR  ATOM    CHARGE       X              Y              Z

   1  C       6.00    0.009643722    0.010972916   -1.379273433
   2  O       8.00   -0.006641505   -0.120728878    1.306867788
   3  H       1.00    0.076398677    1.557042057    1.970910040
   4  H1      1.00    1.789943043   -0.722991639   -2.117104646
   5  H2      1.00   -1.638038068   -0.990866870   -2.103513907
   6  H3      1.00   -0.237798907    1.942432587   -2.058729758

 Bond lengths in Bohr (Angstrom)

 1-2  2.689417266  1-4  2.062174711  1-5  2.059869535  1-6  2.062383381  2-3  1.806312016
     ( 1.423178328)     ( 1.091255862)     ( 1.090036015)     ( 1.091366286)     ( 0.955859154)

 Bond angles

  1-2-3  108.74830768   2-1-4  110.19126523   2-1-5  108.81455353   2-1-6  111.97400127

  4-1-5  113.05763913   4-1-6  108.60410084   5-1-6  104.10391387

 NUCLEAR CHARGE:                   18
 NUMBER OF PRIMITIVE AOS:         242
 NUMBER OF SYMMETRY AOS:          216
 NUMBER OF CONTRACTIONS:          184   (  184A   )
 NUMBER OF INNER CORE ORBITALS:     0   (    0A   )
 NUMBER OF OUTER CORE ORBITALS:     2   (    2A   )
 NUMBER OF VALENCE ORBITALS:       12   (   12A   )


 NUCLEAR REPULSION ENERGY   40.30360454

 Eigenvalues of metric

         1 0.615E-04 0.722E-04 0.974E-04 0.210E-03 0.418E-03 0.455E-03 0.757E-03 0.787E-03


 Contracted 2-electron integrals neglected if value below      1.0D-11
 AO integral compression algorithm  1   Integral accuracy      1.0D-11

     716.440 MB (compressed) written to integral file ( 52.8%)


 NUMBER OF SORTED TWO-ELECTRON INTEGRALS:  144848710.     BUFFER LENGTH:  32768
 NUMBER OF SEGMENTS:  10  SEGMENT LENGTH:   15999503      RECORD LENGTH: 524288

 Memory used in sort:      16.56 MW

 SORT1 READ   169623812. AND WROTE   143625476. INTEGRALS IN    414 RECORDS. CPU TIME:     1.11 SEC, REAL TIME:     1.67 SEC
 SORT2 READ   143625476. AND WROTE   144848710. INTEGRALS IN   2733 RECORDS. CPU TIME:     1.22 SEC, REAL TIME:     1.62 SEC

 FILE SIZES:   FILE 1:   747.7 MBYTE,  FILE 4:  1736.5 MBYTE,   TOTAL:   2484.2 MBYTE

 OPERATOR DM      FOR CENTER  0  COORDINATES:    0.000000    0.000000    0.000000


 **********************************************************************************************************************************
 DATASETS  * FILE   NREC   LENGTH (MB)   RECORD NAMES
              1      19      628.60       500      610      700      900      950      970     1000      129      960     1100   
                                          VAR    BASINP    GEOM    SYMINP    ZMAT    AOBASIS   BASIS     P2S    ABASIS      S 
                                         1400     1410     1200     1210     1080     1600     1650     1300     1700   
                                           T        V       H0       H01     AOSYM     SMH    MOLCAS    ERIS     OPER   

              2       8        3.26       700     1000      520     2100      200     2101     8500     9001   
                                         GEOM     BASIS   MCVARS     RHF    OPTIONS    RHF     CPHF    DEN_MP2    

 PROGRAMS   *        TOTAL       INT      CCSD    HF-SCF      CCSD    HF-SCF      CCSD    HF-SCF      CCSD    HF-SCF      CCSD
 CPU TIMES  *     55875.65     20.97    317.67     19.02    703.98     86.69    703.07     94.76    714.33     96.22    710.44
 REAL TIME  *      8351.03 SEC
 DISK USED  *         2.32 GB
 **********************************************************************************************************************************


 Program * Restricted Hartree-Fock

 Molecular orbitals read from record     2101.2  Type=RHF/CANONICAL (state 1.1)

 Initial occupancy:   9

 NELEC=   18   SYM=1   MS2= 0   THRE=1.0D-09   THRD=1.0D-07   THRG=1.0D-07  HFMA2=F  DIIS_START=2   DIIS_MAX=10   DIIS_INCORE=F

 Level shifts:    0.00 (CLOSED)    0.00 (OPEN)    0.30 (GAP_MIN)

 ITER           ETOT              DE          GRAD        DDIFF     DIIS  NEXP   TIME(IT)  TIME(TOT)  DIAG
   1     -115.08713101    -115.08713101     0.00D+00     0.47D-01     0     0       9.06      9.07    start
   2     -115.08947771      -0.00234670     0.10D-02     0.11D-02     1     0       8.90     17.97    diag
   3     -115.08978859      -0.00031088     0.28D-03     0.33D-03     2     0       9.27     27.24    diag
   4     -115.08980922      -0.00002064     0.65D-04     0.99D-04     3     0       8.94     36.18    diag
   5     -115.08980978      -0.00000055     0.13D-04     0.20D-04     4     0       9.33     45.51    diag
   6     -115.08980981      -0.00000003     0.38D-05     0.47D-05     5     0       9.28     54.79    diag
   7     -115.08980981      -0.00000000     0.14D-05     0.16D-05     6     0       9.09     63.88    diag
   8     -115.08980981      -0.00000000     0.35D-06     0.50D-06     7     0       9.41     73.29    fixocc
   9     -115.08980981      -0.00000000     0.12D-06     0.17D-06     8     0      10.96     84.25    diag
  10     -115.08980981      -0.00000000     0.35D-07     0.58D-07     9     0       9.39     93.64    diag/orth
  11     -115.08980981      -0.00000000     0.64D-08     0.99D-08     0     0       9.42    103.06    diag

 Final occupancy:   9

 !RHF STATE 1.1 Energy               -115.089809811511
  RHF One-electron energy            -236.843456981269
  RHF Two-electron energy              81.450042629542
  RHF Kinetic energy                  114.922787455259
  RHF Nuclear energy                   40.303604540216
  RHF Virial quotient                  -1.001453344110

 !RHF STATE 1.1 Dipole moment           0.02192611     0.61782235    -0.39677269
 Dipole moment /Debye                   0.05573061     1.57034777    -1.00849559

 Orbital energies:

           1.1          2.1          3.1          4.1          5.1          6.1          7.1          8.1          9.1         10.1
    -20.557198   -11.271615    -1.356786    -0.926439    -0.691918    -0.625310    -0.590013    -0.499215    -0.453192     0.028104

          11.1
      0.043117


 HOMO      9.1    -0.453192 =     -12.3320eV
 LUMO     10.1     0.028104 =       0.7647eV
 LUMO-HOMO         0.481296 =      13.0967eV

 Orbitals saved in record  2101.2


 **********************************************************************************************************************************
 DATASETS  * FILE   NREC   LENGTH (MB)   RECORD NAMES
              1      19      628.60       500      610      700      900      950      970     1000      129      960     1100   
                                          VAR    BASINP    GEOM    SYMINP    ZMAT    AOBASIS   BASIS     P2S    ABASIS      S 
                                         1400     1410     1200     1210     1080     1600     1650     1300     1700   
                                           T        V       H0       H01     AOSYM     SMH    MOLCAS    ERIS     OPER   

              2       8        3.26       700     1000      520     2100      200     2101     8500     9001   
                                         GEOM     BASIS   MCVARS     RHF    OPTIONS    RHF     CPHF    DEN_MP2    

 PROGRAMS   *        TOTAL    HF-SCF       INT      CCSD    HF-SCF      CCSD    HF-SCF      CCSD    HF-SCF      CCSD    HF-SCF
 CPU TIMES  *     55978.74    103.09     20.97    317.67     19.02    703.98     86.69    703.07     94.76    714.33     96.22
 REAL TIME  *      8367.10 SEC
 DISK USED  *         2.32 GB
 **********************************************************************************************************************************


 PROGRAM * CCSD (Closed-shell coupled cluster)     Authors: C. Hampel, H.-J. Werner, 1991, M. Deegan, P.J. Knowles, 1992


 Convergence thresholds:  THRVAR = 1.00D-12  THRDEN = 1.00D-08

 Using ITF CCSD gradient implementation

 Number of core orbitals:           2 (   2 )
 Number of closed-shell orbitals:   7 (   7 )
 Number of external orbitals:     175 ( 175 )

 Molecular orbitals read from record     2101.2  Type=RHF/CANONICAL (state 1.1)

 Integral transformation finished. Total CPU:  21.41 sec, npass=  1  Memory used:  27.38 MW
  Reference energy                   -115.089809811511

  MP2 correlation energy               -0.436878517099
  MP2 total energy                   -115.526688328610

 ITER.      SQ.NORM     CORR.ENERGY   TOTAL ENERGY   ENERGY CHANGE        DEN1      VAR(S)    VAR(P)  DIIS     TIME
   1      1.12046752    -0.45334372  -115.54315354    -0.01646521    -0.00560341  1.70e-03  1.94e-03  1  1    19.42
   2      1.12848462    -0.45433262  -115.54414243    -0.00098889    -0.00936373  4.21e-05  2.71e-04  2  2    39.72
   3      1.13088917    -0.45445194  -115.54426175    -0.00011932    -0.00141114  4.50e-06  3.51e-05  3  3    60.31
   4      1.13214902    -0.45445506  -115.54426487    -0.00000312    -0.00092602  1.46e-07  3.40e-06  4  4    81.52
   5      1.13245414    -0.45443428  -115.54424410     0.00002077    -0.00019156  1.88e-08  3.25e-07  5  5   103.10
   6      1.13253467    -0.45443181  -115.54424162     0.00000247    -0.00004934  3.93e-10  1.48e-08  6  0   123.88
   7      1.13254308    -0.45443064  -115.54424045     0.00000118    -0.00000625  6.39e-11  1.07e-09  6  1   146.50
   8      1.13254333    -0.45443049  -115.54424031     0.00000014    -0.00000048  4.33e-12  1.07e-10  6  2   167.19
   9      1.13254326    -0.45443048  -115.54424029     0.00000002     0.00000001  1.94e-13  1.14e-11  6  3   189.52
  10      1.13254332    -0.45443047  -115.54424028     0.00000000    -0.00000004  2.93e-14  7.74e-13         210.07

 Norm of t1 vector:      0.05292818     S-energy:      0.00000000   T1 diagnostic:  0.01000248

 Time per iteration:                     21.01 sec

 RESULTS
 =======

  Reference energy                   -115.089809811511
  CCSD correlation energy              -0.454430470870
 !CCSD total energy                  -115.544240282381

 Starting CP-CCSD iterations.   Author: W. Gyorffy (2012)

 ITER.      NRM1           NRM2      VAR(S)+VAR(P)   DIIS    TIME
   1     0.00165491     0.38357182     5.29e-04      1  1   22.42
   2     0.00150099     0.37974275     3.87e-05      2  2   43.67
   3     0.00139367     0.37925645     4.86e-06      3  3   64.98
   4     0.00134176     0.37885883     9.39e-07      4  4   87.64
   5     0.00131280     0.37876156     1.01e-07      5  5  110.86
   6     0.00130166     0.37872641     1.04e-08      6  0  135.23
   7     0.00129862     0.37872204     1.19e-09      6  1  157.66
   8     0.00129784     0.37872066     1.46e-10      6  2  179.24
   9     0.00129769     0.37872054     1.87e-11      6  3  201.33
  10     0.00129766     0.37872049     2.36e-12      6  4  223.00
  11     0.00129766     0.37872048     2.92e-13            245.91


 Time per iteration:                     22.36 sec


 Starting Coupled-perturbed Hartree-Fock, convergence threshold= 1.0D-06

 ITER   MIC  DIIS      VAR         VARC       CPU
   1     0     1    0.47D-02    0.12D-02     8.16
   2     4     2    0.18D-03    0.52D-04    17.50
   3     4     3    0.45D-05    0.81D-06    26.72
   4     2     4    0.44D-06    0.34D-07    35.61

 CPHF convergence reached in  4 macroiterations and   10 microiterations.   Accuracy: 4.4160D-07

 CPHF solution written to record  8500.2

 Dipole moments (unrelaxed):            0.01901743     0.58268137    -0.37181468
 Orbital relaxation contribution:       0.00048502     0.00387837    -0.00298941
 !CCSD STATE 1.1 Dipole moment          0.01950245     0.58655974    -0.37480409
 Dipole moment /Debye                   0.04957028     1.49088615    -0.95265698

 CPU-time for coupled-perturbed hartree-fock:         35.95 sec

 Number of N-1 electron functions:               7
 Number of N-2 electron functions:              28
 Number of singly external CSFs:              1225
 Number of doubly external CSFs:            750925
 Total number of CSFs:                      752151

 CCSD gradient info saved on record        55555.1




 **********************************************************************************************************************************
 DATASETS  * FILE   NREC   LENGTH (MB)   RECORD NAMES
              1      21      864.61       500      610      700      900      950      970     1000      129      960     1100   
                                          VAR    BASINP    GEOM    SYMINP    ZMAT    AOBASIS   BASIS     P2S    ABASIS      S 
                                         1400     1410     1200     1210     1080     1600     1650     1300     1700     1380   
                                           T        V       H0       H01     AOSYM     SMH    MOLCAS    ERIS     OPER     JKOP   
                                        55555   
                                         CCSD   

              2       8        3.26       700     1000      520     2100      200     2101     8500     9001   
                                         GEOM     BASIS   MCVARS     RHF    OPTIONS    RHF     CPHF    DEN_MP2    

 PROGRAMS   *        TOTAL      CCSD    HF-SCF       INT      CCSD    HF-SCF      CCSD    HF-SCF      CCSD    HF-SCF      CCSD
 CPU TIMES  *     56690.48    711.72    103.09     20.97    317.67     19.02    703.98     86.69    703.07     94.76    714.33
 REAL TIME  *      8464.72 SEC
 DISK USED  *         2.32 GB
 **********************************************************************************************************************************

 Inactive variables:    AHH2

 Active variables:      RCO ROH ACOH RCH1 AOCH1 AHH1
                        RCH2 AOCH2 RCH3 AOCH3 AHH3

 Geometry written to block  1 of record 700

 XYZ inputs for each point on the optimization path will be saved in files ch3oh_maxima_mp2_xx.xyz

 Making model hessian for Z-matrix coordinates

 Entering Rational Function Geometry Optimization

 ITER.   ENERGY(OLD)    ENERGY(NEW)      DE          GRADMAX     GRADNORM    GRADRMS     STEPMAX     STEPLEN     STEPRMS   CPU-time
   1  -115.54424028  -115.54471027    -0.00046999  0.00830488  0.01307590  0.00394253  0.03490659  0.04994609  0.00454055   1932.45
   2  -115.54471027  -115.54492977    -0.00021950  0.00528057  0.00730085  0.00220129  0.03490659  0.05007645  0.00455240   3009.49
   3  -115.54492977  -115.54497651    -0.00004674  0.00248570  0.00348397  0.00105046  0.02452195  0.03135526  0.00285048   4118.27
   4  -115.54497651  -115.54497676    -0.00000026  0.00026991  0.00040340  0.00012163  0.00103034  0.00144730  0.00013157   5186.13

 END OF GEOMETRY OPTIMIZATION.

 Optimized variables
 RCO=                 1.42336245 ANGSTROM
 ROH=                 0.95575096 ANGSTROM
 ACOH=              108.77419665 DEGREE
 RCH1=                1.09093273 ANGSTROM
 AOCH1=             109.83084638 DEGREE
 AHH1=              115.63143563 DEGREE
 RCH2=                1.09047369 ANGSTROM
 AOCH2=             109.16222624 DEGREE
 RCH3=                1.09122282 ANGSTROM
 AOCH3=             112.00963417 DEGREE
 AHH3=              354.95598426 DEGREE

 **********************************************************************************************************************************

 Geometry written to block  1 of record 700

 Recomputing wavefunction for reoriented structure

 Current geometry (xyz format, in Angstrom)


 Dump information in style XYZ to ch3oh_maxima_mp2.xyz                                                            

    6
 CCSD/AUG-CC-PVTZ  ENERGY=-115.54497676
 C          0.0003198091        0.0120127515       -0.7298264516
 O          0.0000261170       -0.0652422216        0.6914378567
 H          0.0021125861        0.8216255695        1.0476976730
 H          0.9245906752       -0.4133804770       -1.1233975364
 H         -0.8447783144       -0.5564902979       -1.1193727521
 H         -0.0861504797        1.0407102738       -1.0834810031

 **********************************************************************************************************************************


 **********************************************************************************************************************************
 DATASETS  * FILE   NREC   LENGTH (MB)   RECORD NAMES
              1      21      858.69       500      610      700      900      950      970     1000      129      960     1100   
                                          VAR    BASINP    GEOM    SYMINP    ZMAT    AOBASIS   BASIS     P2S    ABASIS      S 
                                         1400     1410     1200     1210     1080     1600     1650     1300     1700     1380   
                                           T        V       H0       H01     AOSYM     SMH    MOLCAS    ERIS     OPER     JKOP   
                                        55555   
                                         CCSD   

              2       8        3.26       700     1000      520     2100      200     2101     8500     9001   
                                         GEOM     BASIS   MCVARS     RHF    OPTIONS    RHF     CPHF    DEN_MP2    

 PROGRAMS   *        TOTAL      OPTG    HF-SCF      CCSD    HF-SCF      CCSD    HF-SCF      CCSD    HF-SCF      CCSD    HF-SCF
 CPU TIMES  *     61367.66    307.73     19.09    709.33     89.73    721.56    102.72    711.69     95.91    715.51    103.99
 REAL TIME  *      9163.84 SEC
 DISK USED  *         2.32 GB
 **********************************************************************************************************************************

 DO I                   =       240.00000000   
 SETTING AHH2           =       240.00000000                                  


 PROGRAM * OPT (Geometry optimization)     Authors: F. Eckert and H.-J. Werner


 BFGS update of hessian

 Geometry optimization using procedure=RUNCCSD

 Running procedure: RUNCCSD


 Recomputing integrals since geometry changed


 PROGRAM * SEWARD (Integral evaluation for generally contracted gaussian basis sets)     Author: Roland Lindh, 1990

 Geometry written to block  1 of record 700

 Orientation using atomic masses  
 Molecule type: Asymmetric top
 Rotational constants:      23.9379643     24.6138727    128.9584391 GHz  (calculated with average atomic masses)

 Point group  C1  



 ATOMIC COORDINATES

 NR  ATOM    CHARGE       X              Y              Z

   1  C       6.00    0.008292463    0.010360203   -1.379476938
   2  O       8.00   -0.009490630   -0.120534210    1.307042601
   3  H       1.00    0.111106809    1.554596111    1.971436418
   4  H1      1.00    1.695666025   -0.918930145   -2.113804116
   5  H2      1.00   -1.739290212   -0.803157231   -2.107910028
   6  H3      1.00   -0.015650553    1.957318686   -2.058510383

 Bond lengths in Bohr (Angstrom)

 1-2  2.689765198  1-4  2.061564089  1-5  2.060696626  1-6  2.062112273  2-3  1.806107549
     ( 1.423362445)     ( 1.090932735)     ( 1.090473693)     ( 1.091222821)     ( 0.955750956)

 Bond angles

  1-2-3  108.77419665   2-1-4  109.83084638   2-1-5  109.16222624   2-1-6  112.00963417

  4-1-5  112.97064112   4-1-6  108.53041210   5-1-6  104.26963028

 NUCLEAR CHARGE:                   18
 NUMBER OF PRIMITIVE AOS:         242
 NUMBER OF SYMMETRY AOS:          216
 NUMBER OF CONTRACTIONS:          184   (  184A   )
 NUMBER OF INNER CORE ORBITALS:     0   (    0A   )
 NUMBER OF OUTER CORE ORBITALS:     2   (    2A   )
 NUMBER OF VALENCE ORBITALS:       12   (   12A   )


 NUCLEAR REPULSION ENERGY   40.30085521

 Eigenvalues of metric

         1 0.615E-04 0.720E-04 0.978E-04 0.210E-03 0.418E-03 0.453E-03 0.759E-03 0.788E-03


 Contracted 2-electron integrals neglected if value below      1.0D-11
 AO integral compression algorithm  1   Integral accuracy      1.0D-11

     714.342 MB (compressed) written to integral file ( 52.6%)


 NUMBER OF SORTED TWO-ELECTRON INTEGRALS:  144848710.     BUFFER LENGTH:  32768
 NUMBER OF SEGMENTS:  10  SEGMENT LENGTH:   15999503      RECORD LENGTH: 524288

 Memory used in sort:      16.56 MW

 SORT1 READ   169623812. AND WROTE   143622175. INTEGRALS IN    414 RECORDS. CPU TIME:     1.13 SEC, REAL TIME:     1.68 SEC
 SORT2 READ   143622175. AND WROTE   144848710. INTEGRALS IN   2725 RECORDS. CPU TIME:     1.22 SEC, REAL TIME:     1.63 SEC

 FILE SIZES:   FILE 1:   745.6 MBYTE,  FILE 4:  1736.5 MBYTE,   TOTAL:   2482.1 MBYTE

 OPERATOR DM      FOR CENTER  0  COORDINATES:    0.000000    0.000000    0.000000


 **********************************************************************************************************************************
 DATASETS  * FILE   NREC   LENGTH (MB)   RECORD NAMES
              1      19      626.86       500      610      700      900      950      970     1000      129      960     1100   
                                          VAR    BASINP    GEOM    SYMINP    ZMAT    AOBASIS   BASIS     P2S    ABASIS      S 
                                         1400     1410     1200     1210     1080     1600     1650     1300     1700   
                                           T        V       H0       H01     AOSYM     SMH    MOLCAS    ERIS     OPER   

              2       8        3.26       700     1000      520     2100      200     2101     8500     9001   
                                         GEOM     BASIS   MCVARS     RHF    OPTIONS    RHF     CPHF    DEN_MP2    

 PROGRAMS   *        TOTAL       INT      CCSD    HF-SCF      CCSD    HF-SCF      CCSD    HF-SCF      CCSD    HF-SCF      CCSD
 CPU TIMES  *     61388.78     21.11    307.73     19.09    709.33     89.73    721.56    102.72    711.69     95.91    715.51
 REAL TIME  *      9172.40 SEC
 DISK USED  *         2.32 GB
 **********************************************************************************************************************************


 Program * Restricted Hartree-Fock

 Molecular orbitals read from record     2101.2  Type=RHF/CANONICAL (state 1.1)

 Initial occupancy:   9

 NELEC=   18   SYM=1   MS2= 0   THRE=1.0D-09   THRD=1.0D-07   THRG=1.0D-07  HFMA2=F  DIIS_START=2   DIIS_MAX=10   DIIS_INCORE=F

 Level shifts:    0.00 (CLOSED)    0.00 (OPEN)    0.30 (GAP_MIN)

 ITER           ETOT              DE          GRAD        DDIFF     DIIS  NEXP   TIME(IT)  TIME(TOT)  DIAG
   1     -115.08513178    -115.08513178     0.00D+00     0.47D-01     0     0       9.64      9.65    start
   2     -115.08920796      -0.00407618     0.14D-02     0.15D-02     1     0       9.39     19.04    diag
   3     -115.08975336      -0.00054539     0.37D-03     0.43D-03     2     0       8.20     27.24    diag
   4     -115.08978791      -0.00003456     0.84D-04     0.13D-03     3     0       9.15     36.39    diag
   5     -115.08978873      -0.00000081     0.14D-04     0.24D-04     4     0       9.31     45.70    diag
   6     -115.08978877      -0.00000004     0.31D-05     0.60D-05     5     0       9.33     55.03    diag
   7     -115.08978877      -0.00000000     0.10D-05     0.13D-05     6     0       9.26     64.29    diag
   8     -115.08978877      -0.00000000     0.41D-06     0.60D-06     7     0       9.34     73.63    fixocc
   9     -115.08978877      -0.00000000     0.11D-06     0.16D-06     8     0       9.38     83.01    diag
  10     -115.08978877      -0.00000000     0.43D-07     0.44D-07     9     0       9.46     92.47    diag/orth
  11     -115.08978877      -0.00000000     0.84D-08     0.12D-07     0     0      10.13    102.60    diag

 Final occupancy:   9

 !RHF STATE 1.1 Energy               -115.089788774313
  RHF One-electron energy            -236.838165829973
  RHF Two-electron energy              81.447521843379
  RHF Kinetic energy                  114.922703944738
  RHF Nuclear energy                   40.300855212282
  RHF Virial quotient                  -1.001453888778

 !RHF STATE 1.1 Dipole moment           0.03946193     0.61808728    -0.39685919
 Dipole moment /Debye                   0.10030223     1.57102117    -1.00871545

 Orbital energies:

           1.1          2.1          3.1          4.1          5.1          6.1          7.1          8.1          9.1         10.1
    -20.557131   -11.271652    -1.356715    -0.926443    -0.692163    -0.624745    -0.590159    -0.499765    -0.452786     0.028081

          11.1
      0.043105


 HOMO      9.1    -0.452786 =     -12.3209eV
 LUMO     10.1     0.028081 =       0.7641eV
 LUMO-HOMO         0.480867 =      13.0851eV

 Orbitals saved in record  2101.2


 **********************************************************************************************************************************
 DATASETS  * FILE   NREC   LENGTH (MB)   RECORD NAMES
              1      19      626.86       500      610      700      900      950      970     1000      129      960     1100   
                                          VAR    BASINP    GEOM    SYMINP    ZMAT    AOBASIS   BASIS     P2S    ABASIS      S 
                                         1400     1410     1200     1210     1080     1600     1650     1300     1700   
                                           T        V       H0       H01     AOSYM     SMH    MOLCAS    ERIS     OPER   

              2       8        3.26       700     1000      520     2100      200     2101     8500     9001   
                                         GEOM     BASIS   MCVARS     RHF    OPTIONS    RHF     CPHF    DEN_MP2    

 PROGRAMS   *        TOTAL    HF-SCF       INT      CCSD    HF-SCF      CCSD    HF-SCF      CCSD    HF-SCF      CCSD    HF-SCF
 CPU TIMES  *     61491.41    102.63     21.11    307.73     19.09    709.33     89.73    721.56    102.72    711.69     95.91
 REAL TIME  *      9188.40 SEC
 DISK USED  *         2.32 GB
 **********************************************************************************************************************************


 PROGRAM * CCSD (Closed-shell coupled cluster)     Authors: C. Hampel, H.-J. Werner, 1991, M. Deegan, P.J. Knowles, 1992


 Convergence thresholds:  THRVAR = 1.00D-12  THRDEN = 1.00D-08

 Using ITF CCSD gradient implementation

 Number of core orbitals:           2 (   2 )
 Number of closed-shell orbitals:   7 (   7 )
 Number of external orbitals:     175 ( 175 )

 Molecular orbitals read from record     2101.2  Type=RHF/CANONICAL (state 1.1)

 Integral transformation finished. Total CPU:  20.91 sec, npass=  1  Memory used:  27.38 MW
  Reference energy                   -115.089788774312

  MP2 correlation energy               -0.436872103407
  MP2 total energy                   -115.526660877720

 ITER.      SQ.NORM     CORR.ENERGY   TOTAL ENERGY   ENERGY CHANGE        DEN1      VAR(S)    VAR(P)  DIIS     TIME
   1      1.12046562    -0.45333880  -115.54312757    -0.01646669    -0.00560469  1.70e-03  1.94e-03  1  1    22.05
   2      1.12848345    -0.45432768  -115.54411645    -0.00098888    -0.00936382  4.21e-05  2.71e-04  2  2    42.81
   3      1.13088871    -0.45444696  -115.54423573    -0.00011928    -0.00141121  4.50e-06  3.51e-05  3  3    63.76
   4      1.13214894    -0.45445008  -115.54423886    -0.00000312    -0.00092602  1.46e-07  3.40e-06  4  4    87.49
   5      1.13245414    -0.45442931  -115.54421808     0.00002078    -0.00019154  1.88e-08  3.25e-07  5  5   108.88
   6      1.13253471    -0.45442684  -115.54421561     0.00000247    -0.00004935  3.94e-10  1.48e-08  6  0   129.76
   7      1.13254313    -0.45442566  -115.54421443     0.00000118    -0.00000625  6.41e-11  1.07e-09  6  1   151.69
   8      1.13254339    -0.45442552  -115.54421429     0.00000014    -0.00000048  4.33e-12  1.07e-10  6  2   171.25
   9      1.13254332    -0.45442550  -115.54421427     0.00000002     0.00000001  1.94e-13  1.14e-11  6  3   192.42
  10      1.13254338    -0.45442549  -115.54421427     0.00000000    -0.00000004  2.93e-14  7.75e-13         212.39

 Norm of t1 vector:      0.05295045     S-energy:      0.00000000   T1 diagnostic:  0.01000669

 Time per iteration:                     21.24 sec

 RESULTS
 =======

  Reference energy                   -115.089788774312
  CCSD correlation energy              -0.454425493970
 !CCSD total energy                  -115.544214268283

 Starting CP-CCSD iterations.   Author: W. Gyorffy (2012)

 ITER.      NRM1           NRM2      VAR(S)+VAR(P)   DIIS    TIME
   1     0.00165626     0.38356781     5.30e-04      1  1   23.23
   2     0.00150219     0.37973698     3.87e-05      2  2   46.49
   3     0.00139471     0.37925051     4.87e-06      3  3   70.58
   4     0.00134271     0.37885252     9.41e-07      4  4   92.37
   5     0.00131367     0.37875510     1.01e-07      5  5  113.97
   6     0.00130250     0.37871986     1.04e-08      6  0  137.49
   7     0.00129944     0.37871547     1.19e-09      6  1  161.55
   8     0.00129865     0.37871409     1.46e-10      6  2  186.88
   9     0.00129851     0.37871396     1.87e-11      6  3  209.70
  10     0.00129847     0.37871391     2.34e-12      6  4  231.89
  11     0.00129848     0.37871391     2.92e-13            253.58


 Time per iteration:                     23.05 sec


 Starting Coupled-perturbed Hartree-Fock, convergence threshold= 1.0D-06

 ITER   MIC  DIIS      VAR         VARC       CPU
   1     0     1    0.47D-02    0.12D-02     9.25
   2     4     2    0.18D-03    0.52D-04    18.58
   3     4     3    0.45D-05    0.81D-06    27.40
   4     2     4    0.44D-06    0.34D-07    37.41

 CPHF convergence reached in  4 macroiterations and   10 microiterations.   Accuracy: 4.4057D-07

 CPHF solution written to record  8500.2

 Dipole moments (unrelaxed):            0.03617332     0.58305871    -0.37191519
 Orbital relaxation contribution:       0.00049456     0.00385689    -0.00298504
 !CCSD STATE 1.1 Dipole moment          0.03666788     0.58691561    -0.37490023
 Dipole moment /Debye                   0.09320045     1.49179067    -0.95290133

 CPU-time for coupled-perturbed hartree-fock:         37.73 sec

 Number of N-1 electron functions:               7
 Number of N-2 electron functions:              28
 Number of singly external CSFs:              1225
 Number of doubly external CSFs:            750925
 Total number of CSFs:                      752151

 CCSD gradient info saved on record        55555.1




 **********************************************************************************************************************************
 DATASETS  * FILE   NREC   LENGTH (MB)   RECORD NAMES
              1      21      862.87       500      610      700      900      950      970     1000      129      960     1100   
                                          VAR    BASINP    GEOM    SYMINP    ZMAT    AOBASIS   BASIS     P2S    ABASIS      S 
                                         1400     1410     1200     1210     1080     1600     1650     1300     1700     1380   
                                           T        V       H0       H01     AOSYM     SMH    MOLCAS    ERIS     OPER     JKOP   
                                        55555   
                                         CCSD   

              2       8        3.26       700     1000      520     2100      200     2101     8500     9001   
                                         GEOM     BASIS   MCVARS     RHF    OPTIONS    RHF     CPHF    DEN_MP2    

 PROGRAMS   *        TOTAL      CCSD    HF-SCF       INT      CCSD    HF-SCF      CCSD    HF-SCF      CCSD    HF-SCF      CCSD
 CPU TIMES  *     62218.11    726.68    102.63     21.11    307.73     19.09    709.33     89.73    721.56    102.72    711.69
 REAL TIME  *      9288.06 SEC
 DISK USED  *         2.32 GB
 **********************************************************************************************************************************

 Inactive variables:    AHH2

 Active variables:      RCO ROH ACOH RCH1 AOCH1 AHH1
                        RCH2 AOCH2 RCH3 AOCH3 AHH3

 Geometry written to block  1 of record 700

 XYZ inputs for each point on the optimization path will be saved in files ch3oh_maxima_mp2_xx.xyz

 Making model hessian for Z-matrix coordinates

 Entering Rational Function Geometry Optimization

 ITER.   ENERGY(OLD)    ENERGY(NEW)      DE          GRADMAX     GRADNORM    GRADRMS     STEPMAX     STEPLEN     STEPRMS   CPU-time
   1  -115.54421427  -115.54468362    -0.00046936  0.00823496  0.01305885  0.00393739  0.03490659  0.04994845  0.00454077   1937.08
   2  -115.54468362  -115.54490380    -0.00022017  0.00525763  0.00730972  0.00220396  0.03490659  0.05010095  0.00455463   3039.15
   3  -115.54490380  -115.54495230    -0.00004850  0.00250658  0.00354398  0.00106855  0.02499244  0.03205574  0.00291416   4170.43
   4  -115.54495230  -115.54495256    -0.00000026  0.00027053  0.00040153  0.00012107  0.00098657  0.00145228  0.00013203   5261.96

 END OF GEOMETRY OPTIMIZATION.

 Optimized variables
 RCO=                 1.42341253 ANGSTROM
 ROH=                 0.95572229 ANGSTROM
 ACOH=              108.78447230 DEGREE
 RCH1=                1.09060225 ANGSTROM
 AOCH1=             109.45282611 DEGREE
 AHH1=              120.77364203 DEGREE
 RCH2=                1.09084663 ANGSTROM
 AOCH2=             109.51199663 DEGREE
 RCH3=                1.09112927 ANGSTROM
 AOCH3=             112.04350193 DEGREE
 AHH3=              360.41806142 DEGREE

 **********************************************************************************************************************************

 Geometry written to block  1 of record 700

 Recomputing wavefunction for reoriented structure

 Current geometry (xyz format, in Angstrom)


 Dump information in style XYZ to ch3oh_maxima_mp2.xyz                                                            

    6
 CCSD/AUG-CC-PVTZ  ENERGY=-115.54495256
 C         -0.0000135820        0.0121729881       -0.7298502884
 O          0.0000081874       -0.0652688263        0.6914540421
 H         -0.0004049283        0.8214647578        1.0479767936
 H          0.8837741233       -0.4930301553       -1.1211332387
 H         -0.8902298716       -0.4817547724       -1.1216368314
 H          0.0068925635        1.0442981041       -1.0837332110

 **********************************************************************************************************************************


 **********************************************************************************************************************************
 DATASETS  * FILE   NREC   LENGTH (MB)   RECORD NAMES
              1      21      849.05       500      610      700      900      950      970     1000      129      960     1100   
                                          VAR    BASINP    GEOM    SYMINP    ZMAT    AOBASIS   BASIS     P2S    ABASIS      S 
                                         1400     1410     1200     1210     1080     1600     1650     1300     1700     1380   
                                           T        V       H0       H01     AOSYM     SMH    MOLCAS    ERIS     OPER     JKOP   
                                        55555   
                                         CCSD   

              2       8        3.26       700     1000      520     2100      200     2101     8500     9001   
                                         GEOM     BASIS   MCVARS     RHF    OPTIONS    RHF     CPHF    DEN_MP2    

 PROGRAMS   *        TOTAL      OPTG    HF-SCF      CCSD    HF-SCF      CCSD    HF-SCF      CCSD    HF-SCF      CCSD    HF-SCF
 CPU TIMES  *     66974.66    326.48     18.56    725.61     87.94    747.37    115.62    729.58    106.29    716.70    105.80
 REAL TIME  *      9996.42 SEC
 DISK USED  *         2.32 GB
 **********************************************************************************************************************************

 DO I                   =       245.00000000   
 SETTING AHH2           =       245.00000000                                  


 PROGRAM * OPT (Geometry optimization)     Authors: F. Eckert and H.-J. Werner


 BFGS update of hessian

 Geometry optimization using procedure=RUNCCSD

 Running procedure: RUNCCSD


 Recomputing integrals since geometry changed


 PROGRAM * SEWARD (Integral evaluation for generally contracted gaussian basis sets)     Author: Roland Lindh, 1990

 Geometry written to block  1 of record 700

 Orientation using atomic masses  
 Molecule type: Asymmetric top
 Rotational constants:      23.9224182     24.6270717    128.9611388 GHz  (calculated with average atomic masses)

 Point group  C1  



 ATOMIC COORDINATES

 NR  ATOM    CHARGE       X              Y              Z

   1  C       6.00    0.006830527    0.010091741   -1.379543928
   2  O       8.00   -0.011655702   -0.120285515    1.307090775
   3  H       1.00    0.136871776    1.552513509    1.971554326
   4  H1      1.00    1.585827176   -1.095086239   -2.109491263
   5  H2      1.00   -1.815597807   -0.615944128   -2.111807328
   6  H3      1.00    0.196518893    1.947595738   -2.059010260

 Bond lengths in Bohr (Angstrom)

 1-2  2.689859847  1-4  2.060939567  1-5  2.061401375  1-6  2.061935477  2-3  1.806053376
     ( 1.423412532)     ( 1.090602252)     ( 1.090846630)     ( 1.091129265)     ( 0.955722288)

 Bond angles

  1-2-3  108.78447230   2-1-4  109.45282611   2-1-5  109.51199663   2-1-6  112.04350193

  4-1-5  112.87145547   4-1-6  108.46305160   5-1-6  104.45625398

 NUCLEAR CHARGE:                   18
 NUMBER OF PRIMITIVE AOS:         242
 NUMBER OF SYMMETRY AOS:          216
 NUMBER OF CONTRACTIONS:          184   (  184A   )
 NUMBER OF INNER CORE ORBITALS:     0   (    0A   )
 NUMBER OF OUTER CORE ORBITALS:     2   (    2A   )
 NUMBER OF VALENCE ORBITALS:       12   (   12A   )


 NUCLEAR REPULSION ENERGY   40.30020520

 Eigenvalues of metric

         1 0.615E-04 0.720E-04 0.977E-04 0.209E-03 0.417E-03 0.452E-03 0.760E-03 0.789E-03


 Contracted 2-electron integrals neglected if value below      1.0D-11
 AO integral compression algorithm  1   Integral accuracy      1.0D-11

     716.177 MB (compressed) written to integral file ( 52.8%)


 NUMBER OF SORTED TWO-ELECTRON INTEGRALS:  144848710.     BUFFER LENGTH:  32768
 NUMBER OF SEGMENTS:  10  SEGMENT LENGTH:   15999503      RECORD LENGTH: 524288

 Memory used in sort:      16.56 MW

 SORT1 READ   169623812. AND WROTE   143624794. INTEGRALS IN    414 RECORDS. CPU TIME:     1.11 SEC, REAL TIME:     1.68 SEC
 SORT2 READ   143624794. AND WROTE   144848710. INTEGRALS IN   2732 RECORDS. CPU TIME:     1.21 SEC, REAL TIME:     1.64 SEC

 FILE SIZES:   FILE 1:   747.5 MBYTE,  FILE 4:  1736.5 MBYTE,   TOTAL:   2483.9 MBYTE

 OPERATOR DM      FOR CENTER  0  COORDINATES:    0.000000    0.000000    0.000000


 **********************************************************************************************************************************
 DATASETS  * FILE   NREC   LENGTH (MB)   RECORD NAMES
              1      19      628.46       500      610      700      900      950      970     1000      129      960     1100   
                                          VAR    BASINP    GEOM    SYMINP    ZMAT    AOBASIS   BASIS     P2S    ABASIS      S 
                                         1400     1410     1200     1210     1080     1600     1650     1300     1700   
                                           T        V       H0       H01     AOSYM     SMH    MOLCAS    ERIS     OPER   

              2       8        3.26       700     1000      520     2100      200     2101     8500     9001   
                                         GEOM     BASIS   MCVARS     RHF    OPTIONS    RHF     CPHF    DEN_MP2    

 PROGRAMS   *        TOTAL       INT      CCSD    HF-SCF      CCSD    HF-SCF      CCSD    HF-SCF      CCSD    HF-SCF      CCSD
 CPU TIMES  *     66995.68     21.01    326.48     18.56    725.61     87.94    747.37    115.62    729.58    106.29    716.70
 REAL TIME  *     10004.93 SEC
 DISK USED  *         2.32 GB
 **********************************************************************************************************************************


 Program * Restricted Hartree-Fock

 Molecular orbitals read from record     2101.2  Type=RHF/CANONICAL (state 1.1)

 Initial occupancy:   9

 NELEC=   18   SYM=1   MS2= 0   THRE=1.0D-09   THRD=1.0D-07   THRG=1.0D-07  HFMA2=F  DIIS_START=2   DIIS_MAX=10   DIIS_INCORE=F

 Level shifts:    0.00 (CLOSED)    0.00 (OPEN)    0.30 (GAP_MIN)

 ITER           ETOT              DE          GRAD        DDIFF     DIIS  NEXP   TIME(IT)  TIME(TOT)  DIAG
   1     -115.08313958    -115.08313958     0.00D+00     0.47D-01     0     0       9.06      9.07    start
   2     -115.08899672      -0.00585714     0.16D-02     0.18D-02     1     0       8.86     17.93    diag
   3     -115.08978104      -0.00078431     0.45D-03     0.51D-03     2     0       9.17     27.10    diag
   4     -115.08982986      -0.00004883     0.10D-03     0.16D-03     3     0       9.36     36.46    diag
   5     -115.08983099      -0.00000113     0.18D-04     0.28D-04     4     0       8.94     45.40    diag
   6     -115.08983107      -0.00000008     0.54D-05     0.73D-05     5     0       9.28     54.68    diag
   7     -115.08983108      -0.00000001     0.23D-05     0.24D-05     6     0       8.26     62.94    diag
   8     -115.08983109      -0.00000000     0.66D-06     0.94D-06     7     0       9.10     72.04    fixocc
   9     -115.08983109      -0.00000000     0.21D-06     0.27D-06     8     0       9.39     81.43    diag
  10     -115.08983109      -0.00000000     0.53D-07     0.98D-07     9     0       9.39     90.82    diag/orth
  11     -115.08983109       0.00000000     0.87D-08     0.13D-07     0     0       9.32    100.14    diag

 Final occupancy:   9

 !RHF STATE 1.1 Energy               -115.089831086030
  RHF One-electron energy            -236.836825555576
  RHF Two-electron energy              81.446789270836
  RHF Kinetic energy                  114.922764942700
  RHF Nuclear energy                   40.300205198710
  RHF Virial quotient                  -1.001453725408

 !RHF STATE 1.1 Dipole moment           0.05354704     0.61722052    -0.39680215
 Dipole moment /Debye                   0.13610299     1.56881809    -1.00857048

 Orbital energies:

           1.1          2.1          3.1          4.1          5.1          6.1          7.1          8.1          9.1         10.1
    -20.557123   -11.271672    -1.356704    -0.926441    -0.692417    -0.624107    -0.590358    -0.500435    -0.452366     0.028072

          11.1
      0.043095


 HOMO      9.1    -0.452366 =     -12.3095eV
 LUMO     10.1     0.028072 =       0.7639eV
 LUMO-HOMO         0.480438 =      13.0734eV

 Orbitals saved in record  2101.2


 **********************************************************************************************************************************
 DATASETS  * FILE   NREC   LENGTH (MB)   RECORD NAMES
              1      19      628.46       500      610      700      900      950      970     1000      129      960     1100   
                                          VAR    BASINP    GEOM    SYMINP    ZMAT    AOBASIS   BASIS     P2S    ABASIS      S 
                                         1400     1410     1200     1210     1080     1600     1650     1300     1700   
                                           T        V       H0       H01     AOSYM     SMH    MOLCAS    ERIS     OPER   

              2       8        3.26       700     1000      520     2100      200     2101     8500     9001   
                                         GEOM     BASIS   MCVARS     RHF    OPTIONS    RHF     CPHF    DEN_MP2    

 PROGRAMS   *        TOTAL    HF-SCF       INT      CCSD    HF-SCF      CCSD    HF-SCF      CCSD    HF-SCF      CCSD    HF-SCF
 CPU TIMES  *     67095.85    100.17     21.01    326.48     18.56    725.61     87.94    747.37    115.62    729.58    106.29
 REAL TIME  *     10020.62 SEC
 DISK USED  *         2.32 GB
 **********************************************************************************************************************************


 PROGRAM * CCSD (Closed-shell coupled cluster)     Authors: C. Hampel, H.-J. Werner, 1991, M. Deegan, P.J. Knowles, 1992


 Convergence thresholds:  THRVAR = 1.00D-12  THRDEN = 1.00D-08

 Using ITF CCSD gradient implementation

 Number of core orbitals:           2 (   2 )
 Number of closed-shell orbitals:   7 (   7 )
 Number of external orbitals:     175 ( 175 )

 Molecular orbitals read from record     2101.2  Type=RHF/CANONICAL (state 1.1)

 Integral transformation finished. Total CPU:  20.94 sec, npass=  1  Memory used:  27.38 MW
  Reference energy                   -115.089831086030

  MP2 correlation energy               -0.436862885218
  MP2 total energy                   -115.526693971248

 ITER.      SQ.NORM     CORR.ENERGY   TOTAL ENERGY   ENERGY CHANGE        DEN1      VAR(S)    VAR(P)  DIIS     TIME
   1      1.12046071    -0.45333017  -115.54316126    -0.01646729    -0.00560522  1.70e-03  1.94e-03  1  1    24.82
   2      1.12847824    -0.45431887  -115.54414996    -0.00098870    -0.00936386  4.21e-05  2.71e-04  2  2    45.01
   3      1.13088329    -0.45443809  -115.54426918    -0.00011922    -0.00141107  4.50e-06  3.51e-05  3  3    66.19
   4      1.13214340    -0.45444121  -115.54427230    -0.00000312    -0.00092594  1.46e-07  3.40e-06  4  4    88.22
   5      1.13244860    -0.45442043  -115.54425152     0.00002078    -0.00019154  1.88e-08  3.25e-07  5  5   109.67
   6      1.13252917    -0.45441796  -115.54424905     0.00000247    -0.00004935  3.93e-10  1.48e-08  6  0   132.05
   7      1.13253759    -0.45441678  -115.54424787     0.00000118    -0.00000625  6.41e-11  1.07e-09  6  1   153.08
   8      1.13253784    -0.45441664  -115.54424773     0.00000014    -0.00000047  4.33e-12  1.07e-10  6  2   173.59
   9      1.13253777    -0.45441662  -115.54424771     0.00000002     0.00000001  1.94e-13  1.14e-11  6  3   195.77
  10      1.13253783    -0.45441662  -115.54424770     0.00000000    -0.00000004  2.94e-14  7.74e-13         215.74

 Norm of t1 vector:      0.05295403     S-energy:      0.00000000   T1 diagnostic:  0.01000737

 Time per iteration:                     21.58 sec

 RESULTS
 =======

  Reference energy                   -115.089831086030
  CCSD correlation energy              -0.454416618341
 !CCSD total energy                  -115.544247704371

 Starting CP-CCSD iterations.   Author: W. Gyorffy (2012)

 ITER.      NRM1           NRM2      VAR(S)+VAR(P)   DIIS    TIME
   1     0.00165643     0.38355134     5.30e-04      1  1   23.17
   2     0.00150235     0.37972019     3.87e-05      2  2   46.03
   3     0.00139484     0.37923373     4.87e-06      3  3   67.97
   4     0.00134282     0.37883568     9.42e-07      4  4   91.03
   5     0.00131378     0.37873824     1.01e-07      5  5  115.49
   6     0.00130260     0.37870299     1.04e-08      6  0  139.59
   7     0.00129954     0.37869861     1.19e-09      6  1  163.06
   8     0.00129875     0.37869722     1.46e-10      6  2  185.51
   9     0.00129861     0.37869710     1.87e-11      6  3  207.60
  10     0.00129857     0.37869705     2.35e-12      6  4  230.32
  11     0.00129858     0.37869704     2.95e-13            255.52


 Time per iteration:                     23.23 sec


 Starting Coupled-perturbed Hartree-Fock, convergence threshold= 1.0D-06

 ITER   MIC  DIIS      VAR         VARC       CPU
   1     0     1    0.47D-02    0.12D-02     9.67
   2     4     2    0.18D-03    0.52D-04    18.98
   3     4     3    0.45D-05    0.81D-06    28.22
   4     2     4    0.44D-06    0.33D-07    37.30

 CPHF convergence reached in  4 macroiterations and   10 microiterations.   Accuracy: 4.4013D-07

 CPHF solution written to record  8500.2

 Dipole moments (unrelaxed):            0.05009605     0.58222404    -0.37184215
 Orbital relaxation contribution:       0.00047924     0.00385093    -0.00298685
 !CCSD STATE 1.1 Dipole moment          0.05057528     0.58607497    -0.37482901
 Dipole moment /Debye                   0.12854955     1.48965399    -0.95272030

 CPU-time for coupled-perturbed hartree-fock:         37.34 sec

 Number of N-1 electron functions:               7
 Number of N-2 electron functions:              28
 Number of singly external CSFs:              1225
 Number of doubly external CSFs:            750925
 Total number of CSFs:                      752151

 CCSD gradient info saved on record        55555.1




 **********************************************************************************************************************************
 DATASETS  * FILE   NREC   LENGTH (MB)   RECORD NAMES
              1      21      864.46       500      610      700      900      950      970     1000      129      960     1100   
                                          VAR    BASINP    GEOM    SYMINP    ZMAT    AOBASIS   BASIS     P2S    ABASIS      S 
                                         1400     1410     1200     1210     1080     1600     1650     1300     1700     1380   
                                           T        V       H0       H01     AOSYM     SMH    MOLCAS    ERIS     OPER     JKOP   
                                        55555   
                                         CCSD   

              2       8        3.26       700     1000      520     2100      200     2101     8500     9001   
                                         GEOM     BASIS   MCVARS     RHF    OPTIONS    RHF     CPHF    DEN_MP2    

 PROGRAMS   *        TOTAL      CCSD    HF-SCF       INT      CCSD    HF-SCF      CCSD    HF-SCF      CCSD    HF-SCF      CCSD
 CPU TIMES  *     67825.83    729.97    100.17     21.01    326.48     18.56    725.61     87.94    747.37    115.62    729.58
 REAL TIME  *     10120.56 SEC
 DISK USED  *         2.32 GB
 **********************************************************************************************************************************

 Inactive variables:    AHH2

 Active variables:      RCO ROH ACOH RCH1 AOCH1 AHH1
                        RCH2 AOCH2 RCH3 AOCH3 AHH3

 Geometry written to block  1 of record 700

 XYZ inputs for each point on the optimization path will be saved in files ch3oh_maxima_mp2_xx.xyz

 Making model hessian for Z-matrix coordinates

 Entering Rational Function Geometry Optimization

 ITER.   ENERGY(OLD)    ENERGY(NEW)      DE          GRADMAX     GRADNORM    GRADRMS     STEPMAX     STEPLEN     STEPRMS   CPU-time
   1  -115.54424770  -115.54471597    -0.00046827  0.00816021  0.01303592  0.00393048  0.03490659  0.04994505  0.00454046   1914.91
   2  -115.54471597  -115.54493603    -0.00022006  0.00521312  0.00730192  0.00220161  0.03490659  0.05011388  0.00455581   3029.49
   3  -115.54493603  -115.54498521    -0.00004917  0.00249012  0.00356598  0.00107518  0.02510550  0.03236218  0.00294202   4132.25
   4  -115.54498521  -115.54498546    -0.00000025  0.00026803  0.00039816  0.00012005  0.00092393  0.00143768  0.00013070   5226.15

 END OF GEOMETRY OPTIMIZATION.

 Optimized variables
 RCO=                 1.42332186 ANGSTROM
 ROH=                 0.95577567 ANGSTROM
 ACOH=              108.77827296 DEGREE
 RCH1=                1.09026955 ANGSTROM
 AOCH1=             109.06774058 DEGREE
 AHH1=              125.93273586 DEGREE
 RCH2=                1.09125136 ANGSTROM
 AOCH2=             109.85600111 DEGREE
 RCH3=                1.09109247 ANGSTROM
 AOCH3=             112.07275896 DEGREE
 AHH3=              365.88989084 DEGREE

 **********************************************************************************************************************************

 Geometry written to block  1 of record 700

 Recomputing wavefunction for reoriented structure

 Current geometry (xyz format, in Angstrom)


 Dump information in style XYZ to ch3oh_maxima_mp2.xyz                                                            

    6
 CCSD/AUG-CC-PVTZ  ENERGY=-115.54498546
 C         -0.0003239824        0.0123947867       -0.7297984842
 O          0.0000488594       -0.0652546296        0.6914036617
 H         -0.0036911350        0.8215057301        1.0479835416
 H          0.8364902056       -0.5684426692       -1.1184597277
 H         -0.9287935748       -0.4044344119       -1.1235333669
 H          0.0990796390        1.0394808995       -1.0843345471

 **********************************************************************************************************************************


 **********************************************************************************************************************************
 DATASETS  * FILE   NREC   LENGTH (MB)   RECORD NAMES
              1      21      859.81       500      610      700      900      950      970     1000      129      960     1100   
                                          VAR    BASINP    GEOM    SYMINP    ZMAT    AOBASIS   BASIS     P2S    ABASIS      S 
                                         1400     1410     1200     1210     1080     1600     1650     1300     1700     1380   
                                           T        V       H0       H01     AOSYM     SMH    MOLCAS    ERIS     OPER     JKOP   
                                        55555   
                                         CCSD   

              2       8        3.26       700     1000      520     2100      200     2101     8500     9001   
                                         GEOM     BASIS   MCVARS     RHF    OPTIONS    RHF     CPHF    DEN_MP2    

 PROGRAMS   *        TOTAL      OPTG    HF-SCF      CCSD    HF-SCF      CCSD    HF-SCF      CCSD    HF-SCF      CCSD    HF-SCF
 CPU TIMES  *     72534.81    315.87     18.11    739.09     86.68    724.97    106.83    737.96    105.46    698.25     99.38
 REAL TIME  *     10829.91 SEC
 DISK USED  *         2.32 GB
 **********************************************************************************************************************************

 DO I                   =       250.00000000   
 SETTING AHH2           =       250.00000000                                  


 PROGRAM * OPT (Geometry optimization)     Authors: F. Eckert and H.-J. Werner


 BFGS update of hessian

 Geometry optimization using procedure=RUNCCSD

 Running procedure: RUNCCSD


 Recomputing integrals since geometry changed


 PROGRAM * SEWARD (Integral evaluation for generally contracted gaussian basis sets)     Author: Roland Lindh, 1990

 Geometry written to block  1 of record 700

 Orientation using atomic masses  
 Molecule type: Asymmetric top
 Rotational constants:      23.9098549     24.6467254    128.9453231 GHz  (calculated with average atomic masses)

 Point group  C1  



 ATOMIC COORDINATES

 NR  ATOM    CHARGE       X              Y              Z

   1  C       6.00    0.005353260    0.010120199   -1.379465188
   2  O       8.00   -0.013135281   -0.120018910    1.307009491
   3  H       1.00    0.153977252    1.551232396    1.971227579
   4  H1      1.00    1.464400044   -1.251044695   -2.104397197
   5  H2      1.00   -1.869618807   -0.432468443   -2.115076815
   6  H3      1.00    0.395951133    1.916788586   -2.060156129

 Bond lengths in Bohr (Angstrom)

 1-2  2.689688498  1-4  2.060310857  1-5  2.062166197  1-6  2.061865949  2-3  1.806154255
     ( 1.423321858)     ( 1.090269553)     ( 1.091251356)     ( 1.091092472)     ( 0.955775671)

 Bond angles

  1-2-3  108.77827296   2-1-4  109.06774058   2-1-5  109.85600111   2-1-6  112.07275896

  4-1-5  112.76763833   4-1-6  108.40517594   5-1-6  104.65193801

 NUCLEAR CHARGE:                   18
 NUMBER OF PRIMITIVE AOS:         242
 NUMBER OF SYMMETRY AOS:          216
 NUMBER OF CONTRACTIONS:          184   (  184A   )
 NUMBER OF INNER CORE ORBITALS:     0   (    0A   )
 NUMBER OF OUTER CORE ORBITALS:     2   (    2A   )
 NUMBER OF VALENCE ORBITALS:       12   (   12A   )


 NUCLEAR REPULSION ENERGY   40.30136402

 Eigenvalues of metric

         1 0.615E-04 0.721E-04 0.972E-04 0.209E-03 0.416E-03 0.452E-03 0.760E-03 0.788E-03


 Contracted 2-electron integrals neglected if value below      1.0D-11
 AO integral compression algorithm  1   Integral accuracy      1.0D-11

     716.702 MB (compressed) written to integral file ( 52.8%)


 NUMBER OF SORTED TWO-ELECTRON INTEGRALS:  144848710.     BUFFER LENGTH:  32768
 NUMBER OF SEGMENTS:  10  SEGMENT LENGTH:   15999503      RECORD LENGTH: 524288

 Memory used in sort:      16.56 MW

 SORT1 READ   169623812. AND WROTE   143624986. INTEGRALS IN    414 RECORDS. CPU TIME:     1.10 SEC, REAL TIME:     1.67 SEC
 SORT2 READ   143624986. AND WROTE   144848710. INTEGRALS IN   2734 RECORDS. CPU TIME:     1.19 SEC, REAL TIME:     1.62 SEC

 FILE SIZES:   FILE 1:   748.0 MBYTE,  FILE 4:  1736.5 MBYTE,   TOTAL:   2484.5 MBYTE

 OPERATOR DM      FOR CENTER  0  COORDINATES:    0.000000    0.000000    0.000000


 **********************************************************************************************************************************
 DATASETS  * FILE   NREC   LENGTH (MB)   RECORD NAMES
              1      19      628.87       500      610      700      900      950      970     1000      129      960     1100   
                                          VAR    BASINP    GEOM    SYMINP    ZMAT    AOBASIS   BASIS     P2S    ABASIS      S 
                                         1400     1410     1200     1210     1080     1600     1650     1300     1700   
                                           T        V       H0       H01     AOSYM     SMH    MOLCAS    ERIS     OPER   

              2       8        3.26       700     1000      520     2100      200     2101     8500     9001   
                                         GEOM     BASIS   MCVARS     RHF    OPTIONS    RHF     CPHF    DEN_MP2    

 PROGRAMS   *        TOTAL       INT      CCSD    HF-SCF      CCSD    HF-SCF      CCSD    HF-SCF      CCSD    HF-SCF      CCSD
 CPU TIMES  *     72556.68     21.87    315.87     18.11    739.09     86.68    724.97    106.83    737.96    105.46    698.25
 REAL TIME  *     10838.60 SEC
 DISK USED  *         2.32 GB
 **********************************************************************************************************************************


 Program * Restricted Hartree-Fock

 Molecular orbitals read from record     2101.2  Type=RHF/CANONICAL (state 1.1)

 Initial occupancy:   9

 NELEC=   18   SYM=1   MS2= 0   THRE=1.0D-09   THRD=1.0D-07   THRG=1.0D-07  HFMA2=F  DIIS_START=2   DIIS_MAX=10   DIIS_INCORE=F

 Level shifts:    0.00 (CLOSED)    0.00 (OPEN)    0.30 (GAP_MIN)

 ITER           ETOT              DE          GRAD        DDIFF     DIIS  NEXP   TIME(IT)  TIME(TOT)  DIAG
   1     -115.08143841    -115.08143841     0.00D+00     0.47D-01     0     0      11.23     11.24    start
   2     -115.08887438      -0.00743597     0.18D-02     0.20D-02     1     0      10.16     21.40    diag
   3     -115.08986951      -0.00099513     0.51D-03     0.58D-03     2     0       9.30     30.70    diag
   4     -115.08993110      -0.00006159     0.11D-03     0.18D-03     3     0       9.33     40.03    diag
   5     -115.08993261      -0.00000151     0.22D-04     0.31D-04     4     0       9.30     49.33    diag
   6     -115.08993275      -0.00000014     0.82D-05     0.91D-05     5     0       9.63     58.96    diag
   7     -115.08993278      -0.00000002     0.27D-05     0.33D-05     6     0       9.26     68.22    diag
   8     -115.08993278      -0.00000000     0.78D-06     0.11D-05     7     0      10.09     78.31    fixocc
   9     -115.08993278      -0.00000000     0.23D-06     0.31D-06     8     0       8.94     87.25    diag
  10     -115.08993278      -0.00000000     0.59D-07     0.11D-06     9     0       9.23     96.48    diag/orth
  11     -115.08993278      -0.00000000     0.96D-08     0.20D-07     9     0       9.29    105.77    diag
  12     -115.08993278       0.00000000     0.17D-08     0.28D-08     0     0       9.26    115.03    diag

 Final occupancy:   9

 !RHF STATE 1.1 Energy               -115.089932781659
  RHF One-electron energy            -236.838868116300
  RHF Two-electron energy              81.447571311491
  RHF Kinetic energy                  114.922814417301
  RHF Nuclear energy                   40.301364023150
  RHF Virial quotient                  -1.001454179183

 !RHF STATE 1.1 Dipole moment           0.06400512     0.61549070    -0.39658338
 Dipole moment /Debye                   0.16268479     1.56442131    -1.00801440

 Orbital energies:

           1.1          2.1          3.1          4.1          5.1          6.1          7.1          8.1          9.1         10.1
    -20.557176   -11.271685    -1.356756    -0.926421    -0.692671    -0.623423    -0.590591    -0.501181    -0.451959     0.028078

          11.1
      0.043088


 HOMO      9.1    -0.451959 =     -12.2984eV
 LUMO     10.1     0.028078 =       0.7640eV
 LUMO-HOMO         0.480038 =      13.0625eV

 Orbitals saved in record  2101.2


 **********************************************************************************************************************************
 DATASETS  * FILE   NREC   LENGTH (MB)   RECORD NAMES
              1      19      628.87       500      610      700      900      950      970     1000      129      960     1100   
                                          VAR    BASINP    GEOM    SYMINP    ZMAT    AOBASIS   BASIS     P2S    ABASIS      S 
                                         1400     1410     1200     1210     1080     1600     1650     1300     1700   
                                           T        V       H0       H01     AOSYM     SMH    MOLCAS    ERIS     OPER   

              2       8        3.26       700     1000      520     2100      200     2101     8500     9001   
                                         GEOM     BASIS   MCVARS     RHF    OPTIONS    RHF     CPHF    DEN_MP2    

 PROGRAMS   *        TOTAL    HF-SCF       INT      CCSD    HF-SCF      CCSD    HF-SCF      CCSD    HF-SCF      CCSD    HF-SCF
 CPU TIMES  *     72671.75    115.06     21.87    315.87     18.11    739.09     86.68    724.97    106.83    737.96    105.46
 REAL TIME  *     10856.47 SEC
 DISK USED  *         2.32 GB
 **********************************************************************************************************************************


 PROGRAM * CCSD (Closed-shell coupled cluster)     Authors: C. Hampel, H.-J. Werner, 1991, M. Deegan, P.J. Knowles, 1992


 Convergence thresholds:  THRVAR = 1.00D-12  THRDEN = 1.00D-08

 Using ITF CCSD gradient implementation

 Number of core orbitals:           2 (   2 )
 Number of closed-shell orbitals:   7 (   7 )
 Number of external orbitals:     175 ( 175 )

 Molecular orbitals read from record     2101.2  Type=RHF/CANONICAL (state 1.1)

 Integral transformation finished. Total CPU:  21.06 sec, npass=  1  Memory used:  27.38 MW
  Reference energy                   -115.089932781659

  MP2 correlation energy               -0.436852359984
  MP2 total energy                   -115.526785141643

 ITER.      SQ.NORM     CORR.ENERGY   TOTAL ENERGY   ENERGY CHANGE        DEN1      VAR(S)    VAR(P)  DIIS     TIME
   1      1.12045522    -0.45331948  -115.54325227    -0.01646712    -0.00560484  1.70e-03  1.94e-03  1  1    21.67
   2      1.12847178    -0.45430789  -115.54424067    -0.00098841    -0.00936405  4.21e-05  2.71e-04  2  2    41.06
   3      1.13087588    -0.45442705  -115.54435983    -0.00011916    -0.00141081  4.50e-06  3.51e-05  3  3    62.26
   4      1.13213550    -0.45443016  -115.54436294    -0.00000311    -0.00092585  1.46e-07  3.40e-06  4  4    83.31
   5      1.13244062    -0.45440939  -115.54434217     0.00002078    -0.00019156  1.88e-08  3.25e-07  5  5   103.29
   6      1.13252116    -0.45440691  -115.54433970     0.00000247    -0.00004935  3.90e-10  1.48e-08  6  0   122.67
   7      1.13252957    -0.45440574  -115.54433852     0.00000118    -0.00000625  6.40e-11  1.07e-09  6  1   144.28
   8      1.13252981    -0.45440559  -115.54433838     0.00000014    -0.00000047  4.32e-12  1.07e-10  6  2   164.92
   9      1.13252975    -0.45440558  -115.54433836     0.00000002     0.00000001  1.93e-13  1.14e-11  6  3   185.39
  10      1.13252980    -0.45440557  -115.54433835     0.00000000    -0.00000004  2.95e-14  7.73e-13         204.60

 Norm of t1 vector:      0.05293923     S-energy:      0.00000000   T1 diagnostic:  0.01000457

 Time per iteration:                     20.46 sec

 RESULTS
 =======

  Reference energy                   -115.089932781659
  CCSD correlation energy              -0.454405571038
 !CCSD total energy                  -115.544338352697

 Starting CP-CCSD iterations.   Author: W. Gyorffy (2012)

 ITER.      NRM1           NRM2      VAR(S)+VAR(P)   DIIS    TIME
   1     0.00165545     0.38352701     5.29e-04      1  1   22.24
   2     0.00150147     0.37969688     3.87e-05      2  2   44.46
   3     0.00139406     0.37921061     4.87e-06      3  3   68.94
   4     0.00134212     0.37881279     9.40e-07      4  4   93.90
   5     0.00131313     0.37871547     1.01e-07      5  5  115.20
   6     0.00130198     0.37868028     1.04e-08      6  0  136.95
   7     0.00129893     0.37867592     1.19e-09      6  1  162.19
   8     0.00129815     0.37867455     1.47e-10      6  2  185.50
   9     0.00129800     0.37867442     1.88e-11      6  3  208.55
  10     0.00129797     0.37867437     2.37e-12      6  4  233.00
  11     0.00129797     0.37867437     2.99e-13            257.58


 Time per iteration:                     23.42 sec


 Starting Coupled-perturbed Hartree-Fock, convergence threshold= 1.0D-06

 ITER   MIC  DIIS      VAR         VARC       CPU
   1     0     1    0.47D-02    0.12D-02     9.17
   2     4     2    0.18D-03    0.52D-04    18.59
   3     4     3    0.45D-05    0.81D-06    26.96
   4     2     4    0.44D-06    0.33D-07    36.13

 CPHF convergence reached in  4 macroiterations and   10 microiterations.   Accuracy: 4.4031D-07

 CPHF solution written to record  8500.2

 Dipole moments (unrelaxed):            0.06056605     0.58044485    -0.37157982
 Orbital relaxation contribution:       0.00044550     0.00385921    -0.00299448
 !CCSD STATE 1.1 Dipole moment          0.06101155     0.58430406    -0.37457430
 Dipole moment /Debye                   0.15507589     1.48515279    -0.95207290

 CPU-time for coupled-perturbed hartree-fock:         36.19 sec

 Number of N-1 electron functions:               7
 Number of N-2 electron functions:              28
 Number of singly external CSFs:              1225
 Number of doubly external CSFs:            750925
 Total number of CSFs:                      752151

 CCSD gradient info saved on record        55555.1




 **********************************************************************************************************************************
 DATASETS  * FILE   NREC   LENGTH (MB)   RECORD NAMES
              1      21      864.88       500      610      700      900      950      970     1000      129      960     1100   
                                          VAR    BASINP    GEOM    SYMINP    ZMAT    AOBASIS   BASIS     P2S    ABASIS      S 
                                         1400     1410     1200     1210     1080     1600     1650     1300     1700     1380   
                                           T        V       H0       H01     AOSYM     SMH    MOLCAS    ERIS     OPER     JKOP   
                                        55555   
                                         CCSD   

              2       8        3.26       700     1000      520     2100      200     2101     8500     9001   
                                         GEOM     BASIS   MCVARS     RHF    OPTIONS    RHF     CPHF    DEN_MP2    

 PROGRAMS   *        TOTAL      CCSD    HF-SCF       INT      CCSD    HF-SCF      CCSD    HF-SCF      CCSD    HF-SCF      CCSD
 CPU TIMES  *     73390.27    718.51    115.06     21.87    315.87     18.11    739.09     86.68    724.97    106.83    737.96
 REAL TIME  *     10955.07 SEC
 DISK USED  *         2.32 GB
 **********************************************************************************************************************************

 Inactive variables:    AHH2

 Active variables:      RCO ROH ACOH RCH1 AOCH1 AHH1
                        RCH2 AOCH2 RCH3 AOCH3 AHH3

 Geometry written to block  1 of record 700

 XYZ inputs for each point on the optimization path will be saved in files ch3oh_maxima_mp2_xx.xyz

 Making model hessian for Z-matrix coordinates

 Entering Rational Function Geometry Optimization

 ITER.   ENERGY(OLD)    ENERGY(NEW)      DE          GRADMAX     GRADNORM    GRADRMS     STEPMAX     STEPLEN     STEPRMS   CPU-time
   1  -115.54433835  -115.54480507    -0.00046672  0.00808035  0.01300661  0.00392164  0.03490659  0.04993571  0.00453961   1939.57
   2  -115.54480507  -115.54502421    -0.00021914  0.00514778  0.00727664  0.00219399  0.03490659  0.05011249  0.00455568   2990.62
   3  -115.54502421  -115.54507289    -0.00004868  0.00243729  0.00354736  0.00106957  0.02485967  0.03225522  0.00293229   4071.68
   4  -115.54507289  -115.54507313    -0.00000024  0.00026233  0.00039039  0.00011771  0.00084949  0.00140478  0.00012771  12927.98

 END OF GEOMETRY OPTIMIZATION.

 Optimized variables
 RCO=                 1.42309839 ANGSTROM
 ROH=                 0.95590678 ANGSTROM
 ACOH=              108.75608575 DEGREE
 RCH1=                1.08993973 ANGSTROM
 AOCH1=             108.68676093 DEGREE
 AHH1=              131.09636020 DEGREE
 RCH2=                1.09163692 ANGSTROM
 AOCH2=             110.18611337 DEGREE
 RCH3=                1.09111663 ANGSTROM
 AOCH3=             112.09523952 DEGREE
 AHH3=              371.34984510 DEGREE

 **********************************************************************************************************************************

 Geometry written to block  1 of record 700

 Recomputing wavefunction for reoriented structure

 Current geometry (xyz format, in Angstrom)


 Dump information in style XYZ to ch3oh_maxima_mp2.xyz                                                            

    6
 CCSD/AUG-CC-PVTZ  ENERGY=-115.54507313
 C         -0.0005860865        0.0126529345       -0.7296762086
 O          0.0001274650       -0.0651989343        0.6912909238
 H         -0.0072776625        0.8217436549        1.0477117116
 H          0.7829639039       -0.6393726100       -1.1155268573
 H         -0.9606096129       -0.3246865191       -1.1249331918
 H          0.1898841040        1.0264647626       -1.0852633160

 **********************************************************************************************************************************


 **********************************************************************************************************************************
 DATASETS  * FILE   NREC   LENGTH (MB)   RECORD NAMES
              1      21      861.66       500      610      700      900      950      970     1000      129      960     1100   
                                          VAR    BASINP    GEOM    SYMINP    ZMAT    AOBASIS   BASIS     P2S    ABASIS      S 
                                         1400     1410     1200     1210     1080     1600     1650     1300     1700     1380   
                                           T        V       H0       H01     AOSYM     SMH    MOLCAS    ERIS     OPER     JKOP   
                                        55555   
                                         CCSD   

              2       8        3.26       700     1000      520     2100      200     2101     8500     9001   
                                         GEOM     BASIS   MCVARS     RHF    OPTIONS    RHF     CPHF    DEN_MP2    

 PROGRAMS   *        TOTAL      OPTG    HF-SCF      CCSD    HF-SCF      CCSD    HF-SCF      CCSD    HF-SCF      CCSD    HF-SCF
 CPU TIMES  *     85978.86    497.45     18.59   8505.05     86.05    738.42     99.90    699.89    101.55    705.91    107.21
 REAL TIME  *     13952.87 SEC
 DISK USED  *         2.32 GB
 **********************************************************************************************************************************

 DO I                   =       255.00000000   
 SETTING AHH2           =       255.00000000                                  


 PROGRAM * OPT (Geometry optimization)     Authors: F. Eckert and H.-J. Werner


 BFGS update of hessian

 Geometry optimization using procedure=RUNCCSD

 Running procedure: RUNCCSD


 Recomputing integrals since geometry changed


 PROGRAM * SEWARD (Integral evaluation for generally contracted gaussian basis sets)     Author: Roland Lindh, 1990

 Geometry written to block  1 of record 700

 Orientation using atomic masses  
 Molecule type: Asymmetric top
 Rotational constants:      23.9009720     24.6717927    128.9140331 GHz  (calculated with average atomic masses)

 Point group  C1  



 ATOMIC COORDINATES

 NR  ATOM    CHARGE       X              Y              Z

   1  C       6.00    0.003917677    0.010367676   -1.379250074
   2  O       8.00   -0.014006696   -0.119750816    1.306806621
   3  H       1.00    0.163806063    1.550893280    1.970447460
   4  H1      1.00    1.334104356   -1.387899569   -2.098809014
   5  H2      1.00   -1.904155300   -0.253853359   -2.117477496
   6  H3      1.00    0.581893740    1.868162912   -2.061906654

 Bond lengths in Bohr (Angstrom)

 1-2  2.689266196  1-4  2.059687587  1-5  2.062894803  1-6  2.061911607  2-3  1.806402013
     ( 1.423098385)     ( 1.089939733)     ( 1.091636918)     ( 1.091116633)     ( 0.955906779)

 Bond angles

  1-2-3  108.75608575   2-1-4  108.68676093   2-1-5  110.18611337   2-1-6  112.09523952

  4-1-5  112.66726247   4-1-6  108.35932114   5-1-6  104.84449137

 NUCLEAR CHARGE:                   18
 NUMBER OF PRIMITIVE AOS:         242
 NUMBER OF SYMMETRY AOS:          216
 NUMBER OF CONTRACTIONS:          184   (  184A   )
 NUMBER OF INNER CORE ORBITALS:     0   (    0A   )
 NUMBER OF OUTER CORE ORBITALS:     2   (    2A   )
 NUMBER OF VALENCE ORBITALS:       12   (   12A   )


 NUCLEAR REPULSION ENERGY   40.30438438

 Eigenvalues of metric

         1 0.616E-04 0.723E-04 0.963E-04 0.208E-03 0.414E-03 0.453E-03 0.761E-03 0.787E-03


 Contracted 2-electron integrals neglected if value below      1.0D-11
 AO integral compression algorithm  1   Integral accuracy      1.0D-11

     716.702 MB (compressed) written to integral file ( 52.8%)


 NUMBER OF SORTED TWO-ELECTRON INTEGRALS:  144848710.     BUFFER LENGTH:  32768
 NUMBER OF SEGMENTS:  10  SEGMENT LENGTH:   15999503      RECORD LENGTH: 524288

 Memory used in sort:      16.56 MW

 SORT1 READ   169623812. AND WROTE   143621851. INTEGRALS IN    414 RECORDS. CPU TIME:     1.72 SEC, REAL TIME:     2.51 SEC
 SORT2 READ   143621851. AND WROTE   144848710. INTEGRALS IN   2734 RECORDS. CPU TIME:     1.48 SEC, REAL TIME:     1.98 SEC

 FILE SIZES:   FILE 1:   748.0 MBYTE,  FILE 4:  1736.5 MBYTE,   TOTAL:   2484.5 MBYTE

 OPERATOR DM      FOR CENTER  0  COORDINATES:    0.000000    0.000000    0.000000


 **********************************************************************************************************************************
 DATASETS  * FILE   NREC   LENGTH (MB)   RECORD NAMES
              1      19      628.74       500      610      700      900      950      970     1000      129      960     1100   
                                          VAR    BASINP    GEOM    SYMINP    ZMAT    AOBASIS   BASIS     P2S    ABASIS      S 
                                         1400     1410     1200     1210     1080     1600     1650     1300     1700   
                                           T        V       H0       H01     AOSYM     SMH    MOLCAS    ERIS     OPER   

              2       8        3.26       700     1000      520     2100      200     2101     8500     9001   
                                         GEOM     BASIS   MCVARS     RHF    OPTIONS    RHF     CPHF    DEN_MP2    

 PROGRAMS   *        TOTAL       INT      CCSD    HF-SCF      CCSD    HF-SCF      CCSD    HF-SCF      CCSD    HF-SCF      CCSD
 CPU TIMES  *     86000.86     21.99    497.45     18.59   8505.05     86.05    738.42     99.90    699.89    101.55    705.91
 REAL TIME  *     13962.59 SEC
 DISK USED  *         2.32 GB
 **********************************************************************************************************************************


 Program * Restricted Hartree-Fock

 Molecular orbitals read from record     2101.2  Type=RHF/CANONICAL (state 1.1)

 Initial occupancy:   9

 NELEC=   18   SYM=1   MS2= 0   THRE=1.0D-09   THRD=1.0D-07   THRG=1.0D-07  HFMA2=F  DIIS_START=2   DIIS_MAX=10   DIIS_INCORE=F

 Level shifts:    0.00 (CLOSED)    0.00 (OPEN)    0.30 (GAP_MIN)

 ITER           ETOT              DE          GRAD        DDIFF     DIIS  NEXP   TIME(IT)  TIME(TOT)  DIAG
   1     -115.08019372    -115.08019372     0.00D+00     0.47D-01     0     0       9.66      9.67    start
   2     -115.08885389      -0.00866017     0.20D-02     0.21D-02     1     0       9.43     19.10    diag
   3     -115.09001275      -0.00115886     0.55D-03     0.62D-03     2     0       9.34     28.44    diag
   4     -115.09008456      -0.00007182     0.12D-03     0.19D-03     3     0       8.30     36.74    diag
   5     -115.09008649      -0.00000193     0.27D-04     0.34D-04     4     0       9.02     45.76    diag
   6     -115.09008671      -0.00000022     0.10D-04     0.11D-04     5     0       8.96     54.72    diag
   7     -115.09008675      -0.00000003     0.29D-05     0.39D-05     6     0       9.68     64.40    diag
   8     -115.09008675      -0.00000000     0.89D-06     0.13D-05     7     0      12.32     76.72    fixocc
   9     -115.09008675      -0.00000000     0.25D-06     0.33D-06     8     0       8.77     85.49    diag
  10     -115.09008675      -0.00000000     0.63D-07     0.12D-06     9     0      12.55     98.04    diag/orth
  11     -115.09008675      -0.00000000     0.10D-07     0.21D-07     9     0       9.32    107.36    diag
  12     -115.09008675       0.00000000     0.19D-08     0.32D-08     0     0       9.56    116.92    diag

 Final occupancy:   9

 !RHF STATE 1.1 Energy               -115.090086750660
  RHF One-electron energy            -236.844402660016
  RHF Two-electron energy              81.449931527868
  RHF Kinetic energy                  114.922907461407
  RHF Nuclear energy                   40.304384381488
  RHF Virial quotient                  -1.001454708143

 !RHF STATE 1.1 Dipole moment           0.07110151     0.61310937    -0.39623949
 Dipole moment /Debye                   0.18072202     1.55836859    -1.00714033

 Orbital energies:

           1.1          2.1          3.1          4.1          5.1          6.1          7.1          8.1          9.1         10.1
    -20.557286   -11.271689    -1.356867    -0.926388    -0.692917    -0.622726    -0.590844    -0.501965    -0.451588     0.028098

          11.1
      0.043082


 HOMO      9.1    -0.451588 =     -12.2883eV
 LUMO     10.1     0.028098 =       0.7646eV
 LUMO-HOMO         0.479686 =      13.0529eV

 Orbitals saved in record  2101.2


 **********************************************************************************************************************************
 DATASETS  * FILE   NREC   LENGTH (MB)   RECORD NAMES
              1      19      628.74       500      610      700      900      950      970     1000      129      960     1100   
                                          VAR    BASINP    GEOM    SYMINP    ZMAT    AOBASIS   BASIS     P2S    ABASIS      S 
                                         1400     1410     1200     1210     1080     1600     1650     1300     1700   
                                           T        V       H0       H01     AOSYM     SMH    MOLCAS    ERIS     OPER   

              2       8        3.26       700     1000      520     2100      200     2101     8500     9001   
                                         GEOM     BASIS   MCVARS     RHF    OPTIONS    RHF     CPHF    DEN_MP2    

 PROGRAMS   *        TOTAL    HF-SCF       INT      CCSD    HF-SCF      CCSD    HF-SCF      CCSD    HF-SCF      CCSD    HF-SCF
 CPU TIMES  *     86117.82    116.96     21.99    497.45     18.59   8505.05     86.05    738.42     99.90    699.89    101.55
 REAL TIME  *     13981.08 SEC
 DISK USED  *         2.32 GB
 **********************************************************************************************************************************


 PROGRAM * CCSD (Closed-shell coupled cluster)     Authors: C. Hampel, H.-J. Werner, 1991, M. Deegan, P.J. Knowles, 1992


 Convergence thresholds:  THRVAR = 1.00D-12  THRDEN = 1.00D-08

 Using ITF CCSD gradient implementation

 Number of core orbitals:           2 (   2 )
 Number of closed-shell orbitals:   7 (   7 )
 Number of external orbitals:     175 ( 175 )

 Molecular orbitals read from record     2101.2  Type=RHF/CANONICAL (state 1.1)

 Integral transformation finished. Total CPU: 388.22 sec, npass=  1  Memory used:  27.38 MW
  Reference energy                   -115.090086750660

  MP2 correlation energy               -0.436840778548
  MP2 total energy                   -115.526927529208

 ITER.      SQ.NORM     CORR.ENERGY   TOTAL ENERGY   ENERGY CHANGE        DEN1      VAR(S)    VAR(P)  DIIS     TIME
   1      1.12044871    -0.45330695  -115.54339370    -0.01646617    -0.00560364  1.70e-03  1.94e-03  1  1   417.87
   2      1.12846358    -0.45429496  -115.54438171    -0.00098801    -0.00936432  4.21e-05  2.71e-04  2  2   785.84
   3      1.13086600    -0.45441407  -115.54450082    -0.00011911    -0.00141041  4.49e-06  3.51e-05  3  3  1116.19
   4      1.13212475    -0.45441716  -115.54450391    -0.00000309    -0.00092573  1.46e-07  3.40e-06  4  4  1545.48
   5      1.13242972    -0.45439639  -115.54448314     0.00002077    -0.00019160  1.87e-08  3.24e-07  5  5  2029.52
   6      1.13251019    -0.45439392  -115.54448067     0.00000248    -0.00004934  3.86e-10  1.48e-08  6  0  2409.17
   7      1.13251858    -0.45439274  -115.54447949     0.00000118    -0.00000624  6.39e-11  1.06e-09  6  1  2850.10
   8      1.13251882    -0.45439260  -115.54447935     0.00000014    -0.00000047  4.30e-12  1.07e-10  6  2  3269.02
   9      1.13251875    -0.45439258  -115.54447933     0.00000002     0.00000001  1.92e-13  1.14e-11  6  3  3658.84
  10      1.13251881    -0.45439257  -115.54447932     0.00000000    -0.00000004  2.97e-14  7.72e-13        4149.93

 Norm of t1 vector:      0.05290713     S-energy:      0.00000000   T1 diagnostic:  0.00999851

 Time per iteration:                    415.04 sec

 RESULTS
 =======

  Reference energy                   -115.090086750660
  CCSD correlation energy              -0.454392572775
 !CCSD total energy                  -115.544479323435

 Starting CP-CCSD iterations.   Author: W. Gyorffy (2012)

 ITER.      NRM1           NRM2      VAR(S)+VAR(P)   DIIS    TIME
   1     0.00165339     0.38349506     5.29e-04      1  1  442.66
   2     0.00149963     0.37966725     3.87e-05      2  2  955.26
   3     0.00139244     0.37918133     4.85e-06      3  3 1481.19
   4     0.00134066     0.37878402     9.37e-07      4  4 2054.64
   5     0.00131177     0.37868694     1.00e-07      5  5 2500.35
   6     0.00130069     0.37865190     1.03e-08      6  0 2782.80
   7     0.00129766     0.37864758     1.18e-09      6  1 3275.33
   8     0.00129689     0.37864621     1.47e-10      6  2 3573.31
   9     0.00129674     0.37864609     1.89e-11      6  3 4010.77
  10     0.00129671     0.37864604     2.40e-12      6  4 4035.80
  11     0.00129671     0.37864603     3.06e-13           4059.88


 Time per iteration:                    369.08 sec


 Starting Coupled-perturbed Hartree-Fock, convergence threshold= 1.0D-06

 ITER   MIC  DIIS      VAR         VARC       CPU
   1     0     1    0.47D-02    0.12D-02     8.61
   2     4     2    0.18D-03    0.52D-04    36.71
   3     4     3    0.45D-05    0.81D-06    45.98
   4     2     4    0.44D-06    0.34D-07    56.42

 CPHF convergence reached in  4 macroiterations and   10 microiterations.   Accuracy: 4.4107D-07

 CPHF solution written to record  8500.2

 Dipole moments (unrelaxed):            0.06779457     0.57794762    -0.37116557
 Orbital relaxation contribution:       0.00040082     0.00387870    -0.00300774
 !CCSD STATE 1.1 Dipole moment          0.06819539     0.58182632    -0.37417331
 Dipole moment /Debye                   0.17333539     1.47885500    -0.95105369

 CPU-time for coupled-perturbed hartree-fock:         56.45 sec

 Number of N-1 electron functions:               7
 Number of N-2 electron functions:              28
 Number of singly external CSFs:              1225
 Number of doubly external CSFs:            750925
 Total number of CSFs:                      752151

 CCSD gradient info saved on record        55555.1




 **********************************************************************************************************************************
 DATASETS  * FILE   NREC   LENGTH (MB)   RECORD NAMES
              1      21      864.75       500      610      700      900      950      970     1000      129      960     1100   
                                          VAR    BASINP    GEOM    SYMINP    ZMAT    AOBASIS   BASIS     P2S    ABASIS      S 
                                         1400     1410     1200     1210     1080     1600     1650     1300     1700     1380   
                                           T        V       H0       H01     AOSYM     SMH    MOLCAS    ERIS     OPER     JKOP   
                                        55555   
                                         CCSD   

              2       8        3.26       700     1000      520     2100      200     2101     8500     9001   
                                         GEOM     BASIS   MCVARS     RHF    OPTIONS    RHF     CPHF    DEN_MP2    

 PROGRAMS   *        TOTAL      CCSD    HF-SCF       INT      CCSD    HF-SCF      CCSD    HF-SCF      CCSD    HF-SCF      CCSD
 CPU TIMES  *     95371.83   9254.00    116.96     21.99    497.45     18.59   8505.05     86.05    738.42     99.90    699.89
 REAL TIME  *     16417.21 SEC
 DISK USED  *         2.32 GB
 **********************************************************************************************************************************

 Inactive variables:    AHH2

 Active variables:      RCO ROH ACOH RCH1 AOCH1 AHH1
                        RCH2 AOCH2 RCH3 AOCH3 AHH3

 Geometry written to block  1 of record 700

 XYZ inputs for each point on the optimization path will be saved in files ch3oh_maxima_mp2_xx.xyz

 Making model hessian for Z-matrix coordinates

 Entering Rational Function Geometry Optimization

 ITER.   ENERGY(OLD)    ENERGY(NEW)      DE          GRADMAX     GRADNORM    GRADRMS     STEPMAX     STEPLEN     STEPRMS   CPU-time
   1  -115.54447932  -115.54494409    -0.00046477  0.00807209  0.01297248  0.00391135  0.03490659  0.04992260  0.00453842  10701.82
   2  -115.54494409  -115.54516164    -0.00021755  0.00506529  0.00723513  0.00218147  0.03490659  0.05008626  0.00455330  25385.43
   3  -115.54516164  -115.54520865    -0.00004700  0.00235356  0.00348223  0.00104993  0.02420342  0.03171787  0.00288344  26703.03
   4  -115.54520865  -115.54520887    -0.00000023  0.00025339  0.00037831  0.00011407  0.00071580  0.00136891  0.00012445  27858.66

 END OF GEOMETRY OPTIMIZATION.

 Optimized variables
 RCO=                 1.42276066 ANGSTROM
 ROH=                 0.95610486 ANGSTROM
 ACOH=              108.71954299 DEGREE
 RCH1=                1.08961660 ANGSTROM
 AOCH1=             108.32042556 DEGREE
 AHH1=              136.25176143 DEGREE
 RCH2=                1.09199684 ANGSTROM
 AOCH2=             110.49560632 DEGREE
 RCH3=                1.09120054 ANGSTROM
 AOCH3=             112.10907178 DEGREE
 AHH3=              376.77761095 DEGREE

 **********************************************************************************************************************************

 Geometry written to block  1 of record 700

 Recomputing wavefunction for reoriented structure

 Current geometry (xyz format, in Angstrom)


 Dump information in style XYZ to ch3oh_maxima_mp2.xyz                                                            

    6
 CCSD/AUG-CC-PVTZ  ENERGY=-115.54520887
 C         -0.0007788342        0.0129205429       -0.7294938887
 O          0.0002185387       -0.0651048838        0.6911253179
 H         -0.0106670995        0.8221639227        1.0471759655
 H          0.7233569379       -0.7055592458       -1.1124801831
 H         -0.9857458414       -0.2425634320       -1.1257577250
 H          0.2788679460        1.0054262206       -1.0864935808

 **********************************************************************************************************************************


 **********************************************************************************************************************************
 DATASETS  * FILE   NREC   LENGTH (MB)   RECORD NAMES
              1      21      862.30       500      610      700      900      950      970     1000      129      960     1100   
                                          VAR    BASINP    GEOM    SYMINP    ZMAT    AOBASIS   BASIS     P2S    ABASIS      S 
                                         1400     1410     1200     1210     1080     1600     1650     1300     1700     1380   
                                           T        V       H0       H01     AOSYM     SMH    MOLCAS    ERIS     OPER     JKOP   
                                        55555   
                                         CCSD   

              2       8        3.26       700     1000      520     2100      200     2101     8500     9001   
                                         GEOM     BASIS   MCVARS     RHF    OPTIONS    RHF     CPHF    DEN_MP2    

 PROGRAMS   *        TOTAL      OPTG    HF-SCF      CCSD    HF-SCF      CCSD    HF-SCF      CCSD    HF-SCF      CCSD    HF-SCF
 CPU TIMES  *    114198.71    343.12     18.04    782.54     87.73    862.80    136.91   7957.73   6010.03    835.41    132.78
 REAL TIME  *     21384.52 SEC
 DISK USED  *         2.32 GB
 **********************************************************************************************************************************

 DO I                   =       260.00000000   
 SETTING AHH2           =       260.00000000                                  


 PROGRAM * OPT (Geometry optimization)     Authors: F. Eckert and H.-J. Werner


 BFGS update of hessian

 Geometry optimization using procedure=RUNCCSD

 Running procedure: RUNCCSD


 Recomputing integrals since geometry changed


 PROGRAM * SEWARD (Integral evaluation for generally contracted gaussian basis sets)     Author: Roland Lindh, 1990

 Geometry written to block  1 of record 700

 Orientation using atomic masses  
 Molecule type: Asymmetric top
 Rotational constants:      23.8958099     24.7010413    128.8687493 GHz  (calculated with average atomic masses)

 Point group  C1  



 ATOMIC COORDINATES

 NR  ATOM    CHARGE       X              Y              Z

   1  C       6.00    0.002564170    0.010755720   -1.378917921
   2  O       8.00   -0.014365937   -0.119490143    1.306500079
   3  H       1.00    0.167882589    1.551436847    1.969243735
   4  H1      1.00    1.196875182   -1.506972346   -2.093005165
   5  H2      1.00   -1.921628963   -0.080367621   -2.118863129
   6  H3      1.00    0.754351331    1.804444545   -2.064213370

 Bond lengths in Bohr (Angstrom)

 1-2  2.688627986  1-4  2.059076946  1-5  2.063574953  1-6  2.062070171  2-3  1.806776324
     ( 1.422760659)     ( 1.089616595)     ( 1.091996838)     ( 1.091200542)     ( 0.956104856)

 Bond angles

  1-2-3  108.71954299   2-1-4  108.32042556   2-1-5  110.49560632   2-1-6  112.10907178

  4-1-5  112.57817209   4-1-6  108.32705910   5-1-6  105.02249043

 NUCLEAR CHARGE:                   18
 NUMBER OF PRIMITIVE AOS:         242
 NUMBER OF SYMMETRY AOS:          216
 NUMBER OF CONTRACTIONS:          184   (  184A   )
 NUMBER OF INNER CORE ORBITALS:     0   (    0A   )
 NUMBER OF OUTER CORE ORBITALS:     2   (    2A   )
 NUMBER OF VALENCE ORBITALS:       12   (   12A   )


 NUCLEAR REPULSION ENERGY   40.30902021

 Eigenvalues of metric

         1 0.617E-04 0.727E-04 0.951E-04 0.207E-03 0.412E-03 0.455E-03 0.760E-03 0.785E-03


 Contracted 2-electron integrals neglected if value below      1.0D-11
 AO integral compression algorithm  1   Integral accuracy      1.0D-11

     716.177 MB (compressed) written to integral file ( 52.8%)


 NUMBER OF SORTED TWO-ELECTRON INTEGRALS:  144848710.     BUFFER LENGTH:  32768
 NUMBER OF SEGMENTS:  10  SEGMENT LENGTH:   15999503      RECORD LENGTH: 524288

 Memory used in sort:      16.56 MW

 SORT1 READ   169623812. AND WROTE   143614812. INTEGRALS IN    414 RECORDS. CPU TIME:     1.14 SEC, REAL TIME:     1.74 SEC
 SORT2 READ   143614812. AND WROTE   144848710. INTEGRALS IN   2732 RECORDS. CPU TIME:     1.22 SEC, REAL TIME:     1.66 SEC

 FILE SIZES:   FILE 1:   747.5 MBYTE,  FILE 4:  1736.5 MBYTE,   TOTAL:   2483.9 MBYTE

 OPERATOR DM      FOR CENTER  0  COORDINATES:    0.000000    0.000000    0.000000


 **********************************************************************************************************************************
 DATASETS  * FILE   NREC   LENGTH (MB)   RECORD NAMES
              1      19      628.35       500      610      700      900      950      970     1000      129      960     1100   
                                          VAR    BASINP    GEOM    SYMINP    ZMAT    AOBASIS   BASIS     P2S    ABASIS      S 
                                         1400     1410     1200     1210     1080     1600     1650     1300     1700   
                                           T        V       H0       H01     AOSYM     SMH    MOLCAS    ERIS     OPER   

              2       8        3.26       700     1000      520     2100      200     2101     8500     9001   
                                         GEOM     BASIS   MCVARS     RHF    OPTIONS    RHF     CPHF    DEN_MP2    

 PROGRAMS   *        TOTAL       INT      CCSD    HF-SCF      CCSD    HF-SCF      CCSD    HF-SCF      CCSD    HF-SCF      CCSD
 CPU TIMES  *    114219.92     21.20    343.12     18.04    782.54     87.73    862.80    136.91   7957.73   6010.03    835.41
 REAL TIME  *     21393.20 SEC
 DISK USED  *         2.32 GB
 **********************************************************************************************************************************


 Program * Restricted Hartree-Fock

 Molecular orbitals read from record     2101.2  Type=RHF/CANONICAL (state 1.1)

 Initial occupancy:   9

 NELEC=   18   SYM=1   MS2= 0   THRE=1.0D-09   THRD=1.0D-07   THRG=1.0D-07  HFMA2=F  DIIS_START=2   DIIS_MAX=10   DIIS_INCORE=F

 Level shifts:    0.00 (CLOSED)    0.00 (OPEN)    0.30 (GAP_MIN)

 ITER           ETOT              DE          GRAD        DDIFF     DIIS  NEXP   TIME(IT)  TIME(TOT)  DIAG
   1     -115.07947961    -115.07947961     0.00D+00     0.47D-01     0     0       8.73      8.73    start
   2     -115.08893357      -0.00945397     0.21D-02     0.22D-02     1     0       9.44     18.17    diag
   3     -115.09019981      -0.00126623     0.57D-03     0.65D-03     2     0       9.42     27.59    diag
   4     -115.09027878      -0.00007898     0.13D-03     0.20D-03     3     0       9.54     37.13    diag
   5     -115.09028113      -0.00000235     0.31D-04     0.36D-04     4     0       9.45     46.58    diag
   6     -115.09028143      -0.00000029     0.11D-04     0.12D-04     5     0       9.01     55.59    diag
   7     -115.09028147      -0.00000004     0.31D-05     0.42D-05     6     0       9.03     64.62    diag
   8     -115.09028147      -0.00000001     0.98D-06     0.15D-05     7     0       9.37     73.99    fixocc
   9     -115.09028147      -0.00000000     0.25D-06     0.35D-06     8     0       9.06     83.05    diag
  10     -115.09028147      -0.00000000     0.66D-07     0.12D-06     9     0       8.90     91.95    diag/orth
  11     -115.09028147      -0.00000000     0.11D-07     0.21D-07     9     0       9.55    101.50    diag
  12     -115.09028147      -0.00000000     0.22D-08     0.35D-08     0     0       9.55    111.05    diag

 Final occupancy:   9

 !RHF STATE 1.1 Energy               -115.090281472346
  RHF One-electron energy            -236.852966529138
  RHF Two-electron energy              81.453664846283
  RHF Kinetic energy                  114.923035794023
  RHF Nuclear energy                   40.309020210509
  RHF Virial quotient                  -1.001455284201

 !RHF STATE 1.1 Dipole moment           0.07524090     0.61027694    -0.39580571
 Dipole moment /Debye                   0.19124328     1.55116926    -1.00603776

 Orbital energies:

           1.1          2.1          3.1          4.1          5.1          6.1          7.1          8.1          9.1         10.1
    -20.557444   -11.271683    -1.357028    -0.926344    -0.693152    -0.622038    -0.591107    -0.502763    -0.451258     0.028129

          11.1
      0.043079


 HOMO      9.1    -0.451258 =     -12.2794eV
 LUMO     10.1     0.028129 =       0.7654eV
 LUMO-HOMO         0.479387 =      13.0448eV

 Orbitals saved in record  2101.2


 **********************************************************************************************************************************
 DATASETS  * FILE   NREC   LENGTH (MB)   RECORD NAMES
              1      19      628.35       500      610      700      900      950      970     1000      129      960     1100   
                                          VAR    BASINP    GEOM    SYMINP    ZMAT    AOBASIS   BASIS     P2S    ABASIS      S 
                                         1400     1410     1200     1210     1080     1600     1650     1300     1700   
                                           T        V       H0       H01     AOSYM     SMH    MOLCAS    ERIS     OPER   

              2       8        3.26       700     1000      520     2100      200     2101     8500     9001   
                                         GEOM     BASIS   MCVARS     RHF    OPTIONS    RHF     CPHF    DEN_MP2    

 PROGRAMS   *        TOTAL    HF-SCF       INT      CCSD    HF-SCF      CCSD    HF-SCF      CCSD    HF-SCF      CCSD    HF-SCF
 CPU TIMES  *    114331.00    111.08     21.20    343.12     18.04    782.54     87.73    862.80    136.91   7957.73   6010.03
 REAL TIME  *     21410.60 SEC
 DISK USED  *         2.32 GB
 **********************************************************************************************************************************


 PROGRAM * CCSD (Closed-shell coupled cluster)     Authors: C. Hampel, H.-J. Werner, 1991, M. Deegan, P.J. Knowles, 1992


 Convergence thresholds:  THRVAR = 1.00D-12  THRDEN = 1.00D-08

 Using ITF CCSD gradient implementation

 Number of core orbitals:           2 (   2 )
 Number of closed-shell orbitals:   7 (   7 )
 Number of external orbitals:     175 ( 175 )

 Molecular orbitals read from record     2101.2  Type=RHF/CANONICAL (state 1.1)

 Integral transformation finished. Total CPU:  21.96 sec, npass=  1  Memory used:  27.38 MW
  Reference energy                   -115.090281472346

  MP2 correlation energy               -0.436828663619
  MP2 total energy                   -115.527110135965

 ITER.      SQ.NORM     CORR.ENERGY   TOTAL ENERGY   ENERGY CHANGE        DEN1      VAR(S)    VAR(P)  DIIS     TIME
   1      1.12044156    -0.45329320  -115.54357467    -0.01646453    -0.00560173  1.70e-03  1.94e-03  1  1    21.52
   2      1.12845418    -0.45428073  -115.54456220    -0.00098754    -0.00936465  4.21e-05  2.71e-04  2  2    43.08
   3      1.13085434    -0.45439980  -115.54468127    -0.00011907    -0.00140992  4.49e-06  3.51e-05  3  3    66.38
   4      1.13211191    -0.45440286  -115.54468433    -0.00000306    -0.00092560  1.45e-07  3.40e-06  4  4    87.96
   5      1.13241667    -0.45438210  -115.54466357     0.00002076    -0.00019165  1.86e-08  3.24e-07  5  5   109.38
   6      1.13249703    -0.45437962  -115.54466109     0.00000248    -0.00004934  3.80e-10  1.47e-08  6  0   131.83
   7      1.13250540    -0.45437845  -115.54465992     0.00000118    -0.00000624  6.37e-11  1.06e-09  6  1   154.51
   8      1.13250563    -0.45437830  -115.54465978     0.00000014    -0.00000047  4.28e-12  1.06e-10  6  2   178.51
   9      1.13250556    -0.45437828  -115.54465976     0.00000002     0.00000001  1.89e-13  1.13e-11  6  3   204.74
  10      1.13250562    -0.45437828  -115.54465975     0.00000000    -0.00000004  2.98e-14  7.69e-13         227.27

 Norm of t1 vector:      0.05286040     S-energy:      0.00000000   T1 diagnostic:  0.00998968

 Time per iteration:                     22.73 sec

 RESULTS
 =======

  Reference energy                   -115.090281472346
  CCSD correlation energy              -0.454378280204
 !CCSD total energy                  -115.544659752550

 Starting CP-CCSD iterations.   Author: W. Gyorffy (2012)

 ITER.      NRM1           NRM2      VAR(S)+VAR(P)   DIIS    TIME
   1     0.00165042     0.38345744     5.29e-04      1  1   23.16
   2     0.00149698     0.37963308     3.86e-05      2  2   48.40
   3     0.00139011     0.37914765     4.84e-06      3  3   73.24
   4     0.00133857     0.37875107     9.31e-07      4  4  100.60
   5     0.00130983     0.37865435     9.92e-08      5  5  125.04
   6     0.00129885     0.37861951     1.02e-08      6  0  149.26
   7     0.00129585     0.37861525     1.18e-09      6  1  173.30
   8     0.00129508     0.37861389     1.47e-10      6  2  197.59
   9     0.00129494     0.37861377     1.91e-11      6  3  221.75
  10     0.00129490     0.37861372     2.45e-12      6  4  245.42
  11     0.00129491     0.37861371     3.12e-13            269.26


 Time per iteration:                     24.48 sec


 Starting Coupled-perturbed Hartree-Fock, convergence threshold= 1.0D-06

 ITER   MIC  DIIS      VAR         VARC       CPU
   1     0     1    0.47D-02    0.12D-02     9.44
   2     4     2    0.18D-03    0.52D-04    18.66
   3     4     3    0.45D-05    0.81D-06    28.21
   4     2     4    0.44D-06    0.34D-07    37.50

 CPHF convergence reached in  4 macroiterations and   10 microiterations.   Accuracy: 4.4231D-07

 CPHF solution written to record  8500.2

 Dipole moments (unrelaxed):            0.07213289     0.57495184    -0.37063858
 Orbital relaxation contribution:       0.00035176     0.00390572    -0.00302578
 !CCSD STATE 1.1 Dipole moment          0.07248465     0.57885756    -0.37366436
 Dipole moment /Debye                   0.18423760     1.47130916    -0.94976006

 CPU-time for coupled-perturbed hartree-fock:         37.56 sec

 Number of N-1 electron functions:               7
 Number of N-2 electron functions:              28
 Number of singly external CSFs:              1225
 Number of doubly external CSFs:            750925
 Total number of CSFs:                      752151

 CCSD gradient info saved on record        55555.1




 **********************************************************************************************************************************
 DATASETS  * FILE   NREC   LENGTH (MB)   RECORD NAMES
              1      21      864.35       500      610      700      900      950      970     1000      129      960     1100   
                                          VAR    BASINP    GEOM    SYMINP    ZMAT    AOBASIS   BASIS     P2S    ABASIS      S 
                                         1400     1410     1200     1210     1080     1600     1650     1300     1700     1380   
                                           T        V       H0       H01     AOSYM     SMH    MOLCAS    ERIS     OPER     JKOP   
                                        55555   
                                         CCSD   

              2       8        3.26       700     1000      520     2100      200     2101     8500     9001   
                                         GEOM     BASIS   MCVARS     RHF    OPTIONS    RHF     CPHF    DEN_MP2    

 PROGRAMS   *        TOTAL      CCSD    HF-SCF       INT      CCSD    HF-SCF      CCSD    HF-SCF      CCSD    HF-SCF      CCSD
 CPU TIMES  *    115096.03    765.02    111.08     21.20    343.12     18.04    782.54     87.73    862.80    136.91   7957.73
 REAL TIME  *     21515.24 SEC
 DISK USED  *         2.32 GB
 **********************************************************************************************************************************

 Inactive variables:    AHH2

 Active variables:      RCO ROH ACOH RCH1 AOCH1 AHH1
                        RCH2 AOCH2 RCH3 AOCH3 AHH3

 Geometry written to block  1 of record 700

 XYZ inputs for each point on the optimization path will be saved in files ch3oh_maxima_mp2_xx.xyz

 Making model hessian for Z-matrix coordinates

 Entering Rational Function Geometry Optimization

 ITER.   ENERGY(OLD)    ENERGY(NEW)      DE          GRADMAX     GRADNORM    GRADRMS     STEPMAX     STEPLEN     STEPRMS   CPU-time
   1  -115.54465975  -115.54512365    -0.00046390  0.00808138  0.01293529  0.00390014  0.03490659  0.05008580  0.00455325   2060.48
   2  -115.54512365  -115.54533729    -0.00021364  0.00501068  0.00711004  0.00214376  0.03490659  0.05021910  0.00456537   3226.13
   3  -115.54533729  -115.54538202    -0.00004473  0.00221604  0.00340078  0.00102537  0.02335724  0.03096754  0.00281523   4377.75
   4  -115.54538202  -115.54538224    -0.00000022  0.00024536  0.00038242  0.00011530  0.00073213  0.00130362  0.00011851   5506.96

 END OF GEOMETRY OPTIMIZATION.

 Optimized variables
 RCO=                 1.42236387 ANGSTROM
 ROH=                 0.95635540 ANGSTROM
 ACOH=              108.66953230 DEGREE
 RCH1=                1.08930072 ANGSTROM
 AOCH1=             107.98044280 DEGREE
 AHH1=              141.38943280 DEGREE
 RCH2=                1.09231481 ANGSTROM
 AOCH2=             110.77631868 DEGREE
 RCH3=                1.09134130 ANGSTROM
 AOCH3=             112.11440160 DEGREE
 AHH3=              382.15441779 DEGREE

 **********************************************************************************************************************************

 Geometry written to block  1 of record 700

 Recomputing wavefunction for reoriented structure

 Current geometry (xyz format, in Angstrom)


 Dump information in style XYZ to ch3oh_maxima_mp2.xyz                                                            

    6
 CCSD/AUG-CC-PVTZ  ENERGY=-115.54538224
 C         -0.0008882561        0.0131704961       -0.7292801978
 O          0.0002982716       -0.0649782580        0.6909346990
 H         -0.0133692501        0.8227581909        1.0463961519
 H          0.6577477818       -0.7667006312       -1.1095112522
 H         -1.0041357026       -0.1580744865       -1.1259177568
 H          0.3656073969        0.9764958762       -1.0880433252

 **********************************************************************************************************************************


 **********************************************************************************************************************************
 DATASETS  * FILE   NREC   LENGTH (MB)   RECORD NAMES
              1      21      862.50       500      610      700      900      950      970     1000      129      960     1100   
                                          VAR    BASINP    GEOM    SYMINP    ZMAT    AOBASIS   BASIS     P2S    ABASIS      S 
                                         1400     1410     1200     1210     1080     1600     1650     1300     1700     1380   
                                           T        V       H0       H01     AOSYM     SMH    MOLCAS    ERIS     OPER     JKOP   
                                        55555   
                                         CCSD   

              2       8        3.26       700     1000      520     2100      200     2101     8500     9001   
                                         GEOM     BASIS   MCVARS     RHF    OPTIONS    RHF     CPHF    DEN_MP2    

 PROGRAMS   *        TOTAL      OPTG    HF-SCF      CCSD    HF-SCF      CCSD    HF-SCF      CCSD    HF-SCF      CCSD    HF-SCF
 CPU TIMES  *    120064.34    339.34     19.31    769.45     84.67    770.71    105.40    780.09    112.93    778.02    105.95
 REAL TIME  *     22253.38 SEC
 DISK USED  *         2.32 GB
 **********************************************************************************************************************************

 DO I                   =       265.00000000   
 SETTING AHH2           =       265.00000000                                  


 PROGRAM * OPT (Geometry optimization)     Authors: F. Eckert and H.-J. Werner


 BFGS update of hessian

 Geometry optimization using procedure=RUNCCSD

 Running procedure: RUNCCSD


 Recomputing integrals since geometry changed


 PROGRAM * SEWARD (Integral evaluation for generally contracted gaussian basis sets)     Author: Roland Lindh, 1990

 Geometry written to block  1 of record 700

 Orientation using atomic masses  
 Molecule type: Asymmetric top
 Rotational constants:      23.8930977     24.7324893    128.8123216 GHz  (calculated with average atomic masses)

 Point group  C1  



 ATOMIC COORDINATES

 NR  ATOM    CHARGE       X              Y              Z

   1  C       6.00    0.001313994    0.011212596   -1.378522591
   2  O       8.00   -0.014296263   -0.119243705    1.306142478
   3  H       1.00    0.167565105    1.552724662    1.967655891
   4  H1      1.00    1.054108669   -1.609443216   -2.087351303
   5  H2      1.00   -1.923917701    0.088018482   -2.119066726
   6  H3      1.00    0.913515672    1.727885380   -2.067110357

 Bond lengths in Bohr (Angstrom)

 1-2  2.687878171  1-4  2.058480030  1-5  2.064175826  1-6  2.062336166  2-3  1.807249781
     ( 1.422363874)     ( 1.089300721)     ( 1.092314806)     ( 1.091341300)     ( 0.956355399)

 Bond angles

  1-2-3  108.66953230   2-1-4  107.98044280   2-1-5  110.77631868   2-1-6  112.11440160

  4-1-5  112.50560425   4-1-6  108.30993210   5-1-6  105.17592364

 NUCLEAR CHARGE:                   18
 NUMBER OF PRIMITIVE AOS:         242
 NUMBER OF SYMMETRY AOS:          216
 NUMBER OF CONTRACTIONS:          184   (  184A   )
 NUMBER OF INNER CORE ORBITALS:     0   (    0A   )
 NUMBER OF OUTER CORE ORBITALS:     2   (    2A   )
 NUMBER OF VALENCE ORBITALS:       12   (   12A   )


 NUCLEAR REPULSION ENERGY   40.31450132

 Eigenvalues of metric

         1 0.617E-04 0.731E-04 0.937E-04 0.206E-03 0.410E-03 0.459E-03 0.760E-03 0.782E-03


 Contracted 2-electron integrals neglected if value below      1.0D-11
 AO integral compression algorithm  1   Integral accuracy      1.0D-11

     716.702 MB (compressed) written to integral file ( 52.8%)


 NUMBER OF SORTED TWO-ELECTRON INTEGRALS:  144848710.     BUFFER LENGTH:  32768
 NUMBER OF SEGMENTS:  10  SEGMENT LENGTH:   15999503      RECORD LENGTH: 524288

 Memory used in sort:      16.56 MW

 SORT1 READ   169623812. AND WROTE   143608768. INTEGRALS IN    414 RECORDS. CPU TIME:     1.16 SEC, REAL TIME:     1.73 SEC
 SORT2 READ   143608768. AND WROTE   144848710. INTEGRALS IN   2734 RECORDS. CPU TIME:     1.21 SEC, REAL TIME:     1.66 SEC

 FILE SIZES:   FILE 1:   748.0 MBYTE,  FILE 4:  1736.5 MBYTE,   TOTAL:   2484.5 MBYTE

 OPERATOR DM      FOR CENTER  0  COORDINATES:    0.000000    0.000000    0.000000


 **********************************************************************************************************************************
 DATASETS  * FILE   NREC   LENGTH (MB)   RECORD NAMES
              1      19      628.73       500      610      700      900      950      970     1000      129      960     1100   
                                          VAR    BASINP    GEOM    SYMINP    ZMAT    AOBASIS   BASIS     P2S    ABASIS      S 
                                         1400     1410     1200     1210     1080     1600     1650     1300     1700   
                                           T        V       H0       H01     AOSYM     SMH    MOLCAS    ERIS     OPER   

              2       8        3.26       700     1000      520     2100      200     2101     8500     9001   
                                         GEOM     BASIS   MCVARS     RHF    OPTIONS    RHF     CPHF    DEN_MP2    

 PROGRAMS   *        TOTAL       INT      CCSD    HF-SCF      CCSD    HF-SCF      CCSD    HF-SCF      CCSD    HF-SCF      CCSD
 CPU TIMES  *    120085.53     21.17    339.34     19.31    769.45     84.67    770.71    105.40    780.09    112.93    778.02
 REAL TIME  *     22261.99 SEC
 DISK USED  *         2.32 GB
 **********************************************************************************************************************************


 Program * Restricted Hartree-Fock

 Molecular orbitals read from record     2101.2  Type=RHF/CANONICAL (state 1.1)

 Initial occupancy:   9

 NELEC=   18   SYM=1   MS2= 0   THRE=1.0D-09   THRD=1.0D-07   THRG=1.0D-07  HFMA2=F  DIIS_START=2   DIIS_MAX=10   DIIS_INCORE=F

 Level shifts:    0.00 (CLOSED)    0.00 (OPEN)    0.30 (GAP_MIN)

 ITER           ETOT              DE          GRAD        DDIFF     DIIS  NEXP   TIME(IT)  TIME(TOT)  DIAG
   1     -115.07931542    -115.07931542     0.00D+00     0.47D-01     0     0       9.74      9.75    start
   2     -115.08910268      -0.00978726     0.21D-02     0.22D-02     1     0      10.59     20.34    diag
   3     -115.09041606      -0.00131338     0.58D-03     0.66D-03     2     0       9.96     30.30    diag
   4     -115.09049886      -0.00008279     0.13D-03     0.20D-03     3     0       9.62     39.92    diag
   5     -115.09050156      -0.00000270     0.34D-04     0.37D-04     4     0       9.33     49.25    diag
   6     -115.09050191      -0.00000035     0.12D-04     0.13D-04     5     0       9.09     58.34    diag
   7     -115.09050196      -0.00000005     0.33D-05     0.45D-05     6     0       8.24     66.58    diag
   8     -115.09050197      -0.00000001     0.10D-05     0.16D-05     7     0       9.37     75.95    fixocc
   9     -115.09050197      -0.00000000     0.25D-06     0.36D-06     8     0       8.59     84.54    diag
  10     -115.09050197      -0.00000000     0.67D-07     0.12D-06     9     0       9.13     93.67    diag/orth
  11     -115.09050197      -0.00000000     0.11D-07     0.22D-07     9     0       8.92    102.59    diag
  12     -115.09050197       0.00000000     0.24D-08     0.37D-08     0     0       9.24    111.83    diag

 Final occupancy:   9

 !RHF STATE 1.1 Energy               -115.090501965876
  RHF One-electron energy            -236.863085735851
  RHF Two-electron energy              81.458082446837
  RHF Kinetic energy                  114.923149724645
  RHF Nuclear energy                   40.314501323139
  RHF Virial quotient                  -1.001456210012

 !RHF STATE 1.1 Dipole moment           0.07682399     0.60718885    -0.39538146
 Dipole moment /Debye                   0.19526712     1.54332011    -1.00495943

 Orbital energies:

           1.1          2.1          3.1          4.1          5.1          6.1          7.1          8.1          9.1         10.1
    -20.557638   -11.271673    -1.357219    -0.926294    -0.693368    -0.621365    -0.591367    -0.503566    -0.450969     0.028168

          11.1
      0.043077


 HOMO      9.1    -0.450969 =     -12.2715eV
 LUMO     10.1     0.028168 =       0.7665eV
 LUMO-HOMO         0.479137 =      13.0380eV

 Orbitals saved in record  2101.2


 **********************************************************************************************************************************
 DATASETS  * FILE   NREC   LENGTH (MB)   RECORD NAMES
              1      19      628.73       500      610      700      900      950      970     1000      129      960     1100   
                                          VAR    BASINP    GEOM    SYMINP    ZMAT    AOBASIS   BASIS     P2S    ABASIS      S 
                                         1400     1410     1200     1210     1080     1600     1650     1300     1700   
                                           T        V       H0       H01     AOSYM     SMH    MOLCAS    ERIS     OPER   

              2       8        3.26       700     1000      520     2100      200     2101     8500     9001   
                                         GEOM     BASIS   MCVARS     RHF    OPTIONS    RHF     CPHF    DEN_MP2    

 PROGRAMS   *        TOTAL    HF-SCF       INT      CCSD    HF-SCF      CCSD    HF-SCF      CCSD    HF-SCF      CCSD    HF-SCF
 CPU TIMES  *    120197.39    111.86     21.17    339.34     19.31    769.45     84.67    770.71    105.40    780.09    112.93
 REAL TIME  *     22279.56 SEC
 DISK USED  *         2.32 GB
 **********************************************************************************************************************************


 PROGRAM * CCSD (Closed-shell coupled cluster)     Authors: C. Hampel, H.-J. Werner, 1991, M. Deegan, P.J. Knowles, 1992


 Convergence thresholds:  THRVAR = 1.00D-12  THRDEN = 1.00D-08

 Using ITF CCSD gradient implementation

 Number of core orbitals:           2 (   2 )
 Number of closed-shell orbitals:   7 (   7 )
 Number of external orbitals:     175 ( 175 )

 Molecular orbitals read from record     2101.2  Type=RHF/CANONICAL (state 1.1)

 Integral transformation finished. Total CPU:  21.61 sec, npass=  1  Memory used:  27.38 MW
  Reference energy                   -115.090501965876

  MP2 correlation energy               -0.436817312913
  MP2 total energy                   -115.527319278789

 ITER.      SQ.NORM     CORR.ENERGY   TOTAL ENERGY   ENERGY CHANGE        DEN1      VAR(S)    VAR(P)  DIIS     TIME
   1      1.12043498    -0.45327956  -115.54378153    -0.01646225    -0.00559897  1.70e-03  1.94e-03  1  1    22.11
   2      1.12844509    -0.45426656  -115.54476853    -0.00098700    -0.00936519  4.22e-05  2.71e-04  2  2    52.49
   3      1.13084262    -0.45438560  -115.54488757    -0.00011904    -0.00140935  4.48e-06  3.50e-05  3  3    74.93
   4      1.13209883    -0.45438862  -115.54489059    -0.00000302    -0.00092548  1.45e-07  3.39e-06  4  4    99.62
   5      1.13240334    -0.45436788  -115.54486984     0.00002075    -0.00019170  1.86e-08  3.23e-07  5  5   124.16
   6      1.13248356    -0.45436539  -115.54486736     0.00000248    -0.00004933  3.74e-10  1.47e-08  6  0   148.49
   7      1.13249191    -0.45436422  -115.54486618     0.00000118    -0.00000623  6.35e-11  1.06e-09  6  1   170.62
   8      1.13249213    -0.45436407  -115.54486604     0.00000014    -0.00000047  4.26e-12  1.06e-10  6  2   193.42
   9      1.13249205    -0.45436406  -115.54486602     0.00000002     0.00000001  1.86e-13  1.13e-11  6  3   219.14
  10      1.13249211    -0.45436405  -115.54486602     0.00000000    -0.00000004  2.99e-14  7.67e-13         242.98

 Norm of t1 vector:      0.05280361     S-energy:      0.00000000   T1 diagnostic:  0.00997894

 Time per iteration:                     24.30 sec

 RESULTS
 =======

  Reference energy                   -115.090501965876
  CCSD correlation energy              -0.454364051884
 !CCSD total energy                  -115.544866017760

 Starting CP-CCSD iterations.   Author: W. Gyorffy (2012)

 ITER.      NRM1           NRM2      VAR(S)+VAR(P)   DIIS    TIME
   1     0.00164684     0.38341829     5.28e-04      1  1   24.77
   2     0.00149377     0.37959811     3.85e-05      2  2   51.29
   3     0.00138730     0.37911326     4.82e-06      3  3   75.90
   4     0.00133604     0.37871759     9.25e-07      4  4  101.96
   5     0.00130750     0.37862130     9.80e-08      5  5  128.27
   6     0.00129662     0.37858671     1.00e-08      6  0  153.06
   7     0.00129367     0.37858251     1.17e-09      6  1  176.32
   8     0.00129291     0.37858117     1.47e-10      6  2  203.62
   9     0.00129276     0.37858105     1.93e-11      6  3  231.40
  10     0.00129273     0.37858100     2.49e-12      6  4  255.95
  11     0.00129274     0.37858099     3.16e-13            280.30


 Time per iteration:                     25.48 sec


 Starting Coupled-perturbed Hartree-Fock, convergence threshold= 1.0D-06

 ITER   MIC  DIIS      VAR         VARC       CPU
   1     0     1    0.47D-02    0.12D-02     9.48
   2     4     2    0.18D-03    0.52D-04    18.99
   3     4     3    0.45D-05    0.81D-06    27.87
   4     2     4    0.44D-06    0.35D-07    37.06

 CPHF convergence reached in  4 macroiterations and   10 microiterations.   Accuracy: 4.4389D-07

 CPHF solution written to record  8500.2

 Dipole moments (unrelaxed):            0.07393721     0.57167230    -0.37009701
 Orbital relaxation contribution:       0.00030381     0.00393679    -0.00304787
 !CCSD STATE 1.1 Dipole moment          0.07424102     0.57560909    -0.37314489
 Dipole moment /Debye                   0.18870184     1.46305239    -0.94843970

 CPU-time for coupled-perturbed hartree-fock:         37.11 sec

 Number of N-1 electron functions:               7
 Number of N-2 electron functions:              28
 Number of singly external CSFs:              1225
 Number of doubly external CSFs:            750925
 Total number of CSFs:                      752151

 CCSD gradient info saved on record        55555.1




 **********************************************************************************************************************************
 DATASETS  * FILE   NREC   LENGTH (MB)   RECORD NAMES
              1      21      864.73       500      610      700      900      950      970     1000      129      960     1100   
                                          VAR    BASINP    GEOM    SYMINP    ZMAT    AOBASIS   BASIS     P2S    ABASIS      S 
                                         1400     1410     1200     1210     1080     1600     1650     1300     1700     1380   
                                           T        V       H0       H01     AOSYM     SMH    MOLCAS    ERIS     OPER     JKOP   
                                        55555   
                                         CCSD   

              2       8        3.26       700     1000      520     2100      200     2101     8500     9001   
                                         GEOM     BASIS   MCVARS     RHF    OPTIONS    RHF     CPHF    DEN_MP2    

 PROGRAMS   *        TOTAL      CCSD    HF-SCF       INT      CCSD    HF-SCF      CCSD    HF-SCF      CCSD    HF-SCF      CCSD
 CPU TIMES  *    120993.90    796.50    111.86     21.17    339.34     19.31    769.45     84.67    770.71    105.40    780.09
 REAL TIME  *     22389.22 SEC
 DISK USED  *         2.32 GB
 **********************************************************************************************************************************

 Inactive variables:    AHH2

 Active variables:      RCO ROH ACOH RCH1 AOCH1 AHH1
                        RCH2 AOCH2 RCH3 AOCH3 AHH3

 Geometry written to block  1 of record 700

 XYZ inputs for each point on the optimization path will be saved in files ch3oh_maxima_mp2_xx.xyz

 Making model hessian for Z-matrix coordinates

 Entering Rational Function Geometry Optimization

 ITER.   ENERGY(OLD)    ENERGY(NEW)      DE          GRADMAX     GRADNORM    GRADRMS     STEPMAX     STEPLEN     STEPRMS   CPU-time
   1  -115.54486602  -115.54532769    -0.00046167  0.00807882  0.01289419  0.00388775  0.03490659  0.05007429  0.00455221   2055.73
   2  -115.54532769  -115.54553819    -0.00021050  0.00490487  0.00702881  0.00211927  0.03490659  0.05020779  0.00456434   3171.32
   3  -115.54553819  -115.54557986    -0.00004167  0.00208182  0.00328710  0.00099110  0.02223750  0.02983632  0.00271239   4269.49
   4  -115.54557986  -115.54558008    -0.00000021  0.00023377  0.00037166  0.00011206  0.00068750  0.00126413  0.00011492   5376.10

 END OF GEOMETRY OPTIMIZATION.

 Optimized variables
 RCO=                 1.42187888 ANGSTROM
 ROH=                 0.95663476 ANGSTROM
 ACOH=              108.61415369 DEGREE
 RCH1=                1.08900343 ANGSTROM
 AOCH1=             107.67386455 DEGREE
 AHH1=              146.50018632 DEGREE
 RCH2=                1.09259199 ANGSTROM
 AOCH2=             111.02663272 DEGREE
 RCH3=                1.09153221 ANGSTROM
 AOCH3=             112.11225148 DEGREE
 AHH3=              387.46792364 DEGREE

 **********************************************************************************************************************************

 Geometry written to block  1 of record 700

 Recomputing wavefunction for reoriented structure

 Current geometry (xyz format, in Angstrom)


 Dump information in style XYZ to ch3oh_maxima_mp2.xyz                                                            

    6
 CCSD/AUG-CC-PVTZ  ENERGY=-115.54558008
 C         -0.0009123817        0.0133818252       -0.7290205851
 O          0.0003432218       -0.0648276692        0.6907051780
 H         -0.0149815919        0.8234623105        1.0454672372
 H          0.5862823204       -0.8223743280       -1.1067010100
 H         -1.0155385104       -0.0712909190       -1.1254062589
 H          0.4496619868        0.9397732563       -1.0898865254

 **********************************************************************************************************************************


 **********************************************************************************************************************************
 DATASETS  * FILE   NREC   LENGTH (MB)   RECORD NAMES
              1      21      861.82       500      610      700      900      950      970     1000      129      960     1100   
                                          VAR    BASINP    GEOM    SYMINP    ZMAT    AOBASIS   BASIS     P2S    ABASIS      S 
                                         1400     1410     1200     1210     1080     1600     1650     1300     1700     1380   
                                           T        V       H0       H01     AOSYM     SMH    MOLCAS    ERIS     OPER     JKOP   
                                        55555   
                                         CCSD   

              2       8        3.26       700     1000      520     2100      200     2101     8500     9001   
                                         GEOM     BASIS   MCVARS     RHF    OPTIONS    RHF     CPHF    DEN_MP2    

 PROGRAMS   *        TOTAL      OPTG    HF-SCF      CCSD    HF-SCF      CCSD    HF-SCF      CCSD    HF-SCF      CCSD    HF-SCF
 CPU TIMES  *    125802.05    342.98     18.60    724.01     87.25    717.70    106.19    731.26    104.24    747.24    106.42
 REAL TIME  *     23141.77 SEC
 DISK USED  *         2.32 GB
 **********************************************************************************************************************************

 DO I                   =       270.00000000   
 SETTING AHH2           =       270.00000000                                  


 PROGRAM * OPT (Geometry optimization)     Authors: F. Eckert and H.-J. Werner


 BFGS update of hessian

 Geometry optimization using procedure=RUNCCSD

 Running procedure: RUNCCSD


 Recomputing integrals since geometry changed


 PROGRAM * SEWARD (Integral evaluation for generally contracted gaussian basis sets)     Author: Roland Lindh, 1990

 Geometry written to block  1 of record 700

 Orientation using atomic masses  
 Molecule type: Asymmetric top
 Rotational constants:      23.8934009     24.7663489    128.7502078 GHz  (calculated with average atomic masses)

 Point group  C1  



 ATOMIC COORDINATES

 NR  ATOM    CHARGE       X              Y              Z

   1  C       6.00    0.000166073    0.011685827   -1.378036435
   2  O       8.00   -0.013872157   -0.119018442    1.305707646
   3  H       1.00    0.163901682    1.554495907    1.965863964
   4  H1      1.00    0.907054138   -1.696240833   -2.082002346
   5  H2      1.00   -1.912395469    0.251343067   -2.118075154
   6  H3      1.00    1.059658475    1.640372279   -2.070549940

 Bond lengths in Bohr (Angstrom)

 1-2  2.686961662  1-4  2.057918230  1-5  2.064699628  1-6  2.062696939  2-3  1.807777690
     ( 1.421878878)     ( 1.089003429)     ( 1.092591990)     ( 1.091532213)     ( 0.956634756)

 Bond angles

  1-2-3  108.61415369   2-1-4  107.67386455   2-1-5  111.02663272   2-1-6  112.11225148

  4-1-5  112.45357614   4-1-6  108.30676115   5-1-6  105.29631062

 NUCLEAR CHARGE:                   18
 NUMBER OF PRIMITIVE AOS:         242
 NUMBER OF SYMMETRY AOS:          216
 NUMBER OF CONTRACTIONS:          184   (  184A   )
 NUMBER OF INNER CORE ORBITALS:     0   (    0A   )
 NUMBER OF OUTER CORE ORBITALS:     2   (    2A   )
 NUMBER OF VALENCE ORBITALS:       12   (   12A   )


 NUCLEAR REPULSION ENERGY   40.32125089

 Eigenvalues of metric

         1 0.617E-04 0.735E-04 0.923E-04 0.204E-03 0.408E-03 0.463E-03 0.759E-03 0.780E-03


 Contracted 2-electron integrals neglected if value below      1.0D-11
 AO integral compression algorithm  1   Integral accuracy      1.0D-11

     716.702 MB (compressed) written to integral file ( 52.8%)


 NUMBER OF SORTED TWO-ELECTRON INTEGRALS:  144848710.     BUFFER LENGTH:  32768
 NUMBER OF SEGMENTS:  10  SEGMENT LENGTH:   15999503      RECORD LENGTH: 524288

 Memory used in sort:      16.56 MW

 SORT1 READ   169623812. AND WROTE   143608495. INTEGRALS IN    414 RECORDS. CPU TIME:     1.12 SEC, REAL TIME:     1.68 SEC
 SORT2 READ   143608495. AND WROTE   144848710. INTEGRALS IN   2734 RECORDS. CPU TIME:     1.21 SEC, REAL TIME:     1.64 SEC

 FILE SIZES:   FILE 1:   748.0 MBYTE,  FILE 4:  1736.5 MBYTE,   TOTAL:   2484.5 MBYTE

 OPERATOR DM      FOR CENTER  0  COORDINATES:    0.000000    0.000000    0.000000


 **********************************************************************************************************************************
 DATASETS  * FILE   NREC   LENGTH (MB)   RECORD NAMES
              1      19      628.75       500      610      700      900      950      970     1000      129      960     1100   
                                          VAR    BASINP    GEOM    SYMINP    ZMAT    AOBASIS   BASIS     P2S    ABASIS      S 
                                         1400     1410     1200     1210     1080     1600     1650     1300     1700   
                                           T        V       H0       H01     AOSYM     SMH    MOLCAS    ERIS     OPER   

              2       8        3.26       700     1000      520     2100      200     2101     8500     9001   
                                         GEOM     BASIS   MCVARS     RHF    OPTIONS    RHF     CPHF    DEN_MP2    

 PROGRAMS   *        TOTAL       INT      CCSD    HF-SCF      CCSD    HF-SCF      CCSD    HF-SCF      CCSD    HF-SCF      CCSD
 CPU TIMES  *    125823.08     21.02    342.98     18.60    724.01     87.25    717.70    106.19    731.26    104.24    747.24
 REAL TIME  *     23150.25 SEC
 DISK USED  *         2.32 GB
 **********************************************************************************************************************************


 Program * Restricted Hartree-Fock

 Molecular orbitals read from record     2101.2  Type=RHF/CANONICAL (state 1.1)

 Initial occupancy:   9

 NELEC=   18   SYM=1   MS2= 0   THRE=1.0D-09   THRD=1.0D-07   THRG=1.0D-07  HFMA2=F  DIIS_START=2   DIIS_MAX=10   DIIS_INCORE=F

 Level shifts:    0.00 (CLOSED)    0.00 (OPEN)    0.30 (GAP_MIN)

 ITER           ETOT              DE          GRAD        DDIFF     DIIS  NEXP   TIME(IT)  TIME(TOT)  DIAG
   1     -115.07968396    -115.07968396     0.00D+00     0.47D-01     0     0       9.49      9.51    start
   2     -115.08934729      -0.00966333     0.21D-02     0.22D-02     1     0       8.50     18.01    diag
   3     -115.09064755      -0.00130026     0.58D-03     0.66D-03     2     0       8.89     26.90    diag
   4     -115.09073066      -0.00008311     0.13D-03     0.20D-03     3     0       9.57     36.47    diag
   5     -115.09073358      -0.00000292     0.36D-04     0.38D-04     4     0       9.38     45.85    diag
   6     -115.09073398      -0.00000040     0.12D-04     0.14D-04     5     0       9.13     54.98    diag
   7     -115.09073404      -0.00000006     0.35D-05     0.47D-05     6     0       9.25     64.23    diag
   8     -115.09073404      -0.00000001     0.11D-05     0.17D-05     7     0      10.14     74.37    fixocc
   9     -115.09073404      -0.00000000     0.25D-06     0.36D-06     8     0       8.47     82.84    diag
  10     -115.09073404      -0.00000000     0.66D-07     0.12D-06     9     0       9.43     92.27    diag/orth
  11     -115.09073404      -0.00000000     0.12D-07     0.21D-07     9     0       9.29    101.56    diag
  12     -115.09073404      -0.00000000     0.25D-08     0.37D-08     0     0       9.35    110.91    diag

 Final occupancy:   9

 !RHF STATE 1.1 Energy               -115.090734043358
  RHF One-electron energy            -236.875600649857
  RHF Two-electron energy              81.463615711865
  RHF Kinetic energy                  114.923335659440
  RHF Nuclear energy                   40.321250894633
  RHF Virial quotient                  -1.001456609164

 !RHF STATE 1.1 Dipole moment           0.07621734     0.60404152    -0.39486651
 Dipole moment /Debye                   0.19372517     1.53532039    -1.00365056

 Orbital energies:

           1.1          2.1          3.1          4.1          5.1          6.1          7.1          8.1          9.1         10.1
    -20.557853   -11.271658    -1.357446    -0.926239    -0.693583    -0.620712    -0.591638    -0.504356    -0.450700     0.028212

          11.1
      0.043075


 HOMO      9.1    -0.450700 =     -12.2642eV
 LUMO     10.1     0.028212 =       0.7677eV
 LUMO-HOMO         0.478912 =      13.0319eV

 Orbitals saved in record  2101.2


 **********************************************************************************************************************************
 DATASETS  * FILE   NREC   LENGTH (MB)   RECORD NAMES
              1      19      628.75       500      610      700      900      950      970     1000      129      960     1100   
                                          VAR    BASINP    GEOM    SYMINP    ZMAT    AOBASIS   BASIS     P2S    ABASIS      S 
                                         1400     1410     1200     1210     1080     1600     1650     1300     1700   
                                           T        V       H0       H01     AOSYM     SMH    MOLCAS    ERIS     OPER   

              2       8        3.26       700     1000      520     2100      200     2101     8500     9001   
                                         GEOM     BASIS   MCVARS     RHF    OPTIONS    RHF     CPHF    DEN_MP2    

 PROGRAMS   *        TOTAL    HF-SCF       INT      CCSD    HF-SCF      CCSD    HF-SCF      CCSD    HF-SCF      CCSD    HF-SCF
 CPU TIMES  *    125934.07    110.99     21.02    342.98     18.60    724.01     87.25    717.70    106.19    731.26    104.24
 REAL TIME  *     23167.65 SEC
 DISK USED  *         2.32 GB
 **********************************************************************************************************************************


 PROGRAM * CCSD (Closed-shell coupled cluster)     Authors: C. Hampel, H.-J. Werner, 1991, M. Deegan, P.J. Knowles, 1992


 Convergence thresholds:  THRVAR = 1.00D-12  THRDEN = 1.00D-08

 Using ITF CCSD gradient implementation

 Number of core orbitals:           2 (   2 )
 Number of closed-shell orbitals:   7 (   7 )
 Number of external orbitals:     175 ( 175 )

 Molecular orbitals read from record     2101.2  Type=RHF/CANONICAL (state 1.1)

 Integral transformation finished. Total CPU:  21.49 sec, npass=  1  Memory used:  27.38 MW
  Reference energy                   -115.090734043358

  MP2 correlation energy               -0.436804936394
  MP2 total energy                   -115.527538979752

 ITER.      SQ.NORM     CORR.ENERGY   TOTAL ENERGY   ENERGY CHANGE        DEN1      VAR(S)    VAR(P)  DIIS     TIME
   1      1.12042729    -0.45326474  -115.54399879    -0.01645981    -0.00559631  1.70e-03  1.94e-03  1  1    19.93
   2      1.12843447    -0.45425121  -115.54498525    -0.00098647    -0.00936554  4.22e-05  2.70e-04  2  2    41.71
   3      1.13082910    -0.45437023  -115.54510427    -0.00011902    -0.00140876  4.47e-06  3.50e-05  3  3    63.09
   4      1.13208377    -0.45437321  -115.54510725    -0.00000298    -0.00092533  1.44e-07  3.39e-06  4  4    85.35
   5      1.13238797    -0.45435247  -115.54508652     0.00002073    -0.00019174  1.85e-08  3.23e-07  5  5   108.50
   6      1.13246804    -0.45434999  -115.54508403     0.00000249    -0.00004932  3.67e-10  1.46e-08  6  0   131.26
   7      1.13247635    -0.45434881  -115.54508286     0.00000117    -0.00000623  6.32e-11  1.06e-09  6  1   153.67
   8      1.13247657    -0.45434867  -115.54508271     0.00000014    -0.00000046  4.23e-12  1.06e-10  6  2   175.56
   9      1.13247649    -0.45434865  -115.54508270     0.00000002     0.00000001  1.82e-13  1.12e-11  6  3   197.52
  10      1.13247655    -0.45434865  -115.54508269     0.00000000    -0.00000004  2.99e-14  7.64e-13         217.22

 Norm of t1 vector:      0.05273927     S-energy:      0.00000000   T1 diagnostic:  0.00996679

 Time per iteration:                     21.73 sec

 RESULTS
 =======

  Reference energy                   -115.090734043358
  CCSD correlation energy              -0.454348647271
 !CCSD total energy                  -115.545082690629

 Starting CP-CCSD iterations.   Author: W. Gyorffy (2012)

 ITER.      NRM1           NRM2      VAR(S)+VAR(P)   DIIS    TIME
   1     0.00164282     0.38337520     5.27e-04      1  1   22.06
   2     0.00149017     0.37955987     3.84e-05      2  2   44.34
   3     0.00138414     0.37907568     4.79e-06      3  3   71.52
   4     0.00133320     0.37868103     9.18e-07      4  4   94.69
   5     0.00130488     0.37858522     9.66e-08      5  5  119.33
   6     0.00129413     0.37855091     9.87e-09      6  0  143.28
   7     0.00129122     0.37854678     1.16e-09      6  1  167.35
   8     0.00129047     0.37854546     1.47e-10      6  2  190.87
   9     0.00129033     0.37854534     1.94e-11      6  3  217.44
  10     0.00129029     0.37854529     2.52e-12      6  4  241.92
  11     0.00129030     0.37854528     3.17e-13            266.74


 Time per iteration:                     24.25 sec


 Starting Coupled-perturbed Hartree-Fock, convergence threshold= 1.0D-06

 ITER   MIC  DIIS      VAR         VARC       CPU
   1     0     1    0.47D-02    0.12D-02     9.22
   2     4     2    0.18D-03    0.52D-04    18.26
   3     4     3    0.45D-05    0.81D-06    27.67
   4     2     4    0.45D-06    0.35D-07    37.06

 CPHF convergence reached in  4 macroiterations and   10 microiterations.   Accuracy: 4.4566D-07

 CPHF solution written to record  8500.2

 Dipole moments (unrelaxed):            0.07354579     0.56832674    -0.36946473
 Orbital relaxation contribution:       0.00025997     0.00396848    -0.00307122
 !CCSD STATE 1.1 Dipole moment          0.07380576     0.57229522    -0.37253595
 Dipole moment /Debye                   0.18759553     1.45462936    -0.94689193

 CPU-time for coupled-perturbed hartree-fock:         37.10 sec

 Number of N-1 electron functions:               7
 Number of N-2 electron functions:              28
 Number of singly external CSFs:              1225
 Number of doubly external CSFs:            750925
 Total number of CSFs:                      752151

 CCSD gradient info saved on record        55555.1




 **********************************************************************************************************************************
 DATASETS  * FILE   NREC   LENGTH (MB)   RECORD NAMES
              1      21      864.75       500      610      700      900      950      970     1000      129      960     1100   
                                          VAR    BASINP    GEOM    SYMINP    ZMAT    AOBASIS   BASIS     P2S    ABASIS      S 
                                         1400     1410     1200     1210     1080     1600     1650     1300     1700     1380   
                                           T        V       H0       H01     AOSYM     SMH    MOLCAS    ERIS     OPER     JKOP   
                                        55555   
                                         CCSD   

              2       8        3.26       700     1000      520     2100      200     2101     8500     9001   
                                         GEOM     BASIS   MCVARS     RHF    OPTIONS    RHF     CPHF    DEN_MP2    

 PROGRAMS   *        TOTAL      CCSD    HF-SCF       INT      CCSD    HF-SCF      CCSD    HF-SCF      CCSD    HF-SCF      CCSD
 CPU TIMES  *    126681.62    747.54    110.99     21.02    342.98     18.60    724.01     87.25    717.70    106.19    731.26
 REAL TIME  *     23269.86 SEC
 DISK USED  *         2.32 GB
 **********************************************************************************************************************************

 Inactive variables:    AHH2

 Active variables:      RCO ROH ACOH RCH1 AOCH1 AHH1
                        RCH2 AOCH2 RCH3 AOCH3 AHH3

 Geometry written to block  1 of record 700

 XYZ inputs for each point on the optimization path will be saved in files ch3oh_maxima_mp2_xx.xyz

 Making model hessian for Z-matrix coordinates

 Entering Rational Function Geometry Optimization

 ITER.   ENERGY(OLD)    ENERGY(NEW)      DE          GRADMAX     GRADNORM    GRADRMS     STEPMAX     STEPLEN     STEPRMS   CPU-time
   1  -115.54508269  -115.54554210    -0.00045941  0.00806732  0.01285582  0.00387617  0.03490659  0.05006545  0.00455140   2026.94
   2  -115.54554210  -115.54574920    -0.00020710  0.00479844  0.00694462  0.00209388  0.03490659  0.05018624  0.00456239   3190.71
   3  -115.54574920  -115.54578749    -0.00003830  0.00193331  0.00315615  0.00095162  0.02095677  0.02852220  0.00259293   4339.48
   4  -115.54578749  -115.54578770    -0.00000020  0.00022199  0.00036501  0.00011006  0.00070527  0.00123982  0.00011271   5479.93

 END OF GEOMETRY OPTIMIZATION.

 Optimized variables
 RCO=                 1.42138109 ANGSTROM
 ROH=                 0.95692462 ANGSTROM
 ACOH=              108.55448264 DEGREE
 RCH1=                1.08872397 ANGSTROM
 AOCH1=             107.40800182 DEGREE
 AHH1=              151.57843127 DEGREE
 RCH2=                1.09281858 ANGSTROM
 AOCH2=             111.24242487 DEGREE
 RCH3=                1.09176077 ANGSTROM
 AOCH3=             112.10203130 DEGREE
 AHH3=              392.70906713 DEGREE

 **********************************************************************************************************************************

 Geometry written to block  1 of record 700

 Recomputing wavefunction for reoriented structure

 Current geometry (xyz format, in Angstrom)


 Dump information in style XYZ to ch3oh_maxima_mp2.xyz                                                            

    6
 CCSD/AUG-CC-PVTZ  ENERGY=-115.54578770
 C         -0.0008579163        0.0135353367       -0.7287549451
 O          0.0003436349       -0.0646642731        0.6904728631
 H         -0.0152793621        0.8242547825        1.0444270389
 H          0.5092346645       -0.8719997726       -1.1041920359
 H         -1.0196040629        0.0174683253       -1.1242208373
 H          0.5304173788        0.8954240360       -1.0920185703

 **********************************************************************************************************************************


 **********************************************************************************************************************************
 DATASETS  * FILE   NREC   LENGTH (MB)   RECORD NAMES
              1      21      862.22       500      610      700      900      950      970     1000      129      960     1100   
                                          VAR    BASINP    GEOM    SYMINP    ZMAT    AOBASIS   BASIS     P2S    ABASIS      S 
                                         1400     1410     1200     1210     1080     1600     1650     1300     1700     1380   
                                           T        V       H0       H01     AOSYM     SMH    MOLCAS    ERIS     OPER     JKOP   
                                        55555   
                                         CCSD   

              2       8        3.26       700     1000      520     2100      200     2101     8500     9001   
                                         GEOM     BASIS   MCVARS     RHF    OPTIONS    RHF     CPHF    DEN_MP2    

 PROGRAMS   *        TOTAL      OPTG    HF-SCF      CCSD    HF-SCF      CCSD    HF-SCF      CCSD    HF-SCF      CCSD    HF-SCF
 CPU TIMES  *    131634.39    333.21     19.18    778.32     87.97    769.47    105.94    779.19    108.43    756.60    106.08
 REAL TIME  *     24005.18 SEC
 DISK USED  *         2.32 GB
 **********************************************************************************************************************************

 DO I                   =       275.00000000   
 SETTING AHH2           =       275.00000000                                  


 PROGRAM * OPT (Geometry optimization)     Authors: F. Eckert and H.-J. Werner


 BFGS update of hessian

 Geometry optimization using procedure=RUNCCSD

 Running procedure: RUNCCSD


 Recomputing integrals since geometry changed


 PROGRAM * SEWARD (Integral evaluation for generally contracted gaussian basis sets)     Author: Roland Lindh, 1990

 Geometry written to block  1 of record 700

 Orientation using atomic masses  
 Molecule type: Asymmetric top
 Rotational constants:      23.8946630     24.8003775    128.6853575 GHz  (calculated with average atomic masses)

 Point group  C1  



 ATOMIC COORDINATES

 NR  ATOM    CHARGE       X              Y              Z

   1  C       6.00   -0.000893946    0.012132799   -1.377534715
   2  O       8.00   -0.013135469   -0.118827209    1.305263878
   3  H       1.00    0.157504956    1.556603715    1.963939820
   4  H1      1.00    0.756996341   -1.768002726   -2.077230332
   5  H2      1.00   -1.888180461    0.409301780   -2.115883773
   6  H3      1.00    1.192835861    1.543705858   -2.074523781

 Bond lengths in Bohr (Angstrom)

 1-2  2.686020973  1-4  2.057390126  1-5  2.065127822  1-6  2.063128849  2-3  1.808325449
     ( 1.421381087)     ( 1.088723969)     ( 1.092818581)     ( 1.091760770)     ( 0.956924618)

 Bond angles

  1-2-3  108.55448264   2-1-4  107.40800182   2-1-5  111.24242487   2-1-6  112.10203130

  4-1-5  112.42435141   4-1-6  108.31734156   5-1-6  105.37992421

 NUCLEAR CHARGE:                   18
 NUMBER OF PRIMITIVE AOS:         242
 NUMBER OF SYMMETRY AOS:          216
 NUMBER OF CONTRACTIONS:          184   (  184A   )
 NUMBER OF INNER CORE ORBITALS:     0   (    0A   )
 NUMBER OF OUTER CORE ORBITALS:     2   (    2A   )
 NUMBER OF VALENCE ORBITALS:       12   (   12A   )


 NUCLEAR REPULSION ENERGY   40.32821956

 Eigenvalues of metric

         1 0.616E-04 0.738E-04 0.910E-04 0.203E-03 0.405E-03 0.467E-03 0.758E-03 0.778E-03


 Contracted 2-electron integrals neglected if value below      1.0D-11
 AO integral compression algorithm  1   Integral accuracy      1.0D-11

     716.702 MB (compressed) written to integral file ( 52.8%)


 NUMBER OF SORTED TWO-ELECTRON INTEGRALS:  144848710.     BUFFER LENGTH:  32768
 NUMBER OF SEGMENTS:  10  SEGMENT LENGTH:   15999503      RECORD LENGTH: 524288

 Memory used in sort:      16.56 MW

 SORT1 READ   169623812. AND WROTE   143607445. INTEGRALS IN    414 RECORDS. CPU TIME:     1.11 SEC, REAL TIME:     1.73 SEC
 SORT2 READ   143607445. AND WROTE   144848710. INTEGRALS IN   2734 RECORDS. CPU TIME:     1.25 SEC, REAL TIME:     1.66 SEC

 FILE SIZES:   FILE 1:   748.0 MBYTE,  FILE 4:  1736.5 MBYTE,   TOTAL:   2484.5 MBYTE

 OPERATOR DM      FOR CENTER  0  COORDINATES:    0.000000    0.000000    0.000000


 **********************************************************************************************************************************
 DATASETS  * FILE   NREC   LENGTH (MB)   RECORD NAMES
              1      19      628.67       500      610      700      900      950      970     1000      129      960     1100   
                                          VAR    BASINP    GEOM    SYMINP    ZMAT    AOBASIS   BASIS     P2S    ABASIS      S 
                                         1400     1410     1200     1210     1080     1600     1650     1300     1700   
                                           T        V       H0       H01     AOSYM     SMH    MOLCAS    ERIS     OPER   

              2       8        3.26       700     1000      520     2100      200     2101     8500     9001   
                                         GEOM     BASIS   MCVARS     RHF    OPTIONS    RHF     CPHF    DEN_MP2    

 PROGRAMS   *        TOTAL       INT      CCSD    HF-SCF      CCSD    HF-SCF      CCSD    HF-SCF      CCSD    HF-SCF      CCSD
 CPU TIMES  *    131655.18     20.78    333.21     19.18    778.32     87.97    769.47    105.94    779.19    108.43    756.60
 REAL TIME  *     24013.79 SEC
 DISK USED  *         2.32 GB
 **********************************************************************************************************************************


 Program * Restricted Hartree-Fock

 Molecular orbitals read from record     2101.2  Type=RHF/CANONICAL (state 1.1)

 Initial occupancy:   9

 NELEC=   18   SYM=1   MS2= 0   THRE=1.0D-09   THRD=1.0D-07   THRG=1.0D-07  HFMA2=F  DIIS_START=2   DIIS_MAX=10   DIIS_INCORE=F

 Level shifts:    0.00 (CLOSED)    0.00 (OPEN)    0.30 (GAP_MIN)

 ITER           ETOT              DE          GRAD        DDIFF     DIIS  NEXP   TIME(IT)  TIME(TOT)  DIAG
   1     -115.08053526    -115.08053526     0.00D+00     0.47D-01     0     0      10.09     10.09    start
   2     -115.08964713      -0.00911187     0.20D-02     0.22D-02     1     0      11.80     21.89    diag
   3     -115.09087707      -0.00122994     0.56D-03     0.64D-03     2     0       9.35     31.24    diag
   4     -115.09095698      -0.00007990     0.13D-03     0.19D-03     3     0       8.37     39.61    diag
   5     -115.09095993      -0.00000296     0.36D-04     0.37D-04     4     0       8.94     48.55    diag
   6     -115.09096035      -0.00000042     0.12D-04     0.14D-04     5     0       9.50     58.05    diag
   7     -115.09096042      -0.00000006     0.36D-05     0.47D-05     6     0       9.15     67.20    diag
   8     -115.09096042      -0.00000001     0.11D-05     0.17D-05     7     0       9.16     76.36    fixocc
   9     -115.09096042      -0.00000000     0.24D-06     0.35D-06     8     0       9.22     85.58    diag
  10     -115.09096042      -0.00000000     0.64D-07     0.11D-06     9     0       9.42     95.00    diag/orth
  11     -115.09096042      -0.00000000     0.11D-07     0.20D-07     9     0       9.44    104.44    diag
  12     -115.09096042      -0.00000000     0.25D-08     0.36D-08     0     0       9.45    113.89    diag

 Final occupancy:   9

 !RHF STATE 1.1 Energy               -115.090960422208
  RHF One-electron energy            -236.888509405863
  RHF Two-electron energy              81.469329423377
  RHF Kinetic energy                  114.923523547664
  RHF Nuclear energy                   40.328219560278
  RHF Virial quotient                  -1.001456941707

 !RHF STATE 1.1 Dipole moment           0.07366948     0.60103741    -0.39438115
 Dipole moment /Debye                   0.18724915     1.52768471    -1.00241689

 Orbital energies:

           1.1          2.1          3.1          4.1          5.1          6.1          7.1          8.1          9.1         10.1
    -20.558073   -11.271642    -1.357679    -0.926183    -0.693791    -0.620067    -0.591913    -0.505139    -0.450438     0.028257

          11.1
      0.043071


 HOMO      9.1    -0.450438 =     -12.2570eV
 LUMO     10.1     0.028257 =       0.7689eV
 LUMO-HOMO         0.478694 =      13.0259eV

 Orbitals saved in record  2101.2


 **********************************************************************************************************************************
 DATASETS  * FILE   NREC   LENGTH (MB)   RECORD NAMES
              1      19      628.67       500      610      700      900      950      970     1000      129      960     1100   
                                          VAR    BASINP    GEOM    SYMINP    ZMAT    AOBASIS   BASIS     P2S    ABASIS      S 
                                         1400     1410     1200     1210     1080     1600     1650     1300     1700   
                                           T        V       H0       H01     AOSYM     SMH    MOLCAS    ERIS     OPER   

              2       8        3.26       700     1000      520     2100      200     2101     8500     9001   
                                         GEOM     BASIS   MCVARS     RHF    OPTIONS    RHF     CPHF    DEN_MP2    

 PROGRAMS   *        TOTAL    HF-SCF       INT      CCSD    HF-SCF      CCSD    HF-SCF      CCSD    HF-SCF      CCSD    HF-SCF
 CPU TIMES  *    131769.12    113.93     20.78    333.21     19.18    778.32     87.97    769.47    105.94    779.19    108.43
 REAL TIME  *     24031.71 SEC
 DISK USED  *         2.32 GB
 **********************************************************************************************************************************


 PROGRAM * CCSD (Closed-shell coupled cluster)     Authors: C. Hampel, H.-J. Werner, 1991, M. Deegan, P.J. Knowles, 1992


 Convergence thresholds:  THRVAR = 1.00D-12  THRDEN = 1.00D-08

 Using ITF CCSD gradient implementation

 Number of core orbitals:           2 (   2 )
 Number of closed-shell orbitals:   7 (   7 )
 Number of external orbitals:     175 ( 175 )

 Molecular orbitals read from record     2101.2  Type=RHF/CANONICAL (state 1.1)

 Integral transformation finished. Total CPU:  21.92 sec, npass=  1  Memory used:  27.38 MW
  Reference energy                   -115.090960422208

  MP2 correlation energy               -0.436793253662
  MP2 total energy                   -115.527753675871

 ITER.      SQ.NORM     CORR.ENERGY   TOTAL ENERGY   ENERGY CHANGE        DEN1      VAR(S)    VAR(P)  DIIS     TIME
   1      1.12042010    -0.45325050  -115.54421092    -0.01645725    -0.00559351  1.69e-03  1.94e-03  1  1    23.21
   2      1.12842435    -0.45423645  -115.54519687    -0.00098594    -0.00936591  4.22e-05  2.70e-04  2  2    44.77
   3      1.13081608    -0.45435545  -115.54531587    -0.00011901    -0.00140819  4.47e-06  3.50e-05  3  3    68.02
   4      1.13206920    -0.45435839  -115.54531881    -0.00000293    -0.00092520  1.43e-07  3.39e-06  4  4    92.08
   5      1.13237309    -0.45433767  -115.54529809     0.00002072    -0.00019178  1.84e-08  3.22e-07  5  5   114.57
   6      1.13245299    -0.45433518  -115.54529560     0.00000249    -0.00004930  3.60e-10  1.46e-08  6  0   139.72
   7      1.13246128    -0.45433400  -115.54529443     0.00000117    -0.00000622  6.29e-11  1.05e-09  6  1   162.47
   8      1.13246149    -0.45433386  -115.54529428     0.00000014    -0.00000046  4.21e-12  1.06e-10  6  2   184.16
   9      1.13246140    -0.45433384  -115.54529427     0.00000002     0.00000001  1.78e-13  1.12e-11  6  3   207.00
  10      1.13246146    -0.45433384  -115.54529426     0.00000000    -0.00000004  2.98e-14  7.62e-13         230.32

 Norm of t1 vector:      0.05267352     S-energy:      0.00000000   T1 diagnostic:  0.00995436

 Time per iteration:                     23.04 sec

 RESULTS
 =======

  Reference energy                   -115.090960422208
  CCSD correlation energy              -0.454333839416
 !CCSD total energy                  -115.545294261624

 Starting CP-CCSD iterations.   Author: W. Gyorffy (2012)

 ITER.      NRM1           NRM2      VAR(S)+VAR(P)   DIIS    TIME
   1     0.00163873     0.38333330     5.27e-04      1  1   26.91
   2     0.00148651     0.37952295     3.83e-05      2  2   52.61
   3     0.00138094     0.37903942     4.77e-06      3  3   75.94
   4     0.00133032     0.37864583     9.11e-07      4  4  100.12
   5     0.00130221     0.37855051     9.51e-08      5  5  124.65
   6     0.00129160     0.37851648     9.68e-09      6  0  148.26
   7     0.00128873     0.37851243     1.14e-09      6  1  173.28
   8     0.00128799     0.37851113     1.46e-10      6  2  196.85
   9     0.00128785     0.37851100     1.95e-11      6  3  220.05
  10     0.00128782     0.37851095     2.54e-12      6  4  244.60
  11     0.00128782     0.37851094     3.14e-13            269.11


 Time per iteration:                     24.46 sec


 Starting Coupled-perturbed Hartree-Fock, convergence threshold= 1.0D-06

 ITER   MIC  DIIS      VAR         VARC       CPU
   1     0     1    0.47D-02    0.12D-02     9.31
   2     4     2    0.18D-03    0.52D-04    18.34
   3     4     3    0.45D-05    0.81D-06    27.64
   4     2     4    0.45D-06    0.36D-07    37.03

 CPHF convergence reached in  4 macroiterations and   10 microiterations.   Accuracy: 4.4746D-07

 CPHF solution written to record  8500.2

 Dipole moments (unrelaxed):            0.07119305     0.56513177    -0.36885876
 Orbital relaxation contribution:       0.00022157     0.00399848    -0.00309509
 !CCSD STATE 1.1 Dipole moment          0.07141462     0.56913025    -0.37195386
 Dipole moment /Debye                   0.18151786     1.44658480    -0.94541240

 CPU-time for coupled-perturbed hartree-fock:         37.07 sec

 Number of N-1 electron functions:               7
 Number of N-2 electron functions:              28
 Number of singly external CSFs:              1225
 Number of doubly external CSFs:            750925
 Total number of CSFs:                      752151

 CCSD gradient info saved on record        55555.1




 **********************************************************************************************************************************
 DATASETS  * FILE   NREC   LENGTH (MB)   RECORD NAMES
              1      21      864.68       500      610      700      900      950      970     1000      129      960     1100   
                                          VAR    BASINP    GEOM    SYMINP    ZMAT    AOBASIS   BASIS     P2S    ABASIS      S 
                                         1400     1410     1200     1210     1080     1600     1650     1300     1700     1380   
                                           T        V       H0       H01     AOSYM     SMH    MOLCAS    ERIS     OPER     JKOP   
                                        55555   
                                         CCSD   

              2       8        3.26       700     1000      520     2100      200     2101     8500     9001   
                                         GEOM     BASIS   MCVARS     RHF    OPTIONS    RHF     CPHF    DEN_MP2    

 PROGRAMS   *        TOTAL      CCSD    HF-SCF       INT      CCSD    HF-SCF      CCSD    HF-SCF      CCSD    HF-SCF      CCSD
 CPU TIMES  *    132543.72    774.59    113.93     20.78    333.21     19.18    778.32     87.97    769.47    105.94    779.19
 REAL TIME  *     24137.67 SEC
 DISK USED  *         2.32 GB
 **********************************************************************************************************************************

 Inactive variables:    AHH2

 Active variables:      RCO ROH ACOH RCH1 AOCH1 AHH1
                        RCH2 AOCH2 RCH3 AOCH3 AHH3

 Geometry written to block  1 of record 700

 XYZ inputs for each point on the optimization path will be saved in files ch3oh_maxima_mp2_xx.xyz

 Making model hessian for Z-matrix coordinates

 Entering Rational Function Geometry Optimization

 ITER.   ENERGY(OLD)    ENERGY(NEW)      DE          GRADMAX     GRADNORM    GRADRMS     STEPMAX     STEPLEN     STEPRMS   CPU-time
   1  -115.54529426  -115.54575080    -0.00045654  0.00804600  0.01281939  0.00386519  0.03490659  0.05008172  0.00455288   2059.22
   2  -115.54575080  -115.54595509    -0.00020429  0.00472725  0.00689432  0.00207872  0.03490659  0.05015675  0.00455970   3228.69
   3  -115.54595509  -115.54598998    -0.00003489  0.00177362  0.00301503  0.00090907  0.01966766  0.02716512  0.00246956   4379.67
   4  -115.54598998  -115.54599017    -0.00000019  0.00021406  0.00036033  0.00010864  0.00068053  0.00117885  0.00010717   5541.94

 END OF GEOMETRY OPTIMIZATION.

 Optimized variables
 RCO=                 1.42090791 ANGSTROM
 ROH=                 0.95720343 ANGSTROM
 ACOH=              108.49562573 DEGREE
 RCH1=                1.08846474 ANGSTROM
 AOCH1=             107.18705350 DEGREE
 AHH1=              156.62069187 DEGREE
 RCH2=                1.09298882 ANGSTROM
 AOCH2=             111.42284979 DEGREE
 RCH3=                1.09201498 ANGSTROM
 AOCH3=             112.08373377 DEGREE
 AHH3=              397.87493216 DEGREE

 **********************************************************************************************************************************

 Geometry written to block  1 of record 700

 Recomputing wavefunction for reoriented structure

 Current geometry (xyz format, in Angstrom)


 Dump information in style XYZ to ch3oh_maxima_mp2.xyz                                                            

    6
 CCSD/AUG-CC-PVTZ  ENERGY=-115.54599017
 C         -0.0007416809        0.0136208438       -0.7285041704
 O          0.0002998145       -0.0644999386        0.6902542073
 H         -0.0142300083        0.8250737660        1.0433631414
 H          0.4271130116       -0.9148983953       -1.1020652315
 H         -1.0159439912        0.1076137915       -1.1224002960
 H          0.6071400777        0.8437307331       -1.0944195442

 **********************************************************************************************************************************


 **********************************************************************************************************************************
 DATASETS  * FILE   NREC   LENGTH (MB)   RECORD NAMES
              1      21      862.41       500      610      700      900      950      970     1000      129      960     1100   
                                          VAR    BASINP    GEOM    SYMINP    ZMAT    AOBASIS   BASIS     P2S    ABASIS      S 
                                         1400     1410     1200     1210     1080     1600     1650     1300     1700     1380   
                                           T        V       H0       H01     AOSYM     SMH    MOLCAS    ERIS     OPER     JKOP   
                                        55555   
                                         CCSD   

              2       8        3.26       700     1000      520     2100      200     2101     8500     9001   
                                         GEOM     BASIS   MCVARS     RHF    OPTIONS    RHF     CPHF    DEN_MP2    

 PROGRAMS   *        TOTAL      OPTG    HF-SCF      CCSD    HF-SCF      CCSD    HF-SCF      CCSD    HF-SCF      CCSD    HF-SCF
 CPU TIMES  *    137536.29    340.93     18.99    793.83     87.74    768.72    104.84    782.58    109.21    769.06    105.31
 REAL TIME  *     24879.97 SEC
 DISK USED  *         2.32 GB
 **********************************************************************************************************************************

 DO I                   =       280.00000000   
 SETTING AHH2           =       280.00000000                                  


 PROGRAM * OPT (Geometry optimization)     Authors: F. Eckert and H.-J. Werner


 BFGS update of hessian

 Geometry optimization using procedure=RUNCCSD

 Running procedure: RUNCCSD


 Recomputing integrals since geometry changed


 PROGRAM * SEWARD (Integral evaluation for generally contracted gaussian basis sets)     Author: Roland Lindh, 1990

 Geometry written to block  1 of record 700

 Orientation using atomic masses  
 Molecule type: Asymmetric top
 Rotational constants:      23.8957246     24.8332148    128.6223581 GHz  (calculated with average atomic masses)

 Point group  C1  



 ATOMIC COORDINATES

 NR  ATOM    CHARGE       X              Y              Z

   1  C       6.00   -0.001892146    0.012532035   -1.377056929
   2  O       8.00   -0.012114529   -0.118683362    1.304842379
   3  H       1.00    0.148684408    1.558865654    1.962048408
   4  H1      1.00    0.605280231   -1.825287187   -2.073189703
   5  H2      1.00   -1.852255289    0.561409513   -2.112564583
   6  H3      1.00    1.313136544    1.439579862   -2.078995063

 Bond lengths in Bohr (Angstrom)

 1-2  2.685126790  1-4  2.056900247  1-5  2.065449529  1-6  2.063609241  2-3  1.808852333
     ( 1.420907905)     ( 1.088464736)     ( 1.092988821)     ( 1.092014982)     ( 0.957203432)

 Bond angles

  1-2-3  108.49562573   2-1-4  107.18705350   2-1-5  111.42284979   2-1-6  112.08373377

  4-1-5  112.41849151   4-1-6  108.33953278   5-1-6  105.42580500

 NUCLEAR CHARGE:                   18
 NUMBER OF PRIMITIVE AOS:         242
 NUMBER OF SYMMETRY AOS:          216
 NUMBER OF CONTRACTIONS:          184   (  184A   )
 NUMBER OF INNER CORE ORBITALS:     0   (    0A   )
 NUMBER OF OUTER CORE ORBITALS:     2   (    2A   )
 NUMBER OF VALENCE ORBITALS:       12   (   12A   )


 NUCLEAR REPULSION ENERGY   40.33489439

 Eigenvalues of metric

         1 0.615E-04 0.739E-04 0.900E-04 0.201E-03 0.403E-03 0.471E-03 0.758E-03 0.776E-03


 Contracted 2-electron integrals neglected if value below      1.0D-11
 AO integral compression algorithm  1   Integral accuracy      1.0D-11

     716.702 MB (compressed) written to integral file ( 52.8%)


 NUMBER OF SORTED TWO-ELECTRON INTEGRALS:  144848710.     BUFFER LENGTH:  32768
 NUMBER OF SEGMENTS:  10  SEGMENT LENGTH:   15999503      RECORD LENGTH: 524288

 Memory used in sort:      16.56 MW

 SORT1 READ   169623812. AND WROTE   143605056. INTEGRALS IN    414 RECORDS. CPU TIME:     1.11 SEC, REAL TIME:     1.80 SEC
 SORT2 READ   143605056. AND WROTE   144848710. INTEGRALS IN   2734 RECORDS. CPU TIME:     1.20 SEC, REAL TIME:     1.66 SEC

 FILE SIZES:   FILE 1:   748.0 MBYTE,  FILE 4:  1736.5 MBYTE,   TOTAL:   2484.5 MBYTE

 OPERATOR DM      FOR CENTER  0  COORDINATES:    0.000000    0.000000    0.000000


 **********************************************************************************************************************************
 DATASETS  * FILE   NREC   LENGTH (MB)   RECORD NAMES
              1      19      628.67       500      610      700      900      950      970     1000      129      960     1100   
                                          VAR    BASINP    GEOM    SYMINP    ZMAT    AOBASIS   BASIS     P2S    ABASIS      S 
                                         1400     1410     1200     1210     1080     1600     1650     1300     1700   
                                           T        V       H0       H01     AOSYM     SMH    MOLCAS    ERIS     OPER   

              2       8        3.26       700     1000      520     2100      200     2101     8500     9001   
                                         GEOM     BASIS   MCVARS     RHF    OPTIONS    RHF     CPHF    DEN_MP2    

 PROGRAMS   *        TOTAL       INT      CCSD    HF-SCF      CCSD    HF-SCF      CCSD    HF-SCF      CCSD    HF-SCF      CCSD
 CPU TIMES  *    137557.57     21.28    340.93     18.99    793.83     87.74    768.72    104.84    782.58    109.21    769.06
 REAL TIME  *     24888.79 SEC
 DISK USED  *         2.32 GB
 **********************************************************************************************************************************


 Program * Restricted Hartree-Fock

 Molecular orbitals read from record     2101.2  Type=RHF/CANONICAL (state 1.1)

 Initial occupancy:   9

 NELEC=   18   SYM=1   MS2= 0   THRE=1.0D-09   THRD=1.0D-07   THRG=1.0D-07  HFMA2=F  DIIS_START=2   DIIS_MAX=10   DIIS_INCORE=F

 Level shifts:    0.00 (CLOSED)    0.00 (OPEN)    0.30 (GAP_MIN)

 ITER           ETOT              DE          GRAD        DDIFF     DIIS  NEXP   TIME(IT)  TIME(TOT)  DIAG
   1     -115.08178316    -115.08178316     0.00D+00     0.47D-01     0     0       9.67      9.67    start
   2     -115.08997934      -0.00819618     0.19D-02     0.21D-02     1     0       9.47     19.14    diag
   3     -115.09108926      -0.00110991     0.53D-03     0.61D-03     2     0       9.43     28.57    diag
   4     -115.09116262      -0.00007336     0.12D-03     0.18D-03     3     0       9.39     37.96    diag
   5     -115.09116543      -0.00000281     0.35D-04     0.36D-04     4     0       9.35     47.31    diag
   6     -115.09116584      -0.00000041     0.12D-04     0.13D-04     5     0       9.39     56.70    diag
   7     -115.09116590      -0.00000006     0.35D-05     0.46D-05     6     0       9.45     66.15    diag
   8     -115.09116591      -0.00000001     0.11D-05     0.17D-05     7     0       9.00     75.15    fixocc
   9     -115.09116591      -0.00000000     0.24D-06     0.34D-06     8     0       9.41     84.56    diag
  10     -115.09116591      -0.00000000     0.61D-07     0.10D-06     9     0       9.48     94.04    diag/orth
  11     -115.09116591      -0.00000000     0.11D-07     0.19D-07     9     0       9.48    103.52    diag
  12     -115.09116591       0.00000000     0.24D-08     0.34D-08     0     0       9.48    113.00    diag

 Final occupancy:   9

 !RHF STATE 1.1 Energy               -115.091165910567
  RHF One-electron energy            -236.900853681645
  RHF Two-electron energy              81.474793376088
  RHF Kinetic energy                  114.923704018613
  RHF Nuclear energy                   40.334894394990
  RHF Virial quotient                  -1.001457157106

 !RHF STATE 1.1 Dipole moment           0.06937526     0.59836098    -0.39394605
 Dipole moment /Debye                   0.17633433     1.52088190    -1.00131098

 Orbital energies:

           1.1          2.1          3.1          4.1          5.1          6.1          7.1          8.1          9.1         10.1
    -20.558283   -11.271629    -1.357901    -0.926131    -0.693993    -0.619420    -0.592200    -0.505910    -0.450166     0.028299

          11.1
      0.043064


 HOMO      9.1    -0.450166 =     -12.2497eV
 LUMO     10.1     0.028299 =       0.7700eV
 LUMO-HOMO         0.478465 =      13.0197eV

 Orbitals saved in record  2101.2


 **********************************************************************************************************************************
 DATASETS  * FILE   NREC   LENGTH (MB)   RECORD NAMES
              1      19      628.67       500      610      700      900      950      970     1000      129      960     1100   
                                          VAR    BASINP    GEOM    SYMINP    ZMAT    AOBASIS   BASIS     P2S    ABASIS      S 
                                         1400     1410     1200     1210     1080     1600     1650     1300     1700   
                                           T        V       H0       H01     AOSYM     SMH    MOLCAS    ERIS     OPER   

              2       8        3.26       700     1000      520     2100      200     2101     8500     9001   
                                         GEOM     BASIS   MCVARS     RHF    OPTIONS    RHF     CPHF    DEN_MP2    

 PROGRAMS   *        TOTAL    HF-SCF       INT      CCSD    HF-SCF      CCSD    HF-SCF      CCSD    HF-SCF      CCSD    HF-SCF
 CPU TIMES  *    137670.62    113.05     21.28    340.93     18.99    793.83     87.74    768.72    104.84    782.58    109.21
 REAL TIME  *     24906.46 SEC
 DISK USED  *         2.32 GB
 **********************************************************************************************************************************


 PROGRAM * CCSD (Closed-shell coupled cluster)     Authors: C. Hampel, H.-J. Werner, 1991, M. Deegan, P.J. Knowles, 1992


 Convergence thresholds:  THRVAR = 1.00D-12  THRDEN = 1.00D-08

 Using ITF CCSD gradient implementation

 Number of core orbitals:           2 (   2 )
 Number of closed-shell orbitals:   7 (   7 )
 Number of external orbitals:     175 ( 175 )

 Molecular orbitals read from record     2101.2  Type=RHF/CANONICAL (state 1.1)

 Integral transformation finished. Total CPU:  21.99 sec, npass=  1  Memory used:  27.38 MW
  Reference energy                   -115.091165910567

  MP2 correlation energy               -0.436782613647
  MP2 total energy                   -115.527948524214

 ITER.      SQ.NORM     CORR.ENERGY   TOTAL ENERGY   ENERGY CHANGE        DEN1      VAR(S)    VAR(P)  DIIS     TIME
   1      1.12041368    -0.45323739  -115.54440330    -0.01645478    -0.00559080  1.69e-03  1.94e-03  1  1    23.79
   2      1.12841521    -0.45422285  -115.54538876    -0.00098546    -0.00936629  4.22e-05  2.70e-04  2  2    47.73
   3      1.13080424    -0.45434186  -115.54550777    -0.00011900    -0.00140765  4.46e-06  3.50e-05  3  3    70.82
   4      1.13205592    -0.45434475  -115.54551066    -0.00000289    -0.00092509  1.42e-07  3.39e-06  4  4    93.67
   5      1.13235950    -0.45432404  -115.54548995     0.00002070    -0.00019180  1.83e-08  3.21e-07  5  5   116.28
   6      1.13243924    -0.45432155  -115.54548746     0.00000250    -0.00004928  3.53e-10  1.45e-08  6  0   140.87
   7      1.13244749    -0.45432037  -115.54548629     0.00000117    -0.00000621  6.27e-11  1.05e-09  6  1   164.51
   8      1.13244770    -0.45432023  -115.54548614     0.00000014    -0.00000046  4.19e-12  1.06e-10  6  2   187.13
   9      1.13244761    -0.45432021  -115.54548613     0.00000002     0.00000002  1.75e-13  1.11e-11  6  3   209.27
  10      1.13244767    -0.45432021  -115.54548612     0.00000000    -0.00000004  2.98e-14  7.59e-13         232.55

 Norm of t1 vector:      0.05261122     S-energy:      0.00000000   T1 diagnostic:  0.00994259

 Time per iteration:                     23.26 sec

 RESULTS
 =======

  Reference energy                   -115.091165910567
  CCSD correlation energy              -0.454320210505
 !CCSD total energy                  -115.545486121071

 Starting CP-CCSD iterations.   Author: W. Gyorffy (2012)

 ITER.      NRM1           NRM2      VAR(S)+VAR(P)   DIIS    TIME
   1     0.00163486     0.38329467     5.26e-04      1  1   24.03
   2     0.00148306     0.37948903     3.82e-05      2  2   48.69
   3     0.00137791     0.37900615     4.75e-06      3  3   74.67
   4     0.00132760     0.37861354     9.04e-07      4  4  102.41
   5     0.00129970     0.37851870     9.38e-08      5  5  126.79
   6     0.00128921     0.37848493     9.51e-09      6  0  150.58
   7     0.00128639     0.37848096     1.13e-09      6  1  174.58
   8     0.00128566     0.37847967     1.45e-10      6  2  200.68
   9     0.00128552     0.37847955     1.95e-11      6  3  225.16
  10     0.00128548     0.37847950     2.54e-12      6  4  250.22
  11     0.00128549     0.37847949     3.07e-13            274.49


 Time per iteration:                     24.95 sec


 Starting Coupled-perturbed Hartree-Fock, convergence threshold= 1.0D-06

 ITER   MIC  DIIS      VAR         VARC       CPU
   1     0     1    0.47D-02    0.12D-02     9.08
   2     4     2    0.18D-03    0.52D-04    18.38
   3     4     3    0.45D-05    0.82D-06    27.66
   4     2     4    0.45D-06    0.36D-07    36.97

 CPHF convergence reached in  4 macroiterations and   10 microiterations.   Accuracy: 4.4917D-07

 CPHF solution written to record  8500.2

 Dipole moments (unrelaxed):            0.06707324     0.56228439    -0.36830739
 Orbital relaxation contribution:       0.00018815     0.00402498    -0.00311798
 !CCSD STATE 1.1 Dipole moment          0.06726139     0.56630937    -0.37142537
 Dipole moment /Debye                   0.17096139     1.43941484    -0.94406912

 CPU-time for coupled-perturbed hartree-fock:         37.01 sec

 Number of N-1 electron functions:               7
 Number of N-2 electron functions:              28
 Number of singly external CSFs:              1225
 Number of doubly external CSFs:            750925
 Total number of CSFs:                      752151

 CCSD gradient info saved on record        55555.1




 **********************************************************************************************************************************
 DATASETS  * FILE   NREC   LENGTH (MB)   RECORD NAMES
              1      21      864.68       500      610      700      900      950      970     1000      129      960     1100   
                                          VAR    BASINP    GEOM    SYMINP    ZMAT    AOBASIS   BASIS     P2S    ABASIS      S 
                                         1400     1410     1200     1210     1080     1600     1650     1300     1700     1380   
                                           T        V       H0       H01     AOSYM     SMH    MOLCAS    ERIS     OPER     JKOP   
                                        55555   
                                         CCSD   

              2       8        3.26       700     1000      520     2100      200     2101     8500     9001   
                                         GEOM     BASIS   MCVARS     RHF    OPTIONS    RHF     CPHF    DEN_MP2    

 PROGRAMS   *        TOTAL      CCSD    HF-SCF       INT      CCSD    HF-SCF      CCSD    HF-SCF      CCSD    HF-SCF      CCSD
 CPU TIMES  *    138447.82    777.19    113.05     21.28    340.93     18.99    793.83     87.74    768.72    104.84    782.58
 REAL TIME  *     25012.63 SEC
 DISK USED  *         2.32 GB
 **********************************************************************************************************************************

 Inactive variables:    AHH2

 Active variables:      RCO ROH ACOH RCH1 AOCH1 AHH1
                        RCH2 AOCH2 RCH3 AOCH3 AHH3

 Geometry written to block  1 of record 700

 XYZ inputs for each point on the optimization path will be saved in files ch3oh_maxima_mp2_xx.xyz

 Making model hessian for Z-matrix coordinates

 Entering Rational Function Geometry Optimization

 ITER.   ENERGY(OLD)    ENERGY(NEW)      DE          GRADMAX     GRADNORM    GRADRMS     STEPMAX     STEPLEN     STEPRMS   CPU-time
   1  -115.54548612  -115.54594060    -0.00045448  0.00801829  0.01278671  0.00385534  0.03490659  0.05007770  0.00455252   2104.50
   2  -115.54594060  -115.54614152    -0.00020093  0.00463707  0.00681858  0.00205588  0.03490659  0.05012663  0.00455697   3235.04
   3  -115.54614152  -115.54617326    -0.00003173  0.00163648  0.00288459  0.00086974  0.01836416  0.02579452  0.00234496   4350.52
   4  -115.54617326  -115.54617345    -0.00000020  0.00020556  0.00035810  0.00010797  0.00068255  0.00116277  0.00010571   5453.64

 END OF GEOMETRY OPTIMIZATION.

 Optimized variables
 RCO=                 1.42047929 ANGSTROM
 ROH=                 0.95745272 ANGSTROM
 ACOH=              108.44123875 DEGREE
 RCH1=                1.08823399 ANGSTROM
 AOCH1=             107.01436714 DEGREE
 AHH1=              161.62659402 DEGREE
 RCH2=                1.09310533 ANGSTROM
 AOCH2=             111.56980101 DEGREE
 RCH3=                1.09228163 ANGSTROM
 AOCH3=             112.05777341 DEGREE
 AHH3=              402.96622828 DEGREE

 **********************************************************************************************************************************

 Geometry written to block  1 of record 700

 Recomputing wavefunction for reoriented structure

 Current geometry (xyz format, in Angstrom)


 Dump information in style XYZ to ch3oh_maxima_mp2.xyz                                                            

    6
 CCSD/AUG-CC-PVTZ  ENERGY=-115.54617345
 C         -0.0005841384        0.0136355869       -0.7282775251
 O          0.0002221440       -0.0643469925        0.6900593498
 H         -0.0119961506        0.8258572838        1.0423415869
 H          0.3406832576       -0.9503796860       -1.1003854945
 H         -1.0042387588        0.1982706520       -1.1200256170
 H          0.6789862964        0.7851681919       -1.0970601525

 **********************************************************************************************************************************


 **********************************************************************************************************************************
 DATASETS  * FILE   NREC   LENGTH (MB)   RECORD NAMES
              1      21      862.21       500      610      700      900      950      970     1000      129      960     1100   
                                          VAR    BASINP    GEOM    SYMINP    ZMAT    AOBASIS   BASIS     P2S    ABASIS      S 
                                         1400     1410     1200     1210     1080     1600     1650     1300     1700     1380   
                                           T        V       H0       H01     AOSYM     SMH    MOLCAS    ERIS     OPER     JKOP   
                                        55555   
                                         CCSD   

              2       8        3.26       700     1000      520     2100      200     2101     8500     9001   
                                         GEOM     BASIS   MCVARS     RHF    OPTIONS    RHF     CPHF    DEN_MP2    

 PROGRAMS   *        TOTAL      OPTG    HF-SCF      CCSD    HF-SCF      CCSD    HF-SCF      CCSD    HF-SCF      CCSD    HF-SCF
 CPU TIMES  *    143342.48    334.66     17.86    743.23     85.00    746.41     97.21    746.91    108.48    801.29    111.50
 REAL TIME  *     25739.71 SEC
 DISK USED  *         2.32 GB
 **********************************************************************************************************************************

 DO I                   =       285.00000000   
 SETTING AHH2           =       285.00000000                                  


 PROGRAM * OPT (Geometry optimization)     Authors: F. Eckert and H.-J. Werner


 BFGS update of hessian

 Geometry optimization using procedure=RUNCCSD

 Running procedure: RUNCCSD


 Recomputing integrals since geometry changed


 PROGRAM * SEWARD (Integral evaluation for generally contracted gaussian basis sets)     Author: Roland Lindh, 1990

 Geometry written to block  1 of record 700

 Orientation using atomic masses  
 Molecule type: Asymmetric top
 Rotational constants:      23.8958336     24.8638999    128.5656578 GHz  (calculated with average atomic masses)

 Point group  C1  



 ATOMIC COORDINATES

 NR  ATOM    CHARGE       X              Y              Z

   1  C       6.00   -0.002854005    0.012876688   -1.376620709
   2  O       8.00   -0.010828235   -0.118600092    1.304462490
   3  H       1.00    0.137520954    1.561133312    1.960312664
   4  H1      1.00    0.453256584   -1.868672745   -2.070003639
   5  H2      1.00   -1.805575675    0.707050779   -2.108268336
   6  H3      1.00    1.420688098    1.329627702   -2.083909674

 Bond lengths in Bohr (Angstrom)

 1-2  2.684316831  1-4  2.056464206  1-5  2.065669707  1-6  2.064113135  2-3  1.809323422
     ( 1.420479294)     ( 1.088233993)     ( 1.093105334)     ( 1.092281632)     ( 0.957452722)

 Bond angles

  1-2-3  108.44123875   2-1-4  107.01436714   2-1-5  111.56980101   2-1-6  112.05777341

  4-1-5  112.43317236   4-1-6  108.37095927   5-1-6  105.43397968

 NUCLEAR CHARGE:                   18
 NUMBER OF PRIMITIVE AOS:         242
 NUMBER OF SYMMETRY AOS:          216
 NUMBER OF CONTRACTIONS:          184   (  184A   )
 NUMBER OF INNER CORE ORBITALS:     0   (    0A   )
 NUMBER OF OUTER CORE ORBITALS:     2   (    2A   )
 NUMBER OF VALENCE ORBITALS:       12   (   12A   )


 NUCLEAR REPULSION ENERGY   40.34096653

 Eigenvalues of metric

         1 0.613E-04 0.738E-04 0.895E-04 0.200E-03 0.401E-03 0.474E-03 0.757E-03 0.775E-03


 Contracted 2-electron integrals neglected if value below      1.0D-11
 AO integral compression algorithm  1   Integral accuracy      1.0D-11

     716.177 MB (compressed) written to integral file ( 52.8%)


 NUMBER OF SORTED TWO-ELECTRON INTEGRALS:  144848710.     BUFFER LENGTH:  32768
 NUMBER OF SEGMENTS:  10  SEGMENT LENGTH:   15999503      RECORD LENGTH: 524288

 Memory used in sort:      16.56 MW

 SORT1 READ   169623812. AND WROTE   143598738. INTEGRALS IN    414 RECORDS. CPU TIME:     1.15 SEC, REAL TIME:     1.81 SEC
 SORT2 READ   143598738. AND WROTE   144848710. INTEGRALS IN   2732 RECORDS. CPU TIME:     1.21 SEC, REAL TIME:     1.67 SEC

 FILE SIZES:   FILE 1:   747.5 MBYTE,  FILE 4:  1736.5 MBYTE,   TOTAL:   2483.9 MBYTE

 OPERATOR DM      FOR CENTER  0  COORDINATES:    0.000000    0.000000    0.000000


 **********************************************************************************************************************************
 DATASETS  * FILE   NREC   LENGTH (MB)   RECORD NAMES
              1      19      628.34       500      610      700      900      950      970     1000      129      960     1100   
                                          VAR    BASINP    GEOM    SYMINP    ZMAT    AOBASIS   BASIS     P2S    ABASIS      S 
                                         1400     1410     1200     1210     1080     1600     1650     1300     1700   
                                           T        V       H0       H01     AOSYM     SMH    MOLCAS    ERIS     OPER   

              2       8        3.26       700     1000      520     2100      200     2101     8500     9001   
                                         GEOM     BASIS   MCVARS     RHF    OPTIONS    RHF     CPHF    DEN_MP2    

 PROGRAMS   *        TOTAL       INT      CCSD    HF-SCF      CCSD    HF-SCF      CCSD    HF-SCF      CCSD    HF-SCF      CCSD
 CPU TIMES  *    143363.73     21.25    334.66     17.86    743.23     85.00    746.41     97.21    746.91    108.48    801.29
 REAL TIME  *     25748.46 SEC
 DISK USED  *         2.32 GB
 **********************************************************************************************************************************


 Program * Restricted Hartree-Fock

 Molecular orbitals read from record     2101.2  Type=RHF/CANONICAL (state 1.1)

 Initial occupancy:   9

 NELEC=   18   SYM=1   MS2= 0   THRE=1.0D-09   THRD=1.0D-07   THRG=1.0D-07  HFMA2=F  DIIS_START=2   DIIS_MAX=10   DIIS_INCORE=F

 Level shifts:    0.00 (CLOSED)    0.00 (OPEN)    0.30 (GAP_MIN)

 ITER           ETOT              DE          GRAD        DDIFF     DIIS  NEXP   TIME(IT)  TIME(TOT)  DIAG
   1     -115.08330763    -115.08330763     0.00D+00     0.47D-01     0     0       9.32      9.33    start
   2     -115.09031820      -0.00701057     0.18D-02     0.19D-02     1     0       9.40     18.73    diag
   3     -115.09127026      -0.00095206     0.49D-03     0.56D-03     2     0       9.40     28.13    diag
   4     -115.09133429      -0.00006404     0.11D-03     0.17D-03     3     0      10.66     38.79    diag
   5     -115.09133679      -0.00000249     0.33D-04     0.33D-04     4     0       9.55     48.34    diag
   6     -115.09133716      -0.00000038     0.12D-04     0.12D-04     5     0       9.43     57.77    diag
   7     -115.09133722      -0.00000006     0.34D-05     0.44D-05     6     0       9.53     67.30    diag
   8     -115.09133723      -0.00000001     0.10D-05     0.16D-05     7     0       9.54     76.84    fixocc
   9     -115.09133723      -0.00000000     0.23D-06     0.33D-06     8     0       9.63     86.47    diag
  10     -115.09133723      -0.00000000     0.56D-07     0.94D-07     9     0       9.21     95.68    diag/orth
  11     -115.09133723      -0.00000000     0.10D-07     0.14D-07     0     0       9.46    105.14    diag

 Final occupancy:   9

 !RHF STATE 1.1 Energy               -115.091337228780
  RHF One-electron energy            -236.912055156288
  RHF Two-electron energy              81.479751401721
  RHF Kinetic energy                  114.923874506457
  RHF Nuclear energy                   40.340966525787
  RHF Virial quotient                  -1.001457162170

 !RHF STATE 1.1 Dipole moment           0.06349027     0.59617208    -0.39355879
 Dipole moment /Debye                   0.16137616     1.51531829    -1.00032668

 Orbital energies:

           1.1          2.1          3.1          4.1          5.1          6.1          7.1          8.1          9.1         10.1
    -20.558468   -11.271620    -1.358104    -0.926085    -0.694194    -0.618760    -0.592511    -0.506660    -0.449873     0.028334

          11.1
      0.043053


 HOMO      9.1    -0.449873 =     -12.2417eV
 LUMO     10.1     0.028334 =       0.7710eV
 LUMO-HOMO         0.478208 =      13.0127eV

 Orbitals saved in record  2101.2


 **********************************************************************************************************************************
 DATASETS  * FILE   NREC   LENGTH (MB)   RECORD NAMES
              1      19      628.34       500      610      700      900      950      970     1000      129      960     1100   
                                          VAR    BASINP    GEOM    SYMINP    ZMAT    AOBASIS   BASIS     P2S    ABASIS      S 
                                         1400     1410     1200     1210     1080     1600     1650     1300     1700   
                                           T        V       H0       H01     AOSYM     SMH    MOLCAS    ERIS     OPER   

              2       8        3.26       700     1000      520     2100      200     2101     8500     9001   
                                         GEOM     BASIS   MCVARS     RHF    OPTIONS    RHF     CPHF    DEN_MP2    

 PROGRAMS   *        TOTAL    HF-SCF       INT      CCSD    HF-SCF      CCSD    HF-SCF      CCSD    HF-SCF      CCSD    HF-SCF
 CPU TIMES  *    143468.91    105.17     21.25    334.66     17.86    743.23     85.00    746.41     97.21    746.91    108.48
 REAL TIME  *     25764.87 SEC
 DISK USED  *         2.32 GB
 **********************************************************************************************************************************


 PROGRAM * CCSD (Closed-shell coupled cluster)     Authors: C. Hampel, H.-J. Werner, 1991, M. Deegan, P.J. Knowles, 1992


 Convergence thresholds:  THRVAR = 1.00D-12  THRDEN = 1.00D-08

 Using ITF CCSD gradient implementation

 Number of core orbitals:           2 (   2 )
 Number of closed-shell orbitals:   7 (   7 )
 Number of external orbitals:     175 ( 175 )

 Molecular orbitals read from record     2101.2  Type=RHF/CANONICAL (state 1.1)

 Integral transformation finished. Total CPU:  22.32 sec, npass=  1  Memory used:  27.38 MW
  Reference energy                   -115.091337228780

  MP2 correlation energy               -0.436773331460
  MP2 total energy                   -115.528110560240

 ITER.      SQ.NORM     CORR.ENERGY   TOTAL ENERGY   ENERGY CHANGE        DEN1      VAR(S)    VAR(P)  DIIS     TIME
   1      1.12040820    -0.45322596  -115.54456319    -0.01645263    -0.00558843  1.69e-03  1.94e-03  1  1    21.63
   2      1.12840736    -0.45421100  -115.54554823    -0.00098504    -0.00936662  4.22e-05  2.70e-04  2  2    46.26
   3      1.13079407    -0.45433001  -115.54566724    -0.00011901    -0.00140720  4.46e-06  3.50e-05  3  3    69.09
   4      1.13204449    -0.45433286  -115.54567009    -0.00000285    -0.00092499  1.41e-07  3.39e-06  4  4    94.25
   5      1.13234778    -0.45431217  -115.54564940     0.00002069    -0.00019182  1.83e-08  3.21e-07  5  5   117.40
   6      1.13242737    -0.45430967  -115.54564690     0.00000250    -0.00004926  3.48e-10  1.45e-08  6  0   140.29
   7      1.13243560    -0.45430850  -115.54564573     0.00000117    -0.00000620  6.24e-11  1.05e-09  6  1   163.49
   8      1.13243580    -0.45430836  -115.54564559     0.00000014    -0.00000046  4.17e-12  1.06e-10  6  2   186.15
   9      1.13243572    -0.45430834  -115.54564557     0.00000002     0.00000002  1.71e-13  1.11e-11  6  3   209.07
  10      1.13243577    -0.45430834  -115.54564556     0.00000000    -0.00000004  2.97e-14  7.57e-13         230.92

 Norm of t1 vector:      0.05255649     S-energy:      0.00000000   T1 diagnostic:  0.00993224

 Time per iteration:                     23.10 sec

 RESULTS
 =======

  Reference energy                   -115.091337228780
  CCSD correlation energy              -0.454308335293
 !CCSD total energy                  -115.545645564072

 Starting CP-CCSD iterations.   Author: W. Gyorffy (2012)

 ITER.      NRM1           NRM2      VAR(S)+VAR(P)   DIIS    TIME
   1     0.00163148     0.38326097     5.25e-04      1  1   26.90
   2     0.00148003     0.37945950     3.81e-05      2  2   51.23
   3     0.00137527     0.37897718     4.73e-06      3  3   76.49
   4     0.00132523     0.37858544     8.98e-07      4  4  102.42
   5     0.00129751     0.37849102     9.26e-08      5  5  129.29
   6     0.00128712     0.37845748     9.35e-09      6  0  154.16
   7     0.00128434     0.37845357     1.11e-09      6  1  181.66
   8     0.00128362     0.37845230     1.44e-10      6  2  207.84
   9     0.00128348     0.37845218     1.94e-11      6  3  234.83
  10     0.00128345     0.37845213     2.53e-12      6  4  263.57
  11     0.00128345     0.37845212     2.98e-13            291.47


 Time per iteration:                     26.50 sec


 Starting Coupled-perturbed Hartree-Fock, convergence threshold= 1.0D-06

 ITER   MIC  DIIS      VAR         VARC       CPU
   1     0     1    0.47D-02    0.12D-02     9.28
   2     4     2    0.18D-03    0.52D-04    18.46
   3     4     3    0.45D-05    0.82D-06    28.84
   4     2     4    0.45D-06    0.37D-07    38.11

 CPHF convergence reached in  4 macroiterations and   10 microiterations.   Accuracy: 4.5066D-07

 CPHF solution written to record  8500.2

 Dipole moments (unrelaxed):            0.06135060     0.55995288    -0.36781769
 Orbital relaxation contribution:       0.00015822     0.00404692    -0.00313836
 !CCSD STATE 1.1 Dipole moment          0.06150882     0.56399980    -0.37095605
 Dipole moment /Debye                   0.15633982     1.43354450    -0.94287623

 CPU-time for coupled-perturbed hartree-fock:         38.16 sec

 Number of N-1 electron functions:               7
 Number of N-2 electron functions:              28
 Number of singly external CSFs:              1225
 Number of doubly external CSFs:            750925
 Total number of CSFs:                      752151

 CCSD gradient info saved on record        55555.1




 **********************************************************************************************************************************
 DATASETS  * FILE   NREC   LENGTH (MB)   RECORD NAMES
              1      21      864.34       500      610      700      900      950      970     1000      129      960     1100   
                                          VAR    BASINP    GEOM    SYMINP    ZMAT    AOBASIS   BASIS     P2S    ABASIS      S 
                                         1400     1410     1200     1210     1080     1600     1650     1300     1700     1380   
                                           T        V       H0       H01     AOSYM     SMH    MOLCAS    ERIS     OPER     JKOP   
                                        55555   
                                         CCSD   

              2       8        3.26       700     1000      520     2100      200     2101     8500     9001   
                                         GEOM     BASIS   MCVARS     RHF    OPTIONS    RHF     CPHF    DEN_MP2    

 PROGRAMS   *        TOTAL      CCSD    HF-SCF       INT      CCSD    HF-SCF      CCSD    HF-SCF      CCSD    HF-SCF      CCSD
 CPU TIMES  *    144262.00    793.08    105.17     21.25    334.66     17.86    743.23     85.00    746.41     97.21    746.91
 REAL TIME  *     25873.26 SEC
 DISK USED  *         2.32 GB
 **********************************************************************************************************************************

 Inactive variables:    AHH2

 Active variables:      RCO ROH ACOH RCH1 AOCH1 AHH1
                        RCH2 AOCH2 RCH3 AOCH3 AHH3

 Geometry written to block  1 of record 700

 XYZ inputs for each point on the optimization path will be saved in files ch3oh_maxima_mp2_xx.xyz

 Making model hessian for Z-matrix coordinates

 Entering Rational Function Geometry Optimization

 ITER.   ENERGY(OLD)    ENERGY(NEW)      DE          GRADMAX     GRADNORM    GRADRMS     STEPMAX     STEPLEN     STEPRMS   CPU-time
   1  -115.54564556  -115.54609752    -0.00045196  0.00798502  0.01276023  0.00384735  0.03490659  0.05010227  0.00455475   2082.58
   2  -115.54609752  -115.54629617    -0.00019865  0.00459199  0.00678908  0.00204698  0.03490659  0.05011134  0.00455558   3234.33
   3  -115.54629617  -115.54632513    -0.00002896  0.00163272  0.00276350  0.00083323  0.01724495  0.02456727  0.00223339   4386.08
   4  -115.54632513  -115.54632532    -0.00000019  0.00021311  0.00036238  0.00010926  0.00059284  0.00111419  0.00010129   5529.63

 END OF GEOMETRY OPTIMIZATION.

 Optimized variables
 RCO=                 1.42013500 ANGSTROM
 ROH=                 0.95765603 ANGSTROM
 ACOH=              108.39483287 DEGREE
 RCH1=                1.08803195 ANGSTROM
 AOCH1=             106.89091064 DEGREE
 AHH1=              166.59843078 DEGREE
 RCH2=                1.09316131 ANGSTROM
 AOCH2=             111.68450518 DEGREE
 RCH3=                1.09254923 ANGSTROM
 AOCH3=             112.02275950 DEGREE
 AHH3=              407.98817830 DEGREE

 **********************************************************************************************************************************

 Geometry written to block  1 of record 700

 Recomputing wavefunction for reoriented structure

 Current geometry (xyz format, in Angstrom)


 Dump information in style XYZ to ch3oh_maxima_mp2.xyz                                                            

    6
 CCSD/AUG-CC-PVTZ  ENERGY=-115.54632532
 C         -0.0004099545        0.0135846573       -0.7280973451
 O          0.0001330018       -0.0642170724        0.6899047771
 H         -0.0089425717        0.8265396631        1.0414373390
 H          0.2509990971       -0.9778259315       -1.0991931027
 H         -0.9843617281        0.2882838560       -1.1171743321
 H          0.7450791916        0.7204634816       -1.0998930878

 **********************************************************************************************************************************


 **********************************************************************************************************************************
 DATASETS  * FILE   NREC   LENGTH (MB)   RECORD NAMES
              1      21      861.35       500      610      700      900      950      970     1000      129      960     1100   
                                          VAR    BASINP    GEOM    SYMINP    ZMAT    AOBASIS   BASIS     P2S    ABASIS      S 
                                         1400     1410     1200     1210     1080     1600     1650     1300     1700     1380   
                                           T        V       H0       H01     AOSYM     SMH    MOLCAS    ERIS     OPER     JKOP   
                                        55555   
                                         CCSD   

              2       8        3.26       700     1000      520     2100      200     2101     8500     9001   
                                         GEOM     BASIS   MCVARS     RHF    OPTIONS    RHF     CPHF    DEN_MP2    

 PROGRAMS   *        TOTAL      OPTG    HF-SCF      CCSD    HF-SCF      CCSD    HF-SCF      CCSD    HF-SCF      CCSD    HF-SCF
 CPU TIMES  *    149217.45    327.58     17.72    771.76     97.96    778.90     97.08    769.51    104.60    769.53    115.03
 REAL TIME  *     26609.43 SEC
 DISK USED  *         2.32 GB
 **********************************************************************************************************************************

 DO I                   =       290.00000000   
 SETTING AHH2           =       290.00000000                                  


 PROGRAM * OPT (Geometry optimization)     Authors: F. Eckert and H.-J. Werner


 BFGS update of hessian

 Geometry optimization using procedure=RUNCCSD

 Running procedure: RUNCCSD


 Recomputing integrals since geometry changed


 PROGRAM * SEWARD (Integral evaluation for generally contracted gaussian basis sets)     Author: Roland Lindh, 1990

 Geometry written to block  1 of record 700

 Orientation using atomic masses  
 Molecule type: Asymmetric top
 Rotational constants:      23.8940113     24.8909758    128.5186676 GHz  (calculated with average atomic masses)

 Point group  C1  



 ATOMIC COORDINATES

 NR  ATOM    CHARGE       X              Y              Z

   1  C       6.00   -0.003805446    0.013173947   -1.376268472
   2  O       8.00   -0.009287817   -0.118588468    1.304155553
   3  H       1.00    0.123938718    1.563267307    1.958871906
   4  H1      1.00    0.302227622   -1.898807721   -2.067748559
   5  H2      1.00   -1.749149090    0.845558421   -2.103138468
   6  H3      1.00    1.515758815    1.215394265   -2.089179142

 Bond lengths in Bohr (Angstrom)

 1-2  2.683666213  1-4  2.056082404  1-5  2.065775481  1-6  2.064618817  2-3  1.809707616
     ( 1.420135002)     ( 1.088031952)     ( 1.093161308)     ( 1.092549227)     ( 0.957656029)

 Bond angles

  1-2-3  108.39483287   2-1-4  106.89091064   2-1-5  111.68450518   2-1-6  112.02275950

  4-1-5  112.46509653   4-1-6  108.40973348   5-1-6  105.40908165

 NUCLEAR CHARGE:                   18
 NUMBER OF PRIMITIVE AOS:         242
 NUMBER OF SYMMETRY AOS:          216
 NUMBER OF CONTRACTIONS:          184   (  184A   )
 NUMBER OF INNER CORE ORBITALS:     0   (    0A   )
 NUMBER OF OUTER CORE ORBITALS:     2   (    2A   )
 NUMBER OF VALENCE ORBITALS:       12   (   12A   )


 NUCLEAR REPULSION ENERGY   40.34590705

 Eigenvalues of metric

         1 0.612E-04 0.735E-04 0.892E-04 0.199E-03 0.398E-03 0.476E-03 0.757E-03 0.774E-03


 Contracted 2-electron integrals neglected if value below      1.0D-11
 AO integral compression algorithm  1   Integral accuracy      1.0D-11

     715.915 MB (compressed) written to integral file ( 52.8%)


 NUMBER OF SORTED TWO-ELECTRON INTEGRALS:  144848710.     BUFFER LENGTH:  32768
 NUMBER OF SEGMENTS:  10  SEGMENT LENGTH:   15999503      RECORD LENGTH: 524288

 Memory used in sort:      16.56 MW

 SORT1 READ   169623812. AND WROTE   143590636. INTEGRALS IN    414 RECORDS. CPU TIME:     1.14 SEC, REAL TIME:     1.77 SEC
 SORT2 READ   143590636. AND WROTE   144848710. INTEGRALS IN   2731 RECORDS. CPU TIME:     1.23 SEC, REAL TIME:     1.66 SEC

 FILE SIZES:   FILE 1:   747.2 MBYTE,  FILE 4:  1736.5 MBYTE,   TOTAL:   2483.7 MBYTE

 OPERATOR DM      FOR CENTER  0  COORDINATES:    0.000000    0.000000    0.000000


 **********************************************************************************************************************************
 DATASETS  * FILE   NREC   LENGTH (MB)   RECORD NAMES
              1      19      628.11       500      610      700      900      950      970     1000      129      960     1100   
                                          VAR    BASINP    GEOM    SYMINP    ZMAT    AOBASIS   BASIS     P2S    ABASIS      S 
                                         1400     1410     1200     1210     1080     1600     1650     1300     1700   
                                           T        V       H0       H01     AOSYM     SMH    MOLCAS    ERIS     OPER   

              2       8        3.26       700     1000      520     2100      200     2101     8500     9001   
                                         GEOM     BASIS   MCVARS     RHF    OPTIONS    RHF     CPHF    DEN_MP2    

 PROGRAMS   *        TOTAL       INT      CCSD    HF-SCF      CCSD    HF-SCF      CCSD    HF-SCF      CCSD    HF-SCF      CCSD
 CPU TIMES  *    149238.62     21.16    327.58     17.72    771.76     97.96    778.90     97.08    769.51    104.60    769.53
 REAL TIME  *     26618.13 SEC
 DISK USED  *         2.32 GB
 **********************************************************************************************************************************


 Program * Restricted Hartree-Fock

 Molecular orbitals read from record     2101.2  Type=RHF/CANONICAL (state 1.1)

 Initial occupancy:   9

 NELEC=   18   SYM=1   MS2= 0   THRE=1.0D-09   THRD=1.0D-07   THRG=1.0D-07  HFMA2=F  DIIS_START=2   DIIS_MAX=10   DIIS_INCORE=F

 Level shifts:    0.00 (CLOSED)    0.00 (OPEN)    0.30 (GAP_MIN)

 ITER           ETOT              DE          GRAD        DDIFF     DIIS  NEXP   TIME(IT)  TIME(TOT)  DIAG
   1     -115.08496054    -115.08496054     0.00D+00     0.47D-01     0     0       9.73      9.74    start
   2     -115.09063628      -0.00567574     0.16D-02     0.17D-02     1     0       9.80     19.54    diag
   3     -115.09140847      -0.00077220     0.44D-03     0.50D-03     2     0       9.02     28.56    diag
   4     -115.09146131      -0.00005283     0.10D-03     0.15D-03     3     0       9.25     37.81    diag
   5     -115.09146338      -0.00000207     0.30D-04     0.30D-04     4     0       9.49     47.30    diag
   6     -115.09146370      -0.00000032     0.11D-04     0.11D-04     5     0       9.36     56.66    diag
   7     -115.09146375      -0.00000005     0.31D-05     0.40D-05     6     0       9.24     65.90    diag
   8     -115.09146375      -0.00000001     0.97D-06     0.15D-05     7     0       9.36     75.26    fixocc
   9     -115.09146375      -0.00000000     0.22D-06     0.31D-06     8     0       8.19     83.45    diag
  10     -115.09146375      -0.00000000     0.50D-07     0.84D-07     9     0       9.36     92.81    diag/orth
  11     -115.09146375      -0.00000000     0.90D-08     0.12D-07     0     0       9.34    102.15    diag

 Final occupancy:   9

 !RHF STATE 1.1 Energy               -115.091463751238
  RHF One-electron energy            -236.921127017918
  RHF Two-electron energy              81.483756219967
  RHF Kinetic energy                  114.924016881883
  RHF Nuclear energy                   40.345907046713
  RHF Virial quotient                  -1.001457022421

 !RHF STATE 1.1 Dipole moment           0.05613709     0.59458473    -0.39324944
 Dipole moment /Debye                   0.14268626     1.51128363    -0.99954037

 Orbital energies:

           1.1          2.1          3.1          4.1          5.1          6.1          7.1          8.1          9.1         10.1
    -20.558618   -11.271617    -1.358268    -0.926050    -0.694387    -0.618085    -0.592850    -0.507378    -0.449555     0.028362

          11.1
      0.043037


 HOMO      9.1    -0.449555 =     -12.2330eV
 LUMO     10.1     0.028362 =       0.7718eV
 LUMO-HOMO         0.477916 =      13.0048eV

 Orbitals saved in record  2101.2


 **********************************************************************************************************************************
 DATASETS  * FILE   NREC   LENGTH (MB)   RECORD NAMES
              1      19      628.11       500      610      700      900      950      970     1000      129      960     1100   
                                          VAR    BASINP    GEOM    SYMINP    ZMAT    AOBASIS   BASIS     P2S    ABASIS      S 
                                         1400     1410     1200     1210     1080     1600     1650     1300     1700   
                                           T        V       H0       H01     AOSYM     SMH    MOLCAS    ERIS     OPER   

              2       8        3.26       700     1000      520     2100      200     2101     8500     9001   
                                         GEOM     BASIS   MCVARS     RHF    OPTIONS    RHF     CPHF    DEN_MP2    

 PROGRAMS   *        TOTAL    HF-SCF       INT      CCSD    HF-SCF      CCSD    HF-SCF      CCSD    HF-SCF      CCSD    HF-SCF
 CPU TIMES  *    149340.81    102.17     21.16    327.58     17.72    771.76     97.96    778.90     97.08    769.51    104.60
 REAL TIME  *     26634.11 SEC
 DISK USED  *         2.32 GB
 **********************************************************************************************************************************


 PROGRAM * CCSD (Closed-shell coupled cluster)     Authors: C. Hampel, H.-J. Werner, 1991, M. Deegan, P.J. Knowles, 1992


 Convergence thresholds:  THRVAR = 1.00D-12  THRDEN = 1.00D-08

 Using ITF CCSD gradient implementation

 Number of core orbitals:           2 (   2 )
 Number of closed-shell orbitals:   7 (   7 )
 Number of external orbitals:     175 ( 175 )

 Molecular orbitals read from record     2101.2  Type=RHF/CANONICAL (state 1.1)

 Integral transformation finished. Total CPU:  21.39 sec, npass=  1  Memory used:  27.38 MW
  Reference energy                   -115.091463751238

  MP2 correlation energy               -0.436766179132
  MP2 total energy                   -115.528229930370

 ITER.      SQ.NORM     CORR.ENERGY   TOTAL ENERGY   ENERGY CHANGE        DEN1      VAR(S)    VAR(P)  DIIS     TIME
   1      1.12040417    -0.45321706  -115.54468081    -0.01645088    -0.00558641  1.69e-03  1.94e-03  1  1    22.43
   2      1.12840151    -0.45420176  -115.54566551    -0.00098470    -0.00936697  4.22e-05  2.70e-04  2  2    43.46
   3      1.13078644    -0.45432077  -115.54578453    -0.00011902    -0.00140686  4.46e-06  3.50e-05  3  3    65.83
   4      1.13203587    -0.45432358  -115.54578734    -0.00000281    -0.00092492  1.41e-07  3.39e-06  4  4    96.82
   5      1.13233892    -0.45430290  -115.54576665     0.00002068    -0.00019182  1.83e-08  3.20e-07  5  5   123.54
   6      1.13241839    -0.45430040  -115.54576415     0.00000250    -0.00004924  3.43e-10  1.45e-08  6  0   145.37
   7      1.13242660    -0.45429923  -115.54576298     0.00000117    -0.00000620  6.23e-11  1.05e-09  6  1   167.50
   8      1.13242680    -0.45429909  -115.54576284     0.00000014    -0.00000046  4.15e-12  1.06e-10  6  2   190.39
   9      1.13242671    -0.45429907  -115.54576282     0.00000002     0.00000002  1.69e-13  1.11e-11  6  3   212.49
  10      1.13242677    -0.45429907  -115.54576282     0.00000000    -0.00000004  2.96e-14  7.56e-13         234.06

 Norm of t1 vector:      0.05251337     S-energy:      0.00000000   T1 diagnostic:  0.00992409

 Time per iteration:                     23.41 sec

 RESULTS
 =======

  Reference energy                   -115.091463751238
  CCSD correlation energy              -0.454299067036
 !CCSD total energy                  -115.545762818273

 Starting CP-CCSD iterations.   Author: W. Gyorffy (2012)

 ITER.      NRM1           NRM2      VAR(S)+VAR(P)   DIIS    TIME
   1     0.00162882     0.38323447     5.25e-04      1  1   25.24
   2     0.00147766     0.37943624     3.81e-05      2  2   50.62
   3     0.00137320     0.37895438     4.71e-06      3  3   74.64
   4     0.00132336     0.37856333     8.93e-07      4  4   98.01
   5     0.00129579     0.37846924     9.16e-08      5  5  121.63
   6     0.00128549     0.37843589     9.22e-09      6  0  145.87
   7     0.00128274     0.37843203     1.10e-09      6  1  172.00
   8     0.00128202     0.37843077     1.43e-10      6  2  197.15
   9     0.00128189     0.37843065     1.93e-11      6  3  222.79
  10     0.00128185     0.37843060     2.51e-12      6  4  246.62
  11     0.00128186     0.37843059     2.90e-13            274.04


 Time per iteration:                     24.91 sec


 Starting Coupled-perturbed Hartree-Fock, convergence threshold= 1.0D-06

 ITER   MIC  DIIS      VAR         VARC       CPU
   1     0     1    0.47D-02    0.12D-02     9.32
   2     4     2    0.18D-03    0.52D-04    18.69
   3     4     3    0.45D-05    0.82D-06    27.82
   4     2     4    0.45D-06    0.37D-07    37.87

 CPHF convergence reached in  4 macroiterations and   10 microiterations.   Accuracy: 4.5184D-07

 CPHF solution written to record  8500.2

 Dipole moments (unrelaxed):            0.05416395     0.55825619    -0.36742291
 Orbital relaxation contribution:       0.00012915     0.00406408    -0.00315511
 !CCSD STATE 1.1 Dipole moment          0.05429310     0.56232027    -0.37057802
 Dipole moment /Debye                   0.13799929     1.42927557    -0.94191539

 CPU-time for coupled-perturbed hartree-fock:         37.91 sec

 Number of N-1 electron functions:               7
 Number of N-2 electron functions:              28
 Number of singly external CSFs:              1225
 Number of doubly external CSFs:            750925
 Total number of CSFs:                      752151

 CCSD gradient info saved on record        55555.1




 **********************************************************************************************************************************
 DATASETS  * FILE   NREC   LENGTH (MB)   RECORD NAMES
              1      21      864.11       500      610      700      900      950      970     1000      129      960     1100   
                                          VAR    BASINP    GEOM    SYMINP    ZMAT    AOBASIS   BASIS     P2S    ABASIS      S 
                                         1400     1410     1200     1210     1080     1600     1650     1300     1700     1380   
                                           T        V       H0       H01     AOSYM     SMH    MOLCAS    ERIS     OPER     JKOP   
                                        55555   
                                         CCSD   

              2       8        3.26       700     1000      520     2100      200     2101     8500     9001   
                                         GEOM     BASIS   MCVARS     RHF    OPTIONS    RHF     CPHF    DEN_MP2    

 PROGRAMS   *        TOTAL      CCSD    HF-SCF       INT      CCSD    HF-SCF      CCSD    HF-SCF      CCSD    HF-SCF      CCSD
 CPU TIMES  *    150120.62    779.80    102.17     21.16    327.58     17.72    771.76     97.96    778.90     97.08    769.51
 REAL TIME  *     26740.64 SEC
 DISK USED  *         2.32 GB
 **********************************************************************************************************************************

 Inactive variables:    AHH2

 Active variables:      RCO ROH ACOH RCH1 AOCH1 AHH1
                        RCH2 AOCH2 RCH3 AOCH3 AHH3

 Geometry written to block  1 of record 700

 XYZ inputs for each point on the optimization path will be saved in files ch3oh_maxima_mp2_xx.xyz

 Making model hessian for Z-matrix coordinates

 Entering Rational Function Geometry Optimization

 ITER.   ENERGY(OLD)    ENERGY(NEW)      DE          GRADMAX     GRADNORM    GRADRMS     STEPMAX     STEPLEN     STEPRMS   CPU-time
   1  -115.54576282  -115.54621330    -0.00045048  0.00794710  0.01273757  0.00384052  0.03490659  0.05010104  0.00455464   2008.56
   2  -115.54621330  -115.54640869    -0.00019539  0.00452983  0.00673626  0.00203106  0.03490659  0.05016843  0.00456077   3105.94
   3  -115.54640869  -115.54643588    -0.00002719  0.00165423  0.00272600  0.00082192  0.01667517  0.02352932  0.00213903   4163.99
   4  -115.54643588  -115.54643607    -0.00000020  0.00021179  0.00037076  0.00011179  0.00062926  0.00116451  0.00010586   5240.11

 END OF GEOMETRY OPTIMIZATION.

 Optimized variables
 RCO=                 1.41989063 ANGSTROM
 ROH=                 0.95780083 ANGSTROM
 ACOH=              108.36029371 DEGREE
 RCH1=                1.08787196 ANGSTROM
 AOCH1=             106.81517936 DEGREE
 AHH1=              171.53820378 DEGREE
 RCH2=                1.09316454 ANGSTROM
 AOCH2=             111.77273688 DEGREE
 RCH3=                1.09279180 ANGSTROM
 AOCH3=             111.97823771 DEGREE
 AHH3=              412.94940188 DEGREE

 **********************************************************************************************************************************

 Geometry written to block  1 of record 700

 Recomputing wavefunction for reoriented structure

 Current geometry (xyz format, in Angstrom)


 Dump information in style XYZ to ch3oh_maxima_mp2.xyz                                                            

    6
 CCSD/AUG-CC-PVTZ  ENERGY=-115.54643607
 C         -0.0002421836        0.0134806160       -0.7279713328
 O          0.0000511854       -0.0641188220        0.6897972125
 H         -0.0054654104        0.8270606039        1.0407263128
 H          0.1592469989       -0.9968422980       -1.0984793760
 H         -0.9563968125        0.3764711873       -1.1139957970
 H          0.8046886926        0.6504518062       -1.1028685225

 **********************************************************************************************************************************


 **********************************************************************************************************************************
 DATASETS  * FILE   NREC   LENGTH (MB)   RECORD NAMES
              1      21      860.13       500      610      700      900      950      970     1000      129      960     1100   
                                          VAR    BASINP    GEOM    SYMINP    ZMAT    AOBASIS   BASIS     P2S    ABASIS      S 
                                         1400     1410     1200     1210     1080     1600     1650     1300     1700     1380   
                                           T        V       H0       H01     AOSYM     SMH    MOLCAS    ERIS     OPER     JKOP   
                                        55555   
                                         CCSD   

              2       8        3.26       700     1000      520     2100      200     2101     8500     9001   
                                         GEOM     BASIS   MCVARS     RHF    OPTIONS    RHF     CPHF    DEN_MP2    

 PROGRAMS   *        TOTAL      OPTG    HF-SCF      CCSD    HF-SCF      CCSD    HF-SCF      CCSD    HF-SCF      CCSD    HF-SCF
 CPU TIMES  *    154805.06    328.93     18.55    704.80     99.87    694.82     95.70    715.60    106.34    721.25    108.03
 REAL TIME  *     27442.18 SEC
 DISK USED  *         2.32 GB
 **********************************************************************************************************************************

 DO I                   =       295.00000000   
 SETTING AHH2           =       295.00000000                                  


 PROGRAM * OPT (Geometry optimization)     Authors: F. Eckert and H.-J. Werner


 BFGS update of hessian

 Geometry optimization using procedure=RUNCCSD

 Running procedure: RUNCCSD


 Recomputing integrals since geometry changed


 PROGRAM * SEWARD (Integral evaluation for generally contracted gaussian basis sets)     Author: Roland Lindh, 1990

 Geometry written to block  1 of record 700

 Orientation using atomic masses  
 Molecule type: Asymmetric top
 Rotational constants:      23.8898612     24.9134156    128.4855360 GHz  (calculated with average atomic masses)

 Point group  C1  



 ATOMIC COORDINATES

 NR  ATOM    CHARGE       X              Y              Z

   1  C       6.00   -0.004766900    0.013442567   -1.376015062
   2  O       8.00   -0.007519470   -0.118650620    1.303934523
   3  H       1.00    0.107963072    1.565115875    1.957865957
   4  H1      1.00    0.153240815   -1.916485872   -2.066407301
   5  H2      1.00   -1.683900667    0.976505301   -2.097453592
   6  H3      1.00    1.598860282    1.098062556   -2.094710566

 Bond lengths in Bohr (Angstrom)

 1-2  2.683204421  1-4  2.055780062  1-5  2.065781594  1-6  2.065077211  2-3  1.809981256
     ( 1.419890632)     ( 1.087871959)     ( 1.093164542)     ( 1.092791799)     ( 0.957800833)

 Bond angles

  1-2-3  108.36029371   2-1-4  106.81517936   2-1-5  111.77273688   2-1-6  111.97823771

  4-1-5  112.51030309   4-1-6  108.45167781   5-1-6  105.35529796

 NUCLEAR CHARGE:                   18
 NUMBER OF PRIMITIVE AOS:         242
 NUMBER OF SYMMETRY AOS:          216
 NUMBER OF CONTRACTIONS:          184   (  184A   )
 NUMBER OF INNER CORE ORBITALS:     0   (    0A   )
 NUMBER OF OUTER CORE ORBITALS:     2   (    2A   )
 NUMBER OF VALENCE ORBITALS:       12   (   12A   )


 NUCLEAR REPULSION ENERGY   40.34946290

 Eigenvalues of metric

         1 0.611E-04 0.732E-04 0.891E-04 0.198E-03 0.397E-03 0.477E-03 0.757E-03 0.774E-03


 Contracted 2-electron integrals neglected if value below      1.0D-11
 AO integral compression algorithm  1   Integral accuracy      1.0D-11

     714.080 MB (compressed) written to integral file ( 52.6%)


 NUMBER OF SORTED TWO-ELECTRON INTEGRALS:  144848710.     BUFFER LENGTH:  32768
 NUMBER OF SEGMENTS:  10  SEGMENT LENGTH:   15999503      RECORD LENGTH: 524288

 Memory used in sort:      16.56 MW

 SORT1 READ   169623812. AND WROTE   143571679. INTEGRALS IN    414 RECORDS. CPU TIME:     1.09 SEC, REAL TIME:     1.66 SEC
 SORT2 READ   143571679. AND WROTE   144848710. INTEGRALS IN   2724 RECORDS. CPU TIME:     1.21 SEC, REAL TIME:     1.62 SEC

 FILE SIZES:   FILE 1:   745.4 MBYTE,  FILE 4:  1736.5 MBYTE,   TOTAL:   2481.8 MBYTE

 OPERATOR DM      FOR CENTER  0  COORDINATES:    0.000000    0.000000    0.000000


 **********************************************************************************************************************************
 DATASETS  * FILE   NREC   LENGTH (MB)   RECORD NAMES
              1      19      626.83       500      610      700      900      950      970     1000      129      960     1100   
                                          VAR    BASINP    GEOM    SYMINP    ZMAT    AOBASIS   BASIS     P2S    ABASIS      S 
                                         1400     1410     1200     1210     1080     1600     1650     1300     1700   
                                           T        V       H0       H01     AOSYM     SMH    MOLCAS    ERIS     OPER   

              2       8        3.26       700     1000      520     2100      200     2101     8500     9001   
                                         GEOM     BASIS   MCVARS     RHF    OPTIONS    RHF     CPHF    DEN_MP2    

 PROGRAMS   *        TOTAL       INT      CCSD    HF-SCF      CCSD    HF-SCF      CCSD    HF-SCF      CCSD    HF-SCF      CCSD
 CPU TIMES  *    154825.57     20.50    328.93     18.55    704.80     99.87    694.82     95.70    715.60    106.34    721.25
 REAL TIME  *     27450.62 SEC
 DISK USED  *         2.32 GB
 **********************************************************************************************************************************


 Program * Restricted Hartree-Fock

 Molecular orbitals read from record     2101.2  Type=RHF/CANONICAL (state 1.1)

 Initial occupancy:   9

 NELEC=   18   SYM=1   MS2= 0   THRE=1.0D-09   THRD=1.0D-07   THRG=1.0D-07  HFMA2=F  DIIS_START=2   DIIS_MAX=10   DIIS_INCORE=F

 Level shifts:    0.00 (CLOSED)    0.00 (OPEN)    0.30 (GAP_MIN)

 ITER           ETOT              DE          GRAD        DDIFF     DIIS  NEXP   TIME(IT)  TIME(TOT)  DIAG
   1     -115.08658858    -115.08658858     0.00D+00     0.47D-01     0     0       9.53      9.54    start
   2     -115.09090755      -0.00431897     0.14D-02     0.15D-02     1     0       9.36     18.90    diag
   3     -115.09149504      -0.00058748     0.39D-03     0.44D-03     2     0       9.07     27.97    diag
   4     -115.09153593      -0.00004089     0.91D-04     0.13D-03     3     0       9.05     37.02    diag
   5     -115.09153754      -0.00000161     0.26D-04     0.26D-04     4     0       8.28     45.30    diag
   6     -115.09153779      -0.00000025     0.94D-05     0.10D-04     5     0       9.43     54.73    diag
   7     -115.09153783      -0.00000004     0.28D-05     0.35D-05     6     0       8.96     63.69    diag
   8     -115.09153783      -0.00000000     0.87D-06     0.13D-05     7     0       8.71     72.40    fixocc
   9     -115.09153783      -0.00000000     0.21D-06     0.29D-06     8     0       8.27     80.67    diag
  10     -115.09153783      -0.00000000     0.44D-07     0.73D-07     9     0       9.45     90.12    diag/orth
  11     -115.09153783       0.00000000     0.79D-08     0.11D-07     0     0       8.26     98.38    diag

 Final occupancy:   9

 !RHF STATE 1.1 Energy               -115.091537833950
  RHF One-electron energy            -236.927600751574
  RHF Two-electron energy              81.486600014068
  RHF Kinetic energy                  114.924124167405
  RHF Nuclear energy                   40.349462903556
  RHF Virial quotient                  -1.001456732151

 !RHF STATE 1.1 Dipole moment           0.04751126     0.59366513    -0.39300135
 Dipole moment /Debye                   0.12076158     1.50894625    -0.99890979

 Orbital energies:

           1.1          2.1          3.1          4.1          5.1          6.1          7.1          8.1          9.1         10.1
    -20.558723   -11.271621    -1.358388    -0.926026    -0.694572    -0.617398    -0.593220    -0.508039    -0.449215     0.028379

          11.1
      0.043018


 HOMO      9.1    -0.449215 =     -12.2238eV
 LUMO     10.1     0.028379 =       0.7722eV
 LUMO-HOMO         0.477594 =      12.9960eV

 Orbitals saved in record  2101.2


 **********************************************************************************************************************************
 DATASETS  * FILE   NREC   LENGTH (MB)   RECORD NAMES
              1      19      626.83       500      610      700      900      950      970     1000      129      960     1100   
                                          VAR    BASINP    GEOM    SYMINP    ZMAT    AOBASIS   BASIS     P2S    ABASIS      S 
                                         1400     1410     1200     1210     1080     1600     1650     1300     1700   
                                           T        V       H0       H01     AOSYM     SMH    MOLCAS    ERIS     OPER   

              2       8        3.26       700     1000      520     2100      200     2101     8500     9001   
                                         GEOM     BASIS   MCVARS     RHF    OPTIONS    RHF     CPHF    DEN_MP2    

 PROGRAMS   *        TOTAL    HF-SCF       INT      CCSD    HF-SCF      CCSD    HF-SCF      CCSD    HF-SCF      CCSD    HF-SCF
 CPU TIMES  *    154923.99     98.40     20.50    328.93     18.55    704.80     99.87    694.82     95.70    715.60    106.34
 REAL TIME  *     27466.12 SEC
 DISK USED  *         2.32 GB
 **********************************************************************************************************************************


 PROGRAM * CCSD (Closed-shell coupled cluster)     Authors: C. Hampel, H.-J. Werner, 1991, M. Deegan, P.J. Knowles, 1992


 Convergence thresholds:  THRVAR = 1.00D-12  THRDEN = 1.00D-08

 Using ITF CCSD gradient implementation

 Number of core orbitals:           2 (   2 )
 Number of closed-shell orbitals:   7 (   7 )
 Number of external orbitals:     175 ( 175 )

 Molecular orbitals read from record     2101.2  Type=RHF/CANONICAL (state 1.1)

 Integral transformation finished. Total CPU:  21.75 sec, npass=  1  Memory used:  27.38 MW
  Reference energy                   -115.091537833950

  MP2 correlation energy               -0.436761617967
  MP2 total energy                   -115.528299451918

 ITER.      SQ.NORM     CORR.ENERGY   TOTAL ENERGY   ENERGY CHANGE        DEN1      VAR(S)    VAR(P)  DIIS     TIME
   1      1.12040180    -0.45321124  -115.54474907    -0.01644962    -0.00558485  1.69e-03  1.94e-03  1  1    21.29
   2      1.12839796    -0.45419568  -115.54573352    -0.00098445    -0.00936729  4.22e-05  2.70e-04  2  2    42.42
   3      1.13078176    -0.45431471  -115.54585254    -0.00011902    -0.00140663  4.46e-06  3.50e-05  3  3    63.62
   4      1.13203052    -0.45431749  -115.54585532    -0.00000278    -0.00092488  1.40e-07  3.39e-06  4  4    84.31
   5      1.13233340    -0.45429681  -115.54583465     0.00002068    -0.00019181  1.83e-08  3.20e-07  5  5   105.60
   6      1.13241279    -0.45429431  -115.54583214     0.00000251    -0.00004923  3.40e-10  1.45e-08  6  0   125.31
   7      1.13242098    -0.45429314  -115.54583097     0.00000117    -0.00000619  6.22e-11  1.05e-09  6  1   146.49
   8      1.13242118    -0.45429300  -115.54583083     0.00000014    -0.00000046  4.14e-12  1.06e-10  6  2   168.92
   9      1.13242110    -0.45429298  -115.54583082     0.00000002     0.00000002  1.67e-13  1.11e-11  6  3   189.51
  10      1.13242115    -0.45429298  -115.54583081     0.00000000    -0.00000004  2.95e-14  7.56e-13         209.19

 Norm of t1 vector:      0.05248462     S-energy:      0.00000000   T1 diagnostic:  0.00991866

 Time per iteration:                     20.92 sec

 RESULTS
 =======

  Reference energy                   -115.091537833950
  CCSD correlation energy              -0.454292977365
 !CCSD total energy                  -115.545830811316

 Starting CP-CCSD iterations.   Author: W. Gyorffy (2012)

 ITER.      NRM1           NRM2      VAR(S)+VAR(P)   DIIS    TIME
   1     0.00162704     0.38321664     5.25e-04      1  1   22.85
   2     0.00147607     0.37942053     3.80e-05      2  2   45.49
   3     0.00137182     0.37893900     4.70e-06      3  3   69.13
   4     0.00132213     0.37854839     8.90e-07      4  4   92.67
   5     0.00129465     0.37845454     9.10e-08      5  5  115.00
   6     0.00128441     0.37842131     9.14e-09      6  0  139.51
   7     0.00128168     0.37841748     1.09e-09      6  1  170.23
   8     0.00128097     0.37841624     1.43e-10      6  2  192.77
   9     0.00128083     0.37841611     1.92e-11      6  3  215.79
  10     0.00128080     0.37841606     2.50e-12      6  4  238.05
  11     0.00128080     0.37841605     2.85e-13            259.57


 Time per iteration:                     23.60 sec


 Starting Coupled-perturbed Hartree-Fock, convergence threshold= 1.0D-06

 ITER   MIC  DIIS      VAR         VARC       CPU
   1     0     1    0.46D-02    0.12D-02     9.19
   2     4     2    0.18D-03    0.52D-04    18.46
   3     4     3    0.45D-05    0.82D-06    27.67
   4     2     4    0.45D-06    0.38D-07    36.91

 CPHF convergence reached in  4 macroiterations and   10 microiterations.   Accuracy: 4.5265D-07

 CPHF solution written to record  8500.2

 Dipole moments (unrelaxed):            0.04572397     0.55726113    -0.36711272
 Orbital relaxation contribution:       0.00009865     0.00407679    -0.00316731
 !CCSD STATE 1.1 Dipole moment          0.04582262     0.56133792    -0.37028002
 Dipole moment /Debye                   0.11646948     1.42677867    -0.94115795

 CPU-time for coupled-perturbed hartree-fock:         36.95 sec

 Number of N-1 electron functions:               7
 Number of N-2 electron functions:              28
 Number of singly external CSFs:              1225
 Number of doubly external CSFs:            750925
 Total number of CSFs:                      752151

 CCSD gradient info saved on record        55555.1




 **********************************************************************************************************************************
 DATASETS  * FILE   NREC   LENGTH (MB)   RECORD NAMES
              1      21      862.83       500      610      700      900      950      970     1000      129      960     1100   
                                          VAR    BASINP    GEOM    SYMINP    ZMAT    AOBASIS   BASIS     P2S    ABASIS      S 
                                         1400     1410     1200     1210     1080     1600     1650     1300     1700     1380   
                                           T        V       H0       H01     AOSYM     SMH    MOLCAS    ERIS     OPER     JKOP   
                                        55555   
                                         CCSD   

              2       8        3.26       700     1000      520     2100      200     2101     8500     9001   
                                         GEOM     BASIS   MCVARS     RHF    OPTIONS    RHF     CPHF    DEN_MP2    

 PROGRAMS   *        TOTAL      CCSD    HF-SCF       INT      CCSD    HF-SCF      CCSD    HF-SCF      CCSD    HF-SCF      CCSD
 CPU TIMES  *    155648.82    724.82     98.40     20.50    328.93     18.55    704.80     99.87    694.82     95.70    715.60
 REAL TIME  *     27565.38 SEC
 DISK USED  *         2.32 GB
 **********************************************************************************************************************************

 Inactive variables:    AHH2

 Active variables:      RCO ROH ACOH RCH1 AOCH1 AHH1
                        RCH2 AOCH2 RCH3 AOCH3 AHH3

 Geometry written to block  1 of record 700

 XYZ inputs for each point on the optimization path will be saved in files ch3oh_maxima_mp2_xx.xyz

 Making model hessian for Z-matrix coordinates

 Entering Rational Function Geometry Optimization

 ITER.   ENERGY(OLD)    ENERGY(NEW)      DE          GRADMAX     GRADNORM    GRADRMS     STEPMAX     STEPLEN     STEPRMS   CPU-time
   1  -115.54583081  -115.54627641    -0.00044560  0.00791202  0.01272513  0.00383677  0.03490659  0.04992537  0.00453867   1923.96
   2  -115.54627641  -115.54647413    -0.00019772  0.00451666  0.00690847  0.00208298  0.03490659  0.04987425  0.00453402   3024.62
   3  -115.54647413  -115.54649884    -0.00002472  0.00163711  0.00257551  0.00077655  0.01613867  0.02251140  0.00204649   4106.01
   4  -115.54649884  -115.54649903    -0.00000019  0.00021000  0.00036277  0.00010938  0.00064407  0.00107317  0.00009756   5149.12

 END OF GEOMETRY OPTIMIZATION.

 Optimized variables
 RCO=                 1.41979560 ANGSTROM
 ROH=                 0.95788173 ANGSTROM
 ACOH=              108.33727574 DEGREE
 RCH1=                1.08774814 ANGSTROM
 AOCH1=             106.78896372 DEGREE
 AHH1=              176.45210088 DEGREE
 RCH2=                1.09310478 ANGSTROM
 AOCH2=             111.83440854 DEGREE
 RCH3=                1.09300712 ANGSTROM
 AOCH3=             111.92076480 DEGREE
 AHH3=              417.85450702 DEGREE

 **********************************************************************************************************************************

 Geometry written to block  1 of record 700

 Recomputing wavefunction for reoriented structure

 Current geometry (xyz format, in Angstrom)


 Dump information in style XYZ to ch3oh_maxima_mp2.xyz                                                            

    6
 CCSD/AUG-CC-PVTZ  ENERGY=-115.54649903
 C         -0.0000967227        0.0133331091       -0.7279264128
 O          0.0000073176       -0.0640617365        0.6897581684
 H         -0.0021225838        0.8273977911        1.0402332470
 H          0.0667839462       -1.0072260830       -1.0983071936
 H         -0.9207588108        0.4615048782       -1.1105508385
 H          0.8571338778        0.5763163235       -1.1059081186

 **********************************************************************************************************************************


 **********************************************************************************************************************************
 DATASETS  * FILE   NREC   LENGTH (MB)   RECORD NAMES
              1      21      857.08       500      610      700      900      950      970     1000      129      960     1100   
                                          VAR    BASINP    GEOM    SYMINP    ZMAT    AOBASIS   BASIS     P2S    ABASIS      S 
                                         1400     1410     1200     1210     1080     1600     1650     1300     1700     1380   
                                           T        V       H0       H01     AOSYM     SMH    MOLCAS    ERIS     OPER     JKOP   
                                        55555   
                                         CCSD   

              2       8        3.26       700     1000      520     2100      200     2101     8500     9001   
                                         GEOM     BASIS   MCVARS     RHF    OPTIONS    RHF     CPHF    DEN_MP2    

 PROGRAMS   *        TOTAL      OPTG    HF-SCF      CCSD    HF-SCF      CCSD    HF-SCF      CCSD    HF-SCF      CCSD    HF-SCF
 CPU TIMES  *    160323.07    351.09     17.76    698.15     89.58    708.11     95.94    731.02    104.76    712.91    103.21
 REAL TIME  *     28287.59 SEC
 DISK USED  *         2.32 GB
 **********************************************************************************************************************************

 DO I                   =       300.00000000   
 SETTING AHH2           =       300.00000000                                  


 PROGRAM * OPT (Geometry optimization)     Authors: F. Eckert and H.-J. Werner


 BFGS update of hessian

 Geometry optimization using procedure=RUNCCSD

 Running procedure: RUNCCSD


 Recomputing integrals since geometry changed


 PROGRAM * SEWARD (Integral evaluation for generally contracted gaussian basis sets)     Author: Roland Lindh, 1990

 Geometry written to block  1 of record 700

 Orientation using atomic masses  
 Molecule type: Asymmetric top
 Rotational constants:      23.8824402     24.9295484    128.4668819 GHz  (calculated with average atomic masses)

 Point group  C1  



 ATOMIC COORDINATES

 NR  ATOM    CHARGE       X              Y              Z

   1  C       6.00   -0.005743956    0.013692070   -1.375911629
   2  O       8.00   -0.005534581   -0.118791159    1.303840304
   3  H       1.00    0.089448498    1.566588602    1.957337692
   4  H1      1.00    0.007277087   -1.922474867   -2.066098347
   5  H2      1.00   -1.610881639    1.099373630   -2.091324520
   6  H3      1.00    1.670455677    0.978968152   -2.100357285

 Bond lengths in Bohr (Angstrom)

 1-2  2.683024836  1-4  2.055546073  1-5  2.065668665  1-6  2.065484116  2-3  1.810134127
     ( 1.419795600)     ( 1.087748138)     ( 1.093104783)     ( 1.093007124)     ( 0.957881729)

 Bond angles

  1-2-3  108.33727574   2-1-4  106.78896372   2-1-5  111.83440854   2-1-6  111.92076480

  4-1-5  112.56266447   4-1-6  108.49896583   5-1-6  105.27812501

 NUCLEAR CHARGE:                   18
 NUMBER OF PRIMITIVE AOS:         242
 NUMBER OF SYMMETRY AOS:          216
 NUMBER OF CONTRACTIONS:          184   (  184A   )
 NUMBER OF INNER CORE ORBITALS:     0   (    0A   )
 NUMBER OF OUTER CORE ORBITALS:     2   (    2A   )
 NUMBER OF VALENCE ORBITALS:       12   (   12A   )


 NUCLEAR REPULSION ENERGY   40.35095834

 Eigenvalues of metric

         1 0.610E-04 0.729E-04 0.891E-04 0.197E-03 0.396E-03 0.477E-03 0.757E-03 0.774E-03


 Contracted 2-electron integrals neglected if value below      1.0D-11
 AO integral compression algorithm  1   Integral accuracy      1.0D-11

     707.527 MB (compressed) written to integral file ( 52.1%)


 NUMBER OF SORTED TWO-ELECTRON INTEGRALS:  144848710.     BUFFER LENGTH:  32768
 NUMBER OF SEGMENTS:  10  SEGMENT LENGTH:   15999503      RECORD LENGTH: 524288

 Memory used in sort:      16.56 MW

 SORT1 READ   169623812. AND WROTE   143523515. INTEGRALS IN    414 RECORDS. CPU TIME:     1.16 SEC, REAL TIME:     1.71 SEC
 SORT2 READ   143523515. AND WROTE   144848710. INTEGRALS IN   2699 RECORDS. CPU TIME:     1.27 SEC, REAL TIME:     1.66 SEC

 FILE SIZES:   FILE 1:   738.8 MBYTE,  FILE 4:  1736.5 MBYTE,   TOTAL:   2475.3 MBYTE

 OPERATOR DM      FOR CENTER  0  COORDINATES:    0.000000    0.000000    0.000000


 **********************************************************************************************************************************
 DATASETS  * FILE   NREC   LENGTH (MB)   RECORD NAMES
              1      19      621.73       500      610      700      900      950      970     1000      129      960     1100   
                                          VAR    BASINP    GEOM    SYMINP    ZMAT    AOBASIS   BASIS     P2S    ABASIS      S 
                                         1400     1410     1200     1210     1080     1600     1650     1300     1700   
                                           T        V       H0       H01     AOSYM     SMH    MOLCAS    ERIS     OPER   

              2       8        3.26       700     1000      520     2100      200     2101     8500     9001   
                                         GEOM     BASIS   MCVARS     RHF    OPTIONS    RHF     CPHF    DEN_MP2    

 PROGRAMS   *        TOTAL       INT      CCSD    HF-SCF      CCSD    HF-SCF      CCSD    HF-SCF      CCSD    HF-SCF      CCSD
 CPU TIMES  *    160343.85     20.77    351.09     17.76    698.15     89.58    708.11     95.94    731.02    104.76    712.91
 REAL TIME  *     28297.51 SEC
 DISK USED  *         2.32 GB
 **********************************************************************************************************************************


 Program * Restricted Hartree-Fock

 Molecular orbitals read from record     2101.2  Type=RHF/CANONICAL (state 1.1)

 Initial occupancy:   9

 NELEC=   18   SYM=1   MS2= 0   THRE=1.0D-09   THRD=1.0D-07   THRG=1.0D-07  HFMA2=F  DIIS_START=2   DIIS_MAX=10   DIIS_INCORE=F

 Level shifts:    0.00 (CLOSED)    0.00 (OPEN)    0.30 (GAP_MIN)

 ITER           ETOT              DE          GRAD        DDIFF     DIIS  NEXP   TIME(IT)  TIME(TOT)  DIAG
   1     -115.08805086    -115.08805086     0.00D+00     0.47D-01     0     0       8.41      8.42    start
   2     -115.09110974      -0.00305888     0.12D-02     0.13D-02     1     0       8.32     16.74    diag
   3     -115.09152395      -0.00041422     0.32D-03     0.37D-03     2     0       8.39     25.13    diag
   4     -115.09155336      -0.00002941     0.77D-04     0.11D-03     3     0       9.42     34.55    diag
   5     -115.09155455      -0.00000118     0.23D-04     0.23D-04     4     0       8.38     42.93    diag
   6     -115.09155473      -0.00000018     0.80D-05     0.85D-05     5     0       9.50     52.43    diag
   7     -115.09155476      -0.00000003     0.23D-05     0.30D-05     6     0       8.28     60.71    diag
   8     -115.09155476      -0.00000000     0.75D-06     0.11D-05     7     0       9.56     70.27    fixocc
   9     -115.09155476      -0.00000000     0.19D-06     0.27D-06     8     0       8.33     78.60    diag
  10     -115.09155476      -0.00000000     0.38D-07     0.62D-07     9     0       9.52     88.12    diag/orth
  11     -115.09155476      -0.00000000     0.68D-08     0.93D-08     0     0       8.69     96.81    diag

 Final occupancy:   9

 !RHF STATE 1.1 Energy               -115.091554762717
  RHF One-electron energy            -236.930199672622
  RHF Two-electron energy              81.487686573293
  RHF Kinetic energy                  114.924140873290
  RHF Nuclear energy                   40.350958336612
  RHF Virial quotient                  -1.001456733878

 !RHF STATE 1.1 Dipole moment           0.03772556     0.59343184    -0.39289519
 Dipole moment /Debye                   0.09588880     1.50835328    -0.99863996

 Orbital energies:

           1.1          2.1          3.1          4.1          5.1          6.1          7.1          8.1          9.1         10.1
    -20.558777   -11.271634    -1.358442    -0.926017    -0.694730    -0.616708    -0.593616    -0.508624    -0.448864     0.028385

          11.1
      0.042995


 HOMO      9.1    -0.448864 =     -12.2142eV
 LUMO     10.1     0.028385 =       0.7724eV
 LUMO-HOMO         0.477249 =      12.9866eV

 Orbitals saved in record  2101.2


 **********************************************************************************************************************************
 DATASETS  * FILE   NREC   LENGTH (MB)   RECORD NAMES
              1      19      621.73       500      610      700      900      950      970     1000      129      960     1100   
                                          VAR    BASINP    GEOM    SYMINP    ZMAT    AOBASIS   BASIS     P2S    ABASIS      S 
                                         1400     1410     1200     1210     1080     1600     1650     1300     1700   
                                           T        V       H0       H01     AOSYM     SMH    MOLCAS    ERIS     OPER   

              2       8        3.26       700     1000      520     2100      200     2101     8500     9001   
                                         GEOM     BASIS   MCVARS     RHF    OPTIONS    RHF     CPHF    DEN_MP2    

 PROGRAMS   *        TOTAL    HF-SCF       INT      CCSD    HF-SCF      CCSD    HF-SCF      CCSD    HF-SCF      CCSD    HF-SCF
 CPU TIMES  *    160440.69     96.84     20.77    351.09     17.76    698.15     89.58    708.11     95.94    731.02    104.76
 REAL TIME  *     28312.92 SEC
 DISK USED  *         2.32 GB
 **********************************************************************************************************************************


 PROGRAM * CCSD (Closed-shell coupled cluster)     Authors: C. Hampel, H.-J. Werner, 1991, M. Deegan, P.J. Knowles, 1992


 Convergence thresholds:  THRVAR = 1.00D-12  THRDEN = 1.00D-08

 Using ITF CCSD gradient implementation

 Number of core orbitals:           2 (   2 )
 Number of closed-shell orbitals:   7 (   7 )
 Number of external orbitals:     175 ( 175 )

 Molecular orbitals read from record     2101.2  Type=RHF/CANONICAL (state 1.1)

 Integral transformation finished. Total CPU:  26.03 sec, npass=  1  Memory used:  27.38 MW
  Reference energy                   -115.091554762717

  MP2 correlation energy               -0.436761014017
  MP2 total energy                   -115.528315776735

 ITER.      SQ.NORM     CORR.ENERGY   TOTAL ENERGY   ENERGY CHANGE        DEN1      VAR(S)    VAR(P)  DIIS     TIME
   1      1.12040221    -0.45320980  -115.54476456    -0.01644878    -0.00558343  1.69e-03  1.94e-03  1  1    20.29
   2      1.12839812    -0.45419407  -115.54574883    -0.00098427    -0.00936779  4.22e-05  2.70e-04  2  2    41.23
   3      1.13078155    -0.45431310  -115.54586786    -0.00011903    -0.00140654  4.46e-06  3.50e-05  3  3    63.63
   4      1.13203005    -0.45431586  -115.54587062    -0.00000276    -0.00092489  1.40e-07  3.38e-06  4  4    83.78
   5      1.13233286    -0.45429519  -115.54584995     0.00002067    -0.00019179  1.83e-08  3.20e-07  5  5   103.48
   6      1.13241221    -0.45429268  -115.54584744     0.00000251    -0.00004923  3.38e-10  1.45e-08  6  0   123.22
   7      1.13242040    -0.45429151  -115.54584628     0.00000117    -0.00000619  6.21e-11  1.05e-09  6  1   142.85
   8      1.13242060    -0.45429137  -115.54584613     0.00000014    -0.00000046  4.13e-12  1.06e-10  6  2   163.37
   9      1.13242051    -0.45429135  -115.54584612     0.00000002     0.00000002  1.66e-13  1.11e-11  6  3   183.75
  10      1.13242057    -0.45429135  -115.54584611     0.00000000    -0.00000004  2.95e-14  7.56e-13         203.62

 Norm of t1 vector:      0.05247316     S-energy:      0.00000000   T1 diagnostic:  0.00991650

 Time per iteration:                     20.36 sec

 RESULTS
 =======

  Reference energy                   -115.091554762717
  CCSD correlation energy              -0.454291350356
 !CCSD total energy                  -115.545846113073

 Starting CP-CCSD iterations.   Author: W. Gyorffy (2012)

 ITER.      NRM1           NRM2      VAR(S)+VAR(P)   DIIS    TIME
   1     0.00162632     0.38321065     5.25e-04      1  1   21.84
   2     0.00147544     0.37941522     3.80e-05      2  2   43.96
   3     0.00137127     0.37893386     4.70e-06      3  3   65.75
   4     0.00132164     0.37854341     8.88e-07      4  4   87.90
   5     0.00129421     0.37844967     9.07e-08      5  5  109.89
   6     0.00128399     0.37841650     9.10e-09      6  0  131.99
   7     0.00128127     0.37841268     1.09e-09      6  1  154.74
   8     0.00128056     0.37841144     1.42e-10      6  2  177.95
   9     0.00128042     0.37841132     1.92e-11      6  3  200.02
  10     0.00128039     0.37841127     2.50e-12      6  4  221.96
  11     0.00128039     0.37841126     2.84e-13            244.92


 Time per iteration:                     22.27 sec


 Starting Coupled-perturbed Hartree-Fock, convergence threshold= 1.0D-06

 ITER   MIC  DIIS      VAR         VARC       CPU
   1     0     1    0.46D-02    0.12D-02     9.27
   2     4     2    0.18D-03    0.52D-04    17.63
   3     4     3    0.45D-05    0.82D-06    26.21
   4     2     4    0.45D-06    0.38D-07    34.55

 CPHF convergence reached in  4 macroiterations and   10 microiterations.   Accuracy: 4.5306D-07

 CPHF solution written to record  8500.2

 Dipole moments (unrelaxed):            0.03616348     0.55698724    -0.36696191
 Orbital relaxation contribution:       0.00006426     0.00408509    -0.00317506
 !CCSD STATE 1.1 Dipole moment          0.03622775     0.56107233    -0.37013697
 Dipole moment /Debye                   0.09208175     1.42610363    -0.94079434

 CPU-time for coupled-perturbed hartree-fock:         34.59 sec

 Number of N-1 electron functions:               7
 Number of N-2 electron functions:              28
 Number of singly external CSFs:              1225
 Number of doubly external CSFs:            750925
 Total number of CSFs:                      752151

 CCSD gradient info saved on record        55555.1




 **********************************************************************************************************************************
 DATASETS  * FILE   NREC   LENGTH (MB)   RECORD NAMES
              1      21      857.73       500      610      700      900      950      970     1000      129      960     1100   
                                          VAR    BASINP    GEOM    SYMINP    ZMAT    AOBASIS   BASIS     P2S    ABASIS      S 
                                         1400     1410     1200     1210     1080     1600     1650     1300     1700     1380   
                                           T        V       H0       H01     AOSYM     SMH    MOLCAS    ERIS     OPER     JKOP   
                                        55555   
                                         CCSD   

              2       8        3.26       700     1000      520     2100      200     2101     8500     9001   
                                         GEOM     BASIS   MCVARS     RHF    OPTIONS    RHF     CPHF    DEN_MP2    

 PROGRAMS   *        TOTAL      CCSD    HF-SCF       INT      CCSD    HF-SCF      CCSD    HF-SCF      CCSD    HF-SCF      CCSD
 CPU TIMES  *    161141.67    700.97     96.84     20.77    351.09     17.76    698.15     89.58    708.11     95.94    731.02
 REAL TIME  *     28409.35 SEC
 DISK USED  *         2.32 GB
 **********************************************************************************************************************************

 Inactive variables:    AHH2

 Active variables:      RCO ROH ACOH RCH1 AOCH1 AHH1
                        RCH2 AOCH2 RCH3 AOCH3 AHH3

 Geometry written to block  1 of record 700

 XYZ inputs for each point on the optimization path will be saved in files ch3oh_maxima_mp2_xx.xyz

 Making model hessian for Z-matrix coordinates

 Entering Rational Function Geometry Optimization

 ITER.   ENERGY(OLD)    ENERGY(NEW)      DE          GRADMAX     GRADNORM    GRADRMS     STEPMAX     STEPLEN     STEPRMS   CPU-time
   1  -115.54584611  -115.54629158    -0.00044547  0.00786972  0.01271516  0.00383376  0.03490659  0.04993073  0.00453916   1895.27
   2  -115.54629158  -115.54648734    -0.00019576  0.00447861  0.00686099  0.00206867  0.03490659  0.04986463  0.00453315   2931.36
   3  -115.54648734  -115.54651053    -0.00002320  0.00162391  0.00250524  0.00075536  0.01576225  0.02173487  0.00197590   4063.44
   4  -115.54651053  -115.54651072    -0.00000019  0.00021682  0.00036566  0.00011025  0.00064202  0.00107216  0.00009747   5138.49

 END OF GEOMETRY OPTIMIZATION.

 Optimized variables
 RCO=                 1.41977094 ANGSTROM
 ROH=                 0.95789050 ANGSTROM
 ACOH=              108.33054561 DEGREE
 RCH1=                1.08767488 ANGSTROM
 AOCH1=             106.81007823 DEGREE
 AHH1=              181.34380890 DEGREE
 RCH2=                1.09301006 ANGSTROM
 AOCH2=             111.88023912 DEGREE
 RCH3=                1.09319076 ANGSTROM
 AOCH3=             111.85150975 DEGREE
 AHH3=              422.71655835 DEGREE

 **********************************************************************************************************************************

 Geometry written to block  1 of record 700

 Recomputing wavefunction for reoriented structure

 Current geometry (xyz format, in Angstrom)


 Dump information in style XYZ to ch3oh_maxima_mp2.xyz                                                            

    6
 CCSD/AUG-CC-PVTZ  ENERGY=-115.54651072
 C          0.0000120546        0.0131616350       -0.7279165392
 O          0.0000123373       -0.0640477444        0.6897534612
 H          0.0007164279        0.8275088892        1.0400112107
 H         -0.0252118269       -1.0090835193       -1.0986121545
 H         -0.8779829342        0.5423788032       -1.1070273051
 H          0.9021388516        0.4990099861       -1.1089475936

 **********************************************************************************************************************************


 **********************************************************************************************************************************
 DATASETS  * FILE   NREC   LENGTH (MB)   RECORD NAMES
              1      21      848.86       500      610      700      900      950      970     1000      129      960     1100   
                                          VAR    BASINP    GEOM    SYMINP    ZMAT    AOBASIS   BASIS     P2S    ABASIS      S 
                                         1400     1410     1200     1210     1080     1600     1650     1300     1700     1380   
                                           T        V       H0       H01     AOSYM     SMH    MOLCAS    ERIS     OPER     JKOP   
                                        55555   
                                         CCSD   

              2       8        3.26       700     1000      520     2100      200     2101     8500     9001   
                                         GEOM     BASIS   MCVARS     RHF    OPTIONS    RHF     CPHF    DEN_MP2    

 PROGRAMS   *        TOTAL      OPTG    HF-SCF      CCSD    HF-SCF      CCSD    HF-SCF      CCSD    HF-SCF      CCSD    HF-SCF
 CPU TIMES  *    165818.17    338.47     18.09    711.22     97.36    758.20     98.00    688.51     99.36    725.58    103.23
 REAL TIME  *     29130.80 SEC
 DISK USED  *         2.32 GB
 **********************************************************************************************************************************

 HF/aug-cc-pVTZ//HF/aug-cc-pVTZ energy=   -115.546510722737

            CCSD          HF-SCF            CCSD          HF-SCF            CCSD          HF-SCF            CCSD          HF-SCF
   -115.54651072   -115.09225487   -115.54651072   -115.09225487   -115.54651053   -115.09225527   -115.54648734   -115.09223025
 **********************************************************************************************************************************
 Molpro calculation terminated
