
 Running default procedure: HF-SCF000  MP2

 PROGRAM * ALASKA (Gradient of the energy)     Author: R. Lindh


 MP2      Gradient info restored from record    5200.1

 Number of core orbitals:           2 (   2 )
 Number of closed-shell orbitals:   7 (   7 )
 Number of external orbitals:      73 (  73 )

 Integral thresholds in T2TRAN:            1.0D-10 (PROD)

 Available memory for Transformation: 497831906 words
 Memory needed for incore algorithm:     397175 words
 Minimum memory needed:                  148059 words

 Memory used for transformation:           0.40 MW
 Available memory for gradients:         499.43 MW

 CPU for transformation:                   0.34 sec
 CPU for integrals and gradient:           2.92 sec
 Total CPU:                                3.26 sec

 Prescreening statistics:
 ========================

 Total number of shell quadruplets:        5.56D+03
 Number of shell quadruplets processed:    5.56D+03 (100.00%)

 MP2 GRADIENT FOR STATE 1.1

 Atom          dE/dx               dE/dy               dE/dz

   1         0.000000000        -0.001239102         0.002032768
   2        -0.000000000         0.007583143        -0.006888650
   3        -0.000000000        -0.006777268        -0.002961131
   4        -0.005704438        -0.003144942         0.002801498
   5        -0.000000000         0.006723112         0.002214017
   6         0.005704438        -0.003144942         0.002801498

 Nuclear force contribution to virial =        -0.083686980

 Task   1   Incrementing variable RCO   by    0.010 AU
 Task   2   Incrementing variable RCO   by   -0.010 AU
 Task   3   Incrementing variable ROH   by    0.010 AU
 Task   4   Incrementing variable ROH   by   -0.010 AU
 Task   5   Incrementing variable ACOH  by    1.000 DEG
 Task   6   Incrementing variable ACOH  by   -1.000 DEG
 Task   7   Incrementing variable RCH1  by    0.010 AU
 Task   8   Incrementing variable RCH1  by   -0.010 AU
 Task   9   Incrementing variable AOCH1 by    1.000 DEG
 Task  10   Incrementing variable AOCH1 by   -1.000 DEG
 Task  11   Incrementing variable AHH1  by    0.500 DEG
 Task  12   Incrementing variable AHH1  by   -0.500 DEG
 Task  13   Incrementing variable RCH2  by    0.010 AU
 Task  14   Incrementing variable RCH2  by   -0.010 AU
 Task  15   Incrementing variable AOCH2 by    1.000 DEG
 Task  16   Incrementing variable AOCH2 by   -1.000 DEG
 Task  17   Incrementing variable AHH2  by    1.000 DEG
 Task  18   Incrementing variable AHH2  by   -1.000 DEG
 Task  19   Incrementing variable RCH3  by    0.010 AU
 Task  20   Incrementing variable RCH3  by   -0.010 AU
 Task  21   Incrementing variable AOCH3 by    1.000 DEG
 Task  22   Incrementing variable AOCH3 by   -1.000 DEG
 Task  23   Incrementing variable AHH3  by    1.000 DEG
 Task  24   Incrementing variable AHH3  by   -1.000 DEG
 Starting task   1.  CPU=     0.00 sec, Elapsed=     0.00 sec
 Incrementing variable RCO              by  0.005292 ANG   to    1.425271 ANG


 Recomputing integrals since geometry changed


 PROGRAM * SEWARD (Integral evaluation for generally contracted gaussian basis sets)     Author: Roland Lindh, 1990

 Geometry written to block  1 of record 700

 Orientation using atomic masses  
 Molecule type: Asymmetric top
 Rotational constants:      23.8167905     24.6717408    128.5445886 GHz  (calculated with average atomic masses)

 Point group  C1  



 ATOMIC COORDINATES

 NR  ATOM    CHARGE       X              Y              Z

   1  C       6.00   -0.000000000    0.024708588   -1.380998284
   2  O       8.00   -0.000000000   -0.120826889    1.308438916
   3  H       1.00   -0.000000000    1.566110580    1.966416106
   4  H1      1.00    1.682559542    0.983006824   -2.100585958
   5  H2      1.00    0.000000000   -1.908631890   -2.078067575
   6  H3      1.00   -1.682559542    0.983006824   -2.100585958

 Bond lengths in Bohr (Angstrom)

 1-2  2.693372055  1-4  2.065707758  1-5  2.055166904  1-6  2.065707758  2-3  1.810715882
     ( 1.425271112)     ( 1.093125470)     ( 1.087547490)     ( 1.093125470)     ( 0.958189580)

 Bond angles

  1-2-3  108.21042647   2-1-4  111.89503696   2-1-5  106.72939010   2-1-6  111.89503696

  4-1-5  108.55746630   4-1-6  109.07978552   5-1-6  108.55746630

 NUCLEAR CHARGE:                   18
 NUMBER OF PRIMITIVE AOS:         118
 NUMBER OF SYMMETRY AOS:          114
 NUMBER OF CONTRACTIONS:           82   (   82A   )
 NUMBER OF INNER CORE ORBITALS:     0   (    0A   )
 NUMBER OF OUTER CORE ORBITALS:     2   (    2A   )
 NUMBER OF VALENCE ORBITALS:       12   (   12A   )


 NUCLEAR REPULSION ENERGY   40.26023349


 Eigenvalues of metric

         1 0.655E-03 0.798E-03 0.811E-03 0.110E-02 0.250E-02 0.438E-02 0.497E-02 0.524E-02


 Contracted 2-electron integrals neglected if value below      1.0D-11
 AO integral compression algorithm  1   Integral accuracy      1.0D-11

     26.739 MB (compressed) written to integral file ( 46.9%)


 NUMBER OF SORTED TWO-ELECTRON INTEGRALS:    5791906.     BUFFER LENGTH:  32768
 NUMBER OF SEGMENTS:   1  SEGMENT LENGTH:    5791906      RECORD LENGTH: 524288

 Memory used in sort:       6.35 MW

 SORT1 READ     7174542. AND WROTE     4703209. INTEGRALS IN     14 RECORDS. CPU TIME:     0.04 SEC, REAL TIME:     0.06 SEC
 SORT2 READ     4703209. AND WROTE     5791906. INTEGRALS IN    102 RECORDS. CPU TIME:     0.10 SEC, REAL TIME:     0.11 SEC

 FILE SIZES:   FILE 1:    57.0 MBYTE,  FILE 4:    58.8 MBYTE,   TOTAL:    115.8 MBYTE

 OPERATOR DM      FOR CENTER  0  COORDINATES:    0.000000    0.000000    0.000000

 Program * Restricted Hartree-Fock

 Molecular orbitals read from record     2100.2  Type=RHF/CANONICAL  

 NELEC=   18   SYM=1   MS2= 0   THRE=1.0D-09   THRD=1.0D-07   THRG=1.0D-07  HFMA2=F  DIIS_START=2   DIIS_MAX=10   DIIS_INCORE=F

 Level shifts:    0.00 (CLOSED)    0.00 (OPEN)    0.30 (GAP_MIN)

 ITER           ETOT              DE          GRAD        DDIFF     DIIS  NEXP   TIME(IT)  TIME(TOT)  DIAG
   1     -115.06155457    -115.06155457     0.00D+00     0.99D-01     0     0       0.17      0.17    start
   2     -115.06156493      -0.00001036     0.12D-03     0.22D-03     1     0       0.10      0.27    diag
   3     -115.06156568      -0.00000074     0.27D-04     0.53D-04     2     0       0.10      0.37    diag
   4     -115.06156574      -0.00000006     0.92D-05     0.13D-04     3     0       0.12      0.49    diag
   5     -115.06156575      -0.00000001     0.27D-05     0.44D-05     4     0       0.12      0.61    diag
   6     -115.06156575      -0.00000000     0.78D-06     0.12D-05     5     0       0.12      0.73    diag
   7     -115.06156575      -0.00000000     0.25D-06     0.48D-06     6     0       0.11      0.84    diag
   8     -115.06156575      -0.00000000     0.50D-07     0.13D-06     7     0       0.11      0.95    fixocc
   9     -115.06156575      -0.00000000     0.79D-08     0.21D-07     8     0       0.12      1.07    diag
  10     -115.06156575       0.00000000     0.16D-08     0.28D-08     0     0       0.11      1.18    diag/orth

 Final occupancy:   9

 !RHF STATE 1.1 Energy               -115.061565746886
  RHF One-electron energy            -236.653849908714
  RHF Two-electron energy              81.332050676075
  RHF Kinetic energy                  114.878324475544
  RHF Nuclear energy                   40.260233485752
  RHF Virial quotient                  -1.001595090041

 !RHF STATE 1.1 Dipole moment           0.00000000     0.59041973    -0.40250641
 Dipole moment /Debye                   0.00000000     1.50069726    -1.02306925

 Orbital energies:

           1.1          2.1          3.1          4.1          5.1          6.1          7.1          8.1          9.1         10.1
    -20.568264   -11.279809    -1.359930    -0.927727    -0.691383    -0.619383    -0.592753    -0.504620    -0.451003     0.034530

          11.1
      0.051712


 HOMO      9.1    -0.451003 =     -12.2724eV
 LUMO     10.1     0.034530 =       0.9396eV
 LUMO-HOMO         0.485533 =      13.2120eV

 Orbitals saved in record  2100.1


 **********************************************************************************************************************************
 DATASETS  * FILE   NREC   LENGTH (MB)   RECORD NAMES
              1      20       50.31       500      610      700      900      950      970     1000      129      960     1100   
                                          VAR    BASINP    GEOM    SYMINP    ZMAT    AOBASIS   BASIS     P2S    ABASIS      S 
                                         1400     1410     1200     1210     1080     1600     1650     1300     1700     2100   
                                           T        V       H0       H01     AOSYM     SMH    MOLCAS    ERIS     OPER      RHF  

              2       8        0.74       700     1000      520     2100     4100     5300     9001     5500   
                                         GEOM     BASIS   MCVARS     RHF     CPHF     HESS    DEN_MP2   HINFO   

 PROGRAMS   *        TOTAL    HF-SCF       MP2    HF-SCF       INT
 CPU TIMES  *        14.21      1.89      6.71      1.27      0.84
 REAL TIME  *         5.06 SEC
 DISK USED  *       111.20 MB
 **********************************************************************************************************************************


 PROGRAM * MP2 (Closed-shell)     Authors: C. Hampel, H.-J. Werner, 1991, M. Deegan, P.J. Knowles, 1992


 Convergence thresholds:  THRVAR = 1.00D-12  THRDEN = 1.00D-08

 Number of core orbitals:           2 (   2 )
 Number of closed-shell orbitals:   7 (   7 )
 Number of external orbitals:      73 (  73 )

 Molecular orbitals read from record     2100.1  Type=RHF/CANONICAL (state 1.1)

 Number of N-1 electron functions:               7
 Number of N-2 electron functions:              28
 Number of singly external CSFs:               511
 Number of doubly external CSFs:            130816
 Total number of CSFs:                      131328

 Length of J-op  integral file:               0.00 MB
 Length of K-op  integral file:               0.49 MB

 Integral transformation finished. Total CPU:   0.09 sec, npass=  1  Memory used:   0.49 MW

 Memory needed for MP2:                      0.03 MW

 SCS-MP2 correlation energy:           -0.357570691863   (PS=  1.200000  PT=  0.333333)
 SCS-MP2 total energy:               -115.419136438749


  Reference energy                   -115.061565746886
  MP2 singlet pair energy              -0.231115670519
  MP2 triplet pair energy              -0.128944104494
  MP2 correlation energy               -0.360059775013

 !MP2 total energy                   -115.421625521899

 KEXT needed  1 integral passes. Memory used:   0.46 MW  CPU time:      1.02 sec


 CPHF trial vector read from record  4100.2

 Starting Coupled-perturbed Hartree-Fock, convergence threshold= 1.0D-06

 ITER   MIC  DIIS      VAR         VARC       CPU
   1     0     1    0.15D-02    0.31D-04     0.06
   2     6     2    0.56D-05    0.56D-05     0.10
   3     1     3    0.63D-06    0.13D-06     0.13

 CPHF convergence reached in  3 macroiterations and    7 microiterations.   Accuracy: 6.3008D-07

 Dipole moments (unrelaxed):            0.00000000     0.57834144    -0.39086812
 Orbital relaxation contribution:      -0.00000000    -0.02302176     0.01665744
 !MP2 STATE 1.1 Dipole moment           0.00000000     0.55531968    -0.37421068
 Dipole moment /Debye                   0.00000000     1.41148184    -0.95114868

 CPU-time for density and lagrangian:                  0.97 sec
 CPU-time for coupled-perturbed hartree-fock:          0.13 sec

 MP2 gradient info saved on record         5200.1


 **********************************************************************************************************************************
 DATASETS  * FILE   NREC   LENGTH (MB)   RECORD NAMES
              1      22       53.95       500      610      700      900      950      970     1000      129      960     1100   
                                          VAR    BASINP    GEOM    SYMINP    ZMAT    AOBASIS   BASIS     P2S    ABASIS      S 
                                         1400     1410     1200     1210     1080     1600     1650     1300     1700     2100   
                                           T        V       H0       H01     AOSYM     SMH    MOLCAS    ERIS     OPER      RHF  
                                         1380     5200   
                                         JKOP      MP2  

              2       8        0.74       700     1000      520     2100     4100     5300     9001     5500   
                                         GEOM     BASIS   MCVARS     RHF     CPHF     HESS    DEN_MP2   HINFO   

 PROGRAMS   *        TOTAL       MP2       MP2    HF-SCF       INT
 CPU TIMES  *        21.00      6.78      6.71      1.27      0.84
 REAL TIME  *         5.95 SEC
 DISK USED  *       111.20 MB
 **********************************************************************************************************************************

 PROGRAM * ALASKA (Gradient of the energy)     Author: R. Lindh


 MP2      Gradient info restored from record    5200.1

 Number of core orbitals:           2 (   2 )
 Number of closed-shell orbitals:   7 (   7 )
 Number of external orbitals:      73 (  73 )

 Integral thresholds in T2TRAN:            1.0D-10 (PROD)

 Available memory for Transformation: 497830377 words
 Memory needed for incore algorithm:     397175 words
 Minimum memory needed:                  148059 words

 Memory used for transformation:           0.40 MW
 Available memory for gradients:         499.43 MW

 CPU for transformation:                   0.34 sec
 CPU for integrals and gradient:           2.92 sec
 Total CPU:                                3.26 sec

 Prescreening statistics:
 ========================

 Total number of shell quadruplets:        5.56D+03
 Number of shell quadruplets processed:    5.56D+03 (100.00%)

 MP2 GRADIENT FOR STATE 1.1

 Atom          dE/dx               dE/dy               dE/dz

   1         0.000000000        -0.001291511        -0.000720777
   2        -0.000000000         0.007749114        -0.003435122
   3        -0.000000000        -0.006943223        -0.002724490
   4        -0.005677733        -0.003130271         0.002490472
   5         0.000000000         0.006746162         0.001899445
   6         0.005677733        -0.003130271         0.002490472

 Nuclear force contribution to virial =        -0.073245223
 Starting task   2.  CPU=    12.26 sec, Elapsed=     2.90 sec
 Incrementing variable RCO              by -0.005292 ANG   to    1.414688 ANG


 Recomputing integrals since geometry changed


 PROGRAM * SEWARD (Integral evaluation for generally contracted gaussian basis sets)     Author: Roland Lindh, 1990

 Geometry written to block  1 of record 700

 Orientation using atomic masses  
 Molecule type: Asymmetric top
 Rotational constants:      24.1072140     24.9832579    128.5516789 GHz  (calculated with average atomic masses)

 Point group  C1  



 ATOMIC COORDINATES

 NR  ATOM    CHARGE       X              Y              Z

   1  C       6.00   -0.000000000    0.024880821   -1.370384853
   2  O       8.00   -0.000000000   -0.121026813    1.299002550
   3  H       1.00   -0.000000000    1.565552298    1.957897768
   4  H1      1.00    1.682559542    0.983570554   -2.089450862
   5  H2      1.00    0.000000000   -1.908079987   -2.068506271
   6  H3      1.00   -1.682559542    0.983570554   -2.089450862

 Bond lengths in Bohr (Angstrom)

 1-2  2.673372055  1-4  2.065707758  1-5  2.055166904  1-6  2.065707758  2-3  1.810715882
     ( 1.414687568)     ( 1.093125470)     ( 1.087547490)     ( 1.093125470)     ( 0.958189580)

 Bond angles

  1-2-3  108.21042647   2-1-4  111.89503696   2-1-5  106.72939010   2-1-6  111.89503696

  4-1-5  108.55746630   4-1-6  109.07978552   5-1-6  108.55746630

 NUCLEAR CHARGE:                   18
 NUMBER OF PRIMITIVE AOS:         118
 NUMBER OF SYMMETRY AOS:          114
 NUMBER OF CONTRACTIONS:           82   (   82A   )
 NUMBER OF INNER CORE ORBITALS:     0   (    0A   )
 NUMBER OF OUTER CORE ORBITALS:     2   (    2A   )
 NUMBER OF VALENCE ORBITALS:       12   (   12A   )


 NUCLEAR REPULSION ENERGY   40.43109138


 Eigenvalues of metric

         1 0.652E-03 0.796E-03 0.809E-03 0.109E-02 0.244E-02 0.436E-02 0.495E-02 0.522E-02


 Contracted 2-electron integrals neglected if value below      1.0D-11
 AO integral compression algorithm  1   Integral accuracy      1.0D-11

     26.739 MB (compressed) written to integral file ( 46.9%)


 NUMBER OF SORTED TWO-ELECTRON INTEGRALS:    5791906.     BUFFER LENGTH:  32768
 NUMBER OF SEGMENTS:   1  SEGMENT LENGTH:    5791906      RECORD LENGTH: 524288

 Memory used in sort:       6.35 MW

 SORT1 READ     7174542. AND WROTE     4703209. INTEGRALS IN     14 RECORDS. CPU TIME:     0.04 SEC, REAL TIME:     0.06 SEC
 SORT2 READ     4703209. AND WROTE     5791906. INTEGRALS IN    102 RECORDS. CPU TIME:     0.10 SEC, REAL TIME:     0.11 SEC

 FILE SIZES:   FILE 1:    57.0 MBYTE,  FILE 4:    58.8 MBYTE,   TOTAL:    115.8 MBYTE

 OPERATOR DM      FOR CENTER  0  COORDINATES:    0.000000    0.000000    0.000000

 Program * Restricted Hartree-Fock

 Molecular orbitals read from record     2100.2  Type=RHF/CANONICAL  

 NELEC=   18   SYM=1   MS2= 0   THRE=1.0D-09   THRD=1.0D-07   THRG=1.0D-07  HFMA2=F  DIIS_START=2   DIIS_MAX=10   DIIS_INCORE=F

 Level shifts:    0.00 (CLOSED)    0.00 (OPEN)    0.30 (GAP_MIN)

 ITER           ETOT              DE          GRAD        DDIFF     DIIS  NEXP   TIME(IT)  TIME(TOT)  DIAG
   1     -115.06174717    -115.06174717     0.00D+00     0.99D-01     0     0       0.18      0.18    start
   2     -115.06175768      -0.00001051     0.12D-03     0.22D-03     1     0       0.12      0.30    diag
   3     -115.06175843      -0.00000075     0.27D-04     0.53D-04     2     0       0.12      0.42    diag
   4     -115.06175850      -0.00000007     0.93D-05     0.14D-04     3     0       0.12      0.54    diag
   5     -115.06175850      -0.00000001     0.27D-05     0.44D-05     4     0       0.12      0.66    diag
   6     -115.06175850      -0.00000000     0.78D-06     0.12D-05     5     0       0.11      0.77    diag
   7     -115.06175850      -0.00000000     0.25D-06     0.47D-06     6     0       0.11      0.88    diag
   8     -115.06175850      -0.00000000     0.49D-07     0.13D-06     7     0       0.12      1.00    fixocc
   9     -115.06175850       0.00000000     0.77D-08     0.21D-07     8     0       0.10      1.10    diag
  10     -115.06175850       0.00000000     0.15D-08     0.27D-08     0     0       0.11      1.21    diag/orth

 Final occupancy:   9

 !RHF STATE 1.1 Energy               -115.061758504196
  RHF One-electron energy            -236.983327426946
  RHF Two-electron energy              81.490477539376
  RHF Kinetic energy                  114.902047806999
  RHF Nuclear energy                   40.431091383374
  RHF Virial quotient                  -1.001389972592

 !RHF STATE 1.1 Dipole moment           0.00000000     0.59027345    -0.38653554
 Dipole moment /Debye                   0.00000000     1.50032546    -0.98247535

 Orbital energies:

           1.1          2.1          3.1          4.1          5.1          6.1          7.1          8.1          9.1         10.1
    -20.568151   -11.278672    -1.363732    -0.927263    -0.693676    -0.621073    -0.595091    -0.503557    -0.449972     0.034544

          11.1
      0.051710


 HOMO      9.1    -0.449972 =     -12.2444eV
 LUMO     10.1     0.034544 =       0.9400eV
 LUMO-HOMO         0.484516 =      13.1844eV

 Orbitals saved in record  2100.1


 **********************************************************************************************************************************
 DATASETS  * FILE   NREC   LENGTH (MB)   RECORD NAMES
              1      20       50.32       500      610      700      900      950      970     1000      129      960     1100   
                                          VAR    BASINP    GEOM    SYMINP    ZMAT    AOBASIS   BASIS     P2S    ABASIS      S 
                                         1400     1410     1200     1210     1080     1600     1650     1300     1700     2100   
                                           T        V       H0       H01     AOSYM     SMH    MOLCAS    ERIS     OPER      RHF  

              2       8        0.74       700     1000      520     2100     4100     5300     9001     5500   
                                         GEOM     BASIS   MCVARS     RHF     CPHF     HESS    DEN_MP2   HINFO   

 PROGRAMS   *        TOTAL    HF-SCF       MP2    HF-SCF       INT
 CPU TIMES  *        26.24      1.90      6.71      1.27      0.84
 REAL TIME  *         7.97 SEC
 DISK USED  *       111.20 MB
 **********************************************************************************************************************************


 PROGRAM * MP2 (Closed-shell)     Authors: C. Hampel, H.-J. Werner, 1991, M. Deegan, P.J. Knowles, 1992


 Convergence thresholds:  THRVAR = 1.00D-12  THRDEN = 1.00D-08

 Number of core orbitals:           2 (   2 )
 Number of closed-shell orbitals:   7 (   7 )
 Number of external orbitals:      73 (  73 )

 Molecular orbitals read from record     2100.1  Type=RHF/CANONICAL (state 1.1)

 Number of N-1 electron functions:               7
 Number of N-2 electron functions:              28
 Number of singly external CSFs:               511
 Number of doubly external CSFs:            130816
 Total number of CSFs:                      131328

 Length of J-op  integral file:               0.00 MB
 Length of K-op  integral file:               0.49 MB

 Integral transformation finished. Total CPU:   0.08 sec, npass=  1  Memory used:   0.49 MW

 Memory needed for MP2:                      0.03 MW

 SCS-MP2 correlation energy:           -0.357155070501   (PS=  1.200000  PT=  0.333333)
 SCS-MP2 total energy:               -115.418913574697


  Reference energy                   -115.061758504196
  MP2 singlet pair energy              -0.230817096545
  MP2 triplet pair energy              -0.128851962826
  MP2 correlation energy               -0.359669059370

 !MP2 total energy                   -115.421427563566

 KEXT needed  1 integral passes. Memory used:   0.46 MW  CPU time:      1.12 sec


 CPHF trial vector read from record  4100.2

 Starting Coupled-perturbed Hartree-Fock, convergence threshold= 1.0D-06

 ITER   MIC  DIIS      VAR         VARC       CPU
   1     0     1    0.15D-02    0.31D-04     0.06
   2     6     2    0.56D-05    0.56D-05     0.10
   3     1     3    0.63D-06    0.13D-06     0.13

 CPHF convergence reached in  3 macroiterations and    7 microiterations.   Accuracy: 6.2893D-07

 Dipole moments (unrelaxed):            0.00000000     0.57825908    -0.37532785
 Orbital relaxation contribution:      -0.00000000    -0.02276787     0.01524338
 !MP2 STATE 1.1 Dipole moment          -0.00000000     0.55549121    -0.36008447
 Dipole moment /Debye                  -0.00000000     1.41191782    -0.91524343

 CPU-time for density and lagrangian:                  1.47 sec
 CPU-time for coupled-perturbed hartree-fock:          0.13 sec

 MP2 gradient info saved on record         5200.1


 **********************************************************************************************************************************
 DATASETS  * FILE   NREC   LENGTH (MB)   RECORD NAMES
              1      22       53.96       500      610      700      900      950      970     1000      129      960     1100   
                                          VAR    BASINP    GEOM    SYMINP    ZMAT    AOBASIS   BASIS     P2S    ABASIS      S 
                                         1400     1410     1200     1210     1080     1600     1650     1300     1700     2100   
                                           T        V       H0       H01     AOSYM     SMH    MOLCAS    ERIS     OPER      RHF  
                                         1380     5200   
                                         JKOP      MP2  

              2       8        0.74       700     1000      520     2100     4100     5300     9001     5500   
                                         GEOM     BASIS   MCVARS     RHF     CPHF     HESS    DEN_MP2   HINFO   

 PROGRAMS   *        TOTAL       MP2       MP2    HF-SCF       INT
 CPU TIMES  *        33.85      7.61      6.71      1.27      0.84
 REAL TIME  *         8.94 SEC
 DISK USED  *       111.20 MB
 **********************************************************************************************************************************

 PROGRAM * ALASKA (Gradient of the energy)     Author: R. Lindh


 MP2      Gradient info restored from record    5200.1

 Number of core orbitals:           2 (   2 )
 Number of closed-shell orbitals:   7 (   7 )
 Number of external orbitals:      73 (  73 )

 Integral thresholds in T2TRAN:            1.0D-10 (PROD)

 Available memory for Transformation: 497830377 words
 Memory needed for incore algorithm:     397175 words
 Minimum memory needed:                  148059 words

 Memory used for transformation:           0.40 MW
 Available memory for gradients:         499.43 MW

 CPU for transformation:                   0.31 sec
 CPU for integrals and gradient:           2.92 sec
 Total CPU:                                3.23 sec

 Prescreening statistics:
 ========================

 Total number of shell quadruplets:        5.56D+03
 Number of shell quadruplets processed:    5.56D+03 (100.00%)

 MP2 GRADIENT FOR STATE 1.1

 Atom          dE/dx               dE/dy               dE/dz

   1         0.000000000        -0.001189851         0.004886587
   2        -0.000000000         0.007422281        -0.010450658
   3         0.000000000        -0.006611949        -0.003201172
   4        -0.005733284        -0.003161128         0.003116557
   5        -0.000000000         0.006701776         0.002532128
   6         0.005733284        -0.003161128         0.003116557

 Nuclear force contribution to virial =        -0.094379362
 Starting task   3.  CPU=    25.35 sec, Elapsed=     5.89 sec
 Incrementing variable ROH              by  0.005292 ANG   to    0.963481 ANG


 Recomputing integrals since geometry changed


 PROGRAM * SEWARD (Integral evaluation for generally contracted gaussian basis sets)     Author: Roland Lindh, 1990

 Geometry written to block  1 of record 700

 Orientation using atomic masses  
 Molecule type: Asymmetric top
 Rotational constants:      23.9474229     24.8218763    128.2787631 GHz  (calculated with average atomic masses)

 Point group  C1  



 ATOMIC COORDINATES

 NR  ATOM    CHARGE       X              Y              Z

   1  C       6.00   -0.000000000    0.025068906   -1.375795735
   2  O       8.00   -0.000000000   -0.121757253    1.303556363
   3  H       1.00   -0.000000000    1.574044104    1.966326367
   4  H1      1.00    1.682559542    0.983858664   -2.094728367
   5  H2      1.00    0.000000000   -1.907794763   -2.074186054
   6  H3      1.00   -1.682559542    0.983858664   -2.094728367

 Bond lengths in Bohr (Angstrom)

 1-2  2.683372055  1-4  2.065707758  1-5  2.055166904  1-6  2.065707758  2-3  1.820715882
     ( 1.419979340)     ( 1.093125470)     ( 1.087547490)     ( 1.093125470)     ( 0.963481352)

 Bond angles

  1-2-3  108.21042647   2-1-4  111.89503696   2-1-5  106.72939010   2-1-6  111.89503696

  4-1-5  108.55746630   4-1-6  109.07978552   5-1-6  108.55746630

 NUCLEAR CHARGE:                   18
 NUMBER OF PRIMITIVE AOS:         118
 NUMBER OF SYMMETRY AOS:          114
 NUMBER OF CONTRACTIONS:           82   (   82A   )
 NUMBER OF INNER CORE ORBITALS:     0   (    0A   )
 NUMBER OF OUTER CORE ORBITALS:     2   (    2A   )
 NUMBER OF VALENCE ORBITALS:       12   (   12A   )


 NUCLEAR REPULSION ENERGY   40.31714151


 Eigenvalues of metric

         1 0.654E-03 0.797E-03 0.811E-03 0.110E-02 0.248E-02 0.437E-02 0.496E-02 0.523E-02


 Contracted 2-electron integrals neglected if value below      1.0D-11
 AO integral compression algorithm  1   Integral accuracy      1.0D-11

     26.739 MB (compressed) written to integral file ( 46.9%)


 NUMBER OF SORTED TWO-ELECTRON INTEGRALS:    5791906.     BUFFER LENGTH:  32768
 NUMBER OF SEGMENTS:   1  SEGMENT LENGTH:    5791906      RECORD LENGTH: 524288

 Memory used in sort:       6.35 MW

 SORT1 READ     7174542. AND WROTE     4703212. INTEGRALS IN     14 RECORDS. CPU TIME:     0.04 SEC, REAL TIME:     0.06 SEC
 SORT2 READ     4703212. AND WROTE     5791906. INTEGRALS IN    102 RECORDS. CPU TIME:     0.10 SEC, REAL TIME:     0.11 SEC

 FILE SIZES:   FILE 1:    57.0 MBYTE,  FILE 4:    58.8 MBYTE,   TOTAL:    115.8 MBYTE

 OPERATOR DM      FOR CENTER  0  COORDINATES:    0.000000    0.000000    0.000000

 Program * Restricted Hartree-Fock

 Molecular orbitals read from record     2100.2  Type=RHF/CANONICAL  

 NELEC=   18   SYM=1   MS2= 0   THRE=1.0D-09   THRD=1.0D-07   THRG=1.0D-07  HFMA2=F  DIIS_START=2   DIIS_MAX=10   DIIS_INCORE=F

 Level shifts:    0.00 (CLOSED)    0.00 (OPEN)    0.30 (GAP_MIN)

 ITER           ETOT              DE          GRAD        DDIFF     DIIS  NEXP   TIME(IT)  TIME(TOT)  DIAG
   1     -115.06146700    -115.06146700     0.00D+00     0.99D-01     0     0       0.17      0.18    start
   2     -115.06147714      -0.00001014     0.14D-03     0.38D-03     1     0       0.11      0.29    diag
   3     -115.06147766      -0.00000053     0.28D-04     0.58D-04     2     0       0.12      0.41    diag
   4     -115.06147775      -0.00000009     0.12D-04     0.16D-04     3     0       0.11      0.52    diag
   5     -115.06147777      -0.00000001     0.35D-05     0.54D-05     4     0       0.11      0.63    diag
   6     -115.06147777      -0.00000000     0.88D-06     0.21D-05     5     0       0.11      0.74    diag
   7     -115.06147777      -0.00000000     0.21D-06     0.45D-06     6     0       0.11      0.85    diag
   8     -115.06147777      -0.00000000     0.61D-07     0.12D-06     7     0       0.11      0.96    fixocc
   9     -115.06147777      -0.00000000     0.13D-07     0.28D-07     8     0       0.12      1.08    diag
  10     -115.06147777      -0.00000000     0.25D-08     0.38D-08     0     0       0.10      1.18    diag/orth

 Final occupancy:   9

 !RHF STATE 1.1 Energy               -115.061477768982
  RHF One-electron energy            -236.767662439960
  RHF Two-electron energy              81.389043157535
  RHF Kinetic energy                  114.879746196220
  RHF Nuclear energy                   40.317141513443
  RHF Virial quotient                  -1.001581928745

 !RHF STATE 1.1 Dipole moment          -0.00000000     0.59214228    -0.39319474
 Dipole moment /Debye                  -0.00000000     1.50507555    -0.99940134

 Orbital energies:

           1.1          2.1          3.1          4.1          5.1          6.1          7.1          8.1          9.1         10.1
    -20.568687   -11.279178    -1.360596    -0.926960    -0.691463    -0.620113    -0.593723    -0.503732    -0.450337     0.034512

          11.1
      0.051661


 HOMO      9.1    -0.450337 =     -12.2543eV
 LUMO     10.1     0.034512 =       0.9391eV
 LUMO-HOMO         0.484849 =      13.1934eV

 Orbitals saved in record  2100.1


 **********************************************************************************************************************************
 DATASETS  * FILE   NREC   LENGTH (MB)   RECORD NAMES
              1      20       50.32       500      610      700      900      950      970     1000      129      960     1100   
                                          VAR    BASINP    GEOM    SYMINP    ZMAT    AOBASIS   BASIS     P2S    ABASIS      S 
                                         1400     1410     1200     1210     1080     1600     1650     1300     1700     2100   
                                           T        V       H0       H01     AOSYM     SMH    MOLCAS    ERIS     OPER      RHF  

              2       8        0.74       700     1000      520     2100     4100     5300     9001     5500   
                                         GEOM     BASIS   MCVARS     RHF     CPHF     HESS    DEN_MP2   HINFO   

 PROGRAMS   *        TOTAL    HF-SCF       MP2    HF-SCF       INT
 CPU TIMES  *        39.04      1.88      6.71      1.27      0.84
 REAL TIME  *        10.96 SEC
 DISK USED  *       111.20 MB
 **********************************************************************************************************************************


 PROGRAM * MP2 (Closed-shell)     Authors: C. Hampel, H.-J. Werner, 1991, M. Deegan, P.J. Knowles, 1992


 Convergence thresholds:  THRVAR = 1.00D-12  THRDEN = 1.00D-08

 Number of core orbitals:           2 (   2 )
 Number of closed-shell orbitals:   7 (   7 )
 Number of external orbitals:      73 (  73 )

 Molecular orbitals read from record     2100.1  Type=RHF/CANONICAL (state 1.1)

 Number of N-1 electron functions:               7
 Number of N-2 electron functions:              28
 Number of singly external CSFs:               511
 Number of doubly external CSFs:            130816
 Total number of CSFs:                      131328

 Length of J-op  integral file:               0.00 MB
 Length of K-op  integral file:               0.49 MB

 Integral transformation finished. Total CPU:   0.08 sec, npass=  1  Memory used:   0.49 MW

 Memory needed for MP2:                      0.03 MW

 SCS-MP2 correlation energy:           -0.357610423916   (PS=  1.200000  PT=  0.333333)
 SCS-MP2 total energy:               -115.419088192898


  Reference energy                   -115.061477768982
  MP2 singlet pair energy              -0.231126252481
  MP2 triplet pair energy              -0.128987551509
  MP2 correlation energy               -0.360113803990

 !MP2 total energy                   -115.421591572972

 KEXT needed  1 integral passes. Memory used:   0.46 MW  CPU time:      1.19 sec


 CPHF trial vector read from record  4100.2

 Starting Coupled-perturbed Hartree-Fock, convergence threshold= 1.0D-06

 ITER   MIC  DIIS      VAR         VARC       CPU
   1     0     1    0.20D-02    0.25D-04     0.06
   2     6     2    0.30D-05    0.30D-05     0.09
   3     1     3    0.27D-06    0.23D-07     0.13

 CPHF convergence reached in  3 macroiterations and    7 microiterations.   Accuracy: 2.7045D-07

 Dipole moments (unrelaxed):            0.00000000     0.57989900    -0.38184493
 Orbital relaxation contribution:       0.00000000    -0.02305143     0.01594717
 !MP2 STATE 1.1 Dipole moment           0.00000000     0.55684757    -0.36589776
 Dipole moment /Debye                   0.00000000     1.41536536    -0.93001934

 CPU-time for density and lagrangian:                  0.90 sec
 CPU-time for coupled-perturbed hartree-fock:          0.13 sec

 MP2 gradient info saved on record         5200.1


 **********************************************************************************************************************************
 DATASETS  * FILE   NREC   LENGTH (MB)   RECORD NAMES
              1      22       53.96       500      610      700      900      950      970     1000      129      960     1100   
                                          VAR    BASINP    GEOM    SYMINP    ZMAT    AOBASIS   BASIS     P2S    ABASIS      S 
                                         1400     1410     1200     1210     1080     1600     1650     1300     1700     2100   
                                           T        V       H0       H01     AOSYM     SMH    MOLCAS    ERIS     OPER      RHF  
                                         1380     5200   
                                         JKOP      MP2  

              2       8        0.74       700     1000      520     2100     4100     5300     9001     5500   
                                         GEOM     BASIS   MCVARS     RHF     CPHF     HESS    DEN_MP2   HINFO   

 PROGRAMS   *        TOTAL       MP2       MP2    HF-SCF       INT
 CPU TIMES  *        45.28      6.23      6.71      1.27      0.84
 REAL TIME  *        11.82 SEC
 DISK USED  *       111.20 MB
 **********************************************************************************************************************************

 PROGRAM * ALASKA (Gradient of the energy)     Author: R. Lindh


 MP2      Gradient info restored from record    5200.1

 Number of core orbitals:           2 (   2 )
 Number of closed-shell orbitals:   7 (   7 )
 Number of external orbitals:      73 (  73 )

 Integral thresholds in T2TRAN:            1.0D-10 (PROD)

 Available memory for Transformation: 497830377 words
 Memory needed for incore algorithm:     397175 words
 Minimum memory needed:                  148059 words

 Memory used for transformation:           0.40 MW
 Available memory for gradients:         499.43 MW

 CPU for transformation:                   0.30 sec
 CPU for integrals and gradient:           2.95 sec
 Total CPU:                                3.25 sec

 Prescreening statistics:
 ========================

 Total number of shell quadruplets:        5.56D+03
 Number of shell quadruplets processed:    5.56D+03 (100.00%)

 MP2 GRADIENT FOR STATE 1.1

 Atom          dE/dx               dE/dy               dE/dz

   1         0.000000000        -0.001384483         0.002075678
   2        -0.000000000         0.002623717        -0.009026563
   3        -0.000000000        -0.001704587        -0.000884063
   4        -0.005701799        -0.003143199         0.002822778
   5        -0.000000000         0.006751751         0.002189394
   6         0.005701799        -0.003143199         0.002822778

 Nuclear force contribution to virial =        -0.074018188
 Starting task   4.  CPU=    37.07 sec, Elapsed=     8.77 sec
 Incrementing variable ROH              by -0.005292 ANG   to    0.952898 ANG


 Recomputing integrals since geometry changed


 PROGRAM * SEWARD (Integral evaluation for generally contracted gaussian basis sets)     Author: Roland Lindh, 1990

 Geometry written to block  1 of record 700

 Orientation using atomic masses  
 Molecule type: Asymmetric top
 Rotational constants:      23.9752835     24.8317009    128.8172265 GHz  (calculated with average atomic masses)

 Point group  C1  



 ATOMIC COORDINATES

 NR  ATOM    CHARGE       X              Y              Z

   1  C       6.00   -0.000000000    0.024521534   -1.375587390
   2  O       8.00   -0.000000000   -0.120097049    1.303884769
   3  H       1.00   -0.000000000    1.557615947    1.957992399
   4  H1      1.00    1.682559542    0.982718636   -2.095309728
   5  H2      1.00    0.000000000   -1.908916885   -2.072384980
   6  H3      1.00   -1.682559542    0.982718636   -2.095309728

 Bond lengths in Bohr (Angstrom)

 1-2  2.683372055  1-4  2.065707758  1-5  2.055166904  1-6  2.065707758  2-3  1.800715882
     ( 1.419979340)     ( 1.093125470)     ( 1.087547490)     ( 1.093125470)     ( 0.952897808)

 Bond angles

  1-2-3  108.21042647   2-1-4  111.89503696   2-1-5  106.72939010   2-1-6  111.89503696

  4-1-5  108.55746630   4-1-6  109.07978552   5-1-6  108.55746630

 NUCLEAR CHARGE:                   18
 NUMBER OF PRIMITIVE AOS:         118
 NUMBER OF SYMMETRY AOS:          114
 NUMBER OF CONTRACTIONS:           82   (   82A   )
 NUMBER OF INNER CORE ORBITALS:     0   (    0A   )
 NUMBER OF OUTER CORE ORBITALS:     2   (    2A   )
 NUMBER OF VALENCE ORBITALS:       12   (   12A   )


 NUCLEAR REPULSION ENERGY   40.37389194


 Eigenvalues of metric

         1 0.652E-03 0.797E-03 0.810E-03 0.109E-02 0.246E-02 0.437E-02 0.496E-02 0.523E-02


 Contracted 2-electron integrals neglected if value below      1.0D-11
 AO integral compression algorithm  1   Integral accuracy      1.0D-11

     26.739 MB (compressed) written to integral file ( 46.9%)


 NUMBER OF SORTED TWO-ELECTRON INTEGRALS:    5791906.     BUFFER LENGTH:  32768
 NUMBER OF SEGMENTS:   1  SEGMENT LENGTH:    5791906      RECORD LENGTH: 524288

 Memory used in sort:       6.35 MW

 SORT1 READ     7174542. AND WROTE     4703203. INTEGRALS IN     14 RECORDS. CPU TIME:     0.05 SEC, REAL TIME:     0.06 SEC
 SORT2 READ     4703203. AND WROTE     5791906. INTEGRALS IN    102 RECORDS. CPU TIME:     0.10 SEC, REAL TIME:     0.12 SEC

 FILE SIZES:   FILE 1:    57.0 MBYTE,  FILE 4:    58.8 MBYTE,   TOTAL:    115.8 MBYTE

 OPERATOR DM      FOR CENTER  0  COORDINATES:    0.000000    0.000000    0.000000

 Program * Restricted Hartree-Fock

 Molecular orbitals read from record     2100.2  Type=RHF/CANONICAL  

 NELEC=   18   SYM=1   MS2= 0   THRE=1.0D-09   THRD=1.0D-07   THRG=1.0D-07  HFMA2=F  DIIS_START=2   DIIS_MAX=10   DIIS_INCORE=F

 Level shifts:    0.00 (CLOSED)    0.00 (OPEN)    0.30 (GAP_MIN)

 ITER           ETOT              DE          GRAD        DDIFF     DIIS  NEXP   TIME(IT)  TIME(TOT)  DIAG
   1     -115.06181735    -115.06181735     0.00D+00     0.99D-01     0     0       0.17      0.17    start
   2     -115.06182755      -0.00001020     0.14D-03     0.38D-03     1     0       0.10      0.27    diag
   3     -115.06182808      -0.00000053     0.28D-04     0.58D-04     2     0       0.11      0.38    diag
   4     -115.06182818      -0.00000010     0.13D-04     0.16D-04     3     0       0.11      0.49    diag
   5     -115.06182819      -0.00000001     0.35D-05     0.55D-05     4     0       0.13      0.62    diag
   6     -115.06182819      -0.00000000     0.87D-06     0.21D-05     5     0       0.13      0.75    diag
   7     -115.06182819      -0.00000000     0.20D-06     0.44D-06     6     0       0.14      0.89    diag
   8     -115.06182819      -0.00000000     0.59D-07     0.11D-06     7     0       0.15      1.04    fixocc
   9     -115.06182819       0.00000000     0.13D-07     0.27D-07     8     0       0.14      1.18    diag
  10     -115.06182819      -0.00000000     0.25D-08     0.37D-08     0     0       0.14      1.32    diag/orth

 Final occupancy:   9

 !RHF STATE 1.1 Energy               -115.061828191872
  RHF One-electron energy            -236.868931082828
  RHF Two-electron energy              81.433210948394
  RHF Kinetic energy                  114.900620097648
  RHF Nuclear energy                   40.373891942562
  RHF Virial quotient                  -1.001403021969

 !RHF STATE 1.1 Dipole moment          -0.00000000     0.58854810    -0.39589091
 Dipole moment /Debye                  -0.00000000     1.49594006    -1.00625432

 Orbital energies:

           1.1          2.1          3.1          4.1          5.1          6.1          7.1          8.1          9.1         10.1
    -20.567726   -11.279301    -1.363061    -0.928035    -0.693588    -0.620326    -0.594106    -0.504459    -0.450652     0.034562

          11.1
      0.051760


 HOMO      9.1    -0.450652 =     -12.2629eV
 LUMO     10.1     0.034562 =       0.9405eV
 LUMO-HOMO         0.485214 =      13.2033eV

 Orbitals saved in record  2100.1


 **********************************************************************************************************************************
 DATASETS  * FILE   NREC   LENGTH (MB)   RECORD NAMES
              1      20       50.32       500      610      700      900      950      970     1000      129      960     1100   
                                          VAR    BASINP    GEOM    SYMINP    ZMAT    AOBASIS   BASIS     P2S    ABASIS      S 
                                         1400     1410     1200     1210     1080     1600     1650     1300     1700     2100   
                                           T        V       H0       H01     AOSYM     SMH    MOLCAS    ERIS     OPER      RHF  

              2       8        0.74       700     1000      520     2100     4100     5300     9001     5500   
                                         GEOM     BASIS   MCVARS     RHF     CPHF     HESS    DEN_MP2   HINFO   

 PROGRAMS   *        TOTAL    HF-SCF       MP2    HF-SCF       INT
 CPU TIMES  *        50.61      2.01      6.71      1.27      0.84
 REAL TIME  *        13.98 SEC
 DISK USED  *       111.20 MB
 **********************************************************************************************************************************


 PROGRAM * MP2 (Closed-shell)     Authors: C. Hampel, H.-J. Werner, 1991, M. Deegan, P.J. Knowles, 1992


 Convergence thresholds:  THRVAR = 1.00D-12  THRDEN = 1.00D-08

 Number of core orbitals:           2 (   2 )
 Number of closed-shell orbitals:   7 (   7 )
 Number of external orbitals:      73 (  73 )

 Molecular orbitals read from record     2100.1  Type=RHF/CANONICAL (state 1.1)

 Number of N-1 electron functions:               7
 Number of N-2 electron functions:              28
 Number of singly external CSFs:               511
 Number of doubly external CSFs:            130816
 Total number of CSFs:                      131328

 Length of J-op  integral file:               0.00 MB
 Length of K-op  integral file:               0.49 MB

 Integral transformation finished. Total CPU:   0.09 sec, npass=  1  Memory used:   0.49 MW

 Memory needed for MP2:                      0.03 MW

 SCS-MP2 correlation energy:           -0.357115388263   (PS=  1.200000  PT=  0.333333)
 SCS-MP2 total energy:               -115.418943580136


  Reference energy                   -115.061828191873
  MP2 singlet pair energy              -0.230806753700
  MP2 triplet pair energy              -0.128808134716
  MP2 correlation energy               -0.359614888416

 !MP2 total energy                   -115.421443080288

 KEXT needed  1 integral passes. Memory used:   0.46 MW  CPU time:      1.18 sec


 CPHF trial vector read from record  4100.2

 Starting Coupled-perturbed Hartree-Fock, convergence threshold= 1.0D-06

 ITER   MIC  DIIS      VAR         VARC       CPU
   1     0     1    0.21D-02    0.25D-04     0.06
   2     6     2    0.30D-05    0.30D-05     0.09
   3     1     3    0.27D-06    0.23D-07     0.12

 CPHF convergence reached in  3 macroiterations and    7 microiterations.   Accuracy: 2.7387D-07

 Dipole moments (unrelaxed):           -0.00000000     0.57669736    -0.38439887
 Orbital relaxation contribution:      -0.00000000    -0.02273397     0.01594260
 !MP2 STATE 1.1 Dipole moment          -0.00000000     0.55396339    -0.36845627
 Dipole moment /Debye                  -0.00000000     1.40803450    -0.93652243

 CPU-time for density and lagrangian:                  1.36 sec
 CPU-time for coupled-perturbed hartree-fock:          0.12 sec

 MP2 gradient info saved on record         5200.1


 **********************************************************************************************************************************
 DATASETS  * FILE   NREC   LENGTH (MB)   RECORD NAMES
              1      22       53.96       500      610      700      900      950      970     1000      129      960     1100   
                                          VAR    BASINP    GEOM    SYMINP    ZMAT    AOBASIS   BASIS     P2S    ABASIS      S 
                                         1400     1410     1200     1210     1080     1600     1650     1300     1700     2100   
                                           T        V       H0       H01     AOSYM     SMH    MOLCAS    ERIS     OPER      RHF  
                                         1380     5200   
                                         JKOP      MP2  

              2       8        0.74       700     1000      520     2100     4100     5300     9001     5500   
                                         GEOM     BASIS   MCVARS     RHF     CPHF     HESS    DEN_MP2   HINFO   

 PROGRAMS   *        TOTAL       MP2       MP2    HF-SCF       INT
 CPU TIMES  *        58.01      7.40      6.71      1.27      0.84
 REAL TIME  *        14.94 SEC
 DISK USED  *       111.20 MB
 **********************************************************************************************************************************

 PROGRAM * ALASKA (Gradient of the energy)     Author: R. Lindh


 MP2      Gradient info restored from record    5200.1

 Number of core orbitals:           2 (   2 )
 Number of closed-shell orbitals:   7 (   7 )
 Number of external orbitals:      73 (  73 )

 Integral thresholds in T2TRAN:            1.0D-10 (PROD)

 Available memory for Transformation: 497830377 words
 Memory needed for incore algorithm:     397175 words
 Minimum memory needed:                  148059 words

 Memory used for transformation:           0.40 MW
 Available memory for gradients:         499.43 MW

 CPU for transformation:                   0.37 sec
 CPU for integrals and gradient:           2.88 sec
 Total CPU:                                3.25 sec

 Prescreening statistics:
 ========================

 Total number of shell quadruplets:        5.56D+03
 Number of shell quadruplets processed:    5.56D+03 (100.00%)

 MP2 GRADIENT FOR STATE 1.1

 Atom          dE/dx               dE/dy               dE/dz

   1        -0.000000000        -0.001094102         0.001989280
   2        -0.000000000         0.012737129        -0.004677776
   3         0.000000000        -0.012044544        -0.005110121
   4        -0.005707134        -0.003146651         0.002780053
   5         0.000000000         0.006694820         0.002238513
   6         0.005707134        -0.003146651         0.002780053

 Nuclear force contribution to virial =        -0.093617371
 Starting task   5.  CPU=    50.10 sec, Elapsed=    11.88 sec
 Incrementing variable ACOH             by  1.000000 DEG   to  109.210426 DEG


 Recomputing integrals since geometry changed


 PROGRAM * SEWARD (Integral evaluation for generally contracted gaussian basis sets)     Author: Roland Lindh, 1990

 Geometry written to block  1 of record 700

 Orientation using atomic masses  
 Molecule type: Asymmetric top
 Rotational constants:      23.9359728     24.7869371    128.8873996 GHz  (calculated with average atomic masses)

 Point group  C1  



 ATOMIC COORDINATES

 NR  ATOM    CHARGE       X              Y              Z

   1  C       6.00   -0.000000000    0.025695927   -1.376604613
   2  O       8.00   -0.000000000   -0.121060352    1.302751314
   3  H       1.00   -0.000000000    1.553684772    1.991170353
   4  H1      1.00    1.682559542    0.984466934   -2.095562251
   5  H2      1.00    0.000000000   -1.907185956   -2.074944520
   6  H3      1.00   -1.682559542    0.984466934   -2.095562251

 Bond lengths in Bohr (Angstrom)

 1-2  2.683372055  1-4  2.065707758  1-5  2.055166904  1-6  2.065707758  2-3  1.810715882
     ( 1.419979340)     ( 1.093125470)     ( 1.087547490)     ( 1.093125470)     ( 0.958189580)

 Bond angles

  1-2-3  109.21042647   2-1-4  111.89503696   2-1-5  106.72939010   2-1-6  111.89503696

  4-1-5  108.55746630   4-1-6  109.07978552   5-1-6  108.55746630

 NUCLEAR CHARGE:                   18
 NUMBER OF PRIMITIVE AOS:         118
 NUMBER OF SYMMETRY AOS:          114
 NUMBER OF CONTRACTIONS:           82   (   82A   )
 NUMBER OF INNER CORE ORBITALS:     0   (    0A   )
 NUMBER OF OUTER CORE ORBITALS:     2   (    2A   )
 NUMBER OF VALENCE ORBITALS:       12   (   12A   )


 NUCLEAR REPULSION ENERGY   40.33268185


 Eigenvalues of metric

         1 0.656E-03 0.800E-03 0.812E-03 0.110E-02 0.249E-02 0.437E-02 0.495E-02 0.525E-02


 Contracted 2-electron integrals neglected if value below      1.0D-11
 AO integral compression algorithm  1   Integral accuracy      1.0D-11

     26.739 MB (compressed) written to integral file ( 46.9%)


 NUMBER OF SORTED TWO-ELECTRON INTEGRALS:    5791906.     BUFFER LENGTH:  32768
 NUMBER OF SEGMENTS:   1  SEGMENT LENGTH:    5791906      RECORD LENGTH: 524288

 Memory used in sort:       6.35 MW

 SORT1 READ     7174542. AND WROTE     4703213. INTEGRALS IN     14 RECORDS. CPU TIME:     0.04 SEC, REAL TIME:     0.06 SEC
 SORT2 READ     4703213. AND WROTE     5791906. INTEGRALS IN    102 RECORDS. CPU TIME:     0.10 SEC, REAL TIME:     0.12 SEC

 FILE SIZES:   FILE 1:    57.0 MBYTE,  FILE 4:    58.8 MBYTE,   TOTAL:    115.8 MBYTE

 OPERATOR DM      FOR CENTER  0  COORDINATES:    0.000000    0.000000    0.000000

 Program * Restricted Hartree-Fock

 Molecular orbitals read from record     2100.2  Type=RHF/CANONICAL  

 NELEC=   18   SYM=1   MS2= 0   THRE=1.0D-09   THRD=1.0D-07   THRG=1.0D-07  HFMA2=F  DIIS_START=2   DIIS_MAX=10   DIIS_INCORE=F

 Level shifts:    0.00 (CLOSED)    0.00 (OPEN)    0.30 (GAP_MIN)

 ITER           ETOT              DE          GRAD        DDIFF     DIIS  NEXP   TIME(IT)  TIME(TOT)  DIAG
   1     -115.06168625    -115.06168625     0.00D+00     0.99D-01     0     0       0.17      0.18    start
   2     -115.06172980      -0.00004355     0.26D-03     0.39D-03     1     0       0.10      0.28    diag
   3     -115.06173254      -0.00000275     0.54D-04     0.90D-04     2     0       0.11      0.39    diag
   4     -115.06173268      -0.00000014     0.14D-04     0.17D-04     3     0       0.10      0.49    diag
   5     -115.06173272      -0.00000003     0.54D-05     0.74D-05     4     0       0.10      0.59    diag
   6     -115.06173272      -0.00000000     0.87D-06     0.17D-05     5     0       0.11      0.70    diag
   7     -115.06173272      -0.00000000     0.23D-06     0.41D-06     6     0       0.10      0.80    diag
   8     -115.06173272      -0.00000000     0.55D-07     0.11D-06     7     0       0.10      0.90    fixocc
   9     -115.06173272      -0.00000000     0.13D-07     0.31D-07     8     0       0.11      1.01    diag
  10     -115.06173272       0.00000000     0.30D-08     0.53D-08     0     0       0.11      1.12    diag/orth

 Final occupancy:   9

 !RHF STATE 1.1 Energy               -115.061732717128
  RHF One-electron energy            -236.796961622670
  RHF Two-electron energy              81.402547052928
  RHF Kinetic energy                  114.887545048678
  RHF Nuclear energy                   40.332681852614
  RHF Virial quotient                  -1.001516157982

 !RHF STATE 1.1 Dipole moment           0.00000000     0.58877016    -0.38613021
 Dipole moment /Debye                   0.00000000     1.49650448    -0.98144509

 Orbital energies:

           1.1          2.1          3.1          4.1          5.1          6.1          7.1          8.1          9.1         10.1
    -20.567725   -11.279316    -1.361059    -0.927896    -0.692363    -0.619936    -0.594320    -0.503048    -0.450269     0.034588

          11.1
      0.051669


 HOMO      9.1    -0.450269 =     -12.2525eV
 LUMO     10.1     0.034588 =       0.9412eV
 LUMO-HOMO         0.484857 =      13.1936eV

 Orbitals saved in record  2100.1


 **********************************************************************************************************************************
 DATASETS  * FILE   NREC   LENGTH (MB)   RECORD NAMES
              1      20       50.31       500      610      700      900      950      970     1000      129      960     1100   
                                          VAR    BASINP    GEOM    SYMINP    ZMAT    AOBASIS   BASIS     P2S    ABASIS      S 
                                         1400     1410     1200     1210     1080     1600     1650     1300     1700     2100   
                                           T        V       H0       H01     AOSYM     SMH    MOLCAS    ERIS     OPER      RHF  

              2       8        0.74       700     1000      520     2100     4100     5300     9001     5500   
                                         GEOM     BASIS   MCVARS     RHF     CPHF     HESS    DEN_MP2   HINFO   

 PROGRAMS   *        TOTAL    HF-SCF       MP2    HF-SCF       INT
 CPU TIMES  *        63.16      1.81      6.71      1.27      0.84
 REAL TIME  *        16.95 SEC
 DISK USED  *       111.20 MB
 **********************************************************************************************************************************


 PROGRAM * MP2 (Closed-shell)     Authors: C. Hampel, H.-J. Werner, 1991, M. Deegan, P.J. Knowles, 1992


 Convergence thresholds:  THRVAR = 1.00D-12  THRDEN = 1.00D-08

 Number of core orbitals:           2 (   2 )
 Number of closed-shell orbitals:   7 (   7 )
 Number of external orbitals:      73 (  73 )

 Molecular orbitals read from record     2100.1  Type=RHF/CANONICAL (state 1.1)

 Number of N-1 electron functions:               7
 Number of N-2 electron functions:              28
 Number of singly external CSFs:               511
 Number of doubly external CSFs:            130816
 Total number of CSFs:                      131328

 Length of J-op  integral file:               0.00 MB
 Length of K-op  integral file:               0.49 MB

 Integral transformation finished. Total CPU:   0.08 sec, npass=  1  Memory used:   0.49 MW

 Memory needed for MP2:                      0.03 MW

 SCS-MP2 correlation energy:           -0.357295791275   (PS=  1.200000  PT=  0.333333)
 SCS-MP2 total energy:               -115.419028508403


  Reference energy                   -115.061732717128
  MP2 singlet pair energy              -0.230925957811
  MP2 triplet pair energy              -0.128868174486
  MP2 correlation energy               -0.359794132297

 !MP2 total energy                   -115.421526849425

 KEXT needed  1 integral passes. Memory used:   0.46 MW  CPU time:      1.20 sec


 CPHF trial vector read from record  4100.2

 Starting Coupled-perturbed Hartree-Fock, convergence threshold= 1.0D-06

 ITER   MIC  DIIS      VAR         VARC       CPU
   1     0     1    0.63D-02    0.11D-03     0.06
   2     5     2    0.69D-05    0.61D-05     0.09
   3     2     3    0.65D-06    0.10D-06     0.13

 CPHF convergence reached in  3 macroiterations and    7 microiterations.   Accuracy: 6.4615D-07

 Dipole moments (unrelaxed):            0.00000000     0.57682636    -0.37493414
 Orbital relaxation contribution:      -0.00000000    -0.02272499     0.01531939
 !MP2 STATE 1.1 Dipole moment          -0.00000000     0.55410137    -0.35961475
 Dipole moment /Debye                  -0.00000000     1.40838521    -0.91404952

 CPU-time for density and lagrangian:                  1.19 sec
 CPU-time for coupled-perturbed hartree-fock:          0.13 sec

 MP2 gradient info saved on record         5200.1


 **********************************************************************************************************************************
 DATASETS  * FILE   NREC   LENGTH (MB)   RECORD NAMES
              1      22       53.95       500      610      700      900      950      970     1000      129      960     1100   
                                          VAR    BASINP    GEOM    SYMINP    ZMAT    AOBASIS   BASIS     P2S    ABASIS      S 
                                         1400     1410     1200     1210     1080     1600     1650     1300     1700     2100   
                                           T        V       H0       H01     AOSYM     SMH    MOLCAS    ERIS     OPER      RHF  
                                         1380     5200   
                                         JKOP      MP2  

              2       8        0.74       700     1000      520     2100     4100     5300     9001     5500   
                                         GEOM     BASIS   MCVARS     RHF     CPHF     HESS    DEN_MP2   HINFO   

 PROGRAMS   *        TOTAL       MP2       MP2    HF-SCF       INT
 CPU TIMES  *        70.51      7.34      6.71      1.27      0.84
 REAL TIME  *        17.90 SEC
 DISK USED  *       111.20 MB
 **********************************************************************************************************************************

 PROGRAM * ALASKA (Gradient of the energy)     Author: R. Lindh


 MP2      Gradient info restored from record    5200.1

 Number of core orbitals:           2 (   2 )
 Number of closed-shell orbitals:   7 (   7 )
 Number of external orbitals:      73 (  73 )

 Integral thresholds in T2TRAN:            1.0D-10 (PROD)

 Available memory for Transformation: 497830377 words
 Memory needed for incore algorithm:     397175 words
 Minimum memory needed:                  148059 words

 Memory used for transformation:           0.40 MW
 Available memory for gradients:         499.43 MW

 CPU for transformation:                   0.30 sec
 CPU for integrals and gradient:           2.94 sec
 Total CPU:                                3.24 sec

 Prescreening statistics:
 ========================

 Total number of shell quadruplets:        5.56D+03
 Number of shell quadruplets processed:    5.56D+03 (100.00%)

 MP2 GRADIENT FOR STATE 1.1

 Atom          dE/dx               dE/dy               dE/dz

   1         0.000000000        -0.002543616         0.001295736
   2        -0.000000000         0.009245890        -0.007547864
   3         0.000000000        -0.007126290        -0.001359024
   4        -0.005677997        -0.003161399         0.002816356
   5         0.000000000         0.006746814         0.001978439
   6         0.005677997        -0.003161399         0.002816356

 Nuclear force contribution to virial =        -0.080687436
 Starting task   6.  CPU=    62.88 sec, Elapsed=    14.85 sec
 Incrementing variable ACOH             by -1.000000 DEG   to  107.210426 DEG


 Recomputing integrals since geometry changed


 PROGRAM * SEWARD (Integral evaluation for generally contracted gaussian basis sets)     Author: Roland Lindh, 1990

 Geometry written to block  1 of record 700

 Orientation using atomic masses  
 Molecule type: Asymmetric top
 Rotational constants:      23.9869817     24.8664676    128.2232119 GHz  (calculated with average atomic masses)

 Point group  C1  



 ATOMIC COORDINATES

 NR  ATOM    CHARGE       X              Y              Z

   1  C       6.00   -0.000000000    0.023859845   -1.374772605
   2  O       8.00   -0.000000000   -0.120728340    1.304701195
   3  H       1.00   -0.000000000    1.577530909    1.932879136
   4  H1      1.00    1.682559542    0.982048782   -2.094505813
   5  H2      1.00    0.000000000   -1.909586479   -2.071548260
   6  H3      1.00   -1.682559542    0.982048782   -2.094505813

 Bond lengths in Bohr (Angstrom)

 1-2  2.683372055  1-4  2.065707758  1-5  2.055166904  1-6  2.065707758  2-3  1.810715882
     ( 1.419979340)     ( 1.093125470)     ( 1.087547490)     ( 1.093125470)     ( 0.958189580)

 Bond angles

  1-2-3  107.21042647   2-1-4  111.89503696   2-1-5  106.72939010   2-1-6  111.89503696

  4-1-5  108.55746630   4-1-6  109.07978552   5-1-6  108.55746630

 NUCLEAR CHARGE:                   18
 NUMBER OF PRIMITIVE AOS:         118
 NUMBER OF SYMMETRY AOS:          114
 NUMBER OF CONTRACTIONS:           82   (   82A   )
 NUMBER OF INNER CORE ORBITALS:     0   (    0A   )
 NUMBER OF OUTER CORE ORBITALS:     2   (    2A   )
 NUMBER OF VALENCE ORBITALS:       12   (   12A   )


 NUCLEAR REPULSION ENERGY   40.35836734


 Eigenvalues of metric

         1 0.651E-03 0.794E-03 0.809E-03 0.110E-02 0.244E-02 0.438E-02 0.497E-02 0.521E-02


 Contracted 2-electron integrals neglected if value below      1.0D-11
 AO integral compression algorithm  1   Integral accuracy      1.0D-11

     26.739 MB (compressed) written to integral file ( 46.9%)


 NUMBER OF SORTED TWO-ELECTRON INTEGRALS:    5791906.     BUFFER LENGTH:  32768
 NUMBER OF SEGMENTS:   1  SEGMENT LENGTH:    5791906      RECORD LENGTH: 524288

 Memory used in sort:       6.35 MW

 SORT1 READ     7174542. AND WROTE     4703207. INTEGRALS IN     14 RECORDS. CPU TIME:     0.04 SEC, REAL TIME:     0.07 SEC
 SORT2 READ     4703207. AND WROTE     5791906. INTEGRALS IN    102 RECORDS. CPU TIME:     0.10 SEC, REAL TIME:     0.11 SEC

 FILE SIZES:   FILE 1:    57.0 MBYTE,  FILE 4:    58.8 MBYTE,   TOTAL:    115.8 MBYTE

 OPERATOR DM      FOR CENTER  0  COORDINATES:    0.000000    0.000000    0.000000

 Program * Restricted Hartree-Fock

 Molecular orbitals read from record     2100.2  Type=RHF/CANONICAL  

 NELEC=   18   SYM=1   MS2= 0   THRE=1.0D-09   THRD=1.0D-07   THRG=1.0D-07  HFMA2=F  DIIS_START=2   DIIS_MAX=10   DIIS_INCORE=F

 Level shifts:    0.00 (CLOSED)    0.00 (OPEN)    0.30 (GAP_MIN)

 ITER           ETOT              DE          GRAD        DDIFF     DIIS  NEXP   TIME(IT)  TIME(TOT)  DIAG
   1     -115.06152151    -115.06152151     0.00D+00     0.99D-01     0     0       0.16      0.16    start
   2     -115.06156515      -0.00004364     0.26D-03     0.39D-03     1     0       0.10      0.26    diag
   3     -115.06156788      -0.00000273     0.54D-04     0.90D-04     2     0       0.12      0.38    diag
   4     -115.06156801      -0.00000013     0.13D-04     0.17D-04     3     0       0.10      0.48    diag
   5     -115.06156804      -0.00000003     0.54D-05     0.71D-05     4     0       0.11      0.59    diag
   6     -115.06156804      -0.00000000     0.88D-06     0.17D-05     5     0       0.10      0.69    diag
   7     -115.06156804      -0.00000000     0.25D-06     0.44D-06     6     0       0.11      0.80    diag
   8     -115.06156804      -0.00000000     0.54D-07     0.11D-06     7     0       0.11      0.91    fixocc
   9     -115.06156804       0.00000000     0.12D-07     0.29D-07     8     0       0.11      1.02    diag
  10     -115.06156804      -0.00000000     0.27D-08     0.49D-08     0     0       0.11      1.13    diag/orth

 Final occupancy:   9

 !RHF STATE 1.1 Energy               -115.061568044084
  RHF One-electron energy            -236.839714749350
  RHF Two-electron energy              81.419779365216
  RHF Kinetic energy                  114.892665967496
  RHF Nuclear energy                   40.358367340050
  RHF Virial quotient                  -1.001470085798

 !RHF STATE 1.1 Dipole moment          -0.00000000     0.59174005    -0.40302543
 Dipole moment /Debye                  -0.00000000     1.50405318    -1.02438848

 Orbital energies:

           1.1          2.1          3.1          4.1          5.1          6.1          7.1          8.1          9.1         10.1
    -20.568677   -11.279180    -1.362581    -0.927094    -0.692702    -0.620509    -0.593507    -0.505116    -0.450714     0.034487

          11.1
      0.051752


 HOMO      9.1    -0.450714 =     -12.2645eV
 LUMO     10.1     0.034487 =       0.9384eV
 LUMO-HOMO         0.485201 =      13.2030eV

 Orbitals saved in record  2100.1


 **********************************************************************************************************************************
 DATASETS  * FILE   NREC   LENGTH (MB)   RECORD NAMES
              1      20       50.32       500      610      700      900      950      970     1000      129      960     1100   
                                          VAR    BASINP    GEOM    SYMINP    ZMAT    AOBASIS   BASIS     P2S    ABASIS      S 
                                         1400     1410     1200     1210     1080     1600     1650     1300     1700     2100   
                                           T        V       H0       H01     AOSYM     SMH    MOLCAS    ERIS     OPER      RHF  

              2       8        0.74       700     1000      520     2100     4100     5300     9001     5500   
                                         GEOM     BASIS   MCVARS     RHF     CPHF     HESS    DEN_MP2   HINFO   

 PROGRAMS   *        TOTAL    HF-SCF       MP2    HF-SCF       INT
 CPU TIMES  *        75.66      1.83      6.71      1.27      0.84
 REAL TIME  *        19.93 SEC
 DISK USED  *       111.20 MB
 **********************************************************************************************************************************


 PROGRAM * MP2 (Closed-shell)     Authors: C. Hampel, H.-J. Werner, 1991, M. Deegan, P.J. Knowles, 1992


 Convergence thresholds:  THRVAR = 1.00D-12  THRDEN = 1.00D-08

 Number of core orbitals:           2 (   2 )
 Number of closed-shell orbitals:   7 (   7 )
 Number of external orbitals:      73 (  73 )

 Molecular orbitals read from record     2100.1  Type=RHF/CANONICAL (state 1.1)

 Number of N-1 electron functions:               7
 Number of N-2 electron functions:              28
 Number of singly external CSFs:               511
 Number of doubly external CSFs:            130816
 Total number of CSFs:                      131328

 Length of J-op  integral file:               0.00 MB
 Length of K-op  integral file:               0.49 MB

 Integral transformation finished. Total CPU:   0.08 sec, npass=  1  Memory used:   0.49 MW

 Memory needed for MP2:                      0.03 MW

 SCS-MP2 correlation energy:           -0.357434251447   (PS=  1.200000  PT=  0.333333)
 SCS-MP2 total energy:               -115.419002295531


  Reference energy                   -115.061568044084
  MP2 singlet pair energy              -0.231008640521
  MP2 triplet pair energy              -0.128931240249
  MP2 correlation energy               -0.359939880770

 !MP2 total energy                   -115.421507924854

 KEXT needed  1 integral passes. Memory used:   0.46 MW  CPU time:      1.11 sec


 CPHF trial vector read from record  4100.2

 Starting Coupled-perturbed Hartree-Fock, convergence threshold= 1.0D-06

 ITER   MIC  DIIS      VAR         VARC       CPU
   1     0     1    0.63D-02    0.11D-03     0.06
   2     5     2    0.69D-05    0.61D-05     0.09
   3     2     3    0.65D-06    0.10D-06     0.13

 CPHF convergence reached in  3 macroiterations and    7 microiterations.   Accuracy: 6.4527D-07

 Dipole moments (unrelaxed):           -0.00000000     0.57959304    -0.39137451
 Orbital relaxation contribution:       0.00000000    -0.02306149     0.01658156
 !MP2 STATE 1.1 Dipole moment           0.00000000     0.55653155    -0.37479294
 Dipole moment /Debye                   0.00000000     1.41456211    -0.95262864

 CPU-time for density and lagrangian:                  1.08 sec
 CPU-time for coupled-perturbed hartree-fock:          0.13 sec

 MP2 gradient info saved on record         5200.1


 **********************************************************************************************************************************
 DATASETS  * FILE   NREC   LENGTH (MB)   RECORD NAMES
              1      22       53.96       500      610      700      900      950      970     1000      129      960     1100   
                                          VAR    BASINP    GEOM    SYMINP    ZMAT    AOBASIS   BASIS     P2S    ABASIS      S 
                                         1400     1410     1200     1210     1080     1600     1650     1300     1700     2100   
                                           T        V       H0       H01     AOSYM     SMH    MOLCAS    ERIS     OPER      RHF  
                                         1380     5200   
                                         JKOP      MP2  

              2       8        0.74       700     1000      520     2100     4100     5300     9001     5500   
                                         GEOM     BASIS   MCVARS     RHF     CPHF     HESS    DEN_MP2   HINFO   

 PROGRAMS   *        TOTAL       MP2       MP2    HF-SCF       INT
 CPU TIMES  *        83.01      7.35      6.71      1.27      0.84
 REAL TIME  *        20.88 SEC
 DISK USED  *       111.20 MB
 **********************************************************************************************************************************

 PROGRAM * ALASKA (Gradient of the energy)     Author: R. Lindh


 MP2      Gradient info restored from record    5200.1

 Number of core orbitals:           2 (   2 )
 Number of closed-shell orbitals:   7 (   7 )
 Number of external orbitals:      73 (  73 )

 Integral thresholds in T2TRAN:            1.0D-10 (PROD)

 Available memory for Transformation: 497830377 words
 Memory needed for incore algorithm:     397175 words
 Minimum memory needed:                  148059 words

 Memory used for transformation:           0.40 MW
 Available memory for gradients:         499.43 MW

 CPU for transformation:                   0.40 sec
 CPU for integrals and gradient:           2.98 sec
 Total CPU:                                3.38 sec

 Prescreening statistics:
 ========================

 Total number of shell quadruplets:        5.56D+03
 Number of shell quadruplets processed:    5.56D+03 (100.00%)

 MP2 GRADIENT FOR STATE 1.1

 Atom          dE/dx               dE/dy               dE/dz

   1         0.000000000         0.000091594         0.002797878
   2         0.000000000         0.005946163        -0.006217929
   3        -0.000000000        -0.006479863        -0.004607709
   4        -0.005731793        -0.003128932         0.002786688
   5         0.000000000         0.006699970         0.002454384
   6         0.005731793        -0.003128932         0.002786688

 Nuclear force contribution to virial =        -0.086788710
 Starting task   7.  CPU=    75.79 sec, Elapsed=    17.84 sec
 Incrementing variable RCH1             by  0.005292 ANG   to    1.098417 ANG


 Recomputing integrals since geometry changed


 PROGRAM * SEWARD (Integral evaluation for generally contracted gaussian basis sets)     Author: Roland Lindh, 1990

 Geometry written to block  1 of record 700

 Orientation using atomic masses  
 Molecule type: Asymmetric top
 Rotational constants:      23.9537296     24.8123519    128.2111488 GHz  (calculated with average atomic masses)

 Point group  C1  



 ATOMIC COORDINATES

 NR  ATOM    CHARGE       X              Y              Z

   1  C       6.00   -0.000924793    0.024331872   -1.375587382
   2  O       8.00    0.000976138   -0.120773599    1.303857780
   3  H       1.00   -0.009110624    1.566104442    1.961910008
   4  H1      1.00    1.683575179    0.997640148   -2.099254116
   5  H2      1.00    0.010656842   -1.908942905   -2.072742676
   6  H3      1.00   -1.689595810    0.972333863   -2.094496946

 Bond lengths in Bohr (Angstrom)

 1-2  2.683372055  1-4  2.075707758  1-5  2.055166904  1-6  2.065707758  2-3  1.810715882
     ( 1.419979340)     ( 1.098417242)     ( 1.087547490)     ( 1.093125470)     ( 0.958189580)

 Bond angles

  1-2-3  108.21042647   2-1-4  111.89503696   2-1-5  106.72939010   2-1-6  111.89503696

  4-1-5  108.55746630   4-1-6  109.07978552   5-1-6  108.55746630

 NUCLEAR CHARGE:                   18
 NUMBER OF PRIMITIVE AOS:         118
 NUMBER OF SYMMETRY AOS:          114
 NUMBER OF CONTRACTIONS:           82   (   82A   )
 NUMBER OF INNER CORE ORBITALS:     0   (    0A   )
 NUMBER OF OUTER CORE ORBITALS:     2   (    2A   )
 NUMBER OF VALENCE ORBITALS:       12   (   12A   )


 NUCLEAR REPULSION ENERGY   40.32567812

 Eigenvalues of metric

         1 0.655E-03 0.801E-03 0.813E-03 0.110E-02 0.247E-02 0.438E-02 0.499E-02 0.525E-02


 Contracted 2-electron integrals neglected if value below      1.0D-11
 AO integral compression algorithm  1   Integral accuracy      1.0D-11

     31.719 MB (compressed) written to integral file ( 55.7%)


 NUMBER OF SORTED TWO-ELECTRON INTEGRALS:    5791906.     BUFFER LENGTH:  32768
 NUMBER OF SEGMENTS:   1  SEGMENT LENGTH:    5791906      RECORD LENGTH: 524288

 Memory used in sort:       6.35 MW

 SORT1 READ     7174542. AND WROTE     5720113. INTEGRALS IN     17 RECORDS. CPU TIME:     0.04 SEC, REAL TIME:     0.07 SEC
 SORT2 READ     5720113. AND WROTE     5791906. INTEGRALS IN    121 RECORDS. CPU TIME:     0.09 SEC, REAL TIME:     0.12 SEC

 FILE SIZES:   FILE 1:    62.0 MBYTE,  FILE 4:    71.3 MBYTE,   TOTAL:    133.3 MBYTE

 OPERATOR DM      FOR CENTER  0  COORDINATES:    0.000000    0.000000    0.000000

 Program * Restricted Hartree-Fock

 Molecular orbitals read from record     2100.2  Type=RHF/CANONICAL  

 NELEC=   18   SYM=1   MS2= 0   THRE=1.0D-09   THRD=1.0D-07   THRG=1.0D-07  HFMA2=F  DIIS_START=2   DIIS_MAX=10   DIIS_INCORE=F

 Level shifts:    0.00 (CLOSED)    0.00 (OPEN)    0.30 (GAP_MIN)

 ITER           ETOT              DE          GRAD        DDIFF     DIIS  NEXP   TIME(IT)  TIME(TOT)  DIAG
   1     -115.06163374    -115.06163374     0.00D+00     0.99D-01     0     0       0.18      0.18    start
   2     -115.06165298      -0.00001924     0.15D-03     0.44D-03     1     0       0.11      0.29    diag
   3     -115.06165452      -0.00000153     0.35D-04     0.75D-04     2     0       0.10      0.39    diag
   4     -115.06165459      -0.00000007     0.71D-05     0.14D-04     3     0       0.11      0.50    diag
   5     -115.06165460      -0.00000001     0.34D-05     0.54D-05     4     0       0.10      0.60    diag
   6     -115.06165460      -0.00000000     0.92D-06     0.19D-05     5     0       0.11      0.71    diag
   7     -115.06165460      -0.00000000     0.32D-06     0.65D-06     6     0       0.10      0.81    diag
   8     -115.06165460      -0.00000000     0.90D-07     0.18D-06     7     0       0.12      0.93    fixocc
   9     -115.06165460      -0.00000000     0.19D-07     0.54D-07     8     0       0.10      1.03    diag
  10     -115.06165460      -0.00000000     0.39D-08     0.67D-08     0     0       0.12      1.15    diag/orth

 Final occupancy:   9

 !RHF STATE 1.1 Energy               -115.061654600978
  RHF One-electron energy            -236.779852441205
  RHF Two-electron energy              81.392519719005
  RHF Kinetic energy                  114.882355802641
  RHF Nuclear energy                   40.325678121222
  RHF Virial quotient                  -1.001560716588

 !RHF STATE 1.1 Dipole moment          -0.00545672     0.58930031    -0.39332719
 Dipole moment /Debye                  -0.01386959     1.49785199    -0.99973799

 Orbital energies:

           1.1          2.1          3.1          4.1          5.1          6.1          7.1          8.1          9.1         10.1
    -20.568333   -11.279873    -1.361902    -0.926961    -0.692362    -0.619689    -0.594013    -0.503988    -0.450287     0.034543

          11.1
      0.051702


 HOMO      9.1    -0.450287 =     -12.2529eV
 LUMO     10.1     0.034543 =       0.9400eV
 LUMO-HOMO         0.484830 =      13.1929eV

 Orbitals saved in record  2100.1


 **********************************************************************************************************************************
 DATASETS  * FILE   NREC   LENGTH (MB)   RECORD NAMES
              1      20       54.15       500      610      700      900      950      970     1000      129      960     1100   
                                          VAR    BASINP    GEOM    SYMINP    ZMAT    AOBASIS   BASIS     P2S    ABASIS      S 
                                         1400     1410     1200     1210     1080     1600     1650     1300     1700     2100   
                                           T        V       H0       H01     AOSYM     SMH    MOLCAS    ERIS     OPER      RHF  

              2       8        0.74       700     1000      520     2100     4100     5300     9001     5500   
                                         GEOM     BASIS   MCVARS     RHF     CPHF     HESS    DEN_MP2   HINFO   

 PROGRAMS   *        TOTAL    HF-SCF       MP2    HF-SCF       INT
 CPU TIMES  *        88.31      1.84      6.71      1.27      0.84
 REAL TIME  *        22.95 SEC
 DISK USED  *       127.95 MB
 **********************************************************************************************************************************


 PROGRAM * MP2 (Closed-shell)     Authors: C. Hampel, H.-J. Werner, 1991, M. Deegan, P.J. Knowles, 1992


 Convergence thresholds:  THRVAR = 1.00D-12  THRDEN = 1.00D-08

 Number of core orbitals:           2 (   2 )
 Number of closed-shell orbitals:   7 (   7 )
 Number of external orbitals:      73 (  73 )

 Molecular orbitals read from record     2100.1  Type=RHF/CANONICAL (state 1.1)

 Number of N-1 electron functions:               7
 Number of N-2 electron functions:              28
 Number of singly external CSFs:               511
 Number of doubly external CSFs:            130816
 Total number of CSFs:                      131328

 Length of J-op  integral file:               0.00 MB
 Length of K-op  integral file:               0.49 MB

 Integral transformation finished. Total CPU:   0.09 sec, npass=  1  Memory used:   0.49 MW

 Memory needed for MP2:                      0.03 MW

 SCS-MP2 correlation energy:           -0.357451932080   (PS=  1.200000  PT=  0.333333)
 SCS-MP2 total energy:               -115.419106533057


  Reference energy                   -115.061654600978
  MP2 singlet pair energy              -0.231035210144
  MP2 triplet pair energy              -0.128908414136
  MP2 correlation energy               -0.359943624280

 !MP2 total energy                   -115.421598225258

 KEXT needed  1 integral passes. Memory used:   0.46 MW  CPU time:      1.04 sec


 CPHF trial vector read from record  4100.2

 Starting Coupled-perturbed Hartree-Fock, convergence threshold= 1.0D-06

 ITER   MIC  DIIS      VAR         VARC       CPU
   1     0     1    0.74D-02    0.27D-04     0.06
   2     7     2    0.56D-05    0.56D-05     0.10
   3     1     3    0.57D-06    0.89D-07     0.14

 CPHF convergence reached in  3 macroiterations and    8 microiterations.   Accuracy: 5.6841D-07

 Dipole moments (unrelaxed):           -0.00538163     0.57725716    -0.38187692
 Orbital relaxation contribution:       0.00045504    -0.02270860     0.01592807
 !MP2 STATE 1.1 Dipole moment          -0.00492659     0.55454856    -0.36594885
 Dipole moment /Debye                  -0.01252213     1.40952185    -0.93014921

 CPU-time for density and lagrangian:                  1.26 sec
 CPU-time for coupled-perturbed hartree-fock:          0.15 sec

 MP2 gradient info saved on record         5200.1


 **********************************************************************************************************************************
 DATASETS  * FILE   NREC   LENGTH (MB)   RECORD NAMES
              1      22       57.79       500      610      700      900      950      970     1000      129      960     1100   
                                          VAR    BASINP    GEOM    SYMINP    ZMAT    AOBASIS   BASIS     P2S    ABASIS      S 
                                         1400     1410     1200     1210     1080     1600     1650     1300     1700     2100   
                                           T        V       H0       H01     AOSYM     SMH    MOLCAS    ERIS     OPER      RHF  
                                         1380     5200   
                                         JKOP      MP2  

              2       8        0.74       700     1000      520     2100     4100     5300     9001     5500   
                                         GEOM     BASIS   MCVARS     RHF     CPHF     HESS    DEN_MP2   HINFO   

 PROGRAMS   *        TOTAL       MP2       MP2    HF-SCF       INT
 CPU TIMES  *        95.31      7.00      6.71      1.27      0.84
 REAL TIME  *        23.88 SEC
 DISK USED  *       127.95 MB
 **********************************************************************************************************************************

 PROGRAM * ALASKA (Gradient of the energy)     Author: R. Lindh


 MP2      Gradient info restored from record    5200.1

 Number of core orbitals:           2 (   2 )
 Number of closed-shell orbitals:   7 (   7 )
 Number of external orbitals:      73 (  73 )

 Integral thresholds in T2TRAN:            1.0D-10 (PROD)

 Available memory for Transformation: 497830377 words
 Memory needed for incore algorithm:     397175 words
 Minimum memory needed:                  148059 words

 Memory used for transformation:           0.40 MW
 Available memory for gradients:         499.43 MW

 CPU for transformation:                   0.40 sec
 CPU for integrals and gradient:           2.93 sec
 Total CPU:                                3.33 sec

 Prescreening statistics:
 ========================

 Total number of shell quadruplets:        5.56D+03
 Number of shell quadruplets processed:    5.56D+03 (100.00%)

 MP2 GRADIENT FOR STATE 1.1

 Atom          dE/dx               dE/dy               dE/dz

   1        -0.002695892        -0.002797409         0.003044212
   2        -0.000080674         0.007565664        -0.006753210
   3         0.000046285        -0.006783190        -0.002958405
   4        -0.002790587        -0.001507649         0.001610246
   5        -0.000127771         0.006697314         0.002236156
   6         0.005648639        -0.003174731         0.002821001

 Nuclear force contribution to virial =        -0.075943007
 Starting task   8.  CPU=    88.34 sec, Elapsed=    20.85 sec
 Incrementing variable RCH1             by -0.005292 ANG   to    1.087834 ANG


 Recomputing integrals since geometry changed


 PROGRAM * SEWARD (Integral evaluation for generally contracted gaussian basis sets)     Author: Roland Lindh, 1990

 Geometry written to block  1 of record 700

 Orientation using atomic masses  
 Molecule type: Asymmetric top
 Rotational constants:      23.9689395     24.8412675    128.8854943 GHz  (calculated with average atomic masses)

 Point group  C1  



 ATOMIC COORDINATES

 NR  ATOM    CHARGE       X              Y              Z

   1  C       6.00    0.000926083    0.025245397   -1.375795261
   2  O       8.00   -0.000963075   -0.121070787    1.303584069
   3  H       1.00    0.008937898    1.565510881    1.962398345
   4  H1      1.00    1.681320070    0.969165344   -2.090795658
   5  H2      1.00   -0.010442713   -1.907715478   -2.073823917
   6  H3      1.00   -1.675563567    0.994006264   -2.095540618

 Bond lengths in Bohr (Angstrom)

 1-2  2.683372055  1-4  2.055707758  1-5  2.055166904  1-6  2.065707758  2-3  1.810715882
     ( 1.419979340)     ( 1.087833698)     ( 1.087547490)     ( 1.093125470)     ( 0.958189580)

 Bond angles

  1-2-3  108.21042647   2-1-4  111.89503696   2-1-5  106.72939010   2-1-6  111.89503696

  4-1-5  108.55746630   4-1-6  109.07978552   5-1-6  108.55746630

 NUCLEAR CHARGE:                   18
 NUMBER OF PRIMITIVE AOS:         118
 NUMBER OF SYMMETRY AOS:          114
 NUMBER OF CONTRACTIONS:           82   (   82A   )
 NUMBER OF INNER CORE ORBITALS:     0   (    0A   )
 NUMBER OF OUTER CORE ORBITALS:     2   (    2A   )
 NUMBER OF VALENCE ORBITALS:       12   (   12A   )


 NUCLEAR REPULSION ENERGY   40.36523088

 Eigenvalues of metric

         1 0.652E-03 0.790E-03 0.809E-03 0.109E-02 0.247E-02 0.437E-02 0.493E-02 0.521E-02


 Contracted 2-electron integrals neglected if value below      1.0D-11
 AO integral compression algorithm  1   Integral accuracy      1.0D-11

     31.719 MB (compressed) written to integral file ( 55.7%)


 NUMBER OF SORTED TWO-ELECTRON INTEGRALS:    5791906.     BUFFER LENGTH:  32768
 NUMBER OF SEGMENTS:   1  SEGMENT LENGTH:    5791906      RECORD LENGTH: 524288

 Memory used in sort:       6.35 MW

 SORT1 READ     7174542. AND WROTE     5720129. INTEGRALS IN     17 RECORDS. CPU TIME:     0.04 SEC, REAL TIME:     0.06 SEC
 SORT2 READ     5720129. AND WROTE     5791906. INTEGRALS IN    121 RECORDS. CPU TIME:     0.10 SEC, REAL TIME:     0.12 SEC

 FILE SIZES:   FILE 1:    62.0 MBYTE,  FILE 4:    71.3 MBYTE,   TOTAL:    133.3 MBYTE

 OPERATOR DM      FOR CENTER  0  COORDINATES:    0.000000    0.000000    0.000000

 Program * Restricted Hartree-Fock

 Molecular orbitals read from record     2100.2  Type=RHF/CANONICAL  

 NELEC=   18   SYM=1   MS2= 0   THRE=1.0D-09   THRD=1.0D-07   THRG=1.0D-07  HFMA2=F  DIIS_START=2   DIIS_MAX=10   DIIS_INCORE=F

 Level shifts:    0.00 (CLOSED)    0.00 (OPEN)    0.30 (GAP_MIN)

 ITER           ETOT              DE          GRAD        DDIFF     DIIS  NEXP   TIME(IT)  TIME(TOT)  DIAG
   1     -115.06165120    -115.06165120     0.00D+00     0.99D-01     0     0       0.18      0.19    start
   2     -115.06166994      -0.00001874     0.15D-03     0.44D-03     1     0       0.10      0.29    diag
   3     -115.06167142      -0.00000149     0.35D-04     0.75D-04     2     0       0.11      0.40    diag
   4     -115.06167149      -0.00000007     0.72D-05     0.14D-04     3     0       0.13      0.53    diag
   5     -115.06167150      -0.00000001     0.35D-05     0.56D-05     4     0       0.11      0.64    diag
   6     -115.06167151      -0.00000000     0.92D-06     0.19D-05     5     0       0.12      0.76    diag
   7     -115.06167151      -0.00000000     0.33D-06     0.66D-06     6     0       0.11      0.87    diag
   8     -115.06167151      -0.00000000     0.91D-07     0.18D-06     7     0       0.12      0.99    fixocc
   9     -115.06167151      -0.00000000     0.19D-07     0.54D-07     8     0       0.12      1.11    diag
  10     -115.06167151       0.00000000     0.39D-08     0.67D-08     0     0       0.12      1.23    diag/orth

 Final occupancy:   9

 !RHF STATE 1.1 Energy               -115.061671505315
  RHF One-electron energy            -236.856547486119
  RHF Two-electron energy              81.429645105179
  RHF Kinetic energy                  114.897911157248
  RHF Nuclear energy                   40.365230875625
  RHF Virial quotient                  -1.001425268279

 !RHF STATE 1.1 Dipole moment           0.00537828     0.59134402    -0.39572659
 Dipole moment /Debye                   0.01367022     1.50304658    -1.00583666

 Orbital energies:

           1.1          2.1          3.1          4.1          5.1          6.1          7.1          8.1          9.1         10.1
    -20.568086   -11.278605    -1.361735    -0.928039    -0.692696    -0.620749    -0.593817    -0.504207    -0.450695     0.034532

          11.1
      0.051719


 HOMO      9.1    -0.450695 =     -12.2640eV
 LUMO     10.1     0.034532 =       0.9397eV
 LUMO-HOMO         0.485227 =      13.2037eV

 Orbitals saved in record  2100.1


 **********************************************************************************************************************************
 DATASETS  * FILE   NREC   LENGTH (MB)   RECORD NAMES
              1      20       54.15       500      610      700      900      950      970     1000      129      960     1100   
                                          VAR    BASINP    GEOM    SYMINP    ZMAT    AOBASIS   BASIS     P2S    ABASIS      S 
                                         1400     1410     1200     1210     1080     1600     1650     1300     1700     2100   
                                           T        V       H0       H01     AOSYM     SMH    MOLCAS    ERIS     OPER      RHF  

              2       8        0.74       700     1000      520     2100     4100     5300     9001     5500   
                                         GEOM     BASIS   MCVARS     RHF     CPHF     HESS    DEN_MP2   HINFO   

 PROGRAMS   *        TOTAL    HF-SCF       MP2    HF-SCF       INT
 CPU TIMES  *       100.66      1.93      6.71      1.27      0.84
 REAL TIME  *        25.95 SEC
 DISK USED  *       127.95 MB
 **********************************************************************************************************************************


 PROGRAM * MP2 (Closed-shell)     Authors: C. Hampel, H.-J. Werner, 1991, M. Deegan, P.J. Knowles, 1992


 Convergence thresholds:  THRVAR = 1.00D-12  THRDEN = 1.00D-08

 Number of core orbitals:           2 (   2 )
 Number of closed-shell orbitals:   7 (   7 )
 Number of external orbitals:      73 (  73 )

 Molecular orbitals read from record     2100.1  Type=RHF/CANONICAL (state 1.1)

 Number of N-1 electron functions:               7
 Number of N-2 electron functions:              28
 Number of singly external CSFs:               511
 Number of doubly external CSFs:            130816
 Total number of CSFs:                      131328

 Length of J-op  integral file:               0.00 MB
 Length of K-op  integral file:               0.49 MB

 Integral transformation finished. Total CPU:   0.09 sec, npass=  1  Memory used:   0.49 MW

 Memory needed for MP2:                      0.03 MW

 SCS-MP2 correlation energy:           -0.357273377486   (PS=  1.200000  PT=  0.333333)
 SCS-MP2 total energy:               -115.418944882802


  Reference energy                   -115.061671505315
  MP2 singlet pair energy              -0.230897293342
  MP2 triplet pair energy              -0.128887433800
  MP2 correlation energy               -0.359784727142

 !MP2 total energy                   -115.421456232458

 KEXT needed  1 integral passes. Memory used:   0.46 MW  CPU time:      1.16 sec


 CPHF trial vector read from record  4100.2

 Starting Coupled-perturbed Hartree-Fock, convergence threshold= 1.0D-06

 ITER   MIC  DIIS      VAR         VARC       CPU
   1     0     1    0.73D-02    0.27D-04     0.08
   2     7     2    0.57D-05    0.56D-05     0.11
   3     1     3    0.57D-06    0.88D-07     0.15

 CPHF convergence reached in  3 macroiterations and    8 microiterations.   Accuracy: 5.7134D-07

 Dipole moments (unrelaxed):            0.00530464     0.57929523    -0.38433384
 Orbital relaxation contribution:      -0.00044999    -0.02307306     0.01595717
 !MP2 STATE 1.1 Dipole moment           0.00485465     0.55622217    -0.36837668
 Dipole moment /Debye                   0.01233928     1.41377574    -0.93632012

 CPU-time for density and lagrangian:                  1.18 sec
 CPU-time for coupled-perturbed hartree-fock:          0.15 sec

 MP2 gradient info saved on record         5200.1


 **********************************************************************************************************************************
 DATASETS  * FILE   NREC   LENGTH (MB)   RECORD NAMES
              1      22       57.79       500      610      700      900      950      970     1000      129      960     1100   
                                          VAR    BASINP    GEOM    SYMINP    ZMAT    AOBASIS   BASIS     P2S    ABASIS      S 
                                         1400     1410     1200     1210     1080     1600     1650     1300     1700     2100   
                                           T        V       H0       H01     AOSYM     SMH    MOLCAS    ERIS     OPER      RHF  
                                         1380     5200   
                                         JKOP      MP2  

              2       8        0.74       700     1000      520     2100     4100     5300     9001     5500   
                                         GEOM     BASIS   MCVARS     RHF     CPHF     HESS    DEN_MP2   HINFO   

 PROGRAMS   *        TOTAL       MP2       MP2    HF-SCF       INT
 CPU TIMES  *       107.97      7.31      6.71      1.27      0.84
 REAL TIME  *        26.90 SEC
 DISK USED  *       127.95 MB
 **********************************************************************************************************************************

 PROGRAM * ALASKA (Gradient of the energy)     Author: R. Lindh


 MP2      Gradient info restored from record    5200.1

 Number of core orbitals:           2 (   2 )
 Number of closed-shell orbitals:   7 (   7 )
 Number of external orbitals:      73 (  73 )

 Integral thresholds in T2TRAN:            1.0D-10 (PROD)

 Available memory for Transformation: 497830377 words
 Memory needed for incore algorithm:     397175 words
 Minimum memory needed:                  148059 words

 Memory used for transformation:           0.40 MW
 Available memory for gradients:         499.43 MW

 CPU for transformation:                   0.43 sec
 CPU for integrals and gradient:           2.90 sec
 Total CPU:                                3.33 sec

 Prescreening statistics:
 ========================

 Total number of shell quadruplets:        5.56D+03
 Number of shell quadruplets processed:    5.56D+03 (100.00%)

 MP2 GRADIENT FOR STATE 1.1

 Atom          dE/dx               dE/dy               dE/dz

   1         0.002807260         0.000338370         0.000984654
   2         0.000079686         0.007600148        -0.007023058
   3        -0.000045400        -0.006771559        -0.002963749
   4        -0.008729347        -0.004798972         0.004027790
   5         0.000127000         0.006747710         0.002192120
   6         0.005760801        -0.003115697         0.002782243

 Nuclear force contribution to virial =        -0.091585462
 Starting task   9.  CPU=   101.28 sec, Elapsed=    23.86 sec
 Incrementing variable AOCH1            by  1.000000 DEG   to  112.895037 DEG


 Recomputing integrals since geometry changed


 PROGRAM * SEWARD (Integral evaluation for generally contracted gaussian basis sets)     Author: Roland Lindh, 1990

 Geometry written to block  1 of record 700

 Orientation using atomic masses  
 Molecule type: Asymmetric top
 Rotational constants:      23.9188411     24.7919105    129.0093361 GHz  (calculated with average atomic masses)

 Point group  C1  



 ATOMIC COORDINATES

 NR  ATOM    CHARGE       X              Y              Z

   1  C       6.00   -0.000134739    0.024405059   -1.374643032
   2  O       8.00    0.000137153   -0.120267931    1.304826176
   3  H       1.00    0.013155007    1.566699943    1.962596601
   4  H1      1.00    1.677105832    0.965258971   -2.128835664
   5  H2      1.00   -0.015025067   -1.908963499   -2.071475365
   6  H3      1.00   -1.675807249    0.995241358   -2.093494242

 Bond lengths in Bohr (Angstrom)

 1-2  2.683372055  1-4  2.065707758  1-5  2.055166904  1-6  2.065707758  2-3  1.810715882
     ( 1.419979340)     ( 1.093125470)     ( 1.087547490)     ( 1.093125470)     ( 0.958189580)

 Bond angles

  1-2-3  108.21042647   2-1-4  112.89503696   2-1-5  106.72939010   2-1-6  111.89503696

  4-1-5  108.09302174   4-1-6  108.51348543   5-1-6  108.55746630

 NUCLEAR CHARGE:                   18
 NUMBER OF PRIMITIVE AOS:         118
 NUMBER OF SYMMETRY AOS:          114
 NUMBER OF CONTRACTIONS:           82   (   82A   )
 NUMBER OF INNER CORE ORBITALS:     0   (    0A   )
 NUMBER OF OUTER CORE ORBITALS:     2   (    2A   )
 NUMBER OF VALENCE ORBITALS:       12   (   12A   )


 NUCLEAR REPULSION ENERGY   40.33443243

 Eigenvalues of metric

         1 0.651E-03 0.793E-03 0.812E-03 0.109E-02 0.247E-02 0.437E-02 0.495E-02 0.524E-02


 Contracted 2-electron integrals neglected if value below      1.0D-11
 AO integral compression algorithm  1   Integral accuracy      1.0D-11

     31.719 MB (compressed) written to integral file ( 55.0%)


 NUMBER OF SORTED TWO-ELECTRON INTEGRALS:    5791906.     BUFFER LENGTH:  32768
 NUMBER OF SEGMENTS:   1  SEGMENT LENGTH:    5791906      RECORD LENGTH: 524288

 Memory used in sort:       6.35 MW

 SORT1 READ     7174542. AND WROTE     5718697. INTEGRALS IN     17 RECORDS. CPU TIME:     0.05 SEC, REAL TIME:     0.07 SEC
 SORT2 READ     5718697. AND WROTE     5791906. INTEGRALS IN    121 RECORDS. CPU TIME:     0.10 SEC, REAL TIME:     0.12 SEC

 FILE SIZES:   FILE 1:    62.0 MBYTE,  FILE 4:    71.3 MBYTE,   TOTAL:    133.3 MBYTE

 OPERATOR DM      FOR CENTER  0  COORDINATES:    0.000000    0.000000    0.000000

 Program * Restricted Hartree-Fock

 Molecular orbitals read from record     2100.2  Type=RHF/CANONICAL  

 NELEC=   18   SYM=1   MS2= 0   THRE=1.0D-09   THRD=1.0D-07   THRG=1.0D-07  HFMA2=F  DIIS_START=2   DIIS_MAX=10   DIIS_INCORE=F

 Level shifts:    0.00 (CLOSED)    0.00 (OPEN)    0.30 (GAP_MIN)

 ITER           ETOT              DE          GRAD        DDIFF     DIIS  NEXP   TIME(IT)  TIME(TOT)  DIAG
   1     -115.06154901    -115.06154901     0.00D+00     0.99D-01     0     0       0.16      0.17    start
   2     -115.06159611      -0.00004710     0.23D-03     0.41D-03     1     0       0.11      0.28    diag
   3     -115.06160031      -0.00000420     0.56D-04     0.11D-03     2     0       0.11      0.39    diag
   4     -115.06160051      -0.00000020     0.10D-04     0.20D-04     3     0       0.12      0.51    diag
   5     -115.06160053      -0.00000002     0.31D-05     0.58D-05     4     0       0.12      0.63    diag
   6     -115.06160053      -0.00000000     0.12D-05     0.26D-05     5     0       0.11      0.74    diag
   7     -115.06160053      -0.00000000     0.34D-06     0.59D-06     6     0       0.10      0.84    diag
   8     -115.06160053      -0.00000000     0.13D-06     0.19D-06     7     0       0.12      0.96    fixocc
   9     -115.06160053      -0.00000000     0.29D-07     0.59D-07     8     0       0.10      1.06    diag
  10     -115.06160053       0.00000000     0.65D-08     0.99D-08     0     0       0.11      1.17    diag/orth

 Final occupancy:   9

 !RHF STATE 1.1 Energy               -115.061600530317
  RHF One-electron energy            -236.793251730864
  RHF Two-electron energy              81.397218774265
  RHF Kinetic energy                  114.888134469063
  RHF Nuclear energy                   40.334432426282
  RHF Virial quotient                  -1.001509869249

 !RHF STATE 1.1 Dipole moment           0.00480277     0.59085263    -0.39420140
 Dipole moment /Debye                   0.01220741     1.50179758    -1.00196001

 Orbital energies:

           1.1          2.1          3.1          4.1          5.1          6.1          7.1          8.1          9.1         10.1
    -20.568807   -11.279232    -1.362043    -0.927796    -0.693136    -0.619378    -0.593913    -0.504465    -0.450638     0.034519

          11.1
      0.051678


 HOMO      9.1    -0.450638 =     -12.2625eV
 LUMO     10.1     0.034519 =       0.9393eV
 LUMO-HOMO         0.485157 =      13.2018eV

 Orbitals saved in record  2100.1


 **********************************************************************************************************************************
 DATASETS  * FILE   NREC   LENGTH (MB)   RECORD NAMES
              1      20       54.01       500      610      700      900      950      970     1000      129      960     1100   
                                          VAR    BASINP    GEOM    SYMINP    ZMAT    AOBASIS   BASIS     P2S    ABASIS      S 
                                         1400     1410     1200     1210     1080     1600     1650     1300     1700     2100   
                                           T        V       H0       H01     AOSYM     SMH    MOLCAS    ERIS     OPER      RHF  

              2       8        0.74       700     1000      520     2100     4100     5300     9001     5500   
                                         GEOM     BASIS   MCVARS     RHF     CPHF     HESS    DEN_MP2   HINFO   

 PROGRAMS   *        TOTAL    HF-SCF       MP2    HF-SCF       INT
 CPU TIMES  *       113.26      1.88      6.71      1.27      0.84
 REAL TIME  *        28.97 SEC
 DISK USED  *       127.95 MB
 **********************************************************************************************************************************


 PROGRAM * MP2 (Closed-shell)     Authors: C. Hampel, H.-J. Werner, 1991, M. Deegan, P.J. Knowles, 1992


 Convergence thresholds:  THRVAR = 1.00D-12  THRDEN = 1.00D-08

 Number of core orbitals:           2 (   2 )
 Number of closed-shell orbitals:   7 (   7 )
 Number of external orbitals:      73 (  73 )

 Molecular orbitals read from record     2100.1  Type=RHF/CANONICAL (state 1.1)

 Number of N-1 electron functions:               7
 Number of N-2 electron functions:              28
 Number of singly external CSFs:               511
 Number of doubly external CSFs:            130816
 Total number of CSFs:                      131328

 Length of J-op  integral file:               0.00 MB
 Length of K-op  integral file:               0.49 MB

 Integral transformation finished. Total CPU:   0.09 sec, npass=  1  Memory used:   0.49 MW

 Memory needed for MP2:                      0.03 MW

 SCS-MP2 correlation energy:           -0.357408901964   (PS=  1.200000  PT=  0.333333)
 SCS-MP2 total energy:               -115.419009432281


  Reference energy                   -115.061600530317
  MP2 singlet pair energy              -0.230988773703
  MP2 triplet pair energy              -0.128928814586
  MP2 correlation energy               -0.359917588289

 !MP2 total energy                   -115.421518118606

 KEXT needed  1 integral passes. Memory used:   0.46 MW  CPU time:      1.17 sec


 CPHF trial vector read from record  4100.2

 Starting Coupled-perturbed Hartree-Fock, convergence threshold= 1.0D-06

 ITER   MIC  DIIS      VAR         VARC       CPU
   1     0     1    0.17D-01    0.91D-04     0.06
   2     5     2    0.68D-05    0.64D-05     0.10
   3     1     3    0.69D-06    0.16D-06     0.14

 CPHF convergence reached in  3 macroiterations and    6 microiterations.   Accuracy: 6.9352D-07

 Dipole moments (unrelaxed):            0.00462840     0.57877135    -0.38273739
 Orbital relaxation contribution:      -0.00053801    -0.02306139     0.01609103
 !MP2 STATE 1.1 Dipole moment           0.00409039     0.55570996    -0.36664636
 Dipole moment /Debye                   0.01039674     1.41247382    -0.93192209

 CPU-time for density and lagrangian:                  1.19 sec
 CPU-time for coupled-perturbed hartree-fock:          0.15 sec

 MP2 gradient info saved on record         5200.1


 **********************************************************************************************************************************
 DATASETS  * FILE   NREC   LENGTH (MB)   RECORD NAMES
              1      22       57.65       500      610      700      900      950      970     1000      129      960     1100   
                                          VAR    BASINP    GEOM    SYMINP    ZMAT    AOBASIS   BASIS     P2S    ABASIS      S 
                                         1400     1410     1200     1210     1080     1600     1650     1300     1700     2100   
                                           T        V       H0       H01     AOSYM     SMH    MOLCAS    ERIS     OPER      RHF  
                                         1380     5200   
                                         JKOP      MP2  

              2       8        0.74       700     1000      520     2100     4100     5300     9001     5500   
                                         GEOM     BASIS   MCVARS     RHF     CPHF     HESS    DEN_MP2   HINFO   

 PROGRAMS   *        TOTAL       MP2       MP2    HF-SCF       INT
 CPU TIMES  *       120.70      7.43      6.71      1.27      0.84
 REAL TIME  *        29.94 SEC
 DISK USED  *       127.95 MB
 **********************************************************************************************************************************

 PROGRAM * ALASKA (Gradient of the energy)     Author: R. Lindh


 MP2      Gradient info restored from record    5200.1

 Number of core orbitals:           2 (   2 )
 Number of closed-shell orbitals:   7 (   7 )
 Number of external orbitals:      73 (  73 )

 Integral thresholds in T2TRAN:            1.0D-10 (PROD)

 Available memory for Transformation: 497830377 words
 Memory needed for incore algorithm:     397175 words
 Minimum memory needed:                  148059 words

 Memory used for transformation:           0.40 MW
 Available memory for gradients:         499.43 MW

 CPU for transformation:                   0.73 sec
 CPU for integrals and gradient:           2.97 sec
 Total CPU:                                3.70 sec

 Prescreening statistics:
 ========================

 Total number of shell quadruplets:        5.56D+03
 Number of shell quadruplets processed:    5.56D+03 (100.00%)

 MP2 GRADIENT FOR STATE 1.1

 Atom          dE/dx               dE/dy               dE/dz

   1         0.001134746        -0.000648914         0.003383674
   2        -0.001038489         0.006949226        -0.005877165
   3        -0.000079561        -0.006844605        -0.003011866
   4        -0.006587452        -0.003448587         0.000931029
   5         0.000455695         0.006893946         0.002018253
   6         0.006115061        -0.002901067         0.002556075

 Nuclear force contribution to virial =        -0.082000084
 Starting task  10.  CPU=   114.61 sec, Elapsed=    26.93 sec
 Incrementing variable AOCH1            by -1.000000 DEG   to  110.895037 DEG


 Recomputing integrals since geometry changed


 PROGRAM * SEWARD (Integral evaluation for generally contracted gaussian basis sets)     Author: Roland Lindh, 1990

 Geometry written to block  1 of record 700

 Orientation using atomic masses  
 Molecule type: Asymmetric top
 Rotational constants:      24.0037160     24.8619289    128.1088820 GHz  (calculated with average atomic masses)

 Point group  C1  



 ATOMIC COORDINATES

 NR  ATOM    CHARGE       X              Y              Z

   1  C       6.00    0.000205017    0.025227418   -1.376746369
   2  O       8.00   -0.000183141   -0.121612201    1.302604963
   3  H       1.00   -0.012926032    1.564825490    1.961738893
   4  H1      1.00    1.687566701    1.000886802   -2.060886600
   5  H2      1.00    0.014778290   -1.907579616   -2.075141382
   6  H3      1.00   -1.688954965    0.971642638   -2.096597276

 Bond lengths in Bohr (Angstrom)

 1-2  2.683372055  1-4  2.065707758  1-5  2.055166904  1-6  2.065707758  2-3  1.810715882
     ( 1.419979340)     ( 1.093125470)     ( 1.087547490)     ( 1.093125470)     ( 0.958189580)

 Bond angles

  1-2-3  108.21042647   2-1-4  110.89503696   2-1-5  106.72939010   2-1-6  111.89503696

  4-1-5  109.01730299   4-1-6  109.64197068   5-1-6  108.55746630

 NUCLEAR CHARGE:                   18
 NUMBER OF PRIMITIVE AOS:         118
 NUMBER OF SYMMETRY AOS:          114
 NUMBER OF CONTRACTIONS:           82   (   82A   )
 NUMBER OF INNER CORE ORBITALS:     0   (    0A   )
 NUMBER OF OUTER CORE ORBITALS:     2   (    2A   )
 NUMBER OF VALENCE ORBITALS:       12   (   12A   )


 NUCLEAR REPULSION ENERGY   40.35667675

 Eigenvalues of metric

         1 0.655E-03 0.800E-03 0.809E-03 0.110E-02 0.246E-02 0.437E-02 0.497E-02 0.522E-02


 Contracted 2-electron integrals neglected if value below      1.0D-11
 AO integral compression algorithm  1   Integral accuracy      1.0D-11

     31.719 MB (compressed) written to integral file ( 55.1%)


 NUMBER OF SORTED TWO-ELECTRON INTEGRALS:    5791906.     BUFFER LENGTH:  32768
 NUMBER OF SEGMENTS:   1  SEGMENT LENGTH:    5791906      RECORD LENGTH: 524288

 Memory used in sort:       6.35 MW

 SORT1 READ     7174542. AND WROTE     5719089. INTEGRALS IN     17 RECORDS. CPU TIME:     0.05 SEC, REAL TIME:     0.07 SEC
 SORT2 READ     5719089. AND WROTE     5791906. INTEGRALS IN    121 RECORDS. CPU TIME:     0.10 SEC, REAL TIME:     0.12 SEC

 FILE SIZES:   FILE 1:    62.0 MBYTE,  FILE 4:    71.3 MBYTE,   TOTAL:    133.3 MBYTE

 OPERATOR DM      FOR CENTER  0  COORDINATES:    0.000000    0.000000    0.000000

 Program * Restricted Hartree-Fock

 Molecular orbitals read from record     2100.2  Type=RHF/CANONICAL  

 NELEC=   18   SYM=1   MS2= 0   THRE=1.0D-09   THRD=1.0D-07   THRG=1.0D-07  HFMA2=F  DIIS_START=2   DIIS_MAX=10   DIIS_INCORE=F

 Level shifts:    0.00 (CLOSED)    0.00 (OPEN)    0.30 (GAP_MIN)

 ITER           ETOT              DE          GRAD        DDIFF     DIIS  NEXP   TIME(IT)  TIME(TOT)  DIAG
   1     -115.06162377    -115.06162377     0.00D+00     0.99D-01     0     0       0.16      0.16    start
   2     -115.06166996      -0.00004619     0.23D-03     0.41D-03     1     0       0.12      0.28    diag
   3     -115.06167407      -0.00000410     0.55D-04     0.11D-03     2     0       0.12      0.40    diag
   4     -115.06167426      -0.00000020     0.10D-04     0.20D-04     3     0       0.12      0.52    diag
   5     -115.06167428      -0.00000002     0.35D-05     0.59D-05     4     0       0.12      0.64    diag
   6     -115.06167428      -0.00000000     0.14D-05     0.26D-05     5     0       0.12      0.76    diag
   7     -115.06167428      -0.00000000     0.46D-06     0.76D-06     6     0       0.12      0.88    diag
   8     -115.06167428      -0.00000000     0.13D-06     0.23D-06     7     0       0.12      1.00    fixocc
   9     -115.06167428      -0.00000000     0.27D-07     0.61D-07     8     0       0.11      1.11    diag
  10     -115.06167428       0.00000000     0.64D-08     0.98D-08     0     0       0.11      1.22    diag/orth

 Final occupancy:   9

 !RHF STATE 1.1 Energy               -115.061674283542
  RHF One-electron energy            -236.843508045577
  RHF Two-electron energy              81.425157007574
  RHF Kinetic energy                  114.892107797917
  RHF Nuclear energy                   40.356676754462
  RHF Virial quotient                  -1.001475875836

 !RHF STATE 1.1 Dipole moment          -0.00471144     0.58979686    -0.39478909
 Dipole moment /Debye                  -0.01197528     1.49911409    -1.00345377

 Orbital energies:

           1.1          2.1          3.1          4.1          5.1          6.1          7.1          8.1          9.1         10.1
    -20.567614   -11.279247    -1.361604    -0.927197    -0.691921    -0.621120    -0.593872    -0.503708    -0.450315     0.034556

          11.1
      0.051739


 HOMO      9.1    -0.450315 =     -12.2537eV
 LUMO     10.1     0.034556 =       0.9403eV
 LUMO-HOMO         0.484871 =      13.1940eV

 Orbitals saved in record  2100.1


 **********************************************************************************************************************************
 DATASETS  * FILE   NREC   LENGTH (MB)   RECORD NAMES
              1      20       54.05       500      610      700      900      950      970     1000      129      960     1100   
                                          VAR    BASINP    GEOM    SYMINP    ZMAT    AOBASIS   BASIS     P2S    ABASIS      S 
                                         1400     1410     1200     1210     1080     1600     1650     1300     1700     2100   
                                           T        V       H0       H01     AOSYM     SMH    MOLCAS    ERIS     OPER      RHF  

              2       8        0.74       700     1000      520     2100     4100     5300     9001     5500   
                                         GEOM     BASIS   MCVARS     RHF     CPHF     HESS    DEN_MP2   HINFO   

 PROGRAMS   *        TOTAL    HF-SCF       MP2    HF-SCF       INT
 CPU TIMES  *       126.41      1.93      6.71      1.27      0.84
 REAL TIME  *        32.04 SEC
 DISK USED  *       127.95 MB
 **********************************************************************************************************************************


 PROGRAM * MP2 (Closed-shell)     Authors: C. Hampel, H.-J. Werner, 1991, M. Deegan, P.J. Knowles, 1992


 Convergence thresholds:  THRVAR = 1.00D-12  THRDEN = 1.00D-08

 Number of core orbitals:           2 (   2 )
 Number of closed-shell orbitals:   7 (   7 )
 Number of external orbitals:      73 (  73 )

 Molecular orbitals read from record     2100.1  Type=RHF/CANONICAL (state 1.1)

 Number of N-1 electron functions:               7
 Number of N-2 electron functions:              28
 Number of singly external CSFs:               511
 Number of doubly external CSFs:            130816
 Total number of CSFs:                      131328

 Length of J-op  integral file:               0.00 MB
 Length of K-op  integral file:               0.49 MB

 Integral transformation finished. Total CPU:   0.08 sec, npass=  1  Memory used:   0.49 MW

 Memory needed for MP2:                      0.03 MW

 SCS-MP2 correlation energy:           -0.357323095971   (PS=  1.200000  PT=  0.333333)
 SCS-MP2 total energy:               -115.418997379513


  Reference energy                   -115.061674283542
  MP2 singlet pair energy              -0.230947299526
  MP2 triplet pair energy              -0.128870898010
  MP2 correlation energy               -0.359818197536

 !MP2 total energy                   -115.421492481078

 KEXT needed  1 integral passes. Memory used:   0.46 MW  CPU time:      1.12 sec


 CPHF trial vector read from record  4100.2

 Starting Coupled-perturbed Hartree-Fock, convergence threshold= 1.0D-06

 ITER   MIC  DIIS      VAR         VARC       CPU
   1     0     1    0.17D-01    0.90D-04     0.07
   2     5     2    0.68D-05    0.64D-05     0.10
   3     1     3    0.71D-06    0.16D-06     0.14

 CPHF convergence reached in  3 macroiterations and    6 microiterations.   Accuracy: 7.1269D-07

 Dipole moments (unrelaxed):           -0.00454061     0.57778675    -0.38340883
 Orbital relaxation contribution:       0.00053251    -0.02272044     0.01580006
 !MP2 STATE 1.1 Dipole moment          -0.00400809     0.55506632    -0.36760877
 Dipole moment /Debye                  -0.01018756     1.41083785    -0.93436830

 CPU-time for density and lagrangian:                  1.47 sec
 CPU-time for coupled-perturbed hartree-fock:          0.14 sec

 MP2 gradient info saved on record         5200.1


 **********************************************************************************************************************************
 DATASETS  * FILE   NREC   LENGTH (MB)   RECORD NAMES
              1      22       57.69       500      610      700      900      950      970     1000      129      960     1100   
                                          VAR    BASINP    GEOM    SYMINP    ZMAT    AOBASIS   BASIS     P2S    ABASIS      S 
                                         1400     1410     1200     1210     1080     1600     1650     1300     1700     2100   
                                           T        V       H0       H01     AOSYM     SMH    MOLCAS    ERIS     OPER      RHF  
                                         1380     5200   
                                         JKOP      MP2  

              2       8        0.74       700     1000      520     2100     4100     5300     9001     5500   
                                         GEOM     BASIS   MCVARS     RHF     CPHF     HESS    DEN_MP2   HINFO   

 PROGRAMS   *        TOTAL       MP2       MP2    HF-SCF       INT
 CPU TIMES  *       133.48      7.07      6.71      1.27      0.84
 REAL TIME  *        32.99 SEC
 DISK USED  *       127.95 MB
 **********************************************************************************************************************************

 PROGRAM * ALASKA (Gradient of the energy)     Author: R. Lindh


 MP2      Gradient info restored from record    5200.1

 Number of core orbitals:           2 (   2 )
 Number of closed-shell orbitals:   7 (   7 )
 Number of external orbitals:      73 (  73 )

 Integral thresholds in T2TRAN:            1.0D-10 (PROD)

 Available memory for Transformation: 497830377 words
 Memory needed for incore algorithm:     397175 words
 Minimum memory needed:                  148059 words

 Memory used for transformation:           0.40 MW
 Available memory for gradients:         499.43 MW

 CPU for transformation:                   0.44 sec
 CPU for integrals and gradient:           2.93 sec
 Total CPU:                                3.37 sec

 Prescreening statistics:
 ========================

 Total number of shell quadruplets:        5.56D+03
 Number of shell quadruplets processed:    5.56D+03 (100.00%)

 MP2 GRADIENT FOR STATE 1.1

 Atom          dE/dx               dE/dy               dE/dz

   1        -0.001090005        -0.001825754         0.000688264
   2         0.001049510         0.008245507        -0.007942374
   3         0.000077134        -0.006709610        -0.002911793
   4        -0.004893401        -0.002866112         0.004722924
   5        -0.000448518         0.006550584         0.002403538
   6         0.005305279        -0.003394616         0.003039442

 Nuclear force contribution to virial =        -0.085536404
 Starting task  11.  CPU=   127.35 sec, Elapsed=    29.96 sec
 Incrementing variable AHH1             by  0.500000 DEG   to   61.882828 DEG


 Recomputing integrals since geometry changed


 PROGRAM * SEWARD (Integral evaluation for generally contracted gaussian basis sets)     Author: Roland Lindh, 1990

 Geometry written to block  1 of record 700

 Orientation using atomic masses  
 Molecule type: Asymmetric top
 Rotational constants:      23.9694670     24.8164535    128.5657344 GHz  (calculated with average atomic masses)

 Point group  C1  



 ATOMIC COORDINATES

 NR  ATOM    CHARGE       X              Y              Z

   1  C       6.00   -0.000484307    0.025969625   -1.375653094
   2  O       8.00   -0.000672211   -0.121134429    1.303683755
   3  H       1.00    0.010779410    1.565246257    1.962987209
   4  H1      1.00    1.696073274    0.958834519   -2.095794750
   5  H2      1.00   -0.013592017   -1.906777690   -2.074242391
   6  H3      1.00   -1.676819225    0.996043954   -2.093988379

 Bond lengths in Bohr (Angstrom)

 1-2  2.683372055  1-4  2.065707758  1-5  2.055166904  1-6  2.065707758  2-3  1.810715882
     ( 1.419979340)     ( 1.093125470)     ( 1.087547490)     ( 1.093125470)     ( 0.958189580)

 Bond angles

  1-2-3  108.21042647   2-1-4  111.89503696   2-1-5  106.72939010   2-1-6  111.89503696

  4-1-5  108.14557153   4-1-6  109.46216914   5-1-6  108.55746630

 NUCLEAR CHARGE:                   18
 NUMBER OF PRIMITIVE AOS:         118
 NUMBER OF SYMMETRY AOS:          114
 NUMBER OF CONTRACTIONS:           82   (   82A   )
 NUMBER OF INNER CORE ORBITALS:     0   (    0A   )
 NUMBER OF OUTER CORE ORBITALS:     2   (    2A   )
 NUMBER OF VALENCE ORBITALS:       12   (   12A   )


 NUCLEAR REPULSION ENERGY   40.34516171

 Eigenvalues of metric

         1 0.651E-03 0.799E-03 0.810E-03 0.110E-02 0.247E-02 0.437E-02 0.494E-02 0.526E-02


 Contracted 2-electron integrals neglected if value below      1.0D-11
 AO integral compression algorithm  1   Integral accuracy      1.0D-11

     31.457 MB (compressed) written to integral file ( 55.2%)


 NUMBER OF SORTED TWO-ELECTRON INTEGRALS:    5791906.     BUFFER LENGTH:  32768
 NUMBER OF SEGMENTS:   1  SEGMENT LENGTH:    5791906      RECORD LENGTH: 524288

 Memory used in sort:       6.35 MW

 SORT1 READ     7174542. AND WROTE     5718278. INTEGRALS IN     17 RECORDS. CPU TIME:     0.05 SEC, REAL TIME:     0.07 SEC
 SORT2 READ     5718278. AND WROTE     5791906. INTEGRALS IN    120 RECORDS. CPU TIME:     0.10 SEC, REAL TIME:     0.12 SEC

 FILE SIZES:   FILE 1:    61.7 MBYTE,  FILE 4:    71.3 MBYTE,   TOTAL:    133.1 MBYTE

 OPERATOR DM      FOR CENTER  0  COORDINATES:    0.000000    0.000000    0.000000

 Program * Restricted Hartree-Fock

 Molecular orbitals read from record     2100.2  Type=RHF/CANONICAL  

 NELEC=   18   SYM=1   MS2= 0   THRE=1.0D-09   THRD=1.0D-07   THRG=1.0D-07  HFMA2=F  DIIS_START=2   DIIS_MAX=10   DIIS_INCORE=F

 Level shifts:    0.00 (CLOSED)    0.00 (OPEN)    0.30 (GAP_MIN)

 ITER           ETOT              DE          GRAD        DDIFF     DIIS  NEXP   TIME(IT)  TIME(TOT)  DIAG
   1     -115.06163491    -115.06163491     0.00D+00     0.99D-01     0     0       0.16      0.16    start
   2     -115.06166821      -0.00003329     0.19D-03     0.31D-03     1     0       0.10      0.26    diag
   3     -115.06167114      -0.00000293     0.47D-04     0.83D-04     2     0       0.12      0.38    diag
   4     -115.06167124      -0.00000010     0.71D-05     0.14D-04     3     0       0.12      0.50    diag
   5     -115.06167124      -0.00000001     0.18D-05     0.33D-05     4     0       0.13      0.63    diag
   6     -115.06167124      -0.00000000     0.79D-06     0.15D-05     5     0       0.11      0.74    diag
   7     -115.06167124      -0.00000000     0.29D-06     0.48D-06     6     0       0.10      0.84    diag
   8     -115.06167124      -0.00000000     0.76D-07     0.17D-06     7     0       0.10      0.94    fixocc
   9     -115.06167124      -0.00000000     0.22D-07     0.49D-07     8     0       0.11      1.05    diag
  10     -115.06167124      -0.00000000     0.47D-08     0.85D-08     0     0       0.11      1.16    diag/orth

 Final occupancy:   9

 !RHF STATE 1.1 Energy               -115.061671243224
  RHF One-electron energy            -236.817867796403
  RHF Two-electron energy              81.411034840119
  RHF Kinetic energy                  114.890005336367
  RHF Nuclear energy                   40.345161713059
  RHF Virial quotient                  -1.001494176159

 !RHF STATE 1.1 Dipole moment           0.00420765     0.58972955    -0.39435967
 Dipole moment /Debye                   0.01069478     1.49894301    -1.00236231

 Orbital energies:

           1.1          2.1          3.1          4.1          5.1          6.1          7.1          8.1          9.1         10.1
    -20.568213   -11.279210    -1.361809    -0.927514    -0.692226    -0.620691    -0.593880    -0.503597    -0.450760     0.034554

          11.1
      0.051707


 HOMO      9.1    -0.450760 =     -12.2658eV
 LUMO     10.1     0.034554 =       0.9403eV
 LUMO-HOMO         0.485314 =      13.2061eV

 Orbitals saved in record  2100.1


 **********************************************************************************************************************************
 DATASETS  * FILE   NREC   LENGTH (MB)   RECORD NAMES
              1      20       53.97       500      610      700      900      950      970     1000      129      960     1100   
                                          VAR    BASINP    GEOM    SYMINP    ZMAT    AOBASIS   BASIS     P2S    ABASIS      S 
                                         1400     1410     1200     1210     1080     1600     1650     1300     1700     2100   
                                           T        V       H0       H01     AOSYM     SMH    MOLCAS    ERIS     OPER      RHF  

              2       8        0.74       700     1000      520     2100     4100     5300     9001     5500   
                                         GEOM     BASIS   MCVARS     RHF     CPHF     HESS    DEN_MP2   HINFO   

 PROGRAMS   *        TOTAL    HF-SCF       MP2    HF-SCF       INT
 CPU TIMES  *       138.80      1.87      6.71      1.27      0.84
 REAL TIME  *        35.06 SEC
 DISK USED  *       127.95 MB
 **********************************************************************************************************************************


 PROGRAM * MP2 (Closed-shell)     Authors: C. Hampel, H.-J. Werner, 1991, M. Deegan, P.J. Knowles, 1992


 Convergence thresholds:  THRVAR = 1.00D-12  THRDEN = 1.00D-08

 Number of core orbitals:           2 (   2 )
 Number of closed-shell orbitals:   7 (   7 )
 Number of external orbitals:      73 (  73 )

 Molecular orbitals read from record     2100.1  Type=RHF/CANONICAL (state 1.1)

 Number of N-1 electron functions:               7
 Number of N-2 electron functions:              28
 Number of singly external CSFs:               511
 Number of doubly external CSFs:            130816
 Total number of CSFs:                      131328

 Length of J-op  integral file:               0.00 MB
 Length of K-op  integral file:               0.49 MB

 Integral transformation finished. Total CPU:   0.09 sec, npass=  1  Memory used:   0.49 MW

 Memory needed for MP2:                      0.03 MW

 SCS-MP2 correlation energy:           -0.357366491892   (PS=  1.200000  PT=  0.333333)
 SCS-MP2 total energy:               -115.419037735116


  Reference energy                   -115.061671243224
  MP2 singlet pair energy              -0.230967668707
  MP2 triplet pair energy              -0.128901358035
  MP2 correlation energy               -0.359869026742

 !MP2 total energy                   -115.421540269966

 KEXT needed  1 integral passes. Memory used:   0.46 MW  CPU time:      1.07 sec


 CPHF trial vector read from record  4100.2

 Starting Coupled-perturbed Hartree-Fock, convergence threshold= 1.0D-06

 ITER   MIC  DIIS      VAR         VARC       CPU
   1     0     1    0.11D-01    0.33D-04     0.06
   2     6     2    0.25D-05    0.25D-05     0.10
   3     1     3    0.20D-06    0.45D-07     0.13

 CPHF convergence reached in  3 macroiterations and    7 microiterations.   Accuracy: 2.0326D-07

 Dipole moments (unrelaxed):            0.00412841     0.57767665    -0.38294680
 Orbital relaxation contribution:      -0.00015725    -0.02292349     0.01591215
 !MP2 STATE 1.1 Dipole moment           0.00397115     0.55475316    -0.36703465
 Dipole moment /Debye                   0.01009367     1.41004190    -0.93290902

 CPU-time for density and lagrangian:                  1.28 sec
 CPU-time for coupled-perturbed hartree-fock:          0.13 sec

 MP2 gradient info saved on record         5200.1


 **********************************************************************************************************************************
 DATASETS  * FILE   NREC   LENGTH (MB)   RECORD NAMES
              1      22       57.61       500      610      700      900      950      970     1000      129      960     1100   
                                          VAR    BASINP    GEOM    SYMINP    ZMAT    AOBASIS   BASIS     P2S    ABASIS      S 
                                         1400     1410     1200     1210     1080     1600     1650     1300     1700     2100   
                                           T        V       H0       H01     AOSYM     SMH    MOLCAS    ERIS     OPER      RHF  
                                         1380     5200   
                                         JKOP      MP2  

              2       8        0.74       700     1000      520     2100     4100     5300     9001     5500   
                                         GEOM     BASIS   MCVARS     RHF     CPHF     HESS    DEN_MP2   HINFO   

 PROGRAMS   *        TOTAL       MP2       MP2    HF-SCF       INT
 CPU TIMES  *       146.79      7.99      6.71      1.27      0.84
 REAL TIME  *        36.07 SEC
 DISK USED  *       127.95 MB
 **********************************************************************************************************************************

 PROGRAM * ALASKA (Gradient of the energy)     Author: R. Lindh


 MP2      Gradient info restored from record    5200.1

 Number of core orbitals:           2 (   2 )
 Number of closed-shell orbitals:   7 (   7 )
 Number of external orbitals:      73 (  73 )

 Integral thresholds in T2TRAN:            1.0D-10 (PROD)

 Available memory for Transformation: 497830377 words
 Memory needed for incore algorithm:     397175 words
 Minimum memory needed:                  148059 words

 Memory used for transformation:           0.40 MW
 Available memory for gradients:         499.43 MW

 CPU for transformation:                   0.69 sec
 CPU for integrals and gradient:           2.90 sec
 Total CPU:                                3.59 sec

 Prescreening statistics:
 ========================

 Total number of shell quadruplets:        5.56D+03
 Number of shell quadruplets processed:    5.56D+03 (100.00%)

 MP2 GRADIENT FOR STATE 1.1

 Atom          dE/dx               dE/dy               dE/dz

   1        -0.000414725        -0.000480217         0.002063560
   2         0.000085327         0.007536087        -0.006873557
   3        -0.000064630        -0.006784053        -0.002953535
   4        -0.005374559        -0.003778923         0.002772140
   5         0.000457986         0.006919560         0.002071075
   6         0.005310602        -0.003412453         0.002920316

 Nuclear force contribution to virial =        -0.083606080
 Starting task  12.  CPU=   141.15 sec, Elapsed=    33.06 sec
 Incrementing variable AHH1             by -0.500000 DEG   to   60.882828 DEG


 Recomputing integrals since geometry changed


 PROGRAM * SEWARD (Integral evaluation for generally contracted gaussian basis sets)     Author: Roland Lindh, 1990

 Geometry written to block  1 of record 700

 Orientation using atomic masses  
 Molecule type: Asymmetric top
 Rotational constants:      23.9531229     24.8373098    128.5311412 GHz  (calculated with average atomic masses)

 Point group  C1  



 ATOMIC COORDINATES

 NR  ATOM    CHARGE       X              Y              Z

   1  C       6.00    0.000519533    0.023631909   -1.375728765
   2  O       8.00    0.000614443   -0.120715950    1.303757990
   3  H       1.00   -0.010084678    1.566347042    1.961326234
   4  H1      1.00    1.669131828    1.006788339   -2.094258503
   5  H2      1.00    0.012764238   -1.909838714   -2.072329381
   6  H3      1.00   -1.687755616    0.971264815   -2.096053303

 Bond lengths in Bohr (Angstrom)

 1-2  2.683372055  1-4  2.065707758  1-5  2.055166904  1-6  2.065707758  2-3  1.810715882
     ( 1.419979340)     ( 1.093125470)     ( 1.087547490)     ( 1.093125470)     ( 0.958189580)

 Bond angles

  1-2-3  108.21042647   2-1-4  111.89503696   2-1-5  106.72939010   2-1-6  111.89503696

  4-1-5  108.96839390   4-1-6  108.69613626   5-1-6  108.55746630

 NUCLEAR CHARGE:                   18
 NUMBER OF PRIMITIVE AOS:         118
 NUMBER OF SYMMETRY AOS:          114
 NUMBER OF CONTRACTIONS:           82   (   82A   )
 NUMBER OF INNER CORE ORBITALS:     0   (    0A   )
 NUMBER OF OUTER CORE ORBITALS:     2   (    2A   )
 NUMBER OF VALENCE ORBITALS:       12   (   12A   )


 NUCLEAR REPULSION ENERGY   40.34561389

 Eigenvalues of metric

         1 0.655E-03 0.795E-03 0.810E-03 0.109E-02 0.247E-02 0.438E-02 0.497E-02 0.520E-02


 Contracted 2-electron integrals neglected if value below      1.0D-11
 AO integral compression algorithm  1   Integral accuracy      1.0D-11

     31.457 MB (compressed) written to integral file ( 54.9%)


 NUMBER OF SORTED TWO-ELECTRON INTEGRALS:    5791906.     BUFFER LENGTH:  32768
 NUMBER OF SEGMENTS:   1  SEGMENT LENGTH:    5791906      RECORD LENGTH: 524288

 Memory used in sort:       6.35 MW

 SORT1 READ     7174542. AND WROTE     5717215. INTEGRALS IN     17 RECORDS. CPU TIME:     0.05 SEC, REAL TIME:     0.07 SEC
 SORT2 READ     5717215. AND WROTE     5791906. INTEGRALS IN    120 RECORDS. CPU TIME:     0.10 SEC, REAL TIME:     0.12 SEC

 FILE SIZES:   FILE 1:    61.7 MBYTE,  FILE 4:    71.3 MBYTE,   TOTAL:    133.1 MBYTE

 OPERATOR DM      FOR CENTER  0  COORDINATES:    0.000000    0.000000    0.000000

 Program * Restricted Hartree-Fock

 Molecular orbitals read from record     2100.2  Type=RHF/CANONICAL  

 NELEC=   18   SYM=1   MS2= 0   THRE=1.0D-09   THRD=1.0D-07   THRG=1.0D-07  HFMA2=F  DIIS_START=2   DIIS_MAX=10   DIIS_INCORE=F

 Level shifts:    0.00 (CLOSED)    0.00 (OPEN)    0.30 (GAP_MIN)

 ITER           ETOT              DE          GRAD        DDIFF     DIIS  NEXP   TIME(IT)  TIME(TOT)  DIAG
   1     -115.06164275    -115.06164275     0.00D+00     0.99D-01     0     0       0.17      0.17    start
   2     -115.06167302      -0.00003027     0.18D-03     0.30D-03     1     0       0.11      0.28    diag
   3     -115.06167569      -0.00000267     0.45D-04     0.80D-04     2     0       0.12      0.40    diag
   4     -115.06167578      -0.00000009     0.67D-05     0.14D-04     3     0       0.11      0.51    diag
   5     -115.06167578      -0.00000000     0.17D-05     0.32D-05     4     0       0.11      0.62    diag
   6     -115.06167578      -0.00000000     0.67D-06     0.14D-05     5     0       0.11      0.73    diag
   7     -115.06167578      -0.00000000     0.25D-06     0.39D-06     6     0       0.12      0.85    diag
   8     -115.06167578      -0.00000000     0.75D-07     0.15D-06     7     0       0.11      0.96    fixocc
   9     -115.06167578      -0.00000000     0.23D-07     0.49D-07     8     0       0.13      1.09    diag
  10     -115.06167578      -0.00000000     0.46D-08     0.82D-08     0     0       0.12      1.21    diag/orth

 Final occupancy:   9

 !RHF STATE 1.1 Energy               -115.061675780686
  RHF One-electron energy            -236.818356391762
  RHF Two-electron energy              81.411066722243
  RHF Kinetic energy                  114.890155001754
  RHF Nuclear energy                   40.345613888832
  RHF Virial quotient                  -1.001492911024

 !RHF STATE 1.1 Dipole moment          -0.00395990     0.59093647    -0.39471333
 Dipole moment /Debye                  -0.01006506     1.50201070    -1.00326122

 Orbital energies:

           1.1          2.1          3.1          4.1          5.1          6.1          7.1          8.1          9.1         10.1
    -20.568205   -11.279269    -1.361827    -0.927477    -0.692827    -0.619749    -0.593944    -0.504596    -0.450218     0.034521

          11.1
      0.051714


 HOMO      9.1    -0.450218 =     -12.2511eV
 LUMO     10.1     0.034521 =       0.9394eV
 LUMO-HOMO         0.484739 =      13.1904eV

 Orbitals saved in record  2100.1


 **********************************************************************************************************************************
 DATASETS  * FILE   NREC   LENGTH (MB)   RECORD NAMES
              1      20       53.90       500      610      700      900      950      970     1000      129      960     1100   
                                          VAR    BASINP    GEOM    SYMINP    ZMAT    AOBASIS   BASIS     P2S    ABASIS      S 
                                         1400     1410     1200     1210     1080     1600     1650     1300     1700     2100   
                                           T        V       H0       H01     AOSYM     SMH    MOLCAS    ERIS     OPER      RHF  

              2       8        0.74       700     1000      520     2100     4100     5300     9001     5500   
                                         GEOM     BASIS   MCVARS     RHF     CPHF     HESS    DEN_MP2   HINFO   

 PROGRAMS   *        TOTAL    HF-SCF       MP2    HF-SCF       INT
 CPU TIMES  *       152.40      1.94      6.71      1.27      0.84
 REAL TIME  *        38.17 SEC
 DISK USED  *       127.95 MB
 **********************************************************************************************************************************


 PROGRAM * MP2 (Closed-shell)     Authors: C. Hampel, H.-J. Werner, 1991, M. Deegan, P.J. Knowles, 1992


 Convergence thresholds:  THRVAR = 1.00D-12  THRDEN = 1.00D-08

 Number of core orbitals:           2 (   2 )
 Number of closed-shell orbitals:   7 (   7 )
 Number of external orbitals:      73 (  73 )

 Molecular orbitals read from record     2100.1  Type=RHF/CANONICAL (state 1.1)

 Number of N-1 electron functions:               7
 Number of N-2 electron functions:              28
 Number of singly external CSFs:               511
 Number of doubly external CSFs:            130816
 Total number of CSFs:                      131328

 Length of J-op  integral file:               0.00 MB
 Length of K-op  integral file:               0.49 MB

 Integral transformation finished. Total CPU:   0.09 sec, npass=  1  Memory used:   0.49 MW

 Memory needed for MP2:                      0.03 MW

 SCS-MP2 correlation energy:           -0.357360118701   (PS=  1.200000  PT=  0.333333)
 SCS-MP2 total energy:               -115.419035899387


  Reference energy                   -115.061675780686
  MP2 singlet pair energy              -0.230965456653
  MP2 triplet pair energy              -0.128895381511
  MP2 correlation energy               -0.359860838164

 !MP2 total energy                   -115.421536618850

 KEXT needed  1 integral passes. Memory used:   0.46 MW  CPU time:      1.20 sec


 CPHF trial vector read from record  4100.2

 Starting Coupled-perturbed Hartree-Fock, convergence threshold= 1.0D-06

 ITER   MIC  DIIS      VAR         VARC       CPU
   1     0     1    0.10D-01    0.32D-04     0.06
   2     6     2    0.24D-05    0.23D-05     0.09
   3     1     3    0.19D-06    0.44D-07     0.13

 CPHF convergence reached in  3 macroiterations and    7 microiterations.   Accuracy: 1.9479D-07

 Dipole moments (unrelaxed):           -0.00388628     0.57889728    -0.38328331
 Orbital relaxation contribution:       0.00014621    -0.02286451     0.01597484
 !MP2 STATE 1.1 Dipole moment          -0.00374007     0.55603277    -0.36730847
 Dipole moment /Debye                  -0.00950630     1.41329433    -0.93360501

 CPU-time for density and lagrangian:                  1.26 sec
 CPU-time for coupled-perturbed hartree-fock:          0.13 sec

 MP2 gradient info saved on record         5200.1


 **********************************************************************************************************************************
 DATASETS  * FILE   NREC   LENGTH (MB)   RECORD NAMES
              1      22       57.54       500      610      700      900      950      970     1000      129      960     1100   
                                          VAR    BASINP    GEOM    SYMINP    ZMAT    AOBASIS   BASIS     P2S    ABASIS      S 
                                         1400     1410     1200     1210     1080     1600     1650     1300     1700     2100   
                                           T        V       H0       H01     AOSYM     SMH    MOLCAS    ERIS     OPER      RHF  
                                         1380     5200   
                                         JKOP      MP2  

              2       8        0.74       700     1000      520     2100     4100     5300     9001     5500   
                                         GEOM     BASIS   MCVARS     RHF     CPHF     HESS    DEN_MP2   HINFO   

 PROGRAMS   *        TOTAL       MP2       MP2    HF-SCF       INT
 CPU TIMES  *       159.72      7.31      6.71      1.27      0.84
 REAL TIME  *        39.14 SEC
 DISK USED  *       127.95 MB
 **********************************************************************************************************************************

 PROGRAM * ALASKA (Gradient of the energy)     Author: R. Lindh


 MP2      Gradient info restored from record    5200.1

 Number of core orbitals:           2 (   2 )
 Number of closed-shell orbitals:   7 (   7 )
 Number of external orbitals:      73 (  73 )

 Integral thresholds in T2TRAN:            1.0D-10 (PROD)

 Available memory for Transformation: 497830377 words
 Memory needed for incore algorithm:     397175 words
 Minimum memory needed:                  148059 words

 Memory used for transformation:           0.40 MW
 Available memory for gradients:         499.43 MW

 CPU for transformation:                   0.30 sec
 CPU for integrals and gradient:           2.95 sec
 Total CPU:                                3.25 sec

 Prescreening statistics:
 ========================

 Total number of shell quadruplets:        5.56D+03
 Number of shell quadruplets processed:    5.56D+03 (100.00%)

 MP2 GRADIENT FOR STATE 1.1

 Atom          dE/dx               dE/dy               dE/dz

   1         0.000431661        -0.001989515         0.002000074
   2        -0.000082960         0.007629199        -0.006904442
   3         0.000061122        -0.006770118        -0.002968729
   4        -0.006057961        -0.002520464         0.002832257
   5        -0.000448916         0.006523285         0.002357470
   6         0.006097053        -0.002872386         0.002683369

 Nuclear force contribution to virial =        -0.083783570
 Starting task  13.  CPU=   154.01 sec, Elapsed=    36.09 sec
 Incrementing variable RCH2             by  0.005292 ANG   to    1.092839 ANG


 Recomputing integrals since geometry changed


 PROGRAM * SEWARD (Integral evaluation for generally contracted gaussian basis sets)     Author: Roland Lindh, 1990

 Geometry written to block  1 of record 700

 Orientation using atomic masses  
 Molecule type: Asymmetric top
 Rotational constants:      23.9453306     24.8219434    128.2169580 GHz  (calculated with average atomic masses)

 Point group  C1  



 ATOMIC COORDINATES

 NR  ATOM    CHARGE       X              Y              Z

   1  C       6.00   -0.000000000    0.025705231   -1.375573444
   2  O       8.00   -0.000000000   -0.121213435    1.303773583
   3  H       1.00   -0.000000000    1.565251239    1.962961652
   4  H1      1.00    1.682559542    0.984519809   -2.094472973
   5  H2      1.00    0.000000000   -1.916539107   -2.077429037
   6  H3      1.00   -1.682559542    0.984519809   -2.094472973

 Bond lengths in Bohr (Angstrom)

 1-2  2.683372055  1-4  2.065707758  1-5  2.065166904  1-6  2.065707758  2-3  1.810715882
     ( 1.419979340)     ( 1.093125470)     ( 1.092839262)     ( 1.093125470)     ( 0.958189580)

 Bond angles

  1-2-3  108.21042647   2-1-4  111.89503696   2-1-5  106.72939010   2-1-6  111.89503696

  4-1-5  108.55746630   4-1-6  109.07978552   5-1-6  108.55746630

 NUCLEAR CHARGE:                   18
 NUMBER OF PRIMITIVE AOS:         118
 NUMBER OF SYMMETRY AOS:          114
 NUMBER OF CONTRACTIONS:           82   (   82A   )
 NUMBER OF INNER CORE ORBITALS:     0   (    0A   )
 NUMBER OF OUTER CORE ORBITALS:     2   (    2A   )
 NUMBER OF VALENCE ORBITALS:       12   (   12A   )


 NUCLEAR REPULSION ENERGY   40.32543835


 Eigenvalues of metric

         1 0.659E-03 0.797E-03 0.814E-03 0.110E-02 0.247E-02 0.439E-02 0.496E-02 0.526E-02


 Contracted 2-electron integrals neglected if value below      1.0D-11
 AO integral compression algorithm  1   Integral accuracy      1.0D-11

     26.739 MB (compressed) written to integral file ( 46.9%)


 NUMBER OF SORTED TWO-ELECTRON INTEGRALS:    5791906.     BUFFER LENGTH:  32768
 NUMBER OF SEGMENTS:   1  SEGMENT LENGTH:    5791906      RECORD LENGTH: 524288

 Memory used in sort:       6.35 MW

 SORT1 READ     7174542. AND WROTE     4703211. INTEGRALS IN     14 RECORDS. CPU TIME:     0.04 SEC, REAL TIME:     0.07 SEC
 SORT2 READ     4703211. AND WROTE     5791906. INTEGRALS IN    102 RECORDS. CPU TIME:     0.10 SEC, REAL TIME:     0.12 SEC

 FILE SIZES:   FILE 1:    57.0 MBYTE,  FILE 4:    58.8 MBYTE,   TOTAL:    115.8 MBYTE

 OPERATOR DM      FOR CENTER  0  COORDINATES:    0.000000    0.000000    0.000000

 Program * Restricted Hartree-Fock

 Molecular orbitals read from record     2100.2  Type=RHF/CANONICAL  

 NELEC=   18   SYM=1   MS2= 0   THRE=1.0D-09   THRD=1.0D-07   THRG=1.0D-07  HFMA2=F  DIIS_START=2   DIIS_MAX=10   DIIS_INCORE=F

 Level shifts:    0.00 (CLOSED)    0.00 (OPEN)    0.30 (GAP_MIN)

 ITER           ETOT              DE          GRAD        DDIFF     DIIS  NEXP   TIME(IT)  TIME(TOT)  DIAG
   1     -115.06165405    -115.06165405     0.00D+00     0.99D-01     0     0       0.16      0.17    start
   2     -115.06165817      -0.00000411     0.75D-04     0.44D-03     1     0       0.11      0.28    diag
   3     -115.06165838      -0.00000021     0.14D-04     0.55D-04     2     0       0.11      0.39    diag
   4     -115.06165839      -0.00000001     0.36D-05     0.81D-05     3     0       0.12      0.51    diag
   5     -115.06165839      -0.00000000     0.15D-05     0.38D-05     4     0       0.11      0.62    diag
   6     -115.06165839      -0.00000000     0.39D-06     0.12D-05     5     0       0.11      0.73    diag
   7     -115.06165839      -0.00000000     0.93D-07     0.23D-06     6     0       0.11      0.84    diag
   8     -115.06165839      -0.00000000     0.22D-07     0.58D-07     7     0       0.12      0.96    fixocc
   9     -115.06165839      -0.00000000     0.48D-08     0.12D-07     0     0       0.12      1.08    diag

 Final occupancy:   9

 !RHF STATE 1.1 Energy               -115.061658394114
  RHF One-electron energy            -236.779807218495
  RHF Two-electron energy              81.392710471026
  RHF Kinetic energy                  114.882289002800
  RHF Nuclear energy                   40.325438353354
  RHF Virial quotient                  -1.001561331976

 !RHF STATE 1.1 Dipole moment          -0.00000000     0.59192905    -0.39332139
 Dipole moment /Debye                  -0.00000000     1.50453356    -0.99972325

 Orbital energies:

           1.1          2.1          3.1          4.1          5.1          6.1          7.1          8.1          9.1         10.1
    -20.568294   -11.279853    -1.361879    -0.926873    -0.692541    -0.620300    -0.593273    -0.503615    -0.450564     0.034526

          11.1
      0.051717


 HOMO      9.1    -0.450564 =     -12.2605eV
 LUMO     10.1     0.034526 =       0.9395eV
 LUMO-HOMO         0.485090 =      13.2000eV

 Orbitals saved in record  2100.1


 **********************************************************************************************************************************
 DATASETS  * FILE   NREC   LENGTH (MB)   RECORD NAMES
              1      20       50.31       500      610      700      900      950      970     1000      129      960     1100   
                                          VAR    BASINP    GEOM    SYMINP    ZMAT    AOBASIS   BASIS     P2S    ABASIS      S 
                                         1400     1410     1200     1210     1080     1600     1650     1300     1700     2100   
                                           T        V       H0       H01     AOSYM     SMH    MOLCAS    ERIS     OPER      RHF  

              2       8        0.74       700     1000      520     2100     4100     5300     9001     5500   
                                         GEOM     BASIS   MCVARS     RHF     CPHF     HESS    DEN_MP2   HINFO   

 PROGRAMS   *        TOTAL    HF-SCF       MP2    HF-SCF       INT
 CPU TIMES  *       164.83      1.78      6.71      1.27      0.84
 REAL TIME  *        41.11 SEC
 DISK USED  *       127.95 MB
 **********************************************************************************************************************************


 PROGRAM * MP2 (Closed-shell)     Authors: C. Hampel, H.-J. Werner, 1991, M. Deegan, P.J. Knowles, 1992


 Convergence thresholds:  THRVAR = 1.00D-12  THRDEN = 1.00D-08

 Number of core orbitals:           2 (   2 )
 Number of closed-shell orbitals:   7 (   7 )
 Number of external orbitals:      73 (  73 )

 Molecular orbitals read from record     2100.1  Type=RHF/CANONICAL (state 1.1)

 Number of N-1 electron functions:               7
 Number of N-2 electron functions:              28
 Number of singly external CSFs:               511
 Number of doubly external CSFs:            130816
 Total number of CSFs:                      131328

 Length of J-op  integral file:               0.00 MB
 Length of K-op  integral file:               0.49 MB

 Integral transformation finished. Total CPU:   0.10 sec, npass=  1  Memory used:   0.49 MW

 Memory needed for MP2:                      0.03 MW

 SCS-MP2 correlation energy:           -0.357447557777   (PS=  1.200000  PT=  0.333333)
 SCS-MP2 total energy:               -115.419105951891


  Reference energy                   -115.061658394114
  MP2 singlet pair energy              -0.231032674812
  MP2 triplet pair energy              -0.128906273576
  MP2 correlation energy               -0.359938948388

 !MP2 total energy                   -115.421597342502

 KEXT needed  1 integral passes. Memory used:   0.46 MW  CPU time:      1.11 sec


 CPHF trial vector read from record  4100.2

 Starting Coupled-perturbed Hartree-Fock, convergence threshold= 1.0D-06

 ITER   MIC  DIIS      VAR         VARC       CPU
   1     0     1    0.96D-03    0.21D-04     0.05
   2     6     2    0.53D-05    0.52D-05     0.09
   3     1     3    0.52D-06    0.63D-07     0.12

 CPHF convergence reached in  3 macroiterations and    7 microiterations.   Accuracy: 5.1896D-07

 Dipole moments (unrelaxed):           -0.00000000     0.57987431    -0.38190147
 Orbital relaxation contribution:      -0.00000000    -0.02329347     0.01578838
 !MP2 STATE 1.1 Dipole moment          -0.00000000     0.55658083    -0.36611309
 Dipole moment /Debye                  -0.00000000     1.41468737    -0.93056666

 CPU-time for density and lagrangian:                  1.04 sec
 CPU-time for coupled-perturbed hartree-fock:          0.13 sec

 MP2 gradient info saved on record         5200.1


 **********************************************************************************************************************************
 DATASETS  * FILE   NREC   LENGTH (MB)   RECORD NAMES
              1      22       53.95       500      610      700      900      950      970     1000      129      960     1100   
                                          VAR    BASINP    GEOM    SYMINP    ZMAT    AOBASIS   BASIS     P2S    ABASIS      S 
                                         1400     1410     1200     1210     1080     1600     1650     1300     1700     2100   
                                           T        V       H0       H01     AOSYM     SMH    MOLCAS    ERIS     OPER      RHF  
                                         1380     5200   
                                         JKOP      MP2  

              2       8        0.74       700     1000      520     2100     4100     5300     9001     5500   
                                         GEOM     BASIS   MCVARS     RHF     CPHF     HESS    DEN_MP2   HINFO   

 PROGRAMS   *        TOTAL       MP2       MP2    HF-SCF       INT
 CPU TIMES  *       171.75      6.92      6.71      1.27      0.84
 REAL TIME  *        42.01 SEC
 DISK USED  *       127.95 MB
 **********************************************************************************************************************************

 PROGRAM * ALASKA (Gradient of the energy)     Author: R. Lindh


 MP2      Gradient info restored from record    5200.1

 Number of core orbitals:           2 (   2 )
 Number of closed-shell orbitals:   7 (   7 )
 Number of external orbitals:      73 (  73 )

 Integral thresholds in T2TRAN:            1.0D-10 (PROD)

 Available memory for Transformation: 497830377 words
 Memory needed for incore algorithm:     397175 words
 Minimum memory needed:                  148059 words

 Memory used for transformation:           0.40 MW
 Available memory for gradients:         499.43 MW

 CPU for transformation:                   0.24 sec
 CPU for integrals and gradient:           3.01 sec
 Total CPU:                                3.25 sec

 Prescreening statistics:
 ========================

 Total number of shell quadruplets:        5.56D+03
 Number of shell quadruplets processed:    5.56D+03 (100.00%)

 MP2 GRADIENT FOR STATE 1.1

 Atom          dE/dx               dE/dy               dE/dz

   1         0.000000000         0.002037083         0.003139019
   2        -0.000000000         0.007664998        -0.006806147
   3         0.000000000        -0.006800021        -0.002953450
   4        -0.005722002        -0.003062854         0.002823469
   5         0.000000000         0.003223649         0.000973640
   6         0.005722002        -0.003062854         0.002823469

 Nuclear force contribution to virial =        -0.075823986
 Starting task  14.  CPU=   166.23 sec, Elapsed=    38.96 sec
 Incrementing variable RCH2             by -0.005292 ANG   to    1.082256 ANG


 Recomputing integrals since geometry changed


 PROGRAM * SEWARD (Integral evaluation for generally contracted gaussian basis sets)     Author: Roland Lindh, 1990

 Geometry written to block  1 of record 700

 Orientation using atomic masses  
 Molecule type: Asymmetric top
 Rotational constants:      23.9773810     24.8316337    128.8796132 GHz  (calculated with average atomic masses)

 Point group  C1  



 ATOMIC COORDINATES

 NR  ATOM    CHARGE       X              Y              Z

   1  C       6.00   -0.000000000    0.023885101   -1.375809133
   2  O       8.00   -0.000000000   -0.120641131    1.303668009
   3  H       1.00   -0.000000000    1.566411456    1.961349980
   4  H1      1.00    1.682559542    0.982057396   -2.095564496
   5  H2      1.00    0.000000000   -1.900169521   -2.069149941
   6  H3      1.00   -1.682559542    0.982057396   -2.095564496

 Bond lengths in Bohr (Angstrom)

 1-2  2.683372055  1-4  2.065707758  1-5  2.045166904  1-6  2.065707758  2-3  1.810715882
     ( 1.419979340)     ( 1.093125470)     ( 1.082255718)     ( 1.093125470)     ( 0.958189580)

 Bond angles

  1-2-3  108.21042647   2-1-4  111.89503696   2-1-5  106.72939010   2-1-6  111.89503696

  4-1-5  108.55746630   4-1-6  109.07978552   5-1-6  108.55746630

 NUCLEAR CHARGE:                   18
 NUMBER OF PRIMITIVE AOS:         118
 NUMBER OF SYMMETRY AOS:          114
 NUMBER OF CONTRACTIONS:           82   (   82A   )
 NUMBER OF INNER CORE ORBITALS:     0   (    0A   )
 NUMBER OF OUTER CORE ORBITALS:     2   (    2A   )
 NUMBER OF VALENCE ORBITALS:       12   (   12A   )


 NUCLEAR REPULSION ENERGY   40.36547234


 Eigenvalues of metric

         1 0.648E-03 0.797E-03 0.807E-03 0.110E-02 0.247E-02 0.436E-02 0.495E-02 0.520E-02


 Contracted 2-electron integrals neglected if value below      1.0D-11
 AO integral compression algorithm  1   Integral accuracy      1.0D-11

     26.739 MB (compressed) written to integral file ( 46.9%)


 NUMBER OF SORTED TWO-ELECTRON INTEGRALS:    5791906.     BUFFER LENGTH:  32768
 NUMBER OF SEGMENTS:   1  SEGMENT LENGTH:    5791906      RECORD LENGTH: 524288

 Memory used in sort:       6.35 MW

 SORT1 READ     7174542. AND WROTE     4703207. INTEGRALS IN     14 RECORDS. CPU TIME:     0.05 SEC, REAL TIME:     0.06 SEC
 SORT2 READ     4703207. AND WROTE     5791906. INTEGRALS IN    102 RECORDS. CPU TIME:     0.09 SEC, REAL TIME:     0.11 SEC

 FILE SIZES:   FILE 1:    57.0 MBYTE,  FILE 4:    58.8 MBYTE,   TOTAL:    115.8 MBYTE

 OPERATOR DM      FOR CENTER  0  COORDINATES:    0.000000    0.000000    0.000000

 Program * Restricted Hartree-Fock

 Molecular orbitals read from record     2100.2  Type=RHF/CANONICAL  

 NELEC=   18   SYM=1   MS2= 0   THRE=1.0D-09   THRD=1.0D-07   THRG=1.0D-07  HFMA2=F  DIIS_START=2   DIIS_MAX=10   DIIS_INCORE=F

 Level shifts:    0.00 (CLOSED)    0.00 (OPEN)    0.30 (GAP_MIN)

 ITER           ETOT              DE          GRAD        DDIFF     DIIS  NEXP   TIME(IT)  TIME(TOT)  DIAG
   1     -115.06166177    -115.06166177     0.00D+00     0.99D-01     0     0       0.19      0.19    start
   2     -115.06166591      -0.00000414     0.75D-04     0.45D-03     1     0       0.11      0.30    diag
   3     -115.06166612      -0.00000021     0.14D-04     0.56D-04     2     0       0.11      0.41    diag
   4     -115.06166614      -0.00000001     0.37D-05     0.81D-05     3     0       0.11      0.52    diag
   5     -115.06166614      -0.00000000     0.15D-05     0.39D-05     4     0       0.12      0.64    diag
   6     -115.06166614      -0.00000000     0.40D-06     0.12D-05     5     0       0.11      0.75    diag
   7     -115.06166614      -0.00000000     0.96D-07     0.24D-06     6     0       0.11      0.86    diag
   8     -115.06166614      -0.00000000     0.22D-07     0.60D-07     7     0       0.11      0.97    fixocc
   9     -115.06166614      -0.00000000     0.48D-08     0.12D-07     0     0       0.11      1.08    diag

 Final occupancy:   9

 !RHF STATE 1.1 Energy               -115.061666139127
  RHF One-electron energy            -236.856597113430
  RHF Two-electron energy              81.429458638842
  RHF Kinetic energy                  114.897979288755
  RHF Nuclear energy                   40.365472335462
  RHF Virial quotient                  -1.001424627756

 !RHF STATE 1.1 Dipole moment          -0.00000000     0.58879798    -0.39573578
 Dipole moment /Debye                  -0.00000000     1.49657519    -1.00586002

 Orbital energies:

           1.1          2.1          3.1          4.1          5.1          6.1          7.1          8.1          9.1         10.1
    -20.568125   -11.278625    -1.361758    -0.928126    -0.692511    -0.620139    -0.594564    -0.504570    -0.450423     0.034549

          11.1
      0.051704


 HOMO      9.1    -0.450423 =     -12.2566eV
 LUMO     10.1     0.034549 =       0.9401eV
 LUMO-HOMO         0.484972 =      13.1968eV

 Orbitals saved in record  2100.1


 **********************************************************************************************************************************
 DATASETS  * FILE   NREC   LENGTH (MB)   RECORD NAMES
              1      20       50.32       500      610      700      900      950      970     1000      129      960     1100   
                                          VAR    BASINP    GEOM    SYMINP    ZMAT    AOBASIS   BASIS     P2S    ABASIS      S 
                                         1400     1410     1200     1210     1080     1600     1650     1300     1700     2100   
                                           T        V       H0       H01     AOSYM     SMH    MOLCAS    ERIS     OPER      RHF  

              2       8        0.74       700     1000      520     2100     4100     5300     9001     5500   
                                         GEOM     BASIS   MCVARS     RHF     CPHF     HESS    DEN_MP2   HINFO   

 PROGRAMS   *        TOTAL    HF-SCF       MP2    HF-SCF       INT
 CPU TIMES  *       176.86      1.78      6.71      1.27      0.84
 REAL TIME  *        43.98 SEC
 DISK USED  *       127.95 MB
 **********************************************************************************************************************************


 PROGRAM * MP2 (Closed-shell)     Authors: C. Hampel, H.-J. Werner, 1991, M. Deegan, P.J. Knowles, 1992


 Convergence thresholds:  THRVAR = 1.00D-12  THRDEN = 1.00D-08

 Number of core orbitals:           2 (   2 )
 Number of closed-shell orbitals:   7 (   7 )
 Number of external orbitals:      73 (  73 )

 Molecular orbitals read from record     2100.1  Type=RHF/CANONICAL (state 1.1)

 Number of N-1 electron functions:               7
 Number of N-2 electron functions:              28
 Number of singly external CSFs:               511
 Number of doubly external CSFs:            130816
 Total number of CSFs:                      131328

 Length of J-op  integral file:               0.00 MB
 Length of K-op  integral file:               0.49 MB

 Integral transformation finished. Total CPU:   0.09 sec, npass=  1  Memory used:   0.49 MW

 Memory needed for MP2:                      0.03 MW

 SCS-MP2 correlation energy:           -0.357277670819   (PS=  1.200000  PT=  0.333333)
 SCS-MP2 total energy:               -115.418943809946


  Reference energy                   -115.061666139126
  MP2 singlet pair energy              -0.230899786936
  MP2 triplet pair energy              -0.128889524725
  MP2 correlation energy               -0.359789311662

 !MP2 total energy                   -115.421455450788

 KEXT needed  1 integral passes. Memory used:   0.46 MW  CPU time:      1.11 sec


 CPHF trial vector read from record  4100.2

 Starting Coupled-perturbed Hartree-Fock, convergence threshold= 1.0D-06

 ITER   MIC  DIIS      VAR         VARC       CPU
   1     0     1    0.97D-03    0.21D-04     0.06
   2     6     2    0.53D-05    0.53D-05     0.09
   3     1     3    0.52D-06    0.63D-07     0.13

 CPHF convergence reached in  3 macroiterations and    7 microiterations.   Accuracy: 5.2263D-07

 Dipole moments (unrelaxed):           -0.00000000     0.57675992    -0.38431293
 Orbital relaxation contribution:      -0.00000000    -0.02250224     0.01609532
 !MP2 STATE 1.1 Dipole moment          -0.00000000     0.55425768    -0.36821761
 Dipole moment /Debye                  -0.00000000     1.40878250    -0.93591582

 CPU-time for density and lagrangian:                  1.49 sec
 CPU-time for coupled-perturbed hartree-fock:          0.13 sec

 MP2 gradient info saved on record         5200.1


 **********************************************************************************************************************************
 DATASETS  * FILE   NREC   LENGTH (MB)   RECORD NAMES
              1      22       53.96       500      610      700      900      950      970     1000      129      960     1100   
                                          VAR    BASINP    GEOM    SYMINP    ZMAT    AOBASIS   BASIS     P2S    ABASIS      S 
                                         1400     1410     1200     1210     1080     1600     1650     1300     1700     2100   
                                           T        V       H0       H01     AOSYM     SMH    MOLCAS    ERIS     OPER      RHF  
                                         1380     5200   
                                         JKOP      MP2  

              2       8        0.74       700     1000      520     2100     4100     5300     9001     5500   
                                         GEOM     BASIS   MCVARS     RHF     CPHF     HESS    DEN_MP2   HINFO   

 PROGRAMS   *        TOTAL       MP2       MP2    HF-SCF       INT
 CPU TIMES  *       184.80      7.93      6.71      1.27      0.84
 REAL TIME  *        44.98 SEC
 DISK USED  *       127.95 MB
 **********************************************************************************************************************************

 PROGRAM * ALASKA (Gradient of the energy)     Author: R. Lindh


 MP2      Gradient info restored from record    5200.1

 Number of core orbitals:           2 (   2 )
 Number of closed-shell orbitals:   7 (   7 )
 Number of external orbitals:      73 (  73 )

 Integral thresholds in T2TRAN:            1.0D-10 (PROD)

 Available memory for Transformation: 497830377 words
 Memory needed for incore algorithm:     397175 words
 Minimum memory needed:                  148059 words

 Memory used for transformation:           0.40 MW
 Available memory for gradients:         499.43 MW

 CPU for transformation:                   0.35 sec
 CPU for integrals and gradient:           3.02 sec
 Total CPU:                                3.37 sec

 Prescreening statistics:
 ========================

 Total number of shell quadruplets:        5.56D+03
 Number of shell quadruplets processed:    5.56D+03 (100.00%)

 MP2 GRADIENT FOR STATE 1.1

 Atom          dE/dx               dE/dy               dE/dz

   1         0.000000000        -0.004625014         0.000890118
   2        -0.000000000         0.007501850        -0.006970661
   3         0.000000000        -0.006754951        -0.002968738
   4        -0.005686927        -0.003226585         0.002779714
   5         0.000000000         0.010331285         0.003489854
   6         0.005686927        -0.003226585         0.002779714

 Nuclear force contribution to virial =        -0.091708264
 Starting task  15.  CPU=   179.68 sec, Elapsed=    41.95 sec
 Incrementing variable AOCH2            by  1.000000 DEG   to  107.729390 DEG


 Recomputing integrals since geometry changed


 PROGRAM * SEWARD (Integral evaluation for generally contracted gaussian basis sets)     Author: Roland Lindh, 1990

 Geometry written to block  1 of record 700

 Orientation using atomic masses  
 Molecule type: Asymmetric top
 Rotational constants:      23.9315561     24.7784973    128.9876647 GHz  (calculated with average atomic masses)

 Point group  C1  



 ATOMIC COORDINATES

 NR  ATOM    CHARGE       X              Y              Z

   1  C       6.00   -0.000000000    0.025294975   -1.374617485
   2  O       8.00   -0.000000000   -0.122166131    1.304699743
   3  H       1.00   -0.000000000    1.564165053    1.964229229
   4  H1      1.00    1.682559542    0.984255078   -2.093322884
   5  H2      1.00    0.000000000   -1.894912192   -2.107089628
   6  H3      1.00   -1.682559542    0.984255078   -2.093322884

 Bond lengths in Bohr (Angstrom)

 1-2  2.683372055  1-4  2.065707758  1-5  2.055166904  1-6  2.065707758  2-3  1.810715882
     ( 1.419979340)     ( 1.093125470)     ( 1.087547490)     ( 1.093125470)     ( 0.958189580)

 Bond angles

  1-2-3  108.21042647   2-1-4  111.89503696   2-1-5  107.72939010   2-1-6  111.89503696

  4-1-5  108.04367834   4-1-6  109.07978552   5-1-6  108.04367834

 NUCLEAR CHARGE:                   18
 NUMBER OF PRIMITIVE AOS:         118
 NUMBER OF SYMMETRY AOS:          114
 NUMBER OF CONTRACTIONS:           82   (   82A   )
 NUMBER OF INNER CORE ORBITALS:     0   (    0A   )
 NUMBER OF OUTER CORE ORBITALS:     2   (    2A   )
 NUMBER OF VALENCE ORBITALS:       12   (   12A   )


 NUCLEAR REPULSION ENERGY   40.33364392


 Eigenvalues of metric

         1 0.652E-03 0.794E-03 0.810E-03 0.110E-02 0.247E-02 0.437E-02 0.496E-02 0.521E-02


 Contracted 2-electron integrals neglected if value below      1.0D-11
 AO integral compression algorithm  1   Integral accuracy      1.0D-11

     26.739 MB (compressed) written to integral file ( 46.9%)


 NUMBER OF SORTED TWO-ELECTRON INTEGRALS:    5791906.     BUFFER LENGTH:  32768
 NUMBER OF SEGMENTS:   1  SEGMENT LENGTH:    5791906      RECORD LENGTH: 524288

 Memory used in sort:       6.35 MW

 SORT1 READ     7174542. AND WROTE     4703207. INTEGRALS IN     14 RECORDS. CPU TIME:     0.04 SEC, REAL TIME:     0.06 SEC
 SORT2 READ     4703207. AND WROTE     5791906. INTEGRALS IN    102 RECORDS. CPU TIME:     0.09 SEC, REAL TIME:     0.11 SEC

 FILE SIZES:   FILE 1:    57.0 MBYTE,  FILE 4:    58.8 MBYTE,   TOTAL:    115.8 MBYTE

 OPERATOR DM      FOR CENTER  0  COORDINATES:    0.000000    0.000000    0.000000

 Program * Restricted Hartree-Fock

 Molecular orbitals read from record     2100.2  Type=RHF/CANONICAL  

 NELEC=   18   SYM=1   MS2= 0   THRE=1.0D-09   THRD=1.0D-07   THRG=1.0D-07  HFMA2=F  DIIS_START=2   DIIS_MAX=10   DIIS_INCORE=F

 Level shifts:    0.00 (CLOSED)    0.00 (OPEN)    0.30 (GAP_MIN)

 ITER           ETOT              DE          GRAD        DDIFF     DIIS  NEXP   TIME(IT)  TIME(TOT)  DIAG
   1     -115.06161920    -115.06161920     0.00D+00     0.99D-01     0     0       0.17      0.17    start
   2     -115.06164678      -0.00002758     0.17D-03     0.33D-03     1     0       0.11      0.28    diag
   3     -115.06164899      -0.00000221     0.42D-04     0.82D-04     2     0       0.12      0.40    diag
   4     -115.06164909      -0.00000010     0.12D-04     0.16D-04     3     0       0.10      0.50    diag
   5     -115.06164911      -0.00000002     0.47D-05     0.67D-05     4     0       0.11      0.61    diag
   6     -115.06164911      -0.00000000     0.60D-06     0.13D-05     5     0       0.12      0.73    diag
   7     -115.06164911      -0.00000000     0.15D-06     0.33D-06     6     0       0.11      0.84    diag
   8     -115.06164911      -0.00000000     0.34D-07     0.73D-07     7     0       0.11      0.95    fixocc
   9     -115.06164911      -0.00000000     0.99D-08     0.17D-07     0     0       0.13      1.08    diag

 Final occupancy:   9

 !RHF STATE 1.1 Energy               -115.061649112574
  RHF One-electron energy            -236.792668727636
  RHF Two-electron energy              81.397375698443
  RHF Kinetic energy                  114.887584073128
  RHF Nuclear energy                   40.333643916618
  RHF Virial quotient                  -1.001515090084

 !RHF STATE 1.1 Dipole moment          -0.00000000     0.59000197    -0.39511028
 Dipole moment /Debye                  -0.00000000     1.49963542    -1.00427016

 Orbital energies:

           1.1          2.1          3.1          4.1          5.1          6.1          7.1          8.1          9.1         10.1
    -20.568519   -11.279311    -1.361895    -0.927758    -0.692116    -0.620241    -0.595106    -0.503394    -0.450618     0.034527

          11.1
      0.051605


 HOMO      9.1    -0.450618 =     -12.2620eV
 LUMO     10.1     0.034527 =       0.9395eV
 LUMO-HOMO         0.485145 =      13.2015eV

 Orbitals saved in record  2100.1


 **********************************************************************************************************************************
 DATASETS  * FILE   NREC   LENGTH (MB)   RECORD NAMES
              1      20       50.32       500      610      700      900      950      970     1000      129      960     1100   
                                          VAR    BASINP    GEOM    SYMINP    ZMAT    AOBASIS   BASIS     P2S    ABASIS      S 
                                         1400     1410     1200     1210     1080     1600     1650     1300     1700     2100   
                                           T        V       H0       H01     AOSYM     SMH    MOLCAS    ERIS     OPER      RHF  

              2       8        0.74       700     1000      520     2100     4100     5300     9001     5500   
                                         GEOM     BASIS   MCVARS     RHF     CPHF     HESS    DEN_MP2   HINFO   

 PROGRAMS   *        TOTAL    HF-SCF       MP2    HF-SCF       INT
 CPU TIMES  *       190.01      1.77      6.71      1.27      0.84
 REAL TIME  *        46.96 SEC
 DISK USED  *       127.95 MB
 **********************************************************************************************************************************


 PROGRAM * MP2 (Closed-shell)     Authors: C. Hampel, H.-J. Werner, 1991, M. Deegan, P.J. Knowles, 1992


 Convergence thresholds:  THRVAR = 1.00D-12  THRDEN = 1.00D-08

 Number of core orbitals:           2 (   2 )
 Number of closed-shell orbitals:   7 (   7 )
 Number of external orbitals:      73 (  73 )

 Molecular orbitals read from record     2100.1  Type=RHF/CANONICAL (state 1.1)

 Number of N-1 electron functions:               7
 Number of N-2 electron functions:              28
 Number of singly external CSFs:               511
 Number of doubly external CSFs:            130816
 Total number of CSFs:                      131328

 Length of J-op  integral file:               0.00 MB
 Length of K-op  integral file:               0.49 MB

 Integral transformation finished. Total CPU:   0.09 sec, npass=  1  Memory used:   0.49 MW

 Memory needed for MP2:                      0.03 MW

 SCS-MP2 correlation energy:           -0.357346946339   (PS=  1.200000  PT=  0.333333)
 SCS-MP2 total energy:               -115.418996058913


  Reference energy                   -115.061649112574
  MP2 singlet pair energy              -0.230955028764
  MP2 triplet pair energy              -0.128894322571
  MP2 correlation energy               -0.359849351335

 !MP2 total energy                   -115.421498463909

 KEXT needed  1 integral passes. Memory used:   0.46 MW  CPU time:      1.07 sec


 CPHF trial vector read from record  4100.2

 Starting Coupled-perturbed Hartree-Fock, convergence threshold= 1.0D-06

 ITER   MIC  DIIS      VAR         VARC       CPU
   1     0     1    0.82D-02    0.13D-03     0.06
   2     5     2    0.52D-05    0.43D-05     0.10
   3     1     3    0.46D-06    0.11D-06     0.14

 CPHF convergence reached in  3 macroiterations and    6 microiterations.   Accuracy: 4.6404D-07

 Dipole moments (unrelaxed):           -0.00000000     0.57802234    -0.38370940
 Orbital relaxation contribution:      -0.00000000    -0.02274970     0.01581838
 !MP2 STATE 1.1 Dipole moment          -0.00000000     0.55527264    -0.36789102
 Dipole moment /Debye                  -0.00000000     1.41136227    -0.93508571

 CPU-time for density and lagrangian:                  1.36 sec
 CPU-time for coupled-perturbed hartree-fock:          0.14 sec

 MP2 gradient info saved on record         5200.1


 **********************************************************************************************************************************
 DATASETS  * FILE   NREC   LENGTH (MB)   RECORD NAMES
              1      22       53.96       500      610      700      900      950      970     1000      129      960     1100   
                                          VAR    BASINP    GEOM    SYMINP    ZMAT    AOBASIS   BASIS     P2S    ABASIS      S 
                                         1400     1410     1200     1210     1080     1600     1650     1300     1700     2100   
                                           T        V       H0       H01     AOSYM     SMH    MOLCAS    ERIS     OPER      RHF  
                                         1380     5200   
                                         JKOP      MP2  

              2       8        0.74       700     1000      520     2100     4100     5300     9001     5500   
                                         GEOM     BASIS   MCVARS     RHF     CPHF     HESS    DEN_MP2   HINFO   

 PROGRAMS   *        TOTAL       MP2       MP2    HF-SCF       INT
 CPU TIMES  *       197.00      6.99      6.71      1.27      0.84
 REAL TIME  *        47.88 SEC
 DISK USED  *       127.95 MB
 **********************************************************************************************************************************

 PROGRAM * ALASKA (Gradient of the energy)     Author: R. Lindh


 MP2      Gradient info restored from record    5200.1

 Number of core orbitals:           2 (   2 )
 Number of closed-shell orbitals:   7 (   7 )
 Number of external orbitals:      73 (  73 )

 Integral thresholds in T2TRAN:            1.0D-10 (PROD)

 Available memory for Transformation: 497830377 words
 Memory needed for incore algorithm:     397175 words
 Minimum memory needed:                  148059 words

 Memory used for transformation:           0.40 MW
 Available memory for gradients:         499.43 MW

 CPU for transformation:                   0.39 sec
 CPU for integrals and gradient:           2.84 sec
 Total CPU:                                3.23 sec

 Prescreening statistics:
 ========================

 Total number of shell quadruplets:        5.56D+03
 Number of shell quadruplets processed:    5.56D+03 (100.00%)

 MP2 GRADIENT FOR STATE 1.1

 Atom          dE/dx               dE/dy               dE/dz

   1         0.000000000        -0.002523230         0.003216684
   2        -0.000000000         0.008975365        -0.006032249
   3         0.000000000        -0.006754960        -0.002672039
   4        -0.005661656        -0.003617845         0.002593183
   5         0.000000000         0.007538514         0.000301238
   6         0.005661656        -0.003617845         0.002593183

 Nuclear force contribution to virial =        -0.081216867
 Starting task  16.  CPU=   192.00 sec, Elapsed=    44.82 sec
 Incrementing variable AOCH2            by -1.000000 DEG   to  105.729390 DEG


 Recomputing integrals since geometry changed


 PROGRAM * SEWARD (Integral evaluation for generally contracted gaussian basis sets)     Author: Roland Lindh, 1990

 Geometry written to block  1 of record 700

 Orientation using atomic masses  
 Molecule type: Asymmetric top
 Rotational constants:      23.9914752     24.8748065    128.1300054 GHz  (calculated with average atomic masses)

 Point group  C1  



 ATOMIC COORDINATES

 NR  ATOM    CHARGE       X              Y              Z

   1  C       6.00   -0.000000000    0.024210391   -1.376773379
   2  O       8.00   -0.000000000   -0.119646562    1.302739779
   3  H       1.00   -0.000000000    1.567570247    1.960000340
   4  H1      1.00    1.682559542    0.982202877   -2.096768050
   5  H2      1.00    0.000000000   -1.921282712   -2.039168722
   6  H3      1.00   -1.682559542    0.982202877   -2.096768050

 Bond lengths in Bohr (Angstrom)

 1-2  2.683372055  1-4  2.065707758  1-5  2.055166904  1-6  2.065707758  2-3  1.810715882
     ( 1.419979340)     ( 1.093125470)     ( 1.087547490)     ( 1.093125470)     ( 0.958189580)

 Bond angles

  1-2-3  108.21042647   2-1-4  111.89503696   2-1-5  105.72939010   2-1-6  111.89503696

  4-1-5  109.06692871   4-1-6  109.07978552   5-1-6  109.06692871

 NUCLEAR CHARGE:                   18
 NUMBER OF PRIMITIVE AOS:         118
 NUMBER OF SYMMETRY AOS:          114
 NUMBER OF CONTRACTIONS:           82   (   82A   )
 NUMBER OF INNER CORE ORBITALS:     0   (    0A   )
 NUMBER OF OUTER CORE ORBITALS:     2   (    2A   )
 NUMBER OF VALENCE ORBITALS:       12   (   12A   )


 NUCLEAR REPULSION ENERGY   40.35749040


 Eigenvalues of metric

         1 0.655E-03 0.799E-03 0.810E-03 0.110E-02 0.246E-02 0.437E-02 0.496E-02 0.526E-02


 Contracted 2-electron integrals neglected if value below      1.0D-11
 AO integral compression algorithm  1   Integral accuracy      1.0D-11

     26.739 MB (compressed) written to integral file ( 46.9%)


 NUMBER OF SORTED TWO-ELECTRON INTEGRALS:    5791906.     BUFFER LENGTH:  32768
 NUMBER OF SEGMENTS:   1  SEGMENT LENGTH:    5791906      RECORD LENGTH: 524288

 Memory used in sort:       6.35 MW

 SORT1 READ     7174542. AND WROTE     4703208. INTEGRALS IN     14 RECORDS. CPU TIME:     0.05 SEC, REAL TIME:     0.06 SEC
 SORT2 READ     4703208. AND WROTE     5791906. INTEGRALS IN    102 RECORDS. CPU TIME:     0.09 SEC, REAL TIME:     0.11 SEC

 FILE SIZES:   FILE 1:    57.0 MBYTE,  FILE 4:    58.8 MBYTE,   TOTAL:    115.8 MBYTE

 OPERATOR DM      FOR CENTER  0  COORDINATES:    0.000000    0.000000    0.000000

 Program * Restricted Hartree-Fock

 Molecular orbitals read from record     2100.2  Type=RHF/CANONICAL  

 NELEC=   18   SYM=1   MS2= 0   THRE=1.0D-09   THRD=1.0D-07   THRG=1.0D-07  HFMA2=F  DIIS_START=2   DIIS_MAX=10   DIIS_INCORE=F

 Level shifts:    0.00 (CLOSED)    0.00 (OPEN)    0.30 (GAP_MIN)

 ITER           ETOT              DE          GRAD        DDIFF     DIIS  NEXP   TIME(IT)  TIME(TOT)  DIAG
   1     -115.06159569    -115.06159569     0.00D+00     0.99D-01     0     0       0.17      0.17    start
   2     -115.06162345      -0.00002776     0.18D-03     0.32D-03     1     0       0.11      0.28    diag
   3     -115.06162566      -0.00000221     0.42D-04     0.82D-04     2     0       0.11      0.39    diag
   4     -115.06162577      -0.00000011     0.12D-04     0.16D-04     3     0       0.11      0.50    diag
   5     -115.06162579      -0.00000002     0.47D-05     0.67D-05     4     0       0.12      0.62    diag
   6     -115.06162579      -0.00000000     0.60D-06     0.13D-05     5     0       0.11      0.73    diag
   7     -115.06162579      -0.00000000     0.15D-06     0.32D-06     6     0       0.11      0.84    diag
   8     -115.06162579      -0.00000000     0.34D-07     0.73D-07     7     0       0.11      0.95    fixocc
   9     -115.06162579      -0.00000000     0.10D-07     0.17D-07     0     0       0.10      1.05    diag

 Final occupancy:   9

 !RHF STATE 1.1 Energy               -115.061625790639
  RHF One-electron energy            -236.844134640849
  RHF Two-electron energy              81.425018446700
  RHF Kinetic energy                  114.892657390542
  RHF Nuclear energy                   40.357490403510
  RHF Virial quotient                  -1.001470663173

 !RHF STATE 1.1 Dipole moment          -0.00000000     0.59071979    -0.39392673
 Dipole moment /Debye                  -0.00000000     1.50145995    -1.00126188

 Orbital energies:

           1.1          2.1          3.1          4.1          5.1          6.1          7.1          8.1          9.1         10.1
    -20.567903   -11.279168    -1.361751    -0.927238    -0.692979    -0.620201    -0.592683    -0.504754    -0.450372     0.034548

          11.1
      0.051815


 HOMO      9.1    -0.450372 =     -12.2553eV
 LUMO     10.1     0.034548 =       0.9401eV
 LUMO-HOMO         0.484920 =      13.1953eV

 Orbitals saved in record  2100.1


 **********************************************************************************************************************************
 DATASETS  * FILE   NREC   LENGTH (MB)   RECORD NAMES
              1      20       50.32       500      610      700      900      950      970     1000      129      960     1100   
                                          VAR    BASINP    GEOM    SYMINP    ZMAT    AOBASIS   BASIS     P2S    ABASIS      S 
                                         1400     1410     1200     1210     1080     1600     1650     1300     1700     2100   
                                           T        V       H0       H01     AOSYM     SMH    MOLCAS    ERIS     OPER      RHF  

              2       8        0.74       700     1000      520     2100     4100     5300     9001     5500   
                                         GEOM     BASIS   MCVARS     RHF     CPHF     HESS    DEN_MP2   HINFO   

 PROGRAMS   *        TOTAL    HF-SCF       MP2    HF-SCF       INT
 CPU TIMES  *       202.05      1.74      6.71      1.27      0.84
 REAL TIME  *        49.85 SEC
 DISK USED  *       127.95 MB
 **********************************************************************************************************************************


 PROGRAM * MP2 (Closed-shell)     Authors: C. Hampel, H.-J. Werner, 1991, M. Deegan, P.J. Knowles, 1992


 Convergence thresholds:  THRVAR = 1.00D-12  THRDEN = 1.00D-08

 Number of core orbitals:           2 (   2 )
 Number of closed-shell orbitals:   7 (   7 )
 Number of external orbitals:      73 (  73 )

 Molecular orbitals read from record     2100.1  Type=RHF/CANONICAL (state 1.1)

 Number of N-1 electron functions:               7
 Number of N-2 electron functions:              28
 Number of singly external CSFs:               511
 Number of doubly external CSFs:            130816
 Total number of CSFs:                      131328

 Length of J-op  integral file:               0.00 MB
 Length of K-op  integral file:               0.49 MB

 Integral transformation finished. Total CPU:   0.08 sec, npass=  1  Memory used:   0.49 MW

 Memory needed for MP2:                      0.03 MW

 SCS-MP2 correlation energy:           -0.357385229925   (PS=  1.200000  PT=  0.333333)
 SCS-MP2 total energy:               -115.419011020564


  Reference energy                   -115.061625790639
  MP2 singlet pair energy              -0.230981010258
  MP2 triplet pair energy              -0.128905742597
  MP2 correlation energy               -0.359886752855

 !MP2 total energy                   -115.421512543494

 KEXT needed  1 integral passes. Memory used:   0.46 MW  CPU time:      0.96 sec


 CPHF trial vector read from record  4100.2

 Starting Coupled-perturbed Hartree-Fock, convergence threshold= 1.0D-06

 ITER   MIC  DIIS      VAR         VARC       CPU
   1     0     1    0.81D-02    0.13D-03     0.06
   2     5     2    0.53D-05    0.44D-05     0.09
   3     1     3    0.49D-06    0.12D-06     0.13

 CPHF convergence reached in  3 macroiterations and    6 microiterations.   Accuracy: 4.9090D-07

 Dipole moments (unrelaxed):           -0.00000000     0.57860855    -0.38248348
 Orbital relaxation contribution:       0.00000000    -0.02303800     0.01606695
 !MP2 STATE 1.1 Dipole moment           0.00000000     0.55557055    -0.36641652
 Dipole moment /Debye                   0.00000000     1.41211949    -0.93133791

 CPU-time for density and lagrangian:                  1.52 sec
 CPU-time for coupled-perturbed hartree-fock:          0.13 sec

 MP2 gradient info saved on record         5200.1


 **********************************************************************************************************************************
 DATASETS  * FILE   NREC   LENGTH (MB)   RECORD NAMES
              1      22       53.96       500      610      700      900      950      970     1000      129      960     1100   
                                          VAR    BASINP    GEOM    SYMINP    ZMAT    AOBASIS   BASIS     P2S    ABASIS      S 
                                         1400     1410     1200     1210     1080     1600     1650     1300     1700     2100   
                                           T        V       H0       H01     AOSYM     SMH    MOLCAS    ERIS     OPER      RHF  
                                         1380     5200   
                                         JKOP      MP2  

              2       8        0.74       700     1000      520     2100     4100     5300     9001     5500   
                                         GEOM     BASIS   MCVARS     RHF     CPHF     HESS    DEN_MP2   HINFO   

 PROGRAMS   *        TOTAL       MP2       MP2    HF-SCF       INT
 CPU TIMES  *       210.37      8.32      6.71      1.27      0.84
 REAL TIME  *        50.86 SEC
 DISK USED  *       127.95 MB
 **********************************************************************************************************************************

 PROGRAM * ALASKA (Gradient of the energy)     Author: R. Lindh


 MP2      Gradient info restored from record    5200.1

 Number of core orbitals:           2 (   2 )
 Number of closed-shell orbitals:   7 (   7 )
 Number of external orbitals:      73 (  73 )

 Integral thresholds in T2TRAN:            1.0D-10 (PROD)

 Available memory for Transformation: 497830377 words
 Memory needed for incore algorithm:     397175 words
 Minimum memory needed:                  148059 words

 Memory used for transformation:           0.40 MW
 Available memory for gradients:         499.43 MW

 CPU for transformation:                   0.34 sec
 CPU for integrals and gradient:           2.90 sec
 Total CPU:                                3.24 sec

 Prescreening statistics:
 ========================

 Total number of shell quadruplets:        5.56D+03
 Number of shell quadruplets processed:    5.56D+03 (100.00%)

 MP2 GRADIENT FOR STATE 1.1

 Atom          dE/dx               dE/dy               dE/dz

   1        -0.000000000        -0.000000125         0.000851827
   2        -0.000000000         0.006171085        -0.007785941
   3         0.000000000        -0.006803709        -0.003252299
   4        -0.005749587        -0.002678066         0.003003187
   5        -0.000000000         0.005988880         0.004180038
   6         0.005749587        -0.002678066         0.003003187

 Nuclear force contribution to virial =        -0.086326939
 Starting task  17.  CPU=   205.63 sec, Elapsed=    47.81 sec
 Incrementing variable AHH2             by  1.000000 DEG   to  181.000000 DEG


 Recomputing integrals since geometry changed


 PROGRAM * SEWARD (Integral evaluation for generally contracted gaussian basis sets)     Author: Roland Lindh, 1990

 Geometry written to block  1 of record 700

 Orientation using atomic masses  
 Molecule type: Asymmetric top
 Rotational constants:      23.9612084     24.8269931    128.5488814 GHz  (calculated with average atomic masses)

 Point group  C1  



 ATOMIC COORDINATES

 NR  ATOM    CHARGE       X              Y              Z

   1  C       6.00    0.002067909    0.024831136   -1.375690122
   2  O       8.00    0.002595840   -0.120895832    1.303721932
   3  H       1.00   -0.040613109    1.565316586    1.962138724
   4  H1      1.00    1.660821161    1.025366932   -2.093056356
   5  H2      1.00    0.017175631   -1.908259921   -2.073287227
   6  H3      1.00   -1.703230399    0.940702777   -2.096998214

 Bond lengths in Bohr (Angstrom)

 1-2  2.683372055  1-4  2.065707758  1-5  2.055166904  1-6  2.065707758  2-3  1.810715882
     ( 1.419979340)     ( 1.093125470)     ( 1.087547490)     ( 1.093125470)     ( 0.958189580)

 Bond angles

  1-2-3  108.21042647   2-1-4  111.89503696   2-1-5  106.72939010   2-1-6  111.89503696

  4-1-5  109.37833707   4-1-6  109.07978552   5-1-6  107.73272656

 NUCLEAR CHARGE:                   18
 NUMBER OF PRIMITIVE AOS:         118
 NUMBER OF SYMMETRY AOS:          114
 NUMBER OF CONTRACTIONS:           82   (   82A   )
 NUMBER OF INNER CORE ORBITALS:     0   (    0A   )
 NUMBER OF OUTER CORE ORBITALS:     2   (    2A   )
 NUMBER OF VALENCE ORBITALS:       12   (   12A   )


 NUCLEAR REPULSION ENERGY   40.34542062

 Eigenvalues of metric

         1 0.653E-03 0.797E-03 0.810E-03 0.110E-02 0.247E-02 0.437E-02 0.496E-02 0.523E-02


 Contracted 2-electron integrals neglected if value below      1.0D-11
 AO integral compression algorithm  1   Integral accuracy      1.0D-11

     31.719 MB (compressed) written to integral file ( 55.4%)


 NUMBER OF SORTED TWO-ELECTRON INTEGRALS:    5791906.     BUFFER LENGTH:  32768
 NUMBER OF SEGMENTS:   1  SEGMENT LENGTH:    5791906      RECORD LENGTH: 524288

 Memory used in sort:       6.35 MW

 SORT1 READ     7174542. AND WROTE     5719483. INTEGRALS IN     17 RECORDS. CPU TIME:     0.04 SEC, REAL TIME:     0.07 SEC
 SORT2 READ     5719483. AND WROTE     5791906. INTEGRALS IN    121 RECORDS. CPU TIME:     0.09 SEC, REAL TIME:     0.12 SEC

 FILE SIZES:   FILE 1:    62.0 MBYTE,  FILE 4:    71.3 MBYTE,   TOTAL:    133.3 MBYTE

 OPERATOR DM      FOR CENTER  0  COORDINATES:    0.000000    0.000000    0.000000

 Program * Restricted Hartree-Fock

 Molecular orbitals read from record     2100.2  Type=RHF/CANONICAL  

 NELEC=   18   SYM=1   MS2= 0   THRE=1.0D-09   THRD=1.0D-07   THRG=1.0D-07  HFMA2=F  DIIS_START=2   DIIS_MAX=10   DIIS_INCORE=F

 Level shifts:    0.00 (CLOSED)    0.00 (OPEN)    0.30 (GAP_MIN)

 ITER           ETOT              DE          GRAD        DDIFF     DIIS  NEXP   TIME(IT)  TIME(TOT)  DIAG
   1     -115.06142743    -115.06142743     0.00D+00     0.99D-01     0     0       0.17      0.17    start
   2     -115.06163167      -0.00020424     0.50D-03     0.80D-03     1     0       0.11      0.28    diag
   3     -115.06164890      -0.00001722     0.12D-03     0.21D-03     2     0       0.11      0.39    diag
   4     -115.06164966      -0.00000076     0.20D-04     0.35D-04     3     0       0.11      0.50    diag
   5     -115.06164971      -0.00000005     0.53D-05     0.94D-05     4     0       0.12      0.62    diag
   6     -115.06164971      -0.00000001     0.22D-05     0.42D-05     5     0       0.12      0.74    diag
   7     -115.06164972      -0.00000000     0.87D-06     0.13D-05     6     0       0.12      0.86    diag
   8     -115.06164972      -0.00000000     0.17D-06     0.46D-06     7     0       0.12      0.98    fixocc
   9     -115.06164972      -0.00000000     0.24D-07     0.69D-07     8     0       0.12      1.10    diag
  10     -115.06164972       0.00000000     0.45D-08     0.95D-08     0     0       0.11      1.21    diag/orth

 Final occupancy:   9

 !RHF STATE 1.1 Energy               -115.061649715656
  RHF One-electron energy            -236.818144575974
  RHF Two-electron energy              81.411074242815
  RHF Kinetic energy                  114.890076290509
  RHF Nuclear energy                   40.345420617504
  RHF Virial quotient                  -1.001493370278

 !RHF STATE 1.1 Dipole moment          -0.01663966     0.59014643    -0.39455073
 Dipole moment /Debye                  -0.04229379     1.50000262    -1.00284792

 Orbital energies:

           1.1          2.1          3.1          4.1          5.1          6.1          7.1          8.1          9.1         10.1
    -20.568209   -11.279240    -1.361817    -0.927501    -0.692524    -0.620292    -0.593853    -0.504078    -0.450485     0.034537

          11.1
      0.051709


 HOMO      9.1    -0.450485 =     -12.2583eV
 LUMO     10.1     0.034537 =       0.9398eV
 LUMO-HOMO         0.485022 =      13.1981eV

 Orbitals saved in record  2100.1


 **********************************************************************************************************************************
 DATASETS  * FILE   NREC   LENGTH (MB)   RECORD NAMES
              1      20       54.10       500      610      700      900      950      970     1000      129      960     1100   
                                          VAR    BASINP    GEOM    SYMINP    ZMAT    AOBASIS   BASIS     P2S    ABASIS      S 
                                         1400     1410     1200     1210     1080     1600     1650     1300     1700     2100   
                                           T        V       H0       H01     AOSYM     SMH    MOLCAS    ERIS     OPER      RHF  

              2       8        0.74       700     1000      520     2100     4100     5300     9001     5500   
                                         GEOM     BASIS   MCVARS     RHF     CPHF     HESS    DEN_MP2   HINFO   

 PROGRAMS   *        TOTAL    HF-SCF       MP2    HF-SCF       INT
 CPU TIMES  *       215.60      1.92      6.71      1.27      0.84
 REAL TIME  *        52.91 SEC
 DISK USED  *       127.95 MB
 **********************************************************************************************************************************


 PROGRAM * MP2 (Closed-shell)     Authors: C. Hampel, H.-J. Werner, 1991, M. Deegan, P.J. Knowles, 1992


 Convergence thresholds:  THRVAR = 1.00D-12  THRDEN = 1.00D-08

 Number of core orbitals:           2 (   2 )
 Number of closed-shell orbitals:   7 (   7 )
 Number of external orbitals:      73 (  73 )

 Molecular orbitals read from record     2100.1  Type=RHF/CANONICAL (state 1.1)

 Number of N-1 electron functions:               7
 Number of N-2 electron functions:              28
 Number of singly external CSFs:               511
 Number of doubly external CSFs:            130816
 Total number of CSFs:                      131328

 Length of J-op  integral file:               0.00 MB
 Length of K-op  integral file:               0.49 MB

 Integral transformation finished. Total CPU:   0.09 sec, npass=  1  Memory used:   0.49 MW

 Memory needed for MP2:                      0.03 MW

 SCS-MP2 correlation energy:           -0.357365288653   (PS=  1.200000  PT=  0.333333)
 SCS-MP2 total energy:               -115.419015004309


  Reference energy                   -115.061649715656
  MP2 singlet pair energy              -0.230967509280
  MP2 triplet pair energy              -0.128899731723
  MP2 correlation energy               -0.359867241003

 !MP2 total energy                   -115.421516956659

 KEXT needed  1 integral passes. Memory used:   0.46 MW  CPU time:      1.15 sec


 CPHF trial vector read from record  4100.2

 Starting Coupled-perturbed Hartree-Fock, convergence threshold= 1.0D-06

 ITER   MIC  DIIS      VAR         VARC       CPU
   1     0     1    0.27D-01    0.70D-04     0.07
   2     6     2    0.77D-05    0.76D-05     0.10
   3     1     3    0.67D-06    0.11D-06     0.14

 CPHF convergence reached in  3 macroiterations and    7 microiterations.   Accuracy: 6.6823D-07

 Dipole moments (unrelaxed):           -0.01635638     0.57810379    -0.38312898
 Orbital relaxation contribution:       0.00049486    -0.02288837     0.01594353
 !MP2 STATE 1.1 Dipole moment          -0.01586152     0.55521542    -0.36718544
 Dipole moment /Debye                  -0.04031597     1.41121682    -0.93329231

 CPU-time for density and lagrangian:                  1.41 sec
 CPU-time for coupled-perturbed hartree-fock:          0.14 sec

 MP2 gradient info saved on record         5200.1


 **********************************************************************************************************************************
 DATASETS  * FILE   NREC   LENGTH (MB)   RECORD NAMES
              1      22       57.74       500      610      700      900      950      970     1000      129      960     1100   
                                          VAR    BASINP    GEOM    SYMINP    ZMAT    AOBASIS   BASIS     P2S    ABASIS      S 
                                         1400     1410     1200     1210     1080     1600     1650     1300     1700     2100   
                                           T        V       H0       H01     AOSYM     SMH    MOLCAS    ERIS     OPER      RHF  
                                         1380     5200   
                                         JKOP      MP2  

              2       8        0.74       700     1000      520     2100     4100     5300     9001     5500   
                                         GEOM     BASIS   MCVARS     RHF     CPHF     HESS    DEN_MP2   HINFO   

 PROGRAMS   *        TOTAL       MP2       MP2    HF-SCF       INT
 CPU TIMES  *       223.47      7.86      6.71      1.27      0.84
 REAL TIME  *        53.91 SEC
 DISK USED  *       127.95 MB
 **********************************************************************************************************************************

 PROGRAM * ALASKA (Gradient of the energy)     Author: R. Lindh


 MP2      Gradient info restored from record    5200.1

 Number of core orbitals:           2 (   2 )
 Number of closed-shell orbitals:   7 (   7 )
 Number of external orbitals:      73 (  73 )

 Integral thresholds in T2TRAN:            1.0D-10 (PROD)

 Available memory for Transformation: 497830377 words
 Memory needed for incore algorithm:     397175 words
 Minimum memory needed:                  148059 words

 Memory used for transformation:           0.40 MW
 Available memory for gradients:         499.43 MW

 CPU for transformation:                   0.78 sec
 CPU for integrals and gradient:           3.73 sec
 Total CPU:                                4.51 sec

 Prescreening statistics:
 ========================

 Total number of shell quadruplets:        5.56D+03
 Number of shell quadruplets processed:    5.56D+03 (100.00%)

 MP2 GRADIENT FOR STATE 1.1

 Atom          dE/dx               dE/dy               dE/dz

   1         0.001695335        -0.001214144         0.002026330
   2        -0.000244703         0.007580139        -0.006888844
   3         0.000163006        -0.006775650        -0.002961246
   4        -0.005682539        -0.002371231         0.003089122
   5        -0.001699647         0.006714879         0.002218526
   6         0.005768548        -0.003933993         0.002516112

 Nuclear force contribution to virial =        -0.083714963
 Starting task  18.  CPU=   220.28 sec, Elapsed=    51.15 sec
 Incrementing variable AHH2             by -1.000000 DEG   to  179.000000 DEG


 Recomputing integrals since geometry changed


 PROGRAM * SEWARD (Integral evaluation for generally contracted gaussian basis sets)     Author: Roland Lindh, 1990

 Geometry written to block  1 of record 700

 Orientation using atomic masses  
 Molecule type: Asymmetric top
 Rotational constants:      23.9612084     24.8269931    128.5488814 GHz  (calculated with average atomic masses)

 Point group  C1  



 ATOMIC COORDINATES

 NR  ATOM    CHARGE       X              Y              Z

   1  C       6.00   -0.002067909    0.024831136   -1.375690122
   2  O       8.00   -0.002595840   -0.120895832    1.303721932
   3  H       1.00    0.040613109    1.565316586    1.962138724
   4  H1      1.00    1.703230399    0.940702777   -2.096998214
   5  H2      1.00   -0.017175631   -1.908259921   -2.073287227
   6  H3      1.00   -1.660821161    1.025366932   -2.093056356

 Bond lengths in Bohr (Angstrom)

 1-2  2.683372055  1-4  2.065707758  1-5  2.055166904  1-6  2.065707758  2-3  1.810715882
     ( 1.419979340)     ( 1.093125470)     ( 1.087547490)     ( 1.093125470)     ( 0.958189580)

 Bond angles

  1-2-3  108.21042647   2-1-4  111.89503696   2-1-5  106.72939010   2-1-6  111.89503696

  4-1-5  107.73272656   4-1-6  109.07978552   5-1-6  109.37833707

 NUCLEAR CHARGE:                   18
 NUMBER OF PRIMITIVE AOS:         118
 NUMBER OF SYMMETRY AOS:          114
 NUMBER OF CONTRACTIONS:           82   (   82A   )
 NUMBER OF INNER CORE ORBITALS:     0   (    0A   )
 NUMBER OF OUTER CORE ORBITALS:     2   (    2A   )
 NUMBER OF VALENCE ORBITALS:       12   (   12A   )


 NUCLEAR REPULSION ENERGY   40.34542062

 Eigenvalues of metric

         1 0.653E-03 0.797E-03 0.810E-03 0.110E-02 0.247E-02 0.437E-02 0.496E-02 0.523E-02


 Contracted 2-electron integrals neglected if value below      1.0D-11
 AO integral compression algorithm  1   Integral accuracy      1.0D-11

     31.719 MB (compressed) written to integral file ( 55.4%)


 NUMBER OF SORTED TWO-ELECTRON INTEGRALS:    5791906.     BUFFER LENGTH:  32768
 NUMBER OF SEGMENTS:   1  SEGMENT LENGTH:    5791906      RECORD LENGTH: 524288

 Memory used in sort:       6.35 MW

 SORT1 READ     7174542. AND WROTE     5719483. INTEGRALS IN     17 RECORDS. CPU TIME:     0.05 SEC, REAL TIME:     0.07 SEC
 SORT2 READ     5719483. AND WROTE     5791906. INTEGRALS IN    121 RECORDS. CPU TIME:     0.09 SEC, REAL TIME:     0.12 SEC

 FILE SIZES:   FILE 1:    62.0 MBYTE,  FILE 4:    71.3 MBYTE,   TOTAL:    133.3 MBYTE

 OPERATOR DM      FOR CENTER  0  COORDINATES:    0.000000    0.000000    0.000000

 Program * Restricted Hartree-Fock

 Molecular orbitals read from record     2100.2  Type=RHF/CANONICAL  

 NELEC=   18   SYM=1   MS2= 0   THRE=1.0D-09   THRD=1.0D-07   THRG=1.0D-07  HFMA2=F  DIIS_START=2   DIIS_MAX=10   DIIS_INCORE=F

 Level shifts:    0.00 (CLOSED)    0.00 (OPEN)    0.30 (GAP_MIN)

 ITER           ETOT              DE          GRAD        DDIFF     DIIS  NEXP   TIME(IT)  TIME(TOT)  DIAG
   1     -115.06142743    -115.06142743     0.00D+00     0.99D-01     0     0       0.16      0.16    start
   2     -115.06163167      -0.00020424     0.50D-03     0.80D-03     1     0       0.11      0.27    diag
   3     -115.06164890      -0.00001722     0.12D-03     0.21D-03     2     0       0.12      0.39    diag
   4     -115.06164966      -0.00000076     0.20D-04     0.35D-04     3     0       0.12      0.51    diag
   5     -115.06164971      -0.00000005     0.53D-05     0.94D-05     4     0       0.11      0.62    diag
   6     -115.06164971      -0.00000001     0.22D-05     0.42D-05     5     0       0.12      0.74    diag
   7     -115.06164972      -0.00000000     0.87D-06     0.13D-05     6     0       0.09      0.83    diag
   8     -115.06164972      -0.00000000     0.17D-06     0.46D-06     7     0       0.11      0.94    fixocc
   9     -115.06164972      -0.00000000     0.24D-07     0.69D-07     8     0       0.12      1.06    diag
  10     -115.06164972       0.00000000     0.45D-08     0.95D-08     0     0       0.11      1.17    diag/orth

 Final occupancy:   9

 !RHF STATE 1.1 Energy               -115.061649715656
  RHF One-electron energy            -236.818144575974
  RHF Two-electron energy              81.411074242814
  RHF Kinetic energy                  114.890076290509
  RHF Nuclear energy                   40.345420617504
  RHF Virial quotient                  -1.001493370278

 !RHF STATE 1.1 Dipole moment           0.01663966     0.59014643    -0.39455073
 Dipole moment /Debye                   0.04229379     1.50000262    -1.00284792

 Orbital energies:

           1.1          2.1          3.1          4.1          5.1          6.1          7.1          8.1          9.1         10.1
    -20.568209   -11.279240    -1.361817    -0.927501    -0.692524    -0.620292    -0.593853    -0.504078    -0.450485     0.034537

          11.1
      0.051709


 HOMO      9.1    -0.450485 =     -12.2583eV
 LUMO     10.1     0.034537 =       0.9398eV
 LUMO-HOMO         0.485022 =      13.1981eV

 Orbitals saved in record  2100.1


 **********************************************************************************************************************************
 DATASETS  * FILE   NREC   LENGTH (MB)   RECORD NAMES
              1      20       54.10       500      610      700      900      950      970     1000      129      960     1100   
                                          VAR    BASINP    GEOM    SYMINP    ZMAT    AOBASIS   BASIS     P2S    ABASIS      S 
                                         1400     1410     1200     1210     1080     1600     1650     1300     1700     2100   
                                           T        V       H0       H01     AOSYM     SMH    MOLCAS    ERIS     OPER      RHF  

              2       8        0.74       700     1000      520     2100     4100     5300     9001     5500   
                                         GEOM     BASIS   MCVARS     RHF     CPHF     HESS    DEN_MP2   HINFO   

 PROGRAMS   *        TOTAL    HF-SCF       MP2    HF-SCF       INT
 CPU TIMES  *       229.93      1.88      6.71      1.27      0.84
 REAL TIME  *        56.26 SEC
 DISK USED  *       127.95 MB
 **********************************************************************************************************************************


 PROGRAM * MP2 (Closed-shell)     Authors: C. Hampel, H.-J. Werner, 1991, M. Deegan, P.J. Knowles, 1992


 Convergence thresholds:  THRVAR = 1.00D-12  THRDEN = 1.00D-08

 Number of core orbitals:           2 (   2 )
 Number of closed-shell orbitals:   7 (   7 )
 Number of external orbitals:      73 (  73 )

 Molecular orbitals read from record     2100.1  Type=RHF/CANONICAL (state 1.1)

 Number of N-1 electron functions:               7
 Number of N-2 electron functions:              28
 Number of singly external CSFs:               511
 Number of doubly external CSFs:            130816
 Total number of CSFs:                      131328

 Length of J-op  integral file:               0.00 MB
 Length of K-op  integral file:               0.49 MB

 Integral transformation finished. Total CPU:   0.08 sec, npass=  1  Memory used:   0.49 MW

 Memory needed for MP2:                      0.03 MW

 SCS-MP2 correlation energy:           -0.357365288653   (PS=  1.200000  PT=  0.333333)
 SCS-MP2 total energy:               -115.419015004309


  Reference energy                   -115.061649715656
  MP2 singlet pair energy              -0.230967509280
  MP2 triplet pair energy              -0.128899731723
  MP2 correlation energy               -0.359867241003

 !MP2 total energy                   -115.421516956659

 KEXT needed  1 integral passes. Memory used:   0.46 MW  CPU time:      1.02 sec


 CPHF trial vector read from record  4100.2

 Starting Coupled-perturbed Hartree-Fock, convergence threshold= 1.0D-06

 ITER   MIC  DIIS      VAR         VARC       CPU
   1     0     1    0.27D-01    0.70D-04     0.06
   2     6     2    0.77D-05    0.76D-05     0.10
   3     1     3    0.67D-06    0.11D-06     0.13

 CPHF convergence reached in  3 macroiterations and    7 microiterations.   Accuracy: 6.6823D-07

 Dipole moments (unrelaxed):            0.01635638     0.57810379    -0.38312898
 Orbital relaxation contribution:      -0.00049486    -0.02288837     0.01594353
 !MP2 STATE 1.1 Dipole moment           0.01586152     0.55521542    -0.36718544
 Dipole moment /Debye                   0.04031597     1.41121682    -0.93329231

 CPU-time for density and lagrangian:                  1.24 sec
 CPU-time for coupled-perturbed hartree-fock:          0.13 sec

 MP2 gradient info saved on record         5200.1


 **********************************************************************************************************************************
 DATASETS  * FILE   NREC   LENGTH (MB)   RECORD NAMES
              1      22       57.74       500      610      700      900      950      970     1000      129      960     1100   
                                          VAR    BASINP    GEOM    SYMINP    ZMAT    AOBASIS   BASIS     P2S    ABASIS      S 
                                         1400     1410     1200     1210     1080     1600     1650     1300     1700     2100   
                                           T        V       H0       H01     AOSYM     SMH    MOLCAS    ERIS     OPER      RHF  
                                         1380     5200   
                                         JKOP      MP2  

              2       8        0.74       700     1000      520     2100     4100     5300     9001     5500   
                                         GEOM     BASIS   MCVARS     RHF     CPHF     HESS    DEN_MP2   HINFO   

 PROGRAMS   *        TOTAL       MP2       MP2    HF-SCF       INT
 CPU TIMES  *       237.45      7.52      6.71      1.27      0.84
 REAL TIME  *        57.21 SEC
 DISK USED  *       127.95 MB
 **********************************************************************************************************************************

 PROGRAM * ALASKA (Gradient of the energy)     Author: R. Lindh


 MP2      Gradient info restored from record    5200.1

 Number of core orbitals:           2 (   2 )
 Number of closed-shell orbitals:   7 (   7 )
 Number of external orbitals:      73 (  73 )

 Integral thresholds in T2TRAN:            1.0D-10 (PROD)

 Available memory for Transformation: 497830377 words
 Memory needed for incore algorithm:     397175 words
 Minimum memory needed:                  148059 words

 Memory used for transformation:           0.40 MW
 Available memory for gradients:         499.43 MW

 CPU for transformation:                   0.52 sec
 CPU for integrals and gradient:           2.96 sec
 Total CPU:                                3.48 sec

 Prescreening statistics:
 ========================

 Total number of shell quadruplets:        5.56D+03
 Number of shell quadruplets processed:    5.56D+03 (100.00%)

 MP2 GRADIENT FOR STATE 1.1

 Atom          dE/dx               dE/dy               dE/dz

   1        -0.001695335        -0.001214144         0.002026330
   2         0.000244703         0.007580139        -0.006888844
   3        -0.000163006        -0.006775650        -0.002961246
   4        -0.005768548        -0.003933993         0.002516112
   5         0.001699647         0.006714879         0.002218526
   6         0.005682539        -0.002371231         0.003089122

 Nuclear force contribution to virial =        -0.083714963
 Starting task  19.  CPU=   233.52 sec, Elapsed=    54.19 sec
 Incrementing variable RCH3             by  0.005292 ANG   to    1.098417 ANG


 Recomputing integrals since geometry changed


 PROGRAM * SEWARD (Integral evaluation for generally contracted gaussian basis sets)     Author: Roland Lindh, 1990

 Geometry written to block  1 of record 700

 Orientation using atomic masses  
 Molecule type: Asymmetric top
 Rotational constants:      23.9537296     24.8123519    128.2111488 GHz  (calculated with average atomic masses)

 Point group  C1  



 ATOMIC COORDINATES

 NR  ATOM    CHARGE       X              Y              Z

   1  C       6.00    0.000924793    0.024331872   -1.375587382
   2  O       8.00   -0.000976138   -0.120773599    1.303857780
   3  H       1.00    0.009110624    1.566104442    1.961910008
   4  H1      1.00    1.689595810    0.972333863   -2.094496946
   5  H2      1.00   -0.010656842   -1.908942905   -2.072742676
   6  H3      1.00   -1.683575179    0.997640148   -2.099254116

 Bond lengths in Bohr (Angstrom)

 1-2  2.683372055  1-4  2.065707758  1-5  2.055166904  1-6  2.075707758  2-3  1.810715882
     ( 1.419979340)     ( 1.093125470)     ( 1.087547490)     ( 1.098417242)     ( 0.958189580)

 Bond angles

  1-2-3  108.21042647   2-1-4  111.89503696   2-1-5  106.72939010   2-1-6  111.89503696

  4-1-5  108.55746630   4-1-6  109.07978552   5-1-6  108.55746630

 NUCLEAR CHARGE:                   18
 NUMBER OF PRIMITIVE AOS:         118
 NUMBER OF SYMMETRY AOS:          114
 NUMBER OF CONTRACTIONS:           82   (   82A   )
 NUMBER OF INNER CORE ORBITALS:     0   (    0A   )
 NUMBER OF OUTER CORE ORBITALS:     2   (    2A   )
 NUMBER OF VALENCE ORBITALS:       12   (   12A   )


 NUCLEAR REPULSION ENERGY   40.32567812

 Eigenvalues of metric

         1 0.655E-03 0.801E-03 0.813E-03 0.110E-02 0.247E-02 0.438E-02 0.499E-02 0.525E-02


 Contracted 2-electron integrals neglected if value below      1.0D-11
 AO integral compression algorithm  1   Integral accuracy      1.0D-11

     31.719 MB (compressed) written to integral file ( 55.7%)


 NUMBER OF SORTED TWO-ELECTRON INTEGRALS:    5791906.     BUFFER LENGTH:  32768
 NUMBER OF SEGMENTS:   1  SEGMENT LENGTH:    5791906      RECORD LENGTH: 524288

 Memory used in sort:       6.35 MW

 SORT1 READ     7174542. AND WROTE     5720113. INTEGRALS IN     17 RECORDS. CPU TIME:     0.04 SEC, REAL TIME:     0.06 SEC
 SORT2 READ     5720113. AND WROTE     5791906. INTEGRALS IN    121 RECORDS. CPU TIME:     0.10 SEC, REAL TIME:     0.12 SEC

 FILE SIZES:   FILE 1:    62.0 MBYTE,  FILE 4:    71.3 MBYTE,   TOTAL:    133.3 MBYTE

 OPERATOR DM      FOR CENTER  0  COORDINATES:    0.000000    0.000000    0.000000

 Program * Restricted Hartree-Fock

 Molecular orbitals read from record     2100.2  Type=RHF/CANONICAL  

 NELEC=   18   SYM=1   MS2= 0   THRE=1.0D-09   THRD=1.0D-07   THRG=1.0D-07  HFMA2=F  DIIS_START=2   DIIS_MAX=10   DIIS_INCORE=F

 Level shifts:    0.00 (CLOSED)    0.00 (OPEN)    0.30 (GAP_MIN)

 ITER           ETOT              DE          GRAD        DDIFF     DIIS  NEXP   TIME(IT)  TIME(TOT)  DIAG
   1     -115.06163374    -115.06163374     0.00D+00     0.99D-01     0     0       0.18      0.18    start
   2     -115.06165298      -0.00001924     0.15D-03     0.44D-03     1     0       0.12      0.30    diag
   3     -115.06165452      -0.00000153     0.35D-04     0.75D-04     2     0       0.12      0.42    diag
   4     -115.06165459      -0.00000007     0.71D-05     0.14D-04     3     0       0.12      0.54    diag
   5     -115.06165460      -0.00000001     0.34D-05     0.54D-05     4     0       0.11      0.65    diag
   6     -115.06165460      -0.00000000     0.92D-06     0.19D-05     5     0       0.12      0.77    diag
   7     -115.06165460      -0.00000000     0.32D-06     0.65D-06     6     0       0.11      0.88    diag
   8     -115.06165460      -0.00000000     0.90D-07     0.18D-06     7     0       0.11      0.99    fixocc
   9     -115.06165460      -0.00000000     0.19D-07     0.54D-07     8     0       0.12      1.11    diag
  10     -115.06165460       0.00000000     0.39D-08     0.67D-08     0     0       0.10      1.21    diag/orth

 Final occupancy:   9

 !RHF STATE 1.1 Energy               -115.061654600978
  RHF One-electron energy            -236.779852441204
  RHF Two-electron energy              81.392519719004
  RHF Kinetic energy                  114.882355802641
  RHF Nuclear energy                   40.325678121222
  RHF Virial quotient                  -1.001560716588

 !RHF STATE 1.1 Dipole moment           0.00545672     0.58930031    -0.39332719
 Dipole moment /Debye                   0.01386959     1.49785199    -0.99973799

 Orbital energies:

           1.1          2.1          3.1          4.1          5.1          6.1          7.1          8.1          9.1         10.1
    -20.568333   -11.279873    -1.361902    -0.926961    -0.692362    -0.619689    -0.594013    -0.503988    -0.450287     0.034543

          11.1
      0.051702


 HOMO      9.1    -0.450287 =     -12.2529eV
 LUMO     10.1     0.034543 =       0.9400eV
 LUMO-HOMO         0.484830 =      13.1929eV

 Orbitals saved in record  2100.1


 **********************************************************************************************************************************
 DATASETS  * FILE   NREC   LENGTH (MB)   RECORD NAMES
              1      20       54.15       500      610      700      900      950      970     1000      129      960     1100   
                                          VAR    BASINP    GEOM    SYMINP    ZMAT    AOBASIS   BASIS     P2S    ABASIS      S 
                                         1400     1410     1200     1210     1080     1600     1650     1300     1700     2100   
                                           T        V       H0       H01     AOSYM     SMH    MOLCAS    ERIS     OPER      RHF  

              2       8        0.74       700     1000      520     2100     4100     5300     9001     5500   
                                         GEOM     BASIS   MCVARS     RHF     CPHF     HESS    DEN_MP2   HINFO   

 PROGRAMS   *        TOTAL    HF-SCF       MP2    HF-SCF       INT
 CPU TIMES  *       242.93      1.92      6.71      1.27      0.84
 REAL TIME  *        59.28 SEC
 DISK USED  *       127.95 MB
 **********************************************************************************************************************************


 PROGRAM * MP2 (Closed-shell)     Authors: C. Hampel, H.-J. Werner, 1991, M. Deegan, P.J. Knowles, 1992


 Convergence thresholds:  THRVAR = 1.00D-12  THRDEN = 1.00D-08

 Number of core orbitals:           2 (   2 )
 Number of closed-shell orbitals:   7 (   7 )
 Number of external orbitals:      73 (  73 )

 Molecular orbitals read from record     2100.1  Type=RHF/CANONICAL (state 1.1)

 Number of N-1 electron functions:               7
 Number of N-2 electron functions:              28
 Number of singly external CSFs:               511
 Number of doubly external CSFs:            130816
 Total number of CSFs:                      131328

 Length of J-op  integral file:               0.00 MB
 Length of K-op  integral file:               0.49 MB

 Integral transformation finished. Total CPU:   0.09 sec, npass=  1  Memory used:   0.49 MW

 Memory needed for MP2:                      0.03 MW

 SCS-MP2 correlation energy:           -0.357451932080   (PS=  1.200000  PT=  0.333333)
 SCS-MP2 total energy:               -115.419106533057


  Reference energy                   -115.061654600978
  MP2 singlet pair energy              -0.231035210144
  MP2 triplet pair energy              -0.128908414136
  MP2 correlation energy               -0.359943624280

 !MP2 total energy                   -115.421598225258

 KEXT needed  1 integral passes. Memory used:   0.46 MW  CPU time:      1.11 sec


 CPHF trial vector read from record  4100.2

 Starting Coupled-perturbed Hartree-Fock, convergence threshold= 1.0D-06

 ITER   MIC  DIIS      VAR         VARC       CPU
   1     0     1    0.74D-02    0.27D-04     0.05
   2     7     2    0.56D-05    0.56D-05     0.09
   3     1     3    0.57D-06    0.89D-07     0.12

 CPHF convergence reached in  3 macroiterations and    8 microiterations.   Accuracy: 5.6841D-07

 Dipole moments (unrelaxed):            0.00538163     0.57725716    -0.38187692
 Orbital relaxation contribution:      -0.00045504    -0.02270860     0.01592807
 !MP2 STATE 1.1 Dipole moment           0.00492659     0.55454856    -0.36594885
 Dipole moment /Debye                   0.01252213     1.40952185    -0.93014921

 CPU-time for density and lagrangian:                  1.17 sec
 CPU-time for coupled-perturbed hartree-fock:          0.12 sec

 MP2 gradient info saved on record         5200.1


 **********************************************************************************************************************************
 DATASETS  * FILE   NREC   LENGTH (MB)   RECORD NAMES
              1      22       57.79       500      610      700      900      950      970     1000      129      960     1100   
                                          VAR    BASINP    GEOM    SYMINP    ZMAT    AOBASIS   BASIS     P2S    ABASIS      S 
                                         1400     1410     1200     1210     1080     1600     1650     1300     1700     2100   
                                           T        V       H0       H01     AOSYM     SMH    MOLCAS    ERIS     OPER      RHF  
                                         1380     5200   
                                         JKOP      MP2  

              2       8        0.74       700     1000      520     2100     4100     5300     9001     5500   
                                         GEOM     BASIS   MCVARS     RHF     CPHF     HESS    DEN_MP2   HINFO   

 PROGRAMS   *        TOTAL       MP2       MP2    HF-SCF       INT
 CPU TIMES  *       250.57      7.64      6.71      1.27      0.84
 REAL TIME  *        60.26 SEC
 DISK USED  *       127.95 MB
 **********************************************************************************************************************************

 PROGRAM * ALASKA (Gradient of the energy)     Author: R. Lindh


 MP2      Gradient info restored from record    5200.1

 Number of core orbitals:           2 (   2 )
 Number of closed-shell orbitals:   7 (   7 )
 Number of external orbitals:      73 (  73 )

 Integral thresholds in T2TRAN:            1.0D-10 (PROD)

 Available memory for Transformation: 497830377 words
 Memory needed for incore algorithm:     397175 words
 Minimum memory needed:                  148059 words

 Memory used for transformation:           0.40 MW
 Available memory for gradients:         499.43 MW

 CPU for transformation:                   0.76 sec
 CPU for integrals and gradient:           2.93 sec
 Total CPU:                                3.69 sec

 Prescreening statistics:
 ========================

 Total number of shell quadruplets:        5.56D+03
 Number of shell quadruplets processed:    5.56D+03 (100.00%)

 MP2 GRADIENT FOR STATE 1.1

 Atom          dE/dx               dE/dy               dE/dz

   1         0.002695892        -0.002797409         0.003044212
   2         0.000080674         0.007565664        -0.006753210
   3        -0.000046285        -0.006783190        -0.002958405
   4        -0.005648639        -0.003174731         0.002821001
   5         0.000127771         0.006697314         0.002236156
   6         0.002790587        -0.001507649         0.001610246

 Nuclear force contribution to virial =        -0.075943007
 Starting task  20.  CPU=   247.11 sec, Elapsed=    57.25 sec
 Incrementing variable RCH3             by -0.005292 ANG   to    1.087834 ANG


 Recomputing integrals since geometry changed


 PROGRAM * SEWARD (Integral evaluation for generally contracted gaussian basis sets)     Author: Roland Lindh, 1990

 Geometry written to block  1 of record 700

 Orientation using atomic masses  
 Molecule type: Asymmetric top
 Rotational constants:      23.9689395     24.8412675    128.8854943 GHz  (calculated with average atomic masses)

 Point group  C1  



 ATOMIC COORDINATES

 NR  ATOM    CHARGE       X              Y              Z

   1  C       6.00   -0.000926083    0.025245397   -1.375795261
   2  O       8.00    0.000963075   -0.121070787    1.303584069
   3  H       1.00   -0.008937898    1.565510881    1.962398345
   4  H1      1.00    1.675563567    0.994006264   -2.095540618
   5  H2      1.00    0.010442713   -1.907715478   -2.073823917
   6  H3      1.00   -1.681320070    0.969165344   -2.090795658

 Bond lengths in Bohr (Angstrom)

 1-2  2.683372055  1-4  2.065707758  1-5  2.055166904  1-6  2.055707758  2-3  1.810715882
     ( 1.419979340)     ( 1.093125470)     ( 1.087547490)     ( 1.087833698)     ( 0.958189580)

 Bond angles

  1-2-3  108.21042647   2-1-4  111.89503696   2-1-5  106.72939010   2-1-6  111.89503696

  4-1-5  108.55746630   4-1-6  109.07978552   5-1-6  108.55746630

 NUCLEAR CHARGE:                   18
 NUMBER OF PRIMITIVE AOS:         118
 NUMBER OF SYMMETRY AOS:          114
 NUMBER OF CONTRACTIONS:           82   (   82A   )
 NUMBER OF INNER CORE ORBITALS:     0   (    0A   )
 NUMBER OF OUTER CORE ORBITALS:     2   (    2A   )
 NUMBER OF VALENCE ORBITALS:       12   (   12A   )


 NUCLEAR REPULSION ENERGY   40.36523088

 Eigenvalues of metric

         1 0.652E-03 0.790E-03 0.809E-03 0.109E-02 0.247E-02 0.437E-02 0.493E-02 0.521E-02


 Contracted 2-electron integrals neglected if value below      1.0D-11
 AO integral compression algorithm  1   Integral accuracy      1.0D-11

     31.719 MB (compressed) written to integral file ( 55.7%)


 NUMBER OF SORTED TWO-ELECTRON INTEGRALS:    5791906.     BUFFER LENGTH:  32768
 NUMBER OF SEGMENTS:   1  SEGMENT LENGTH:    5791906      RECORD LENGTH: 524288

 Memory used in sort:       6.35 MW

 SORT1 READ     7174542. AND WROTE     5720129. INTEGRALS IN     17 RECORDS. CPU TIME:     0.04 SEC, REAL TIME:     0.07 SEC
 SORT2 READ     5720129. AND WROTE     5791906. INTEGRALS IN    121 RECORDS. CPU TIME:     0.10 SEC, REAL TIME:     0.12 SEC

 FILE SIZES:   FILE 1:    62.0 MBYTE,  FILE 4:    71.3 MBYTE,   TOTAL:    133.3 MBYTE

 OPERATOR DM      FOR CENTER  0  COORDINATES:    0.000000    0.000000    0.000000

 Program * Restricted Hartree-Fock

 Molecular orbitals read from record     2100.2  Type=RHF/CANONICAL  

 NELEC=   18   SYM=1   MS2= 0   THRE=1.0D-09   THRD=1.0D-07   THRG=1.0D-07  HFMA2=F  DIIS_START=2   DIIS_MAX=10   DIIS_INCORE=F

 Level shifts:    0.00 (CLOSED)    0.00 (OPEN)    0.30 (GAP_MIN)

 ITER           ETOT              DE          GRAD        DDIFF     DIIS  NEXP   TIME(IT)  TIME(TOT)  DIAG
   1     -115.06165120    -115.06165120     0.00D+00     0.99D-01     0     0       0.18      0.19    start
   2     -115.06166994      -0.00001874     0.15D-03     0.44D-03     1     0       0.11      0.30    diag
   3     -115.06167142      -0.00000149     0.35D-04     0.75D-04     2     0       0.12      0.42    diag
   4     -115.06167149      -0.00000007     0.72D-05     0.14D-04     3     0       0.12      0.54    diag
   5     -115.06167150      -0.00000001     0.35D-05     0.56D-05     4     0       0.11      0.65    diag
   6     -115.06167151      -0.00000000     0.92D-06     0.19D-05     5     0       0.12      0.77    diag
   7     -115.06167151      -0.00000000     0.33D-06     0.66D-06     6     0       0.10      0.87    diag
   8     -115.06167151      -0.00000000     0.91D-07     0.18D-06     7     0       0.12      0.99    fixocc
   9     -115.06167151      -0.00000000     0.19D-07     0.54D-07     8     0       0.11      1.10    diag
  10     -115.06167151       0.00000000     0.39D-08     0.67D-08     0     0       0.13      1.23    diag/orth

 Final occupancy:   9

 !RHF STATE 1.1 Energy               -115.061671505315
  RHF One-electron energy            -236.856547486118
  RHF Two-electron energy              81.429645105178
  RHF Kinetic energy                  114.897911157247
  RHF Nuclear energy                   40.365230875625
  RHF Virial quotient                  -1.001425268279

 !RHF STATE 1.1 Dipole moment          -0.00537828     0.59134402    -0.39572659
 Dipole moment /Debye                  -0.01367022     1.50304658    -1.00583666

 Orbital energies:

           1.1          2.1          3.1          4.1          5.1          6.1          7.1          8.1          9.1         10.1
    -20.568086   -11.278605    -1.361735    -0.928039    -0.692696    -0.620749    -0.593817    -0.504207    -0.450695     0.034532

          11.1
      0.051719


 HOMO      9.1    -0.450695 =     -12.2640eV
 LUMO     10.1     0.034532 =       0.9397eV
 LUMO-HOMO         0.485227 =      13.2037eV

 Orbitals saved in record  2100.1


 **********************************************************************************************************************************
 DATASETS  * FILE   NREC   LENGTH (MB)   RECORD NAMES
              1      20       54.15       500      610      700      900      950      970     1000      129      960     1100   
                                          VAR    BASINP    GEOM    SYMINP    ZMAT    AOBASIS   BASIS     P2S    ABASIS      S 
                                         1400     1410     1200     1210     1080     1600     1650     1300     1700     2100   
                                           T        V       H0       H01     AOSYM     SMH    MOLCAS    ERIS     OPER      RHF  

              2       8        0.74       700     1000      520     2100     4100     5300     9001     5500   
                                         GEOM     BASIS   MCVARS     RHF     CPHF     HESS    DEN_MP2   HINFO   

 PROGRAMS   *        TOTAL    HF-SCF       MP2    HF-SCF       INT
 CPU TIMES  *       256.28      1.93      6.71      1.27      0.84
 REAL TIME  *        62.36 SEC
 DISK USED  *       127.95 MB
 **********************************************************************************************************************************


 PROGRAM * MP2 (Closed-shell)     Authors: C. Hampel, H.-J. Werner, 1991, M. Deegan, P.J. Knowles, 1992


 Convergence thresholds:  THRVAR = 1.00D-12  THRDEN = 1.00D-08

 Number of core orbitals:           2 (   2 )
 Number of closed-shell orbitals:   7 (   7 )
 Number of external orbitals:      73 (  73 )

 Molecular orbitals read from record     2100.1  Type=RHF/CANONICAL (state 1.1)

 Number of N-1 electron functions:               7
 Number of N-2 electron functions:              28
 Number of singly external CSFs:               511
 Number of doubly external CSFs:            130816
 Total number of CSFs:                      131328

 Length of J-op  integral file:               0.00 MB
 Length of K-op  integral file:               0.49 MB

 Integral transformation finished. Total CPU:   0.09 sec, npass=  1  Memory used:   0.49 MW

 Memory needed for MP2:                      0.03 MW

 SCS-MP2 correlation energy:           -0.357273377486   (PS=  1.200000  PT=  0.333333)
 SCS-MP2 total energy:               -115.418944882801


  Reference energy                   -115.061671505315
  MP2 singlet pair energy              -0.230897293342
  MP2 triplet pair energy              -0.128887433800
  MP2 correlation energy               -0.359784727142

 !MP2 total energy                   -115.421456232457

 KEXT needed  1 integral passes. Memory used:   0.46 MW  CPU time:      1.11 sec


 CPHF trial vector read from record  4100.2

 Starting Coupled-perturbed Hartree-Fock, convergence threshold= 1.0D-06

 ITER   MIC  DIIS      VAR         VARC       CPU
   1     0     1    0.73D-02    0.27D-04     0.06
   2     7     2    0.57D-05    0.56D-05     0.10
   3     1     3    0.57D-06    0.88D-07     0.14

 CPHF convergence reached in  3 macroiterations and    8 microiterations.   Accuracy: 5.7134D-07

 Dipole moments (unrelaxed):           -0.00530464     0.57929523    -0.38433384
 Orbital relaxation contribution:       0.00044999    -0.02307306     0.01595717
 !MP2 STATE 1.1 Dipole moment          -0.00485465     0.55622217    -0.36837668
 Dipole moment /Debye                  -0.01233928     1.41377574    -0.93632012

 CPU-time for density and lagrangian:                  0.93 sec
 CPU-time for coupled-perturbed hartree-fock:          0.14 sec

 MP2 gradient info saved on record         5200.1


 **********************************************************************************************************************************
 DATASETS  * FILE   NREC   LENGTH (MB)   RECORD NAMES
              1      22       57.79       500      610      700      900      950      970     1000      129      960     1100   
                                          VAR    BASINP    GEOM    SYMINP    ZMAT    AOBASIS   BASIS     P2S    ABASIS      S 
                                         1400     1410     1200     1210     1080     1600     1650     1300     1700     2100   
                                           T        V       H0       H01     AOSYM     SMH    MOLCAS    ERIS     OPER      RHF  
                                         1380     5200   
                                         JKOP      MP2  

              2       8        0.74       700     1000      520     2100     4100     5300     9001     5500   
                                         GEOM     BASIS   MCVARS     RHF     CPHF     HESS    DEN_MP2   HINFO   

 PROGRAMS   *        TOTAL       MP2       MP2    HF-SCF       INT
 CPU TIMES  *       264.42      8.13      6.71      1.27      0.84
 REAL TIME  *        63.37 SEC
 DISK USED  *       127.95 MB
 **********************************************************************************************************************************

 PROGRAM * ALASKA (Gradient of the energy)     Author: R. Lindh


 MP2      Gradient info restored from record    5200.1

 Number of core orbitals:           2 (   2 )
 Number of closed-shell orbitals:   7 (   7 )
 Number of external orbitals:      73 (  73 )

 Integral thresholds in T2TRAN:            1.0D-10 (PROD)

 Available memory for Transformation: 497830377 words
 Memory needed for incore algorithm:     397175 words
 Minimum memory needed:                  148059 words

 Memory used for transformation:           0.40 MW
 Available memory for gradients:         499.43 MW

 CPU for transformation:                   1.16 sec
 CPU for integrals and gradient:           2.93 sec
 Total CPU:                                4.09 sec

 Prescreening statistics:
 ========================

 Total number of shell quadruplets:        5.56D+03
 Number of shell quadruplets processed:    5.56D+03 (100.00%)

 MP2 GRADIENT FOR STATE 1.1

 Atom          dE/dx               dE/dy               dE/dz

   1        -0.002807260         0.000338370         0.000984654
   2        -0.000079686         0.007600148        -0.007023058
   3         0.000045400        -0.006771559        -0.002963749
   4        -0.005760801        -0.003115697         0.002782243
   5        -0.000127000         0.006747710         0.002192120
   6         0.008729347        -0.004798972         0.004027790

 Nuclear force contribution to virial =        -0.091585462
 Starting task  21.  CPU=   261.64 sec, Elapsed=    60.39 sec
 Incrementing variable AOCH3            by  1.000000 DEG   to  112.895037 DEG


 Recomputing integrals since geometry changed


 PROGRAM * SEWARD (Integral evaluation for generally contracted gaussian basis sets)     Author: Roland Lindh, 1990

 Geometry written to block  1 of record 700

 Orientation using atomic masses  
 Molecule type: Asymmetric top
 Rotational constants:      23.9188411     24.7919105    129.0093361 GHz  (calculated with average atomic masses)

 Point group  C1  



 ATOMIC COORDINATES

 NR  ATOM    CHARGE       X              Y              Z

   1  C       6.00    0.000134739    0.024405059   -1.374643032
   2  O       8.00   -0.000137153   -0.120267931    1.304826176
   3  H       1.00   -0.013155007    1.566699943    1.962596601
   4  H1      1.00    1.675807249    0.995241358   -2.093494242
   5  H2      1.00    0.015025067   -1.908963499   -2.071475365
   6  H3      1.00   -1.677105832    0.965258971   -2.128835664

 Bond lengths in Bohr (Angstrom)

 1-2  2.683372055  1-4  2.065707758  1-5  2.055166904  1-6  2.065707758  2-3  1.810715882
     ( 1.419979340)     ( 1.093125470)     ( 1.087547490)     ( 1.093125470)     ( 0.958189580)

 Bond angles

  1-2-3  108.21042647   2-1-4  111.89503696   2-1-5  106.72939010   2-1-6  112.89503696

  4-1-5  108.55746630   4-1-6  108.51348543   5-1-6  108.09302174

 NUCLEAR CHARGE:                   18
 NUMBER OF PRIMITIVE AOS:         118
 NUMBER OF SYMMETRY AOS:          114
 NUMBER OF CONTRACTIONS:           82   (   82A   )
 NUMBER OF INNER CORE ORBITALS:     0   (    0A   )
 NUMBER OF OUTER CORE ORBITALS:     2   (    2A   )
 NUMBER OF VALENCE ORBITALS:       12   (   12A   )


 NUCLEAR REPULSION ENERGY   40.33443243

 Eigenvalues of metric

         1 0.651E-03 0.793E-03 0.812E-03 0.109E-02 0.247E-02 0.437E-02 0.495E-02 0.524E-02


 Contracted 2-electron integrals neglected if value below      1.0D-11
 AO integral compression algorithm  1   Integral accuracy      1.0D-11

     31.719 MB (compressed) written to integral file ( 55.0%)


 NUMBER OF SORTED TWO-ELECTRON INTEGRALS:    5791906.     BUFFER LENGTH:  32768
 NUMBER OF SEGMENTS:   1  SEGMENT LENGTH:    5791906      RECORD LENGTH: 524288

 Memory used in sort:       6.35 MW

 SORT1 READ     7174542. AND WROTE     5718697. INTEGRALS IN     17 RECORDS. CPU TIME:     0.04 SEC, REAL TIME:     0.07 SEC
 SORT2 READ     5718697. AND WROTE     5791906. INTEGRALS IN    121 RECORDS. CPU TIME:     0.10 SEC, REAL TIME:     0.12 SEC

 FILE SIZES:   FILE 1:    62.0 MBYTE,  FILE 4:    71.3 MBYTE,   TOTAL:    133.3 MBYTE

 OPERATOR DM      FOR CENTER  0  COORDINATES:    0.000000    0.000000    0.000000

 Program * Restricted Hartree-Fock

 Molecular orbitals read from record     2100.2  Type=RHF/CANONICAL  

 NELEC=   18   SYM=1   MS2= 0   THRE=1.0D-09   THRD=1.0D-07   THRG=1.0D-07  HFMA2=F  DIIS_START=2   DIIS_MAX=10   DIIS_INCORE=F

 Level shifts:    0.00 (CLOSED)    0.00 (OPEN)    0.30 (GAP_MIN)

 ITER           ETOT              DE          GRAD        DDIFF     DIIS  NEXP   TIME(IT)  TIME(TOT)  DIAG
   1     -115.06154901    -115.06154901     0.00D+00     0.99D-01     0     0       0.18      0.18    start
   2     -115.06159611      -0.00004710     0.23D-03     0.41D-03     1     0       0.10      0.28    diag
   3     -115.06160031      -0.00000420     0.56D-04     0.11D-03     2     0       0.11      0.39    diag
   4     -115.06160051      -0.00000020     0.10D-04     0.20D-04     3     0       0.12      0.51    diag
   5     -115.06160053      -0.00000002     0.31D-05     0.58D-05     4     0       0.12      0.63    diag
   6     -115.06160053      -0.00000000     0.12D-05     0.26D-05     5     0       0.13      0.76    diag
   7     -115.06160053      -0.00000000     0.34D-06     0.59D-06     6     0       0.12      0.88    diag
   8     -115.06160053      -0.00000000     0.13D-06     0.19D-06     7     0       0.12      1.00    fixocc
   9     -115.06160053      -0.00000000     0.29D-07     0.59D-07     8     0       0.12      1.12    diag
  10     -115.06160053      -0.00000000     0.65D-08     0.99D-08     0     0       0.12      1.24    diag/orth

 Final occupancy:   9

 !RHF STATE 1.1 Energy               -115.061600530317
  RHF One-electron energy            -236.793251730865
  RHF Two-electron energy              81.397218774267
  RHF Kinetic energy                  114.888134469065
  RHF Nuclear energy                   40.334432426282
  RHF Virial quotient                  -1.001509869249

 !RHF STATE 1.1 Dipole moment          -0.00480277     0.59085263    -0.39420140
 Dipole moment /Debye                  -0.01220741     1.50179758    -1.00196001

 Orbital energies:

           1.1          2.1          3.1          4.1          5.1          6.1          7.1          8.1          9.1         10.1
    -20.568807   -11.279232    -1.362043    -0.927796    -0.693136    -0.619378    -0.593913    -0.504465    -0.450638     0.034519

          11.1
      0.051678


 HOMO      9.1    -0.450638 =     -12.2625eV
 LUMO     10.1     0.034519 =       0.9393eV
 LUMO-HOMO         0.485157 =      13.2018eV

 Orbitals saved in record  2100.1


 **********************************************************************************************************************************
 DATASETS  * FILE   NREC   LENGTH (MB)   RECORD NAMES
              1      20       54.01       500      610      700      900      950      970     1000      129      960     1100   
                                          VAR    BASINP    GEOM    SYMINP    ZMAT    AOBASIS   BASIS     P2S    ABASIS      S 
                                         1400     1410     1200     1210     1080     1600     1650     1300     1700     2100   
                                           T        V       H0       H01     AOSYM     SMH    MOLCAS    ERIS     OPER      RHF  

              2       8        0.74       700     1000      520     2100     4100     5300     9001     5500   
                                         GEOM     BASIS   MCVARS     RHF     CPHF     HESS    DEN_MP2   HINFO   

 PROGRAMS   *        TOTAL    HF-SCF       MP2    HF-SCF       INT
 CPU TIMES  *       270.54      1.95      6.71      1.27      0.84
 REAL TIME  *        65.50 SEC
 DISK USED  *       127.95 MB
 **********************************************************************************************************************************


 PROGRAM * MP2 (Closed-shell)     Authors: C. Hampel, H.-J. Werner, 1991, M. Deegan, P.J. Knowles, 1992


 Convergence thresholds:  THRVAR = 1.00D-12  THRDEN = 1.00D-08

 Number of core orbitals:           2 (   2 )
 Number of closed-shell orbitals:   7 (   7 )
 Number of external orbitals:      73 (  73 )

 Molecular orbitals read from record     2100.1  Type=RHF/CANONICAL (state 1.1)

 Number of N-1 electron functions:               7
 Number of N-2 electron functions:              28
 Number of singly external CSFs:               511
 Number of doubly external CSFs:            130816
 Total number of CSFs:                      131328

 Length of J-op  integral file:               0.00 MB
 Length of K-op  integral file:               0.49 MB

 Integral transformation finished. Total CPU:   0.09 sec, npass=  1  Memory used:   0.49 MW

 Memory needed for MP2:                      0.03 MW

 SCS-MP2 correlation energy:           -0.357408901964   (PS=  1.200000  PT=  0.333333)
 SCS-MP2 total energy:               -115.419009432281


  Reference energy                   -115.061600530317
  MP2 singlet pair energy              -0.230988773703
  MP2 triplet pair energy              -0.128928814586
  MP2 correlation energy               -0.359917588289

 !MP2 total energy                   -115.421518118606

 KEXT needed  1 integral passes. Memory used:   0.46 MW  CPU time:      1.19 sec


 CPHF trial vector read from record  4100.2

 Starting Coupled-perturbed Hartree-Fock, convergence threshold= 1.0D-06

 ITER   MIC  DIIS      VAR         VARC       CPU
   1     0     1    0.17D-01    0.91D-04     0.06
   2     5     2    0.68D-05    0.64D-05     0.09
   3     1     3    0.69D-06    0.16D-06     0.13

 CPHF convergence reached in  3 macroiterations and    6 microiterations.   Accuracy: 6.9352D-07

 Dipole moments (unrelaxed):           -0.00462840     0.57877135    -0.38273739
 Orbital relaxation contribution:       0.00053801    -0.02306139     0.01609103
 !MP2 STATE 1.1 Dipole moment          -0.00409039     0.55570996    -0.36664636
 Dipole moment /Debye                  -0.01039674     1.41247382    -0.93192209

 CPU-time for density and lagrangian:                  1.45 sec
 CPU-time for coupled-perturbed hartree-fock:          0.13 sec

 MP2 gradient info saved on record         5200.1


 **********************************************************************************************************************************
 DATASETS  * FILE   NREC   LENGTH (MB)   RECORD NAMES
              1      22       57.65       500      610      700      900      950      970     1000      129      960     1100   
                                          VAR    BASINP    GEOM    SYMINP    ZMAT    AOBASIS   BASIS     P2S    ABASIS      S 
                                         1400     1410     1200     1210     1080     1600     1650     1300     1700     2100   
                                           T        V       H0       H01     AOSYM     SMH    MOLCAS    ERIS     OPER      RHF  
                                         1380     5200   
                                         JKOP      MP2  

              2       8        0.74       700     1000      520     2100     4100     5300     9001     5500   
                                         GEOM     BASIS   MCVARS     RHF     CPHF     HESS    DEN_MP2   HINFO   

 PROGRAMS   *        TOTAL       MP2       MP2    HF-SCF       INT
 CPU TIMES  *       278.39      7.85      6.71      1.27      0.84
 REAL TIME  *        66.51 SEC
 DISK USED  *       127.95 MB
 **********************************************************************************************************************************

 PROGRAM * ALASKA (Gradient of the energy)     Author: R. Lindh


 MP2      Gradient info restored from record    5200.1

 Number of core orbitals:           2 (   2 )
 Number of closed-shell orbitals:   7 (   7 )
 Number of external orbitals:      73 (  73 )

 Integral thresholds in T2TRAN:            1.0D-10 (PROD)

 Available memory for Transformation: 497830377 words
 Memory needed for incore algorithm:     397175 words
 Minimum memory needed:                  148059 words

 Memory used for transformation:           0.40 MW
 Available memory for gradients:         499.43 MW

 CPU for transformation:                   0.88 sec
 CPU for integrals and gradient:           2.86 sec
 Total CPU:                                3.74 sec

 Prescreening statistics:
 ========================

 Total number of shell quadruplets:        5.56D+03
 Number of shell quadruplets processed:    5.56D+03 (100.00%)

 MP2 GRADIENT FOR STATE 1.1

 Atom          dE/dx               dE/dy               dE/dz

   1        -0.001134746        -0.000648914         0.003383674
   2         0.001038489         0.006949226        -0.005877165
   3         0.000079561        -0.006844605        -0.003011866
   4        -0.006115061        -0.002901067         0.002556075
   5        -0.000455695         0.006893946         0.002018253
   6         0.006587452        -0.003448587         0.000931029

 Nuclear force contribution to virial =        -0.082000084
 Starting task  22.  CPU=   275.56 sec, Elapsed=    63.51 sec
 Incrementing variable AOCH3            by -1.000000 DEG   to  110.895037 DEG


 Recomputing integrals since geometry changed


 PROGRAM * SEWARD (Integral evaluation for generally contracted gaussian basis sets)     Author: Roland Lindh, 1990

 Geometry written to block  1 of record 700

 Orientation using atomic masses  
 Molecule type: Asymmetric top
 Rotational constants:      24.0037160     24.8619289    128.1088820 GHz  (calculated with average atomic masses)

 Point group  C1  



 ATOMIC COORDINATES

 NR  ATOM    CHARGE       X              Y              Z

   1  C       6.00   -0.000205017    0.025227418   -1.376746369
   2  O       8.00    0.000183141   -0.121612201    1.302604963
   3  H       1.00    0.012926032    1.564825490    1.961738893
   4  H1      1.00    1.688954965    0.971642638   -2.096597276
   5  H2      1.00   -0.014778290   -1.907579616   -2.075141382
   6  H3      1.00   -1.687566701    1.000886802   -2.060886600

 Bond lengths in Bohr (Angstrom)

 1-2  2.683372055  1-4  2.065707758  1-5  2.055166904  1-6  2.065707758  2-3  1.810715882
     ( 1.419979340)     ( 1.093125470)     ( 1.087547490)     ( 1.093125470)     ( 0.958189580)

 Bond angles

  1-2-3  108.21042647   2-1-4  111.89503696   2-1-5  106.72939010   2-1-6  110.89503696

  4-1-5  108.55746630   4-1-6  109.64197068   5-1-6  109.01730299

 NUCLEAR CHARGE:                   18
 NUMBER OF PRIMITIVE AOS:         118
 NUMBER OF SYMMETRY AOS:          114
 NUMBER OF CONTRACTIONS:           82   (   82A   )
 NUMBER OF INNER CORE ORBITALS:     0   (    0A   )
 NUMBER OF OUTER CORE ORBITALS:     2   (    2A   )
 NUMBER OF VALENCE ORBITALS:       12   (   12A   )


 NUCLEAR REPULSION ENERGY   40.35667675

 Eigenvalues of metric

         1 0.655E-03 0.800E-03 0.809E-03 0.110E-02 0.246E-02 0.437E-02 0.497E-02 0.522E-02


 Contracted 2-electron integrals neglected if value below      1.0D-11
 AO integral compression algorithm  1   Integral accuracy      1.0D-11

     31.719 MB (compressed) written to integral file ( 55.1%)


 NUMBER OF SORTED TWO-ELECTRON INTEGRALS:    5791906.     BUFFER LENGTH:  32768
 NUMBER OF SEGMENTS:   1  SEGMENT LENGTH:    5791906      RECORD LENGTH: 524288

 Memory used in sort:       6.35 MW

 SORT1 READ     7174542. AND WROTE     5719089. INTEGRALS IN     17 RECORDS. CPU TIME:     0.05 SEC, REAL TIME:     0.07 SEC
 SORT2 READ     5719089. AND WROTE     5791906. INTEGRALS IN    121 RECORDS. CPU TIME:     0.10 SEC, REAL TIME:     0.12 SEC

 FILE SIZES:   FILE 1:    62.0 MBYTE,  FILE 4:    71.3 MBYTE,   TOTAL:    133.3 MBYTE

 OPERATOR DM      FOR CENTER  0  COORDINATES:    0.000000    0.000000    0.000000

 Program * Restricted Hartree-Fock

 Molecular orbitals read from record     2100.2  Type=RHF/CANONICAL  

 NELEC=   18   SYM=1   MS2= 0   THRE=1.0D-09   THRD=1.0D-07   THRG=1.0D-07  HFMA2=F  DIIS_START=2   DIIS_MAX=10   DIIS_INCORE=F

 Level shifts:    0.00 (CLOSED)    0.00 (OPEN)    0.30 (GAP_MIN)

 ITER           ETOT              DE          GRAD        DDIFF     DIIS  NEXP   TIME(IT)  TIME(TOT)  DIAG
   1     -115.06162377    -115.06162377     0.00D+00     0.99D-01     0     0       0.16      0.16    start
   2     -115.06166996      -0.00004619     0.23D-03     0.41D-03     1     0       0.10      0.26    diag
   3     -115.06167407      -0.00000410     0.55D-04     0.11D-03     2     0       0.12      0.38    diag
   4     -115.06167426      -0.00000020     0.10D-04     0.20D-04     3     0       0.11      0.49    diag
   5     -115.06167428      -0.00000002     0.35D-05     0.59D-05     4     0       0.13      0.62    diag
   6     -115.06167428      -0.00000000     0.14D-05     0.26D-05     5     0       0.11      0.73    diag
   7     -115.06167428      -0.00000000     0.46D-06     0.76D-06     6     0       0.12      0.85    diag
   8     -115.06167428      -0.00000000     0.13D-06     0.23D-06     7     0       0.11      0.96    fixocc
   9     -115.06167428      -0.00000000     0.27D-07     0.61D-07     8     0       0.11      1.07    diag
  10     -115.06167428       0.00000000     0.64D-08     0.98D-08     0     0       0.10      1.17    diag/orth

 Final occupancy:   9

 !RHF STATE 1.1 Energy               -115.061674283542
  RHF One-electron energy            -236.843508045578
  RHF Two-electron energy              81.425157007574
  RHF Kinetic energy                  114.892107797917
  RHF Nuclear energy                   40.356676754462
  RHF Virial quotient                  -1.001475875836

 !RHF STATE 1.1 Dipole moment           0.00471144     0.58979686    -0.39478909
 Dipole moment /Debye                   0.01197528     1.49911409    -1.00345377

 Orbital energies:

           1.1          2.1          3.1          4.1          5.1          6.1          7.1          8.1          9.1         10.1
    -20.567614   -11.279247    -1.361604    -0.927197    -0.691921    -0.621120    -0.593872    -0.503708    -0.450315     0.034556

          11.1
      0.051739


 HOMO      9.1    -0.450315 =     -12.2537eV
 LUMO     10.1     0.034556 =       0.9403eV
 LUMO-HOMO         0.484871 =      13.1940eV

 Orbitals saved in record  2100.1


 **********************************************************************************************************************************
 DATASETS  * FILE   NREC   LENGTH (MB)   RECORD NAMES
              1      20       54.05       500      610      700      900      950      970     1000      129      960     1100   
                                          VAR    BASINP    GEOM    SYMINP    ZMAT    AOBASIS   BASIS     P2S    ABASIS      S 
                                         1400     1410     1200     1210     1080     1600     1650     1300     1700     2100   
                                           T        V       H0       H01     AOSYM     SMH    MOLCAS    ERIS     OPER      RHF  

              2       8        0.74       700     1000      520     2100     4100     5300     9001     5500   
                                         GEOM     BASIS   MCVARS     RHF     CPHF     HESS    DEN_MP2   HINFO   

 PROGRAMS   *        TOTAL    HF-SCF       MP2    HF-SCF       INT
 CPU TIMES  *       284.09      1.88      6.71      1.27      0.84
 REAL TIME  *        68.61 SEC
 DISK USED  *       127.95 MB
 **********************************************************************************************************************************


 PROGRAM * MP2 (Closed-shell)     Authors: C. Hampel, H.-J. Werner, 1991, M. Deegan, P.J. Knowles, 1992


 Convergence thresholds:  THRVAR = 1.00D-12  THRDEN = 1.00D-08

 Number of core orbitals:           2 (   2 )
 Number of closed-shell orbitals:   7 (   7 )
 Number of external orbitals:      73 (  73 )

 Molecular orbitals read from record     2100.1  Type=RHF/CANONICAL (state 1.1)

 Number of N-1 electron functions:               7
 Number of N-2 electron functions:              28
 Number of singly external CSFs:               511
 Number of doubly external CSFs:            130816
 Total number of CSFs:                      131328

 Length of J-op  integral file:               0.00 MB
 Length of K-op  integral file:               0.49 MB

 Integral transformation finished. Total CPU:   0.08 sec, npass=  1  Memory used:   0.49 MW

 Memory needed for MP2:                      0.03 MW

 SCS-MP2 correlation energy:           -0.357323095971   (PS=  1.200000  PT=  0.333333)
 SCS-MP2 total energy:               -115.418997379513


  Reference energy                   -115.061674283542
  MP2 singlet pair energy              -0.230947299526
  MP2 triplet pair energy              -0.128870898009
  MP2 correlation energy               -0.359818197536

 !MP2 total energy                   -115.421492481078

 KEXT needed  1 integral passes. Memory used:   0.46 MW  CPU time:      1.14 sec


 CPHF trial vector read from record  4100.2

 Starting Coupled-perturbed Hartree-Fock, convergence threshold= 1.0D-06

 ITER   MIC  DIIS      VAR         VARC       CPU
   1     0     1    0.17D-01    0.90D-04     0.06
   2     5     2    0.68D-05    0.64D-05     0.10
   3     1     3    0.71D-06    0.16D-06     0.13

 CPHF convergence reached in  3 macroiterations and    6 microiterations.   Accuracy: 7.1269D-07

 Dipole moments (unrelaxed):            0.00454061     0.57778675    -0.38340883
 Orbital relaxation contribution:      -0.00053251    -0.02272044     0.01580006
 !MP2 STATE 1.1 Dipole moment           0.00400809     0.55506632    -0.36760877
 Dipole moment /Debye                   0.01018756     1.41083785    -0.93436830

 CPU-time for density and lagrangian:                  1.06 sec
 CPU-time for coupled-perturbed hartree-fock:          0.14 sec

 MP2 gradient info saved on record         5200.1


 **********************************************************************************************************************************
 DATASETS  * FILE   NREC   LENGTH (MB)   RECORD NAMES
              1      22       57.69       500      610      700      900      950      970     1000      129      960     1100   
                                          VAR    BASINP    GEOM    SYMINP    ZMAT    AOBASIS   BASIS     P2S    ABASIS      S 
                                         1400     1410     1200     1210     1080     1600     1650     1300     1700     2100   
                                           T        V       H0       H01     AOSYM     SMH    MOLCAS    ERIS     OPER      RHF  
                                         1380     5200   
                                         JKOP      MP2  

              2       8        0.74       700     1000      520     2100     4100     5300     9001     5500   
                                         GEOM     BASIS   MCVARS     RHF     CPHF     HESS    DEN_MP2   HINFO   

 PROGRAMS   *        TOTAL       MP2       MP2    HF-SCF       INT
 CPU TIMES  *       292.06      7.97      6.71      1.27      0.84
 REAL TIME  *        69.63 SEC
 DISK USED  *       127.95 MB
 **********************************************************************************************************************************

 PROGRAM * ALASKA (Gradient of the energy)     Author: R. Lindh


 MP2      Gradient info restored from record    5200.1

 Number of core orbitals:           2 (   2 )
 Number of closed-shell orbitals:   7 (   7 )
 Number of external orbitals:      73 (  73 )

 Integral thresholds in T2TRAN:            1.0D-10 (PROD)

 Available memory for Transformation: 497830377 words
 Memory needed for incore algorithm:     397175 words
 Minimum memory needed:                  148059 words

 Memory used for transformation:           0.40 MW
 Available memory for gradients:         499.43 MW

 CPU for transformation:                   0.61 sec
 CPU for integrals and gradient:           2.84 sec
 Total CPU:                                3.45 sec

 Prescreening statistics:
 ========================

 Total number of shell quadruplets:        5.56D+03
 Number of shell quadruplets processed:    5.56D+03 (100.00%)

 MP2 GRADIENT FOR STATE 1.1

 Atom          dE/dx               dE/dy               dE/dz

   1         0.001090005        -0.001825754         0.000688264
   2        -0.001049510         0.008245507        -0.007942374
   3        -0.000077134        -0.006709610        -0.002911793
   4        -0.005305279        -0.003394616         0.003039442
   5         0.000448518         0.006550584         0.002403538
   6         0.004893401        -0.002866112         0.004722924

 Nuclear force contribution to virial =        -0.085536404
 Starting task  23.  CPU=   289.24 sec, Elapsed=    66.60 sec
 Incrementing variable AHH3             by  1.000000 DEG   to  299.617172 DEG


 Recomputing integrals since geometry changed


 PROGRAM * SEWARD (Integral evaluation for generally contracted gaussian basis sets)     Author: Roland Lindh, 1990

 Geometry written to block  1 of record 700

 Orientation using atomic masses  
 Molecule type: Asymmetric top
 Rotational constants:      23.9447197     24.8479840    128.5148118 GHz  (calculated with average atomic masses)

 Point group  C1  



 ATOMIC COORDINATES

 NR  ATOM    CHARGE       X              Y              Z

   1  C       6.00   -0.001072035    0.022482287   -1.375764663
   2  O       8.00   -0.001173887   -0.120504113    1.303795089
   3  H       1.00    0.019505563    1.566801704    1.960501603
   4  H1      1.00    1.692443419    0.959949751   -2.097088935
   5  H2      1.00   -0.024737117   -1.911237823   -2.071377703
   6  H3      1.00   -1.655803549    1.029384624   -2.093511028

 Bond lengths in Bohr (Angstrom)

 1-2  2.683372055  1-4  2.065707758  1-5  2.055166904  1-6  2.065707758  2-3  1.810715882
     ( 1.419979340)     ( 1.093125470)     ( 1.087547490)     ( 1.093125470)     ( 0.958189580)

 Bond angles

  1-2-3  108.21042647   2-1-4  111.89503696   2-1-5  106.72939010   2-1-6  111.89503696

  4-1-5  108.55746630   4-1-6  108.31124199   5-1-6  109.37833707

 NUCLEAR CHARGE:                   18
 NUMBER OF PRIMITIVE AOS:         118
 NUMBER OF SYMMETRY AOS:          114
 NUMBER OF CONTRACTIONS:           82   (   82A   )
 NUMBER OF INNER CORE ORBITALS:     0   (    0A   )
 NUMBER OF OUTER CORE ORBITALS:     2   (    2A   )
 NUMBER OF VALENCE ORBITALS:       12   (   12A   )


 NUCLEAR REPULSION ENERGY   40.34586756

 Eigenvalues of metric

         1 0.658E-03 0.793E-03 0.810E-03 0.109E-02 0.247E-02 0.439E-02 0.499E-02 0.517E-02


 Contracted 2-electron integrals neglected if value below      1.0D-11
 AO integral compression algorithm  1   Integral accuracy      1.0D-11

     31.457 MB (compressed) written to integral file ( 55.1%)


 NUMBER OF SORTED TWO-ELECTRON INTEGRALS:    5791906.     BUFFER LENGTH:  32768
 NUMBER OF SEGMENTS:   1  SEGMENT LENGTH:    5791906      RECORD LENGTH: 524288

 Memory used in sort:       6.35 MW

 SORT1 READ     7174542. AND WROTE     5717403. INTEGRALS IN     17 RECORDS. CPU TIME:     0.05 SEC, REAL TIME:     0.07 SEC
 SORT2 READ     5717403. AND WROTE     5791906. INTEGRALS IN    120 RECORDS. CPU TIME:     0.10 SEC, REAL TIME:     0.12 SEC

 FILE SIZES:   FILE 1:    61.7 MBYTE,  FILE 4:    71.3 MBYTE,   TOTAL:    133.1 MBYTE

 OPERATOR DM      FOR CENTER  0  COORDINATES:    0.000000    0.000000    0.000000

 Program * Restricted Hartree-Fock

 Molecular orbitals read from record     2100.2  Type=RHF/CANONICAL  

 NELEC=   18   SYM=1   MS2= 0   THRE=1.0D-09   THRD=1.0D-07   THRG=1.0D-07  HFMA2=F  DIIS_START=2   DIIS_MAX=10   DIIS_INCORE=F

 Level shifts:    0.00 (CLOSED)    0.00 (OPEN)    0.30 (GAP_MIN)

 ITER           ETOT              DE          GRAD        DDIFF     DIIS  NEXP   TIME(IT)  TIME(TOT)  DIAG
   1     -115.06152939    -115.06152939     0.00D+00     0.99D-01     0     0       0.16      0.17    start
   2     -115.06164494      -0.00011555     0.36D-03     0.59D-03     1     0       0.11      0.28    diag
   3     -115.06165512      -0.00001017     0.88D-04     0.16D-03     2     0       0.12      0.40    diag
   4     -115.06165545      -0.00000033     0.13D-04     0.27D-04     3     0       0.12      0.52    diag
   5     -115.06165547      -0.00000002     0.32D-05     0.62D-05     4     0       0.12      0.64    diag
   6     -115.06165547      -0.00000000     0.13D-05     0.28D-05     5     0       0.11      0.75    diag
   7     -115.06165547      -0.00000000     0.43D-06     0.70D-06     6     0       0.11      0.86    diag
   8     -115.06165547      -0.00000000     0.14D-06     0.28D-06     7     0       0.11      0.97    fixocc
   9     -115.06165547      -0.00000000     0.46D-07     0.92D-07     8     0       0.11      1.08    diag
  10     -115.06165547      -0.00000000     0.90D-08     0.16D-07     0     0       0.12      1.20    diag/orth

 Final occupancy:   9

 !RHF STATE 1.1 Energy               -115.061655469340
  RHF One-electron energy            -236.818620510978
  RHF Two-electron energy              81.411097482213
  RHF Kinetic energy                  114.890227805700
  RHF Nuclear energy                   40.345867559425
  RHF Virial quotient                  -1.001492099606

 !RHF STATE 1.1 Dipole moment           0.00768325     0.59149013    -0.39489256
 Dipole moment /Debye                   0.01952888     1.50341795    -1.00371678

 Orbital energies:

           1.1          2.1          3.1          4.1          5.1          6.1          7.1          8.1          9.1         10.1
    -20.568201   -11.279299    -1.361836    -0.927464    -0.693132    -0.619281    -0.593971    -0.505094    -0.449935     0.034504

          11.1
      0.051717


 HOMO      9.1    -0.449935 =     -12.2434eV
 LUMO     10.1     0.034504 =       0.9389eV
 LUMO-HOMO         0.484439 =      13.1822eV

 Orbitals saved in record  2100.1


 **********************************************************************************************************************************
 DATASETS  * FILE   NREC   LENGTH (MB)   RECORD NAMES
              1      20       53.95       500      610      700      900      950      970     1000      129      960     1100   
                                          VAR    BASINP    GEOM    SYMINP    ZMAT    AOBASIS   BASIS     P2S    ABASIS      S 
                                         1400     1410     1200     1210     1080     1600     1650     1300     1700     2100   
                                           T        V       H0       H01     AOSYM     SMH    MOLCAS    ERIS     OPER      RHF  

              2       8        0.74       700     1000      520     2100     4100     5300     9001     5500   
                                         GEOM     BASIS   MCVARS     RHF     CPHF     HESS    DEN_MP2   HINFO   

 PROGRAMS   *        TOTAL    HF-SCF       MP2    HF-SCF       INT
 CPU TIMES  *       297.53      1.93      6.71      1.27      0.84
 REAL TIME  *        71.73 SEC
 DISK USED  *       127.95 MB
 **********************************************************************************************************************************


 PROGRAM * MP2 (Closed-shell)     Authors: C. Hampel, H.-J. Werner, 1991, M. Deegan, P.J. Knowles, 1992


 Convergence thresholds:  THRVAR = 1.00D-12  THRDEN = 1.00D-08

 Number of core orbitals:           2 (   2 )
 Number of closed-shell orbitals:   7 (   7 )
 Number of external orbitals:      73 (  73 )

 Molecular orbitals read from record     2100.1  Type=RHF/CANONICAL (state 1.1)

 Number of N-1 electron functions:               7
 Number of N-2 electron functions:              28
 Number of singly external CSFs:               511
 Number of doubly external CSFs:            130816
 Total number of CSFs:                      131328

 Length of J-op  integral file:               0.00 MB
 Length of K-op  integral file:               0.49 MB

 Integral transformation finished. Total CPU:   0.09 sec, npass=  1  Memory used:   0.49 MW

 Memory needed for MP2:                      0.03 MW

 SCS-MP2 correlation energy:           -0.357358822189   (PS=  1.200000  PT=  0.333333)
 SCS-MP2 total energy:               -115.419014291529


  Reference energy                   -115.061655469340
  MP2 singlet pair energy              -0.230965278857
  MP2 triplet pair energy              -0.128893640722
  MP2 correlation energy               -0.359858919579

 !MP2 total energy                   -115.421514388920

 KEXT needed  1 integral passes. Memory used:   0.46 MW  CPU time:      1.12 sec


 CPHF trial vector read from record  4100.2

 Starting Coupled-perturbed Hartree-Fock, convergence threshold= 1.0D-06

 ITER   MIC  DIIS      VAR         VARC       CPU
   1     0     1    0.20D-01    0.62D-04     0.06
   2     6     2    0.47D-05    0.45D-05     0.09
   3     1     3    0.38D-06    0.87D-07     0.13

 CPHF convergence reached in  3 macroiterations and    7 microiterations.   Accuracy: 3.8292D-07

 Dipole moments (unrelaxed):            0.00754137     0.57945833    -0.38345378
 Orbital relaxation contribution:      -0.00028188    -0.02283364     0.01600652
 !MP2 STATE 1.1 Dipole moment           0.00725949     0.55662468    -0.36744726
 Dipole moment /Debye                   0.01845178     1.41479883    -0.93395778

 CPU-time for density and lagrangian:                  0.72 sec
 CPU-time for coupled-perturbed hartree-fock:          0.13 sec

 MP2 gradient info saved on record         5200.1


 **********************************************************************************************************************************
 DATASETS  * FILE   NREC   LENGTH (MB)   RECORD NAMES
              1      22       57.59       500      610      700      900      950      970     1000      129      960     1100   
                                          VAR    BASINP    GEOM    SYMINP    ZMAT    AOBASIS   BASIS     P2S    ABASIS      S 
                                         1400     1410     1200     1210     1080     1600     1650     1300     1700     2100   
                                           T        V       H0       H01     AOSYM     SMH    MOLCAS    ERIS     OPER      RHF  
                                         1380     5200   
                                         JKOP      MP2  

              2       8        0.74       700     1000      520     2100     4100     5300     9001     5500   
                                         GEOM     BASIS   MCVARS     RHF     CPHF     HESS    DEN_MP2   HINFO   

 PROGRAMS   *        TOTAL       MP2       MP2    HF-SCF       INT
 CPU TIMES  *       302.89      5.36      6.71      1.27      0.84
 REAL TIME  *        72.52 SEC
 DISK USED  *       127.95 MB
 **********************************************************************************************************************************

 PROGRAM * ALASKA (Gradient of the energy)     Author: R. Lindh


 MP2      Gradient info restored from record    5200.1

 Number of core orbitals:           2 (   2 )
 Number of closed-shell orbitals:   7 (   7 )
 Number of external orbitals:      73 (  73 )

 Integral thresholds in T2TRAN:            1.0D-10 (PROD)

 Available memory for Transformation: 497830377 words
 Memory needed for incore algorithm:     397175 words
 Minimum memory needed:                  148059 words

 Memory used for transformation:           0.40 MW
 Available memory for gradients:         499.43 MW

 CPU for transformation:                   0.42 sec
 CPU for integrals and gradient:           2.77 sec
 Total CPU:                                3.19 sec

 Prescreening statistics:
 ========================

 Total number of shell quadruplets:        5.56D+03
 Number of shell quadruplets processed:    5.56D+03 (100.00%)

 MP2 GRADIENT FOR STATE 1.1

 Atom          dE/dx               dE/dy               dE/dz

   1        -0.000879055        -0.002731418         0.001964912
   2         0.000163619         0.007674044        -0.006919996
   3        -0.000118875        -0.006762232        -0.002976453
   4        -0.006488737        -0.002595161         0.002565885
   5         0.000889154         0.006320451         0.002501297
   6         0.006433893        -0.001905684         0.002864354

 Nuclear force contribution to virial =        -0.083892111
 Starting task  24.  CPU=   300.10 sec, Elapsed=    69.46 sec
 Incrementing variable AHH3             by -1.000000 DEG   to  297.617172 DEG


 Recomputing integrals since geometry changed


 PROGRAM * SEWARD (Integral evaluation for generally contracted gaussian basis sets)     Author: Roland Lindh, 1990

 Geometry written to block  1 of record 700

 Orientation using atomic masses  
 Molecule type: Asymmetric top
 Rotational constants:      23.9773822     24.8062976    128.5839980 GHz  (calculated with average atomic masses)

 Point group  C1  



 ATOMIC COORDINATES

 NR  ATOM    CHARGE       X              Y              Z

   1  C       6.00    0.000930999    0.027158280   -1.375613323
   2  O       8.00    0.001405004   -0.121339249    1.303646620
   3  H       1.00   -0.022284663    1.564572179    1.963823460
   4  H1      1.00    1.670496462    1.009560730   -2.092959217
   5  H2      1.00    0.028048349   -1.905081114   -2.075203615
   6  H3      1.00   -1.709656422    0.933381958   -2.096583409

 Bond lengths in Bohr (Angstrom)

 1-2  2.683372055  1-4  2.065707758  1-5  2.055166904  1-6  2.065707758  2-3  1.810715882
     ( 1.419979340)     ( 1.093125470)     ( 1.087547490)     ( 1.093125470)     ( 0.958189580)

 Bond angles

  1-2-3  108.21042647   2-1-4  111.89503696   2-1-5  106.72939010   2-1-6  111.89503696

  4-1-5  108.55746630   4-1-6  109.84326609   5-1-6  107.73272656

 NUCLEAR CHARGE:                   18
 NUMBER OF PRIMITIVE AOS:         118
 NUMBER OF SYMMETRY AOS:          114
 NUMBER OF CONTRACTIONS:           82   (   82A   )
 NUMBER OF INNER CORE ORBITALS:     0   (    0A   )
 NUMBER OF OUTER CORE ORBITALS:     2   (    2A   )
 NUMBER OF VALENCE ORBITALS:       12   (   12A   )


 NUCLEAR REPULSION ENERGY   40.34496329

 Eigenvalues of metric

         1 0.649E-03 0.801E-03 0.810E-03 0.110E-02 0.247E-02 0.436E-02 0.492E-02 0.529E-02


 Contracted 2-electron integrals neglected if value below      1.0D-11
 AO integral compression algorithm  1   Integral accuracy      1.0D-11

     31.719 MB (compressed) written to integral file ( 55.3%)


 NUMBER OF SORTED TWO-ELECTRON INTEGRALS:    5791906.     BUFFER LENGTH:  32768
 NUMBER OF SEGMENTS:   1  SEGMENT LENGTH:    5791906      RECORD LENGTH: 524288

 Memory used in sort:       6.35 MW

 SORT1 READ     7174542. AND WROTE     5719368. INTEGRALS IN     17 RECORDS. CPU TIME:     0.04 SEC, REAL TIME:     0.07 SEC
 SORT2 READ     5719368. AND WROTE     5791906. INTEGRALS IN    121 RECORDS. CPU TIME:     0.10 SEC, REAL TIME:     0.12 SEC

 FILE SIZES:   FILE 1:    62.0 MBYTE,  FILE 4:    71.3 MBYTE,   TOTAL:    133.3 MBYTE

 OPERATOR DM      FOR CENTER  0  COORDINATES:    0.000000    0.000000    0.000000

 Program * Restricted Hartree-Fock

 Molecular orbitals read from record     2100.2  Type=RHF/CANONICAL  

 NELEC=   18   SYM=1   MS2= 0   THRE=1.0D-09   THRD=1.0D-07   THRG=1.0D-07  HFMA2=F  DIIS_START=2   DIIS_MAX=10   DIIS_INCORE=F

 Level shifts:    0.00 (CLOSED)    0.00 (OPEN)    0.30 (GAP_MIN)

 ITER           ETOT              DE          GRAD        DDIFF     DIIS  NEXP   TIME(IT)  TIME(TOT)  DIAG
   1     -115.06149388    -115.06149388     0.00D+00     0.99D-01     0     0       0.19      0.20    start
   2     -115.06163365      -0.00013977     0.40D-03     0.63D-03     1     0       0.11      0.31    diag
   3     -115.06164597      -0.00001232     0.97D-04     0.17D-03     2     0       0.11      0.42    diag
   4     -115.06164637      -0.00000040     0.15D-04     0.29D-04     3     0       0.12      0.54    diag
   5     -115.06164639      -0.00000002     0.39D-05     0.68D-05     4     0       0.10      0.64    diag
   6     -115.06164640      -0.00000000     0.17D-05     0.32D-05     5     0       0.12      0.76    diag
   7     -115.06164640      -0.00000000     0.60D-06     0.10D-05     6     0       0.11      0.87    diag
   8     -115.06164640      -0.00000000     0.15D-06     0.35D-06     7     0       0.13      1.00    fixocc
   9     -115.06164640      -0.00000000     0.44D-07     0.98D-07     8     0       0.12      1.12    diag
  10     -115.06164640      -0.00000000     0.96D-08     0.17D-07     0     0       0.12      1.24    diag/orth

 Final occupancy:   9

 !RHF STATE 1.1 Energy               -115.061646397629
  RHF One-electron energy            -236.817643403750
  RHF Two-electron energy              81.411033711670
  RHF Kinetic energy                  114.889928414783
  RHF Nuclear energy                   40.344963294451
  RHF Virial quotient                  -1.001494630428

 !RHF STATE 1.1 Dipole moment          -0.00867426     0.58906501    -0.39418530
 Dipole moment /Debye                  -0.02204776     1.49725391    -1.00191910

 Orbital energies:

           1.1          2.1          3.1          4.1          5.1          6.1          7.1          8.1          9.1         10.1
    -20.568217   -11.279180    -1.361800    -0.927538    -0.691931    -0.621165    -0.593843    -0.503097    -0.451018     0.034571

          11.1
      0.051702


 HOMO      9.1    -0.451018 =     -12.2728eV
 LUMO     10.1     0.034571 =       0.9407eV
 LUMO-HOMO         0.485589 =      13.2136eV

 Orbitals saved in record  2100.1


 **********************************************************************************************************************************
 DATASETS  * FILE   NREC   LENGTH (MB)   RECORD NAMES
              1      20       54.09       500      610      700      900      950      970     1000      129      960     1100   
                                          VAR    BASINP    GEOM    SYMINP    ZMAT    AOBASIS   BASIS     P2S    ABASIS      S 
                                         1400     1410     1200     1210     1080     1600     1650     1300     1700     2100   
                                           T        V       H0       H01     AOSYM     SMH    MOLCAS    ERIS     OPER      RHF  

              2       8        0.74       700     1000      520     2100     4100     5300     9001     5500   
                                         GEOM     BASIS   MCVARS     RHF     CPHF     HESS    DEN_MP2   HINFO   

 PROGRAMS   *        TOTAL    HF-SCF       MP2    HF-SCF       INT
 CPU TIMES  *       308.10      1.94      6.71      1.27      0.84
 REAL TIME  *        74.56 SEC
 DISK USED  *       127.95 MB
 **********************************************************************************************************************************


 PROGRAM * MP2 (Closed-shell)     Authors: C. Hampel, H.-J. Werner, 1991, M. Deegan, P.J. Knowles, 1992


 Convergence thresholds:  THRVAR = 1.00D-12  THRDEN = 1.00D-08

 Number of core orbitals:           2 (   2 )
 Number of closed-shell orbitals:   7 (   7 )
 Number of external orbitals:      73 (  73 )

 Molecular orbitals read from record     2100.1  Type=RHF/CANONICAL (state 1.1)

 Number of N-1 electron functions:               7
 Number of N-2 electron functions:              28
 Number of singly external CSFs:               511
 Number of doubly external CSFs:            130816
 Total number of CSFs:                      131328

 Length of J-op  integral file:               0.00 MB
 Length of K-op  integral file:               0.49 MB

 Integral transformation finished. Total CPU:   0.08 sec, npass=  1  Memory used:   0.49 MW

 Memory needed for MP2:                      0.03 MW

 SCS-MP2 correlation energy:           -0.357371567422   (PS=  1.200000  PT=  0.333333)
 SCS-MP2 total energy:               -115.419017965051


  Reference energy                   -115.061646397629
  MP2 singlet pair energy              -0.230969702034
  MP2 triplet pair energy              -0.128905593719
  MP2 correlation energy               -0.359875295753

 !MP2 total energy                   -115.421521693382

 KEXT needed  1 integral passes. Memory used:   0.46 MW  CPU time:      1.16 sec


 CPHF trial vector read from record  4100.2

 Starting Coupled-perturbed Hartree-Fock, convergence threshold= 1.0D-06

 ITER   MIC  DIIS      VAR         VARC       CPU
   1     0     1    0.22D-01    0.67D-04     0.06
   2     6     2    0.52D-05    0.51D-05     0.10
   3     1     3    0.42D-06    0.90D-07     0.14

 CPHF convergence reached in  3 macroiterations and    7 microiterations.   Accuracy: 4.1698D-07

 Dipole moments (unrelaxed):           -0.00850988     0.57700602    -0.38278080
 Orbital relaxation contribution:       0.00032606    -0.02295111     0.01588115
 !MP2 STATE 1.1 Dipole moment          -0.00818382     0.55405491    -0.36689965
 Dipole moment /Debye                  -0.02080120     1.40826712    -0.93256588

 CPU-time for density and lagrangian:                  0.95 sec
 CPU-time for coupled-perturbed hartree-fock:          0.14 sec

 MP2 gradient info saved on record         5200.1


 **********************************************************************************************************************************
 DATASETS  * FILE   NREC   LENGTH (MB)   RECORD NAMES
              1      22       57.73       500      610      700      900      950      970     1000      129      960     1100   
                                          VAR    BASINP    GEOM    SYMINP    ZMAT    AOBASIS   BASIS     P2S    ABASIS      S 
                                         1400     1410     1200     1210     1080     1600     1650     1300     1700     2100   
                                           T        V       H0       H01     AOSYM     SMH    MOLCAS    ERIS     OPER      RHF  
                                         1380     5200   
                                         JKOP      MP2  

              2       8        0.74       700     1000      520     2100     4100     5300     9001     5500   
                                         GEOM     BASIS   MCVARS     RHF     CPHF     HESS    DEN_MP2   HINFO   

 PROGRAMS   *        TOTAL       MP2       MP2    HF-SCF       INT
 CPU TIMES  *       314.26      6.16      6.71      1.27      0.84
 REAL TIME  *        75.41 SEC
 DISK USED  *       127.95 MB
 **********************************************************************************************************************************

 PROGRAM * ALASKA (Gradient of the energy)     Author: R. Lindh


 MP2      Gradient info restored from record    5200.1

 Number of core orbitals:           2 (   2 )
 Number of closed-shell orbitals:   7 (   7 )
 Number of external orbitals:      73 (  73 )

 Integral thresholds in T2TRAN:            1.0D-10 (PROD)

 Available memory for Transformation: 497830377 words
 Memory needed for incore algorithm:     397175 words
 Minimum memory needed:                  148059 words

 Memory used for transformation:           0.40 MW
 Available memory for gradients:         499.43 MW

 CPU for transformation:                   0.47 sec
 CPU for integrals and gradient:           2.85 sec
 Total CPU:                                3.32 sec

 Prescreening statistics:
 ========================

 Total number of shell quadruplets:        5.56D+03
 Number of shell quadruplets processed:    5.56D+03 (100.00%)

 MP2 GRADIENT FOR STATE 1.1

 Atom          dE/dx               dE/dy               dE/dz

   1         0.000811241         0.000287314         0.002091854
   2        -0.000173084         0.007487670        -0.006858225
   3         0.000132907        -0.006789913        -0.002946057
   4        -0.004915142        -0.003674524         0.003039767
   5        -0.000925441         0.007111635         0.001928514
   6         0.005069518        -0.004422183         0.002744147

 Nuclear force contribution to virial =        -0.083537124

 Numerical MP2 hessian completed. CPU-time:   311.85 sec, Elapsed:    72.36 sec
 Reading points 1 to 1 from record 700.2,  wavefunction type=MP2             
 No hessian update for point  1
                             IDIR  =        -1

 Quadratic Steepest Descent -  Reaction Path Following using exact Hessian

 Hessian eigenvalues:     0.056225  0.149490  0.173690  0.177754  0.241720  0.271421  0.326248  0.361739  0.375219  0.384058
                          0.464317  0.559709

 QSDPATH1: Starting point is not a critical point.
 Performing a regular QSD step. Stepsize =  0.102902    Curvature =  0.46343D+01

 Optimization point 1

 Variable                      Last           Current        Next           Gradient       Hessian

 E(MP2) / Hartree            0.00000000  -115.42154518     0.00000000
 RCO / ANGSTROM              0.00000000     1.41997934     1.43419399    -0.01866862     1.33585505
 ROH / ANGSTROM              0.00000000     0.95818958     0.96554073    -0.01396522     1.99418962
 ACOH / DEGREE               0.00000000   108.21042647   107.91348241    -0.00000929     0.00005571
 RCH1 / ANGSTROM             0.00000000     1.09312547     1.10276102    -0.01338150     1.28685065
 AOCH1 / DEGREE              0.00000000   111.89503696   111.87928716    -0.00001273     0.00007989
 AHH1 / DEGREE               0.00000000    61.38282783    61.48429655    -0.00000365     0.00005441
 RCH2 / ANGSTROM             0.00000000     1.08754749     1.09716574    -0.01337071     1.34627767
 AOCH2 / DEGREE              0.00000000   106.72939010   106.31269437     0.00000716     0.00007949
 AHH2 / DEGREE               0.00000000   180.00000000   179.99999926     0.00000000     0.00005658
 RCH3 / ANGSTROM             0.00000000     1.09312547     1.10276103    -0.01338150     1.28685066
 AOCH3 / DEGREE              0.00000000   111.89503696   111.87928653    -0.00001273     0.00007989
 AHH3 / DEGREE               0.00000000   298.61717217   298.51570013     0.00000365     0.00005441
 Convergence:                1.00000000  (line search)     0.04465620     0.01744015  (total)

 Geometry written to block  2 of record 700


 Recomputing integrals since geometry changed


 PROGRAM * SEWARD (Integral evaluation for generally contracted gaussian basis sets)     Author: Roland Lindh, 1990

 Geometry written to block  2 of record 700

 Orientation using atomic masses  
 Molecule type: Asymmetric top
 Rotational constants:      23.5261095     24.3753077    126.0859596 GHz  (calculated with average atomic masses)

 Point group  C1  



 ATOMIC COORDINATES

 NR  ATOM    CHARGE       X              Y              Z

   1  C       6.00    0.000000002    0.024915537   -1.389695845
   2  O       8.00    0.000000002   -0.121312581    1.316590339
   3  H       1.00   -0.000000027    1.582033124    1.970659215
   4  H1      1.00    1.699215832    0.988672317   -2.115330489
   5  H2      1.00    0.000000061   -1.930641779   -2.078568676
   6  H3      1.00   -1.699215924    0.988672167   -2.115330478

 Bond lengths in Bohr (Angstrom)

 1-2  2.710233860  1-4  2.083916314  1-5  2.073342758  1-6  2.083916319  2-3  1.824607542
     ( 1.434193995)     ( 1.102761023)     ( 1.097165738)     ( 1.102761025)     ( 0.965540730)

 Bond angles

  1-2-3  107.91348241   2-1-4  111.87928716   2-1-5  106.31269437   2-1-6  111.87928653

  4-1-5  108.69366802   4-1-6  109.25296330   5-1-6  108.69366677

 NUCLEAR CHARGE:                   18
 NUMBER OF PRIMITIVE AOS:         118
 NUMBER OF SYMMETRY AOS:          114
 NUMBER OF CONTRACTIONS:           82   (   82A   )
 NUMBER OF INNER CORE ORBITALS:     0   (    0A   )
 NUMBER OF OUTER CORE ORBITALS:     2   (    2A   )
 NUMBER OF VALENCE ORBITALS:       12   (   12A   )


 NUCLEAR REPULSION ENERGY   39.98059997


 Eigenvalues of metric

         1 0.675E-03 0.824E-03 0.825E-03 0.114E-02 0.256E-02 0.443E-02 0.510E-02 0.539E-02


 Contracted 2-electron integrals neglected if value below      1.0D-11
 AO integral compression algorithm  1   Integral accuracy      1.0D-11

     28.312 MB (compressed) written to integral file ( 49.1%)


 NUMBER OF SORTED TWO-ELECTRON INTEGRALS:    5791906.     BUFFER LENGTH:  32768
 NUMBER OF SEGMENTS:   1  SEGMENT LENGTH:    5791906      RECORD LENGTH: 524288

 Memory used in sort:       6.35 MW

 SORT1 READ     7174542. AND WROTE     5272677. INTEGRALS IN     16 RECORDS. CPU TIME:     0.05 SEC, REAL TIME:     0.07 SEC
 SORT2 READ     5272677. AND WROTE     5791906. INTEGRALS IN    108 RECORDS. CPU TIME:     0.10 SEC, REAL TIME:     0.12 SEC

 FILE SIZES:   FILE 1:    58.6 MBYTE,  FILE 4:    67.1 MBYTE,   TOTAL:    125.7 MBYTE

 OPERATOR DM      FOR CENTER  0  COORDINATES:    0.000000    0.000000    0.000000

 Program * Restricted Hartree-Fock

 Molecular orbitals read from record     2100.2  Type=RHF/CANONICAL  

 NELEC=   18   SYM=1   MS2= 0   THRE=1.0D-09   THRD=1.0D-06   THRG=1.0D-06  HFMA2=F  DIIS_START=2   DIIS_MAX=10   DIIS_INCORE=F

 Level shifts:    0.00 (CLOSED)    0.00 (OPEN)    0.30 (GAP_MIN)

 ITER           ETOT              DE          GRAD        DDIFF     DIIS  NEXP   TIME(IT)  TIME(TOT)  DIAG
   1     -115.06059484    -115.06059484     0.00D+00     0.99D-01     0     0       0.16      0.16    start
   2     -115.06072205      -0.00012721     0.44D-03     0.15D-02     1     0       0.10      0.26    diag
   3     -115.06073011      -0.00000807     0.94D-04     0.22D-03     2     0       0.11      0.37    diag
   4     -115.06073089      -0.00000077     0.32D-04     0.44D-04     3     0       0.10      0.47    diag
   5     -115.06073098      -0.00000009     0.95D-05     0.16D-04     4     0       0.12      0.59    diag
   6     -115.06073099      -0.00000001     0.30D-05     0.47D-05     5     0       0.10      0.69    diag
   7     -115.06073099      -0.00000000     0.94D-06     0.19D-05     6     0       0.10      0.79    diag
   8     -115.06073099      -0.00000000     0.21D-06     0.45D-06     7     0       0.11      0.90    fixocc
   9     -115.06073099      -0.00000000     0.36D-07     0.61D-07     0     0       0.13      1.03    diag

 Final occupancy:   9

 !RHF STATE 1.1 Energy               -115.060730990941
  RHF One-electron energy            -236.119520914131
  RHF Two-electron energy              81.078189952145
  RHF Kinetic energy                  114.804470101424
  RHF Nuclear energy                   39.980599971045
  RHF Virial quotient                  -1.002232150798

 !RHF STATE 1.1 Dipole moment          -0.00000001     0.59246097    -0.40978451
 Dipole moment /Debye                  -0.00000002     1.50588559    -1.04156832

 Orbital energies:

           1.1          2.1          3.1          4.1          5.1          6.1          7.1          8.1          9.1         10.1
    -20.569606   -11.284022    -1.355677    -0.924071    -0.687527    -0.616361    -0.589071    -0.504098    -0.451138     0.034476

          11.1
      0.051679


 HOMO      9.1    -0.451138 =     -12.2761eV
 LUMO     10.1     0.034476 =       0.9381eV
 LUMO-HOMO         0.485614 =      13.2142eV

 Orbitals saved in record  2100.2


 **********************************************************************************************************************************
 DATASETS  * FILE   NREC   LENGTH (MB)   RECORD NAMES
              1      19       50.78       500      610      700      900      950      970     1000      129      960     1100   
                                          VAR    BASINP    GEOM    SYMINP    ZMAT    AOBASIS   BASIS     P2S    ABASIS      S 
                                         1400     1410     1200     1210     1080     1600     1650     1300     1700   
                                           T        V       H0       H01     AOSYM     SMH    MOLCAS    ERIS     OPER   

              2       8        0.74       700     1000      520     2100     4100     5300     9001     5500   
                                         GEOM     BASIS   MCVARS     RHF     CPHF     HESS    DEN_MP2   HINFO   

 PROGRAMS   *        TOTAL    HF-SCF       MP2    HF-SCF       INT
 CPU TIMES  *       319.38      1.72      6.71      1.27      0.84
 REAL TIME  *        77.43 SEC
 DISK USED  *       127.95 MB
 **********************************************************************************************************************************


 PROGRAM * MP2 (Closed-shell)     Authors: C. Hampel, H.-J. Werner, 1991, M. Deegan, P.J. Knowles, 1992


 Convergence thresholds:  THRVAR = 1.00D-12  THRDEN = 1.00D-08

 Number of core orbitals:           2 (   2 )
 Number of closed-shell orbitals:   7 (   7 )
 Number of external orbitals:      73 (  73 )

 Molecular orbitals read from record     2100.2  Type=RHF/CANONICAL (state 1.1)

 Number of N-1 electron functions:               7
 Number of N-2 electron functions:              28
 Number of singly external CSFs:               511
 Number of doubly external CSFs:            130816
 Total number of CSFs:                      131328

 Length of J-op  integral file:               0.00 MB
 Length of K-op  integral file:               0.49 MB

 Integral transformation finished. Total CPU:   0.09 sec, npass=  1  Memory used:   0.49 MW

 Memory needed for MP2:                      0.03 MW

 SCS-MP2 correlation energy:           -0.358781390378   (PS=  1.200000  PT=  0.333333)
 SCS-MP2 total energy:               -115.419512381319


  Reference energy                   -115.060730990942
  MP2 singlet pair energy              -0.231983228869
  MP2 triplet pair energy              -0.129216721717
  MP2 correlation energy               -0.361199950586

 !MP2 total energy                   -115.421930941528

 KEXT needed  1 integral passes. Memory used:   0.46 MW  CPU time:      1.12 sec


 CPHF trial vector read from record  4100.2

 Starting Coupled-perturbed Hartree-Fock, convergence threshold= 1.0D-06

 ITER   MIC  DIIS      VAR         VARC       CPU
   1     0     1    0.78D-02    0.11D-03     0.05
   2     6     2    0.28D-04    0.28D-04     0.09
   3     1     3    0.24D-05    0.31D-06     0.13
   4     1     4    0.16D-06    0.11D-07     0.17

 CPHF convergence reached in  4 macroiterations and    8 microiterations.   Accuracy: 1.6489D-07

 CPHF solution written to record  4100.2

 Dipole moments (unrelaxed):           -0.00000001     0.57998642    -0.39769503
 Orbital relaxation contribution:       0.00000000    -0.02362968     0.01778115
 !MP2 STATE 1.1 Dipole moment          -0.00000001     0.55635674    -0.37991388
 Dipole moment /Debye                  -0.00000002     1.41411779    -0.96564475

 CPU-time for density and lagrangian:                  1.66 sec
 CPU-time for coupled-perturbed hartree-fock:          0.28 sec

 MP2 gradient info saved on record         5200.1


 **********************************************************************************************************************************
 DATASETS  * FILE   NREC   LENGTH (MB)   RECORD NAMES
              1      21       54.35       500      610      700      900      950      970     1000      129      960     1100   
                                          VAR    BASINP    GEOM    SYMINP    ZMAT    AOBASIS   BASIS     P2S    ABASIS      S 
                                         1400     1410     1200     1210     1080     1600     1650     1300     1700     1380   
                                           T        V       H0       H01     AOSYM     SMH    MOLCAS    ERIS     OPER     JKOP   
                                         5200   
                                          MP2  

              2       8        0.74       700     1000      520     2100     4100     5300     9001     5500   
                                         GEOM     BASIS   MCVARS     RHF     CPHF     HESS    DEN_MP2   HINFO   

 PROGRAMS   *        TOTAL       MP2       MP2    HF-SCF       INT
 CPU TIMES  *       325.92      6.53      6.71      1.27      0.84
 REAL TIME  *        78.36 SEC
 DISK USED  *       127.95 MB
 **********************************************************************************************************************************

 PROGRESS OF GEOMETRY OPTIMIZATION.    TOTAL CPU:       316.9 SEC
   1  -115.42154518  -115.42193094    -0.00038576  0.00987901  0.01744015  0.00503454  0.02686180  1.00000000  0.08333333

 **********************************************************************************************************************************

 Current geometry (xyz format, in Angstrom)

    6
 MP2/AUG-CC-PVDZ  ENERGY=-115.42193094
 C          0.0000000011        0.0131847343       -0.7353953714
 O          0.0000000011       -0.0641958531        0.6967096036
 H         -0.0000000144        0.8371758760        1.0428279472
 H          0.8991862947        0.5231828592       -1.1193846882
 H          0.0000000324       -1.0216516320       -1.0999311746
 H         -0.8991863432        0.5231827796       -1.1193846823

 **********************************************************************************************************************************

 Current variables
 RCO=                 1.43419399 ANGSTROM
 ROH=                 0.96554073 ANGSTROM
 ACOH=              107.91348241 DEGREE
 RCH1=                1.10276102 ANGSTROM
 AOCH1=             111.87928716 DEGREE
 AHH1=               61.48429655 DEGREE
 RCH2=                1.09716574 ANGSTROM
 AOCH2=             106.31269437 DEGREE
 AHH2=              179.99999926 DEGREE
 RCH3=                1.10276103 ANGSTROM
 AOCH3=             111.87928653 DEGREE
 AHH3=              298.51570013 DEGREE

 **********************************************************************************************************************************

 PROGRAM * ALASKA (Gradient of the energy)     Author: R. Lindh


 MP2      Gradient info restored from record    5200.1

 Number of core orbitals:           2 (   2 )
 Number of closed-shell orbitals:   7 (   7 )
 Number of external orbitals:      73 (  73 )

 Integral thresholds in T2TRAN:            1.0D-10 (PROD)

 Available memory for Transformation: 497831906 words
 Memory needed for incore algorithm:     397175 words
 Minimum memory needed:                  148059 words

 Memory used for transformation:           0.40 MW
 Available memory for gradients:         499.43 MW

 CPU for transformation:                   0.41 sec
 CPU for integrals and gradient:           2.97 sec
 Total CPU:                                3.38 sec

 Prescreening statistics:
 ========================

 Total number of shell quadruplets:        5.56D+03
 Number of shell quadruplets processed:    5.56D+03 (100.00%)

 MP2 GRADIENT FOR STATE 1.1

 Atom          dE/dx               dE/dy               dE/dz

   1         0.000000004        -0.000031299         0.000207680
   2        -0.000000001         0.000202510        -0.000343029
   3         0.000000000        -0.000178397        -0.000077760
   4        -0.000151689        -0.000085343         0.000074936
   5        -0.000000001         0.000177874         0.000063238
   6         0.000151687        -0.000085344         0.000074936

 Nuclear force contribution to virial =        -0.002677194

 MP2 hessian read from record  5300.2
 Reading points 1 to 2 from record 700.2,  wavefunction type=MP2             
 Hessian update using points  1-  2

 Combined Powell-Murtagh-Sargent Update of Hessian
                             IDIR  =        -1

 Quadratic Steepest Descent -  Reaction Path Following using exact Hessian

 Hessian eigenvalues:     0.056225  0.149414  0.173690  0.177331  0.240886  0.271421  0.326008  0.361739  0.370780  0.383265
                          0.459038  0.558548

 Performing a regular QSD step. Stepsize =  0.076778    Curvature =  0.15308D+03

 Optimization point 2

 Variable                      Last           Current        Next           Gradient       Hessian

 E(MP2) / Hartree         -115.42154518  -115.42193094     0.00000000
 RCO / ANGSTROM              1.41997934     1.43419399     1.43484689    -0.00079648     1.30981521
 ROH / ANGSTROM              0.95818958     0.96554073     0.96574543    -0.00036739     1.98863249
 ACOH / DEGREE             108.21042647   107.91348241   107.89808211    -0.00000028     0.00005572
 RCH1 / ANGSTROM             1.09312547     1.10276102     1.10301597    -0.00035763     1.28159055
 AOCH1 / DEGREE            111.89503696   111.87928716   111.87316982    -0.00000035     0.00007989
 AHH1 / DEGREE              61.38282783    61.48429655    61.48526992    -0.00000004     0.00005441
 RCH2 / ANGSTROM             1.08754749     1.09716574     1.09742312    -0.00035674     1.34104370
 AOCH2 / DEGREE            106.72939010   106.31269437   106.29977503    -0.00000002     0.00007950
 AHH2 / DEGREE             180.00000000   179.99999926   179.99999972     0.00000000     0.00005658
 RCH3 / ANGSTROM             1.09312547     1.10276103     1.10301597    -0.00035763     1.28159063
 AOCH3 / DEGREE            111.89503696   111.87928653   111.87316989    -0.00000035     0.00007989
 AHH3 / DEGREE             298.61717217   298.51570013   298.51472897     0.00000004     0.00005441
 Convergence:                0.00000000  (line search)     0.00158718     0.00056901  (total)

 Geometry written to block  3 of record 700


 Recomputing integrals since geometry changed


 PROGRAM * SEWARD (Integral evaluation for generally contracted gaussian basis sets)     Author: Roland Lindh, 1990

 Geometry written to block  3 of record 700

 Orientation using atomic masses  
 Molecule type: Asymmetric top
 Rotational constants:      23.5080071     24.3564465    126.0125915 GHz  (calculated with average atomic masses)

 Point group  C1  



 ATOMIC COORDINATES

 NR  ATOM    CHARGE       X              Y              Z

   1  C       6.00    0.000000001    0.024903666   -1.390351608
   2  O       8.00    0.000000001   -0.121321616    1.317170326
   3  H       1.00   -0.000000013    1.582577741    1.970876234
   4  H1      1.00    1.699697233    0.988864197   -2.115971925
   5  H2      1.00    0.000000026   -1.931285373   -2.078894828
   6  H3      1.00   -1.699697263    0.988864137   -2.115971930

 Bond lengths in Bohr (Angstrom)

 1-2  2.711467657  1-4  2.084398098  1-5  2.073829146  1-6  2.084398098  2-3  1.824994365
     ( 1.434846892)     ( 1.103015972)     ( 1.097423123)     ( 1.103015972)     ( 0.965745428)

 Bond angles

  1-2-3  107.89808211   2-1-4  111.87316982   2-1-5  106.29977503   2-1-6  111.87316989

  4-1-5  108.70222352   4-1-6  109.26137081   5-1-6  108.70222305

 NUCLEAR CHARGE:                   18
 NUMBER OF PRIMITIVE AOS:         118
 NUMBER OF SYMMETRY AOS:          114
 NUMBER OF CONTRACTIONS:           82   (   82A   )
 NUMBER OF INNER CORE ORBITALS:     0   (    0A   )
 NUMBER OF OUTER CORE ORBITALS:     2   (    2A   )
 NUMBER OF VALENCE ORBITALS:       12   (   12A   )


 NUCLEAR REPULSION ENERGY   39.96684350


 Eigenvalues of metric

         1 0.676E-03 0.825E-03 0.826E-03 0.114E-02 0.256E-02 0.444E-02 0.511E-02 0.540E-02


 Contracted 2-electron integrals neglected if value below      1.0D-11
 AO integral compression algorithm  1   Integral accuracy      1.0D-11

     28.049 MB (compressed) written to integral file ( 48.8%)


 NUMBER OF SORTED TWO-ELECTRON INTEGRALS:    5791906.     BUFFER LENGTH:  32768
 NUMBER OF SEGMENTS:   1  SEGMENT LENGTH:    5791906      RECORD LENGTH: 524288

 Memory used in sort:       6.35 MW

 SORT1 READ     7174542. AND WROTE     5183229. INTEGRALS IN     15 RECORDS. CPU TIME:     0.05 SEC, REAL TIME:     0.06 SEC
 SORT2 READ     5183229. AND WROTE     5791906. INTEGRALS IN    107 RECORDS. CPU TIME:     0.10 SEC, REAL TIME:     0.12 SEC

 FILE SIZES:   FILE 1:    58.3 MBYTE,  FILE 4:    62.9 MBYTE,   TOTAL:    121.3 MBYTE

 OPERATOR DM      FOR CENTER  0  COORDINATES:    0.000000    0.000000    0.000000

 Program * Restricted Hartree-Fock

 Molecular orbitals read from record     2100.2  Type=RHF/CANONICAL (state 1.1)

 NELEC=   18   SYM=1   MS2= 0   THRE=1.0D-09   THRD=1.0D-07   THRG=1.0D-07  HFMA2=F  DIIS_START=2   DIIS_MAX=10   DIIS_INCORE=F

 Level shifts:    0.00 (CLOSED)    0.00 (OPEN)    0.30 (GAP_MIN)

 ITER           ETOT              DE          GRAD        DDIFF     DIIS  NEXP   TIME(IT)  TIME(TOT)  DIAG
   1     -115.06068470    -115.06068470     0.00D+00     0.99D-01     0     0       0.18      0.18    start
   2     -115.06068489      -0.00000019     0.17D-04     0.46D-04     1     0       0.11      0.29    diag
   3     -115.06068491      -0.00000001     0.38D-05     0.82D-05     2     0       0.12      0.41    diag
   4     -115.06068491      -0.00000000     0.13D-05     0.18D-05     3     0       0.12      0.53    diag
   5     -115.06068491      -0.00000000     0.37D-06     0.61D-06     4     0       0.12      0.65    diag
   6     -115.06068491      -0.00000000     0.12D-06     0.17D-06     5     0       0.12      0.77    diag
   7     -115.06068491      -0.00000000     0.35D-07     0.74D-07     6     0       0.10      0.87    diag
   8     -115.06068491      -0.00000000     0.76D-08     0.11D-07     0     0       0.12      0.99    fixocc

 Final occupancy:   9

 !RHF STATE 1.1 Energy               -115.060684907125
  RHF One-electron energy            -236.093116712170
  RHF Two-electron energy              81.065588304078
  RHF Kinetic energy                  114.801676999961
  RHF Nuclear energy                   39.966843500968
  RHF Virial quotient                  -1.002256133481

 !RHF STATE 1.1 Dipole moment          -0.00000000     0.59253210    -0.41066868
 Dipole moment /Debye                  -0.00000000     1.50606638    -1.04381566

 Orbital energies:

           1.1          2.1          3.1          4.1          5.1          6.1          7.1          8.1          9.1         10.1
    -20.569642   -11.284177    -1.355421    -0.923986    -0.687333    -0.616226    -0.588877    -0.504131    -0.451178     0.034474

          11.1
      0.051679


 HOMO      9.1    -0.451178 =     -12.2772eV
 LUMO     10.1     0.034474 =       0.9381eV
 LUMO-HOMO         0.485651 =      13.2152eV

 Orbitals saved in record  2100.2


 **********************************************************************************************************************************
 DATASETS  * FILE   NREC   LENGTH (MB)   RECORD NAMES
              1      19       50.66       500      610      700      900      950      970     1000      129      960     1100   
                                          VAR    BASINP    GEOM    SYMINP    ZMAT    AOBASIS   BASIS     P2S    ABASIS      S 
                                         1400     1410     1200     1210     1080     1600     1650     1300     1700   
                                           T        V       H0       H01     AOSYM     SMH    MOLCAS    ERIS     OPER   

              2       8        0.74       700     1000      520     2100     4100     5300     9001     5500   
                                         GEOM     BASIS   MCVARS     RHF     CPHF     HESS    DEN_MP2   HINFO   

 PROGRAMS   *        TOTAL    HF-SCF       MP2    HF-SCF       INT
 CPU TIMES  *       331.08      1.71      6.71      1.27      0.84
 REAL TIME  *        80.35 SEC
 DISK USED  *       127.95 MB
 **********************************************************************************************************************************


 PROGRAM * MP2 (Closed-shell)     Authors: C. Hampel, H.-J. Werner, 1991, M. Deegan, P.J. Knowles, 1992


 Convergence thresholds:  THRVAR = 1.00D-12  THRDEN = 1.00D-08

 Number of core orbitals:           2 (   2 )
 Number of closed-shell orbitals:   7 (   7 )
 Number of external orbitals:      73 (  73 )

 Molecular orbitals read from record     2100.2  Type=RHF/CANONICAL (state 1.1)

 Number of N-1 electron functions:               7
 Number of N-2 electron functions:              28
 Number of singly external CSFs:               511
 Number of doubly external CSFs:            130816
 Total number of CSFs:                      131328

 Length of J-op  integral file:               0.00 MB
 Length of K-op  integral file:               0.49 MB

 Integral transformation finished. Total CPU:   0.08 sec, npass=  1  Memory used:   0.49 MW

 Memory needed for MP2:                      0.03 MW

 SCS-MP2 correlation energy:           -0.358830773468   (PS=  1.200000  PT=  0.333333)
 SCS-MP2 total energy:               -115.419515680593


  Reference energy                   -115.060684907125
  MP2 singlet pair energy              -0.232018599285
  MP2 triplet pair energy              -0.129227873025
  MP2 correlation energy               -0.361246472309

 !MP2 total energy                   -115.421931379434

 KEXT needed  1 integral passes. Memory used:   0.46 MW  CPU time:      1.17 sec


 CPHF trial vector read from record  4100.2

 Starting Coupled-perturbed Hartree-Fock, convergence threshold= 1.0D-06

 ITER   MIC  DIIS      VAR         VARC       CPU
   1     0     1    0.26D-03    0.45D-05     0.06
   2     5     2    0.99D-06    0.97D-06     0.10

 CPHF convergence reached in  2 macroiterations and    5 microiterations.   Accuracy: 9.8531D-07

 CPHF solution written to record  4100.2

 Dipole moments (unrelaxed):           -0.00000000     0.58004349    -0.39854806
 Orbital relaxation contribution:       0.00000000    -0.02365568     0.01787356
 !MP2 STATE 1.1 Dipole moment          -0.00000000     0.55638781    -0.38067449
 Dipole moment /Debye                  -0.00000000     1.41419675    -0.96757805

 CPU-time for density and lagrangian:                  1.26 sec
 CPU-time for coupled-perturbed hartree-fock:          0.40 sec

 MP2 gradient info saved on record         5200.1


 **********************************************************************************************************************************
 DATASETS  * FILE   NREC   LENGTH (MB)   RECORD NAMES
              1      21       54.22       500      610      700      900      950      970     1000      129      960     1100   
                                          VAR    BASINP    GEOM    SYMINP    ZMAT    AOBASIS   BASIS     P2S    ABASIS      S 
                                         1400     1410     1200     1210     1080     1600     1650     1300     1700     1380   
                                           T        V       H0       H01     AOSYM     SMH    MOLCAS    ERIS     OPER     JKOP   
                                         5200   
                                          MP2  

              2       8        0.74       700     1000      520     2100     4100     5300     9001     5500   
                                         GEOM     BASIS   MCVARS     RHF     CPHF     HESS    DEN_MP2   HINFO   

 PROGRAMS   *        TOTAL       MP2       MP2    HF-SCF       INT
 CPU TIMES  *       338.19      7.11      6.71      1.27      0.84
 REAL TIME  *        81.30 SEC
 DISK USED  *       127.95 MB
 **********************************************************************************************************************************

 PROGRESS OF GEOMETRY OPTIMIZATION.    TOTAL CPU:       329.2 SEC
   1  -115.42154518  -115.42193094    -0.00038576  0.00987901  0.01744015  0.00503454  0.02686180  1.00000000  0.08333333
   2  -115.42193094  -115.42193138    -0.00000044  0.00042148  0.00056901  0.00016426  0.00123380  0.00158718  0.00013227

 **********************************************************************************************************************************

 Current geometry (xyz format, in Angstrom)

    6
 MP2/AUG-CC-PVDZ  ENERGY=-115.42193138
 C          0.0000000003        0.0131784526       -0.7357423860
 O          0.0000000004       -0.0642006343        0.6970165193
 H         -0.0000000069        0.8374640750        1.0429427883
 H          0.8994410411        0.5232843977       -1.1197241216
 H          0.0000000138       -1.0219922074       -1.1001037668
 H         -0.8994410573        0.5232843658       -1.1197241243

 **********************************************************************************************************************************

 Current variables
 RCO=                 1.43484689 ANGSTROM
 ROH=                 0.96574543 ANGSTROM
 ACOH=              107.89808211 DEGREE
 RCH1=                1.10301597 ANGSTROM
 AOCH1=             111.87316982 DEGREE
 AHH1=               61.48526992 DEGREE
 RCH2=                1.09742312 ANGSTROM
 AOCH2=             106.29977503 DEGREE
 AHH2=              179.99999972 DEGREE
 RCH3=                1.10301597 ANGSTROM
 AOCH3=             111.87316989 DEGREE
 AHH3=              298.51472897 DEGREE

 **********************************************************************************************************************************

 PROGRAM * ALASKA (Gradient of the energy)     Author: R. Lindh


 MP2      Gradient info restored from record    5200.1

 Number of core orbitals:           2 (   2 )
 Number of closed-shell orbitals:   7 (   7 )
 Number of external orbitals:      73 (  73 )

 Integral thresholds in T2TRAN:            1.0D-10 (PROD)

 Available memory for Transformation: 497831906 words
 Memory needed for incore algorithm:     397175 words
 Minimum memory needed:                  148059 words

 Memory used for transformation:           0.40 MW
 Available memory for gradients:         499.43 MW

 CPU for transformation:                   0.38 sec
 CPU for integrals and gradient:           2.82 sec
 Total CPU:                                3.20 sec

 Prescreening statistics:
 ========================

 Total number of shell quadruplets:        5.56D+03
 Number of shell quadruplets processed:    5.56D+03 (100.00%)

 MP2 GRADIENT FOR STATE 1.1

 Atom          dE/dx               dE/dy               dE/dz

   1         0.000000000        -0.000001114         0.000018251
   2        -0.000000000         0.000004589        -0.000021230
   3         0.000000000        -0.000003481        -0.000001753
   4        -0.000002924        -0.000001698         0.000001665
   5        -0.000000001         0.000003404         0.000001403
   6         0.000002924        -0.000001699         0.000001665

 Nuclear force contribution to virial =        -0.000092722

 MP2 hessian read from record  5300.2
 Reading points 1 to 3 from record 700.2,  wavefunction type=MP2             
 Hessian update using points  1-  3

 Combined Powell-Murtagh-Sargent Update of Hessian
                             IDIR  =        -1

 Quadratic Steepest Descent -  Reaction Path Following using exact Hessian

 Hessian eigenvalues:     0.056225  0.149131  0.173690  0.176369  0.237654  0.271421  0.325882  0.361739  0.368584  0.383086
                          0.449811  0.558425

 Performing a regular QSD step. Stepsize =  0.075116    Curvature =  0.42468D+04

 Optimization point 3

 Variable                      Last           Current        Next           Gradient       Hessian

 E(MP2) / Hartree         -115.42193094  -115.42193138     0.00000000
 RCO / ANGSTROM              1.43419399     1.43484689     1.43488537    -0.00004348     1.25619983
 ROH / ANGSTROM              0.96554073     0.96574543     0.96575029    -0.00000733     1.98713060
 ACOH / DEGREE             107.91348241   107.89808211   107.89719294    -0.00000001     0.00005575
 RCH1 / ANGSTROM             1.10276102     1.10301597     1.10302033    -0.00000709     1.28030677
 AOCH1 / DEGREE            111.87928716   111.87316982   111.87262158    -0.00000001     0.00007989
 AHH1 / DEGREE              61.48429655    61.48526992    61.48524635     0.00000000     0.00005441
 RCH2 / ANGSTROM             1.09716574     1.09742312     1.09742790    -0.00000695     1.33983054
 AOCH2 / DEGREE            106.31269437   106.29977503   106.29910793    -0.00000001     0.00007951
 AHH2 / DEGREE             179.99999926   179.99999972   179.99999990     0.00000000     0.00005658
 RCH3 / ANGSTROM             1.10276103     1.10301597     1.10302033    -0.00000709     1.28030645
 AOCH3 / DEGREE            111.87928653   111.87316989   111.87262148    -0.00000001     0.00007989
 AHH3 / DEGREE             298.51570013   298.51472897   298.51475319    -0.00000000     0.00005441
 Convergence:                0.00000000  (line search)     0.00007841     0.00002425  (total)

 Geometry written to block  4 of record 700


 Recomputing integrals since geometry changed


 PROGRAM * SEWARD (Integral evaluation for generally contracted gaussian basis sets)     Author: Roland Lindh, 1990

 Geometry written to block  4 of record 700

 Orientation using atomic masses  
 Molecule type: Asymmetric top
 Rotational constants:      23.5070293     24.3554188    126.0104530 GHz  (calculated with average atomic masses)

 Point group  C1  



 ATOMIC COORDINATES

 NR  ATOM    CHARGE       X              Y              Z

   1  C       6.00    0.000000000    0.024902498   -1.390391084
   2  O       8.00    0.000000000   -0.121321377    1.317203740
   3  H       1.00   -0.000000004    1.582597995    1.970883145
   4  H1      1.00    1.699710097    0.988868639   -2.115997453
   5  H2      1.00    0.000000008   -1.931304426   -2.078910675
   6  H3      1.00   -1.699710110    0.988868618   -2.115997450

 Bond lengths in Bohr (Angstrom)

 1-2  2.711540366  1-4  2.084406327  1-5  2.073838171  1-6  2.084406328  2-3  1.825003559
     ( 1.434885368)     ( 1.103020327)     ( 1.097427899)     ( 1.103020327)     ( 0.965750293)

 Bond angles

  1-2-3  107.89719294   2-1-4  111.87262158   2-1-5  106.29910793   2-1-6  111.87262148

  4-1-5  108.70283212   4-1-6  109.26195443   5-1-6  108.70283195

 NUCLEAR CHARGE:                   18
 NUMBER OF PRIMITIVE AOS:         118
 NUMBER OF SYMMETRY AOS:          114
 NUMBER OF CONTRACTIONS:           82   (   82A   )
 NUMBER OF INNER CORE ORBITALS:     0   (    0A   )
 NUMBER OF OUTER CORE ORBITALS:     2   (    2A   )
 NUMBER OF VALENCE ORBITALS:       12   (   12A   )


 NUCLEAR REPULSION ENERGY   39.96619086


 Eigenvalues of metric

         1 0.676E-03 0.825E-03 0.826E-03 0.114E-02 0.256E-02 0.444E-02 0.511E-02 0.540E-02


 Contracted 2-electron integrals neglected if value below      1.0D-11
 AO integral compression algorithm  1   Integral accuracy      1.0D-11

     27.525 MB (compressed) written to integral file ( 48.1%)


 NUMBER OF SORTED TWO-ELECTRON INTEGRALS:    5791906.     BUFFER LENGTH:  32768
 NUMBER OF SEGMENTS:   1  SEGMENT LENGTH:    5791906      RECORD LENGTH: 524288

 Memory used in sort:       6.35 MW

 SORT1 READ     7174542. AND WROTE     5009537. INTEGRALS IN     15 RECORDS. CPU TIME:     0.04 SEC, REAL TIME:     0.07 SEC
 SORT2 READ     5009537. AND WROTE     5791906. INTEGRALS IN    105 RECORDS. CPU TIME:     0.11 SEC, REAL TIME:     0.12 SEC

 FILE SIZES:   FILE 1:    57.8 MBYTE,  FILE 4:    62.9 MBYTE,   TOTAL:    120.7 MBYTE

 OPERATOR DM      FOR CENTER  0  COORDINATES:    0.000000    0.000000    0.000000

 Program * Restricted Hartree-Fock

 Molecular orbitals read from record     2100.2  Type=RHF/CANONICAL (state 1.1)

 NELEC=   18   SYM=1   MS2= 0   THRE=1.0D-09   THRD=1.0D-07   THRG=1.0D-07  HFMA2=F  DIIS_START=2   DIIS_MAX=10   DIIS_INCORE=F

 Level shifts:    0.00 (CLOSED)    0.00 (OPEN)    0.30 (GAP_MIN)

 ITER           ETOT              DE          GRAD        DDIFF     DIIS  NEXP   TIME(IT)  TIME(TOT)  DIAG
   1     -115.06068300    -115.06068300     0.00D+00     0.99D-01     0     0       0.18      0.18    start
   2     -115.06068300      -0.00000000     0.90D-06     0.18D-05     1     0       0.11      0.29    diag
   3     -115.06068300      -0.00000000     0.21D-06     0.42D-06     2     0       0.12      0.41    diag
   4     -115.06068300      -0.00000000     0.71D-07     0.10D-06     3     0       0.12      0.53    diag
   5     -115.06068300      -0.00000000     0.20D-07     0.33D-07     4     0       0.11      0.64    diag
   6     -115.06068300      -0.00000000     0.58D-08     0.95D-08     0     0       0.11      0.75    diag

 Final occupancy:   9

 !RHF STATE 1.1 Energy               -115.060683004737
  RHF One-electron energy            -236.091862186978
  RHF Two-electron energy              81.064988322030
  RHF Kinetic energy                  114.801572170725
  RHF Nuclear energy                   39.966190860210
  RHF Virial quotient                  -1.002257032104

 !RHF STATE 1.1 Dipole moment          -0.00000000     0.59253475    -0.41072962
 Dipole moment /Debye                  -0.00000000     1.50607311    -1.04397057

 Orbital energies:

           1.1          2.1          3.1          4.1          5.1          6.1          7.1          8.1          9.1         10.1
    -20.569642   -11.284183    -1.355407    -0.923985    -0.687323    -0.616220    -0.588867    -0.504135    -0.451181     0.034473

          11.1
      0.051679


 HOMO      9.1    -0.451181 =     -12.2773eV
 LUMO     10.1     0.034473 =       0.9381eV
 LUMO-HOMO         0.485654 =      13.2153eV

 Orbitals saved in record  2100.2


 **********************************************************************************************************************************
 DATASETS  * FILE   NREC   LENGTH (MB)   RECORD NAMES
              1      19       50.45       500      610      700      900      950      970     1000      129      960     1100   
                                          VAR    BASINP    GEOM    SYMINP    ZMAT    AOBASIS   BASIS     P2S    ABASIS      S 
                                         1400     1410     1200     1210     1080     1600     1650     1300     1700   
                                           T        V       H0       H01     AOSYM     SMH    MOLCAS    ERIS     OPER   

              2       8        0.74       700     1000      520     2100     4100     5300     9001     5500   
                                         GEOM     BASIS   MCVARS     RHF     CPHF     HESS    DEN_MP2   HINFO   

 PROGRAMS   *        TOTAL    HF-SCF       MP2    HF-SCF       INT
 CPU TIMES  *       342.92      1.47      6.71      1.27      0.84
 REAL TIME  *        83.18 SEC
 DISK USED  *       127.95 MB
 **********************************************************************************************************************************


 PROGRAM * MP2 (Closed-shell)     Authors: C. Hampel, H.-J. Werner, 1991, M. Deegan, P.J. Knowles, 1992


 Convergence thresholds:  THRVAR = 1.00D-12  THRDEN = 1.00D-08

 Number of core orbitals:           2 (   2 )
 Number of closed-shell orbitals:   7 (   7 )
 Number of external orbitals:      73 (  73 )

 Molecular orbitals read from record     2100.2  Type=RHF/CANONICAL (state 1.1)

 Number of N-1 electron functions:               7
 Number of N-2 electron functions:              28
 Number of singly external CSFs:               511
 Number of doubly external CSFs:            130816
 Total number of CSFs:                      131328

 Length of J-op  integral file:               0.00 MB
 Length of K-op  integral file:               0.49 MB

 Integral transformation finished. Total CPU:   0.08 sec, npass=  1  Memory used:   0.49 MW

 Memory needed for MP2:                      0.03 MW

 SCS-MP2 correlation energy:           -0.358832789408   (PS=  1.200000  PT=  0.333333)
 SCS-MP2 total energy:               -115.419515794145


  Reference energy                   -115.060683004737
  MP2 singlet pair energy              -0.232020042028
  MP2 triplet pair energy              -0.129228330493
  MP2 correlation energy               -0.361248372521

 !MP2 total energy                   -115.421931377259

 KEXT needed  1 integral passes. Memory used:   0.46 MW  CPU time:      1.17 sec


 CPHF trial vector read from record  4100.2

 Starting Coupled-perturbed Hartree-Fock, convergence threshold= 1.0D-06

 ITER   MIC  DIIS      VAR         VARC       CPU
   1     0     1    0.14D-04    0.25D-06     0.06
   2     2     2    0.34D-06    0.50D-07     0.09

 CPHF convergence reached in  2 macroiterations and    2 microiterations.   Accuracy: 3.3786D-07

 CPHF solution written to record  4100.2

 Dipole moments (unrelaxed):           -0.00000000     0.58004561    -0.39860720
 Orbital relaxation contribution:       0.00000000    -0.02365688     0.01787929
 !MP2 STATE 1.1 Dipole moment           0.00000000     0.55638873    -0.38072791
 Dipole moment /Debye                   0.00000000     1.41419908    -0.96771382

 CPU-time for density and lagrangian:                  0.55 sec
 CPU-time for coupled-perturbed hartree-fock:          0.31 sec

 MP2 gradient info saved on record         5200.1


 **********************************************************************************************************************************
 DATASETS  * FILE   NREC   LENGTH (MB)   RECORD NAMES
              1      21       54.01       500      610      700      900      950      970     1000      129      960     1100   
                                          VAR    BASINP    GEOM    SYMINP    ZMAT    AOBASIS   BASIS     P2S    ABASIS      S 
                                         1400     1410     1200     1210     1080     1600     1650     1300     1700     1380   
                                           T        V       H0       H01     AOSYM     SMH    MOLCAS    ERIS     OPER     JKOP   
                                         5200   
                                          MP2  

              2       8        0.74       700     1000      520     2100     4100     5300     9001     5500   
                                         GEOM     BASIS   MCVARS     RHF     CPHF     HESS    DEN_MP2   HINFO   

 PROGRAMS   *        TOTAL       MP2       MP2    HF-SCF       INT
 CPU TIMES  *       347.76      4.84      6.71      1.27      0.84
 REAL TIME  *        83.89 SEC
 DISK USED  *       127.95 MB
 **********************************************************************************************************************************

 PROGRESS OF GEOMETRY OPTIMIZATION.    TOTAL CPU:       338.8 SEC
   1  -115.42154518  -115.42193094    -0.00038576  0.00987901  0.01744015  0.00503454  0.02686180  1.00000000  0.08333333
   2  -115.42193094  -115.42193138    -0.00000044  0.00042148  0.00056901  0.00016426  0.00123380  0.00158718  0.00013227
   3  -115.42193138  -115.42193138     0.00000000  0.00002301  0.00002425  0.00000700  0.00007271  0.00007841  0.00000653

 **********************************************************************************************************************************

 Current geometry (xyz format, in Angstrom)

    6
 MP2/AUG-CC-PVDZ  ENERGY=-115.42193138
 C          0.0000000001        0.0131778345       -0.7357632761
 O          0.0000000002       -0.0642005077        0.6970342016
 H         -0.0000000020        0.8374747929        1.0429464458
 H          0.8994478486        0.5232867483       -1.1197376302
 H          0.0000000045       -1.0220022898       -1.1001121526
 H         -0.8994478554        0.5232867373       -1.1197376290

 **********************************************************************************************************************************

 Current variables
 RCO=                 1.43488537 ANGSTROM
 ROH=                 0.96575029 ANGSTROM
 ACOH=              107.89719294 DEGREE
 RCH1=                1.10302033 ANGSTROM
 AOCH1=             111.87262158 DEGREE
 AHH1=               61.48524635 DEGREE
 RCH2=                1.09742790 ANGSTROM
 AOCH2=             106.29910793 DEGREE
 AHH2=              179.99999990 DEGREE
 RCH3=                1.10302033 ANGSTROM
 AOCH3=             111.87262148 DEGREE
 AHH3=              298.51475319 DEGREE

 **********************************************************************************************************************************

 Recomputing wavefunction for reoriented structure


 Program * Restricted Hartree-Fock

 Molecular orbitals read from record     2100.2  Type=RHF/CANONICAL (state 1.1)

 NELEC=   18   SYM=1   MS2= 0   THRE=1.0D-10   THRD=1.0D-07   THRG=1.0D-07  HFMA2=F  DIIS_START=2   DIIS_MAX=10   DIIS_INCORE=F

 Level shifts:    0.00 (CLOSED)    0.00 (OPEN)    0.30 (GAP_MIN)

 ITER           ETOT              DE          GRAD        DDIFF     DIIS  NEXP   TIME(IT)  TIME(TOT)  DIAG
   1     -115.06068300    -115.06068300     0.00D+00     0.99D-01     0     0       0.15      0.16    start
   2     -115.06068300       0.00000000     0.34D-08     0.54D-08     1     0       0.11      0.27    diag

 Final occupancy:   9

 !RHF STATE 1.1 Energy               -115.060683004737
  RHF One-electron energy            -236.091862552253
  RHF Two-electron energy              81.064988687305
  RHF Kinetic energy                  114.801572625334
  RHF Nuclear energy                   39.966190860210
  RHF Virial quotient                  -1.002257028135

 !RHF STATE 1.1 Dipole moment          -0.00000000     0.59253481    -0.41072970
 Dipole moment /Debye                  -0.00000000     1.50607327    -1.04397076

 Orbital energies:

           1.1          2.1          3.1          4.1          5.1          6.1          7.1          8.1          9.1         10.1
    -20.569643   -11.284183    -1.355407    -0.923985    -0.687323    -0.616220    -0.588867    -0.504135    -0.451181     0.034473

          11.1
      0.051679


 HOMO      9.1    -0.451181 =     -12.2773eV
 LUMO     10.1     0.034473 =       0.9381eV
 LUMO-HOMO         0.485654 =      13.2153eV

 Orbitals saved in record  2100.2


 **********************************************************************************************************************************
 DATASETS  * FILE   NREC   LENGTH (MB)   RECORD NAMES
              1      21       54.01       500      610      700      900      950      970     1000      129      960     1100   
                                          VAR    BASINP    GEOM    SYMINP    ZMAT    AOBASIS   BASIS     P2S    ABASIS      S 
                                         1400     1410     1200     1210     1080     1600     1650     1300     1700     1380   
                                           T        V       H0       H01     AOSYM     SMH    MOLCAS    ERIS     OPER     JKOP   
                                         5200   
                                          MP2  

              2       8        0.74       700     1000      520     2100     4100     5300     9001     5500   
                                         GEOM     BASIS   MCVARS     RHF     CPHF     HESS    DEN_MP2   HINFO   

 PROGRAMS   *        TOTAL    HF-SCF       MP2    HF-SCF       INT
 CPU TIMES  *       348.04      0.28      6.71      1.27      0.84
 REAL TIME  *        84.00 SEC
 DISK USED  *       127.95 MB
 **********************************************************************************************************************************


 PROGRAM * MP2 (Closed-shell)     Authors: C. Hampel, H.-J. Werner, 1991, M. Deegan, P.J. Knowles, 1992


 Convergence thresholds:  THRVAR = 1.00D-12  THRDEN = 1.00D-08

 Number of core orbitals:           2 (   2 )
 Number of closed-shell orbitals:   7 (   7 )
 Number of external orbitals:      73 (  73 )

 Molecular orbitals read from record     2100.2  Type=RHF/CANONICAL (state 1.1)

 Number of N-1 electron functions:               7
 Number of N-2 electron functions:              28
 Number of singly external CSFs:               511
 Number of doubly external CSFs:            130816
 Total number of CSFs:                      131328

 Length of J-op  integral file:               0.00 MB
 Length of K-op  integral file:               0.49 MB

 Integral transformation finished. Total CPU:   0.09 sec, npass=  1  Memory used:   0.49 MW

 Memory needed for MP2:                      0.03 MW

 SCS-MP2 correlation energy:           -0.358832790425   (PS=  1.200000  PT=  0.333333)
 SCS-MP2 total energy:               -115.419515795162


  Reference energy                   -115.060683004737
  MP2 singlet pair energy              -0.232020042873
  MP2 triplet pair energy              -0.129228330498
  MP2 correlation energy               -0.361248373372

 !MP2 total energy                   -115.421931378109

 KEXT needed  1 integral passes. Memory used:   0.46 MW  CPU time:      1.15 sec


 CPHF trial vector read from record  4100.2

 Starting Coupled-perturbed Hartree-Fock, convergence threshold= 1.0D-06

 ITER   MIC  DIIS      VAR         VARC       CPU
   1     0     1    0.15D-06    0.31D-08     0.06

 CPHF convergence reached in  1 macroiterations and    0 microiterations.   Accuracy: 1.5087D-07

 CPHF solution written to record  4100.2

 Dipole moments (unrelaxed):           -0.00000000     0.58004567    -0.39860728
 Orbital relaxation contribution:       0.00000000    -0.02365685     0.01787930
 !MP2 STATE 1.1 Dipole moment           0.00000000     0.55638882    -0.38072798
 Dipole moment /Debye                   0.00000000     1.41419932    -0.96771399

 CPU-time for density and lagrangian:                  0.44 sec
 CPU-time for coupled-perturbed hartree-fock:          0.18 sec

 MP2 gradient info saved on record         5201.1


 **********************************************************************************************************************************
 DATASETS  * FILE   NREC   LENGTH (MB)   RECORD NAMES
              1      22       55.31       500      610      700      900      950      970     1000      129      960     1100   
                                          VAR    BASINP    GEOM    SYMINP    ZMAT    AOBASIS   BASIS     P2S    ABASIS      S 
                                         1400     1410     1200     1210     1080     1600     1650     1300     1700     1380   
                                           T        V       H0       H01     AOSYM     SMH    MOLCAS    ERIS     OPER     JKOP   
                                         5200     5201   
                                          MP2      MP2  

              2       8        0.74       700     1000      520     2100     4100     5300     9001     5500   
                                         GEOM     BASIS   MCVARS     RHF     CPHF     HESS    DEN_MP2   HINFO   

 PROGRAMS   *        TOTAL       MP2       MP2    HF-SCF       INT
 CPU TIMES  *       351.48      3.43      6.71      1.27      0.84
 REAL TIME  *        84.56 SEC
 DISK USED  *       127.95 MB
 **********************************************************************************************************************************
