
 PROGRAM * ALASKA (Gradient of the energy)     Author: R. Lindh


 CCSD Gradient info restored from record   55555.1

 Number of core orbitals:           2 (   2 )
 Number of closed-shell orbitals:   7 (   7 )
 Number of external orbitals:      73 (  73 )

 Integral thresholds in T2TRAN:            1.0D-10 (PROD)

 Available memory for Transformation: 497831906 words
 Memory needed for incore algorithm:    2340415 words
 Minimum memory needed:                  847139 words

 Memory used for transformation:           3.30 MW
 Available memory for gradients:         496.53 MW

 CPU for transformation:                   5.00 sec
 CPU for integrals and gradient:           2.57 sec
 Total CPU:                                7.57 sec

 Prescreening statistics:
 ========================

 Total number of shell quadruplets:        5.56D+03
 Number of shell quadruplets processed:    5.56D+03 (100.00%)

 CCSD GRADIENT FOR STATE 1.1

 Atom          dE/dx               dE/dy               dE/dz

   1         0.002786061        -0.000585078        -0.000566870
   2        -0.000313695         0.004965770        -0.006551802
   3         0.000187730        -0.004766665        -0.002484362
   4        -0.007035099        -0.002728822         0.003703063
   5        -0.002868024         0.008347399         0.003143320
   6         0.007243028        -0.005232605         0.002756652

 Nuclear force contribution to virial =        -0.088425641
 Reading points 1 to 1 from record 700.2,  wavefunction type=CCSD            

 Making model hessian for Z-matrix coordinates
 No hessian update for point  1

 Entering Rational Function Geometry Optimization

 Optimization point 1

 Variable                      Last           Current        Next           Gradient       Hessian

 E(CCSD) / Hartree           0.00000000  -115.44477766  -115.44518229
 RCO / ANGSTROM              0.00000000     1.41997934     1.42733349    -0.01707118     2.23698800
 ROH / ANGSTROM              0.00000000     0.95818958     0.96207278    -0.01010464     2.53964908
 ACOH / DEGREE               0.00000000   108.21042647   108.39031830    -0.00001832     0.00007351
 RCH1 / ANGSTROM             0.00000000     1.09312547     1.10213440    -0.01556204     1.71417950
 AOCH1 / DEGREE              0.00000000   111.89503696   111.97045456    -0.00003002     0.00007034
 AHH1 / DEGREE               0.00000000    61.38282783    63.11579361    -0.00004896     0.00004846
 RCH2 / ANGSTROM             0.00000000     1.08754749     1.09714777    -0.01691909     1.74802246
 AOCH2 / DEGREE              0.00000000   106.72939010   106.67183288    -0.00000401     0.00007559
 RCH3 / ANGSTROM             0.00000000     1.09312547     1.10323781    -0.01746476     1.71421162
 AOCH3 / DEGREE              0.00000000   111.89503696   111.93543019     0.00001582     0.00006938
 AHH3 / DEGREE               0.00000000   298.61717217   300.23545023    -0.00004531     0.00004911
 Convergence:                0.00000000  (line search)     0.05437622     0.01905605  (total)

 Geometry written to block  2 of record 700

 Running procedure: RUNCCSD


 Recomputing integrals since geometry changed


 PROGRAM * SEWARD (Integral evaluation for generally contracted gaussian basis sets)     Author: Roland Lindh, 1990

 Geometry written to block  2 of record 700

 Orientation using atomic masses  
 Molecule type: Asymmetric top
 Rotational constants:      23.6890695     24.5374693    126.6391109 GHz  (calculated with average atomic masses)

 Point group  C1  



 ATOMIC COORDINATES

 NR  ATOM    CHARGE       X              Y              Z

   1  C       6.00    0.000276989    0.025226633   -1.382650183
   2  O       8.00   -0.000184851   -0.121306766    1.310635901
   3  H       1.00    0.004678279    1.570182758    1.977089274
   4  H1      1.00    1.725642823    0.934694756   -2.113234703
   5  H2      1.00   -0.063097032   -1.924667022   -2.084439225
   6  H3      1.00   -1.667590567    1.044725886   -2.107427611

 Bond lengths in Bohr (Angstrom)

 1-2  2.697269393  1-4  2.082732164  1-5  2.073308804  1-6  2.084817314  2-3  1.818054058
     ( 1.427333494)     ( 1.102134398)     ( 1.097147770)     ( 1.103237811)     ( 0.962072776)

 Bond angles

  1-2-3  108.39031830   2-1-4  111.97045456   2-1-5  106.67183288   2-1-6  111.93543019

  4-1-5  108.49755363   4-1-6  109.10209960   5-1-6  108.52844558

 NUCLEAR CHARGE:                   18
 NUMBER OF PRIMITIVE AOS:         118
 NUMBER OF SYMMETRY AOS:          114
 NUMBER OF CONTRACTIONS:           82   (   82A   )
 NUMBER OF INNER CORE ORBITALS:     0   (    0A   )
 NUMBER OF OUTER CORE ORBITALS:     2   (    2A   )
 NUMBER OF VALENCE ORBITALS:       12   (   12A   )


 NUCLEAR REPULSION ENERGY   40.09673774

 Eigenvalues of metric

         1 0.673E-03 0.820E-03 0.826E-03 0.112E-02 0.252E-02 0.442E-02 0.509E-02 0.538E-02


 Contracted 2-electron integrals neglected if value below      1.0D-11
 AO integral compression algorithm  1   Integral accuracy      1.0D-11

     31.719 MB (compressed) written to integral file ( 55.2%)


 NUMBER OF SORTED TWO-ELECTRON INTEGRALS:    5791906.     BUFFER LENGTH:  32768
 NUMBER OF SEGMENTS:   1  SEGMENT LENGTH:    5791906      RECORD LENGTH: 524288

 Memory used in sort:       6.35 MW

 SORT1 READ     7174542. AND WROTE     5719268. INTEGRALS IN     17 RECORDS. CPU TIME:     0.04 SEC, REAL TIME:     0.07 SEC
 SORT2 READ     5719268. AND WROTE     5791906. INTEGRALS IN    121 RECORDS. CPU TIME:     0.10 SEC, REAL TIME:     0.11 SEC

 FILE SIZES:   FILE 1:    62.0 MBYTE,  FILE 4:    71.3 MBYTE,   TOTAL:    133.3 MBYTE

 OPERATOR DM      FOR CENTER  0  COORDINATES:    0.000000    0.000000    0.000000

 Program * Restricted Hartree-Fock

 Molecular orbitals read from record     2101.2  Type=RHF/CANONICAL  

 NELEC=   18   SYM=1   MS2= 0   THRE=1.0D-09   THRD=1.0D-06   THRG=1.0D-06  HFMA2=F  DIIS_START=2   DIIS_MAX=10   DIIS_INCORE=F

 Level shifts:    0.00 (CLOSED)    0.00 (OPEN)    0.30 (GAP_MIN)

 ITER           ETOT              DE          GRAD        DDIFF     DIIS  NEXP   TIME(IT)  TIME(TOT)  DIAG
   1     -115.05957148    -115.05957148     0.00D+00     0.99D-01     0     0       0.16      0.17    start
   2     -115.06100834      -0.00143685     0.13D-02     0.22D-02     1     0       0.10      0.27    diag
   3     -115.06113499      -0.00012666     0.31D-03     0.55D-03     2     0       0.12      0.39    diag
   4     -115.06113914      -0.00000415     0.50D-04     0.84D-04     3     0       0.12      0.51    diag
   5     -115.06113957      -0.00000043     0.20D-04     0.30D-04     4     0       0.13      0.64    diag
   6     -115.06113964      -0.00000007     0.62D-05     0.12D-04     5     0       0.12      0.76    diag
   7     -115.06113965      -0.00000001     0.25D-05     0.45D-05     6     0       0.12      0.88    diag
   8     -115.06113965      -0.00000000     0.60D-06     0.13D-05     7     0       0.11      0.99    fixocc
   9     -115.06113965      -0.00000000     0.15D-06     0.40D-06     8     0       0.12      1.11    diag
  10     -115.06113965      -0.00000000     0.29D-07     0.48D-07     0     0       0.11      1.22    diag/orth

 Final occupancy:   9

 !RHF STATE 1.1 Energy               -115.061139648813
  RHF One-electron energy            -236.341162055225
  RHF Two-electron energy              81.183284668344
  RHF Kinetic energy                  114.823852507131
  RHF Nuclear energy                   40.096737738068
  RHF Virial quotient                  -1.002066531792

 !RHF STATE 1.1 Dipole moment           0.00097085     0.59062636    -0.39651990
 Dipole moment /Debye                   0.00246765     1.50122248    -1.00785305

 Orbital energies:

           1.1          2.1          3.1          4.1          5.1          6.1          7.1          8.1          9.1         10.1
    -20.569195   -11.283374    -1.358589    -0.924447    -0.689592    -0.617173    -0.591339    -0.503079    -0.450508     0.034517

          11.1
      0.051649


 HOMO      9.1    -0.450508 =     -12.2590eV
 LUMO     10.1     0.034517 =       0.9393eV
 LUMO-HOMO         0.485025 =      13.1982eV

 Orbitals saved in record  2101.2


 **********************************************************************************************************************************
 DATASETS  * FILE   NREC   LENGTH (MB)   RECORD NAMES
              1      19       53.84       500      610      700      900      950      970     1000      129      960     1100   
                                          VAR    BASINP    GEOM    SYMINP    ZMAT    AOBASIS   BASIS     P2S    ABASIS      S 
                                         1400     1410     1200     1210     1080     1600     1650     1300     1700   
                                           T        V       H0       H01     AOSYM     SMH    MOLCAS    ERIS     OPER   

              2       8        1.26       700     1000      520     2100      200     2101     8500     9001   
                                         GEOM     BASIS   MCVARS     RHF    OPTIONS    RHF     CPHF    DEN_MP2    

 PROGRAMS   *        TOTAL    HF-SCF      CCSD    HF-SCF       INT    HF-SCF       INT
 CPU TIMES  *        70.88      1.93     57.13      1.06      0.75      1.31      0.92
 REAL TIME  *        14.11 SEC
 DISK USED  *       195.56 MB
 **********************************************************************************************************************************


 PROGRAM * CCSD (Closed-shell coupled cluster)     Authors: C. Hampel, H.-J. Werner, 1991, M. Deegan, P.J. Knowles, 1992


 Convergence thresholds:  THRVAR = 1.00D-12  THRDEN = 1.00D-08

 Using ITF CCSD gradient implementation

 Number of core orbitals:           2 (   2 )
 Number of closed-shell orbitals:   7 (   7 )
 Number of external orbitals:      73 (  73 )

 Molecular orbitals read from record     2101.2  Type=RHF/CANONICAL (state 1.1)

 Integral transformation finished. Total CPU:   0.82 sec, npass=  1  Memory used:   2.72 MW
  Reference energy                   -115.061139648813

  MP2 correlation energy               -0.360740264275
  MP2 total energy                   -115.421879913088

 ITER.      SQ.NORM     CORR.ENERGY   TOTAL ENERGY   ENERGY CHANGE        DEN1      VAR(S)    VAR(P)  DIIS     TIME
   1      1.11684469    -0.38244836  -115.44358801    -0.02170810    -0.01156785  1.97e-03  1.96e-03  1  1     1.83
   2      1.12524895    -0.38398515  -115.44512480    -0.00153679    -0.00858949  2.75e-05  3.03e-04  2  2     3.71
   3      1.12835671    -0.38412484  -115.44526449    -0.00013969    -0.00209211  3.78e-06  3.38e-05  3  3     5.60
   4      1.12964078    -0.38413871  -115.44527836    -0.00001386    -0.00089870  5.19e-08  2.83e-06  4  4     7.37
   5      1.12990564    -0.38411950  -115.44525915     0.00001920    -0.00018439  3.49e-08  2.41e-07  5  5     9.14
   6      1.12995831    -0.38411907  -115.44525872     0.00000043    -0.00003946  3.65e-10  1.20e-08  6  0    11.03
   7      1.12996399    -0.38411828  -115.44525793     0.00000079    -0.00000545  3.33e-11  1.09e-09  6  1    12.76
   8      1.12996418    -0.38411818  -115.44525783     0.00000010    -0.00000049  2.96e-12  8.92e-11  6  2    14.54
   9      1.12996415    -0.38411818  -115.44525783     0.00000000     0.00000002  1.45e-13  7.90e-12  6  3    16.24
  10      1.12996418    -0.38411818  -115.44525783    -0.00000000    -0.00000001  1.02e-14  5.22e-13          17.82

 Norm of t1 vector:      0.05839784     S-energy:      0.00000000   T1 diagnostic:  0.01103615

 Time per iteration:                      1.78 sec

 RESULTS
 =======

  Reference energy                   -115.061139648813
  CCSD correlation energy              -0.384118181907
 !CCSD total energy                  -115.445257830720

 Starting CP-CCSD iterations.   Author: W. Gyorffy (2012)

 ITER.      NRM1           NRM2      VAR(S)+VAR(P)   DIIS    TIME
   1     0.00195262     0.36974864     6.15e-04      1  1    1.95
   2     0.00178522     0.36524913     5.54e-05      2  2    3.79
   3     0.00165604     0.36475196     6.57e-06      3  3    5.85
   4     0.00158671     0.36425539     1.12e-06      4  4    8.75
   5     0.00155290     0.36414561     9.51e-08      5  5   11.62
   6     0.00154146     0.36411319     9.68e-09      6  0   14.17
   7     0.00153852     0.36411062     1.03e-09      6  1   16.63
   8     0.00153786     0.36411011     1.43e-10      6  2   19.28
   9     0.00153778     0.36411008     2.14e-11      6  3   21.84
  10     0.00153775     0.36411002     2.57e-12      6  4   24.40
  11     0.00153776     0.36411000     2.64e-13             26.28


 Time per iteration:                      2.39 sec


 CPHF trial vector read from record  8500.2

 Starting Coupled-perturbed Hartree-Fock, convergence threshold= 1.0D-06

 ITER   MIC  DIIS      VAR         VARC       CPU
   1     0     1    0.79D-02    0.21D-03     0.06
   2     4     2    0.88D-05    0.50D-05     0.10
   3     2     3    0.54D-06    0.12D-06     0.13

 CPHF convergence reached in  3 macroiterations and    6 microiterations.   Accuracy: 5.3594D-07

 CPHF solution written to record  8500.2

 Dipole moments (unrelaxed):            0.00061890     0.55008777    -0.36276649
 Orbital relaxation contribution:       0.00004543     0.00508791    -0.00390317
 !CCSD STATE 1.1 Dipole moment          0.00066433     0.55517568    -0.36666966
 Dipole moment /Debye                   0.00168856     1.41111582    -0.93198131

 CPU-time for coupled-perturbed hartree-fock:          0.14 sec

 Number of N-1 electron functions:               7
 Number of N-2 electron functions:              28
 Number of singly external CSFs:               511
 Number of doubly external CSFs:            130816
 Total number of CSFs:                      131328

 CCSD gradient info saved on record        55555.1




 **********************************************************************************************************************************
 DATASETS  * FILE   NREC   LENGTH (MB)   RECORD NAMES
              1      21       81.07       500      610      700      900      950      970     1000      129      960     1100   
                                          VAR    BASINP    GEOM    SYMINP    ZMAT    AOBASIS   BASIS     P2S    ABASIS      S 
                                         1400     1410     1200     1210     1080     1600     1650     1300     1700     1380   
                                           T        V       H0       H01     AOSYM     SMH    MOLCAS    ERIS     OPER     JKOP   
                                        55555   
                                         CCSD   

              2       8        1.26       700     1000      520     2100      200     2101     8500     9001   
                                         GEOM     BASIS   MCVARS     RHF    OPTIONS    RHF     CPHF    DEN_MP2    

 PROGRAMS   *        TOTAL      CCSD    HF-SCF      CCSD    HF-SCF       INT    HF-SCF       INT
 CPU TIMES  *       130.42     59.54      1.93     57.13      1.06      0.75      1.31      0.92
 REAL TIME  *        22.84 SEC
 DISK USED  *       195.56 MB
 **********************************************************************************************************************************

 Current geometry (xyz format, in Angstrom)


 Dump information in style XYZ to ch3oh_maxima_mp2_1.xyz                                                          

    6
 CCSD/AUG-CC-PVDZ  OPTSTEP=1  ENERGY=-115.44525783
 C          0.0001465763        0.0133493595       -0.7316669674
 O         -0.0000978191       -0.0641927759        0.6935586504
 H          0.0024756387        0.8309049327        1.0462305878
 H          0.9131708563        0.4946191640       -1.1182756460
 H         -0.0333895113       -1.0184899269       -1.1030377354
 H         -0.8824509250        0.5528451307       -1.1152026656

 **********************************************************************************************************************************

 PROGRESS OF GEOMETRY OPTIMIZATION.    TOTAL CPU:       128.1 SEC
   1  -115.44477766  -115.44525783    -0.00048017  0.00924195  0.01905605  0.00574561  0.03024596  0.05437622  0.00494329

 **********************************************************************************************************************************

 Current geometry (xyz format, in Angstrom)


 Dump information in style XYZ to ch3oh_maxima_mp2.xyz                                                            

    6
 CCSD/AUG-CC-PVDZ  ENERGY=-115.44525783
 C          0.0001465763        0.0133493595       -0.7316669674
 O         -0.0000978191       -0.0641927759        0.6935586504
 H          0.0024756387        0.8309049327        1.0462305878
 H          0.9131708563        0.4946191640       -1.1182756460
 H         -0.0333895113       -1.0184899269       -1.1030377354
 H         -0.8824509250        0.5528451307       -1.1152026656

 **********************************************************************************************************************************

 Current variables
 RCO=                 1.42733349 ANGSTROM
 ROH=                 0.96207278 ANGSTROM
 ACOH=              108.39031830 DEGREE
 RCH1=                1.10213440 ANGSTROM
 AOCH1=             111.97045456 DEGREE
 AHH1=               63.11579361 DEGREE
 RCH2=                1.09714777 ANGSTROM
 AOCH2=             106.67183288 DEGREE
 RCH3=                1.10323781 ANGSTROM
 AOCH3=             111.93543019 DEGREE
 AHH3=              300.23545023 DEGREE

 **********************************************************************************************************************************

 PROGRAM * ALASKA (Gradient of the energy)     Author: R. Lindh


 CCSD Gradient info restored from record   55555.1

 Number of core orbitals:           2 (   2 )
 Number of closed-shell orbitals:   7 (   7 )
 Number of external orbitals:      73 (  73 )

 Integral thresholds in T2TRAN:            1.0D-10 (PROD)

 Available memory for Transformation: 497831906 words
 Memory needed for incore algorithm:    2340415 words
 Minimum memory needed:                  847139 words

 Memory used for transformation:           3.30 MW
 Available memory for gradients:         496.53 MW

 CPU for transformation:                   4.46 sec
 CPU for integrals and gradient:           2.78 sec
 Total CPU:                                7.24 sec

 Prescreening statistics:
 ========================

 Total number of shell quadruplets:        5.56D+03
 Number of shell quadruplets processed:    5.56D+03 (100.00%)

 CCSD GRADIENT FOR STATE 1.1

 Atom          dE/dx               dE/dy               dE/dz

   1         0.000588568        -0.000390977         0.001174188
   2         0.000107790         0.001718898        -0.002757530
   3        -0.000143302        -0.001363664        -0.000316066
   4        -0.002072825        -0.001224190         0.000729785
   5         0.000099368         0.002089419         0.000570735
   6         0.001420402        -0.000829486         0.000598888

 Nuclear force contribution to virial =        -0.024200728
 Reading points 1 to 2 from record 700.2,  wavefunction type=CCSD            

 Making model hessian for Z-matrix coordinates
 BFGS update of hessian using  1 points

 Entering Rational Function Geometry Optimization

 Optimization point 2

 Variable                      Last           Current        Next           Gradient       Hessian

 E(CCSD) / Hartree        -115.44477766  -115.44525783  -115.44529153
 RCO / ANGSTROM              1.41997934     1.42733349     1.43087184    -0.00583613     2.02531770
 ROH / ANGSTROM              0.95818958     0.96207278     0.96349469    -0.00261723     2.47041531
 ACOH / DEGREE             108.21042647   108.39031830   108.25053859     0.00000654     0.00007147
 RCH1 / ANGSTROM             1.09312547     1.10213440     1.10593258    -0.00473891     1.55429621
 AOCH1 / DEGREE            111.89503696   111.97045456   111.88519288     0.00000559     0.00006782
 AHH1 / DEGREE              61.38282783    63.11579361    63.03345894     0.00000420     0.00004777
 RCH2 / ANGSTROM             1.08754749     1.09714777     1.10042023    -0.00408421     1.60544362
 AOCH2 / DEGREE            106.72939010   106.67183288   106.55357411     0.00000618     0.00007260
 RCH3 / ANGSTROM             1.09312547     1.10323781     1.10599486    -0.00330732     1.60358449
 AOCH3 / DEGREE            111.89503696   111.93543019   111.92179753     0.00000043     0.00006670
 AHH3 / DEGREE             298.61717217   300.23545023   300.18022827     0.00000110     0.00004719
 Convergence:                0.00000000  (line search)     0.01357610     0.00509015  (total)

 Geometry written to block  3 of record 700

 Running procedure: RUNCCSD


 Recomputing integrals since geometry changed


 PROGRAM * SEWARD (Integral evaluation for generally contracted gaussian basis sets)     Author: Roland Lindh, 1990

 Geometry written to block  3 of record 700

 Orientation using atomic masses  
 Molecule type: Asymmetric top
 Rotational constants:      23.5822450     24.4286000    125.8203501 GHz  (calculated with average atomic masses)

 Point group  C1  



 ATOMIC COORDINATES

 NR  ATOM    CHARGE       X              Y              Z

   1  C       6.00    0.000239970    0.025021326   -1.386132678
   2  O       8.00    0.000186748   -0.121334863    1.313859419
   3  H       1.00   -0.001064857    1.574417368    1.976823174
   4  H1      1.00    1.728062695    0.946545846   -2.116299595
   5  H2      1.00   -0.056293823   -1.932492686   -2.085584861
   6  H3      1.00   -1.676527908    1.039358369   -2.112620317

 Bond lengths in Bohr (Angstrom)

 1-2  2.703955890  1-4  2.089909696  1-5  2.079492855  1-6  2.090027379  2-3  1.820741095
     ( 1.430871837)     ( 1.105932584)     ( 1.100420229)     ( 1.105994859)     ( 0.963494694)

 Bond angles

  1-2-3  108.25053859   2-1-4  111.88519288   2-1-5  106.55357411   2-1-6  111.92179753

  4-1-5  108.66509512   4-1-6  109.13729639   5-1-6  108.54967690

 NUCLEAR CHARGE:                   18
 NUMBER OF PRIMITIVE AOS:         118
 NUMBER OF SYMMETRY AOS:          114
 NUMBER OF CONTRACTIONS:           82   (   82A   )
 NUMBER OF INNER CORE ORBITALS:     0   (    0A   )
 NUMBER OF OUTER CORE ORBITALS:     2   (    2A   )
 NUMBER OF VALENCE ORBITALS:       12   (   12A   )


 NUCLEAR REPULSION ENERGY   40.00093753

 Eigenvalues of metric

         1 0.680E-03 0.827E-03 0.833E-03 0.113E-02 0.254E-02 0.444E-02 0.514E-02 0.543E-02


 Contracted 2-electron integrals neglected if value below      1.0D-11
 AO integral compression algorithm  1   Integral accuracy      1.0D-11

     31.195 MB (compressed) written to integral file ( 54.8%)


 NUMBER OF SORTED TWO-ELECTRON INTEGRALS:    5791906.     BUFFER LENGTH:  32768
 NUMBER OF SEGMENTS:   1  SEGMENT LENGTH:    5791906      RECORD LENGTH: 524288

 Memory used in sort:       6.35 MW

 SORT1 READ     7174542. AND WROTE     5716048. INTEGRALS IN     17 RECORDS. CPU TIME:     0.04 SEC, REAL TIME:     0.07 SEC
 SORT2 READ     5716048. AND WROTE     5791906. INTEGRALS IN    119 RECORDS. CPU TIME:     0.10 SEC, REAL TIME:     0.12 SEC

 FILE SIZES:   FILE 1:    61.5 MBYTE,  FILE 4:    71.3 MBYTE,   TOTAL:    132.8 MBYTE

 OPERATOR DM      FOR CENTER  0  COORDINATES:    0.000000    0.000000    0.000000

 Program * Restricted Hartree-Fock

 Molecular orbitals read from record     2101.2  Type=RHF/CANONICAL (state 1.1)

 NELEC=   18   SYM=1   MS2= 0   THRE=1.0D-09   THRD=1.0D-06   THRG=1.0D-06  HFMA2=F  DIIS_START=2   DIIS_MAX=10   DIIS_INCORE=F

 Level shifts:    0.00 (CLOSED)    0.00 (OPEN)    0.30 (GAP_MIN)

 ITER           ETOT              DE          GRAD        DDIFF     DIIS  NEXP   TIME(IT)  TIME(TOT)  DIAG
   1     -115.06078603    -115.06078603     0.00D+00     0.99D-01     0     0       0.17      0.18    start
   2     -115.06080265      -0.00001662     0.15D-03     0.49D-03     1     0       0.10      0.28    diag
   3     -115.06080383      -0.00000118     0.33D-04     0.75D-04     2     0       0.11      0.39    diag
   4     -115.06080391      -0.00000008     0.90D-05     0.13D-04     3     0       0.13      0.52    diag
   5     -115.06080392      -0.00000001     0.27D-05     0.55D-05     4     0       0.12      0.64    diag
   6     -115.06080392      -0.00000000     0.82D-06     0.12D-05     5     0       0.12      0.76    diag
   7     -115.06080393      -0.00000000     0.36D-06     0.72D-06     6     0       0.13      0.89    diag
   8     -115.06080393      -0.00000000     0.81D-07     0.11D-06     0     0       0.11      1.00    fixocc

 Final occupancy:   9

 !RHF STATE 1.1 Energy               -115.060803925103
  RHF One-electron energy            -236.157220024959
  RHF Two-electron energy              81.095478566165
  RHF Kinetic energy                  114.800194149330
  RHF Nuclear energy                   40.000937533691
  RHF Virial quotient                  -1.002270116159

 !RHF STATE 1.1 Dipole moment          -0.00160745     0.59109926    -0.40044291
 Dipole moment /Debye                  -0.00408572     1.50242446    -1.01782435

 Orbital energies:

           1.1          2.1          3.1          4.1          5.1          6.1          7.1          8.1          9.1         10.1
    -20.569529   -11.284872    -1.357227    -0.923300    -0.688390    -0.616090    -0.590032    -0.503109    -0.450581     0.034499

          11.1
      0.051651


 HOMO      9.1    -0.450581 =     -12.2609eV
 LUMO     10.1     0.034499 =       0.9388eV
 LUMO-HOMO         0.485079 =      13.1997eV

 Orbitals saved in record  2101.2


 **********************************************************************************************************************************
 DATASETS  * FILE   NREC   LENGTH (MB)   RECORD NAMES
              1      19       53.58       500      610      700      900      950      970     1000      129      960     1100   
                                          VAR    BASINP    GEOM    SYMINP    ZMAT    AOBASIS   BASIS     P2S    ABASIS      S 
                                         1400     1410     1200     1210     1080     1600     1650     1300     1700   
                                           T        V       H0       H01     AOSYM     SMH    MOLCAS    ERIS     OPER   

              2       8        1.26       700     1000      520     2100      200     2101     8500     9001   
                                         GEOM     BASIS   MCVARS     RHF    OPTIONS    RHF     CPHF    DEN_MP2    

 PROGRAMS   *        TOTAL    HF-SCF      CCSD    HF-SCF      CCSD    HF-SCF       INT    HF-SCF       INT
 CPU TIMES  *       139.48      1.72     59.54      1.93     57.13      1.06      0.75      1.31      0.92
 REAL TIME  *        26.27 SEC
 DISK USED  *       195.56 MB
 **********************************************************************************************************************************


 PROGRAM * CCSD (Closed-shell coupled cluster)     Authors: C. Hampel, H.-J. Werner, 1991, M. Deegan, P.J. Knowles, 1992


 Convergence thresholds:  THRVAR = 1.00D-12  THRDEN = 1.00D-08

 Using ITF CCSD gradient implementation

 Number of core orbitals:           2 (   2 )
 Number of closed-shell orbitals:   7 (   7 )
 Number of external orbitals:      73 (  73 )

 Molecular orbitals read from record     2101.2  Type=RHF/CANONICAL (state 1.1)

 Integral transformation finished. Total CPU:   0.82 sec, npass=  1  Memory used:   2.72 MW
  Reference energy                   -115.060803925102

  MP2 correlation energy               -0.361093569446
  MP2 total energy                   -115.421897494549

 ITER.      SQ.NORM     CORR.ENERGY   TOTAL ENERGY   ENERGY CHANGE        DEN1      VAR(S)    VAR(P)  DIIS     TIME
   1      1.11723411    -0.38280741  -115.44361134    -0.02171384    -0.01151995  1.98e-03  1.97e-03  1  1     1.77
   2      1.12570264    -0.38435361  -115.44515753    -0.00154620    -0.00863147  2.79e-05  3.06e-04  2  2     3.65
   3      1.12884000    -0.38449623  -115.44530015    -0.00014262    -0.00210289  3.84e-06  3.44e-05  3  3     5.53
   4      1.13014401    -0.38451061  -115.44531453    -0.00001438    -0.00090865  5.33e-08  2.89e-06  4  4     7.39
   5      1.13041418    -0.38449115  -115.44529507     0.00001946    -0.00018698  3.56e-08  2.48e-07  5  5     9.77
   6      1.13046829    -0.38449068  -115.44529461     0.00000046    -0.00004021  3.75e-10  1.24e-08  6  0    11.58
   7      1.13047417    -0.38448987  -115.44529380     0.00000081    -0.00000557  3.49e-11  1.13e-09  6  1    13.38
   8      1.13047437    -0.38448977  -115.44529369     0.00000010    -0.00000050  3.10e-12  9.27e-11  6  2    15.20
   9      1.13047434    -0.38448977  -115.44529369     0.00000000     0.00000002  1.52e-13  8.25e-12  6  3    16.98
  10      1.13047437    -0.38448977  -115.44529369    -0.00000000    -0.00000001  1.08e-14  5.45e-13          18.65

 Norm of t1 vector:      0.05860892     S-energy:      0.00000002   T1 diagnostic:  0.01107605

 Time per iteration:                      1.87 sec

 RESULTS
 =======

  Reference energy                   -115.060803925102
  CCSD correlation energy              -0.384489767273
 !CCSD total energy                  -115.445293692376

 Starting CP-CCSD iterations.   Author: W. Gyorffy (2012)

 ITER.      NRM1           NRM2      VAR(S)+VAR(P)   DIIS    TIME
   1     0.00196562     0.37049386     6.22e-04      1  1    1.77
   2     0.00179720     0.36595849     5.61e-05      2  2    3.47
   3     0.00166696     0.36545890     6.65e-06      3  3    5.23
   4     0.00159709     0.36495806     1.14e-06      4  4    7.03
   5     0.00156294     0.36484745     9.65e-08      5  5    8.82
   6     0.00155137     0.36481472     9.85e-09      6  0   10.64
   7     0.00154839     0.36481214     1.05e-09      6  1   12.45
   8     0.00154772     0.36481164     1.45e-10      6  2   14.39
   9     0.00154764     0.36481160     2.18e-11      6  3   16.18
  10     0.00154761     0.36481154     2.62e-12      6  4   18.13
  11     0.00154762     0.36481152     2.71e-13             19.96


 Time per iteration:                      1.81 sec


 CPHF trial vector read from record  8500.2

 Starting Coupled-perturbed Hartree-Fock, convergence threshold= 1.0D-06

 ITER   MIC  DIIS      VAR         VARC       CPU
   1     0     1    0.63D-03    0.45D-04     0.05
   2     4     2    0.31D-05    0.13D-05     0.09
   3     1     3    0.26D-06    0.32D-07     0.13

 CPHF convergence reached in  3 macroiterations and    5 microiterations.   Accuracy: 2.6149D-07

 CPHF solution written to record  8500.2

 Dipole moments (unrelaxed):           -0.00172684     0.55024447    -0.36596667
 Orbital relaxation contribution:       0.00002003     0.00512978    -0.00397951
 !CCSD STATE 1.1 Dipole moment         -0.00170682     0.55537425    -0.36994618
 Dipole moment /Debye                  -0.00433829     1.41162055    -0.94030941

 CPU-time for coupled-perturbed hartree-fock:          0.14 sec

 Number of N-1 electron functions:               7
 Number of N-2 electron functions:              28
 Number of singly external CSFs:               511
 Number of doubly external CSFs:            130816
 Total number of CSFs:                      131328

 CCSD gradient info saved on record        55555.1




 **********************************************************************************************************************************
 DATASETS  * FILE   NREC   LENGTH (MB)   RECORD NAMES
              1      21       80.80       500      610      700      900      950      970     1000      129      960     1100   
                                          VAR    BASINP    GEOM    SYMINP    ZMAT    AOBASIS   BASIS     P2S    ABASIS      S 
                                         1400     1410     1200     1210     1080     1600     1650     1300     1700     1380   
                                           T        V       H0       H01     AOSYM     SMH    MOLCAS    ERIS     OPER     JKOP   
                                        55555   
                                         CCSD   

              2       8        1.26       700     1000      520     2100      200     2101     8500     9001   
                                         GEOM     BASIS   MCVARS     RHF    OPTIONS    RHF     CPHF    DEN_MP2    

 PROGRAMS   *        TOTAL      CCSD    HF-SCF      CCSD    HF-SCF      CCSD    HF-SCF       INT    HF-SCF       INT
 CPU TIMES  *       195.05     55.57      1.72     59.54      1.93     57.13      1.06      0.75      1.31      0.92
 REAL TIME  *        34.29 SEC
 DISK USED  *       195.56 MB
 **********************************************************************************************************************************

 Current geometry (xyz format, in Angstrom)


 Dump information in style XYZ to ch3oh_maxima_mp2_2.xyz                                                          

    6
 CCSD/AUG-CC-PVDZ  OPTSTEP=2  ENERGY=-115.44529369
 C          0.0001269866        0.0132407154       -0.7335098243
 O          0.0000988228       -0.0642076443        0.6952644627
 H         -0.0005634983        0.8331457915        1.0460897737
 H          0.9144513972        0.5008904908       -1.1198975173
 H         -0.0297894084       -1.0226310895       -1.1036439801
 H         -0.8871803623        0.5500047629       -1.1179505270

 **********************************************************************************************************************************

 PROGRESS OF GEOMETRY OPTIMIZATION.    TOTAL CPU:       192.7 SEC
   1  -115.44477766  -115.44525783    -0.00048017  0.00924195  0.01905605  0.00574561  0.03024596  0.05437622  0.00494329
   2  -115.44525783  -115.44529369    -0.00003586  0.00308835  0.00509015  0.00153474  0.00717753  0.01357610  0.00123419

 **********************************************************************************************************************************

 Current geometry (xyz format, in Angstrom)


 Dump information in style XYZ to ch3oh_maxima_mp2.xyz                                                            

    6
 CCSD/AUG-CC-PVDZ  ENERGY=-115.44529369
 C          0.0001269866        0.0132407154       -0.7335098243
 O          0.0000988228       -0.0642076443        0.6952644627
 H         -0.0005634983        0.8331457915        1.0460897737
 H          0.9144513972        0.5008904908       -1.1198975173
 H         -0.0297894084       -1.0226310895       -1.1036439801
 H         -0.8871803623        0.5500047629       -1.1179505270

 **********************************************************************************************************************************

 Current variables
 RCO=                 1.43087184 ANGSTROM
 ROH=                 0.96349469 ANGSTROM
 ACOH=              108.25053859 DEGREE
 RCH1=                1.10593258 ANGSTROM
 AOCH1=             111.88519288 DEGREE
 AHH1=               63.03345894 DEGREE
 RCH2=                1.10042023 ANGSTROM
 AOCH2=             106.55357411 DEGREE
 RCH3=                1.10599486 ANGSTROM
 AOCH3=             111.92179753 DEGREE
 AHH3=              300.18022827 DEGREE

 **********************************************************************************************************************************

 PROGRAM * ALASKA (Gradient of the energy)     Author: R. Lindh


 CCSD Gradient info restored from record   55555.1

 Number of core orbitals:           2 (   2 )
 Number of closed-shell orbitals:   7 (   7 )
 Number of external orbitals:      73 (  73 )

 Integral thresholds in T2TRAN:            1.0D-10 (PROD)

 Available memory for Transformation: 497831906 words
 Memory needed for incore algorithm:    2340415 words
 Minimum memory needed:                  847139 words

 Memory used for transformation:           3.30 MW
 Available memory for gradients:         496.53 MW

 CPU for transformation:                   5.06 sec
 CPU for integrals and gradient:           2.65 sec
 Total CPU:                                7.71 sec

 Prescreening statistics:
 ========================

 Total number of shell quadruplets:        5.56D+03
 Number of shell quadruplets processed:    5.56D+03 (100.00%)

 CCSD GRADIENT FOR STATE 1.1

 Atom          dE/dx               dE/dy               dE/dz

   1         0.000127964        -0.000093351         0.001028737
   2         0.000160135         0.000183342        -0.000953289
   3        -0.000131508        -0.000078453         0.000120105
   4         0.000047310         0.000037991        -0.000049973
   5        -0.000127173        -0.000099478        -0.000035293
   6        -0.000076728         0.000049949        -0.000110287

 Nuclear force contribution to virial =        -0.001678902
 Reading points 1 to 3 from record 700.2,  wavefunction type=CCSD            

 Making model hessian for Z-matrix coordinates
 BFGS update of hessian using  2 points

 Entering Rational Function Geometry Optimization

 Optimization point 3

 Variable                      Last           Current        Next           Gradient       Hessian

 E(CCSD) / Hartree        -115.44525783  -115.44529369  -115.44529468
 RCO / ANGSTROM              1.42733349     1.43087184     1.43181789    -0.00158291     1.79200881
 ROH / ANGSTROM              0.96207278     0.96349469     0.96357990    -0.00005526     2.46266583
 ACOH / DEGREE             108.39031830   108.25053859   108.17350140     0.00000446     0.00006996
 RCH1 / ANGSTROM             1.10213440     1.10593258     1.10599185     0.00013856     1.58576398
 AOCH1 / DEGREE            111.97045456   111.88519288   111.87114183     0.00000097     0.00006637
 AHH1 / DEGREE              63.11579361    63.03345894    63.03220281    -0.00000034     0.00004712
 RCH2 / ANGSTROM             1.09714777     1.10042023     1.10042098     0.00020593     1.63708589
 AOCH2 / DEGREE            106.67183288   106.55357411   106.55595156    -0.00000005     0.00007123
 RCH3 / ANGSTROM             1.10323781     1.10599486     1.10596619     0.00023458     1.62830097
 AOCH3 / DEGREE            111.93543019   111.92179753   111.87677662     0.00000261     0.00006549
 AHH3 / DEGREE             300.23545023   300.18022827   300.18900477    -0.00000002     0.00004649
 Convergence:                0.00000000  (line search)     0.00239763     0.00090906  (total)

 Geometry written to block  4 of record 700

 Running procedure: RUNCCSD


 Recomputing integrals since geometry changed


 PROGRAM * SEWARD (Integral evaluation for generally contracted gaussian basis sets)     Author: Roland Lindh, 1990

 Geometry written to block  4 of record 700

 Orientation using atomic masses  
 Molecule type: Asymmetric top
 Rotational constants:      23.5608176     24.4064365    125.7634893 GHz  (calculated with average atomic masses)

 Point group  C1  



 ATOMIC COORDINATES

 NR  ATOM    CHARGE       X              Y              Z

   1  C       6.00    0.000211518    0.024940212   -1.387072516
   2  O       8.00    0.000196000   -0.121357156    1.314713179
   3  H       1.00   -0.000631178    1.575473264    1.975357052
   4  H1      1.00    1.728479139    0.946156035   -2.116896546
   5  H2      1.00   -0.056810265   -1.932572776   -2.086492185
   6  H3      1.00   -1.676669407    1.040092834   -2.112002506

 Bond lengths in Bohr (Angstrom)

 1-2  2.705743680  1-4  2.090021693  1-5  2.079494278  1-6  2.089973199  2-3  1.820902108
     ( 1.431817894)     ( 1.105991850)     ( 1.100420982)     ( 1.105966188)     ( 0.963579899)

 Bond angles

  1-2-3  108.17350140   2-1-4  111.87114183   2-1-5  106.55595156   2-1-6  111.87677662

  4-1-5  108.67137617   4-1-6  109.16297662   5-1-6  108.57636051

 NUCLEAR CHARGE:                   18
 NUMBER OF PRIMITIVE AOS:         118
 NUMBER OF SYMMETRY AOS:          114
 NUMBER OF CONTRACTIONS:           82   (   82A   )
 NUMBER OF INNER CORE ORBITALS:     0   (    0A   )
 NUMBER OF OUTER CORE ORBITALS:     2   (    2A   )
 NUMBER OF VALENCE ORBITALS:       12   (   12A   )


 NUCLEAR REPULSION ENERGY   39.98695645

 Eigenvalues of metric

         1 0.680E-03 0.827E-03 0.833E-03 0.114E-02 0.255E-02 0.444E-02 0.514E-02 0.542E-02


 Contracted 2-electron integrals neglected if value below      1.0D-11
 AO integral compression algorithm  1   Integral accuracy      1.0D-11

     31.195 MB (compressed) written to integral file ( 54.3%)


 NUMBER OF SORTED TWO-ELECTRON INTEGRALS:    5791906.     BUFFER LENGTH:  32768
 NUMBER OF SEGMENTS:   1  SEGMENT LENGTH:    5791906      RECORD LENGTH: 524288

 Memory used in sort:       6.35 MW

 SORT1 READ     7174542. AND WROTE     5711843. INTEGRALS IN     17 RECORDS. CPU TIME:     0.04 SEC, REAL TIME:     0.06 SEC
 SORT2 READ     5711843. AND WROTE     5791906. INTEGRALS IN    119 RECORDS. CPU TIME:     0.11 SEC, REAL TIME:     0.12 SEC

 FILE SIZES:   FILE 1:    61.5 MBYTE,  FILE 4:    71.3 MBYTE,   TOTAL:    132.8 MBYTE

 OPERATOR DM      FOR CENTER  0  COORDINATES:    0.000000    0.000000    0.000000

 Program * Restricted Hartree-Fock

 Molecular orbitals read from record     2101.2  Type=RHF/CANONICAL (state 1.1)

 NELEC=   18   SYM=1   MS2= 0   THRE=1.0D-09   THRD=1.0D-07   THRG=1.0D-07  HFMA2=F  DIIS_START=2   DIIS_MAX=10   DIIS_INCORE=F

 Level shifts:    0.00 (CLOSED)    0.00 (OPEN)    0.30 (GAP_MIN)

 ITER           ETOT              DE          GRAD        DDIFF     DIIS  NEXP   TIME(IT)  TIME(TOT)  DIAG
   1     -115.06076432    -115.06076432     0.00D+00     0.99D-01     0     0       0.17      0.17    start
   2     -115.06076497      -0.00000065     0.30D-04     0.51D-04     1     0       0.12      0.29    diag
   3     -115.06076502      -0.00000005     0.68D-05     0.13D-04     2     0       0.12      0.41    diag
   4     -115.06076502      -0.00000000     0.16D-05     0.26D-05     3     0       0.10      0.51    diag
   5     -115.06076502      -0.00000000     0.51D-06     0.89D-06     4     0       0.12      0.63    diag
   6     -115.06076502      -0.00000000     0.15D-06     0.20D-06     5     0       0.11      0.74    diag
   7     -115.06076502      -0.00000000     0.55D-07     0.98D-07     6     0       0.11      0.85    diag
   8     -115.06076502       0.00000000     0.15D-07     0.24D-07     0     0       0.11      0.96    fixocc

 Final occupancy:   9

 !RHF STATE 1.1 Energy               -115.060765021254
  RHF One-electron energy            -236.130245830530
  RHF Two-electron energy              81.082524360989
  RHF Kinetic energy                  114.798252988565
  RHF Nuclear energy                   39.986956448287
  RHF Virial quotient                  -1.002286724979

 !RHF STATE 1.1 Dipole moment          -0.00147620     0.59122939    -0.40251674
 Dipole moment /Debye                  -0.00375212     1.50275523    -1.02309549

 Orbital energies:

           1.1          2.1          3.1          4.1          5.1          6.1          7.1          8.1          9.1         10.1
    -20.569548   -11.284971    -1.356921    -0.923281    -0.688155    -0.615999    -0.589795    -0.503260    -0.450669     0.034494

          11.1
      0.051655


 HOMO      9.1    -0.450669 =     -12.2633eV
 LUMO     10.1     0.034494 =       0.9386eV
 LUMO-HOMO         0.485163 =      13.2020eV

 Orbitals saved in record  2101.2


 **********************************************************************************************************************************
 DATASETS  * FILE   NREC   LENGTH (MB)   RECORD NAMES
              1      19       53.47       500      610      700      900      950      970     1000      129      960     1100   
                                          VAR    BASINP    GEOM    SYMINP    ZMAT    AOBASIS   BASIS     P2S    ABASIS      S 
                                         1400     1410     1200     1210     1080     1600     1650     1300     1700   
                                           T        V       H0       H01     AOSYM     SMH    MOLCAS    ERIS     OPER   

              2       8        1.26       700     1000      520     2100      200     2101     8500     9001   
                                         GEOM     BASIS   MCVARS     RHF    OPTIONS    RHF     CPHF    DEN_MP2    

 PROGRAMS   *        TOTAL    HF-SCF      CCSD    HF-SCF      CCSD    HF-SCF      CCSD    HF-SCF       INT    HF-SCF       INT
 CPU TIMES  *       204.52      1.68     55.57      1.72     59.54      1.93     57.13      1.06      0.75      1.31      0.92
 REAL TIME  *        37.75 SEC
 DISK USED  *       195.56 MB
 **********************************************************************************************************************************


 PROGRAM * CCSD (Closed-shell coupled cluster)     Authors: C. Hampel, H.-J. Werner, 1991, M. Deegan, P.J. Knowles, 1992


 Convergence thresholds:  THRVAR = 1.00D-12  THRDEN = 1.00D-08

 Using ITF CCSD gradient implementation

 Number of core orbitals:           2 (   2 )
 Number of closed-shell orbitals:   7 (   7 )
 Number of external orbitals:      73 (  73 )

 Molecular orbitals read from record     2101.2  Type=RHF/CANONICAL (state 1.1)

 Integral transformation finished. Total CPU:   0.87 sec, npass=  1  Memory used:   2.72 MW
  Reference energy                   -115.060765021254

  MP2 correlation energy               -0.361136137045
  MP2 total energy                   -115.421901158300

 ITER.      SQ.NORM     CORR.ENERGY   TOTAL ENERGY   ENERGY CHANGE        DEN1      VAR(S)    VAR(P)  DIIS     TIME
   1      1.11727280    -0.38284719  -115.44361221    -0.02171105    -0.01151046  1.98e-03  1.97e-03  1  1     1.80
   2      1.12574810    -0.38439375  -115.44515877    -0.00154656    -0.00863671  2.80e-05  3.06e-04  2  2     3.72
   3      1.12888804    -0.38453648  -115.44530150    -0.00014273    -0.00210349  3.85e-06  3.45e-05  3  3     5.64
   4      1.13019407    -0.38455092  -115.44531595    -0.00001444    -0.00090964  5.34e-08  2.90e-06  4  4     7.55
   5      1.13046478    -0.38453142  -115.44529644     0.00001950    -0.00018724  3.57e-08  2.48e-07  5  5     9.44
   6      1.13051906    -0.38453096  -115.44529598     0.00000046    -0.00004029  3.76e-10  1.25e-08  6  0    11.38
   7      1.13052496    -0.38453014  -115.44529517     0.00000081    -0.00000559  3.51e-11  1.13e-09  6  1    13.28
   8      1.13052516    -0.38453004  -115.44529506     0.00000010    -0.00000050  3.11e-12  9.29e-11  6  2    15.19
   9      1.13052512    -0.38453004  -115.44529506     0.00000000     0.00000002  1.52e-13  8.27e-12  6  3    16.96
  10      1.13052515    -0.38453004  -115.44529506    -0.00000000    -0.00000001  1.09e-14  5.47e-13          18.69

 Norm of t1 vector:      0.05864470     S-energy:      0.00000000   T1 diagnostic:  0.01108281

 Time per iteration:                      1.87 sec

 RESULTS
 =======

  Reference energy                   -115.060765021254
  CCSD correlation energy              -0.384530038827
 !CCSD total energy                  -115.445295060082

 Starting CP-CCSD iterations.   Author: W. Gyorffy (2012)

 ITER.      NRM1           NRM2      VAR(S)+VAR(P)   DIIS    TIME
   1     0.00196775     0.37057700     6.23e-04      1  1    1.90
   2     0.00179916     0.36603640     5.62e-05      2  2    3.78
   3     0.00166874     0.36553668     6.67e-06      3  3    5.78
   4     0.00159875     0.36503517     1.14e-06      4  4    7.72
   5     0.00156454     0.36492444     9.68e-08      5  5    9.70
   6     0.00155295     0.36489169     9.88e-09      6  0   11.69
   7     0.00154997     0.36488911     1.05e-09      6  1   13.60
   8     0.00154930     0.36488860     1.46e-10      6  2   15.44
   9     0.00154921     0.36488857     2.19e-11      6  3   17.35
  10     0.00154918     0.36488850     2.63e-12      6  4   19.33
  11     0.00154919     0.36488848     2.72e-13             21.18


 Time per iteration:                      1.93 sec


 CPHF trial vector read from record  8500.2

 Starting Coupled-perturbed Hartree-Fock, convergence threshold= 1.0D-06

 ITER   MIC  DIIS      VAR         VARC       CPU
   1     0     1    0.11D-03    0.12D-04     0.06
   2     4     2    0.94D-06    0.21D-06     0.10

 CPHF convergence reached in  2 macroiterations and    4 microiterations.   Accuracy: 9.3869D-07

 CPHF solution written to record  8500.2

 Dipole moments (unrelaxed):           -0.00161470     0.55032552    -0.36777843
 Orbital relaxation contribution:       0.00002380     0.00513517    -0.00400108
 !CCSD STATE 1.1 Dipole moment         -0.00159090     0.55546069    -0.37177950
 Dipole moment /Debye                  -0.00404366     1.41184026    -0.94496924

 CPU-time for coupled-perturbed hartree-fock:          0.14 sec

 Number of N-1 electron functions:               7
 Number of N-2 electron functions:              28
 Number of singly external CSFs:               511
 Number of doubly external CSFs:            130816
 Total number of CSFs:                      131328

 CCSD gradient info saved on record        55555.1




 **********************************************************************************************************************************
 DATASETS  * FILE   NREC   LENGTH (MB)   RECORD NAMES
              1      21       80.69       500      610      700      900      950      970     1000      129      960     1100   
                                          VAR    BASINP    GEOM    SYMINP    ZMAT    AOBASIS   BASIS     P2S    ABASIS      S 
                                         1400     1410     1200     1210     1080     1600     1650     1300     1700     1380   
                                           T        V       H0       H01     AOSYM     SMH    MOLCAS    ERIS     OPER     JKOP   
                                        55555   
                                         CCSD   

              2       8        1.26       700     1000      520     2100      200     2101     8500     9001   
                                         GEOM     BASIS   MCVARS     RHF    OPTIONS    RHF     CPHF    DEN_MP2    

 PROGRAMS   *        TOTAL      CCSD    HF-SCF      CCSD    HF-SCF      CCSD    HF-SCF      CCSD    HF-SCF       INT    HF-SCF
 CPU TIMES  *       259.89     55.36      1.68     55.57      1.72     59.54      1.93     57.13      1.06      0.75      1.31
 REAL TIME  *        45.76 SEC
 DISK USED  *       195.56 MB
 **********************************************************************************************************************************

 Current geometry (xyz format, in Angstrom)


 Dump information in style XYZ to ch3oh_maxima_mp2_3.xyz                                                          

    6
 CCSD/AUG-CC-PVDZ  OPTSTEP=3  ENERGY=-115.44529506
 C          0.0001119304        0.0131977916       -0.7340071652
 O          0.0001037188       -0.0642194414        0.6957162534
 H         -0.0003340051        0.8337045478        1.0453139353
 H          0.9146717697        0.5006842119       -1.1202134100
 H         -0.0300626976       -1.0226734714       -1.1041241149
 H         -0.8872552402        0.5503934249       -1.1176235956

 **********************************************************************************************************************************

 PROGRESS OF GEOMETRY OPTIMIZATION.    TOTAL CPU:       257.5 SEC
   1  -115.44477766  -115.44525783    -0.00048017  0.00924195  0.01905605  0.00574561  0.03024596  0.05437622  0.00494329
   2  -115.44525783  -115.44529369    -0.00003586  0.00308835  0.00509015  0.00153474  0.00717753  0.01357610  0.00123419
   3  -115.44529369  -115.44529506    -0.00000137  0.00083764  0.00090906  0.00027409  0.00178779  0.00239763  0.00021797

 **********************************************************************************************************************************

 Current geometry (xyz format, in Angstrom)


 Dump information in style XYZ to ch3oh_maxima_mp2.xyz                                                            

    6
 CCSD/AUG-CC-PVDZ  ENERGY=-115.44529506
 C          0.0001119304        0.0131977916       -0.7340071652
 O          0.0001037188       -0.0642194414        0.6957162534
 H         -0.0003340051        0.8337045478        1.0453139353
 H          0.9146717697        0.5006842119       -1.1202134100
 H         -0.0300626976       -1.0226734714       -1.1041241149
 H         -0.8872552402        0.5503934249       -1.1176235956

 **********************************************************************************************************************************

 Current variables
 RCO=                 1.43181789 ANGSTROM
 ROH=                 0.96357990 ANGSTROM
 ACOH=              108.17350140 DEGREE
 RCH1=                1.10599185 ANGSTROM
 AOCH1=             111.87114183 DEGREE
 AHH1=               63.03220281 DEGREE
 RCH2=                1.10042098 ANGSTROM
 AOCH2=             106.55595156 DEGREE
 RCH3=                1.10596619 ANGSTROM
 AOCH3=             111.87677662 DEGREE
 AHH3=              300.18900477 DEGREE

 **********************************************************************************************************************************

 PROGRAM * ALASKA (Gradient of the energy)     Author: R. Lindh


 CCSD Gradient info restored from record   55555.1

 Number of core orbitals:           2 (   2 )
 Number of closed-shell orbitals:   7 (   7 )
 Number of external orbitals:      73 (  73 )

 Integral thresholds in T2TRAN:            1.0D-10 (PROD)

 Available memory for Transformation: 497831906 words
 Memory needed for incore algorithm:    2340415 words
 Minimum memory needed:                  847139 words

 Memory used for transformation:           3.30 MW
 Available memory for gradients:         496.53 MW

 CPU for transformation:                   4.44 sec
 CPU for integrals and gradient:           2.66 sec
 Total CPU:                                7.10 sec

 Prescreening statistics:
 ========================

 Total number of shell quadruplets:        5.56D+03
 Number of shell quadruplets processed:    5.56D+03 (100.00%)

 CCSD GRADIENT FOR STATE 1.1

 Atom          dE/dx               dE/dy               dE/dz

   1         0.000112611        -0.000061386         0.000535431
   2         0.000127183         0.000039112        -0.000388747
   3        -0.000131802         0.000010475         0.000061235
   4         0.000104795         0.000054857        -0.000080943
   5        -0.000110852        -0.000111682        -0.000060809
   6        -0.000101934         0.000068624        -0.000066167

 Nuclear force contribution to virial =         0.000012971
 Reading points 1 to 4 from record 700.2,  wavefunction type=CCSD            

 Making model hessian for Z-matrix coordinates
 BFGS update of hessian using  3 points

 Entering Rational Function Geometry Optimization

 Optimization point 4

 Variable                      Last           Current        Next           Gradient       Hessian

 E(CCSD) / Hartree        -115.44529369  -115.44529506  -115.44529541
 RCO / ANGSTROM              1.43087184     1.43181789     1.43247132    -0.00062307     1.27650352
 ROH / ANGSTROM              0.96349469     0.96357990     0.96357595     0.00006054     2.47137714
 ACOH / DEGREE             108.25053859   108.17350140   108.12104638     0.00000169     0.00006602
 RCH1 / ANGSTROM             1.10593258     1.10599185     1.10580226     0.00026286     1.58825310
 AOCH1 / DEGREE            111.88519288   111.87114183   111.84181507     0.00000126     0.00006582
 AHH1 / DEGREE              63.03345894    63.03220281    63.03041600     0.00000009     0.00004723
 RCH2 / ANGSTROM             1.10042023     1.10042098     1.10024319     0.00024306     1.61647840
 AOCH2 / DEGREE            106.55357411   106.55595156   106.54386748     0.00000068     0.00007151
 RCH3 / ANGSTROM             1.10599486     1.10596619     1.10575926     0.00026091     1.60089064
 AOCH3 / DEGREE            111.92179753   111.87677662   111.85842362     0.00000072     0.00006484
 AHH3 / DEGREE             300.18022827   300.18900477   300.19107999     0.00000017     0.00004655
 Convergence:                0.00000000  (line search)     0.00178002     0.00042735  (total)

 Geometry written to block  5 of record 700

 Running procedure: RUNCCSD


 Recomputing integrals since geometry changed


 PROGRAM * SEWARD (Integral evaluation for generally contracted gaussian basis sets)     Author: Roland Lindh, 1990

 Geometry written to block  5 of record 700

 Orientation using atomic masses  
 Molecule type: Asymmetric top
 Rotational constants:      23.5480433     24.3932545    125.7555438 GHz  (calculated with average atomic masses)

 Point group  C1  



 ATOMIC COORDINATES

 NR  ATOM    CHARGE       X              Y              Z

   1  C       6.00    0.000210136    0.024888632   -1.387755296
   2  O       8.00    0.000196154   -0.121351984    1.315270075
   3  H       1.00   -0.000795008    1.576105626    1.974279929
   4  H1      1.00    1.728424906    0.946257528   -2.116484502
   5  H2      1.00   -0.056617465   -1.932492816   -2.086559801
   6  H3      1.00   -1.676630120    1.039811563   -2.111973348

 Bond lengths in Bohr (Angstrom)

 1-2  2.706978478  1-4  2.089663416  1-5  2.079158302  1-6  2.089582156  2-3  1.820894645
     ( 1.432471321)     ( 1.105802258)     ( 1.100243191)     ( 1.105759257)     ( 0.963575950)

 Bond angles

  1-2-3  108.12104638   2-1-4  111.84181507   2-1-5  106.54386748   2-1-6  111.85842362

  4-1-5  108.69249624   4-1-6  109.18692482   5-1-6  108.59265262

 NUCLEAR CHARGE:                   18
 NUMBER OF PRIMITIVE AOS:         118
 NUMBER OF SYMMETRY AOS:          114
 NUMBER OF CONTRACTIONS:           82   (   82A   )
 NUMBER OF INNER CORE ORBITALS:     0   (    0A   )
 NUMBER OF OUTER CORE ORBITALS:     2   (    2A   )
 NUMBER OF VALENCE ORBITALS:       12   (   12A   )


 NUCLEAR REPULSION ENERGY   39.98005709

 Eigenvalues of metric

         1 0.680E-03 0.826E-03 0.833E-03 0.114E-02 0.255E-02 0.444E-02 0.514E-02 0.542E-02


 Contracted 2-electron integrals neglected if value below      1.0D-11
 AO integral compression algorithm  1   Integral accuracy      1.0D-11

     31.195 MB (compressed) written to integral file ( 54.4%)


 NUMBER OF SORTED TWO-ELECTRON INTEGRALS:    5791906.     BUFFER LENGTH:  32768
 NUMBER OF SEGMENTS:   1  SEGMENT LENGTH:    5791906      RECORD LENGTH: 524288

 Memory used in sort:       6.35 MW

 SORT1 READ     7174542. AND WROTE     5711425. INTEGRALS IN     17 RECORDS. CPU TIME:     0.04 SEC, REAL TIME:     0.06 SEC
 SORT2 READ     5711425. AND WROTE     5791906. INTEGRALS IN    119 RECORDS. CPU TIME:     0.10 SEC, REAL TIME:     0.12 SEC

 FILE SIZES:   FILE 1:    61.5 MBYTE,  FILE 4:    71.3 MBYTE,   TOTAL:    132.8 MBYTE

 OPERATOR DM      FOR CENTER  0  COORDINATES:    0.000000    0.000000    0.000000

 Program * Restricted Hartree-Fock

 Molecular orbitals read from record     2101.2  Type=RHF/CANONICAL (state 1.1)

 NELEC=   18   SYM=1   MS2= 0   THRE=1.0D-09   THRD=1.0D-07   THRG=1.0D-07  HFMA2=F  DIIS_START=2   DIIS_MAX=10   DIIS_INCORE=F

 Level shifts:    0.00 (CLOSED)    0.00 (OPEN)    0.30 (GAP_MIN)

 ITER           ETOT              DE          GRAD        DDIFF     DIIS  NEXP   TIME(IT)  TIME(TOT)  DIAG
   1     -115.06075103    -115.06075103     0.00D+00     0.99D-01     0     0       0.19      0.19    start
   2     -115.06075135      -0.00000032     0.21D-04     0.40D-04     1     0       0.10      0.29    diag
   3     -115.06075137      -0.00000002     0.48D-05     0.90D-05     2     0       0.11      0.40    diag
   4     -115.06075137      -0.00000000     0.11D-05     0.19D-05     3     0       0.10      0.50    diag
   5     -115.06075137      -0.00000000     0.43D-06     0.69D-06     4     0       0.12      0.62    diag
   6     -115.06075137      -0.00000000     0.96D-07     0.17D-06     5     0       0.12      0.74    diag
   7     -115.06075137      -0.00000000     0.32D-07     0.59D-07     6     0       0.11      0.85    diag
   8     -115.06075137       0.00000000     0.97D-08     0.17D-07     0     0       0.11      0.96    fixocc

 Final occupancy:   9

 !RHF STATE 1.1 Energy               -115.060751371059
  RHF One-electron energy            -236.116978847017
  RHF Two-electron energy              81.076170383632
  RHF Kinetic energy                  114.797931367444
  RHF Nuclear energy                   39.980057092326
  RHF Virial quotient                  -1.002289414108

 !RHF STATE 1.1 Dipole moment          -0.00153851     0.59132105    -0.40408576
 Dipole moment /Debye                  -0.00391050     1.50298820    -1.02708355

 Orbital energies:

           1.1          2.1          3.1          4.1          5.1          6.1          7.1          8.1          9.1         10.1
    -20.569535   -11.284969    -1.356712    -0.923333    -0.688016    -0.615986    -0.589630    -0.503395    -0.450745     0.034491

          11.1
      0.051661


 HOMO      9.1    -0.450745 =     -12.2654eV
 LUMO     10.1     0.034491 =       0.9385eV
 LUMO-HOMO         0.485236 =      13.2039eV

 Orbitals saved in record  2101.2


 **********************************************************************************************************************************
 DATASETS  * FILE   NREC   LENGTH (MB)   RECORD NAMES
              1      19       53.48       500      610      700      900      950      970     1000      129      960     1100   
                                          VAR    BASINP    GEOM    SYMINP    ZMAT    AOBASIS   BASIS     P2S    ABASIS      S 
                                         1400     1410     1200     1210     1080     1600     1650     1300     1700   
                                           T        V       H0       H01     AOSYM     SMH    MOLCAS    ERIS     OPER   

              2       8        1.26       700     1000      520     2100      200     2101     8500     9001   
                                         GEOM     BASIS   MCVARS     RHF    OPTIONS    RHF     CPHF    DEN_MP2    

 PROGRAMS   *        TOTAL    HF-SCF      CCSD    HF-SCF      CCSD    HF-SCF      CCSD    HF-SCF      CCSD    HF-SCF       INT
 CPU TIMES  *       268.74      1.68     55.36      1.68     55.57      1.72     59.54      1.93     57.13      1.06      0.75
 REAL TIME  *        49.16 SEC
 DISK USED  *       195.56 MB
 **********************************************************************************************************************************


 PROGRAM * CCSD (Closed-shell coupled cluster)     Authors: C. Hampel, H.-J. Werner, 1991, M. Deegan, P.J. Knowles, 1992


 Convergence thresholds:  THRVAR = 1.00D-12  THRDEN = 1.00D-08

 Using ITF CCSD gradient implementation

 Number of core orbitals:           2 (   2 )
 Number of closed-shell orbitals:   7 (   7 )
 Number of external orbitals:      73 (  73 )

 Molecular orbitals read from record     2101.2  Type=RHF/CANONICAL (state 1.1)

 Integral transformation finished. Total CPU:   0.83 sec, npass=  1  Memory used:   2.72 MW
  Reference energy                   -115.060751371059

  MP2 correlation energy               -0.361153575197
  MP2 total energy                   -115.421904946257

 ITER.      SQ.NORM     CORR.ENERGY   TOTAL ENERGY   ENERGY CHANGE        DEN1      VAR(S)    VAR(P)  DIIS     TIME
   1      1.11728437    -0.38286157  -115.44361294    -0.02170800    -0.01150440  1.98e-03  1.98e-03  1  1     1.73
   2      1.12576202    -0.38440785  -115.44515922    -0.00154628    -0.00863904  2.80e-05  3.07e-04  2  2     3.55
   3      1.12890257    -0.38455050  -115.44530187    -0.00014265    -0.00210338  3.85e-06  3.45e-05  3  3     5.39
   4      1.13020926    -0.38456497  -115.44531634    -0.00001447    -0.00090994  5.34e-08  2.90e-06  4  4     7.28
   5      1.13048013    -0.38454545  -115.44529682     0.00001952    -0.00018733  3.57e-08  2.49e-07  5  5     9.17
   6      1.13053447    -0.38454498  -115.44529635     0.00000046    -0.00004032  3.76e-10  1.25e-08  6  0    11.06
   7      1.13054038    -0.38454417  -115.44529554     0.00000082    -0.00000559  3.51e-11  1.13e-09  6  1    12.87
   8      1.13054058    -0.38454406  -115.44529543     0.00000010    -0.00000050  3.12e-12  9.29e-11  6  2    14.58
   9      1.13054055    -0.38454406  -115.44529543     0.00000000     0.00000002  1.52e-13  8.27e-12  6  3    16.50
  10      1.13054058    -0.38454406  -115.44529543    -0.00000000    -0.00000001  1.09e-14  5.47e-13          18.13

 Norm of t1 vector:      0.05866563     S-energy:      0.00000000   T1 diagnostic:  0.01108676

 Time per iteration:                      1.81 sec

 RESULTS
 =======

  Reference energy                   -115.060751371059
  CCSD correlation energy              -0.384544061301
 !CCSD total energy                  -115.445295432360

 Starting CP-CCSD iterations.   Author: W. Gyorffy (2012)

 ITER.      NRM1           NRM2      VAR(S)+VAR(P)   DIIS    TIME
   1     0.00196893     0.37060722     6.24e-04      1  1    1.98
   2     0.00180024     0.36606376     5.63e-05      2  2    3.84
   3     0.00166971     0.36556407     6.68e-06      3  3    5.70
   4     0.00159965     0.36506218     1.14e-06      4  4    7.59
   5     0.00156541     0.36495138     9.69e-08      5  5    9.66
   6     0.00155380     0.36491861     9.90e-09      6  0   11.56
   7     0.00155082     0.36491604     1.05e-09      6  1   13.56
   8     0.00155015     0.36491554     1.46e-10      6  2   15.44
   9     0.00155006     0.36491550     2.19e-11      6  3   17.38
  10     0.00155003     0.36491543     2.63e-12      6  4   19.28
  11     0.00155004     0.36491541     2.72e-13             21.10


 Time per iteration:                      1.92 sec


 CPHF trial vector read from record  8500.2

 Starting Coupled-perturbed Hartree-Fock, convergence threshold= 1.0D-06

 ITER   MIC  DIIS      VAR         VARC       CPU
   1     0     1    0.71D-04    0.82D-05     0.05
   2     3     2    0.63D-06    0.13D-06     0.09

 CPHF convergence reached in  2 macroiterations and    3 microiterations.   Accuracy: 6.2911D-07

 CPHF solution written to record  8500.2

 Dipole moments (unrelaxed):           -0.00166714     0.55038767    -0.36915769
 Orbital relaxation contribution:       0.00002224     0.00513856    -0.00401630
 !CCSD STATE 1.1 Dipole moment         -0.00164490     0.55552623    -0.37317399
 Dipole moment /Debye                  -0.00418091     1.41200683    -0.94851367

 CPU-time for coupled-perturbed hartree-fock:          0.10 sec

 Number of N-1 electron functions:               7
 Number of N-2 electron functions:              28
 Number of singly external CSFs:               511
 Number of doubly external CSFs:            130816
 Total number of CSFs:                      131328

 CCSD gradient info saved on record        55555.1




 **********************************************************************************************************************************
 DATASETS  * FILE   NREC   LENGTH (MB)   RECORD NAMES
              1      21       80.70       500      610      700      900      950      970     1000      129      960     1100   
                                          VAR    BASINP    GEOM    SYMINP    ZMAT    AOBASIS   BASIS     P2S    ABASIS      S 
                                         1400     1410     1200     1210     1080     1600     1650     1300     1700     1380   
                                           T        V       H0       H01     AOSYM     SMH    MOLCAS    ERIS     OPER     JKOP   
                                        55555   
                                         CCSD   

              2       8        1.26       700     1000      520     2100      200     2101     8500     9001   
                                         GEOM     BASIS   MCVARS     RHF    OPTIONS    RHF     CPHF    DEN_MP2    

 PROGRAMS   *        TOTAL      CCSD    HF-SCF      CCSD    HF-SCF      CCSD    HF-SCF      CCSD    HF-SCF      CCSD    HF-SCF
 CPU TIMES  *       322.79     54.04      1.68     55.36      1.68     55.57      1.72     59.54      1.93     57.13      1.06
 REAL TIME  *        57.05 SEC
 DISK USED  *       195.56 MB
 **********************************************************************************************************************************

 Current geometry (xyz format, in Angstrom)


 Dump information in style XYZ to ch3oh_maxima_mp2_4.xyz                                                          

    6
 CCSD/AUG-CC-PVDZ  OPTSTEP=4  ENERGY=-115.44529543
 C          0.0001111991        0.0131704966       -0.7343684771
 O          0.0001038004       -0.0642167043        0.6960109501
 H         -0.0004207002        0.8340391795        1.0447439463
 H          0.9146430712        0.5007379197       -1.1199953655
 H         -0.0299606725       -1.0226311587       -1.1041598961
 H         -0.8872344507        0.5502445828       -1.1176081657

 **********************************************************************************************************************************

 PROGRESS OF GEOMETRY OPTIMIZATION.    TOTAL CPU:       320.4 SEC
   1  -115.44477766  -115.44525783    -0.00048017  0.00924195  0.01905605  0.00574561  0.03024596  0.05437622  0.00494329
   2  -115.44525783  -115.44529369    -0.00003586  0.00308835  0.00509015  0.00153474  0.00717753  0.01357610  0.00123419
   3  -115.44529369  -115.44529506    -0.00000137  0.00083764  0.00090906  0.00027409  0.00178779  0.00239763  0.00021797
   4  -115.44529506  -115.44529543    -0.00000037  0.00032971  0.00042735  0.00012885  0.00123480  0.00178002  0.00016182

 **********************************************************************************************************************************

 Current geometry (xyz format, in Angstrom)


 Dump information in style XYZ to ch3oh_maxima_mp2.xyz                                                            

    6
 CCSD/AUG-CC-PVDZ  ENERGY=-115.44529543
 C          0.0001111991        0.0131704966       -0.7343684771
 O          0.0001038004       -0.0642167043        0.6960109501
 H         -0.0004207002        0.8340391795        1.0447439463
 H          0.9146430712        0.5007379197       -1.1199953655
 H         -0.0299606725       -1.0226311587       -1.1041598961
 H         -0.8872344507        0.5502445828       -1.1176081657

 **********************************************************************************************************************************

 Current variables
 RCO=                 1.43247132 ANGSTROM
 ROH=                 0.96357595 ANGSTROM
 ACOH=              108.12104638 DEGREE
 RCH1=                1.10580226 ANGSTROM
 AOCH1=             111.84181507 DEGREE
 AHH1=               63.03041600 DEGREE
 RCH2=                1.10024319 ANGSTROM
 AOCH2=             106.54386748 DEGREE
 RCH3=                1.10575926 ANGSTROM
 AOCH3=             111.85842362 DEGREE
 AHH3=              300.19107999 DEGREE

 **********************************************************************************************************************************

 PROGRAM * ALASKA (Gradient of the energy)     Author: R. Lindh


 CCSD Gradient info restored from record   55555.1

 Number of core orbitals:           2 (   2 )
 Number of closed-shell orbitals:   7 (   7 )
 Number of external orbitals:      73 (  73 )

 Integral thresholds in T2TRAN:            1.0D-10 (PROD)

 Available memory for Transformation: 497831906 words
 Memory needed for incore algorithm:    2340415 words
 Minimum memory needed:                  847139 words

 Memory used for transformation:           3.30 MW
 Available memory for gradients:         496.53 MW

 CPU for transformation:                   4.37 sec
 CPU for integrals and gradient:           2.89 sec
 Total CPU:                                7.26 sec

 Prescreening statistics:
 ========================

 Total number of shell quadruplets:        5.56D+03
 Number of shell quadruplets processed:    5.56D+03 (100.00%)

 CCSD GRADIENT FOR STATE 1.1

 Atom          dE/dx               dE/dy               dE/dz

   1         0.000091109        -0.000009783         0.000058878
   2         0.000138886        -0.000018013        -0.000007899
   3        -0.000131571         0.000013280        -0.000006389
   4         0.000034749         0.000017321        -0.000015515
   5        -0.000112197        -0.000017498        -0.000012533
   6        -0.000020976         0.000014693        -0.000016542

 Nuclear force contribution to virial =         0.000179303
 Reading points 1 to 5 from record 700.2,  wavefunction type=CCSD            

 Making model hessian for Z-matrix coordinates
 BFGS update of hessian using  4 points

 Entering Rational Function Geometry Optimization

 Optimization point 5

 Variable                      Last           Current        Next           Gradient       Hessian

 E(CCSD) / Hartree        -115.44529506  -115.44529543  -115.44529544
 RCO / ANGSTROM              1.43181789     1.43247132     1.43250220    -0.00002648     1.26198226
 ROH / ANGSTROM              0.96357990     0.96357595     0.96356597     0.00001916     2.46871192
 ACOH / DEGREE             108.17350140   108.12104638   108.12455015    -0.00000034     0.00006813
 RCH1 / ANGSTROM             1.10599185     1.10580226     1.10574357     0.00007896     1.54147800
 AOCH1 / DEGREE            111.87114183   111.84181507   111.84251356     0.00000003     0.00006579
 AHH1 / DEGREE              63.03220281    63.03041600    63.02755621     0.00000004     0.00004729
 RCH2 / ANGSTROM             1.10042098     1.10024319     1.10020750     0.00004488     1.59233714
 AOCH2 / DEGREE            106.55595156   106.54386748   106.54176685     0.00000018     0.00007118
 RCH3 / ANGSTROM             1.10596619     1.10575926     1.10571576     0.00005613     1.56807957
 AOCH3 / DEGREE            111.87677662   111.85842362   111.85319207     0.00000025     0.00006439
 AHH3 / DEGREE             300.18900477   300.19107999   300.18821628     0.00000005     0.00004661
 Convergence:                0.00000000  (line search)     0.00021430     0.00006481  (total)

 Geometry written to block  6 of record 700

 Running procedure: RUNCCSD


 Recomputing integrals since geometry changed


 PROGRAM * SEWARD (Integral evaluation for generally contracted gaussian basis sets)     Author: Roland Lindh, 1990

 Geometry written to block  6 of record 700

 Orientation using atomic masses  
 Molecule type: Asymmetric top
 Rotational constants:      23.5476566     24.3928015    125.7627434 GHz  (calculated with average atomic masses)

 Point group  C1  



 ATOMIC COORDINATES

 NR  ATOM    CHARGE       X              Y              Z

   1  C       6.00    0.000217571    0.024894040   -1.387799219
   2  O       8.00    0.000201901   -0.121351891    1.315284311
   3  H       1.00   -0.000813320    1.576047293    1.974392496
   4  H1      1.00    1.728276630    0.946321338   -2.116505840
   5  H2      1.00   -0.056581113   -1.932449739   -2.086510906
   6  H3      1.00   -1.676679703    1.039697090   -2.111816040

 Bond lengths in Bohr (Angstrom)

 1-2  2.707036838  1-4  2.089552517  1-5  2.079090854  1-6  2.089499954  2-3  1.820875784
     ( 1.432502204)     ( 1.105743573)     ( 1.100207500)     ( 1.105715758)     ( 0.963565969)

 Bond angles

  1-2-3  108.12455015   2-1-4  111.84251356   2-1-5  106.54176685   2-1-6  111.85319207

  4-1-5  108.69560485   4-1-6  109.18948452   5-1-6  108.59376057

 NUCLEAR CHARGE:                   18
 NUMBER OF PRIMITIVE AOS:         118
 NUMBER OF SYMMETRY AOS:          114
 NUMBER OF CONTRACTIONS:           82   (   82A   )
 NUMBER OF INNER CORE ORBITALS:     0   (    0A   )
 NUMBER OF OUTER CORE ORBITALS:     2   (    2A   )
 NUMBER OF VALENCE ORBITALS:       12   (   12A   )


 NUCLEAR REPULSION ENERGY   39.98015629

 Eigenvalues of metric

         1 0.680E-03 0.826E-03 0.833E-03 0.114E-02 0.255E-02 0.444E-02 0.514E-02 0.542E-02


 Contracted 2-electron integrals neglected if value below      1.0D-12
 AO integral compression algorithm  1   Integral accuracy      1.0D-12

     39.322 MB (compressed) written to integral file ( 68.5%)


 NUMBER OF SORTED TWO-ELECTRON INTEGRALS:    5791906.     BUFFER LENGTH:  32768
 NUMBER OF SEGMENTS:   1  SEGMENT LENGTH:    5791906      RECORD LENGTH: 524288

 Memory used in sort:       6.35 MW

 SORT1 READ     7174542. AND WROTE     5718252. INTEGRALS IN     17 RECORDS. CPU TIME:     0.05 SEC, REAL TIME:     0.08 SEC
 SORT2 READ     5718252. AND WROTE     5791906. INTEGRALS IN    150 RECORDS. CPU TIME:     0.11 SEC, REAL TIME:     0.13 SEC

 FILE SIZES:   FILE 1:    69.6 MBYTE,  FILE 4:    71.3 MBYTE,   TOTAL:    140.9 MBYTE

 OPERATOR DM      FOR CENTER  0  COORDINATES:    0.000000    0.000000    0.000000

 Program * Restricted Hartree-Fock

 Molecular orbitals read from record     2101.2  Type=RHF/CANONICAL (state 1.1)

 NELEC=   18   SYM=1   MS2= 0   THRE=1.0D-10   THRD=1.0D-07   THRG=1.0D-07  HFMA2=F  DIIS_START=2   DIIS_MAX=10   DIIS_INCORE=F

 Level shifts:    0.00 (CLOSED)    0.00 (OPEN)    0.30 (GAP_MIN)

 ITER           ETOT              DE          GRAD        DDIFF     DIIS  NEXP   TIME(IT)  TIME(TOT)  DIAG
   1     -115.06075364    -115.06075364     0.00D+00     0.99D-01     0     0       0.19      0.20    start
   2     -115.06075364      -0.00000000     0.20D-05     0.61D-05     1     0       0.12      0.32    diag
   3     -115.06075364      -0.00000000     0.48D-06     0.99D-06     2     0       0.11      0.43    diag
   4     -115.06075364      -0.00000000     0.17D-06     0.22D-06     3     0       0.12      0.55    diag
   5     -115.06075364      -0.00000000     0.55D-07     0.11D-06     4     0       0.12      0.67    diag
   6     -115.06075364      -0.00000000     0.12D-07     0.31D-07     5     0       0.12      0.79    diag
   7     -115.06075364       0.00000000     0.36D-08     0.65D-08     0     0       0.12      0.91    diag

 Final occupancy:   9

 !RHF STATE 1.1 Energy               -115.060753643641
  RHF One-electron energy            -236.117203176981
  RHF Two-electron energy              81.076293240025
  RHF Kinetic energy                  114.798086276788
  RHF Nuclear energy                   39.980156293315
  RHF Virial quotient                  -1.002288081408

 !RHF STATE 1.1 Dipole moment          -0.00154175     0.59131989    -0.40413691
 Dipole moment /Debye                  -0.00391875     1.50298524    -1.02721357

 Orbital energies:

           1.1          2.1          3.1          4.1          5.1          6.1          7.1          8.1          9.1         10.1
    -20.569526   -11.284956    -1.356697    -0.923349    -0.688012    -0.615994    -0.589624    -0.503400    -0.450750     0.034491

          11.1
      0.051662


 HOMO      9.1    -0.450750 =     -12.2655eV
 LUMO     10.1     0.034491 =       0.9386eV
 LUMO-HOMO         0.485241 =      13.2041eV

 Orbitals saved in record  2101.2


 **********************************************************************************************************************************
 DATASETS  * FILE   NREC   LENGTH (MB)   RECORD NAMES
              1      19       60.00       500      610      700      900      950      970     1000      129      960     1100   
                                          VAR    BASINP    GEOM    SYMINP    ZMAT    AOBASIS   BASIS     P2S    ABASIS      S 
                                         1400     1410     1200     1210     1080     1600     1650     1300     1700   
                                           T        V       H0       H01     AOSYM     SMH    MOLCAS    ERIS     OPER   

              2       8        1.26       700     1000      520     2100      200     2101     8500     9001   
                                         GEOM     BASIS   MCVARS     RHF    OPTIONS    RHF     CPHF    DEN_MP2    

 PROGRAMS   *        TOTAL    HF-SCF      CCSD    HF-SCF      CCSD    HF-SCF      CCSD    HF-SCF      CCSD    HF-SCF      CCSD
 CPU TIMES  *       331.80      1.66     54.04      1.68     55.36      1.68     55.57      1.72     59.54      1.93     57.13
 REAL TIME  *        60.52 SEC
 DISK USED  *       195.56 MB
 **********************************************************************************************************************************


 PROGRAM * CCSD (Closed-shell coupled cluster)     Authors: C. Hampel, H.-J. Werner, 1991, M. Deegan, P.J. Knowles, 1992


 Convergence thresholds:  THRVAR = 1.00D-12  THRDEN = 1.00D-08

 Using ITF CCSD gradient implementation

 Number of core orbitals:           2 (   2 )
 Number of closed-shell orbitals:   7 (   7 )
 Number of external orbitals:      73 (  73 )

 Molecular orbitals read from record     2101.2  Type=RHF/CANONICAL (state 1.1)

 Integral transformation finished. Total CPU:   0.84 sec, npass=  1  Memory used:   2.72 MW
  Reference energy                   -115.060753643641

  MP2 correlation energy               -0.361151734496
  MP2 total energy                   -115.421905378137

 ITER.      SQ.NORM     CORR.ENERGY   TOTAL ENERGY   ENERGY CHANGE        DEN1      VAR(S)    VAR(P)  DIIS     TIME
   1      1.11728198    -0.38285945  -115.44361310    -0.02170772    -0.01150431  1.98e-03  1.98e-03  1  1     1.77
   2      1.12575930    -0.38440563  -115.44515927    -0.00154617    -0.00863888  2.80e-05  3.06e-04  2  2     3.62
   3      1.12889968    -0.38454824  -115.44530188    -0.00014261    -0.00210329  3.85e-06  3.45e-05  3  3     5.47
   4      1.13020625    -0.38456270  -115.44531635    -0.00001447    -0.00090988  5.34e-08  2.90e-06  4  4     7.44
   5      1.13047710    -0.38454318  -115.44529683     0.00001952    -0.00018731  3.57e-08  2.49e-07  5  5     9.88
   6      1.13053144    -0.38454272  -115.44529636     0.00000046    -0.00004032  3.75e-10  1.25e-08  6  0    11.69
   7      1.13053734    -0.38454190  -115.44529555     0.00000082    -0.00000559  3.51e-11  1.13e-09  6  1    13.49
   8      1.13053754    -0.38454180  -115.44529544     0.00000010    -0.00000050  3.12e-12  9.29e-11  6  2    15.41
   9      1.13053751    -0.38454180  -115.44529544     0.00000000     0.00000002  1.52e-13  8.26e-12  6  3    17.31
  10      1.13053754    -0.38454180  -115.44529544    -0.00000000    -0.00000001  1.09e-14  5.47e-13          19.07

 Norm of t1 vector:      0.05866614     S-energy:      0.00000000   T1 diagnostic:  0.01108686

 Time per iteration:                      1.91 sec

 RESULTS
 =======

  Reference energy                   -115.060753643641
  CCSD correlation energy              -0.384541797696
 !CCSD total energy                  -115.445295441337

 Starting CP-CCSD iterations.   Author: W. Gyorffy (2012)

 ITER.      NRM1           NRM2      VAR(S)+VAR(P)   DIIS    TIME
   1     0.00196893     0.37060336     6.24e-04      1  1    1.88
   2     0.00180025     0.36605986     5.63e-05      2  2    3.73
   3     0.00166971     0.36556020     6.68e-06      3  3    5.73
   4     0.00159965     0.36505829     1.14e-06      4  4    7.71
   5     0.00156540     0.36494749     9.70e-08      5  5    9.58
   6     0.00155379     0.36491473     9.90e-09      6  0   12.13
   7     0.00155081     0.36491215     1.05e-09      6  1   13.96
   8     0.00155014     0.36491165     1.46e-10      6  2   15.85
   9     0.00155005     0.36491161     2.19e-11      6  3   17.86
  10     0.00155002     0.36491155     2.63e-12      6  4   19.93
  11     0.00155003     0.36491152     2.72e-13             22.06


 Time per iteration:                      2.01 sec


 CPHF trial vector read from record  8500.2

 Starting Coupled-perturbed Hartree-Fock, convergence threshold= 1.0D-06

 ITER   MIC  DIIS      VAR         VARC       CPU
   1     0     1    0.11D-04    0.94D-06     0.06
   2     1     2    0.25D-06    0.16D-07     0.10

 CPHF convergence reached in  2 macroiterations and    1 microiterations.   Accuracy: 2.5392D-07

 CPHF solution written to record  8500.2

 Dipole moments (unrelaxed):           -0.00167279     0.55038767    -0.36920408
 Orbital relaxation contribution:       0.00002278     0.00513827    -0.00401632
 !CCSD STATE 1.1 Dipole moment         -0.00165001     0.55552593    -0.37322040
 Dipole moment /Debye                  -0.00419391     1.41200608    -0.94863164

 CPU-time for coupled-perturbed hartree-fock:          0.13 sec

 Number of N-1 electron functions:               7
 Number of N-2 electron functions:              28
 Number of singly external CSFs:               511
 Number of doubly external CSFs:            130816
 Total number of CSFs:                      131328

 CCSD gradient info saved on record        55555.1




 **********************************************************************************************************************************
 DATASETS  * FILE   NREC   LENGTH (MB)   RECORD NAMES
              1      21       87.22       500      610      700      900      950      970     1000      129      960     1100   
                                          VAR    BASINP    GEOM    SYMINP    ZMAT    AOBASIS   BASIS     P2S    ABASIS      S 
                                         1400     1410     1200     1210     1080     1600     1650     1300     1700     1380   
                                           T        V       H0       H01     AOSYM     SMH    MOLCAS    ERIS     OPER     JKOP   
                                        55555   
                                         CCSD   

              2       8        1.26       700     1000      520     2100      200     2101     8500     9001   
                                         GEOM     BASIS   MCVARS     RHF    OPTIONS    RHF     CPHF    DEN_MP2    

 PROGRAMS   *        TOTAL      CCSD    HF-SCF      CCSD    HF-SCF      CCSD    HF-SCF      CCSD    HF-SCF      CCSD    HF-SCF
 CPU TIMES  *       389.74     57.94      1.66     54.04      1.68     55.36      1.68     55.57      1.72     59.54      1.93
 REAL TIME  *        69.35 SEC
 DISK USED  *       201.58 MB
 **********************************************************************************************************************************

 Current geometry (xyz format, in Angstrom)


 Dump information in style XYZ to ch3oh_maxima_mp2_5.xyz                                                          

    6
 CCSD/AUG-CC-PVDZ  OPTSTEP=5  ENERGY=-115.44529544
 C          0.0001151336        0.0131733584       -0.7343917201
 O          0.0001068413       -0.0642166552        0.6960184833
 H         -0.0004303902        0.8340083109        1.0448035143
 H          0.9145646070        0.5007716863       -1.1200066574
 H         -0.0299414357       -1.0226083632       -1.1041340219
 H         -0.8872606888        0.5501840065       -1.1175249222

 **********************************************************************************************************************************

 PROGRESS OF GEOMETRY OPTIMIZATION.    TOTAL CPU:       387.4 SEC
   1  -115.44477766  -115.44525783    -0.00048017  0.00924195  0.01905605  0.00574561  0.03024596  0.05437622  0.00494329
   2  -115.44525783  -115.44529369    -0.00003586  0.00308835  0.00509015  0.00153474  0.00717753  0.01357610  0.00123419
   3  -115.44529369  -115.44529506    -0.00000137  0.00083764  0.00090906  0.00027409  0.00178779  0.00239763  0.00021797
   4  -115.44529506  -115.44529543    -0.00000037  0.00032971  0.00042735  0.00012885  0.00123480  0.00178002  0.00016182
   5  -115.44529543  -115.44529544    -0.00000001  0.00004179  0.00006481  0.00001954  0.00011090  0.00021430  0.00001948

 **********************************************************************************************************************************

 Current geometry (xyz format, in Angstrom)


 Dump information in style XYZ to ch3oh_maxima_mp2.xyz                                                            

    6
 CCSD/AUG-CC-PVDZ  ENERGY=-115.44529544
 C          0.0001151336        0.0131733584       -0.7343917201
 O          0.0001068413       -0.0642166552        0.6960184833
 H         -0.0004303902        0.8340083109        1.0448035143
 H          0.9145646070        0.5007716863       -1.1200066574
 H         -0.0299414357       -1.0226083632       -1.1041340219
 H         -0.8872606888        0.5501840065       -1.1175249222

 **********************************************************************************************************************************

 Current variables
 RCO=                 1.43250220 ANGSTROM
 ROH=                 0.96356597 ANGSTROM
 ACOH=              108.12455015 DEGREE
 RCH1=                1.10574357 ANGSTROM
 AOCH1=             111.84251356 DEGREE
 AHH1=               63.02755621 DEGREE
 RCH2=                1.10020750 ANGSTROM
 AOCH2=             106.54176685 DEGREE
 RCH3=                1.10571576 ANGSTROM
 AOCH3=             111.85319207 DEGREE
 AHH3=              300.18821628 DEGREE

 **********************************************************************************************************************************

 Recomputing wavefunction for reoriented structure

 Running procedure: RUNCCSD


 Program * Restricted Hartree-Fock

 Molecular orbitals read from record     2101.2  Type=RHF/CANONICAL (state 1.1)

 NELEC=   18   SYM=1   MS2= 0   THRE=1.0D-10   THRD=1.0D-07   THRG=1.0D-07  HFMA2=F  DIIS_START=2   DIIS_MAX=10   DIIS_INCORE=F

 Level shifts:    0.00 (CLOSED)    0.00 (OPEN)    0.30 (GAP_MIN)

 ITER           ETOT              DE          GRAD        DDIFF     DIIS  NEXP   TIME(IT)  TIME(TOT)  DIAG
   1     -115.06075364    -115.06075364     0.00D+00     0.99D-01     0     0       0.19      0.20    start
   2     -115.06075364      -0.00000000     0.16D-08     0.23D-08     1     0       0.12      0.32    diag

 Final occupancy:   9

 !RHF STATE 1.1 Energy               -115.060753643641
  RHF One-electron energy            -236.117202936921
  RHF Two-electron energy              81.076292999964
  RHF Kinetic energy                  114.798086107799
  RHF Nuclear energy                   39.980156293315
  RHF Virial quotient                  -1.002288082883

 !RHF STATE 1.1 Dipole moment          -0.00154175     0.59131988    -0.40413695
 Dipole moment /Debye                  -0.00391874     1.50298521    -1.02721366

 Orbital energies:

           1.1          2.1          3.1          4.1          5.1          6.1          7.1          8.1          9.1         10.1
    -20.569526   -11.284956    -1.356697    -0.923349    -0.688012    -0.615994    -0.589624    -0.503400    -0.450750     0.034491

          11.1
      0.051662


 HOMO      9.1    -0.450750 =     -12.2655eV
 LUMO     10.1     0.034491 =       0.9386eV
 LUMO-HOMO         0.485241 =      13.2041eV

 Orbitals saved in record  2101.2


 **********************************************************************************************************************************
 DATASETS  * FILE   NREC   LENGTH (MB)   RECORD NAMES
              1      21       87.22       500      610      700      900      950      970     1000      129      960     1100   
                                          VAR    BASINP    GEOM    SYMINP    ZMAT    AOBASIS   BASIS     P2S    ABASIS      S 
                                         1400     1410     1200     1210     1080     1600     1650     1300     1700     1380   
                                           T        V       H0       H01     AOSYM     SMH    MOLCAS    ERIS     OPER     JKOP   
                                        55555   
                                         CCSD   

              2       8        1.26       700     1000      520     2100      200     2101     8500     9001   
                                         GEOM     BASIS   MCVARS     RHF    OPTIONS    RHF     CPHF    DEN_MP2    

 PROGRAMS   *        TOTAL    HF-SCF      CCSD    HF-SCF      CCSD    HF-SCF      CCSD    HF-SCF      CCSD    HF-SCF      CCSD
 CPU TIMES  *       390.09      0.34     57.94      1.66     54.04      1.68     55.36      1.68     55.57      1.72     59.54
 REAL TIME  *        69.48 SEC
 DISK USED  *       201.58 MB
 **********************************************************************************************************************************


 PROGRAM * CCSD (Closed-shell coupled cluster)     Authors: C. Hampel, H.-J. Werner, 1991, M. Deegan, P.J. Knowles, 1992


 Convergence thresholds:  THRVAR = 1.00D-12  THRDEN = 1.00D-08

 Number of core orbitals:           2 (   2 )
 Number of closed-shell orbitals:   7 (   7 )
 Number of external orbitals:      73 (  73 )

 Molecular orbitals read from record     2101.2  Type=RHF/CANONICAL (state 1.1)

 Number of N-1 electron functions:               7
 Number of N-2 electron functions:              28
 Number of singly external CSFs:               511
 Number of doubly external CSFs:            130816
 Total number of CSFs:                      131328

 Length of J-op  integral file:               0.00 MB
 Length of K-op  integral file:               0.49 MB
 Length of 3-ext integral record:             0.00 MB

 Integral transformation finished. Total CPU:   1.42 sec, npass=  1  Memory used:   2.72 MW

 Reference energy:                   -115.06075364

 MP2 singlet pair energy:              -0.23197736
 MP2 triplet pair energy:              -0.12917437
 MP2 correlation energy:               -0.36115173
 MP2 total energy:                   -115.42190538

 SCS-MP2 correlation energy:           -0.35874800   (PS=  1.200000  PT=  0.333333)
 SCS-MP2 total energy:               -115.41950164

 ITER.      SQ.NORM     CORR.ENERGY   TOTAL ENERGY   ENERGY CHANGE        DEN1      VAR(S)    VAR(P)  DIIS     TIME  TIME/IT
   1      1.11712774    -0.38276444  -115.44351808    -0.02161271    -0.01151547  0.18D-02  0.20D-02  1  1    29.98     2.21
   2      1.12675879    -0.38439603  -115.44514967    -0.00163159    -0.00987588  0.30D-04  0.26D-03  2  2    56.30     2.23
   3      1.12950933    -0.38458782  -115.44534147    -0.00019180    -0.00157658  0.23D-04  0.12D-04  3  3    79.42     2.16
   4      1.13030915    -0.38454797  -115.44530162     0.00003985    -0.00035520  0.11D-05  0.11D-05  4  4   106.27     2.22
   5      1.13048945    -0.38454536  -115.44529900     0.00000262    -0.00005903  0.17D-06  0.10D-06  5  5   136.18     2.30
   6      1.13052604    -0.38454324  -115.44529689     0.00000211    -0.00000723  0.31D-07  0.93D-08  6  6   158.58     2.24
   7      1.13053397    -0.38454186  -115.44529550     0.00000138    -0.00000082  0.41D-08  0.14D-08  6  1   186.23     3.29
   8      1.13053696    -0.38454183  -115.44529547     0.00000003    -0.00000029  0.56D-09  0.21D-09  6  2   200.62     3.05
   9      1.13053733    -0.38454180  -115.44529544     0.00000003     0.00000042  0.70D-10  0.28D-10  6  4   217.24     2.87
  10      1.13053769    -0.38454178  -115.44529542     0.00000002    -0.00000005  0.69D-11  0.32D-11  6  3   233.73     2.73
  11      1.13053765    -0.38454179  -115.44529544    -0.00000001     0.00000003  0.11D-11  0.42D-12  6  5   249.28     2.60
  12      1.13053760    -0.38454179  -115.44529544    -0.00000000     0.00000002  0.16D-12  0.76D-13  6  6   263.47     2.49
  13      1.13053755    -0.38454180  -115.44529544    -0.00000000     0.00000002  0.12D-13  0.10D-13  6  2   278.95     2.41

 Norm of t1 vector:      0.05866619      S-energy:     0.00000000      T1 diagnostic:  0.01108687
                                                                       D1 diagnostic:  0.02807590
                                                                       D2 diagnostic:  0.13812263 (internal)


 RESULTS
 =======

  Reference energy                   -115.060753643641
  CCSD singlet pair energy             -0.267754653693
  CCSD triplet pair energy             -0.116787145309
  CCSD correlation energy              -0.384541797327

 !CCSD total energy                  -115.445295440969

 Timing summary (sec):

 STEP                 CPU(USER)    SYS     CPU(TOT)    WALL
 Transformation          4.56      0.08      4.64      0.47
 CCSD iterations       275.46      4.97    280.43     31.45

 Program statistics:

 Available memory in ccsd:               499998886
 Min. memory needed in ccsd:                438437
 Max. memory used in ccsd:                  541092
 Max. memory used in cckext:                449501 (13 integral passes)



 **********************************************************************************************************************************
 DATASETS  * FILE   NREC   LENGTH (MB)   RECORD NAMES
              1      21       87.22       500      610      700      900      950      970     1000      129      960     1100   
                                          VAR    BASINP    GEOM    SYMINP    ZMAT    AOBASIS   BASIS     P2S    ABASIS      S 
                                         1400     1410     1200     1210     1080     1600     1650     1300     1700     1380   
                                           T        V       H0       H01     AOSYM     SMH    MOLCAS    ERIS     OPER     JKOP   
                                        55555   
                                         CCSD   

              2       8        1.26       700     1000      520     2100      200     2101     8500     9001   
                                         GEOM     BASIS   MCVARS     RHF    OPTIONS    RHF     CPHF    DEN_MP2    

 PROGRAMS   *        TOTAL      CCSD    HF-SCF      CCSD    HF-SCF      CCSD    HF-SCF      CCSD    HF-SCF      CCSD    HF-SCF
 CPU TIMES  *       670.21    280.12      0.34     57.94      1.66     54.04      1.68     55.36      1.68     55.57      1.72
 REAL TIME  *       101.46 SEC
 DISK USED  *       201.58 MB
 **********************************************************************************************************************************

 PROGRAM * ALASKA (Gradient of the energy)     Author: R. Lindh


 CCSD Gradient info restored from record   55555.1

 Number of core orbitals:           2 (   2 )
 Number of closed-shell orbitals:   7 (   7 )
 Number of external orbitals:      73 (  73 )

 Integral thresholds in T2TRAN:            1.0D-10 (PROD)

 Available memory for Transformation: 497831906 words
 Memory needed for incore algorithm:    2340415 words
 Minimum memory needed:                  847139 words

 Memory used for transformation:           3.30 MW
 Available memory for gradients:         496.53 MW

 CPU for transformation:                   4.50 sec
 CPU for integrals and gradient:           2.70 sec
 Total CPU:                                7.20 sec

 Prescreening statistics:
 ========================

 Total number of shell quadruplets:        5.56D+03
 Number of shell quadruplets processed:    5.56D+03 (100.00%)

 CCSD GRADIENT FOR STATE 1.1

 Atom          dE/dx               dE/dy               dE/dz

   1         0.003042993        -0.000009146        -0.000013317
   2         0.000018571        -0.000002492        -0.000001997
   3        -0.000148080        -0.000003493        -0.000004964
   4        -0.000068216         0.001498817         0.000466760
   5        -0.002811009         0.000054859         0.000020947
   6        -0.000034259        -0.001538545        -0.000467430

 Nuclear force contribution to virial =        -0.000068826
 Reading points 1 to 1 from record 700.2,  wavefunction type=CCSD            

 Making model hessian for Z-matrix coordinates
 No hessian update for point  1

 Entering Rational Function Geometry Optimization

 Optimization point 1

 Variable                      Last           Current        Next           Gradient       Hessian

 E(CCSD) / Hartree           0.00000000  -115.44521064  -115.44529549
 RCO / ANGSTROM              0.00000000     1.43250220     1.43250925    -0.00001261     2.15318943
 ROH / ANGSTROM              0.00000000     0.96356597     0.96356675     0.00000192     2.50095961
 ACOH / DEGREE               0.00000000   108.12455015   108.12535998    -0.00000017     0.00006962
 RCH1 / ANGSTROM             0.00000000     1.10574357     1.10517928     0.00093718     1.64751258
 AOCH1 / DEGREE              0.00000000   111.84251356   111.84788833    -0.00002238     0.00006532
 AHH1 / DEGREE               0.00000000    63.02755621    64.82103525    -0.00004600     0.00004507
 RCH2 / ANGSTROM             0.00000000     1.10020750     1.10022857    -0.00003424     1.68008924
 AOCH2 / DEGREE              0.00000000   106.54176685   106.53486103    -0.00000045     0.00006990
 RCH3 / ANGSTROM             0.00000000     1.10571576     1.10628927    -0.00095072     1.64766791
 AOCH3 / DEGREE              0.00000000   111.85319207   111.82901973     0.00002244     0.00006438
 AHH3 / DEGREE               0.00000000   300.18821628   301.98677138    -0.00004733     0.00004569
 Convergence:                0.00000000  (line search)     0.04435892     0.00425401  (total)

 Geometry written to block  2 of record 700

 Running procedure: RUNCCSD


 Recomputing integrals since geometry changed


 PROGRAM * SEWARD (Integral evaluation for generally contracted gaussian basis sets)     Author: Roland Lindh, 1990

 Geometry written to block  2 of record 700

 Orientation using atomic masses  
 Molecule type: Asymmetric top
 Rotational constants:      23.5477823     24.3941316    125.7501410 GHz  (calculated with average atomic masses)

 Point group  C1  



 ATOMIC COORDINATES

 NR  ATOM    CHARGE       X              Y              Z

   1  C       6.00    0.000249042    0.024892717   -1.387834414
   2  O       8.00   -0.000291209   -0.121365503    1.315261740
   3  H       1.00    0.008840578    1.575998466    1.974402239
   4  H1      1.00    1.759077768    0.881012248   -2.119514206
   5  H2      1.00   -0.126152538   -1.929363119   -2.086183281
   6  H3      1.00   -1.640111025    1.102200218   -2.108367357

 Bond lengths in Bohr (Angstrom)

 1-2  2.707050161  1-4  2.088486164  1-5  2.079130677  1-6  2.090583728  2-3  1.820877269
     ( 1.432509254)     ( 1.105179283)     ( 1.100228573)     ( 1.106289266)     ( 0.963566755)

 Bond angles

  1-2-3  108.12535998   2-1-4  111.84788833   2-1-5  106.53486103   2-1-6  111.82901973

  4-1-5  108.59207960   4-1-6  109.19619546   5-1-6  108.71714054

 NUCLEAR CHARGE:                   18
 NUMBER OF PRIMITIVE AOS:         118
 NUMBER OF SYMMETRY AOS:          114
 NUMBER OF CONTRACTIONS:           82   (   82A   )
 NUMBER OF INNER CORE ORBITALS:     0   (    0A   )
 NUMBER OF OUTER CORE ORBITALS:     2   (    2A   )
 NUMBER OF VALENCE ORBITALS:       12   (   12A   )


 NUCLEAR REPULSION ENERGY   39.98023279

 Eigenvalues of metric

         1 0.679E-03 0.824E-03 0.835E-03 0.114E-02 0.255E-02 0.444E-02 0.514E-02 0.542E-02


 Contracted 2-electron integrals neglected if value below      1.0D-11
 AO integral compression algorithm  1   Integral accuracy      1.0D-11

     31.719 MB (compressed) written to integral file ( 55.3%)


 NUMBER OF SORTED TWO-ELECTRON INTEGRALS:    5791906.     BUFFER LENGTH:  32768
 NUMBER OF SEGMENTS:   1  SEGMENT LENGTH:    5791906      RECORD LENGTH: 524288

 Memory used in sort:       6.35 MW

 SORT1 READ     7174542. AND WROTE     5719455. INTEGRALS IN     17 RECORDS. CPU TIME:     0.05 SEC, REAL TIME:     0.07 SEC
 SORT2 READ     5719455. AND WROTE     5791906. INTEGRALS IN    121 RECORDS. CPU TIME:     0.10 SEC, REAL TIME:     0.12 SEC

 FILE SIZES:   FILE 1:    62.0 MBYTE,  FILE 4:    71.3 MBYTE,   TOTAL:    133.3 MBYTE

 OPERATOR DM      FOR CENTER  0  COORDINATES:    0.000000    0.000000    0.000000

 Program * Restricted Hartree-Fock

 Molecular orbitals read from record     2101.2  Type=RHF/CANONICAL (state 1.1)

 NELEC=   18   SYM=1   MS2= 0   THRE=1.0D-09   THRD=1.0D-06   THRG=1.0D-06  HFMA2=F  DIIS_START=2   DIIS_MAX=10   DIIS_INCORE=F

 Level shifts:    0.00 (CLOSED)    0.00 (OPEN)    0.30 (GAP_MIN)

 ITER           ETOT              DE          GRAD        DDIFF     DIIS  NEXP   TIME(IT)  TIME(TOT)  DIAG
   1     -115.05904434    -115.05904434     0.00D+00     0.99D-01     0     0       0.19      0.20    start
   2     -115.06059593      -0.00155159     0.13D-02     0.19D-02     1     0       0.10      0.30    diag
   3     -115.06073633      -0.00014040     0.33D-03     0.56D-03     2     0       0.11      0.41    diag
   4     -115.06074104      -0.00000471     0.49D-04     0.89D-04     3     0       0.12      0.53    diag
   5     -115.06074130      -0.00000026     0.14D-04     0.23D-04     4     0       0.11      0.64    diag
   6     -115.06074136      -0.00000007     0.63D-05     0.12D-04     5     0       0.12      0.76    diag
   7     -115.06074137      -0.00000001     0.18D-05     0.32D-05     6     0       0.12      0.88    diag
   8     -115.06074137      -0.00000000     0.49D-06     0.12D-05     7     0       0.13      1.01    fixocc
   9     -115.06074137      -0.00000000     0.14D-06     0.29D-06     8     0       0.12      1.13    diag
  10     -115.06074137      -0.00000000     0.30D-07     0.52D-07     0     0       0.12      1.25    diag/orth

 Final occupancy:   9

 !RHF STATE 1.1 Energy               -115.060741369459
  RHF One-electron energy            -236.117446129344
  RHF Two-electron energy              81.076471972576
  RHF Kinetic energy                  114.798100138899
  RHF Nuclear energy                   39.980232787309
  RHF Virial quotient                  -1.002287853460

 !RHF STATE 1.1 Dipole moment           0.00139283     0.59144439    -0.40412998
 Dipole moment /Debye                   0.00354022     1.50330170    -1.02719595

 Orbital energies:

           1.1          2.1          3.1          4.1          5.1          6.1          7.1          8.1          9.1         10.1
    -20.569506   -11.284960    -1.356688    -0.923338    -0.688009    -0.615991    -0.589625    -0.503403    -0.450729     0.034489

          11.1
      0.051666


 HOMO      9.1    -0.450729 =     -12.2650eV
 LUMO     10.1     0.034489 =       0.9385eV
 LUMO-HOMO         0.485218 =      13.2035eV

 Orbitals saved in record  2101.2


 **********************************************************************************************************************************
 DATASETS  * FILE   NREC   LENGTH (MB)   RECORD NAMES
              1      19       53.88       500      610      700      900      950      970     1000      129      960     1100   
                                          VAR    BASINP    GEOM    SYMINP    ZMAT    AOBASIS   BASIS     P2S    ABASIS      S 
                                         1400     1410     1200     1210     1080     1600     1650     1300     1700   
                                           T        V       H0       H01     AOSYM     SMH    MOLCAS    ERIS     OPER   

              2       8        1.26       700     1000      520     2100      200     2101     8500     9001   
                                         GEOM     BASIS   MCVARS     RHF    OPTIONS    RHF     CPHF    DEN_MP2    

 PROGRAMS   *        TOTAL    HF-SCF      CCSD    HF-SCF       INT      CCSD    HF-SCF      CCSD    HF-SCF      CCSD    HF-SCF
 CPU TIMES  *       732.54      1.99     51.01      1.27      0.75    280.12      0.34     57.94      1.66     54.04      1.68
 REAL TIME  *       113.57 SEC
 DISK USED  *       201.58 MB
 **********************************************************************************************************************************


 PROGRAM * CCSD (Closed-shell coupled cluster)     Authors: C. Hampel, H.-J. Werner, 1991, M. Deegan, P.J. Knowles, 1992


 Convergence thresholds:  THRVAR = 1.00D-12  THRDEN = 1.00D-08

 Using ITF CCSD gradient implementation

 Number of core orbitals:           2 (   2 )
 Number of closed-shell orbitals:   7 (   7 )
 Number of external orbitals:      73 (  73 )

 Molecular orbitals read from record     2101.2  Type=RHF/CANONICAL (state 1.1)

 Integral transformation finished. Total CPU:   0.88 sec, npass=  1  Memory used:   2.72 MW
  Reference energy                   -115.060741369459

  MP2 correlation energy               -0.361152158383
  MP2 total energy                   -115.421893527843

 ITER.      SQ.NORM     CORR.ENERGY   TOTAL ENERGY   ENERGY CHANGE        DEN1      VAR(S)    VAR(P)  DIIS     TIME
   1      1.11728267    -0.38286007  -115.44360144    -0.02170791    -0.01150430  1.99e-03  1.98e-03  1  1     1.87
   2      1.12576033    -0.38440628  -115.44514765    -0.00154621    -0.00863902  2.80e-05  3.07e-04  2  2     3.95
   3      1.12890098    -0.38454889  -115.44529026    -0.00014261    -0.00210336  3.85e-06  3.45e-05  3  3     5.76
   4      1.13020768    -0.38456337  -115.44530473    -0.00001447    -0.00090991  5.34e-08  2.90e-06  4  4     7.43
   5      1.13047856    -0.38454384  -115.44528521     0.00001952    -0.00018732  3.57e-08  2.49e-07  5  5     9.18
   6      1.13053290    -0.38454338  -115.44528475     0.00000046    -0.00004032  3.76e-10  1.25e-08  6  0    11.03
   7      1.13053881    -0.38454256  -115.44528393     0.00000082    -0.00000559  3.51e-11  1.13e-09  6  1    12.74
   8      1.13053901    -0.38454246  -115.44528383     0.00000010    -0.00000050  3.12e-12  9.29e-11  6  2    14.51
   9      1.13053897    -0.38454246  -115.44528383     0.00000000     0.00000002  1.52e-13  8.27e-12  6  3    16.28
  10      1.13053901    -0.38454246  -115.44528383    -0.00000000    -0.00000001  1.09e-14  5.47e-13          18.01

 Norm of t1 vector:      0.05867048     S-energy:      0.00000000   T1 diagnostic:  0.01108768

 Time per iteration:                      1.80 sec

 RESULTS
 =======

  Reference energy                   -115.060741369459
  CCSD correlation energy              -0.384542458708
 !CCSD total energy                  -115.445283828167

 Starting CP-CCSD iterations.   Author: W. Gyorffy (2012)

 ITER.      NRM1           NRM2      VAR(S)+VAR(P)   DIIS    TIME
   1     0.00196920     0.37060445     6.24e-04      1  1    1.83
   2     0.00180049     0.36606050     5.63e-05      2  2    3.62
   3     0.00166992     0.36556082     6.68e-06      3  3    5.43
   4     0.00159983     0.36505883     1.15e-06      4  4    7.28
   5     0.00156557     0.36494801     9.71e-08      5  5    9.15
   6     0.00155396     0.36491522     9.92e-09      6  0   11.14
   7     0.00155097     0.36491265     1.05e-09      6  1   13.04
   8     0.00155030     0.36491214     1.47e-10      6  2   14.86
   9     0.00155021     0.36491210     2.20e-11      6  3   16.85
  10     0.00155018     0.36491204     2.64e-12      6  4   18.74
  11     0.00155019     0.36491202     2.75e-13             20.62


 Time per iteration:                      1.87 sec


 CPHF trial vector read from record  8500.2

 Starting Coupled-perturbed Hartree-Fock, convergence threshold= 1.0D-06

 ITER   MIC  DIIS      VAR         VARC       CPU
   1     0     1    0.86D-02    0.20D-03     0.05
   2     4     2    0.69D-05    0.39D-05     0.09
   3     2     3    0.21D-06    0.40D-07     0.12

 CPHF convergence reached in  3 macroiterations and    6 microiterations.   Accuracy: 2.0944D-07

 CPHF solution written to record  8500.2

 Dipole moments (unrelaxed):            0.00077248     0.55053111    -0.36920639
 Orbital relaxation contribution:       0.00007965     0.00513655    -0.00401604
 !CCSD STATE 1.1 Dipole moment          0.00085214     0.55566766    -0.37322243
 Dipole moment /Debye                   0.00216591     1.41236632    -0.94863680

 CPU-time for coupled-perturbed hartree-fock:          0.27 sec

 Number of N-1 electron functions:               7
 Number of N-2 electron functions:              28
 Number of singly external CSFs:               511
 Number of doubly external CSFs:            130816
 Total number of CSFs:                      131328

 CCSD gradient info saved on record        55555.1




 **********************************************************************************************************************************
 DATASETS  * FILE   NREC   LENGTH (MB)   RECORD NAMES
              1      21       81.10       500      610      700      900      950      970     1000      129      960     1100   
                                          VAR    BASINP    GEOM    SYMINP    ZMAT    AOBASIS   BASIS     P2S    ABASIS      S 
                                         1400     1410     1200     1210     1080     1600     1650     1300     1700     1380   
                                           T        V       H0       H01     AOSYM     SMH    MOLCAS    ERIS     OPER     JKOP   
                                        55555   
                                         CCSD   

              2       8        1.26       700     1000      520     2100      200     2101     8500     9001   
                                         GEOM     BASIS   MCVARS     RHF    OPTIONS    RHF     CPHF    DEN_MP2    

 PROGRAMS   *        TOTAL      CCSD    HF-SCF      CCSD    HF-SCF       INT      CCSD    HF-SCF      CCSD    HF-SCF      CCSD
 CPU TIMES  *       787.21     54.67      1.99     51.01      1.27      0.75    280.12      0.34     57.94      1.66     54.04
 REAL TIME  *       121.46 SEC
 DISK USED  *       201.58 MB
 **********************************************************************************************************************************

 Current geometry (xyz format, in Angstrom)


 Dump information in style XYZ to ch3oh_maxima_mp2_1.xyz                                                          

    6
 CCSD/AUG-CC-PVDZ  OPTSTEP=1  ENERGY=-115.44528383
 C          0.0001317874        0.0131726585       -0.7344103445
 O         -0.0001541011       -0.0642238583        0.6960065389
 H          0.0046782322        0.8339824725        1.0448086700
 H          0.9308638668        0.4662116041       -1.1215986162
 H         -0.0667570480       -1.0209749942       -1.1039606503
 H         -0.8679093778        0.5832592374       -1.1156999574

 **********************************************************************************************************************************

 PROGRESS OF GEOMETRY OPTIMIZATION.    TOTAL CPU:       117.0 SEC
   1  -115.44521064  -115.44528383    -0.00007319  0.00271177  0.00425401  0.00128263  0.03139071  0.04435892  0.00403263

 **********************************************************************************************************************************

 Current geometry (xyz format, in Angstrom)


 Dump information in style XYZ to ch3oh_maxima_mp2.xyz                                                            

    6
 CCSD/AUG-CC-PVDZ  ENERGY=-115.44528383
 C          0.0001317874        0.0131726585       -0.7344103445
 O         -0.0001541011       -0.0642238583        0.6960065389
 H          0.0046782322        0.8339824725        1.0448086700
 H          0.9308638668        0.4662116041       -1.1215986162
 H         -0.0667570480       -1.0209749942       -1.1039606503
 H         -0.8679093778        0.5832592374       -1.1156999574

 **********************************************************************************************************************************

 Current variables
 RCO=                 1.43250925 ANGSTROM
 ROH=                 0.96356675 ANGSTROM
 ACOH=              108.12535998 DEGREE
 RCH1=                1.10517928 ANGSTROM
 AOCH1=             111.84788833 DEGREE
 AHH1=               64.82103525 DEGREE
 RCH2=                1.10022857 ANGSTROM
 AOCH2=             106.53486103 DEGREE
 RCH3=                1.10628927 ANGSTROM
 AOCH3=             111.82901973 DEGREE
 AHH3=              301.98677138 DEGREE

 **********************************************************************************************************************************

 PROGRAM * ALASKA (Gradient of the energy)     Author: R. Lindh


 CCSD Gradient info restored from record   55555.1

 Number of core orbitals:           2 (   2 )
 Number of closed-shell orbitals:   7 (   7 )
 Number of external orbitals:      73 (  73 )

 Integral thresholds in T2TRAN:            1.0D-10 (PROD)

 Available memory for Transformation: 497831906 words
 Memory needed for incore algorithm:    2340415 words
 Minimum memory needed:                  847139 words

 Memory used for transformation:           3.30 MW
 Available memory for gradients:         496.53 MW

 CPU for transformation:                   4.38 sec
 CPU for integrals and gradient:           2.65 sec
 Total CPU:                                7.03 sec

 Prescreening statistics:
 ========================

 Total number of shell quadruplets:        5.56D+03
 Number of shell quadruplets processed:    5.56D+03 (100.00%)

 CCSD GRADIENT FOR STATE 1.1

 Atom          dE/dx               dE/dy               dE/dz

   1         0.000495291        -0.000021247        -0.000017185
   2         0.000253805        -0.000029490        -0.000036285
   3        -0.000277447         0.000018379        -0.000005507
   4        -0.000294414        -0.000336989         0.000044500
   5         0.000108562        -0.000027169         0.000029201
   6        -0.000285799         0.000396516        -0.000014724

 Nuclear force contribution to virial =         0.000000389
 Reading points 1 to 2 from record 700.2,  wavefunction type=CCSD            

 Making model hessian for Z-matrix coordinates
 BFGS update of hessian using  1 points

 Entering Rational Function Geometry Optimization

 Optimization point 2

 Variable                      Last           Current        Next           Gradient       Hessian

 E(CCSD) / Hartree        -115.44521064  -115.44528383  -115.44528545
 RCO / ANGSTROM              1.43250220     1.43250925     1.43253749    -0.00007772     2.15324887
 ROH / ANGSTROM              0.96356597     0.96356675     0.96355604     0.00002598     2.50104322
 ACOH / DEGREE             108.12455015   108.12535998   108.13030943    -0.00000036     0.00006965
 RCH1 / ANGSTROM             1.10574357     1.10517928     1.10558372    -0.00075905     1.66026047
 AOCH1 / DEGREE            111.84251356   111.84788833   111.82933868     0.00000341     0.00006601
 AHH1 / DEGREE              63.02755621    64.82103525    64.62823977     0.00000607     0.00004678
 RCH2 / ANGSTROM             1.10020750     1.10022857     1.10021688     0.00001725     1.68001320
 AOCH2 / DEGREE            106.54176685   106.53486103   106.55136885    -0.00000126     0.00007079
 RCH3 / ANGSTROM             1.10571576     1.10628927     1.10584976     0.00081949     1.65577496
 AOCH3 / DEGREE            111.85319207   111.82901973   111.86177061    -0.00000492     0.00006585
 AHH3 / DEGREE             300.18821628   301.98677138   301.79834817     0.00000614     0.00004743
 Convergence:                0.00000000  (line search)     0.00489257     0.00084805  (total)

 Geometry written to block  3 of record 700

 Running procedure: RUNCCSD


 Recomputing integrals since geometry changed


 PROGRAM * SEWARD (Integral evaluation for generally contracted gaussian basis sets)     Author: Roland Lindh, 1990

 Geometry written to block  3 of record 700

 Orientation using atomic masses  
 Molecule type: Asymmetric top
 Rotational constants:      23.5465059     24.3914025    125.7677019 GHz  (calculated with average atomic masses)

 Point group  C1  



 ATOMIC COORDINATES

 NR  ATOM    CHARGE       X              Y              Z

   1  C       6.00    0.000497389    0.024866881   -1.387835869
   2  O       8.00    0.000348881   -0.121364896    1.315315208
   3  H       1.00   -0.001331436    1.575954390    1.974575958
   4  H1      1.00    1.752123288    0.898311834   -2.118498612
   5  H2      1.00   -0.113454186   -1.929931687   -2.086742241
   6  H3      1.00   -1.648802667    1.085811507   -2.109829097

 Bond lengths in Bohr (Angstrom)

 1-2  2.707103527  1-4  2.089250444  1-5  2.079108587  1-6  2.089753190  2-3  1.820857028
     ( 1.432537494)     ( 1.105583723)     ( 1.100216883)     ( 1.105849765)     ( 0.963556044)

 Bond angles

  1-2-3  108.13030943   2-1-4  111.82933868   2-1-5  106.55136885   2-1-6  111.86177061

  4-1-5  108.75115302   4-1-6  109.18483711   5-1-6  108.53830352

 NUCLEAR CHARGE:                   18
 NUMBER OF PRIMITIVE AOS:         118
 NUMBER OF SYMMETRY AOS:          114
 NUMBER OF CONTRACTIONS:           82   (   82A   )
 NUMBER OF INNER CORE ORBITALS:     0   (    0A   )
 NUMBER OF OUTER CORE ORBITALS:     2   (    2A   )
 NUMBER OF VALENCE ORBITALS:       12   (   12A   )


 NUCLEAR REPULSION ENERGY   39.97959610

 Eigenvalues of metric

         1 0.679E-03 0.823E-03 0.835E-03 0.114E-02 0.255E-02 0.444E-02 0.514E-02 0.542E-02


 Contracted 2-electron integrals neglected if value below      1.0D-11
 AO integral compression algorithm  1   Integral accuracy      1.0D-11

     31.457 MB (compressed) written to integral file ( 54.9%)


 NUMBER OF SORTED TWO-ELECTRON INTEGRALS:    5791906.     BUFFER LENGTH:  32768
 NUMBER OF SEGMENTS:   1  SEGMENT LENGTH:    5791906      RECORD LENGTH: 524288

 Memory used in sort:       6.35 MW

 SORT1 READ     7174542. AND WROTE     5717999. INTEGRALS IN     17 RECORDS. CPU TIME:     0.05 SEC, REAL TIME:     0.07 SEC
 SORT2 READ     5717999. AND WROTE     5791906. INTEGRALS IN    120 RECORDS. CPU TIME:     0.10 SEC, REAL TIME:     0.12 SEC

 FILE SIZES:   FILE 1:    61.7 MBYTE,  FILE 4:    71.3 MBYTE,   TOTAL:    133.1 MBYTE

 OPERATOR DM      FOR CENTER  0  COORDINATES:    0.000000    0.000000    0.000000

 Program * Restricted Hartree-Fock

 Molecular orbitals read from record     2101.2  Type=RHF/CANONICAL (state 1.1)

 NELEC=   18   SYM=1   MS2= 0   THRE=1.0D-09   THRD=1.0D-07   THRG=1.0D-07  HFMA2=F  DIIS_START=2   DIIS_MAX=10   DIIS_INCORE=F

 Level shifts:    0.00 (CLOSED)    0.00 (OPEN)    0.30 (GAP_MIN)

 ITER           ETOT              DE          GRAD        DDIFF     DIIS  NEXP   TIME(IT)  TIME(TOT)  DIAG
   1     -115.06071715    -115.06071715     0.00D+00     0.99D-01     0     0       0.19      0.19    start
   2     -115.06074103      -0.00002388     0.16D-03     0.24D-03     1     0       0.10      0.29    diag
   3     -115.06074318      -0.00000215     0.40D-04     0.69D-04     2     0       0.12      0.41    diag
   4     -115.06074326      -0.00000008     0.61D-05     0.11D-04     3     0       0.12      0.53    diag
   5     -115.06074326      -0.00000000     0.14D-05     0.31D-05     4     0       0.11      0.64    diag
   6     -115.06074326      -0.00000000     0.54D-06     0.10D-05     5     0       0.12      0.76    diag
   7     -115.06074326      -0.00000000     0.20D-06     0.30D-06     6     0       0.11      0.87    diag
   8     -115.06074326      -0.00000000     0.55D-07     0.13D-06     7     0       0.12      0.99    fixocc
   9     -115.06074326      -0.00000000     0.14D-07     0.28D-07     8     0       0.12      1.11    diag
  10     -115.06074326      -0.00000000     0.34D-08     0.61D-08     0     0       0.11      1.22    diag/orth

 Final occupancy:   9

 !RHF STATE 1.1 Energy               -115.060743261523
  RHF One-electron energy            -236.116135928611
  RHF Two-electron energy              81.075796563201
  RHF Kinetic energy                  114.798043925313
  RHF Nuclear energy                   39.979596103888
  RHF Virial quotient                  -1.002288360735

 !RHF STATE 1.1 Dipole moment          -0.00284087     0.59146097    -0.40415730
 Dipole moment /Debye                  -0.00722076     1.50334383    -1.02726539

 Orbital energies:

           1.1          2.1          3.1          4.1          5.1          6.1          7.1          8.1          9.1         10.1
    -20.569517   -11.284959    -1.356681    -0.923354    -0.688009    -0.615993    -0.589624    -0.503387    -0.450748     0.034489

          11.1
      0.051665


 HOMO      9.1    -0.450748 =     -12.2655eV
 LUMO     10.1     0.034489 =       0.9385eV
 LUMO-HOMO         0.485236 =      13.2040eV

 Orbitals saved in record  2101.2


 **********************************************************************************************************************************
 DATASETS  * FILE   NREC   LENGTH (MB)   RECORD NAMES
              1      19       53.71       500      610      700      900      950      970     1000      129      960     1100   
                                          VAR    BASINP    GEOM    SYMINP    ZMAT    AOBASIS   BASIS     P2S    ABASIS      S 
                                         1400     1410     1200     1210     1080     1600     1650     1300     1700   
                                           T        V       H0       H01     AOSYM     SMH    MOLCAS    ERIS     OPER   

              2       8        1.26       700     1000      520     2100      200     2101     8500     9001   
                                         GEOM     BASIS   MCVARS     RHF    OPTIONS    RHF     CPHF    DEN_MP2    

 PROGRAMS   *        TOTAL    HF-SCF      CCSD    HF-SCF      CCSD    HF-SCF       INT      CCSD    HF-SCF      CCSD    HF-SCF
 CPU TIMES  *       796.26      1.93     54.67      1.99     51.01      1.27      0.75    280.12      0.34     57.94      1.66
 REAL TIME  *       124.91 SEC
 DISK USED  *       201.58 MB
 **********************************************************************************************************************************


 PROGRAM * CCSD (Closed-shell coupled cluster)     Authors: C. Hampel, H.-J. Werner, 1991, M. Deegan, P.J. Knowles, 1992


 Convergence thresholds:  THRVAR = 1.00D-12  THRDEN = 1.00D-08

 Using ITF CCSD gradient implementation

 Number of core orbitals:           2 (   2 )
 Number of closed-shell orbitals:   7 (   7 )
 Number of external orbitals:      73 (  73 )

 Molecular orbitals read from record     2101.2  Type=RHF/CANONICAL (state 1.1)

 Integral transformation finished. Total CPU:   0.82 sec, npass=  1  Memory used:   2.72 MW
  Reference energy                   -115.060743261523

  MP2 correlation energy               -0.361151968325
  MP2 total energy                   -115.421895229847

 ITER.      SQ.NORM     CORR.ENERGY   TOTAL ENERGY   ENERGY CHANGE        DEN1      VAR(S)    VAR(P)  DIIS     TIME
   1      1.11728263    -0.38285987  -115.44360313    -0.02170790    -0.01150443  1.98e-03  1.98e-03  1  1     1.81
   2      1.12576017    -0.38440607  -115.44514933    -0.00154620    -0.00863892  2.80e-05  3.06e-04  2  2     3.63
   3      1.12890074    -0.38454868  -115.44529194    -0.00014261    -0.00210333  3.85e-06  3.45e-05  3  3     5.46
   4      1.13020740    -0.38456315  -115.44530641    -0.00001447    -0.00090989  5.34e-08  2.90e-06  4  4     7.23
   5      1.13047827    -0.38454363  -115.44528689     0.00001952    -0.00018731  3.57e-08  2.49e-07  5  5     9.02
   6      1.13053261    -0.38454316  -115.44528643     0.00000046    -0.00004032  3.76e-10  1.25e-08  6  0    10.78
   7      1.13053852    -0.38454235  -115.44528561     0.00000082    -0.00000559  3.51e-11  1.13e-09  6  1    12.52
   8      1.13053872    -0.38454224  -115.44528551     0.00000010    -0.00000050  3.12e-12  9.29e-11  6  2    14.27
   9      1.13053868    -0.38454224  -115.44528550     0.00000000     0.00000002  1.52e-13  8.27e-12  6  3    16.07
  10      1.13053871    -0.38454224  -115.44528550    -0.00000000    -0.00000001  1.09e-14  5.47e-13          17.76

 Norm of t1 vector:      0.05866993     S-energy:      0.00000000   T1 diagnostic:  0.01108757

 Time per iteration:                      1.78 sec

 RESULTS
 =======

  Reference energy                   -115.060743261523
  CCSD correlation energy              -0.384542243283
 !CCSD total energy                  -115.445285504806

 Starting CP-CCSD iterations.   Author: W. Gyorffy (2012)

 ITER.      NRM1           NRM2      VAR(S)+VAR(P)   DIIS    TIME
   1     0.00196918     0.37060607     6.24e-04      1  1    1.82
   2     0.00180046     0.36606226     5.63e-05      2  2    3.64
   3     0.00166990     0.36556256     6.68e-06      3  3    5.42
   4     0.00159982     0.36506060     1.14e-06      4  4    7.23
   5     0.00156555     0.36494977     9.70e-08      5  5    9.00
   6     0.00155394     0.36491699     9.92e-09      6  0   10.79
   7     0.00155095     0.36491442     1.05e-09      6  1   12.58
   8     0.00155028     0.36491391     1.47e-10      6  2   14.40
   9     0.00155020     0.36491387     2.20e-11      6  3   16.21
  10     0.00155016     0.36491381     2.64e-12      6  4   18.01
  11     0.00155017     0.36491378     2.74e-13             19.78


 Time per iteration:                      1.80 sec


 CPHF trial vector read from record  8500.2

 Starting Coupled-perturbed Hartree-Fock, convergence threshold= 1.0D-06

 ITER   MIC  DIIS      VAR         VARC       CPU
   1     0     1    0.11D-02    0.25D-04     0.05
   2     4     2    0.89D-06    0.52D-06     0.09

 CPHF convergence reached in  2 macroiterations and    4 microiterations.   Accuracy: 8.9479D-07

 CPHF solution written to record  8500.2

 Dipole moments (unrelaxed):           -0.00312212     0.55054223    -0.36922937
 Orbital relaxation contribution:       0.00004724     0.00513592    -0.00401508
 !CCSD STATE 1.1 Dipole moment         -0.00307488     0.55567815    -0.37324444
 Dipole moment /Debye                  -0.00781555     1.41239298    -0.94869275

 CPU-time for coupled-perturbed hartree-fock:          0.16 sec

 Number of N-1 electron functions:               7
 Number of N-2 electron functions:              28
 Number of singly external CSFs:               511
 Number of doubly external CSFs:            130816
 Total number of CSFs:                      131328

 CCSD gradient info saved on record        55555.1




 **********************************************************************************************************************************
 DATASETS  * FILE   NREC   LENGTH (MB)   RECORD NAMES
              1      21       80.93       500      610      700      900      950      970     1000      129      960     1100   
                                          VAR    BASINP    GEOM    SYMINP    ZMAT    AOBASIS   BASIS     P2S    ABASIS      S 
                                         1400     1410     1200     1210     1080     1600     1650     1300     1700     1380   
                                           T        V       H0       H01     AOSYM     SMH    MOLCAS    ERIS     OPER     JKOP   
                                        55555   
                                         CCSD   

              2       8        1.26       700     1000      520     2100      200     2101     8500     9001   
                                         GEOM     BASIS   MCVARS     RHF    OPTIONS    RHF     CPHF    DEN_MP2    

 PROGRAMS   *        TOTAL      CCSD    HF-SCF      CCSD    HF-SCF      CCSD    HF-SCF       INT      CCSD    HF-SCF      CCSD
 CPU TIMES  *       847.06     50.79      1.93     54.67      1.99     51.01      1.27      0.75    280.12      0.34     57.94
 REAL TIME  *       132.40 SEC
 DISK USED  *       201.58 MB
 **********************************************************************************************************************************

 Current geometry (xyz format, in Angstrom)


 Dump information in style XYZ to ch3oh_maxima_mp2_2.xyz                                                          

    6
 CCSD/AUG-CC-PVDZ  OPTSTEP=2  ENERGY=-115.44528550
 C          0.0002632071        0.0131589868       -0.7344111146
 O          0.0001846200       -0.0642235370        0.6960348334
 H         -0.0007045657        0.8339591485        1.0449005982
 H          0.9271837148        0.4753661508       -1.1210611870
 H         -0.0600373697       -1.0212758671       -1.1042564392
 H         -0.8725087967        0.5745867050       -1.1164734769

 **********************************************************************************************************************************

 PROGRESS OF GEOMETRY OPTIMIZATION.    TOTAL CPU:       176.9 SEC
   1  -115.44521064  -115.44528383    -0.00007319  0.00271177  0.00425401  0.00128263  0.03139071  0.04435892  0.00403263
   2  -115.44528383  -115.44528550    -0.00000168  0.00043365  0.00084805  0.00025570  0.00336492  0.00489257  0.00044478

 **********************************************************************************************************************************

 Current geometry (xyz format, in Angstrom)


 Dump information in style XYZ to ch3oh_maxima_mp2.xyz                                                            

    6
 CCSD/AUG-CC-PVDZ  ENERGY=-115.44528550
 C          0.0002632071        0.0131589868       -0.7344111146
 O          0.0001846200       -0.0642235370        0.6960348334
 H         -0.0007045657        0.8339591485        1.0449005982
 H          0.9271837148        0.4753661508       -1.1210611870
 H         -0.0600373697       -1.0212758671       -1.1042564392
 H         -0.8725087967        0.5745867050       -1.1164734769

 **********************************************************************************************************************************

 Current variables
 RCO=                 1.43253749 ANGSTROM
 ROH=                 0.96355604 ANGSTROM
 ACOH=              108.13030943 DEGREE
 RCH1=                1.10558372 ANGSTROM
 AOCH1=             111.82933868 DEGREE
 AHH1=               64.62823977 DEGREE
 RCH2=                1.10021688 ANGSTROM
 AOCH2=             106.55136885 DEGREE
 RCH3=                1.10584976 ANGSTROM
 AOCH3=             111.86177061 DEGREE
 AHH3=              301.79834817 DEGREE

 **********************************************************************************************************************************

 PROGRAM * ALASKA (Gradient of the energy)     Author: R. Lindh


 CCSD Gradient info restored from record   55555.1

 Number of core orbitals:           2 (   2 )
 Number of closed-shell orbitals:   7 (   7 )
 Number of external orbitals:      73 (  73 )

 Integral thresholds in T2TRAN:            1.0D-10 (PROD)

 Available memory for Transformation: 497831906 words
 Memory needed for incore algorithm:    2340415 words
 Minimum memory needed:                  847139 words

 Memory used for transformation:           3.30 MW
 Available memory for gradients:         496.53 MW

 CPU for transformation:                   4.35 sec
 CPU for integrals and gradient:           2.78 sec
 Total CPU:                                7.13 sec

 Prescreening statistics:
 ========================

 Total number of shell quadruplets:        5.56D+03
 Number of shell quadruplets processed:    5.56D+03 (100.00%)

 CCSD GRADIENT FOR STATE 1.1

 Atom          dE/dx               dE/dy               dE/dz

   1         0.000365809        -0.000034895        -0.000001186
   2         0.000276524         0.000006356         0.000009173
   3        -0.000261996         0.000001515         0.000004165
   4        -0.000078947        -0.000034169         0.000037115
   5        -0.000229743         0.000013064        -0.000006001
   6        -0.000071646         0.000048130        -0.000043266

 Nuclear force contribution to virial =         0.000050712
 Reading points 1 to 3 from record 700.2,  wavefunction type=CCSD            

 Making model hessian for Z-matrix coordinates
 BFGS update of hessian using  2 points

 Entering Rational Function Geometry Optimization

 Optimization point 3

 Variable                      Last           Current        Next           Gradient       Hessian

 E(CCSD) / Hartree        -115.44528383  -115.44528550  -115.44528553
 RCO / ANGSTROM              1.43250925     1.43253749     1.43252707     0.00002436     2.15449109
 ROH / ANGSTROM              0.96356675     0.96355604     0.96355388     0.00000597     2.50102558
 ACOH / DEGREE             108.12535998   108.13030943   108.12878750     0.00000010     0.00006967
 RCH1 / ANGSTROM             1.10517928     1.10558372     1.10569909    -0.00017660     1.58901089
 AOCH1 / DEGREE            111.84788833   111.82933868   111.83363769    -0.00000016     0.00006649
 AHH1 / DEGREE              64.82103525    64.62823977    64.62941869    -0.00000017     0.00004780
 RCH2 / ANGSTROM             1.10022857     1.10021688     1.10021475     0.00000440     1.68001874
 AOCH2 / DEGREE            106.53486103   106.55136885   106.54754766     0.00000023     0.00007100
 RCH3 / ANGSTROM             1.10628927     1.10584976     1.10573108     0.00018128     1.58034384
 AOCH3 / DEGREE            111.82901973   111.86177061   111.85655378     0.00000040     0.00006741
 AHH3 / DEGREE             301.98677138   301.79834817   301.79494584     0.00000004     0.00004766
 Convergence:                0.00000000  (line search)     0.00034824     0.00013792  (total)

 Geometry written to block  4 of record 700

 Running procedure: RUNCCSD


 Recomputing integrals since geometry changed


 PROGRAM * SEWARD (Integral evaluation for generally contracted gaussian basis sets)     Author: Roland Lindh, 1990

 Geometry written to block  4 of record 700

 Orientation using atomic masses  
 Molecule type: Asymmetric top
 Rotational constants:      23.5470823     24.3918699    125.7658680 GHz  (calculated with average atomic masses)

 Point group  C1  



 ATOMIC COORDINATES

 NR  ATOM    CHARGE       X              Y              Z

   1  C       6.00    0.000457620    0.024876544   -1.387828849
   2  O       8.00    0.000395472   -0.121363188    1.315302075
   3  H       1.00   -0.001640194    1.575967199    1.974521945
   4  H1      1.00    1.752026261    0.898742403   -2.118748928
   5  H2      1.00   -0.113085525   -1.929987173   -2.086607484
   6  H3      1.00   -1.649031199    1.085281356   -2.109534715

 Bond lengths in Bohr (Angstrom)

 1-2  2.707083829  1-4  2.089468450  1-5  2.079104562  1-6  2.089528915  2-3  1.820852938
     ( 1.432527070)     ( 1.105699087)     ( 1.100214753)     ( 1.105731083)     ( 0.963553879)

 Bond angles

  1-2-3  108.12878750   2-1-4  111.83363769   2-1-5  106.54754766   2-1-6  111.85655378

  4-1-5  108.75015457   4-1-6  109.18886513   5-1-6  108.53983366

 NUCLEAR CHARGE:                   18
 NUMBER OF PRIMITIVE AOS:         118
 NUMBER OF SYMMETRY AOS:          114
 NUMBER OF CONTRACTIONS:           82   (   82A   )
 NUMBER OF INNER CORE ORBITALS:     0   (    0A   )
 NUMBER OF OUTER CORE ORBITALS:     2   (    2A   )
 NUMBER OF VALENCE ORBITALS:       12   (   12A   )


 NUCLEAR REPULSION ENERGY   39.97986609

 Eigenvalues of metric

         1 0.679E-03 0.823E-03 0.835E-03 0.114E-02 0.255E-02 0.444E-02 0.514E-02 0.542E-02


 Contracted 2-electron integrals neglected if value below      1.0D-11
 AO integral compression algorithm  1   Integral accuracy      1.0D-11

     31.457 MB (compressed) written to integral file ( 54.6%)


 NUMBER OF SORTED TWO-ELECTRON INTEGRALS:    5791906.     BUFFER LENGTH:  32768
 NUMBER OF SEGMENTS:   1  SEGMENT LENGTH:    5791906      RECORD LENGTH: 524288

 Memory used in sort:       6.35 MW

 SORT1 READ     7174542. AND WROTE     5716447. INTEGRALS IN     17 RECORDS. CPU TIME:     0.04 SEC, REAL TIME:     0.07 SEC
 SORT2 READ     5716447. AND WROTE     5791906. INTEGRALS IN    120 RECORDS. CPU TIME:     0.10 SEC, REAL TIME:     0.12 SEC

 FILE SIZES:   FILE 1:    61.7 MBYTE,  FILE 4:    71.3 MBYTE,   TOTAL:    133.1 MBYTE

 OPERATOR DM      FOR CENTER  0  COORDINATES:    0.000000    0.000000    0.000000

 Program * Restricted Hartree-Fock

 Molecular orbitals read from record     2101.2  Type=RHF/CANONICAL (state 1.1)

 NELEC=   18   SYM=1   MS2= 0   THRE=1.0D-09   THRD=1.0D-07   THRG=1.0D-07  HFMA2=F  DIIS_START=2   DIIS_MAX=10   DIIS_INCORE=F

 Level shifts:    0.00 (CLOSED)    0.00 (OPEN)    0.30 (GAP_MIN)

 ITER           ETOT              DE          GRAD        DDIFF     DIIS  NEXP   TIME(IT)  TIME(TOT)  DIAG
   1     -115.06074369    -115.06074369     0.00D+00     0.99D-01     0     0       0.19      0.19    start
   2     -115.06074372      -0.00000003     0.56D-05     0.14D-04     1     0       0.10      0.29    diag
   3     -115.06074372      -0.00000000     0.13D-05     0.27D-05     2     0       0.11      0.40    diag
   4     -115.06074372      -0.00000000     0.22D-06     0.51D-06     3     0       0.11      0.51    diag
   5     -115.06074372      -0.00000000     0.57D-07     0.13D-06     4     0       0.11      0.62    diag
   6     -115.06074372      -0.00000000     0.25D-07     0.38D-07     5     0       0.11      0.73    diag
   7     -115.06074372      -0.00000000     0.88D-08     0.12D-07     0     0       0.12      0.85    diag

 Final occupancy:   9

 !RHF STATE 1.1 Energy               -115.060743719122
  RHF One-electron energy            -236.116666061939
  RHF Two-electron energy              81.076056254902
  RHF Kinetic energy                  114.798092606175
  RHF Nuclear energy                   39.979866087915
  RHF Virial quotient                  -1.002287939695

 !RHF STATE 1.1 Dipole moment          -0.00304869     0.59146146    -0.40415161
 Dipole moment /Debye                  -0.00774901     1.50334507    -1.02725093

 Orbital energies:

           1.1          2.1          3.1          4.1          5.1          6.1          7.1          8.1          9.1         10.1
    -20.569515   -11.284957    -1.356685    -0.923353    -0.688011    -0.615998    -0.589622    -0.503387    -0.450748     0.034489

          11.1
      0.051665


 HOMO      9.1    -0.450748 =     -12.2655eV
 LUMO     10.1     0.034489 =       0.9385eV
 LUMO-HOMO         0.485237 =      13.2040eV

 Orbitals saved in record  2101.2


 **********************************************************************************************************************************
 DATASETS  * FILE   NREC   LENGTH (MB)   RECORD NAMES
              1      19       53.64       500      610      700      900      950      970     1000      129      960     1100   
                                          VAR    BASINP    GEOM    SYMINP    ZMAT    AOBASIS   BASIS     P2S    ABASIS      S 
                                         1400     1410     1200     1210     1080     1600     1650     1300     1700   
                                           T        V       H0       H01     AOSYM     SMH    MOLCAS    ERIS     OPER   

              2       8        1.26       700     1000      520     2100      200     2101     8500     9001   
                                         GEOM     BASIS   MCVARS     RHF    OPTIONS    RHF     CPHF    DEN_MP2    

 PROGRAMS   *        TOTAL    HF-SCF      CCSD    HF-SCF      CCSD    HF-SCF      CCSD    HF-SCF       INT      CCSD    HF-SCF
 CPU TIMES  *       855.85      1.56     50.79      1.93     54.67      1.99     51.01      1.27      0.75    280.12      0.34
 REAL TIME  *       135.78 SEC
 DISK USED  *       201.58 MB
 **********************************************************************************************************************************


 PROGRAM * CCSD (Closed-shell coupled cluster)     Authors: C. Hampel, H.-J. Werner, 1991, M. Deegan, P.J. Knowles, 1992


 Convergence thresholds:  THRVAR = 1.00D-12  THRDEN = 1.00D-08

 Using ITF CCSD gradient implementation

 Number of core orbitals:           2 (   2 )
 Number of closed-shell orbitals:   7 (   7 )
 Number of external orbitals:      73 (  73 )

 Molecular orbitals read from record     2101.2  Type=RHF/CANONICAL (state 1.1)

 Integral transformation finished. Total CPU:   0.83 sec, npass=  1  Memory used:   2.72 MW
  Reference energy                   -115.060743719122

  MP2 correlation energy               -0.361151589856
  MP2 total energy                   -115.421895308978

 ITER.      SQ.NORM     CORR.ENERGY   TOTAL ENERGY   ENERGY CHANGE        DEN1      VAR(S)    VAR(P)  DIIS     TIME
   1      1.11728208    -0.38285946  -115.44360318    -0.02170787    -0.01150445  1.98e-03  1.98e-03  1  1     1.84
   2      1.12575955    -0.38440564  -115.44514936    -0.00154619    -0.00863887  2.80e-05  3.06e-04  2  2     3.77
   3      1.12890008    -0.38454825  -115.44529197    -0.00014261    -0.00210332  3.85e-06  3.45e-05  3  3     5.40
   4      1.13020671    -0.38456272  -115.44530644    -0.00001447    -0.00090988  5.34e-08  2.90e-06  4  4     7.10
   5      1.13047758    -0.38454320  -115.44528692     0.00001952    -0.00018731  3.57e-08  2.49e-07  5  5     8.96
   6      1.13053191    -0.38454274  -115.44528645     0.00000046    -0.00004032  3.76e-10  1.25e-08  6  0    10.86
   7      1.13053782    -0.38454192  -115.44528564     0.00000082    -0.00000559  3.51e-11  1.13e-09  6  1    12.72
   8      1.13053802    -0.38454182  -115.44528553     0.00000010    -0.00000050  3.12e-12  9.29e-11  6  2    14.64
   9      1.13053799    -0.38454181  -115.44528553     0.00000000     0.00000002  1.52e-13  8.27e-12  6  3    16.75
  10      1.13053802    -0.38454181  -115.44528553    -0.00000000    -0.00000001  1.09e-14  5.47e-13          18.45

 Norm of t1 vector:      0.05866960     S-energy:     -0.00000000   T1 diagnostic:  0.01108751

 Time per iteration:                      1.85 sec

 RESULTS
 =======

  Reference energy                   -115.060743719122
  CCSD correlation energy              -0.384541814018
 !CCSD total energy                  -115.445285533141

 Starting CP-CCSD iterations.   Author: W. Gyorffy (2012)

 ITER.      NRM1           NRM2      VAR(S)+VAR(P)   DIIS    TIME
   1     0.00196915     0.37060478     6.24e-04      1  1    2.31
   2     0.00180044     0.36606102     5.63e-05      2  2    4.21
   3     0.00166988     0.36556132     6.68e-06      3  3    6.02
   4     0.00159980     0.36505936     1.14e-06      4  4    7.94
   5     0.00156554     0.36494854     9.70e-08      5  5    9.67
   6     0.00155393     0.36491576     9.92e-09      6  0   11.66
   7     0.00155094     0.36491318     1.05e-09      6  1   13.65
   8     0.00155027     0.36491268     1.47e-10      6  2   15.51
   9     0.00155018     0.36491264     2.20e-11      6  3   17.32
  10     0.00155015     0.36491258     2.64e-12      6  4   19.14
  11     0.00155016     0.36491255     2.74e-13             21.35


 Time per iteration:                      1.94 sec


 CPHF trial vector read from record  8500.2

 Starting Coupled-perturbed Hartree-Fock, convergence threshold= 1.0D-06

 ITER   MIC  DIIS      VAR         VARC       CPU
   1     0     1    0.34D-04    0.17D-05     0.04
   2     2     2    0.18D-06    0.28D-07     0.08

 CPHF convergence reached in  2 macroiterations and    2 microiterations.   Accuracy: 1.8181D-07

 CPHF solution written to record  8500.2

 Dipole moments (unrelaxed):           -0.00331321     0.55054151    -0.36922425
 Orbital relaxation contribution:       0.00004581     0.00513636    -0.00401527
 !CCSD STATE 1.1 Dipole moment         -0.00326740     0.55567787    -0.37323953
 Dipole moment /Debye                  -0.00830490     1.41239227    -0.94868025

 CPU-time for coupled-perturbed hartree-fock:          0.35 sec

 Number of N-1 electron functions:               7
 Number of N-2 electron functions:              28
 Number of singly external CSFs:               511
 Number of doubly external CSFs:            130816
 Total number of CSFs:                      131328

 CCSD gradient info saved on record        55555.1




 **********************************************************************************************************************************
 DATASETS  * FILE   NREC   LENGTH (MB)   RECORD NAMES
              1      21       80.86       500      610      700      900      950      970     1000      129      960     1100   
                                          VAR    BASINP    GEOM    SYMINP    ZMAT    AOBASIS   BASIS     P2S    ABASIS      S 
                                         1400     1410     1200     1210     1080     1600     1650     1300     1700     1380   
                                           T        V       H0       H01     AOSYM     SMH    MOLCAS    ERIS     OPER     JKOP   
                                        55555   
                                         CCSD   

              2       8        1.26       700     1000      520     2100      200     2101     8500     9001   
                                         GEOM     BASIS   MCVARS     RHF    OPTIONS    RHF     CPHF    DEN_MP2    

 PROGRAMS   *        TOTAL      CCSD    HF-SCF      CCSD    HF-SCF      CCSD    HF-SCF      CCSD    HF-SCF       INT      CCSD
 CPU TIMES  *       911.39     55.54      1.56     50.79      1.93     54.67      1.99     51.01      1.27      0.75    280.12
 REAL TIME  *       143.87 SEC
 DISK USED  *       201.58 MB
 **********************************************************************************************************************************

 Current geometry (xyz format, in Angstrom)


 Dump information in style XYZ to ch3oh_maxima_mp2_3.xyz                                                          

    6
 CCSD/AUG-CC-PVDZ  OPTSTEP=3  ENERGY=-115.44528553
 C          0.0002421623        0.0131641002       -0.7344073996
 O          0.0002092749       -0.0642226332        0.6960278836
 H         -0.0008679534        0.8339659270        1.0448720157
 H          0.9271323701        0.4755939982       -1.1211936483
 H         -0.0598422830       -1.0213052292       -1.1041851287
 H         -0.8726297306        0.5743061608       -1.1163176969

 **********************************************************************************************************************************

 PROGRESS OF GEOMETRY OPTIMIZATION.    TOTAL CPU:       241.2 SEC
   1  -115.44521064  -115.44528383    -0.00007319  0.00271177  0.00425401  0.00128263  0.03139071  0.04435892  0.00403263
   2  -115.44528383  -115.44528550    -0.00000168  0.00043365  0.00084805  0.00025570  0.00336492  0.00489257  0.00044478
   3  -115.44528550  -115.44528553    -0.00000003  0.00009593  0.00013792  0.00004158  0.00022428  0.00034824  0.00003166

 **********************************************************************************************************************************

 Current geometry (xyz format, in Angstrom)


 Dump information in style XYZ to ch3oh_maxima_mp2.xyz                                                            

    6
 CCSD/AUG-CC-PVDZ  ENERGY=-115.44528553
 C          0.0002421623        0.0131641002       -0.7344073996
 O          0.0002092749       -0.0642226332        0.6960278836
 H         -0.0008679534        0.8339659270        1.0448720157
 H          0.9271323701        0.4755939982       -1.1211936483
 H         -0.0598422830       -1.0213052292       -1.1041851287
 H         -0.8726297306        0.5743061608       -1.1163176969

 **********************************************************************************************************************************

 Current variables
 RCO=                 1.43252707 ANGSTROM
 ROH=                 0.96355388 ANGSTROM
 ACOH=              108.12878750 DEGREE
 RCH1=                1.10569909 ANGSTROM
 AOCH1=             111.83363769 DEGREE
 AHH1=               64.62941869 DEGREE
 RCH2=                1.10021475 ANGSTROM
 AOCH2=             106.54754766 DEGREE
 RCH3=                1.10573108 ANGSTROM
 AOCH3=             111.85655378 DEGREE
 AHH3=              301.79494584 DEGREE

 **********************************************************************************************************************************

 Recomputing wavefunction for reoriented structure

 Running procedure: RUNCCSD


 Program * Restricted Hartree-Fock

 Molecular orbitals read from record     2101.2  Type=RHF/CANONICAL (state 1.1)

 NELEC=   18   SYM=1   MS2= 0   THRE=1.0D-10   THRD=1.0D-07   THRG=1.0D-07  HFMA2=F  DIIS_START=2   DIIS_MAX=10   DIIS_INCORE=F

 Level shifts:    0.00 (CLOSED)    0.00 (OPEN)    0.30 (GAP_MIN)

 ITER           ETOT              DE          GRAD        DDIFF     DIIS  NEXP   TIME(IT)  TIME(TOT)  DIAG
   1     -115.06074372    -115.06074372     0.00D+00     0.99D-01     0     0       0.21      0.21    start
   2     -115.06074372       0.00000000     0.50D-08     0.70D-08     1     0       0.10      0.31    diag

 Final occupancy:   9

 !RHF STATE 1.1 Energy               -115.060743719122
  RHF One-electron energy            -236.116665182299
  RHF Two-electron energy              81.076055375262
  RHF Kinetic energy                  114.798091799980
  RHF Nuclear energy                   39.979866087915
  RHF Virial quotient                  -1.002287946733

 !RHF STATE 1.1 Dipole moment          -0.00304867     0.59146135    -0.40415149
 Dipole moment /Debye                  -0.00774894     1.50334480    -1.02725062

 Orbital energies:

           1.1          2.1          3.1          4.1          5.1          6.1          7.1          8.1          9.1         10.1
    -20.569515   -11.284957    -1.356685    -0.923353    -0.688011    -0.615998    -0.589622    -0.503387    -0.450748     0.034489

          11.1
      0.051665


 HOMO      9.1    -0.450748 =     -12.2655eV
 LUMO     10.1     0.034489 =       0.9385eV
 LUMO-HOMO         0.485237 =      13.2040eV

 Orbitals saved in record  2101.2


 **********************************************************************************************************************************
 DATASETS  * FILE   NREC   LENGTH (MB)   RECORD NAMES
              1      21       80.86       500      610      700      900      950      970     1000      129      960     1100   
                                          VAR    BASINP    GEOM    SYMINP    ZMAT    AOBASIS   BASIS     P2S    ABASIS      S 
                                         1400     1410     1200     1210     1080     1600     1650     1300     1700     1380   
                                           T        V       H0       H01     AOSYM     SMH    MOLCAS    ERIS     OPER     JKOP   
                                        55555   
                                         CCSD   

              2       8        1.26       700     1000      520     2100      200     2101     8500     9001   
                                         GEOM     BASIS   MCVARS     RHF    OPTIONS    RHF     CPHF    DEN_MP2    

 PROGRAMS   *        TOTAL    HF-SCF      CCSD    HF-SCF      CCSD    HF-SCF      CCSD    HF-SCF      CCSD    HF-SCF       INT
 CPU TIMES  *       911.72      0.33     55.54      1.56     50.79      1.93     54.67      1.99     51.01      1.27      0.75
 REAL TIME  *       144.01 SEC
 DISK USED  *       201.58 MB
 **********************************************************************************************************************************


 PROGRAM * CCSD (Closed-shell coupled cluster)     Authors: C. Hampel, H.-J. Werner, 1991, M. Deegan, P.J. Knowles, 1992


 Convergence thresholds:  THRVAR = 1.00D-12  THRDEN = 1.00D-08

 Number of core orbitals:           2 (   2 )
 Number of closed-shell orbitals:   7 (   7 )
 Number of external orbitals:      73 (  73 )

 Molecular orbitals read from record     2101.2  Type=RHF/CANONICAL (state 1.1)

 Number of N-1 electron functions:               7
 Number of N-2 electron functions:              28
 Number of singly external CSFs:               511
 Number of doubly external CSFs:            130816
 Total number of CSFs:                      131328

 Length of J-op  integral file:               0.00 MB
 Length of K-op  integral file:               0.49 MB
 Length of 3-ext integral record:             0.00 MB

 Integral transformation finished. Total CPU:   0.91 sec, npass=  1  Memory used:   2.72 MW

 Reference energy:                   -115.06074372

 MP2 singlet pair energy:              -0.23197726
 MP2 triplet pair energy:              -0.12917433
 MP2 correlation energy:               -0.36115158
 MP2 total energy:                   -115.42189530

 SCS-MP2 correlation energy:           -0.35874784   (PS=  1.200000  PT=  0.333333)
 SCS-MP2 total energy:               -115.41949156

 ITER.      SQ.NORM     CORR.ENERGY   TOTAL ENERGY   ENERGY CHANGE        DEN1      VAR(S)    VAR(P)  DIIS     TIME  TIME/IT
   1      1.11712782    -0.38276444  -115.44350815    -0.02161285    -0.01151562  0.18D-02  0.20D-02  1  1    32.93     2.44
   2      1.12675900    -0.38439603  -115.44513975    -0.00163160    -0.00987589  0.30D-04  0.26D-03  2  2    59.79     2.41
   3      1.12950962    -0.38458785  -115.44533157    -0.00019182    -0.00157656  0.23D-04  0.12D-04  3  3    85.44     2.39
   4      1.13030954    -0.38454799  -115.44529171     0.00003986    -0.00035522  0.11D-05  0.11D-05  4  4   112.93     2.41
   5      1.13048989    -0.38454537  -115.44528909     0.00000262    -0.00005904  0.17D-06  0.10D-06  5  5   130.21     2.24
   6      1.13052650    -0.38454326  -115.44528698     0.00000211    -0.00000723  0.31D-07  0.93D-08  6  6   151.97     2.18
   7      1.13053444    -0.38454188  -115.44528560     0.00000138    -0.00000082  0.41D-08  0.14D-08  6  1   175.87     2.16
   8      1.13053744    -0.38454184  -115.44528556     0.00000003    -0.00000029  0.56D-09  0.21D-09  6  2   203.08     2.19
   9      1.13053780    -0.38454182  -115.44528553     0.00000003     0.00000042  0.70D-10  0.28D-10  6  4   226.07     2.17
  10      1.13053817    -0.38454180  -115.44528552     0.00000002    -0.00000005  0.69D-11  0.32D-11  6  3   249.63     2.16
  11      1.13053812    -0.38454181  -115.44528553    -0.00000001     0.00000003  0.11D-11  0.42D-12  6  5   275.05     2.16
  12      1.13053807    -0.38454181  -115.44528553    -0.00000000     0.00000002  0.16D-12  0.76D-13  6  6   299.23     2.15
  13      1.13053802    -0.38454181  -115.44528553    -0.00000000     0.00000002  0.12D-13  0.10D-13  6  2   318.56     2.12

 Norm of t1 vector:      0.05866960      S-energy:     0.00000000      T1 diagnostic:  0.01108751
                                                                       D1 diagnostic:  0.02807981
                                                                       D2 diagnostic:  0.13812470 (internal)


 RESULTS
 =======

  Reference energy                   -115.060743719122
  CCSD singlet pair energy             -0.267754589338
  CCSD triplet pair energy             -0.116787226586
  CCSD correlation energy              -0.384541812772

 !CCSD total energy                  -115.445285531894

 Timing summary (sec):

 STEP                 CPU(USER)    SYS     CPU(TOT)    WALL
 Transformation          5.01      0.14      5.15      0.52
 CCSD iterations       314.59      5.51    320.10     27.66

 Program statistics:

 Available memory in ccsd:               499998886
 Min. memory needed in ccsd:                438437
 Max. memory used in ccsd:                  541092
 Max. memory used in cckext:                449501 (13 integral passes)



 **********************************************************************************************************************************
 DATASETS  * FILE   NREC   LENGTH (MB)   RECORD NAMES
              1      21       80.86       500      610      700      900      950      970     1000      129      960     1100   
                                          VAR    BASINP    GEOM    SYMINP    ZMAT    AOBASIS   BASIS     P2S    ABASIS      S 
                                         1400     1410     1200     1210     1080     1600     1650     1300     1700     1380   
                                           T        V       H0       H01     AOSYM     SMH    MOLCAS    ERIS     OPER     JKOP   
                                        55555   
                                         CCSD   

              2       8        1.26       700     1000      520     2100      200     2101     8500     9001   
                                         GEOM     BASIS   MCVARS     RHF    OPTIONS    RHF     CPHF    DEN_MP2    

 PROGRAMS   *        TOTAL      CCSD    HF-SCF      CCSD    HF-SCF      CCSD    HF-SCF      CCSD    HF-SCF      CCSD    HF-SCF
 CPU TIMES  *      1231.37    319.64      0.33     55.54      1.56     50.79      1.93     54.67      1.99     51.01      1.27
 REAL TIME  *       172.24 SEC
 DISK USED  *       201.58 MB
 **********************************************************************************************************************************

 PROGRAM * ALASKA (Gradient of the energy)     Author: R. Lindh


 CCSD Gradient info restored from record   55555.1

 Number of core orbitals:           2 (   2 )
 Number of closed-shell orbitals:   7 (   7 )
 Number of external orbitals:      73 (  73 )

 Integral thresholds in T2TRAN:            1.0D-10 (PROD)

 Available memory for Transformation: 497831906 words
 Memory needed for incore algorithm:    2340415 words
 Minimum memory needed:                  847139 words

 Memory used for transformation:           3.30 MW
 Available memory for gradients:         496.53 MW

 CPU for transformation:                   4.33 sec
 CPU for integrals and gradient:           2.81 sec
 Total CPU:                                7.14 sec

 Prescreening statistics:
 ========================

 Total number of shell quadruplets:        5.56D+03
 Number of shell quadruplets processed:    5.56D+03 (100.00%)

 CCSD GRADIENT FOR STATE 1.1

 Atom          dE/dx               dE/dy               dE/dz

   1         0.003199035        -0.000091279        -0.000025219
   2         0.000149918         0.000002309        -0.000008477
   3        -0.000278072        -0.000009545        -0.000003982
   4        -0.000048511         0.001489638         0.000476591
   5        -0.002926557         0.000139566         0.000037274
   6        -0.000095812        -0.001530689        -0.000476186

 Nuclear force contribution to virial =        -0.000100704
 Reading points 1 to 1 from record 700.2,  wavefunction type=CCSD            

 Making model hessian for Z-matrix coordinates
 No hessian update for point  1

 Entering Rational Function Geometry Optimization

 Optimization point 1

 Variable                      Last           Current        Next           Gradient       Hessian

 E(CCSD) / Hartree           0.00000000  -115.44519387  -115.44527900
 RCO / ANGSTROM              0.00000000     1.43252707     1.43253754    -0.00002285     2.15302799
 ROH / ANGSTROM              0.00000000     0.96355388     0.96355562     0.00000226     2.50103503
 ACOH / DEGREE               0.00000000   108.12878750   108.12820419    -0.00000013     0.00006962
 RCH1 / ANGSTROM             0.00000000     1.10569909     1.10516538     0.00088767     1.64775187
 AOCH1 / DEGREE              0.00000000   111.83363769   111.83686400    -0.00002240     0.00006537
 AHH1 / DEGREE               0.00000000    64.62941869    66.42420994    -0.00004605     0.00004506
 RCH2 / ANGSTROM             0.00000000     1.10021475     1.10023816    -0.00004067     1.68005034
 AOCH2 / DEGREE              0.00000000   106.54754766   106.54850365    -0.00000086     0.00006990
 RCH3 / ANGSTROM             0.00000000     1.10573108     1.10628063    -0.00091062     1.64757930
 AOCH3 / DEGREE              0.00000000   111.85655378   111.83077708     0.00002249     0.00006434
 AHH3 / DEGREE               0.00000000   301.79494584   303.59949599    -0.00004746     0.00004570
 Convergence:                0.00000000  (line search)     0.04444679     0.00425691  (total)

 Geometry written to block  2 of record 700

 Running procedure: RUNCCSD


 Recomputing integrals since geometry changed


 PROGRAM * SEWARD (Integral evaluation for generally contracted gaussian basis sets)     Author: Roland Lindh, 1990

 Geometry written to block  2 of record 700

 Orientation using atomic masses  
 Molecule type: Asymmetric top
 Rotational constants:      23.5467862     24.3931980    125.7538744 GHz  (calculated with average atomic masses)

 Point group  C1  



 ATOMIC COORDINATES

 NR  ATOM    CHARGE       X              Y              Z

   1  C       6.00    0.000470234    0.024867264   -1.387861920
   2  O       8.00   -0.000094353   -0.121394047    1.315287584
   3  H       1.00    0.008005916    1.575922712    1.974505000
   4  H1      1.00    1.781088642    0.832619549   -2.121754982
   5  H2      1.00   -0.182537497   -1.924833123   -2.086457845
   6  H3      1.00   -1.610662850    1.146895083   -2.106037258

 Bond lengths in Bohr (Angstrom)

 1-2  2.707103605  1-4  2.088459886  1-5  2.079148791  1-6  2.090567401  2-3  1.820856226
     ( 1.432537535)     ( 1.105165378)     ( 1.100238158)     ( 1.106280626)     ( 0.963555619)

 Bond angles

  1-2-3  108.12820419   2-1-4  111.83686400   2-1-5  106.54850365   2-1-6  111.83077708

  4-1-5  108.64255236   4-1-6  109.19409792   5-1-6  108.66489612

 NUCLEAR CHARGE:                   18
 NUMBER OF PRIMITIVE AOS:         118
 NUMBER OF SYMMETRY AOS:          114
 NUMBER OF CONTRACTIONS:           82   (   82A   )
 NUMBER OF INNER CORE ORBITALS:     0   (    0A   )
 NUMBER OF OUTER CORE ORBITALS:     2   (    2A   )
 NUMBER OF VALENCE ORBITALS:       12   (   12A   )


 NUCLEAR REPULSION ENERGY   39.97983098

 Eigenvalues of metric

         1 0.678E-03 0.820E-03 0.837E-03 0.114E-02 0.255E-02 0.444E-02 0.514E-02 0.543E-02


 Contracted 2-electron integrals neglected if value below      1.0D-11
 AO integral compression algorithm  1   Integral accuracy      1.0D-11

     31.719 MB (compressed) written to integral file ( 55.4%)


 NUMBER OF SORTED TWO-ELECTRON INTEGRALS:    5791906.     BUFFER LENGTH:  32768
 NUMBER OF SEGMENTS:   1  SEGMENT LENGTH:    5791906      RECORD LENGTH: 524288

 Memory used in sort:       6.35 MW

 SORT1 READ     7174542. AND WROTE     5719487. INTEGRALS IN     17 RECORDS. CPU TIME:     0.04 SEC, REAL TIME:     0.06 SEC
 SORT2 READ     5719487. AND WROTE     5791906. INTEGRALS IN    121 RECORDS. CPU TIME:     0.10 SEC, REAL TIME:     0.12 SEC

 FILE SIZES:   FILE 1:    62.0 MBYTE,  FILE 4:    71.3 MBYTE,   TOTAL:    133.3 MBYTE

 OPERATOR DM      FOR CENTER  0  COORDINATES:    0.000000    0.000000    0.000000

 Program * Restricted Hartree-Fock

 Molecular orbitals read from record     2101.2  Type=RHF/CANONICAL (state 1.1)

 NELEC=   18   SYM=1   MS2= 0   THRE=1.0D-09   THRD=1.0D-06   THRG=1.0D-06  HFMA2=F  DIIS_START=2   DIIS_MAX=10   DIIS_INCORE=F

 Level shifts:    0.00 (CLOSED)    0.00 (OPEN)    0.30 (GAP_MIN)

 ITER           ETOT              DE          GRAD        DDIFF     DIIS  NEXP   TIME(IT)  TIME(TOT)  DIAG
   1     -115.05902968    -115.05902968     0.00D+00     0.99D-01     0     0       0.22      0.22    start
   2     -115.06057914      -0.00154946     0.13D-02     0.19D-02     1     0       0.10      0.32    diag
   3     -115.06071933      -0.00014019     0.33D-03     0.56D-03     2     0       0.11      0.43    diag
   4     -115.06072404      -0.00000470     0.49D-04     0.89D-04     3     0       0.10      0.53    diag
   5     -115.06072429      -0.00000026     0.14D-04     0.23D-04     4     0       0.11      0.64    diag
   6     -115.06072436      -0.00000006     0.61D-05     0.12D-04     5     0       0.11      0.75    diag
   7     -115.06072436      -0.00000001     0.19D-05     0.32D-05     6     0       0.10      0.85    diag
   8     -115.06072436      -0.00000000     0.52D-06     0.12D-05     7     0       0.11      0.96    fixocc
   9     -115.06072436      -0.00000000     0.15D-06     0.32D-06     8     0       0.11      1.07    diag
  10     -115.06072436      -0.00000000     0.30D-07     0.52D-07     0     0       0.11      1.18    diag/orth

 Final occupancy:   9

 !RHF STATE 1.1 Energy               -115.060724363198
  RHF One-electron energy            -236.116685852108
  RHF Two-electron energy              81.076130511220
  RHF Kinetic energy                  114.798089521294
  RHF Nuclear energy                   39.979830977690
  RHF Virial quotient                  -1.002287798020

 !RHF STATE 1.1 Dipole moment          -0.00011814     0.59168162    -0.40416152
 Dipole moment /Debye                  -0.00030027     1.50390466    -1.02727612

 Orbital energies:

           1.1          2.1          3.1          4.1          5.1          6.1          7.1          8.1          9.1         10.1
    -20.569493   -11.284963    -1.356674    -0.923340    -0.688008    -0.615988    -0.589637    -0.503390    -0.450719     0.034485

          11.1
      0.051670


 HOMO      9.1    -0.450719 =     -12.2647eV
 LUMO     10.1     0.034485 =       0.9384eV
 LUMO-HOMO         0.485204 =      13.2031eV

 Orbitals saved in record  2101.2


 **********************************************************************************************************************************
 DATASETS  * FILE   NREC   LENGTH (MB)   RECORD NAMES
              1      19       53.89       500      610      700      900      950      970     1000      129      960     1100   
                                          VAR    BASINP    GEOM    SYMINP    ZMAT    AOBASIS   BASIS     P2S    ABASIS      S 
                                         1400     1410     1200     1210     1080     1600     1650     1300     1700   
                                           T        V       H0       H01     AOSYM     SMH    MOLCAS    ERIS     OPER   

              2       8        1.26       700     1000      520     2100      200     2101     8500     9001   
                                         GEOM     BASIS   MCVARS     RHF    OPTIONS    RHF     CPHF    DEN_MP2    

 PROGRAMS   *        TOTAL    HF-SCF      CCSD    HF-SCF       INT      CCSD    HF-SCF      CCSD    HF-SCF      CCSD    HF-SCF
 CPU TIMES  *      1298.97      1.89     56.45      1.28      0.74    319.64      0.33     55.54      1.56     50.79      1.93
 REAL TIME  *       185.14 SEC
 DISK USED  *       201.58 MB
 **********************************************************************************************************************************


 PROGRAM * CCSD (Closed-shell coupled cluster)     Authors: C. Hampel, H.-J. Werner, 1991, M. Deegan, P.J. Knowles, 1992


 Convergence thresholds:  THRVAR = 1.00D-12  THRDEN = 1.00D-08

 Using ITF CCSD gradient implementation

 Number of core orbitals:           2 (   2 )
 Number of closed-shell orbitals:   7 (   7 )
 Number of external orbitals:      73 (  73 )

 Molecular orbitals read from record     2101.2  Type=RHF/CANONICAL (state 1.1)

 Integral transformation finished. Total CPU:   0.86 sec, npass=  1  Memory used:   2.72 MW
  Reference energy                   -115.060724363198

  MP2 correlation energy               -0.361152379320
  MP2 total energy                   -115.421876742517

 ITER.      SQ.NORM     CORR.ENERGY   TOTAL ENERGY   ENERGY CHANGE        DEN1      VAR(S)    VAR(P)  DIIS     TIME
   1      1.11728324    -0.38286058  -115.44358494    -0.02170820    -0.01150457  1.99e-03  1.98e-03  1  1     2.50
   2      1.12576118    -0.38440684  -115.44513121    -0.00154626    -0.00863904  2.80e-05  3.07e-04  2  2     4.77
   3      1.12890211    -0.38454946  -115.44527382    -0.00014261    -0.00210342  3.85e-06  3.45e-05  3  3     6.65
   4      1.13020893    -0.38456393  -115.44528830    -0.00001448    -0.00090991  5.35e-08  2.90e-06  4  4     8.66
   5      1.13047983    -0.38454441  -115.44526877     0.00001952    -0.00018732  3.57e-08  2.49e-07  5  5    10.89
   6      1.13053418    -0.38454395  -115.44526831     0.00000046    -0.00004033  3.76e-10  1.25e-08  6  0    12.73
   7      1.13054009    -0.38454313  -115.44526749     0.00000082    -0.00000559  3.51e-11  1.13e-09  6  1    14.51
   8      1.13054030    -0.38454303  -115.44526739     0.00000010    -0.00000050  3.12e-12  9.29e-11  6  2    16.44
   9      1.13054026    -0.38454302  -115.44526739     0.00000000     0.00000002  1.53e-13  8.27e-12  6  3    18.29
  10      1.13054029    -0.38454303  -115.44526739    -0.00000000    -0.00000001  1.09e-14  5.47e-13          19.99

 Norm of t1 vector:      0.05867604     S-energy:      0.00000000   T1 diagnostic:  0.01108873

 Time per iteration:                      2.00 sec

 RESULTS
 =======

  Reference energy                   -115.060724363198
  CCSD correlation energy              -0.384543025636
 !CCSD total energy                  -115.445267388833

 Starting CP-CCSD iterations.   Author: W. Gyorffy (2012)

 ITER.      NRM1           NRM2      VAR(S)+VAR(P)   DIIS    TIME
   1     0.00196957     0.37060740     6.24e-04      1  1    1.88
   2     0.00180082     0.36606308     5.63e-05      2  2    3.69
   3     0.00167021     0.36556334     6.68e-06      3  3    5.57
   4     0.00160010     0.36506128     1.15e-06      4  4    7.55
   5     0.00156582     0.36495041     9.72e-08      5  5    9.49
   6     0.00155419     0.36491761     9.94e-09      6  0   11.39
   7     0.00155120     0.36491503     1.06e-09      6  1   13.34
   8     0.00155052     0.36491452     1.47e-10      6  2   15.29
   9     0.00155044     0.36491448     2.20e-11      6  3   17.25
  10     0.00155040     0.36491442     2.65e-12      6  4   19.86
  11     0.00155041     0.36491439     2.78e-13             21.68


 Time per iteration:                      1.97 sec


 CPHF trial vector read from record  8500.2

 Starting Coupled-perturbed Hartree-Fock, convergence threshold= 1.0D-06

 ITER   MIC  DIIS      VAR         VARC       CPU
   1     0     1    0.86D-02    0.20D-03     0.06
   2     4     2    0.69D-05    0.39D-05     0.09
   3     2     3    0.21D-06    0.40D-07     0.13

 CPHF convergence reached in  3 macroiterations and    6 microiterations.   Accuracy: 2.1064D-07

 CPHF solution written to record  8500.2

 Dipole moments (unrelaxed):           -0.00086668     0.55079163    -0.36924739
 Orbital relaxation contribution:       0.00010197     0.00513320    -0.00401420
 !CCSD STATE 1.1 Dipole moment         -0.00076471     0.55592483    -0.37326159
 Dipole moment /Debye                  -0.00194370     1.41301997    -0.94873633

 CPU-time for coupled-perturbed hartree-fock:          0.15 sec

 Number of N-1 electron functions:               7
 Number of N-2 electron functions:              28
 Number of singly external CSFs:               511
 Number of doubly external CSFs:            130816
 Total number of CSFs:                      131328

 CCSD gradient info saved on record        55555.1




 **********************************************************************************************************************************
 DATASETS  * FILE   NREC   LENGTH (MB)   RECORD NAMES
              1      21       81.11       500      610      700      900      950      970     1000      129      960     1100   
                                          VAR    BASINP    GEOM    SYMINP    ZMAT    AOBASIS   BASIS     P2S    ABASIS      S 
                                         1400     1410     1200     1210     1080     1600     1650     1300     1700     1380   
                                           T        V       H0       H01     AOSYM     SMH    MOLCAS    ERIS     OPER     JKOP   
                                        55555   
                                         CCSD   

              2       8        1.26       700     1000      520     2100      200     2101     8500     9001   
                                         GEOM     BASIS   MCVARS     RHF    OPTIONS    RHF     CPHF    DEN_MP2    

 PROGRAMS   *        TOTAL      CCSD    HF-SCF      CCSD    HF-SCF       INT      CCSD    HF-SCF      CCSD    HF-SCF      CCSD
 CPU TIMES  *      1359.56     60.59      1.89     56.45      1.28      0.74    319.64      0.33     55.54      1.56     50.79
 REAL TIME  *       193.63 SEC
 DISK USED  *       201.58 MB
 **********************************************************************************************************************************

 Current geometry (xyz format, in Angstrom)


 Dump information in style XYZ to ch3oh_maxima_mp2_1.xyz                                                          

    6
 CCSD/AUG-CC-PVDZ  OPTSTEP=1  ENERGY=-115.44526739
 C          0.0002488373        0.0131591892       -0.7344248997
 O         -0.0000499296       -0.0642389634        0.6960202154
 H          0.0042365481        0.8339423853        1.0448630490
 H          0.9425115200        0.4406032905       -1.1227843835
 H         -0.0965946837       -1.0185778237       -1.1041059430
 H         -0.8523260744        0.6069107411       -1.1144669220

 **********************************************************************************************************************************

 PROGRESS OF GEOMETRY OPTIMIZATION.    TOTAL CPU:       128.2 SEC
   1  -115.44519387  -115.44526739    -0.00007352  0.00271947  0.00425691  0.00128351  0.03149534  0.04444679  0.00404062

 **********************************************************************************************************************************

 Current geometry (xyz format, in Angstrom)


 Dump information in style XYZ to ch3oh_maxima_mp2.xyz                                                            

    6
 CCSD/AUG-CC-PVDZ  ENERGY=-115.44526739
 C          0.0002488373        0.0131591892       -0.7344248997
 O         -0.0000499296       -0.0642389634        0.6960202154
 H          0.0042365481        0.8339423853        1.0448630490
 H          0.9425115200        0.4406032905       -1.1227843835
 H         -0.0965946837       -1.0185778237       -1.1041059430
 H         -0.8523260744        0.6069107411       -1.1144669220

 **********************************************************************************************************************************

 Current variables
 RCO=                 1.43253754 ANGSTROM
 ROH=                 0.96355562 ANGSTROM
 ACOH=              108.12820419 DEGREE
 RCH1=                1.10516538 ANGSTROM
 AOCH1=             111.83686400 DEGREE
 AHH1=               66.42420994 DEGREE
 RCH2=                1.10023816 ANGSTROM
 AOCH2=             106.54850365 DEGREE
 RCH3=                1.10628063 ANGSTROM
 AOCH3=             111.83077708 DEGREE
 AHH3=              303.59949599 DEGREE

 **********************************************************************************************************************************

 PROGRAM * ALASKA (Gradient of the energy)     Author: R. Lindh


 CCSD Gradient info restored from record   55555.1

 Number of core orbitals:           2 (   2 )
 Number of closed-shell orbitals:   7 (   7 )
 Number of external orbitals:      73 (  73 )

 Integral thresholds in T2TRAN:            1.0D-10 (PROD)

 Available memory for Transformation: 497831906 words
 Memory needed for incore algorithm:    2340415 words
 Minimum memory needed:                  847139 words

 Memory used for transformation:           3.30 MW
 Available memory for gradients:         496.53 MW

 CPU for transformation:                   4.38 sec
 CPU for integrals and gradient:           2.75 sec
 Total CPU:                                7.13 sec

 Prescreening statistics:
 ========================

 Total number of shell quadruplets:        5.56D+03
 Number of shell quadruplets processed:    5.56D+03 (100.00%)

 CCSD GRADIENT FOR STATE 1.1

 Atom          dE/dx               dE/dy               dE/dz

   1         0.000619009        -0.000049610        -0.000012706
   2         0.000383690        -0.000036733        -0.000044129
   3        -0.000405993         0.000027660        -0.000004880
   4        -0.000308410        -0.000332327         0.000047098
   5        -0.000004729        -0.000015664         0.000031524
   6        -0.000283568         0.000406674        -0.000016908

 Nuclear force contribution to virial =        -0.000008168
 Reading points 1 to 2 from record 700.2,  wavefunction type=CCSD            

 Making model hessian for Z-matrix coordinates
 BFGS update of hessian using  1 points

 Entering Rational Function Geometry Optimization

 Optimization point 2

 Variable                      Last           Current        Next           Gradient       Hessian

 E(CCSD) / Hartree        -115.44519387  -115.44526739  -115.44526901
 RCO / ANGSTROM              1.43252707     1.43253754     1.43257136    -0.00009154     2.15306186
 ROH / ANGSTROM              0.96355388     0.96355562     0.96353894     0.00004197     2.50112104
 ACOH / DEGREE             108.12878750   108.12820419   108.13429836    -0.00000044     0.00006965
 RCH1 / ANGSTROM             1.10569909     1.10516538     1.10557658    -0.00077107     1.66020287
 AOCH1 / DEGREE            111.83363769   111.83686400   111.81765442     0.00000341     0.00006605
 AHH1 / DEGREE              64.62941869    66.42420994    66.23172447     0.00000610     0.00004681
 RCH2 / ANGSTROM             1.10021475     1.10023816     1.10023092     0.00000853     1.67995034
 AOCH2 / DEGREE            106.54754766   106.54850365   106.56564053    -0.00000127     0.00007078
 RCH3 / ANGSTROM             1.10573108     1.10628063     1.10583159     0.00083641     1.65579803
 AOCH3 / DEGREE            111.85655378   111.83077708   111.86390860    -0.00000494     0.00006582
 AHH3 / DEGREE             301.79494584   303.59949599   303.41366075     0.00000604     0.00004740
 Convergence:                0.00000000  (line search)     0.00486650     0.00085539  (total)

 Geometry written to block  3 of record 700

 Running procedure: RUNCCSD


 Recomputing integrals since geometry changed


 PROGRAM * SEWARD (Integral evaluation for generally contracted gaussian basis sets)     Author: Roland Lindh, 1990

 Geometry written to block  3 of record 700

 Orientation using atomic masses  
 Molecule type: Asymmetric top
 Rotational constants:      23.5455847     24.3900047    125.7718707 GHz  (calculated with average atomic masses)

 Point group  C1  



 ATOMIC COORDINATES

 NR  ATOM    CHARGE       X              Y              Z

   1  C       6.00    0.000713090    0.024828049   -1.387869946
   2  O       8.00    0.000539830   -0.121387573    1.315346088
   3  H       1.00   -0.002080264    1.575859329    1.974700849
   4  H1      1.00    1.774671176    0.849993215   -2.120731574
   5  H2      1.00   -0.169971650   -1.925768083   -2.087043938
   6  H3      1.00   -1.619685642    1.130884290   -2.107503434

 Bond lengths in Bohr (Angstrom)

 1-2  2.707167517  1-4  2.089236944  1-5  2.079135114  1-6  2.089718837  2-3  1.820824707
     ( 1.432571356)     ( 1.105576579)     ( 1.100230921)     ( 1.105831586)     ( 0.963538940)

 Bond angles

  1-2-3  108.13429836   2-1-4  111.81765442   2-1-5  106.56564053   2-1-6  111.86390860

  4-1-5  108.80131170   4-1-6  109.18115531   5-1-6  108.48769272

 NUCLEAR CHARGE:                   18
 NUMBER OF PRIMITIVE AOS:         118
 NUMBER OF SYMMETRY AOS:          114
 NUMBER OF CONTRACTIONS:           82   (   82A   )
 NUMBER OF INNER CORE ORBITALS:     0   (    0A   )
 NUMBER OF OUTER CORE ORBITALS:     2   (    2A   )
 NUMBER OF VALENCE ORBITALS:       12   (   12A   )


 NUCLEAR REPULSION ENERGY   39.97911339

 Eigenvalues of metric

         1 0.678E-03 0.820E-03 0.837E-03 0.114E-02 0.255E-02 0.444E-02 0.514E-02 0.543E-02


 Contracted 2-electron integrals neglected if value below      1.0D-11
 AO integral compression algorithm  1   Integral accuracy      1.0D-11

     31.457 MB (compressed) written to integral file ( 55.1%)


 NUMBER OF SORTED TWO-ELECTRON INTEGRALS:    5791906.     BUFFER LENGTH:  32768
 NUMBER OF SEGMENTS:   1  SEGMENT LENGTH:    5791906      RECORD LENGTH: 524288

 Memory used in sort:       6.35 MW

 SORT1 READ     7174542. AND WROTE     5718202. INTEGRALS IN     17 RECORDS. CPU TIME:     0.05 SEC, REAL TIME:     0.07 SEC
 SORT2 READ     5718202. AND WROTE     5791906. INTEGRALS IN    120 RECORDS. CPU TIME:     0.10 SEC, REAL TIME:     0.12 SEC

 FILE SIZES:   FILE 1:    61.7 MBYTE,  FILE 4:    71.3 MBYTE,   TOTAL:    133.1 MBYTE

 OPERATOR DM      FOR CENTER  0  COORDINATES:    0.000000    0.000000    0.000000

 Program * Restricted Hartree-Fock

 Molecular orbitals read from record     2101.2  Type=RHF/CANONICAL (state 1.1)

 NELEC=   18   SYM=1   MS2= 0   THRE=1.0D-09   THRD=1.0D-07   THRG=1.0D-07  HFMA2=F  DIIS_START=2   DIIS_MAX=10   DIIS_INCORE=F

 Level shifts:    0.00 (CLOSED)    0.00 (OPEN)    0.30 (GAP_MIN)

 ITER           ETOT              DE          GRAD        DDIFF     DIIS  NEXP   TIME(IT)  TIME(TOT)  DIAG
   1     -115.06070068    -115.06070068     0.00D+00     0.99D-01     0     0       0.22      0.23    start
   2     -115.06072417      -0.00002348     0.16D-03     0.24D-03     1     0       0.09      0.32    diag
   3     -115.06072628      -0.00000211     0.40D-04     0.69D-04     2     0       0.10      0.42    diag
   4     -115.06072636      -0.00000007     0.61D-05     0.11D-04     3     0       0.12      0.54    diag
   5     -115.06072636      -0.00000000     0.14D-05     0.30D-05     4     0       0.11      0.65    diag
   6     -115.06072636      -0.00000000     0.61D-06     0.12D-05     5     0       0.11      0.76    diag
   7     -115.06072636      -0.00000000     0.20D-06     0.32D-06     6     0       0.11      0.87    diag
   8     -115.06072636      -0.00000000     0.59D-07     0.13D-06     7     0       0.13      1.00    fixocc
   9     -115.06072636      -0.00000000     0.16D-07     0.33D-07     8     0       0.11      1.11    diag
  10     -115.06072636      -0.00000000     0.34D-08     0.59D-08     0     0       0.11      1.22    diag/orth

 Final occupancy:   9

 !RHF STATE 1.1 Energy               -115.060726360635
  RHF One-electron energy            -236.115219592679
  RHF Two-electron energy              81.075379838187
  RHF Kinetic energy                  114.798025914008
  RHF Nuclear energy                   39.979113393858
  RHF Virial quotient                  -1.002288370767

 !RHF STATE 1.1 Dipole moment          -0.00432614     0.59169980    -0.40419339
 Dipole moment /Debye                  -0.01099595     1.50395087    -1.02735713

 Orbital energies:

           1.1          2.1          3.1          4.1          5.1          6.1          7.1          8.1          9.1         10.1
    -20.569502   -11.284963    -1.356666    -0.923357    -0.688008    -0.615997    -0.589626    -0.503368    -0.450743     0.034485

          11.1
      0.051670


 HOMO      9.1    -0.450743 =     -12.2653eV
 LUMO     10.1     0.034485 =       0.9384eV
 LUMO-HOMO         0.485227 =      13.2037eV

 Orbitals saved in record  2101.2


 **********************************************************************************************************************************
 DATASETS  * FILE   NREC   LENGTH (MB)   RECORD NAMES
              1      19       53.75       500      610      700      900      950      970     1000      129      960     1100   
                                          VAR    BASINP    GEOM    SYMINP    ZMAT    AOBASIS   BASIS     P2S    ABASIS      S 
                                         1400     1410     1200     1210     1080     1600     1650     1300     1700   
                                           T        V       H0       H01     AOSYM     SMH    MOLCAS    ERIS     OPER   

              2       8        1.26       700     1000      520     2100      200     2101     8500     9001   
                                         GEOM     BASIS   MCVARS     RHF    OPTIONS    RHF     CPHF    DEN_MP2    

 PROGRAMS   *        TOTAL    HF-SCF      CCSD    HF-SCF      CCSD    HF-SCF       INT      CCSD    HF-SCF      CCSD    HF-SCF
 CPU TIMES  *      1368.72      1.94     60.59      1.89     56.45      1.28      0.74    319.64      0.33     55.54      1.56
 REAL TIME  *       197.15 SEC
 DISK USED  *       201.58 MB
 **********************************************************************************************************************************


 PROGRAM * CCSD (Closed-shell coupled cluster)     Authors: C. Hampel, H.-J. Werner, 1991, M. Deegan, P.J. Knowles, 1992


 Convergence thresholds:  THRVAR = 1.00D-12  THRDEN = 1.00D-08

 Using ITF CCSD gradient implementation

 Number of core orbitals:           2 (   2 )
 Number of closed-shell orbitals:   7 (   7 )
 Number of external orbitals:      73 (  73 )

 Molecular orbitals read from record     2101.2  Type=RHF/CANONICAL (state 1.1)

 Integral transformation finished. Total CPU:   1.04 sec, npass=  1  Memory used:   2.72 MW
  Reference energy                   -115.060726360635

  MP2 correlation energy               -0.361152053985
  MP2 total energy                   -115.421878414620

 ITER.      SQ.NORM     CORR.ENERGY   TOTAL ENERGY   ENERGY CHANGE        DEN1      VAR(S)    VAR(P)  DIIS     TIME
   1      1.11728322    -0.38286028  -115.44358664    -0.02170822    -0.01150474  1.99e-03  1.98e-03  1  1     2.25
   2      1.12576104    -0.38440653  -115.44513289    -0.00154625    -0.00863892  2.80e-05  3.07e-04  2  2     4.07
   3      1.12890189    -0.38454914  -115.44527550    -0.00014261    -0.00210339  3.85e-06  3.45e-05  3  3     6.03
   4      1.13020866    -0.38456362  -115.44528998    -0.00001447    -0.00090989  5.35e-08  2.90e-06  4  4     8.33
   5      1.13047956    -0.38454409  -115.44527045     0.00001952    -0.00018732  3.57e-08  2.49e-07  5  5    10.23
   6      1.13053391    -0.38454363  -115.44526999     0.00000046    -0.00004032  3.76e-10  1.25e-08  6  0    12.34
   7      1.13053982    -0.38454282  -115.44526918     0.00000082    -0.00000559  3.51e-11  1.13e-09  6  1    14.40
   8      1.13054002    -0.38454271  -115.44526907     0.00000010    -0.00000050  3.12e-12  9.29e-11  6  2    16.49
   9      1.13053998    -0.38454271  -115.44526907     0.00000000     0.00000002  1.53e-13  8.27e-12  6  3    18.60
  10      1.13054001    -0.38454271  -115.44526907    -0.00000000    -0.00000001  1.09e-14  5.47e-13          20.71

 Norm of t1 vector:      0.05867534     S-energy:      0.00000000   T1 diagnostic:  0.01108860

 Time per iteration:                      2.07 sec

 RESULTS
 =======

  Reference energy                   -115.060726360635
  CCSD correlation energy              -0.384542710195
 !CCSD total energy                  -115.445269070830

 Starting CP-CCSD iterations.   Author: W. Gyorffy (2012)

 ITER.      NRM1           NRM2      VAR(S)+VAR(P)   DIIS    TIME
   1     0.00196954     0.37060910     6.24e-04      1  1    1.80
   2     0.00180079     0.36606491     5.63e-05      2  2    3.61
   3     0.00167018     0.36556516     6.68e-06      3  3    5.59
   4     0.00160007     0.36506311     1.15e-06      4  4    7.59
   5     0.00156579     0.36495225     9.72e-08      5  5    9.45
   6     0.00155417     0.36491945     9.94e-09      6  0   11.31
   7     0.00155117     0.36491687     1.06e-09      6  1   13.24
   8     0.00155050     0.36491636     1.47e-10      6  2   15.11
   9     0.00155041     0.36491632     2.20e-11      6  3   17.06
  10     0.00155038     0.36491626     2.65e-12      6  4   19.00
  11     0.00155039     0.36491623     2.76e-13             20.85


 Time per iteration:                      1.90 sec


 CPHF trial vector read from record  8500.2

 Starting Coupled-perturbed Hartree-Fock, convergence threshold= 1.0D-06

 ITER   MIC  DIIS      VAR         VARC       CPU
   1     0     1    0.11D-02    0.25D-04     0.06
   2     4     2    0.89D-06    0.52D-06     0.10

 CPHF convergence reached in  2 macroiterations and    4 microiterations.   Accuracy: 8.9386D-07

 CPHF solution written to record  8500.2

 Dipole moments (unrelaxed):           -0.00473704     0.55080200    -0.36927437
 Orbital relaxation contribution:       0.00006964     0.00513244    -0.00401326
 !CCSD STATE 1.1 Dipole moment         -0.00466740     0.55593444    -0.37328762
 Dipole moment /Debye                  -0.01186335     1.41304440    -0.94880250

 CPU-time for coupled-perturbed hartree-fock:          0.12 sec

 Number of N-1 electron functions:               7
 Number of N-2 electron functions:              28
 Number of singly external CSFs:               511
 Number of doubly external CSFs:            130816
 Total number of CSFs:                      131328

 CCSD gradient info saved on record        55555.1




 **********************************************************************************************************************************
 DATASETS  * FILE   NREC   LENGTH (MB)   RECORD NAMES
              1      21       80.97       500      610      700      900      950      970     1000      129      960     1100   
                                          VAR    BASINP    GEOM    SYMINP    ZMAT    AOBASIS   BASIS     P2S    ABASIS      S 
                                         1400     1410     1200     1210     1080     1600     1650     1300     1700     1380   
                                           T        V       H0       H01     AOSYM     SMH    MOLCAS    ERIS     OPER     JKOP   
                                        55555   
                                         CCSD   

              2       8        1.26       700     1000      520     2100      200     2101     8500     9001   
                                         GEOM     BASIS   MCVARS     RHF    OPTIONS    RHF     CPHF    DEN_MP2    

 PROGRAMS   *        TOTAL      CCSD    HF-SCF      CCSD    HF-SCF      CCSD    HF-SCF       INT      CCSD    HF-SCF      CCSD
 CPU TIMES  *      1426.76     58.03      1.94     60.59      1.89     56.45      1.28      0.74    319.64      0.33     55.54
 REAL TIME  *       205.42 SEC
 DISK USED  *       201.58 MB
 **********************************************************************************************************************************

 Current geometry (xyz format, in Angstrom)


 Dump information in style XYZ to ch3oh_maxima_mp2_2.xyz                                                          

    6
 CCSD/AUG-CC-PVDZ  OPTSTEP=2  ENERGY=-115.44526907
 C          0.0003773510        0.0131384377       -0.7344291470
 O          0.0002856660       -0.0642355374        0.6960511744
 H         -0.0011008283        0.8339088445        1.0449666878
 H          0.9391155434        0.4497970386       -1.1222428196
 H         -0.0899451238       -1.0190725831       -1.1044160900
 H         -0.8571007307        0.5984381945       -1.1152427889

 **********************************************************************************************************************************

 PROGRESS OF GEOMETRY OPTIMIZATION.    TOTAL CPU:       195.4 SEC
   1  -115.44519387  -115.44526739    -0.00007352  0.00271947  0.00425691  0.00128351  0.03149534  0.04444679  0.00404062
   2  -115.44526739  -115.44526907    -0.00000168  0.00044261  0.00085539  0.00025791  0.00335951  0.00486650  0.00044241

 **********************************************************************************************************************************

 Current geometry (xyz format, in Angstrom)


 Dump information in style XYZ to ch3oh_maxima_mp2.xyz                                                            

    6
 CCSD/AUG-CC-PVDZ  ENERGY=-115.44526907
 C          0.0003773510        0.0131384377       -0.7344291470
 O          0.0002856660       -0.0642355374        0.6960511744
 H         -0.0011008283        0.8339088445        1.0449666878
 H          0.9391155434        0.4497970386       -1.1222428196
 H         -0.0899451238       -1.0190725831       -1.1044160900
 H         -0.8571007307        0.5984381945       -1.1152427889

 **********************************************************************************************************************************

 Current variables
 RCO=                 1.43257136 ANGSTROM
 ROH=                 0.96353894 ANGSTROM
 ACOH=              108.13429836 DEGREE
 RCH1=                1.10557658 ANGSTROM
 AOCH1=             111.81765442 DEGREE
 AHH1=               66.23172447 DEGREE
 RCH2=                1.10023092 ANGSTROM
 AOCH2=             106.56564053 DEGREE
 RCH3=                1.10583159 ANGSTROM
 AOCH3=             111.86390860 DEGREE
 AHH3=              303.41366075 DEGREE

 **********************************************************************************************************************************

 PROGRAM * ALASKA (Gradient of the energy)     Author: R. Lindh


 CCSD Gradient info restored from record   55555.1

 Number of core orbitals:           2 (   2 )
 Number of closed-shell orbitals:   7 (   7 )
 Number of external orbitals:      73 (  73 )

 Integral thresholds in T2TRAN:            1.0D-10 (PROD)

 Available memory for Transformation: 497831906 words
 Memory needed for incore algorithm:    2340415 words
 Minimum memory needed:                  847139 words

 Memory used for transformation:           3.30 MW
 Available memory for gradients:         496.53 MW

 CPU for transformation:                   4.74 sec
 CPU for integrals and gradient:           2.87 sec
 Total CPU:                                7.61 sec

 Prescreening statistics:
 ========================

 Total number of shell quadruplets:        5.56D+03
 Number of shell quadruplets processed:    5.56D+03 (100.00%)

 CCSD GRADIENT FOR STATE 1.1

 Atom          dE/dx               dE/dy               dE/dz

   1         0.000477817        -0.000061397        -0.000000213
   2         0.000408164         0.000009201         0.000007168
   3        -0.000390635         0.000002918         0.000004839
   4        -0.000082577        -0.000032704         0.000038355
   5        -0.000340490         0.000029884        -0.000005768
   6        -0.000072279         0.000052097        -0.000044381

 Nuclear force contribution to virial =         0.000048805
 Reading points 1 to 3 from record 700.2,  wavefunction type=CCSD            

 Making model hessian for Z-matrix coordinates
 BFGS update of hessian using  2 points

 Entering Rational Function Geometry Optimization

 Optimization point 3

 Variable                      Last           Current        Next           Gradient       Hessian

 E(CCSD) / Hartree        -115.44526739  -115.44526907  -115.44526910
 RCO / ANGSTROM              1.43253754     1.43257136     1.43256250     0.00002142     2.15429727
 ROH / ANGSTROM              0.96355562     0.96353894     0.96353523     0.00000951     2.50101589
 ACOH / DEGREE             108.12820419   108.13429836   108.13275803     0.00000010     0.00006967
 RCH1 / ANGSTROM             1.10516538     1.10557658     1.10569618    -0.00018233     1.58594256
 AOCH1 / DEGREE            111.83686400   111.81765442   111.82217418    -0.00000017     0.00006654
 AHH1 / DEGREE              66.42420994    66.23172447    66.23320454    -0.00000018     0.00004794
 RCH2 / ANGSTROM             1.10023816     1.10023092     1.10022947     0.00000351     1.67995640
 AOCH2 / DEGREE            106.54850365   106.56564053   106.56118077     0.00000026     0.00007103
 RCH3 / ANGSTROM             1.10628063     1.10583159     1.10570861     0.00018690     1.57676846
 AOCH3 / DEGREE            111.83077708   111.86390860   111.85872717     0.00000040     0.00006743
 AHH3 / DEGREE             303.59949599   303.41366075   303.40968098     0.00000006     0.00004757
 Convergence:                0.00000000  (line search)     0.00036345     0.00014231  (total)

 Geometry written to block  4 of record 700

 Running procedure: RUNCCSD


 Recomputing integrals since geometry changed


 PROGRAM * SEWARD (Integral evaluation for generally contracted gaussian basis sets)     Author: Roland Lindh, 1990

 Geometry written to block  4 of record 700

 Orientation using atomic masses  
 Molecule type: Asymmetric top
 Rotational constants:      23.5461540     24.3904201    125.7699691 GHz  (calculated with average atomic masses)

 Point group  C1  



 ATOMIC COORDINATES

 NR  ATOM    CHARGE       X              Y              Z

   1  C       6.00    0.000672667    0.024840405   -1.387864775
   2  O       8.00    0.000587620   -0.121385580    1.315333944
   3  H       1.00   -0.002395653    1.575869141    1.974647647
   4  H1      1.00    1.774588555    0.850429454   -2.120995451
   5  H2      1.00   -0.169597209   -1.925842378   -2.086890031
   6  H3      1.00   -1.619938954    1.130333658   -2.107209103

 Bond lengths in Bohr (Angstrom)

 1-2  2.707150782  1-4  2.089462956  1-5  2.079132381  1-6  2.089486449  2-3  1.820817687
     ( 1.432562500)     ( 1.105696180)     ( 1.100229475)     ( 1.105708611)     ( 0.963535225)

 Bond angles

  1-2-3  108.13275803   2-1-4  111.82217418   2-1-5  106.56118077   2-1-6  111.85872717

  4-1-5  108.80028842   4-1-6  109.18571233   5-1-6  108.48905299

 NUCLEAR CHARGE:                   18
 NUMBER OF PRIMITIVE AOS:         118
 NUMBER OF SYMMETRY AOS:          114
 NUMBER OF CONTRACTIONS:           82   (   82A   )
 NUMBER OF INNER CORE ORBITALS:     0   (    0A   )
 NUMBER OF OUTER CORE ORBITALS:     2   (    2A   )
 NUMBER OF VALENCE ORBITALS:       12   (   12A   )


 NUCLEAR REPULSION ENERGY   39.97936918

 Eigenvalues of metric

         1 0.678E-03 0.820E-03 0.838E-03 0.114E-02 0.255E-02 0.444E-02 0.514E-02 0.543E-02


 Contracted 2-electron integrals neglected if value below      1.0D-11
 AO integral compression algorithm  1   Integral accuracy      1.0D-11

     31.457 MB (compressed) written to integral file ( 54.8%)


 NUMBER OF SORTED TWO-ELECTRON INTEGRALS:    5791906.     BUFFER LENGTH:  32768
 NUMBER OF SEGMENTS:   1  SEGMENT LENGTH:    5791906      RECORD LENGTH: 524288

 Memory used in sort:       6.35 MW

 SORT1 READ     7174542. AND WROTE     5717110. INTEGRALS IN     17 RECORDS. CPU TIME:     0.04 SEC, REAL TIME:     0.06 SEC
 SORT2 READ     5717110. AND WROTE     5791906. INTEGRALS IN    120 RECORDS. CPU TIME:     0.10 SEC, REAL TIME:     0.12 SEC

 FILE SIZES:   FILE 1:    61.7 MBYTE,  FILE 4:    71.3 MBYTE,   TOTAL:    133.1 MBYTE

 OPERATOR DM      FOR CENTER  0  COORDINATES:    0.000000    0.000000    0.000000

 Program * Restricted Hartree-Fock

 Molecular orbitals read from record     2101.2  Type=RHF/CANONICAL (state 1.1)

 NELEC=   18   SYM=1   MS2= 0   THRE=1.0D-09   THRD=1.0D-07   THRG=1.0D-07  HFMA2=F  DIIS_START=2   DIIS_MAX=10   DIIS_INCORE=F

 Level shifts:    0.00 (CLOSED)    0.00 (OPEN)    0.30 (GAP_MIN)

 ITER           ETOT              DE          GRAD        DDIFF     DIIS  NEXP   TIME(IT)  TIME(TOT)  DIAG
   1     -115.06072676    -115.06072676     0.00D+00     0.99D-01     0     0       0.17      0.17    start
   2     -115.06072679      -0.00000003     0.57D-05     0.15D-04     1     0       0.10      0.27    diag
   3     -115.06072679      -0.00000000     0.13D-05     0.28D-05     2     0       0.11      0.38    diag
   4     -115.06072679      -0.00000000     0.22D-06     0.53D-06     3     0       0.11      0.49    diag
   5     -115.06072679      -0.00000000     0.63D-07     0.13D-06     4     0       0.11      0.60    diag
   6     -115.06072679      -0.00000000     0.30D-07     0.47D-07     5     0       0.11      0.71    diag
   7     -115.06072679       0.00000000     0.91D-08     0.12D-07     0     0       0.11      0.82    diag

 Final occupancy:   9

 !RHF STATE 1.1 Energy               -115.060726790745
  RHF One-electron energy            -236.115721824546
  RHF Two-electron energy              81.075625851807
  RHF Kinetic energy                  114.798073986973
  RHF Nuclear energy                   39.979369181993
  RHF Virial quotient                  -1.002287954794

 !RHF STATE 1.1 Dipole moment          -0.00453986     0.59170125    -0.40418912
 Dipole moment /Debye                  -0.01153916     1.50395456    -1.02734626

 Orbital energies:

           1.1          2.1          3.1          4.1          5.1          6.1          7.1          8.1          9.1         10.1
    -20.569501   -11.284960    -1.356670    -0.923356    -0.688011    -0.616002    -0.589623    -0.503369    -0.450743     0.034485

          11.1
      0.051671


 HOMO      9.1    -0.450743 =     -12.2654eV
 LUMO     10.1     0.034485 =       0.9384eV
 LUMO-HOMO         0.485228 =      13.2037eV

 Orbitals saved in record  2101.2


 **********************************************************************************************************************************
 DATASETS  * FILE   NREC   LENGTH (MB)   RECORD NAMES
              1      19       53.69       500      610      700      900      950      970     1000      129      960     1100   
                                          VAR    BASINP    GEOM    SYMINP    ZMAT    AOBASIS   BASIS     P2S    ABASIS      S 
                                         1400     1410     1200     1210     1080     1600     1650     1300     1700   
                                           T        V       H0       H01     AOSYM     SMH    MOLCAS    ERIS     OPER   

              2       8        1.26       700     1000      520     2100      200     2101     8500     9001   
                                         GEOM     BASIS   MCVARS     RHF    OPTIONS    RHF     CPHF    DEN_MP2    

 PROGRAMS   *        TOTAL    HF-SCF      CCSD    HF-SCF      CCSD    HF-SCF      CCSD    HF-SCF       INT      CCSD    HF-SCF
 CPU TIMES  *      1436.03      1.56     58.03      1.94     60.59      1.89     56.45      1.28      0.74    319.64      0.33
 REAL TIME  *       208.88 SEC
 DISK USED  *       201.58 MB
 **********************************************************************************************************************************


 PROGRAM * CCSD (Closed-shell coupled cluster)     Authors: C. Hampel, H.-J. Werner, 1991, M. Deegan, P.J. Knowles, 1992


 Convergence thresholds:  THRVAR = 1.00D-12  THRDEN = 1.00D-08

 Using ITF CCSD gradient implementation

 Number of core orbitals:           2 (   2 )
 Number of closed-shell orbitals:   7 (   7 )
 Number of external orbitals:      73 (  73 )

 Molecular orbitals read from record     2101.2  Type=RHF/CANONICAL (state 1.1)

 Integral transformation finished. Total CPU:   1.35 sec, npass=  1  Memory used:   2.72 MW
  Reference energy                   -115.060726790745

  MP2 correlation energy               -0.361151707792
  MP2 total energy                   -115.421878498537

 ITER.      SQ.NORM     CORR.ENERGY   TOTAL ENERGY   ENERGY CHANGE        DEN1      VAR(S)    VAR(P)  DIIS     TIME
   1      1.11728271    -0.38285990  -115.44358669    -0.02170819    -0.01150475  1.99e-03  1.98e-03  1  1     1.67
   2      1.12576046    -0.38440613  -115.44513292    -0.00154624    -0.00863888  2.80e-05  3.07e-04  2  2     3.68
   3      1.12890127    -0.38454874  -115.44527553    -0.00014261    -0.00210337  3.85e-06  3.45e-05  3  3     5.92
   4      1.13020802    -0.38456322  -115.44529001    -0.00001447    -0.00090988  5.35e-08  2.90e-06  4  4     7.78
   5      1.13047891    -0.38454369  -115.44527048     0.00001952    -0.00018731  3.57e-08  2.49e-07  5  5     9.49
   6      1.13053325    -0.38454323  -115.44527002     0.00000046    -0.00004032  3.76e-10  1.25e-08  6  0    11.52
   7      1.13053917    -0.38454242  -115.44526921     0.00000082    -0.00000559  3.51e-11  1.13e-09  6  1    13.13
   8      1.13053937    -0.38454231  -115.44526910     0.00000010    -0.00000050  3.12e-12  9.29e-11  6  2    14.98
   9      1.13053933    -0.38454231  -115.44526910     0.00000000     0.00000002  1.53e-13  8.27e-12  6  3    16.74
  10      1.13053936    -0.38454231  -115.44526910    -0.00000000    -0.00000001  1.09e-14  5.47e-13          18.53

 Norm of t1 vector:      0.05867505     S-energy:     -0.00000000   T1 diagnostic:  0.01108854

 Time per iteration:                      1.85 sec

 RESULTS
 =======

  Reference energy                   -115.060726790745
  CCSD correlation energy              -0.384542310128
 !CCSD total energy                  -115.445269100872

 Starting CP-CCSD iterations.   Author: W. Gyorffy (2012)

 ITER.      NRM1           NRM2      VAR(S)+VAR(P)   DIIS    TIME
   1     0.00196952     0.37060787     6.24e-04      1  1    1.96
   2     0.00180077     0.36606372     5.63e-05      2  2    3.83
   3     0.00167016     0.36556397     6.68e-06      3  3    5.79
   4     0.00160006     0.36506193     1.15e-06      4  4    7.69
   5     0.00156577     0.36495107     9.72e-08      5  5    9.55
   6     0.00155415     0.36491827     9.94e-09      6  0   11.43
   7     0.00155116     0.36491568     1.06e-09      6  1   13.34
   8     0.00155048     0.36491518     1.47e-10      6  2   15.24
   9     0.00155040     0.36491514     2.20e-11      6  3   17.04
  10     0.00155037     0.36491507     2.64e-12      6  4   18.90
  11     0.00155037     0.36491505     2.76e-13             20.82


 Time per iteration:                      1.89 sec


 CPHF trial vector read from record  8500.2

 Starting Coupled-perturbed Hartree-Fock, convergence threshold= 1.0D-06

 ITER   MIC  DIIS      VAR         VARC       CPU
   1     0     1    0.35D-04    0.17D-05     0.06
   2     2     2    0.18D-06    0.29D-07     0.09

 CPHF convergence reached in  2 macroiterations and    2 microiterations.   Accuracy: 1.7722D-07

 CPHF solution written to record  8500.2

 Dipole moments (unrelaxed):           -0.00493353     0.55080182    -0.36927008
 Orbital relaxation contribution:       0.00006819     0.00513296    -0.00401350
 !CCSD STATE 1.1 Dipole moment         -0.00486534     0.55593477    -0.37328358
 Dipole moment /Debye                  -0.01236646     1.41304525    -0.94879223

 CPU-time for coupled-perturbed hartree-fock:          0.29 sec

 Number of N-1 electron functions:               7
 Number of N-2 electron functions:              28
 Number of singly external CSFs:               511
 Number of doubly external CSFs:            130816
 Total number of CSFs:                      131328

 CCSD gradient info saved on record        55555.1




 **********************************************************************************************************************************
 DATASETS  * FILE   NREC   LENGTH (MB)   RECORD NAMES
              1      21       80.91       500      610      700      900      950      970     1000      129      960     1100   
                                          VAR    BASINP    GEOM    SYMINP    ZMAT    AOBASIS   BASIS     P2S    ABASIS      S 
                                         1400     1410     1200     1210     1080     1600     1650     1300     1700     1380   
                                           T        V       H0       H01     AOSYM     SMH    MOLCAS    ERIS     OPER     JKOP   
                                        55555   
                                         CCSD   

              2       8        1.26       700     1000      520     2100      200     2101     8500     9001   
                                         GEOM     BASIS   MCVARS     RHF    OPTIONS    RHF     CPHF    DEN_MP2    

 PROGRAMS   *        TOTAL      CCSD    HF-SCF      CCSD    HF-SCF      CCSD    HF-SCF      CCSD    HF-SCF       INT      CCSD
 CPU TIMES  *      1491.25     55.22      1.56     58.03      1.94     60.59      1.89     56.45      1.28      0.74    319.64
 REAL TIME  *       216.82 SEC
 DISK USED  *       201.58 MB
 **********************************************************************************************************************************

 Current geometry (xyz format, in Angstrom)


 Dump information in style XYZ to ch3oh_maxima_mp2_3.xyz                                                          

    6
 CCSD/AUG-CC-PVDZ  OPTSTEP=3  ENERGY=-115.44526910
 C          0.0003559600        0.0131449760       -0.7344264107
 O          0.0003109549       -0.0642344826        0.6960447477
 H         -0.0012677249        0.8339140370        1.0449385345
 H          0.9390718223        0.4500278865       -1.1223824573
 H         -0.0897469779       -1.0191118984       -1.1043346459
 H         -0.8572347774        0.5981468124       -1.1150870357

 **********************************************************************************************************************************

 PROGRESS OF GEOMETRY OPTIMIZATION.    TOTAL CPU:       259.9 SEC
   1  -115.44519387  -115.44526739    -0.00007352  0.00271947  0.00425691  0.00128351  0.03149534  0.04444679  0.00404062
   2  -115.44526739  -115.44526907    -0.00000168  0.00044261  0.00085539  0.00025791  0.00335951  0.00486650  0.00044241
   3  -115.44526907  -115.44526910    -0.00000003  0.00009890  0.00014231  0.00004291  0.00023239  0.00036345  0.00003304

 **********************************************************************************************************************************

 Current geometry (xyz format, in Angstrom)


 Dump information in style XYZ to ch3oh_maxima_mp2.xyz                                                            

    6
 CCSD/AUG-CC-PVDZ  ENERGY=-115.44526910
 C          0.0003559600        0.0131449760       -0.7344264107
 O          0.0003109549       -0.0642344826        0.6960447477
 H         -0.0012677249        0.8339140370        1.0449385345
 H          0.9390718223        0.4500278865       -1.1223824573
 H         -0.0897469779       -1.0191118984       -1.1043346459
 H         -0.8572347774        0.5981468124       -1.1150870357

 **********************************************************************************************************************************

 Current variables
 RCO=                 1.43256250 ANGSTROM
 ROH=                 0.96353523 ANGSTROM
 ACOH=              108.13275803 DEGREE
 RCH1=                1.10569618 ANGSTROM
 AOCH1=             111.82217418 DEGREE
 AHH1=               66.23320454 DEGREE
 RCH2=                1.10022947 ANGSTROM
 AOCH2=             106.56118077 DEGREE
 RCH3=                1.10570861 ANGSTROM
 AOCH3=             111.85872717 DEGREE
 AHH3=              303.40968098 DEGREE

 **********************************************************************************************************************************

 Recomputing wavefunction for reoriented structure

 Running procedure: RUNCCSD


 Program * Restricted Hartree-Fock

 Molecular orbitals read from record     2101.2  Type=RHF/CANONICAL (state 1.1)

 NELEC=   18   SYM=1   MS2= 0   THRE=1.0D-10   THRD=1.0D-07   THRG=1.0D-07  HFMA2=F  DIIS_START=2   DIIS_MAX=10   DIIS_INCORE=F

 Level shifts:    0.00 (CLOSED)    0.00 (OPEN)    0.30 (GAP_MIN)

 ITER           ETOT              DE          GRAD        DDIFF     DIIS  NEXP   TIME(IT)  TIME(TOT)  DIAG
   1     -115.06072679    -115.06072679     0.00D+00     0.99D-01     0     0       0.16      0.17    start
   2     -115.06072679       0.00000000     0.50D-08     0.67D-08     1     0       0.11      0.28    diag

 Final occupancy:   9

 !RHF STATE 1.1 Energy               -115.060726790745
  RHF One-electron energy            -236.115721103688
  RHF Two-electron energy              81.075625130950
  RHF Kinetic energy                  114.798073315621
  RHF Nuclear energy                   39.979369181993
  RHF Virial quotient                  -1.002287960656

 !RHF STATE 1.1 Dipole moment          -0.00453983     0.59170116    -0.40418901
 Dipole moment /Debye                  -0.01153910     1.50395435    -1.02734600

 Orbital energies:

           1.1          2.1          3.1          4.1          5.1          6.1          7.1          8.1          9.1         10.1
    -20.569501   -11.284960    -1.356670    -0.923356    -0.688011    -0.616002    -0.589623    -0.503369    -0.450743     0.034485

          11.1
      0.051671


 HOMO      9.1    -0.450743 =     -12.2653eV
 LUMO     10.1     0.034485 =       0.9384eV
 LUMO-HOMO         0.485228 =      13.2037eV

 Orbitals saved in record  2101.2


 **********************************************************************************************************************************
 DATASETS  * FILE   NREC   LENGTH (MB)   RECORD NAMES
              1      21       80.91       500      610      700      900      950      970     1000      129      960     1100   
                                          VAR    BASINP    GEOM    SYMINP    ZMAT    AOBASIS   BASIS     P2S    ABASIS      S 
                                         1400     1410     1200     1210     1080     1600     1650     1300     1700     1380   
                                           T        V       H0       H01     AOSYM     SMH    MOLCAS    ERIS     OPER     JKOP   
                                        55555   
                                         CCSD   

              2       8        1.26       700     1000      520     2100      200     2101     8500     9001   
                                         GEOM     BASIS   MCVARS     RHF    OPTIONS    RHF     CPHF    DEN_MP2    

 PROGRAMS   *        TOTAL    HF-SCF      CCSD    HF-SCF      CCSD    HF-SCF      CCSD    HF-SCF      CCSD    HF-SCF       INT
 CPU TIMES  *      1491.55      0.30     55.22      1.56     58.03      1.94     60.59      1.89     56.45      1.28      0.74
 REAL TIME  *       216.93 SEC
 DISK USED  *       201.58 MB
 **********************************************************************************************************************************


 PROGRAM * CCSD (Closed-shell coupled cluster)     Authors: C. Hampel, H.-J. Werner, 1991, M. Deegan, P.J. Knowles, 1992


 Convergence thresholds:  THRVAR = 1.00D-12  THRDEN = 1.00D-08

 Number of core orbitals:           2 (   2 )
 Number of closed-shell orbitals:   7 (   7 )
 Number of external orbitals:      73 (  73 )

 Molecular orbitals read from record     2101.2  Type=RHF/CANONICAL (state 1.1)

 Number of N-1 electron functions:               7
 Number of N-2 electron functions:              28
 Number of singly external CSFs:               511
 Number of doubly external CSFs:            130816
 Total number of CSFs:                      131328

 Length of J-op  integral file:               0.00 MB
 Length of K-op  integral file:               0.49 MB
 Length of 3-ext integral record:             0.00 MB

 Integral transformation finished. Total CPU:   0.81 sec, npass=  1  Memory used:   2.72 MW

 Reference energy:                   -115.06072679

 MP2 singlet pair energy:              -0.23197737
 MP2 triplet pair energy:              -0.12917433
 MP2 correlation energy:               -0.36115170
 MP2 total energy:                   -115.42187849

 SCS-MP2 correlation energy:           -0.35874798   (PS=  1.200000  PT=  0.333333)
 SCS-MP2 total energy:               -115.41947477

 ITER.      SQ.NORM     CORR.ENERGY   TOTAL ENERGY   ENERGY CHANGE        DEN1      VAR(S)    VAR(P)  DIIS     TIME  TIME/IT
   1      1.11712843    -0.38276487  -115.44349166    -0.02161317    -0.01151592  0.18D-02  0.20D-02  1  1    32.21     2.35
   2      1.12675990    -0.38439651  -115.44512330    -0.00163164    -0.00987594  0.30D-04  0.26D-03  2  2    56.77     2.23
   3      1.12951066    -0.38458836  -115.44531515    -0.00019185    -0.00157652  0.23D-04  0.12D-04  3  3    85.10     2.29
   4      1.13031075    -0.38454849  -115.44527528     0.00003987    -0.00035525  0.11D-05  0.11D-05  4  4   110.22     2.26
   5      1.13049118    -0.38454587  -115.44527267     0.00000262    -0.00005905  0.17D-06  0.10D-06  5  5   135.90     2.25
   6      1.13052783    -0.38454376  -115.44527055     0.00000212    -0.00000724  0.31D-07  0.93D-08  6  6   160.62     2.23
   7      1.13053578    -0.38454237  -115.44526916     0.00000139    -0.00000082  0.41D-08  0.14D-08  6  1   186.23     2.23
   8      1.13053878    -0.38454234  -115.44526913     0.00000003    -0.00000029  0.56D-09  0.21D-09  6  2   212.60     2.24
   9      1.13053915    -0.38454231  -115.44526910     0.00000003     0.00000042  0.70D-10  0.28D-10  6  4   238.67     2.24
  10      1.13053951    -0.38454229  -115.44526908     0.00000002    -0.00000005  0.70D-11  0.32D-11  6  3   264.13     2.24
  11      1.13053946    -0.38454230  -115.44526909    -0.00000001     0.00000003  0.12D-11  0.42D-12  6  5   293.43     2.26
  12      1.13053941    -0.38454230  -115.44526910    -0.00000000     0.00000002  0.17D-12  0.76D-13  6  6   326.35     2.31
  13      1.13053937    -0.38454231  -115.44526910    -0.00000000     0.00000002  0.13D-13  0.11D-13  6  2   356.26     2.33

 Norm of t1 vector:      0.05867506      S-energy:     0.00000000      T1 diagnostic:  0.01108854
                                                                       D1 diagnostic:  0.02808633
                                                                       D2 diagnostic:  0.13812767 (internal)


 RESULTS
 =======

  Reference energy                   -115.060726790745
  CCSD singlet pair energy             -0.267754907853
  CCSD triplet pair energy             -0.116787404126
  CCSD correlation energy              -0.384542309016

 !CCSD total energy                  -115.445269099761

 Timing summary (sec):

 STEP                 CPU(USER)    SYS     CPU(TOT)    WALL
 Transformation          4.56      0.05      4.61      0.45
 CCSD iterations       353.40      3.27    356.67     30.43

 Program statistics:

 Available memory in ccsd:               499998886
 Min. memory needed in ccsd:                438437
 Max. memory used in ccsd:                  541092
 Max. memory used in cckext:                449501 (13 integral passes)



 **********************************************************************************************************************************
 DATASETS  * FILE   NREC   LENGTH (MB)   RECORD NAMES
              1      21       80.91       500      610      700      900      950      970     1000      129      960     1100   
                                          VAR    BASINP    GEOM    SYMINP    ZMAT    AOBASIS   BASIS     P2S    ABASIS      S 
                                         1400     1410     1200     1210     1080     1600     1650     1300     1700     1380   
                                           T        V       H0       H01     AOSYM     SMH    MOLCAS    ERIS     OPER     JKOP   
                                        55555   
                                         CCSD   

              2       8        1.26       700     1000      520     2100      200     2101     8500     9001   
                                         GEOM     BASIS   MCVARS     RHF    OPTIONS    RHF     CPHF    DEN_MP2    

 PROGRAMS   *        TOTAL      CCSD    HF-SCF      CCSD    HF-SCF      CCSD    HF-SCF      CCSD    HF-SCF      CCSD    HF-SCF
 CPU TIMES  *      1849.57    358.01      0.30     55.22      1.56     58.03      1.94     60.59      1.89     56.45      1.28
 REAL TIME  *       247.85 SEC
 DISK USED  *       201.58 MB
 **********************************************************************************************************************************

 PROGRAM * ALASKA (Gradient of the energy)     Author: R. Lindh


 CCSD Gradient info restored from record   55555.1

 Number of core orbitals:           2 (   2 )
 Number of closed-shell orbitals:   7 (   7 )
 Number of external orbitals:      73 (  73 )

 Integral thresholds in T2TRAN:            1.0D-10 (PROD)

 Available memory for Transformation: 497831906 words
 Memory needed for incore algorithm:    2340415 words
 Minimum memory needed:                  847139 words

 Memory used for transformation:           3.30 MW
 Available memory for gradients:         496.53 MW

 CPU for transformation:                   4.53 sec
 CPU for integrals and gradient:           2.90 sec
 Total CPU:                                7.43 sec

 Prescreening statistics:
 ========================

 Total number of shell quadruplets:        5.56D+03
 Number of shell quadruplets processed:    5.56D+03 (100.00%)

 CCSD GRADIENT FOR STATE 1.1

 Atom          dE/dx               dE/dy               dE/dz

   1         0.003305489        -0.000188512        -0.000028211
   2         0.000279672         0.000007898        -0.000013832
   3        -0.000406358        -0.000013873        -0.000005378
   4        -0.000005937         0.001490551         0.000475177
   5        -0.003032763         0.000231124         0.000049881
   6        -0.000140104        -0.001527189        -0.000477637

 Nuclear force contribution to virial =        -0.000115973
 Reading points 1 to 1 from record 700.2,  wavefunction type=CCSD            

 Making model hessian for Z-matrix coordinates
 No hessian update for point  1

 Entering Rational Function Geometry Optimization

 Optimization point 1

 Variable                      Last           Current        Next           Gradient       Hessian

 E(CCSD) / Hartree           0.00000000  -115.44517096  -115.44525611
 RCO / ANGSTROM              0.00000000     1.43256250     1.43257761    -0.00003571     2.15279523
 ROH / ANGSTROM              0.00000000     0.96353523     0.96353729     0.00000400     2.50115559
 ACOH / DEGREE               0.00000000   108.13275803   108.13201063    -0.00000018     0.00006962
 RCH1 / ANGSTROM             0.00000000     1.10569618     1.10516147     0.00089004     1.64777820
 AOCH1 / DEGREE              0.00000000   111.82217418   111.82359425    -0.00002236     0.00006540
 AHH1 / DEGREE               0.00000000    66.23320454    68.02699756    -0.00004604     0.00004506
 RCH2 / ANGSTROM             0.00000000     1.10022947     1.10025417    -0.00004481     1.67996673
 AOCH2 / DEGREE              0.00000000   106.56118077   106.56769569    -0.00000112     0.00006990
 RCH3 / ANGSTROM             0.00000000     1.10570861     1.10625656    -0.00090755     1.64768534
 AOCH3 / DEGREE              0.00000000   111.85872717   111.83148757     0.00002254     0.00006431
 AHH3 / DEGREE               0.00000000   303.40968098   305.21583092    -0.00004748     0.00004572
 Convergence:                0.00000000  (line search)     0.04445467     0.00425744  (total)

 Geometry written to block  2 of record 700

 Running procedure: RUNCCSD


 Recomputing integrals since geometry changed


 PROGRAM * SEWARD (Integral evaluation for generally contracted gaussian basis sets)     Author: Roland Lindh, 1990

 Geometry written to block  2 of record 700

 Orientation using atomic masses  
 Molecule type: Asymmetric top
 Rotational constants:      23.5454738     24.3917366    125.7589626 GHz  (calculated with average atomic masses)

 Point group  C1  



 ATOMIC COORDINATES

 NR  ATOM    CHARGE       X              Y              Z

   1  C       6.00    0.000682210    0.024828215   -1.387900116
   2  O       8.00    0.000099997   -0.121431326    1.315325317
   3  H       1.00    0.007183165    1.575815291    1.974639349
   4  H1      1.00    1.801800708    0.783643734   -2.123974171
   5  H2      1.00   -0.238786796   -1.918651949   -2.086845712
   6  H3      1.00   -1.579913840    1.190854195   -2.103708336

 Bond lengths in Bohr (Angstrom)

 1-2  2.707179332  1-4  2.088452501  1-5  2.079179045  1-6  2.090521913  2-3  1.820821584
     ( 1.432577608)     ( 1.105161469)     ( 1.100254168)     ( 1.106256555)     ( 0.963537287)

 Bond angles

  1-2-3  108.13201063   2-1-4  111.82359425   2-1-5  106.56769569   2-1-6  111.83148757

  4-1-5  108.69153261   4-1-6  109.19078839   5-1-6  108.61328062

 NUCLEAR CHARGE:                   18
 NUMBER OF PRIMITIVE AOS:         118
 NUMBER OF SYMMETRY AOS:          114
 NUMBER OF CONTRACTIONS:           82   (   82A   )
 NUMBER OF INNER CORE ORBITALS:     0   (    0A   )
 NUMBER OF OUTER CORE ORBITALS:     2   (    2A   )
 NUMBER OF VALENCE ORBITALS:       12   (   12A   )


 NUCLEAR REPULSION ENERGY   39.97924911

 Eigenvalues of metric

         1 0.677E-03 0.817E-03 0.839E-03 0.115E-02 0.255E-02 0.443E-02 0.514E-02 0.544E-02


 Contracted 2-electron integrals neglected if value below      1.0D-11
 AO integral compression algorithm  1   Integral accuracy      1.0D-11

     31.719 MB (compressed) written to integral file ( 55.4%)


 NUMBER OF SORTED TWO-ELECTRON INTEGRALS:    5791906.     BUFFER LENGTH:  32768
 NUMBER OF SEGMENTS:   1  SEGMENT LENGTH:    5791906      RECORD LENGTH: 524288

 Memory used in sort:       6.35 MW

 SORT1 READ     7174542. AND WROTE     5719496. INTEGRALS IN     17 RECORDS. CPU TIME:     0.04 SEC, REAL TIME:     0.07 SEC
 SORT2 READ     5719496. AND WROTE     5791906. INTEGRALS IN    121 RECORDS. CPU TIME:     0.10 SEC, REAL TIME:     0.11 SEC

 FILE SIZES:   FILE 1:    62.0 MBYTE,  FILE 4:    71.3 MBYTE,   TOTAL:    133.3 MBYTE

 OPERATOR DM      FOR CENTER  0  COORDINATES:    0.000000    0.000000    0.000000

 Program * Restricted Hartree-Fock

 Molecular orbitals read from record     2101.2  Type=RHF/CANONICAL (state 1.1)

 NELEC=   18   SYM=1   MS2= 0   THRE=1.0D-09   THRD=1.0D-06   THRG=1.0D-06  HFMA2=F  DIIS_START=2   DIIS_MAX=10   DIIS_INCORE=F

 Level shifts:    0.00 (CLOSED)    0.00 (OPEN)    0.30 (GAP_MIN)

 ITER           ETOT              DE          GRAD        DDIFF     DIIS  NEXP   TIME(IT)  TIME(TOT)  DIAG
   1     -115.05901905    -115.05901905     0.00D+00     0.99D-01     0     0       0.18      0.18    start
   2     -115.06055661      -0.00153756     0.13D-02     0.19D-02     1     0       0.10      0.28    diag
   3     -115.06069570      -0.00013909     0.32D-03     0.55D-03     2     0       0.10      0.38    diag
   4     -115.06070036      -0.00000467     0.49D-04     0.89D-04     3     0       0.10      0.48    diag
   5     -115.06070062      -0.00000025     0.13D-04     0.23D-04     4     0       0.13      0.61    diag
   6     -115.06070068      -0.00000006     0.59D-05     0.12D-04     5     0       0.12      0.73    diag
   7     -115.06070068      -0.00000001     0.19D-05     0.31D-05     6     0       0.12      0.85    diag
   8     -115.06070068      -0.00000000     0.54D-06     0.12D-05     7     0       0.12      0.97    fixocc
   9     -115.06070068      -0.00000000     0.15D-06     0.34D-06     8     0       0.12      1.09    diag
  10     -115.06070068      -0.00000000     0.30D-07     0.51D-07     0     0       0.11      1.20    diag/orth

 Final occupancy:   9

 !RHF STATE 1.1 Energy               -115.060700684695
  RHF One-electron energy            -236.115579809905
  RHF Two-electron energy              81.075630019795
  RHF Kinetic energy                  114.798068742072
  RHF Nuclear energy                   39.979249105415
  RHF Virial quotient                  -1.002287773179

 !RHF STATE 1.1 Dipole moment          -0.00160860     0.59201300    -0.40420800
 Dipole moment /Debye                  -0.00408864     1.50474694    -1.02739425

 Orbital energies:

           1.1          2.1          3.1          4.1          5.1          6.1          7.1          8.1          9.1         10.1
    -20.569475   -11.284968    -1.356656    -0.923343    -0.688007    -0.615985    -0.589650    -0.503370    -0.450706     0.034479

          11.1
      0.051677


 HOMO      9.1    -0.450706 =     -12.2643eV
 LUMO     10.1     0.034479 =       0.9382eV
 LUMO-HOMO         0.485185 =      13.2026eV

 Orbitals saved in record  2101.2


 **********************************************************************************************************************************
 DATASETS  * FILE   NREC   LENGTH (MB)   RECORD NAMES
              1      19       53.89       500      610      700      900      950      970     1000      129      960     1100   
                                          VAR    BASINP    GEOM    SYMINP    ZMAT    AOBASIS   BASIS     P2S    ABASIS      S 
                                         1400     1410     1200     1210     1080     1600     1650     1300     1700   
                                           T        V       H0       H01     AOSYM     SMH    MOLCAS    ERIS     OPER   

              2       8        1.26       700     1000      520     2100      200     2101     8500     9001   
                                         GEOM     BASIS   MCVARS     RHF    OPTIONS    RHF     CPHF    DEN_MP2    

 PROGRAMS   *        TOTAL    HF-SCF      CCSD    HF-SCF       INT      CCSD    HF-SCF      CCSD    HF-SCF      CCSD    HF-SCF
 CPU TIMES  *      1913.71      1.92     52.65      1.29      0.74    358.01      0.30     55.22      1.56     58.03      1.94
 REAL TIME  *       260.26 SEC
 DISK USED  *       201.58 MB
 **********************************************************************************************************************************


 PROGRAM * CCSD (Closed-shell coupled cluster)     Authors: C. Hampel, H.-J. Werner, 1991, M. Deegan, P.J. Knowles, 1992


 Convergence thresholds:  THRVAR = 1.00D-12  THRDEN = 1.00D-08

 Using ITF CCSD gradient implementation

 Number of core orbitals:           2 (   2 )
 Number of closed-shell orbitals:   7 (   7 )
 Number of external orbitals:      73 (  73 )

 Molecular orbitals read from record     2101.2  Type=RHF/CANONICAL (state 1.1)

 Integral transformation finished. Total CPU:   0.88 sec, npass=  1  Memory used:   2.72 MW
  Reference energy                   -115.060700684695

  MP2 correlation energy               -0.361152717843
  MP2 total energy                   -115.421853402538

 ITER.      SQ.NORM     CORR.ENERGY   TOTAL ENERGY   ENERGY CHANGE        DEN1      VAR(S)    VAR(P)  DIIS     TIME
   1      1.11728412    -0.38286134  -115.44356202    -0.02170862    -0.01150496  1.99e-03  1.98e-03  1  1     2.05
   2      1.12576246    -0.38440768  -115.44510836    -0.00154634    -0.00863905  2.80e-05  3.07e-04  2  2     3.85
   3      1.12890378    -0.38455030  -115.44525098    -0.00014262    -0.00210350  3.85e-06  3.45e-05  3  3     5.60
   4      1.13021076    -0.38456478  -115.44526546    -0.00001448    -0.00090992  5.35e-08  2.90e-06  4  4     7.46
   5      1.13048170    -0.38454525  -115.44524594     0.00001953    -0.00018732  3.57e-08  2.49e-07  5  5     9.15
   6      1.13053607    -0.38454479  -115.44524548     0.00000046    -0.00004033  3.76e-10  1.25e-08  6  0    10.94
   7      1.13054198    -0.38454397  -115.44524466     0.00000082    -0.00000559  3.52e-11  1.13e-09  6  1    12.71
   8      1.13054218    -0.38454387  -115.44524456     0.00000010    -0.00000050  3.12e-12  9.30e-11  6  2    14.50
   9      1.13054214    -0.38454387  -115.44524455     0.00000000     0.00000002  1.53e-13  8.28e-12  6  3    16.20
  10      1.13054218    -0.38454387  -115.44524455    -0.00000000    -0.00000001  1.09e-14  5.47e-13          17.84

 Norm of t1 vector:      0.05868365     S-energy:      0.00000000   T1 diagnostic:  0.01109017

 Time per iteration:                      1.78 sec

 RESULTS
 =======

  Reference energy                   -115.060700684695
  CCSD correlation energy              -0.384543869541
 !CCSD total energy                  -115.445244554236

 Starting CP-CCSD iterations.   Author: W. Gyorffy (2012)

 ITER.      NRM1           NRM2      VAR(S)+VAR(P)   DIIS    TIME
   1     0.00197009     0.37061167     6.24e-04      1  1    1.70
   2     0.00180129     0.36606683     5.63e-05      2  2    3.45
   3     0.00167062     0.36556701     6.69e-06      3  3    5.13
   4     0.00160046     0.36506484     1.15e-06      4  4    6.90
   5     0.00156615     0.36495392     9.74e-08      5  5    8.65
   6     0.00155451     0.36492109     9.97e-09      6  0   10.50
   7     0.00155151     0.36491850     1.06e-09      6  1   12.29
   8     0.00155084     0.36491799     1.47e-10      6  2   14.30
   9     0.00155075     0.36491795     2.21e-11      6  3   16.05
  10     0.00155072     0.36491789     2.66e-12      6  4   17.93
  11     0.00155073     0.36491786     2.81e-13             19.68


 Time per iteration:                      1.79 sec


 CPHF trial vector read from record  8500.2

 Starting Coupled-perturbed Hartree-Fock, convergence threshold= 1.0D-06

 ITER   MIC  DIIS      VAR         VARC       CPU
   1     0     1    0.85D-02    0.20D-03     0.06
   2     4     2    0.69D-05    0.39D-05     0.09
   3     2     3    0.21D-06    0.40D-07     0.12

 CPHF convergence reached in  3 macroiterations and    6 microiterations.   Accuracy: 2.1100D-07

 CPHF solution written to record  8500.2

 Dipole moments (unrelaxed):           -0.00248102     0.55115408    -0.36930646
 Orbital relaxation contribution:       0.00012366     0.00512857    -0.00401170
 !CCSD STATE 1.1 Dipole moment         -0.00235736     0.55628265    -0.37331816
 Dipole moment /Debye                  -0.00599181     1.41392946    -0.94888011

 CPU-time for coupled-perturbed hartree-fock:          0.13 sec

 Number of N-1 electron functions:               7
 Number of N-2 electron functions:              28
 Number of singly external CSFs:               511
 Number of doubly external CSFs:            130816
 Total number of CSFs:                      131328

 CCSD gradient info saved on record        55555.1




 **********************************************************************************************************************************
 DATASETS  * FILE   NREC   LENGTH (MB)   RECORD NAMES
              1      21       81.11       500      610      700      900      950      970     1000      129      960     1100   
                                          VAR    BASINP    GEOM    SYMINP    ZMAT    AOBASIS   BASIS     P2S    ABASIS      S 
                                         1400     1410     1200     1210     1080     1600     1650     1300     1700     1380   
                                           T        V       H0       H01     AOSYM     SMH    MOLCAS    ERIS     OPER     JKOP   
                                        55555   
                                         CCSD   

              2       8        1.26       700     1000      520     2100      200     2101     8500     9001   
                                         GEOM     BASIS   MCVARS     RHF    OPTIONS    RHF     CPHF    DEN_MP2    

 PROGRAMS   *        TOTAL      CCSD    HF-SCF      CCSD    HF-SCF       INT      CCSD    HF-SCF      CCSD    HF-SCF      CCSD
 CPU TIMES  *      1968.71     54.99      1.92     52.65      1.29      0.74    358.01      0.30     55.22      1.56     58.03
 REAL TIME  *       268.16 SEC
 DISK USED  *       201.58 MB
 **********************************************************************************************************************************

 Current geometry (xyz format, in Angstrom)


 Dump information in style XYZ to ch3oh_maxima_mp2_1.xyz                                                          

    6
 CCSD/AUG-CC-PVDZ  OPTSTEP=1  ENERGY=-115.44524455
 C          0.0003610102        0.0131385256       -0.7344451124
 O          0.0000529159       -0.0642586902        0.6960401828
 H          0.0038011672        0.8338855406        1.0449341433
 H          0.9534718730        0.4146864057       -1.1239587278
 H         -0.1263605310       -1.0153068872       -1.1043111936
 H         -0.8360543993        0.6301729012       -1.1132345100

 **********************************************************************************************************************************

 PROGRESS OF GEOMETRY OPTIMIZATION.    TOTAL CPU:       119.1 SEC
   1  -115.44517096  -115.44524455    -0.00007360  0.00272016  0.00425744  0.00128367  0.03152326  0.04445467  0.00404133

 **********************************************************************************************************************************

 Current geometry (xyz format, in Angstrom)


 Dump information in style XYZ to ch3oh_maxima_mp2.xyz                                                            

    6
 CCSD/AUG-CC-PVDZ  ENERGY=-115.44524455
 C          0.0003610102        0.0131385256       -0.7344451124
 O          0.0000529159       -0.0642586902        0.6960401828
 H          0.0038011672        0.8338855406        1.0449341433
 H          0.9534718730        0.4146864057       -1.1239587278
 H         -0.1263605310       -1.0153068872       -1.1043111936
 H         -0.8360543993        0.6301729012       -1.1132345100

 **********************************************************************************************************************************

 Current variables
 RCO=                 1.43257761 ANGSTROM
 ROH=                 0.96353729 ANGSTROM
 ACOH=              108.13201063 DEGREE
 RCH1=                1.10516147 ANGSTROM
 AOCH1=             111.82359425 DEGREE
 AHH1=               68.02699756 DEGREE
 RCH2=                1.10025417 ANGSTROM
 AOCH2=             106.56769569 DEGREE
 RCH3=                1.10625656 ANGSTROM
 AOCH3=             111.83148757 DEGREE
 AHH3=              305.21583092 DEGREE

 **********************************************************************************************************************************

 PROGRAM * ALASKA (Gradient of the energy)     Author: R. Lindh


 CCSD Gradient info restored from record   55555.1

 Number of core orbitals:           2 (   2 )
 Number of closed-shell orbitals:   7 (   7 )
 Number of external orbitals:      73 (  73 )

 Integral thresholds in T2TRAN:            1.0D-10 (PROD)

 Available memory for Transformation: 497831906 words
 Memory needed for incore algorithm:    2340415 words
 Minimum memory needed:                  847139 words

 Memory used for transformation:           3.30 MW
 Available memory for gradients:         496.53 MW

 CPU for transformation:                   4.63 sec
 CPU for integrals and gradient:           2.56 sec
 Total CPU:                                7.19 sec

 Prescreening statistics:
 ========================

 Total number of shell quadruplets:        5.56D+03
 Number of shell quadruplets processed:    5.56D+03 (100.00%)

 CCSD GRADIENT FOR STATE 1.1

 Atom          dE/dx               dE/dy               dE/dz

   1         0.000726808        -0.000084164        -0.000004998
   2         0.000510593        -0.000043817        -0.000052317
   3        -0.000531790         0.000037203        -0.000005321
   4        -0.000314347        -0.000324159         0.000045855
   5        -0.000114936         0.000001969         0.000033920
   6        -0.000276328         0.000412968        -0.000017138

 Nuclear force contribution to virial =        -0.000014317
 Reading points 1 to 2 from record 700.2,  wavefunction type=CCSD            

 Making model hessian for Z-matrix coordinates
 BFGS update of hessian using  1 points

 Entering Rational Function Geometry Optimization

 Optimization point 2

 Variable                      Last           Current        Next           Gradient       Hessian

 E(CCSD) / Hartree        -115.44517096  -115.44524455  -115.44524617
 RCO / ANGSTROM              1.43256250     1.43257761     1.43261808    -0.00010808     2.15279457
 ROH / ANGSTROM              0.96353523     0.96353729     0.96351456     0.00005798     2.50124828
 ACOH / DEGREE             108.13275803   108.13201063   108.13970756    -0.00000056     0.00006965
 RCH1 / ANGSTROM             1.10569618     1.10516147     1.10556992    -0.00076541     1.66016047
 AOCH1 / DEGREE            111.82217418   111.82359425   111.80340438     0.00000342     0.00006609
 AHH1 / DEGREE              66.23320454    68.02699756    67.83442014     0.00000616     0.00004684
 RCH2 / ANGSTROM             1.10022947     1.10025417     1.10025126    -0.00000001     1.67985003
 AOCH2 / DEGREE            106.56118077   106.56769569   106.58552614    -0.00000128     0.00007076
 RCH3 / ANGSTROM             1.10570861     1.10625656     1.10580463     0.00084118     1.65598348
 AOCH3 / DEGREE            111.85872717   111.83148757   111.86483015    -0.00000496     0.00006580
 AHH3 / DEGREE             303.40968098   305.21583092   305.03275774     0.00000592     0.00004736
 Convergence:                0.00000000  (line search)     0.00483912     0.00085537  (total)

 Geometry written to block  3 of record 700

 Running procedure: RUNCCSD


 Recomputing integrals since geometry changed


 PROGRAM * SEWARD (Integral evaluation for generally contracted gaussian basis sets)     Author: Roland Lindh, 1990

 Geometry written to block  3 of record 700

 Orientation using atomic masses  
 Molecule type: Asymmetric top
 Rotational constants:      23.5443159     24.3880696    125.7775180 GHz  (calculated with average atomic masses)

 Point group  C1  



 ATOMIC COORDINATES

 NR  ATOM    CHARGE       X              Y              Z

   1  C       6.00    0.000922387    0.024775070   -1.387916762
   2  O       8.00    0.000724491   -0.121419245    1.315388851
   3  H       1.00   -0.002780162    1.575727296    1.974870616
   4  H1      1.00    1.795925824    0.801037791   -2.122925093
   5  H2      1.00   -0.226407096   -1.919940640   -2.087462879
   6  H3      1.00   -1.589230191    1.175278354   -2.105181647

 Bond lengths in Bohr (Angstrom)

 1-2  2.707255815  1-4  2.089224354  1-5  2.079173552  1-6  2.089667903  2-3  1.820778642
     ( 1.432618082)     ( 1.105569916)     ( 1.100251261)     ( 1.105804632)     ( 0.963514563)

 Bond angles

  1-2-3  108.13970756   2-1-4  111.80340438   2-1-5  106.58552614   2-1-6  111.86483015

  4-1-5  108.85042172   4-1-6  109.17609601   5-1-6  108.43790415

 NUCLEAR CHARGE:                   18
 NUMBER OF PRIMITIVE AOS:         118
 NUMBER OF SYMMETRY AOS:          114
 NUMBER OF CONTRACTIONS:           82   (   82A   )
 NUMBER OF INNER CORE ORBITALS:     0   (    0A   )
 NUMBER OF OUTER CORE ORBITALS:     2   (    2A   )
 NUMBER OF VALENCE ORBITALS:       12   (   12A   )


 NUCLEAR REPULSION ENERGY   39.97844405

 Eigenvalues of metric

         1 0.676E-03 0.817E-03 0.840E-03 0.114E-02 0.255E-02 0.444E-02 0.514E-02 0.543E-02


 Contracted 2-electron integrals neglected if value below      1.0D-11
 AO integral compression algorithm  1   Integral accuracy      1.0D-11

     31.457 MB (compressed) written to integral file ( 55.3%)


 NUMBER OF SORTED TWO-ELECTRON INTEGRALS:    5791906.     BUFFER LENGTH:  32768
 NUMBER OF SEGMENTS:   1  SEGMENT LENGTH:    5791906      RECORD LENGTH: 524288

 Memory used in sort:       6.35 MW

 SORT1 READ     7174542. AND WROTE     5718421. INTEGRALS IN     17 RECORDS. CPU TIME:     0.05 SEC, REAL TIME:     0.07 SEC
 SORT2 READ     5718421. AND WROTE     5791906. INTEGRALS IN    120 RECORDS. CPU TIME:     0.09 SEC, REAL TIME:     0.12 SEC

 FILE SIZES:   FILE 1:    61.7 MBYTE,  FILE 4:    71.3 MBYTE,   TOTAL:    133.1 MBYTE

 OPERATOR DM      FOR CENTER  0  COORDINATES:    0.000000    0.000000    0.000000

 Program * Restricted Hartree-Fock

 Molecular orbitals read from record     2101.2  Type=RHF/CANONICAL (state 1.1)

 NELEC=   18   SYM=1   MS2= 0   THRE=1.0D-09   THRD=1.0D-07   THRG=1.0D-07  HFMA2=F  DIIS_START=2   DIIS_MAX=10   DIIS_INCORE=F

 Level shifts:    0.00 (CLOSED)    0.00 (OPEN)    0.30 (GAP_MIN)

 ITER           ETOT              DE          GRAD        DDIFF     DIIS  NEXP   TIME(IT)  TIME(TOT)  DIAG
   1     -115.06067775    -115.06067775     0.00D+00     0.99D-01     0     0       0.18      0.18    start
   2     -115.06070070      -0.00002295     0.16D-03     0.24D-03     1     0       0.10      0.28    diag
   3     -115.06070277      -0.00000207     0.40D-04     0.68D-04     2     0       0.11      0.39    diag
   4     -115.06070284      -0.00000007     0.60D-05     0.11D-04     3     0       0.12      0.51    diag
   5     -115.06070285      -0.00000000     0.15D-05     0.29D-05     4     0       0.10      0.61    diag
   6     -115.06070285      -0.00000000     0.66D-06     0.13D-05     5     0       0.11      0.72    diag
   7     -115.06070285      -0.00000000     0.20D-06     0.33D-06     6     0       0.11      0.83    diag
   8     -115.06070285      -0.00000000     0.63D-07     0.14D-06     7     0       0.12      0.95    fixocc
   9     -115.06070285      -0.00000000     0.16D-07     0.35D-07     8     0       0.11      1.06    diag
  10     -115.06070285      -0.00000000     0.34D-08     0.58D-08     0     0       0.11      1.17    diag/orth

 Final occupancy:   9

 !RHF STATE 1.1 Energy               -115.060702848665
  RHF One-electron energy            -236.113947921533
  RHF Two-electron energy              81.074801027624
  RHF Kinetic energy                  114.797999732347
  RHF Nuclear energy                   39.978444045243
  RHF Virial quotient                  -1.002288394545

 !RHF STATE 1.1 Dipole moment          -0.00577117     0.59203318    -0.40424327
 Dipole moment /Debye                  -0.01466885     1.50479824    -1.02748390

 Orbital energies:

           1.1          2.1          3.1          4.1          5.1          6.1          7.1          8.1          9.1         10.1
    -20.569483   -11.284968    -1.356645    -0.923362    -0.688007    -0.616002    -0.589629    -0.503343    -0.450735     0.034479

          11.1
      0.051677


 HOMO      9.1    -0.450735 =     -12.2651eV
 LUMO     10.1     0.034479 =       0.9382eV
 LUMO-HOMO         0.485214 =      13.2033eV

 Orbitals saved in record  2101.2


 **********************************************************************************************************************************
 DATASETS  * FILE   NREC   LENGTH (MB)   RECORD NAMES
              1      19       53.78       500      610      700      900      950      970     1000      129      960     1100   
                                          VAR    BASINP    GEOM    SYMINP    ZMAT    AOBASIS   BASIS     P2S    ABASIS      S 
                                         1400     1410     1200     1210     1080     1600     1650     1300     1700   
                                           T        V       H0       H01     AOSYM     SMH    MOLCAS    ERIS     OPER   

              2       8        1.26       700     1000      520     2100      200     2101     8500     9001   
                                         GEOM     BASIS   MCVARS     RHF    OPTIONS    RHF     CPHF    DEN_MP2    

 PROGRAMS   *        TOTAL    HF-SCF      CCSD    HF-SCF      CCSD    HF-SCF       INT      CCSD    HF-SCF      CCSD    HF-SCF
 CPU TIMES  *      1977.88      1.89     54.99      1.92     52.65      1.29      0.74    358.01      0.30     55.22      1.56
 REAL TIME  *       271.66 SEC
 DISK USED  *       201.58 MB
 **********************************************************************************************************************************


 PROGRAM * CCSD (Closed-shell coupled cluster)     Authors: C. Hampel, H.-J. Werner, 1991, M. Deegan, P.J. Knowles, 1992


 Convergence thresholds:  THRVAR = 1.00D-12  THRDEN = 1.00D-08

 Using ITF CCSD gradient implementation

 Number of core orbitals:           2 (   2 )
 Number of closed-shell orbitals:   7 (   7 )
 Number of external orbitals:      73 (  73 )

 Molecular orbitals read from record     2101.2  Type=RHF/CANONICAL (state 1.1)

 Integral transformation finished. Total CPU:   0.82 sec, npass=  1  Memory used:   2.72 MW
  Reference energy                   -115.060702848665

  MP2 correlation energy               -0.361152184327
  MP2 total energy                   -115.421855032992

 ITER.      SQ.NORM     CORR.ENERGY   TOTAL ENERGY   ENERGY CHANGE        DEN1      VAR(S)    VAR(P)  DIIS     TIME
   1      1.11728406    -0.38286086  -115.44356371    -0.02170868    -0.01150517  1.99e-03  1.98e-03  1  1     2.13
   2      1.12576228    -0.38440719  -115.44511004    -0.00154632    -0.00863893  2.80e-05  3.07e-04  2  2     3.97
   3      1.12890351    -0.38454981  -115.44525266    -0.00014262    -0.00210347  3.85e-06  3.45e-05  3  3     5.79
   4      1.13021045    -0.38456429  -115.44526713    -0.00001448    -0.00090990  5.35e-08  2.90e-06  4  4     7.58
   5      1.13048138    -0.38454476  -115.44524761     0.00001952    -0.00018732  3.57e-08  2.49e-07  5  5     9.21
   6      1.13053574    -0.38454430  -115.44524715     0.00000046    -0.00004033  3.76e-10  1.25e-08  6  0    11.04
   7      1.13054165    -0.38454348  -115.44524633     0.00000082    -0.00000559  3.51e-11  1.13e-09  6  1    12.94
   8      1.13054185    -0.38454338  -115.44524623     0.00000010    -0.00000050  3.12e-12  9.30e-11  6  2    14.82
   9      1.13054182    -0.38454338  -115.44524623     0.00000000     0.00000002  1.53e-13  8.27e-12  6  3    16.68
  10      1.13054185    -0.38454338  -115.44524623    -0.00000000    -0.00000001  1.09e-14  5.47e-13          18.47

 Norm of t1 vector:      0.05868286     S-energy:      0.00000000   T1 diagnostic:  0.01109002

 Time per iteration:                      1.85 sec

 RESULTS
 =======

  Reference energy                   -115.060702848665
  CCSD correlation energy              -0.384543377650
 !CCSD total energy                  -115.445246226315

 Starting CP-CCSD iterations.   Author: W. Gyorffy (2012)

 ITER.      NRM1           NRM2      VAR(S)+VAR(P)   DIIS    TIME
   1     0.00197005     0.37061334     6.24e-04      1  1    1.65
   2     0.00180124     0.36606862     5.63e-05      2  2    3.42
   3     0.00167058     0.36556879     6.69e-06      3  3    5.26
   4     0.00160042     0.36506663     1.15e-06      4  4    7.13
   5     0.00156612     0.36495571     9.73e-08      5  5    8.99
   6     0.00155448     0.36492289     9.97e-09      6  0   10.81
   7     0.00155148     0.36492030     1.06e-09      6  1   12.70
   8     0.00155080     0.36491978     1.47e-10      6  2   14.50
   9     0.00155072     0.36491975     2.20e-11      6  3   16.34
  10     0.00155068     0.36491968     2.65e-12      6  4   18.12
  11     0.00155069     0.36491966     2.80e-13             19.96


 Time per iteration:                      1.81 sec


 CPHF trial vector read from record  8500.2

 Starting Coupled-perturbed Hartree-Fock, convergence threshold= 1.0D-06

 ITER   MIC  DIIS      VAR         VARC       CPU
   1     0     1    0.10D-02    0.25D-04     0.06
   2     4     2    0.89D-06    0.52D-06     0.10

 CPHF convergence reached in  2 macroiterations and    4 microiterations.   Accuracy: 8.8809D-07

 CPHF solution written to record  8500.2

 Dipole moments (unrelaxed):           -0.00630929     0.55116434    -0.36933653
 Orbital relaxation contribution:       0.00009160     0.00512763    -0.00401074
 !CCSD STATE 1.1 Dipole moment         -0.00621769     0.55629197    -0.37334727
 Dipole moment /Debye                  -0.01580379     1.41395316    -0.94895412

 CPU-time for coupled-perturbed hartree-fock:          0.10 sec

 Number of N-1 electron functions:               7
 Number of N-2 electron functions:              28
 Number of singly external CSFs:               511
 Number of doubly external CSFs:            130816
 Total number of CSFs:                      131328

 CCSD gradient info saved on record        55555.1




 **********************************************************************************************************************************
 DATASETS  * FILE   NREC   LENGTH (MB)   RECORD NAMES
              1      21       81.00       500      610      700      900      950      970     1000      129      960     1100   
                                          VAR    BASINP    GEOM    SYMINP    ZMAT    AOBASIS   BASIS     P2S    ABASIS      S 
                                         1400     1410     1200     1210     1080     1600     1650     1300     1700     1380   
                                           T        V       H0       H01     AOSYM     SMH    MOLCAS    ERIS     OPER     JKOP   
                                        55555   
                                         CCSD   

              2       8        1.26       700     1000      520     2100      200     2101     8500     9001   
                                         GEOM     BASIS   MCVARS     RHF    OPTIONS    RHF     CPHF    DEN_MP2    

 PROGRAMS   *        TOTAL      CCSD    HF-SCF      CCSD    HF-SCF      CCSD    HF-SCF       INT      CCSD    HF-SCF      CCSD
 CPU TIMES  *      2032.56     54.68      1.89     54.99      1.92     52.65      1.29      0.74    358.01      0.30     55.22
 REAL TIME  *       279.53 SEC
 DISK USED  *       201.58 MB
 **********************************************************************************************************************************

 Current geometry (xyz format, in Angstrom)


 Dump information in style XYZ to ch3oh_maxima_mp2_2.xyz                                                          

    6
 CCSD/AUG-CC-PVDZ  OPTSTEP=2  ENERGY=-115.44524623
 C          0.0004881060        0.0131104024       -0.7344539209
 O          0.0003833842       -0.0642522972        0.6960738032
 H         -0.0014711985        0.8338389758        1.0450565247
 H          0.9503630184        0.4238909442       -1.1234035798
 H         -0.1198094757       -1.0159888332       -1.1046377839
 H         -0.8409844002        0.6219305213       -1.1140141525

 **********************************************************************************************************************************

 PROGRESS OF GEOMETRY OPTIMIZATION.    TOTAL CPU:       183.0 SEC
   1  -115.44517096  -115.44524455    -0.00007360  0.00272016  0.00425744  0.00128367  0.03152326  0.04445467  0.00404133
   2  -115.44524455  -115.44524623    -0.00000167  0.00044513  0.00085537  0.00025790  0.00336111  0.00483912  0.00043992

 **********************************************************************************************************************************

 Current geometry (xyz format, in Angstrom)


 Dump information in style XYZ to ch3oh_maxima_mp2.xyz                                                            

    6
 CCSD/AUG-CC-PVDZ  ENERGY=-115.44524623
 C          0.0004881060        0.0131104024       -0.7344539209
 O          0.0003833842       -0.0642522972        0.6960738032
 H         -0.0014711985        0.8338389758        1.0450565247
 H          0.9503630184        0.4238909442       -1.1234035798
 H         -0.1198094757       -1.0159888332       -1.1046377839
 H         -0.8409844002        0.6219305213       -1.1140141525

 **********************************************************************************************************************************

 Current variables
 RCO=                 1.43261808 ANGSTROM
 ROH=                 0.96351456 ANGSTROM
 ACOH=              108.13970756 DEGREE
 RCH1=                1.10556992 ANGSTROM
 AOCH1=             111.80340438 DEGREE
 AHH1=               67.83442014 DEGREE
 RCH2=                1.10025126 ANGSTROM
 AOCH2=             106.58552614 DEGREE
 RCH3=                1.10580463 ANGSTROM
 AOCH3=             111.86483015 DEGREE
 AHH3=              305.03275774 DEGREE

 **********************************************************************************************************************************

 PROGRAM * ALASKA (Gradient of the energy)     Author: R. Lindh


 CCSD Gradient info restored from record   55555.1

 Number of core orbitals:           2 (   2 )
 Number of closed-shell orbitals:   7 (   7 )
 Number of external orbitals:      73 (  73 )

 Integral thresholds in T2TRAN:            1.0D-10 (PROD)

 Available memory for Transformation: 497831906 words
 Memory needed for incore algorithm:    2340415 words
 Minimum memory needed:                  847139 words

 Memory used for transformation:           3.30 MW
 Available memory for gradients:         496.53 MW

 CPU for transformation:                   4.94 sec
 CPU for integrals and gradient:           2.49 sec
 Total CPU:                                7.43 sec

 Prescreening statistics:
 ========================

 Total number of shell quadruplets:        5.56D+03
 Number of shell quadruplets processed:    5.56D+03 (100.00%)

 CCSD GRADIENT FOR STATE 1.1

 Atom          dE/dx               dE/dy               dE/dz

   1         0.000581600        -0.000095604         0.000001932
   2         0.000537221         0.000013368         0.000004579
   3        -0.000516542         0.000004401         0.000005280
   4        -0.000083253        -0.000029662         0.000038416
   5        -0.000448119         0.000052623        -0.000005489
   6        -0.000070906         0.000054875        -0.000044718

 Nuclear force contribution to virial =         0.000047443
 Reading points 1 to 3 from record 700.2,  wavefunction type=CCSD            

 Making model hessian for Z-matrix coordinates
 BFGS update of hessian using  2 points

 Entering Rational Function Geometry Optimization

 Optimization point 3

 Variable                      Last           Current        Next           Gradient       Hessian

 E(CCSD) / Hartree        -115.44524455  -115.44524623  -115.44524625
 RCO / ANGSTROM              1.43257761     1.43261808     1.43261163     0.00001679     2.15387831
 ROH / ANGSTROM              0.96353729     0.96351456     0.96350921     0.00001324     2.50098837
 ACOH / DEGREE             108.13201063   108.13970756   108.13828127     0.00000010     0.00006968
 RCH1 / ANGSTROM             1.10516147     1.10556992     1.10568904    -0.00018154     1.58632850
 AOCH1 / DEGREE            111.82359425   111.80340438   111.80819745    -0.00000017     0.00006659
 AHH1 / DEGREE              68.02699756    67.83442014    67.83631845    -0.00000021     0.00004808
 RCH2 / ANGSTROM             1.10025417     1.10025126     1.10025024     0.00000307     1.67984974
 AOCH2 / DEGREE            106.56769569   106.58552614   106.58027821     0.00000030     0.00007105
 RCH3 / ANGSTROM             1.10625656     1.10580463     1.10568075     0.00018806     1.57548570
 AOCH3 / DEGREE            111.83148757   111.86483015   111.85968317     0.00000041     0.00006745
 AHH3 / DEGREE             305.21583092   305.03275774   305.02816918     0.00000008     0.00004744
 Convergence:                0.00000000  (line search)     0.00037056     0.00014282  (total)

 Geometry written to block  4 of record 700

 Running procedure: RUNCCSD


 Recomputing integrals since geometry changed


 PROGRAM * SEWARD (Integral evaluation for generally contracted gaussian basis sets)     Author: Roland Lindh, 1990

 Geometry written to block  4 of record 700

 Orientation using atomic masses  
 Molecule type: Asymmetric top
 Rotational constants:      23.5448587     24.3884114    125.7756563 GHz  (calculated with average atomic masses)

 Point group  C1  



 ATOMIC COORDINATES

 NR  ATOM    CHARGE       X              Y              Z

   1  C       6.00    0.000882828    0.024790451   -1.387914529
   2  O       8.00    0.000771688   -0.121416833    1.315378175
   3  H       1.00   -0.003082639    1.575732588    1.974822638
   4  H1      1.00    1.795862711    0.801449458   -2.123201573
   5  H2      1.00   -0.226050813   -1.920032325   -2.087285784
   6  H3      1.00   -1.589498667    1.174731515   -2.104891431

 Bond lengths in Bohr (Angstrom)

 1-2  2.707243621  1-4  2.089449457  1-5  2.079171629  1-6  2.089433805  2-3  1.820768523
     ( 1.432611628)     ( 1.105689036)     ( 1.100250244)     ( 1.105680753)     ( 0.963509209)

 Bond angles

  1-2-3  108.13828127   2-1-4  111.80819745   2-1-5  106.58027821   2-1-6  111.85968317

  4-1-5  108.84932930   4-1-6  109.18126731   5-1-6  108.43914569

 NUCLEAR CHARGE:                   18
 NUMBER OF PRIMITIVE AOS:         118
 NUMBER OF SYMMETRY AOS:          114
 NUMBER OF CONTRACTIONS:           82   (   82A   )
 NUMBER OF INNER CORE ORBITALS:     0   (    0A   )
 NUMBER OF OUTER CORE ORBITALS:     2   (    2A   )
 NUMBER OF VALENCE ORBITALS:       12   (   12A   )


 NUCLEAR REPULSION ENERGY   39.97867814

 Eigenvalues of metric

         1 0.676E-03 0.817E-03 0.840E-03 0.114E-02 0.255E-02 0.444E-02 0.514E-02 0.543E-02


 Contracted 2-electron integrals neglected if value below      1.0D-11
 AO integral compression algorithm  1   Integral accuracy      1.0D-11

     31.457 MB (compressed) written to integral file ( 55.0%)


 NUMBER OF SORTED TWO-ELECTRON INTEGRALS:    5791906.     BUFFER LENGTH:  32768
 NUMBER OF SEGMENTS:   1  SEGMENT LENGTH:    5791906      RECORD LENGTH: 524288

 Memory used in sort:       6.35 MW

 SORT1 READ     7174542. AND WROTE     5717668. INTEGRALS IN     17 RECORDS. CPU TIME:     0.04 SEC, REAL TIME:     0.07 SEC
 SORT2 READ     5717668. AND WROTE     5791906. INTEGRALS IN    120 RECORDS. CPU TIME:     0.10 SEC, REAL TIME:     0.12 SEC

 FILE SIZES:   FILE 1:    61.7 MBYTE,  FILE 4:    71.3 MBYTE,   TOTAL:    133.1 MBYTE

 OPERATOR DM      FOR CENTER  0  COORDINATES:    0.000000    0.000000    0.000000

 Program * Restricted Hartree-Fock

 Molecular orbitals read from record     2101.2  Type=RHF/CANONICAL (state 1.1)

 NELEC=   18   SYM=1   MS2= 0   THRE=1.0D-09   THRD=1.0D-07   THRG=1.0D-07  HFMA2=F  DIIS_START=2   DIIS_MAX=10   DIIS_INCORE=F

 Level shifts:    0.00 (CLOSED)    0.00 (OPEN)    0.30 (GAP_MIN)

 ITER           ETOT              DE          GRAD        DDIFF     DIIS  NEXP   TIME(IT)  TIME(TOT)  DIAG
   1     -115.06070323    -115.06070323     0.00D+00     0.99D-01     0     0       0.22      0.23    start
   2     -115.06070326      -0.00000003     0.56D-05     0.15D-04     1     0       0.11      0.34    diag
   3     -115.06070326      -0.00000000     0.13D-05     0.28D-05     2     0       0.10      0.44    diag
   4     -115.06070326      -0.00000000     0.22D-06     0.52D-06     3     0       0.11      0.55    diag
   5     -115.06070326      -0.00000000     0.70D-07     0.13D-06     4     0       0.11      0.66    diag
   6     -115.06070326      -0.00000000     0.33D-07     0.55D-07     5     0       0.11      0.77    diag
   7     -115.06070326       0.00000000     0.92D-08     0.12D-07     0     0       0.11      0.88    diag

 Final occupancy:   9

 !RHF STATE 1.1 Energy               -115.060703258303
  RHF One-electron energy            -236.114408488956
  RHF Two-electron energy              81.075027087534
  RHF Kinetic energy                  114.798047746352
  RHF Nuclear energy                   39.978678143119
  RHF Virial quotient                  -1.002287978908

 !RHF STATE 1.1 Dipole moment          -0.00598028     0.59203537    -0.40424084
 Dipole moment /Debye                  -0.01520036     1.50480381    -1.02747772

 Orbital energies:

           1.1          2.1          3.1          4.1          5.1          6.1          7.1          8.1          9.1         10.1
    -20.569481   -11.284965    -1.356649    -0.923361    -0.688010    -0.616006    -0.589625    -0.503344    -0.450736     0.034479

          11.1
      0.051678


 HOMO      9.1    -0.450736 =     -12.2652eV
 LUMO     10.1     0.034479 =       0.9382eV
 LUMO-HOMO         0.485215 =      13.2034eV

 Orbitals saved in record  2101.2


 **********************************************************************************************************************************
 DATASETS  * FILE   NREC   LENGTH (MB)   RECORD NAMES
              1      19       53.73       500      610      700      900      950      970     1000      129      960     1100   
                                          VAR    BASINP    GEOM    SYMINP    ZMAT    AOBASIS   BASIS     P2S    ABASIS      S 
                                         1400     1410     1200     1210     1080     1600     1650     1300     1700   
                                           T        V       H0       H01     AOSYM     SMH    MOLCAS    ERIS     OPER   

              2       8        1.26       700     1000      520     2100      200     2101     8500     9001   
                                         GEOM     BASIS   MCVARS     RHF    OPTIONS    RHF     CPHF    DEN_MP2    

 PROGRAMS   *        TOTAL    HF-SCF      CCSD    HF-SCF      CCSD    HF-SCF      CCSD    HF-SCF       INT      CCSD    HF-SCF
 CPU TIMES  *      2041.68      1.60     54.68      1.89     54.99      1.92     52.65      1.29      0.74    358.01      0.30
 REAL TIME  *       282.93 SEC
 DISK USED  *       201.58 MB
 **********************************************************************************************************************************


 PROGRAM * CCSD (Closed-shell coupled cluster)     Authors: C. Hampel, H.-J. Werner, 1991, M. Deegan, P.J. Knowles, 1992


 Convergence thresholds:  THRVAR = 1.00D-12  THRDEN = 1.00D-08

 Using ITF CCSD gradient implementation

 Number of core orbitals:           2 (   2 )
 Number of closed-shell orbitals:   7 (   7 )
 Number of external orbitals:      73 (  73 )

 Molecular orbitals read from record     2101.2  Type=RHF/CANONICAL (state 1.1)

 Integral transformation finished. Total CPU:   1.14 sec, npass=  1  Memory used:   2.72 MW
  Reference energy                   -115.060703258303

  MP2 correlation energy               -0.361151867937
  MP2 total energy                   -115.421855126241

 ITER.      SQ.NORM     CORR.ENERGY   TOTAL ENERGY   ENERGY CHANGE        DEN1      VAR(S)    VAR(P)  DIIS     TIME
   1      1.11728358    -0.38286051  -115.44356377    -0.02170864    -0.01150517  1.99e-03  1.98e-03  1  1     2.38
   2      1.12576173    -0.38440681  -115.44511007    -0.00154630    -0.00863890  2.80e-05  3.07e-04  2  2     4.20
   3      1.12890292    -0.38454943  -115.44525269    -0.00014262    -0.00210345  3.85e-06  3.45e-05  3  3     6.28
   4      1.13020984    -0.38456391  -115.44526716    -0.00001448    -0.00090990  5.35e-08  2.90e-06  4  4     8.38
   5      1.13048076    -0.38454438  -115.44524764     0.00001952    -0.00018732  3.57e-08  2.49e-07  5  5    10.74
   6      1.13053512    -0.38454392  -115.44524718     0.00000046    -0.00004033  3.76e-10  1.25e-08  6  0    12.95
   7      1.13054104    -0.38454310  -115.44524636     0.00000082    -0.00000559  3.51e-11  1.13e-09  6  1    15.24
   8      1.13054124    -0.38454300  -115.44524626     0.00000010    -0.00000050  3.12e-12  9.30e-11  6  2    17.32
   9      1.13054120    -0.38454300  -115.44524626     0.00000000     0.00000002  1.53e-13  8.27e-12  6  3    19.24
  10      1.13054123    -0.38454300  -115.44524626    -0.00000000    -0.00000001  1.09e-14  5.47e-13          20.85

 Norm of t1 vector:      0.05868263     S-energy:     -0.00000000   T1 diagnostic:  0.01108997

 Time per iteration:                      2.09 sec

 RESULTS
 =======

  Reference energy                   -115.060703258303
  CCSD correlation energy              -0.384542998379
 !CCSD total energy                  -115.445246256682

 Starting CP-CCSD iterations.   Author: W. Gyorffy (2012)

 ITER.      NRM1           NRM2      VAR(S)+VAR(P)   DIIS    TIME
   1     0.00197003     0.37061218     6.24e-04      1  1    1.79
   2     0.00180122     0.36606747     5.63e-05      2  2    3.53
   3     0.00167056     0.36556765     6.69e-06      3  3    5.84
   4     0.00160041     0.36506549     1.15e-06      4  4    7.72
   5     0.00156610     0.36495458     9.73e-08      5  5    9.60
   6     0.00155446     0.36492175     9.97e-09      6  0   11.48
   7     0.00155146     0.36491916     1.06e-09      6  1   13.38
   8     0.00155079     0.36491865     1.47e-10      6  2   15.33
   9     0.00155070     0.36491861     2.20e-11      6  3   17.04
  10     0.00155067     0.36491855     2.65e-12      6  4   18.80
  11     0.00155068     0.36491852     2.80e-13             20.63


 Time per iteration:                      1.88 sec


 CPHF trial vector read from record  8500.2

 Starting Coupled-perturbed Hartree-Fock, convergence threshold= 1.0D-06

 ITER   MIC  DIIS      VAR         VARC       CPU
   1     0     1    0.34D-04    0.18D-05     0.06
   2     2     2    0.17D-06    0.30D-07     0.10

 CPHF convergence reached in  2 macroiterations and    2 microiterations.   Accuracy: 1.7135D-07

 CPHF solution written to record  8500.2

 Dipole moments (unrelaxed):           -0.00650164     0.55116449    -0.36933341
 Orbital relaxation contribution:       0.00009023     0.00512823    -0.00401104
 !CCSD STATE 1.1 Dipole moment         -0.00641142     0.55629272    -0.37334445
 Dipole moment /Debye                  -0.01629620     1.41395506    -0.94894693

 CPU-time for coupled-perturbed hartree-fock:          0.10 sec

 Number of N-1 electron functions:               7
 Number of N-2 electron functions:              28
 Number of singly external CSFs:               511
 Number of doubly external CSFs:            130816
 Total number of CSFs:                      131328

 CCSD gradient info saved on record        55555.1




 **********************************************************************************************************************************
 DATASETS  * FILE   NREC   LENGTH (MB)   RECORD NAMES
              1      21       80.95       500      610      700      900      950      970     1000      129      960     1100   
                                          VAR    BASINP    GEOM    SYMINP    ZMAT    AOBASIS   BASIS     P2S    ABASIS      S 
                                         1400     1410     1200     1210     1080     1600     1650     1300     1700     1380   
                                           T        V       H0       H01     AOSYM     SMH    MOLCAS    ERIS     OPER     JKOP   
                                        55555   
                                         CCSD   

              2       8        1.26       700     1000      520     2100      200     2101     8500     9001   
                                         GEOM     BASIS   MCVARS     RHF    OPTIONS    RHF     CPHF    DEN_MP2    

 PROGRAMS   *        TOTAL      CCSD    HF-SCF      CCSD    HF-SCF      CCSD    HF-SCF      CCSD    HF-SCF       INT      CCSD
 CPU TIMES  *      2101.68     60.00      1.60     54.68      1.89     54.99      1.92     52.65      1.29      0.74    358.01
 REAL TIME  *       291.45 SEC
 DISK USED  *       201.58 MB
 **********************************************************************************************************************************

 Current geometry (xyz format, in Angstrom)


 Dump information in style XYZ to ch3oh_maxima_mp2_3.xyz                                                          

    6
 CCSD/AUG-CC-PVDZ  OPTSTEP=3  ENERGY=-115.44524626
 C          0.0004671724        0.0131185419       -0.7344527392
 O          0.0004083599       -0.0642510212        0.6960681537
 H         -0.0016312624        0.8338417759        1.0450311358
 H          0.9503296207        0.4241087888       -1.1235498868
 H         -0.1196209385       -1.0160373507       -1.1045440694
 H         -0.8411264712        0.6216411467       -1.1138605765

 **********************************************************************************************************************************

 PROGRESS OF GEOMETRY OPTIMIZATION.    TOTAL CPU:       252.1 SEC
   1  -115.44517096  -115.44524455    -0.00007360  0.00272016  0.00425744  0.00128367  0.03152326  0.04445467  0.00404133
   2  -115.44524455  -115.44524623    -0.00000167  0.00044513  0.00085537  0.00025790  0.00336111  0.00483912  0.00043992
   3  -115.44524623  -115.44524626    -0.00000003  0.00009952  0.00014282  0.00004306  0.00023410  0.00037056  0.00003369

 **********************************************************************************************************************************

 Current geometry (xyz format, in Angstrom)


 Dump information in style XYZ to ch3oh_maxima_mp2.xyz                                                            

    6
 CCSD/AUG-CC-PVDZ  ENERGY=-115.44524626
 C          0.0004671724        0.0131185419       -0.7344527392
 O          0.0004083599       -0.0642510212        0.6960681537
 H         -0.0016312624        0.8338417759        1.0450311358
 H          0.9503296207        0.4241087888       -1.1235498868
 H         -0.1196209385       -1.0160373507       -1.1045440694
 H         -0.8411264712        0.6216411467       -1.1138605765

 **********************************************************************************************************************************

 Current variables
 RCO=                 1.43261163 ANGSTROM
 ROH=                 0.96350921 ANGSTROM
 ACOH=              108.13828127 DEGREE
 RCH1=                1.10568904 ANGSTROM
 AOCH1=             111.80819745 DEGREE
 AHH1=               67.83631845 DEGREE
 RCH2=                1.10025024 ANGSTROM
 AOCH2=             106.58027821 DEGREE
 RCH3=                1.10568075 ANGSTROM
 AOCH3=             111.85968317 DEGREE
 AHH3=              305.02816918 DEGREE

 **********************************************************************************************************************************

 Recomputing wavefunction for reoriented structure

 Running procedure: RUNCCSD


 Program * Restricted Hartree-Fock

 Molecular orbitals read from record     2101.2  Type=RHF/CANONICAL (state 1.1)

 NELEC=   18   SYM=1   MS2= 0   THRE=1.0D-10   THRD=1.0D-07   THRG=1.0D-07  HFMA2=F  DIIS_START=2   DIIS_MAX=10   DIIS_INCORE=F

 Level shifts:    0.00 (CLOSED)    0.00 (OPEN)    0.30 (GAP_MIN)

 ITER           ETOT              DE          GRAD        DDIFF     DIIS  NEXP   TIME(IT)  TIME(TOT)  DIAG
   1     -115.06070326    -115.06070326     0.00D+00     0.99D-01     0     0       0.16      0.17    start
   2     -115.06070326      -0.00000000     0.49D-08     0.64D-08     1     0       0.10      0.27    diag

 Final occupancy:   9

 !RHF STATE 1.1 Energy               -115.060703258303
  RHF One-electron energy            -236.114407965478
  RHF Two-electron energy              81.075026564055
  RHF Kinetic energy                  114.798047229172
  RHF Nuclear energy                   39.978678143119
  RHF Virial quotient                  -1.002287983424

 !RHF STATE 1.1 Dipole moment          -0.00598026     0.59203531    -0.40424075
 Dipole moment /Debye                  -0.01520030     1.50480366    -1.02747749

 Orbital energies:

           1.1          2.1          3.1          4.1          5.1          6.1          7.1          8.1          9.1         10.1
    -20.569481   -11.284965    -1.356649    -0.923361    -0.688010    -0.616006    -0.589625    -0.503344    -0.450736     0.034479

          11.1
      0.051678


 HOMO      9.1    -0.450736 =     -12.2651eV
 LUMO     10.1     0.034479 =       0.9382eV
 LUMO-HOMO         0.485215 =      13.2034eV

 Orbitals saved in record  2101.2


 **********************************************************************************************************************************
 DATASETS  * FILE   NREC   LENGTH (MB)   RECORD NAMES
              1      21       80.95       500      610      700      900      950      970     1000      129      960     1100   
                                          VAR    BASINP    GEOM    SYMINP    ZMAT    AOBASIS   BASIS     P2S    ABASIS      S 
                                         1400     1410     1200     1210     1080     1600     1650     1300     1700     1380   
                                           T        V       H0       H01     AOSYM     SMH    MOLCAS    ERIS     OPER     JKOP   
                                        55555   
                                         CCSD   

              2       8        1.26       700     1000      520     2100      200     2101     8500     9001   
                                         GEOM     BASIS   MCVARS     RHF    OPTIONS    RHF     CPHF    DEN_MP2    

 PROGRAMS   *        TOTAL    HF-SCF      CCSD    HF-SCF      CCSD    HF-SCF      CCSD    HF-SCF      CCSD    HF-SCF       INT
 CPU TIMES  *      2101.98      0.29     60.00      1.60     54.68      1.89     54.99      1.92     52.65      1.29      0.74
 REAL TIME  *       291.56 SEC
 DISK USED  *       201.58 MB
 **********************************************************************************************************************************


 PROGRAM * CCSD (Closed-shell coupled cluster)     Authors: C. Hampel, H.-J. Werner, 1991, M. Deegan, P.J. Knowles, 1992


 Convergence thresholds:  THRVAR = 1.00D-12  THRDEN = 1.00D-08

 Number of core orbitals:           2 (   2 )
 Number of closed-shell orbitals:   7 (   7 )
 Number of external orbitals:      73 (  73 )

 Molecular orbitals read from record     2101.2  Type=RHF/CANONICAL (state 1.1)

 Number of N-1 electron functions:               7
 Number of N-2 electron functions:              28
 Number of singly external CSFs:               511
 Number of doubly external CSFs:            130816
 Total number of CSFs:                      131328

 Length of J-op  integral file:               0.00 MB
 Length of K-op  integral file:               0.49 MB
 Length of 3-ext integral record:             0.00 MB

 Integral transformation finished. Total CPU:   0.80 sec, npass=  1  Memory used:   2.72 MW

 Reference energy:                   -115.06070326

 MP2 singlet pair energy:              -0.23197753
 MP2 triplet pair energy:              -0.12917434
 MP2 correlation energy:               -0.36115186
 MP2 total energy:                   -115.42185512

 SCS-MP2 correlation energy:           -0.35874818   (PS=  1.200000  PT=  0.333333)
 SCS-MP2 total energy:               -115.41945144

 ITER.      SQ.NORM     CORR.ENERGY   TOTAL ENERGY   ENERGY CHANGE        DEN1      VAR(S)    VAR(P)  DIIS     TIME  TIME/IT
   1      1.11712927    -0.38276547  -115.44346873    -0.02161361    -0.01151634  0.18D-02  0.20D-02  1  1    51.53     3.86
   2      1.12676114    -0.38439717  -115.44510042    -0.00163169    -0.00987602  0.30D-04  0.26D-03  2  2    91.97     3.66
   3      1.12951212    -0.38458906  -115.44529232    -0.00019190    -0.00157648  0.23D-04  0.12D-04  3  3   129.84     3.53
   4      1.13031243    -0.38454919  -115.44525244     0.00003988    -0.00035531  0.11D-05  0.11D-05  4  4   165.98     3.43
   5      1.13049297    -0.38454657  -115.44524983     0.00000262    -0.00005906  0.17D-06  0.10D-06  5  5   197.86     3.29
   6      1.13052967    -0.38454445  -115.44524771     0.00000212    -0.00000724  0.31D-07  0.93D-08  6  6   235.29     3.28
   7      1.13053764    -0.38454306  -115.44524632     0.00000139    -0.00000082  0.41D-08  0.14D-08  6  1   262.14     3.14
   8      1.13054065    -0.38454303  -115.44524629     0.00000003    -0.00000029  0.56D-09  0.21D-09  6  2   289.19     3.04
   9      1.13054102    -0.38454300  -115.44524626     0.00000003     0.00000042  0.70D-10  0.28D-10  6  4   316.48     2.96
  10      1.13054138    -0.38454298  -115.44524624     0.00000002    -0.00000005  0.70D-11  0.32D-11  6  3   341.72     2.89
  11      1.13054134    -0.38454299  -115.44524625    -0.00000001     0.00000003  0.12D-11  0.42D-12  6  5   368.25     2.83
  12      1.13054129    -0.38454299  -115.44524625    -0.00000000     0.00000002  0.17D-12  0.77D-13  6  6   395.23     2.79
  13      1.13054124    -0.38454300  -115.44524626    -0.00000000     0.00000002  0.13D-13  0.11D-13  6  2   420.85     2.74

 Norm of t1 vector:      0.05868264      S-energy:     0.00000000      T1 diagnostic:  0.01108998
                                                                       D1 diagnostic:  0.02809540
                                                                       D2 diagnostic:  0.13813178 (internal)


 RESULTS
 =======

  Reference energy                   -115.060703258303
  CCSD singlet pair energy             -0.267755352163
  CCSD triplet pair energy             -0.116787648016
  CCSD correlation energy              -0.384542997379

 !CCSD total energy                  -115.445246255683

 Timing summary (sec):

 STEP                 CPU(USER)    SYS     CPU(TOT)    WALL
 Transformation          6.30      0.03      6.33      0.61
 CCSD iterations       415.60      3.42    419.02     35.80

 Program statistics:

 Available memory in ccsd:               499998886
 Min. memory needed in ccsd:                438437
 Max. memory used in ccsd:                  541092
 Max. memory used in cckext:                449501 (13 integral passes)



 **********************************************************************************************************************************
 DATASETS  * FILE   NREC   LENGTH (MB)   RECORD NAMES
              1      21       80.95       500      610      700      900      950      970     1000      129      960     1100   
                                          VAR    BASINP    GEOM    SYMINP    ZMAT    AOBASIS   BASIS     P2S    ABASIS      S 
                                         1400     1410     1200     1210     1080     1600     1650     1300     1700     1380   
                                           T        V       H0       H01     AOSYM     SMH    MOLCAS    ERIS     OPER     JKOP   
                                        55555   
                                         CCSD   

              2       8        1.26       700     1000      520     2100      200     2101     8500     9001   
                                         GEOM     BASIS   MCVARS     RHF    OPTIONS    RHF     CPHF    DEN_MP2    

 PROGRAMS   *        TOTAL      CCSD    HF-SCF      CCSD    HF-SCF      CCSD    HF-SCF      CCSD    HF-SCF      CCSD    HF-SCF
 CPU TIMES  *      2523.94    421.96      0.29     60.00      1.60     54.68      1.89     54.99      1.92     52.65      1.29
 REAL TIME  *       328.01 SEC
 DISK USED  *       201.58 MB
 **********************************************************************************************************************************
